datetime,price,predicted_price,abs_error,error,ape_pct
2026-03-01 08:00:00,80.15,93.73095104552397,13.58095104552396,13.58095104552396,16.944417811702785
2026-03-01 08:15:00,79.49,82.41401909247827,2.924019092478275,2.924019092478275,3.678474091953119
2026-03-01 08:30:00,73.77,78.34399731681441,4.573997316814413,4.573997316814413,6.200348725512981
2026-03-01 08:45:00,69.99,70.2689622452314,0.278962245231412,0.278962245231412,0.39857442669762505
2026-03-01 09:00:00,84.52,73.4827994629113,11.037200537088694,-11.037200537088694,13.058684816022062
2026-03-01 09:15:00,86.3,81.02494611865774,5.275053881342259,-5.275053881342259,6.112460973600984
2026-03-01 09:30:00,76.65,82.63919311309165,5.989193113091645,5.989193113091645,7.81368954331996
2026-03-01 09:45:00,69.99,72.4369313697745,2.4469313697745037,2.4469313697745037,3.496115637681594
2026-03-01 10:00:00,110.06,75.72613564355491,34.33386435644509,-34.33386435644509,31.195587901589327
2026-03-01 10:15:00,88.01,100.69236054314838,12.682360543148377,12.682360543148377,14.410135665318736
2026-03-01 10:30:00,71.7,79.31194459138213,7.611944591382127,7.611944591382127,10.616380035172003
2026-03-01 10:45:00,51.66,66.26356900357294,14.603569003572943,14.603569003572943,28.268619281623604
2026-03-01 11:00:00,70.55,73.58997577242047,3.039975772420476,3.039975772420476,4.308966306634746
2026-03-01 11:15:00,18.94,68.25722070116439,49.31722070116439,49.31722070116439,260.3865791832027
2026-03-01 11:30:00,15.27,18.339228612860737,3.069228612860737,3.069228612860737,20.099727648090774
2026-03-01 11:45:00,15.24,14.615627169642194,0.6243728303578067,-0.6243728303578067,4.0969343135725955
2026-03-01 12:00:00,15.25,20.66381611586896,5.413816115868961,5.413816115868961,35.500431218784584
2026-03-01 12:15:00,15.22,16.38195842253653,1.1619584225365305,1.1619584225365305,7.634417517689589
2026-03-01 12:30:00,18.82,14.298512017151573,4.521487982848427,-4.521487982848427,24.024908302865803
2026-03-01 12:45:00,15.29,20.815792417619228,5.525792417619229,5.525792417619229,36.13990880457908
2026-03-01 13:00:00,15.27,18.065425386086112,2.7954253860861122,2.7954253860861122,18.30664834983385
2026-03-01 13:15:00,15.26,14.672643915009216,0.587356084990784,-0.587356084990784,3.84899113041201
2026-03-01 13:30:00,84.28,15.110326295731342,69.16967370426866,-69.16967370426866,82.07127774508291
2026-03-01 13:45:00,45.78,82.3073497143563,36.527349714356305,36.527349714356305,79.78887924086393
2026-03-01 14:00:00,18.83,45.762155480643735,26.932155480643736,26.932155480643736,143.0279025510606
2026-03-01 14:15:00,18.83,20.743107798729888,1.9131077987298895,1.9131077987298895,10.159892178072054
2026-03-01 14:30:00,18.83,24.464809206639373,5.634809206639375,5.634809206639375,29.924635726994254
2026-03-01 14:45:00,18.83,21.533684584541312,2.703684584541314,2.703684584541314,14.35838789674687
2026-03-01 15:00:00,15.23,22.48654647715562,7.25654647715562,7.25654647715562,47.64639527702999
2026-03-01 15:15:00,15.27,17.738359464988704,2.468359464988705,2.468359464988705,16.16476295573723
2026-03-01 15:30:00,22.38,18.850313921672107,3.5296860783278916,-3.5296860783278916,15.771608224360184
2026-03-01 15:45:00,25.08,34.738656793243656,9.658656793243658,9.658656793243658,38.51138918712028
2026-03-01 16:00:00,18.8,28.646734907546147,9.846734907546146,9.846734907546146,52.376246722253605
2026-03-01 16:15:00,19.38,25.789177522216157,6.409177522216158,6.409177522216158,33.07108973944923
2026-03-01 16:30:00,36.34,25.446137746459733,10.89386225354027,-10.89386225354027,29.97760581663239
2026-03-01 16:45:00,74.07,45.887283874311485,28.182716125688508,-28.182716125688508,38.04875893776282
2026-03-01 17:00:00,40.43,65.88829103095082,25.458291030950825,25.458291030950825,62.96881128187661
2026-03-01 17:15:00,62.69,50.064766117305325,12.625233882694673,-12.625233882694673,20.1391508714359
2026-03-01 17:30:00,76.33,73.55694345183467,2.7730565481653286,-2.7730565481653286,3.632983770254803
2026-03-01 17:45:00,120.55,85.9708444632884,34.579155536711596,-34.579155536711596,28.684492119341915
2026-03-01 18:00:00,86.56,92.5999423768263,6.039942376826303,6.039942376826303,6.977752203152473
2026-03-01 18:15:00,92.79,87.89603869683754,4.89396130316247,-4.89396130316247,5.274233484664442
2026-03-01 18:30:00,93.45,96.62860551810708,3.1786055181070765,3.1786055181070765,3.4013969867234954
2026-03-01 18:45:00,94.04,98.73580484156636,4.695804841566357,4.695804841566357,4.9934121561380636
2026-03-01 19:00:00,94.47,90.56461689105862,3.905383108941379,-3.905383108941379,4.133992873506352
2026-03-01 19:15:00,94.73,91.08928797694158,3.640712023058427,-3.640712023058427,3.8432513297011646
2026-03-01 19:30:00,95.2,91.37546168274841,3.8245383172515943,-3.8245383172515943,4.017372139787682
2026-03-01 19:45:00,95.28,91.60034311530413,3.6796568846958735,-3.6796568846958735,3.8619404345890738
2026-03-01 20:00:00,95.87,91.92253057147876,3.947469428521245,-3.947469428521245,4.1175230910045
2026-03-01 20:15:00,87.72,92.48264804721231,4.762648047212309,4.762648047212309,5.429375276924939
2026-03-01 20:30:00,90.13,82.58282460367602,7.547175396323979,-7.547175396323979,8.37365506777702
2026-03-01 20:45:00,86.28,87.56992655512926,1.2899265551292558,1.2899265551292558,1.495046986762617
2026-03-01 21:00:00,84.18,89.09861943714655,4.918619437146546,4.918619437146546,5.84297859196574
2026-03-01 21:15:00,80.3,77.74269903883206,2.5573009611679396,-2.5573009611679396,3.184683598158286
2026-03-01 21:30:00,75.99,77.5205498736558,1.5305498736558008,1.5305498736558008,2.0141464054669522
2026-03-01 21:45:00,68.91,71.36673267636651,2.4567326763665136,2.4567326763665136,3.565132260506735
2026-03-01 22:00:00,81.37,74.69380231867008,6.676197681329924,-6.676197681329924,8.204740812685898
2026-03-01 22:15:00,77.26,73.88109428044987,3.378905719550133,-3.378905719550133,4.373421791115603
2026-03-01 22:30:00,73.36,69.84060746535735,3.5193925346426482,-3.5193925346426482,4.797427053800951
2026-03-01 22:45:00,66.5,67.20573259987987,0.705732599879866,0.705732599879866,1.0612520139358586
2026-03-01 23:00:00,72.93,68.08884877539109,4.841151224608922,-4.841151224608922,6.6380791968025905
2026-03-01 23:15:00,66.17,66.84031935935636,0.6703193593563554,0.6703193593563554,1.0130260680460854
2026-03-01 23:30:00,60.36,59.51882699409722,0.8411730059027818,-0.8411730059027818,1.3935934260550822
2026-03-01 23:45:00,55.91,55.16153294906385,0.7484670509361493,-0.7484670509361493,1.3386997630998958
2026-03-02 00:00:00,67.62,58.84279696089129,8.777203039108713,-8.777203039108713,12.980187680134334
2026-03-02 00:15:00,62.11,59.97512600832656,2.1348739916734374,-2.1348739916734374,3.4372467514103526
2026-03-02 00:30:00,60.04,55.31828226983749,4.72171773016251,-4.72171773016251,7.864286561491747
2026-03-02 00:45:00,54.07,55.784243734993545,1.7142437349935449,1.7142437349935449,3.170415578489715
2026-03-02 01:00:00,56.76,59.01749009679788,2.2574900967978806,2.2574900967978806,3.9772552096993103
2026-03-02 01:15:00,52.92,53.405997850120265,0.4859978501202633,0.4859978501202633,0.9183632670760217
2026-03-02 01:30:00,51.22,50.28613016696316,0.9338698330368373,-0.9338698330368373,1.8232522741200992
2026-03-02 01:45:00,51.25,48.313056686318006,2.9369433136819936,-2.9369433136819936,5.73062098805031
2026-03-02 02:00:00,52.12,50.92889995709187,1.1911000429081255,-1.1911000429081255,2.2853031850634955
2026-03-02 02:15:00,53.35,50.68736598497584,2.6626340150241603,-2.6626340150241603,4.990879034892915
2026-03-02 02:30:00,54.57,51.90982847906701,2.660171520932991,-2.660171520932991,4.874787378019273
2026-03-02 02:45:00,54.52,53.82863975785988,0.6913602421401208,-0.6913602421401208,1.2680855272547058
2026-03-02 03:00:00,50.92,54.0600860022658,3.1400860022657966,3.1400860022657966,6.166704518065106
2026-03-02 03:15:00,54.6,49.32857297222017,5.271427027779829,-5.271427027779829,9.654628079182324
2026-03-02 03:30:00,55.57,55.35801810027627,0.21198189972373171,-0.21198189972373171,0.3814682308962559
2026-03-02 03:45:00,58.09,56.07091479179608,2.0190852082039257,-2.0190852082039257,3.475787869592093
2026-03-02 04:00:00,50.43,56.55095757139369,6.120957571393689,6.120957571393689,12.137532123772294
2026-03-02 04:15:00,54.96,51.145834819466764,3.8141651805332373,-3.8141651805332373,6.939892851408859
2026-03-02 04:30:00,64.5,58.68624607078615,5.813753929213853,-5.813753929213853,9.013571843531992
2026-03-02 04:45:00,68.7,70.6243530663914,1.9243530663913901,1.9243530663913901,2.8010961257357043
2026-03-02 05:00:00,54.75,66.90078710116738,12.150787101167381,12.150787101167381,22.19321804426521
2026-03-02 05:15:00,66.87,60.72507321313623,6.144926786863778,-6.144926786863778,9.189362486870275
2026-03-02 05:30:00,72.14,72.4415995577362,0.3015995577361963,0.3015995577361963,0.4180753445459424
2026-03-02 05:45:00,76.61,79.96041267090227,3.350412670902273,3.350412670902273,4.373335892401663
2026-03-02 06:00:00,73.94,74.50314850449924,0.5631485044992388,0.5631485044992388,0.7616290193169444
2026-03-02 06:15:00,78.05,81.2240376602894,3.1740376602894003,3.1740376602894003,4.066672158389083
2026-03-02 06:30:00,86.73,88.52938672867388,1.7993867286738805,1.7993867286738805,2.074699305807549
2026-03-02 06:45:00,124.97,95.58833142475191,29.381668575248085,-29.381668575248085,23.51097730666425
2026-03-02 07:00:00,84.3,109.35705777372792,25.05705777372792,25.05705777372792,29.723674349337102
2026-03-02 07:15:00,92.57,96.5073063382359,3.9373063382359135,3.9373063382359135,4.253328611540054
2026-03-02 07:30:00,92.83,100.80252796750139,7.972527967501392,7.972527967501392,8.588309686112567
2026-03-02 07:45:00,109.07,98.99518920468836,10.074810795311635,-10.074810795311635,9.237013571964335
2026-03-02 08:00:00,120.92,107.48460203577777,13.435397964222233,-13.435397964222233,11.11098069228616
2026-03-02 08:15:00,150.32,118.7750860826522,31.5449139173478,-31.5449139173478,20.985174100250173
2026-03-02 08:30:00,132.15,140.77002993861709,8.62002993861708,8.62002993861708,6.522913260225462
2026-03-02 08:45:00,121.99,126.03722572701155,4.047225727011551,4.047225727011551,3.317670049868719
2026-03-02 09:00:00,178.06,125.80875080475772,52.25124919524228,-52.25124919524228,29.34474272817862
2026-03-02 09:15:00,122.23,164.68994306740618,42.45994306740617,42.45994306740617,34.73774255095209
2026-03-02 09:30:00,108.55,119.36197143244698,10.811971432446981,10.811971432446981,9.960360509298367
2026-03-02 09:45:00,84.11,105.78182150541693,21.67182150541693,21.67182150541693,25.766045949062498
2026-03-02 10:00:00,116.98,117.72682230230458,0.7468223023045795,0.7468223023045795,0.638418786049232
2026-03-02 10:15:00,102.7,112.99020704928353,10.290207049283524,10.290207049283524,10.019675705050405
2026-03-02 10:30:00,92.78,96.90083542610024,4.120835426100243,4.120835426100243,4.441512590736276
2026-03-02 10:45:00,99.92,90.61962866381528,9.300371336184725,-9.300371336184725,9.307817497104233
2026-03-02 11:00:00,100.6,103.87821191334675,3.2782119133467518,3.2782119133467518,3.2586599212327565
2026-03-02 11:15:00,99.0,101.52820050566473,2.528200505664728,2.528200505664728,2.553737858714494
2026-03-02 11:30:00,97.75,96.28129471201399,1.4687052879860119,-1.4687052879860119,1.502511788195288
2026-03-02 11:45:00,93.43,96.10802025038588,2.6780202503858703,2.6780202503858703,2.866338672506137
2026-03-02 12:00:00,100.15,96.58042899321835,3.5695710067816577,-3.5695710067816577,3.564224634188129
2026-03-02 12:15:00,101.52,96.60507487666686,4.914925123333134,-4.914925123333134,4.841336756225145
2026-03-02 12:30:00,97.16,98.29106930131793,1.131069301317936,1.131069301317936,1.164130598679117
2026-03-02 12:45:00,97.32,96.12580000241087,1.1941999975891235,-1.1941999975891235,1.2270858870923396
2026-03-02 13:00:00,97.22,96.43141131520362,0.7885886847963803,-0.7885886847963803,0.8111383220376436
2026-03-02 13:15:00,98.55,94.62020660434962,3.9297933956503783,-3.9297933956503783,3.9876137552250035
2026-03-02 13:30:00,96.61,99.17768178127986,2.567681781279859,2.567681781279859,2.657780514131098
2026-03-02 13:45:00,95.98,98.97399528343495,2.9939952834349413,2.9939952834349413,3.1193949283611087
2026-03-02 14:00:00,88.81,95.43975026750454,6.629750267504534,6.629750267504534,7.465094238096601
2026-03-02 14:15:00,88.8,87.03573115306503,1.7642688469349679,-1.7642688469349679,1.9867892196701302
2026-03-02 14:30:00,89.31,87.36984334991784,1.9401566500821588,-1.9401566500821588,2.1723845351677453
2026-03-02 14:45:00,100.06,92.6067976748214,7.453202325178609,-7.453202325178609,7.448733010884748
2026-03-02 15:00:00,88.69,96.24985456575237,7.559854565752374,7.559854565752374,8.523908535926585
2026-03-02 15:15:00,86.66,93.49154939048296,6.831549390482962,6.831549390482962,7.883163295235783
2026-03-02 15:30:00,129.96,91.73541050655713,38.22458949344288,-38.22458949344288,29.412580177990975
2026-03-02 15:45:00,149.96,133.96034270990802,15.999657290091989,-15.999657290091989,10.669283264469962
2026-03-02 16:00:00,81.32,114.94842313224535,33.62842313224536,33.62842313224536,41.353200588678504
2026-03-02 16:15:00,83.27,99.70186202069584,16.431862020695846,16.431862020695846,19.73323144393363
2026-03-02 16:30:00,90.88,101.83157935409854,10.951579354098541,10.951579354098541,12.050593346822854
2026-03-02 16:45:00,114.26,112.33074259645625,1.9292574035437582,-1.9292574035437582,1.688480121353892
2026-03-02 17:00:00,90.89,111.3577695387861,20.4677695387861,20.4677695387861,22.519275292764164
2026-03-02 17:15:00,118.29,104.01829647587316,14.271703524126849,-14.271703524126849,12.065012599101127
2026-03-02 17:30:00,147.03,129.30152735921746,17.72847264078254,-17.72847264078254,12.057724627766643
2026-03-02 17:45:00,186.69,152.06431117992977,34.62568882007022,-34.62568882007022,18.54715765954183
2026-03-02 18:00:00,160.14,141.8078145243521,18.33218547564789,-18.33218547564789,11.447599201431185
2026-03-02 18:15:00,184.81,159.93236431312818,24.877635686871827,-24.877635686871827,13.461195580466356
2026-03-02 18:30:00,170.09,181.76131050696847,11.671310506968467,11.671310506968467,6.86184398750663
2026-03-02 18:45:00,286.67,167.882184632197,118.787815367803,-118.787815367803,41.437128040405945
2026-03-02 19:00:00,232.34,219.07793491845618,13.262065081543824,-13.262065081543824,5.7080421040128275
2026-03-02 19:15:00,217.9,213.57930104136688,4.32069895863313,-4.32069895863313,1.9828815689785748
2026-03-02 19:30:00,163.31,212.1220008786865,48.81200087868649,48.81200087868649,29.88916819533085
2026-03-02 19:45:00,143.37,166.10346397129774,22.733463971297738,22.733463971297738,15.856499834507037
2026-03-02 20:00:00,216.69,174.8926607172182,41.79733928278179,-41.79733928278179,19.28900230277898
2026-03-02 20:15:00,138.55,202.22758663522148,63.67758663522147,63.67758663522147,45.96000445732329
2026-03-02 20:30:00,123.5,140.86717212783162,17.367172127831623,17.367172127831623,14.062487439033806
2026-03-02 20:45:00,109.84,118.04036424195657,8.200364241956564,8.200364241956564,7.465735767752372
2026-03-02 21:00:00,123.5,139.7264661157664,16.226466115766414,16.226466115766414,13.138838853747389
2026-03-02 21:15:00,114.51,120.40373847549624,5.893738475496235,5.893738475496235,5.146920289954617
2026-03-02 21:30:00,188.88,109.24259029277869,79.63740970722131,-79.63740970722131,42.16296552604387
2026-03-02 21:45:00,157.6,153.91764066048967,3.6823593395103273,-3.6823593395103273,2.3365224087215126
2026-03-02 22:00:00,179.88,143.01638654557695,36.863613454423046,-36.863613454423046,20.493447436896027
2026-03-02 22:15:00,150.91,147.8653578705791,3.0446421294209074,-3.0446421294209074,2.0175217740677818
2026-03-02 22:30:00,137.03,136.44237452165947,0.5876254783405273,-0.5876254783405273,0.42882979935213406
2026-03-02 22:45:00,104.42,124.24900041098655,19.829000410986552,19.829000410986552,18.989657365533404
2026-03-02 23:00:00,117.84,142.5442636869969,24.70426368699691,24.70426368699691,20.96424259789077
2026-03-02 23:15:00,114.77,122.39417459542074,7.62417459542074,7.62417459542074,6.643002987706466
2026-03-02 23:30:00,103.16,111.1372934805861,7.977293480586098,7.977293480586098,7.732932729019748
2026-03-02 23:45:00,88.84,97.76767598813461,8.92767598813461,8.92767598813461,10.049162412925467
2026-03-03 00:00:00,99.4,107.34748179591787,7.9474817959178665,7.9474817959178665,7.995454442619036
2026-03-03 00:15:00,91.41,95.34089684049668,3.930896840496686,3.930896840496686,4.300291869044708
2026-03-03 00:30:00,90.75,90.73699924371958,0.013000756280419523,-0.013000756280419523,0.014325902079515706
2026-03-03 00:45:00,89.93,90.80283484978582,0.8728348497858178,0.8728348497858178,0.9705713778273145
2026-03-03 01:00:00,186.77,94.80281685965194,91.96718314034807,-91.96718314034807,49.24087521975655
2026-03-03 01:15:00,149.93,147.5582874736712,2.371712526328821,-2.371712526328821,1.581879884286015
2026-03-03 01:30:00,100.0,125.2430685550029,25.243068555002907,25.243068555002907,25.243068302572226
2026-03-03 01:45:00,89.53,101.37603051047974,11.846030510479736,11.846030510479736,13.231353041624267
2026-03-03 02:00:00,99.98,110.14154187745055,10.161541877450546,10.161541877450546,10.163574490712943
2026-03-03 02:15:00,92.94,101.57056400323373,8.63056400323373,8.63056400323373,9.286167323404408
2026-03-03 02:30:00,110.01,92.5755595395496,17.434440460450404,-17.434440460450404,15.848050451749748
2026-03-03 02:45:00,125.69,106.24125236887531,19.44874763112469,-19.44874763112469,15.473583798543123
2026-03-03 03:00:00,91.91,110.80439891766835,18.894398917668354,18.894398917668354,20.55750050276722
2026-03-03 03:15:00,92.47,100.26227485806734,7.792274858067344,7.792274858067344,8.426813857250142
2026-03-03 03:30:00,94.2,95.59716443584051,1.3971644358405086,1.3971644358405086,1.483189406590886
2026-03-03 03:45:00,178.9,99.45671482612586,79.44328517387414,-79.44328517387414,44.40653143086016
2026-03-03 04:00:00,97.2,131.73450112356915,34.53450112356914,34.53450112356914,35.52932177806165
2026-03-03 04:15:00,94.7,108.8787985598701,14.178798559870103,14.178798559870103,14.972332006490795
2026-03-03 04:30:00,109.0,98.87000705565431,10.129992944345688,-10.129992944345688,9.293571423311903
2026-03-03 04:45:00,98.78,130.09785996552813,31.31785996552813,31.31785996552813,31.70465645726014
2026-03-03 05:00:00,126.22,103.49019593755793,22.72980406244207,-22.72980406244207,18.008084204057383
2026-03-03 05:15:00,191.56,124.47505455863735,67.08494544136265,-67.08494544136265,35.02033049235715
2026-03-03 05:30:00,99.58,199.85547419977127,100.27547419977127,100.27547419977127,100.69840650008757
2026-03-03 05:45:00,102.63,108.88850693248808,6.258506932488089,6.258506932488089,6.098126153665427
2026-03-03 06:00:00,96.46,112.31506948895445,15.855069488954456,15.855069488954456,16.43693689050911
2026-03-03 06:15:00,284.93,123.36906744375528,161.56093255624472,-161.56093255624472,56.701973112422344
2026-03-03 06:30:00,299.91,267.4135372133736,32.49646278662641,-32.49646278662641,10.83540484754505
2026-03-03 06:45:00,483.0,267.65093954909526,215.34906045090474,-215.34906045090474,44.58572670911956
2026-03-03 07:00:00,250.01,290.37274510757624,40.362745107576245,40.362745107576245,16.144452200364675
2026-03-03 07:15:00,325.03,271.623507738674,53.40649226132598,-53.40649226132598,16.431250068305538
2026-03-03 07:30:00,387.01,320.29922170428097,66.71077829571902,-66.71077829571902,17.2374817506897
2026-03-03 07:45:00,307.65,368.40260265924775,60.75260265924777,60.75260265924777,19.747311055346874
2026-03-03 08:00:00,390.0,296.8925664839679,93.10743351603207,-93.10743351603207,23.87370084033207
2026-03-03 08:15:00,390.0,338.9795487272697,51.02045127273033,-51.02045127273033,13.082166959463759
2026-03-03 08:30:00,325.06,356.9569771283523,31.89697712835232,31.89697712835232,9.812642905994553
2026-03-03 08:45:00,250.08,283.0550324269975,32.9750324269975,32.9750324269975,13.185793464147299
2026-03-03 09:00:00,194.15,268.44699832917973,74.29699832917973,74.29699832917973,38.26783309116734
2026-03-03 09:15:00,250.0,181.15005932792903,68.84994067207097,-68.84994067207097,27.539976158668484
2026-03-03 09:30:00,400.01,216.26126810996604,183.74873189003395,-183.74873189003395,45.936034456806986
2026-03-03 09:45:00,250.01,316.42527723126665,66.41527723126666,66.41527723126666,26.5650481843191
2026-03-03 10:00:00,483.04,223.35773847277258,259.6822615272274,-259.6822615272274,53.75999109589837
2026-03-03 10:15:00,337.11,434.93515432040044,97.82515432040043,97.82515432040043,29.01876361728005
2026-03-03 10:30:00,328.8,279.525982421702,49.274017578298015,-49.274017578298015,14.986015032979886
2026-03-03 10:45:00,184.02,260.7756299177641,76.75562991776408,76.75562991776408,41.71048228489254
2026-03-03 11:00:00,178.91,188.88906496390194,9.979064963901948,9.979064963901948,5.577701027402011
2026-03-03 11:15:00,88.87,166.75892042777133,77.88892042777132,77.88892042777132,87.64365877274078
2026-03-03 11:30:00,81.44,100.03320873132229,18.593208731322292,18.593208731322292,22.830560539067644
2026-03-03 11:45:00,52.54,92.83157345876245,40.29157345876245,40.29157345876245,76.68742423275259
2026-03-03 12:00:00,84.97,93.02531828116474,8.055318281164745,8.055318281164745,9.480190874853285
2026-03-03 12:15:00,67.89,75.5209029644742,7.630902964474203,7.630902964474203,11.240098471163968
2026-03-03 12:30:00,45.0,64.91810157935772,19.918101579357725,19.918101579357725,44.26244697051835
2026-03-03 12:45:00,31.03,51.15147333755144,20.121473337551436,20.121473337551436,64.84522297486048
2026-03-03 13:00:00,106.94,51.82540438000253,55.114595619997466,-55.114595619997466,51.53786712606957
2026-03-03 13:15:00,149.43,104.48601530046115,44.94398469953886,-44.94398469953886,30.076948670795268
2026-03-03 13:30:00,159.19,139.41496941427687,19.77503058572313,-19.77503058572313,12.42228184025398
2026-03-03 13:45:00,163.61,149.3029267194077,14.307073280592306,-14.307073280592306,8.744620251296437
2026-03-03 14:00:00,82.04,135.42737000607013,53.38737000607013,53.38737000607013,65.07480418737455
2026-03-03 14:15:00,73.47,111.95937310675943,38.48937310675943,38.48937310675943,52.38787611661995
2026-03-03 14:30:00,87.19,94.50998372455453,7.3199837245545325,7.3199837245545325,8.395439431815733
2026-03-03 14:45:00,129.98,108.72554473936614,21.254455260633847,-21.254455260633847,16.352096551094693
2026-03-03 15:00:00,48.14,113.04571982731622,64.90571982731622,64.90571982731622,134.82700141056546
2026-03-03 15:15:00,99.97,66.18554863469947,33.78445136530053,-33.78445136530053,33.79458940417589
2026-03-03 15:30:00,171.63,111.83277116794918,59.79722883205082,-59.79722883205082,34.840778700485366
2026-03-03 15:45:00,250.0,189.40626311591774,60.59373688408226,-60.59373688408226,24.237494656682927
2026-03-03 16:00:00,250.07,166.92655100299777,83.14344899700222,-83.14344899700222,33.24807000620687
2026-03-03 16:15:00,307.17,232.37798116706955,74.79201883293047,-74.79201883293047,24.348738024365364
2026-03-03 16:30:00,325.08,295.48891817435344,29.59108182564654,-29.59108182564654,9.102707559560558
2026-03-03 16:45:00,370.57,305.35001142305896,65.21998857694103,-65.21998857694103,17.599910516485938
2026-03-03 17:00:00,354.62,274.7953087200156,79.82469127998439,-79.82469127998439,22.509923595647496
2026-03-03 17:15:00,361.06,327.57423595931186,33.48576404068814,-33.48576404068814,9.274293454812275
2026-03-03 17:30:00,328.81,331.83747698509865,3.0274769850986445,3.0274769850986445,0.9207375006512178
2026-03-03 17:45:00,300.0,306.43857574219754,6.438575742197543,6.438575742197543,2.1461919069118744
2026-03-03 18:00:00,328.8,279.43748531659173,49.36251468340828,-49.36251468340828,15.01293021085127
2026-03-03 18:15:00,289.99,289.20383616243987,0.7861638375601387,-0.7861638375601387,0.2711003258212819
2026-03-03 18:30:00,177.88,256.5247661628464,78.6447661628464,78.6447661628464,44.21225866917237
2026-03-03 18:45:00,229.43,163.18453133364252,66.24546866635748,-66.24546866635748,28.87393469799858
2026-03-03 19:00:00,180.9,222.7784208911265,41.878420891126495,41.878420891126495,23.150039060047597
2026-03-03 19:15:00,189.71,176.04562531155744,13.664374688442564,-13.664374688442564,7.202769815199445
2026-03-03 19:30:00,129.93,169.45685926612734,39.52685926612733,39.52685926612733,30.421657016786547
2026-03-03 19:45:00,105.17,122.28962632719713,17.119626327197125,17.119626327197125,16.27805093126996
2026-03-03 20:00:00,107.06,132.08163166917228,25.02163166917228,25.02163166917228,23.371596707879984
2026-03-03 20:15:00,102.27,111.15478362917813,8.88478362917813,8.88478362917813,8.687575576711035
2026-03-03 20:30:00,99.98,99.51449917426461,0.46550082573538987,-0.46550082573538987,0.465593939867424
2026-03-03 20:45:00,98.95,94.92032153111033,4.029678468889671,-4.029678468889671,4.072439038064962
2026-03-03 21:00:00,126.76,103.73783502532616,23.022164974673842,-23.022164974673842,18.162010723456717
2026-03-03 21:15:00,115.99,106.87941420616707,9.110585793832925,-9.110585793832925,7.854630326137273
2026-03-03 21:30:00,107.5,105.5009454545065,1.9990545454934932,-1.9990545454934932,1.8595856064164067
2026-03-03 21:45:00,99.53,101.29049695950478,1.7604969595047777,1.7604969595047777,1.7688103504638544
2026-03-03 22:00:00,105.38,105.18911562685857,0.19088437314142936,-0.19088437314142936,0.18113908837543985
2026-03-03 22:15:00,99.67,102.07300590314613,2.4030059031461235,2.4030059031461235,2.4109620538140897
2026-03-03 22:30:00,95.65,91.49271511450353,4.15728488549648,-4.15728488549648,4.346351115559822
2026-03-03 22:45:00,91.67,88.00389078992092,3.6661092100790853,-3.6661092100790853,3.99924639477105
2026-03-03 23:00:00,97.57,94.58954786037219,2.9804521396278005,-2.9804521396278005,3.054680853829038
2026-03-03 23:15:00,95.83,89.53729693470068,6.292703065299321,-6.292703065299321,6.566527183172336
2026-03-03 23:30:00,93.81,89.8093159881553,4.000684011844697,-4.000684011844697,4.264666847029132
2026-03-03 23:45:00,87.27,86.64940499890457,0.620595001095424,-0.620595001095424,0.7111206531273261
2026-03-04 00:00:00,81.53,87.66006878303925,6.130068783039249,6.130068783039249,7.518789044341173
2026-03-04 00:15:00,75.92,78.78347936512039,2.8634793651203836,2.8634793651203836,3.7717061741350393
2026-03-04 00:30:00,70.49,73.68436191995664,3.1943619199566484,3.1943619199566484,4.53165253885675
2026-03-04 00:45:00,45.93,68.23931153261174,22.309311532611737,22.309311532611737,48.57241682318217
2026-03-04 01:00:00,69.41,63.823721223855,5.586278776144994,-5.586278776144994,8.048233245443972
2026-03-04 01:15:00,70.5,67.13585470254377,3.3641452974562327,-3.3641452974562327,4.771837233670724
2026-03-04 01:30:00,75.26,69.27667509479491,5.9833249052050945,-5.9833249052050945,7.950205721104221
2026-03-04 01:45:00,76.13,74.70952070069801,1.420479299301988,-1.420479299301988,1.8658600822847593
2026-03-04 02:00:00,77.16,71.65696332141775,5.503036678582248,-5.503036678582248,7.131981087691081
2026-03-04 02:15:00,82.63,72.09658282045238,10.533417179547612,-10.533417179547612,12.747690974308004
2026-03-04 02:30:00,88.69,81.22157483415545,7.46842516584455,-7.46842516584455,8.42081980114596
2026-03-04 02:45:00,88.99,86.26352672577706,2.72647327422294,-2.72647327422294,3.063797329570701
2026-03-04 03:00:00,77.15,86.49068578274718,9.340685782747173,9.340685782747173,12.10717519335764
2026-03-04 03:15:00,84.69,79.06505634388907,5.624943656110929,-5.624943656110929,6.64180374270031
2026-03-04 03:30:00,87.05,85.25775744071626,1.7922425592837357,-1.7922425592837357,2.0588656389374833
2026-03-04 03:45:00,88.76,88.77442547751654,0.014425477516539331,0.014425477516539331,0.016252227753511775
2026-03-04 04:00:00,63.21,84.86717304114863,21.65717304114863,21.65717304114863,34.2622570772442
2026-03-04 04:15:00,72.84,71.29829284806524,1.5417071519347587,-1.5417071519347587,2.1165666265363705
2026-03-04 04:30:00,90.45,78.31044458454895,12.139555415451056,-12.139555415451056,13.421288315354532
2026-03-04 04:45:00,90.42,98.59709709837432,8.177097098374318,8.177097098374318,9.04346052636553
2026-03-04 05:00:00,102.05,87.94204294486937,14.107957055130626,-14.107957055130626,13.824553568726202
2026-03-04 05:15:00,105.6,104.3628205314912,1.2371794685087991,-1.2371794685087991,1.1715714552964818
2026-03-04 05:30:00,108.33,109.97200869173648,1.6420086917364785,1.6420086917364785,1.5157469552100147
2026-03-04 05:45:00,118.43,112.16880845538077,6.261191544619237,-6.261191544619237,5.286828921515619
2026-03-04 06:00:00,103.54,103.34708595291764,0.19291404708236826,-0.19291404708236826,0.18631837475293075
2026-03-04 06:15:00,111.25,117.89492833473668,6.644928334736676,6.644928334736676,5.972969235961333
2026-03-04 06:30:00,108.01,122.92230302819218,14.91230302819217,14.91230302819217,13.806409489980625
2026-03-04 06:45:00,136.78,121.30812841769662,15.471871582303379,-15.471871582303379,11.311501293455452
2026-03-04 07:00:00,126.19,118.96593875959164,7.224061240408361,-7.224061240408361,5.7247493328796795
2026-03-04 07:15:00,138.9,129.1741687942415,9.72583120575851,-9.72583120575851,7.002038254671078
2026-03-04 07:30:00,144.12,141.59996115754015,2.5200388424598543,-2.5200388424598543,1.748569820270716
2026-03-04 07:45:00,155.88,145.60540624944286,10.27459375055713,-10.27459375055713,6.591348270877373
2026-03-04 08:00:00,148.58,139.35098723356134,9.229012766438672,-9.229012766438672,6.211477119614955
2026-03-04 08:15:00,156.14,148.7859639500072,7.3540360499928,-7.3540360499928,4.709898810614713
2026-03-04 08:30:00,156.59,151.82411908093306,4.765880919066944,-4.765880919066944,3.043541023457139
2026-03-04 08:45:00,156.87,147.0859498722234,9.784050127776595,-9.784050127776595,6.237043453436706
2026-03-04 09:00:00,163.3,145.93350133033093,17.366498669669085,-17.366498669669085,10.634720491930114
2026-03-04 09:15:00,138.32,145.97112159550935,7.651121595509352,7.651121595509352,5.531464387069628
2026-03-04 09:30:00,106.06,134.12047704143157,28.060477041431568,28.060477041431568,26.457172144880115
2026-03-04 09:45:00,86.91,103.87038415856644,16.96038415856644,16.96038415856644,19.514882019810862
2026-03-04 10:00:00,103.73,116.94056306851235,13.210563068512343,13.210563068512343,12.735527755863362
2026-03-04 10:15:00,88.32,100.84825841236577,12.528258412365773,12.528258412365773,14.185075034550525
2026-03-04 10:30:00,81.18,80.79949867780917,0.3805013221908382,-0.3805013221908382,0.4687131282381214
2026-03-04 10:45:00,62.76,73.53286560281379,10.772865602813788,10.772865602813788,17.165177551246035
2026-03-04 11:00:00,83.4,78.71935281021689,4.680647189783116,-4.680647189783116,5.612286731007492
2026-03-04 11:15:00,69.39,72.90192033494779,3.5119203349477885,3.5119203349477885,5.0611331378245525
2026-03-04 11:30:00,102.37,58.3357848025361,44.03421519746391,-44.03421519746391,43.014764840594175
2026-03-04 11:45:00,80.35,92.56490910271906,12.214909102719062,12.214909102719062,15.202126883257991
2026-03-04 12:00:00,45.37,79.64332612820905,34.27332612820906,34.27332612820906,75.54182361205825
2026-03-04 12:15:00,22.99,41.32771061120523,18.337710611205228,18.337710611205228,79.76385303856763
2026-03-04 12:30:00,15.25,25.300269029744126,10.050269029744126,10.050269029744126,65.90339915219761
2026-03-04 12:45:00,15.21,15.330972250097307,0.1209722500973065,0.1209722500973065,0.7953467596570605
2026-03-04 13:00:00,40.02,20.100959370105418,19.919040629894585,-19.919040629894585,49.7727139734319
2026-03-04 13:15:00,36.76,35.454196774380335,1.3058032256196626,-1.3058032256196626,3.552239363703126
2026-03-04 13:30:00,32.02,33.6110185875282,1.5910185875281968,1.5910185875281968,4.968827413616248
2026-03-04 13:45:00,22.45,34.096160360690476,11.646160360690477,11.646160360690477,51.875990387218586
2026-03-04 14:00:00,29.17,26.65400779240461,2.515992207595392,-2.515992207595392,8.625272956265555
2026-03-04 14:15:00,24.7,31.313906771829387,6.613906771829388,6.613906771829388,26.77694940914937
2026-03-04 14:30:00,23.87,27.26160890260958,3.3916089026095797,3.3916089026095797,14.208666780573573
2026-03-04 14:45:00,37.44,29.24034979841431,8.199650201585687,-8.199650201585687,21.9007745261163
2026-03-04 15:00:00,25.42,35.733441918071165,10.313441918071163,10.313441918071163,40.57215386447531
2026-03-04 15:15:00,56.74,33.785766041805346,22.954233958194656,-22.954233958194656,40.45511729581157
2026-03-04 15:30:00,18.8,69.65555184498868,50.85555184498868,50.85555184498868,270.50824010588445
2026-03-04 15:45:00,88.59,33.62680045514187,54.963199544858135,-54.963199544858135,62.042215740417625
2026-03-04 16:00:00,32.43,75.7524391944612,43.322439194461204,43.322439194461204,133.58753579582438
2026-03-04 16:15:00,90.75,49.26291127672753,41.48708872327247,-41.48708872327247,45.7157997422749
2026-03-04 16:30:00,99.22,103.86790718669081,4.647907186690816,4.647907186690816,4.684445817220679
2026-03-04 16:45:00,118.63,109.53575724578093,9.094242754219067,-9.094242754219067,7.666056374912336
2026-03-04 17:00:00,95.26,100.28028264885315,5.02028264885314,5.02028264885314,5.270084606500413
2026-03-04 17:15:00,116.66,106.10417093708082,10.555829062919173,-10.555829062919173,9.048370454684955
2026-03-04 17:30:00,137.19,129.2473327351359,7.942667264864099,-7.942667264864099,5.789538018054318
2026-03-04 17:45:00,157.3,144.20671792820497,13.093282071795045,-13.093282071795045,8.323764773399489
2026-03-04 18:00:00,119.91,128.21541136324484,8.305411363244843,8.305411363244843,6.926370856459958
2026-03-04 18:15:00,145.83,126.93657762420298,18.89342237579703,-18.89342237579703,12.955785672522232
2026-03-04 18:30:00,145.65,154.62310627572663,8.973106275726622,8.973106275726622,6.160732038530244
2026-03-04 18:45:00,145.58,151.58579181384792,6.005791813847907,6.005791813847907,4.125423665746442
2026-03-04 19:00:00,145.48,133.80887151314397,11.67112848685602,-11.67112848685602,8.02249684261139
2026-03-04 19:15:00,145.32,143.81125013096,1.5087498690400025,-1.5087498690400025,1.0382258867724634
2026-03-04 19:30:00,144.25,145.40787828447785,1.157878284477846,1.157878284477846,0.8026885798620175
2026-03-04 19:45:00,142.35,134.10099572056163,8.249004279438367,-8.249004279438367,5.794874760442304
2026-03-04 20:00:00,141.88,144.28601559045416,2.4060155904541602,2.4060155904541602,1.6958102435128686
2026-03-04 20:15:00,139.64,139.12024616323265,0.519753836767336,-0.519753836767336,0.37220984892956
2026-03-04 20:30:00,138.2,135.00285427537852,3.197145724621464,-3.197145724621464,2.313419465620311
2026-03-04 20:45:00,137.49,133.68733862062209,3.8026613793779234,-3.8026613793779234,2.7657730392902704
2026-03-04 21:00:00,140.66,138.74880372659175,1.911196273408251,-1.911196273408251,1.3587347218974148
2026-03-04 21:15:00,143.3,135.4057415767628,7.894258423237204,-7.894258423237204,5.5089032576051435
2026-03-04 21:30:00,140.68,139.97961862811837,0.7003813718816332,-0.7003813718816332,0.49785425568886166
2026-03-04 21:45:00,74.2,126.61533592503888,52.415335925038875,52.415335925038875,70.64061350220045
2026-03-04 22:00:00,149.91,107.98243326600087,41.92756673399913,-41.92756673399913,27.968492064781675
2026-03-04 22:15:00,148.83,133.22413510397453,15.60586489602548,-15.60586489602548,10.485698307578106
2026-03-04 22:30:00,141.53,130.33299581518924,11.197004184810766,-11.197004184810766,7.911399777924657
2026-03-04 22:45:00,128.3,109.26626534375264,19.033734656247375,-19.033734656247375,14.835334768428703
2026-03-04 23:00:00,143.62,139.4249908869922,4.1950091130078135,-4.1950091130078135,2.9209087061681704
2026-03-04 23:15:00,140.4,136.0443554656803,4.355644534319708,-4.355644534319708,3.1023108997839026
2026-03-04 23:30:00,131.79,128.42645358712133,3.3635464128786623,-3.3635464128786623,2.5522015231479225
2026-03-04 23:45:00,96.29,117.53529967757765,21.24529967757765,21.24529967757765,22.063868996717165
2026-03-05 00:00:00,87.24,120.91740801446218,33.67740801446219,33.67740801446219,38.60317243057138
2026-03-05 00:15:00,52.29,94.99681231550642,42.70681231550642,42.70681231550642,81.67299961517772
2026-03-05 00:30:00,25.1,66.79374983261701,41.69374983261701,41.69374983261701,166.11055048410955
2026-03-05 00:45:00,24.93,36.797647769352324,11.867647769352324,11.867647769352324,47.6038800373587
2026-03-05 01:00:00,130.13,45.90474511539928,84.22525488460072,-84.22525488460072,64.7239331724901
2026-03-05 01:15:00,112.49,111.92526894968242,0.564731050317576,-0.564731050317576,0.5020277760665821
2026-03-05 01:30:00,107.59,106.86502602032951,0.7249739796704944,-0.7249739796704944,0.6738302564663926
2026-03-05 01:45:00,106.38,104.90105850227708,1.4789414977229143,-1.4789414977229143,1.390243921621052
2026-03-05 02:00:00,109.36,112.19568393363957,2.8356839336395723,2.8356839336395723,2.5929808958575014
2026-03-05 02:15:00,107.32,108.77871313346763,1.45871313346764,1.45871313346764,1.359218337565651
2026-03-05 02:30:00,106.57,106.17684454169809,0.393155458301905,-0.393155458301905,0.3689175702474705
2026-03-05 02:45:00,106.19,107.07713643606628,0.8871364360662852,0.8871364360662852,0.8354237006422904
2026-03-05 03:00:00,106.92,109.16812816109208,2.248128161092083,2.248128161092083,2.1026263936268417
2026-03-05 03:15:00,106.86,107.06035078633003,0.20035078633003423,0.20035078633003423,0.1874890365479542
2026-03-05 03:30:00,106.68,108.02819801926674,1.3481980192667322,1.3481980192667322,1.2637776590072698
2026-03-05 03:45:00,106.22,109.05527307415174,2.8352730741517433,2.8352730741517433,2.6692459494062173
2026-03-05 04:00:00,106.02,107.03211889008465,1.0121188900846505,1.0121188900846505,0.9546490101284291
2026-03-05 04:15:00,105.65,108.14669078745914,2.49669078745913,2.49669078745913,2.3631715701158678
2026-03-05 04:30:00,106.2,107.20334604066073,1.0033460406607304,1.0033460406607304,0.9447702742118905
2026-03-05 04:45:00,106.46,109.04174676638688,2.5817467663868854,2.5817467663868854,2.425086175217005
2026-03-05 05:00:00,107.1,108.57938019191958,1.4793801919195886,1.4793801919195886,1.3813073558417508
2026-03-05 05:15:00,107.63,110.33384453572933,2.7038445357293313,2.7038445357293313,2.5121662274530046
2026-03-05 05:30:00,107.31,111.33306832449053,4.023068324490524,4.023068324490524,3.7490152707113698
2026-03-05 05:45:00,106.07,111.86041808006215,5.790418080062153,5.790418080062153,5.459053479279362
2026-03-05 06:00:00,110.09,107.24440688847181,2.8455931115281885,-2.8455931115281885,2.5847879786359425
2026-03-05 06:15:00,108.96,114.12983026362933,5.169830263629336,5.169830263629336,4.744704677112968
2026-03-05 06:30:00,130.13,113.22303939028102,16.90696060971898,-16.90696060971898,12.992361853373827
2026-03-05 06:45:00,139.53,134.0662588894407,5.463741110559312,-5.463741110559312,3.9158181548062285
2026-03-05 07:00:00,125.21,121.5091500399254,3.700849960074592,-3.700849960074592,2.955714344315509
2026-03-05 07:15:00,147.19,133.43184316469694,13.758156835303055,-13.758156835303055,9.347208874129334
2026-03-05 07:30:00,158.03,152.34818761877435,5.6818123812256545,-5.6818123812256545,3.5954010917367865
2026-03-05 07:45:00,163.32,161.98121089763012,1.3387891023698728,-1.3387891023698728,0.8197337093880331
2026-03-05 08:00:00,191.23,142.14057749752988,49.089422502470114,-49.089422502470114,25.670356244191055
2026-03-05 08:15:00,182.98,179.88793994309898,3.092060056901005,-3.092060056901005,1.6898349765016152
2026-03-05 08:30:00,160.0,164.8290519649447,4.829051964944711,4.829051964944711,3.01815745922696
2026-03-05 08:45:00,146.5,146.15302556586204,0.34697443413796236,-0.34697443413796236,0.23684261554234554
2026-03-05 09:00:00,158.26,147.7012127955876,10.558787204412397,-10.558787204412397,6.671797761717692
2026-03-05 09:15:00,149.75,140.25178487977323,9.498215120226774,-9.498215120226774,6.342714562136647
2026-03-05 09:30:00,121.87,131.22272368181774,9.352723681817736,9.352723681817736,7.674344469577657
2026-03-05 09:45:00,100.44,108.44177282385834,8.001772823858346,8.001772823858346,7.966719179800035
2026-03-05 10:00:00,128.48,118.83597245878254,9.644027541217454,-9.644027541217454,7.506248027829214
2026-03-05 10:15:00,99.11,110.96457051495821,11.854570514958212,11.854570514958212,11.96102350453837
2026-03-05 10:30:00,87.72,89.95275715912211,2.232757159122116,2.232757159122116,2.545322769800374
2026-03-05 10:45:00,70.85,78.7559389315013,7.905938931501311,7.905938931501311,11.15869981639282
2026-03-05 11:00:00,89.29,91.83617928055702,2.5461792805570127,2.5461792805570127,2.851583886259574
2026-03-05 11:15:00,67.81,81.31452526148516,13.504525261485156,13.504525261485156,19.915241206802452
2026-03-05 11:30:00,58.73,61.55402200740134,2.8240220074013465,2.8240220074013465,4.808482818519528
2026-03-05 11:45:00,57.14,51.565945669021815,5.574054330978186,-5.574054330978186,9.75508266263101
2026-03-05 12:00:00,61.98,63.39083080811424,1.410830808114241,1.410830808114241,2.2762678046975853
2026-03-05 12:15:00,59.63,54.75847151523295,4.871528484767055,-4.871528484767055,8.169593162956772
2026-03-05 12:30:00,57.23,52.91300596866839,4.31699403133161,-4.31699403133161,7.543235987942078
2026-03-05 12:45:00,57.23,53.006690738734655,4.223309261265342,-4.223309261265342,7.379537283714782
2026-03-05 13:00:00,58.52,54.35049950736829,4.1695004926317125,-4.1695004926317125,7.124915279190977
2026-03-05 13:15:00,58.44,53.7767285352187,4.663271464781296,-4.663271464781296,7.979588269995574
2026-03-05 13:30:00,57.17,52.965199706313626,4.204800293686375,-4.204800293686375,7.354906804508146
2026-03-05 13:45:00,57.45,54.701752663802864,2.7482473361971387,-2.7482473361971387,4.783720258241838
2026-03-05 14:00:00,57.12,53.28876497837411,3.8312350216258864,-3.8312350216258864,6.707344108110023
2026-03-05 14:15:00,57.11,56.224440753618296,0.8855592463817032,-0.8855592463817032,1.5506202606820183
2026-03-05 14:30:00,58.86,56.92592597775621,1.9340740222437915,-1.9340740222437915,3.2858885310650803
2026-03-05 14:45:00,59.74,61.65446773943661,1.9144677394366099,1.9144677394366099,3.204666400050127
2026-03-05 15:00:00,57.89,57.28992548271903,0.6000745172809729,-0.6000745172809729,1.0365771409832467
2026-03-05 15:15:00,58.76,61.00253811133321,2.242538111333211,2.242538111333211,3.816436475780882
2026-03-05 15:30:00,54.26,64.47561791728437,10.21561791728437,10.21561791728437,18.827161314067006
2026-03-05 15:45:00,74.07,62.155549965028904,11.91445003497109,-11.91445003497109,16.085392026619644
2026-03-05 16:00:00,57.18,71.64048241445755,14.460482414457552,14.460482414457552,25.289405669051234
2026-03-05 16:15:00,82.11,71.06270507007693,11.04729492992307,-11.04729492992307,13.45426232539331
2026-03-05 16:30:00,96.33,94.73899921387253,1.5910007861274664,-1.5910007861274664,1.6516150416394852
2026-03-05 16:45:00,117.45,109.12480681808076,8.325193181919246,-8.325193181919246,7.088287025148042
2026-03-05 17:00:00,92.05,101.88632293705258,9.836322937052586,9.836322937052586,10.685847724273883
2026-03-05 17:15:00,120.67,106.43669483712898,14.23330516287102,-14.23330516287102,11.79523083195385
2026-03-05 17:30:00,137.11,134.20662037983413,2.903379620165879,-2.903379620165879,2.1175549551384503
2026-03-05 17:45:00,148.43,146.37141652808555,2.05858347191446,-2.05858347191446,1.3869052469483307
2026-03-05 18:00:00,129.23,124.58319397539306,4.646806024606931,-4.646806024606931,3.5957641326698835
2026-03-05 18:15:00,156.06,135.21439943346942,20.845600566530578,-20.845600566530578,13.357426908212425
2026-03-05 18:30:00,179.7,169.54535153884086,10.154648461159127,-10.154648461159127,5.65088948505856
2026-03-05 18:45:00,236.78,176.53765534169122,60.24234465830878,-60.24234465830878,25.44232806988998
2026-03-05 19:00:00,220.06,187.1530081575458,32.906991842454204,-32.906991842454204,14.953645229899914
2026-03-05 19:15:00,203.05,208.16080815583487,5.11080815583486,5.11080815583486,2.5170195176875962
2026-03-05 19:30:00,177.51,193.87232845218097,16.362328452180975,16.362328452180975,9.217693853869664
2026-03-05 19:45:00,159.12,173.39914369990117,14.27914369990117,14.27914369990117,8.973820770590097
2026-03-05 20:00:00,196.6,179.70416654408118,16.89583345591882,-16.89583345591882,8.59401493895151
2026-03-05 20:15:00,166.43,181.78021554401158,15.350215544011576,15.350215544011576,9.223226252345919
2026-03-05 20:30:00,151.53,156.12552543522366,4.595525435223664,4.595525435223664,3.0327495577748094
2026-03-05 20:45:00,100.9,137.29040135723378,36.39040135723377,36.39040135723377,36.06580871811267
2026-03-05 21:00:00,192.87,134.00242020614272,58.86757979385729,-58.86757979385729,30.521895312199064
2026-03-05 21:15:00,137.88,175.02432561437064,37.14432561437064,37.14432561437064,26.939603528412103
2026-03-05 21:30:00,133.6,133.48758151568492,0.11241848431507151,-0.11241848431507151,0.08414557146228728
2026-03-05 21:45:00,127.18,114.06881134848182,13.11118865151819,-13.11118865151819,10.309159103968076
2026-03-05 22:00:00,146.65,140.06436745781207,6.585632542187938,-6.585632542187938,4.490714283860071
2026-03-05 22:15:00,140.3,138.15802770207182,2.1419722979281914,-2.1419722979281914,1.5267086832937309
2026-03-05 22:30:00,128.26,127.69700176803079,0.5629982319692033,-0.5629982319692033,0.4389507465926212
2026-03-05 22:45:00,112.07,119.22052055282418,7.15052055282419,7.15052055282419,6.380405540305286
2026-03-05 23:00:00,138.8,130.6674018093693,8.132598190630716,-8.132598190630716,5.85922055622371
2026-03-05 23:15:00,132.23,127.66022984467236,4.569770155327632,-4.569770155327632,3.4559253730381747
2026-03-05 23:30:00,130.04,117.97499067920744,12.065009320792555,-12.065009320792555,9.27792158413822
2026-03-05 23:45:00,126.92,113.45210966099174,13.467890339008264,-13.467890339008264,10.611322276154302
2026-03-06 00:00:00,133.22,123.42262844426112,9.797371555738877,-9.797371555738877,7.354279749434078
2026-03-06 00:15:00,125.1,116.26982448754849,8.830175512451504,-8.830175512451504,7.0584935586463375
2026-03-06 00:30:00,121.62,114.38890930306209,7.231090696937912,-7.231090696937912,5.945642688276176
2026-03-06 00:45:00,114.27,113.01217471003869,1.2578252899613034,-1.2578252899613034,1.1007484719994913
2026-03-06 01:00:00,102.99,126.99724353031112,24.00724353031113,24.00724353031113,23.31026633382704
2026-03-06 01:15:00,107.54,104.2691542257166,3.2708457742834014,-3.2708457742834014,3.0415154769092863
2026-03-06 01:30:00,107.59,109.34159369551165,1.7515936955116445,1.7515936955116445,1.6280264701472067
2026-03-06 01:45:00,107.59,109.49723319338102,1.9072331933810176,1.9072331933810176,1.7726862865081836
2026-03-06 02:00:00,108.61,110.44418305943564,1.8341830594356452,1.8341830594356452,1.6887791571198358
2026-03-06 02:15:00,108.77,106.82370123680366,1.9462987631963387,-1.9462987631963387,1.7893709159718945
2026-03-06 02:30:00,109.5,109.83612015650726,0.33612015650726335,0.33612015650726335,0.3069590442353177
2026-03-06 02:45:00,108.45,109.15652644162859,0.7065264416285828,0.7065264416285828,0.6514766575507757
2026-03-06 03:00:00,112.24,110.53461387630888,1.7053861236911132,-1.7053861236911132,1.5194102891099524
2026-03-06 03:15:00,111.55,110.92715478549523,0.622845214504764,-0.622845214504764,0.5583551850481508
2026-03-06 03:30:00,111.76,111.7608575006149,0.0008575006148987541,0.0008575006148987541,0.0007672696915050619
2026-03-06 03:45:00,111.62,112.74311365263179,1.1231136526317869,1.1231136526317869,1.006193910204128
2026-03-06 04:00:00,111.81,114.6913254739628,2.8813254739628036,2.8813254739628036,2.576983676051307
2026-03-06 04:15:00,111.75,115.28504028858416,3.535040288584156,3.535040288584156,3.1633469860856254
2026-03-06 04:30:00,112.51,116.94090454794058,4.430904547940571,4.430904547940571,3.9382317203433064
2026-03-06 04:45:00,114.16,118.74075605149145,4.5807560514914485,4.5807560514914485,4.012575342822087
2026-03-06 05:00:00,113.56,113.04620180851597,0.5137981914840282,-0.5137981914840282,0.45244644853783345
2026-03-06 05:15:00,113.33,116.0649113449205,2.734911344920505,2.734911344920505,2.4132280250491704
2026-03-06 05:30:00,121.76,117.17856915188307,4.581430848116938,-4.581430848116938,3.762673136079341
2026-03-06 05:45:00,126.95,128.56114815068958,1.6111481506895728,1.6111481506895728,1.2691202347368025
2026-03-06 06:00:00,117.48,114.83884041808713,2.6411595819128735,-2.6411595819128735,2.248178038330859
2026-03-06 06:15:00,124.8,126.96082727144332,2.160827271443324,2.160827271443324,1.7314320946546502
2026-03-06 06:30:00,167.54,135.4922876606771,32.047712339322885,-32.047712339322885,19.128394501634798
2026-03-06 06:45:00,245.95,178.70317699025802,67.24682300974197,-67.24682300974197,27.341664052175375
2026-03-06 07:00:00,130.62,180.48942766703522,49.86942766703521,49.86942766703521,38.17901338634594
2026-03-06 07:15:00,152.5,140.30763873338393,12.192361266616075,-12.192361266616075,7.994990942076175
2026-03-06 07:30:00,164.85,162.21670421482568,2.6332957851743117,-2.6332957851743117,1.5973890016381085
2026-03-06 07:45:00,197.02,177.3401824533103,19.67981754668972,-19.67981754668972,9.988740963761195
2026-03-06 08:00:00,212.19,165.98228320170114,46.20771679829886,-46.20771679829886,21.776575984039354
2026-03-06 08:15:00,202.55,185.50987578579955,17.04012421420046,-17.04012421420046,8.412798879324844
2026-03-06 08:30:00,170.98,186.26607741974232,15.286077419742327,15.286077419742327,8.940272154836592
2026-03-06 08:45:00,135.34,159.65840995038184,24.318409950381835,24.318409950381835,17.968383161443775
2026-03-06 09:00:00,186.36,152.88023527040417,33.47976472959584,-33.47976472959584,17.965102248306945
2026-03-06 09:15:00,151.43,169.12040888069785,17.690408880697845,17.690408880697845,11.682235200340417
2026-03-06 09:30:00,122.37,133.00431295672732,10.634312956727314,10.634312956727314,8.69029408337368
2026-03-06 09:45:00,99.07,112.0511489570185,12.981148957018505,12.981148957018505,13.103006789127322
2026-03-06 10:00:00,144.45,123.71437759617378,20.735622403826213,-20.735622403826213,14.354878684858033
2026-03-06 10:15:00,108.61,127.57786599328477,18.967865993284775,18.967865993284775,17.464198341444426
2026-03-06 10:30:00,102.8,100.08813972641578,2.7118602735842217,-2.7118602735842217,2.6379963494204848
2026-03-06 10:45:00,92.69,91.82129983019081,0.8687001698091876,-0.8687001698091876,0.9372102281120783
2026-03-06 11:00:00,112.48,110.64617555926888,1.8338244407311208,-1.8338244407311208,1.6303559961126965
2026-03-06 11:15:00,100.23,102.92034489680333,2.6903448968033246,2.6903448968033246,2.68417127602675
2026-03-06 11:30:00,95.32,90.04822053135933,5.271779468640659,-5.271779468640659,5.530612057631703
2026-03-06 11:45:00,75.21,88.51730781615444,13.307307816154449,13.307307816154449,17.69353495441976
2026-03-06 12:00:00,88.55,89.78213417533806,1.2321341753380608,1.2321341753380608,1.391455857056468
2026-03-06 12:15:00,72.33,82.69062694547847,10.360626945478472,10.360626945478472,14.32410728914337
2026-03-06 12:30:00,70.31,69.47917445026057,0.8308255497394299,-0.8308255497394299,1.1816605574211696
2026-03-06 12:45:00,62.69,65.327205351713,2.637205351713007,2.637205351713007,4.206740005815293
2026-03-06 13:00:00,60.45,71.64025230132975,11.19025230132975,11.19025230132975,18.51158331879887
2026-03-06 13:15:00,45.93,59.451570593171894,13.521570593171894,13.521570593171894,29.439517306285047
2026-03-06 13:30:00,48.45,46.40049513336538,2.0495048666346207,-2.0495048666346207,4.230144116270752
2026-03-06 13:45:00,43.43,52.42261430596677,8.992614305966768,8.992614305966768,20.70599608313794
2026-03-06 14:00:00,44.79,53.539657336819275,8.749657336819276,8.749657336819276,19.534845147289182
2026-03-06 14:15:00,46.12,47.55415932827338,1.434159328273381,1.434159328273381,3.1096255359434646
2026-03-06 14:30:00,45.65,48.13494504475635,2.4849450447563513,2.4849450447563513,5.44347204889733
2026-03-06 14:45:00,51.48,49.732459379448656,1.7475406205513409,-1.7475406205513409,3.39460098408184
2026-03-06 15:00:00,44.51,52.53540431426903,8.025404314269032,8.025404314269032,18.030564219194318
2026-03-06 15:15:00,63.5,52.423826381126325,11.076173618873675,-11.076173618873675,17.442792825898813
2026-03-06 15:30:00,83.98,79.54473554641542,4.43526445358458,-4.43526445358458,5.281334128091496
2026-03-06 15:45:00,102.0,97.06903328379273,4.930966716207266,-4.930966716207266,4.834281046925937
2026-03-06 16:00:00,82.01,90.71669240321714,8.706692403217133,8.706692403217133,10.616622725339479
2026-03-06 16:15:00,101.67,95.19876337276958,6.471236627230425,-6.471236627230425,6.36494203165241
2026-03-06 16:30:00,107.01,113.50655435277628,6.496554352776272,6.496554352776272,6.070978686166232
2026-03-06 16:45:00,135.96,119.19616088672805,16.763839113271956,-16.763839113271956,12.329978662821542
2026-03-06 17:00:00,90.0,113.97702047571805,23.97702047571805,23.97702047571805,26.641133565896347
2026-03-06 17:15:00,122.93,108.27890289888393,14.651097101116079,-14.651097101116079,11.918243701239438
2026-03-06 17:30:00,140.77,138.237348950326,2.5326510496740013,-2.5326510496740013,1.7991411747407753
2026-03-06 17:45:00,174.27,157.1847193854857,17.085280614514318,-17.085280614514318,9.803913763972675
2026-03-06 18:00:00,131.43,140.2047744034559,8.774774403455893,8.774774403455893,6.676386165024752
2026-03-06 18:15:00,157.38,135.81442170195305,21.565578298046944,-21.565578298046944,13.702870860985028
2026-03-06 18:30:00,192.38,171.18242005923474,21.19757994076525,-21.19757994076525,11.018598518858129
2026-03-06 18:45:00,251.42,195.4990412096467,55.920958790353296,-55.920958790353296,22.24204859117525
2026-03-06 19:00:00,230.12,202.8739430745989,27.246056925401092,-27.246056925401092,11.839934298193008
2026-03-06 19:15:00,247.25,215.14057137037528,32.109428629624716,-32.109428629624716,12.986624266838614
2026-03-06 19:30:00,231.33,235.74870166310893,4.418701663108919,4.418701663108919,1.9101290986934805
2026-03-06 19:45:00,217.24,217.55619450753903,0.31619450753902356,0.31619450753902356,0.14555077613860973
2026-03-06 20:00:00,240.43,212.463502755821,27.96649724417901,-27.96649724417901,11.63186670875529
2026-03-06 20:15:00,186.05,214.3551531330952,28.30515313309519,28.30515313309519,15.213734469743533
2026-03-06 20:30:00,171.95,165.01300187547037,6.936998124529623,-6.936998124529623,4.0343111859182965
2026-03-06 20:45:00,167.55,152.89664955494118,14.653350445058834,-14.653350445058834,8.745658225963743
2026-03-06 21:00:00,171.26,177.6123895010007,6.352389501000715,6.352389501000715,3.7092079083899545
2026-03-06 21:15:00,161.48,156.25788815497637,5.222111845023619,-5.222111845023619,3.233906250114291
2026-03-06 21:30:00,156.19,146.39397019548022,9.796029804519776,-9.796029804519776,6.271867431846534
2026-03-06 21:45:00,130.15,139.5041222709121,9.354122270912086,9.354122270912086,7.187185708060106
2026-03-06 22:00:00,153.05,144.97769855100694,8.072301448993073,-8.072301448993073,5.274290360176524
2026-03-06 22:15:00,143.69,140.12708364953383,3.5629163504661676,-3.5629163504661676,2.4795854448258843
2026-03-06 22:30:00,129.17,132.20726617680896,3.03726617680897,3.03726617680897,2.3513711800691017
2026-03-06 22:45:00,116.66,116.09955824182794,0.5604417581720611,-0.5604417581720611,0.48040609752100133
2026-03-06 23:00:00,137.8,138.04224978318172,0.24224978318170542,0.24224978318170542,0.1757980997269408
2026-03-06 23:15:00,128.42,131.15654741228565,2.7365474122856597,2.7365474122856597,2.130935517034967
2026-03-06 23:30:00,128.07,118.8912191324395,9.17878086756049,-9.17878086756049,7.167003042000829
2026-03-06 23:45:00,117.11,116.45235639268111,0.6576436073188887,-0.6576436073188887,0.5615605855206924
2026-03-07 00:00:00,138.76,128.87731170529588,9.88268829470411,-9.88268829470411,7.122144871348128
2026-03-07 00:15:00,126.02,127.00201935973469,0.9820193597346929,0.9820193597346929,0.7792567465022421
2026-03-07 00:30:00,123.76,118.0103383914901,5.749661608509911,-5.749661608509911,4.645815741800059
2026-03-07 00:45:00,113.69,115.0587394776534,1.3687394776534063,1.3687394776534063,1.2039224783307076
2026-03-07 01:00:00,142.07,128.92066219558305,13.149337804416945,-13.149337804416945,9.25553439280749
2026-03-07 01:15:00,136.72,124.43383015208175,12.286169847918245,-12.286169847918245,8.986373433334196
2026-03-07 01:30:00,132.32,122.825879277267,9.494120722732987,-9.494120722732987,7.175121410959623
2026-03-07 01:45:00,129.04,118.54383273470441,10.496167265295583,-10.496167265295583,8.134041525073751
2026-03-07 02:00:00,138.12,129.01986125851897,9.100138741481032,-9.100138741481032,6.588574193161954
2026-03-07 02:15:00,132.04,129.98146121133635,2.0585387886636397,-2.0585387886636397,1.559026638195527
2026-03-07 02:30:00,127.4,121.61020177462308,5.789798225376927,-5.789798225376927,4.5445825588156215
2026-03-07 02:45:00,123.35,120.17325902108604,3.176740978913955,-3.176740978913955,2.5753878825780916
2026-03-07 03:00:00,129.27,129.38960223021476,0.11960223021475258,0.11960223021475258,0.09252125728284985
2026-03-07 03:15:00,124.54,121.47557786313776,3.064422136862248,-3.064422136862248,2.4605926708337256
2026-03-07 03:30:00,123.01,123.35789892393996,0.34789892393995103,0.34789892393995103,0.2828216576796475
2026-03-07 03:45:00,121.89,120.86101886673714,1.0289811332628602,-1.0289811332628602,0.8441883048822522
2026-03-07 04:00:00,125.61,124.0378586609308,1.572141339069205,-1.572141339069205,1.251605227731194
2026-03-07 04:15:00,123.78,123.8292521695139,0.049252169513891886,0.049252169513891886,0.039790086537397816
2026-03-07 04:30:00,122.12,122.41370295090415,0.293702950904148,0.293702950904148,0.2405035608410681
2026-03-07 04:45:00,121.76,122.28706806775259,0.5270680677525803,0.5270680677525803,0.43287455931655283
2026-03-07 05:00:00,121.64,119.860416455512,1.7795835444880055,-1.7795835444880055,1.4629920501957292
2026-03-07 05:15:00,122.97,122.71142198188686,0.2585780181131412,-0.2585780181131412,0.21027731642707004
2026-03-07 05:30:00,123.4,125.17961773752417,1.7796177375241626,1.7796177375241626,1.442153746436487
2026-03-07 05:45:00,126.64,123.81136974187663,2.8286302581233684,-2.8286302581233684,2.2335993649616035
2026-03-07 06:00:00,123.68,118.750892589691,4.929107410309001,-4.929107410309001,3.9853714185440543
2026-03-07 06:15:00,128.26,124.65931446672421,3.6006855332757794,-3.6006855332757794,2.8073331554673695
2026-03-07 06:30:00,129.35,127.98424770276505,1.3657522972349483,-1.3657522972349483,1.0558579719183367
2026-03-07 06:45:00,134.86,122.98642182879824,11.873578171201771,-11.873578171201771,8.804373485954349
2026-03-07 07:00:00,135.8,121.44978582843906,14.35021417156095,-14.35021417156095,10.567167942481053
2026-03-07 07:15:00,143.36,132.65077582460816,10.709224175391853,-10.709224175391853,7.470161900593075
2026-03-07 07:30:00,145.99,137.53436407370154,8.45563592629847,-8.45563592629847,5.791928124103834
2026-03-07 07:45:00,135.49,134.74617205321468,0.7438279467853306,-0.7438279467853306,0.5489910261240094
2026-03-07 08:00:00,148.62,136.69326165679797,11.926738343202032,-11.926738343202032,8.024988738361017
2026-03-07 08:15:00,135.96,140.87957573300017,4.919575733000158,4.919575733000158,3.6183993062784388
2026-03-07 08:30:00,129.26,124.70201515696246,4.557984843037531,-4.557984843037531,3.5262144575084227
2026-03-07 08:45:00,101.44,116.40291291154078,14.962912911540784,14.962912911540784,14.750505485050994
2026-03-07 09:00:00,140.67,117.33952158584044,23.330478414159543,-23.330478414159543,16.58525502829814
2026-03-07 09:15:00,125.28,124.15268697344983,1.1273130265501692,-1.1273130265501692,0.899834784125017
2026-03-07 09:30:00,100.0,109.27262327740753,9.272623277407533,9.272623277407533,9.2726231846813
2026-03-07 09:45:00,72.52,87.26519317520973,14.745193175209735,14.745193175209735,20.33258821274663
2026-03-07 10:00:00,132.81,100.81506105766442,31.99493894233558,-31.99493894233558,24.09076026009184
2026-03-07 10:15:00,104.29,108.8044838139151,4.514483813915092,4.514483813915092,4.32877914529418
2026-03-07 10:30:00,49.15,92.36170660573885,43.21170660573885,43.21170660573885,87.91801775495152
2026-03-07 10:45:00,36.67,39.14291779034949,2.4729177903494914,2.4729177903494914,6.743707998124929
2026-03-07 11:00:00,31.33,64.59441658626196,33.26441658626196,33.26441658626196,106.17432341052897
2026-03-07 11:15:00,25.78,32.89673643303472,7.116736433034717,7.116736433034717,27.6056483978985
2026-03-07 11:30:00,59.99,22.4543965324488,37.5356034675512,-37.5356034675512,62.56976636414991
2026-03-07 11:45:00,51.6,52.15632731120496,0.55632731120496,0.55632731120496,1.0781536829911302
2026-03-07 12:00:00,33.49,52.60050047770626,19.11050047770626,19.11050047770626,57.0633022008756
2026-03-07 12:15:00,25.56,32.35744128485237,6.797441284852372,6.797441284852372,26.59405719449061
2026-03-07 12:30:00,22.79,25.148130604590694,2.358130604590695,2.358130604590695,10.347215889067732
2026-03-07 12:45:00,20.0,23.27429952757004,3.27429952757004,3.27429952757004,16.371496819275357
2026-03-07 13:00:00,25.8,25.59025177765182,0.2097482223481819,-0.2097482223481819,0.8129775744899463
2026-03-07 13:15:00,24.93,24.370598238201918,0.5594017617980818,-0.5594017617980818,2.2438898490139723
2026-03-07 13:30:00,22.52,24.144481609921,1.624481609921002,1.624481609921002,7.2135059404349136
2026-03-07 13:45:00,30.73,22.713178135815383,8.016821864184617,-8.016821864184617,26.08793232445589
2026-03-07 14:00:00,48.98,26.234254583705336,22.74574541629466,-22.74574541629466,46.438842286456186
2026-03-07 14:15:00,57.26,46.7930941598917,10.466905840108296,-10.466905840108296,18.279611696318863
2026-03-07 14:30:00,56.77,64.17759934737188,7.407599347371878,7.407599347371878,13.048439698586368
2026-03-07 14:45:00,56.32,62.28052824389944,5.960528243899439,5.960528243899439,10.583324108782314
2026-03-07 15:00:00,56.57,54.28261106823232,2.28738893176768,-2.28738893176768,4.043466309586384
2026-03-07 15:15:00,61.63,62.54086553812371,0.9108655381237085,0.9108655381237085,1.4779580128900347
2026-03-07 15:30:00,43.99,70.96556394856208,26.975563948562076,26.975563948562076,61.32203531562111
2026-03-07 15:45:00,53.03,53.99620666601071,0.9662066660107058,0.9662066660107058,1.82200009012013
2026-03-07 16:00:00,35.67,57.47393215603357,21.803932156033568,21.803932156033568,61.12680556424309
2026-03-07 16:15:00,79.41,47.87770185910656,31.532298140893438,-31.532298140893438,39.70822030450981
2026-03-07 16:30:00,98.72,94.25606787898855,4.463932121011453,-4.463932121011453,4.52181125992032
2026-03-07 16:45:00,132.3,113.5863635731687,18.713636426831314,-18.713636426831314,14.14484979998701
2026-03-07 17:00:00,84.14,102.6433731084105,18.5033731084105,18.5033731084105,21.99117291240643
2026-03-07 17:15:00,134.41,102.75654689982889,31.653453100171106,-31.653453100171106,23.549924012106143
2026-03-07 17:30:00,166.59,147.80605623807548,18.78394376192452,-18.78394376192452,11.275552943855567
2026-03-07 17:45:00,247.54,183.3627295781713,64.1772704218287,-64.1772704218287,25.926020102839338
2026-03-07 18:00:00,146.59,166.9870200726017,20.39702007260169,20.39702007260169,13.914332446591423
2026-03-07 18:15:00,201.96,157.8453974137066,44.114602586293415,-44.114602586293415,21.843237456853355
2026-03-07 18:30:00,185.71,213.6596528442077,27.94965284420769,27.94965284420769,15.050160300310209
2026-03-07 18:45:00,252.23,192.957640300021,59.27235969997898,-59.27235969997898,23.499329764494977
2026-03-07 19:00:00,200.0,213.4584119422689,13.458411942268896,13.458411942268896,6.729205937488418
2026-03-07 19:15:00,206.6,198.36507967835513,8.234920321644864,-8.234920321644864,3.985924628163416
2026-03-07 19:30:00,232.33,206.57118068304678,25.758819316953236,-25.758819316953236,11.087168771179593
2026-03-07 19:45:00,210.51,234.5292331478448,24.0192331478448,24.0192331478448,11.410019967576174
2026-03-07 20:00:00,210.51,205.0019199010688,5.508080098931202,-5.508080098931202,2.616540816477029
2026-03-07 20:15:00,190.36,196.8950518453955,6.535051845395486,6.535051845395486,3.432996328569827
2026-03-07 20:30:00,205.87,182.96718588647167,22.902814113528336,-22.902814113528336,11.124891437450538
2026-03-07 20:45:00,178.47,195.8224964821321,17.352496482132096,17.352496482132096,9.722920594443263
2026-03-07 21:00:00,195.48,190.75683732051422,4.7231626794857675,-4.7231626794857675,2.416187157419632
2026-03-07 21:15:00,185.46,182.46554654186554,2.9944534581344726,-2.9944534581344726,1.6146087792453276
2026-03-07 21:30:00,176.02,170.935497090774,5.084502909226018,-5.084502909226018,2.8885938418021126
2026-03-07 21:45:00,162.72,166.38848665522966,3.668486655229657,3.668486655229657,2.254478019103292
2026-03-07 22:00:00,177.88,175.5079940883944,2.3720059116055836,-2.3720059116055836,1.3334865630035517
2026-03-07 22:15:00,165.97,168.6158857143849,2.645885714384889,2.645885714384889,1.5941951548128803
2026-03-07 22:30:00,159.65,159.255970475697,0.39402952430299365,-0.39402952430299365,0.2468083444001943
2026-03-07 22:45:00,146.6,146.20064938174076,0.3993506182592341,-0.3993506182592341,0.27240833256149444
2026-03-07 23:00:00,172.65,162.81994008444215,9.830059915557854,-9.830059915557854,5.693634438819293
2026-03-07 23:15:00,158.42,163.66610645171195,5.246106451711967,5.246106451711967,3.311517749398302
2026-03-07 23:30:00,154.2,147.5863931095834,6.613606890416577,-6.613606890416577,4.288979797358483
2026-03-07 23:45:00,146.53,145.30564068706065,1.224359312939356,-1.224359312939356,0.8355690333608582
2026-03-08 00:00:00,179.92,152.0962854061056,27.82371459389438,-27.82371459389438,15.464492240578846
2026-03-08 00:15:00,155.78,166.92764454378855,11.147644543788545,11.147644543788545,7.156017763659242
2026-03-08 00:30:00,148.25,143.48650474365402,4.763495256345976,-4.763495256345976,3.213150235557824
2026-03-08 00:45:00,142.52,133.6958712893944,8.824128710605606,-8.824128710605606,6.19150199880058
2026-03-08 01:00:00,165.33,152.82969227331486,12.50030772668515,-12.50030772668515,7.560822386183346
2026-03-08 01:15:00,152.5,159.74518916720052,7.245189167200522,7.245189167200522,4.750943685043334
2026-03-08 01:30:00,144.54,141.89371940943687,2.646280590563123,-2.646280590563123,1.830829232222797
2026-03-08 01:45:00,141.13,134.64816951537045,6.4818304846295405,-6.4818304846295405,4.59280836016542
2026-03-08 02:00:00,146.69,143.97229559722118,2.7177044027788213,-2.7177044027788213,1.852685516566887
2026-03-08 02:15:00,137.15,138.86316569726895,1.7131656972689484,1.7131656972689484,1.2491182535747472
2026-03-08 02:30:00,132.04,131.90269936997984,0.13730063002014958,-0.13730063002014958,0.10398411767669526
2026-03-08 02:45:00,128.42,127.07869903749535,1.3413009625046328,-1.3413009625046328,1.0444642205731123
2026-03-08 03:00:00,136.31,136.10632704249923,0.2036729575007712,-0.2036729575007712,0.14941893918757376
2026-03-08 03:15:00,135.79,133.34890764347944,2.4410923565205565,-2.4410923565205565,1.797696692351123
2026-03-08 03:30:00,132.22,130.32142581179772,1.898574188202275,-1.898574188202275,1.435920567117735
2026-03-08 03:45:00,129.55,128.10291470573156,1.4470852942684473,-1.4470852942684473,1.11700909540591
2026-03-08 04:00:00,135.14,129.81733442583223,5.3226655741677575,-5.3226655741677575,3.9386307050328924
2026-03-08 04:15:00,132.7,134.16574524974897,1.4657452497489771,1.4657452497489771,1.1045555679754495
2026-03-08 04:30:00,133.05,128.0797998732006,4.970200126799398,-4.970200126799398,3.7355881919906166
2026-03-08 04:45:00,129.83,130.74302219946466,0.913022199464649,0.913022199464649,0.7032443906895209
2026-03-08 05:00:00,131.95,126.82938293643411,5.120617063565874,-5.120617063565874,3.880725293488913
2026-03-08 05:15:00,135.94,131.2019070335302,4.738092966469793,-4.738092966469793,3.4854295509897737
2026-03-08 05:30:00,135.03,136.41232824790728,1.3823282479072816,1.3823282479072816,1.0237193495297994
2026-03-08 05:45:00,142.79,132.27417766705688,10.515822332943117,-10.515822332943117,7.364536913857937
2026-03-08 06:00:00,133.98,129.20118490019354,4.778815099806451,-4.778815099806451,3.5668122586492976
2026-03-08 06:15:00,136.57,134.3934815924648,2.176518407535184,-2.176518407535184,1.593701685288253
2026-03-08 06:30:00,142.76,132.36184829113577,10.39815170886422,-10.39815170886422,7.283659033362028
2026-03-08 06:45:00,144.66,138.20070116364323,6.459298836356766,-6.459298836356766,4.465158849512773
2026-03-08 07:00:00,142.8,132.070891535763,10.729108464237015,-10.729108464237015,7.5133812248621865
2026-03-08 07:15:00,142.68,131.24685708324813,11.433142916751876,-11.433142916751876,8.013136274614881
2026-03-08 07:30:00,136.72,133.80860297950855,2.9113970204914494,-2.9113970204914494,2.1294594786401806
2026-03-08 07:45:00,131.84,126.50765145451197,5.332348545488031,-5.332348545488031,4.044560455887763
2026-03-08 08:00:00,141.25,125.27478244570338,15.97521755429662,-15.97521755429662,11.3098884539453
2026-03-08 08:15:00,129.83,128.4011609868278,1.4288390131722224,-1.4288390131722224,1.100546100413434
2026-03-08 08:30:00,110.23,115.85526394191172,5.625263941911712,5.625263941911712,5.103205924775154
2026-03-08 08:45:00,70.23,102.67165086749065,32.44165086749065,32.44165086749065,46.193436431092536
2026-03-08 09:00:00,89.5,98.1233282433853,8.623328243385302,8.623328243385302,9.635003516240522
2026-03-08 09:15:00,68.4,87.4365283207643,19.03652832076429,19.03652832076429,27.83118134861473
2026-03-08 09:30:00,29.0,64.62285949568313,35.62285949568313,35.62285949568313,122.8374423010645
2026-03-08 09:45:00,28.14,24.83729429778137,3.3027057022186312,-3.3027057022186312,11.73669362065279
2026-03-08 10:00:00,24.06,44.34125205113898,20.28125205113898,20.28125205113898,84.29447717453952
2026-03-08 10:15:00,25.27,24.69088361276166,0.57911638723834,-0.57911638723834,2.2917149359762194
2026-03-08 10:30:00,26.03,23.923011547954648,2.1069884520453535,-2.1069884520453535,8.094461663852234
2026-03-08 10:45:00,30.13,24.17809597568996,5.951904024310039,-5.951904024310039,19.75407841609444
2026-03-08 11:00:00,25.55,28.430087466944432,2.880087466944431,2.880087466944431,11.272357550766559
2026-03-08 11:15:00,28.7,25.298363976535768,3.4016360234642313,-3.4016360234642313,11.852389912684085
2026-03-08 11:30:00,28.81,27.100077522473345,1.7099224775266535,-1.7099224775266535,5.93516979581727
2026-03-08 11:45:00,28.56,27.655923409686835,0.9040765903131636,-0.9040765903131636,3.1655341689699648
2026-03-08 12:00:00,27.28,26.643340502382564,0.6366594976174369,-0.6366594976174369,2.3337957268309366
2026-03-08 12:15:00,24.43,24.46343167123651,0.03343167123651014,0.03343167123651014,0.13684678619747145
2026-03-08 12:30:00,25.73,22.902727005352975,2.827272994647025,-2.827272994647025,10.98823507487242
2026-03-08 12:45:00,27.62,24.99294296125363,2.627057038746372,-2.627057038746372,9.51142991901547
2026-03-08 13:00:00,24.06,24.27362351386724,0.21362351386724043,0.21362351386724043,0.8878782418472903
2026-03-08 13:15:00,24.49,22.92114841769088,1.5688515823091187,-1.5688515823091187,6.406090315427584
2026-03-08 13:30:00,25.01,22.488587049884536,2.521412950115465,-2.521412950115465,10.081618749697231
2026-03-08 13:45:00,28.07,24.245480877462978,3.8245191225370228,-3.8245191225370228,13.624934044487647
2026-03-08 14:00:00,24.98,25.120813418796224,0.140813418796224,0.140813418796224,0.5637046163297751
2026-03-08 14:15:00,26.94,24.432306639034934,2.5076933609650673,-2.5076933609650673,9.308438262363342
2026-03-08 14:30:00,27.99,27.83869037488262,0.15130962511737778,-0.15130962511737778,0.5405845648857882
2026-03-08 14:45:00,29.89,31.562234304514973,1.6722343045149728,1.6722343045149728,5.5946277971518725
2026-03-08 15:00:00,25.28,28.48233089947725,3.20233089947725,3.20233089947725,12.667447677226159
2026-03-08 15:15:00,27.79,33.19748487801887,5.40748487801887,5.40748487801887,19.45838317177056
2026-03-08 15:30:00,31.17,37.093891262740506,5.923891262740504,5.923891262740504,19.005104500126592
2026-03-08 15:45:00,39.6,41.32327564066933,1.7232756406693284,1.7232756406693284,4.351706053414818
2026-03-08 16:00:00,33.34,40.443102175469775,7.103102175469772,7.103102175469772,21.305044878282313
2026-03-08 16:15:00,45.23,40.93901901467395,4.290980985326044,-4.290980985326044,9.487023856855641
2026-03-08 16:30:00,79.23,58.42770065287836,20.802299347121647,-20.802299347121647,26.255583850266074
2026-03-08 16:45:00,119.8,97.81331777659136,21.986682223408636,-21.986682223408636,18.352823071686483
2026-03-08 17:00:00,73.14,95.0138970605767,21.873897060576695,21.873897060576695,29.90688646637658
2026-03-08 17:15:00,118.4,92.51833934876419,25.88166065123582,-25.88166065123582,21.859510500541145
2026-03-08 17:30:00,169.42,131.30362239452114,38.116377605478846,-38.116377605478846,22.49815687669536
2026-03-08 17:45:00,203.28,189.07385679925858,14.206143200741423,-14.206143200741423,6.988460808174348
2026-03-08 18:00:00,123.9,143.18699183716396,19.286991837163953,19.286991837163953,15.566579242532816
2026-03-08 18:15:00,136.99,135.0126002780761,1.9773997219239163,-1.9773997219239163,1.4434628129712301
2026-03-08 18:30:00,147.63,153.41347938111517,5.783479381115171,5.783479381115171,3.9175501875903747
2026-03-08 18:45:00,176.75,157.84460696402687,18.905393035973134,-18.905393035973134,10.696120469030793
2026-03-08 19:00:00,151.18,161.08663679648572,9.906636796485714,9.906636796485714,6.552875202379258
2026-03-08 19:15:00,154.9,151.8090852117675,3.09091478823251,-3.09091478823251,1.9954259317483864
2026-03-08 19:30:00,147.53,162.3030172683143,14.773017268314305,14.773017268314305,10.013568201842759
2026-03-08 19:45:00,166.7,145.59700562509093,21.10299437490906,-21.10299437490906,12.659264696050638
2026-03-08 20:00:00,144.21,160.4586656986711,16.24866569867109,16.24866569867109,11.267363973370397
2026-03-08 20:15:00,143.01,139.34901627820682,3.6609837217931727,-3.6609837217931727,2.559949441433241
2026-03-08 20:30:00,140.18,131.83472746066406,8.345272539335951,-8.345272539335951,5.953254729493083
2026-03-08 20:45:00,132.6,126.89098374206023,5.709016257939766,-5.709016257939766,4.305442092673714
2026-03-08 21:00:00,149.89,130.60421802507528,19.285781974924703,-19.285781974924703,12.86662342134797
2026-03-08 21:15:00,141.15,132.13249307125506,9.01750692874495,-9.01750692874495,6.388598558171424
2026-03-08 21:30:00,131.49,126.10117189306632,5.388828106933687,-5.388828106933687,4.098279767245334
2026-03-08 21:45:00,116.58,115.77579565610066,0.8042043438993431,-0.8042043438993431,0.6898304486198651
2026-03-08 22:00:00,124.22,128.83561660549492,4.615616605494921,4.615616605494921,3.715679092205869
2026-03-08 22:15:00,98.4,114.48182827587384,16.081828275873832,16.081828275873832,16.3433212524803
2026-03-08 22:30:00,81.66,91.34857236909838,9.688572369098381,9.688572369098381,11.864526390464263
2026-03-08 22:45:00,67.94,77.43342709895725,9.493427098957255,9.493427098957255,13.973251338276041
2026-03-08 23:00:00,72.62,90.72367761415427,18.103677614154265,18.103677614154265,24.92932713420682
2026-03-08 23:15:00,70.12,70.24492913774843,0.12492913774842407,0.12492913774842407,0.17816476892010322
2026-03-08 23:30:00,67.37,65.60851297855592,1.7614870214440828,-1.7614870214440828,2.614645977879803
2026-03-08 23:45:00,65.88,60.57523873565048,5.304761264349516,-5.304761264349516,8.052157231068524
2026-03-09 00:00:00,68.07,67.15567430470892,0.914325695291069,-0.914325695291069,1.3432138708078896
2026-03-09 00:15:00,66.53,63.30490928328245,3.2250907167175527,-3.2250907167175527,4.847573528095322
2026-03-09 00:30:00,65.65,61.0781666564135,4.571833343586505,-4.571833343586505,6.9639501507189685
2026-03-09 00:45:00,62.0,60.658868104678355,1.3411318953216451,-1.3411318953216451,2.1631159253072356
2026-03-09 01:00:00,68.23,65.53729966915017,2.6927003308498314,-2.6927003308498314,3.9465048972369665
2026-03-09 01:15:00,66.98,64.2592678018432,2.72073219815681,-2.72073219815681,4.062006804324787
2026-03-09 01:30:00,62.89,63.50542386776467,0.6154238677646688,0.6154238677646688,0.9785718842088568
2026-03-09 01:45:00,61.49,60.810164145044,0.6798358549560035,-0.6798358549560035,1.1056039094161074
2026-03-09 02:00:00,65.91,62.431029538297736,3.4789704617022608,-3.4789704617022608,5.278365056772281
2026-03-09 02:15:00,63.34,63.38824284906204,0.04824284906203502,0.04824284906203502,0.07616490101102938
2026-03-09 02:30:00,62.15,62.506469916264734,0.3564699162647358,0.3564699162647358,0.5735638142061105
2026-03-09 02:45:00,60.88,61.85031924239804,0.970319242398034,0.970319242398034,1.5938226453019178
2026-03-09 03:00:00,62.07,62.208097501671595,0.13809750167159507,0.13809750167159507,0.2224867076634896
2026-03-09 03:15:00,61.46,59.76540257754774,1.6945974224522615,-1.6945974224522615,2.7572362428895203
2026-03-09 03:30:00,62.65,59.60313785483914,3.0468621451608584,-3.0468621451608584,4.863307416644509
2026-03-09 03:45:00,63.64,63.50734744419861,0.13265255580139268,-0.13265255580139268,0.2084421020065551
2026-03-09 04:00:00,62.18,63.44319950639518,1.263199506395182,1.263199506395182,2.0315205630105764
2026-03-09 04:15:00,63.22,63.39917701148508,0.17917701148508058,0.17917701148508058,0.2834182357654196
2026-03-09 04:30:00,63.12,66.8777770024041,3.7577770024041044,3.7577770024041044,5.95338552419241
2026-03-09 04:45:00,64.38,67.46996205964692,3.089962059646922,3.089962059646922,4.799568206976142
2026-03-09 05:00:00,63.21,65.10756084556793,1.8975608455679307,1.8975608455679307,3.0019946457016045
2026-03-09 05:15:00,63.73,67.65522488523717,3.925224885237178,3.925224885237178,6.15914769126895
2026-03-09 05:30:00,68.57,68.99206878476173,0.42206878476173415,0.42206878476173415,0.6155297923383933
2026-03-09 05:45:00,72.97,76.57198213261356,3.601982132613557,3.601982132613557,4.9362506279992475
2026-03-09 06:00:00,68.14,72.29583112692168,4.155831126921683,4.155831126921683,6.0989595919167705
2026-03-09 06:15:00,72.23,76.15292557596865,3.922925575968648,3.922925575968648,5.431158136033597
2026-03-09 06:30:00,75.69,82.18523426032934,6.49523426032934,6.49523426032934,8.581363686769327
2026-03-09 06:45:00,81.9,84.40924380258696,2.5092438025869512,2.5092438025869512,3.0637897093395043
2026-03-09 07:00:00,74.8,81.61395317609492,6.813953176094927,6.813953176094927,9.109562947860024
2026-03-09 07:15:00,78.23,80.89612304473458,2.666123044734576,2.666123044734576,3.408057024995533
2026-03-09 07:30:00,85.46,85.71063329738577,0.2506332973857752,0.2506332973857752,0.2932755610262341
2026-03-09 07:45:00,135.32,88.7453898468735,46.5746101531265,-46.5746101531265,34.41812726052707
2026-03-09 08:00:00,106.8,108.17546825973585,1.3754682597358538,1.3754682597358538,1.2878916169072452
2026-03-09 08:15:00,146.9,114.55583477076962,32.344165229230384,-32.344165229230384,22.01781144251346
2026-03-09 08:30:00,142.86,136.16838530704888,6.691614692951134,-6.691614692951134,4.684036571546106
2026-03-09 08:45:00,114.56,140.4843183429096,25.9243183429096,25.9243183429096,22.629467629726715
2026-03-09 09:00:00,99.09,115.81092782161343,16.72092782161343,16.72092782161343,16.874485470651504
2026-03-09 09:15:00,74.47,105.68945199844535,31.21945199844535,31.21945199844535,41.92218555018597
2026-03-09 09:30:00,85.13,83.29996737519681,1.8300326248031809,-1.8300326248031809,2.1496917694188458
2026-03-09 09:45:00,54.33,86.1202305351497,31.790230535149703,31.790230535149703,58.5132154426975
2026-03-09 10:00:00,74.3,74.73030669743483,0.43030669743482974,0.43030669743482974,0.5791476334365456
2026-03-09 10:15:00,70.6,69.72510381249181,0.8748961875081847,-0.8748961875081847,1.2392297097958749
2026-03-09 10:30:00,75.17,69.40847223063224,5.76152776936776,-5.76152776936776,7.664663685940034
2026-03-09 10:45:00,78.54,73.38545765738951,5.1545423426104975,-5.1545423426104975,6.562951715025439
2026-03-09 11:00:00,30.77,76.50757205542337,45.73757205542337,45.73757205542337,148.6433882645092
2026-03-09 11:15:00,87.57,30.288186680753913,57.28181331924608,-57.28181331924608,65.4125986811923
2026-03-09 11:30:00,81.38,80.89594768899558,0.4840523110044188,-0.4840523110044188,0.5948049951540537
2026-03-09 11:45:00,72.27,73.99688267016427,1.7268826701642723,1.7268826701642723,2.3894875415378403
2026-03-09 12:00:00,74.29,72.70413493850268,1.58586506149733,-1.58586506149733,2.134695167788906
2026-03-09 12:15:00,70.88,71.93694224038518,1.0569422403851831,1.0569422403851831,1.4911713113339027
2026-03-09 12:30:00,66.88,69.21455978885531,2.334559788855316,2.334559788855316,3.4906694885595413
2026-03-09 12:45:00,62.33,61.360411541965036,0.9695884580349627,-0.9695884580349627,1.5555726656172568
2026-03-09 13:00:00,65.51,64.69602215877121,0.813977841228791,-0.813977841228791,1.2425245440444903
2026-03-09 13:15:00,65.05,63.50587942294916,1.5441205770508404,-1.5441205770508404,2.3737441250013824
2026-03-09 13:30:00,64.8,64.28977509453159,0.5102249054684052,-0.5102249054684052,0.7873841012261793
2026-03-09 13:45:00,63.89,64.70384895140648,0.8138489514064844,0.8138489514064844,1.2738283591613724
2026-03-09 14:00:00,58.08,65.05812572795705,6.97812572795705,6.97812572795705,12.014679076808298
2026-03-09 14:15:00,59.27,60.66747308026382,1.397473080263815,1.397473080263815,2.357808430379164
2026-03-09 14:30:00,62.72,61.148250584679616,1.571749415320383,-1.571749415320383,2.505977981920605
2026-03-09 14:45:00,66.95,68.28683028027523,1.3368302802752225,1.3368302802752225,1.9967591640143851
2026-03-09 15:00:00,60.24,64.09461574933196,3.8546157493319626,3.8546157493319626,6.398764417902256
2026-03-09 15:15:00,75.17,67.39277711288386,7.777222887116139,-7.777222887116139,10.346179039050616
2026-03-09 15:30:00,82.93,87.64525654289248,4.715256542892476,4.715256542892476,5.685827186825279
2026-03-09 15:45:00,94.31,92.18641601125577,2.1235839887442296,-2.1235839887442296,2.2517060398973268
2026-03-09 16:00:00,91.72,87.19548796055494,4.524512039445057,-4.524512039445057,4.932961175442046
2026-03-09 16:15:00,98.53,95.39281573370921,3.137184266290788,-3.137184266290788,3.18398887085243
2026-03-09 16:30:00,100.73,106.08179166831727,5.3517916683172615,5.3517916683172615,5.313006666521587
2026-03-09 16:45:00,107.55,106.86885967610533,0.6811403238946667,-0.6811403238946667,0.6333243306010445
2026-03-09 17:00:00,96.64,104.4185257739364,7.778525773936394,7.778525773936394,8.048971123185723
2026-03-09 17:15:00,118.72,108.99844832805861,9.721551671941384,-9.721551671941384,8.188638468712096
2026-03-09 17:30:00,135.29,132.79997139167207,2.4900286083279184,-2.4900286083279184,1.840511929871239
2026-03-09 17:45:00,149.65,145.05176261230062,4.598237387699385,-4.598237387699385,3.0726611139143154
2026-03-09 18:00:00,125.03,128.15930370660658,3.129303706606578,3.129303706606578,2.5028422631193754
2026-03-09 18:15:00,157.8,135.9014200520927,21.898579947907308,-21.898579947907308,13.877427001985449
2026-03-09 18:30:00,192.25,167.6896555251882,24.560344474811814,-24.560344474811814,12.77521162395823
2026-03-09 18:45:00,247.59,192.22090905133632,55.36909094866368,-55.36909094866368,22.363217708724708
2026-03-09 19:00:00,210.16,199.70814717636162,10.451852823638376,-10.451852823638376,4.973283581036134
2026-03-09 19:15:00,235.55,210.63200840187943,24.91799159812058,-24.91799159812058,10.578642110946362
2026-03-09 19:30:00,218.57,226.77736200428356,8.207362004283567,8.207362004283567,3.755026749660658
2026-03-09 19:45:00,189.14,213.6386453316937,24.498645331693723,24.498645331693723,12.952651581985414
2026-03-09 20:00:00,189.1,190.58907013298264,1.489070132982647,1.489070132982647,0.7874511502422715
2026-03-09 20:15:00,150.46,176.366916549674,25.90691654967398,25.90691654967398,17.218474263916814
2026-03-09 20:30:00,118.34,141.9491972428862,23.60919724288621,23.60919724288621,19.950310160033048
2026-03-09 20:45:00,93.0,109.6696795807522,16.669679580752202,16.669679580752202,17.92438645323477
2026-03-09 21:00:00,158.61,123.25549254211376,35.35450745788626,-35.35450745788626,22.290213249469844
2026-03-09 21:15:00,121.62,134.00839868446153,12.38839868446152,12.38839868446152,10.1861524277257
2026-03-09 21:30:00,95.69,108.30017482716175,12.610174827161757,12.610174827161757,13.178153093719539
2026-03-09 21:45:00,85.0,87.1576107553559,2.157610755355904,2.157610755355904,2.5383655646732337
2026-03-09 22:00:00,105.19,109.95706625155323,4.767066251553231,4.767066251553231,4.531862540388446
2026-03-09 22:15:00,95.61,102.93281122467847,7.322811224678475,7.322811224678475,7.659043142022846
2026-03-09 22:30:00,85.2,86.94340463462525,1.74340463462525,1.74340463462525,2.0462495471393836
2026-03-09 22:45:00,77.07,74.70263386377981,2.367366136220184,-2.367366136220184,3.0717089730155633
2026-03-09 23:00:00,82.21,89.12507302143818,6.9150730214381895,6.9150730214381895,8.411474196963201
2026-03-09 23:15:00,78.15,79.11140965373478,0.9614096537347763,0.9614096537347763,1.230210673618259
2026-03-09 23:30:00,74.58,74.8595077327129,0.27950773271290075,0.27950773271290075,0.37477571596291714
2026-03-09 23:45:00,70.9,70.26040618009807,0.6395938199019326,-0.6395938199019326,0.902106926489229
2026-03-10 00:00:00,73.13,75.77274580375072,2.642745803750728,2.642745803750728,3.6137642111487573
2026-03-10 00:15:00,70.54,70.84133674023235,0.3013367402323439,0.3013367402323439,0.4271856194506488
2026-03-10 00:30:00,68.91,66.59363419791292,2.316365802087077,-2.316365802087077,3.3614363205234565
2026-03-10 00:45:00,67.13,62.624483618855116,4.505516381144879,-4.505516381144879,6.7116286519121005
2026-03-10 01:00:00,73.33,67.66093130655878,5.669068693441218,-5.669068693441218,7.730899517431097
2026-03-10 01:15:00,71.99,69.46408207954158,2.5259179204584115,-2.5259179204584115,3.508706605599869
2026-03-10 01:30:00,71.43,67.97838224034682,3.451617759653189,-3.451617759653189,4.83216815250106
2026-03-10 01:45:00,70.67,67.25089977793365,3.419100222066348,-3.419100222066348,4.838121089125707
2026-03-10 02:00:00,72.19,69.36294248490753,2.827057515092463,-2.827057515092463,3.91613447282327
2026-03-10 02:15:00,71.35,69.23899310638443,2.111006893615567,-2.111006893615567,2.9586641401947102
2026-03-10 02:30:00,70.28,68.03698281264893,2.2430171873510716,-2.2430171873510716,3.1915440458674316
2026-03-10 02:45:00,68.5,67.07835800827195,1.4216419917280518,-1.4216419917280518,2.075389738648401
2026-03-10 03:00:00,69.94,66.03801139580432,3.9019886041956795,-3.9019886041956795,5.579051398920741
2026-03-10 03:15:00,69.75,67.16743096963916,2.582569030360844,-2.582569030360844,3.7026078757487673
2026-03-10 03:30:00,69.7,65.61072009511935,4.089279904880655,-4.089279904880655,5.866972519671348
2026-03-10 03:45:00,69.14,67.66508145214348,1.474918547856518,-1.474918547856518,2.133234779467993
2026-03-10 04:00:00,68.63,65.76398159610642,2.8660184038935768,-2.8660184038935768,4.17604307465124
2026-03-10 04:15:00,68.81,66.8861371281043,1.9238628718957074,-1.9238628718957074,2.795905891493458
2026-03-10 04:30:00,69.6,69.55343102511722,0.04656897488277423,-0.04656897488277423,0.06690944570931003
2026-03-10 04:45:00,70.26,69.97778376872662,0.2822162312733809,-0.2822162312733809,0.4016741065423283
2026-03-10 05:00:00,66.62,71.0988483425886,4.478848342588591,4.478848342588591,6.722978497986801
2026-03-10 05:15:00,68.35,72.27023841735192,3.920238417351925,3.920238417351925,5.735535274318321
2026-03-10 05:30:00,70.52,73.36458267497616,2.8445826749761665,2.8445826749761665,4.033724666249178
2026-03-10 05:45:00,72.4,78.09673590637459,5.696735906374585,5.696735906374585,7.86841965150606
2026-03-10 06:00:00,70.29,73.50166728935257,3.2116672893525617,3.2116672893525617,4.569166657648164
2026-03-10 06:15:00,72.44,76.55168381676397,4.111683816763971,4.111683816763971,5.675985311988016
2026-03-10 06:30:00,110.14,79.52425619946516,30.615743800534844,-30.615743800534844,27.797115963831203
2026-03-10 06:45:00,121.66,119.79433984447849,1.8656601555215104,-1.8656601555215104,1.5335033208831803
2026-03-10 07:00:00,123.09,107.53974254724575,15.550257452754252,-15.550257452754252,12.63324179577694
2026-03-10 07:15:00,148.19,119.34332371687097,28.846676283129028,-28.846676283129028,19.466007212678964
2026-03-10 07:30:00,156.18,140.49569720849817,15.684302791501835,-15.684302791501835,10.042452741117497
2026-03-10 07:45:00,146.7,153.78827031886215,7.088270318862158,7.088270318862158,4.8318134086871325
2026-03-10 08:00:00,138.28,132.25109005921462,6.028909940785383,-6.028909940785383,4.359929054950891
2026-03-10 08:15:00,134.7,137.746286589766,3.046286589765998,3.046286589765998,2.2615341998148897
2026-03-10 08:30:00,120.41,130.10938323573976,9.69938323573976,9.69938323573976,8.055297031132621
2026-03-10 08:45:00,114.89,116.0532927824911,1.163292782491098,1.163292782491098,1.0125274369969741
2026-03-10 09:00:00,126.93,124.36492598315486,2.565074016845145,-2.565074016845145,2.0208571627169096
2026-03-10 09:15:00,99.91,117.04441801722247,17.134418017222472,17.134418017222472,17.149852713165796
2026-03-10 09:30:00,35.43,94.36628657721548,58.936286577215476,58.936286577215476,166.34570960699514
2026-03-10 09:45:00,79.41,39.55571936925203,39.854280630747965,-39.854280630747965,50.18798656197973
2026-03-10 10:00:00,95.17,88.54138597694072,6.628614023059285,-6.628614023059285,6.965024643699735
2026-03-10 10:15:00,79.61,87.85099846107994,8.24099846107994,8.24099846107994,10.351712545613385
2026-03-10 10:30:00,50.73,73.91688391367043,23.186883913670435,23.186883913670435,45.70645270373726
2026-03-10 10:45:00,34.43,49.067866024677535,14.637866024677535,14.637866024677535,42.51485797133011
2026-03-10 11:00:00,37.36,51.0055815876255,13.6455815876255,13.6455815876255,36.52457500636979
2026-03-10 11:15:00,50.91,39.84671992869989,11.063280071300106,-11.063280071300106,21.731054515791715
2026-03-10 11:30:00,40.05,51.54732063359169,11.497320633591691,11.497320633591691,28.70741659554938
2026-03-10 11:45:00,41.63,38.999093612157495,2.630906387842508,-2.630906387842508,6.319736547309975
2026-03-10 12:00:00,52.51,43.824609379114825,8.685390620885173,-8.685390620885173,16.540450305619252
2026-03-10 12:15:00,72.89,51.27045430482631,21.61954569517369,-21.61954569517369,29.66050953295184
2026-03-10 12:30:00,72.88,74.01887869205592,1.1388786920559255,1.1388786920559255,1.5626765593155325
2026-03-10 12:45:00,72.42,71.2325523720526,1.1874476279474067,-1.1874476279474067,1.639668063450326
2026-03-10 13:00:00,73.05,68.3340705787072,4.715929421292799,-4.715929421292799,6.455755450698487
2026-03-10 13:15:00,72.08,72.11434418713854,0.0343441871385437,0.0343441871385437,0.0476473177886661
2026-03-10 13:30:00,71.09,71.58512176890736,0.49512176890735304,0.49512176890735304,0.6964717427804693
2026-03-10 13:45:00,70.4,68.50849639731128,1.8915036026887293,-1.8915036026887293,2.686794852018154
2026-03-10 14:00:00,72.91,67.78592209190839,5.124077908091607,-5.124077908091607,7.027949304364442
2026-03-10 14:15:00,69.95,71.48694369721336,1.5369436972133599,1.5369436972133599,2.197203252668088
2026-03-10 14:30:00,70.39,68.27088881537824,2.119111184621758,-2.119111184621758,3.0105287036744866
2026-03-10 14:45:00,70.52,72.36207997229766,1.8420799722976682,1.8420799722976682,2.612138324129729
2026-03-10 15:00:00,68.85,70.10838270551848,1.2583827055184855,1.2583827055184855,1.8277163213381589
2026-03-10 15:15:00,70.77,69.87810862364238,0.89189137635762,-0.89189137635762,1.260267576310505
2026-03-10 15:30:00,71.19,72.94352544918462,1.7535254491846217,1.7535254491846217,2.463162557315629
2026-03-10 15:45:00,73.25,75.8665877037909,2.6165877037908984,2.6165877037908984,3.5721333352485534
2026-03-10 16:00:00,71.94,73.78070673404275,1.8407067340427545,1.8407067340427545,2.558669319510789
2026-03-10 16:15:00,73.92,78.4440107132892,4.524010713289201,4.524010713289201,6.1201442804217505
2026-03-10 16:30:00,75.79,77.24773852925264,1.4577385292526372,1.4577385292526372,1.9233916216106621
2026-03-10 16:45:00,132.81,83.97335956949956,48.83664043050044,-48.83664043050044,36.771809398977744
2026-03-10 17:00:00,92.05,104.97447748087356,12.924477480873563,12.924477480873563,14.040714112402414
2026-03-10 17:15:00,119.44,101.83001635341495,17.60998364658505,-17.60998364658505,14.743790605448046
2026-03-10 17:30:00,107.94,124.99980232660648,17.059802326606487,17.059802326606487,15.804893615487819
2026-03-10 17:45:00,156.71,118.40180236098928,38.30819763901073,-38.30819763901073,24.445279429875523
2026-03-10 18:00:00,114.46,126.35874808434463,11.898748084344632,11.898748084344632,10.395551267158064
2026-03-10 18:15:00,139.09,120.78885891223204,18.30114108776796,-18.30114108776796,13.157769038888684
2026-03-10 18:30:00,81.81,139.36666791815708,57.556667918157075,57.556667918157075,70.35407311406472
2026-03-10 18:45:00,186.53,89.15552889752188,97.37447110247813,-97.37447110247813,52.203115091645834
2026-03-10 19:00:00,167.81,150.15771513240705,17.652284867592954,-17.652284867592954,10.519209083130244
2026-03-10 19:15:00,146.01,160.14000612551828,14.130006125518292,14.130006125518292,9.677423483832655
2026-03-10 19:30:00,100.39,126.10767725159343,25.71767725159343,25.71767725159343,25.617767701380366
2026-03-10 19:45:00,89.76,97.28147837765374,7.521478377653736,7.521478377653736,8.379543553763703
2026-03-10 20:00:00,123.63,107.81719556048975,15.812804439510245,-15.812804439510245,12.790426523987689
2026-03-10 20:15:00,109.0,114.69362333653068,5.693623336530678,5.693623336530678,5.223507600271194
2026-03-10 20:30:00,104.91,100.19164876981836,4.718351230181639,-4.718351230181639,4.497522814990384
2026-03-10 20:45:00,90.96,98.44383788820792,7.48383788820793,7.48383788820793,8.227614122616304
2026-03-10 21:00:00,118.95,104.59302279051565,14.356977209484356,-14.356977209484356,12.069757956104898
2026-03-10 21:15:00,85.44,108.69929285694518,23.25929285694518,23.25929285694518,27.22295480420837
2026-03-10 21:30:00,80.47,78.95040306837132,1.5195969316286835,-1.5195969316286835,1.8884017804705677
2026-03-10 21:45:00,77.98,77.39044610470908,0.5895538952909192,-0.5895538952909192,0.7560321720064087
2026-03-10 22:00:00,77.07,89.26872121371969,12.198721213719693,12.198721213719693,15.828105690201944
2026-03-10 22:15:00,75.72,73.92850947396929,1.7914905260307137,-1.7914905260307137,2.3659409698511675
2026-03-10 22:30:00,73.9,70.6392634619816,3.2607365380184063,-3.2607365380184063,4.412363320561263
2026-03-10 22:45:00,71.79,69.4422515818503,2.347748418149706,-2.347748418149706,3.2703000215165146
2026-03-10 23:00:00,72.29,72.59129281106534,0.3012928110653377,0.3012928110653377,0.41678352040047373
2026-03-10 23:15:00,69.25,68.98796507860271,0.26203492139728723,-0.26203492139728723,0.3783897727269163
2026-03-10 23:30:00,66.72,64.15140689160823,2.5685931083917666,-2.5685931083917666,3.8498097570348757
2026-03-10 23:45:00,63.47,61.82517771353315,1.644822286466848,-1.644822286466848,2.5914956050919993
2026-03-11 00:00:00,63.65,64.11879634218246,0.4687963421824648,0.4687963421824648,0.7365221285424093
2026-03-11 00:15:00,59.93,58.823604581088254,1.1063954189117453,-1.1063954189117453,1.846146171283637
2026-03-11 00:30:00,57.13,53.62204597619848,3.507954023801524,-3.507954023801524,6.140301001922833
2026-03-11 00:45:00,54.12,52.476824125283,1.643175874716995,-1.643175874716995,3.0361711832137535
2026-03-11 01:00:00,55.84,56.938071823504636,1.0980718235046325,1.0980718235046325,1.9664609667622186
2026-03-11 01:15:00,53.22,51.87010258228823,1.349897417711766,-1.349897417711766,2.5364475617198243
2026-03-11 01:30:00,50.69,49.98296632341893,0.7070336765810694,-0.7070336765810694,1.3948188254742182
2026-03-11 01:45:00,47.69,47.78113296978866,0.09113296978866003,0.09113296978866003,0.19109450173561549
2026-03-11 02:00:00,48.62,49.56977148813911,0.9497714881391133,0.9497714881391133,1.9534583887382342
2026-03-11 02:15:00,46.6,45.6413250570013,0.958674942998698,-0.958674942998698,2.0572423228031647
2026-03-11 02:30:00,43.18,43.49402763743319,0.31402763743319184,0.31402763743319184,0.7272525015300297
2026-03-11 02:45:00,42.66,41.51564455917661,1.1443554408233894,-1.1443554408233894,2.6825021425184437
2026-03-11 03:00:00,41.84,42.86943908366106,1.0294390836610532,1.0294390836610532,2.4604184011875456
2026-03-11 03:15:00,42.22,40.895302826807985,1.324697173192014,-1.324697173192014,3.137605736181802
2026-03-11 03:30:00,41.36,40.737455712364,0.6225442876359963,-0.6225442876359963,1.5051844114703874
2026-03-11 03:45:00,41.12,40.95152940229679,0.16847059770320527,-0.16847059770320527,0.4097047509877378
2026-03-11 04:00:00,41.33,38.11444921400473,3.2155507859952692,-3.2155507859952692,7.78018559930659
2026-03-11 04:15:00,41.59,40.48983291245477,1.1001670875452305,-1.1001670875452305,2.645268240184054
2026-03-11 04:30:00,40.71,40.201888752576224,0.508111247423777,-0.508111247423777,1.2481238883383399
2026-03-11 04:45:00,41.57,39.99310471488366,1.5768952851163434,-1.5768952851163434,3.793349163297695
2026-03-11 05:00:00,39.04,39.730918608423806,0.6909186084238073,0.6909186084238073,1.7697709803434873
2026-03-11 05:15:00,38.12,39.635659085303516,1.5156590853035183,1.5156590853035183,3.976020581173433
2026-03-11 05:30:00,39.21,37.77704717924925,1.4329528207507494,-1.4329528207507494,3.654559510852217
2026-03-11 05:45:00,43.13,39.666237513662026,3.463762486337977,-3.463762486337977,8.030981697259818
2026-03-11 06:00:00,33.99,41.131551363582794,7.141551363582792,7.141551363582792,21.010741846058764
2026-03-11 06:15:00,39.99,34.7810160823695,5.208983917630505,-5.208983917630505,13.025715897407716
2026-03-11 06:30:00,35.25,41.21851853885972,5.968518538859719,5.968518538859719,16.931967005787374
2026-03-11 06:45:00,64.3,34.71420187684424,29.585798123155755,-29.585798123155755,46.01212700316405
2026-03-11 07:00:00,42.37,58.808595972137006,16.43859597213701,16.43859597213701,38.79772382383708
2026-03-11 07:15:00,49.59,48.66428830343436,0.9257116965656422,-0.9257116965656422,1.866730546276138
2026-03-11 07:30:00,53.82,53.772152075788114,0.04784792421188655,-0.04784792421188655,0.08890361078195921
2026-03-11 07:45:00,58.02,58.975127554706326,0.9551275547063227,0.9551275547063227,1.6462039611242385
2026-03-11 08:00:00,66.37,57.19296927422036,9.177030725779645,-9.177030725779645,13.827076371114783
2026-03-11 08:15:00,66.95,66.20679971779641,0.7432002822035884,-0.7432002822035884,1.1100825557920282
2026-03-11 08:30:00,65.63,66.96117763419288,1.3311776341928834,1.3311776341928834,2.0283065883129936
2026-03-11 08:45:00,55.4,62.94205942960363,7.542059429603633,7.542059429603633,13.613825439468194
2026-03-11 09:00:00,71.11,59.95268721962105,11.157312780378952,-11.157312780378952,15.690216036389806
2026-03-11 09:15:00,64.04,67.0720254905509,3.032025490550893,3.032025490550893,4.734580642106631
2026-03-11 09:30:00,60.1,59.22177343214665,0.8782265678533534,-0.8782265678533534,1.4612754629627267
2026-03-11 09:45:00,54.53,56.2387464030741,1.7087464030741017,1.7087464030741017,3.133589531887413
2026-03-11 10:00:00,64.89,57.336012733269364,7.553987266730637,-7.553987266730637,11.641219217627437
2026-03-11 10:15:00,59.13,58.83535332533591,0.29464667466409367,-0.29464667466409367,0.4983031788957583
2026-03-11 10:30:00,52.93,53.10328769750488,0.1732876975048825,0.1732876975048825,0.3273903159474388
2026-03-11 10:45:00,24.85,47.11452467759097,22.26452467759097,22.26452467759097,89.59566914138541
2026-03-11 11:00:00,52.45,34.326100085585566,18.123899914414437,-18.123899914414437,34.554622628919375
2026-03-11 11:15:00,34.59,44.29791164668714,9.707911646687137,9.707911646687137,28.065658762736483
2026-03-11 11:30:00,27.6,26.693287231539934,0.9067127684600678,-0.9067127684600678,3.285191071044047
2026-03-11 11:45:00,23.65,21.467640296831636,2.1823597031683626,-2.1823597031683626,9.227736198270616
2026-03-11 12:00:00,37.16,26.281478103893775,10.878521896106221,-10.878521896106221,29.274815940145487
2026-03-11 12:15:00,32.0,29.308061646710648,2.691938353289352,-2.691938353289352,8.412307091144628
2026-03-11 12:30:00,29.16,24.86530860427354,4.29469139572646,-4.29469139572646,14.728022114013164
2026-03-11 12:45:00,26.36,24.114202273522583,2.2457977264774165,-2.2457977264774165,8.5197179107748
2026-03-11 13:00:00,32.13,26.447515890652898,5.682484109347104,-5.682484109347104,17.68591326638024
2026-03-11 13:15:00,31.9,27.31867085581343,4.581329144186569,-4.581329144186569,14.361532917151221
2026-03-11 13:30:00,30.12,29.0310689968697,1.0889310031303019,-1.0889310031303019,3.6153086553028393
2026-03-11 13:45:00,26.12,28.29531497094853,2.1753149709485307,2.1753149709485307,8.328158069169026
2026-03-11 14:00:00,29.47,28.481321504078853,0.9886784959211461,-0.9886784959211461,3.354864141067203
2026-03-11 14:15:00,29.43,28.422437340129864,1.0075626598701355,-1.0075626598701355,3.4235903011696647
2026-03-11 14:30:00,26.09,28.33471260081485,2.24471260081485,2.24471260081485,8.603727538434553
2026-03-11 14:45:00,28.92,27.64849738679901,1.2715026132009903,-1.2715026132009903,4.396620225569806
2026-03-11 15:00:00,24.15,27.596878608298844,3.446878608298846,3.446878608298846,14.272788677312459
2026-03-11 15:15:00,32.08,26.0539080469059,6.026091953094099,-6.026091953094099,18.78457532808088
2026-03-11 15:30:00,46.52,33.062185629831866,13.457814370168137,-13.457814370168137,28.92909303713931
2026-03-11 15:45:00,57.91,51.76407801954061,6.145921980459384,-6.145921980459384,10.612885294993148
2026-03-11 16:00:00,47.17,51.57885340240812,4.40885340240812,4.40885340240812,9.346731628027992
2026-03-11 16:15:00,57.41,53.2768005396995,4.133199460300496,-4.133199460300496,7.199441540334578
2026-03-11 16:30:00,62.95,66.11124162306925,3.1612416230692446,3.1612416230692446,5.021829345275538
2026-03-11 16:45:00,67.41,71.63488414514241,4.224884145142411,4.224884145142411,6.2674441217445045
2026-03-11 17:00:00,60.14,64.20661826876741,4.066618268767414,4.066618268767414,6.761919190469275
2026-03-11 17:15:00,66.7,64.57965065112529,2.1203493488747114,-2.1203493488747114,3.1789345083738625
2026-03-11 17:30:00,66.45,72.84982084965526,6.399820849655256,6.399820849655256,9.631031983965292
2026-03-11 17:45:00,78.59,69.41499582980039,9.175004170199614,-9.175004170199614,11.674518454580008
2026-03-11 18:00:00,69.91,73.07481094267648,3.164810942676482,3.164810942676482,4.526978826214696
2026-03-11 18:15:00,77.34,74.11429235689097,3.2257076431090326,-3.2257076431090326,4.170814069564122
2026-03-11 18:30:00,79.9,78.85980142618081,1.0401985738191968,-1.0401985738191968,1.301875545432342
2026-03-11 18:45:00,73.66,82.87053378895013,9.21053378895013,9.21053378895013,12.504118468516081
2026-03-11 19:00:00,71.59,76.99779181526868,5.407791815268681,5.407791815268681,7.55383676453459
2026-03-11 19:15:00,69.63,73.71856167978059,4.088561679780597,4.088561679780597,5.871839180040507
2026-03-11 19:30:00,68.7,69.37738517785844,0.6773851778584401,0.6773851778584401,0.9860046113513741
2026-03-11 19:45:00,68.24,67.71411341812929,0.5258865818707079,-0.5258865818707079,0.7706426936756756
2026-03-11 20:00:00,69.81,70.45747384255708,0.6474738425570763,0.6474738425570763,0.9274800648650274
2026-03-11 20:15:00,68.96,68.63178628373463,0.3282137162653669,-0.3282137162653669,0.47594795752013824
2026-03-11 20:30:00,68.28,67.08521458080847,1.1947854191915326,-1.1947854191915326,1.7498321641669756
2026-03-11 20:45:00,67.42,65.7388761380237,1.6811238619763031,-1.6811238619763031,2.4935091027012937
2026-03-11 21:00:00,67.74,68.68677771445586,0.9467777144558625,0.9467777144558625,1.3976641577785962
2026-03-11 21:15:00,66.79,66.52917780467183,0.2608221953281742,-0.2608221953281742,0.3905108420767566
2026-03-11 21:30:00,63.9,65.23246532670838,1.3324653267083804,1.3324653267083804,2.085235220431969
2026-03-11 21:45:00,62.89,62.59835784730046,0.29164215269953786,-0.29164215269953786,0.46373373837207904
2026-03-11 22:00:00,62.94,65.37757112344724,2.437571123447242,2.437571123447242,3.872848879438756
2026-03-11 22:15:00,62.53,62.97141201137622,0.4414120113762223,0.4414120113762223,0.7059203651319665
2026-03-11 22:30:00,61.88,63.04583787177137,1.165837871771366,1.165837871771366,1.88403014371536
2026-03-11 22:45:00,61.04,60.32725512869222,0.7127448713077769,-0.7127448713077769,1.1676685118464807
2026-03-11 23:00:00,60.07,62.98071558592795,2.910715585927953,2.910715585927953,4.845539433115629
2026-03-11 23:15:00,60.3,59.875653317038115,0.4243466829618825,-0.4243466829618825,0.7037258307207699
2026-03-11 23:30:00,59.89,58.96292978809832,0.9270702119016789,-0.9270702119016789,1.5479549113744029
2026-03-11 23:45:00,58.4,57.34223564557296,1.0577643544270359,-1.0577643544270359,1.811240301908618
2026-03-12 00:00:00,57.96,58.598099945656166,0.6380999456561653,0.6380999456561653,1.1009315642630257
2026-03-12 00:15:00,56.49,55.001760209037236,1.4882397909627656,-1.4882397909627656,2.634518967281954
2026-03-12 00:30:00,54.89,53.21856176141462,1.671438238585381,-1.671438238585381,3.0450686976401786
2026-03-12 00:45:00,50.89,51.38754243257885,0.49754243257884667,0.49754243257884667,0.9776821041501781
2026-03-12 01:00:00,54.64,51.993284472594596,2.646715527405405,-2.646715527405405,4.843915591080251
2026-03-12 01:15:00,53.77,49.8087207590963,3.9612792409037,-3.9612792409037,7.367080467236183
2026-03-12 01:30:00,50.44,50.03989128751082,0.40010871248917823,-0.40010871248917823,0.7932369241808268
2026-03-12 01:45:00,45.4,45.6936307812019,0.2936307812018981,0.2936307812018981,0.6467638210005725
2026-03-12 02:00:00,49.32,45.51681380064862,3.80318619935138,-3.80318619935138,7.711245178911047
2026-03-12 02:15:00,43.45,43.05971844081207,0.39028155918793317,-0.39028155918793317,0.8982314158932544
2026-03-12 02:30:00,42.58,38.783148391555045,3.7968516084449533,-3.7968516084449533,8.916983370772945
2026-03-12 02:45:00,25.17,38.6832647774319,13.5132647774319,13.5132647774319,53.68797870700084
2026-03-12 03:00:00,30.7,31.473931058376024,0.773931058376025,0.773931058376025,2.5209479907705052
2026-03-12 03:15:00,13.23,27.498865169756236,14.268865169756236,14.268865169756236,107.8523362904979
2026-03-12 03:30:00,13.17,10.323293436682036,2.846706563317964,-2.846706563317964,21.61508236269659
2026-03-12 03:45:00,10.48,10.999273403944992,0.5192734039449913,0.5192734039449913,4.954898419809228
2026-03-12 04:00:00,12.0,13.373320794666942,1.3733207946669417,1.3733207946669417,11.44433900186293
2026-03-12 04:15:00,12.01,9.813986215567363,2.196013784432637,-2.196013784432637,18.284875949907388
2026-03-12 04:30:00,13.18,10.782898471968197,2.3971015280318024,-2.3971015280318024,18.18741537297154
2026-03-12 04:45:00,15.55,12.273188005435394,3.276811994564607,-3.276811994564607,21.072744590592677
2026-03-12 05:00:00,9.07,13.55724844419316,4.48724844419316,4.48724844419316,49.47351653206169
2026-03-12 05:15:00,12.01,11.675146270631197,0.33485372936880253,-0.33485372936880253,2.788124075666626
2026-03-12 05:30:00,13.66,13.789302020504213,0.12930202050421258,0.12930202050421258,0.9465740193153176
2026-03-12 05:45:00,13.17,15.537277393516451,2.367277393516451,2.367277393516451,17.974770036209193
2026-03-12 06:00:00,11.94,15.312702955966223,3.372702955966224,3.372702955966224,28.247091067799946
2026-03-12 06:15:00,11.96,13.555747344074787,1.5957473440747858,1.5957473440747858,13.342367982032657
2026-03-12 06:30:00,30.73,14.554513364496115,16.175486635503887,-16.175486635503887,52.637442593978065
2026-03-12 06:45:00,25.08,37.479586667441964,12.399586667441966,12.399586667441966,49.44013625614276
2026-03-12 07:00:00,32.65,29.231836510748114,3.418163489251885,-3.418163489251885,10.469106843984125
2026-03-12 07:15:00,48.06,35.03996177851391,13.02003822148609,-13.02003822148609,27.091215044889594
2026-03-12 07:30:00,57.41,57.86979634349147,0.459796343491476,0.459796343491476,0.8008993824812441
2026-03-12 07:45:00,61.01,65.33873280308018,4.328732803080179,4.328732803080179,7.095120032992917
2026-03-12 08:00:00,59.58,60.88830677201632,1.3083067720163228,1.3083067720163228,2.1958824270854294
2026-03-12 08:15:00,61.66,63.98770137247763,2.327701372477634,2.327701372477634,3.7750589275495376
2026-03-12 08:30:00,64.01,63.871058106725734,0.13894189327427142,-0.13894189327427142,0.21706278878869475
2026-03-12 08:45:00,64.57,64.23878171114666,0.3312182888533357,-0.3312182888533357,0.5129600181566294
2026-03-12 09:00:00,64.69,65.13901612903581,0.4490161290358117,0.4490161290358117,0.6941043779483196
2026-03-12 09:15:00,63.98,60.490559785030264,3.489440214969733,-3.489440214969733,5.453954611488257
2026-03-12 09:30:00,62.09,59.02972355595038,3.06027644404962,-3.06027644404962,4.928774995590063
2026-03-12 09:45:00,57.31,54.815299891752886,2.494700108247116,-2.494700108247116,4.352992609871209
2026-03-12 10:00:00,61.43,56.002606183821555,5.427393816178444,-5.427393816178444,8.835086647936803
2026-03-12 10:15:00,57.15,53.820520908292465,3.329479091707533,-3.329479091707533,5.825860076026129
2026-03-12 10:30:00,47.53,51.00913421553607,3.479134215536071,3.479134215536071,7.319869855538339
2026-03-12 10:45:00,34.53,38.3831117147281,3.853111714728101,3.853111714728101,11.158736180540803
2026-03-12 11:00:00,52.48,38.257698569708175,14.222301430291822,-14.222301430291822,27.100421416325478
2026-03-12 11:15:00,27.07,44.015513406437755,16.945513406437755,16.945513406437755,62.598865092165134
2026-03-12 11:30:00,10.75,20.078720774255455,9.328720774255455,9.328720774255455,86.77878982760518
2026-03-12 11:45:00,6.0,5.8336824801675595,0.16631751983244047,-0.16631751983244047,2.7719582018809743
2026-03-12 12:00:00,13.16,12.1029380489936,1.0570619510063999,-1.0570619510063999,8.032385035581683
2026-03-12 12:15:00,11.98,8.487324856100871,3.4926751438991293,-3.4926751438991293,29.1542141265191
2026-03-12 12:30:00,10.6,6.8363898300857855,3.763610169914214,-3.763610169914214,35.50575297034608
2026-03-12 12:45:00,9.72,6.692054517523516,3.0279454824764844,-3.0279454824764844,31.151699289706702
2026-03-12 13:00:00,10.9,8.326316302591598,2.573683697408402,-2.573683697408402,23.611774874226178
2026-03-12 13:15:00,9.99,8.328454120311878,1.6615458796881217,-1.6615458796881217,16.632089222895193
2026-03-12 13:30:00,9.51,6.823236355338348,2.686763644661652,-2.686763644661652,28.251980674467358
2026-03-12 13:45:00,8.56,7.090700031401219,1.469299968598781,-1.469299968598781,17.16471725410758
2026-03-12 14:00:00,9.76,7.017562903236022,2.742437096763978,-2.742437096763978,28.09873786656352
2026-03-12 14:15:00,9.79,6.698126221903035,3.0918737780969643,-3.0918737780969643,31.581955692312647
2026-03-12 14:30:00,12.01,7.441030806610181,4.568969193389819,-4.568969193389819,38.043037576681456
2026-03-12 14:45:00,9.75,13.06193229101574,3.31193229101574,3.31193229101574,33.96853283415807
2026-03-12 15:00:00,10.07,10.045648192329065,0.0243518076709357,-0.0243518076709357,0.2418252755976459
2026-03-12 15:15:00,10.0,9.085576152163904,0.9144238478360958,-0.9144238478360958,9.144237563937201
2026-03-12 15:30:00,13.0,9.856436655136038,3.1435633448639617,-3.1435633448639617,24.18125463885704
2026-03-12 15:45:00,9.76,15.242242717212028,5.482242717212028,5.482242717212028,56.17051388839026
2026-03-12 16:00:00,9.72,10.78976604264145,1.069766042641449,1.069766042641449,11.005822351679274
2026-03-12 16:15:00,11.97,10.726152672001144,1.243847327998857,-1.243847327998857,10.391371963952695
2026-03-12 16:30:00,25.01,19.4165591968761,5.593440803123901,-5.593440803123901,22.364816391346405
2026-03-12 16:45:00,86.39,32.51905803680772,53.87094196319228,-53.87094196319228,62.357843893522215
2026-03-12 17:00:00,40.39,68.57661944671665,28.186619446716648,28.186619446716648,69.78613208431624
2026-03-12 17:15:00,22.64,51.39767661170755,28.757676611707552,28.757676611707552,127.02153419387017
2026-03-12 17:30:00,48.03,28.1023693856097,19.927630614390303,-19.927630614390303,41.48996502080086
2026-03-12 17:45:00,80.0,65.94642427337203,14.053575726627969,-14.053575726627969,17.566969438697843
2026-03-12 18:00:00,38.03,72.35596182198492,34.32596182198492,34.32596182198492,90.26021803676765
2026-03-12 18:15:00,50.47,48.67119278702267,1.79880721297733,-1.79880721297733,3.564111704648728
2026-03-12 18:30:00,196.76,58.42854632089246,138.33145367910754,-138.33145367910754,70.30466201263515
2026-03-12 18:45:00,76.72,169.21672571600118,92.49672571600118,92.49672571600118,120.5640309050585
2026-03-12 19:00:00,71.4,78.61242525983243,7.212425259832429,7.212425259832429,10.101435796663964
2026-03-12 19:15:00,74.19,69.9411598804786,4.248840119521404,-4.248840119521404,5.7269713738397225
2026-03-12 19:30:00,69.92,92.22444487665565,22.30444487665565,22.30444487665565,31.89994931014897
2026-03-12 19:45:00,52.67,69.8561897867569,17.1861897867569,17.1861897867569,32.62994011858268
2026-03-12 20:00:00,86.4,74.75519959513588,11.644800404864128,-11.644800404864128,13.477778090377715
2026-03-12 20:15:00,71.4,83.65534473325663,12.25534473325662,12.25534473325662,17.164348125508596
2026-03-12 20:30:00,48.22,66.9806208165454,18.760620816545398,18.760620816545398,38.90630532451752
2026-03-12 20:45:00,33.99,41.834330393985525,7.844330393985523,7.844330393985523,23.078347052668587
2026-03-12 21:00:00,38.93,51.64860071049599,12.718600710495991,12.718600710495991,32.67043509836024
2026-03-12 21:15:00,29.5,37.469078406322694,7.969078406322694,7.969078406322694,27.01382419045577
2026-03-12 21:30:00,99.97,25.40407580453978,74.56592419546021,-74.56592419546021,74.58829993955909
2026-03-12 21:45:00,48.02,94.60685326112329,46.58685326112329,46.58685326112329,97.01551913987525
2026-03-12 22:00:00,155.58,60.708731362801366,94.87126863719865,-94.87126863719865,60.97908987492464
2026-03-12 22:15:00,99.95,126.34343003198144,26.39343003198144,26.39343003198144,26.406633084457336
2026-03-12 22:30:00,48.04,90.28588721040293,42.245887210402934,42.245887210402934,87.93898070568929
2026-03-12 22:45:00,30.73,40.10415549935218,9.374155499352181,9.374155499352181,30.504898126596807
2026-03-12 23:00:00,30.74,63.46319850772488,32.72319850772489,32.72319850772489,106.45152063503475
2026-03-12 23:15:00,25.01,34.33733514075448,9.327335140754482,9.327335140754482,37.29442130271998
2026-03-12 23:30:00,12.02,20.13859321446985,8.11859321446985,8.11859321446985,67.54236721336255
2026-03-12 23:45:00,11.99,7.469265875524276,4.520734124475724,-4.520734124475724,37.70420139644462
2026-03-13 00:00:00,100.71,15.610525880408531,85.09947411959146,-85.09947411959146,84.49952663548427
2026-03-13 00:15:00,49.9,88.36620954762611,38.466209547626114,38.466209547626114,77.0865907349904
2026-03-13 00:30:00,9.71,41.33380837304972,31.62380837304972,31.62380837304972,325.68285392606776
2026-03-13 00:45:00,2.42,5.45486160221519,3.03486160221519,3.03486160221519,125.40745240250686
2026-03-13 01:00:00,26.97,22.05981991635348,4.9101800836465195,-4.9101800836465195,18.206080465649666
2026-03-13 01:15:00,25.04,23.407602704052536,1.632397295947463,-1.632397295947463,6.519158269791854
2026-03-13 01:30:00,13.17,20.2237345951169,7.053734595116898,7.053734595116898,53.55910447627832
2026-03-13 01:45:00,13.16,7.654154826097878,5.505845173902122,-5.505845173902122,41.83772610581201
2026-03-13 02:00:00,9.88,13.787865598606205,3.907865598606204,3.907865598606204,39.55329152908187
2026-03-13 02:15:00,9.81,9.593302151494083,0.2166978485059179,-0.2166978485059179,2.2089482815131
2026-03-13 02:30:00,9.72,8.76082288993468,0.9591771100653208,-0.9591771100653208,9.868076248812327
2026-03-13 02:45:00,9.72,8.681501397279508,1.0384986027204928,-1.0384986027204928,10.684140904105801
2026-03-13 03:00:00,8.55,9.014918187796303,0.464918187796302,0.464918187796302,5.437638987367394
2026-03-13 03:15:00,8.52,9.69410779422514,1.1741077942251401,1.1741077942251401,13.78060629599856
2026-03-13 03:30:00,5.07,9.451512159510422,4.381512159510422,4.381512159510422,86.42034113031578
2026-03-13 03:45:00,3.81,5.361803254747937,1.5518032547479366,1.5518032547479366,40.72973352888717
2026-03-13 04:00:00,3.81,6.0545081039555875,2.2445081039555874,2.2445081039555874,58.91095839490822
2026-03-13 04:15:00,3.81,5.219849795974206,1.4098497959742056,1.4098497959742056,37.00392194055082
2026-03-13 04:30:00,3.81,4.130973445635946,0.3209734456359459,0.3209734456359459,8.42449767430365
2026-03-13 04:45:00,3.8,4.371493822895755,0.5714938228957553,0.5714938228957553,15.039307171123253
2026-03-13 05:00:00,1.82,4.774287219423222,2.9542872194232217,2.9542872194232217,162.32338440600975
2026-03-13 05:15:00,1.96,5.23987385330519,3.2798738533051903,3.2798738533051903,167.34041734188864
2026-03-13 05:30:00,1.99,5.193697059669135,3.2036970596691345,3.2036970596691345,160.98972109406654
2026-03-13 05:45:00,1.99,5.136133934897872,3.146133934897872,3.146133934897872,158.09710321240402
2026-03-13 06:00:00,2.03,5.168043285072203,3.1380432850722033,3.1380432850722033,154.58333690831697
2026-03-13 06:15:00,2.41,5.238035741385923,2.828035741385923,2.828035741385923,117.34583269409111
2026-03-13 06:30:00,2.63,6.3900596338947455,3.7600596338947456,3.7600596338947456,142.96799255569658
2026-03-13 06:45:00,3.6,6.283065520382524,2.683065520382524,2.683065520382524,74.52957708574314
2026-03-13 07:00:00,13.17,4.8480503496964635,8.321949650303537,-8.321949650303537,63.188678955328385
2026-03-13 07:15:00,13.16,13.046028929381773,0.11397107061822709,-0.11397107061822709,0.8660415042386934
2026-03-13 07:30:00,12.01,13.47844990352367,1.4684499035236698,1.4684499035236698,12.226892433428356
2026-03-13 07:45:00,11.95,12.338905497536565,0.388905497536566,0.388905497536566,3.2544390375914287
2026-03-13 08:00:00,12.01,12.8143167612908,0.8043167612908011,0.8043167612908011,6.697058237470597
2026-03-13 08:15:00,11.32,14.43779599949457,3.11779599949457,3.11779599949457,27.54236505363003
2026-03-13 08:30:00,11.16,13.135071244986703,1.9750712449867027,1.9750712449867027,17.69776942660402
2026-03-13 08:45:00,7.6,12.65653097064567,5.056530970645671,5.056530970645671,66.53329349095706
2026-03-13 09:00:00,7.39,10.784053787994822,3.394053787994822,3.394053787994822,45.9276499149976
2026-03-13 09:15:00,4.86,7.741192723393062,2.8811927233930614,2.8811927233930614,59.28378869455091
2026-03-13 09:30:00,3.31,6.532317028818001,3.222317028818001,3.222317028818001,97.35093822684648
2026-03-13 09:45:00,2.69,5.191047208888592,2.501047208888592,2.501047208888592,92.97569810898182
2026-03-13 10:00:00,2.68,7.23971208182692,4.55971208182692,4.55971208182692,170.13844703143465
2026-03-13 10:15:00,2.63,4.395960973389592,1.7659609733895918,1.7659609733895918,67.1467795407527
2026-03-13 10:30:00,1.96,4.330315937820622,2.3703159378206218,2.3703159378206218,120.93442492226391
2026-03-13 10:45:00,1.0,4.15396453793166,3.1539645379316603,3.1539645379316603,315.3961383970277
2026-03-13 11:00:00,1.0,3.5164676637455328,2.5164676637455328,2.5164676637455328,251.6465147280386
2026-03-13 11:15:00,0.36,2.979967279235561,2.6199672792355613,2.6199672792355613,727.7666671024696
2026-03-13 11:30:00,0.92,2.805614750920766,1.885614750920766,1.885614750920766,204.95790231975462
2026-03-13 11:45:00,0.01,3.4800672007479987,3.470067200747999,3.470067200747999,34697.20228725126
2026-03-13 12:00:00,1.07,3.45201853974737,2.38201853974737,2.38201853974737,222.6183470620467
2026-03-13 12:15:00,1.2,1.2819463341345596,0.08194633413455965,0.08194633413455965,6.828855487167066
2026-03-13 12:30:00,1.0,1.713264674410412,0.7132646744104121,0.7132646744104121,71.32639611464509
2026-03-13 12:45:00,0.99,1.7062337655996291,0.7162337655996291,0.7162337655996291,72.34677193251613
2026-03-13 13:00:00,0.0,2.1230488484681382,2.1230488484681382,2.1230488484681382,212304884.84681383
2026-03-13 13:15:00,0.0,2.2010805416854162,2.2010805416854162,2.2010805416854162,220108054.16854164
2026-03-13 13:30:00,0.0,2.0876928528328778,2.0876928528328778,2.0876928528328778,208769285.28328776
2026-03-13 13:45:00,0.0,2.178777278877305,2.178777278877305,2.178777278877305,217877727.88773048
2026-03-13 14:00:00,0.42,3.031582288596414,2.611582288596414,2.611582288596414,621.8038263233693
2026-03-13 14:15:00,0.22,1.4104799918093924,1.1904799918093925,1.1904799918093925,541.1248093460449
2026-03-13 14:30:00,0.41,1.3066633897467295,0.8966633897467295,0.8966633897467295,218.69785433370396
2026-03-13 14:45:00,1.34,1.958498597709459,0.618498597709459,0.618498597709459,46.156577324155656
2026-03-13 15:00:00,0.99,2.4936023828734326,1.5036023828734326,1.5036023828734326,151.8788751600688
2026-03-13 15:15:00,0.44,5.0189524454689955,4.578952445468995,4.578952445468995,1040.6686451778507
2026-03-13 15:30:00,0.93,4.564910403107759,3.634910403107759,3.634910403107759,390.85016071033886
2026-03-13 15:45:00,2.9,10.981694598395315,8.081694598395314,8.081694598395314,278.6790279863805
2026-03-13 16:00:00,1.34,9.508749881756833,8.168749881756833,8.168749881756833,609.6077451999538
2026-03-13 16:15:00,2.87,6.805392742240876,3.935392742240876,3.935392742240876,137.12165055834043
2026-03-13 16:30:00,4.54,8.448620168904762,3.908620168904762,3.908620168904762,86.0929362990176
2026-03-13 16:45:00,10.42,10.36479984592886,0.055200154071139096,-0.055200154071139096,0.529751907616315
2026-03-13 17:00:00,12.02,11.847247830375217,0.17275216962478268,-0.17275216962478268,1.4372059505218235
2026-03-13 17:15:00,25.12,15.316321456587392,9.803678543412609,-9.803678543412609,39.02738118287738
2026-03-13 17:30:00,33.39,34.93124628500752,1.5412462850075173,1.5412462850075173,4.6158917006546885
2026-03-13 17:45:00,56.73,41.22251763943999,15.507482360560005,-15.507482360560005,27.335593314302965
2026-03-13 18:00:00,52.7,48.1556544747427,4.544345525257306,-4.544345525257306,8.623046373864977
2026-03-13 18:15:00,55.84,57.55115889565796,1.7111588956579595,1.7111588956579595,3.0643962482342353
2026-03-13 18:30:00,56.66,58.75880348276583,2.098803482765831,2.098803482765831,3.7042065755802427
2026-03-13 18:45:00,57.52,55.25336506070023,2.2666349392997702,-2.2666349392997702,3.9406030943910624
2026-03-13 19:00:00,52.7,56.105928553878854,3.4059285538788515,3.4059285538788515,6.462862408444455
2026-03-13 19:15:00,29.99,52.82964966484662,22.839649664846622,22.839649664846622,76.15754886052395
2026-03-13 19:30:00,27.04,35.20785457555098,8.167854575550983,8.167854575550983,30.206561662297954
2026-03-13 19:45:00,13.21,31.10027576585304,17.89027576585304,17.89027576585304,135.42978358482364
2026-03-13 20:00:00,26.97,29.200593753399858,2.2305937533998588,2.2305937533998588,8.270647648103012
2026-03-13 20:15:00,21.66,25.143313847037017,3.4833138470370173,3.4833138470370173,16.081780638131164
2026-03-13 20:30:00,13.17,24.432912620281886,11.262912620281886,11.262912620281886,85.5194515192663
2026-03-13 20:45:00,13.17,15.252349858692469,2.082349858692469,2.082349858692469,15.811311317990553
2026-03-13 21:00:00,38.25,20.388627642642867,17.861372357357133,-17.861372357357133,46.69639709906709
2026-03-13 21:15:00,27.0,37.09838511321898,10.098385113218981,10.098385113218981,37.40142496001752
2026-03-13 21:30:00,58.42,30.343167811703246,28.076832188296756,-28.076832188296756,48.06030761330654
2026-03-13 21:45:00,57.72,60.21679261070656,2.4967926107065637,2.4967926107065637,4.325697448803862
2026-03-13 22:00:00,26.96,54.8156525074233,27.8556525074233,27.8556525074233,103.32214938502153
2026-03-13 22:15:00,13.2,29.606702182379284,16.406702182379284,16.406702182379284,124.29318893520755
2026-03-13 22:30:00,57.82,16.330819329364495,41.489180670635506,-41.489180670635506,71.75575917170168
2026-03-13 22:45:00,52.71,59.47139500004421,6.76139500004421,6.76139500004421,12.82753722589421
2026-03-13 23:00:00,26.96,51.37012620525998,24.410126205259978,24.410126205259978,90.54200778872365
2026-03-13 23:15:00,13.2,26.187311246781505,12.987311246781506,12.987311246781506,98.38871411283611
2026-03-13 23:30:00,57.04,13.515421879176994,43.52457812082301,-43.52457812082301,76.30536002413993
2026-03-13 23:45:00,56.1,54.832187994053726,1.2678120059462756,-1.2678120059462756,2.259914408818416
2026-03-14 00:00:00,13.17,51.07590239607069,37.90590239607069,37.90590239607069,287.82004189726854
2026-03-14 00:15:00,13.16,13.820414653465962,0.6604146534659616,0.6604146534659616,5.018348049258976
2026-03-14 00:30:00,52.71,14.716984120511135,37.993015879488865,-37.993015879488865,72.07933059892916
2026-03-14 00:45:00,48.18,52.461682972641256,4.281682972641256,4.281682972641256,8.886846998283078
2026-03-14 01:00:00,11.97,47.78835693176828,35.81835693176828,35.81835693176828,299.2343687504143
2026-03-14 01:15:00,11.96,13.530668715959473,1.5706687159594726,1.5706687159594726,13.132680473517288
2026-03-14 01:30:00,11.96,13.709632913608665,1.7496329136086644,1.7496329136086644,14.62903651603929
2026-03-14 01:45:00,11.96,13.726195591130562,1.7661955911305611,1.7661955911305611,14.767520430228737
2026-03-14 02:00:00,9.71,15.310823865775504,5.600823865775503,5.600823865775503,57.68098134877127
2026-03-14 02:15:00,9.71,10.97229523018461,1.262295230184609,1.262295230184609,12.999949538466671
2026-03-14 02:30:00,11.94,10.884372918784036,1.0556270812159632,-1.0556270812159632,8.841097092169115
2026-03-14 02:45:00,12.0,12.36270730395121,0.3627073039512094,0.3627073039512094,3.0225606143800277
2026-03-14 03:00:00,8.56,12.35200144829637,3.7920014482963698,3.7920014482963698,44.299077164785025
2026-03-14 03:15:00,12.0,11.109162222081558,0.890837777918442,-0.890837777918442,7.423647530683056
2026-03-14 03:30:00,12.0,12.646643844380042,0.6466438443800424,0.6466438443800424,5.388698254108832
2026-03-14 03:45:00,12.0,12.882111848257903,0.8821118482579031,0.8821118482579031,7.350931456238238
2026-03-14 04:00:00,9.9,12.378227961509769,2.478227961509768,2.478227961509768,25.032603143270073
2026-03-14 04:15:00,5.08,11.252461024214437,6.172461024214437,6.172461024214437,121.50511435360814
2026-03-14 04:30:00,9.99,7.714027813457403,2.275972186542597,-2.275972186542597,22.782502089265027
2026-03-14 04:45:00,11.94,11.712928644167969,0.22707135583203097,-0.22707135583203097,1.9017699900697749
2026-03-14 05:00:00,11.94,10.99052262338987,0.9494773766101297,-0.9494773766101297,7.952071164902999
2026-03-14 05:15:00,11.95,11.200333970704895,0.7496660292951045,-0.7496660292951045,6.273355368715908
2026-03-14 05:30:00,11.96,12.285603645342615,0.3256036453426141,0.3256036453426141,2.7224382785805292
2026-03-14 05:45:00,11.96,11.598070239336625,0.3619297606633758,-0.3619297606633758,3.0261683143954237
2026-03-14 06:00:00,11.97,10.616584881623453,1.3534151183765477,-1.3534151183765477,11.30672519055385
2026-03-14 06:15:00,11.97,12.30278413364546,0.33278413364545933,0.33278413364545933,2.780151260183348
2026-03-14 06:30:00,12.0,11.378000324107928,0.6219996758920718,-0.6219996758920718,5.183330200489749
2026-03-14 06:45:00,12.0,11.600262260952505,0.3997377390474952,-0.3997377390474952,3.3311475478001644
2026-03-14 07:00:00,12.0,12.835707073316806,0.8357070733168062,0.8357070733168062,6.964225030621299
2026-03-14 07:15:00,11.97,13.079870029499482,1.109870029499481,1.109870029499481,9.27209638077291
2026-03-14 07:30:00,11.95,12.875528768857585,0.9255287688575855,0.9255287688575855,7.74500996993712
2026-03-14 07:45:00,11.94,12.779325905888978,0.8393259058889786,0.8393259058889786,7.029529611337375
2026-03-14 08:00:00,12.03,13.623148695213125,1.5931486952131255,1.5931486952131255,13.243130197687645
2026-03-14 08:15:00,12.5,13.306347714735702,0.8063477147357023,0.8063477147357023,6.450781201823124
2026-03-14 08:30:00,12.82,13.42804852956729,0.6080485295672897,0.6080485295672897,4.742967879388541
2026-03-14 08:45:00,13.17,13.928973907104403,0.7589739071044033,0.7589739071044033,5.762899388575622
2026-03-14 09:00:00,13.23,14.972343325491824,1.7423433254918237,1.7423433254918237,13.169638653026736
2026-03-14 09:15:00,13.64,14.161016314548032,0.5210163145480315,0.5210163145480315,3.8197674219234408
2026-03-14 09:30:00,11.96,13.988831772784593,2.028831772784592,2.028831772784592,16.96347494272444
2026-03-14 09:45:00,8.0,11.423839732441541,3.4238397324415413,3.4238397324415413,42.79799130577035
2026-03-14 10:00:00,5.36,12.992329776480675,7.632329776480675,7.632329776480675,142.39418568169435
2026-03-14 10:15:00,3.8,8.117889015308048,4.317889015308048,4.317889015308048,113.62862839530959
2026-03-14 10:30:00,3.6,5.430502361656664,1.8305023616566642,1.8305023616566642,50.84727369955353
2026-03-14 10:45:00,0.91,5.4515779059254195,4.541577905925419,4.541577905925419,499.07394672373096
2026-03-14 11:00:00,3.8,10.70502510842424,6.9050251084242396,6.9050251084242396,181.71113924507492
2026-03-14 11:15:00,3.5,4.976760996943176,1.4767609969431756,1.4767609969431756,42.19315928604522
2026-03-14 11:30:00,0.07,5.522775037824689,5.452775037824689,5.452775037824689,7789.567345930327
2026-03-14 11:45:00,0.01,4.572702942857261,4.562702942857261,4.562702942857261,45622.46718185443
2026-03-14 12:00:00,0.01,7.330624459482509,7.320624459482509,7.320624459482509,73198.92470235487
2026-03-14 12:15:00,0.01,4.246272401416469,4.236272401416469,4.236272401416469,42358.48816534816
2026-03-14 12:30:00,0.01,4.425010444718043,4.415010444718043,4.415010444718043,44145.689878192614
2026-03-14 12:45:00,0.01,4.4039713778528835,4.393971377852884,4.393971377852884,43935.32024650419
2026-03-14 13:00:00,0.01,8.515738019893774,8.505738019893775,8.505738019893775,85048.8753114066
2026-03-14 13:15:00,0.01,5.507717764318318,5.497717764318319,5.497717764318319,54971.680475135676
2026-03-14 13:30:00,0.01,5.5802207695172505,5.570220769517251,5.570220769517251,55696.63803136938
2026-03-14 13:45:00,0.08,5.923391531251253,5.843391531251253,5.843391531251253,7304.148112212664
2026-03-14 14:00:00,0.91,7.132844309013401,6.222844309013401,6.222844309013401,683.8282934868644
2026-03-14 14:15:00,3.51,5.873441825418693,2.3634418254186933,2.3634418254186933,67.33450575708363
2026-03-14 14:30:00,3.8,7.283238084136443,3.4832380841364428,3.4832380841364428,91.66413598671271
2026-03-14 14:45:00,3.81,6.803358383702318,2.993358383702318,2.993358383702318,78.56581622163138
2026-03-14 15:00:00,3.6,9.435677756284912,5.8356777562849125,5.8356777562849125,162.10211486843787
2026-03-14 15:15:00,3.81,6.706560736884268,2.896560736884268,2.896560736884268,76.02519623706839
2026-03-14 15:30:00,11.95,8.52844522744315,3.421554772556849,-3.421554772556849,28.632255114931365
2026-03-14 15:45:00,28.0,17.559253653733364,10.440746346266636,-10.440746346266636,37.28837847636732
2026-03-14 16:00:00,22.92,26.16913880734456,3.2491388073445577,3.2491388073445577,14.175997668344593
2026-03-14 16:15:00,28.34,28.590629592485826,0.2506295924858257,0.2506295924858257,0.8843669147570803
2026-03-14 16:30:00,30.0,36.30507548250803,6.30507548250803,6.30507548250803,21.01691757446285
2026-03-14 16:45:00,32.8,38.47497271611088,5.674972716110879,5.674972716110879,17.30174555821166
2026-03-14 17:00:00,27.52,35.801045582472426,8.281045582472427,8.281045582472427,30.091007563816678
2026-03-14 17:15:00,30.0,38.98765139007071,8.98765139007071,8.98765139007071,29.958836968274465
2026-03-14 17:30:00,32.8,40.416639056788604,7.616639056788607,7.616639056788607,23.221459831018322
2026-03-14 17:45:00,35.32,41.79707178563257,6.4770717856325675,6.4770717856325675,18.338254819507416
2026-03-14 18:00:00,30.32,38.764725823872475,8.444725823872474,8.444725823872474,27.85199718124176
2026-03-14 18:15:00,30.82,39.80947702155109,8.989477021551089,8.989477021551089,29.167672712116683
2026-03-14 18:30:00,31.96,39.08810051967039,7.12810051967039,7.12810051967039,22.3031924175171
2026-03-14 18:45:00,31.32,39.15015662060014,7.8301566206001425,7.8301566206001425,25.00049926754518
2026-03-14 19:00:00,31.92,38.98994068453865,7.0699406845386505,7.0699406845386505,22.148936287748395
2026-03-14 19:15:00,30.63,39.24780969285234,8.617809692852344,8.617809692852344,28.13519233268175
2026-03-14 19:30:00,35.0,39.18827903267282,4.188279032672817,4.188279032672817,11.966511180022016
2026-03-14 19:45:00,32.0,42.02514174715383,10.025141747153832,10.025141747153832,31.32856698083801
2026-03-14 20:00:00,32.0,40.66027412670543,8.660274126705431,8.660274126705431,27.06335580022461
2026-03-14 20:15:00,30.0,38.383828482709426,8.383828482709426,8.383828482709426,27.946094010828283
2026-03-14 20:30:00,27.99,38.0856231177854,10.095623117785404,10.095623117785404,36.06867723150637
2026-03-14 20:45:00,26.07,35.39362175148026,9.32362175148026,9.32362175148026,35.76379514323862
2026-03-14 21:00:00,31.12,39.28218962076167,8.16218962076167,8.16218962076167,26.22811490514306
2026-03-14 21:15:00,29.65,38.02138495989396,8.371384959893959,8.371384959893959,28.23401240321698
2026-03-14 21:30:00,27.94,36.88783139802595,8.94783139802595,8.94783139802595,32.025164916872946
2026-03-14 21:45:00,27.0,34.12783107598743,7.12783107598743,7.12783107598743,26.399373377754433
2026-03-14 22:00:00,29.81,38.09047445319009,8.280474453190092,8.280474453190092,27.77750478166737
2026-03-14 22:15:00,30.0,36.672696159730954,6.672696159730954,6.672696159730954,22.242319791025853
2026-03-14 22:30:00,30.0,34.95604613894525,4.956046138945247,4.956046138945247,16.52015324581238
2026-03-14 22:45:00,30.0,35.437396047280394,5.437396047280394,5.437396047280394,18.12465288677955
2026-03-14 23:00:00,34.98,36.73052207716553,1.7505220771655345,1.7505220771655345,5.004351135283086
2026-03-14 23:15:00,32.0,35.1502550026424,3.150255002642403,3.150255002642403,9.84454657561543
2026-03-14 23:30:00,30.27,34.14747343767708,3.8774734376770787,3.8774734376770787,12.80962441222608
2026-03-14 23:45:00,30.0,32.27653601401793,2.2765360140179283,2.2765360140179283,7.588453127111324
2026-03-15 00:00:00,30.88,35.28637467879832,4.4063746787983185,4.4063746787983185,14.26934759101309
2026-03-15 00:15:00,29.99,33.97678670863468,3.9867867086346784,3.9867867086346784,13.293719825600133
2026-03-15 00:30:00,27.93,33.61697986758349,5.686979867583489,5.686979867583489,20.361545520830767
2026-03-15 00:45:00,26.26,31.067934643474786,4.807934643474784,4.807934643474784,18.308965957292934
2026-03-15 01:00:00,25.1,36.34155467369981,11.24155467369981,11.24155467369981,44.787068628801286
2026-03-15 01:15:00,21.47,32.56615937439417,11.096159374394169,11.096159374394169,51.68215583405967
2026-03-15 01:30:00,20.78,27.32177315442231,6.541773154422309,6.541773154422309,31.48110124933251
2026-03-15 01:45:00,19.28,25.69730138998161,6.41730138998161,6.41730138998161,33.28475652040479
2026-03-15 02:00:00,23.87,27.042558008819654,3.172558008819653,3.172558008819653,13.290983979513252
2026-03-15 02:15:00,25.39,29.58656120966165,4.196561209661649,4.196561209661649,16.52840112003796
2026-03-15 02:30:00,26.96,32.0780322815703,5.118032281570301,5.118032281570301,18.983798559837965
2026-03-15 02:45:00,27.03,33.09189362716257,6.0618936271625685,6.0618936271625685,22.42653867146571
2026-03-15 03:00:00,28.05,33.179240263701665,5.129240263701664,5.129240263701664,18.28606089426401
2026-03-15 03:15:00,29.79,33.443502919213536,3.653502919213537,3.653502919213537,12.264191999233356
2026-03-15 03:30:00,30.6,36.00114012506799,5.40114012506799,5.40114012506799,17.650784145621397
2026-03-15 03:45:00,33.19,37.22711159300856,4.037111593008561,4.037111593008561,12.163638057764931
2026-03-15 04:00:00,30.0,35.210373622584775,5.210373622584775,5.210373622584775,17.3679114963522
2026-03-15 04:15:00,31.35,37.18271429861208,5.832714298612082,5.832714298612082,18.60514868440381
2026-03-15 04:30:00,33.25,38.942677047946944,5.692677047946944,5.692677047946944,17.120832711995842
2026-03-15 04:45:00,34.94,38.37299712068099,3.4329971206809944,3.4329971206809944,9.825406475177246
2026-03-15 05:00:00,32.1,36.24899184342499,4.148991843424987,4.148991843424987,12.925207832314358
2026-03-15 05:15:00,33.17,38.2155006477217,5.0455006477216955,5.0455006477216955,15.211035561083328
2026-03-15 05:30:00,35.0,37.86274392046663,2.8627439204666274,2.8627439204666274,8.17926811049699
2026-03-15 05:45:00,35.55,39.51108022133573,3.9610802213357346,3.9610802213357346,11.142278790191131
2026-03-15 06:00:00,35.01,36.626136430420345,1.6161364304203474,1.6161364304203474,4.6162136082782395
2026-03-15 06:15:00,36.82,38.81109270155422,1.9910927015542228,1.9910927015542228,5.407638912215735
2026-03-15 06:30:00,40.18,43.780012446004704,3.6000124460047047,3.6000124460047047,8.959712186181143
2026-03-15 06:45:00,36.79,44.18117429221476,7.391174292214764,7.391174292214764,20.090171490386112
2026-03-15 07:00:00,34.57,43.02031312868312,8.45031312868312,8.45031312868312,24.444063882680016
2026-03-15 07:15:00,36.59,37.69055213284946,1.100552132849458,1.100552132849458,3.0077947602391646
2026-03-15 07:30:00,36.61,40.70713416741221,4.097134167412207,4.097134167412207,11.191297611306286
2026-03-15 07:45:00,36.27,39.17206657255977,2.902066572559768,2.902066572559768,8.001286166382428
2026-03-15 08:00:00,35.29,38.21002680257919,2.9200268025791942,2.9200268025791942,8.27437438321182
2026-03-15 08:15:00,36.91,37.64946831556202,0.7394683155620214,0.7394683155620214,2.0034361840359245
2026-03-15 08:30:00,36.77,40.156420274473284,3.3864202744732808,3.3864202744732808,9.209736693978552
2026-03-15 08:45:00,14.22,39.096771604342635,24.876771604342636,24.876771604342636,174.94212274909572
2026-03-15 09:00:00,26.98,23.331558388466277,3.6484416115337233,-3.6484416115337233,13.52276307007447
2026-03-15 09:15:00,13.55,29.166210628506196,15.616210628506195,15.616210628506195,115.24877842080008
2026-03-15 09:30:00,13.16,13.888970618139307,0.7289706181393072,0.7289706181393072,5.53928999047422
2026-03-15 09:45:00,13.0,13.013271432283076,0.013271432283076479,0.013271432283076479,0.10208793278613194
2026-03-15 10:00:00,13.28,16.128594270956583,2.8485942709565837,2.8485942709565837,21.450256449201955
2026-03-15 10:15:00,13.16,13.447785579153525,0.28778557915352465,0.28778557915352465,2.186820344113383
2026-03-15 10:30:00,12.75,12.733541058621439,0.016458941378560965,-0.016458941378560965,0.12908972617775455
2026-03-15 10:45:00,12.01,11.23248980643302,0.7775101935669806,-0.7775101935669806,6.473856193408982
2026-03-15 11:00:00,12.59,12.763174108823609,0.17317410882360917,0.17317410882360917,1.375489238035876
2026-03-15 11:15:00,12.01,10.909801293342682,1.1001987066573182,-1.1001987066573182,9.160687885515733
2026-03-15 11:30:00,11.97,10.481903420053435,1.488096579946566,-1.488096579946566,12.431883505661913
2026-03-15 11:45:00,11.94,10.911064797964896,1.028935202035104,-1.028935202035104,8.617547034000282
2026-03-15 12:00:00,12.89,12.753887257928469,0.136112742071532,-0.136112742071532,1.0559560241425272
2026-03-15 12:15:00,12.96,11.137153229819347,1.8228467701806537,-1.8228467701806537,14.065174610562558
2026-03-15 12:30:00,12.94,10.70649652274146,2.233503477258539,-2.233503477258539,17.2604583048992
2026-03-15 12:45:00,13.0,10.715412787707898,2.2845872122921023,-2.2845872122921023,17.573746435035677
2026-03-15 13:00:00,13.0,11.855828184911196,1.1441718150888036,-1.1441718150888036,8.801320977504568
2026-03-15 13:15:00,13.16,11.891086979925166,1.2689130200748338,-1.2689130200748338,9.642195468486923
2026-03-15 13:30:00,14.0,12.5996093832963,1.4003906167036995,-1.4003906167036995,10.002789404827181
2026-03-15 13:45:00,25.02,15.514882569565556,9.505117430434444,-9.505117430434444,37.99007614122175
2026-03-15 14:00:00,34.57,25.694804369362572,8.875195630637428,-8.875195630637428,25.67311360690279
2026-03-15 14:15:00,32.37,35.54500527156365,3.1750052715636556,3.1750052715636556,9.8084806100675
2026-03-15 14:30:00,27.99,35.350760700459205,7.360760700459206,7.360760700459206,26.29782221322252
2026-03-15 14:45:00,27.69,32.98582503487415,5.295825034874152,5.295825034874152,19.125405719104712
2026-03-15 15:00:00,22.67,32.881609017314744,10.211609017314743,10.211609017314743,45.04459006117706
2026-03-15 15:15:00,28.79,30.778979952973252,1.9889799529732528,1.9889799529732528,6.908578964527486
2026-03-15 15:30:00,33.19,37.49894295892288,4.308942958922884,4.308942958922884,12.982653899054974
2026-03-15 15:45:00,45.0,40.79945034858589,4.200549651414107,-4.200549651414107,9.334554573485693
2026-03-15 16:00:00,29.64,45.40881110767873,15.76881110767873,15.76881110767873,53.20111530252218
2026-03-15 16:15:00,37.31,41.15420638981912,3.8442063898191208,3.8442063898191208,10.30342076329379
2026-03-15 16:30:00,47.91,49.30250168887785,1.39250168887785,1.39250168887785,2.9064948023646466
2026-03-15 16:45:00,64.01,57.89493511710263,6.115064882897379,-6.115064882897379,9.553296027752566
2026-03-15 17:00:00,51.12,64.51991579114744,13.399915791147443,13.399915791147443,26.21266731029102
2026-03-15 17:15:00,67.5,64.27270058131579,3.227299418684211,-3.227299418684211,4.78118425314425
2026-03-15 17:30:00,73.33,81.35852543095602,8.028525430956023,8.028525430956023,10.94848673322127
2026-03-15 17:45:00,77.83,83.44761833651283,5.617618336512834,5.617618336512834,7.2178058130987734
2026-03-15 18:00:00,76.17,80.06926858776986,3.8992685877698534,3.8992685877698534,5.119165730048833
2026-03-15 18:15:00,76.61,83.47944958749022,6.869449587490223,6.869449587490223,8.966779138261888
2026-03-15 18:30:00,76.65,83.84291513437014,7.192915134370139,7.192915134370139,9.384103118759436
2026-03-15 18:45:00,75.48,80.25527990836905,4.775279908369043,4.775279908369043,6.326549874276026
2026-03-15 19:00:00,87.88,80.44960696035855,7.430393039641444,-7.430393039641444,8.455158119128201
2026-03-15 19:15:00,91.56,87.84130150097576,3.718698499024242,-3.718698499024242,4.061488049813632
2026-03-15 19:30:00,84.88,94.00779796630475,9.127797966304755,9.127797966304755,10.753767505616258
2026-03-15 19:45:00,76.06,84.54285547228167,8.48285547228167,8.48285547228167,11.15284691132422
2026-03-15 20:00:00,112.66,85.52469875789787,27.13530124210213,-27.13530124210213,24.086011895297364
2026-03-15 20:15:00,100.56,112.65965201131452,12.099652011314518,12.099652011314518,12.032271172426219
2026-03-15 20:30:00,83.18,99.8601836270056,16.68018362700559,16.68018362700559,20.053117848610736
2026-03-15 20:45:00,69.24,78.56084096748755,9.320840967487555,9.320840967487555,13.461641873008576
2026-03-15 21:00:00,76.09,89.80435142845764,13.714351428457633,13.714351428457633,18.023854972031913
2026-03-15 21:15:00,69.87,80.69382671272696,10.823826712726955,10.823826712726955,15.491379072295928
2026-03-15 21:30:00,65.39,72.37065064104736,6.980650641047362,6.980650641047362,10.675409901044903
2026-03-15 21:45:00,62.4,64.57969740655508,2.1796974065550856,2.1796974065550856,3.49310476221801
2026-03-15 22:00:00,65.28,70.69537806548841,5.415378065488412,5.415378065488412,8.29561578206534
2026-03-15 22:15:00,61.76,65.64057383433564,3.8805738343356424,3.8805738343356424,6.283312453857705
2026-03-15 22:30:00,57.09,60.49014805853349,3.400148058533489,3.400148058533489,5.955768083685073
2026-03-15 22:45:00,52.5,54.4780855413685,1.9780855413685003,1.9780855413685003,3.767781911791774
2026-03-15 23:00:00,56.38,63.62671287938066,7.2467128793806594,7.2467128793806594,12.853339394904692
2026-03-15 23:15:00,52.57,52.5518264368393,0.01817356316070118,-0.01817356316070118,0.03457021650180524
2026-03-15 23:30:00,48.77,49.18025441387371,0.41025441387370876,0.41025441387370876,0.8412023897102416
2026-03-15 23:45:00,49.72,44.56062777041321,5.159372229586786,-5.159372229586786,10.37685463760708
