datetime,price,predicted_price,abs_error,error,ape_pct
2026-03-01 08:00:00,80.15,87.0720555966953,6.922055596695287,6.922055596695287,8.636376182572084
2026-03-01 08:15:00,79.49,80.22546315765483,0.7354631576548343,0.7354631576548343,0.9252272592811193
2026-03-01 08:30:00,73.77,75.61873874985804,1.8487387498580432,1.8487387498580432,2.506084756401241
2026-03-01 08:45:00,69.99,68.20026102675473,1.7897389732452638,-1.7897389732452638,2.5571352302813426
2026-03-01 09:00:00,84.52,70.90104083368188,13.61895916631812,-13.61895916631812,16.113297450526677
2026-03-01 09:15:00,86.3,75.10570190429166,11.194298095708334,-11.194298095708334,12.971376553875514
2026-03-01 09:30:00,76.65,78.07048855944946,1.4204885594494527,1.4204885594494527,1.8532140129384378
2026-03-01 09:45:00,69.99,69.62868908048353,0.36131091951646965,-0.36131091951646965,0.5162321965340017
2026-03-01 10:00:00,110.06,73.99478363030545,36.065216369694554,-36.065216369694554,32.76868620934735
2026-03-01 10:15:00,88.01,99.38516208343829,11.375162083438283,11.375162083438283,12.924851669344129
2026-03-01 10:30:00,71.7,77.553934636636,5.853934636635998,5.853934636635998,8.164483340294511
2026-03-01 10:45:00,51.66,64.29514080417093,12.63514080417093,12.63514080417093,24.458266665869658
2026-03-01 11:00:00,70.55,70.10374432363001,0.44625567636998653,-0.44625567636998653,0.6325381573984479
2026-03-01 11:15:00,18.94,68.19373117566018,49.25373117566018,49.25373117566018,260.0513652330862
2026-03-01 11:30:00,15.27,17.909680348088575,2.639680348088575,2.639680348088575,17.28670710688608
2026-03-01 11:45:00,15.24,12.711493586433042,2.5285064135669586,-2.5285064135669586,16.59124834418947
2026-03-01 12:00:00,15.25,19.243551309343825,3.9935513093438253,3.9935513093438253,26.187219983420494
2026-03-01 12:15:00,15.22,14.667044102741709,0.5529558972582915,-0.5529558972582915,3.6330871283010526
2026-03-01 12:30:00,18.82,11.775290387972772,7.044709612027228,-7.044709612027228,37.43203633212999
2026-03-01 12:45:00,15.29,18.03870822638754,2.748708226387542,2.748708226387542,17.977161848370987
2026-03-01 13:00:00,15.27,15.990048693873947,0.720048693873947,0.720048693873947,4.715446278451108
2026-03-01 13:15:00,15.26,14.060610653685714,1.1993893463142857,-1.1993893463142857,7.85969375961565
2026-03-01 13:30:00,84.28,13.855735925532583,70.42426407446742,-70.42426407446742,83.5598756987051
2026-03-01 13:45:00,45.78,87.26339724869058,41.48339724869058,41.48339724869058,90.61467090988177
2026-03-01 14:00:00,18.83,48.33114686776027,29.50114686776027,29.50114686776027,156.67097876288094
2026-03-01 14:15:00,18.83,22.43162071799932,3.601620717999321,3.601620717999321,19.12703413026543
2026-03-01 14:30:00,18.83,22.508725808988544,3.6787258089885455,3.6787258089885455,19.536514145636772
2026-03-01 14:45:00,18.83,19.414071739332808,0.5840717393328099,0.5840717393328099,3.1018147016179656
2026-03-01 15:00:00,15.23,20.325301541246617,5.0953015412466165,5.0953015412466165,33.455687502887336
2026-03-01 15:15:00,15.27,14.758493182530223,0.5115068174697761,-0.5115068174697761,3.3497497313181324
2026-03-01 15:30:00,22.38,15.177761916407658,7.202238083592341,-7.202238083592341,32.18158070498898
2026-03-01 15:45:00,25.08,26.044532387880665,0.9645323878806664,0.9645323878806664,3.84582276484226
2026-03-01 16:00:00,18.8,20.36546382171122,1.5654638217112193,1.5654638217112193,8.326934778946123
2026-03-01 16:15:00,19.38,20.47076784834677,1.090767848346772,1.090767848346772,5.628316780513954
2026-03-01 16:30:00,36.34,19.80327259110589,16.536727408894112,-16.536727408894112,45.505577748592
2026-03-01 16:45:00,74.07,44.00428975130652,30.06571024869347,-30.06571024869347,40.590940789501914
2026-03-01 17:00:00,40.43,60.835344543448386,20.405344543448386,20.405344543448386,50.47079900752015
2026-03-01 17:15:00,62.69,48.70726764569297,13.982732354307025,-13.982732354307025,22.30456553080455
2026-03-01 17:30:00,76.33,72.50627654771478,3.823723452285222,-3.823723452285222,5.009463385550358
2026-03-01 17:45:00,120.55,84.11039731965377,36.439602680346226,-36.439602680346226,30.227791271728176
2026-03-01 18:00:00,86.56,92.70155377339412,6.141553773394122,6.141553773394122,7.095140598940292
2026-03-01 18:15:00,92.79,87.43612416056118,5.353875839438828,-5.353875839438828,5.769884450630438
2026-03-01 18:30:00,93.45,93.55454304068195,0.10454304068194631,0.10454304068194631,0.11187056133038062
2026-03-01 18:45:00,94.04,97.58730079004016,3.547300790040154,3.547300790040154,3.7721190475531303
2026-03-01 19:00:00,94.47,88.0546252053901,6.415374794609903,-6.415374794609903,6.790912169684325
2026-03-01 19:15:00,94.73,88.41785820641954,6.312141793580466,-6.312141793580466,6.663297505486636
2026-03-01 19:30:00,95.2,91.71100065031638,3.488999349683624,-3.488999349683624,3.6649152447841087
2026-03-01 19:45:00,95.28,93.11444957810123,2.1655504218987716,-2.1655504218987716,2.272827874864077
2026-03-01 20:00:00,95.87,93.44731619468665,2.422683805313355,-2.422683805313355,2.527050985754506
2026-03-01 20:15:00,87.72,92.53076190195327,4.810761901953271,4.810761901953271,5.484224631909513
2026-03-01 20:30:00,90.13,82.72116790244571,7.408832097554281,-7.408832097554281,8.220162005273119
2026-03-01 20:45:00,86.28,86.00306738454108,0.276932615458918,-0.276932615458918,0.3209696479476374
2026-03-01 21:00:00,84.18,88.22499219323063,4.044992193230627,4.044992193230627,4.805170046541846
2026-03-01 21:15:00,80.3,78.19451568420385,2.105484315796147,-2.105484315796147,2.6220227765578077
2026-03-01 21:30:00,75.99,74.58980171686088,1.4001982831391189,-1.4001982831391189,1.842608586278501
2026-03-01 21:45:00,68.91,70.89407263619462,1.9840726361946253,1.9840726361946253,2.8792230552929836
2026-03-01 22:00:00,81.37,77.6129944598901,3.757005540109901,-3.757005540109901,4.617187530954929
2026-03-01 22:15:00,77.26,73.32574768126122,3.9342523187387854,-3.9342523187387854,5.092224007010802
2026-03-01 22:30:00,73.36,70.05206477951963,3.307935220480374,-3.307935220480374,4.509180991532939
2026-03-01 22:45:00,66.5,68.20097707066334,1.7009770706633418,1.7009770706633418,2.5578602181725407
2026-03-01 23:00:00,72.93,72.43432198079036,0.4956780192096488,-0.4956780192096488,0.6796627072713859
2026-03-01 23:15:00,66.17,67.21762357727012,1.047623577270116,1.047623577270116,1.583230408701544
2026-03-01 23:30:00,60.36,60.57832757877546,0.21832757877545816,0.21832757877545816,0.36170903770438667
2026-03-01 23:45:00,55.91,52.900511380023936,3.009488619976061,-3.009488619976061,5.3827375534764546
2026-03-02 00:00:00,67.62,58.92155130035394,8.698448699646065,-8.698448699646065,12.863721637102705
2026-03-02 00:15:00,62.11,59.82233633076866,2.2876636692313426,-2.2876636692313426,3.6832452622748186
2026-03-02 00:30:00,60.04,54.818583458316496,5.221416541683503,-5.221416541683503,8.696563049163679
2026-03-02 00:45:00,54.07,52.94153787481183,1.1284621251881717,-1.1284621251881717,2.0870392164190488
2026-03-02 01:00:00,56.76,57.258586397218714,0.4985863972187161,0.4985863972187161,0.8784115370588456
2026-03-02 01:15:00,52.92,50.52734875791841,2.392651242081591,-2.392651242081591,4.521260765058548
2026-03-02 01:30:00,51.22,46.25603878196177,4.963961218038229,-4.963961218038229,9.691450841709724
2026-03-02 01:45:00,51.25,45.29237890691973,5.95762109308027,-5.95762109308027,11.624626296261479
2026-03-02 02:00:00,52.12,47.14355608199659,4.976443918003405,-4.976443918003405,9.548050311824447
2026-03-02 02:15:00,53.35,47.123223624401696,6.226776375598305,-6.226776375598305,11.671558123491517
2026-03-02 02:30:00,54.57,48.15355964405209,6.416440355947913,-6.416440355947913,11.758182588173147
2026-03-02 02:45:00,54.52,50.38351648294825,4.136483517051751,-4.136483517051751,7.587093619187114
2026-03-02 03:00:00,50.92,50.28157722207138,0.6384227779286249,-0.6384227779286249,1.253776051435319
2026-03-02 03:15:00,54.6,47.330009034836486,7.269990965163515,-7.269990965163515,13.31500152383425
2026-03-02 03:30:00,55.57,50.86996073431543,4.700039265684573,-4.700039265684573,8.4578714794059
2026-03-02 03:45:00,58.09,52.98050499437114,5.109495005628865,-5.109495005628865,8.795825301550373
2026-03-02 04:00:00,50.43,53.71443854319254,3.284438543192543,3.284438543192543,6.512866305897045
2026-03-02 04:15:00,54.96,49.46342845907933,5.4965715409206695,-5.4965715409206695,10.001039739647512
2026-03-02 04:30:00,64.5,52.24682887380992,12.253171126190082,-12.253171126190082,18.997164242199133
2026-03-02 04:45:00,68.7,66.8303267573333,1.8696732426667069,-1.8696732426667069,2.7215039526225144
2026-03-02 05:00:00,54.75,63.874340615678385,9.124340615678385,9.124340615678385,16.665462007349344
2026-03-02 05:15:00,66.87,57.81514504318165,9.054854956818353,-9.054854956818353,13.540982236292104
2026-03-02 05:30:00,72.14,72.05903410864912,0.0809658913508855,-0.0809658913508855,0.11223439177785081
2026-03-02 05:45:00,76.61,77.28995830989955,0.679958309899547,0.679958309899547,0.8875581530139218
2026-03-02 06:00:00,73.94,70.72555051010764,3.2144494898923597,-3.2144494898923597,4.347375502324324
2026-03-02 06:15:00,78.05,79.19821099847758,1.1482109984775803,1.1482109984775803,1.4711223366641346
2026-03-02 06:30:00,86.73,87.98071044028532,1.2507104402853173,1.2507104402853173,1.4420735914499958
2026-03-02 06:45:00,124.97,93.99554417110373,30.974455828896268,-30.974455828896268,24.78551298795002
2026-03-02 07:00:00,84.3,105.38121791028138,21.08121791028138,21.08121791028138,25.007375634884493
2026-03-02 07:15:00,92.57,102.18703500490105,9.617035004901055,9.617035004901055,10.388932592645274
2026-03-02 07:30:00,92.83,103.66769655515874,10.837696555158743,10.837696555158743,11.674778022633808
2026-03-02 07:45:00,109.07,102.03338406467006,7.036615935329934,-7.036615935329934,6.451467746232013
2026-03-02 08:00:00,120.92,99.00995600035448,21.910043999645524,-21.910043999645524,18.119454034445074
2026-03-02 08:15:00,150.32,116.90975033249181,33.41024966750818,-33.41024966750818,22.226083984331655
2026-03-02 08:30:00,132.15,148.99628859304823,16.84628859304823,16.84628859304823,12.747853549428449
2026-03-02 08:45:00,121.99,129.10628558805575,7.11628558805576,7.11628558805576,5.833499081663062
2026-03-02 09:00:00,178.06,126.31704364946678,51.74295635053322,-51.74295635053322,29.059281174851403
2026-03-02 09:15:00,122.23,162.42312100342224,40.193121003422235,40.193121003422235,32.883187985429394
2026-03-02 09:30:00,108.55,116.26322949954283,7.713229499542834,7.713229499542834,7.105692702428288
2026-03-02 09:45:00,84.11,105.823957041002,21.713957041002004,21.713957041002004,25.816141698776114
2026-03-02 10:00:00,116.98,108.40162749678322,8.578372503216784,-8.578372503216784,7.333195785505921
2026-03-02 10:15:00,102.7,112.36383869662953,9.663838696629526,9.663838696629526,9.409774686009522
2026-03-02 10:30:00,92.78,99.43110896183848,6.651108961838474,6.651108961838474,7.168688176494495
2026-03-02 10:45:00,99.92,90.3115747006148,9.608425299385203,-9.608425299385203,9.616118097702184
2026-03-02 11:00:00,100.6,101.83702195782612,1.23702195782613,1.23702195782613,1.2296440810434286
2026-03-02 11:15:00,99.0,99.99623347216324,0.9962334721632402,0.9962334721632402,1.0062964263639151
2026-03-02 11:30:00,97.75,95.46143672658502,2.2885632734149794,-2.2885632734149794,2.341241176473215
2026-03-02 11:45:00,93.43,97.1983665172174,3.7683665172173875,3.7683665172173875,4.033358104338871
2026-03-02 12:00:00,100.15,98.0713506035828,2.0786493964172053,-2.0786493964172053,2.0755360715545126
2026-03-02 12:15:00,101.52,96.01598354794592,5.504016452054074,-5.504016452054074,5.421607956893218
2026-03-02 12:30:00,97.16,97.72488383538791,0.5648838353879171,0.5648838353879171,0.5813954606566103
2026-03-02 12:45:00,97.32,91.86897679577123,5.451023204228761,-5.451023204228761,5.601133526733895
2026-03-02 13:00:00,97.22,97.39810931456864,0.1781093145686441,0.1781093145686441,0.18320233772538647
2026-03-02 13:15:00,98.55,96.91432578256511,1.6356742174348824,-1.6356742174348824,1.6597404371765379
2026-03-02 13:30:00,96.61,94.93056711863255,1.6794328813674468,-1.6794328813674468,1.7383633826558462
2026-03-02 13:45:00,95.98,96.32870974045801,0.3487097404580055,0.3487097404580055,0.3633149998175198
2026-03-02 14:00:00,88.81,98.29499309851577,9.484993098515773,9.484993098515773,10.680095700613462
2026-03-02 14:15:00,88.8,90.58875709829668,1.788757098296685,1.788757098296685,2.0143660790011535
2026-03-02 14:30:00,89.31,89.0259266886659,0.2840733113340974,-0.2840733113340974,0.318075588571651
2026-03-02 14:45:00,100.06,90.4011061276633,9.658893872336705,-9.658893872336705,9.653101914656892
2026-03-02 15:00:00,88.69,91.62607372226128,2.936073722261284,2.936073722261284,3.310490121948791
2026-03-02 15:15:00,86.66,90.37549998503687,3.715499985036871,3.715499985036871,4.287445121350589
2026-03-02 15:30:00,129.96,85.44920298487317,44.51079701512684,-44.51079701512684,34.24961270593314
2026-03-02 15:45:00,149.96,134.27002308455138,15.689976915448625,-15.689976915448625,10.462774613777592
2026-03-02 16:00:00,81.32,118.06259520185036,36.742595201850364,36.742595201850364,45.1827284186216
2026-03-02 16:15:00,83.27,92.72120233786444,9.451202337864444,9.451202337864444,11.350068721464822
2026-03-02 16:30:00,90.88,91.51918746813564,0.6391874681356455,0.6391874681356455,0.7033312732199966
2026-03-02 16:45:00,114.26,106.70732183503891,7.552678164961094,-7.552678164961094,6.610080604638796
2026-03-02 17:00:00,90.89,103.20751997399819,12.317519973998188,12.317519973998188,13.552117767055794
2026-03-02 17:15:00,118.29,105.81975101184406,12.470248988155944,-12.470248988155944,10.542098979402278
2026-03-02 17:30:00,147.03,133.33257955726117,13.697420442738832,-13.697420442738832,9.316071787783523
2026-03-02 17:45:00,186.69,161.6158105712078,25.07418942879221,-25.07418942879221,13.430922542440937
2026-03-02 18:00:00,160.14,137.12658508667218,23.013414913327807,-23.013414913327807,14.370809772461415
2026-03-02 18:15:00,184.81,173.27769579555547,11.532304204444529,-11.532304204444529,6.240086652261058
2026-03-02 18:30:00,170.09,185.92983196965218,15.839831969652181,15.839831969652181,9.31261795315774
2026-03-02 18:45:00,286.67,168.04251466661242,118.6274853333876,-118.6274853333876,41.38119960915882
2026-03-02 19:00:00,232.34,216.6511343285311,15.688865671468903,-15.688865671468903,6.752546097935544
2026-03-02 19:15:00,217.9,214.09927088365805,3.800729116341955,-3.800729116341955,1.7442538315279563
2026-03-02 19:30:00,163.31,193.53631920748816,30.22631920748816,30.22631920748816,18.508553684650433
2026-03-02 19:45:00,143.37,168.61382000696562,25.24382000696562,25.24382000696562,17.607463089133702
2026-03-02 20:00:00,216.69,168.89828868891362,47.791711311086374,-47.791711311086374,22.05533762080991
2026-03-02 20:15:00,138.55,185.32098052229762,46.770980522297606,46.770980522297606,33.75747396948601
2026-03-02 20:30:00,123.5,130.62058588258586,7.120585882585857,7.120585882585857,5.765656538404285
2026-03-02 20:45:00,109.84,117.92079501667955,8.080795016679545,8.080795016679545,7.3568781346601995
2026-03-02 21:00:00,123.5,134.33898958372248,10.83898958372248,10.83898958372248,8.776509713325817
2026-03-02 21:15:00,114.51,117.87341961467146,3.3634196146714572,3.3634196146714572,2.937227827525263
2026-03-02 21:30:00,188.88,110.03459865865226,78.84540134134774,-78.84540134134774,41.743647249000034
2026-03-02 21:45:00,157.6,165.8455695416476,8.245569541647598,8.245569541647598,5.231960335868017
2026-03-02 22:00:00,179.88,152.28679669299575,27.593203307004245,-27.593203307004245,15.339783830112525
2026-03-02 22:15:00,150.91,150.77798091067743,0.13201908932256856,-0.13201908932256856,0.08748200148946296
2026-03-02 22:30:00,137.03,138.61211678306316,1.5821167830631566,1.5821167830631566,1.1545769331660127
2026-03-02 22:45:00,104.42,124.77343093647127,20.35343093647127,20.35343093647127,19.49188923726525
2026-03-02 23:00:00,117.84,128.2375775968883,10.397577596888283,10.397577596888283,8.823470390914443
2026-03-02 23:15:00,114.77,114.71037253886016,0.059627461139839966,-0.059627461139839966,0.05195387350379126
2026-03-02 23:30:00,103.16,114.73708668551632,11.57708668551632,11.57708668551632,11.22245693417192
2026-03-02 23:45:00,88.84,97.10406526403511,8.26406526403511,8.26406526403511,9.302189521626762
2026-03-03 00:00:00,99.4,103.92677367129751,4.526773671297505,4.526773671297505,4.554098215046803
2026-03-03 00:15:00,91.41,95.37505442218702,3.9650544221870234,3.9650544221870234,4.337659313872039
2026-03-03 00:30:00,90.75,88.61786039988928,2.132139600110719,-2.132139600110719,2.349465098199524
2026-03-03 00:45:00,89.93,86.61488365814192,3.3151163418580865,-3.3151163418580865,3.6863297064325464
2026-03-03 01:00:00,186.77,96.82334850268643,89.94665149731358,-89.94665149731358,48.15904642914982
2026-03-03 01:15:00,149.93,151.5616905371035,1.6316905371034807,1.6316905371034807,1.0883015582074735
2026-03-03 01:30:00,100.0,124.20482826089672,24.20482826089672,24.20482826089672,24.20482801884844
2026-03-03 01:45:00,89.53,91.83914695595453,2.3091469559545317,2.3091469559545317,2.579187903677709
2026-03-03 02:00:00,99.98,108.14617411858981,8.166174118589808,8.166174118589808,8.167807598431418
2026-03-03 02:15:00,92.94,99.59871313906822,6.658713139068226,6.658713139068226,7.164528800756336
2026-03-03 02:30:00,110.01,91.36261137001311,18.647388629986892,-18.647388629986892,16.95063036131314
2026-03-03 02:45:00,125.69,106.38182148939748,19.308178510602517,-19.308178510602517,15.361745848504304
2026-03-03 03:00:00,91.91,111.66415310016367,19.754153100163677,19.754153100163677,21.49293100341026
2026-03-03 03:15:00,92.47,95.80496277411257,3.3349627741125687,3.3349627741125687,3.606534809178351
2026-03-03 03:30:00,94.2,95.50163144195227,1.3016314419522672,1.3016314419522672,1.3817743398455666
2026-03-03 03:45:00,178.9,97.58885289599661,81.3111471040034,-81.3111471040034,45.45061299580618
2026-03-03 04:00:00,97.2,128.98358293695372,31.78358293695372,31.78358293695372,32.69915906374705
2026-03-03 04:15:00,94.7,99.303395319788,4.603395319787992,4.603395319787992,4.861029853408335
2026-03-03 04:30:00,109.0,96.81302141940529,12.186978580594712,-12.186978580594712,11.18071419154823
2026-03-03 04:45:00,98.78,124.48000725244334,25.700007252443342,25.700007252443342,26.017419510294744
2026-03-03 05:00:00,126.22,98.87648317451065,27.343516825489345,-27.343516825489345,21.66337871086639
2026-03-03 05:15:00,191.56,122.49625094004044,69.06374905995956,-69.06374905995956,36.053324649940656
2026-03-03 05:30:00,99.58,201.52793103199997,101.94793103199997,101.94793103199997,102.3779172607158
2026-03-03 05:45:00,102.63,106.16180161908797,3.5318016190879717,3.5318016190879717,3.4412955126912372
2026-03-03 06:00:00,96.46,111.59154640922611,15.131546409226118,15.131546409226118,15.686861136592897
2026-03-03 06:15:00,284.93,117.34726260790187,167.58273739209812,-167.58273739209812,58.815406171320696
2026-03-03 06:30:00,299.91,278.5010991282432,21.408900871756828,-21.408900871756828,7.138441799330601
2026-03-03 06:45:00,483.0,289.47928853239995,193.52071146760005,-193.52071146760005,40.06639980681906
2026-03-03 07:00:00,250.01,321.78726845881437,71.77726845881438,71.77726845881438,28.70975887833158
2026-03-03 07:15:00,325.03,264.44820100456013,60.58179899543984,-60.58179899543984,18.638832972049197
2026-03-03 07:30:00,387.01,339.6788959771967,47.33110402280329,-47.33110402280329,12.229943386605994
2026-03-03 07:45:00,307.65,388.8391729182899,81.1891729182899,81.1891729182899,26.390109752767366
2026-03-03 08:00:00,390.0,304.3514345253295,85.64856547467048,-85.64856547467048,21.961170578220198
2026-03-03 08:15:00,390.0,355.83905265195966,34.16094734804034,-34.16094734804034,8.759217246268761
2026-03-03 08:30:00,325.06,380.60926006362365,55.54926006362365,55.54926006362365,17.08892508851732
2026-03-03 08:45:00,250.08,319.61034226381656,69.53034226381655,69.53034226381655,27.803239757591232
2026-03-03 09:00:00,194.15,283.78521287282496,89.63521287282495,89.63521287282495,46.16802081439338
2026-03-03 09:15:00,250.0,212.55685881362768,37.443141186372316,-37.443141186372316,14.9772564146399
2026-03-03 09:30:00,400.01,242.19798443503652,157.81201556496347,-157.81201556496347,39.45201749217352
2026-03-03 09:45:00,250.01,395.0810402663005,145.07104026630049,145.07104026630049,58.02609483062259
2026-03-03 10:00:00,483.04,243.62065628772683,239.4193437122732,-239.4193437122732,49.56511742642887
2026-03-03 10:15:00,337.11,425.22027491759167,88.11027491759165,88.11027491759165,26.136950744926622
2026-03-03 10:30:00,328.8,320.4166133897313,8.383386610268701,-8.383386610268701,2.549691783689715
2026-03-03 10:45:00,184.02,321.01007503758024,136.99007503758023,136.99007503758023,74.44303569891852
2026-03-03 11:00:00,178.91,202.74588423008197,23.835884230081973,23.835884230081973,13.322834999079774
2026-03-03 11:15:00,88.87,172.7270645644076,83.85706456440761,83.85706456440761,94.35924791359865
2026-03-03 11:30:00,81.44,100.41299779125842,18.972997791258422,18.972997791258422,23.2969026992748
2026-03-03 11:45:00,52.54,88.4355991469062,35.8955991469062,35.8955991469062,68.32051477674354
2026-03-03 12:00:00,84.97,92.79979821523169,7.8297982152316905,7.8297982152316905,9.214779478738254
2026-03-03 12:15:00,67.89,79.71070404334301,11.820704043343014,11.820704043343014,17.411553791762373
2026-03-03 12:30:00,45.0,66.8496995610427,21.849699561042698,21.849699561042698,48.55488683443073
2026-03-03 12:45:00,31.03,46.01563377834567,14.985633778345672,14.985633778345672,48.29401642090077
2026-03-03 13:00:00,106.94,52.243265433830544,54.696734566169454,-54.696734566169454,51.14712367187041
2026-03-03 13:15:00,149.43,97.5896880824143,51.84031191758571,-51.84031191758571,34.69203745611011
2026-03-03 13:30:00,159.19,134.72315256419154,24.46684743580846,-24.46684743580846,15.369588091031208
2026-03-03 13:45:00,163.61,150.97725786815067,12.63274213184934,-12.63274213184934,7.721253013041263
2026-03-03 14:00:00,82.04,141.4907838745765,59.45078387457649,59.45078387457649,72.46560598478843
2026-03-03 14:15:00,73.47,103.00106720508627,29.531067205086273,29.531067205086273,40.1947281926487
2026-03-03 14:30:00,87.19,84.22426163341137,2.9657383665886243,-2.9657383665886243,3.4014661458584277
2026-03-03 14:45:00,129.98,100.87344897640375,29.10655102359624,-29.10655102359624,22.393099553519964
2026-03-03 15:00:00,48.14,117.84518593145944,69.70518593145944,69.70518593145944,144.79681031053457
2026-03-03 15:15:00,99.97,63.087994959255745,36.882005040744254,-36.882005040744254,36.89307259359161
2026-03-03 15:30:00,171.63,115.24209030967125,56.38790969032874,-56.38790969032874,32.85434327436072
2026-03-03 15:45:00,250.0,197.61265176627637,52.38734823372363,-52.38734823372363,20.954939209669696
2026-03-03 16:00:00,250.07,180.79873210163763,69.27126789836237,-69.27126789836237,27.70075083830722
2026-03-03 16:15:00,307.17,239.89836343773,67.27163656227,-67.27163656227,21.90045783874253
2026-03-03 16:30:00,325.08,320.5700583995591,4.509941600440868,-4.509941600440868,1.387332837014747
2026-03-03 16:45:00,370.57,327.24469992999497,43.32530007000503,-43.32530007000503,11.691529253066827
2026-03-03 17:00:00,354.62,280.3772361848549,74.24276381514511,-74.24276381514511,20.93586475827265
2026-03-03 17:15:00,361.06,331.87703554822923,29.182964451770772,-29.182964451770772,8.082580283317169
2026-03-03 17:30:00,328.81,334.3943611081477,5.584361108147675,5.584361108147675,1.6983550047638833
2026-03-03 17:45:00,300.0,320.7057209171953,20.705720917195322,20.705720917195322,6.9019069493920835
2026-03-03 18:00:00,328.8,300.40230231319674,28.39769768680327,-28.39769768680327,8.636769343198168
2026-03-03 18:15:00,289.99,309.32049703143207,19.33049703143206,19.33049703143206,6.66591846779988
2026-03-03 18:30:00,177.88,269.43946223992185,91.55946223992186,91.55946223992186,51.472600475149456
2026-03-03 18:45:00,229.43,168.1205842942644,61.3094157057356,-61.3094157057356,26.722492890428747
2026-03-03 19:00:00,180.9,233.06363104367347,52.16363104367346,52.16363104367346,28.83561678016434
2026-03-03 19:15:00,189.71,184.88591985620928,4.824080143790724,-4.824080143790724,2.542870759771238
2026-03-03 19:30:00,129.93,176.76682890333763,46.83682890333762,46.83682890333762,36.047739969876254
2026-03-03 19:45:00,105.17,131.3961014690202,26.226101469020207,26.226101469020207,24.936865284445712
2026-03-03 20:00:00,107.06,127.18906358884982,20.129063588849817,20.129063588849817,18.80166579565959
2026-03-03 20:15:00,102.27,113.61551311596469,11.345513115964692,11.345513115964692,11.093686325440334
2026-03-03 20:30:00,99.98,99.42798169797408,0.5520183020259282,-0.5520183020259282,0.5521287222490907
2026-03-03 20:45:00,98.95,93.70122399319489,5.248776006805116,-5.248776006805116,5.304472919414236
2026-03-03 21:00:00,126.76,104.1942131177948,22.565786882205202,-22.565786882205202,17.801977519868593
2026-03-03 21:15:00,115.99,112.83906616578977,3.150933834210221,-3.150933834210221,2.7165564333517174
2026-03-03 21:30:00,107.5,105.20168991378351,2.298310086216489,-2.298310086216489,2.137962851011033
2026-03-03 21:45:00,99.53,99.86844271243258,0.33844271243258106,0.33844271243258106,0.34004090126813225
2026-03-03 22:00:00,105.38,107.24660143408636,1.8666014340863626,1.8666014340863626,1.7713051967862123
2026-03-03 22:15:00,99.67,101.33215994308463,1.6621599430846317,1.6621599430846317,1.6676632150175574
2026-03-03 22:30:00,95.65,91.5520500133725,4.097949986627512,-4.097949986627512,4.284317766632864
2026-03-03 22:45:00,91.67,89.5516000550231,2.1183999449769004,-2.1183999449769004,2.3108977003031783
2026-03-03 23:00:00,97.57,97.52010565171459,0.049894348285405954,-0.049894348285405954,0.051136976298079534
2026-03-03 23:15:00,95.83,90.31409447994668,5.515905520053323,-5.515905520053323,5.755927645303189
2026-03-03 23:30:00,93.81,90.43733023720839,3.3726697627916167,-3.3726697627916167,3.5952134386946835
2026-03-03 23:45:00,87.27,86.76956766628163,0.5004323337183649,-0.5004323337183649,0.5734299621680593
2026-03-04 00:00:00,81.53,90.66286760435295,9.132867604352953,9.132867604352953,11.201849003231281
2026-03-04 00:15:00,75.92,79.23581385789957,3.3158138578995704,3.3158138578995704,4.3675102927087295
2026-03-04 00:30:00,70.49,73.71628491632717,3.226284916327174,3.226284916327174,4.576939807856116
2026-03-04 00:45:00,45.93,68.05056640384691,22.120566403846915,22.120566403846915,48.16147599005477
2026-03-04 01:00:00,69.41,63.51680181856289,5.893198181437107,-5.893198181437107,8.490416505594212
2026-03-04 01:15:00,70.5,65.78959292215539,4.710407077844607,-4.710407077844607,6.681428384440176
2026-03-04 01:30:00,75.26,68.9859274219159,6.274072578084102,-6.274072578084102,8.336530022214724
2026-03-04 01:45:00,76.13,75.20082754976856,0.9291724502314338,-0.9291724502314338,1.2205076028193325
2026-03-04 02:00:00,77.16,75.21230110770523,1.947698892294767,-1.947698892294767,2.5242338867968224
2026-03-04 02:15:00,82.63,76.2900102912989,6.339989708701097,-6.339989708701097,7.672745530647032
2026-03-04 02:30:00,88.69,76.58916772529065,12.100832274709347,-12.100832274709347,13.643964526180746
2026-03-04 02:45:00,88.99,86.77263987645429,2.2173601235457028,-2.2173601235457028,2.4916958069769017
2026-03-04 03:00:00,77.15,86.58893874462551,9.438938744625503,9.438938744625503,12.234528350330809
2026-03-04 03:15:00,84.69,78.39078313352805,6.2992168664719514,-6.2992168664719514,7.4379699989281525
2026-03-04 03:30:00,87.05,83.80297578611746,3.24702421388254,-3.24702421388254,3.730067979990649
2026-03-04 03:45:00,88.76,86.59377454857122,2.1662254514287866,-2.1662254514287866,2.440542391869494
2026-03-04 04:00:00,63.21,83.81210855570141,20.602108555701413,20.602108555701413,32.59311537695026
2026-03-04 04:15:00,72.84,70.63452171355218,2.2054782864478284,-2.2054782864478284,3.027839451083792
2026-03-04 04:30:00,90.45,80.1797832693938,10.270216730606208,-10.270216730606208,11.354578902222686
2026-03-04 04:45:00,90.42,96.54884722653283,6.128847226532827,6.128847226532827,6.778198583002479
2026-03-04 05:00:00,102.05,85.63142143420454,16.418578565795457,-16.418578565795457,16.088758848513347
2026-03-04 05:15:00,105.6,99.89522322612038,5.704776773879615,-5.704776773879615,5.402250681682869
2026-03-04 05:30:00,108.33,107.50933762436823,0.8206623756317697,-0.8206623756317697,0.7575578030611942
2026-03-04 05:45:00,118.43,110.42283719609478,8.007162803905231,-8.007162803905231,6.761093250269609
2026-03-04 06:00:00,103.54,108.40692938757746,4.866929387577457,4.866929387577457,4.700530558790952
2026-03-04 06:15:00,111.25,115.85232847002455,4.6023284700245455,4.6023284700245455,4.136924430251956
2026-03-04 06:30:00,108.01,125.72886909491834,17.718869094918333,17.718869094918333,16.4048411544023
2026-03-04 06:45:00,136.78,118.4985078740508,18.2814921259492,-18.2814921259492,13.365617774742669
2026-03-04 07:00:00,126.19,123.92506969178244,2.264930308217558,-2.264930308217558,1.7948571917497314
2026-03-04 07:15:00,138.9,135.88379962182358,3.0162003781764213,-3.0162003781764213,2.1714905374092988
2026-03-04 07:30:00,144.12,151.14031139652803,7.0203113965280295,7.0203113965280295,4.871156916331155
2026-03-04 07:45:00,155.88,152.79646015564367,3.0835398443563236,-3.0835398443563236,1.9781497463271915
2026-03-04 08:00:00,148.58,149.93188372805727,1.3518837280572598,1.3518837280572598,0.9098692414581823
2026-03-04 08:15:00,156.14,154.63411527061996,1.5058847293800284,-1.5058847293800284,0.9644451900445603
2026-03-04 08:30:00,156.59,164.0937488771272,7.503748877127208,7.503748877127208,4.791971919795318
2026-03-04 08:45:00,156.87,161.13189393467138,4.261893934671377,4.261893934671377,2.7168317125664947
2026-03-04 09:00:00,163.3,156.77202078917122,6.527979210828789,-6.527979210828789,3.9975377653725728
2026-03-04 09:15:00,138.32,155.43584165551573,17.115841655515737,17.115841655515737,12.374090176239761
2026-03-04 09:30:00,106.06,128.0541144861278,21.994114486127785,21.994114486127785,20.737426248117597
2026-03-04 09:45:00,86.91,101.59945731923452,14.68945731923452,14.68945731923452,16.901918249010862
2026-03-04 10:00:00,103.73,111.30863076616406,7.5786307661640535,7.5786307661640535,7.306112689774344
2026-03-04 10:15:00,88.32,101.31332070870951,12.993320708709518,12.993320708709518,14.711640128615397
2026-03-04 10:30:00,81.18,80.76562723349137,0.4143727665086345,-0.4143727665086345,0.5104370059180394
2026-03-04 10:45:00,62.76,71.36587401173476,8.605874011734763,8.605874011734763,13.712354803395819
2026-03-04 11:00:00,83.4,78.50535806141178,4.894641938588222,-4.894641938588222,5.868875155754761
2026-03-04 11:15:00,69.39,71.06429599380112,1.674295993801124,1.674295993801124,2.412877892595972
2026-03-04 11:30:00,102.37,59.50463001544504,42.86536998455497,-42.86536998455497,41.87297994121829
2026-03-04 11:45:00,80.35,93.52252805378023,13.17252805378024,13.17252805378024,16.393936390592255
2026-03-04 12:00:00,45.37,77.42423824423557,32.05423824423557,32.05423824423557,70.65073294628222
2026-03-04 12:15:00,22.99,44.54820381405997,21.55820381405997,21.55820381405997,93.77208732639885
2026-03-04 12:30:00,15.25,29.11988852955764,13.869888529557642,13.869888529557642,90.95008275447091
2026-03-04 12:45:00,15.21,17.83693872299607,2.6269387229960692,2.6269387229960692,17.271127878269496
2026-03-04 13:00:00,40.02,21.715704656132637,18.304295343867366,-18.304295343867366,45.73786828208067
2026-03-04 13:15:00,36.76,34.10432502650201,2.6556749734979874,-2.6556749734979874,7.224360449549465
2026-03-04 13:30:00,32.02,34.482764502038414,2.462764502038411,2.462764502038411,7.6913317461745585
2026-03-04 13:45:00,22.45,33.642386443235125,11.192386443235126,11.192386443235126,49.85472581152725
2026-03-04 14:00:00,29.17,30.381890837222596,1.2118908372225938,1.2118908372225938,4.154579347537882
2026-03-04 14:15:00,24.7,33.562269443786626,8.862269443786627,8.862269443786627,35.87963192303768
2026-03-04 14:30:00,23.87,23.46302951693037,0.4069704830696317,-0.4069704830696317,1.7049453959789598
2026-03-04 14:45:00,37.44,25.131357099577254,12.308642900422743,-12.308642900422743,32.87564789440776
2026-03-04 15:00:00,25.42,34.44221935968485,9.022219359684847,9.022219359684847,35.492600333433685
2026-03-04 15:15:00,56.74,31.230543650202417,25.509456349797585,-25.509456349797585,44.958505287649864
2026-03-04 15:30:00,18.8,65.28534641504143,46.485346415041434,46.485346415041434,247.2624677788125
2026-03-04 15:45:00,88.59,25.224392850571398,63.365607149428605,-63.365607149428605,71.52681615776098
2026-03-04 16:00:00,32.43,72.07265426059716,39.64265426059716,39.64265426059716,122.24068158553916
2026-03-04 16:15:00,90.75,45.55140681965227,45.19859318034773,-45.19859318034773,49.80561177112023
2026-03-04 16:30:00,99.22,105.05688884234328,5.836888842343285,5.836888842343285,5.88277442402292
2026-03-04 16:45:00,118.63,107.8010629667136,10.828937033286394,-10.828937033286394,9.128329210151819
2026-03-04 17:00:00,95.26,99.75948750324584,4.499487503245831,4.499487503245831,4.7233754524586145
2026-03-04 17:15:00,116.66,106.0387098815522,10.621290118447803,-10.621290118447803,9.104483136810366
2026-03-04 17:30:00,137.19,132.68482179611757,4.505178203882423,-4.505178203882423,3.283896910156319
2026-03-04 17:45:00,157.3,149.20933620898856,8.090663791011451,-8.090663791011451,5.143460737175362
2026-03-04 18:00:00,119.91,128.31439709872237,8.40439709872237,8.40439709872237,7.008920881188526
2026-03-04 18:15:00,145.83,131.26542902379958,14.564570976200429,-14.564570976200429,9.987362597769184
2026-03-04 18:30:00,145.65,157.7406758695954,12.090675869595401,12.090675869595401,8.301184886085515
2026-03-04 18:45:00,145.58,149.96190382036636,4.381903820366347,4.381903820366347,3.0099627629253463
2026-03-04 19:00:00,145.48,139.46760594828962,6.012394051710373,-6.012394051710373,4.132797642550452
2026-03-04 19:15:00,145.32,143.7607643859191,1.5592356140809045,-1.5592356140809045,1.0729669717528454
2026-03-04 19:30:00,144.25,147.7985892445945,3.5485892445944955,3.5485892445944955,2.4600271889041414
2026-03-04 19:45:00,142.35,142.21572767357904,0.13427232642095532,-0.13427232642095532,0.09432548330010573
2026-03-04 20:00:00,141.88,143.51275405275524,1.6327540527552458,1.6327540527552458,1.1507992960581146
2026-03-04 20:15:00,139.64,139.7241384373445,0.08413843734450666,0.08413843734450666,0.060253821785998606
2026-03-04 20:30:00,138.2,132.97840208882417,5.22159791117582,-5.22159791117582,3.778290791167086
2026-03-04 20:45:00,137.49,132.1583186526954,5.331681347304595,-5.331681347304595,3.8778684329957893
2026-03-04 21:00:00,140.66,140.43290808499975,0.22709191500024417,-0.22709191500024417,0.16144740038800667
2026-03-04 21:15:00,143.3,138.2219575952151,5.078042404784924,-5.078042404784924,3.5436443610247594
2026-03-04 21:30:00,140.68,138.45027299279866,2.2297270072013475,-2.2297270072013475,1.5849637413645934
2026-03-04 21:45:00,74.2,134.7410063955963,60.541006395596284,60.541006395596284,81.59165172463581
2026-03-04 22:00:00,149.91,107.47274384875942,42.437256151240575,-42.437256151240575,28.3084890055071
2026-03-04 22:15:00,148.83,131.60664849432953,17.22335150567048,-17.22335150567048,11.57249975807665
2026-03-04 22:30:00,141.53,136.29056410633183,5.239435893668173,-5.239435893668173,3.701996648518481
2026-03-04 22:45:00,128.3,114.6322560599256,13.667743940074416,-13.667743940074416,10.652957001983511
2026-03-04 23:00:00,143.62,134.0508173885088,9.569182611491215,-9.569182611491215,6.662848172164554
2026-03-04 23:15:00,140.4,134.7529199150512,5.647080084948811,-5.647080084948811,4.022136783993906
2026-03-04 23:30:00,131.79,129.72617956185275,2.0638204381472463,-2.0638204381472463,1.5659916704509673
2026-03-04 23:45:00,96.29,120.65428108520936,24.364281085209356,24.364281085209356,25.303022984919643
2026-03-05 00:00:00,87.24,116.03672412097794,28.79672412097794,28.79672412097794,33.00862424448843
2026-03-05 00:15:00,52.29,91.18261914954557,38.892619149545574,38.892619149545574,74.37869268647667
2026-03-05 00:30:00,25.1,58.20249820168104,33.10249820168104,33.10249820168104,131.88245770062332
2026-03-05 00:45:00,24.93,30.71720373673879,5.787203736738789,5.787203736738789,23.213812693945695
2026-03-05 01:00:00,130.13,38.91695897811839,91.21304102188161,-91.21304102188161,70.09378338657018
2026-03-05 01:15:00,112.49,113.82426219718492,1.334262197184927,1.334262197184927,1.1861162639556977
2026-03-05 01:30:00,107.59,100.1058317172029,7.4841682827971,-7.4841682827971,6.956193152927938
2026-03-05 01:45:00,106.38,102.19285851942428,4.187141480575718,-4.187141480575718,3.9360231633911327
2026-03-05 02:00:00,109.36,105.89436155521203,3.4656384447879702,-3.4656384447879702,3.169018300199147
2026-03-05 02:15:00,107.32,110.00191050064436,2.6819105006443635,2.6819105006443635,2.4989847890929147
2026-03-05 02:30:00,106.57,105.19292499969076,1.3770750003092331,-1.3770750003092331,1.2921788377474381
2026-03-05 02:45:00,106.19,106.62335785341467,0.4333578534146767,0.4333578534146767,0.4080966657253131
2026-03-05 03:00:00,106.92,107.24639195931144,0.3263919593114366,0.3263919593114366,0.3052674488016855
2026-03-05 03:15:00,106.86,107.02342098085889,0.1634209808588878,0.1634209808588878,0.15292998252815646
2026-03-05 03:30:00,106.68,107.4778691531684,0.7978691531683921,0.7978691531683921,0.7479088354792873
2026-03-05 03:45:00,106.22,108.48731979486796,2.2673197948679586,2.2673197948679586,2.1345507188123247
2026-03-05 04:00:00,106.02,104.37702719433962,1.6429728056603778,-1.6429728056603778,1.549681937524579
2026-03-05 04:15:00,105.65,103.02390925392173,2.626090746078276,-2.626090746078276,2.485651416206116
2026-03-05 04:30:00,106.2,103.48375185906373,2.7162481409362726,-2.7162481409362726,2.557672425008991
2026-03-05 04:45:00,106.46,106.33144739893415,0.12855260106584865,-0.12855260106584865,0.1207520194047797
2026-03-05 05:00:00,107.1,106.0923418910092,1.007658108990796,-1.007658108990796,0.9408572358377439
2026-03-05 05:15:00,107.63,110.34735860019323,2.7173586001932364,2.7173586001932364,2.524722266046654
2026-03-05 05:30:00,107.31,110.84171758609403,3.5317175860940324,3.5317175860940324,3.29113554485386
2026-03-05 05:45:00,106.07,112.59317424818569,6.523174248185697,6.523174248185697,6.149876672656671
2026-03-05 06:00:00,110.09,106.85379238536979,3.236207614630217,-3.236207614630217,2.9396017669490413
2026-03-05 06:15:00,108.96,121.64314378100485,12.683143781004858,12.683143781004858,11.640183245781046
2026-03-05 06:30:00,130.13,118.69562206770993,11.434377932290062,-11.434377932290062,8.786888376562805
2026-03-05 06:45:00,139.53,143.2146350662876,3.6846350662875977,3.6846350662875977,2.64074753807792
2026-03-05 07:00:00,125.21,129.91460591729327,4.704605917293279,4.704605917293279,3.7573723182809324
2026-03-05 07:15:00,147.19,139.70551271187335,7.484487288126644,-7.484487288126644,5.084915576654316
2026-03-05 07:30:00,158.03,163.94952525450245,5.919525254502446,5.919525254502446,3.7458237151453577
2026-03-05 07:45:00,163.32,173.02247896982345,9.70247896982346,9.70247896982346,5.940778171942003
2026-03-05 08:00:00,191.23,152.5343614961093,38.69563850389068,-38.69563850389068,20.235129582983518
2026-03-05 08:15:00,182.98,180.6242732144695,2.355726785530493,-2.355726785530493,1.2874230914068543
2026-03-05 08:30:00,160.0,175.80373817192344,15.803738171923442,15.803738171923442,9.8773362957188
2026-03-05 08:45:00,146.5,155.414602646204,8.914602646204003,8.914602646204003,6.0850529592856475
2026-03-05 09:00:00,158.26,158.2665569561966,0.0065569561966185574,0.0065569561966185574,0.004143154401103888
2026-03-05 09:15:00,149.75,151.02456868278162,1.27456868278162,1.27456868278162,0.851131001182177
2026-03-05 09:30:00,121.87,134.11819983002243,12.248199830022429,12.248199830022429,10.050217222877047
2026-03-05 09:45:00,100.44,107.38997714147176,6.949977141471763,6.949977141471763,6.919531135281215
2026-03-05 10:00:00,128.48,115.78236813003838,12.697631869961612,-12.697631869961612,9.882963707294502
2026-03-05 10:15:00,99.11,115.079235256914,15.969235256914004,15.969235256914004,16.11263757016207
2026-03-05 10:30:00,87.72,87.99415362939288,0.27415362939288457,0.27415362939288457,0.31253263368394696
2026-03-05 10:45:00,70.85,79.48961547753878,8.639615477538783,8.639615477538783,12.194234799712683
2026-03-05 11:00:00,89.29,95.15202568822534,5.86202568822533,5.86202568822533,6.565153569911293
2026-03-05 11:15:00,67.81,82.06431248431048,14.254312484310475,14.254312484310475,21.02095896490324
2026-03-05 11:30:00,58.73,63.35279550998258,4.622795509982581,4.622795509982581,7.871267548561052
2026-03-05 11:45:00,57.14,53.497296259641004,3.6427037403589964,-3.6427037403589964,6.375050186574194
2026-03-05 12:00:00,61.98,63.81023467117811,1.8302346711781112,1.8302346711781112,2.9529439200527143
2026-03-05 12:15:00,59.63,56.84972706595071,2.780272934049293,-2.780272934049293,4.662540478658206
2026-03-05 12:30:00,57.23,53.15752497064824,4.072475029351757,-4.072475029351757,7.115979308390642
2026-03-05 12:45:00,57.23,51.429025423901166,5.800974576098831,-5.800974576098831,10.136247553269886
2026-03-05 13:00:00,58.52,54.79907337500321,3.7209266249967925,-3.7209266249967925,6.358384417998886
2026-03-05 13:15:00,58.44,55.159284108026895,3.2807158919731023,-3.2807158919731023,5.6138190209358525
2026-03-05 13:30:00,57.17,55.789755365738216,1.3802446342617856,-1.3802446342617856,2.414281284098256
2026-03-05 13:45:00,57.45,53.860705702699086,3.589294297300917,-3.589294297300917,6.247683611530166
2026-03-05 14:00:00,57.12,57.023701604338754,0.09629839566124332,-0.09629839566124332,0.16858962530698018
2026-03-05 14:15:00,57.11,55.263908380528505,1.846091619471494,-1.846091619471494,3.2325189759171846
2026-03-05 14:30:00,58.86,55.03693729220125,3.823062707798748,-3.823062707798748,6.495179481561253
2026-03-05 14:45:00,59.74,59.930112405332295,0.19011240533229312,0.19011240533229312,0.3182330133076046
2026-03-05 15:00:00,57.89,55.54042751124608,2.349572488753921,-2.349572488753921,4.058684484655513
2026-03-05 15:15:00,58.76,59.01963266294811,0.25963266294811405,0.25963266294811405,0.4418527204383711
2026-03-05 15:30:00,54.26,59.278021880481646,5.018021880481648,5.018021880481648,9.248105027645776
2026-03-05 15:45:00,74.07,56.680531612617095,17.389468387382898,-17.389468387382898,23.477073245054907
2026-03-05 16:00:00,57.18,69.01511203522242,11.835112035222416,11.835112035222416,20.697992004621366
2026-03-05 16:15:00,82.11,64.75439169841974,17.35560830158026,-17.35560830158026,21.13702117916216
2026-03-05 16:30:00,96.33,91.66575706767445,4.66424293232555,-4.66424293232555,4.841942161223013
2026-03-05 16:45:00,117.45,108.26121315126471,9.18878684873529,-9.18878684873529,7.823573240101794
2026-03-05 17:00:00,92.05,99.9347200613384,7.884720061338399,7.884720061338399,8.565692531973355
2026-03-05 17:15:00,120.67,110.2726729094394,10.397327090560609,-10.397327090560609,8.61633132045852
2026-03-05 17:30:00,137.11,137.96130659162293,0.8513065916229152,0.8513065916229152,0.6208931408460241
2026-03-05 17:45:00,148.43,157.13417558430586,8.704175584305858,8.704175584305858,5.864161911786188
2026-03-05 18:00:00,129.23,122.83350868737159,6.396491312628399,-6.396491312628399,4.949695320847672
2026-03-05 18:15:00,156.06,144.5910816000943,11.468918399905704,-11.468918399905704,7.3490441666123685
2026-03-05 18:30:00,179.7,177.0731280562249,2.626871943775086,-2.626871943775086,1.4618096433817416
2026-03-05 18:45:00,236.78,186.77583977674237,50.00416022325763,-50.00416022325763,21.1184052758145
2026-03-05 19:00:00,220.06,189.30183376073958,30.75816623926042,-30.75816623926042,13.977172634503631
2026-03-05 19:15:00,203.05,209.14144077754898,6.091440777548968,6.091440777548968,2.999970818788111
2026-03-05 19:30:00,177.51,191.95512486805885,14.445124868058855,14.445124868058855,8.137640012778128
2026-03-05 19:45:00,159.12,173.3389386296826,14.218938629682583,14.218938629682583,8.93598450246527
2026-03-05 20:00:00,196.6,178.92955126554966,17.670448734450332,-17.670448734450332,8.98802067373862
2026-03-05 20:15:00,166.43,178.31031094459087,11.88031094459086,11.88031094459086,7.138322942502932
2026-03-05 20:30:00,151.53,156.73324688603148,5.203246886031479,5.203246886031479,3.4338064090895632
2026-03-05 20:45:00,100.9,144.03890356975324,43.13890356975324,43.13890356975324,42.75411609733605
2026-03-05 21:00:00,192.87,127.71728270007253,65.15271729992747,-65.15271729992747,33.78063823410644
2026-03-05 21:15:00,137.88,165.3703425203039,27.490342520303898,27.490342520303898,19.937875196493433
2026-03-05 21:30:00,133.6,125.82500081623135,7.774999183768642,-7.774999183768642,5.819610123931543
2026-03-05 21:45:00,127.18,119.69549897442019,7.484501025579817,-7.484501025579817,5.8849669497799555
2026-03-05 22:00:00,146.65,140.87287733093376,5.7771226690662445,-5.7771226690662445,3.9393949060158846
2026-03-05 22:15:00,140.3,135.48687574510447,4.813124254895541,-4.813124254895541,3.430594597711757
2026-03-05 22:30:00,128.26,129.5329124402659,1.2729124402659124,1.2729124402659124,0.9924469283809787
2026-03-05 22:45:00,112.07,120.23117058657391,8.161170586573917,8.161170586573917,7.28220800727388
2026-03-05 23:00:00,138.8,129.60544919665733,9.194550803342679,-9.194550803342679,6.62431609301118
2026-03-05 23:15:00,132.23,125.07448470594142,7.155515294058574,-7.155515294058574,5.4114158965018655
2026-03-05 23:30:00,130.04,118.97856845978208,11.06143154021791,-11.06143154021791,8.506176142076399
2026-03-05 23:45:00,126.92,117.9179839076127,9.002016092387308,-9.002016092387308,7.092669414954786
2026-03-06 00:00:00,133.22,125.33038714054791,7.889612859452086,-7.889612859452086,5.922243507153318
2026-03-06 00:15:00,125.1,119.3430702809379,5.7569297190621,-5.7569297190621,4.601862248635873
2026-03-06 00:30:00,121.62,112.09759445897794,9.522405541022067,-9.522405541022067,7.829637775633687
2026-03-06 00:45:00,114.27,111.64469280206674,2.625307197933253,-2.625307197933253,2.2974596787946586
2026-03-06 01:00:00,102.99,123.54147036422782,20.551470364227825,20.551470364227825,19.95482101629247
2026-03-06 01:15:00,107.54,104.8762980182187,2.6637019817813012,-2.6637019817813012,2.476940633263804
2026-03-06 01:30:00,107.59,107.4666245409986,0.12337545900140867,-0.12337545900140867,0.11467186342103358
2026-03-06 01:45:00,107.59,107.06684176036332,0.5231582396366861,-0.5231582396366861,0.48625172857530324
2026-03-06 02:00:00,108.61,107.39148557638585,1.2185144236141525,-1.2185144236141525,1.1219173302596255
2026-03-06 02:15:00,108.77,104.58955842713078,4.1804415728692135,-4.1804415728692135,3.843377341578965
2026-03-06 02:30:00,109.5,106.12141634524195,3.378583654758046,-3.378583654758046,3.0854644967154345
2026-03-06 02:45:00,108.45,106.11799994948997,2.3320000505100325,-2.3320000505100325,2.150299704017552
2026-03-06 03:00:00,112.24,110.54921844520746,1.6907815547925367,-1.6907815547925367,1.5063983782328518
2026-03-06 03:15:00,111.55,112.8700901122963,1.320090112296299,1.320090112296299,1.1834066342108764
2026-03-06 03:30:00,111.76,113.03107952467988,1.2710795246798767,1.2710795246798767,1.1373295573609352
2026-03-06 03:45:00,111.62,114.10519521077508,2.4851952107750748,2.4851952107750748,2.2264783985937027
2026-03-06 04:00:00,111.81,115.81713796955185,4.007137969551849,4.007137969551849,3.5838815255460457
2026-03-06 04:15:00,111.75,114.30540050937005,2.5554005093700454,2.5554005093700454,2.2867118447453487
2026-03-06 04:30:00,112.51,115.75361240948698,3.243612409486971,3.243612409486971,2.8829547423850537
2026-03-06 04:45:00,114.16,117.56879393721385,3.408793937213858,3.408793937213858,2.9859792461055235
2026-03-06 05:00:00,113.56,116.80140406520745,3.2414040652074476,3.2414040652074476,2.8543536779358147
2026-03-06 05:15:00,113.33,119.96964049627739,6.639640496277394,6.639640496277394,5.858678582626497
2026-03-06 05:30:00,121.76,118.72169930942769,3.0383006905723136,-3.0383006905723136,2.4953192063231944
2026-03-06 05:45:00,126.95,128.31896387655232,1.3689638765523142,1.3689638765523142,1.0783488505465346
2026-03-06 06:00:00,117.48,118.96008758840209,1.4800875884020854,1.4800875884020854,1.2598634455255795
2026-03-06 06:15:00,124.8,130.8832824768296,6.083282476829609,6.083282476829609,4.874425022504295
2026-03-06 06:30:00,167.54,138.97912772330267,28.560872276697324,-28.560872276697324,17.047195956920955
2026-03-06 06:45:00,245.95,187.72920463080155,58.22079536919844,-58.22079536919844,23.671801232966224
2026-03-06 07:00:00,130.62,180.72109506681414,50.10109506681414,50.10109506681414,38.35637320720441
2026-03-06 07:15:00,152.5,148.33762517975458,4.162374820245418,-4.162374820245418,2.729426093738464
2026-03-06 07:30:00,164.85,173.41609030685345,8.566090306853454,8.566090306853454,5.196293754862309
2026-03-06 07:45:00,197.02,184.69852010562417,12.321479894375841,-12.321479894375841,6.253923374193791
2026-03-06 08:00:00,212.19,168.97757311897075,43.212426881029245,-43.212426881029245,20.364968508119873
2026-03-06 08:15:00,202.55,192.90505859760387,9.644941402396142,-9.644941402396142,4.761758259579639
2026-03-06 08:30:00,170.98,190.82334221073089,19.843342210730896,19.843342210730896,11.605651008699489
2026-03-06 08:45:00,135.34,167.49156531202115,32.15156531202115,32.15156531202115,23.756143841037172
2026-03-06 09:00:00,186.36,158.60111432302983,27.75888567697018,-27.75888567697018,14.895302386787485
2026-03-06 09:15:00,151.43,172.39604220779785,20.96604220779784,20.96604220779784,13.845368863068183
2026-03-06 09:30:00,122.37,145.4571239924181,23.0871239924181,23.0871239924181,18.866653431193566
2026-03-06 09:45:00,99.07,114.47126576691821,15.401265766918215,15.401265766918215,15.545841941515896
2026-03-06 10:00:00,144.45,120.14857712026004,24.301422879739945,-24.301422879739945,16.823414822780062
2026-03-06 10:15:00,108.61,136.02793782164397,27.417937821643974,27.417937821643974,25.24439514703989
2026-03-06 10:30:00,102.8,101.76370569010673,1.0362943098932647,-1.0362943098932647,1.0080683850316934
2026-03-06 10:45:00,92.69,94.34623228431487,1.6562322843148678,1.6562322843148678,1.786851080425458
2026-03-06 11:00:00,112.48,107.42802536618775,5.05197463381225,-5.05197463381225,4.491442557697212
2026-03-06 11:15:00,100.23,106.59966902694677,6.369669026946767,6.369669026946767,6.355052343007326
2026-03-06 11:30:00,95.32,91.95326234888448,3.366737651115514,-3.366737651115514,3.532036944812363
2026-03-06 11:45:00,75.21,87.46847302897532,12.258473028975331,12.258473028975331,16.298993306721712
2026-03-06 12:00:00,88.55,94.48482682364696,5.934826823646958,5.934826823646958,6.702232362083156
2026-03-06 12:15:00,72.33,85.64263147506558,13.312631475065587,13.312631475065587,18.405407563958953
2026-03-06 12:30:00,70.31,70.84295911236843,0.532959112368431,0.532959112368431,0.7580132339472317
2026-03-06 12:45:00,62.69,64.72399460615047,2.033994606150472,2.033994606150472,3.244527952951336
2026-03-06 13:00:00,60.45,74.98629477091882,14.536294770918815,14.536294770918815,24.04680650198635
2026-03-06 13:15:00,45.93,58.792803799723345,12.862803799723345,12.862803799723345,28.005233006033126
2026-03-06 13:30:00,48.45,46.01683536563503,2.433164634364971,-2.433164634364971,5.022011525582777
2026-03-06 13:45:00,43.43,50.45881290734907,7.028812907349071,7.028812907349071,16.18423381419925
2026-03-06 14:00:00,44.79,51.67483462034674,6.884834620346744,6.884834620346744,15.37136518560637
2026-03-06 14:15:00,46.12,48.4463042949925,2.3263042949925037,2.3263042949925037,5.044024814727354
2026-03-06 14:30:00,45.65,47.98963559519187,2.339635595191872,2.339635595191872,5.125160008631484
2026-03-06 14:45:00,51.48,50.38575978412847,1.0942402158715296,-1.0942402158715296,2.125563703605075
2026-03-06 15:00:00,44.51,48.849584318658074,4.339584318658076,4.339584318658076,9.749683714134441
2026-03-06 15:15:00,63.5,52.087761909217576,11.412238090782424,-11.412238090782424,17.972028206397077
2026-03-06 15:30:00,83.98,77.18730836694135,6.792691633058652,-6.792691633058652,8.088463386727813
2026-03-06 15:45:00,102.0,95.18343571758979,6.816564282410212,-6.816564282410212,6.682906093707011
2026-03-06 16:00:00,82.01,87.99984881451353,5.989848814513522,5.989848814513522,7.303802879497004
2026-03-06 16:15:00,101.67,90.76954725282808,10.900452747171926,-10.900452747171926,10.72140517355943
2026-03-06 16:30:00,107.01,113.76576409569962,6.755764095699618,6.755764095699618,6.313208141825564
2026-03-06 16:45:00,135.96,118.83282127382014,17.127178726179864,-17.127178726179864,12.597218740958867
2026-03-06 17:00:00,90.0,113.694054784752,23.694054784751998,23.694054784751998,26.32672724609414
2026-03-06 17:15:00,122.93,107.27694759754942,15.653052402450584,-15.653052402450584,12.733305356802676
2026-03-06 17:30:00,140.77,138.51890129190588,2.2510987080941334,-2.2510987080941334,1.5991324089669738
2026-03-06 17:45:00,174.27,161.09912534342533,13.170874656574682,-13.170874656574682,7.557740621447912
2026-03-06 18:00:00,131.43,138.34090370608305,6.910903706083047,6.910903706083047,5.2582391033254625
2026-03-06 18:15:00,157.38,143.88445024033885,13.495549759661145,-13.495549759661145,8.575136404822583
2026-03-06 18:30:00,192.38,177.90958072097425,14.470419279025748,-14.470419279025748,7.521789793017907
2026-03-06 18:45:00,251.42,198.64362521089578,52.77637478910421,-52.77637478910421,20.991319138967075
2026-03-06 19:00:00,230.12,207.04271753868733,23.077282461312677,-23.077282461312677,10.02836883409916
2026-03-06 19:15:00,247.25,210.14280081207258,37.10719918792742,-37.10719918792742,15.007967254943477
2026-03-06 19:30:00,231.33,236.80520970124866,5.4752097012486445,5.4752097012486445,2.366839440444495
2026-03-06 19:45:00,217.24,217.17412883721653,0.06587116278348049,-0.06587116278348049,0.030321838740684084
2026-03-06 20:00:00,240.43,211.0230560696002,29.40694393039982,-29.40694393039982,12.23097941525185
2026-03-06 20:15:00,186.05,212.04239733450237,25.992397334502357,25.992397334502357,13.970651542486342
2026-03-06 20:30:00,171.95,166.79571582619388,5.154284173806104,-5.154284173806104,2.9975482081015543
2026-03-06 20:45:00,167.55,158.451913136449,9.098086863551003,-9.098086863551003,5.430072700238899
2026-03-06 21:00:00,171.26,181.46421603371562,10.204216033715625,10.204216033715625,5.958318331269672
2026-03-06 21:15:00,161.48,154.6442691405539,6.835730859446102,-6.835730859446102,4.233174892936805
2026-03-06 21:30:00,156.19,146.8620309514869,9.327969048513097,-9.327969048513097,5.972193475120791
2026-03-06 21:45:00,130.15,140.4482984873339,10.29829848733388,10.29829848733388,7.912638039344986
2026-03-06 22:00:00,153.05,144.9532449474765,8.09675505252352,-8.09675505252352,5.290267886063927
2026-03-06 22:15:00,143.69,137.10928873271627,6.580711267283732,-6.580711267283732,4.579797634828976
2026-03-06 22:30:00,129.17,128.3817557401386,0.7882442598613864,-0.7882442598613864,0.6102378677394192
2026-03-06 22:45:00,116.66,116.753713103473,0.09371310347300721,0.09371310347300721,0.08033010686585475
2026-03-06 23:00:00,137.8,131.83106674516978,5.968933254830233,-5.968933254830233,4.3315915903587205
2026-03-06 23:15:00,128.42,126.60318245572816,1.816817544271828,-1.816817544271828,1.4147465582653502
2026-03-06 23:30:00,128.07,118.82676110157544,9.24323889842455,-9.24323889842455,7.217333353830887
2026-03-06 23:45:00,117.11,117.71632031326317,0.6063203132631685,0.6063203132631685,0.5177357254596628
2026-03-07 00:00:00,138.76,123.57489333295403,15.185106667045957,-15.185106667045957,10.943432226586651
2026-03-07 00:15:00,126.02,126.20005340247015,0.18005340247015056,0.18005340247015056,0.14287684577160936
2026-03-07 00:30:00,123.76,114.51816223933646,9.241837760663543,-9.241837760663543,7.467548227204316
2026-03-07 00:45:00,113.69,112.41661135182366,1.2733886481763363,-1.2733886481763363,1.1200533353644146
2026-03-07 01:00:00,142.07,125.5248213195614,16.545178680438596,-16.545178680438596,11.64579331595739
2026-03-07 01:15:00,136.72,128.74597084181806,7.974029158181935,-7.974029158181935,5.8323793884275466
2026-03-07 01:30:00,132.32,123.60482201130367,8.715177988696325,-8.715177988696325,6.586440389080956
2026-03-07 01:45:00,129.04,118.75718758200077,10.282812417999224,-10.282812417999224,7.968701440105557
2026-03-07 02:00:00,138.12,129.00779230675926,9.112207693240748,-9.112207693240748,6.597312212038537
2026-03-07 02:15:00,132.04,127.45209351105152,4.587906488948477,-4.587906488948477,3.474633788399075
2026-03-07 02:30:00,127.4,120.33198774510475,7.068012254895251,-7.068012254895251,5.5478902664178555
2026-03-07 02:45:00,123.35,117.7160209239168,5.633979076083193,-5.633979076083193,4.567473879536648
2026-03-07 03:00:00,129.27,125.58589135770232,3.684108642297687,-3.684108642297687,2.84993317382096
2026-03-07 03:15:00,124.54,120.62144355736801,3.9185564426319957,-3.9185564426319957,3.1464239691406424
2026-03-07 03:30:00,123.01,116.63287397449521,6.3771260255047935,-6.3771260255047935,5.184233780719011
2026-03-07 03:45:00,121.89,116.53138841329951,5.358611586700491,-5.358611586700491,4.3962683917776735
2026-03-07 04:00:00,125.61,119.79954131336147,5.810458686638526,-5.810458686638526,4.625793042258256
2026-03-07 04:15:00,123.78,119.46629545854786,4.3137045414521396,-4.3137045414521396,3.484976980612676
2026-03-07 04:30:00,122.12,119.00284569503836,3.1171543049616446,-3.1171543049616446,2.5525338023553115
2026-03-07 04:45:00,121.76,118.22733923806703,3.5326607619329735,-3.5326607619329735,2.9013310881403274
2026-03-07 05:00:00,121.64,118.40835435843434,3.231645641565663,-3.231645641565663,2.656729377670478
2026-03-07 05:15:00,122.97,120.52921033145552,2.4407896685444825,-2.4407896685444825,1.9848659418523404
2026-03-07 05:30:00,123.4,121.94253281077629,1.4574671892237205,-1.4574671892237205,1.1810917158936818
2026-03-07 05:45:00,126.64,123.27741916295076,3.3625808370492365,-3.3625808370492365,2.655228056298923
2026-03-07 06:00:00,123.68,118.64605345820516,5.0339465417948475,-5.0339465417948475,4.070137856640903
2026-03-07 06:15:00,128.26,124.88215261720927,3.377847382790719,-3.377847382790719,2.6335937599054904
2026-03-07 06:30:00,129.35,130.50437668509124,1.1543766850912505,1.1543766850912505,0.8924442799898011
2026-03-07 06:45:00,134.86,130.5222285022708,4.337771497729221,-4.337771497729221,3.216499677861652
2026-03-07 07:00:00,135.8,124.81624955375233,10.983750446247683,-10.983750446247683,8.08818141779519
2026-03-07 07:15:00,143.36,133.2536954555073,10.106304544492701,-10.106304544492701,7.049598544919583
2026-03-07 07:30:00,145.99,140.99903092615705,4.990969073842962,-4.990969073842962,3.41870610292205
2026-03-07 07:45:00,135.49,140.70453102734055,5.214531027340541,5.214531027340541,3.8486463863414846
2026-03-07 08:00:00,148.62,138.2114886145995,10.408511385400516,-10.408511385400516,7.003439184070868
2026-03-07 08:15:00,135.96,140.5341920159709,4.57419201597088,4.57419201597088,3.3643659769985437
2026-03-07 08:30:00,129.26,130.80304924115393,1.5430492411539376,1.5430492411539376,1.1937561729973512
2026-03-07 08:45:00,101.44,122.81300497339446,21.37300497339446,21.37300497339446,21.069602486887256
2026-03-07 09:00:00,140.67,114.13271618816202,26.537283811837966,-26.537283811837966,18.8649204686065
2026-03-07 09:15:00,125.28,128.83142293882025,3.5514229388202523,3.5514229388202523,2.834788402356616
2026-03-07 09:30:00,100.0,109.79956577227867,9.799565772278669,9.799565772278669,9.799565674283011
2026-03-07 09:45:00,72.52,87.0309130727896,14.510913072789606,14.510913072789606,20.009532367201164
2026-03-07 10:00:00,132.81,97.07401072208091,35.73598927791909,-35.73598927791909,26.907604102735522
2026-03-07 10:15:00,104.29,117.48927253628136,13.199272536281356,13.199272536281356,12.656316434670813
2026-03-07 10:30:00,49.15,91.02455168471367,41.87455168471367,41.87455168471367,85.19745845928604
2026-03-07 10:45:00,36.67,38.109314413764444,1.4393144137644427,1.4393144137644427,3.925046017218387
2026-03-07 11:00:00,31.33,61.41154667813607,30.08154667813607,30.08154667813607,96.01514751989977
2026-03-07 11:15:00,25.78,34.94751687117682,9.167516871176822,9.167516871176822,35.560576088328396
2026-03-07 11:30:00,59.99,22.90473297703678,37.08526702296322,-37.08526702296322,61.81908052137426
2026-03-07 11:45:00,51.6,56.12521687541968,4.52521687541968,4.52521687541968,8.769799976204808
2026-03-07 12:00:00,33.49,49.56249256709833,16.07249256709833,16.07249256709833,47.99191426449444
2026-03-07 12:15:00,25.56,36.00104130377455,10.44104130377455,10.44104130377455,40.84914278279782
2026-03-07 12:30:00,22.79,25.263264821213212,2.4732648212132133,2.4732648212132133,10.85241207849536
2026-03-07 12:45:00,20.0,23.770042137065104,3.7700421370651043,3.7700421370651043,18.850209742815032
2026-03-07 13:00:00,25.8,25.891968525566437,0.0919685255664362,0.0919685255664362,0.35646713954172404
2026-03-07 13:15:00,24.93,25.28617419276145,0.35617419276145057,0.35617419276145057,1.4286970656818287
2026-03-07 13:30:00,22.52,25.375757008536944,2.855757008536944,2.855757008536944,12.680980824720853
2026-03-07 13:45:00,30.73,23.685345690482812,7.044654309517188,-7.044654309517188,22.92435431263796
2026-03-07 14:00:00,48.98,26.45544642976423,22.524553570235767,-22.524553570235767,45.987246039941425
2026-03-07 14:15:00,57.26,47.77685023982954,9.483149760170456,-9.483149760170456,16.56156059125891
2026-03-07 14:30:00,56.77,61.999035144849586,5.229035144849583,5.229035144849583,9.210912546662776
2026-03-07 14:45:00,56.32,60.31655445589425,3.9965544558942483,3.9965544558942483,7.096154802792437
2026-03-07 15:00:00,56.57,54.14724869314374,2.422751306856263,-2.422751306856263,4.28274927351736
2026-03-07 15:15:00,61.63,60.87819459181593,0.7518054081840759,-0.7518054081840759,1.2198692130218787
2026-03-07 15:30:00,43.99,66.34746791747646,22.357467917476463,22.357467917476463,50.82397683390929
2026-03-07 15:45:00,53.03,47.5716328043809,5.458367195619104,-5.458367195619104,10.292979620383383
2026-03-07 16:00:00,35.67,54.98115694400983,19.31115694400983,19.31115694400983,54.138369505540055
2026-03-07 16:15:00,79.41,48.00030311699956,31.409696883000436,-31.409696883000436,39.55383010636209
2026-03-07 16:30:00,98.72,96.11262364257115,2.6073763574288478,-2.6073763574288478,2.641183479555321
2026-03-07 16:45:00,132.3,116.92007259797106,15.379927402028954,-15.379927402028954,11.625039520618714
2026-03-07 17:00:00,84.14,112.00775317469794,27.86775317469794,27.86775317469794,33.12069508377821
2026-03-07 17:15:00,134.41,103.24017939726096,31.169820602739037,-31.169820602739037,23.190105178809603
2026-03-07 17:30:00,166.59,152.52867089462634,14.061329105373659,-14.061329105373659,8.440680125437815
2026-03-07 17:45:00,247.54,190.22679532508113,57.313204674918865,-57.313204674918865,23.153108363653462
2026-03-07 18:00:00,146.59,177.9996101308209,31.40961013082091,31.40961013082091,21.426843520398712
2026-03-07 18:15:00,201.96,165.85136361758504,36.10863638241497,-36.10863638241497,17.8791028934561
2026-03-07 18:30:00,185.71,214.6140711709556,28.904071170955604,28.904071170955604,15.564089718009102
2026-03-07 18:45:00,252.23,197.60248971391394,54.62751028608605,-54.62751028608605,21.657816306350508
2026-03-07 19:00:00,200.0,216.72230875175845,16.722308751758447,16.722308751758447,8.361154334073452
2026-03-07 19:15:00,206.6,199.43701655498057,7.162983445019421,-7.162983445019421,3.467078126983853
2026-03-07 19:30:00,232.33,203.14667936310022,29.183320636899793,-29.183320636899793,12.561150308306413
2026-03-07 19:45:00,210.51,239.60544887682858,29.095448876828584,29.095448876828584,13.821409310063416
2026-03-07 20:00:00,210.51,210.32677149051335,0.18322850948663927,-0.18322850948663927,0.08704028721497145
2026-03-07 20:15:00,190.36,201.07131869767622,10.711318697676205,10.711318697676205,5.626874680293895
2026-03-07 20:30:00,205.87,186.47975602861578,19.390243971384223,-19.390243971384223,9.418683575653269
2026-03-07 20:45:00,178.47,197.15956029527194,18.689560295271946,18.689560295271946,10.47210186056532
2026-03-07 21:00:00,195.48,192.9807043680629,2.4992956319370876,-2.4992956319370876,1.2785428786329338
2026-03-07 21:15:00,185.46,178.72355899562393,6.736441004376076,-6.736441004376076,3.632287807642186
2026-03-07 21:30:00,176.02,170.76930005934128,5.250699940658734,-5.250699940658734,2.9830132432840597
2026-03-07 21:45:00,162.72,162.07033310885473,0.649666891145273,-0.649666891145273,0.3992544783386973
2026-03-07 22:00:00,177.88,181.412603443887,3.5326034438870124,3.5326034438870124,1.9859475061994252
2026-03-07 22:15:00,165.97,165.8901916378798,0.07980836212018971,-0.07980836212018971,0.04808601653270443
2026-03-07 22:30:00,159.65,159.0430240883317,0.6069759116683144,-0.6069759116683144,0.3801916115668013
2026-03-07 22:45:00,146.6,151.90826343929623,5.3082634392962404,5.3082634392962404,3.6209163731835448
2026-03-07 23:00:00,172.65,158.61193525810148,14.038064741898523,-14.038064741898523,8.130938117920152
2026-03-07 23:15:00,158.42,159.72879558948804,1.3087955894880565,1.3087955894880565,0.8261555240667222
2026-03-07 23:30:00,154.2,150.39856419305727,3.8014358069427203,-3.8014358069427203,2.465263153236115
2026-03-07 23:45:00,146.53,144.58672382628606,1.9432761737139401,-1.9432761737139401,1.3261967927741571
2026-03-08 00:00:00,179.92,150.9534696842248,28.966530315775174,-28.966530315775174,16.0996721625047
2026-03-08 00:15:00,155.78,164.45526944473949,8.675269444739484,8.675269444739484,5.56892373157674
2026-03-08 00:30:00,148.25,143.92073875186736,4.329261248132639,-4.329261248132639,2.920243655264892
2026-03-08 00:45:00,142.52,132.97698020890556,9.543019791094451,-9.543019791094451,6.695916169053668
2026-03-08 01:00:00,165.33,151.0150361300034,14.314963869996603,-14.314963869996603,8.658418788733089
2026-03-08 01:15:00,152.5,156.13582885926957,3.635828859269566,3.635828859269566,2.3841500560184037
2026-03-08 01:30:00,144.54,140.61441291826085,3.9255870817391383,-3.9255870817391383,2.7159174308703227
2026-03-08 01:45:00,141.13,133.56906452804938,7.560935471950614,-7.560935471950614,5.357426074099308
2026-03-08 02:00:00,146.69,144.79739910755205,1.8926008924479447,-1.8926008924479447,1.290204430803668
2026-03-08 02:15:00,137.15,135.14954794687978,2.0004520531202274,-2.0004520531202274,1.4585869766929331
2026-03-08 02:30:00,132.04,128.686941648352,3.353058351648002,-3.353058351648002,2.539426178622948
2026-03-08 02:45:00,128.42,126.11212678115993,2.307873218840058,-2.307873218840058,1.7971291082921406
2026-03-08 03:00:00,136.31,132.34694657077983,3.9630534292201673,-3.9630534292201673,2.9073827306480378
2026-03-08 03:15:00,135.79,128.50185238784906,7.2881476121509365,-7.2881476121509365,5.367219646865558
2026-03-08 03:30:00,132.22,127.87636767528574,4.343632324714264,-4.343632324714264,3.285155265362813
2026-03-08 03:45:00,129.55,123.80185576072006,5.748144239279952,-5.748144239279952,4.437008255430235
2026-03-08 04:00:00,135.14,130.6244296123509,4.515570387649092,-4.515570387649092,3.341401771670175
2026-03-08 04:15:00,132.7,127.77887206544658,4.921127934553411,-4.921127934553411,3.7084611133902037
2026-03-08 04:30:00,133.05,125.36174484988956,7.68825515011045,-7.68825515011045,5.778470569203866
2026-03-08 04:45:00,129.83,126.90907928196296,2.9209207180370527,-2.9209207180370527,2.249804125039676
2026-03-08 05:00:00,131.95,130.1087254658939,1.841274534106077,-1.841274534106077,1.395433512809202
2026-03-08 05:15:00,135.94,129.89513429778552,6.04486570221448,-6.04486570221448,4.446715946555334
2026-03-08 05:30:00,135.03,136.9685989209121,1.938598920912085,1.938598920912085,1.4356801500076157
2026-03-08 05:45:00,142.79,132.97077274981,9.819227250189982,-9.819227250189982,6.876691071799897
2026-03-08 06:00:00,133.98,133.73251250490233,0.24748749509765844,-0.24748749509765844,0.18471972925097863
2026-03-08 06:15:00,136.57,136.88542422739698,0.3154242273969885,0.3154242273969885,0.23096157654490207
2026-03-08 06:30:00,142.76,140.06456085538184,2.695439144618149,-2.695439144618149,1.8880912900933289
2026-03-08 06:45:00,144.66,145.24530536982238,0.5853053698223789,0.5853053698223789,0.40460760803007245
2026-03-08 07:00:00,142.8,138.65649296089455,4.143507039105458,-4.143507039105458,2.901615553283825
2026-03-08 07:15:00,142.68,140.19265621355822,2.4873437864417838,-2.4873437864417838,1.7433023331992994
2026-03-08 07:30:00,136.72,140.30220885365136,3.582208853651366,3.582208853651366,2.620105929966579
2026-03-08 07:45:00,131.84,130.9961197058586,0.8438802941413996,-0.8438802941413996,0.6400791017450005
2026-03-08 08:00:00,141.25,136.5404054485088,4.709594551491193,-4.709594551491193,3.3342262075390665
2026-03-08 08:15:00,129.83,136.4339652463836,6.603965246383581,6.603965246383581,5.086624967663353
2026-03-08 08:30:00,110.23,122.8689720104552,12.638972010455191,12.638972010455191,11.466000086904826
2026-03-08 08:45:00,70.23,104.93595167275357,34.70595167275357,34.70595167275357,49.417558277912555
2026-03-08 09:00:00,89.5,99.76080137182156,10.260801371821557,10.260801371821557,11.464582410252216
2026-03-08 09:15:00,68.4,86.79505086980969,18.39505086980968,18.39505086980968,26.89334883169034
2026-03-08 09:30:00,29.0,65.97775648895929,36.97775648895929,36.97775648895929,127.50950073746303
2026-03-08 09:45:00,28.14,28.7167489438854,0.5767489438853985,0.5767489438853985,2.049569734860345
2026-03-08 10:00:00,24.06,42.372895754910374,18.312895754910375,18.312895754910375,76.11344552691571
2026-03-08 10:15:00,25.27,26.251994453208034,0.9819944532080349,0.9819944532080349,3.886008762754045
2026-03-08 10:30:00,26.03,27.474974290515423,1.4449742905154217,1.4449742905154217,5.551187994635196
2026-03-08 10:45:00,30.13,28.98105503230578,1.14894496769422,-1.14894496769422,3.813292165819112
2026-03-08 11:00:00,25.55,32.09925744655671,6.549257446556712,6.549257446556712,25.633100548828597
2026-03-08 11:15:00,28.7,29.287996094855274,0.5879960948552743,0.5879960948552743,2.0487668096432268
2026-03-08 11:30:00,28.81,30.88380481666016,2.073804816660161,2.073804816660161,7.198211540014042
2026-03-08 11:45:00,28.56,30.282608344582293,1.7226083445822944,1.7226083445822944,6.031541611578706
2026-03-08 12:00:00,27.28,32.139730422204636,4.859730422204635,4.859730422204635,17.814260425447323
2026-03-08 12:15:00,24.43,28.875257574074226,4.445257574074226,4.445257574074226,18.19589599719716
2026-03-08 12:30:00,25.73,25.95954583365824,0.22954583365823922,0.22954583365823922,0.8921330149122
2026-03-08 12:45:00,27.62,28.308024622467734,0.6880246224677329,0.6880246224677329,2.4910376450302545
2026-03-08 13:00:00,24.06,28.553756185082886,4.493756185082887,4.493756185082887,18.677290101039013
2026-03-08 13:15:00,24.49,25.12274324559572,0.6327432455957229,0.6327432455957229,2.5836799500160206
2026-03-08 13:30:00,25.01,26.14998142704377,1.139981427043768,1.139981427043768,4.558102284937005
2026-03-08 13:45:00,28.07,26.32092957192549,1.7490704280745106,-1.7490704280745106,6.231102122420696
2026-03-08 14:00:00,24.98,27.776809035741586,2.7968090357415853,2.7968090357415853,11.196192649238025
2026-03-08 14:15:00,26.94,26.168413458865597,0.7715865411344041,-0.7715865411344041,2.864092473992128
2026-03-08 14:30:00,27.99,29.50286631431467,1.512866314314671,1.512866314314671,5.405024152427401
2026-03-08 14:45:00,29.89,31.10448097610947,1.2144809761094706,1.2144809761094706,4.063168067841384
2026-03-08 15:00:00,25.28,27.929695184295376,2.649695184295375,2.649695184295375,10.481388763771706
2026-03-08 15:15:00,27.79,33.33923219089172,5.549232190891722,5.549232190891722,19.9684490507637
2026-03-08 15:30:00,31.17,33.35319216352977,2.1831921635297675,2.1831921635297675,7.0041453111591725
2026-03-08 15:45:00,39.6,36.41002874582399,3.189971254176008,-3.189971254176008,8.055482761669648
2026-03-08 16:00:00,33.34,38.171142983629636,4.831142983629633,4.831142983629633,14.490530410090969
2026-03-08 16:15:00,45.23,41.15635366538774,4.073646334612256,-4.073646334612256,9.006513916752414
2026-03-08 16:30:00,79.23,56.79741293057062,22.43258706942938,-22.43258706942938,28.313248499680544
2026-03-08 16:45:00,119.8,96.01158609387228,23.788413906127715,-23.788413906127715,19.85677271081802
2026-03-08 17:00:00,73.14,92.17924287132253,19.03924287132253,19.03924287132253,26.031231352215222
2026-03-08 17:15:00,118.4,92.78946706576184,25.610532934238165,-25.610532934238165,21.630517498254214
2026-03-08 17:30:00,169.42,132.87785439499595,36.54214560500404,-36.54214560500404,21.56896788414258
2026-03-08 17:45:00,203.28,187.60724651065584,15.67275348934416,-15.67275348934416,7.709933791934683
2026-03-08 18:00:00,123.9,145.9026256856459,22.00262568564588,22.00262568564588,17.758374098516658
2026-03-08 18:15:00,136.99,133.37018625321988,3.6198137467801246,-3.6198137467801246,2.6423926712579004
2026-03-08 18:30:00,147.63,153.26318564057058,5.633185640570588,5.633185640570588,3.8157458527488517
2026-03-08 18:45:00,176.75,161.55092536910945,15.19907463089055,-15.19907463089055,8.599193519037405
2026-03-08 19:00:00,151.18,156.53892716431602,5.358927164316015,5.358927164316015,3.5447328541266607
2026-03-08 19:15:00,154.9,159.6244968215886,4.724496821588588,4.724496821588588,3.0500302072874663
2026-03-08 19:30:00,147.53,168.01578704679102,20.485787046791017,20.485787046791017,13.885844850493168
2026-03-08 19:45:00,166.7,149.4053783670872,17.294621632912794,-17.294621632912794,10.374697977903908
2026-03-08 20:00:00,144.21,163.8549405715106,19.644940571510602,19.644940571510602,13.62245366845993
2026-03-08 20:15:00,143.01,142.483820594505,0.526179405494986,-0.526179405494986,0.36793189414423266
2026-03-08 20:30:00,140.18,137.94339859081418,2.2366014091858233,-2.2366014091858233,1.5955210395424544
2026-03-08 20:45:00,132.6,133.84501966369396,1.2450196636939665,1.2450196636939665,0.9389288494002097
2026-03-08 21:00:00,149.89,140.52765423591524,9.36234576408475,-9.36234576408475,6.246144306907271
2026-03-08 21:15:00,141.15,133.4271575081686,7.722842491831415,-7.722842491831415,5.471372608655819
2026-03-08 21:30:00,131.49,129.93413021082432,1.5558697891756879,-1.5558697891756879,1.1832609151593876
2026-03-08 21:45:00,116.58,119.93914064276595,3.3591406427659507,3.3591406427659507,2.881403854822364
2026-03-08 22:00:00,124.22,133.13007922893962,8.910079228939622,8.910079228939622,7.17282173338545
2026-03-08 22:15:00,98.4,115.74239740259063,17.34239740259062,17.34239740259062,17.62438742514913
2026-03-08 22:30:00,81.66,89.67148631094418,8.011486310944179,8.011486310944179,9.810783998085157
2026-03-08 22:45:00,67.94,77.04270033261473,9.10270033261473,9.10270033261473,13.398145714797282
2026-03-08 23:00:00,72.62,92.34915259335115,19.729152593351145,19.729152593351145,27.16765673598813
2026-03-08 23:15:00,70.12,73.34431935869485,3.224319358694842,3.224319358694842,4.598287667872169
2026-03-08 23:30:00,67.37,67.3119107961369,0.0580892038631049,-0.0580892038631049,0.08622413982612959
2026-03-08 23:45:00,65.88,63.257909259584835,2.6220907404151603,-2.6220907404151603,3.980101245619533
2026-03-09 00:00:00,68.07,68.92556693763704,0.8555669376370503,0.8555669376370503,1.2568927942825363
2026-03-09 00:15:00,66.53,64.36762004884162,2.1623799511583854,-2.1623799511583854,3.2502328553375275
2026-03-09 00:30:00,65.65,62.96633546845304,2.6836645315469667,-2.6836645315469667,4.0878362386422
2026-03-09 00:45:00,62.0,61.79347969819412,0.206520301805881,-0.206520301805881,0.33309725560469106
2026-03-09 01:00:00,68.23,65.4985485662045,2.731451433795499,-2.731451433795499,4.003299712388248
2026-03-09 01:15:00,66.98,63.40822879729127,3.5717712027087316,-3.5717712027087316,5.332593534462222
2026-03-09 01:30:00,62.89,64.188598448465,1.2985984484650004,1.2985984484650004,2.0648726789891456
2026-03-09 01:45:00,61.49,59.05001311731466,2.4399868826853393,-2.4399868826853393,3.968103501389338
2026-03-09 02:00:00,65.91,61.77384531899389,4.136154681006104,-4.136154681006104,6.27545837999017
2026-03-09 02:15:00,63.34,62.58376088148428,0.7562391185157225,-0.7562391185157225,1.1939360697448085
2026-03-09 02:30:00,62.15,60.445207085358,1.704792914641999,-1.704792914641999,2.7430295852159343
2026-03-09 02:45:00,60.88,59.69828037333066,1.1817196266693415,-1.1817196266693415,1.9410637438546388
2026-03-09 03:00:00,62.07,60.03837534771094,2.031624652289061,-2.031624652289061,3.2731184462024756
2026-03-09 03:15:00,61.46,57.6004388372925,3.8595611627075,-3.8595611627075,6.279793524096267
2026-03-09 03:30:00,62.65,58.02477385080925,4.625226149190752,-4.625226149190752,7.382643376479359
2026-03-09 03:45:00,63.64,60.63883192092658,3.001168079073423,-3.001168079073423,4.715851715768237
2026-03-09 04:00:00,62.18,61.14922986637556,1.0307701336244364,-1.0307701336244364,1.6577197122020573
2026-03-09 04:15:00,63.22,61.3278545533029,1.8921454466971,-1.8921454466971,2.992953838607342
2026-03-09 04:30:00,63.12,62.31590753736973,0.8040924626302655,-0.8040924626302655,1.2739107254295918
2026-03-09 04:45:00,64.38,62.453906003595094,1.9260939964049015,-1.9260939964049015,2.991758257979682
2026-03-09 05:00:00,63.21,61.95417261590559,1.2558273840944096,-1.2558273840944096,1.9867542544326326
2026-03-09 05:15:00,63.73,64.85157881325344,1.1215788132534428,1.1215788132534428,1.759891410096546
2026-03-09 05:30:00,68.57,65.56875164800297,3.0012483519970203,-3.0012483519970203,4.376911635158093
2026-03-09 05:45:00,72.97,71.21315549023753,1.7568445097624732,-1.7568445097624732,2.4076257169880995
2026-03-09 06:00:00,68.14,70.58656363526734,2.4465636352673386,2.4465636352673386,3.590495449607256
2026-03-09 06:15:00,72.23,74.10830906694952,1.8783090669495124,1.8783090669495124,2.6004555460957457
2026-03-09 06:30:00,75.69,80.56770168085707,4.877701680857072,4.877701680857072,6.444314462166638
2026-03-09 06:45:00,81.9,84.98849477306115,3.088494773061143,3.088494773061143,3.7710558429189063
2026-03-09 07:00:00,74.8,77.0135978358741,2.213597835874097,2.213597835874097,2.9593553559900316
2026-03-09 07:15:00,78.23,85.19734238341924,6.967342383419236,6.967342383419236,8.906228166121634
2026-03-09 07:30:00,85.46,82.24135240448031,3.218647595519684,-3.218647595519684,3.766262061616035
2026-03-09 07:45:00,135.32,90.90905513642994,44.41094486357005,-44.41094486357005,32.81920228745051
2026-03-09 08:00:00,106.8,111.08643943034932,4.2864394303493185,4.2864394303493185,4.013520028290373
2026-03-09 08:15:00,146.9,111.30392454476065,35.59607545523936,-35.59607545523936,24.231501166047885
2026-03-09 08:30:00,142.86,144.71835734432756,1.858357344327544,1.858357344327544,1.3008241154412032
2026-03-09 08:45:00,114.56,143.7305573164586,29.1705573164586,29.1705573164586,25.463125926874426
2026-03-09 09:00:00,99.09,119.55368971459725,20.46368971459725,20.46368971459725,20.651619243194126
2026-03-09 09:15:00,74.47,101.22740264693405,26.757402646934054,26.757402646934054,35.93044486052049
2026-03-09 09:30:00,85.13,80.8377477745871,4.292252225412895,-4.292252225412895,5.041997151407171
2026-03-09 09:45:00,54.33,85.11761053313525,30.78761053313525,30.78761053313525,56.66778937319595
2026-03-09 10:00:00,74.3,76.05638611929717,1.7563861192971757,1.7563861192971757,2.3639112996743776
2026-03-09 10:15:00,70.6,71.05670181968765,0.4567018196876518,0.4567018196876518,0.6468864209897842
2026-03-09 10:30:00,75.17,68.83920290013624,6.330797099863759,-6.330797099863759,8.421972882325436
2026-03-09 10:45:00,78.54,75.01321434976347,3.5267856502365333,-3.5267856502365333,4.490432397927437
2026-03-09 11:00:00,30.77,76.60533167885345,45.83533167885345,45.83533167885345,148.9610990875608
2026-03-09 11:15:00,87.57,37.3983811969576,50.17161880304239,-50.17161880304239,57.29315773679436
2026-03-09 11:30:00,81.38,88.69538021410327,7.315380214103271,7.315380214103271,8.989162108886276
2026-03-09 11:45:00,72.27,74.45138523749347,2.1813852374934726,2.1813852374934726,3.0183827415381836
2026-03-09 12:00:00,74.29,75.30455184711943,1.0145518471194208,1.0145518471194208,1.3656640644269487
2026-03-09 12:15:00,70.88,72.11847138823039,1.2384713882303942,1.2384713882303942,1.7472790219492156
2026-03-09 12:30:00,66.88,71.43791112570662,4.5579111257066245,4.5579111257066245,6.815058399455803
2026-03-09 12:45:00,62.33,62.21995207307788,0.11004792692212106,-0.11004792692212106,0.17655691505944476
2026-03-09 13:00:00,65.51,65.42008969139368,0.08991030860632065,-0.08991030860632065,0.1372466909385647
2026-03-09 13:15:00,65.05,61.4580304816011,3.5919695183988978,-3.5919695183988978,5.5218592823678785
2026-03-09 13:30:00,64.8,61.94089038741786,2.859109612582138,-2.859109612582138,4.412206124166786
2026-03-09 13:45:00,63.89,62.784154679922125,1.1058453200778757,-1.1058453200778757,1.7308581981050144
2026-03-09 14:00:00,58.08,62.82903432061157,4.749034320611571,4.749034320611571,8.17671184374045
2026-03-09 14:15:00,59.27,58.15904407665067,1.11095592334933,-1.11095592334933,1.8743983543198017
2026-03-09 14:30:00,62.72,56.538181797175085,6.181818202824914,-6.181818202824914,9.85621508970466
2026-03-09 14:45:00,66.95,64.6132065222302,2.3367934777698025,-2.3367934777698025,3.49035615065906
2026-03-09 15:00:00,60.24,61.16739873185354,0.9273987318535362,0.9273987318535362,1.539506501425085
2026-03-09 15:15:00,75.17,62.71340032077456,12.456599679225441,-12.456599679225441,16.57123787882541
2026-03-09 15:30:00,82.93,86.29302541619293,3.363025416192926,3.363025416192926,4.055257898999574
2026-03-09 15:45:00,94.31,88.3712667689383,5.938733231061704,-5.938733231061704,6.297034426986915
2026-03-09 16:00:00,91.72,85.90355208114883,5.816447918851168,-5.816447918851168,6.3415262270343495
2026-03-09 16:15:00,98.53,95.01414849842759,3.5158515015724134,-3.5158515015724134,3.56830555758587
2026-03-09 16:30:00,100.73,105.95172339316095,5.221723393160943,5.221723393160943,5.183881009949501
2026-03-09 16:45:00,107.55,107.73022792662105,0.18022792662105758,0.18022792662105758,0.16757594137173237
2026-03-09 17:00:00,96.64,102.49913560974531,5.859135609745309,5.859135609745309,6.062847215559641
2026-03-09 17:15:00,118.72,109.3111590658654,9.408840934134602,-9.408840934134602,7.925236569139351
2026-03-09 17:30:00,135.29,139.09759525829347,3.8075952582934747,3.8075952582934747,2.814395173441883
2026-03-09 17:45:00,149.65,154.71592127687939,5.065921276879379,5.065921276879379,3.3851795810408176
2026-03-09 18:00:00,125.03,132.29319767983802,7.263197679838015,7.263197679838015,5.809163898061566
2026-03-09 18:15:00,157.8,141.60587048907843,16.194129510921584,-16.194129510921584,10.262439422241565
2026-03-09 18:30:00,192.25,177.6484578496399,14.601542150360103,-14.601542150360103,7.59508040281368
2026-03-09 18:45:00,247.59,194.13480738499962,53.455192615000385,-53.455192615000385,21.59020655078893
2026-03-09 19:00:00,210.16,192.2885058467821,17.871494153217895,-17.871494153217895,8.503756218205336
2026-03-09 19:15:00,235.55,197.44419443601126,38.10580556398875,-38.10580556398875,16.177374401279987
2026-03-09 19:30:00,218.57,228.48524273545863,9.915242735458634,9.915242735458634,4.536415194260183
2026-03-09 19:45:00,189.14,205.96308696978141,16.82308696978143,16.82308696978143,8.894515639651198
2026-03-09 20:00:00,189.1,185.0894173079592,4.010582692040799,-4.010582692040799,2.1208792548027535
2026-03-09 20:15:00,150.46,172.35596117095338,21.89596117095337,21.89596117095337,14.552679134272617
2026-03-09 20:30:00,118.34,143.29094022206678,24.950940222066777,24.950940222066777,21.08411358055234
2026-03-09 20:45:00,93.0,111.67108108907333,18.671081089073326,18.671081089073326,20.076431062697868
2026-03-09 21:00:00,158.61,119.13394933767196,39.47605066232805,-39.47605066232805,24.88875254614496
2026-03-09 21:15:00,121.62,138.06144441379928,16.441444413799275,16.441444413799275,13.518701100651425
2026-03-09 21:30:00,95.69,107.6814800709214,11.991480070921398,11.991480070921398,12.531591541023602
2026-03-09 21:45:00,85.0,84.5564969399023,0.44350306009769724,-0.44350306009769724,0.5217682998588403
2026-03-09 22:00:00,105.19,104.99860460484186,0.19139539515813908,-0.19139539515813908,0.18195208036754282
2026-03-09 22:15:00,95.61,98.84046362899912,3.230463628999118,3.230463628999118,3.3787925899081603
2026-03-09 22:30:00,85.2,88.25370150050739,3.053701500507387,3.053701500507387,3.5841566486688037
2026-03-09 22:45:00,77.07,76.84689577815568,0.22310422184430934,-0.22310422184430934,0.2894825729200514
2026-03-09 23:00:00,82.21,92.59406839858796,10.38406839858797,10.38406839858797,12.631149826391527
2026-03-09 23:15:00,78.15,79.01277784578582,0.8627778457858142,0.8627778457858142,1.1040023477233405
2026-03-09 23:30:00,74.58,74.56084238990591,0.019157610094083566,-0.019157610094083566,0.025687328824363476
2026-03-09 23:45:00,70.9,71.28153290860516,0.381532908605152,0.381532908605152,0.538128213291777
2026-03-10 00:00:00,73.13,76.29504474839065,3.165044748390656,3.165044748390656,4.32797033380412
2026-03-10 00:15:00,70.54,72.44863506031324,1.9086350603132303,1.9086350603132303,2.705748558627367
2026-03-10 00:30:00,68.91,66.95140612027973,1.9585938797202687,-1.9585938797202687,2.842249094903175
2026-03-10 00:45:00,67.13,64.480785866745,2.6492141332550005,-2.6492141332550005,3.9463937044407325
2026-03-10 01:00:00,73.33,69.91832185656568,3.4116781434343153,-3.4116781434343153,4.652499791230489
2026-03-10 01:15:00,71.99,71.87428432492489,0.11571567507510849,-0.11571567507510849,0.1607385379465525
2026-03-10 01:30:00,71.43,70.97959562540944,0.45040437459056193,-0.45040437459056193,0.630553504528947
2026-03-10 01:45:00,70.67,70.40265175471684,0.26734824528315926,-0.26734824528315926,0.37830513867285676
2026-03-10 02:00:00,72.19,71.89026610091112,0.2997338990888778,-0.2997338990888778,0.4152014059244546
2026-03-10 02:15:00,71.35,69.73828170083614,1.6117182991638543,-1.6117182991638543,2.2588903666082003
2026-03-10 02:30:00,70.28,69.8628073960104,0.417192603989605,-0.417192603989605,0.5936149659269427
2026-03-10 02:45:00,68.5,66.29203434320173,2.2079656567982653,-2.2079656567982653,3.2233074811170668
2026-03-10 03:00:00,69.94,69.31729762566623,0.6227023743337696,-0.6227023743337696,0.8903379545759081
2026-03-10 03:15:00,69.75,67.47161509700749,2.2783849029925136,-2.2783849029925136,3.266501606204298
2026-03-10 03:30:00,69.7,65.72014040350504,3.9798595964949612,-3.9798595964949612,5.709984991958553
2026-03-10 03:45:00,69.14,66.0351257977537,3.1048742022463074,-3.1048742022463074,4.490706041856012
2026-03-10 04:00:00,68.63,67.32324701850521,1.3067529814947818,-1.3067529814947818,1.9040550232467313
2026-03-10 04:15:00,68.81,66.55462369711353,2.255376302886475,-2.255376302886475,3.2776867753373162
2026-03-10 04:30:00,69.6,67.37777224481474,2.2222277551852585,-2.2222277551852585,3.1928559242193963
2026-03-10 04:45:00,70.26,67.98650369411197,2.273496305888031,-2.273496305888031,3.2358330110015667
2026-03-10 05:00:00,66.62,66.55205121776277,0.06794878223723799,-0.06794878223723799,0.10199456802355494
2026-03-10 05:15:00,68.35,69.62982872354596,1.2798287235459611,1.2798287235459611,1.8724633574562217
2026-03-10 05:30:00,70.52,70.40281875028717,0.11718124971282862,-0.11718124971282862,0.1661673965558064
2026-03-10 05:45:00,72.4,74.90822224825448,2.5082222482544694,2.5082222482544694,3.464395322666459
2026-03-10 06:00:00,70.29,73.62405306739373,3.334053067393725,3.334053067393725,4.743282145342017
2026-03-10 06:15:00,72.44,76.51542920999013,4.0754292099901335,4.0754292099901335,5.6259375396614555
2026-03-10 06:30:00,110.14,81.48362453563671,28.656375464363293,-28.656375464363293,26.018136194100173
2026-03-10 06:45:00,121.66,125.21512521029558,3.5551252102955857,3.5551252102955857,2.92218081626975
2026-03-10 07:00:00,123.09,105.54339144568796,17.546608554312044,-17.546608554312044,14.25510472967828
2026-03-10 07:15:00,148.19,119.84934221368184,28.34065778631816,-28.34065778631816,19.12454119378686
2026-03-10 07:30:00,156.18,151.7973350024187,4.3826649975813154,-4.3826649975813154,2.8061627414007475
2026-03-10 07:45:00,146.7,162.01432432764062,15.314324327640634,15.314324327640634,10.439212149453656
2026-03-10 08:00:00,138.28,141.56873812679206,3.2887381267920546,3.2887381267920546,2.3783179801915497
2026-03-10 08:15:00,134.7,138.23845930096098,3.5384593009609944,3.5384593009609944,2.626918540973875
2026-03-10 08:30:00,120.41,128.98449053180346,8.574490531803463,8.574490531803463,7.121078366076472
2026-03-10 08:45:00,114.89,111.29508908981559,3.59491091018441,-3.59491091018441,3.1290024187434815
2026-03-10 09:00:00,126.93,123.69921270743433,3.2307872925656795,-3.2307872925656795,2.545329919729284
2026-03-10 09:15:00,99.91,116.69177388363737,16.78177388363737,16.78177388363737,16.796890917494206
2026-03-10 09:30:00,35.43,88.8617767123057,53.4317767123057,53.4317767123057,150.80941350327848
2026-03-10 09:45:00,79.41,38.47208226150794,40.937917738492054,-40.937917738492054,51.55259693107428
2026-03-10 10:00:00,95.17,85.43876276012048,9.731237239879519,-9.731237239879519,10.225109948122748
2026-03-10 10:15:00,79.61,88.93462773088622,9.32462773088622,9.32462773088622,11.712884830746605
2026-03-10 10:30:00,50.73,71.85381762037852,21.123817620378524,21.123817620378524,41.639694862963886
2026-03-10 10:45:00,34.43,48.220873471992284,13.790873471992285,13.790873471992285,40.054815775324215
2026-03-10 11:00:00,37.36,50.82254770808817,13.462547708088174,13.462547708088174,36.034655641706685
2026-03-10 11:15:00,50.91,37.903094147783285,13.006905852216711,-13.006905852216711,25.54882262174128
2026-03-10 11:30:00,40.05,50.574351728128796,10.5243517281288,10.5243517281288,26.278031124465638
2026-03-10 11:45:00,41.63,38.3081623519899,3.321837648010103,-3.321837648010103,7.979432063934139
2026-03-10 12:00:00,52.51,41.88206526679126,10.62793473320874,-10.62793473320874,20.23982961495038
2026-03-10 12:15:00,72.89,51.90059695632352,20.989403043676482,-20.989403043676482,28.795997744157642
2026-03-10 12:30:00,72.88,77.5248913155561,4.644891315556109,4.644891315556109,6.3733414542023805
2026-03-10 12:45:00,72.42,71.86176081083823,0.5582391891617675,-0.5582391891617675,0.7708356551414126
2026-03-10 13:00:00,73.05,69.51450739865427,3.535492601345723,-3.535492601345723,4.839825534493454
2026-03-10 13:15:00,72.08,73.56069417988026,1.4806941798802598,1.4806941798802598,2.054237179991521
2026-03-10 13:30:00,71.09,72.41667015928844,1.3266701592884402,1.3266701592884402,1.8661839086040248
2026-03-10 13:45:00,70.4,67.4598023084748,2.9401976915251993,-2.9401976915251993,4.176417116137824
2026-03-10 14:00:00,72.91,67.31550761800185,5.594492381998151,-5.594492381998151,7.673148135052353
2026-03-10 14:15:00,69.95,72.10336468684898,2.153364686848974,2.153364686848974,3.078434104452656
2026-03-10 14:30:00,70.39,67.06222095341367,3.327779046586329,-3.327779046586329,4.727630344239275
2026-03-10 14:45:00,70.52,70.9389551068134,0.4189551068133994,0.4189551068133994,0.5940940171191993
2026-03-10 15:00:00,68.85,68.38681918833358,0.4631808116664189,-0.4631808116664189,0.6727390049949584
2026-03-10 15:15:00,70.77,71.02431209176976,0.2543120917697621,0.2543120917697621,0.3593501316606766
2026-03-10 15:30:00,71.19,72.49062753076838,1.3006275307683808,1.3006275307683808,1.826980632811595
2026-03-10 15:45:00,73.25,73.40385246973636,0.15385246973636413,0.15385246973636413,0.21003749847916608
2026-03-10 16:00:00,71.94,72.56878193713672,0.628781937136722,0.628781937136722,0.8740365977152572
2026-03-10 16:15:00,73.92,79.25622369043032,5.336223690430316,5.336223690430316,7.21891723246908
2026-03-10 16:30:00,75.79,78.72713733414149,2.9371373341414824,2.9371373341414824,3.8753625747299862
2026-03-10 16:45:00,132.81,83.39769541877757,49.41230458122243,-49.41230458122243,37.20525879765819
2026-03-10 17:00:00,92.05,106.62583584914874,14.575835849148746,14.575835849148746,15.8346938520389
2026-03-10 17:15:00,119.44,103.144414539213,16.295585460786995,-16.295585460786995,13.64332327892981
2026-03-10 17:30:00,107.94,129.8315082577285,21.891508257728503,21.891508257728503,20.281182189101983
2026-03-10 17:45:00,156.71,116.90052507664015,39.80947492335986,-39.80947492335986,25.403276542229015
2026-03-10 18:00:00,114.46,124.69734419153932,10.237344191539322,10.237344191539322,8.94403643377508
2026-03-10 18:15:00,139.09,124.02344908112767,15.066550918872338,-15.066550918872338,10.83223151236611
2026-03-10 18:30:00,81.81,142.02798232011472,60.217982320114714,60.217982320114714,73.60711598098466
2026-03-10 18:45:00,186.53,87.29285575049347,99.23714424950653,-99.23714424950653,53.201706812571416
2026-03-10 19:00:00,167.81,146.34063511142222,21.469364888577786,-21.469364888577786,12.793853024634561
2026-03-10 19:15:00,146.01,160.1651983445212,14.15519834452121,14.15519834452121,9.69467724647246
2026-03-10 19:30:00,100.39,127.6904207892864,27.300420789286406,27.300420789286406,27.194362503578823
2026-03-10 19:45:00,89.76,94.28021055727511,4.520210557275107,4.520210557275107,5.035885145851442
2026-03-10 20:00:00,123.63,105.3933188655993,18.236681134400698,-18.236681134400698,14.751015924039908
2026-03-10 20:15:00,109.0,114.2189147025383,5.218914702538299,5.218914702538299,4.787995096016834
2026-03-10 20:30:00,104.91,100.15743395145309,4.75256604854691,-4.75256604854691,4.530136310404678
2026-03-10 20:45:00,90.96,95.80923096041803,4.849230960418041,4.849230960418041,5.331168543432669
2026-03-10 21:00:00,118.95,105.54280001576655,13.407199984233458,-13.407199984233458,11.271290350164401
2026-03-10 21:15:00,85.44,108.79045671459907,23.350456714599076,23.350456714599076,27.329654074558213
2026-03-10 21:30:00,80.47,77.55490615725871,2.9150938427412854,-2.9150938427412854,3.622584573773381
2026-03-10 21:45:00,77.98,73.96393552276955,4.016064477230458,-4.016064477230458,5.150121089675874
2026-03-10 22:00:00,77.07,90.05909546503312,12.989095465033131,12.989095465033131,16.85363344556481
2026-03-10 22:15:00,75.72,75.50343054302766,0.2165694569723371,-0.2165694569723371,0.2860135421450102
2026-03-10 22:30:00,73.9,71.88566562914629,2.0143343708537174,-2.0143343708537174,2.725756892552298
2026-03-10 22:45:00,71.79,70.38111849233098,1.4088815076690224,-1.4088815076690224,1.9625038139629254
2026-03-10 23:00:00,72.29,74.71669907029627,2.426699070296266,2.426699070296266,3.3568945037035833
2026-03-10 23:15:00,69.25,68.46114740607726,0.7888525939227407,-0.7888525939227407,1.1391373032943937
2026-03-10 23:30:00,66.72,62.86982048189233,3.850179518107666,-3.850179518107666,5.770652668466935
2026-03-10 23:45:00,63.47,61.278074102212145,2.191925897787854,-2.191925897787854,3.4534833200772352
2026-03-11 00:00:00,63.65,63.698078775027554,0.04807877502755531,0.04807877502755531,0.07553617324775111
2026-03-11 00:15:00,59.93,58.085466119882206,1.844533880117794,-1.844533880117794,3.077813865075347
2026-03-11 00:30:00,57.13,52.41090285774229,4.719097142257709,-4.719097142257709,8.260278417039952
2026-03-11 00:45:00,54.12,49.77223207644658,4.34776792355342,-4.34776792355342,8.033569555095573
2026-03-11 01:00:00,55.84,56.1399143485212,0.2999143485211988,0.2999143485211988,0.5370958867303723
2026-03-11 01:15:00,53.22,50.513763078253774,2.7062369217462248,-2.7062369217462248,5.084999757414933
2026-03-11 01:30:00,50.69,47.86891249655827,2.821087503441724,-2.821087503441724,5.565372751603861
2026-03-11 01:45:00,47.69,45.55801440360784,2.1319855963921555,-2.1319855963921555,4.470508600727762
2026-03-11 02:00:00,48.62,48.405156294116956,0.21484370588304103,-0.21484370588304103,0.4418833843360905
2026-03-11 02:15:00,46.6,44.28366148699776,2.3163385130022434,-2.3163385130022434,4.970683397629634
2026-03-11 02:30:00,43.18,42.79587135072496,0.3841286492750413,-0.3841286492750413,0.889598518710181
2026-03-11 02:45:00,42.66,39.85029052233625,2.809709477663745,-2.809709477663745,6.58628554102412
2026-03-11 03:00:00,41.84,41.778361616782774,0.06163838321722892,-0.06163838321722892,0.14731926803067935
2026-03-11 03:15:00,42.22,39.939528821871434,2.2804711781285647,-2.2804711781285647,5.401400104487361
2026-03-11 03:30:00,41.36,39.711694457202256,1.6483055427977433,-1.6483055427977433,3.9852647556699607
2026-03-11 03:45:00,41.12,40.126095132909484,0.9939048670905137,-0.9939048670905137,2.4170837619641934
2026-03-11 04:00:00,41.33,39.48327463117779,1.8467253688222058,-1.8467253688222058,4.468244190998703
2026-03-11 04:15:00,41.59,39.72618021761785,1.8638197823821514,-1.8638197823821514,4.4814131703967774
2026-03-11 04:30:00,40.71,41.62241842230993,0.9124184223099263,0.9124184223099263,2.241263571351733
2026-03-11 04:45:00,41.57,39.9277579995328,1.6422420004671991,-1.6422420004671991,3.9505459729654544
2026-03-11 05:00:00,39.04,42.6260479625929,3.5860479625929003,3.5860479625929003,9.185573439388232
2026-03-11 05:15:00,38.12,40.654292562488884,2.5342925624888863,2.5342925624888863,6.648196474309868
2026-03-11 05:30:00,39.21,39.21494694640096,0.004946946400956165,0.004946946400956165,0.012616542399364298
2026-03-11 05:45:00,43.13,43.50537930437003,0.3753793043700284,0.3753793043700284,0.8703438341446559
2026-03-11 06:00:00,33.99,41.88908244846468,7.899082448464675,7.899082448464675,23.239429879583337
2026-03-11 06:15:00,39.99,41.745215892540394,1.7552158925403916,1.7552158925403916,4.389136905849019
2026-03-11 06:30:00,35.25,44.324083026836874,9.074083026836874,9.074083026836874,25.74207877848535
2026-03-11 06:45:00,64.3,38.917227736395304,25.382772263604693,-25.382772263604693,39.47553945388694
2026-03-11 07:00:00,42.37,59.345190840112,16.975190840112,16.975190840112,40.06417380096829
2026-03-11 07:15:00,49.59,50.557267672746605,0.9672676727466012,0.9672676727466012,1.9505296496094064
2026-03-11 07:30:00,53.82,55.3361985116785,1.5161985116784962,1.5161985116784962,2.8171655211944278
2026-03-11 07:45:00,58.02,57.32561167917467,0.6943883208253325,-0.6943883208253325,1.1968085295712638
2026-03-11 08:00:00,66.37,56.963199488042356,9.406800511957648,-9.406800511957648,14.173271614019786
2026-03-11 08:15:00,66.95,65.40714966595232,1.5428503340476851,-1.5428503340476851,2.30448142046732
2026-03-11 08:30:00,65.63,69.11337081607647,3.483370816076473,3.483370816076473,5.307589155874724
2026-03-11 08:45:00,55.4,66.45831141849055,11.058311418490554,11.058311418490554,19.960850575599366
2026-03-11 09:00:00,71.11,58.89249975729572,12.217500242704283,-12.217500242704283,17.18112792981719
2026-03-11 09:15:00,64.04,64.43693877916877,0.39693877916876374,0.39693877916876374,0.6198294393667542
2026-03-11 09:30:00,60.1,58.248540266189934,1.8514597338100671,-1.8514597338100671,3.0806317853639755
2026-03-11 09:45:00,54.53,52.43515487474963,2.094845125250373,-2.094845125250373,3.8416377899027974
2026-03-11 10:00:00,64.89,56.16268541654074,8.727314583459261,-8.727314583459261,13.449398133711327
2026-03-11 10:15:00,59.13,59.22062145571118,0.09062145571117952,0.09062145571117952,0.1532579979343811
2026-03-11 10:30:00,52.93,49.64260051344141,3.2873994865585914,-3.2873994865585914,6.210843424239859
2026-03-11 10:45:00,24.85,44.53794917449211,19.68794917449211,19.68794917449211,79.2271564676883
2026-03-11 11:00:00,52.45,37.0958764697735,15.354123530226502,-15.354123530226502,29.27382886079736
2026-03-11 11:15:00,34.59,43.367107396676424,8.77710739667642,8.77710739667642,25.374695411764865
2026-03-11 11:30:00,27.6,30.03594176036507,2.4359417603650684,2.4359417603650684,8.825875623573594
2026-03-11 11:45:00,23.65,23.912460546274424,0.2624605462744256,0.2624605462744256,1.1097697047641801
2026-03-11 12:00:00,37.16,30.02102409669122,7.138975903308776,-7.138975903308776,19.211452398262253
2026-03-11 12:15:00,32.0,31.56158212715719,0.438417872842809,-0.438417872842809,1.3700558098195341
2026-03-11 12:30:00,29.16,27.07857585797877,2.0814241420212305,-2.0814241420212305,7.13794262908712
2026-03-11 12:45:00,26.36,24.975012717727953,1.3849872822720464,-1.3849872822720464,5.254124543743554
2026-03-11 13:00:00,32.13,26.44849894803484,5.681501051965164,-5.681501051965164,17.682853641881817
2026-03-11 13:15:00,31.9,28.575643216772697,3.3243567832273015,-3.3243567832273015,10.421180811960795
2026-03-11 13:30:00,30.12,27.088666536691704,3.0313334633082967,-3.0313334633082967,10.064187791057167
2026-03-11 13:45:00,26.12,28.712192326650186,2.592192326650185,2.592192326650185,9.92416626113523
2026-03-11 14:00:00,29.47,28.77574125595052,0.6942587440494776,-0.6942587440494776,2.3558151357018198
2026-03-11 14:15:00,29.43,28.238712538452322,1.1912874615476774,-1.1912874615476774,4.0478675537512805
2026-03-11 14:30:00,26.09,30.1022209212746,4.012220921274601,4.012220921274601,15.378385463743758
2026-03-11 14:45:00,28.92,27.922802210223104,0.997197789776898,-0.997197789776898,3.448125018311368
2026-03-11 15:00:00,24.15,27.075934611486858,2.925934611486859,2.925934611486859,12.115670767412636
2026-03-11 15:15:00,32.08,28.56290251728006,3.5170974827199366,-3.5170974827199366,10.963520489665623
2026-03-11 15:30:00,46.52,37.997231811578075,8.522768188421928,-8.522768188421928,18.32065349358425
2026-03-11 15:45:00,57.91,55.6370433426012,2.272956657398794,-2.272956657398794,3.9249812090294975
2026-03-11 16:00:00,47.17,53.99323874142557,6.82323874142557,6.82323874142557,14.465207964327941
2026-03-11 16:15:00,57.41,55.27071335871726,2.1392866412827374,-2.1392866412827374,3.726330959796948
2026-03-11 16:30:00,62.95,68.09419965998941,5.144199659989411,5.144199659989411,8.171881776442563
2026-03-11 16:45:00,67.41,73.64666151969278,6.236661519692788,6.236661519692788,9.251834189548209
2026-03-11 17:00:00,60.14,65.31739042988184,5.177390429881839,5.177390429881839,8.608896481198661
2026-03-11 17:15:00,66.7,66.90062997940895,0.20062997940894434,0.20062997940894434,0.3007945673178391
2026-03-11 17:30:00,66.45,74.96471576118603,8.514715761186025,8.514715761186025,12.813718033181107
2026-03-11 17:45:00,78.59,72.00252964236007,6.58747035763993,-6.58747035763993,8.382071858785102
2026-03-11 18:00:00,69.91,75.00955877393442,5.099558773934419,5.099558773934419,7.294462453139458
2026-03-11 18:15:00,77.34,74.54382023381511,2.796179766184892,-2.796179766184892,3.615437975214006
2026-03-11 18:30:00,79.9,81.68737286799507,1.7873728679950602,1.7873728679950602,2.237012322434214
2026-03-11 18:45:00,73.66,83.12120774409665,9.461207744096654,9.461207744096654,12.844430648455537
2026-03-11 19:00:00,71.59,78.14124956875887,6.5512495687588626,6.5512495687588626,9.151067854795619
2026-03-11 19:15:00,69.63,75.70526265672234,6.0752626567223444,6.0752626567223444,8.725064727088466
2026-03-11 19:30:00,68.7,70.56544261313313,1.8654426131331263,1.8654426131331263,2.715345831120332
2026-03-11 19:45:00,68.24,69.76865406257113,1.5286540625711353,1.5286540625711353,2.240114361327655
2026-03-11 20:00:00,69.81,70.49200531594053,0.682005315940529,0.682005315940529,0.9769450023937531
2026-03-11 20:15:00,68.96,67.42078771672675,1.539212283273244,-1.539212283273244,2.23203634128898
2026-03-11 20:30:00,68.28,66.65589297280239,1.62410702719761,-1.62410702719761,2.378598423274203
2026-03-11 20:45:00,67.42,65.70735353312523,1.712646466874773,-1.712646466874773,2.5402646714211308
2026-03-11 21:00:00,67.74,68.56260032317175,0.8226003231717556,0.8226003231717556,1.2143494405495443
2026-03-11 21:15:00,66.79,64.21842182415384,2.57157817584617,-2.57157817584617,3.850244254145422
2026-03-11 21:30:00,63.9,64.24002491321004,0.340024913210037,0.340024913210037,0.5321203566335422
2026-03-11 21:45:00,62.89,59.712648846039656,3.1773511539603447,-3.1773511539603447,5.0522358140212855
2026-03-11 22:00:00,62.94,63.536031160189104,0.5960311601891064,0.5960311601891064,0.9469830802657699
2026-03-11 22:15:00,62.53,59.52126351828579,3.008736481714209,-3.008736481714209,4.811668692783499
2026-03-11 22:30:00,61.88,59.41516721944759,2.4648327805524133,-2.4648327805524133,3.9832461873302383
2026-03-11 22:45:00,61.04,57.554067353354725,3.4859326466452742,-3.4859326466452742,5.710898737772423
2026-03-11 23:00:00,60.07,60.60621531842693,0.5362153184269332,0.5362153184269332,0.8926507566179884
2026-03-11 23:15:00,60.3,57.04489650264731,3.2551034973526853,-3.2551034973526853,5.39818149812748
2026-03-11 23:30:00,59.89,56.13148240563053,3.758517594369472,-3.758517594369472,6.275701338474635
2026-03-11 23:45:00,58.4,54.095395448622,4.304604551377999,-4.304604551377999,7.370898078200374
2026-03-12 00:00:00,57.96,55.85118796059929,2.1088120394007106,-2.1088120394007106,3.6383919996839036
2026-03-12 00:15:00,56.49,52.91368769086706,3.5763123091329447,-3.5763123091329447,6.330876696449243
2026-03-12 00:30:00,54.89,50.19450645904161,4.695493540958388,-4.695493540958388,8.554369567161038
2026-03-12 00:45:00,50.89,48.700835261225166,2.189164738774835,-2.189164738774835,4.301758097381124
2026-03-12 01:00:00,54.64,51.57781596765756,3.0621840323424436,-3.0621840323424436,5.604289854135332
2026-03-12 01:15:00,53.77,49.09549073419929,4.674509265800715,-4.674509265800715,8.693526462461318
2026-03-12 01:30:00,50.44,48.4792279678201,1.9607720321798965,-1.9607720321798965,3.8873354347869595
2026-03-12 01:45:00,45.4,44.39270939176549,1.0072906082345057,-1.0072906082345057,2.218701731382133
2026-03-12 02:00:00,49.32,45.44092120115175,3.879078798848248,-3.879078798848248,7.865123114754698
2026-03-12 02:15:00,43.45,42.79881734323422,0.6511826567657835,-0.6511826567657835,1.498694227339105
2026-03-12 02:30:00,42.58,35.910191620031625,6.669808379968373,-6.669808379968373,15.664180890856189
2026-03-12 02:45:00,25.17,36.79820344795819,11.628203447958185,11.628203447958185,46.198661048754765
2026-03-12 03:00:00,30.7,33.52300427495959,2.8230042749595903,2.8230042749595903,9.195453364837318
2026-03-12 03:15:00,13.23,25.355977826053376,12.125977826053376,12.125977826053376,91.6551542668317
2026-03-12 03:30:00,13.17,10.038238796751749,3.131761203248251,-3.131761203248251,23.77950619174783
2026-03-12 03:45:00,10.48,10.611982380880914,0.1319823808809133,0.1319823808809133,1.259373743198243
2026-03-12 04:00:00,12.0,12.601277151522737,0.6012771515227371,0.6012771515227371,5.0106425118026
2026-03-12 04:15:00,12.01,10.461653179267948,1.5483468207320517,-1.5483468207320517,12.892145643718528
2026-03-12 04:30:00,13.18,10.49657689247954,2.6834231075204595,-2.6834231075204595,20.35980958969927
2026-03-12 04:45:00,15.55,11.556865485061895,3.993134514938106,-3.993134514938106,25.679319988070137
2026-03-12 05:00:00,9.07,14.501993290779783,5.431993290779783,5.431993290779783,59.88966584215132
2026-03-12 05:15:00,12.01,12.810261302910742,0.8002613029107426,0.8002613029107426,6.663290893237583
2026-03-12 05:30:00,13.66,14.648598136476064,0.9885981364760639,0.9885981364760639,7.2371747006172535
2026-03-12 05:45:00,13.17,14.974447966719064,1.8044479667190636,1.8044479667190636,13.701198403242824
2026-03-12 06:00:00,11.94,13.605234255424005,1.6652342554240054,1.6652342554240054,13.946684388250935
2026-03-12 06:15:00,11.96,15.086666360992144,3.126666360992143,3.126666360992143,26.142693140177354
2026-03-12 06:30:00,30.73,15.34355318331534,15.38644681668466,-15.38644681668466,50.06978950858043
2026-03-12 06:45:00,25.08,42.034265443364994,16.954265443364996,16.954265443364996,67.60073671195227
2026-03-12 07:00:00,32.65,29.73761512029786,2.912384879702138,-2.912384879702138,8.920014672287877
2026-03-12 07:15:00,48.06,36.66139042580913,11.398609574190871,-11.398609574190871,23.717455965493784
2026-03-12 07:30:00,57.41,59.23107459255016,1.8210745925501612,1.8210745925501612,3.172051142361348
2026-03-12 07:45:00,61.01,66.63942390054207,5.629423900542072,5.629423900542072,9.227050988807676
2026-03-12 08:00:00,59.58,59.44604305282808,0.1339569471719173,-0.1339569471719173,0.22483542283243219
2026-03-12 08:15:00,61.66,62.8868020637464,1.2268020637464048,1.2268020637464048,1.9896238142234297
2026-03-12 08:30:00,64.01,63.88783753371797,0.12216246628203464,-0.12216246628203464,0.19084903042265947
2026-03-12 08:45:00,64.57,65.1975836839776,0.6275836839776048,0.6275836839776048,0.9719431225928041
2026-03-12 09:00:00,64.69,62.27183523291181,2.418164767088186,-2.418164767088186,3.7380812022064838
2026-03-12 09:15:00,63.98,61.41569779857612,2.564302201423878,-2.564302201423878,4.007974619168697
2026-03-12 09:30:00,62.09,59.89905810898419,2.190941891015811,-2.190941891015811,3.52865494561002
2026-03-12 09:45:00,57.31,55.13614176990398,2.173858230096023,-2.173858230096023,3.7931568524942496
2026-03-12 10:00:00,61.43,60.34472988495994,1.0852701150400605,-1.0852701150400605,1.766677677638424
2026-03-12 10:15:00,57.15,54.373369989493455,2.776630010506544,-2.776630010506544,4.858495121472604
2026-03-12 10:30:00,47.53,48.948280760721936,1.4182807607219345,1.4182807607219345,2.9839695579260237
2026-03-12 10:45:00,34.53,38.57059710149484,4.040597101494839,4.040597101494839,11.701699926086997
2026-03-12 11:00:00,52.48,42.25030549518188,10.22969450481812,-10.22969450481812,19.49255775513061
2026-03-12 11:15:00,27.07,44.825912634223656,17.755912634223655,17.755912634223655,65.5925821141405
2026-03-12 11:30:00,10.75,20.25595329455183,9.50595329455183,9.50595329455183,88.42746428164826
2026-03-12 11:45:00,6.0,8.86091277115998,2.8609127711599793,2.8609127711599793,47.68187157235439
2026-03-12 12:00:00,13.16,15.47694038312215,2.31694038312215,2.31694038312215,17.605928625097746
2026-03-12 12:15:00,11.98,12.27275152037017,0.29275152037016916,0.29275152037016916,2.44366858041305
2026-03-12 12:30:00,10.6,10.552441006569328,0.04755899343067149,-0.04755899343067149,0.4486697070186267
2026-03-12 12:45:00,9.72,8.92618944406351,0.7938105559364903,-0.7938105559364903,8.16677442663319
2026-03-12 13:00:00,10.9,9.647960629819831,1.252039370180169,-1.252039370180169,11.486598672607178
2026-03-12 13:15:00,9.99,9.443075979205627,0.5469240207943731,-0.5469240207943731,5.4747143748471405
2026-03-12 13:30:00,9.51,7.476945873525885,2.0330541264741147,-2.0330541264741147,21.378064276482355
2026-03-12 13:45:00,8.56,6.710066080942046,1.8499339190579542,-1.8499339190579542,21.611375034394907
2026-03-12 14:00:00,9.76,9.00976669631036,0.7502333036896403,-0.7502333036896403,7.686815848580757
2026-03-12 14:15:00,9.79,7.513764069097351,2.276235930902648,-2.276235930902648,23.250620004049523
2026-03-12 14:30:00,12.01,9.300462147933771,2.7095378520662283,-2.7095378520662283,22.560679654116836
2026-03-12 14:45:00,9.75,13.013561470801946,3.263561470801946,3.263561470801946,33.47242190848951
2026-03-12 15:00:00,10.07,10.019815956148284,0.05018404385171671,-0.05018404385171671,0.4983519252055358
2026-03-12 15:15:00,10.0,11.578403004218963,1.5784030042189627,1.5784030042189627,15.78402846378678
2026-03-12 15:30:00,13.0,10.935131681534703,2.0648683184652974,-2.0648683184652974,15.883601227917579
2026-03-12 15:45:00,9.76,14.41030518992911,4.65030518992911,4.65030518992911,47.646564687125654
2026-03-12 16:00:00,9.72,11.750779856262717,2.0307798562627166,2.0307798562627166,20.892794725666352
2026-03-12 16:15:00,11.97,12.119416665804497,0.14941666580449642,0.14941666580449642,1.2482594262481383
2026-03-12 16:30:00,25.01,14.784939206616874,10.225060793383127,-10.225060793383127,40.883887982983794
2026-03-12 16:45:00,86.39,32.99117504739716,53.398824952602844,-53.398824952602844,61.81134892289543
2026-03-12 17:00:00,40.39,65.11046001337262,24.720460013372616,24.720460013372616,61.204405549216546
2026-03-12 17:15:00,22.64,54.84009788885164,32.20009788885164,32.20009788885164,142.2265744990543
2026-03-12 17:30:00,48.03,31.406606187369583,16.623393812630418,-16.623393812630418,34.61043819805546
2026-03-12 17:45:00,80.0,68.58950523248852,11.41049476751148,-11.41049476751148,14.263118281100374
2026-03-12 18:00:00,38.03,66.26852090448315,28.238520904483153,28.238520904483153,74.25327415711389
2026-03-12 18:15:00,50.47,51.71959324195676,1.2495932419567595,1.2495932419567595,2.475912853571688
2026-03-12 18:30:00,196.76,61.62423367901714,135.13576632098284,-135.13576632098284,68.68050703099094
2026-03-12 18:45:00,76.72,178.8804213338952,102.16042133389521,102.16042133389521,133.16008863698428
2026-03-12 19:00:00,71.4,77.25535073702768,5.855350737027678,5.855350737027678,8.200771225518158
2026-03-12 19:15:00,74.19,71.90115981765682,2.288840182343179,-2.288840182343179,3.085106013603072
2026-03-12 19:30:00,69.92,88.7931424369653,18.873142436965296,18.873142436965296,26.99248021601901
2026-03-12 19:45:00,52.67,71.88891281291849,19.21891281291849,19.21891281291849,36.489296464829174
2026-03-12 20:00:00,86.4,70.84477986260725,15.555220137392752,-15.555220137392752,18.00372680249477
2026-03-12 20:15:00,71.4,81.29711520273317,9.897115202733161,9.897115202733161,13.861505692042162
2026-03-12 20:30:00,48.22,75.4462551084213,27.2262551084213,27.2262551084213,56.462576822471036
2026-03-12 20:45:00,33.99,47.152771549725145,13.162771549725143,13.162771549725143,38.72542266099122
2026-03-12 21:00:00,38.93,52.817276218620634,13.887276218620634,13.887276218620634,35.672427079107024
2026-03-12 21:15:00,29.5,38.391428281232436,8.891428281232436,8.891428281232436,30.140433829925755
2026-03-12 21:30:00,99.97,26.892417984474058,73.07758201552593,-73.07758201552593,73.09951113787218
2026-03-12 21:45:00,48.02,98.09698370510361,50.07698370510361,50.07698370510361,104.28359571484309
2026-03-12 22:00:00,155.58,57.139895687706826,98.44010431229319,-98.44010431229319,63.272980897006924
2026-03-12 22:15:00,99.95,131.83574889588888,31.88574889588888,31.88574889588888,31.90169942658518
2026-03-12 22:30:00,48.04,92.09955623638682,44.05955623638682,44.05955623638682,91.71431165537824
2026-03-12 22:45:00,30.73,41.24764321475395,10.51764321475395,10.51764321475395,34.22597745686357
2026-03-12 23:00:00,30.74,62.56482664872106,31.82482664872106,31.82482664872106,103.52903582768609
2026-03-12 23:15:00,25.01,37.340082447740556,12.330082447740555,12.330082447740555,49.30060757590755
2026-03-12 23:30:00,12.02,24.408986816279334,12.388986816279335,12.388986816279335,103.06976527106227
2026-03-12 23:45:00,11.99,9.806465942136956,2.183534057863044,-2.183534057863044,18.21129170767412
2026-03-13 00:00:00,100.71,18.086455335013515,82.62354466498648,-82.62354466498648,82.04105237272958
2026-03-13 00:15:00,49.9,84.53217490549545,34.632174905495454,34.632174905495454,69.40315473239261
2026-03-13 00:30:00,9.71,41.82305583468782,32.11305583468782,32.11305583468782,330.72144724483366
2026-03-13 00:45:00,2.42,6.18628014152032,3.76628014152032,3.76628014152032,155.63134649615102
2026-03-13 01:00:00,26.97,23.792829453178648,3.177170546821351,-3.177170546821351,11.780387204365885
2026-03-13 01:15:00,25.04,25.571556175014177,0.5315561750141775,0.5315561750141775,2.1228280901992678
2026-03-13 01:30:00,13.17,21.934673197387717,8.764673197387717,8.764673197387717,66.55028498014326
2026-03-13 01:45:00,13.16,8.846572709097336,4.3134272909026645,-4.3134272909026645,32.77680063172233
2026-03-13 02:00:00,9.88,16.336636941276808,6.456636941276807,6.456636941276807,65.35056971428249
2026-03-13 02:15:00,9.81,11.699918932144147,1.8899189321441465,1.8899189321441465,19.26522670226177
2026-03-13 02:30:00,9.72,10.237425163428505,0.5174251634285039,0.5174251634285039,5.323303602834032
2026-03-13 02:45:00,9.72,11.170717922563345,1.450717922563344,1.450717922563344,14.925079972351279
2026-03-13 03:00:00,8.55,10.370609403897602,1.8206094038976008,1.8206094038976008,21.293674748080157
2026-03-13 03:15:00,8.52,11.443896886252848,2.923896886252848,2.923896886252848,34.318034543104496
2026-03-13 03:30:00,5.07,11.222814951860581,6.152814951860581,6.152814951860581,121.35727294453356
2026-03-13 03:45:00,3.81,8.57547905852612,4.76547905852612,4.76547905852612,125.07815768358381
2026-03-13 04:00:00,3.81,8.722634226996112,4.912634226996111,4.912634226996111,128.94049704963624
2026-03-13 04:15:00,3.81,6.933233239327233,3.123233239327233,3.123233239327233,81.9746041884827
2026-03-13 04:30:00,3.81,7.172351863626252,3.362351863626252,3.362351863626252,88.25068191914521
2026-03-13 04:45:00,3.8,7.273954486445311,3.4739544864453116,3.4739544864453116,91.41983084860534
2026-03-13 05:00:00,1.82,7.935651817297073,6.115651817297072,6.115651817297072,336.02464049728945
2026-03-13 05:15:00,1.96,7.648383008721137,5.688383008721137,5.688383008721137,290.22347482073417
2026-03-13 05:30:00,1.99,8.449161099204986,6.4591610992049855,6.4591610992049855,324.5807966531165
2026-03-13 05:45:00,1.99,8.49177971346225,6.50177971346225,6.50177971346225,326.72243448431686
2026-03-13 06:00:00,2.03,8.101896320180588,6.0718963201805884,6.0718963201805884,299.1080457684793
2026-03-13 06:15:00,2.41,10.286127288591029,7.876127288591029,7.876127288591029,326.8101253315259
2026-03-13 06:30:00,2.63,10.421997823536357,7.791997823536357,7.791997823536357,296.27356885173646
2026-03-13 06:45:00,3.6,10.252466447772642,6.6524664477726425,6.6524664477726425,184.7906833296058
2026-03-13 07:00:00,13.17,9.337299994911183,3.8327000050888174,-3.8327000050888174,29.101744222257974
2026-03-13 07:15:00,13.16,16.637665535490832,3.477665535490832,3.477665535490832,26.426027896888705
2026-03-13 07:30:00,12.01,15.725847637986535,3.715847637986535,3.715847637986535,30.939611395423988
2026-03-13 07:45:00,11.95,14.212052117997226,2.262052117997227,2.262052117997227,18.929304842712792
2026-03-13 08:00:00,12.01,14.69211393404186,2.68211393404186,2.68211393404186,22.332337308230535
2026-03-13 08:15:00,11.32,14.70630665610698,3.3863066561069797,3.3863066561069797,29.914367110983292
2026-03-13 08:30:00,11.16,13.410398441939721,2.250398441939721,2.250398441939721,20.164858783970725
2026-03-13 08:45:00,7.6,12.938009814346724,5.338009814346725,5.338009814346725,70.23696199969875
2026-03-13 09:00:00,7.39,14.471448312981215,7.081448312981215,7.081448312981215,95.8247273982942
2026-03-13 09:15:00,4.86,10.582986143979596,5.722986143979596,5.722986143979596,117.75689231297679
2026-03-13 09:30:00,3.31,7.662417622894262,4.3524176228942615,4.3524176228942615,131.4929398176696
2026-03-13 09:45:00,2.69,6.26906288684932,3.57906288684932,3.57906288684932,133.05061547744108
2026-03-13 10:00:00,2.68,10.312963955802811,7.632963955802811,7.632963955802811,284.8119816299625
2026-03-13 10:15:00,2.63,6.968045180302677,4.338045180302677,4.338045180302677,164.94462094511283
2026-03-13 10:30:00,1.96,6.6244053129370135,4.6644053129370135,4.6644053129370135,237.97974148671423
2026-03-13 10:45:00,1.0,6.398442275079162,5.398442275079162,5.398442275079162,539.8436876642286
2026-03-13 11:00:00,1.0,7.997830946467722,6.997830946467722,6.997830946467722,699.7823948643775
2026-03-13 11:15:00,0.36,5.990672867196761,5.63067286719676,5.63067286719676,1564.071451800623
2026-03-13 11:30:00,0.92,5.550913686249757,4.630913686249757,4.630913686249757,503.3596361579777
2026-03-13 11:45:00,0.01,6.269292143081765,6.259292143081765,6.259292143081765,62586.6627645412
2026-03-13 12:00:00,1.07,7.482444505468097,6.4124445054680965,6.4124445054680965,599.293318928496
2026-03-13 12:15:00,1.2,4.148540996274227,2.948540996274227,2.948540996274227,245.71154492989814
2026-03-13 12:30:00,1.0,5.15942536212289,4.15942536212289,4.15942536212289,415.94212027016874
2026-03-13 12:45:00,0.99,4.789726322613777,3.799726322613777,3.799726322613777,383.81035197073305
2026-03-13 13:00:00,0.0,5.3926546841241345,5.3926546841241345,5.3926546841241345,539265468.4124135
2026-03-13 13:15:00,0.0,5.014230984127518,5.014230984127518,5.014230984127518,501423098.4127518
2026-03-13 13:30:00,0.0,4.249490409491747,4.249490409491747,4.249490409491747,424949040.94917464
2026-03-13 13:45:00,0.0,4.300160352493753,4.300160352493753,4.300160352493753,430016035.24937534
2026-03-13 14:00:00,0.42,5.122753989264879,4.702753989264879,4.702753989264879,1119.7006648233885
2026-03-13 14:15:00,0.22,4.281005141462999,4.061005141462999,4.061005141462999,1845.9030374693746
2026-03-13 14:30:00,0.41,5.072553711446547,4.662553711446547,4.662553711446547,1137.2054486322102
2026-03-13 14:45:00,1.34,5.1676670029504335,3.8276670029504336,3.8276670029504336,285.6465780958696
2026-03-13 15:00:00,0.99,3.4610107322180994,2.471010732218099,2.471010732218099,249.5967915404226
2026-03-13 15:15:00,0.44,6.678313360773658,6.238313360773658,6.238313360773658,1417.7952688229477
2026-03-13 15:30:00,0.93,6.703357378775003,5.773357378775003,5.773357378775003,620.7904484807009
2026-03-13 15:45:00,2.9,7.083177492871043,4.183177492871042,4.183177492871042,144.24745001367387
2026-03-13 16:00:00,1.34,2.908360409125936,1.5683604091259358,1.5683604091259358,117.04173423198458
2026-03-13 16:15:00,2.87,8.985106579080114,6.115106579080114,6.115106579080114,213.06984140702784
2026-03-13 16:30:00,4.54,8.817132685523923,4.277132685523923,4.277132685523923,94.20995029569207
2026-03-13 16:45:00,10.42,10.627586555841454,0.2075865558414538,0.2075865558414538,1.9921932429896487
2026-03-13 17:00:00,12.02,10.007818662729719,2.012181337270281,-2.012181337270281,16.74027595563662
2026-03-13 17:15:00,25.12,18.02403509085895,7.095964909141053,-7.095964909141053,28.24826682586936
2026-03-13 17:30:00,33.39,37.02490427712121,3.6349042771212083,3.6349042771212083,10.886205954654535
2026-03-13 17:45:00,56.73,41.04631024551057,15.683689754489428,-15.683689754489428,27.646200384324743
2026-03-13 18:00:00,52.7,41.29292255216741,11.407077447832592,-11.407077447832592,21.64530783942982
2026-03-13 18:15:00,55.84,55.50578470710232,0.3342152928976816,-0.3342152928976816,0.5985230782816096
2026-03-13 18:30:00,56.66,57.033006525775754,0.3730065257757573,0.3730065257757573,0.658324248486613
2026-03-13 18:45:00,57.52,56.12969297421351,1.3903070257864911,-1.3903070257864911,2.417084495159329
2026-03-13 19:00:00,52.7,54.16945922329921,1.4694592232992036,1.4694592232992036,2.788347619384682
2026-03-13 19:15:00,29.99,52.03317351756221,22.043173517562213,22.043173517562213,73.50174318954579
2026-03-13 19:30:00,27.04,30.465003978978075,3.4250039789780757,3.4250039789780757,12.666434365065577
2026-03-13 19:45:00,13.21,25.956949753253667,12.746949753253666,12.746949753253666,96.49469181155752
2026-03-13 20:00:00,26.97,28.80337012746785,1.8333701274678518,1.8333701274678518,6.797812604707919
2026-03-13 20:15:00,21.66,30.13726412328734,8.477264123287341,8.477264123287341,39.13787503189561
2026-03-13 20:30:00,13.17,24.06842813143777,10.89842813143777,10.89842813143777,82.75191574729395
2026-03-13 20:45:00,13.17,16.3106558825813,3.140655882581301,3.140655882581301,23.847043615116668
2026-03-13 21:00:00,38.25,18.1085564935932,20.1414435064068,-20.1414435064068,52.657367267537595
2026-03-13 21:15:00,27.0,36.750799509578755,9.750799509578755,9.750799509578755,36.11407092014091
2026-03-13 21:30:00,58.42,24.608361187058755,33.81163881294125,-33.81163881294125,57.876819983178784
2026-03-13 21:45:00,57.72,63.22423244867669,5.504232448676689,5.504232448676689,9.536092088211657
2026-03-13 22:00:00,26.96,55.93652480527522,28.97652480527522,28.97652480527522,107.47968742759029
2026-03-13 22:15:00,13.2,31.21130165948539,18.01130165948539,18.01130165948539,136.44924465903748
2026-03-13 22:30:00,57.82,14.480814818401639,43.33918518159836,-43.33918518159836,74.95535183681224
2026-03-13 22:45:00,52.71,62.8710124207785,10.161012420778498,10.161012420778498,19.27720020490703
2026-03-13 23:00:00,26.96,54.576566624136895,27.616566624136894,27.616566624136894,102.43533234341086
2026-03-13 23:15:00,13.2,29.833884715943984,16.633884715943985,16.633884715943985,126.01426860455531
2026-03-13 23:30:00,57.04,16.878865044105194,40.16113495589481,-40.16113495589481,70.40872063781137
2026-03-13 23:45:00,56.1,59.92122051500941,3.821220515009408,3.821220515009408,6.811444646871589
2026-03-14 00:00:00,13.17,51.907710337588306,38.737710337588304,38.737710337588304,294.1359711179088
2026-03-14 00:15:00,13.16,16.398290556192315,3.2382905561923145,3.2382905561923145,24.607069225848193
2026-03-14 00:30:00,52.71,16.686751238096132,36.02324876190387,-36.02324876190387,68.34234126063453
2026-03-14 00:45:00,48.18,56.63858454061168,8.458584540611682,8.458584540611682,17.55621495444071
2026-03-14 01:00:00,11.97,48.844022575266145,36.874022575266146,36.874022575266146,308.0536298640756
2026-03-14 01:15:00,11.96,14.97257826528972,3.0125782652897186,3.0125782652897186,25.188779376270276
2026-03-14 01:30:00,11.96,14.01236682254617,2.052366822546169,2.052366822546169,17.160256278792694
2026-03-14 01:45:00,11.96,14.087880257647612,2.127880257647611,2.127880257647611,17.79163946263559
2026-03-14 02:00:00,9.71,15.408929837371446,5.698929837371445,5.698929837371445,58.69134140533502
2026-03-14 02:15:00,9.71,11.90375849733873,2.193758497338729,2.193758497338729,22.592773135025723
2026-03-14 02:30:00,11.94,12.670411691433063,0.7304116914330638,0.7304116914330638,6.117350337182249
2026-03-14 02:45:00,12.0,13.660126721527128,1.6601267215271278,1.6601267215271278,13.834388193193718
2026-03-14 03:00:00,8.56,11.797161039925554,3.237161039925553,3.237161039925553,37.81729745038059
2026-03-14 03:15:00,12.0,12.256752942016767,0.25675294201676735,0.25675294201676735,2.139607671839089
2026-03-14 03:30:00,12.0,13.947213378720623,1.9472133787206225,1.9472133787206225,16.226776803773788
2026-03-14 03:45:00,12.0,14.0820931570223,2.0820931570222996,2.0820931570222996,17.35077486262126
2026-03-14 04:00:00,9.9,12.268641170594439,2.3686411705944383,2.3686411705944383,23.925665973108874
2026-03-14 04:15:00,5.08,13.329440735768305,8.249440735768305,8.249440735768305,162.3905336980899
2026-03-14 04:30:00,9.99,9.264092684779708,0.725907315220292,-0.725907315220292,7.266338764333377
2026-03-14 04:45:00,11.94,13.632329174636308,1.692329174636308,1.692329174636308,14.173609990789016
2026-03-14 05:00:00,11.94,11.667288214750068,0.2727117852499319,-0.2727117852499319,2.284018110634429
2026-03-14 05:15:00,11.95,13.302714161924195,1.3527141619241956,1.3527141619241956,11.319782834530272
2026-03-14 05:30:00,11.96,14.036465520332325,2.0764655203323237,2.0764655203323237,17.36175039059214
2026-03-14 05:45:00,11.96,15.08089106347963,3.120891063479629,3.120891063479629,26.094404703474765
2026-03-14 06:00:00,11.97,12.759544119951045,0.789544119951044,0.789544119951044,6.596023842863873
2026-03-14 06:15:00,11.97,15.670746799640677,3.700746799640676,3.700746799640676,30.91684620277539
2026-03-14 06:30:00,12.0,15.34559035115863,3.3455903511586307,3.3455903511586307,27.87991726966215
2026-03-14 06:45:00,12.0,15.854436338420655,3.854436338420655,3.854436338420655,32.12030014348045
2026-03-14 07:00:00,12.0,15.389429773916785,3.3894297739167847,3.3894297739167847,28.245245762202725
2026-03-14 07:15:00,11.97,15.60331755707253,3.6333175570725302,3.6333175570725302,30.353527598473303
2026-03-14 07:30:00,11.95,15.665100450605543,3.7151004506055436,3.7151004506055436,31.088704098062784
2026-03-14 07:45:00,11.94,15.5429769011678,3.6029769011678,3.6029769011678,30.175683412152143
2026-03-14 08:00:00,12.03,16.17925385555828,4.14925385555828,4.14925385555828,34.49088537530696
2026-03-14 08:15:00,12.5,16.130436055145335,3.630436055145335,3.630436055145335,29.04348611768379
2026-03-14 08:30:00,12.82,15.924115505337339,3.1041155053373384,3.1041155053373384,24.213067575714998
2026-03-14 08:45:00,13.17,15.420894424650907,2.250894424650907,2.250894424650907,17.09107254168703
2026-03-14 09:00:00,13.23,16.66811505237805,3.4381150523780484,3.4381150523780484,25.987262226042525
2026-03-14 09:15:00,13.64,15.691659711198835,2.051659711198834,2.051659711198834,15.041492381113711
2026-03-14 09:30:00,11.96,15.344520648067657,3.3845206480676566,3.3845206480676566,28.298665259874618
2026-03-14 09:45:00,8.0,14.35997990379063,6.359979903790631,6.359979903790631,79.49973885991554
2026-03-14 10:00:00,5.36,16.42107185567571,11.06107185567571,11.06107185567571,206.36324238886726
2026-03-14 10:15:00,3.8,10.75806206929824,6.958062069298241,6.958062069298241,183.1068483744673
2026-03-14 10:30:00,3.6,9.190880494675554,5.590880494675554,5.590880494675554,155.30219282371183
2026-03-14 10:45:00,0.91,8.191313099475776,7.281313099475776,7.281313099475776,800.1434173672089
2026-03-14 11:00:00,3.8,11.078302053340082,7.278302053340082,7.278302053340082,191.53421415784052
2026-03-14 11:15:00,3.5,7.941031660461896,4.441031660461896,4.441031660461896,126.88658261703054
2026-03-14 11:30:00,0.07,8.221885826484394,8.151885826484394,8.151885826484394,11645.384818051733
2026-03-14 11:45:00,0.01,6.7651306187071905,6.755130618707191,6.755130618707191,67544.55173189871
2026-03-14 12:00:00,0.01,7.503819423644913,7.493819423644913,7.493819423644913,74930.70116633251
2026-03-14 12:15:00,0.01,5.987160082445579,5.977160082445579,5.977160082445579,59765.62426202959
2026-03-14 12:30:00,0.01,6.1428573451943045,6.132857345194305,6.132857345194305,61322.441207822274
2026-03-14 12:45:00,0.01,6.332414841343011,6.3224148413430115,6.3224148413430115,63217.826630767035
2026-03-14 13:00:00,0.01,8.152787579702974,8.142787579702974,8.142787579702974,81419.73382364737
2026-03-14 13:15:00,0.01,7.573245418960916,7.563245418960916,7.563245418960916,75624.89170043911
2026-03-14 13:30:00,0.01,7.730173550577787,7.720173550577787,7.720173550577787,77194.01610416746
2026-03-14 13:45:00,0.08,7.200388320832923,7.120388320832923,7.120388320832923,8900.374146364324
2026-03-14 14:00:00,0.91,5.155144461931447,4.245144461931447,4.245144461931447,466.4988787849075
2026-03-14 14:15:00,3.51,7.513836187388766,4.0038361873887665,4.0038361873887665,114.0693745497157
2026-03-14 14:30:00,3.8,9.658544247096005,5.858544247096005,5.858544247096005,154.17217645721686
2026-03-14 14:45:00,3.81,10.145071353196673,6.335071353196673,6.335071353196673,166.27479502490087
2026-03-14 15:00:00,3.6,6.862597987263456,3.262597987263456,3.262597987263456,90.62769669406913
2026-03-14 15:15:00,3.81,9.131408047434755,5.321408047434755,5.321408047434755,139.66946589869016
2026-03-14 15:30:00,11.95,10.118144151787057,1.8318558482129426,-1.8318558482129426,15.32933635915966
2026-03-14 15:45:00,28.0,19.587658681326456,8.412341318673544,-8.412341318673544,30.04407506511712
2026-03-14 16:00:00,22.92,23.30871470817848,0.38871470817847964,0.38871470817847964,1.6959628761729968
2026-03-14 16:15:00,28.34,28.580794486338664,0.24079448633866463,0.24079448633866463,0.8496629422795878
2026-03-14 16:30:00,30.0,34.11356595048269,4.113565950482688,4.113565950482688,13.71188604454609
2026-03-14 16:45:00,32.8,36.64989809841273,3.84989809841273,3.84989809841273,11.737493844627416
2026-03-14 17:00:00,27.52,32.51753291409699,4.99753291409699,4.99753291409699,18.15963928960973
2026-03-14 17:15:00,30.0,34.60958394371151,4.609583943711513,4.609583943711513,15.365279300195734
2026-03-14 17:30:00,32.8,35.14366557256461,2.3436655725646105,2.3436655725646105,7.14532164972986
2026-03-14 17:45:00,35.32,38.67462305045634,3.3546230504563397,3.3546230504563397,9.497799987198018
2026-03-14 18:00:00,30.32,33.535554476407164,3.2155544764071635,3.2155544764071635,10.605390403539774
2026-03-14 18:15:00,30.82,36.09699753869444,5.276997538694438,5.276997538694438,17.12199016052737
2026-03-14 18:30:00,31.96,35.36030912220415,3.400309122204149,3.400309122204149,10.639264755355136
2026-03-14 18:45:00,31.32,36.04115404566349,4.721154045663489,4.721154045663489,15.073926867574139
2026-03-14 19:00:00,31.92,33.89634939594448,1.9763493959444816,1.9763493959444816,6.191570595328244
2026-03-14 19:15:00,30.63,37.35436791372369,6.724367913723693,6.724367913723693,21.953534750859763
2026-03-14 19:30:00,35.0,34.56033927584237,0.43966072415763335,-0.43966072415763335,1.256173461702568
2026-03-14 19:45:00,32.0,38.6064319578705,6.606431957870498,6.606431957870498,20.64509922318596
2026-03-14 20:00:00,32.0,38.43222727092441,6.4322272709244075,6.4322272709244075,20.1007095934916
2026-03-14 20:15:00,30.0,36.286100196983284,6.286100196983284,6.286100196983284,20.95366662482206
2026-03-14 20:30:00,27.99,33.31000707274506,5.32000707274506,5.32000707274506,19.006812728392045
2026-03-14 20:45:00,26.07,31.554108257632848,5.4841082576328475,5.4841082576328475,21.036087638174035
2026-03-14 21:00:00,31.12,34.17669611508797,3.05669611508797,3.05669611508797,9.822287971931523
2026-03-14 21:15:00,29.65,34.03916454598959,4.389164545989594,4.389164545989594,14.803252606937836
2026-03-14 21:30:00,27.94,32.87013596067067,4.930135960670672,4.930135960670672,17.64543945675117
2026-03-14 21:45:00,27.0,31.28047026970317,4.280470269703169,4.280470269703169,15.853593004323107
2026-03-14 22:00:00,29.81,35.130740086108425,5.320740086108426,5.320740086108426,17.848842360348886
2026-03-14 22:15:00,30.0,32.19564030402162,2.195640304021623,2.195640304021623,7.318800769445384
2026-03-14 22:30:00,30.0,32.55666490212482,2.5566649021248224,2.5566649021248224,8.522216056342206
2026-03-14 22:45:00,30.0,31.74955339280518,1.7495533928051792,1.7495533928051792,5.831844448289115
2026-03-14 23:00:00,34.98,33.38722548644238,1.5927745135576146,-1.5927745135576146,4.553386129284601
2026-03-14 23:15:00,32.0,33.874099368074056,1.8740993680740559,1.8740993680740559,5.856560342213914
2026-03-14 23:30:00,30.27,32.99414442391533,2.7241444239153303,2.7241444239153303,8.99948574139568
2026-03-14 23:45:00,30.0,32.074275643794365,2.0742756437943655,2.0742756437943655,6.914251915506155
2026-03-15 00:00:00,30.88,33.397718997324816,2.517718997324817,2.517718997324817,8.15323483093416
2026-03-15 00:15:00,29.99,31.842802408907936,1.8528024089079373,1.8528024089079373,6.178067179484047
2026-03-15 00:30:00,27.93,30.846065238999273,2.9160652389992734,2.9160652389992734,10.440619887551287
2026-03-15 00:45:00,26.26,29.046792137689515,2.7867921376895133,2.7867921376895133,10.612307812514985
2026-03-15 01:00:00,25.1,34.55360842712418,9.45360842712418,9.45360842712418,37.66377709357135
2026-03-15 01:15:00,21.47,31.390868520377417,9.920868520377418,9.920868520377418,46.20804871121067
2026-03-15 01:30:00,20.78,27.469681451297305,6.689681451297304,6.689681451297304,32.19288320196569
2026-03-15 01:45:00,19.28,27.733989895717293,8.453989895717292,8.453989895717292,43.848493035437556
2026-03-15 02:00:00,23.87,27.17962131288413,3.309621312884129,3.309621312884129,13.865191345757083
2026-03-15 02:15:00,25.39,28.232057952708562,2.8420579527085614,2.8420579527085614,11.193611031006109
2026-03-15 02:30:00,26.96,30.500229450027582,3.5402294500275815,3.5402294500275815,13.131414386919277
2026-03-15 02:45:00,27.03,32.31856848900709,5.2885684890070905,5.2885684890070905,19.565550474848635
2026-03-15 03:00:00,28.05,30.204345987467185,2.1543459874671846,2.1543459874671846,7.68037757812267
2026-03-15 03:15:00,29.79,32.04382738698042,2.2538273869804186,2.2538273869804186,7.565717728510377
2026-03-15 03:30:00,30.6,33.7999511030744,3.1999511030743975,3.1999511030743975,10.457356204251095
2026-03-15 03:45:00,33.19,35.49458803643311,2.3045880364331097,2.3045880364331097,6.943621473325988
2026-03-15 04:00:00,30.0,34.17312835781898,4.173128357818982,4.173128357818982,13.910427395715692
2026-03-15 04:15:00,31.35,35.318462930115196,3.9684629301151944,3.9684629301151944,12.658573535979134
2026-03-15 04:30:00,33.25,35.30857259998802,2.0585725999880182,2.0585725999880182,6.191195603236277
2026-03-15 04:45:00,34.94,36.86519611762722,1.9251961176272232,1.9251961176272232,5.510005903054277
2026-03-15 05:00:00,32.1,37.38368232347567,5.2836823234756665,5.2836823234756665,16.460069030763165
2026-03-15 05:15:00,33.17,39.28035408433816,6.110354084338155,6.110354084338155,18.42132619874855
2026-03-15 05:30:00,35.0,39.14849998063151,4.148499980631513,4.148499980631513,11.852856748865559
2026-03-15 05:45:00,35.55,41.30084895906512,5.750848959065124,5.750848959065124,16.176789865814982
2026-03-15 06:00:00,35.01,35.07638840053415,0.06638840053415151,0.06638840053415151,0.18962695983399577
2026-03-15 06:15:00,36.82,39.72666639764543,2.9066663976454308,2.9066663976454308,7.894259420702979
2026-03-15 06:30:00,40.18,42.07019065590481,1.89019065590481,1.89019065590481,4.7043071400242376
2026-03-15 06:45:00,36.79,45.5460526603837,8.756052660383702,8.756052660383702,23.80008812824904
2026-03-15 07:00:00,34.57,42.89195424548663,8.32195424548663,8.32195424548663,24.072762524613843
2026-03-15 07:15:00,36.59,40.20631904524298,3.6163190452429745,3.6163190452429745,9.88335322877683
2026-03-15 07:30:00,36.61,41.59792248529678,4.987922485296778,4.987922485296778,13.624480603802164
2026-03-15 07:45:00,36.27,41.55960595304559,5.289605953045587,5.289605953045587,14.583969691772513
2026-03-15 08:00:00,35.29,41.727213214942545,6.437213214942545,6.437213214942545,18.240898363654185
2026-03-15 08:15:00,36.91,39.23967731365872,2.3296773136587205,2.3296773136587205,6.311777974914498
2026-03-15 08:30:00,36.77,40.00895423083102,3.2389542308310197,3.2389542308310197,8.808686817362393
2026-03-15 08:45:00,14.22,38.9555729200339,24.735572920033903,24.735572920033903,173.9491644201284
2026-03-15 09:00:00,26.98,29.913114814001787,2.9331148140017866,2.9331148140017866,10.871440716409857
2026-03-15 09:15:00,13.55,29.878867827815775,16.328867827815774,16.328867827815774,120.50824075817982
2026-03-15 09:30:00,13.16,16.686729555903,3.5267295559029996,3.5267295559029996,26.798854771386416
2026-03-15 09:45:00,13.0,15.556387867245832,2.5563878672458316,2.5563878672458316,19.66452054308174
2026-03-15 10:00:00,13.28,19.29488804655185,6.014888046551851,6.014888046551851,45.29282826523772
2026-03-15 10:15:00,13.16,14.751664370659984,1.5916643706599842,1.5916643706599842,12.094713143714687
2026-03-15 10:30:00,12.75,14.602244539723022,1.8522445397230225,1.8522445397230225,14.5274070152859
2026-03-15 10:45:00,12.01,14.351351050080968,2.341351050080968,2.341351050080968,19.495011283354337
2026-03-15 11:00:00,12.59,16.655163915072475,4.065163915072475,4.065163915072475,32.288829167467696
2026-03-15 11:15:00,12.01,14.449196639958654,2.439196639958654,2.439196639958654,20.309712213668043
2026-03-15 11:30:00,11.97,14.625393308152455,2.655393308152455,2.655393308152455,22.18373505693487
2026-03-15 11:45:00,11.94,14.526421017955142,2.586421017955143,2.586421017955143,21.661815756591167
2026-03-15 12:00:00,12.89,15.733527646005072,2.8435276460050716,2.8435276460050716,22.059948994612736
2026-03-15 12:15:00,12.96,15.40635488244215,2.446354882442149,2.446354882442149,18.876193624075714
2026-03-15 12:30:00,12.94,15.955105772433932,3.015105772433932,3.015105772433932,23.300661046578995
2026-03-15 12:45:00,13.0,15.929186855240998,2.9291868552409976,2.9291868552409976,22.53220484553038
2026-03-15 13:00:00,13.0,16.88639521768447,3.88639521768447,3.88639521768447,29.895345528700112
2026-03-15 13:15:00,13.16,16.141101142684704,2.981101142684704,2.981101142684704,22.652742523991478
2026-03-15 13:30:00,14.0,17.67627064433856,3.6762706443385618,3.6762706443385618,26.259074155341573
2026-03-15 13:45:00,25.02,18.083716351878724,6.936283648121275,-6.936283648121275,27.722955119471322
2026-03-15 14:00:00,34.57,26.780828376497432,7.789171623502568,-7.789171623502568,22.531592126660826
2026-03-15 14:15:00,32.37,35.66036058377373,3.290360583773733,3.290360583773733,10.164845480770092
2026-03-15 14:30:00,27.99,36.19743535627815,8.20743535627815,8.20743535627815,29.32274048964182
2026-03-15 14:45:00,27.69,32.84054414550116,5.150544145501161,5.150544145501161,18.600736581776076
2026-03-15 15:00:00,22.67,33.78671033954874,11.116710339548739,11.116710339548739,49.03709682036951
2026-03-15 15:15:00,28.79,31.585126179542904,2.7951261795429048,2.7951261795429048,9.708669963376884
2026-03-15 15:30:00,33.19,37.367628483105136,4.1776284831051385,4.1776284831051385,12.58700921131379
2026-03-15 15:45:00,45.0,40.77385029799904,4.22614970200096,-4.22614970200096,9.39144357352561
2026-03-15 16:00:00,29.64,42.741789659104626,13.101789659104625,13.101789659104625,44.203067533987685
2026-03-15 16:15:00,37.31,39.817580636490675,2.5075806364906725,2.5075806364906725,6.720934251625114
2026-03-15 16:30:00,47.91,44.847806736239846,3.0621932637601503,-3.0621932637601503,6.391553328834518
2026-03-15 16:45:00,64.01,58.69195521911416,5.318044780885842,-5.318044780885842,8.308146692398648
2026-03-15 17:00:00,51.12,59.75223585854862,8.632235858548626,8.632235858548626,16.88622005024731
2026-03-15 17:15:00,67.5,62.31049893965811,5.18950106034189,-5.18950106034189,7.68814960512651
2026-03-15 17:30:00,73.33,80.78548130834952,7.455481308349519,7.455481308349519,10.16702741944531
2026-03-15 17:45:00,77.83,84.6188234626496,6.788823462649603,6.788823462649603,8.722630573587688
2026-03-15 18:00:00,76.17,74.16536463720021,2.004635362799789,-2.004635362799789,2.6317911730102104
2026-03-15 18:15:00,76.61,83.25391476783514,6.643914767835142,6.643914767835142,8.672385695224232
2026-03-15 18:30:00,76.65,84.91434878923218,8.264348789232173,8.264348789232173,10.78192913426338
2026-03-15 18:45:00,75.48,81.6735446093226,6.1935446093226005,6.1935446093226005,8.205543888801222
2026-03-15 19:00:00,87.88,77.6078694185868,10.272130581413194,-10.272130581413194,11.688814820806835
2026-03-15 19:15:00,91.56,85.95452826507514,5.605471734924862,-5.605471734924862,6.122184003607494
2026-03-15 19:30:00,84.88,90.76096604291914,5.880966042919141,5.880966042919141,6.928565001924472
2026-03-15 19:45:00,76.06,80.94977811919112,4.889778119191121,4.889778119191121,6.428843090852866
2026-03-15 20:00:00,112.66,86.75776289987351,25.902237100126484,-25.902237100126484,22.991511512703152
2026-03-15 20:15:00,100.56,105.10783679454764,4.547836794547635,4.547836794547635,4.522510689461543
2026-03-15 20:30:00,83.18,91.9074174111602,8.72741741116019,8.72741741116019,10.492206427312004
2026-03-15 20:45:00,69.24,74.0312285647648,4.791228564764808,4.791228564764808,6.919740750386194
2026-03-15 21:00:00,76.09,88.8714094340042,12.781409434004203,12.781409434004203,16.797751696710062
2026-03-15 21:15:00,69.87,81.4813074613811,11.611307461381102,11.611307461381102,16.618444676107995
2026-03-15 21:30:00,65.39,68.23209872871732,2.8420987287173176,2.8420987287173176,4.346381228404198
2026-03-15 21:45:00,62.4,61.35621476703065,1.0437852329693484,-1.0437852329693484,1.6727327183365726
2026-03-15 22:00:00,65.28,72.48041175303858,7.20041175303858,7.20041175303858,11.030042344880755
2026-03-15 22:15:00,61.76,64.43897292338906,2.678972923389061,2.678972923389061,4.337715155459698
2026-03-15 22:30:00,57.09,60.1595047289838,3.0695047289837945,3.0695047289837945,5.376606542683008
2026-03-15 22:45:00,52.5,52.92358996968001,0.42358996968000895,0.42358996968000895,0.8068380221173881
2026-03-15 23:00:00,56.38,60.26281372121628,3.88281372121628,3.88281372121628,6.8868635195949715
2026-03-15 23:15:00,52.57,57.30223980202282,4.732239802022818,4.732239802022818,9.001787544236148
2026-03-15 23:30:00,48.77,52.18811944376367,3.418119443763665,3.418119443763665,7.008651576127023
2026-03-15 23:45:00,49.72,43.084133376273506,6.635866623726493,-6.635866623726493,13.346473230614967
