datetime,price
2025-10-01 00:00:00,121.0
2025-10-01 00:15:00,105.89
2025-10-01 00:30:00,94.67
2025-10-01 00:45:00,74.42
2025-10-01 01:00:00,98.95
2025-10-01 01:15:00,89.44
2025-10-01 01:30:00,81.79
2025-10-01 01:45:00,80.92
2025-10-01 02:00:00,88.71
2025-10-01 02:15:00,82.89
2025-10-01 02:30:00,82.22
2025-10-01 02:45:00,81.67
2025-10-01 03:00:00,80.99
2025-10-01 03:15:00,80.33
2025-10-01 03:30:00,81.57
2025-10-01 03:45:00,82.09
2025-10-01 04:00:00,88.95
2025-10-01 04:15:00,88.93
2025-10-01 04:30:00,90.21
2025-10-01 04:45:00,92.03
2025-10-01 05:00:00,87.54
2025-10-01 05:15:00,89.84
2025-10-01 05:30:00,86.91
2025-10-01 05:45:00,91.35
2025-10-01 06:00:00,79.59
2025-10-01 06:15:00,92.67
2025-10-01 06:30:00,99.18
2025-10-01 06:45:00,110.93
2025-10-01 07:00:00,97.02
2025-10-01 07:15:00,117.26
2025-10-01 07:30:00,133.04
2025-10-01 07:45:00,151.9
2025-10-01 08:00:00,167.76
2025-10-01 08:15:00,189.08
2025-10-01 08:30:00,190.53
2025-10-01 08:45:00,180.27
2025-10-01 09:00:00,203.0
2025-10-01 09:15:00,151.53
2025-10-01 09:30:00,123.19
2025-10-01 09:45:00,99.62
2025-10-01 10:00:00,147.3
2025-10-01 10:15:00,109.93
2025-10-01 10:30:00,97.9
2025-10-01 10:45:00,86.31
2025-10-01 11:00:00,106.58
2025-10-01 11:15:00,97.16
2025-10-01 11:30:00,83.47
2025-10-01 11:45:00,67.13
2025-10-01 12:00:00,99.97
2025-10-01 12:15:00,89.93
2025-10-01 12:30:00,80.07
2025-10-01 12:45:00,78.59
2025-10-01 13:00:00,105.62
2025-10-01 13:15:00,100.74
2025-10-01 13:30:00,100.11
2025-10-01 13:45:00,100.09
2025-10-01 14:00:00,85.78
2025-10-01 14:15:00,92.8
2025-10-01 14:30:00,100.0
2025-10-01 14:45:00,122.39
2025-10-01 15:00:00,73.39
2025-10-01 15:15:00,78.71
2025-10-01 15:30:00,89.13
2025-10-01 15:45:00,111.36
2025-10-01 16:00:00,77.7
2025-10-01 16:15:00,83.99
2025-10-01 16:30:00,96.0
2025-10-01 16:45:00,190.0
2025-10-01 17:00:00,93.68
2025-10-01 17:15:00,100.01
2025-10-01 17:30:00,157.74
2025-10-01 17:45:00,196.99
2025-10-01 18:00:00,101.65
2025-10-01 18:15:00,136.56
2025-10-01 18:30:00,152.9
2025-10-01 18:45:00,205.92
2025-10-01 19:00:00,152.61
2025-10-01 19:15:00,207.18
2025-10-01 19:30:00,285.32
2025-10-01 19:45:00,379.26
2025-10-01 20:00:00,418.0
2025-10-01 20:15:00,374.51
2025-10-01 20:30:00,320.4
2025-10-01 20:45:00,252.0
2025-10-01 21:00:00,217.1
2025-10-01 21:15:00,154.68
2025-10-01 21:30:00,130.39
2025-10-01 21:45:00,112.59
2025-10-01 22:00:00,131.38
2025-10-01 22:15:00,122.43
2025-10-01 22:30:00,103.89
2025-10-01 22:45:00,99.05
2025-10-01 23:00:00,108.08
2025-10-01 23:15:00,100.74
2025-10-01 23:30:00,94.56
2025-10-01 23:45:00,88.78
2025-10-02 00:00:00,92.68
2025-10-02 00:15:00,90.79
2025-10-02 00:30:00,88.6
2025-10-02 00:45:00,84.44
2025-10-02 01:00:00,98.75
2025-10-02 01:15:00,90.32
2025-10-02 01:30:00,85.15
2025-10-02 01:45:00,85.64
2025-10-02 02:00:00,88.26
2025-10-02 02:15:00,87.57
2025-10-02 02:30:00,83.5
2025-10-02 02:45:00,73.0
2025-10-02 03:00:00,72.05
2025-10-02 03:15:00,71.55
2025-10-02 03:30:00,70.27
2025-10-02 03:45:00,68.83
2025-10-02 04:00:00,72.4
2025-10-02 04:15:00,72.22
2025-10-02 04:30:00,73.29
2025-10-02 04:45:00,78.73
2025-10-02 05:00:00,84.25
2025-10-02 05:15:00,85.79
2025-10-02 05:30:00,85.02
2025-10-02 05:45:00,88.59
2025-10-02 06:00:00,86.5
2025-10-02 06:15:00,90.6
2025-10-02 06:30:00,97.27
2025-10-02 06:45:00,112.84
2025-10-02 07:00:00,96.93
2025-10-02 07:15:00,119.77
2025-10-02 07:30:00,137.13
2025-10-02 07:45:00,172.26
2025-10-02 08:00:00,179.45
2025-10-02 08:15:00,200.42
2025-10-02 08:30:00,189.99
2025-10-02 08:45:00,166.95
2025-10-02 09:00:00,191.89
2025-10-02 09:15:00,155.92
2025-10-02 09:30:00,119.39
2025-10-02 09:45:00,102.72
2025-10-02 10:00:00,127.69
2025-10-02 10:15:00,116.82
2025-10-02 10:30:00,93.92
2025-10-02 10:45:00,82.08
2025-10-02 11:00:00,104.89
2025-10-02 11:15:00,102.73
2025-10-02 11:30:00,87.15
2025-10-02 11:45:00,82.58
2025-10-02 12:00:00,95.3
2025-10-02 12:15:00,87.31
2025-10-02 12:30:00,83.45
2025-10-02 12:45:00,80.01
2025-10-02 13:00:00,95.42
2025-10-02 13:15:00,95.3
2025-10-02 13:30:00,93.48
2025-10-02 13:45:00,90.99
2025-10-02 14:00:00,77.23
2025-10-02 14:15:00,78.73
2025-10-02 14:30:00,80.09
2025-10-02 14:45:00,85.02
2025-10-02 15:00:00,85.15
2025-10-02 15:15:00,88.53
2025-10-02 15:30:00,95.29
2025-10-02 15:45:00,99.99
2025-10-02 16:00:00,79.86
2025-10-02 16:15:00,85.46
2025-10-02 16:30:00,96.29
2025-10-02 16:45:00,153.89
2025-10-02 17:00:00,99.8
2025-10-02 17:15:00,137.55
2025-10-02 17:30:00,168.17
2025-10-02 17:45:00,171.78
2025-10-02 18:00:00,196.49
2025-10-02 18:15:00,180.08
2025-10-02 18:30:00,177.2
2025-10-02 18:45:00,184.69
2025-10-02 19:00:00,175.29
2025-10-02 19:15:00,169.7
2025-10-02 19:30:00,190.0
2025-10-02 19:45:00,246.98
2025-10-02 20:00:00,263.02
2025-10-02 20:15:00,242.17
2025-10-02 20:30:00,184.29
2025-10-02 20:45:00,156.38
2025-10-02 21:00:00,187.41
2025-10-02 21:15:00,171.43
2025-10-02 21:30:00,133.15
2025-10-02 21:45:00,110.85
2025-10-02 22:00:00,134.52
2025-10-02 22:15:00,119.85
2025-10-02 22:30:00,104.9
2025-10-02 22:45:00,96.93
2025-10-02 23:00:00,111.98
2025-10-02 23:15:00,107.57
2025-10-02 23:30:00,96.69
2025-10-02 23:45:00,83.24
2025-10-03 00:00:00,105.6
2025-10-03 00:15:00,93.44
2025-10-03 00:30:00,74.11
2025-10-03 00:45:00,53.53
2025-10-03 01:00:00,97.09
2025-10-03 01:15:00,89.32
2025-10-03 01:30:00,87.69
2025-10-03 01:45:00,75.22
2025-10-03 02:00:00,87.06
2025-10-03 02:15:00,81.98
2025-10-03 02:30:00,74.89
2025-10-03 02:45:00,64.65
2025-10-03 03:00:00,82.79
2025-10-03 03:15:00,71.3
2025-10-03 03:30:00,72.75
2025-10-03 03:45:00,71.64
2025-10-03 04:00:00,62.68
2025-10-03 04:15:00,78.74
2025-10-03 04:30:00,81.0
2025-10-03 04:45:00,76.89
2025-10-03 05:00:00,72.54
2025-10-03 05:15:00,73.26
2025-10-03 05:30:00,80.97
2025-10-03 05:45:00,85.51
2025-10-03 06:00:00,99.82
2025-10-03 06:15:00,184.21
2025-10-03 06:30:00,195.7
2025-10-03 06:45:00,295.55
2025-10-03 07:00:00,195.7
2025-10-03 07:15:00,275.19
2025-10-03 07:30:00,290.0
2025-10-03 07:45:00,311.66
2025-10-03 08:00:00,490.0
2025-10-03 08:15:00,335.76
2025-10-03 08:30:00,239.99
2025-10-03 08:45:00,184.21
2025-10-03 09:00:00,151.21
2025-10-03 09:15:00,133.89
2025-10-03 09:30:00,115.07
2025-10-03 09:45:00,76.51
2025-10-03 10:00:00,113.28
2025-10-03 10:15:00,100.95
2025-10-03 10:30:00,84.61
2025-10-03 10:45:00,64.03
2025-10-03 11:00:00,91.8
2025-10-03 11:15:00,62.23
2025-10-03 11:30:00,43.25
2025-10-03 11:45:00,38.11
2025-10-03 12:00:00,45.21
2025-10-03 12:15:00,41.34
2025-10-03 12:30:00,39.05
2025-10-03 12:45:00,30.58
2025-10-03 13:00:00,31.33
2025-10-03 13:15:00,26.31
2025-10-03 13:30:00,23.77
2025-10-03 13:45:00,20.36
2025-10-03 14:00:00,21.45
2025-10-03 14:15:00,18.0
2025-10-03 14:30:00,16.68
2025-10-03 14:45:00,19.04
2025-10-03 15:00:00,14.26
2025-10-03 15:15:00,25.56
2025-10-03 15:30:00,39.94
2025-10-03 15:45:00,47.97
2025-10-03 16:00:00,32.79
2025-10-03 16:15:00,48.56
2025-10-03 16:30:00,90.48
2025-10-03 16:45:00,184.2
2025-10-03 17:00:00,93.07
2025-10-03 17:15:00,100.68
2025-10-03 17:30:00,105.83
2025-10-03 17:45:00,189.99
2025-10-03 18:00:00,275.19
2025-10-03 18:15:00,380.3
2025-10-03 18:30:00,490.0
2025-10-03 18:45:00,689.99
2025-10-03 19:00:00,339.22
2025-10-03 19:15:00,400.08
2025-10-03 19:30:00,421.4
2025-10-03 19:45:00,370.04
2025-10-03 20:00:00,275.19
2025-10-03 20:15:00,235.4
2025-10-03 20:30:00,207.92
2025-10-03 20:45:00,190.0
2025-10-03 21:00:00,289.99
2025-10-03 21:15:00,235.39
2025-10-03 21:30:00,193.7
2025-10-03 21:45:00,184.2
2025-10-03 22:00:00,257.02
2025-10-03 22:15:00,193.71
2025-10-03 22:30:00,184.2
2025-10-03 22:45:00,99.59
2025-10-03 23:00:00,141.64
2025-10-03 23:15:00,102.36
2025-10-03 23:30:00,101.48
2025-10-03 23:45:00,93.44
2025-10-04 00:00:00,94.6
2025-10-04 00:15:00,81.02
2025-10-04 00:30:00,28.06
2025-10-04 00:45:00,8.88
2025-10-04 01:00:00,131.1
2025-10-04 01:15:00,54.48
2025-10-04 01:30:00,20.84
2025-10-04 01:45:00,20.83
2025-10-04 02:00:00,20.78
2025-10-04 02:15:00,20.77
2025-10-04 02:30:00,20.76
2025-10-04 02:45:00,20.75
2025-10-04 03:00:00,20.64
2025-10-04 03:15:00,20.63
2025-10-04 03:30:00,20.63
2025-10-04 03:45:00,9.23
2025-10-04 04:00:00,20.64
2025-10-04 04:15:00,20.58
2025-10-04 04:30:00,9.97
2025-10-04 04:45:00,5.01
2025-10-04 05:00:00,26.1
2025-10-04 05:15:00,25.55
2025-10-04 05:30:00,25.82
2025-10-04 05:45:00,21.86
2025-10-04 06:00:00,5.0
2025-10-04 06:15:00,3.5
2025-10-04 06:30:00,3.6
2025-10-04 06:45:00,7.54
2025-10-04 07:00:00,20.64
2025-10-04 07:15:00,20.64
2025-10-04 07:30:00,22.37
2025-10-04 07:45:00,20.78
2025-10-04 08:00:00,23.79
2025-10-04 08:15:00,28.07
2025-10-04 08:30:00,30.11
2025-10-04 08:45:00,20.63
2025-10-04 09:00:00,16.64
2025-10-04 09:15:00,11.53
2025-10-04 09:30:00,3.93
2025-10-04 09:45:00,3.51
2025-10-04 10:00:00,1.23
2025-10-04 10:15:00,1.39
2025-10-04 10:30:00,0.29
2025-10-04 10:45:00,0.29
2025-10-04 11:00:00,1.64
2025-10-04 11:15:00,1.26
2025-10-04 11:30:00,1.1
2025-10-04 11:45:00,0.74
2025-10-04 12:00:00,1.22
2025-10-04 12:15:00,0.47
2025-10-04 12:30:00,0.32
2025-10-04 12:45:00,0.32
2025-10-04 13:00:00,0.34
2025-10-04 13:15:00,0.23
2025-10-04 13:30:00,0.23
2025-10-04 13:45:00,0.38
2025-10-04 14:00:00,0.69
2025-10-04 14:15:00,0.84
2025-10-04 14:30:00,1.0
2025-10-04 14:45:00,1.36
2025-10-04 15:00:00,1.25
2025-10-04 15:15:00,1.23
2025-10-04 15:30:00,1.23
2025-10-04 15:45:00,1.22
2025-10-04 16:00:00,0.43
2025-10-04 16:15:00,3.5
2025-10-04 16:30:00,3.5
2025-10-04 16:45:00,3.51
2025-10-04 17:00:00,1.25
2025-10-04 17:15:00,1.43
2025-10-04 17:30:00,3.5
2025-10-04 17:45:00,3.51
2025-10-04 18:00:00,3.51
2025-10-04 18:15:00,5.09
2025-10-04 18:30:00,10.0
2025-10-04 18:45:00,18.16
2025-10-04 19:00:00,12.29
2025-10-04 19:15:00,12.12
2025-10-04 19:30:00,20.64
2025-10-04 19:45:00,20.63
2025-10-04 20:00:00,3.51
2025-10-04 20:15:00,13.02
2025-10-04 20:30:00,15.84
2025-10-04 20:45:00,3.55
2025-10-04 21:00:00,3.51
2025-10-04 21:15:00,3.51
2025-10-04 21:30:00,3.5
2025-10-04 21:45:00,3.5
2025-10-04 22:00:00,3.01
2025-10-04 22:15:00,1.57
2025-10-04 22:30:00,1.5
2025-10-04 22:45:00,1.4
2025-10-04 23:00:00,1.23
2025-10-04 23:15:00,0.55
2025-10-04 23:30:00,0.6
2025-10-04 23:45:00,0.91
2025-10-05 00:00:00,0.32
2025-10-05 00:15:00,0.29
2025-10-05 00:30:00,0.22
2025-10-05 00:45:00,0.0
2025-10-05 01:00:00,0.67
2025-10-05 01:15:00,0.65
2025-10-05 01:30:00,0.54
2025-10-05 01:45:00,0.11
2025-10-05 02:00:00,0.23
2025-10-05 02:15:00,0.03
2025-10-05 02:30:00,0.01
2025-10-05 02:45:00,0.0
2025-10-05 03:00:00,0.01
2025-10-05 03:15:00,0.0
2025-10-05 03:30:00,-0.01
2025-10-05 03:45:00,-0.06
2025-10-05 04:00:00,0.05
2025-10-05 04:15:00,-0.02
2025-10-05 04:30:00,-0.03
2025-10-05 04:45:00,-0.03
2025-10-05 05:00:00,-0.02
2025-10-05 05:15:00,-0.02
2025-10-05 05:30:00,-0.02
2025-10-05 05:45:00,-0.03
2025-10-05 06:00:00,0.01
2025-10-05 06:15:00,0.0
2025-10-05 06:30:00,0.02
2025-10-05 06:45:00,0.05
2025-10-05 07:00:00,0.0
2025-10-05 07:15:00,0.0
2025-10-05 07:30:00,0.01
2025-10-05 07:45:00,0.01
2025-10-05 08:00:00,0.2
2025-10-05 08:15:00,0.4
2025-10-05 08:30:00,1.54
2025-10-05 08:45:00,1.22
2025-10-05 09:00:00,0.61
2025-10-05 09:15:00,1.03
2025-10-05 09:30:00,0.99
2025-10-05 09:45:00,1.22
2025-10-05 10:00:00,4.65
2025-10-05 10:15:00,3.51
2025-10-05 10:30:00,3.51
2025-10-05 10:45:00,3.51
2025-10-05 11:00:00,3.89
2025-10-05 11:15:00,3.51
2025-10-05 11:30:00,3.15
2025-10-05 11:45:00,3.51
2025-10-05 12:00:00,3.79
2025-10-05 12:15:00,3.51
2025-10-05 12:30:00,3.42
2025-10-05 12:45:00,2.4
2025-10-05 13:00:00,8.99
2025-10-05 13:15:00,3.82
2025-10-05 13:30:00,2.64
2025-10-05 13:45:00,2.36
2025-10-05 14:00:00,1.94
2025-10-05 14:15:00,2.0
2025-10-05 14:30:00,2.03
2025-10-05 14:45:00,2.17
2025-10-05 15:00:00,1.51
2025-10-05 15:15:00,1.95
2025-10-05 15:30:00,2.21
2025-10-05 15:45:00,2.38
2025-10-05 16:00:00,2.56
2025-10-05 16:15:00,2.62
2025-10-05 16:30:00,2.75
2025-10-05 16:45:00,6.53
2025-10-05 17:00:00,2.77
2025-10-05 17:15:00,3.5
2025-10-05 17:30:00,9.13
2025-10-05 17:45:00,15.98
2025-10-05 18:00:00,3.46
2025-10-05 18:15:00,20.59
2025-10-05 18:30:00,60.08
2025-10-05 18:45:00,95.86
2025-10-05 19:00:00,48.57
2025-10-05 19:15:00,68.68
2025-10-05 19:30:00,36.92
2025-10-05 19:45:00,36.54
2025-10-05 20:00:00,66.76
2025-10-05 20:15:00,36.54
2025-10-05 20:30:00,40.25
2025-10-05 20:45:00,47.16
2025-10-05 21:00:00,93.15
2025-10-05 21:15:00,20.84
2025-10-05 21:30:00,20.77
2025-10-05 21:45:00,7.1
2025-10-05 22:00:00,20.74
2025-10-05 22:15:00,20.64
2025-10-05 22:30:00,20.63
2025-10-05 22:45:00,4.28
2025-10-05 23:00:00,5.52
2025-10-05 23:15:00,4.88
2025-10-05 23:30:00,5.75
2025-10-05 23:45:00,4.35
2025-10-06 00:00:00,5.0
2025-10-06 00:15:00,4.21
2025-10-06 00:30:00,4.06
2025-10-06 00:45:00,3.46
2025-10-06 01:00:00,29.91
2025-10-06 01:15:00,20.76
2025-10-06 01:30:00,20.63
2025-10-06 01:45:00,20.75
2025-10-06 02:00:00,20.7
2025-10-06 02:15:00,20.7
2025-10-06 02:30:00,20.7
2025-10-06 02:45:00,24.5
2025-10-06 03:00:00,26.22
2025-10-06 03:15:00,31.18
2025-10-06 03:30:00,28.76
2025-10-06 03:45:00,24.5
2025-10-06 04:00:00,10.34
2025-10-06 04:15:00,10.4
2025-10-06 04:30:00,10.89
2025-10-06 04:45:00,20.63
2025-10-06 05:00:00,13.72
2025-10-06 05:15:00,20.63
2025-10-06 05:30:00,20.63
2025-10-06 05:45:00,24.26
2025-10-06 06:00:00,8.0
2025-10-06 06:15:00,14.63
2025-10-06 06:30:00,28.14
2025-10-06 06:45:00,53.74
2025-10-06 07:00:00,55.49
2025-10-06 07:15:00,89.27
2025-10-06 07:30:00,112.65
2025-10-06 07:45:00,111.98
2025-10-06 08:00:00,96.11
2025-10-06 08:15:00,266.21
2025-10-06 08:30:00,483.03
2025-10-06 08:45:00,483.06
2025-10-06 09:00:00,293.92
2025-10-06 09:15:00,266.21
2025-10-06 09:30:00,266.2
2025-10-06 09:45:00,213.2
2025-10-06 10:00:00,151.23
2025-10-06 10:15:00,120.18
2025-10-06 10:30:00,120.31
2025-10-06 10:45:00,113.48
2025-10-06 11:00:00,122.9
2025-10-06 11:15:00,118.23
2025-10-06 11:30:00,103.83
2025-10-06 11:45:00,99.99
2025-10-06 12:00:00,138.99
2025-10-06 12:15:00,115.74
2025-10-06 12:30:00,112.7
2025-10-06 12:45:00,113.2
2025-10-06 13:00:00,117.94
2025-10-06 13:15:00,119.11
2025-10-06 13:30:00,117.98
2025-10-06 13:45:00,119.45
2025-10-06 14:00:00,100.19
2025-10-06 14:15:00,108.18
2025-10-06 14:30:00,117.64
2025-10-06 14:45:00,125.09
2025-10-06 15:00:00,99.97
2025-10-06 15:15:00,107.53
2025-10-06 15:30:00,120.17
2025-10-06 15:45:00,152.83
2025-10-06 16:00:00,100.12
2025-10-06 16:15:00,120.15
2025-10-06 16:30:00,197.2
2025-10-06 16:45:00,239.35
2025-10-06 17:00:00,138.65
2025-10-06 17:15:00,199.93
2025-10-06 17:30:00,266.21
2025-10-06 17:45:00,323.11
2025-10-06 18:00:00,162.9
2025-10-06 18:15:00,197.2
2025-10-06 18:30:00,237.0
2025-10-06 18:45:00,261.81
2025-10-06 19:00:00,266.21
2025-10-06 19:15:00,266.21
2025-10-06 19:30:00,266.21
2025-10-06 19:45:00,266.21
2025-10-06 20:00:00,262.5
2025-10-06 20:15:00,250.02
2025-10-06 20:30:00,236.99
2025-10-06 20:45:00,197.2
2025-10-06 21:00:00,400.01
2025-10-06 21:15:00,323.11
2025-10-06 21:30:00,323.1
2025-10-06 21:45:00,266.21
2025-10-06 22:00:00,183.67
2025-10-06 22:15:00,153.63
2025-10-06 22:30:00,116.05
2025-10-06 22:45:00,113.47
2025-10-06 23:00:00,148.76
2025-10-06 23:15:00,115.14
2025-10-06 23:30:00,115.2
2025-10-06 23:45:00,109.62
2025-10-07 00:00:00,149.54
2025-10-07 00:15:00,157.92
2025-10-07 00:30:00,106.76
2025-10-07 00:45:00,101.54
2025-10-07 01:00:00,188.48
2025-10-07 01:15:00,162.96
2025-10-07 01:30:00,157.95
2025-10-07 01:45:00,152.99
2025-10-07 02:00:00,100.0
2025-10-07 02:15:00,95.03
2025-10-07 02:30:00,92.68
2025-10-07 02:45:00,88.96
2025-10-07 03:00:00,91.47
2025-10-07 03:15:00,90.1
2025-10-07 03:30:00,89.78
2025-10-07 03:45:00,90.01
2025-10-07 04:00:00,88.78
2025-10-07 04:15:00,89.05
2025-10-07 04:30:00,89.92
2025-10-07 04:45:00,92.4
2025-10-07 05:00:00,87.51
2025-10-07 05:15:00,89.53
2025-10-07 05:30:00,96.19
2025-10-07 05:45:00,128.9
2025-10-07 06:00:00,87.56
2025-10-07 06:15:00,128.9
2025-10-07 06:30:00,209.71
2025-10-07 06:45:00,284.4
2025-10-07 07:00:00,400.03
2025-10-07 07:15:00,499.59
2025-10-07 07:30:00,640.05
2025-10-07 07:45:00,690.0
2025-10-07 08:00:00,1173.65
2025-10-07 08:15:00,1000.01
2025-10-07 08:30:00,1000.0
2025-10-07 08:45:00,826.72
2025-10-07 09:00:00,899.08
2025-10-07 09:15:00,565.1
2025-10-07 09:30:00,288.92
2025-10-07 09:45:00,248.01
2025-10-07 10:00:00,287.59
2025-10-07 10:15:00,244.17
2025-10-07 10:30:00,165.36
2025-10-07 10:45:00,135.16
2025-10-07 11:00:00,144.74
2025-10-07 11:15:00,117.37
2025-10-07 11:30:00,100.02
2025-10-07 11:45:00,88.09
2025-10-07 12:00:00,111.38
2025-10-07 12:15:00,96.2
2025-10-07 12:30:00,80.0
2025-10-07 12:45:00,77.13
2025-10-07 13:00:00,90.95
2025-10-07 13:15:00,92.27
2025-10-07 13:30:00,107.56
2025-10-07 13:45:00,107.21
2025-10-07 14:00:00,114.28
2025-10-07 14:15:00,107.64
2025-10-07 14:30:00,106.74
2025-10-07 14:45:00,104.16
2025-10-07 15:00:00,105.11
2025-10-07 15:15:00,106.89
2025-10-07 15:30:00,147.89
2025-10-07 15:45:00,209.71
2025-10-07 16:00:00,103.16
2025-10-07 16:15:00,107.68
2025-10-07 16:30:00,118.36
2025-10-07 16:45:00,209.71
2025-10-07 17:00:00,128.9
2025-10-07 17:15:00,209.71
2025-10-07 17:30:00,284.4
2025-10-07 17:45:00,499.59
2025-10-07 18:00:00,284.4
2025-10-07 18:15:00,440.5
2025-10-07 18:30:00,565.05
2025-10-07 18:45:00,710.04
2025-10-07 19:00:00,690.0
2025-10-07 19:15:00,799.02
2025-10-07 19:30:00,799.09
2025-10-07 19:45:00,799.02
2025-10-07 20:00:00,1000.0
2025-10-07 20:15:00,902.3
2025-10-07 20:30:00,855.17
2025-10-07 20:45:00,689.99
2025-10-07 21:00:00,284.41
2025-10-07 21:15:00,276.79
2025-10-07 21:30:00,209.71
2025-10-07 21:45:00,197.19
2025-10-07 22:00:00,483.1
2025-10-07 22:15:00,290.0
2025-10-07 22:30:00,284.4
2025-10-07 22:45:00,209.7
2025-10-07 23:00:00,284.41
2025-10-07 23:15:00,284.4
2025-10-07 23:30:00,209.71
2025-10-07 23:45:00,95.37
2025-10-08 00:00:00,209.7
2025-10-08 00:15:00,98.43
2025-10-08 00:30:00,93.57
2025-10-08 00:45:00,90.11
2025-10-08 01:00:00,218.11
2025-10-08 01:15:00,218.1
2025-10-08 01:30:00,130.98
2025-10-08 01:45:00,89.2
2025-10-08 02:00:00,189.99
2025-10-08 02:15:00,89.07
2025-10-08 02:30:00,87.33
2025-10-08 02:45:00,85.5
2025-10-08 03:00:00,89.21
2025-10-08 03:15:00,88.14
2025-10-08 03:30:00,86.99
2025-10-08 03:45:00,85.9
2025-10-08 04:00:00,87.03
2025-10-08 04:15:00,87.45
2025-10-08 04:30:00,86.98
2025-10-08 04:45:00,87.22
2025-10-08 05:00:00,85.66
2025-10-08 05:15:00,152.61
2025-10-08 05:30:00,218.11
2025-10-08 05:45:00,229.2
2025-10-08 06:00:00,86.98
2025-10-08 06:15:00,93.28
2025-10-08 06:30:00,101.6
2025-10-08 06:45:00,119.07
2025-10-08 07:00:00,95.89
2025-10-08 07:15:00,168.92
2025-10-08 07:30:00,196.89
2025-10-08 07:45:00,218.11
2025-10-08 08:00:00,218.11
2025-10-08 08:15:00,218.1
2025-10-08 08:30:00,169.41
2025-10-08 08:45:00,170.64
2025-10-08 09:00:00,203.33
2025-10-08 09:15:00,175.01
2025-10-08 09:30:00,40.01
2025-10-08 09:45:00,21.45
2025-10-08 10:00:00,173.83
2025-10-08 10:15:00,140.65
2025-10-08 10:30:00,50.01
2025-10-08 10:45:00,38.76
2025-10-08 11:00:00,129.63
2025-10-08 11:15:00,115.89
2025-10-08 11:30:00,107.64
2025-10-08 11:45:00,102.47
2025-10-08 12:00:00,123.71
2025-10-08 12:15:00,105.07
2025-10-08 12:30:00,98.44
2025-10-08 12:45:00,89.03
2025-10-08 13:00:00,36.54
2025-10-08 13:15:00,30.0
2025-10-08 13:30:00,28.14
2025-10-08 13:45:00,28.15
2025-10-08 14:00:00,30.0
2025-10-08 14:15:00,50.0
2025-10-08 14:30:00,80.0
2025-10-08 14:45:00,88.05
2025-10-08 15:00:00,21.07
2025-10-08 15:15:00,30.0
2025-10-08 15:30:00,50.01
2025-10-08 15:45:00,99.72
2025-10-08 16:00:00,20.84
2025-10-08 16:15:00,43.32
2025-10-08 16:30:00,102.5
2025-10-08 16:45:00,114.6
2025-10-08 17:00:00,96.13
2025-10-08 17:15:00,104.76
2025-10-08 17:30:00,130.37
2025-10-08 17:45:00,218.1
2025-10-08 18:00:00,104.44
2025-10-08 18:15:00,123.84
2025-10-08 18:30:00,158.19
2025-10-08 18:45:00,218.1
2025-10-08 19:00:00,131.57
2025-10-08 19:15:00,147.74
2025-10-08 19:30:00,205.0
2025-10-08 19:45:00,229.2
2025-10-08 20:00:00,215.71
2025-10-08 20:15:00,195.0
2025-10-08 20:30:00,158.99
2025-10-08 20:45:00,107.9
2025-10-08 21:00:00,171.48
2025-10-08 21:15:00,149.52
2025-10-08 21:30:00,96.39
2025-10-08 21:45:00,89.97
2025-10-08 22:00:00,99.96
2025-10-08 22:15:00,88.2
2025-10-08 22:30:00,81.29
2025-10-08 22:45:00,75.54
2025-10-08 23:00:00,74.97
2025-10-08 23:15:00,67.25
2025-10-08 23:30:00,54.4
2025-10-08 23:45:00,97.93
2025-10-09 00:00:00,107.78
2025-10-09 00:15:00,99.79
2025-10-09 00:30:00,80.01
2025-10-09 00:45:00,65.23
2025-10-09 01:00:00,109.51
2025-10-09 01:15:00,100.01
2025-10-09 01:30:00,90.96
2025-10-09 01:45:00,88.93
2025-10-09 02:00:00,91.82
2025-10-09 02:15:00,93.76
2025-10-09 02:30:00,92.58
2025-10-09 02:45:00,93.35
2025-10-09 03:00:00,96.33
2025-10-09 03:15:00,92.58
2025-10-09 03:30:00,92.56
2025-10-09 03:45:00,92.83
2025-10-09 04:00:00,94.05
2025-10-09 04:15:00,90.67
2025-10-09 04:30:00,90.76
2025-10-09 04:45:00,91.0
2025-10-09 05:00:00,87.82
2025-10-09 05:15:00,89.99
2025-10-09 05:30:00,93.7
2025-10-09 05:45:00,103.89
2025-10-09 06:00:00,88.77
2025-10-09 06:15:00,127.14
2025-10-09 06:30:00,229.8
2025-10-09 06:45:00,250.01
2025-10-09 07:00:00,104.81
2025-10-09 07:15:00,197.7
2025-10-09 07:30:00,198.81
2025-10-09 07:45:00,229.8
2025-10-09 08:00:00,198.8
2025-10-09 08:15:00,198.81
2025-10-09 08:30:00,198.81
2025-10-09 08:45:00,198.8
2025-10-09 09:00:00,229.8
2025-10-09 09:15:00,198.81
2025-10-09 09:30:00,198.8
2025-10-09 09:45:00,158.92
2025-10-09 10:00:00,237.5
2025-10-09 10:15:00,229.8
2025-10-09 10:30:00,198.81
2025-10-09 10:45:00,198.8
2025-10-09 11:00:00,229.81
2025-10-09 11:15:00,229.8
2025-10-09 11:30:00,198.8
2025-10-09 11:45:00,197.7
2025-10-09 12:00:00,190.0
2025-10-09 12:15:00,102.99
2025-10-09 12:30:00,96.89
2025-10-09 12:45:00,92.55
2025-10-09 13:00:00,100.33
2025-10-09 13:15:00,96.89
2025-10-09 13:30:00,98.1
2025-10-09 13:45:00,97.68
2025-10-09 14:00:00,104.34
2025-10-09 14:15:00,105.38
2025-10-09 14:30:00,105.45
2025-10-09 14:45:00,158.94
2025-10-09 15:00:00,96.9
2025-10-09 15:15:00,139.31
2025-10-09 15:30:00,190.0
2025-10-09 15:45:00,197.7
2025-10-09 16:00:00,98.49
2025-10-09 16:15:00,153.95
2025-10-09 16:30:00,198.8
2025-10-09 16:45:00,229.8
2025-10-09 17:00:00,103.87
2025-10-09 17:15:00,109.04
2025-10-09 17:30:00,188.29
2025-10-09 17:45:00,198.8
2025-10-09 18:00:00,190.0
2025-10-09 18:15:00,194.99
2025-10-09 18:30:00,190.0
2025-10-09 18:45:00,197.7
2025-10-09 19:00:00,198.8
2025-10-09 19:15:00,197.7
2025-10-09 19:30:00,189.99
2025-10-09 19:45:00,118.98
2025-10-09 20:00:00,119.27
2025-10-09 20:15:00,117.5
2025-10-09 20:30:00,113.72
2025-10-09 20:45:00,109.51
2025-10-09 21:00:00,114.18
2025-10-09 21:15:00,109.04
2025-10-09 21:30:00,104.72
2025-10-09 21:45:00,96.89
2025-10-09 22:00:00,107.96
2025-10-09 22:15:00,103.1
2025-10-09 22:30:00,95.1
2025-10-09 22:45:00,74.48
2025-10-09 23:00:00,105.8
2025-10-09 23:15:00,75.72
2025-10-09 23:30:00,73.4
2025-10-09 23:45:00,40.01
2025-10-10 00:00:00,81.51
2025-10-10 00:15:00,71.65
2025-10-10 00:30:00,77.91
2025-10-10 00:45:00,66.08
2025-10-10 01:00:00,72.59
2025-10-10 01:15:00,58.31
2025-10-10 01:30:00,50.0
2025-10-10 01:45:00,78.53
2025-10-10 02:00:00,90.03
2025-10-10 02:15:00,82.99
2025-10-10 02:30:00,82.64
2025-10-10 02:45:00,55.39
2025-10-10 03:00:00,36.54
2025-10-10 03:15:00,34.49
2025-10-10 03:30:00,33.67
2025-10-10 03:45:00,33.67
2025-10-10 04:00:00,33.67
2025-10-10 04:15:00,49.99
2025-10-10 04:30:00,72.59
2025-10-10 04:45:00,74.43
2025-10-10 05:00:00,78.04
2025-10-10 05:15:00,79.25
2025-10-10 05:30:00,73.15
2025-10-10 05:45:00,95.99
2025-10-10 06:00:00,72.59
2025-10-10 06:15:00,144.11
2025-10-10 06:30:00,175.81
2025-10-10 06:45:00,187.21
2025-10-10 07:00:00,144.1
2025-10-10 07:15:00,157.2
2025-10-10 07:30:00,175.8
2025-10-10 07:45:00,175.8
2025-10-10 08:00:00,200.01
2025-10-10 08:15:00,216.4
2025-10-10 08:30:00,189.99
2025-10-10 08:45:00,187.2
2025-10-10 09:00:00,216.4
2025-10-10 09:15:00,187.21
2025-10-10 09:30:00,175.81
2025-10-10 09:45:00,157.19
2025-10-10 10:00:00,187.2
2025-10-10 10:15:00,175.8
2025-10-10 10:30:00,96.73
2025-10-10 10:45:00,78.45
2025-10-10 11:00:00,187.2
2025-10-10 11:15:00,144.11
2025-10-10 11:30:00,84.55
2025-10-10 11:45:00,71.31
2025-10-10 12:00:00,96.26
2025-10-10 12:15:00,80.01
2025-10-10 12:30:00,36.53
2025-10-10 12:45:00,30.0
2025-10-10 13:00:00,20.69
2025-10-10 13:15:00,20.63
2025-10-10 13:30:00,20.0
2025-10-10 13:45:00,17.23
2025-10-10 14:00:00,20.78
2025-10-10 14:15:00,20.7
2025-10-10 14:30:00,25.44
2025-10-10 14:45:00,25.45
2025-10-10 15:00:00,20.02
2025-10-10 15:15:00,20.64
2025-10-10 15:30:00,20.69
2025-10-10 15:45:00,20.77
2025-10-10 16:00:00,30.01
2025-10-10 16:15:00,80.01
2025-10-10 16:30:00,93.63
2025-10-10 16:45:00,104.88
2025-10-10 17:00:00,78.54
2025-10-10 17:15:00,144.11
2025-10-10 17:30:00,187.2
2025-10-10 17:45:00,293.97
2025-10-10 18:00:00,176.79
2025-10-10 18:15:00,187.21
2025-10-10 18:30:00,216.4
2025-10-10 18:45:00,250.01
2025-10-10 19:00:00,187.2
2025-10-10 19:15:00,187.21
2025-10-10 19:30:00,187.21
2025-10-10 19:45:00,187.21
2025-10-10 20:00:00,187.2
2025-10-10 20:15:00,187.2
2025-10-10 20:30:00,187.2
2025-10-10 20:45:00,175.81
2025-10-10 21:00:00,175.81
2025-10-10 21:15:00,175.8
2025-10-10 21:30:00,160.92
2025-10-10 21:45:00,157.19
2025-10-10 22:00:00,175.8
2025-10-10 22:15:00,175.8
2025-10-10 22:30:00,175.8
2025-10-10 22:45:00,165.92
2025-10-10 23:00:00,187.21
2025-10-10 23:15:00,239.05
2025-10-10 23:30:00,239.06
2025-10-10 23:45:00,239.06
2025-10-11 00:00:00,187.2
2025-10-11 00:15:00,187.2
2025-10-11 00:30:00,175.8
2025-10-11 00:45:00,175.81
2025-10-11 01:00:00,190.1
2025-10-11 01:15:00,97.62
2025-10-11 01:30:00,20.7
2025-10-11 01:45:00,20.69
2025-10-11 02:00:00,20.7
2025-10-11 02:15:00,20.64
2025-10-11 02:30:00,20.64
2025-10-11 02:45:00,20.64
2025-10-11 03:00:00,87.65
2025-10-11 03:15:00,88.63
2025-10-11 03:30:00,87.72
2025-10-11 03:45:00,20.7
2025-10-11 04:00:00,20.64
2025-10-11 04:15:00,20.64
2025-10-11 04:30:00,20.64
2025-10-11 04:45:00,20.63
2025-10-11 05:00:00,20.64
2025-10-11 05:15:00,20.64
2025-10-11 05:30:00,20.64
2025-10-11 05:45:00,20.64
2025-10-11 06:00:00,20.7
2025-10-11 06:15:00,44.33
2025-10-11 06:30:00,85.29
2025-10-11 06:45:00,87.44
2025-10-11 07:00:00,20.64
2025-10-11 07:15:00,20.69
2025-10-11 07:30:00,36.53
2025-10-11 07:45:00,93.02
2025-10-11 08:00:00,96.71
2025-10-11 08:15:00,95.06
2025-10-11 08:30:00,97.62
2025-10-11 08:45:00,97.62
2025-10-11 09:00:00,103.96
2025-10-11 09:15:00,103.23
2025-10-11 09:30:00,101.37
2025-10-11 09:45:00,93.14
2025-10-11 10:00:00,109.5
2025-10-11 10:15:00,100.92
2025-10-11 10:30:00,90.07
2025-10-11 10:45:00,24.11
2025-10-11 11:00:00,100.41
2025-10-11 11:15:00,87.69
2025-10-11 11:30:00,74.05
2025-10-11 11:45:00,74.39
2025-10-11 12:00:00,26.56
2025-10-11 12:15:00,26.51
2025-10-11 12:30:00,26.46
2025-10-11 12:45:00,25.69
2025-10-11 13:00:00,72.51
2025-10-11 13:15:00,67.81
2025-10-11 13:30:00,58.21
2025-10-11 13:45:00,54.0
2025-10-11 14:00:00,54.86
2025-10-11 14:15:00,29.95
2025-10-11 14:30:00,22.88
2025-10-11 14:45:00,20.7
2025-10-11 15:00:00,20.7
2025-10-11 15:15:00,20.73
2025-10-11 15:30:00,22.77
2025-10-11 15:45:00,35.0
2025-10-11 16:00:00,25.49
2025-10-11 16:15:00,27.52
2025-10-11 16:30:00,28.59
2025-10-11 16:45:00,29.16
2025-10-11 17:00:00,29.0
2025-10-11 17:15:00,30.21
2025-10-11 17:30:00,37.48
2025-10-11 17:45:00,109.48
2025-10-11 18:00:00,85.72
2025-10-11 18:15:00,101.08
2025-10-11 18:30:00,127.93
2025-10-11 18:45:00,148.93
2025-10-11 19:00:00,108.72
2025-10-11 19:15:00,122.57
2025-10-11 19:30:00,128.5
2025-10-11 19:45:00,143.12
2025-10-11 20:00:00,130.56
2025-10-11 20:15:00,139.76
2025-10-11 20:30:00,130.45
2025-10-11 20:45:00,120.8
2025-10-11 21:00:00,146.57
2025-10-11 21:15:00,128.82
2025-10-11 21:30:00,108.56
2025-10-11 21:45:00,99.69
2025-10-11 22:00:00,47.87
2025-10-11 22:15:00,43.69
2025-10-11 22:30:00,38.59
2025-10-11 22:45:00,29.87
2025-10-11 23:00:00,7.64
2025-10-11 23:15:00,3.51
2025-10-11 23:30:00,3.51
2025-10-11 23:45:00,3.51
2025-10-14 00:00:00,124.27
2025-10-14 00:15:00,108.91
2025-10-14 00:30:00,107.39
2025-10-14 00:45:00,105.65
2025-10-14 01:00:00,114.93
2025-10-14 01:15:00,116.53
2025-10-14 01:30:00,106.54
2025-10-14 01:45:00,101.07
2025-10-14 02:00:00,107.36
2025-10-14 02:15:00,105.04
2025-10-14 02:30:00,103.19
2025-10-14 02:45:00,99.04
2025-10-14 03:00:00,104.85
2025-10-14 03:15:00,100.87
2025-10-14 03:30:00,99.94
2025-10-14 03:45:00,97.7
2025-10-14 04:00:00,101.46
2025-10-14 04:15:00,100.21
2025-10-14 04:30:00,100.17
2025-10-14 04:45:00,103.28
2025-10-14 05:00:00,98.95
2025-10-14 05:15:00,100.57
2025-10-14 05:30:00,100.43
2025-10-14 05:45:00,106.62
2025-10-14 06:00:00,102.4
2025-10-14 06:15:00,111.99
2025-10-14 06:30:00,111.44
2025-10-14 06:45:00,157.29
2025-10-14 07:00:00,137.79
2025-10-14 07:15:00,221.68
2025-10-14 07:30:00,236.8
2025-10-14 07:45:00,255.87
2025-10-14 08:00:00,195.08
2025-10-14 08:15:00,225.4
2025-10-14 08:30:00,250.0
2025-10-14 08:45:00,267.59
2025-10-14 09:00:00,260.53
2025-10-14 09:15:00,252.57
2025-10-14 09:30:00,250.0
2025-10-14 09:45:00,236.79
2025-10-14 10:00:00,243.23
2025-10-14 10:15:00,221.2
2025-10-14 10:30:00,207.4
2025-10-14 10:45:00,196.14
2025-10-14 11:00:00,273.11
2025-10-14 11:15:00,250.0
2025-10-14 11:30:00,223.98
2025-10-14 11:45:00,205.18
2025-10-14 12:00:00,204.89
2025-10-14 12:15:00,197.07
2025-10-14 12:30:00,186.39
2025-10-14 12:45:00,168.98
2025-10-14 13:00:00,250.0
2025-10-14 13:15:00,250.0
2025-10-14 13:30:00,250.0
2025-10-14 13:45:00,239.67
2025-10-14 14:00:00,223.97
2025-10-14 14:15:00,223.98
2025-10-14 14:30:00,229.06
2025-10-14 14:45:00,225.13
2025-10-14 15:00:00,160.71
2025-10-14 15:15:00,173.09
2025-10-14 15:30:00,189.99
2025-10-14 15:45:00,199.98
2025-10-14 16:00:00,145.64
2025-10-14 16:15:00,187.13
2025-10-14 16:30:00,223.98
2025-10-14 16:45:00,207.41
2025-10-14 17:00:00,195.0
2025-10-14 17:15:00,207.4
2025-10-14 17:30:00,228.61
2025-10-14 17:45:00,287.15
2025-10-14 18:00:00,199.36
2025-10-14 18:15:00,220.77
2025-10-14 18:30:00,268.78
2025-10-14 18:45:00,425.87
2025-10-14 19:00:00,309.69
2025-10-14 19:15:00,407.65
2025-10-14 19:30:00,534.84
2025-10-14 19:45:00,572.16
2025-10-14 20:00:00,535.04
2025-10-14 20:15:00,481.05
2025-10-14 20:30:00,407.49
2025-10-14 20:45:00,328.51
2025-10-14 21:00:00,355.7
2025-10-14 21:15:00,250.04
2025-10-14 21:30:00,195.0
2025-10-14 21:45:00,162.73
2025-10-14 22:00:00,199.23
2025-10-14 22:15:00,173.3
2025-10-14 22:30:00,160.46
2025-10-14 22:45:00,134.12
2025-10-14 23:00:00,161.39
2025-10-14 23:15:00,140.74
2025-10-14 23:30:00,128.11
2025-10-14 23:45:00,115.54
2025-10-15 00:00:00,123.31
2025-10-15 00:15:00,117.32
2025-10-15 00:30:00,109.8
2025-10-15 00:45:00,107.89
2025-10-15 01:00:00,84.63
2025-10-15 01:15:00,73.6
2025-10-15 01:30:00,62.46
2025-10-15 01:45:00,55.76
2025-10-15 02:00:00,94.79
2025-10-15 02:15:00,79.74
2025-10-15 02:30:00,72.4
2025-10-15 02:45:00,68.3
2025-10-15 03:00:00,73.51
2025-10-15 03:15:00,71.23
2025-10-15 03:30:00,70.38
2025-10-15 03:45:00,69.46
2025-10-15 04:00:00,67.76
2025-10-15 04:15:00,67.75
2025-10-15 04:30:00,69.02
2025-10-15 04:45:00,70.45
2025-10-15 05:00:00,69.11
2025-10-15 05:15:00,71.13
2025-10-15 05:30:00,77.53
2025-10-15 05:45:00,98.28
2025-10-15 06:00:00,78.7
2025-10-15 06:15:00,104.26
2025-10-15 06:30:00,118.2
2025-10-15 06:45:00,121.33
2025-10-15 07:00:00,118.99
2025-10-15 07:15:00,135.61
2025-10-15 07:30:00,180.67
2025-10-15 07:45:00,215.51
2025-10-15 08:00:00,235.11
2025-10-15 08:15:00,287.32
2025-10-15 08:30:00,325.54
2025-10-15 08:45:00,336.24
2025-10-15 09:00:00,357.34
2025-10-15 09:15:00,313.06
2025-10-15 09:30:00,266.72
2025-10-15 09:45:00,227.01
2025-10-15 10:00:00,268.94
2025-10-15 10:15:00,225.05
2025-10-15 10:30:00,160.43
2025-10-15 10:45:00,144.95
2025-10-15 11:00:00,209.01
2025-10-15 11:15:00,156.16
2025-10-15 11:30:00,144.31
2025-10-15 11:45:00,121.24
2025-10-15 12:00:00,157.68
2025-10-15 12:15:00,135.7
2025-10-15 12:30:00,123.02
2025-10-15 12:45:00,116.48
2025-10-15 13:00:00,137.56
2025-10-15 13:15:00,128.95
2025-10-15 13:30:00,122.09
2025-10-15 13:45:00,114.51
2025-10-15 14:00:00,128.31
2025-10-15 14:15:00,122.26
2025-10-15 14:30:00,116.74
2025-10-15 14:45:00,110.54
2025-10-15 15:00:00,115.64
2025-10-15 15:15:00,117.78
2025-10-15 15:30:00,126.04
2025-10-15 15:45:00,135.46
2025-10-15 16:00:00,110.74
2025-10-15 16:15:00,113.68
2025-10-15 16:30:00,133.59
2025-10-15 16:45:00,164.31
2025-10-15 17:00:00,107.96
2025-10-15 17:15:00,124.73
2025-10-15 17:30:00,160.39
2025-10-15 17:45:00,192.58
2025-10-15 18:00:00,209.0
2025-10-15 18:15:00,209.01
2025-10-15 18:30:00,209.01
2025-10-15 18:45:00,241.57
2025-10-15 19:00:00,164.37
2025-10-15 19:15:00,177.08
2025-10-15 19:30:00,224.45
2025-10-15 19:45:00,253.01
2025-10-15 20:00:00,227.0
2025-10-15 20:15:00,199.97
2025-10-15 20:30:00,168.76
2025-10-15 20:45:00,113.84
2025-10-15 21:00:00,194.01
2025-10-15 21:15:00,134.43
2025-10-15 21:30:00,119.15
2025-10-15 21:45:00,104.12
2025-10-15 22:00:00,132.99
2025-10-15 22:15:00,112.91
2025-10-15 22:30:00,102.77
2025-10-15 22:45:00,94.13
2025-10-15 23:00:00,92.86
2025-10-15 23:15:00,89.26
2025-10-15 23:30:00,88.96
2025-10-15 23:45:00,67.21
2025-10-16 00:00:00,83.33
2025-10-16 00:15:00,74.24
2025-10-16 00:30:00,69.97
2025-10-16 00:45:00,67.56
2025-10-16 01:00:00,94.07
2025-10-16 01:15:00,88.47
2025-10-16 01:30:00,85.48
2025-10-16 01:45:00,71.5
2025-10-16 02:00:00,93.52
2025-10-16 02:15:00,89.87
2025-10-16 02:30:00,87.72
2025-10-16 02:45:00,83.26
2025-10-16 03:00:00,92.54
2025-10-16 03:15:00,90.76
2025-10-16 03:30:00,90.48
2025-10-16 03:45:00,88.64
2025-10-16 04:00:00,92.09
2025-10-16 04:15:00,91.48
2025-10-16 04:30:00,91.83
2025-10-16 04:45:00,83.56
2025-10-16 05:00:00,89.61
2025-10-16 05:15:00,92.22
2025-10-16 05:30:00,92.09
2025-10-16 05:45:00,94.24
2025-10-16 06:00:00,83.12
2025-10-16 06:15:00,84.5
2025-10-16 06:30:00,89.32
2025-10-16 06:45:00,99.35
2025-10-16 07:00:00,102.89
2025-10-16 07:15:00,115.99
2025-10-16 07:30:00,131.45
2025-10-16 07:45:00,135.29
2025-10-16 08:00:00,129.92
2025-10-16 08:15:00,189.99
2025-10-16 08:30:00,134.93
2025-10-16 08:45:00,130.26
2025-10-16 09:00:00,147.32
2025-10-16 09:15:00,147.7
2025-10-16 09:30:00,132.85
2025-10-16 09:45:00,109.03
2025-10-16 10:00:00,147.5
2025-10-16 10:15:00,135.19
2025-10-16 10:30:00,107.71
2025-10-16 10:45:00,94.5
2025-10-16 11:00:00,121.56
2025-10-16 11:15:00,94.77
2025-10-16 11:30:00,83.42
2025-10-16 11:45:00,76.01
2025-10-16 12:00:00,102.93
2025-10-16 12:15:00,86.8
2025-10-16 12:30:00,86.01
2025-10-16 12:45:00,79.98
2025-10-16 13:00:00,80.0
2025-10-16 13:15:00,69.91
2025-10-16 13:30:00,60.44
2025-10-16 13:45:00,61.23
2025-10-16 14:00:00,61.08
2025-10-16 14:15:00,70.01
2025-10-16 14:30:00,83.6
2025-10-16 14:45:00,81.58
2025-10-16 15:00:00,77.66
2025-10-16 15:15:00,81.15
2025-10-16 15:30:00,85.64
2025-10-16 15:45:00,97.73
2025-10-16 16:00:00,72.43
2025-10-16 16:15:00,84.77
2025-10-16 16:30:00,91.68
2025-10-16 16:45:00,107.94
2025-10-16 17:00:00,105.4
2025-10-16 17:15:00,118.16
2025-10-16 17:30:00,142.67
2025-10-16 17:45:00,150.9
2025-10-16 18:00:00,108.21
2025-10-16 18:15:00,132.66
2025-10-16 18:30:00,142.03
2025-10-16 18:45:00,156.75
2025-10-16 19:00:00,121.79
2025-10-16 19:15:00,137.02
2025-10-16 19:30:00,167.36
2025-10-16 19:45:00,171.3
2025-10-16 20:00:00,145.03
2025-10-16 20:15:00,151.21
2025-10-16 20:30:00,151.98
2025-10-16 20:45:00,142.59
2025-10-16 21:00:00,150.32
2025-10-16 21:15:00,134.28
2025-10-16 21:30:00,133.3
2025-10-16 21:45:00,110.14
2025-10-16 22:00:00,139.99
2025-10-16 22:15:00,115.21
2025-10-16 22:30:00,105.25
2025-10-16 22:45:00,92.64
2025-10-16 23:00:00,105.69
2025-10-16 23:15:00,102.22
2025-10-16 23:30:00,105.77
2025-10-16 23:45:00,96.37
2025-10-17 00:00:00,100.87
2025-10-17 00:15:00,95.1
2025-10-17 00:30:00,92.52
2025-10-17 00:45:00,82.5
2025-10-17 01:00:00,93.24
2025-10-17 01:15:00,90.13
2025-10-17 01:30:00,89.43
2025-10-17 01:45:00,88.3
2025-10-17 02:00:00,80.83
2025-10-17 02:15:00,84.09
2025-10-17 02:30:00,85.42
2025-10-17 02:45:00,90.6
2025-10-17 03:00:00,88.68
2025-10-17 03:15:00,86.55
2025-10-17 03:30:00,86.07
2025-10-17 03:45:00,84.86
2025-10-17 04:00:00,89.02
2025-10-17 04:15:00,82.49
2025-10-17 04:30:00,86.13
2025-10-17 04:45:00,83.45
2025-10-17 05:00:00,87.46
2025-10-17 05:15:00,84.23
2025-10-17 05:30:00,90.61
2025-10-17 05:45:00,96.54
2025-10-17 06:00:00,90.13
2025-10-17 06:15:00,92.21
2025-10-17 06:30:00,166.9
2025-10-17 06:45:00,250.3
2025-10-17 07:00:00,98.76
2025-10-17 07:15:00,156.8
2025-10-17 07:30:00,210.61
2025-10-17 07:45:00,292.74
2025-10-17 08:00:00,210.6
2025-10-17 08:15:00,250.31
2025-10-17 08:30:00,299.97
2025-10-17 08:45:00,303.6
2025-10-17 09:00:00,279.85
2025-10-17 09:15:00,250.31
2025-10-17 09:30:00,250.0
2025-10-17 09:45:00,199.01
2025-10-17 10:00:00,215.9
2025-10-17 10:15:00,194.81
2025-10-17 10:30:00,139.32
2025-10-17 10:45:00,115.72
2025-10-17 11:00:00,169.04
2025-10-17 11:15:00,156.79
2025-10-17 11:30:00,131.6
2025-10-17 11:45:00,110.71
2025-10-17 12:00:00,176.29
2025-10-17 12:15:00,156.79
2025-10-17 12:30:00,156.79
2025-10-17 12:45:00,118.43
2025-10-17 13:00:00,203.66
2025-10-17 13:15:00,172.08
2025-10-17 13:30:00,156.06
2025-10-17 13:45:00,116.39
2025-10-17 14:00:00,169.99
2025-10-17 14:15:00,166.91
2025-10-17 14:30:00,166.91
2025-10-17 14:45:00,166.91
2025-10-17 15:00:00,142.3
2025-10-17 15:15:00,156.79
2025-10-17 15:30:00,160.27
2025-10-17 15:45:00,190.0
2025-10-17 16:00:00,99.98
2025-10-17 16:15:00,150.08
2025-10-17 16:30:00,169.25
2025-10-17 16:45:00,190.0
2025-10-17 17:00:00,137.37
2025-10-17 17:15:00,156.79
2025-10-17 17:30:00,165.34
2025-10-17 17:45:00,189.73
2025-10-17 18:00:00,156.8
2025-10-17 18:15:00,156.8
2025-10-17 18:30:00,179.01
2025-10-17 18:45:00,167.25
2025-10-17 19:00:00,147.15
2025-10-17 19:15:00,156.79
2025-10-17 19:30:00,187.83
2025-10-17 19:45:00,179.76
2025-10-17 20:00:00,177.12
2025-10-17 20:15:00,171.41
2025-10-17 20:30:00,153.35
2025-10-17 20:45:00,142.63
2025-10-17 21:00:00,145.75
2025-10-17 21:15:00,91.98
2025-10-17 21:30:00,85.1
2025-10-17 21:45:00,78.08
2025-10-17 22:00:00,100.15
2025-10-17 22:15:00,100.16
2025-10-17 22:30:00,96.1
2025-10-17 22:45:00,86.21
2025-10-17 23:00:00,106.75
2025-10-17 23:15:00,102.85
2025-10-17 23:30:00,89.85
2025-10-17 23:45:00,83.01
2025-10-18 00:00:00,106.03
2025-10-18 00:15:00,97.94
2025-10-18 00:30:00,90.48
2025-10-18 00:45:00,72.69
2025-10-18 01:00:00,132.37
2025-10-18 01:15:00,100.13
2025-10-18 01:30:00,88.91
2025-10-18 01:45:00,85.03
2025-10-18 02:00:00,105.58
2025-10-18 02:15:00,94.8
2025-10-18 02:30:00,86.36
2025-10-18 02:45:00,79.65
2025-10-18 03:00:00,90.97
2025-10-18 03:15:00,82.39
2025-10-18 03:30:00,80.24
2025-10-18 03:45:00,79.0
2025-10-18 04:00:00,79.82
2025-10-18 04:15:00,80.46
2025-10-18 04:30:00,85.22
2025-10-18 04:45:00,88.35
2025-10-18 05:00:00,82.35
2025-10-18 05:15:00,82.68
2025-10-18 05:30:00,85.87
2025-10-18 05:45:00,90.18
2025-10-18 06:00:00,78.75
2025-10-18 06:15:00,79.68
2025-10-18 06:30:00,90.06
2025-10-18 06:45:00,83.79
2025-10-18 07:00:00,45.9
2025-10-18 07:15:00,49.93
2025-10-18 07:30:00,69.0
2025-10-18 07:45:00,99.97
2025-10-18 08:00:00,94.45
2025-10-18 08:15:00,99.49
2025-10-18 08:30:00,108.07
2025-10-18 08:45:00,114.11
2025-10-18 09:00:00,99.97
2025-10-18 09:15:00,99.94
2025-10-18 09:30:00,106.67
2025-10-18 09:45:00,97.28
2025-10-18 10:00:00,74.16
2025-10-18 10:15:00,88.98
2025-10-18 10:30:00,90.83
2025-10-18 10:45:00,66.57
2025-10-18 11:00:00,50.56
2025-10-18 11:15:00,47.99
2025-10-18 11:30:00,46.89
2025-10-18 11:45:00,43.38
2025-10-18 12:00:00,47.09
2025-10-18 12:15:00,46.79
2025-10-18 12:30:00,46.32
2025-10-18 12:45:00,41.57
2025-10-18 13:00:00,42.38
2025-10-18 13:15:00,41.59
2025-10-18 13:30:00,37.65
2025-10-18 13:45:00,35.58
2025-10-18 14:00:00,36.99
2025-10-18 14:15:00,36.07
2025-10-18 14:30:00,35.21
2025-10-18 14:45:00,34.7
2025-10-18 15:00:00,35.24
2025-10-18 15:15:00,36.16
2025-10-18 15:30:00,37.46
2025-10-18 15:45:00,39.34
2025-10-18 16:00:00,37.48
2025-10-18 16:15:00,41.72
2025-10-18 16:30:00,42.59
2025-10-18 16:45:00,51.4
2025-10-18 17:00:00,64.96
2025-10-18 17:15:00,84.25
2025-10-18 17:30:00,106.13
2025-10-18 17:45:00,126.91
2025-10-18 18:00:00,85.04
2025-10-18 18:15:00,111.22
2025-10-18 18:30:00,154.79
2025-10-18 18:45:00,161.64
2025-10-18 19:00:00,127.21
2025-10-18 19:15:00,133.37
2025-10-18 19:30:00,133.68
2025-10-18 19:45:00,127.84
2025-10-18 20:00:00,137.85
2025-10-18 20:15:00,123.17
2025-10-18 20:30:00,109.94
2025-10-18 20:45:00,106.84
2025-10-18 21:00:00,130.22
2025-10-18 21:15:00,106.58
2025-10-18 21:30:00,99.01
2025-10-18 21:45:00,95.87
2025-10-18 22:00:00,106.66
2025-10-18 22:15:00,103.85
2025-10-18 22:30:00,95.87
2025-10-18 22:45:00,95.86
2025-10-18 23:00:00,108.06
2025-10-18 23:15:00,85.06
2025-10-18 23:30:00,83.23
2025-10-18 23:45:00,81.85
2025-10-19 00:00:00,75.57
2025-10-19 00:15:00,74.71
2025-10-19 00:30:00,74.0
2025-10-19 00:45:00,72.35
2025-10-19 01:00:00,76.26
2025-10-19 01:15:00,70.06
2025-10-19 01:30:00,64.73
2025-10-19 01:45:00,64.62
2025-10-19 02:00:00,65.51
2025-10-19 02:15:00,65.57
2025-10-19 02:30:00,64.33
2025-10-19 02:45:00,66.17
2025-10-19 03:00:00,72.95
2025-10-19 03:15:00,69.99
2025-10-19 03:30:00,68.95
2025-10-19 03:45:00,68.04
2025-10-19 04:00:00,80.19
2025-10-19 04:15:00,69.9
2025-10-19 04:30:00,81.05
2025-10-19 04:45:00,84.83
2025-10-19 05:00:00,56.18
2025-10-19 05:15:00,69.9
2025-10-19 05:30:00,82.76
2025-10-19 05:45:00,82.32
2025-10-19 06:00:00,82.32
2025-10-19 06:15:00,84.17
2025-10-19 06:30:00,88.68
2025-10-19 06:45:00,88.13
2025-10-19 07:00:00,86.44
2025-10-19 07:15:00,87.67
2025-10-19 07:30:00,91.92
2025-10-19 07:45:00,98.69
2025-10-19 08:00:00,151.35
2025-10-19 08:15:00,151.36
2025-10-19 08:30:00,99.99
2025-10-19 08:45:00,93.89
2025-10-19 09:00:00,106.93
2025-10-19 09:15:00,101.5
2025-10-19 09:30:00,84.57
2025-10-19 09:45:00,73.93
2025-10-19 10:00:00,99.56
2025-10-19 10:15:00,77.13
2025-10-19 10:30:00,66.46
2025-10-19 10:45:00,55.91
2025-10-19 11:00:00,83.66
2025-10-19 11:15:00,68.84
2025-10-19 11:30:00,66.34
2025-10-19 11:45:00,56.99
2025-10-19 12:00:00,71.89
2025-10-19 12:15:00,64.63
2025-10-19 12:30:00,56.35
2025-10-19 12:45:00,26.04
2025-10-19 13:00:00,50.77
2025-10-19 13:15:00,29.73
2025-10-19 13:30:00,20.02
2025-10-19 13:45:00,13.46
2025-10-19 14:00:00,16.94
2025-10-19 14:15:00,15.12
2025-10-19 14:30:00,14.4
2025-10-19 14:45:00,16.26
2025-10-19 15:00:00,11.83
2025-10-19 15:15:00,23.04
2025-10-19 15:30:00,45.79
2025-10-19 15:45:00,67.17
2025-10-19 16:00:00,41.12
2025-10-19 16:15:00,71.19
2025-10-19 16:30:00,75.87
2025-10-19 16:45:00,126.85
2025-10-19 17:00:00,85.01
2025-10-19 17:15:00,189.99
2025-10-19 17:30:00,305.2
2025-10-19 17:45:00,640.02
2025-10-19 18:00:00,196.29
2025-10-19 18:15:00,228.1
2025-10-19 18:30:00,250.0
2025-10-19 18:45:00,250.07
2025-10-19 19:00:00,305.2
2025-10-19 19:15:00,305.2
2025-10-19 19:30:00,305.2
2025-10-19 19:45:00,250.01
2025-10-19 20:00:00,228.1
2025-10-19 20:15:00,214.3
2025-10-19 20:30:00,175.0
2025-10-19 20:45:00,155.59
2025-10-19 21:00:00,710.01
2025-10-19 21:15:00,565.03
2025-10-19 21:30:00,350.01
2025-10-19 21:45:00,305.2
2025-10-19 22:00:00,228.1
2025-10-19 22:15:00,121.8
2025-10-19 22:30:00,107.29
2025-10-19 22:45:00,104.09
2025-10-19 23:00:00,299.94
2025-10-19 23:15:00,237.02
2025-10-19 23:30:00,189.99
2025-10-19 23:45:00,126.84
2025-10-20 00:00:00,122.75
2025-10-20 00:15:00,122.75
2025-10-20 00:30:00,67.63
2025-10-20 00:45:00,50.0
2025-10-20 01:00:00,29.92
2025-10-20 01:15:00,31.42
2025-10-20 01:30:00,31.34
2025-10-20 01:45:00,31.21
2025-10-20 02:00:00,30.43
2025-10-20 02:15:00,30.3
2025-10-20 02:30:00,33.48
2025-10-20 02:45:00,35.19
2025-10-20 03:00:00,29.98
2025-10-20 03:15:00,32.07
2025-10-20 03:30:00,34.92
2025-10-20 03:45:00,35.92
2025-10-20 04:00:00,30.5
2025-10-20 04:15:00,32.94
2025-10-20 04:30:00,35.05
2025-10-20 04:45:00,35.61
2025-10-20 05:00:00,29.32
2025-10-20 05:15:00,33.62
2025-10-20 05:30:00,36.61
2025-10-20 05:45:00,41.0
2025-10-20 06:00:00,69.89
2025-10-20 06:15:00,175.0
2025-10-20 06:30:00,289.4
2025-10-20 06:45:00,489.99
2025-10-20 07:00:00,565.08
2025-10-20 07:15:00,744.89
2025-10-20 07:30:00,900.0
2025-10-20 07:45:00,989.99
2025-10-20 08:00:00,1000.09
2025-10-20 08:15:00,1051.32
2025-10-20 08:30:00,1000.06
2025-10-20 08:45:00,948.6
2025-10-20 09:00:00,489.99
2025-10-20 09:15:00,263.51
2025-10-20 09:30:00,157.74
2025-10-20 09:45:00,134.49
2025-10-20 10:00:00,157.3
2025-10-20 10:15:00,135.31
2025-10-20 10:30:00,89.03
2025-10-20 10:45:00,78.16
2025-10-20 11:00:00,69.9
2025-10-20 11:15:00,68.08
2025-10-20 11:30:00,64.82
2025-10-20 11:45:00,60.89
2025-10-20 12:00:00,65.06
2025-10-20 12:15:00,60.76
2025-10-20 12:30:00,59.36
2025-10-20 12:45:00,58.43
2025-10-20 13:00:00,59.15
2025-10-20 13:15:00,53.71
2025-10-20 13:30:00,50.82
2025-10-20 13:45:00,53.52
2025-10-20 14:00:00,57.46
2025-10-20 14:15:00,58.66
2025-10-20 14:30:00,57.95
2025-10-20 14:45:00,57.64
2025-10-20 15:00:00,56.78
2025-10-20 15:15:00,59.97
2025-10-20 15:30:00,63.46
2025-10-20 15:45:00,90.45
2025-10-20 16:00:00,69.03
2025-10-20 16:15:00,89.36
2025-10-20 16:30:00,99.78
2025-10-20 16:45:00,127.04
2025-10-20 17:00:00,90.22
2025-10-20 17:15:00,103.6
2025-10-20 17:30:00,190.0
2025-10-20 17:45:00,263.51
2025-10-20 18:00:00,565.04
2025-10-20 18:15:00,414.78
2025-10-20 18:30:00,289.99
2025-10-20 18:45:00,263.51
2025-10-20 19:00:00,325.09
2025-10-20 19:15:00,289.4
2025-10-20 19:30:00,190.0
2025-10-20 19:45:00,112.8
2025-10-20 20:00:00,104.83
2025-10-20 20:15:00,108.12
2025-10-20 20:30:00,104.93
2025-10-20 20:45:00,97.05
2025-10-20 21:00:00,85.15
2025-10-20 21:15:00,50.0
2025-10-20 21:30:00,44.64
2025-10-20 21:45:00,39.19
2025-10-20 22:00:00,85.04
2025-10-20 22:15:00,43.92
2025-10-20 22:30:00,38.63
2025-10-20 22:45:00,34.21
2025-10-20 23:00:00,40.48
2025-10-20 23:15:00,35.86
2025-10-20 23:30:00,31.42
2025-10-20 23:45:00,29.56
2025-10-21 00:00:00,31.31
2025-10-21 00:15:00,28.41
2025-10-21 00:30:00,26.99
2025-10-21 00:45:00,20.83
2025-10-21 01:00:00,36.53
2025-10-21 01:15:00,20.64
2025-10-21 01:30:00,20.6
2025-10-21 01:45:00,20.59
2025-10-21 02:00:00,20.09
2025-10-21 02:15:00,20.04
2025-10-21 02:30:00,20.01
2025-10-21 02:45:00,12.0
2025-10-21 03:00:00,11.93
2025-10-21 03:15:00,9.94
2025-10-21 03:30:00,6.81
2025-10-21 03:45:00,5.63
2025-10-21 04:00:00,20.03
2025-10-21 04:15:00,20.04
2025-10-21 04:30:00,20.05
2025-10-21 04:45:00,20.06
2025-10-21 05:00:00,20.04
2025-10-21 05:15:00,20.63
2025-10-21 05:30:00,20.63
2025-10-21 05:45:00,20.64
2025-10-21 06:00:00,20.64
2025-10-21 06:15:00,20.7
2025-10-21 06:30:00,27.16
2025-10-21 06:45:00,28.94
2025-10-21 07:00:00,27.11
2025-10-21 07:15:00,30.03
2025-10-21 07:30:00,36.54
2025-10-21 07:45:00,50.01
2025-10-21 08:00:00,99.14
2025-10-21 08:15:00,128.0
2025-10-21 08:30:00,126.44
2025-10-21 08:45:00,113.47
2025-10-21 09:00:00,85.01
2025-10-21 09:15:00,36.54
2025-10-21 09:30:00,35.52
2025-10-21 09:45:00,35.33
2025-10-21 10:00:00,35.56
2025-10-21 10:15:00,35.4
2025-10-21 10:30:00,35.25
2025-10-21 10:45:00,33.77
2025-10-21 11:00:00,34.38
2025-10-21 11:15:00,33.55
2025-10-21 11:30:00,28.51
2025-10-21 11:45:00,20.7
2025-10-21 12:00:00,20.64
2025-10-21 12:15:00,20.63
2025-10-21 12:30:00,20.0
2025-10-21 12:45:00,15.15
2025-10-21 13:00:00,23.06
2025-10-21 13:15:00,20.7
2025-10-21 13:30:00,20.64
2025-10-21 13:45:00,15.83
2025-10-21 14:00:00,20.64
2025-10-21 14:15:00,19.16
2025-10-21 14:30:00,15.76
2025-10-21 14:45:00,14.32
2025-10-21 15:00:00,12.56
2025-10-21 15:15:00,17.26
2025-10-21 15:30:00,20.75
2025-10-21 15:45:00,24.91
2025-10-21 16:00:00,20.28
2025-10-21 16:15:00,27.59
2025-10-21 16:30:00,30.28
2025-10-21 16:45:00,31.32
2025-10-21 17:00:00,28.88
2025-10-21 17:15:00,31.42
2025-10-21 17:30:00,32.15
2025-10-21 17:45:00,32.57
2025-10-21 18:00:00,31.64
2025-10-21 18:15:00,33.06
2025-10-21 18:30:00,33.39
2025-10-21 18:45:00,33.47
2025-10-21 19:00:00,33.85
2025-10-21 19:15:00,33.7
2025-10-21 19:30:00,33.54
2025-10-21 19:45:00,33.03
2025-10-21 20:00:00,33.27
2025-10-21 20:15:00,32.87
2025-10-21 20:30:00,32.52
2025-10-21 20:45:00,32.02
2025-10-21 21:00:00,31.64
2025-10-21 21:15:00,30.98
2025-10-21 21:30:00,30.65
2025-10-21 21:45:00,30.18
2025-10-21 22:00:00,30.14
2025-10-21 22:15:00,29.92
2025-10-21 22:30:00,20.78
2025-10-21 22:45:00,20.69
2025-10-21 23:00:00,20.63
2025-10-21 23:15:00,10.65
2025-10-21 23:30:00,5.55
2025-10-21 23:45:00,4.38
2025-10-22 00:00:00,4.6
2025-10-22 00:15:00,2.42
2025-10-22 00:30:00,2.01
2025-10-22 00:45:00,1.5
2025-10-22 01:00:00,7.9
2025-10-22 01:15:00,7.51
2025-10-22 01:30:00,6.76
2025-10-22 01:45:00,5.37
2025-10-22 02:00:00,4.61
2025-10-22 02:15:00,4.11
2025-10-22 02:30:00,3.89
2025-10-22 02:45:00,3.6
2025-10-22 03:00:00,3.71
2025-10-22 03:15:00,3.98
2025-10-22 03:30:00,4.66
2025-10-22 03:45:00,5.25
2025-10-22 04:00:00,4.97
2025-10-22 04:15:00,5.4
2025-10-22 04:30:00,5.41
2025-10-22 04:45:00,5.41
2025-10-22 05:00:00,5.38
2025-10-22 05:15:00,9.98
2025-10-22 05:30:00,20.08
2025-10-22 05:45:00,20.63
2025-10-22 06:00:00,20.83
2025-10-22 06:15:00,28.14
2025-10-22 06:30:00,63.37
2025-10-22 06:45:00,101.98
2025-10-22 07:00:00,97.24
2025-10-22 07:15:00,109.5
2025-10-22 07:30:00,118.84
2025-10-22 07:45:00,146.44
2025-10-22 08:00:00,130.04
2025-10-22 08:15:00,168.34
2025-10-22 08:30:00,205.01
2025-10-22 08:45:00,176.3
2025-10-22 09:00:00,171.34
2025-10-22 09:15:00,116.22
2025-10-22 09:30:00,80.01
2025-10-22 09:45:00,47.46
2025-10-22 10:00:00,85.01
2025-10-22 10:15:00,47.52
2025-10-22 10:30:00,42.19
2025-10-22 10:45:00,38.2
2025-10-22 11:00:00,34.87
2025-10-22 11:15:00,34.63
2025-10-22 11:30:00,35.09
2025-10-22 11:45:00,35.04
2025-10-22 12:00:00,34.89
2025-10-22 12:15:00,34.84
2025-10-22 12:30:00,34.76
2025-10-22 12:45:00,34.69
2025-10-22 13:00:00,34.47
2025-10-22 13:15:00,34.43
2025-10-22 13:30:00,34.38
2025-10-22 13:45:00,34.38
2025-10-22 14:00:00,34.43
2025-10-22 14:15:00,34.51
2025-10-22 14:30:00,34.58
2025-10-22 14:45:00,34.46
2025-10-22 15:00:00,81.49
2025-10-22 15:15:00,94.59
2025-10-22 15:30:00,100.17
2025-10-22 15:45:00,109.02
2025-10-22 16:00:00,104.37
2025-10-22 16:15:00,105.27
2025-10-22 16:30:00,168.51
2025-10-22 16:45:00,221.83
2025-10-22 17:00:00,117.97
2025-10-22 17:15:00,156.3
2025-10-22 17:30:00,187.63
2025-10-22 17:45:00,214.49
2025-10-22 18:00:00,169.79
2025-10-22 18:15:00,175.25
2025-10-22 18:30:00,231.0
2025-10-22 18:45:00,217.56
2025-10-22 19:00:00,175.1
2025-10-22 19:15:00,168.51
2025-10-22 19:30:00,168.5
2025-10-22 19:45:00,155.7
2025-10-22 20:00:00,168.51
2025-10-22 20:15:00,168.5
2025-10-22 20:30:00,155.69
2025-10-22 20:45:00,127.94
2025-10-22 21:00:00,155.7
2025-10-22 21:15:00,127.93
2025-10-22 21:30:00,104.9
2025-10-22 21:45:00,104.9
2025-10-22 22:00:00,168.51
2025-10-22 22:15:00,127.94
2025-10-22 22:30:00,120.37
2025-10-22 22:45:00,99.92
2025-10-22 23:00:00,73.03
2025-10-22 23:15:00,68.17
2025-10-22 23:30:00,66.97
2025-10-22 23:45:00,57.51
2025-10-23 00:00:00,51.98
2025-10-23 00:15:00,36.53
2025-10-23 00:30:00,31.77
2025-10-23 00:45:00,31.54
2025-10-23 01:00:00,50.0
2025-10-23 01:15:00,47.18
2025-10-23 01:30:00,43.7
2025-10-23 01:45:00,36.53
2025-10-23 02:00:00,53.35
2025-10-23 02:15:00,52.23
2025-10-23 02:30:00,51.71
2025-10-23 02:45:00,53.2
2025-10-23 03:00:00,45.31
2025-10-23 03:15:00,50.01
2025-10-23 03:30:00,55.63
2025-10-23 03:45:00,62.51
2025-10-23 04:00:00,73.73
2025-10-23 04:15:00,73.47
2025-10-23 04:30:00,72.79
2025-10-23 04:45:00,62.13
2025-10-23 05:00:00,73.84
2025-10-23 05:15:00,69.16
2025-10-23 05:30:00,68.93
2025-10-23 05:45:00,82.61
2025-10-23 06:00:00,82.96
2025-10-23 06:15:00,81.1
2025-10-23 06:30:00,127.71
2025-10-23 06:45:00,174.99
2025-10-23 07:00:00,122.0
2025-10-23 07:15:00,138.34
2025-10-23 07:30:00,157.24
2025-10-23 07:45:00,170.04
2025-10-23 08:00:00,141.47
2025-10-23 08:15:00,184.43
2025-10-23 08:30:00,187.92
2025-10-23 08:45:00,167.36
2025-10-23 09:00:00,183.05
2025-10-23 09:15:00,162.68
2025-10-23 09:30:00,122.3
2025-10-23 09:45:00,107.97
2025-10-23 10:00:00,116.84
2025-10-23 10:15:00,109.85
2025-10-23 10:30:00,101.52
2025-10-23 10:45:00,85.2
2025-10-23 11:00:00,107.6
2025-10-23 11:15:00,87.67
2025-10-23 11:30:00,75.31
2025-10-23 11:45:00,68.53
2025-10-23 12:00:00,166.94
2025-10-23 12:15:00,155.86
2025-10-23 12:30:00,171.43
2025-10-23 12:45:00,174.06
2025-10-23 13:00:00,70.46
2025-10-23 13:15:00,68.56
2025-10-23 13:30:00,85.05
2025-10-23 13:45:00,109.29
2025-10-23 14:00:00,123.41
2025-10-23 14:15:00,123.41
2025-10-23 14:30:00,188.65
2025-10-23 14:45:00,224.55
2025-10-23 15:00:00,123.41
2025-10-23 15:15:00,136.97
2025-10-23 15:30:00,223.34
2025-10-23 15:45:00,224.56
2025-10-23 16:00:00,80.01
2025-10-23 16:15:00,109.78
2025-10-23 16:30:00,123.41
2025-10-23 16:45:00,140.41
2025-10-23 17:00:00,100.47
2025-10-23 17:15:00,104.91
2025-10-23 17:30:00,104.91
2025-10-23 17:45:00,123.41
2025-10-23 18:00:00,109.54
2025-10-23 18:15:00,132.42
2025-10-23 18:30:00,139.7
2025-10-23 18:45:00,151.84
2025-10-23 19:00:00,109.26
2025-10-23 19:15:00,113.72
2025-10-23 19:30:00,128.39
2025-10-23 19:45:00,131.25
2025-10-23 20:00:00,132.03
2025-10-23 20:15:00,139.13
2025-10-23 20:30:00,130.28
2025-10-23 20:45:00,106.56
2025-10-23 21:00:00,147.56
2025-10-23 21:15:00,131.99
2025-10-23 21:30:00,104.91
2025-10-23 21:45:00,69.9
2025-10-23 22:00:00,131.54
2025-10-23 22:15:00,106.58
2025-10-23 22:30:00,83.89
2025-10-23 22:45:00,72.35
2025-10-23 23:00:00,103.98
2025-10-23 23:15:00,87.75
2025-10-23 23:30:00,73.71
2025-10-23 23:45:00,61.55
2025-10-24 00:00:00,37.69
2025-10-24 00:15:00,34.59
2025-10-24 00:30:00,33.89
2025-10-24 00:45:00,33.69
2025-10-24 01:00:00,20.78
2025-10-24 01:15:00,18.87
2025-10-24 01:30:00,12.16
2025-10-24 01:45:00,8.76
2025-10-24 02:00:00,13.37
2025-10-24 02:15:00,9.76
2025-10-24 02:30:00,9.22
2025-10-24 02:45:00,8.64
2025-10-24 03:00:00,12.51
2025-10-24 03:15:00,12.51
2025-10-24 03:30:00,12.51
2025-10-24 03:45:00,13.12
2025-10-24 04:00:00,20.63
2025-10-24 04:15:00,20.63
2025-10-24 04:30:00,15.92
2025-10-24 04:45:00,15.92
2025-10-24 05:00:00,16.56
2025-10-24 05:15:00,20.7
2025-10-24 05:30:00,21.62
2025-10-24 05:45:00,29.22
2025-10-24 06:00:00,20.78
2025-10-24 06:15:00,33.03
2025-10-24 06:30:00,51.46
2025-10-24 06:45:00,85.0
2025-10-24 07:00:00,97.71
2025-10-24 07:15:00,108.21
2025-10-24 07:30:00,125.97
2025-10-24 07:45:00,125.97
2025-10-24 08:00:00,105.72
2025-10-24 08:15:00,143.44
2025-10-24 08:30:00,144.21
2025-10-24 08:45:00,130.9
2025-10-24 09:00:00,137.86
2025-10-24 09:15:00,150.18
2025-10-24 09:30:00,137.55
2025-10-24 09:45:00,110.74
2025-10-24 10:00:00,148.91
2025-10-24 10:15:00,122.71
2025-10-24 10:30:00,89.9
2025-10-24 10:45:00,85.29
2025-10-24 11:00:00,126.21
2025-10-24 11:15:00,105.72
2025-10-24 11:30:00,105.12
2025-10-24 11:45:00,105.72
2025-10-24 12:00:00,104.25
2025-10-24 12:15:00,107.62
2025-10-24 12:30:00,114.38
2025-10-24 12:45:00,86.04
2025-10-24 13:00:00,86.45
2025-10-24 13:15:00,85.15
2025-10-24 13:30:00,85.66
2025-10-24 13:45:00,85.7
2025-10-24 14:00:00,77.21
2025-10-24 14:15:00,80.01
2025-10-24 14:30:00,85.05
2025-10-24 14:45:00,93.68
2025-10-24 15:00:00,155.0
2025-10-24 15:15:00,166.7
2025-10-24 15:30:00,180.69
2025-10-24 15:45:00,203.21
2025-10-24 16:00:00,108.08
2025-10-24 16:15:00,109.5
2025-10-24 16:30:00,109.5
2025-10-24 16:45:00,111.63
2025-10-24 17:00:00,107.0
2025-10-24 17:15:00,114.69
2025-10-24 17:30:00,124.04
2025-10-24 17:45:00,137.33
2025-10-24 18:00:00,116.32
2025-10-24 18:15:00,139.64
2025-10-24 18:30:00,168.93
2025-10-24 18:45:00,175.83
2025-10-24 19:00:00,107.62
2025-10-24 19:15:00,131.01
2025-10-24 19:30:00,154.99
2025-10-24 19:45:00,155.0
2025-10-24 20:00:00,133.55
2025-10-24 20:15:00,127.0
2025-10-24 20:30:00,110.44
2025-10-24 20:45:00,97.71
2025-10-24 21:00:00,130.96
2025-10-24 21:15:00,99.91
2025-10-24 21:30:00,95.32
2025-10-24 21:45:00,88.75
2025-10-24 22:00:00,174.29
2025-10-24 22:15:00,157.4
2025-10-24 22:30:00,73.05
2025-10-24 22:45:00,40.0
2025-10-24 23:00:00,62.15
2025-10-24 23:15:00,55.48
2025-10-24 23:30:00,52.12
2025-10-24 23:45:00,38.18
2025-10-25 00:00:00,49.75
2025-10-25 00:15:00,30.42
2025-10-25 00:30:00,35.54
2025-10-25 00:45:00,23.16
2025-10-25 01:00:00,30.55
2025-10-25 01:15:00,30.0
2025-10-25 01:30:00,24.68
2025-10-25 01:45:00,20.69
2025-10-25 02:00:00,20.96
2025-10-25 02:15:00,20.78
2025-10-25 02:30:00,20.77
2025-10-25 02:45:00,20.7
2025-10-25 03:00:00,26.17
2025-10-25 03:15:00,24.32
2025-10-25 03:30:00,22.78
2025-10-25 03:45:00,22.5
2025-10-25 04:00:00,22.6
2025-10-25 04:15:00,22.46
2025-10-25 04:30:00,22.29
2025-10-25 04:45:00,20.84
2025-10-25 05:00:00,20.71
2025-10-25 05:15:00,20.77
2025-10-25 05:30:00,20.78
2025-10-25 05:45:00,20.83
2025-10-25 06:00:00,20.78
2025-10-25 06:15:00,21.48
2025-10-25 06:30:00,22.6
2025-10-25 06:45:00,21.68
2025-10-25 07:00:00,20.69
2025-10-25 07:15:00,20.7
2025-10-25 07:30:00,21.56
2025-10-25 07:45:00,26.41
2025-10-25 08:00:00,20.77
2025-10-25 08:15:00,28.62
2025-10-25 08:30:00,52.48
2025-10-25 08:45:00,49.79
2025-10-25 09:00:00,44.46
2025-10-25 09:15:00,51.62
2025-10-25 09:30:00,48.0
2025-10-25 09:45:00,42.03
2025-10-25 10:00:00,58.21
2025-10-25 10:15:00,47.15
2025-10-25 10:30:00,38.39
2025-10-25 10:45:00,20.64
2025-10-25 11:00:00,46.9
2025-10-25 11:15:00,39.04
2025-10-25 11:30:00,31.01
2025-10-25 11:45:00,20.7
2025-10-25 12:00:00,29.69
2025-10-25 12:15:00,20.77
2025-10-25 12:30:00,20.83
2025-10-25 12:45:00,20.63
2025-10-25 13:00:00,20.63
2025-10-25 13:15:00,20.63
2025-10-25 13:30:00,20.63
2025-10-25 13:45:00,20.63
2025-10-25 14:00:00,20.63
2025-10-25 14:15:00,20.63
2025-10-25 14:30:00,20.63
2025-10-25 14:45:00,20.63
2025-10-25 15:00:00,20.63
2025-10-25 15:15:00,20.63
2025-10-25 15:30:00,20.63
2025-10-25 15:45:00,20.83
2025-10-25 16:00:00,20.64
2025-10-25 16:15:00,29.83
2025-10-25 16:30:00,35.86
2025-10-25 16:45:00,38.22
2025-10-25 17:00:00,21.69
2025-10-25 17:15:00,37.15
2025-10-25 17:30:00,104.22
2025-10-25 17:45:00,104.31
2025-10-25 18:00:00,94.06
2025-10-25 18:15:00,116.47
2025-10-25 18:30:00,128.41
2025-10-25 18:45:00,118.69
2025-10-25 19:00:00,85.1
2025-10-25 19:15:00,85.02
2025-10-25 19:30:00,69.97
2025-10-25 19:45:00,64.86
2025-10-25 20:00:00,104.18
2025-10-25 20:15:00,99.97
2025-10-25 20:30:00,85.1
2025-10-25 20:45:00,69.19
2025-10-25 21:00:00,96.84
2025-10-25 21:15:00,85.2
2025-10-25 21:30:00,56.33
2025-10-25 21:45:00,20.64
2025-10-25 22:00:00,48.61
2025-10-25 22:15:00,32.03
2025-10-25 22:30:00,20.64
2025-10-25 22:45:00,20.63
2025-10-25 23:00:00,36.91
2025-10-25 23:15:00,22.58
2025-10-25 23:30:00,22.53
2025-10-25 23:45:00,17.45
2025-10-26 00:00:00,20.08
2025-10-26 00:15:00,20.07
2025-10-26 00:30:00,20.06
2025-10-26 00:45:00,18.44
2025-10-26 01:00:00,20.01
2025-10-26 01:15:00,20.02
2025-10-26 01:30:00,20.05
2025-10-26 01:45:00,20.07
2025-10-26 02:00:00,20.07
2025-10-26 02:15:00,20.07
2025-10-26 02:30:00,20.07
2025-10-26 02:45:00,20.1
2025-10-26 03:00:00,20.64
2025-10-26 03:15:00,20.69
2025-10-26 03:30:00,20.69
2025-10-26 03:45:00,20.69
2025-10-26 04:00:00,20.76
2025-10-26 04:15:00,20.83
2025-10-26 04:30:00,20.84
2025-10-26 04:45:00,34.49
2025-10-26 05:00:00,20.83
2025-10-26 05:15:00,20.84
2025-10-26 05:30:00,31.47
2025-10-26 05:45:00,38.64
2025-10-26 06:00:00,20.76
2025-10-26 06:15:00,20.84
2025-10-26 06:30:00,32.92
2025-10-26 06:45:00,32.79
2025-10-26 07:00:00,39.63
2025-10-26 07:15:00,35.15
2025-10-26 07:30:00,33.4
2025-10-26 07:45:00,22.55
2025-10-26 08:00:00,39.63
2025-10-26 08:15:00,26.76
2025-10-26 08:30:00,20.25
2025-10-26 08:45:00,13.53
2025-10-26 09:00:00,33.19
2025-10-26 09:15:00,26.54
2025-10-26 09:30:00,20.02
2025-10-26 09:45:00,15.35
2025-10-26 10:00:00,26.7
2025-10-26 10:15:00,20.08
2025-10-26 10:30:00,20.04
2025-10-26 10:45:00,16.62
2025-10-26 11:00:00,13.95
2025-10-26 11:15:00,12.51
2025-10-26 11:30:00,11.98
2025-10-26 11:45:00,10.54
2025-10-26 12:00:00,11.92
2025-10-26 12:15:00,10.3
2025-10-26 12:30:00,8.3
2025-10-26 12:45:00,5.09
2025-10-26 13:00:00,12.51
2025-10-26 13:15:00,20.01
2025-10-26 13:30:00,20.05
2025-10-26 13:45:00,20.08
2025-10-26 14:00:00,20.7
2025-10-26 14:15:00,30.92
2025-10-26 14:30:00,36.53
2025-10-26 14:45:00,69.1
2025-10-26 15:00:00,50.01
2025-10-26 15:15:00,88.69
2025-10-26 15:30:00,154.99
2025-10-26 15:45:00,174.19
2025-10-26 16:00:00,90.83
2025-10-26 16:15:00,104.29
2025-10-26 16:30:00,108.83
2025-10-26 16:45:00,145.76
2025-10-26 17:00:00,152.17
2025-10-26 17:15:00,114.02
2025-10-26 17:30:00,114.01
2025-10-26 17:45:00,114.01
2025-10-26 18:00:00,154.99
2025-10-26 18:15:00,122.8
2025-10-26 18:30:00,115.42
2025-10-26 18:45:00,107.42
2025-10-26 19:00:00,154.64
2025-10-26 19:15:00,114.0
2025-10-26 19:30:00,96.01
2025-10-26 19:45:00,94.24
2025-10-26 20:00:00,161.01
2025-10-26 20:15:00,100.74
2025-10-26 20:30:00,85.05
2025-10-26 20:45:00,20.95
2025-10-26 21:00:00,54.58
2025-10-26 21:15:00,40.3
2025-10-26 21:30:00,20.63
2025-10-26 21:45:00,12.87
2025-10-26 22:00:00,20.71
2025-10-26 22:15:00,20.64
2025-10-26 22:30:00,20.63
2025-10-26 22:45:00,20.63
2025-10-26 23:00:00,20.0
2025-10-26 23:15:00,9.68
2025-10-26 23:30:00,5.39
2025-10-26 23:45:00,4.59
2025-10-27 00:00:00,20.0
2025-10-27 00:15:00,9.68
2025-10-27 00:30:00,5.39
2025-10-27 00:45:00,4.59
2025-10-27 01:00:00,20.64
2025-10-27 01:15:00,20.64
2025-10-27 01:30:00,16.34
2025-10-27 01:45:00,14.03
2025-10-27 02:00:00,20.64
2025-10-27 02:15:00,20.64
2025-10-27 02:30:00,15.97
2025-10-27 02:45:00,15.53
2025-10-27 03:00:00,17.78
2025-10-27 03:15:00,16.83
2025-10-27 03:30:00,17.91
2025-10-27 03:45:00,19.39
2025-10-27 04:00:00,15.2
2025-10-27 04:15:00,17.51
2025-10-27 04:30:00,18.05
2025-10-27 04:45:00,17.95
2025-10-27 05:00:00,15.72
2025-10-27 05:15:00,16.69
2025-10-27 05:30:00,28.41
2025-10-27 05:45:00,44.06
2025-10-27 06:00:00,21.08
2025-10-27 06:15:00,69.09
2025-10-27 06:30:00,153.31
2025-10-27 06:45:00,239.99
2025-10-27 07:00:00,164.0
2025-10-27 07:15:00,198.01
2025-10-27 07:30:00,250.01
2025-10-27 07:45:00,280.91
2025-10-27 08:00:00,164.0
2025-10-27 08:15:00,174.99
2025-10-27 08:30:00,186.9
2025-10-27 08:45:00,181.77
2025-10-27 09:00:00,250.09
2025-10-27 09:15:00,189.99
2025-10-27 09:30:00,180.82
2025-10-27 09:45:00,96.3
2025-10-27 10:00:00,289.99
2025-10-27 10:15:00,264.89
2025-10-27 10:30:00,190.0
2025-10-27 10:45:00,186.91
2025-10-27 11:00:00,261.86
2025-10-27 11:15:00,213.5
2025-10-27 11:30:00,186.91
2025-10-27 11:45:00,186.9
2025-10-27 12:00:00,186.9
2025-10-27 12:15:00,174.2
2025-10-27 12:30:00,186.9
2025-10-27 12:45:00,190.0
2025-10-27 13:00:00,164.0
2025-10-27 13:15:00,141.79
2025-10-27 13:30:00,137.85
2025-10-27 13:45:00,164.0
2025-10-27 14:00:00,142.15
2025-10-27 14:15:00,164.01
2025-10-27 14:30:00,174.19
2025-10-27 14:45:00,182.43
2025-10-27 15:00:00,164.0
2025-10-27 15:15:00,164.01
2025-10-27 15:30:00,164.01
2025-10-27 15:45:00,164.01
2025-10-27 16:00:00,108.01
2025-10-27 16:15:00,150.73
2025-10-27 16:30:00,174.41
2025-10-27 16:45:00,174.19
2025-10-27 17:00:00,162.38
2025-10-27 17:15:00,186.91
2025-10-27 17:30:00,206.47
2025-10-27 17:45:00,208.22
2025-10-27 18:00:00,174.19
2025-10-27 18:15:00,213.49
2025-10-27 18:30:00,195.45
2025-10-27 18:45:00,186.91
2025-10-27 19:00:00,125.62
2025-10-27 19:15:00,127.78
2025-10-27 19:30:00,151.27
2025-10-27 19:45:00,149.42
2025-10-27 20:00:00,145.45
2025-10-27 20:15:00,157.43
2025-10-27 20:30:00,151.69
2025-10-27 20:45:00,103.72
2025-10-27 21:00:00,157.2
2025-10-27 21:15:00,141.63
2025-10-27 21:30:00,104.23
2025-10-27 21:45:00,100.96
2025-10-27 22:00:00,151.24
2025-10-27 22:15:00,106.96
2025-10-27 22:30:00,95.02
2025-10-27 22:45:00,90.19
2025-10-27 23:00:00,114.46
2025-10-27 23:15:00,97.75
2025-10-27 23:30:00,88.06
2025-10-27 23:45:00,57.43
2025-10-28 00:00:00,87.85
2025-10-28 00:15:00,74.5
2025-10-28 00:30:00,59.12
2025-10-28 00:45:00,40.79
2025-10-28 01:00:00,48.08
2025-10-28 01:15:00,44.42
2025-10-28 01:30:00,31.04
2025-10-28 01:45:00,36.5
2025-10-28 02:00:00,36.54
2025-10-28 02:15:00,41.28
2025-10-28 02:30:00,40.14
2025-10-28 02:45:00,35.18
2025-10-28 03:00:00,39.48
2025-10-28 03:15:00,34.17
2025-10-28 03:30:00,33.22
2025-10-28 03:45:00,32.85
2025-10-28 04:00:00,27.97
2025-10-28 04:15:00,27.02
2025-10-28 04:30:00,29.93
2025-10-28 04:45:00,29.98
2025-10-28 05:00:00,20.46
2025-10-28 05:15:00,24.67
2025-10-28 05:30:00,33.75
2025-10-28 05:45:00,39.91
2025-10-28 06:00:00,33.06
2025-10-28 06:15:00,49.92
2025-10-28 06:30:00,54.41
2025-10-28 06:45:00,85.09
2025-10-28 07:00:00,66.49
2025-10-28 07:15:00,66.5
2025-10-28 07:30:00,83.66
2025-10-28 07:45:00,117.27
2025-10-28 08:00:00,231.51
2025-10-28 08:15:00,234.2
2025-10-28 08:30:00,284.21
2025-10-28 08:45:00,250.09
2025-10-28 09:00:00,210.5
2025-10-28 09:15:00,192.59
2025-10-28 09:30:00,189.99
2025-10-28 09:45:00,88.69
2025-10-28 10:00:00,171.1
2025-10-28 10:15:00,107.03
2025-10-28 10:30:00,86.02
2025-10-28 10:45:00,135.88
2025-10-28 11:00:00,97.02
2025-10-28 11:15:00,188.85
2025-10-28 11:30:00,171.09
2025-10-28 11:45:00,98.19
2025-10-28 12:00:00,88.69
2025-10-28 12:15:00,88.69
2025-10-28 12:30:00,88.69
2025-10-28 12:45:00,89.94
2025-10-28 13:00:00,88.7
2025-10-28 13:15:00,92.89
2025-10-28 13:30:00,97.84
2025-10-28 13:45:00,100.59
2025-10-28 14:00:00,210.5
2025-10-28 14:15:00,234.2
2025-10-28 14:30:00,290.0
2025-10-28 14:45:00,483.05
2025-10-28 15:00:00,171.1
2025-10-28 15:15:00,85.05
2025-10-28 15:30:00,88.65
2025-10-28 15:45:00,101.47
2025-10-28 16:00:00,103.9
2025-10-28 16:15:00,103.89
2025-10-28 16:30:00,123.94
2025-10-28 16:45:00,141.27
2025-10-28 17:00:00,111.9
2025-10-28 17:15:00,124.95
2025-10-28 17:30:00,142.34
2025-10-28 17:45:00,152.53
2025-10-28 18:00:00,135.02
2025-10-28 18:15:00,149.08
2025-10-28 18:30:00,144.92
2025-10-28 18:45:00,138.12
2025-10-28 19:00:00,125.23
2025-10-28 19:15:00,118.31
2025-10-28 19:30:00,121.94
2025-10-28 19:45:00,122.22
2025-10-28 20:00:00,124.82
2025-10-28 20:15:00,115.02
2025-10-28 20:30:00,110.36
2025-10-28 20:45:00,106.35
2025-10-28 21:00:00,108.61
2025-10-28 21:15:00,99.87
2025-10-28 21:30:00,92.02
2025-10-28 21:45:00,88.45
2025-10-28 22:00:00,93.57
2025-10-28 22:15:00,87.63
2025-10-28 22:30:00,79.33
2025-10-28 22:45:00,65.24
2025-10-28 23:00:00,95.33
2025-10-28 23:15:00,78.15
2025-10-28 23:30:00,77.42
2025-10-28 23:45:00,74.42
2025-10-29 00:00:00,76.52
2025-10-29 00:15:00,70.33
2025-10-29 00:30:00,69.72
2025-10-29 00:45:00,59.59
2025-10-29 01:00:00,63.68
2025-10-29 01:15:00,59.82
2025-10-29 01:30:00,55.57
2025-10-29 01:45:00,53.35
2025-10-29 02:00:00,57.81
2025-10-29 02:15:00,54.79
2025-10-29 02:30:00,52.55
2025-10-29 02:45:00,52.86
2025-10-29 03:00:00,51.85
2025-10-29 03:15:00,52.0
2025-10-29 03:30:00,53.47
2025-10-29 03:45:00,54.13
2025-10-29 04:00:00,51.79
2025-10-29 04:15:00,54.11
2025-10-29 04:30:00,55.37
2025-10-29 04:45:00,57.3
2025-10-29 05:00:00,50.43
2025-10-29 05:15:00,58.4
2025-10-29 05:30:00,62.68
2025-10-29 05:45:00,70.82
2025-10-29 06:00:00,53.52
2025-10-29 06:15:00,70.02
2025-10-29 06:30:00,89.61
2025-10-29 06:45:00,99.95
2025-10-29 07:00:00,70.9
2025-10-29 07:15:00,88.2
2025-10-29 07:30:00,109.5
2025-10-29 07:45:00,133.99
2025-10-29 08:00:00,222.11
2025-10-29 08:15:00,226.2
2025-10-29 08:30:00,226.21
2025-10-29 08:45:00,192.2
2025-10-29 09:00:00,192.2
2025-10-29 09:15:00,187.17
2025-10-29 09:30:00,170.69
2025-10-29 09:45:00,98.05
2025-10-29 10:00:00,170.69
2025-10-29 10:15:00,92.4
2025-10-29 10:30:00,88.3
2025-10-29 10:45:00,85.19
2025-10-29 11:00:00,133.22
2025-10-29 11:15:00,100.19
2025-10-29 11:30:00,88.3
2025-10-29 11:45:00,88.3
2025-10-29 12:00:00,170.69
2025-10-29 12:15:00,106.22
2025-10-29 12:30:00,100.21
2025-10-29 12:45:00,170.7
2025-10-29 13:00:00,99.99
2025-10-29 13:15:00,99.97
2025-10-29 13:30:00,100.18
2025-10-29 13:45:00,170.69
2025-10-29 14:00:00,170.69
2025-10-29 14:15:00,190.0
2025-10-29 14:30:00,205.05
2025-10-29 14:45:00,240.0
2025-10-29 15:00:00,291.0
2025-10-29 15:15:00,290.0
2025-10-29 15:30:00,240.0
2025-10-29 15:45:00,226.21
2025-10-29 16:00:00,226.2
2025-10-29 16:15:00,170.7
2025-10-29 16:30:00,146.39
2025-10-29 16:45:00,147.1
2025-10-29 17:00:00,133.92
2025-10-29 17:15:00,153.26
2025-10-29 17:30:00,178.14
2025-10-29 17:45:00,170.69
2025-10-29 18:00:00,168.76
2025-10-29 18:15:00,150.28
2025-10-29 18:30:00,142.7
2025-10-29 18:45:00,140.67
2025-10-29 19:00:00,129.49
2025-10-29 19:15:00,132.21
2025-10-29 19:30:00,140.34
2025-10-29 19:45:00,142.55
2025-10-29 20:00:00,135.04
2025-10-29 20:15:00,120.1
2025-10-29 20:30:00,116.39
2025-10-29 20:45:00,104.35
2025-10-29 21:00:00,111.35
2025-10-29 21:15:00,106.66
2025-10-29 21:30:00,104.97
2025-10-29 21:45:00,102.68
2025-10-29 22:00:00,106.03
2025-10-29 22:15:00,101.97
2025-10-29 22:30:00,98.18
2025-10-29 22:45:00,82.52
2025-10-29 23:00:00,75.98
2025-10-29 23:15:00,74.38
2025-10-29 23:30:00,58.76
2025-10-29 23:45:00,55.78
2025-10-30 00:00:00,58.13
2025-10-30 00:15:00,56.83
2025-10-30 00:30:00,55.66
2025-10-30 00:45:00,55.1
2025-10-30 01:00:00,91.96
2025-10-30 01:15:00,76.12
2025-10-30 01:30:00,78.31
2025-10-30 01:45:00,63.04
2025-10-30 02:00:00,82.83
2025-10-30 02:15:00,76.13
2025-10-30 02:30:00,68.41
2025-10-30 02:45:00,64.79
2025-10-30 03:00:00,74.69
2025-10-30 03:15:00,72.18
2025-10-30 03:30:00,71.04
2025-10-30 03:45:00,68.18
2025-10-30 04:00:00,67.71
2025-10-30 04:15:00,70.34
2025-10-30 04:30:00,70.34
2025-10-30 04:45:00,64.17
2025-10-30 05:00:00,66.67
2025-10-30 05:15:00,50.07
2025-10-30 05:30:00,50.07
2025-10-30 05:45:00,56.07
2025-10-30 06:00:00,53.95
2025-10-30 06:15:00,61.32
2025-10-30 06:30:00,63.38
2025-10-30 06:45:00,81.35
2025-10-30 07:00:00,70.57
2025-10-30 07:15:00,93.88
2025-10-30 07:30:00,132.06
2025-10-30 07:45:00,154.7
2025-10-30 08:00:00,153.59
2025-10-30 08:15:00,110.32
2025-10-30 08:30:00,123.97
2025-10-30 08:45:00,103.47
2025-10-30 09:00:00,172.69
2025-10-30 09:15:00,116.89
2025-10-30 09:30:00,97.12
2025-10-30 09:45:00,69.95
2025-10-30 10:00:00,96.57
2025-10-30 10:15:00,86.49
2025-10-30 10:30:00,66.13
2025-10-30 10:45:00,56.76
2025-10-30 11:00:00,77.57
2025-10-30 11:15:00,63.96
2025-10-30 11:30:00,55.7
2025-10-30 11:45:00,52.91
2025-10-30 12:00:00,49.91
2025-10-30 12:15:00,48.87
2025-10-30 12:30:00,50.29
2025-10-30 12:45:00,80.01
2025-10-30 13:00:00,90.89
2025-10-30 13:15:00,90.9
2025-10-30 13:30:00,90.9
2025-10-30 13:45:00,123.96
2025-10-30 14:00:00,42.97
2025-10-30 14:15:00,80.01
2025-10-30 14:30:00,94.86
2025-10-30 14:45:00,97.17
2025-10-30 15:00:00,97.94
2025-10-30 15:15:00,96.63
2025-10-30 15:30:00,96.5
2025-10-30 15:45:00,99.05
2025-10-30 16:00:00,94.88
2025-10-30 16:15:00,97.91
2025-10-30 16:30:00,95.24
2025-10-30 16:45:00,113.2
2025-10-30 17:00:00,97.82
2025-10-30 17:15:00,98.73
2025-10-30 17:30:00,100.33
2025-10-30 17:45:00,123.68
2025-10-30 18:00:00,93.97
2025-10-30 18:15:00,99.97
2025-10-30 18:30:00,88.81
2025-10-30 18:45:00,88.8
2025-10-30 19:00:00,80.01
2025-10-30 19:15:00,78.64
2025-10-30 19:30:00,50.01
2025-10-30 19:45:00,40.0
2025-10-30 20:00:00,34.3
2025-10-30 20:15:00,33.9
2025-10-30 20:30:00,33.52
2025-10-30 20:45:00,33.22
2025-10-30 21:00:00,31.9
2025-10-30 21:15:00,31.65
2025-10-30 21:30:00,31.42
2025-10-30 21:45:00,30.9
2025-10-30 22:00:00,32.13
2025-10-30 22:15:00,31.91
2025-10-30 22:30:00,31.43
2025-10-30 22:45:00,22.53
2025-10-30 23:00:00,20.64
2025-10-30 23:15:00,20.63
2025-10-30 23:30:00,20.63
2025-10-30 23:45:00,20.0
2025-10-31 00:00:00,20.01
2025-10-31 00:15:00,15.6
2025-10-31 00:30:00,10.01
2025-10-31 00:45:00,10.0
2025-10-31 01:00:00,20.76
2025-10-31 01:15:00,20.76
2025-10-31 01:30:00,20.75
2025-10-31 01:45:00,44.01
2025-10-31 02:00:00,21.08
2025-10-31 02:15:00,21.07
2025-10-31 02:30:00,36.53
2025-10-31 02:45:00,20.83
2025-10-31 03:00:00,20.77
2025-10-31 03:15:00,20.75
2025-10-31 03:30:00,20.7
2025-10-31 03:45:00,20.69
2025-10-31 04:00:00,5.33
2025-10-31 04:15:00,5.34
2025-10-31 04:30:00,8.47
2025-10-31 04:45:00,10.01
2025-10-31 05:00:00,7.39
2025-10-31 05:15:00,10.74
2025-10-31 05:30:00,20.63
2025-10-31 05:45:00,24.47
2025-10-31 06:00:00,29.04
2025-10-31 06:15:00,30.28
2025-10-31 06:30:00,31.35
2025-10-31 06:45:00,32.48
2025-10-31 07:00:00,32.14
2025-10-31 07:15:00,38.0
2025-10-31 07:30:00,64.18
2025-10-31 07:45:00,76.66
2025-10-31 08:00:00,107.9
2025-10-31 08:15:00,129.56
2025-10-31 08:30:00,119.78
2025-10-31 08:45:00,108.95
2025-10-31 09:00:00,138.8
2025-10-31 09:15:00,121.76
2025-10-31 09:30:00,101.38
2025-10-31 09:45:00,85.06
2025-10-31 10:00:00,110.35
2025-10-31 10:15:00,87.87
2025-10-31 10:30:00,72.6
2025-10-31 10:45:00,67.36
2025-10-31 11:00:00,81.42
2025-10-31 11:15:00,77.84
2025-10-31 11:30:00,77.18
2025-10-31 11:45:00,73.87
2025-10-31 12:00:00,76.95
2025-10-31 12:15:00,75.64
2025-10-31 12:30:00,74.85
2025-10-31 12:45:00,76.32
2025-10-31 13:00:00,73.04
2025-10-31 13:15:00,73.47
2025-10-31 13:30:00,80.11
2025-10-31 13:45:00,83.64
2025-10-31 14:00:00,76.88
2025-10-31 14:15:00,81.69
2025-10-31 14:30:00,87.26
2025-10-31 14:45:00,99.65
2025-10-31 15:00:00,81.23
2025-10-31 15:15:00,102.34
2025-10-31 15:30:00,122.34
2025-10-31 15:45:00,145.14
2025-10-31 16:00:00,108.94
2025-10-31 16:15:00,123.42
2025-10-31 16:30:00,156.5
2025-10-31 16:45:00,149.98
2025-10-31 17:00:00,143.73
2025-10-31 17:15:00,143.08
2025-10-31 17:30:00,144.53
2025-10-31 17:45:00,130.82
2025-10-31 18:00:00,150.23
2025-10-31 18:15:00,145.64
2025-10-31 18:30:00,135.97
2025-10-31 18:45:00,116.77
2025-10-31 19:00:00,135.4
2025-10-31 19:15:00,123.31
2025-10-31 19:30:00,105.82
2025-10-31 19:45:00,87.4
2025-10-31 20:00:00,124.92
2025-10-31 20:15:00,103.34
2025-10-31 20:30:00,99.94
2025-10-31 20:45:00,99.96
2025-10-31 21:00:00,99.46
2025-10-31 21:15:00,93.72
2025-10-31 21:30:00,81.76
2025-10-31 21:45:00,72.51
2025-10-31 22:00:00,97.28
2025-10-31 22:15:00,89.0
2025-10-31 22:30:00,72.99
2025-10-31 22:45:00,63.76
2025-10-31 23:00:00,85.17
2025-10-31 23:15:00,85.05
2025-10-31 23:30:00,79.83
2025-10-31 23:45:00,69.97
2025-11-01 00:00:00,57.62
2025-11-01 00:15:00,58.25
2025-11-01 00:30:00,44.69
2025-11-01 00:45:00,39.37
2025-11-01 01:00:00,155.93
2025-11-01 01:15:00,101.93
2025-11-01 01:30:00,95.91
2025-11-01 01:45:00,86.61
2025-11-01 02:00:00,107.22
2025-11-01 02:15:00,94.89
2025-11-01 02:30:00,85.06
2025-11-01 02:45:00,70.45
2025-11-01 03:00:00,55.84
2025-11-01 03:15:00,45.75
2025-11-01 03:30:00,50.52
2025-11-01 03:45:00,51.9
2025-11-01 04:00:00,65.44
2025-11-01 04:15:00,70.89
2025-11-01 04:30:00,80.05
2025-11-01 04:45:00,126.98
2025-11-01 05:00:00,47.67
2025-11-01 05:15:00,49.88
2025-11-01 05:30:00,69.91
2025-11-01 05:45:00,80.92
2025-11-01 06:00:00,47.82
2025-11-01 06:15:00,50.34
2025-11-01 06:30:00,52.9
2025-11-01 06:45:00,85.01
2025-11-01 07:00:00,49.33
2025-11-01 07:15:00,70.9
2025-11-01 07:30:00,94.89
2025-11-01 07:45:00,131.92
2025-11-01 08:00:00,99.91
2025-11-01 08:15:00,108.86
2025-11-01 08:30:00,96.35
2025-11-01 08:45:00,94.9
2025-11-01 09:00:00,153.21
2025-11-01 09:15:00,153.2
2025-11-01 09:30:00,99.1
2025-11-01 09:45:00,94.89
2025-11-01 10:00:00,94.9
2025-11-01 10:15:00,89.61
2025-11-01 10:30:00,71.28
2025-11-01 10:45:00,69.97
2025-11-01 11:00:00,85.17
2025-11-01 11:15:00,69.7
2025-11-01 11:30:00,66.64
2025-11-01 11:45:00,61.8
2025-11-01 12:00:00,64.09
2025-11-01 12:15:00,59.79
2025-11-01 12:30:00,52.89
2025-11-01 12:45:00,51.26
2025-11-01 13:00:00,59.76
2025-11-01 13:15:00,57.99
2025-11-01 13:30:00,57.89
2025-11-01 13:45:00,57.77
2025-11-01 14:00:00,58.86
2025-11-01 14:15:00,61.13
2025-11-01 14:30:00,63.05
2025-11-01 14:45:00,65.65
2025-11-01 15:00:00,70.07
2025-11-01 15:15:00,70.9
2025-11-01 15:30:00,80.06
2025-11-01 15:45:00,85.19
2025-11-01 16:00:00,104.19
2025-11-01 16:15:00,97.94
2025-11-01 16:30:00,94.89
2025-11-01 16:45:00,94.63
2025-11-01 17:00:00,95.11
2025-11-01 17:15:00,100.51
2025-11-01 17:30:00,108.02
2025-11-01 17:45:00,108.96
2025-11-01 18:00:00,94.64
2025-11-01 18:15:00,100.51
2025-11-01 18:30:00,85.11
2025-11-01 18:45:00,70.89
2025-11-01 19:00:00,85.01
2025-11-01 19:15:00,68.33
2025-11-01 19:30:00,46.66
2025-11-01 19:45:00,40.0
2025-11-01 20:00:00,94.62
2025-11-01 20:15:00,85.09
2025-11-01 20:30:00,70.89
2025-11-01 20:45:00,36.54
2025-11-01 21:00:00,30.34
2025-11-01 21:15:00,30.01
2025-11-01 21:30:00,29.58
2025-11-01 21:45:00,29.27
2025-11-01 22:00:00,29.67
2025-11-01 22:15:00,27.55
2025-11-01 22:30:00,25.7
2025-11-01 22:45:00,24.93
2025-11-01 23:00:00,25.97
2025-11-01 23:15:00,25.35
2025-11-01 23:30:00,24.67
2025-11-01 23:45:00,23.91
2025-11-02 00:00:00,23.67
2025-11-02 00:15:00,23.01
2025-11-02 00:30:00,20.83
2025-11-02 00:45:00,20.7
2025-11-02 01:00:00,20.63
2025-11-02 01:15:00,16.09
2025-11-02 01:30:00,17.48
2025-11-02 01:45:00,15.52
2025-11-02 02:00:00,20.63
2025-11-02 02:15:00,18.73
2025-11-02 02:30:00,16.01
2025-11-02 02:45:00,14.77
2025-11-02 03:00:00,16.94
2025-11-02 03:15:00,17.61
2025-11-02 03:30:00,18.1
2025-11-02 03:45:00,16.89
2025-11-02 04:00:00,22.98
2025-11-02 04:15:00,23.03
2025-11-02 04:30:00,22.83
2025-11-02 04:45:00,20.64
2025-11-02 05:00:00,22.99
2025-11-02 05:15:00,23.04
2025-11-02 05:30:00,23.09
2025-11-02 05:45:00,42.7
2025-11-02 06:00:00,23.36
2025-11-02 06:15:00,23.67
2025-11-02 06:30:00,23.92
2025-11-02 06:45:00,24.87
2025-11-02 07:00:00,25.26
2025-11-02 07:15:00,25.55
2025-11-02 07:30:00,26.61
2025-11-02 07:45:00,27.16
2025-11-02 08:00:00,27.34
2025-11-02 08:15:00,28.22
2025-11-02 08:30:00,28.73
2025-11-02 08:45:00,29.24
2025-11-02 09:00:00,29.43
2025-11-02 09:15:00,29.65
2025-11-02 09:30:00,29.9
2025-11-02 09:45:00,30.34
2025-11-02 10:00:00,30.85
2025-11-02 10:15:00,31.02
2025-11-02 10:30:00,30.77
2025-11-02 10:45:00,30.8
2025-11-02 11:00:00,31.34
2025-11-02 11:15:00,31.14
2025-11-02 11:30:00,30.83
2025-11-02 11:45:00,41.94
2025-11-02 12:00:00,85.48
2025-11-02 12:15:00,85.86
2025-11-02 12:30:00,85.31
2025-11-02 12:45:00,83.75
2025-11-02 13:00:00,84.37
2025-11-02 13:15:00,83.38
2025-11-02 13:30:00,79.88
2025-11-02 13:45:00,87.09
2025-11-02 14:00:00,86.59
2025-11-02 14:15:00,85.91
2025-11-02 14:30:00,89.99
2025-11-02 14:45:00,139.48
2025-11-02 15:00:00,86.76
2025-11-02 15:15:00,91.73
2025-11-02 15:30:00,99.93
2025-11-02 15:45:00,146.1
2025-11-02 16:00:00,99.0
2025-11-02 16:15:00,109.7
2025-11-02 16:30:00,115.71
2025-11-02 16:45:00,131.2
2025-11-02 17:00:00,105.06
2025-11-02 17:15:00,114.29
2025-11-02 17:30:00,122.59
2025-11-02 17:45:00,137.94
2025-11-02 18:00:00,95.51
2025-11-02 18:15:00,121.91
2025-11-02 18:30:00,121.95
2025-11-02 18:45:00,139.34
2025-11-02 19:00:00,121.91
2025-11-02 19:15:00,121.97
2025-11-02 19:30:00,109.22
2025-11-02 19:45:00,99.9
2025-11-02 20:00:00,128.64
2025-11-02 20:15:00,124.66
2025-11-02 20:30:00,80.87
2025-11-02 20:45:00,78.89
2025-11-02 21:00:00,138.35
2025-11-02 21:15:00,146.11
2025-11-02 21:30:00,140.09
2025-11-02 21:45:00,105.16
2025-11-02 22:00:00,117.35
2025-11-02 22:15:00,110.2
2025-11-02 22:30:00,104.39
2025-11-02 22:45:00,99.99
2025-11-02 23:00:00,111.4
2025-11-02 23:15:00,105.14
2025-11-02 23:30:00,99.99
2025-11-02 23:45:00,96.59
2025-11-03 00:00:00,100.24
2025-11-03 00:15:00,91.59
2025-11-03 00:30:00,83.8
2025-11-03 00:45:00,73.94
2025-11-03 01:00:00,250.06
2025-11-03 01:15:00,218.74
2025-11-03 01:30:00,131.92
2025-11-03 01:45:00,96.89
2025-11-03 02:00:00,99.97
2025-11-03 02:15:00,88.37
2025-11-03 02:30:00,80.05
2025-11-03 02:45:00,80.08
2025-11-03 03:00:00,97.07
2025-11-03 03:15:00,80.08
2025-11-03 03:30:00,85.48
2025-11-03 03:45:00,99.99
2025-11-03 04:00:00,73.35
2025-11-03 04:15:00,71.01
2025-11-03 04:30:00,71.82
2025-11-03 04:45:00,94.08
2025-11-03 05:00:00,96.6
2025-11-03 05:15:00,131.95
2025-11-03 05:30:00,159.41
2025-11-03 05:45:00,309.06
2025-11-03 06:00:00,99.45
2025-11-03 06:15:00,159.41
2025-11-03 06:30:00,400.03
2025-11-03 06:45:00,690.0
2025-11-03 07:00:00,125.32
2025-11-03 07:15:00,154.29
2025-11-03 07:30:00,155.5
2025-11-03 07:45:00,197.79
2025-11-03 08:00:00,177.4
2025-11-03 08:15:00,250.01
2025-11-03 08:30:00,290.0
2025-11-03 08:45:00,325.04
2025-11-03 09:00:00,489.99
2025-11-03 09:15:00,400.04
2025-11-03 09:30:00,325.08
2025-11-03 09:45:00,250.05
2025-11-03 10:00:00,159.41
2025-11-03 10:15:00,159.4
2025-11-03 10:30:00,159.4
2025-11-03 10:45:00,157.69
2025-11-03 11:00:00,109.47
2025-11-03 11:15:00,121.86
2025-11-03 11:30:00,127.35
2025-11-03 11:45:00,123.2
2025-11-03 12:00:00,489.99
2025-11-03 12:15:00,489.99
2025-11-03 12:30:00,490.0
2025-11-03 12:45:00,556.58
2025-11-03 13:00:00,400.08
2025-11-03 13:15:00,483.01
2025-11-03 13:30:00,483.07
2025-11-03 13:45:00,483.05
2025-11-03 14:00:00,250.06
2025-11-03 14:15:00,299.99
2025-11-03 14:30:00,325.07
2025-11-03 14:45:00,350.01
2025-11-03 15:00:00,250.03
2025-11-03 15:15:00,289.99
2025-11-03 15:30:00,289.99
2025-11-03 15:45:00,289.99
2025-11-03 16:00:00,289.99
2025-11-03 16:15:00,325.01
2025-11-03 16:30:00,290.0
2025-11-03 16:45:00,325.06
2025-11-03 17:00:00,159.4
2025-11-03 17:15:00,173.1
2025-11-03 17:30:00,182.87
2025-11-03 17:45:00,193.49
2025-11-03 18:00:00,489.99
2025-11-03 18:15:00,400.08
2025-11-03 18:30:00,290.0
2025-11-03 18:45:00,216.99
2025-11-03 19:00:00,448.8
2025-11-03 19:15:00,325.05
2025-11-03 19:30:00,239.19
2025-11-03 19:45:00,177.39
2025-11-03 20:00:00,220.63
2025-11-03 20:15:00,177.39
2025-11-03 20:30:00,159.4
2025-11-03 20:45:00,141.38
2025-11-03 21:00:00,171.01
2025-11-03 21:15:00,157.7
2025-11-03 21:30:00,110.1
2025-11-03 21:45:00,104.69
2025-11-03 22:00:00,130.11
2025-11-03 22:15:00,105.16
2025-11-03 22:30:00,97.58
2025-11-03 22:45:00,95.87
2025-11-03 23:00:00,40.0
2025-11-03 23:15:00,24.62
2025-11-03 23:30:00,23.29
2025-11-03 23:45:00,20.7
2025-11-04 00:00:00,22.52
2025-11-04 00:15:00,14.52
2025-11-04 00:30:00,14.25
2025-11-04 00:45:00,6.38
2025-11-04 01:00:00,23.65
2025-11-04 01:15:00,20.64
2025-11-04 01:30:00,3.71
2025-11-04 01:45:00,3.61
2025-11-04 02:00:00,3.5
2025-11-04 02:15:00,3.01
2025-11-04 02:30:00,3.5
2025-11-04 02:45:00,12.37
2025-11-04 03:00:00,3.6
2025-11-04 03:15:00,3.6
2025-11-04 03:30:00,3.6
2025-11-04 03:45:00,3.6
2025-11-04 04:00:00,3.1
2025-11-04 04:15:00,1.84
2025-11-04 04:30:00,1.8
2025-11-04 04:45:00,3.6
2025-11-04 05:00:00,3.6
2025-11-04 05:15:00,1.84
2025-11-04 05:30:00,20.69
2025-11-04 05:45:00,24.76
2025-11-04 06:00:00,23.08
2025-11-04 06:15:00,64.01
2025-11-04 06:30:00,86.45
2025-11-04 06:45:00,102.0
2025-11-04 07:00:00,103.4
2025-11-04 07:15:00,111.85
2025-11-04 07:30:00,115.79
2025-11-04 07:45:00,175.8
2025-11-04 08:00:00,112.73
2025-11-04 08:15:00,114.21
2025-11-04 08:30:00,110.92
2025-11-04 08:45:00,106.23
2025-11-04 09:00:00,195.01
2025-11-04 09:15:00,175.8
2025-11-04 09:30:00,118.9
2025-11-04 09:45:00,83.8
2025-11-04 10:00:00,103.18
2025-11-04 10:15:00,98.0
2025-11-04 10:30:00,74.72
2025-11-04 10:45:00,58.28
2025-11-04 11:00:00,80.56
2025-11-04 11:15:00,72.07
2025-11-04 11:30:00,69.13
2025-11-04 11:45:00,52.9
2025-11-04 12:00:00,65.11
2025-11-04 12:15:00,62.94
2025-11-04 12:30:00,61.75
2025-11-04 12:45:00,62.88
2025-11-04 13:00:00,58.07
2025-11-04 13:15:00,58.56
2025-11-04 13:30:00,60.29
2025-11-04 13:45:00,67.13
2025-11-04 14:00:00,60.46
2025-11-04 14:15:00,73.14
2025-11-04 14:30:00,80.78
2025-11-04 14:45:00,93.54
2025-11-04 15:00:00,93.53
2025-11-04 15:15:00,101.99
2025-11-04 15:30:00,105.76
2025-11-04 15:45:00,114.6
2025-11-04 16:00:00,111.95
2025-11-04 16:15:00,126.27
2025-11-04 16:30:00,163.7
2025-11-04 16:45:00,178.19
2025-11-04 17:00:00,80.0
2025-11-04 17:15:00,80.0
2025-11-04 17:30:00,69.73
2025-11-04 17:45:00,50.0
2025-11-04 18:00:00,99.93
2025-11-04 18:15:00,195.0
2025-11-04 18:30:00,120.99
2025-11-04 18:45:00,142.75
2025-11-04 19:00:00,36.54
2025-11-04 19:15:00,36.53
2025-11-04 19:30:00,35.9
2025-11-04 19:45:00,116.26
2025-11-04 20:00:00,23.72
2025-11-04 20:15:00,23.01
2025-11-04 20:30:00,21.07
2025-11-04 20:45:00,20.89
2025-11-04 21:00:00,20.77
2025-11-04 21:15:00,20.77
2025-11-04 21:30:00,20.76
2025-11-04 21:45:00,20.75
2025-11-04 22:00:00,20.75
2025-11-04 22:15:00,20.7
2025-11-04 22:30:00,20.64
2025-11-04 22:45:00,20.63
2025-11-04 23:00:00,20.74
2025-11-04 23:15:00,20.69
2025-11-04 23:30:00,20.64
2025-11-04 23:45:00,20.63
2025-11-05 00:00:00,3.6
2025-11-05 00:15:00,3.0
2025-11-05 00:30:00,1.03
2025-11-05 00:45:00,0.17
2025-11-05 01:00:00,-0.03
2025-11-05 01:15:00,-0.1
2025-11-05 01:30:00,-0.1
2025-11-05 01:45:00,-0.1
2025-11-05 02:00:00,-0.21
2025-11-05 02:15:00,-0.21
2025-11-05 02:30:00,-0.21
2025-11-05 02:45:00,-0.21
2025-11-05 03:00:00,-0.53
2025-11-05 03:15:00,-0.53
2025-11-05 03:30:00,-0.41
2025-11-05 03:45:00,-0.3
2025-11-05 04:00:00,-0.07
2025-11-05 04:15:00,-0.03
2025-11-05 04:30:00,1.01
2025-11-05 04:45:00,1.02
2025-11-05 05:00:00,8.64
2025-11-05 05:15:00,11.97
2025-11-05 05:30:00,20.64
2025-11-05 05:45:00,23.08
2025-11-05 06:00:00,20.7
2025-11-05 06:15:00,36.53
2025-11-05 06:30:00,96.75
2025-11-05 06:45:00,120.27
2025-11-05 07:00:00,80.0
2025-11-05 07:15:00,131.22
2025-11-05 07:30:00,117.65
2025-11-05 07:45:00,120.9
2025-11-05 08:00:00,60.0
2025-11-05 08:15:00,79.99
2025-11-05 08:30:00,70.0
2025-11-05 08:45:00,50.0
2025-11-05 09:00:00,143.37
2025-11-05 09:15:00,119.76
2025-11-05 09:30:00,101.9
2025-11-05 09:45:00,68.96
2025-11-05 10:00:00,102.78
2025-11-05 10:15:00,93.99
2025-11-05 10:30:00,86.6
2025-11-05 10:45:00,79.71
2025-11-05 11:00:00,88.56
2025-11-05 11:15:00,78.73
2025-11-05 11:30:00,78.79
2025-11-05 11:45:00,74.37
2025-11-05 12:00:00,75.66
2025-11-05 12:15:00,74.4
2025-11-05 12:30:00,75.26
2025-11-05 12:45:00,77.29
2025-11-05 13:00:00,68.8
2025-11-05 13:15:00,74.59
2025-11-05 13:30:00,76.28
2025-11-05 13:45:00,79.52
2025-11-05 14:00:00,74.25
2025-11-05 14:15:00,79.7
2025-11-05 14:30:00,86.74
2025-11-05 14:45:00,96.64
2025-11-05 15:00:00,79.86
2025-11-05 15:15:00,98.62
2025-11-05 15:30:00,105.12
2025-11-05 15:45:00,121.37
2025-11-05 16:00:00,107.54
2025-11-05 16:15:00,113.16
2025-11-05 16:30:00,128.81
2025-11-05 16:45:00,149.96
2025-11-05 17:00:00,132.13
2025-11-05 17:15:00,146.72
2025-11-05 17:30:00,167.21
2025-11-05 17:45:00,173.73
2025-11-05 18:00:00,129.99
2025-11-05 18:15:00,72.29
2025-11-05 18:30:00,40.0
2025-11-05 18:45:00,36.91
2025-11-05 19:00:00,40.0
2025-11-05 19:15:00,35.75
2025-11-05 19:30:00,35.55
2025-11-05 19:45:00,35.09
2025-11-05 20:00:00,70.01
2025-11-05 20:15:00,40.01
2025-11-05 20:30:00,34.4
2025-11-05 20:45:00,34.29
2025-11-05 21:00:00,34.32
2025-11-05 21:15:00,34.05
2025-11-05 21:30:00,33.88
2025-11-05 21:45:00,33.72
2025-11-05 22:00:00,32.65
2025-11-05 22:15:00,32.59
2025-11-05 22:30:00,32.38
2025-11-05 22:45:00,31.59
2025-11-05 23:00:00,31.25
2025-11-05 23:15:00,30.83
2025-11-05 23:30:00,30.34
2025-11-05 23:45:00,26.76
2025-11-06 00:00:00,28.95
2025-11-06 00:15:00,27.7
2025-11-06 00:30:00,26.21
2025-11-06 00:45:00,20.64
2025-11-06 01:00:00,8.4
2025-11-06 01:15:00,5.89
2025-11-06 01:30:00,5.84
2025-11-06 01:45:00,5.74
2025-11-06 02:00:00,5.91
2025-11-06 02:15:00,5.87
2025-11-06 02:30:00,5.83
2025-11-06 02:45:00,5.76
2025-11-06 03:00:00,5.67
2025-11-06 03:15:00,5.71
2025-11-06 03:30:00,5.8
2025-11-06 03:45:00,5.91
2025-11-06 04:00:00,5.88
2025-11-06 04:15:00,6.0
2025-11-06 04:30:00,8.25
2025-11-06 04:45:00,11.75
2025-11-06 05:00:00,6.02
2025-11-06 05:15:00,6.05
2025-11-06 05:30:00,9.17
2025-11-06 05:45:00,11.7
2025-11-06 06:00:00,20.69
2025-11-06 06:15:00,26.42
2025-11-06 06:30:00,28.35
2025-11-06 06:45:00,34.73
2025-11-06 07:00:00,33.89
2025-11-06 07:15:00,54.0
2025-11-06 07:30:00,99.9
2025-11-06 07:45:00,143.16
2025-11-06 08:00:00,123.32
2025-11-06 08:15:00,125.89
2025-11-06 08:30:00,125.84
2025-11-06 08:45:00,118.93
2025-11-06 09:00:00,140.98
2025-11-06 09:15:00,124.6
2025-11-06 09:30:00,111.35
2025-11-06 09:45:00,92.97
2025-11-06 10:00:00,129.98
2025-11-06 10:15:00,104.6
2025-11-06 10:30:00,85.43
2025-11-06 10:45:00,80.0
2025-11-06 11:00:00,96.16
2025-11-06 11:15:00,88.45
2025-11-06 11:30:00,81.02
2025-11-06 11:45:00,78.65
2025-11-06 12:00:00,88.19
2025-11-06 12:15:00,85.6
2025-11-06 12:30:00,84.03
2025-11-06 12:45:00,80.0
2025-11-06 13:00:00,89.72
2025-11-06 13:15:00,157.59
2025-11-06 13:30:00,177.29
2025-11-06 13:45:00,216.89
2025-11-06 14:00:00,81.68
2025-11-06 14:15:00,124.91
2025-11-06 14:30:00,157.6
2025-11-06 14:45:00,216.9
2025-11-06 15:00:00,79.41
2025-11-06 15:15:00,107.84
2025-11-06 15:30:00,157.6
2025-11-06 15:45:00,177.3
2025-11-06 16:00:00,102.81
2025-11-06 16:15:00,110.8
2025-11-06 16:30:00,137.7
2025-11-06 16:45:00,170.28
2025-11-06 17:00:00,122.47
2025-11-06 17:15:00,136.33
2025-11-06 17:30:00,155.46
2025-11-06 17:45:00,172.33
2025-11-06 18:00:00,166.23
2025-11-06 18:15:00,166.18
2025-11-06 18:30:00,155.09
2025-11-06 18:45:00,146.98
2025-11-06 19:00:00,150.79
2025-11-06 19:15:00,141.49
2025-11-06 19:30:00,140.48
2025-11-06 19:45:00,134.01
2025-11-06 20:00:00,142.63
2025-11-06 20:15:00,135.68
2025-11-06 20:30:00,126.19
2025-11-06 20:45:00,122.33
2025-11-06 21:00:00,127.08
2025-11-06 21:15:00,117.9
2025-11-06 21:30:00,62.16
2025-11-06 21:45:00,39.27
2025-11-06 22:00:00,54.0
2025-11-06 22:15:00,39.08
2025-11-06 22:30:00,38.82
2025-11-06 22:45:00,38.44
2025-11-06 23:00:00,38.01
2025-11-06 23:15:00,38.19
2025-11-06 23:30:00,34.79
2025-11-06 23:45:00,32.2
2025-11-07 00:00:00,33.12
2025-11-07 00:15:00,31.98
2025-11-07 00:30:00,30.11
2025-11-07 00:45:00,29.29
2025-11-07 01:00:00,30.5
2025-11-07 01:15:00,29.96
2025-11-07 01:30:00,28.84
2025-11-07 01:45:00,28.79
2025-11-07 02:00:00,30.1
2025-11-07 02:15:00,29.45
2025-11-07 02:30:00,29.12
2025-11-07 02:45:00,28.94
2025-11-07 03:00:00,28.88
2025-11-07 03:15:00,28.95
2025-11-07 03:30:00,29.03
2025-11-07 03:45:00,29.22
2025-11-07 04:00:00,28.4
2025-11-07 04:15:00,28.79
2025-11-07 04:30:00,29.0
2025-11-07 04:45:00,29.64
2025-11-07 05:00:00,28.91
2025-11-07 05:15:00,30.16
2025-11-07 05:30:00,60.0
2025-11-07 05:45:00,94.49
2025-11-07 06:00:00,31.81
2025-11-07 06:15:00,40.0
2025-11-07 06:30:00,99.5
2025-11-07 06:45:00,107.34
2025-11-07 07:00:00,40.01
2025-11-07 07:15:00,96.7
2025-11-07 07:30:00,117.81
2025-11-07 07:45:00,145.99
2025-11-07 08:00:00,126.7
2025-11-07 08:15:00,141.09
2025-11-07 08:30:00,134.07
2025-11-07 08:45:00,136.26
2025-11-07 09:00:00,155.41
2025-11-07 09:15:00,140.52
2025-11-07 09:30:00,116.27
2025-11-07 09:45:00,94.02
2025-11-07 10:00:00,127.34
2025-11-07 10:15:00,118.18
2025-11-07 10:30:00,100.59
2025-11-07 10:45:00,89.98
2025-11-07 11:00:00,101.53
2025-11-07 11:15:00,95.82
2025-11-07 11:30:00,90.06
2025-11-07 11:45:00,80.01
2025-11-07 12:00:00,93.07
2025-11-07 12:15:00,80.0
2025-11-07 12:30:00,72.66
2025-11-07 12:45:00,74.49
2025-11-07 13:00:00,82.27
2025-11-07 13:15:00,89.19
2025-11-07 13:30:00,89.74
2025-11-07 13:45:00,90.94
2025-11-07 14:00:00,89.37
2025-11-07 14:15:00,91.77
2025-11-07 14:30:00,94.88
2025-11-07 14:45:00,97.22
2025-11-07 15:00:00,81.74
2025-11-07 15:15:00,100.13
2025-11-07 15:30:00,109.0
2025-11-07 15:45:00,157.7
2025-11-07 16:00:00,92.5
2025-11-07 16:15:00,107.49
2025-11-07 16:30:00,126.49
2025-11-07 16:45:00,155.23
2025-11-07 17:00:00,126.09
2025-11-07 17:15:00,149.94
2025-11-07 17:30:00,156.72
2025-11-07 17:45:00,157.69
2025-11-07 18:00:00,147.61
2025-11-07 18:15:00,141.36
2025-11-07 18:30:00,118.8
2025-11-07 18:45:00,98.45
2025-11-07 19:00:00,156.86
2025-11-07 19:15:00,143.03
2025-11-07 19:30:00,108.42
2025-11-07 19:45:00,89.36
2025-11-07 20:00:00,72.77
2025-11-07 20:15:00,71.75
2025-11-07 20:30:00,62.84
2025-11-07 20:45:00,54.7
2025-11-07 21:00:00,70.6
2025-11-07 21:15:00,61.1
2025-11-07 21:30:00,54.27
2025-11-07 21:45:00,43.61
2025-11-07 22:00:00,59.91
2025-11-07 22:15:00,54.28
2025-11-07 22:30:00,44.34
2025-11-07 22:45:00,42.6
2025-11-07 23:00:00,43.99
2025-11-07 23:15:00,42.8
2025-11-07 23:30:00,41.14
2025-11-07 23:45:00,40.56
2025-11-08 00:00:00,41.97
2025-11-08 00:15:00,40.72
2025-11-08 00:30:00,39.26
2025-11-08 00:45:00,38.41
2025-11-08 01:00:00,38.4
2025-11-08 01:15:00,36.98
2025-11-08 01:30:00,35.85
2025-11-08 01:45:00,35.31
2025-11-08 02:00:00,36.28
2025-11-08 02:15:00,35.25
2025-11-08 02:30:00,34.39
2025-11-08 02:45:00,34.29
2025-11-08 03:00:00,36.27
2025-11-08 03:15:00,35.85
2025-11-08 03:30:00,35.06
2025-11-08 03:45:00,69.9
2025-11-08 04:00:00,36.4
2025-11-08 04:15:00,95.31
2025-11-08 04:30:00,95.05
2025-11-08 04:45:00,94.47
2025-11-08 05:00:00,95.19
2025-11-08 05:15:00,97.07
2025-11-08 05:30:00,97.34
2025-11-08 05:45:00,96.46
2025-11-08 06:00:00,37.79
2025-11-08 06:15:00,91.87
2025-11-08 06:30:00,93.21
2025-11-08 06:45:00,95.69
2025-11-08 07:00:00,83.39
2025-11-08 07:15:00,90.32
2025-11-08 07:30:00,99.98
2025-11-08 07:45:00,101.63
2025-11-08 08:00:00,101.18
2025-11-08 08:15:00,101.65
2025-11-08 08:30:00,105.12
2025-11-08 08:45:00,102.59
2025-11-08 09:00:00,109.96
2025-11-08 09:15:00,107.3
2025-11-08 09:30:00,99.92
2025-11-08 09:45:00,55.56
2025-11-08 10:00:00,108.11
2025-11-08 10:15:00,102.8
2025-11-08 10:30:00,101.65
2025-11-08 10:45:00,95.79
2025-11-08 11:00:00,61.43
2025-11-08 11:15:00,61.61
2025-11-08 11:30:00,61.87
2025-11-08 11:45:00,61.91
2025-11-08 12:00:00,63.11
2025-11-08 12:15:00,63.77
2025-11-08 12:30:00,64.14
2025-11-08 12:45:00,63.7
2025-11-08 13:00:00,64.75
2025-11-08 13:15:00,65.35
2025-11-08 13:30:00,65.39
2025-11-08 13:45:00,65.44
2025-11-08 14:00:00,64.67
2025-11-08 14:15:00,64.77
2025-11-08 14:30:00,71.7
2025-11-08 14:45:00,94.08
2025-11-08 15:00:00,79.55
2025-11-08 15:15:00,98.75
2025-11-08 15:30:00,106.45
2025-11-08 15:45:00,120.43
2025-11-08 16:00:00,66.82
2025-11-08 16:15:00,90.97
2025-11-08 16:30:00,106.23
2025-11-08 16:45:00,137.82
2025-11-08 17:00:00,109.57
2025-11-08 17:15:00,121.89
2025-11-08 17:30:00,128.25
2025-11-08 17:45:00,148.6
2025-11-08 18:00:00,125.79
2025-11-08 18:15:00,138.69
2025-11-08 18:30:00,139.56
2025-11-08 18:45:00,138.99
2025-11-08 19:00:00,137.0
2025-11-08 19:15:00,128.92
2025-11-08 19:30:00,101.29
2025-11-08 19:45:00,83.58
2025-11-08 20:00:00,137.86
2025-11-08 20:15:00,135.13
2025-11-08 20:30:00,130.38
2025-11-08 20:45:00,125.19
2025-11-08 21:00:00,128.97
2025-11-08 21:15:00,95.79
2025-11-08 21:30:00,45.14
2025-11-08 21:45:00,39.35
2025-11-08 22:00:00,123.61
2025-11-08 22:15:00,69.93
2025-11-08 22:30:00,38.32
2025-11-08 22:45:00,37.45
2025-11-08 23:00:00,113.32
2025-11-08 23:15:00,69.96
2025-11-08 23:30:00,38.26
2025-11-08 23:45:00,36.24
2025-11-09 00:00:00,49.94
2025-11-09 00:15:00,35.94
2025-11-09 00:30:00,35.68
2025-11-09 00:45:00,35.55
2025-11-09 01:00:00,99.79
2025-11-09 01:15:00,92.89
2025-11-09 01:30:00,95.29
2025-11-09 01:45:00,92.89
2025-11-09 02:00:00,85.46
2025-11-09 02:15:00,71.3
2025-11-09 02:30:00,71.3
2025-11-09 02:45:00,71.3
2025-11-09 03:00:00,53.2
2025-11-09 03:15:00,71.29
2025-11-09 03:30:00,71.29
2025-11-09 03:45:00,71.29
2025-11-09 04:00:00,53.19
2025-11-09 04:15:00,53.19
2025-11-09 04:30:00,53.2
2025-11-09 04:45:00,93.66
2025-11-09 05:00:00,34.04
2025-11-09 05:15:00,34.01
2025-11-09 05:30:00,34.01
2025-11-09 05:45:00,34.03
2025-11-09 06:00:00,92.66
2025-11-09 06:15:00,92.13
2025-11-09 06:30:00,94.11
2025-11-09 06:45:00,91.23
2025-11-09 07:00:00,90.99
2025-11-09 07:15:00,89.91
2025-11-09 07:30:00,91.01
2025-11-09 07:45:00,90.57
2025-11-09 08:00:00,93.37
2025-11-09 08:15:00,87.24
2025-11-09 08:30:00,90.43
2025-11-09 08:45:00,92.91
2025-11-09 09:00:00,156.7
2025-11-09 09:15:00,156.7
2025-11-09 09:30:00,156.7
2025-11-09 09:45:00,156.7
2025-11-09 10:00:00,123.94
2025-11-09 10:15:00,123.94
2025-11-09 10:30:00,97.2
2025-11-09 10:45:00,95.82
2025-11-09 11:00:00,100.34
2025-11-09 11:15:00,97.38
2025-11-09 11:30:00,98.4
2025-11-09 11:45:00,97.07
2025-11-09 12:00:00,100.75
2025-11-09 12:15:00,99.89
2025-11-09 12:30:00,97.83
2025-11-09 12:45:00,96.32
2025-11-09 13:00:00,100.2
2025-11-09 13:15:00,99.25
2025-11-09 13:30:00,97.56
2025-11-09 13:45:00,144.42
2025-11-09 14:00:00,100.49
2025-11-09 14:15:00,100.2
2025-11-09 14:30:00,133.94
2025-11-09 14:45:00,156.7
2025-11-09 15:00:00,98.8
2025-11-09 15:15:00,100.75
2025-11-09 15:30:00,110.61
2025-11-09 15:45:00,156.69
2025-11-09 16:00:00,110.9
2025-11-09 16:15:00,117.5
2025-11-09 16:30:00,156.69
2025-11-09 16:45:00,171.3
2025-11-09 17:00:00,128.91
2025-11-09 17:15:00,156.69
2025-11-09 17:30:00,171.22
2025-11-09 17:45:00,171.24
2025-11-09 18:00:00,156.7
2025-11-09 18:15:00,156.7
2025-11-09 18:30:00,156.69
2025-11-09 18:45:00,140.57
2025-11-09 19:00:00,127.36
2025-11-09 19:15:00,129.77
2025-11-09 19:30:00,133.93
2025-11-09 19:45:00,132.46
2025-11-09 20:00:00,143.47
2025-11-09 20:15:00,135.85
2025-11-09 20:30:00,138.58
2025-11-09 20:45:00,136.93
2025-11-09 21:00:00,144.77
2025-11-09 21:15:00,127.99
2025-11-09 21:30:00,122.87
2025-11-09 21:45:00,115.8
2025-11-09 22:00:00,128.81
2025-11-09 22:15:00,116.77
2025-11-09 22:30:00,115.8
2025-11-09 22:45:00,107.89
2025-11-09 23:00:00,115.8
2025-11-09 23:15:00,111.81
2025-11-09 23:30:00,106.44
2025-11-09 23:45:00,99.32
2025-11-10 00:00:00,101.69
2025-11-10 00:15:00,100.19
2025-11-10 00:30:00,94.03
2025-11-10 00:45:00,86.02
2025-11-10 01:00:00,93.4
2025-11-10 01:15:00,90.52
2025-11-10 01:30:00,88.8
2025-11-10 01:45:00,87.7
2025-11-10 02:00:00,89.5
2025-11-10 02:15:00,89.52
2025-11-10 02:30:00,87.63
2025-11-10 02:45:00,88.27
2025-11-10 03:00:00,91.47
2025-11-10 03:15:00,90.89
2025-11-10 03:30:00,89.39
2025-11-10 03:45:00,88.52
2025-11-10 04:00:00,89.81
2025-11-10 04:15:00,36.19
2025-11-10 04:30:00,38.97
2025-11-10 04:45:00,88.82
2025-11-10 05:00:00,35.41
2025-11-10 05:15:00,40.0
2025-11-10 05:30:00,88.63
2025-11-10 05:45:00,93.54
2025-11-10 06:00:00,123.92
2025-11-10 06:15:00,88.35
2025-11-10 06:30:00,400.05
2025-11-10 06:45:00,273.11
2025-11-10 07:00:00,97.67
2025-11-10 07:15:00,154.09
2025-11-10 07:30:00,173.3
2025-11-10 07:45:00,250.04
2025-11-10 08:00:00,154.09
2025-11-10 08:15:00,189.99
2025-11-10 08:30:00,250.03
2025-11-10 08:45:00,266.3
2025-11-10 09:00:00,199.99
2025-11-10 09:15:00,190.0
2025-11-10 09:30:00,189.99
2025-11-10 09:45:00,173.29
2025-11-10 10:00:00,179.16
2025-11-10 10:15:00,154.1
2025-11-10 10:30:00,190.0
2025-11-10 10:45:00,173.3
2025-11-10 11:00:00,189.99
2025-11-10 11:15:00,173.3
2025-11-10 11:30:00,173.29
2025-11-10 11:45:00,154.1
2025-11-10 12:00:00,154.1
2025-11-10 12:15:00,154.1
2025-11-10 12:30:00,154.1
2025-11-10 12:45:00,184.47
2025-11-10 13:00:00,189.99
2025-11-10 13:15:00,212.39
2025-11-10 13:30:00,240.0
2025-11-10 13:45:00,250.01
2025-11-10 14:00:00,289.99
2025-11-10 14:15:00,325.04
2025-11-10 14:30:00,398.03
2025-11-10 14:45:00,400.08
2025-11-10 15:00:00,212.4
2025-11-10 15:15:00,250.07
2025-11-10 15:30:00,266.3
2025-11-10 15:45:00,252.5
2025-11-10 16:00:00,154.31
2025-11-10 16:15:00,187.74
2025-11-10 16:30:00,206.4
2025-11-10 16:45:00,214.51
2025-11-10 17:00:00,200.64
2025-11-10 17:15:00,204.48
2025-11-10 17:30:00,251.13
2025-11-10 17:45:00,280.36
2025-11-10 18:00:00,187.65
2025-11-10 18:15:00,198.12
2025-11-10 18:30:00,202.04
2025-11-10 18:45:00,202.41
2025-11-10 19:00:00,173.36
2025-11-10 19:15:00,191.87
2025-11-10 19:30:00,183.6
2025-11-10 19:45:00,188.85
2025-11-10 20:00:00,163.58
2025-11-10 20:15:00,166.25
2025-11-10 20:30:00,166.03
2025-11-10 20:45:00,163.09
2025-11-10 21:00:00,235.43
2025-11-10 21:15:00,176.37
2025-11-10 21:30:00,145.95
2025-11-10 21:45:00,134.51
2025-11-10 22:00:00,266.31
2025-11-10 22:15:00,168.6
2025-11-10 22:30:00,106.4
2025-11-10 22:45:00,104.9
2025-11-10 23:00:00,130.18
2025-11-10 23:15:00,114.39
2025-11-10 23:30:00,114.39
2025-11-10 23:45:00,102.76
2025-11-11 00:00:00,111.46
2025-11-11 00:15:00,62.24
2025-11-11 00:30:00,60.19
2025-11-11 00:45:00,54.99
2025-11-11 01:00:00,93.19
2025-11-11 01:15:00,88.64
2025-11-11 01:30:00,82.97
2025-11-11 01:45:00,81.42
2025-11-11 02:00:00,92.41
2025-11-11 02:15:00,84.04
2025-11-11 02:30:00,81.19
2025-11-11 02:45:00,79.48
2025-11-11 03:00:00,81.76
2025-11-11 03:15:00,80.52
2025-11-11 03:30:00,79.19
2025-11-11 03:45:00,81.49
2025-11-11 04:00:00,78.84
2025-11-11 04:15:00,81.39
2025-11-11 04:30:00,81.8
2025-11-11 04:45:00,80.37
2025-11-11 05:00:00,99.6
2025-11-11 05:15:00,226.5
2025-11-11 05:30:00,81.82
2025-11-11 05:45:00,83.52
2025-11-11 06:00:00,73.83
2025-11-11 06:15:00,226.5
2025-11-11 06:30:00,109.33
2025-11-11 06:45:00,173.3
2025-11-11 07:00:00,249.2
2025-11-11 07:15:00,250.03
2025-11-11 07:30:00,325.08
2025-11-11 07:45:00,483.03
2025-11-11 08:00:00,102.34
2025-11-11 08:15:00,154.1
2025-11-11 08:30:00,190.0
2025-11-11 08:45:00,212.4
2025-11-11 09:00:00,190.0
2025-11-11 09:15:00,189.99
2025-11-11 09:30:00,189.99
2025-11-11 09:45:00,154.09
2025-11-11 10:00:00,190.0
2025-11-11 10:15:00,173.29
2025-11-11 10:30:00,125.99
2025-11-11 10:45:00,98.06
2025-11-11 11:00:00,196.49
2025-11-11 11:15:00,190.0
2025-11-11 11:30:00,154.1
2025-11-11 11:45:00,120.95
2025-11-11 12:00:00,154.1
2025-11-11 12:15:00,154.1
2025-11-11 12:30:00,189.99
2025-11-11 12:45:00,212.53
2025-11-11 13:00:00,226.5
2025-11-11 13:15:00,226.51
2025-11-11 13:30:00,226.51
2025-11-11 13:45:00,226.51
2025-11-11 14:00:00,249.21
2025-11-11 14:15:00,250.04
2025-11-11 14:30:00,262.72
2025-11-11 14:45:00,294.72
2025-11-11 15:00:00,226.5
2025-11-11 15:15:00,226.51
2025-11-11 15:30:00,230.28
2025-11-11 15:45:00,239.99
2025-11-11 16:00:00,226.5
2025-11-11 16:15:00,226.5
2025-11-11 16:30:00,226.5
2025-11-11 16:45:00,226.5
2025-11-11 17:00:00,189.99
2025-11-11 17:15:00,189.99
2025-11-11 17:30:00,184.17
2025-11-11 17:45:00,173.29
2025-11-11 18:00:00,150.6
2025-11-11 18:15:00,145.75
2025-11-11 18:30:00,137.87
2025-11-11 18:45:00,129.14
2025-11-11 19:00:00,137.72
2025-11-11 19:15:00,125.58
2025-11-11 19:30:00,119.09
2025-11-11 19:45:00,116.81
2025-11-11 20:00:00,121.29
2025-11-11 20:15:00,120.89
2025-11-11 20:30:00,117.37
2025-11-11 20:45:00,116.92
2025-11-11 21:00:00,119.33
2025-11-11 21:15:00,117.06
2025-11-11 21:30:00,110.03
2025-11-11 21:45:00,101.47
2025-11-11 22:00:00,114.73
2025-11-11 22:15:00,111.42
2025-11-11 22:30:00,103.53
2025-11-11 22:45:00,95.85
2025-11-11 23:00:00,121.23
2025-11-11 23:15:00,91.6
2025-11-11 23:30:00,85.11
2025-11-11 23:45:00,50.01
2025-11-12 00:00:00,31.89
2025-11-12 00:15:00,90.32
2025-11-12 00:30:00,83.77
2025-11-12 00:45:00,70.5
2025-11-12 01:00:00,91.52
2025-11-12 01:15:00,85.52
2025-11-12 01:30:00,68.04
2025-11-12 01:45:00,66.24
2025-11-12 02:00:00,87.0
2025-11-12 02:15:00,78.01
2025-11-12 02:30:00,70.52
2025-11-12 02:45:00,70.88
2025-11-12 03:00:00,72.52
2025-11-12 03:15:00,71.66
2025-11-12 03:30:00,79.84
2025-11-12 03:45:00,50.06
2025-11-12 04:00:00,76.78
2025-11-12 04:15:00,25.96
2025-11-12 04:30:00,29.99
2025-11-12 04:45:00,30.0
2025-11-12 05:00:00,75.06
2025-11-12 05:15:00,80.22
2025-11-12 05:30:00,89.11
2025-11-12 05:45:00,95.09
2025-11-12 06:00:00,96.24
2025-11-12 06:15:00,107.3
2025-11-12 06:30:00,112.52
2025-11-12 06:45:00,183.81
2025-11-12 07:00:00,85.12
2025-11-12 07:15:00,156.9
2025-11-12 07:30:00,183.8
2025-11-12 07:45:00,183.81
2025-11-12 08:00:00,156.9
2025-11-12 08:15:00,176.5
2025-11-12 08:30:00,176.5
2025-11-12 08:45:00,173.6
2025-11-12 09:00:00,176.5
2025-11-12 09:15:00,156.9
2025-11-12 09:30:00,131.93
2025-11-12 09:45:00,71.49
2025-11-12 10:00:00,140.91
2025-11-12 10:15:00,136.04
2025-11-12 10:30:00,116.12
2025-11-12 10:45:00,104.69
2025-11-12 11:00:00,156.89
2025-11-12 11:15:00,127.12
2025-11-12 11:30:00,99.42
2025-11-12 11:45:00,93.57
2025-11-12 12:00:00,131.91
2025-11-12 12:15:00,97.5
2025-11-12 12:30:00,97.53
2025-11-12 12:45:00,95.09
2025-11-12 13:00:00,97.62
2025-11-12 13:15:00,100.54
2025-11-12 13:30:00,101.01
2025-11-12 13:45:00,100.54
2025-11-12 14:00:00,100.54
2025-11-12 14:15:00,101.01
2025-11-12 14:30:00,101.01
2025-11-12 14:45:00,121.99
2025-11-12 15:00:00,156.9
2025-11-12 15:15:00,156.9
2025-11-12 15:30:00,156.9
2025-11-12 15:45:00,136.61
2025-11-12 16:00:00,121.69
2025-11-12 16:15:00,140.1
2025-11-12 16:30:00,202.2
2025-11-12 16:45:00,202.2
2025-11-12 17:00:00,141.98
2025-11-12 17:15:00,141.52
2025-11-12 17:30:00,53.39
2025-11-12 17:45:00,36.92
2025-11-12 18:00:00,144.43
2025-11-12 18:15:00,137.55
2025-11-12 18:30:00,122.78
2025-11-12 18:45:00,60.0
2025-11-12 19:00:00,143.47
2025-11-12 19:15:00,116.11
2025-11-12 19:30:00,116.1
2025-11-12 19:45:00,114.69
2025-11-12 20:00:00,123.95
2025-11-12 20:15:00,114.68
2025-11-12 20:30:00,28.14
2025-11-12 20:45:00,104.48
2025-11-12 21:00:00,115.83
2025-11-12 21:15:00,105.47
2025-11-12 21:30:00,40.62
2025-11-12 21:45:00,23.07
2025-11-12 22:00:00,20.7
2025-11-12 22:15:00,20.64
2025-11-12 22:30:00,20.63
2025-11-12 22:45:00,10.0
2025-11-12 23:00:00,20.74
2025-11-12 23:15:00,36.54
2025-11-12 23:30:00,23.05
2025-11-12 23:45:00,20.64
2025-11-13 00:00:00,20.63
2025-11-13 00:15:00,3.71
2025-11-13 00:30:00,3.61
2025-11-13 00:45:00,3.61
2025-11-13 01:00:00,4.61
2025-11-13 01:15:00,3.61
2025-11-13 01:30:00,3.6
2025-11-13 01:45:00,3.61
2025-11-13 02:00:00,6.55
2025-11-13 02:15:00,5.01
2025-11-13 02:30:00,3.6
2025-11-13 02:45:00,0.38
2025-11-13 03:00:00,5.0
2025-11-13 03:15:00,3.6
2025-11-13 03:30:00,3.6
2025-11-13 03:45:00,9.99
2025-11-13 04:00:00,1.14
2025-11-13 04:15:00,3.71
2025-11-13 04:30:00,5.0
2025-11-13 04:45:00,5.01
2025-11-13 05:00:00,0.12
2025-11-13 05:15:00,3.6
2025-11-13 05:30:00,5.01
2025-11-13 05:45:00,10.01
2025-11-13 06:00:00,1.28
2025-11-13 06:15:00,3.61
2025-11-13 06:30:00,3.51
2025-11-13 06:45:00,3.6
2025-11-13 07:00:00,20.63
2025-11-13 07:15:00,20.64
2025-11-13 07:30:00,20.64
2025-11-13 07:45:00,20.69
2025-11-13 08:00:00,23.07
2025-11-13 08:15:00,29.7
2025-11-13 08:30:00,30.22
2025-11-13 08:45:00,30.9
2025-11-13 09:00:00,32.68
2025-11-13 09:15:00,31.52
2025-11-13 09:30:00,30.65
2025-11-13 09:45:00,30.15
2025-11-13 10:00:00,31.13
2025-11-13 10:15:00,30.5
2025-11-13 10:30:00,28.3
2025-11-13 10:45:00,27.82
2025-11-13 11:00:00,30.58
2025-11-13 11:15:00,27.99
2025-11-13 11:30:00,26.33
2025-11-13 11:45:00,23.0
2025-11-13 12:00:00,27.99
2025-11-13 12:15:00,20.83
2025-11-13 12:30:00,22.45
2025-11-13 12:45:00,26.43
2025-11-13 13:00:00,23.56
2025-11-13 13:15:00,26.06
2025-11-13 13:30:00,28.34
2025-11-13 13:45:00,28.84
2025-11-13 14:00:00,29.89
2025-11-13 14:15:00,31.29
2025-11-13 14:30:00,32.0
2025-11-13 14:45:00,33.39
2025-11-13 15:00:00,31.77
2025-11-13 15:15:00,33.39
2025-11-13 15:30:00,33.58
2025-11-13 15:45:00,33.64
2025-11-13 16:00:00,33.28
2025-11-13 16:15:00,33.88
2025-11-13 16:30:00,33.93
2025-11-13 16:45:00,34.25
2025-11-13 17:00:00,34.57
2025-11-13 17:15:00,34.93
2025-11-13 17:30:00,35.25
2025-11-13 17:45:00,35.42
2025-11-13 18:00:00,36.24
2025-11-13 18:15:00,36.99
2025-11-13 18:30:00,36.47
2025-11-13 18:45:00,36.47
2025-11-13 19:00:00,36.91
2025-11-13 19:15:00,36.88
2025-11-13 19:30:00,36.75
2025-11-13 19:45:00,36.62
2025-11-13 20:00:00,36.29
2025-11-13 20:15:00,36.07
2025-11-13 20:30:00,36.14
2025-11-13 20:45:00,35.6
2025-11-13 21:00:00,35.62
2025-11-13 21:15:00,35.54
2025-11-13 21:30:00,35.29
2025-11-13 21:45:00,35.24
2025-11-13 22:00:00,35.15
2025-11-13 22:15:00,34.91
2025-11-13 22:30:00,35.01
2025-11-13 22:45:00,34.61
2025-11-13 23:00:00,34.7
2025-11-13 23:15:00,34.28
2025-11-13 23:30:00,33.91
2025-11-13 23:45:00,33.74
2025-11-14 00:00:00,33.38
2025-11-14 00:15:00,33.32
2025-11-14 00:30:00,33.2
2025-11-14 00:45:00,32.53
2025-11-14 01:00:00,32.99
2025-11-14 01:15:00,33.05
2025-11-14 01:30:00,32.95
2025-11-14 01:45:00,32.87
2025-11-14 02:00:00,30.17
2025-11-14 02:15:00,30.4
2025-11-14 02:30:00,29.42
2025-11-14 02:45:00,29.7
2025-11-14 03:00:00,28.84
2025-11-14 03:15:00,29.47
2025-11-14 03:30:00,29.53
2025-11-14 03:45:00,30.72
2025-11-14 04:00:00,29.77
2025-11-14 04:15:00,29.7
2025-11-14 04:30:00,29.69
2025-11-14 04:45:00,29.04
2025-11-14 05:00:00,31.86
2025-11-14 05:15:00,32.08
2025-11-14 05:30:00,32.61
2025-11-14 05:45:00,33.12
2025-11-14 06:00:00,32.78
2025-11-14 06:15:00,33.58
2025-11-14 06:30:00,34.75
2025-11-14 06:45:00,35.42
2025-11-14 07:00:00,35.34
2025-11-14 07:15:00,36.61
2025-11-14 07:30:00,61.0
2025-11-14 07:45:00,85.02
2025-11-14 08:00:00,136.77
2025-11-14 08:15:00,142.13
2025-11-14 08:30:00,140.76
2025-11-14 08:45:00,144.45
2025-11-14 09:00:00,156.62
2025-11-14 09:15:00,149.99
2025-11-14 09:30:00,157.89
2025-11-14 09:45:00,157.89
2025-11-14 10:00:00,137.6
2025-11-14 10:15:00,126.52
2025-11-14 10:30:00,124.66
2025-11-14 10:45:00,118.23
2025-11-14 11:00:00,125.56
2025-11-14 11:15:00,118.64
2025-11-14 11:30:00,109.01
2025-11-14 11:45:00,106.2
2025-11-14 12:00:00,114.18
2025-11-14 12:15:00,109.33
2025-11-14 12:30:00,108.13
2025-11-14 12:45:00,104.75
2025-11-14 13:00:00,104.59
2025-11-14 13:15:00,104.01
2025-11-14 13:30:00,103.52
2025-11-14 13:45:00,133.91
2025-11-14 14:00:00,107.82
2025-11-14 14:15:00,157.89
2025-11-14 14:30:00,195.0
2025-11-14 14:45:00,217.29
2025-11-14 15:00:00,107.82
2025-11-14 15:15:00,157.89
2025-11-14 15:30:00,170.22
2025-11-14 15:45:00,207.28
2025-11-14 16:00:00,120.49
2025-11-14 16:15:00,158.1
2025-11-14 16:30:00,209.15
2025-11-14 16:45:00,200.64
2025-11-14 17:00:00,158.17
2025-11-14 17:15:00,177.59
2025-11-14 17:30:00,208.39
2025-11-14 17:45:00,227.02
2025-11-14 18:00:00,177.6
2025-11-14 18:15:00,177.6
2025-11-14 18:30:00,172.97
2025-11-14 18:45:00,160.82
2025-11-14 19:00:00,163.87
2025-11-14 19:15:00,170.22
2025-11-14 19:30:00,165.47
2025-11-14 19:45:00,143.28
2025-11-14 20:00:00,195.92
2025-11-14 20:15:00,172.39
2025-11-14 20:30:00,162.19
2025-11-14 20:45:00,151.8
2025-11-14 21:00:00,170.21
2025-11-14 21:15:00,153.67
2025-11-14 21:30:00,128.39
2025-11-14 21:45:00,109.62
2025-11-14 22:00:00,143.62
2025-11-14 22:15:00,109.34
2025-11-14 22:30:00,103.56
2025-11-14 22:45:00,92.13
2025-11-14 23:00:00,115.9
2025-11-14 23:15:00,113.0
2025-11-14 23:30:00,107.28
2025-11-14 23:45:00,49.93
2025-11-15 00:00:00,32.96
2025-11-15 00:15:00,32.48
2025-11-15 00:30:00,31.52
2025-11-15 00:45:00,30.32
2025-11-15 01:00:00,54.0
2025-11-15 01:15:00,36.91
2025-11-15 01:30:00,64.2
2025-11-15 01:45:00,58.37
2025-11-15 02:00:00,49.95
2025-11-15 02:15:00,31.78
2025-11-15 02:30:00,31.51
2025-11-15 02:45:00,30.72
2025-11-15 03:00:00,30.54
2025-11-15 03:15:00,30.53
2025-11-15 03:30:00,30.32
2025-11-15 03:45:00,29.96
2025-11-15 04:00:00,30.0
2025-11-15 04:15:00,29.86
2025-11-15 04:30:00,29.95
2025-11-15 04:45:00,29.77
2025-11-15 05:00:00,29.89
2025-11-15 05:15:00,29.88
2025-11-15 05:30:00,29.78
2025-11-15 05:45:00,29.78
2025-11-15 06:00:00,29.49
2025-11-15 06:15:00,29.22
2025-11-15 06:30:00,29.89
2025-11-15 06:45:00,29.81
2025-11-15 07:00:00,29.78
2025-11-15 07:15:00,30.44
2025-11-15 07:30:00,31.98
2025-11-15 07:45:00,33.25
2025-11-15 08:00:00,33.45
2025-11-15 08:15:00,33.87
2025-11-15 08:30:00,34.66
2025-11-15 08:45:00,35.67
2025-11-15 09:00:00,36.01
2025-11-15 09:15:00,36.23
2025-11-15 09:30:00,36.75
2025-11-15 09:45:00,37.27
2025-11-15 10:00:00,39.15
2025-11-15 10:15:00,39.59
2025-11-15 10:30:00,39.59
2025-11-15 10:45:00,39.58
2025-11-15 11:00:00,40.38
2025-11-15 11:15:00,40.39
2025-11-15 11:30:00,40.37
2025-11-15 11:45:00,41.09
2025-11-15 12:00:00,40.83
2025-11-15 12:15:00,40.83
2025-11-15 12:30:00,40.82
2025-11-15 12:45:00,40.84
2025-11-15 13:00:00,39.87
2025-11-15 13:15:00,40.17
2025-11-15 13:30:00,40.9
2025-11-15 13:45:00,41.37
2025-11-15 14:00:00,41.3
2025-11-15 14:15:00,41.39
2025-11-15 14:30:00,41.54
2025-11-15 14:45:00,108.67
2025-11-15 15:00:00,107.75
2025-11-15 15:15:00,115.99
2025-11-15 15:30:00,143.66
2025-11-15 15:45:00,162.91
2025-11-15 16:00:00,132.32
2025-11-15 16:15:00,152.93
2025-11-15 16:30:00,189.34
2025-11-15 16:45:00,175.57
2025-11-15 17:00:00,143.85
2025-11-15 17:15:00,164.05
2025-11-15 17:30:00,170.12
2025-11-15 17:45:00,168.25
2025-11-15 18:00:00,139.83
2025-11-15 18:15:00,135.53
2025-11-15 18:30:00,45.08
2025-11-15 18:45:00,44.54
2025-11-15 19:00:00,136.96
2025-11-15 19:15:00,129.74
2025-11-15 19:30:00,124.02
2025-11-15 19:45:00,115.82
2025-11-15 20:00:00,119.55
2025-11-15 20:15:00,116.81
2025-11-15 20:30:00,115.19
2025-11-15 20:45:00,40.58
2025-11-15 21:00:00,115.02
2025-11-15 21:15:00,119.48
2025-11-15 21:30:00,108.42
2025-11-15 21:45:00,103.5
2025-11-15 22:00:00,104.43
2025-11-15 22:15:00,38.7
2025-11-15 22:30:00,37.86
2025-11-15 22:45:00,37.45
2025-11-15 23:00:00,36.91
2025-11-15 23:15:00,36.6
2025-11-15 23:30:00,36.17
2025-11-15 23:45:00,35.96
2025-11-16 00:00:00,35.86
2025-11-16 00:15:00,35.75
2025-11-16 00:30:00,35.47
2025-11-16 00:45:00,34.47
2025-11-16 01:00:00,89.14
2025-11-16 01:15:00,87.22
2025-11-16 01:30:00,32.95
2025-11-16 01:45:00,32.87
2025-11-16 02:00:00,32.67
2025-11-16 02:15:00,33.0
2025-11-16 02:30:00,32.62
2025-11-16 02:45:00,32.76
2025-11-16 03:00:00,34.2
2025-11-16 03:15:00,34.13
2025-11-16 03:30:00,34.16
2025-11-16 03:45:00,34.08
2025-11-16 04:00:00,32.97
2025-11-16 04:15:00,33.23
2025-11-16 04:30:00,20.84
2025-11-16 04:45:00,59.88
2025-11-16 05:00:00,20.84
2025-11-16 05:15:00,33.48
2025-11-16 05:30:00,33.96
2025-11-16 05:45:00,34.14
2025-11-16 06:00:00,34.16
2025-11-16 06:15:00,34.65
2025-11-16 06:30:00,35.33
2025-11-16 06:45:00,35.95
2025-11-16 07:00:00,36.34
2025-11-16 07:15:00,37.14
2025-11-16 07:30:00,37.41
2025-11-16 07:45:00,37.8
2025-11-16 08:00:00,37.94
2025-11-16 08:15:00,38.36
2025-11-16 08:30:00,39.06
2025-11-16 08:45:00,39.79
2025-11-16 09:00:00,41.4
2025-11-16 09:15:00,42.0
2025-11-16 09:30:00,42.51
2025-11-16 09:45:00,43.3
2025-11-16 10:00:00,43.03
2025-11-16 10:15:00,43.18
2025-11-16 10:30:00,43.55
2025-11-16 10:45:00,44.54
2025-11-16 11:00:00,43.84
2025-11-16 11:15:00,44.57
2025-11-16 11:30:00,46.35
2025-11-16 11:45:00,49.15
2025-11-16 12:00:00,45.31
2025-11-16 12:15:00,46.8
2025-11-16 12:30:00,48.89
2025-11-16 12:45:00,49.73
2025-11-16 13:00:00,46.99
2025-11-16 13:15:00,54.73
2025-11-16 13:30:00,77.29
2025-11-16 13:45:00,86.48
2025-11-16 14:00:00,87.1
2025-11-16 14:15:00,108.58
2025-11-16 14:30:00,103.87
2025-11-16 14:45:00,105.67
2025-11-16 15:00:00,77.33
2025-11-16 15:15:00,88.62
2025-11-16 15:30:00,99.98
2025-11-16 15:45:00,115.55
2025-11-16 16:00:00,109.35
2025-11-16 16:15:00,115.86
2025-11-16 16:30:00,119.21
2025-11-16 16:45:00,113.38
2025-11-16 17:00:00,98.16
2025-11-16 17:15:00,104.52
2025-11-16 17:30:00,113.46
2025-11-16 17:45:00,129.45
2025-11-16 18:00:00,112.2
2025-11-16 18:15:00,122.02
2025-11-16 18:30:00,134.53
2025-11-16 18:45:00,133.07
2025-11-16 19:00:00,130.25
2025-11-16 19:15:00,126.22
2025-11-16 19:30:00,125.71
2025-11-16 19:45:00,122.14
2025-11-16 20:00:00,120.55
2025-11-16 20:15:00,116.79
2025-11-16 20:30:00,115.83
2025-11-16 20:45:00,111.76
2025-11-16 21:00:00,116.98
2025-11-16 21:15:00,112.52
2025-11-16 21:30:00,106.65
2025-11-16 21:45:00,99.8
2025-11-16 22:00:00,106.14
2025-11-16 22:15:00,100.63
2025-11-16 22:30:00,99.27
2025-11-16 22:45:00,94.33
2025-11-16 23:00:00,103.66
2025-11-16 23:15:00,100.34
2025-11-16 23:30:00,91.94
2025-11-16 23:45:00,90.79
2025-11-17 00:00:00,100.55
2025-11-17 00:15:00,87.23
2025-11-17 00:30:00,85.19
2025-11-17 00:45:00,74.93
2025-11-17 01:00:00,90.51
2025-11-17 01:15:00,90.18
2025-11-17 01:30:00,91.6
2025-11-17 01:45:00,85.92
2025-11-17 02:00:00,87.01
2025-11-17 02:15:00,83.19
2025-11-17 02:30:00,80.5
2025-11-17 02:45:00,74.93
2025-11-17 03:00:00,78.67
2025-11-17 03:15:00,75.34
2025-11-17 03:30:00,73.73
2025-11-17 03:45:00,72.23
2025-11-17 04:00:00,73.61
2025-11-17 04:15:00,72.14
2025-11-17 04:30:00,73.0
2025-11-17 04:45:00,72.92
2025-11-17 05:00:00,73.08
2025-11-17 05:15:00,73.38
2025-11-17 05:30:00,76.41
2025-11-17 05:45:00,82.1
2025-11-17 06:00:00,73.36
2025-11-17 06:15:00,157.5
2025-11-17 06:30:00,216.79
2025-11-17 06:45:00,347.41
2025-11-17 07:00:00,96.72
2025-11-17 07:15:00,157.49
2025-11-17 07:30:00,169.62
2025-11-17 07:45:00,177.09
2025-11-17 08:00:00,177.09
2025-11-17 08:15:00,190.0
2025-11-17 08:30:00,190.0
2025-11-17 08:45:00,189.99
2025-11-17 09:00:00,199.17
2025-11-17 09:15:00,189.99
2025-11-17 09:30:00,175.71
2025-11-17 09:45:00,155.29
2025-11-17 10:00:00,164.61
2025-11-17 10:15:00,149.61
2025-11-17 10:30:00,127.74
2025-11-17 10:45:00,124.8
2025-11-17 11:00:00,126.42
2025-11-17 11:15:00,126.18
2025-11-17 11:30:00,149.6
2025-11-17 11:45:00,157.86
2025-11-17 12:00:00,121.1
2025-11-17 12:15:00,130.32
2025-11-17 12:30:00,129.04
2025-11-17 12:45:00,140.6
2025-11-17 13:00:00,153.86
2025-11-17 13:15:00,156.53
2025-11-17 13:30:00,157.72
2025-11-17 13:45:00,158.94
2025-11-17 14:00:00,162.46
2025-11-17 14:15:00,165.22
2025-11-17 14:30:00,158.54
2025-11-17 14:45:00,161.78
2025-11-17 15:00:00,142.98
2025-11-17 15:15:00,164.61
2025-11-17 15:30:00,175.46
2025-11-17 15:45:00,166.47
2025-11-17 16:00:00,177.1
2025-11-17 16:15:00,164.6
2025-11-17 16:30:00,157.49
2025-11-17 16:45:00,149.6
2025-11-17 17:00:00,164.6
2025-11-17 17:15:00,164.6
2025-11-17 17:30:00,157.5
2025-11-17 17:45:00,157.5
2025-11-17 18:00:00,164.61
2025-11-17 18:15:00,157.5
2025-11-17 18:30:00,152.11
2025-11-17 18:45:00,123.78
2025-11-17 19:00:00,157.5
2025-11-17 19:15:00,149.6
2025-11-17 19:30:00,126.8
2025-11-17 19:45:00,116.1
2025-11-17 20:00:00,114.97
2025-11-17 20:15:00,112.33
2025-11-17 20:30:00,108.72
2025-11-17 20:45:00,107.3
2025-11-17 21:00:00,108.38
2025-11-17 21:15:00,107.3
2025-11-17 21:30:00,104.35
2025-11-17 21:45:00,91.84
2025-11-17 22:00:00,102.07
2025-11-17 22:15:00,95.08
2025-11-17 22:30:00,90.63
2025-11-17 22:45:00,85.08
2025-11-17 23:00:00,91.95
2025-11-17 23:15:00,87.42
2025-11-17 23:30:00,86.35
2025-11-17 23:45:00,82.76
2025-11-18 00:00:00,87.96
2025-11-18 00:15:00,81.36
2025-11-18 00:30:00,75.61
2025-11-18 00:45:00,70.09
2025-11-18 01:00:00,89.07
2025-11-18 01:15:00,82.99
2025-11-18 01:30:00,84.11
2025-11-18 01:45:00,79.95
2025-11-18 02:00:00,84.91
2025-11-18 02:15:00,81.38
2025-11-18 02:30:00,80.79
2025-11-18 02:45:00,77.88
2025-11-18 03:00:00,79.92
2025-11-18 03:15:00,77.81
2025-11-18 03:30:00,77.37
2025-11-18 03:45:00,75.68
2025-11-18 04:00:00,76.87
2025-11-18 04:15:00,76.36
2025-11-18 04:30:00,76.29
2025-11-18 04:45:00,76.03
2025-11-18 05:00:00,75.7
2025-11-18 05:15:00,77.44
2025-11-18 05:30:00,80.39
2025-11-18 05:45:00,83.49
2025-11-18 06:00:00,77.17
2025-11-18 06:15:00,83.37
2025-11-18 06:30:00,87.3
2025-11-18 06:45:00,89.95
2025-11-18 07:00:00,87.79
2025-11-18 07:15:00,97.48
2025-11-18 07:30:00,116.48
2025-11-18 07:45:00,137.93
2025-11-18 08:00:00,104.8
2025-11-18 08:15:00,107.51
2025-11-18 08:30:00,131.89
2025-11-18 08:45:00,129.84
2025-11-18 09:00:00,135.34
2025-11-18 09:15:00,128.82
2025-11-18 09:30:00,121.97
2025-11-18 09:45:00,105.37
2025-11-18 10:00:00,142.57
2025-11-18 10:15:00,114.91
2025-11-18 10:30:00,102.81
2025-11-18 10:45:00,100.0
2025-11-18 11:00:00,117.27
2025-11-18 11:15:00,99.97
2025-11-18 11:30:00,92.92
2025-11-18 11:45:00,90.14
2025-11-18 12:00:00,97.88
2025-11-18 12:15:00,90.41
2025-11-18 12:30:00,91.83
2025-11-18 12:45:00,92.64
2025-11-18 13:00:00,91.38
2025-11-18 13:15:00,91.07
2025-11-18 13:30:00,91.8
2025-11-18 13:45:00,102.76
2025-11-18 14:00:00,99.35
2025-11-18 14:15:00,103.5
2025-11-18 14:30:00,115.45
2025-11-18 14:45:00,120.25
2025-11-18 15:00:00,100.0
2025-11-18 15:15:00,112.62
2025-11-18 15:30:00,145.29
2025-11-18 15:45:00,150.0
2025-11-18 16:00:00,113.16
2025-11-18 16:15:00,130.47
2025-11-18 16:30:00,152.99
2025-11-18 16:45:00,164.89
2025-11-18 17:00:00,145.1
2025-11-18 17:15:00,158.67
2025-11-18 17:30:00,171.91
2025-11-18 17:45:00,187.24
2025-11-18 18:00:00,151.01
2025-11-18 18:15:00,159.24
2025-11-18 18:30:00,157.85
2025-11-18 18:45:00,159.07
2025-11-18 19:00:00,182.17
2025-11-18 19:15:00,177.09
2025-11-18 19:30:00,157.49
2025-11-18 19:45:00,149.99
2025-11-18 20:00:00,147.25
2025-11-18 20:15:00,142.96
2025-11-18 20:30:00,137.01
2025-11-18 20:45:00,129.48
2025-11-18 21:00:00,131.54
2025-11-18 21:15:00,107.32
2025-11-18 21:30:00,106.4
2025-11-18 21:45:00,99.99
2025-11-18 22:00:00,110.68
2025-11-18 22:15:00,101.97
2025-11-18 22:30:00,97.43
2025-11-18 22:45:00,92.87
2025-11-18 23:00:00,104.81
2025-11-18 23:15:00,96.24
2025-11-18 23:30:00,100.08
2025-11-18 23:45:00,91.32
2025-11-19 00:00:00,97.35
2025-11-19 00:15:00,89.12
2025-11-19 00:30:00,88.85
2025-11-19 00:45:00,84.53
2025-11-19 01:00:00,95.61
2025-11-19 01:15:00,88.91
2025-11-19 01:30:00,88.31
2025-11-19 01:45:00,86.05
2025-11-19 02:00:00,88.54
2025-11-19 02:15:00,86.32
2025-11-19 02:30:00,88.84
2025-11-19 02:45:00,87.98
2025-11-19 03:00:00,87.42
2025-11-19 03:15:00,84.14
2025-11-19 03:30:00,86.06
2025-11-19 03:45:00,85.59
2025-11-19 04:00:00,83.62
2025-11-19 04:15:00,84.49
2025-11-19 04:30:00,85.14
2025-11-19 04:45:00,85.85
2025-11-19 05:00:00,83.3
2025-11-19 05:15:00,85.08
2025-11-19 05:30:00,87.43
2025-11-19 05:45:00,90.77
2025-11-19 06:00:00,88.86
2025-11-19 06:15:00,92.96
2025-11-19 06:30:00,97.02
2025-11-19 06:45:00,122.88
2025-11-19 07:00:00,90.78
2025-11-19 07:15:00,100.15
2025-11-19 07:30:00,118.83
2025-11-19 07:45:00,145.39
2025-11-19 08:00:00,129.46
2025-11-19 08:15:00,147.25
2025-11-19 08:30:00,149.99
2025-11-19 08:45:00,150.0
2025-11-19 09:00:00,160.83
2025-11-19 09:15:00,155.75
2025-11-19 09:30:00,156.4
2025-11-19 09:45:00,156.39
2025-11-19 10:00:00,150.0
2025-11-19 10:15:00,149.99
2025-11-19 10:30:00,144.59
2025-11-19 10:45:00,134.96
2025-11-19 11:00:00,141.66
2025-11-19 11:15:00,130.35
2025-11-19 11:30:00,126.77
2025-11-19 11:45:00,121.07
2025-11-19 12:00:00,123.85
2025-11-19 12:15:00,122.05
2025-11-19 12:30:00,120.47
2025-11-19 12:45:00,119.77
2025-11-19 13:00:00,127.55
2025-11-19 13:15:00,121.17
2025-11-19 13:30:00,117.25
2025-11-19 13:45:00,116.3
2025-11-19 14:00:00,125.82
2025-11-19 14:15:00,124.32
2025-11-19 14:30:00,122.57
2025-11-19 14:45:00,123.9
2025-11-19 15:00:00,113.61
2025-11-19 15:15:00,118.03
2025-11-19 15:30:00,140.55
2025-11-19 15:45:00,149.95
2025-11-19 16:00:00,146.32
2025-11-19 16:15:00,160.08
2025-11-19 16:30:00,181.91
2025-11-19 16:45:00,182.0
2025-11-19 17:00:00,170.0
2025-11-19 17:15:00,173.38
2025-11-19 17:30:00,178.81
2025-11-19 17:45:00,181.97
2025-11-19 18:00:00,188.66
2025-11-19 18:15:00,178.06
2025-11-19 18:30:00,166.29
2025-11-19 18:45:00,147.03
2025-11-19 19:00:00,162.46
2025-11-19 19:15:00,155.5
2025-11-19 19:30:00,145.79
2025-11-19 19:45:00,124.08
2025-11-19 20:00:00,139.5
2025-11-19 20:15:00,129.28
2025-11-19 20:30:00,121.71
2025-11-19 20:45:00,123.98
2025-11-19 21:00:00,122.54
2025-11-19 21:15:00,111.07
2025-11-19 21:30:00,104.43
2025-11-19 21:45:00,95.38
2025-11-19 22:00:00,110.38
2025-11-19 22:15:00,106.73
2025-11-19 22:30:00,103.57
2025-11-19 22:45:00,93.93
2025-11-19 23:00:00,100.03
2025-11-19 23:15:00,99.38
2025-11-19 23:30:00,101.66
2025-11-19 23:45:00,95.61
2025-11-20 00:00:00,93.36
2025-11-20 00:15:00,91.21
2025-11-20 00:30:00,87.97
2025-11-20 00:45:00,85.59
2025-11-20 01:00:00,95.83
2025-11-20 01:15:00,92.39
2025-11-20 01:30:00,89.12
2025-11-20 01:45:00,86.9
2025-11-20 02:00:00,89.49
2025-11-20 02:15:00,88.28
2025-11-20 02:30:00,86.34
2025-11-20 02:45:00,84.9
2025-11-20 03:00:00,85.99
2025-11-20 03:15:00,85.02
2025-11-20 03:30:00,84.36
2025-11-20 03:45:00,84.14
2025-11-20 04:00:00,84.14
2025-11-20 04:15:00,84.96
2025-11-20 04:30:00,84.71
2025-11-20 04:45:00,84.34
2025-11-20 05:00:00,83.66
2025-11-20 05:15:00,84.17
2025-11-20 05:30:00,84.89
2025-11-20 05:45:00,86.1
2025-11-20 06:00:00,85.73
2025-11-20 06:15:00,90.04
2025-11-20 06:30:00,89.5
2025-11-20 06:45:00,99.99
2025-11-20 07:00:00,102.34
2025-11-20 07:15:00,114.36
2025-11-20 07:30:00,118.41
2025-11-20 07:45:00,134.0
2025-11-20 08:00:00,137.44
2025-11-20 08:15:00,147.95
2025-11-20 08:30:00,159.41
2025-11-20 08:45:00,157.61
2025-11-20 09:00:00,153.93
2025-11-20 09:15:00,162.18
2025-11-20 09:30:00,157.08
2025-11-20 09:45:00,151.73
2025-11-20 10:00:00,172.47
2025-11-20 10:15:00,153.75
2025-11-20 10:30:00,150.8
2025-11-20 10:45:00,135.54
2025-11-20 11:00:00,162.28
2025-11-20 11:15:00,141.79
2025-11-20 11:30:00,138.46
2025-11-20 11:45:00,127.66
2025-11-20 12:00:00,138.4
2025-11-20 12:15:00,133.92
2025-11-20 12:30:00,130.9
2025-11-20 12:45:00,130.63
2025-11-20 13:00:00,134.83
2025-11-20 13:15:00,134.93
2025-11-20 13:30:00,152.99
2025-11-20 13:45:00,159.38
2025-11-20 14:00:00,159.4
2025-11-20 14:15:00,167.53
2025-11-20 14:30:00,176.4
2025-11-20 14:45:00,175.97
2025-11-20 15:00:00,144.45
2025-11-20 15:15:00,169.5
2025-11-20 15:30:00,200.4
2025-11-20 15:45:00,200.0
2025-11-20 16:00:00,132.18
2025-11-20 16:15:00,145.12
2025-11-20 16:30:00,150.0
2025-11-20 16:45:00,171.44
2025-11-20 17:00:00,150.83
2025-11-20 17:15:00,164.11
2025-11-20 17:30:00,183.93
2025-11-20 17:45:00,193.59
2025-11-20 18:00:00,176.4
2025-11-20 18:15:00,178.08
2025-11-20 18:30:00,175.02
2025-11-20 18:45:00,170.31
2025-11-20 19:00:00,169.78
2025-11-20 19:15:00,163.81
2025-11-20 19:30:00,159.67
2025-11-20 19:45:00,158.32
2025-11-20 20:00:00,166.7
2025-11-20 20:15:00,156.79
2025-11-20 20:30:00,153.91
2025-11-20 20:45:00,145.26
2025-11-20 21:00:00,145.4
2025-11-20 21:15:00,145.62
2025-11-20 21:30:00,134.68
2025-11-20 21:45:00,115.83
2025-11-20 22:00:00,128.04
2025-11-20 22:15:00,121.29
2025-11-20 22:30:00,111.34
2025-11-20 22:45:00,100.93
2025-11-20 23:00:00,111.49
2025-11-20 23:15:00,107.22
2025-11-20 23:30:00,101.8
2025-11-20 23:45:00,96.9
2025-11-21 00:00:00,102.04
2025-11-21 00:15:00,90.95
2025-11-21 00:30:00,87.21
2025-11-21 00:45:00,83.23
2025-11-21 01:00:00,100.59
2025-11-21 01:15:00,99.24
2025-11-21 01:30:00,94.53
2025-11-21 01:45:00,88.57
2025-11-21 02:00:00,98.67
2025-11-21 02:15:00,93.59
2025-11-21 02:30:00,88.26
2025-11-21 02:45:00,86.9
2025-11-21 03:00:00,91.25
2025-11-21 03:15:00,86.65
2025-11-21 03:30:00,86.56
2025-11-21 03:45:00,85.9
2025-11-21 04:00:00,87.31
2025-11-21 04:15:00,86.6
2025-11-21 04:30:00,85.83
2025-11-21 04:45:00,86.45
2025-11-21 05:00:00,85.33
2025-11-21 05:15:00,85.76
2025-11-21 05:30:00,88.25
2025-11-21 05:45:00,95.3
2025-11-21 06:00:00,85.1
2025-11-21 06:15:00,92.7
2025-11-21 06:30:00,98.29
2025-11-21 06:45:00,110.16
2025-11-21 07:00:00,99.76
2025-11-21 07:15:00,111.04
2025-11-21 07:30:00,125.16
2025-11-21 07:45:00,162.53
2025-11-21 08:00:00,148.57
2025-11-21 08:15:00,178.12
2025-11-21 08:30:00,185.8
2025-11-21 08:45:00,196.3
2025-11-21 09:00:00,223.58
2025-11-21 09:15:00,218.33
2025-11-21 09:30:00,195.46
2025-11-21 09:45:00,164.7
2025-11-21 10:00:00,215.03
2025-11-21 10:15:00,186.02
2025-11-21 10:30:00,169.46
2025-11-21 10:45:00,148.74
2025-11-21 11:00:00,181.46
2025-11-21 11:15:00,156.93
2025-11-21 11:30:00,144.49
2025-11-21 11:45:00,126.31
2025-11-21 12:00:00,153.47
2025-11-21 12:15:00,140.0
2025-11-21 12:30:00,132.49
2025-11-21 12:45:00,125.96
2025-11-21 13:00:00,132.8
2025-11-21 13:15:00,128.77
2025-11-21 13:30:00,129.37
2025-11-21 13:45:00,130.69
2025-11-21 14:00:00,126.04
2025-11-21 14:15:00,130.85
2025-11-21 14:30:00,135.39
2025-11-21 14:45:00,150.55
2025-11-21 15:00:00,121.43
2025-11-21 15:15:00,148.59
2025-11-21 15:30:00,173.94
2025-11-21 15:45:00,177.77
2025-11-21 16:00:00,147.05
2025-11-21 16:15:00,173.14
2025-11-21 16:30:00,203.83
2025-11-21 16:45:00,265.5
2025-11-21 17:00:00,197.97
2025-11-21 17:15:00,239.21
2025-11-21 17:30:00,260.81
2025-11-21 17:45:00,315.34
2025-11-21 18:00:00,259.4
2025-11-21 18:15:00,271.28
2025-11-21 18:30:00,247.07
2025-11-21 18:45:00,226.12
2025-11-21 19:00:00,232.86
2025-11-21 19:15:00,215.81
2025-11-21 19:30:00,194.89
2025-11-21 19:45:00,181.91
2025-11-21 20:00:00,187.17
2025-11-21 20:15:00,167.04
2025-11-21 20:30:00,168.68
2025-11-21 20:45:00,168.45
2025-11-21 21:00:00,176.11
2025-11-21 21:15:00,154.86
2025-11-21 21:30:00,125.2
2025-11-21 21:45:00,117.1
2025-11-21 22:00:00,138.03
2025-11-21 22:15:00,123.41
2025-11-21 22:30:00,115.43
2025-11-21 22:45:00,105.91
2025-11-21 23:00:00,116.2
2025-11-21 23:15:00,110.52
2025-11-21 23:30:00,98.32
2025-11-21 23:45:00,87.53
2025-11-22 00:00:00,104.06
2025-11-22 00:15:00,92.94
2025-11-22 00:30:00,88.26
2025-11-22 00:45:00,83.72
2025-11-22 01:00:00,100.65
2025-11-22 01:15:00,93.87
2025-11-22 01:30:00,65.79
2025-11-22 01:45:00,58.76
2025-11-22 02:00:00,67.32
2025-11-22 02:15:00,58.34
2025-11-22 02:30:00,53.41
2025-11-22 02:45:00,50.74
2025-11-22 03:00:00,52.85
2025-11-22 03:15:00,48.9
2025-11-22 03:30:00,46.67
2025-11-22 03:45:00,45.92
2025-11-22 04:00:00,46.22
2025-11-22 04:15:00,44.95
2025-11-22 04:30:00,44.24
2025-11-22 04:45:00,83.91
2025-11-22 05:00:00,71.69
2025-11-22 05:15:00,86.84
2025-11-22 05:30:00,87.39
2025-11-22 05:45:00,89.27
2025-11-22 06:00:00,69.95
2025-11-22 06:15:00,85.03
2025-11-22 06:30:00,84.97
2025-11-22 06:45:00,87.35
2025-11-22 07:00:00,86.01
2025-11-22 07:15:00,87.52
2025-11-22 07:30:00,90.21
2025-11-22 07:45:00,167.59
2025-11-22 08:00:00,99.11
2025-11-22 08:15:00,105.92
2025-11-22 08:30:00,157.1
2025-11-22 08:45:00,157.88
2025-11-22 09:00:00,121.42
2025-11-22 09:15:00,115.26
2025-11-22 09:30:00,106.79
2025-11-22 09:45:00,106.79
2025-11-22 10:00:00,115.24
2025-11-22 10:15:00,106.32
2025-11-22 10:30:00,106.31
2025-11-22 10:45:00,90.48
2025-11-22 11:00:00,86.28
2025-11-22 11:15:00,85.01
2025-11-22 11:30:00,71.69
2025-11-22 11:45:00,53.49
2025-11-22 12:00:00,47.49
2025-11-22 12:15:00,46.64
2025-11-22 12:30:00,46.58
2025-11-22 12:45:00,45.02
2025-11-22 13:00:00,46.14
2025-11-22 13:15:00,53.49
2025-11-22 13:30:00,71.7
2025-11-22 13:45:00,99.99
2025-11-22 14:00:00,85.01
2025-11-22 14:15:00,114.29
2025-11-22 14:30:00,123.88
2025-11-22 14:45:00,135.66
2025-11-22 15:00:00,137.33
2025-11-22 15:15:00,155.72
2025-11-22 15:30:00,174.61
2025-11-22 15:45:00,203.79
2025-11-22 16:00:00,167.03
2025-11-22 16:15:00,164.46
2025-11-22 16:30:00,168.67
2025-11-22 16:45:00,177.08
2025-11-22 17:00:00,188.13
2025-11-22 17:15:00,143.42
2025-11-22 17:30:00,99.98
2025-11-22 17:45:00,53.5
2025-11-22 18:00:00,192.32
2025-11-22 18:15:00,139.96
2025-11-22 18:30:00,52.02
2025-11-22 18:45:00,53.03
2025-11-22 19:00:00,170.8
2025-11-22 19:15:00,169.7
2025-11-22 19:30:00,147.62
2025-11-22 19:45:00,49.64
2025-11-22 20:00:00,177.48
2025-11-22 20:15:00,106.76
2025-11-22 20:30:00,47.9
2025-11-22 20:45:00,47.41
2025-11-22 21:00:00,199.9
2025-11-22 21:15:00,147.62
2025-11-22 21:30:00,51.04
2025-11-22 21:45:00,47.39
2025-11-22 22:00:00,47.36
2025-11-22 22:15:00,47.8
2025-11-22 22:30:00,48.27
2025-11-22 22:45:00,48.64
2025-11-22 23:00:00,46.91
2025-11-22 23:15:00,46.63
2025-11-22 23:30:00,46.36
2025-11-22 23:45:00,46.21
2025-11-23 00:00:00,45.78
2025-11-23 00:15:00,45.71
2025-11-23 00:30:00,45.29
2025-11-23 00:45:00,43.68
2025-11-23 01:00:00,35.12
2025-11-23 01:15:00,16.83
2025-11-23 01:30:00,22.89
2025-11-23 01:45:00,16.42
2025-11-23 02:00:00,16.45
2025-11-23 02:15:00,12.63
2025-11-23 02:30:00,12.76
2025-11-23 02:45:00,12.9
2025-11-23 03:00:00,16.45
2025-11-23 03:15:00,16.43
2025-11-23 03:30:00,14.28
2025-11-23 03:45:00,14.75
2025-11-23 04:00:00,21.5
2025-11-23 04:15:00,16.48
2025-11-23 04:30:00,23.03
2025-11-23 04:45:00,16.61
2025-11-23 05:00:00,23.0
2025-11-23 05:15:00,19.64
2025-11-23 05:30:00,22.87
2025-11-23 05:45:00,24.39
2025-11-23 06:00:00,18.87
2025-11-23 06:15:00,20.51
2025-11-23 06:30:00,24.16
2025-11-23 06:45:00,30.28
2025-11-23 07:00:00,20.22
2025-11-23 07:15:00,24.48
2025-11-23 07:30:00,74.03
2025-11-23 07:45:00,77.82
2025-11-23 08:00:00,28.11
2025-11-23 08:15:00,38.75
2025-11-23 08:30:00,51.12
2025-11-23 08:45:00,55.98
2025-11-23 09:00:00,52.66
2025-11-23 09:15:00,55.14
2025-11-23 09:30:00,56.15
2025-11-23 09:45:00,56.07
2025-11-23 10:00:00,66.54
2025-11-23 10:15:00,62.44
2025-11-23 10:30:00,62.11
2025-11-23 10:45:00,60.63
2025-11-23 11:00:00,67.42
2025-11-23 11:15:00,67.44
2025-11-23 11:30:00,63.37
2025-11-23 11:45:00,63.55
2025-11-23 12:00:00,64.41
2025-11-23 12:15:00,66.75
2025-11-23 12:30:00,67.16
2025-11-23 12:45:00,99.97
2025-11-23 13:00:00,67.02
2025-11-23 13:15:00,67.46
2025-11-23 13:30:00,68.51
2025-11-23 13:45:00,111.55
2025-11-23 14:00:00,120.5
2025-11-23 14:15:00,122.75
2025-11-23 14:30:00,117.1
2025-11-23 14:45:00,123.63
2025-11-23 15:00:00,125.68
2025-11-23 15:15:00,139.32
2025-11-23 15:30:00,158.78
2025-11-23 15:45:00,177.63
2025-11-23 16:00:00,149.85
2025-11-23 16:15:00,160.47
2025-11-23 16:30:00,181.39
2025-11-23 16:45:00,193.75
2025-11-23 17:00:00,174.78
2025-11-23 17:15:00,202.4
2025-11-23 17:30:00,215.17
2025-11-23 17:45:00,206.96
2025-11-23 18:00:00,158.24
2025-11-23 18:15:00,160.7
2025-11-23 18:30:00,161.87
2025-11-23 18:45:00,160.03
2025-11-23 19:00:00,157.29
2025-11-23 19:15:00,150.62
2025-11-23 19:30:00,154.81
2025-11-23 19:45:00,142.53
2025-11-23 20:00:00,157.68
2025-11-23 20:15:00,157.7
2025-11-23 20:30:00,156.5
2025-11-23 20:45:00,146.09
2025-11-23 21:00:00,159.58
2025-11-23 21:15:00,134.98
2025-11-23 21:30:00,126.04
2025-11-23 21:45:00,116.01
2025-11-23 22:00:00,118.53
2025-11-23 22:15:00,114.84
2025-11-23 22:30:00,109.4
2025-11-23 22:45:00,102.62
2025-11-23 23:00:00,111.83
2025-11-23 23:15:00,104.0
2025-11-23 23:30:00,99.46
2025-11-23 23:45:00,76.97
2025-11-24 00:00:00,80.25
2025-11-24 00:15:00,73.35
2025-11-24 00:30:00,71.91
2025-11-24 00:45:00,69.23
2025-11-24 01:00:00,250.06
2025-11-24 01:15:00,199.97
2025-11-24 01:30:00,157.29
2025-11-24 01:45:00,99.98
2025-11-24 02:00:00,122.73
2025-11-24 02:15:00,85.05
2025-11-24 02:30:00,85.04
2025-11-24 02:45:00,85.02
2025-11-24 03:00:00,73.0
2025-11-24 03:15:00,73.55
2025-11-24 03:30:00,73.4
2025-11-24 03:45:00,74.92
2025-11-24 04:00:00,80.47
2025-11-24 04:15:00,85.03
2025-11-24 04:30:00,85.08
2025-11-24 04:45:00,85.05
2025-11-24 05:00:00,85.19
2025-11-24 05:15:00,96.19
2025-11-24 05:30:00,96.2
2025-11-24 05:45:00,129.94
2025-11-24 06:00:00,85.09
2025-11-24 06:15:00,96.2
2025-11-24 06:30:00,171.21
2025-11-24 06:45:00,284.36
2025-11-24 07:00:00,190.0
2025-11-24 07:15:00,290.0
2025-11-24 07:30:00,325.08
2025-11-24 07:45:00,350.0
2025-11-24 08:00:00,179.71
2025-11-24 08:15:00,239.99
2025-11-24 08:30:00,262.31
2025-11-24 08:45:00,246.39
2025-11-24 09:00:00,216.6
2025-11-24 09:15:00,231.56
2025-11-24 09:30:00,227.07
2025-11-24 09:45:00,216.17
2025-11-24 10:00:00,225.03
2025-11-24 10:15:00,294.9
2025-11-24 10:30:00,250.52
2025-11-24 10:45:00,212.5
2025-11-24 11:00:00,217.12
2025-11-24 11:15:00,185.76
2025-11-24 11:30:00,211.13
2025-11-24 11:45:00,199.45
2025-11-24 12:00:00,218.62
2025-11-24 12:15:00,238.02
2025-11-24 12:30:00,236.21
2025-11-24 12:45:00,216.56
2025-11-24 13:00:00,282.42
2025-11-24 13:15:00,223.63
2025-11-24 13:30:00,215.13
2025-11-24 13:45:00,218.51
2025-11-24 14:00:00,135.57
2025-11-24 14:15:00,153.28
2025-11-24 14:30:00,161.43
2025-11-24 14:45:00,189.99
2025-11-24 15:00:00,234.33
2025-11-24 15:15:00,258.49
2025-11-24 15:30:00,302.34
2025-11-24 15:45:00,271.29
2025-11-24 16:00:00,230.17
2025-11-24 16:15:00,243.21
2025-11-24 16:30:00,286.77
2025-11-24 16:45:00,325.06
2025-11-24 17:00:00,191.91
2025-11-24 17:15:00,216.6
2025-11-24 17:30:00,237.94
2025-11-24 17:45:00,302.0
2025-11-24 18:00:00,240.7
2025-11-24 18:15:00,267.69
2025-11-24 18:30:00,277.3
2025-11-24 18:45:00,277.32
2025-11-24 19:00:00,270.12
2025-11-24 19:15:00,230.22
2025-11-24 19:30:00,220.25
2025-11-24 19:45:00,202.78
2025-11-24 20:00:00,209.44
2025-11-24 20:15:00,181.65
2025-11-24 20:30:00,184.52
2025-11-24 20:45:00,165.36
2025-11-24 21:00:00,263.62
2025-11-24 21:15:00,220.29
2025-11-24 21:30:00,180.87
2025-11-24 21:45:00,153.89
2025-11-24 22:00:00,169.57
2025-11-24 22:15:00,219.06
2025-11-24 22:30:00,130.93
2025-11-24 22:45:00,120.79
2025-11-24 23:00:00,137.4
2025-11-24 23:15:00,132.65
2025-11-24 23:30:00,121.03
2025-11-24 23:45:00,113.31
2025-11-25 00:00:00,116.87
2025-11-25 00:15:00,112.76
2025-11-25 00:30:00,107.31
2025-11-25 00:45:00,98.94
2025-11-25 01:00:00,102.89
2025-11-25 01:15:00,101.42
2025-11-25 01:30:00,125.95
2025-11-25 01:45:00,102.39
2025-11-25 02:00:00,104.28
2025-11-25 02:15:00,160.56
2025-11-25 02:30:00,205.25
2025-11-25 02:45:00,209.74
2025-11-25 03:00:00,190.0
2025-11-25 03:15:00,130.95
2025-11-25 03:30:00,190.0
2025-11-25 03:45:00,179.6
2025-11-25 04:00:00,289.99
2025-11-25 04:15:00,297.0
2025-11-25 04:30:00,250.01
2025-11-25 04:45:00,130.99
2025-11-25 05:00:00,101.12
2025-11-25 05:15:00,103.79
2025-11-25 05:30:00,100.61
2025-11-25 05:45:00,105.66
2025-11-25 06:00:00,89.48
2025-11-25 06:15:00,103.65
2025-11-25 06:30:00,113.21
2025-11-25 06:45:00,123.82
2025-11-25 07:00:00,169.16
2025-11-25 07:15:00,248.34
2025-11-25 07:30:00,297.49
2025-11-25 07:45:00,377.87
2025-11-25 08:00:00,253.27
2025-11-25 08:15:00,388.62
2025-11-25 08:30:00,349.3
2025-11-25 08:45:00,374.6
2025-11-25 09:00:00,356.48
2025-11-25 09:15:00,391.8
2025-11-25 09:30:00,389.82
2025-11-25 09:45:00,364.53
2025-11-25 10:00:00,400.01
2025-11-25 10:15:00,389.89
2025-11-25 10:30:00,325.26
2025-11-25 10:45:00,303.54
2025-11-25 11:00:00,483.09
2025-11-25 11:15:00,339.52
2025-11-25 11:30:00,362.38
2025-11-25 11:45:00,314.74
2025-11-25 12:00:00,324.09
2025-11-25 12:15:00,362.35
2025-11-25 12:30:00,413.79
2025-11-25 12:45:00,389.29
2025-11-25 13:00:00,360.34
2025-11-25 13:15:00,382.33
2025-11-25 13:30:00,409.11
2025-11-25 13:45:00,472.34
2025-11-25 14:00:00,444.04
2025-11-25 14:15:00,431.32
2025-11-25 14:30:00,418.14
2025-11-25 14:45:00,383.06
2025-11-25 15:00:00,405.79
2025-11-25 15:15:00,432.86
2025-11-25 15:30:00,460.43
2025-11-25 15:45:00,400.04
2025-11-25 16:00:00,329.72
2025-11-25 16:15:00,327.25
2025-11-25 16:30:00,413.4
2025-11-25 16:45:00,448.72
2025-11-25 17:00:00,325.85
2025-11-25 17:15:00,365.04
2025-11-25 17:30:00,397.85
2025-11-25 17:45:00,427.89
2025-11-25 18:00:00,360.76
2025-11-25 18:15:00,402.33
2025-11-25 18:30:00,398.92
2025-11-25 18:45:00,353.83
2025-11-25 19:00:00,332.67
2025-11-25 19:15:00,300.13
2025-11-25 19:30:00,305.93
2025-11-25 19:45:00,247.25
2025-11-25 20:00:00,350.66
2025-11-25 20:15:00,269.15
2025-11-25 20:30:00,205.82
2025-11-25 20:45:00,166.91
2025-11-25 21:00:00,221.96
2025-11-25 21:15:00,174.66
2025-11-25 21:30:00,154.74
2025-11-25 21:45:00,135.06
2025-11-25 22:00:00,166.84
2025-11-25 22:15:00,141.03
2025-11-25 22:30:00,121.42
2025-11-25 22:45:00,102.63
2025-11-25 23:00:00,129.53
2025-11-25 23:15:00,122.99
2025-11-25 23:30:00,112.85
2025-11-25 23:45:00,99.86
2025-11-26 00:00:00,113.51
2025-11-26 00:15:00,100.52
2025-11-26 00:30:00,90.72
2025-11-26 00:45:00,81.33
2025-11-26 01:00:00,344.72
2025-11-26 01:15:00,89.92
2025-11-26 01:30:00,91.04
2025-11-26 01:45:00,89.63
2025-11-26 02:00:00,93.48
2025-11-26 02:15:00,86.81
2025-11-26 02:30:00,86.56
2025-11-26 02:45:00,86.73
2025-11-26 03:00:00,87.26
2025-11-26 03:15:00,86.78
2025-11-26 03:30:00,84.93
2025-11-26 03:45:00,84.95
2025-11-26 04:00:00,87.73
2025-11-26 04:15:00,87.85
2025-11-26 04:30:00,89.16
2025-11-26 04:45:00,88.51
2025-11-26 05:00:00,87.31
2025-11-26 05:15:00,88.43
2025-11-26 05:30:00,89.62
2025-11-26 05:45:00,93.95
2025-11-26 06:00:00,87.29
2025-11-26 06:15:00,91.47
2025-11-26 06:30:00,102.08
2025-11-26 06:45:00,111.11
2025-11-26 07:00:00,99.47
2025-11-26 07:15:00,115.54
2025-11-26 07:30:00,130.92
2025-11-26 07:45:00,163.14
2025-11-26 08:00:00,145.9
2025-11-26 08:15:00,186.28
2025-11-26 08:30:00,209.34
2025-11-26 08:45:00,237.05
2025-11-26 09:00:00,216.15
2025-11-26 09:15:00,223.9
2025-11-26 09:30:00,274.13
2025-11-26 09:45:00,248.81
2025-11-26 10:00:00,244.09
2025-11-26 10:15:00,207.15
2025-11-26 10:30:00,209.97
2025-11-26 10:45:00,198.91
2025-11-26 11:00:00,242.38
2025-11-26 11:15:00,199.76
2025-11-26 11:30:00,181.04
2025-11-26 11:45:00,171.27
2025-11-26 12:00:00,179.29
2025-11-26 12:15:00,179.04
2025-11-26 12:30:00,173.42
2025-11-26 12:45:00,162.93
2025-11-26 13:00:00,170.54
2025-11-26 13:15:00,164.09
2025-11-26 13:30:00,168.98
2025-11-26 13:45:00,168.92
2025-11-26 14:00:00,172.9
2025-11-26 14:15:00,180.14
2025-11-26 14:30:00,170.71
2025-11-26 14:45:00,161.11
2025-11-26 15:00:00,161.9
2025-11-26 15:15:00,171.65
2025-11-26 15:30:00,196.98
2025-11-26 15:45:00,208.34
2025-11-26 16:00:00,169.78
2025-11-26 16:15:00,200.46
2025-11-26 16:30:00,237.44
2025-11-26 16:45:00,289.38
2025-11-26 17:00:00,217.78
2025-11-26 17:15:00,277.7
2025-11-26 17:30:00,314.39
2025-11-26 17:45:00,371.67
2025-11-26 18:00:00,294.17
2025-11-26 18:15:00,298.55
2025-11-26 18:30:00,295.42
2025-11-26 18:45:00,292.95
2025-11-26 19:00:00,267.91
2025-11-26 19:15:00,213.58
2025-11-26 19:30:00,226.28
2025-11-26 19:45:00,207.91
2025-11-26 20:00:00,219.32
2025-11-26 20:15:00,190.02
2025-11-26 20:30:00,169.85
2025-11-26 20:45:00,155.58
2025-11-26 21:00:00,175.16
2025-11-26 21:15:00,150.03
2025-11-26 21:30:00,128.91
2025-11-26 21:45:00,111.14
2025-11-26 22:00:00,141.05
2025-11-26 22:15:00,124.35
2025-11-26 22:30:00,103.07
2025-11-26 22:45:00,93.34
2025-11-26 23:00:00,119.12
2025-11-26 23:15:00,105.18
2025-11-26 23:30:00,95.25
2025-11-26 23:45:00,91.06
2025-11-27 00:00:00,99.55
2025-11-27 00:15:00,90.9
2025-11-27 00:30:00,89.37
2025-11-27 00:45:00,82.98
2025-11-27 01:00:00,97.3
2025-11-27 01:15:00,91.21
2025-11-27 01:30:00,88.16
2025-11-27 01:45:00,86.82
2025-11-27 02:00:00,89.0
2025-11-27 02:15:00,86.18
2025-11-27 02:30:00,83.18
2025-11-27 02:45:00,80.46
2025-11-27 03:00:00,83.89
2025-11-27 03:15:00,81.29
2025-11-27 03:30:00,79.59
2025-11-27 03:45:00,75.77
2025-11-27 04:00:00,81.37
2025-11-27 04:15:00,79.9
2025-11-27 04:30:00,77.81
2025-11-27 04:45:00,71.97
2025-11-27 05:00:00,77.41
2025-11-27 05:15:00,77.68
2025-11-27 05:30:00,85.09
2025-11-27 05:45:00,123.34
2025-11-27 06:00:00,97.29
2025-11-27 06:15:00,97.3
2025-11-27 06:30:00,151.25
2025-11-27 06:45:00,290.0
2025-11-27 07:00:00,127.49
2025-11-27 07:15:00,127.5
2025-11-27 07:30:00,158.1
2025-11-27 07:45:00,199.93
2025-11-27 08:00:00,158.1
2025-11-27 08:15:00,250.06
2025-11-27 08:30:00,285.61
2025-11-27 08:45:00,325.1
2025-11-27 09:00:00,250.1
2025-11-27 09:15:00,289.85
2025-11-27 09:30:00,294.99
2025-11-27 09:45:00,290.0
2025-11-27 10:00:00,483.06
2025-11-27 10:15:00,483.09
2025-11-27 10:30:00,500.0
2025-11-27 10:45:00,499.99
2025-11-27 11:00:00,483.03
2025-11-27 11:15:00,400.1
2025-11-27 11:30:00,400.01
2025-11-27 11:45:00,350.01
2025-11-27 12:00:00,307.14
2025-11-27 12:15:00,290.0
2025-11-27 12:30:00,309.37
2025-11-27 12:45:00,325.01
2025-11-27 13:00:00,351.0
2025-11-27 13:15:00,360.44
2025-11-27 13:30:00,400.02
2025-11-27 13:45:00,396.44
2025-11-27 14:00:00,325.05
2025-11-27 14:15:00,350.0
2025-11-27 14:30:00,350.0
2025-11-27 14:45:00,387.89
2025-11-27 15:00:00,163.29
2025-11-27 15:15:00,198.16
2025-11-27 15:30:00,240.7
2025-11-27 15:45:00,230.7
2025-11-27 16:00:00,278.21
2025-11-27 16:15:00,285.6
2025-11-27 16:30:00,285.6
2025-11-27 16:45:00,263.08
2025-11-27 17:00:00,246.52
2025-11-27 17:15:00,259.78
2025-11-27 17:30:00,273.37
2025-11-27 17:45:00,265.62
2025-11-27 18:00:00,238.75
2025-11-27 18:15:00,221.39
2025-11-27 18:30:00,199.65
2025-11-27 18:45:00,177.01
2025-11-27 19:00:00,152.36
2025-11-27 19:15:00,151.35
2025-11-27 19:30:00,144.73
2025-11-27 19:45:00,158.09
2025-11-27 20:00:00,158.07
2025-11-27 20:15:00,155.85
2025-11-27 20:30:00,148.33
2025-11-27 20:45:00,125.75
2025-11-27 21:00:00,125.28
2025-11-27 21:15:00,112.87
2025-11-27 21:30:00,58.74
2025-11-27 21:45:00,33.7
2025-11-27 22:00:00,61.74
2025-11-27 22:15:00,40.0
2025-11-27 22:30:00,16.48
2025-11-27 22:45:00,8.12
2025-11-27 23:00:00,19.66
2025-11-27 23:15:00,13.86
2025-11-27 23:30:00,16.41
2025-11-27 23:45:00,9.96
2025-11-28 00:00:00,11.83
2025-11-28 00:15:00,7.05
2025-11-28 00:30:00,4.65
2025-11-28 00:45:00,4.97
2025-11-28 01:00:00,16.42
2025-11-28 01:15:00,16.41
2025-11-28 01:30:00,7.93
2025-11-28 01:45:00,7.03
2025-11-28 02:00:00,11.9
2025-11-28 02:15:00,11.0
2025-11-28 02:30:00,10.28
2025-11-28 02:45:00,11.54
2025-11-28 03:00:00,6.67
2025-11-28 03:15:00,6.52
2025-11-28 03:30:00,6.33
2025-11-28 03:45:00,6.61
2025-11-28 04:00:00,6.83
2025-11-28 04:15:00,6.09
2025-11-28 04:30:00,5.94
2025-11-28 04:45:00,5.4
2025-11-28 05:00:00,3.81
2025-11-28 05:15:00,5.06
2025-11-28 05:30:00,7.03
2025-11-28 05:45:00,7.12
2025-11-28 06:00:00,7.03
2025-11-28 06:15:00,7.05
2025-11-28 06:30:00,7.11
2025-11-28 06:45:00,16.41
2025-11-28 07:00:00,10.01
2025-11-28 07:15:00,16.45
2025-11-28 07:30:00,16.72
2025-11-28 07:45:00,20.0
2025-11-28 08:00:00,40.0
2025-11-28 08:15:00,54.39
2025-11-28 08:30:00,67.77
2025-11-28 08:45:00,63.66
2025-11-28 09:00:00,65.64
2025-11-28 09:15:00,72.56
2025-11-28 09:30:00,72.68
2025-11-28 09:45:00,72.6
2025-11-28 10:00:00,48.66
2025-11-28 10:15:00,65.72
2025-11-28 10:30:00,60.71
2025-11-28 10:45:00,65.9
2025-11-28 11:00:00,70.85
2025-11-28 11:15:00,65.74
2025-11-28 11:30:00,72.45
2025-11-28 11:45:00,72.89
2025-11-28 12:00:00,65.44
2025-11-28 12:15:00,67.06
2025-11-28 12:30:00,59.72
2025-11-28 12:45:00,65.8
2025-11-28 13:00:00,67.62
2025-11-28 13:15:00,67.38
2025-11-28 13:30:00,68.85
2025-11-28 13:45:00,68.49
2025-11-28 14:00:00,69.01
2025-11-28 14:15:00,69.0
2025-11-28 14:30:00,69.07
2025-11-28 14:45:00,69.19
2025-11-28 15:00:00,67.71
2025-11-28 15:15:00,67.99
2025-11-28 15:30:00,66.91
2025-11-28 15:45:00,71.31
2025-11-28 16:00:00,67.16
2025-11-28 16:15:00,70.16
2025-11-28 16:30:00,72.54
2025-11-28 16:45:00,76.75
2025-11-28 17:00:00,80.0
2025-11-28 17:15:00,80.01
2025-11-28 17:30:00,72.61
2025-11-28 17:45:00,50.01
2025-11-28 18:00:00,50.01
2025-11-28 18:15:00,40.01
2025-11-28 18:30:00,40.0
2025-11-28 18:45:00,27.42
2025-11-28 19:00:00,46.6
2025-11-28 19:15:00,45.46
2025-11-28 19:30:00,34.55
2025-11-28 19:45:00,26.03
2025-11-28 20:00:00,23.05
2025-11-28 20:15:00,18.49
2025-11-28 20:30:00,18.06
2025-11-28 20:45:00,16.47
2025-11-28 21:00:00,17.96
2025-11-28 21:15:00,17.86
2025-11-28 21:30:00,17.8
2025-11-28 21:45:00,16.46
2025-11-28 22:00:00,17.59
2025-11-28 22:15:00,17.21
2025-11-28 22:30:00,16.72
2025-11-28 22:45:00,16.61
2025-11-28 23:00:00,16.67
2025-11-28 23:15:00,16.41
2025-11-28 23:30:00,16.11
2025-11-28 23:45:00,16.03
2025-11-29 00:00:00,15.21
2025-11-29 00:15:00,12.24
2025-11-29 00:30:00,10.59
2025-11-29 00:45:00,8.28
2025-11-29 01:00:00,5.62
2025-11-29 01:15:00,5.11
2025-11-29 01:30:00,4.45
2025-11-29 01:45:00,3.8
2025-11-29 02:00:00,5.16
2025-11-29 02:15:00,3.81
2025-11-29 02:30:00,3.8
2025-11-29 02:45:00,3.6
2025-11-29 03:00:00,3.8
2025-11-29 03:15:00,3.6
2025-11-29 03:30:00,3.6
2025-11-29 03:45:00,3.01
2025-11-29 04:00:00,1.8
2025-11-29 04:15:00,0.57
2025-11-29 04:30:00,0.45
2025-11-29 04:45:00,0.43
2025-11-29 05:00:00,3.15
2025-11-29 05:15:00,3.09
2025-11-29 05:30:00,3.15
2025-11-29 05:45:00,3.14
2025-11-29 06:00:00,2.37
2025-11-29 06:15:00,2.45
2025-11-29 06:30:00,2.68
2025-11-29 06:45:00,2.64
2025-11-29 07:00:00,3.16
2025-11-29 07:15:00,3.7
2025-11-29 07:30:00,3.81
2025-11-29 07:45:00,5.71
2025-11-29 08:00:00,5.03
2025-11-29 08:15:00,7.02
2025-11-29 08:30:00,7.04
2025-11-29 08:45:00,7.67
2025-11-29 09:00:00,14.37
2025-11-29 09:15:00,14.95
2025-11-29 09:30:00,15.24
2025-11-29 09:45:00,15.39
2025-11-29 10:00:00,16.0
2025-11-29 10:15:00,16.16
2025-11-29 10:30:00,16.32
2025-11-29 10:45:00,16.51
2025-11-29 11:00:00,17.08
2025-11-29 11:15:00,17.48
2025-11-29 11:30:00,17.57
2025-11-29 11:45:00,18.56
2025-11-29 12:00:00,23.03
2025-11-29 12:15:00,23.08
2025-11-29 12:30:00,26.02
2025-11-29 12:45:00,17.48
2025-11-29 13:00:00,104.25
2025-11-29 13:15:00,105.23
2025-11-29 13:30:00,108.09
2025-11-29 13:45:00,23.08
2025-11-29 14:00:00,33.32
2025-11-29 14:15:00,54.69
2025-11-29 14:30:00,73.2
2025-11-29 14:45:00,85.15
2025-11-29 15:00:00,25.02
2025-11-29 15:15:00,47.88
2025-11-29 15:30:00,120.63
2025-11-29 15:45:00,153.97
2025-11-29 16:00:00,80.38
2025-11-29 16:15:00,120.48
2025-11-29 16:30:00,145.72
2025-11-29 16:45:00,178.43
2025-11-29 17:00:00,132.93
2025-11-29 17:15:00,183.81
2025-11-29 17:30:00,189.99
2025-11-29 17:45:00,23.07
2025-11-29 18:00:00,99.98
2025-11-29 18:15:00,99.94
2025-11-29 18:30:00,26.04
2025-11-29 18:45:00,26.03
2025-11-29 19:00:00,96.58
2025-11-29 19:15:00,69.93
2025-11-29 19:30:00,26.03
2025-11-29 19:45:00,25.1
2025-11-29 20:00:00,165.22
2025-11-29 20:15:00,163.23
2025-11-29 20:30:00,161.68
2025-11-29 20:45:00,145.56
2025-11-29 21:00:00,151.42
2025-11-29 21:15:00,148.08
2025-11-29 21:30:00,127.93
2025-11-29 21:45:00,26.04
2025-11-29 22:00:00,133.14
2025-11-29 22:15:00,124.37
2025-11-29 22:30:00,124.39
2025-11-29 22:45:00,116.57
2025-11-29 23:00:00,23.1
2025-11-29 23:15:00,23.07
2025-11-29 23:30:00,23.04
2025-11-29 23:45:00,23.03
2025-11-30 00:00:00,113.74
2025-11-30 00:15:00,106.2
2025-11-30 00:30:00,39.95
2025-11-30 00:45:00,26.03
2025-11-30 01:00:00,104.88
2025-11-30 01:15:00,104.56
2025-11-30 01:30:00,81.7
2025-11-30 01:45:00,77.84
2025-11-30 02:00:00,85.5
2025-11-30 02:15:00,81.24
2025-11-30 02:30:00,80.39
2025-11-30 02:45:00,80.92
2025-11-30 03:00:00,79.78
2025-11-30 03:15:00,77.69
2025-11-30 03:30:00,78.66
2025-11-30 03:45:00,74.88
2025-11-30 04:00:00,77.86
2025-11-30 04:15:00,76.48
2025-11-30 04:30:00,75.97
2025-11-30 04:45:00,73.79
2025-11-30 05:00:00,74.76
2025-11-30 05:15:00,75.47
2025-11-30 05:30:00,76.45
2025-11-30 05:45:00,77.69
2025-11-30 06:00:00,79.29
2025-11-30 06:15:00,80.61
2025-11-30 06:30:00,84.51
2025-11-30 06:45:00,87.26
2025-11-30 07:00:00,80.55
2025-11-30 07:15:00,82.28
2025-11-30 07:30:00,87.34
2025-11-30 07:45:00,90.24
2025-11-30 08:00:00,82.33
2025-11-30 08:15:00,83.36
2025-11-30 08:30:00,86.2
2025-11-30 08:45:00,88.77
2025-11-30 09:00:00,85.14
2025-11-30 09:15:00,103.25
2025-11-30 09:30:00,190.0
2025-11-30 09:45:00,199.94
2025-11-30 10:00:00,90.36
2025-11-30 10:15:00,89.52
2025-11-30 10:30:00,85.14
2025-11-30 10:45:00,82.6
2025-11-30 11:00:00,89.68
2025-11-30 11:15:00,85.51
2025-11-30 11:30:00,85.37
2025-11-30 11:45:00,85.07
2025-11-30 12:00:00,85.15
2025-11-30 12:15:00,85.2
2025-11-30 12:30:00,86.22
2025-11-30 12:45:00,127.99
2025-11-30 13:00:00,85.89
2025-11-30 13:15:00,85.03
2025-11-30 13:30:00,85.08
2025-11-30 13:45:00,85.35
2025-11-30 14:00:00,113.53
2025-11-30 14:15:00,134.4
2025-11-30 14:30:00,147.48
2025-11-30 14:45:00,151.79
2025-11-30 15:00:00,99.96
2025-11-30 15:15:00,113.53
2025-11-30 15:30:00,127.98
2025-11-30 15:45:00,137.98
2025-11-30 16:00:00,104.83
2025-11-30 16:15:00,107.01
2025-11-30 16:30:00,116.21
2025-11-30 16:45:00,114.32
2025-11-30 17:00:00,113.84
2025-11-30 17:15:00,114.32
2025-11-30 17:30:00,116.68
2025-11-30 17:45:00,120.93
2025-11-30 18:00:00,116.69
2025-11-30 18:15:00,120.93
2025-11-30 18:30:00,120.93
2025-11-30 18:45:00,120.93
2025-11-30 19:00:00,119.6
2025-11-30 19:15:00,121.27
2025-11-30 19:30:00,121.19
2025-11-30 19:45:00,122.04
2025-11-30 20:00:00,125.51
2025-11-30 20:15:00,127.7
2025-11-30 20:30:00,125.18
2025-11-30 20:45:00,99.99
2025-11-30 21:00:00,128.23
2025-11-30 21:15:00,121.76
2025-11-30 21:30:00,98.29
2025-11-30 21:45:00,66.15
2025-11-30 22:00:00,124.35
2025-11-30 22:15:00,98.29
2025-11-30 22:30:00,42.72
2025-11-30 22:45:00,41.36
2025-11-30 23:00:00,113.85
2025-11-30 23:15:00,86.85
2025-11-30 23:30:00,36.8
2025-11-30 23:45:00,29.22
2025-12-01 00:00:00,31.27
2025-12-01 00:15:00,24.91
2025-12-01 00:30:00,20.76
2025-12-01 00:45:00,16.47
2025-12-01 01:00:00,98.03
2025-12-01 01:15:00,97.12
2025-12-01 01:30:00,92.63
2025-12-01 01:45:00,99.91
2025-12-01 02:00:00,97.63
2025-12-01 02:15:00,93.35
2025-12-01 02:30:00,92.68
2025-12-01 02:45:00,89.62
2025-12-01 03:00:00,92.65
2025-12-01 03:15:00,89.4
2025-12-01 03:30:00,88.56
2025-12-01 03:45:00,87.96
2025-12-01 04:00:00,87.67
2025-12-01 04:15:00,88.54
2025-12-01 04:30:00,88.93
2025-12-01 04:45:00,91.3
2025-12-01 05:00:00,87.96
2025-12-01 05:15:00,89.62
2025-12-01 05:30:00,106.73
2025-12-01 05:45:00,210.51
2025-12-01 06:00:00,87.12
2025-12-01 06:15:00,90.36
2025-12-01 06:30:00,107.94
2025-12-01 06:45:00,134.12
2025-12-01 07:00:00,104.89
2025-12-01 07:15:00,176.59
2025-12-01 07:30:00,221.05
2025-12-01 07:45:00,229.15
2025-12-01 08:00:00,73.79
2025-12-01 08:15:00,85.18
2025-12-01 08:30:00,165.75
2025-12-01 08:45:00,187.39
2025-12-01 09:00:00,173.34
2025-12-01 09:15:00,190.26
2025-12-01 09:30:00,191.95
2025-12-01 09:45:00,188.96
2025-12-01 10:00:00,218.41
2025-12-01 10:15:00,210.51
2025-12-01 10:30:00,205.01
2025-12-01 10:45:00,195.56
2025-12-01 11:00:00,290.5
2025-12-01 11:15:00,307.57
2025-12-01 11:30:00,299.93
2025-12-01 11:45:00,290.0
2025-12-01 12:00:00,175.69
2025-12-01 12:15:00,210.5
2025-12-01 12:30:00,164.64
2025-12-01 12:45:00,161.34
2025-12-01 13:00:00,192.01
2025-12-01 13:15:00,196.44
2025-12-01 13:30:00,210.81
2025-12-01 13:45:00,226.33
2025-12-01 14:00:00,184.25
2025-12-01 14:15:00,220.81
2025-12-01 14:30:00,226.69
2025-12-01 14:45:00,210.5
2025-12-01 15:00:00,196.94
2025-12-01 15:15:00,236.56
2025-12-01 15:30:00,258.1
2025-12-01 15:45:00,295.82
2025-12-01 16:00:00,258.02
2025-12-01 16:15:00,278.81
2025-12-01 16:30:00,319.48
2025-12-01 16:45:00,354.4
2025-12-01 17:00:00,357.22
2025-12-01 17:15:00,369.21
2025-12-01 17:30:00,397.97
2025-12-01 17:45:00,429.3
2025-12-01 18:00:00,351.96
2025-12-01 18:15:00,351.96
2025-12-01 18:30:00,339.27
2025-12-01 18:45:00,321.15
2025-12-01 19:00:00,382.32
2025-12-01 19:15:00,400.09
2025-12-01 19:30:00,325.05
2025-12-01 19:45:00,322.51
2025-12-01 20:00:00,250.1
2025-12-01 20:15:00,333.58
2025-12-01 20:30:00,325.09
2025-12-01 20:45:00,265.0
2025-12-01 21:00:00,296.75
2025-12-01 21:15:00,237.31
2025-12-01 21:30:00,158.8
2025-12-01 21:45:00,132.97
2025-12-01 22:00:00,245.82
2025-12-01 22:15:00,207.17
2025-12-01 22:30:00,166.6
2025-12-01 22:45:00,111.01
2025-12-01 23:00:00,173.16
2025-12-01 23:15:00,164.81
2025-12-01 23:30:00,145.54
2025-12-01 23:45:00,70.84
2025-12-02 00:00:00,142.21
2025-12-02 00:15:00,120.23
2025-12-02 00:30:00,100.58
2025-12-02 00:45:00,99.08
2025-12-02 01:00:00,296.61
2025-12-02 01:15:00,296.6
2025-12-02 01:30:00,84.76
2025-12-02 01:45:00,77.34
2025-12-02 02:00:00,86.52
2025-12-02 02:15:00,82.3
2025-12-02 02:30:00,80.02
2025-12-02 02:45:00,80.97
2025-12-02 03:00:00,81.47
2025-12-02 03:15:00,77.48
2025-12-02 03:30:00,78.37
2025-12-02 03:45:00,76.31
2025-12-02 04:00:00,76.84
2025-12-02 04:15:00,75.08
2025-12-02 04:30:00,85.02
2025-12-02 04:45:00,85.1
2025-12-02 05:00:00,73.8
2025-12-02 05:15:00,85.11
2025-12-02 05:30:00,167.09
2025-12-02 05:45:00,237.61
2025-12-02 06:00:00,71.4
2025-12-02 06:15:00,83.22
2025-12-02 06:30:00,132.93
2025-12-02 06:45:00,189.99
2025-12-02 07:00:00,158.79
2025-12-02 07:15:00,189.99
2025-12-02 07:30:00,218.49
2025-12-02 07:45:00,237.6
2025-12-02 08:00:00,250.06
2025-12-02 08:15:00,325.05
2025-12-02 08:30:00,358.69
2025-12-02 08:45:00,330.3
2025-12-02 09:00:00,408.95
2025-12-02 09:15:00,400.07
2025-12-02 09:30:00,325.0
2025-12-02 09:45:00,222.74
2025-12-02 10:00:00,245.83
2025-12-02 10:15:00,230.65
2025-12-02 10:30:00,187.62
2025-12-02 10:45:00,141.83
2025-12-02 11:00:00,178.98
2025-12-02 11:15:00,158.83
2025-12-02 11:30:00,159.44
2025-12-02 11:45:00,164.59
2025-12-02 12:00:00,189.99
2025-12-02 12:15:00,182.48
2025-12-02 12:30:00,181.6
2025-12-02 12:45:00,174.03
2025-12-02 13:00:00,250.07
2025-12-02 13:15:00,320.5
2025-12-02 13:30:00,325.07
2025-12-02 13:45:00,375.8
2025-12-02 14:00:00,199.98
2025-12-02 14:15:00,250.09
2025-12-02 14:30:00,292.5
2025-12-02 14:45:00,325.07
2025-12-02 15:00:00,179.01
2025-12-02 15:15:00,214.69
2025-12-02 15:30:00,241.63
2025-12-02 15:45:00,279.62
2025-12-02 16:00:00,215.71
2025-12-02 16:15:00,223.02
2025-12-02 16:30:00,232.0
2025-12-02 16:45:00,277.15
2025-12-02 17:00:00,249.09
2025-12-02 17:15:00,273.37
2025-12-02 17:30:00,278.53
2025-12-02 17:45:00,250.09
2025-12-02 18:00:00,212.75
2025-12-02 18:15:00,218.55
2025-12-02 18:30:00,192.28
2025-12-02 18:45:00,157.94
2025-12-02 19:00:00,104.97
2025-12-02 19:15:00,99.94
2025-12-02 19:30:00,97.31
2025-12-02 19:45:00,97.31
2025-12-02 20:00:00,204.97
2025-12-02 20:15:00,171.14
2025-12-02 20:30:00,171.15
2025-12-02 20:45:00,151.46
2025-12-02 21:00:00,178.6
2025-12-02 21:15:00,158.79
2025-12-02 21:30:00,146.87
2025-12-02 21:45:00,92.81
2025-12-02 22:00:00,140.55
2025-12-02 22:15:00,136.38
2025-12-02 22:30:00,127.57
2025-12-02 22:45:00,90.88
2025-12-02 23:00:00,130.77
2025-12-02 23:15:00,91.91
2025-12-02 23:30:00,90.89
2025-12-02 23:45:00,108.9
2025-12-03 00:00:00,89.55
2025-12-03 00:15:00,88.82
2025-12-03 00:30:00,87.96
2025-12-03 00:45:00,86.14
2025-12-03 01:00:00,78.12
2025-12-03 01:15:00,77.86
2025-12-03 01:30:00,95.9
2025-12-03 01:45:00,95.27
2025-12-03 02:00:00,99.62
2025-12-03 02:15:00,94.46
2025-12-03 02:30:00,95.38
2025-12-03 02:45:00,96.59
2025-12-03 03:00:00,96.06
2025-12-03 03:15:00,94.86
2025-12-03 03:30:00,94.17
2025-12-03 03:45:00,93.24
2025-12-03 04:00:00,94.88
2025-12-03 04:15:00,94.31
2025-12-03 04:30:00,93.19
2025-12-03 04:45:00,93.21
2025-12-03 05:00:00,94.39
2025-12-03 05:15:00,94.77
2025-12-03 05:30:00,95.3
2025-12-03 05:45:00,97.66
2025-12-03 06:00:00,93.64
2025-12-03 06:15:00,97.22
2025-12-03 06:30:00,104.1
2025-12-03 06:45:00,118.59
2025-12-03 07:00:00,112.2
2025-12-03 07:15:00,135.85
2025-12-03 07:30:00,156.56
2025-12-03 07:45:00,192.95
2025-12-03 08:00:00,152.67
2025-12-03 08:15:00,168.39
2025-12-03 08:30:00,138.99
2025-12-03 08:45:00,199.99
2025-12-03 09:00:00,188.5
2025-12-03 09:15:00,189.99
2025-12-03 09:30:00,252.0
2025-12-03 09:45:00,231.05
2025-12-03 10:00:00,210.21
2025-12-03 10:15:00,191.89
2025-12-03 10:30:00,185.46
2025-12-03 10:45:00,186.26
2025-12-03 11:00:00,191.9
2025-12-03 11:15:00,182.93
2025-12-03 11:30:00,177.05
2025-12-03 11:45:00,175.37
2025-12-03 12:00:00,175.98
2025-12-03 12:15:00,171.06
2025-12-03 12:30:00,199.99
2025-12-03 12:45:00,189.99
2025-12-03 13:00:00,170.4
2025-12-03 13:15:00,189.99
2025-12-03 13:30:00,191.89
2025-12-03 13:45:00,191.9
2025-12-03 14:00:00,170.87
2025-12-03 14:15:00,174.58
2025-12-03 14:30:00,187.02
2025-12-03 14:45:00,188.6
2025-12-03 15:00:00,176.89
2025-12-03 15:15:00,192.57
2025-12-03 15:30:00,223.59
2025-12-03 15:45:00,199.91
2025-12-03 16:00:00,197.96
2025-12-03 16:15:00,218.41
2025-12-03 16:30:00,247.99
2025-12-03 16:45:00,217.14
2025-12-03 17:00:00,190.0
2025-12-03 17:15:00,170.4
2025-12-03 17:30:00,137.79
2025-12-03 17:45:00,114.9
2025-12-03 18:00:00,170.4
2025-12-03 18:15:00,170.39
2025-12-03 18:30:00,128.93
2025-12-03 18:45:00,114.89
2025-12-03 19:00:00,221.44
2025-12-03 19:15:00,223.16
2025-12-03 19:30:00,198.62
2025-12-03 19:45:00,178.7
2025-12-03 20:00:00,170.4
2025-12-03 20:15:00,182.3
2025-12-03 20:30:00,162.3
2025-12-03 20:45:00,153.09
2025-12-03 21:00:00,174.83
2025-12-03 21:15:00,152.31
2025-12-03 21:30:00,101.5
2025-12-03 21:45:00,97.89
2025-12-03 22:00:00,140.29
2025-12-03 22:15:00,132.37
2025-12-03 22:30:00,90.85
2025-12-03 22:45:00,88.88
2025-12-03 23:00:00,129.34
2025-12-03 23:15:00,104.37
2025-12-03 23:30:00,89.6
2025-12-03 23:45:00,81.2
2025-12-04 00:00:00,117.34
2025-12-04 00:15:00,100.35
2025-12-04 00:30:00,85.91
2025-12-04 00:45:00,74.3
2025-12-04 01:00:00,101.32
2025-12-04 01:15:00,100.42
2025-12-04 01:30:00,98.0
2025-12-04 01:45:00,93.47
2025-12-04 02:00:00,100.97
2025-12-04 02:15:00,96.37
2025-12-04 02:30:00,92.32
2025-12-04 02:45:00,90.16
2025-12-04 03:00:00,94.06
2025-12-04 03:15:00,90.99
2025-12-04 03:30:00,90.78
2025-12-04 03:45:00,92.11
2025-12-04 04:00:00,93.47
2025-12-04 04:15:00,91.85
2025-12-04 04:30:00,91.35
2025-12-04 04:45:00,90.25
2025-12-04 05:00:00,91.25
2025-12-04 05:15:00,93.27
2025-12-04 05:30:00,97.3
2025-12-04 05:45:00,114.2
2025-12-04 06:00:00,92.26
2025-12-04 06:15:00,96.91
2025-12-04 06:30:00,101.63
2025-12-04 06:45:00,114.2
2025-12-04 07:00:00,106.29
2025-12-04 07:15:00,122.0
2025-12-04 07:30:00,135.3
2025-12-04 07:45:00,165.51
2025-12-04 08:00:00,181.04
2025-12-04 08:15:00,223.65
2025-12-04 08:30:00,209.41
2025-12-04 08:45:00,208.07
2025-12-04 09:00:00,200.0
2025-12-04 09:15:00,224.75
2025-12-04 09:30:00,234.47
2025-12-04 09:45:00,220.11
2025-12-04 10:00:00,248.0
2025-12-04 10:15:00,248.0
2025-12-04 10:30:00,247.99
2025-12-04 10:45:00,247.99
2025-12-04 11:00:00,217.59
2025-12-04 11:15:00,217.6
2025-12-04 11:30:00,325.08
2025-12-04 11:45:00,325.04
2025-12-04 12:00:00,289.99
2025-12-04 12:15:00,323.48
2025-12-04 12:30:00,250.51
2025-12-04 12:45:00,400.0
2025-12-04 13:00:00,234.63
2025-12-04 13:15:00,251.57
2025-12-04 13:30:00,263.78
2025-12-04 13:45:00,290.0
2025-12-04 14:00:00,217.6
2025-12-04 14:15:00,224.22
2025-12-04 14:30:00,217.6
2025-12-04 14:45:00,240.58
2025-12-04 15:00:00,250.07
2025-12-04 15:15:00,250.03
2025-12-04 15:30:00,250.05
2025-12-04 15:45:00,250.03
2025-12-04 16:00:00,250.05
2025-12-04 16:15:00,274.89
2025-12-04 16:30:00,250.0
2025-12-04 16:45:00,234.29
2025-12-04 17:00:00,158.1
2025-12-04 17:15:00,162.54
2025-12-04 17:30:00,177.79
2025-12-04 17:45:00,172.01
2025-12-04 18:00:00,151.57
2025-12-04 18:15:00,148.28
2025-12-04 18:30:00,143.21
2025-12-04 18:45:00,144.46
2025-12-04 19:00:00,158.1
2025-12-04 19:15:00,158.09
2025-12-04 19:30:00,144.42
2025-12-04 19:45:00,151.96
2025-12-04 20:00:00,151.59
2025-12-04 20:15:00,141.33
2025-12-04 20:30:00,135.13
2025-12-04 20:45:00,125.72
2025-12-04 21:00:00,137.43
2025-12-04 21:15:00,130.96
2025-12-04 21:30:00,118.29
2025-12-04 21:45:00,109.91
2025-12-04 22:00:00,120.5
2025-12-04 22:15:00,115.52
2025-12-04 22:30:00,108.83
2025-12-04 22:45:00,101.92
2025-12-04 23:00:00,114.92
2025-12-04 23:15:00,114.02
2025-12-04 23:30:00,110.61
2025-12-04 23:45:00,103.99
2025-12-05 00:00:00,107.85
2025-12-05 00:15:00,103.78
2025-12-05 00:30:00,97.74
2025-12-05 00:45:00,88.72
2025-12-05 01:00:00,102.3
2025-12-05 01:15:00,99.13
2025-12-05 01:30:00,136.99
2025-12-05 01:45:00,126.91
2025-12-05 02:00:00,97.65
2025-12-05 02:15:00,94.97
2025-12-05 02:30:00,93.23
2025-12-05 02:45:00,91.06
2025-12-05 03:00:00,91.93
2025-12-05 03:15:00,92.09
2025-12-05 03:30:00,92.29
2025-12-05 03:45:00,88.45
2025-12-05 04:00:00,88.05
2025-12-05 04:15:00,89.92
2025-12-05 04:30:00,90.67
2025-12-05 04:45:00,95.87
2025-12-05 05:00:00,91.49
2025-12-05 05:15:00,91.84
2025-12-05 05:30:00,96.59
2025-12-05 05:45:00,206.9
2025-12-05 06:00:00,91.82
2025-12-05 06:15:00,96.78
2025-12-05 06:30:00,102.69
2025-12-05 06:45:00,114.7
2025-12-05 07:00:00,98.9
2025-12-05 07:15:00,114.34
2025-12-05 07:30:00,169.9
2025-12-05 07:45:00,169.89
2025-12-05 08:00:00,147.77
2025-12-05 08:15:00,164.68
2025-12-05 08:30:00,165.03
2025-12-05 08:45:00,164.19
2025-12-05 09:00:00,160.9
2025-12-05 09:15:00,182.78
2025-12-05 09:30:00,200.21
2025-12-05 09:45:00,197.27
2025-12-05 10:00:00,198.21
2025-12-05 10:15:00,193.29
2025-12-05 10:30:00,178.26
2025-12-05 10:45:00,169.89
2025-12-05 11:00:00,179.28
2025-12-05 11:15:00,179.16
2025-12-05 11:30:00,169.02
2025-12-05 11:45:00,162.15
2025-12-05 12:00:00,173.43
2025-12-05 12:15:00,169.29
2025-12-05 12:30:00,169.84
2025-12-05 12:45:00,159.45
2025-12-05 13:00:00,167.31
2025-12-05 13:15:00,158.29
2025-12-05 13:30:00,158.48
2025-12-05 13:45:00,162.76
2025-12-05 14:00:00,161.74
2025-12-05 14:15:00,159.96
2025-12-05 14:30:00,157.55
2025-12-05 14:45:00,150.31
2025-12-05 15:00:00,157.12
2025-12-05 15:15:00,154.86
2025-12-05 15:30:00,160.76
2025-12-05 15:45:00,169.27
2025-12-05 16:00:00,157.0
2025-12-05 16:15:00,155.15
2025-12-05 16:30:00,169.08
2025-12-05 16:45:00,164.8
2025-12-05 17:00:00,157.2
2025-12-05 17:15:00,169.69
2025-12-05 17:30:00,172.04
2025-12-05 17:45:00,172.67
2025-12-05 18:00:00,164.25
2025-12-05 18:15:00,155.33
2025-12-05 18:30:00,160.83
2025-12-05 18:45:00,147.65
2025-12-05 19:00:00,160.12
2025-12-05 19:15:00,150.77
2025-12-05 19:30:00,144.73
2025-12-05 19:45:00,130.6
2025-12-05 20:00:00,147.42
2025-12-05 20:15:00,128.75
2025-12-05 20:30:00,97.01
2025-12-05 20:45:00,89.15
2025-12-05 21:00:00,125.65
2025-12-05 21:15:00,89.58
2025-12-05 21:30:00,80.2
2025-12-05 21:45:00,79.01
2025-12-05 22:00:00,108.61
2025-12-05 22:15:00,103.47
2025-12-05 22:30:00,90.25
2025-12-05 22:45:00,78.68
2025-12-05 23:00:00,105.35
2025-12-05 23:15:00,102.58
2025-12-05 23:30:00,73.0
2025-12-05 23:45:00,67.68
2025-12-06 00:00:00,85.18
2025-12-06 00:15:00,73.0
2025-12-06 00:30:00,72.99
2025-12-06 00:45:00,59.38
2025-12-06 01:00:00,69.53
2025-12-06 01:15:00,63.76
2025-12-06 01:30:00,59.09
2025-12-06 01:45:00,54.5
2025-12-06 02:00:00,57.18
2025-12-06 02:15:00,52.31
2025-12-06 02:30:00,49.82
2025-12-06 02:45:00,46.29
2025-12-06 03:00:00,49.44
2025-12-06 03:15:00,46.63
2025-12-06 03:30:00,45.27
2025-12-06 03:45:00,43.79
2025-12-06 04:00:00,41.58
2025-12-06 04:15:00,40.55
2025-12-06 04:30:00,40.06
2025-12-06 04:45:00,38.44
2025-12-06 05:00:00,40.46
2025-12-06 05:15:00,39.6
2025-12-06 05:30:00,39.53
2025-12-06 05:45:00,39.0
2025-12-06 06:00:00,38.43
2025-12-06 06:15:00,36.85
2025-12-06 06:30:00,36.85
2025-12-06 06:45:00,36.74
2025-12-06 07:00:00,37.88
2025-12-06 07:15:00,38.05
2025-12-06 07:30:00,38.87
2025-12-06 07:45:00,38.97
2025-12-06 08:00:00,40.68
2025-12-06 08:15:00,40.8
2025-12-06 08:30:00,41.47
2025-12-06 08:45:00,44.55
2025-12-06 09:00:00,46.95
2025-12-06 09:15:00,47.25
2025-12-06 09:30:00,46.89
2025-12-06 09:45:00,48.17
2025-12-06 10:00:00,49.11
2025-12-06 10:15:00,47.82
2025-12-06 10:30:00,48.32
2025-12-06 10:45:00,48.06
2025-12-06 11:00:00,49.99
2025-12-06 11:15:00,48.45
2025-12-06 11:30:00,47.46
2025-12-06 11:45:00,47.13
2025-12-06 12:00:00,50.19
2025-12-06 12:15:00,49.22
2025-12-06 12:30:00,48.6
2025-12-06 12:45:00,48.56
2025-12-06 13:00:00,49.85
2025-12-06 13:15:00,49.6
2025-12-06 13:30:00,48.25
2025-12-06 13:45:00,47.55
2025-12-06 14:00:00,49.58
2025-12-06 14:15:00,48.45
2025-12-06 14:30:00,47.59
2025-12-06 14:45:00,47.55
2025-12-06 15:00:00,47.43
2025-12-06 15:15:00,47.09
2025-12-06 15:30:00,47.1
2025-12-06 15:45:00,57.0
2025-12-06 16:00:00,51.79
2025-12-06 16:15:00,57.04
2025-12-06 16:30:00,69.5
2025-12-06 16:45:00,93.19
2025-12-06 17:00:00,93.2
2025-12-06 17:15:00,93.97
2025-12-06 17:30:00,95.42
2025-12-06 17:45:00,93.2
2025-12-06 18:00:00,69.95
2025-12-06 18:15:00,69.93
2025-12-06 18:30:00,69.49
2025-12-06 18:45:00,68.52
2025-12-06 19:00:00,69.5
2025-12-06 19:15:00,69.5
2025-12-06 19:30:00,69.49
2025-12-06 19:45:00,57.19
2025-12-06 20:00:00,51.79
2025-12-06 20:15:00,46.24
2025-12-06 20:30:00,45.48
2025-12-06 20:45:00,44.58
2025-12-06 21:00:00,45.8
2025-12-06 21:15:00,44.64
2025-12-06 21:30:00,43.97
2025-12-06 21:45:00,42.97
2025-12-06 22:00:00,43.94
2025-12-06 22:15:00,43.05
2025-12-06 22:30:00,42.42
2025-12-06 22:45:00,41.72
2025-12-06 23:00:00,42.37
2025-12-06 23:15:00,41.91
2025-12-06 23:30:00,40.96
2025-12-06 23:45:00,40.0
2025-12-07 00:00:00,41.27
2025-12-07 00:15:00,40.47
2025-12-07 00:30:00,39.32
2025-12-07 00:45:00,38.01
2025-12-07 01:00:00,29.01
2025-12-07 01:15:00,27.74
2025-12-07 01:30:00,27.77
2025-12-07 01:45:00,26.55
2025-12-07 02:00:00,69.96
2025-12-07 02:15:00,65.14
2025-12-07 02:30:00,62.26
2025-12-07 02:45:00,26.04
2025-12-07 03:00:00,26.04
2025-12-07 03:15:00,26.04
2025-12-07 03:30:00,26.04
2025-12-07 03:45:00,26.04
2025-12-07 04:00:00,23.81
2025-12-07 04:15:00,23.94
2025-12-07 04:30:00,24.26
2025-12-07 04:45:00,25.06
2025-12-07 05:00:00,25.81
2025-12-07 05:15:00,26.19
2025-12-07 05:30:00,27.04
2025-12-07 05:45:00,37.0
2025-12-07 06:00:00,16.43
2025-12-07 06:15:00,26.07
2025-12-07 06:30:00,27.25
2025-12-07 06:45:00,27.44
2025-12-07 07:00:00,26.33
2025-12-07 07:15:00,28.46
2025-12-07 07:30:00,30.82
2025-12-07 07:45:00,32.41
2025-12-07 08:00:00,31.43
2025-12-07 08:15:00,32.46
2025-12-07 08:30:00,34.74
2025-12-07 08:45:00,37.52
2025-12-07 09:00:00,33.43
2025-12-07 09:15:00,42.13
2025-12-07 09:30:00,51.7
2025-12-07 09:45:00,57.02
2025-12-07 10:00:00,69.3
2025-12-07 10:15:00,91.6
2025-12-07 10:30:00,86.92
2025-12-07 10:45:00,85.33
2025-12-07 11:00:00,69.3
2025-12-07 11:15:00,93.14
2025-12-07 11:30:00,89.77
2025-12-07 11:45:00,93.22
2025-12-07 12:00:00,89.07
2025-12-07 12:15:00,92.75
2025-12-07 12:30:00,94.15
2025-12-07 12:45:00,103.09
2025-12-07 13:00:00,100.3
2025-12-07 13:15:00,99.07
2025-12-07 13:30:00,102.34
2025-12-07 13:45:00,101.94
2025-12-07 14:00:00,101.54
2025-12-07 14:15:00,99.77
2025-12-07 14:30:00,102.88
2025-12-07 14:45:00,107.67
2025-12-07 15:00:00,106.29
2025-12-07 15:15:00,108.49
2025-12-07 15:30:00,105.02
2025-12-07 15:45:00,110.33
2025-12-07 16:00:00,83.63
2025-12-07 16:15:00,87.28
2025-12-07 16:30:00,108.58
2025-12-07 16:45:00,110.81
2025-12-07 17:00:00,82.84
2025-12-07 17:15:00,82.31
2025-12-07 17:30:00,81.73
2025-12-07 17:45:00,80.27
2025-12-07 18:00:00,85.4
2025-12-07 18:15:00,85.32
2025-12-07 18:30:00,84.35
2025-12-07 18:45:00,112.4
2025-12-07 19:00:00,83.6
2025-12-07 19:15:00,83.47
2025-12-07 19:30:00,83.28
2025-12-07 19:45:00,82.02
2025-12-07 20:00:00,119.42
2025-12-07 20:15:00,118.09
2025-12-07 20:30:00,117.12
2025-12-07 20:45:00,80.4
2025-12-07 21:00:00,119.29
2025-12-07 21:15:00,115.73
2025-12-07 21:30:00,113.01
2025-12-07 21:45:00,107.71
2025-12-07 22:00:00,113.84
2025-12-07 22:15:00,74.32
2025-12-07 22:30:00,69.3
2025-12-07 22:45:00,51.7
2025-12-07 23:00:00,49.69
2025-12-07 23:15:00,41.64
2025-12-07 23:30:00,40.03
2025-12-07 23:45:00,38.96
2025-12-08 00:00:00,37.79
2025-12-08 00:15:00,35.99
2025-12-08 00:30:00,31.56
2025-12-08 00:45:00,23.88
2025-12-08 01:00:00,53.84
2025-12-08 01:15:00,54.55
2025-12-08 01:30:00,50.03
2025-12-08 01:45:00,41.58
2025-12-08 02:00:00,49.18
2025-12-08 02:15:00,49.35
2025-12-08 02:30:00,45.22
2025-12-08 02:45:00,42.06
2025-12-08 03:00:00,46.94
2025-12-08 03:15:00,45.99
2025-12-08 03:30:00,44.52
2025-12-08 03:45:00,39.56
2025-12-08 04:00:00,44.23
2025-12-08 04:15:00,42.78
2025-12-08 04:30:00,44.12
2025-12-08 04:45:00,44.18
2025-12-08 05:00:00,43.32
2025-12-08 05:15:00,45.37
2025-12-08 05:30:00,48.33
2025-12-08 05:45:00,54.59
2025-12-08 06:00:00,45.77
2025-12-08 06:15:00,51.46
2025-12-08 06:30:00,61.02
2025-12-08 06:45:00,77.46
2025-12-08 07:00:00,97.78
2025-12-08 07:15:00,102.97
2025-12-08 07:30:00,103.93
2025-12-08 07:45:00,108.18
2025-12-08 08:00:00,123.04
2025-12-08 08:15:00,141.79
2025-12-08 08:30:00,149.58
2025-12-08 08:45:00,158.29
2025-12-08 09:00:00,141.0
2025-12-08 09:15:00,136.99
2025-12-08 09:30:00,131.16
2025-12-08 09:45:00,128.53
2025-12-08 10:00:00,127.81
2025-12-08 10:15:00,130.11
2025-12-08 10:30:00,120.14
2025-12-08 10:45:00,108.18
2025-12-08 11:00:00,132.01
2025-12-08 11:15:00,119.66
2025-12-08 11:30:00,114.65
2025-12-08 11:45:00,73.1
2025-12-08 12:00:00,111.96
2025-12-08 12:15:00,112.19
2025-12-08 12:30:00,99.99
2025-12-08 12:45:00,80.0
2025-12-08 13:00:00,73.1
2025-12-08 13:15:00,70.01
2025-12-08 13:30:00,66.9
2025-12-08 13:45:00,66.95
2025-12-08 14:00:00,80.01
2025-12-08 14:15:00,73.09
2025-12-08 14:30:00,66.03
2025-12-08 14:45:00,66.18
2025-12-08 15:00:00,60.86
2025-12-08 15:15:00,63.14
2025-12-08 15:30:00,136.13
2025-12-08 15:45:00,73.09
2025-12-08 16:00:00,70.01
2025-12-08 16:15:00,68.53
2025-12-08 16:30:00,68.63
2025-12-08 16:45:00,69.08
2025-12-08 17:00:00,65.8
2025-12-08 17:15:00,66.65
2025-12-08 17:30:00,68.16
2025-12-08 17:45:00,69.6
2025-12-08 18:00:00,70.0
2025-12-08 18:15:00,70.02
2025-12-08 18:30:00,69.99
2025-12-08 18:45:00,69.99
2025-12-08 19:00:00,65.11
2025-12-08 19:15:00,60.35
2025-12-08 19:30:00,56.48
2025-12-08 19:45:00,53.35
2025-12-08 20:00:00,62.64
2025-12-08 20:15:00,56.08
2025-12-08 20:30:00,53.29
2025-12-08 20:45:00,47.7
2025-12-08 21:00:00,49.73
2025-12-08 21:15:00,47.02
2025-12-08 21:30:00,45.34
2025-12-08 21:45:00,43.58
2025-12-08 22:00:00,46.05
2025-12-08 22:15:00,45.42
2025-12-08 22:30:00,44.09
2025-12-08 22:45:00,42.13
2025-12-08 23:00:00,43.31
2025-12-08 23:15:00,41.92
2025-12-08 23:30:00,41.09
2025-12-08 23:45:00,37.83
2025-12-09 00:00:00,40.66
2025-12-09 00:15:00,38.11
2025-12-09 00:30:00,32.7
2025-12-09 00:45:00,28.96
2025-12-09 01:00:00,38.26
2025-12-09 01:15:00,35.02
2025-12-09 01:30:00,38.07
2025-12-09 01:45:00,35.5
2025-12-09 02:00:00,39.12
2025-12-09 02:15:00,39.14
2025-12-09 02:30:00,39.35
2025-12-09 02:45:00,39.21
2025-12-09 03:00:00,21.33
2025-12-09 03:15:00,21.79
2025-12-09 03:30:00,22.49
2025-12-09 03:45:00,23.6
2025-12-09 04:00:00,19.99
2025-12-09 04:15:00,20.4
2025-12-09 04:30:00,21.48
2025-12-09 04:45:00,23.89
2025-12-09 05:00:00,20.17
2025-12-09 05:15:00,23.17
2025-12-09 05:30:00,23.92
2025-12-09 05:45:00,26.04
2025-12-09 06:00:00,32.8
2025-12-09 06:15:00,39.9
2025-12-09 06:30:00,44.51
2025-12-09 06:45:00,57.07
2025-12-09 07:00:00,51.3
2025-12-09 07:15:00,66.88
2025-12-09 07:30:00,69.16
2025-12-09 07:45:00,72.26
2025-12-09 08:00:00,99.95
2025-12-09 08:15:00,99.94
2025-12-09 08:30:00,78.99
2025-12-09 08:45:00,99.96
2025-12-09 09:00:00,81.68
2025-12-09 09:15:00,92.93
2025-12-09 09:30:00,100.0
2025-12-09 09:45:00,109.84
2025-12-09 10:00:00,117.71
2025-12-09 10:15:00,102.47
2025-12-09 10:30:00,98.16
2025-12-09 10:45:00,88.68
2025-12-09 11:00:00,97.43
2025-12-09 11:15:00,92.51
2025-12-09 11:30:00,90.58
2025-12-09 11:45:00,86.16
2025-12-09 12:00:00,91.89
2025-12-09 12:15:00,89.79
2025-12-09 12:30:00,88.5
2025-12-09 12:45:00,86.51
2025-12-09 13:00:00,88.68
2025-12-09 13:15:00,86.18
2025-12-09 13:30:00,88.51
2025-12-09 13:45:00,89.15
2025-12-09 14:00:00,89.83
2025-12-09 14:15:00,90.36
2025-12-09 14:30:00,90.88
2025-12-09 14:45:00,91.83
2025-12-09 15:00:00,83.79
2025-12-09 15:15:00,96.01
2025-12-09 15:30:00,100.52
2025-12-09 15:45:00,102.3
2025-12-09 16:00:00,100.79
2025-12-09 16:15:00,105.02
2025-12-09 16:30:00,112.71
2025-12-09 16:45:00,110.15
2025-12-09 17:00:00,101.89
2025-12-09 17:15:00,106.97
2025-12-09 17:30:00,106.24
2025-12-09 17:45:00,103.5
2025-12-09 18:00:00,101.76
2025-12-09 18:15:00,101.41
2025-12-09 18:30:00,102.85
2025-12-09 18:45:00,98.78
2025-12-09 19:00:00,99.94
2025-12-09 19:15:00,100.01
2025-12-09 19:30:00,106.44
2025-12-09 19:45:00,96.22
2025-12-09 20:00:00,100.03
2025-12-09 20:15:00,94.04
2025-12-09 20:30:00,87.46
2025-12-09 20:45:00,75.33
2025-12-09 21:00:00,138.31
2025-12-09 21:15:00,130.34
2025-12-09 21:30:00,108.25
2025-12-09 21:45:00,107.74
2025-12-09 22:00:00,107.77
2025-12-09 22:15:00,99.11
2025-12-09 22:30:00,73.09
2025-12-09 22:45:00,65.09
2025-12-09 23:00:00,65.0
2025-12-09 23:15:00,64.34
2025-12-09 23:30:00,62.12
2025-12-09 23:45:00,58.35
2025-12-10 00:00:00,55.25
2025-12-10 00:15:00,49.24
2025-12-10 00:30:00,42.52
2025-12-10 00:45:00,36.32
2025-12-10 01:00:00,57.09
2025-12-10 01:15:00,57.12
2025-12-10 01:30:00,57.13
2025-12-10 01:45:00,57.2
2025-12-10 02:00:00,65.69
2025-12-10 02:15:00,62.49
2025-12-10 02:30:00,61.72
2025-12-10 02:45:00,59.68
2025-12-10 03:00:00,60.89
2025-12-10 03:15:00,59.01
2025-12-10 03:30:00,59.36
2025-12-10 03:45:00,57.34
2025-12-10 04:00:00,63.65
2025-12-10 04:15:00,63.07
2025-12-10 04:30:00,59.61
2025-12-10 04:45:00,60.64
2025-12-10 05:00:00,60.3
2025-12-10 05:15:00,64.91
2025-12-10 05:30:00,70.67
2025-12-10 05:45:00,79.59
2025-12-10 06:00:00,65.19
2025-12-10 06:15:00,77.31
2025-12-10 06:30:00,93.0
2025-12-10 06:45:00,151.9
2025-12-10 07:00:00,99.64
2025-12-10 07:15:00,116.16
2025-12-10 07:30:00,151.9
2025-12-10 07:45:00,131.92
2025-12-10 08:00:00,151.86
2025-12-10 08:15:00,155.1
2025-12-10 08:30:00,158.66
2025-12-10 08:45:00,174.39
2025-12-10 09:00:00,175.54
2025-12-10 09:15:00,159.99
2025-12-10 09:30:00,141.97
2025-12-10 09:45:00,256.21
2025-12-10 10:00:00,230.56
2025-12-10 10:15:00,174.4
2025-12-10 10:30:00,151.9
2025-12-10 10:45:00,151.91
2025-12-10 11:00:00,114.67
2025-12-10 11:15:00,102.47
2025-12-10 11:30:00,103.42
2025-12-10 11:45:00,102.4
2025-12-10 12:00:00,103.42
2025-12-10 12:15:00,102.33
2025-12-10 12:30:00,93.0
2025-12-10 12:45:00,92.99
2025-12-10 13:00:00,102.95
2025-12-10 13:15:00,93.0
2025-12-10 13:30:00,82.97
2025-12-10 13:45:00,60.0
2025-12-10 14:00:00,108.62
2025-12-10 14:15:00,112.17
2025-12-10 14:30:00,93.0
2025-12-10 14:45:00,92.99
2025-12-10 15:00:00,93.0
2025-12-10 15:15:00,92.99
2025-12-10 15:30:00,83.61
2025-12-10 15:45:00,69.29
2025-12-10 16:00:00,93.0
2025-12-10 16:15:00,92.99
2025-12-10 16:30:00,82.9
2025-12-10 16:45:00,70.0
2025-12-10 17:00:00,92.99
2025-12-10 17:15:00,84.35
2025-12-10 17:30:00,78.51
2025-12-10 17:45:00,69.29
2025-12-10 18:00:00,69.29
2025-12-10 18:15:00,60.0
2025-12-10 18:30:00,57.59
2025-12-10 18:45:00,57.08
2025-12-10 19:00:00,41.88
2025-12-10 19:15:00,40.01
2025-12-10 19:30:00,39.81
2025-12-10 19:45:00,38.23
2025-12-10 20:00:00,38.07
2025-12-10 20:15:00,37.39
2025-12-10 20:30:00,31.02
2025-12-10 20:45:00,27.98
2025-12-10 21:00:00,31.92
2025-12-10 21:15:00,28.97
2025-12-10 21:30:00,25.98
2025-12-10 21:45:00,22.36
2025-12-10 22:00:00,25.77
2025-12-10 22:15:00,24.3
2025-12-10 22:30:00,20.08
2025-12-10 22:45:00,17.07
2025-12-10 23:00:00,16.72
2025-12-10 23:15:00,16.05
2025-12-10 23:30:00,15.55
2025-12-10 23:45:00,12.19
2025-12-11 00:00:00,16.35
2025-12-11 00:15:00,14.16
2025-12-11 00:30:00,12.13
2025-12-11 00:45:00,10.39
2025-12-11 01:00:00,18.66
2025-12-11 01:15:00,18.52
2025-12-11 01:30:00,18.19
2025-12-11 01:45:00,26.03
2025-12-11 02:00:00,26.03
2025-12-11 02:15:00,26.01
2025-12-11 02:30:00,25.08
2025-12-11 02:45:00,25.03
2025-12-11 03:00:00,19.38
2025-12-11 03:15:00,19.87
2025-12-11 03:30:00,20.13
2025-12-11 03:45:00,20.07
2025-12-11 04:00:00,20.76
2025-12-11 04:15:00,24.73
2025-12-11 04:30:00,25.7
2025-12-11 04:45:00,28.01
2025-12-11 05:00:00,26.04
2025-12-11 05:15:00,27.08
2025-12-11 05:30:00,26.9
2025-12-11 05:45:00,27.26
2025-12-11 06:00:00,25.47
2025-12-11 06:15:00,29.57
2025-12-11 06:30:00,32.33
2025-12-11 06:45:00,36.97
2025-12-11 07:00:00,35.01
2025-12-11 07:15:00,37.45
2025-12-11 07:30:00,41.07
2025-12-11 07:45:00,50.0
2025-12-11 08:00:00,50.01
2025-12-11 08:15:00,55.36
2025-12-11 08:30:00,61.06
2025-12-11 08:45:00,61.06
2025-12-11 09:00:00,72.12
2025-12-11 09:15:00,73.59
2025-12-11 09:30:00,60.0
2025-12-11 09:45:00,57.09
2025-12-11 10:00:00,59.6
2025-12-11 10:15:00,57.57
2025-12-11 10:30:00,53.62
2025-12-11 10:45:00,55.0
2025-12-11 11:00:00,50.01
2025-12-11 11:15:00,50.0
2025-12-11 11:30:00,49.43
2025-12-11 11:45:00,45.87
2025-12-11 12:00:00,56.18
2025-12-11 12:15:00,57.05
2025-12-11 12:30:00,57.15
2025-12-11 12:45:00,57.1
2025-12-11 13:00:00,61.06
2025-12-11 13:15:00,61.06
2025-12-11 13:30:00,61.29
2025-12-11 13:45:00,61.06
2025-12-11 14:00:00,60.01
2025-12-11 14:15:00,60.46
2025-12-11 14:30:00,57.76
2025-12-11 14:45:00,73.59
2025-12-11 15:00:00,54.99
2025-12-11 15:15:00,57.14
2025-12-11 15:30:00,60.0
2025-12-11 15:45:00,70.01
2025-12-11 16:00:00,61.34
2025-12-11 16:15:00,70.01
2025-12-11 16:30:00,63.8
2025-12-11 16:45:00,64.21
2025-12-11 17:00:00,63.08
2025-12-11 17:15:00,64.57
2025-12-11 17:30:00,65.01
2025-12-11 17:45:00,65.29
2025-12-11 18:00:00,65.27
2025-12-11 18:15:00,65.27
2025-12-11 18:30:00,63.17
2025-12-11 18:45:00,62.24
2025-12-11 19:00:00,63.18
2025-12-11 19:15:00,62.3
2025-12-11 19:30:00,60.77
2025-12-11 19:45:00,59.5
2025-12-11 20:00:00,62.83
2025-12-11 20:15:00,61.19
2025-12-11 20:30:00,62.21
2025-12-11 20:45:00,59.44
2025-12-11 21:00:00,64.88
2025-12-11 21:15:00,61.8
2025-12-11 21:30:00,58.9
2025-12-11 21:45:00,56.94
2025-12-11 22:00:00,57.24
2025-12-11 22:15:00,54.99
2025-12-11 22:30:00,51.67
2025-12-11 22:45:00,47.95
2025-12-11 23:00:00,51.2
2025-12-11 23:15:00,46.86
2025-12-11 23:30:00,43.67
2025-12-11 23:45:00,42.39
2025-12-12 00:00:00,42.9
2025-12-12 00:15:00,42.06
2025-12-12 00:30:00,41.1
2025-12-12 00:45:00,39.79
2025-12-12 01:00:00,94.37
2025-12-12 01:15:00,45.26
2025-12-12 01:30:00,44.49
2025-12-12 01:45:00,40.73
2025-12-12 02:00:00,80.0
2025-12-12 02:15:00,89.45
2025-12-12 02:30:00,92.66
2025-12-12 02:45:00,73.4
2025-12-12 03:00:00,69.99
2025-12-12 03:15:00,57.08
2025-12-12 03:30:00,57.03
2025-12-12 03:45:00,54.8
2025-12-12 04:00:00,68.82
2025-12-12 04:15:00,60.05
2025-12-12 04:30:00,63.02
2025-12-12 04:45:00,68.37
2025-12-12 05:00:00,52.45
2025-12-12 05:15:00,59.81
2025-12-12 05:30:00,60.11
2025-12-12 05:45:00,60.51
2025-12-12 06:00:00,72.72
2025-12-12 06:15:00,72.83
2025-12-12 06:30:00,72.28
2025-12-12 06:45:00,70.94
2025-12-12 07:00:00,93.81
2025-12-12 07:15:00,111.29
2025-12-12 07:30:00,124.09
2025-12-12 07:45:00,125.73
2025-12-12 08:00:00,114.21
2025-12-12 08:15:00,127.05
2025-12-12 08:30:00,121.48
2025-12-12 08:45:00,127.31
2025-12-12 09:00:00,130.16
2025-12-12 09:15:00,134.89
2025-12-12 09:30:00,134.15
2025-12-12 09:45:00,129.14
2025-12-12 10:00:00,134.31
2025-12-12 10:15:00,127.33
2025-12-12 10:30:00,126.29
2025-12-12 10:45:00,124.54
2025-12-12 11:00:00,130.6
2025-12-12 11:15:00,127.66
2025-12-12 11:30:00,121.54
2025-12-12 11:45:00,117.06
2025-12-12 12:00:00,123.07
2025-12-12 12:15:00,119.43
2025-12-12 12:30:00,118.92
2025-12-12 12:45:00,115.77
2025-12-12 13:00:00,112.29
2025-12-12 13:15:00,113.62
2025-12-12 13:30:00,114.04
2025-12-12 13:45:00,115.46
2025-12-12 14:00:00,119.38
2025-12-12 14:15:00,119.01
2025-12-12 14:30:00,121.61
2025-12-12 14:45:00,130.66
2025-12-12 15:00:00,116.17
2025-12-12 15:15:00,125.36
2025-12-12 15:30:00,143.37
2025-12-12 15:45:00,158.5
2025-12-12 16:00:00,125.43
2025-12-12 16:15:00,132.34
2025-12-12 16:30:00,140.64
2025-12-12 16:45:00,149.4
2025-12-12 17:00:00,141.31
2025-12-12 17:15:00,146.19
2025-12-12 17:30:00,157.41
2025-12-12 17:45:00,168.56
2025-12-12 18:00:00,159.88
2025-12-12 18:15:00,161.26
2025-12-12 18:30:00,154.13
2025-12-12 18:45:00,150.24
2025-12-12 19:00:00,147.14
2025-12-12 19:15:00,141.98
2025-12-12 19:30:00,139.86
2025-12-12 19:45:00,140.03
2025-12-12 20:00:00,140.86
2025-12-12 20:15:00,135.9
2025-12-12 20:30:00,135.16
2025-12-12 20:45:00,126.5
2025-12-12 21:00:00,153.24
2025-12-12 21:15:00,127.08
2025-12-12 21:30:00,120.01
2025-12-12 21:45:00,107.91
2025-12-12 22:00:00,129.68
2025-12-12 22:15:00,116.77
2025-12-12 22:30:00,109.14
2025-12-12 22:45:00,103.18
2025-12-12 23:00:00,115.0
2025-12-12 23:15:00,111.69
2025-12-12 23:30:00,111.68
2025-12-12 23:45:00,103.19
2025-12-13 00:00:00,100.09
2025-12-13 00:15:00,85.1
2025-12-13 00:30:00,84.25
2025-12-13 00:45:00,81.83
2025-12-13 01:00:00,107.35
2025-12-13 01:15:00,107.82
2025-12-13 01:30:00,98.8
2025-12-13 01:45:00,81.08
2025-12-13 02:00:00,90.01
2025-12-13 02:15:00,80.21
2025-12-13 02:30:00,80.18
2025-12-13 02:45:00,79.45
2025-12-13 03:00:00,76.05
2025-12-13 03:15:00,76.01
2025-12-13 03:30:00,75.63
2025-12-13 03:45:00,75.76
2025-12-13 04:00:00,70.26
2025-12-13 04:15:00,70.48
2025-12-13 04:30:00,70.75
2025-12-13 04:45:00,71.04
2025-12-13 05:00:00,67.27
2025-12-13 05:15:00,67.18
2025-12-13 05:30:00,68.05
2025-12-13 05:45:00,68.21
2025-12-13 06:00:00,66.61
2025-12-13 06:15:00,74.19
2025-12-13 06:30:00,74.2
2025-12-13 06:45:00,92.81
2025-12-13 07:00:00,74.2
2025-12-13 07:15:00,98.79
2025-12-13 07:30:00,98.8
2025-12-13 07:45:00,98.79
2025-12-13 08:00:00,107.82
2025-12-13 08:15:00,111.61
2025-12-13 08:30:00,112.55
2025-12-13 08:45:00,112.35
2025-12-13 09:00:00,98.8
2025-12-13 09:15:00,99.98
2025-12-13 09:30:00,100.06
2025-12-13 09:45:00,100.42
2025-12-13 10:00:00,110.08
2025-12-13 10:15:00,103.86
2025-12-13 10:30:00,98.79
2025-12-13 10:45:00,80.01
2025-12-13 11:00:00,108.94
2025-12-13 11:15:00,106.37
2025-12-13 11:30:00,102.93
2025-12-13 11:45:00,98.79
2025-12-13 12:00:00,78.96
2025-12-13 12:15:00,98.8
2025-12-13 12:30:00,98.8
2025-12-13 12:45:00,98.79
2025-12-13 13:00:00,103.57
2025-12-13 13:15:00,102.56
2025-12-13 13:30:00,102.57
2025-12-13 13:45:00,103.57
2025-12-13 14:00:00,103.56
2025-12-13 14:15:00,106.0
2025-12-13 14:30:00,107.29
2025-12-13 14:45:00,109.54
2025-12-13 15:00:00,107.28
2025-12-13 15:15:00,111.6
2025-12-13 15:30:00,115.93
2025-12-13 15:45:00,116.32
2025-12-13 16:00:00,113.01
2025-12-13 16:15:00,116.73
2025-12-13 16:30:00,120.32
2025-12-13 16:45:00,123.0
2025-12-13 17:00:00,115.0
2025-12-13 17:15:00,119.04
2025-12-13 17:30:00,122.97
2025-12-13 17:45:00,112.11
2025-12-13 18:00:00,110.82
2025-12-13 18:15:00,98.8
2025-12-13 18:30:00,98.79
2025-12-13 18:45:00,74.2
2025-12-13 19:00:00,95.0
2025-12-13 19:15:00,74.92
2025-12-13 19:30:00,117.15
2025-12-13 19:45:00,112.58
2025-12-13 20:00:00,119.95
2025-12-13 20:15:00,113.02
2025-12-13 20:30:00,106.82
2025-12-13 20:45:00,102.26
2025-12-13 21:00:00,98.8
2025-12-13 21:15:00,98.79
2025-12-13 21:30:00,70.67
2025-12-13 21:45:00,71.29
2025-12-13 22:00:00,98.79
2025-12-13 22:15:00,62.14
2025-12-13 22:30:00,61.69
2025-12-13 22:45:00,61.61
2025-12-13 23:00:00,98.8
2025-12-13 23:15:00,74.19
2025-12-13 23:30:00,60.55
2025-12-13 23:45:00,60.36
2025-12-14 00:00:00,56.85
2025-12-14 00:15:00,50.73
2025-12-14 00:30:00,42.95
2025-12-14 00:45:00,38.38
2025-12-14 01:00:00,97.5
2025-12-14 01:15:00,81.95
2025-12-14 01:30:00,64.2
2025-12-14 01:45:00,57.15
2025-12-14 02:00:00,51.03
2025-12-14 02:15:00,34.79
2025-12-14 02:30:00,34.11
2025-12-14 02:45:00,33.54
2025-12-14 03:00:00,33.87
2025-12-14 03:15:00,33.31
2025-12-14 03:30:00,32.51
2025-12-14 03:45:00,30.66
2025-12-14 04:00:00,32.02
2025-12-14 04:15:00,30.72
2025-12-14 04:30:00,29.47
2025-12-14 04:45:00,26.33
2025-12-14 05:00:00,28.47
2025-12-14 05:15:00,27.16
2025-12-14 05:30:00,25.75
2025-12-14 05:45:00,25.03
2025-12-14 06:00:00,25.99
2025-12-14 06:15:00,34.38
2025-12-14 06:30:00,45.5
2025-12-14 06:45:00,57.09
2025-12-14 07:00:00,27.06
2025-12-14 07:15:00,27.59
2025-12-14 07:30:00,25.63
2025-12-14 07:45:00,26.47
2025-12-14 08:00:00,28.56
2025-12-14 08:15:00,28.82
2025-12-14 08:30:00,29.0
2025-12-14 08:45:00,57.04
2025-12-14 09:00:00,29.91
2025-12-14 09:15:00,29.96
2025-12-14 09:30:00,57.03
2025-12-14 09:45:00,57.06
2025-12-14 10:00:00,57.01
2025-12-14 10:15:00,57.13
2025-12-14 10:30:00,60.84
2025-12-14 10:45:00,69.91
2025-12-14 11:00:00,34.55
2025-12-14 11:15:00,45.77
2025-12-14 11:30:00,40.01
2025-12-14 11:45:00,33.12
2025-12-14 12:00:00,57.01
2025-12-14 12:15:00,57.04
2025-12-14 12:30:00,57.09
2025-12-14 12:45:00,59.58
2025-12-14 13:00:00,64.19
2025-12-14 13:15:00,63.04
2025-12-14 13:30:00,43.63
2025-12-14 13:45:00,32.82
2025-12-14 14:00:00,57.02
2025-12-14 14:15:00,32.39
2025-12-14 14:30:00,32.83
2025-12-14 14:45:00,33.51
2025-12-14 15:00:00,40.0
2025-12-14 15:15:00,33.3
2025-12-14 15:30:00,33.94
2025-12-14 15:45:00,34.23
2025-12-14 16:00:00,80.19
2025-12-14 16:15:00,57.13
2025-12-14 16:30:00,40.0
2025-12-14 16:45:00,34.84
2025-12-14 17:00:00,57.05
2025-12-14 17:15:00,37.49
2025-12-14 17:30:00,38.71
2025-12-14 17:45:00,36.47
2025-12-14 18:00:00,41.04
2025-12-14 18:15:00,38.58
2025-12-14 18:30:00,36.13
2025-12-14 18:45:00,36.14
2025-12-14 19:00:00,35.42
2025-12-14 19:15:00,35.39
2025-12-14 19:30:00,35.01
2025-12-14 19:45:00,34.92
2025-12-14 20:00:00,34.67
2025-12-14 20:15:00,34.47
2025-12-14 20:30:00,34.32
2025-12-14 20:45:00,34.02
2025-12-14 21:00:00,33.71
2025-12-14 21:15:00,33.44
2025-12-14 21:30:00,32.97
2025-12-14 21:45:00,32.55
2025-12-14 22:00:00,33.46
2025-12-14 22:15:00,33.3
2025-12-14 22:30:00,32.97
2025-12-14 22:45:00,32.93
2025-12-14 23:00:00,33.19
2025-12-14 23:15:00,32.71
2025-12-14 23:30:00,31.46
2025-12-14 23:45:00,28.3
2025-12-15 00:00:00,32.28
2025-12-15 00:15:00,30.67
2025-12-15 00:30:00,27.92
2025-12-15 00:45:00,25.99
2025-12-15 01:00:00,27.19
2025-12-15 01:15:00,25.24
2025-12-15 01:30:00,24.23
2025-12-15 01:45:00,23.13
2025-12-15 02:00:00,25.79
2025-12-15 02:15:00,24.5
2025-12-15 02:30:00,23.32
2025-12-15 02:45:00,21.91
2025-12-15 03:00:00,23.39
2025-12-15 03:15:00,22.31
2025-12-15 03:30:00,20.87
2025-12-15 03:45:00,20.16
2025-12-15 04:00:00,20.84
2025-12-15 04:15:00,19.85
2025-12-15 04:30:00,21.57
2025-12-15 04:45:00,17.81
2025-12-15 05:00:00,18.47
2025-12-15 05:15:00,18.37
2025-12-15 05:30:00,18.87
2025-12-15 05:45:00,19.91
2025-12-15 06:00:00,17.54
2025-12-15 06:15:00,20.93
2025-12-15 06:30:00,23.07
2025-12-15 06:45:00,26.52
2025-12-15 07:00:00,24.45
2025-12-15 07:15:00,27.14
2025-12-15 07:30:00,29.68
2025-12-15 07:45:00,35.93
2025-12-15 08:00:00,54.66
2025-12-15 08:15:00,56.84
2025-12-15 08:30:00,56.76
2025-12-15 08:45:00,57.96
2025-12-15 09:00:00,70.9
2025-12-15 09:15:00,71.24
2025-12-15 09:30:00,69.85
2025-12-15 09:45:00,66.19
2025-12-15 10:00:00,69.75
2025-12-15 10:15:00,69.98
2025-12-15 10:30:00,71.93
2025-12-15 10:45:00,72.59
2025-12-15 11:00:00,73.96
2025-12-15 11:15:00,74.36
2025-12-15 11:30:00,74.47
2025-12-15 11:45:00,70.63
2025-12-15 12:00:00,76.47
2025-12-15 12:15:00,76.17
2025-12-15 12:30:00,76.71
2025-12-15 12:45:00,76.46
2025-12-15 13:00:00,75.26
2025-12-15 13:15:00,75.09
2025-12-15 13:30:00,77.71
2025-12-15 13:45:00,78.92
2025-12-15 14:00:00,79.66
2025-12-15 14:15:00,80.16
2025-12-15 14:30:00,80.73
2025-12-15 14:45:00,81.29
2025-12-15 15:00:00,79.85
2025-12-15 15:15:00,80.58
2025-12-15 15:30:00,80.84
2025-12-15 15:45:00,80.96
2025-12-15 16:00:00,80.53
2025-12-15 16:15:00,80.69
2025-12-15 16:30:00,80.66
2025-12-15 16:45:00,80.27
2025-12-15 17:00:00,80.99
2025-12-15 17:15:00,80.52
2025-12-15 17:30:00,80.1
2025-12-15 17:45:00,80.04
2025-12-15 18:00:00,82.06
2025-12-15 18:15:00,82.07
2025-12-15 18:30:00,81.21
2025-12-15 18:45:00,80.44
2025-12-15 19:00:00,81.84
2025-12-15 19:15:00,80.98
2025-12-15 19:30:00,80.28
2025-12-15 19:45:00,79.9
2025-12-15 20:00:00,79.82
2025-12-15 20:15:00,79.34
2025-12-15 20:30:00,78.8
2025-12-15 20:45:00,78.59
2025-12-15 21:00:00,78.88
2025-12-15 21:15:00,78.33
2025-12-15 21:30:00,78.04
2025-12-15 21:45:00,75.54
2025-12-15 22:00:00,76.59
2025-12-15 22:15:00,75.0
2025-12-15 22:30:00,73.72
2025-12-15 22:45:00,72.3
2025-12-15 23:00:00,71.2
2025-12-15 23:15:00,70.65
2025-12-15 23:30:00,70.1
2025-12-15 23:45:00,69.95
2025-12-16 00:00:00,69.17
2025-12-16 00:15:00,68.36
2025-12-16 00:30:00,68.05
2025-12-16 00:45:00,66.93
2025-12-16 01:00:00,66.07
2025-12-16 01:15:00,65.38
2025-12-16 01:30:00,64.8
2025-12-16 01:45:00,63.91
2025-12-16 02:00:00,62.7
2025-12-16 02:15:00,62.65
2025-12-16 02:30:00,62.53
2025-12-16 02:45:00,61.99
2025-12-16 03:00:00,60.8
2025-12-16 03:15:00,61.13
2025-12-16 03:30:00,61.15
2025-12-16 03:45:00,61.24
2025-12-16 04:00:00,62.01
2025-12-16 04:15:00,62.4
2025-12-16 04:30:00,62.59
2025-12-16 04:45:00,62.71
2025-12-16 05:00:00,65.47
2025-12-16 05:15:00,66.24
2025-12-16 05:30:00,66.72
2025-12-16 05:45:00,67.48
2025-12-16 06:00:00,69.1
2025-12-16 06:15:00,69.74
2025-12-16 06:30:00,70.42
2025-12-16 06:45:00,71.5
2025-12-16 07:00:00,75.01
2025-12-16 07:15:00,137.59
2025-12-16 07:30:00,133.83
2025-12-16 07:45:00,139.93
2025-12-16 08:00:00,127.75
2025-12-16 08:15:00,154.06
2025-12-16 08:30:00,167.76
2025-12-16 08:45:00,177.6
2025-12-16 09:00:00,161.86
2025-12-16 09:15:00,154.34
2025-12-16 09:30:00,146.26
2025-12-16 09:45:00,129.2
2025-12-16 10:00:00,133.81
2025-12-16 10:15:00,122.0
2025-12-16 10:30:00,117.56
2025-12-16 10:45:00,114.3
2025-12-16 11:00:00,114.63
2025-12-16 11:15:00,111.15
2025-12-16 11:30:00,108.56
2025-12-16 11:45:00,106.01
2025-12-16 12:00:00,112.52
2025-12-16 12:15:00,108.63
2025-12-16 12:30:00,110.73
2025-12-16 12:45:00,112.21
2025-12-16 13:00:00,122.58
2025-12-16 13:15:00,131.9
2025-12-16 13:30:00,171.17
2025-12-16 13:45:00,189.99
2025-12-16 14:00:00,132.4
2025-12-16 14:15:00,142.79
2025-12-16 14:30:00,142.89
2025-12-16 14:45:00,142.08
2025-12-16 15:00:00,133.46
2025-12-16 15:15:00,146.47
2025-12-16 15:30:00,155.47
2025-12-16 15:45:00,156.44
2025-12-16 16:00:00,117.49
2025-12-16 16:15:00,133.26
2025-12-16 16:30:00,140.77
2025-12-16 16:45:00,149.98
2025-12-16 17:00:00,136.86
2025-12-16 17:15:00,138.68
2025-12-16 17:30:00,158.43
2025-12-16 17:45:00,172.85
2025-12-16 18:00:00,155.33
2025-12-16 18:15:00,165.79
2025-12-16 18:30:00,162.55
2025-12-16 18:45:00,154.04
2025-12-16 19:00:00,157.04
2025-12-16 19:15:00,155.35
2025-12-16 19:30:00,136.75
2025-12-16 19:45:00,134.79
2025-12-16 20:00:00,157.1
2025-12-16 20:15:00,150.62
2025-12-16 20:30:00,132.0
2025-12-16 20:45:00,98.8
2025-12-16 21:00:00,131.96
2025-12-16 21:15:00,87.29
2025-12-16 21:30:00,84.79
2025-12-16 21:45:00,83.03
2025-12-16 22:00:00,99.97
2025-12-16 22:15:00,98.79
2025-12-16 22:30:00,80.39
2025-12-16 22:45:00,80.2
2025-12-16 23:00:00,78.47
2025-12-16 23:15:00,78.54
2025-12-16 23:30:00,78.58
2025-12-16 23:45:00,78.06
2025-12-17 00:00:00,76.69
2025-12-17 00:15:00,76.62
2025-12-17 00:30:00,76.53
2025-12-17 00:45:00,75.95
2025-12-17 01:00:00,74.46
2025-12-17 01:15:00,73.66
2025-12-17 01:30:00,74.08
2025-12-17 01:45:00,73.82
2025-12-17 02:00:00,73.33
2025-12-17 02:15:00,72.64
2025-12-17 02:30:00,71.78
2025-12-17 02:45:00,71.63
2025-12-17 03:00:00,71.04
2025-12-17 03:15:00,71.78
2025-12-17 03:30:00,71.5
2025-12-17 03:45:00,71.45
2025-12-17 04:00:00,71.34
2025-12-17 04:15:00,71.21
2025-12-17 04:30:00,70.96
2025-12-17 04:45:00,70.92
2025-12-17 05:00:00,71.03
2025-12-17 05:15:00,71.38
2025-12-17 05:30:00,70.98
2025-12-17 05:45:00,71.44
2025-12-17 06:00:00,90.13
2025-12-17 06:15:00,100.85
2025-12-17 06:30:00,106.16
2025-12-17 06:45:00,112.67
2025-12-17 07:00:00,117.19
2025-12-17 07:15:00,125.92
2025-12-17 07:30:00,146.0
2025-12-17 07:45:00,145.7
2025-12-17 08:00:00,148.65
2025-12-17 08:15:00,167.56
2025-12-17 08:30:00,156.31
2025-12-17 08:45:00,156.32
2025-12-17 09:00:00,188.8
2025-12-17 09:15:00,178.0
2025-12-17 09:30:00,165.4
2025-12-17 09:45:00,134.92
2025-12-17 10:00:00,163.97
2025-12-17 10:15:00,135.0
2025-12-17 10:30:00,127.26
2025-12-17 10:45:00,118.52
2025-12-17 11:00:00,136.79
2025-12-17 11:15:00,128.2
2025-12-17 11:30:00,123.05
2025-12-17 11:45:00,117.83
2025-12-17 12:00:00,121.13
2025-12-17 12:15:00,120.81
2025-12-17 12:30:00,116.93
2025-12-17 12:45:00,116.72
2025-12-17 13:00:00,107.88
2025-12-17 13:15:00,106.6
2025-12-17 13:30:00,111.15
2025-12-17 13:45:00,114.66
2025-12-17 14:00:00,124.08
2025-12-17 14:15:00,122.52
2025-12-17 14:30:00,128.68
2025-12-17 14:45:00,126.39
2025-12-17 15:00:00,121.97
2025-12-17 15:15:00,124.03
2025-12-17 15:30:00,134.82
2025-12-17 15:45:00,146.99
2025-12-17 16:00:00,121.23
2025-12-17 16:15:00,132.43
2025-12-17 16:30:00,144.47
2025-12-17 16:45:00,133.53
2025-12-17 17:00:00,138.13
2025-12-17 17:15:00,138.71
2025-12-17 17:30:00,127.62
2025-12-17 17:45:00,129.11
2025-12-17 18:00:00,140.51
2025-12-17 18:15:00,140.84
2025-12-17 18:30:00,136.57
2025-12-17 18:45:00,126.69
2025-12-17 19:00:00,144.12
2025-12-17 19:15:00,139.58
2025-12-17 19:30:00,132.39
2025-12-17 19:45:00,121.49
2025-12-17 20:00:00,113.54
2025-12-17 20:15:00,95.4
2025-12-17 20:30:00,92.87
2025-12-17 20:45:00,87.48
2025-12-17 21:00:00,110.34
2025-12-17 21:15:00,91.22
2025-12-17 21:30:00,83.71
2025-12-17 21:45:00,83.68
2025-12-17 22:00:00,83.34
2025-12-17 22:15:00,83.15
2025-12-17 22:30:00,82.25
2025-12-17 22:45:00,81.8
2025-12-17 23:00:00,81.63
2025-12-17 23:15:00,81.66
2025-12-17 23:30:00,80.12
2025-12-17 23:45:00,79.43
2025-12-18 00:00:00,78.77
2025-12-18 00:15:00,78.45
2025-12-18 00:30:00,75.44
2025-12-18 00:45:00,72.61
2025-12-18 01:00:00,90.87
2025-12-18 01:15:00,76.68
2025-12-18 01:30:00,75.05
2025-12-18 01:45:00,72.03
2025-12-18 02:00:00,88.7
2025-12-18 02:15:00,80.78
2025-12-18 02:30:00,84.21
2025-12-18 02:45:00,80.93
2025-12-18 03:00:00,80.54
2025-12-18 03:15:00,78.11
2025-12-18 03:30:00,77.64
2025-12-18 03:45:00,75.02
2025-12-18 04:00:00,75.03
2025-12-18 04:15:00,71.89
2025-12-18 04:30:00,68.42
2025-12-18 04:45:00,67.95
2025-12-18 05:00:00,31.37
2025-12-18 05:15:00,30.23
2025-12-18 05:30:00,29.41
2025-12-18 05:45:00,29.95
2025-12-18 06:00:00,25.09
2025-12-18 06:15:00,68.29
2025-12-18 06:30:00,80.19
2025-12-18 06:45:00,104.83
2025-12-18 07:00:00,94.89
2025-12-18 07:15:00,114.01
2025-12-18 07:30:00,99.48
2025-12-18 07:45:00,126.4
2025-12-18 08:00:00,112.13
2025-12-18 08:15:00,130.27
2025-12-18 08:30:00,149.02
2025-12-18 08:45:00,186.8
2025-12-18 09:00:00,172.55
2025-12-18 09:15:00,166.9
2025-12-18 09:30:00,154.22
2025-12-18 09:45:00,148.75
2025-12-18 10:00:00,170.62
2025-12-18 10:15:00,145.9
2025-12-18 10:30:00,137.47
2025-12-18 10:45:00,117.33
2025-12-18 11:00:00,131.94
2025-12-18 11:15:00,111.0
2025-12-18 11:30:00,109.14
2025-12-18 11:45:00,105.35
2025-12-18 12:00:00,117.74
2025-12-18 12:15:00,112.05
2025-12-18 12:30:00,124.67
2025-12-18 12:45:00,126.4
2025-12-18 13:00:00,139.49
2025-12-18 13:15:00,145.89
2025-12-18 13:30:00,145.9
2025-12-18 13:45:00,168.7
2025-12-18 14:00:00,489.99
2025-12-18 14:15:00,400.04
2025-12-18 14:30:00,325.04
2025-12-18 14:45:00,240.0
2025-12-18 15:00:00,117.2
2025-12-18 15:15:00,123.75
2025-12-18 15:30:00,133.82
2025-12-18 15:45:00,144.24
2025-12-18 16:00:00,115.74
2025-12-18 16:15:00,120.24
2025-12-18 16:30:00,134.95
2025-12-18 16:45:00,144.25
2025-12-18 17:00:00,131.96
2025-12-18 17:15:00,144.03
2025-12-18 17:30:00,94.9
2025-12-18 17:45:00,94.9
2025-12-18 18:00:00,94.9
2025-12-18 18:15:00,94.89
2025-12-18 18:30:00,85.54
2025-12-18 18:45:00,84.11
2025-12-18 19:00:00,81.76
2025-12-18 19:15:00,81.35
2025-12-18 19:30:00,80.37
2025-12-18 19:45:00,78.79
2025-12-18 20:00:00,78.53
2025-12-18 20:15:00,77.66
2025-12-18 20:30:00,73.53
2025-12-18 20:45:00,66.14
2025-12-18 21:00:00,76.09
2025-12-18 21:15:00,73.29
2025-12-18 21:30:00,64.82
2025-12-18 21:45:00,53.38
2025-12-18 22:00:00,60.52
2025-12-18 22:15:00,59.38
2025-12-18 22:30:00,50.8
2025-12-18 22:45:00,44.53
2025-12-18 23:00:00,57.61
2025-12-18 23:15:00,50.63
2025-12-18 23:30:00,48.83
2025-12-18 23:45:00,37.11
2025-12-19 00:00:00,30.04
2025-12-19 00:15:00,20.13
2025-12-19 00:30:00,13.85
2025-12-19 00:45:00,7.07
2025-12-19 01:00:00,7.83
2025-12-19 01:15:00,7.08
2025-12-19 01:30:00,6.55
2025-12-19 01:45:00,5.55
2025-12-19 02:00:00,4.4
2025-12-19 02:15:00,3.77
2025-12-19 02:30:00,3.64
2025-12-19 02:45:00,3.5
2025-12-19 03:00:00,3.48
2025-12-19 03:15:00,3.48
2025-12-19 03:30:00,3.48
2025-12-19 03:45:00,3.47
2025-12-19 04:00:00,2.7
2025-12-19 04:15:00,2.49
2025-12-19 04:30:00,2.34
2025-12-19 04:45:00,2.64
2025-12-19 05:00:00,2.45
2025-12-19 05:15:00,2.94
2025-12-19 05:30:00,3.42
2025-12-19 05:45:00,3.8
2025-12-19 06:00:00,3.8
2025-12-19 06:15:00,3.91
2025-12-19 06:30:00,10.01
2025-12-19 06:45:00,60.73
2025-12-19 07:00:00,53.69
2025-12-19 07:15:00,64.9
2025-12-19 07:30:00,112.13
2025-12-19 07:45:00,137.79
2025-12-19 08:00:00,103.59
2025-12-19 08:15:00,107.87
2025-12-19 08:30:00,109.51
2025-12-19 08:45:00,109.51
2025-12-19 09:00:00,107.8
2025-12-19 09:15:00,108.33
2025-12-19 09:30:00,108.33
2025-12-19 09:45:00,107.84
2025-12-19 10:00:00,108.33
2025-12-19 10:15:00,105.9
2025-12-19 10:30:00,102.56
2025-12-19 10:45:00,95.95
2025-12-19 11:00:00,105.87
2025-12-19 11:15:00,100.62
2025-12-19 11:30:00,98.41
2025-12-19 11:45:00,95.57
2025-12-19 12:00:00,98.83
2025-12-19 12:15:00,98.07
2025-12-19 12:30:00,97.38
2025-12-19 12:45:00,96.85
2025-12-19 13:00:00,96.01
2025-12-19 13:15:00,96.39
2025-12-19 13:30:00,96.4
2025-12-19 13:45:00,102.64
2025-12-19 14:00:00,98.84
2025-12-19 14:15:00,99.13
2025-12-19 14:30:00,102.63
2025-12-19 14:45:00,103.4
2025-12-19 15:00:00,102.63
2025-12-19 15:15:00,96.39
2025-12-19 15:30:00,80.01
2025-12-19 15:45:00,78.2
2025-12-19 16:00:00,96.39
2025-12-19 16:15:00,80.01
2025-12-19 16:30:00,78.2
2025-12-19 16:45:00,80.01
2025-12-19 17:00:00,57.07
2025-12-19 17:15:00,57.03
2025-12-19 17:30:00,40.01
2025-12-19 17:45:00,34.96
2025-12-19 18:00:00,20.01
2025-12-19 18:15:00,95.08
2025-12-19 18:30:00,80.0
2025-12-19 18:45:00,80.0
2025-12-19 19:00:00,120.15
2025-12-19 19:15:00,118.53
2025-12-19 19:30:00,115.83
2025-12-19 19:45:00,114.29
2025-12-19 20:00:00,124.19
2025-12-19 20:15:00,57.12
2025-12-19 20:30:00,57.03
2025-12-19 20:45:00,60.0
2025-12-19 21:00:00,50.0
2025-12-19 21:15:00,60.01
2025-12-19 21:30:00,40.01
2025-12-19 21:45:00,40.0
2025-12-19 22:00:00,25.08
2025-12-19 22:15:00,25.02
2025-12-19 22:30:00,20.01
2025-12-19 22:45:00,20.0
2025-12-19 23:00:00,17.45
2025-12-19 23:15:00,17.43
2025-12-19 23:30:00,17.4
2025-12-19 23:45:00,13.87
2025-12-20 00:00:00,17.43
2025-12-20 00:15:00,17.42
2025-12-20 00:30:00,20.01
2025-12-20 00:45:00,20.01
2025-12-20 01:00:00,17.44
2025-12-20 01:15:00,17.43
2025-12-20 01:30:00,17.42
2025-12-20 01:45:00,17.42
2025-12-20 02:00:00,13.87
2025-12-20 02:15:00,13.87
2025-12-20 02:30:00,17.41
2025-12-20 02:45:00,17.42
2025-12-20 03:00:00,13.84
2025-12-20 03:15:00,13.84
2025-12-20 03:30:00,13.83
2025-12-20 03:45:00,13.83
2025-12-20 04:00:00,13.83
2025-12-20 04:15:00,13.83
2025-12-20 04:30:00,13.84
2025-12-20 04:45:00,13.85
2025-12-20 05:00:00,13.83
2025-12-20 05:15:00,13.85
2025-12-20 05:30:00,13.86
2025-12-20 05:45:00,13.86
2025-12-20 06:00:00,5.08
2025-12-20 06:15:00,10.0
2025-12-20 06:30:00,13.8
2025-12-20 06:45:00,13.82
2025-12-20 07:00:00,13.87
2025-12-20 07:15:00,17.44
2025-12-20 07:30:00,25.08
2025-12-20 07:45:00,57.18
2025-12-20 08:00:00,100.19
2025-12-20 08:15:00,103.76
2025-12-20 08:30:00,105.86
2025-12-20 08:45:00,110.94
2025-12-20 09:00:00,109.65
2025-12-20 09:15:00,111.39
2025-12-20 09:30:00,116.58
2025-12-20 09:45:00,119.14
2025-12-20 10:00:00,115.77
2025-12-20 10:15:00,118.05
2025-12-20 10:30:00,115.4
2025-12-20 10:45:00,114.07
2025-12-20 11:00:00,115.35
2025-12-20 11:15:00,116.31
2025-12-20 11:30:00,113.2
2025-12-20 11:45:00,110.3
2025-12-20 12:00:00,96.19
2025-12-20 12:15:00,96.19
2025-12-20 12:30:00,96.19
2025-12-20 12:45:00,98.14
2025-12-20 13:00:00,96.2
2025-12-20 13:15:00,97.1
2025-12-20 13:30:00,109.99
2025-12-20 13:45:00,109.99
2025-12-20 14:00:00,110.99
2025-12-20 14:15:00,112.29
2025-12-20 14:30:00,112.3
2025-12-20 14:45:00,117.96
2025-12-20 15:00:00,117.28
2025-12-20 15:15:00,123.65
2025-12-20 15:30:00,122.46
2025-12-20 15:45:00,125.79
2025-12-20 16:00:00,118.57
2025-12-20 16:15:00,127.21
2025-12-20 16:30:00,135.49
2025-12-20 16:45:00,130.52
2025-12-20 17:00:00,131.01
2025-12-20 17:15:00,127.95
2025-12-20 17:30:00,112.3
2025-12-20 17:45:00,104.26
2025-12-20 18:00:00,129.59
2025-12-20 18:15:00,79.77
2025-12-20 18:30:00,80.18
2025-12-20 18:45:00,79.16
2025-12-20 19:00:00,82.2
2025-12-20 19:15:00,82.05
2025-12-20 19:30:00,81.95
2025-12-20 19:45:00,81.03
2025-12-20 20:00:00,80.72
2025-12-20 20:15:00,78.79
2025-12-20 20:30:00,74.57
2025-12-20 20:45:00,73.15
2025-12-20 21:00:00,69.64
2025-12-20 21:15:00,51.28
2025-12-20 21:30:00,25.08
2025-12-20 21:45:00,19.14
2025-12-20 22:00:00,28.01
2025-12-20 22:15:00,24.41
2025-12-20 22:30:00,16.61
2025-12-20 22:45:00,13.8
2025-12-20 23:00:00,25.04
2025-12-20 23:15:00,17.43
2025-12-20 23:30:00,15.99
2025-12-20 23:45:00,13.85
2025-12-21 00:00:00,13.87
2025-12-21 00:15:00,13.82
2025-12-21 00:30:00,13.8
2025-12-21 00:45:00,10.53
2025-12-21 01:00:00,25.02
2025-12-21 01:15:00,9.93
2025-12-21 01:30:00,10.24
2025-12-21 01:45:00,10.54
2025-12-21 02:00:00,13.86
2025-12-21 02:15:00,13.84
2025-12-21 02:30:00,13.83
2025-12-21 02:45:00,13.82
2025-12-21 03:00:00,16.09
2025-12-21 03:15:00,15.98
2025-12-21 03:30:00,15.97
2025-12-21 03:45:00,15.96
2025-12-21 04:00:00,15.96
2025-12-21 04:15:00,15.97
2025-12-21 04:30:00,17.4
2025-12-21 04:45:00,17.42
2025-12-21 05:00:00,21.28
2025-12-21 05:15:00,25.01
2025-12-21 05:30:00,25.06
2025-12-21 05:45:00,15.57
2025-12-21 06:00:00,17.43
2025-12-21 06:15:00,25.07
2025-12-21 06:30:00,15.11
2025-12-21 06:45:00,23.79
2025-12-21 07:00:00,65.74
2025-12-21 07:15:00,68.36
2025-12-21 07:30:00,73.8
2025-12-21 07:45:00,79.09
2025-12-21 08:00:00,68.39
2025-12-21 08:15:00,72.94
2025-12-21 08:30:00,76.23
2025-12-21 08:45:00,78.53
2025-12-21 09:00:00,75.72
2025-12-21 09:15:00,78.71
2025-12-21 09:30:00,82.61
2025-12-21 09:45:00,82.84
2025-12-21 10:00:00,82.9
2025-12-21 10:15:00,83.18
2025-12-21 10:30:00,83.48
2025-12-21 10:45:00,83.65
2025-12-21 11:00:00,84.3
2025-12-21 11:15:00,84.41
2025-12-21 11:30:00,84.52
2025-12-21 11:45:00,84.6
2025-12-21 12:00:00,85.16
2025-12-21 12:15:00,85.32
2025-12-21 12:30:00,85.27
2025-12-21 12:45:00,85.29
2025-12-21 13:00:00,85.24
2025-12-21 13:15:00,85.22
2025-12-21 13:30:00,85.23
2025-12-21 13:45:00,85.24
2025-12-21 14:00:00,84.37
2025-12-21 14:15:00,84.43
2025-12-21 14:30:00,84.5
2025-12-21 14:45:00,84.71
2025-12-21 15:00:00,84.29
2025-12-21 15:15:00,84.55
2025-12-21 15:30:00,84.6
2025-12-21 15:45:00,84.77
2025-12-21 16:00:00,85.46
2025-12-21 16:15:00,85.75
2025-12-21 16:30:00,86.4
2025-12-21 16:45:00,86.59
2025-12-21 17:00:00,87.81
2025-12-21 17:15:00,87.74
2025-12-21 17:30:00,87.75
2025-12-21 17:45:00,87.93
2025-12-21 18:00:00,87.59
2025-12-21 18:15:00,87.61
2025-12-21 18:30:00,87.56
2025-12-21 18:45:00,87.41
2025-12-21 19:00:00,87.7
2025-12-21 19:15:00,87.66
2025-12-21 19:30:00,86.66
2025-12-21 19:45:00,86.18
2025-12-21 20:00:00,86.66
2025-12-21 20:15:00,86.27
2025-12-21 20:30:00,84.76
2025-12-21 20:45:00,84.34
2025-12-21 21:00:00,85.7
2025-12-21 21:15:00,83.88
2025-12-21 21:30:00,82.0
2025-12-21 21:45:00,81.14
2025-12-21 22:00:00,83.53
2025-12-21 22:15:00,78.85
2025-12-21 22:30:00,81.29
2025-12-21 22:45:00,75.15
2025-12-21 23:00:00,82.5
2025-12-21 23:15:00,78.27
2025-12-21 23:30:00,77.43
2025-12-21 23:45:00,72.34
2025-12-22 00:00:00,79.42
2025-12-22 00:15:00,73.29
2025-12-22 00:30:00,69.86
2025-12-22 00:45:00,64.79
2025-12-22 01:00:00,73.5
2025-12-22 01:15:00,71.51
2025-12-22 01:30:00,70.33
2025-12-22 01:45:00,69.41
2025-12-22 02:00:00,70.78
2025-12-22 02:15:00,67.6
2025-12-22 02:30:00,67.71
2025-12-22 02:45:00,65.85
2025-12-22 03:00:00,69.85
2025-12-22 03:15:00,68.1
2025-12-22 03:30:00,67.77
2025-12-22 03:45:00,67.24
2025-12-22 04:00:00,64.4
2025-12-22 04:15:00,64.33
2025-12-22 04:30:00,64.78
2025-12-22 04:45:00,65.61
2025-12-22 05:00:00,64.36
2025-12-22 05:15:00,77.38
2025-12-22 05:30:00,77.54
2025-12-22 05:45:00,80.25
2025-12-22 06:00:00,75.51
2025-12-22 06:15:00,80.55
2025-12-22 06:30:00,89.97
2025-12-22 06:45:00,103.28
2025-12-22 07:00:00,69.97
2025-12-22 07:15:00,74.18
2025-12-22 07:30:00,85.7
2025-12-22 07:45:00,85.7
2025-12-22 08:00:00,112.08
2025-12-22 08:15:00,127.45
2025-12-22 08:30:00,147.88
2025-12-22 08:45:00,146.66
2025-12-22 09:00:00,116.88
2025-12-22 09:15:00,146.73
2025-12-22 09:30:00,141.11
2025-12-22 09:45:00,145.32
2025-12-22 10:00:00,148.7
2025-12-22 10:15:00,142.55
2025-12-22 10:30:00,144.33
2025-12-22 10:45:00,130.6
2025-12-22 11:00:00,115.59
2025-12-22 11:15:00,100.8
2025-12-22 11:30:00,100.79
2025-12-22 11:45:00,100.79
2025-12-22 12:00:00,100.8
2025-12-22 12:15:00,100.8
2025-12-22 12:30:00,100.8
2025-12-22 12:45:00,112.87
2025-12-22 13:00:00,115.59
2025-12-22 13:15:00,115.5
2025-12-22 13:30:00,115.86
2025-12-22 13:45:00,128.62
2025-12-22 14:00:00,137.94
2025-12-22 14:15:00,148.71
2025-12-22 14:30:00,155.75
2025-12-22 14:45:00,156.33
2025-12-22 15:00:00,132.43
2025-12-22 15:15:00,150.34
2025-12-22 15:30:00,148.7
2025-12-22 15:45:00,146.9
2025-12-22 16:00:00,127.02
2025-12-22 16:15:00,148.71
2025-12-22 16:30:00,144.76
2025-12-22 16:45:00,153.03
2025-12-22 17:00:00,148.71
2025-12-22 17:15:00,148.7
2025-12-22 17:30:00,148.7
2025-12-22 17:45:00,148.7
2025-12-22 18:00:00,146.43
2025-12-22 18:15:00,132.99
2025-12-22 18:30:00,129.65
2025-12-22 18:45:00,115.6
2025-12-22 19:00:00,127.94
2025-12-22 19:15:00,115.59
2025-12-22 19:30:00,100.8
2025-12-22 19:45:00,80.04
2025-12-22 20:00:00,100.79
2025-12-22 20:15:00,100.79
2025-12-22 20:30:00,156.8
2025-12-22 20:45:00,148.01
2025-12-22 21:00:00,132.01
2025-12-22 21:15:00,120.04
2025-12-22 21:30:00,100.8
2025-12-22 21:45:00,85.69
2025-12-22 22:00:00,100.8
2025-12-22 22:15:00,71.57
2025-12-22 22:30:00,85.7
2025-12-22 22:45:00,97.85
2025-12-22 23:00:00,120.09
2025-12-22 23:15:00,112.6
2025-12-22 23:30:00,112.08
2025-12-22 23:45:00,108.76
2025-12-23 00:00:00,109.05
2025-12-23 00:15:00,71.29
2025-12-23 00:30:00,60.48
2025-12-23 00:45:00,59.45
2025-12-23 01:00:00,81.93
2025-12-23 01:15:00,77.01
2025-12-23 01:30:00,74.56
2025-12-23 01:45:00,72.8
2025-12-23 02:00:00,74.73
2025-12-23 02:15:00,68.64
2025-12-23 02:30:00,70.63
2025-12-23 02:45:00,62.78
2025-12-23 03:00:00,52.29
2025-12-23 03:15:00,44.88
2025-12-23 03:30:00,41.89
2025-12-23 03:45:00,40.01
2025-12-23 04:00:00,37.13
2025-12-23 04:15:00,36.73
2025-12-23 04:30:00,36.27
2025-12-23 04:45:00,35.57
2025-12-23 05:00:00,35.81
2025-12-23 05:15:00,35.73
2025-12-23 05:30:00,35.77
2025-12-23 05:45:00,35.75
2025-12-23 06:00:00,35.52
2025-12-23 06:15:00,35.99
2025-12-23 06:30:00,38.42
2025-12-23 06:45:00,44.67
2025-12-23 07:00:00,63.99
2025-12-23 07:15:00,104.96
2025-12-23 07:30:00,113.5
2025-12-23 07:45:00,126.89
2025-12-23 08:00:00,98.73
2025-12-23 08:15:00,108.63
2025-12-23 08:30:00,109.24
2025-12-23 08:45:00,112.56
2025-12-23 09:00:00,113.5
2025-12-23 09:15:00,117.77
2025-12-23 09:30:00,119.83
2025-12-23 09:45:00,121.1
2025-12-23 10:00:00,115.59
2025-12-23 10:15:00,115.6
2025-12-23 10:30:00,115.59
2025-12-23 10:45:00,85.69
2025-12-23 11:00:00,83.43
2025-12-23 11:15:00,83.77
2025-12-23 11:30:00,83.34
2025-12-23 11:45:00,80.87
2025-12-23 12:00:00,84.8
2025-12-23 12:15:00,83.47
2025-12-23 12:30:00,81.54
2025-12-23 12:45:00,79.17
2025-12-23 13:00:00,82.99
2025-12-23 13:15:00,80.79
2025-12-23 13:30:00,81.02
2025-12-23 13:45:00,79.45
2025-12-23 14:00:00,81.79
2025-12-23 14:15:00,79.88
2025-12-23 14:30:00,99.95
2025-12-23 14:45:00,114.08
2025-12-23 15:00:00,77.29
2025-12-23 15:15:00,79.19
2025-12-23 15:30:00,82.52
2025-12-23 15:45:00,115.59
2025-12-23 16:00:00,109.46
2025-12-23 16:15:00,109.24
2025-12-23 16:30:00,105.67
2025-12-23 16:45:00,115.59
2025-12-23 17:00:00,100.8
2025-12-23 17:15:00,104.42
2025-12-23 17:30:00,101.7
2025-12-23 17:45:00,100.8
2025-12-23 18:00:00,85.7
2025-12-23 18:15:00,87.76
2025-12-23 18:30:00,100.8
2025-12-23 18:45:00,101.13
2025-12-23 19:00:00,85.1
2025-12-23 19:15:00,84.18
2025-12-23 19:30:00,85.33
2025-12-23 19:45:00,93.57
2025-12-23 20:00:00,108.76
2025-12-23 20:15:00,108.76
2025-12-23 20:30:00,108.76
2025-12-23 20:45:00,104.33
2025-12-23 21:00:00,108.77
2025-12-23 21:15:00,107.7
2025-12-23 21:30:00,100.8
2025-12-23 21:45:00,85.69
2025-12-23 22:00:00,100.8
2025-12-23 22:15:00,85.69
2025-12-23 22:30:00,68.37
2025-12-23 22:45:00,61.04
2025-12-23 23:00:00,85.69
2025-12-23 23:15:00,71.52
2025-12-23 23:30:00,73.05
2025-12-23 23:45:00,66.91
2025-12-24 00:00:00,72.15
2025-12-24 00:15:00,63.89
2025-12-24 00:30:00,63.62
2025-12-24 00:45:00,57.36
2025-12-24 01:00:00,66.93
2025-12-24 01:15:00,66.76
2025-12-24 01:30:00,66.77
2025-12-24 01:45:00,59.52
2025-12-24 02:00:00,72.87
2025-12-24 02:15:00,67.45
2025-12-24 02:30:00,65.01
2025-12-24 02:45:00,60.35
2025-12-24 03:00:00,66.34
2025-12-24 03:15:00,69.38
2025-12-24 03:30:00,66.89
2025-12-24 03:45:00,66.55
2025-12-24 04:00:00,58.78
2025-12-24 04:15:00,58.87
2025-12-24 04:30:00,57.14
2025-12-24 04:45:00,57.17
2025-12-24 05:00:00,58.23
2025-12-24 05:15:00,61.51
2025-12-24 05:30:00,61.38
2025-12-24 05:45:00,66.6
2025-12-24 06:00:00,58.03
2025-12-24 06:15:00,64.14
2025-12-24 06:30:00,69.57
2025-12-24 06:45:00,72.07
2025-12-24 07:00:00,61.61
2025-12-24 07:15:00,62.27
2025-12-24 07:30:00,65.81
2025-12-24 07:45:00,85.89
2025-12-24 08:00:00,61.1
2025-12-24 08:15:00,70.99
2025-12-24 08:30:00,77.96
2025-12-24 08:45:00,88.56
2025-12-24 09:00:00,113.11
2025-12-24 09:15:00,115.79
2025-12-24 09:30:00,115.8
2025-12-24 09:45:00,115.79
2025-12-24 10:00:00,94.37
2025-12-24 10:15:00,90.2
2025-12-24 10:30:00,87.08
2025-12-24 10:45:00,87.42
2025-12-24 11:00:00,89.3
2025-12-24 11:15:00,87.46
2025-12-24 11:30:00,85.65
2025-12-24 11:45:00,78.89
2025-12-24 12:00:00,83.97
2025-12-24 12:15:00,82.01
2025-12-24 12:30:00,80.27
2025-12-24 12:45:00,77.1
2025-12-24 13:00:00,81.89
2025-12-24 13:15:00,79.68
2025-12-24 13:30:00,76.53
2025-12-24 13:45:00,85.9
2025-12-24 14:00:00,81.3
2025-12-24 14:15:00,85.9
2025-12-24 14:30:00,85.9
2025-12-24 14:45:00,101.09
2025-12-24 15:00:00,77.48
2025-12-24 15:15:00,81.48
2025-12-24 15:30:00,84.86
2025-12-24 15:45:00,94.16
2025-12-24 16:00:00,77.36
2025-12-24 16:15:00,100.01
2025-12-24 16:30:00,108.5
2025-12-24 16:45:00,108.78
2025-12-24 17:00:00,103.79
2025-12-24 17:15:00,107.35
2025-12-24 17:30:00,108.02
2025-12-24 17:45:00,99.66
2025-12-24 18:00:00,101.1
2025-12-24 18:15:00,91.97
2025-12-24 18:30:00,91.75
2025-12-24 18:45:00,89.39
2025-12-24 19:00:00,93.8
2025-12-24 19:15:00,85.73
2025-12-24 19:30:00,78.73
2025-12-24 19:45:00,74.81
2025-12-24 20:00:00,81.07
2025-12-24 20:15:00,73.53
2025-12-24 20:30:00,72.97
2025-12-24 20:45:00,70.34
2025-12-24 21:00:00,72.58
2025-12-24 21:15:00,70.85
2025-12-24 21:30:00,69.31
2025-12-24 21:45:00,65.09
2025-12-24 22:00:00,72.2
2025-12-24 22:15:00,68.54
2025-12-24 22:30:00,68.65
2025-12-24 22:45:00,66.89
2025-12-24 23:00:00,72.98
2025-12-24 23:15:00,70.47
2025-12-24 23:30:00,69.75
2025-12-24 23:45:00,67.4
2025-12-25 00:00:00,71.75
2025-12-25 00:15:00,72.23
2025-12-25 00:30:00,66.24
2025-12-25 00:45:00,55.69
2025-12-25 01:00:00,66.35
2025-12-25 01:15:00,61.05
2025-12-25 01:30:00,61.52
2025-12-25 01:45:00,64.4
2025-12-25 02:00:00,59.14
2025-12-25 02:15:00,58.59
2025-12-25 02:30:00,56.93
2025-12-25 02:45:00,56.2
2025-12-25 03:00:00,56.55
2025-12-25 03:15:00,53.78
2025-12-25 03:30:00,52.65
2025-12-25 03:45:00,52.17
2025-12-25 04:00:00,47.72
2025-12-25 04:15:00,43.13
2025-12-25 04:30:00,38.73
2025-12-25 04:45:00,25.09
2025-12-25 05:00:00,38.21
2025-12-25 05:15:00,30.81
2025-12-25 05:30:00,27.88
2025-12-25 05:45:00,17.43
2025-12-25 06:00:00,25.03
2025-12-25 06:15:00,25.1
2025-12-25 06:30:00,18.41
2025-12-25 06:45:00,26.93
2025-12-25 07:00:00,22.54
2025-12-25 07:15:00,29.0
2025-12-25 07:30:00,33.31
2025-12-25 07:45:00,28.52
2025-12-25 08:00:00,27.1
2025-12-25 08:15:00,39.42
2025-12-25 08:30:00,52.75
2025-12-25 08:45:00,56.76
2025-12-25 09:00:00,52.9
2025-12-25 09:15:00,60.65
2025-12-25 09:30:00,55.39
2025-12-25 09:45:00,57.09
2025-12-25 10:00:00,60.53
2025-12-25 10:15:00,60.47
2025-12-25 10:30:00,60.22
2025-12-25 10:45:00,60.16
2025-12-25 11:00:00,56.01
2025-12-25 11:15:00,45.49
2025-12-25 11:30:00,36.6
2025-12-25 11:45:00,45.59
2025-12-25 12:00:00,35.02
2025-12-25 12:15:00,25.46
2025-12-25 12:30:00,31.01
2025-12-25 12:45:00,33.17
2025-12-25 13:00:00,47.33
2025-12-25 13:15:00,36.97
2025-12-25 13:30:00,25.1
2025-12-25 13:45:00,24.61
2025-12-25 14:00:00,18.3
2025-12-25 14:15:00,17.43
2025-12-25 14:30:00,24.87
2025-12-25 14:45:00,25.08
2025-12-25 15:00:00,17.42
2025-12-25 15:15:00,17.43
2025-12-25 15:30:00,17.43
2025-12-25 15:45:00,17.42
2025-12-25 16:00:00,25.04
2025-12-25 16:15:00,25.05
2025-12-25 16:30:00,25.1
2025-12-25 16:45:00,25.06
2025-12-25 17:00:00,25.86
2025-12-25 17:15:00,29.98
2025-12-25 17:30:00,25.09
2025-12-25 17:45:00,25.08
2025-12-25 18:00:00,25.08
2025-12-25 18:15:00,25.64
2025-12-25 18:30:00,25.03
2025-12-25 18:45:00,25.02
2025-12-25 19:00:00,18.14
2025-12-25 19:15:00,17.43
2025-12-25 19:30:00,16.26
2025-12-25 19:45:00,13.87
2025-12-25 20:00:00,13.83
2025-12-25 20:15:00,12.58
2025-12-25 20:30:00,12.58
2025-12-25 20:45:00,9.21
2025-12-25 21:00:00,13.8
2025-12-25 21:15:00,12.9
2025-12-25 21:30:00,11.98
2025-12-25 21:45:00,6.85
2025-12-25 22:00:00,3.81
2025-12-25 22:15:00,3.8
2025-12-25 22:30:00,3.7
2025-12-25 22:45:00,2.54
2025-12-25 23:00:00,3.11
2025-12-25 23:15:00,2.52
2025-12-25 23:30:00,0.8
2025-12-25 23:45:00,0.46
2025-12-26 00:00:00,1.85
2025-12-26 00:15:00,1.0
2025-12-26 00:30:00,0.23
2025-12-26 00:45:00,0.09
2025-12-26 01:00:00,1.95
2025-12-26 01:15:00,1.71
2025-12-26 01:30:00,1.5
2025-12-26 01:45:00,1.05
2025-12-26 02:00:00,1.72
2025-12-26 02:15:00,1.5
2025-12-26 02:30:00,2.54
2025-12-26 02:45:00,2.54
2025-12-26 03:00:00,2.17
2025-12-26 03:15:00,1.61
2025-12-26 03:30:00,1.73
2025-12-26 03:45:00,1.72
2025-12-26 04:00:00,1.5
2025-12-26 04:15:00,1.71
2025-12-26 04:30:00,1.71
2025-12-26 04:45:00,1.95
2025-12-26 05:00:00,1.51
2025-12-26 05:15:00,2.52
2025-12-26 05:30:00,2.54
2025-12-26 05:45:00,2.54
2025-12-26 06:00:00,2.55
2025-12-26 06:15:00,2.61
2025-12-26 06:30:00,2.52
2025-12-26 06:45:00,2.55
2025-12-26 07:00:00,3.51
2025-12-26 07:15:00,3.8
2025-12-26 07:30:00,3.81
2025-12-26 07:45:00,6.39
2025-12-26 08:00:00,12.22
2025-12-26 08:15:00,13.82
2025-12-26 08:30:00,11.5
2025-12-26 08:45:00,13.85
2025-12-26 09:00:00,13.82
2025-12-26 09:15:00,13.87
2025-12-26 09:30:00,17.43
2025-12-26 09:45:00,25.09
2025-12-26 10:00:00,35.01
2025-12-26 10:15:00,50.46
2025-12-26 10:30:00,55.64
2025-12-26 10:45:00,62.63
2025-12-26 11:00:00,66.15
2025-12-26 11:15:00,71.28
2025-12-26 11:30:00,71.54
2025-12-26 11:45:00,72.36
2025-12-26 12:00:00,73.37
2025-12-26 12:15:00,73.71
2025-12-26 12:30:00,74.3
2025-12-26 12:45:00,75.24
2025-12-26 13:00:00,81.71
2025-12-26 13:15:00,80.55
2025-12-26 13:30:00,81.27
2025-12-26 13:45:00,81.83
2025-12-26 14:00:00,79.31
2025-12-26 14:15:00,80.13
2025-12-26 14:30:00,86.07
2025-12-26 14:45:00,85.96
2025-12-26 15:00:00,74.51
2025-12-26 15:15:00,85.97
2025-12-26 15:30:00,91.77
2025-12-26 15:45:00,91.86
2025-12-26 16:00:00,91.0
2025-12-26 16:15:00,92.99
2025-12-26 16:30:00,93.1
2025-12-26 16:45:00,93.17
2025-12-26 17:00:00,93.96
2025-12-26 17:15:00,93.99
2025-12-26 17:30:00,93.95
2025-12-26 17:45:00,93.77
2025-12-26 18:00:00,93.73
2025-12-26 18:15:00,93.66
2025-12-26 18:30:00,93.02
2025-12-26 18:45:00,92.7
2025-12-26 19:00:00,91.7
2025-12-26 19:15:00,91.27
2025-12-26 19:30:00,91.17
2025-12-26 19:45:00,90.73
2025-12-26 20:00:00,90.5
2025-12-26 20:15:00,90.2
2025-12-26 20:30:00,89.83
2025-12-26 20:45:00,88.22
2025-12-26 21:00:00,88.85
2025-12-26 21:15:00,88.22
2025-12-26 21:30:00,84.1
2025-12-26 21:45:00,79.65
2025-12-26 22:00:00,86.79
2025-12-26 22:15:00,84.3
2025-12-26 22:30:00,67.27
2025-12-26 22:45:00,54.0
2025-12-26 23:00:00,75.64
2025-12-26 23:15:00,57.07
2025-12-26 23:30:00,50.86
2025-12-26 23:45:00,25.0
2025-12-27 00:00:00,25.01
2025-12-27 00:15:00,13.84
2025-12-27 00:30:00,11.49
2025-12-27 00:45:00,3.81
2025-12-27 01:00:00,6.45
2025-12-27 01:15:00,6.4
2025-12-27 01:30:00,3.81
2025-12-27 01:45:00,3.37
2025-12-27 02:00:00,1.99
2025-12-27 02:15:00,1.2
2025-12-27 02:30:00,0.09
2025-12-27 02:45:00,0.02
2025-12-27 03:00:00,0.43
2025-12-27 03:15:00,0.19
2025-12-27 03:30:00,0.18
2025-12-27 03:45:00,0.18
2025-12-27 04:00:00,2.51
2025-12-27 04:15:00,1.08
2025-12-27 04:30:00,1.05
2025-12-27 04:45:00,1.04
2025-12-27 05:00:00,3.01
2025-12-27 05:15:00,2.61
2025-12-27 05:30:00,2.6
2025-12-27 05:45:00,2.6
2025-12-27 06:00:00,0.71
2025-12-27 06:15:00,0.11
2025-12-27 06:30:00,0.09
2025-12-27 06:45:00,0.01
2025-12-27 07:00:00,0.22
2025-12-27 07:15:00,0.12
2025-12-27 07:30:00,0.26
2025-12-27 07:45:00,1.08
2025-12-27 08:00:00,0.18
2025-12-27 08:15:00,1.44
2025-12-27 08:30:00,1.89
2025-12-27 08:45:00,2.57
2025-12-27 09:00:00,2.51
2025-12-27 09:15:00,1.03
2025-12-27 09:30:00,1.51
2025-12-27 09:45:00,1.91
2025-12-27 10:00:00,1.08
2025-12-27 10:15:00,0.24
2025-12-27 10:30:00,0.48
2025-12-27 10:45:00,1.05
2025-12-27 11:00:00,0.51
2025-12-27 11:15:00,0.99
2025-12-27 11:30:00,0.99
2025-12-27 11:45:00,1.13
2025-12-27 12:00:00,0.93
2025-12-27 12:15:00,1.09
2025-12-27 12:30:00,1.2
2025-12-27 12:45:00,1.3
2025-12-27 13:00:00,1.35
2025-12-27 13:15:00,1.5
2025-12-27 13:30:00,1.69
2025-12-27 13:45:00,1.77
2025-12-27 14:00:00,1.97
2025-12-27 14:15:00,2.04
2025-12-27 14:30:00,2.14
2025-12-27 14:45:00,2.14
2025-12-27 15:00:00,2.0
2025-12-27 15:15:00,2.01
2025-12-27 15:30:00,2.04
2025-12-27 15:45:00,2.15
2025-12-27 16:00:00,2.15
2025-12-27 16:15:00,2.21
2025-12-27 16:30:00,2.15
2025-12-27 16:45:00,2.51
2025-12-27 17:00:00,2.51
2025-12-27 17:15:00,2.51
2025-12-27 17:30:00,2.25
2025-12-27 17:45:00,2.24
2025-12-27 18:00:00,2.54
2025-12-27 18:15:00,2.54
2025-12-27 18:30:00,2.52
2025-12-27 18:45:00,2.51
2025-12-27 19:00:00,2.52
2025-12-27 19:15:00,2.52
2025-12-27 19:30:00,2.51
2025-12-27 19:45:00,1.99
2025-12-27 20:00:00,2.52
2025-12-27 20:15:00,2.52
2025-12-27 20:30:00,1.99
2025-12-27 20:45:00,1.97
2025-12-27 21:00:00,1.99
2025-12-27 21:15:00,1.84
2025-12-27 21:30:00,1.48
2025-12-27 21:45:00,1.3
2025-12-27 22:00:00,1.23
2025-12-27 22:15:00,1.21
2025-12-27 22:30:00,1.18
2025-12-27 22:45:00,1.1
2025-12-27 23:00:00,0.4
2025-12-27 23:15:00,0.04
2025-12-27 23:30:00,0.01
2025-12-27 23:45:00,0.0
2025-12-28 00:00:00,0.07
2025-12-28 00:15:00,0.01
2025-12-28 00:30:00,0.0
2025-12-28 00:45:00,-0.01
2025-12-28 01:00:00,0.0
2025-12-28 01:15:00,-0.01
2025-12-28 01:30:00,-0.01
2025-12-28 01:45:00,-0.01
2025-12-28 02:00:00,-0.01
2025-12-28 02:15:00,0.0
2025-12-28 02:30:00,0.0
2025-12-28 02:45:00,-0.01
2025-12-28 03:00:00,-0.01
2025-12-28 03:15:00,-0.01
2025-12-28 03:30:00,0.0
2025-12-28 03:45:00,0.0
2025-12-28 04:00:00,0.0
2025-12-28 04:15:00,0.01
2025-12-28 04:30:00,0.01
2025-12-28 04:45:00,0.02
2025-12-28 05:00:00,0.02
2025-12-28 05:15:00,0.08
2025-12-28 05:30:00,0.17
2025-12-28 05:45:00,1.51
2025-12-28 06:00:00,0.99
2025-12-28 06:15:00,1.88
2025-12-28 06:30:00,1.99
2025-12-28 06:45:00,2.53
2025-12-28 07:00:00,1.37
2025-12-28 07:15:00,2.0
2025-12-28 07:30:00,2.27
2025-12-28 07:45:00,2.5
2025-12-28 08:00:00,2.49
2025-12-28 08:15:00,2.63
2025-12-28 08:30:00,3.35
2025-12-28 08:45:00,3.6
2025-12-28 09:00:00,3.81
2025-12-28 09:15:00,4.0
2025-12-28 09:30:00,4.26
2025-12-28 09:45:00,4.34
2025-12-28 10:00:00,3.86
2025-12-28 10:15:00,4.21
2025-12-28 10:30:00,5.17
2025-12-28 10:45:00,8.39
2025-12-28 11:00:00,6.08
2025-12-28 11:15:00,6.2
2025-12-28 11:30:00,5.07
2025-12-28 11:45:00,5.23
2025-12-28 12:00:00,8.29
2025-12-28 12:15:00,5.44
2025-12-28 12:30:00,3.89
2025-12-28 12:45:00,3.81
2025-12-28 13:00:00,4.25
2025-12-28 13:15:00,4.19
2025-12-28 13:30:00,4.0
2025-12-28 13:45:00,3.99
2025-12-28 14:00:00,3.84
2025-12-28 14:15:00,3.99
2025-12-28 14:30:00,4.0
2025-12-28 14:45:00,4.22
2025-12-28 15:00:00,12.51
2025-12-28 15:15:00,13.82
2025-12-28 15:30:00,13.87
2025-12-28 15:45:00,13.95
2025-12-28 16:00:00,21.22
2025-12-28 16:15:00,35.23
2025-12-28 16:30:00,51.42
2025-12-28 16:45:00,55.01
2025-12-28 17:00:00,51.25
2025-12-28 17:15:00,55.95
2025-12-28 17:30:00,69.76
2025-12-28 17:45:00,70.64
2025-12-28 18:00:00,53.99
2025-12-28 18:15:00,62.06
2025-12-28 18:30:00,65.64
2025-12-28 18:45:00,61.38
2025-12-28 19:00:00,68.57
2025-12-28 19:15:00,67.2
2025-12-28 19:30:00,57.02
2025-12-28 19:45:00,52.74
2025-12-28 20:00:00,57.05
2025-12-28 20:15:00,51.86
2025-12-28 20:30:00,43.73
2025-12-28 20:45:00,34.24
2025-12-28 21:00:00,57.03
2025-12-28 21:15:00,51.87
2025-12-28 21:30:00,34.27
2025-12-28 21:45:00,19.97
2025-12-28 22:00:00,55.79
2025-12-28 22:15:00,52.09
2025-12-28 22:30:00,33.08
2025-12-28 22:45:00,20.14
2025-12-28 23:00:00,32.07
2025-12-28 23:15:00,17.42
2025-12-28 23:30:00,13.86
2025-12-28 23:45:00,6.7
2025-12-29 00:00:00,10.16
2025-12-29 00:15:00,5.89
2025-12-29 00:30:00,3.81
2025-12-29 00:45:00,3.8
2025-12-29 01:00:00,17.43
2025-12-29 01:15:00,14.6
2025-12-29 01:30:00,11.04
2025-12-29 01:45:00,11.14
2025-12-29 02:00:00,13.81
2025-12-29 02:15:00,10.86
2025-12-29 02:30:00,9.74
2025-12-29 02:45:00,6.32
2025-12-29 03:00:00,10.9
2025-12-29 03:15:00,9.91
2025-12-29 03:30:00,9.0
2025-12-29 03:45:00,5.92
2025-12-29 04:00:00,3.81
2025-12-29 04:15:00,3.81
2025-12-29 04:30:00,3.81
2025-12-29 04:45:00,3.81
2025-12-29 05:00:00,3.81
2025-12-29 05:15:00,3.81
2025-12-29 05:30:00,3.81
2025-12-29 05:45:00,3.81
2025-12-29 06:00:00,5.0
2025-12-29 06:15:00,6.39
2025-12-29 06:30:00,11.99
2025-12-29 06:45:00,13.82
2025-12-29 07:00:00,13.83
2025-12-29 07:15:00,13.86
2025-12-29 07:30:00,21.98
2025-12-29 07:45:00,40.0
2025-12-29 08:00:00,25.05
2025-12-29 08:15:00,39.1
2025-12-29 08:30:00,49.79
2025-12-29 08:45:00,58.3
2025-12-29 09:00:00,60.01
2025-12-29 09:15:00,67.2
2025-12-29 09:30:00,67.2
2025-12-29 09:45:00,70.01
2025-12-29 10:00:00,68.49
2025-12-29 10:15:00,68.58
2025-12-29 10:30:00,68.73
2025-12-29 10:45:00,68.33
2025-12-29 11:00:00,68.44
2025-12-29 11:15:00,68.58
2025-12-29 11:30:00,59.01
2025-12-29 11:45:00,58.96
2025-12-29 12:00:00,59.08
2025-12-29 12:15:00,59.07
2025-12-29 12:30:00,53.81
2025-12-29 12:45:00,50.31
2025-12-29 13:00:00,50.2
2025-12-29 13:15:00,50.0
2025-12-29 13:30:00,45.37
2025-12-29 13:45:00,40.4
2025-12-29 14:00:00,34.38
2025-12-29 14:15:00,35.65
2025-12-29 14:30:00,38.34
2025-12-29 14:45:00,41.65
2025-12-29 15:00:00,43.03
2025-12-29 15:15:00,50.19
2025-12-29 15:30:00,53.69
2025-12-29 15:45:00,58.93
2025-12-29 16:00:00,58.45
2025-12-29 16:15:00,58.47
2025-12-29 16:30:00,64.51
2025-12-29 16:45:00,67.3
2025-12-29 17:00:00,60.29
2025-12-29 17:15:00,66.84
2025-12-29 17:30:00,67.23
2025-12-29 17:45:00,67.23
2025-12-29 18:00:00,71.72
2025-12-29 18:15:00,72.04
2025-12-29 18:30:00,68.44
2025-12-29 18:45:00,68.42
2025-12-29 19:00:00,70.75
2025-12-29 19:15:00,68.4
2025-12-29 19:30:00,66.42
2025-12-29 19:45:00,59.7
2025-12-29 20:00:00,59.48
2025-12-29 20:15:00,57.16
2025-12-29 20:30:00,50.75
2025-12-29 20:45:00,40.01
2025-12-29 21:00:00,37.69
2025-12-29 21:15:00,25.08
2025-12-29 21:30:00,19.17
2025-12-29 21:45:00,17.4
2025-12-29 22:00:00,18.83
2025-12-29 22:15:00,17.1
2025-12-29 22:30:00,13.87
2025-12-29 22:45:00,13.84
2025-12-29 23:00:00,13.8
2025-12-29 23:15:00,11.03
2025-12-29 23:30:00,13.83
2025-12-29 23:45:00,13.61
2025-12-30 00:00:00,11.02
2025-12-30 00:15:00,6.45
2025-12-30 00:30:00,5.07
2025-12-30 00:45:00,3.95
2025-12-30 01:00:00,3.01
2025-12-30 01:15:00,2.8
2025-12-30 01:30:00,2.6
2025-12-30 01:45:00,2.55
2025-12-30 02:00:00,2.54
2025-12-30 02:15:00,2.54
2025-12-30 02:30:00,2.53
2025-12-30 02:45:00,2.53
2025-12-30 03:00:00,2.55
2025-12-30 03:15:00,2.55
2025-12-30 03:30:00,2.55
2025-12-30 03:45:00,2.54
2025-12-30 04:00:00,2.53
2025-12-30 04:15:00,1.99
2025-12-30 04:30:00,1.99
2025-12-30 04:45:00,1.99
2025-12-30 05:00:00,2.52
2025-12-30 05:15:00,2.52
2025-12-30 05:30:00,2.53
2025-12-30 05:45:00,2.6
2025-12-30 06:00:00,3.61
2025-12-30 06:15:00,3.8
2025-12-30 06:30:00,5.0
2025-12-30 06:45:00,6.26
2025-12-30 07:00:00,13.86
2025-12-30 07:15:00,13.87
2025-12-30 07:30:00,13.87
2025-12-30 07:45:00,16.41
2025-12-30 08:00:00,25.07
2025-12-30 08:15:00,33.05
2025-12-30 08:30:00,45.87
2025-12-30 08:45:00,57.02
2025-12-30 09:00:00,72.75
2025-12-30 09:15:00,75.21
2025-12-30 09:30:00,77.64
2025-12-30 09:45:00,80.01
2025-12-30 10:00:00,65.12
2025-12-30 10:15:00,71.61
2025-12-30 10:30:00,74.78
2025-12-30 10:45:00,74.77
2025-12-30 11:00:00,63.16
2025-12-30 11:15:00,58.65
2025-12-30 11:30:00,57.07
2025-12-30 11:45:00,55.12
2025-12-30 12:00:00,50.13
2025-12-30 12:15:00,48.36
2025-12-30 12:30:00,45.05
2025-12-30 12:45:00,40.65
2025-12-30 13:00:00,45.12
2025-12-30 13:15:00,48.77
2025-12-30 13:30:00,49.66
2025-12-30 13:45:00,50.0
2025-12-30 14:00:00,56.04
2025-12-30 14:15:00,67.54
2025-12-30 14:30:00,72.04
2025-12-30 14:45:00,74.49
2025-12-30 15:00:00,57.12
2025-12-30 15:15:00,80.01
2025-12-30 15:30:00,94.32
2025-12-30 15:45:00,102.15
2025-12-30 16:00:00,91.06
2025-12-30 16:15:00,97.4
2025-12-30 16:30:00,111.69
2025-12-30 16:45:00,111.66
2025-12-30 17:00:00,99.98
2025-12-30 17:15:00,99.3
2025-12-30 17:30:00,80.0
2025-12-30 17:45:00,91.34
2025-12-30 18:00:00,74.16
2025-12-30 18:15:00,77.76
2025-12-30 18:30:00,80.9
2025-12-30 18:45:00,88.74
2025-12-30 19:00:00,78.21
2025-12-30 19:15:00,78.25
2025-12-30 19:30:00,92.15
2025-12-30 19:45:00,103.03
2025-12-30 20:00:00,92.57
2025-12-30 20:15:00,96.92
2025-12-30 20:30:00,96.92
2025-12-30 20:45:00,97.09
2025-12-30 21:00:00,96.54
2025-12-30 21:15:00,94.5
2025-12-30 21:30:00,92.62
2025-12-30 21:45:00,87.99
2025-12-30 22:00:00,90.98
2025-12-30 22:15:00,87.92
2025-12-30 22:30:00,83.82
2025-12-30 22:45:00,80.51
2025-12-30 23:00:00,98.25
2025-12-30 23:15:00,85.35
2025-12-30 23:30:00,79.82
2025-12-30 23:45:00,72.97
2025-12-31 00:00:00,85.86
2025-12-31 00:15:00,77.51
2025-12-31 00:30:00,75.24
2025-12-31 00:45:00,70.28
2025-12-31 01:00:00,72.71
2025-12-31 01:15:00,71.06
2025-12-31 01:30:00,68.13
2025-12-31 01:45:00,64.23
2025-12-31 02:00:00,66.09
2025-12-31 02:15:00,61.05
2025-12-31 02:30:00,56.92
2025-12-31 02:45:00,54.91
2025-12-31 03:00:00,60.65
2025-12-31 03:15:00,56.8
2025-12-31 03:30:00,56.16
2025-12-31 03:45:00,54.41
2025-12-31 04:00:00,56.93
2025-12-31 04:15:00,56.02
2025-12-31 04:30:00,56.06
2025-12-31 04:45:00,55.79
2025-12-31 05:00:00,53.21
2025-12-31 05:15:00,53.92
2025-12-31 05:30:00,57.12
2025-12-31 05:45:00,60.6
2025-12-31 06:00:00,62.44
2025-12-31 06:15:00,68.02
2025-12-31 06:30:00,69.12
2025-12-31 06:45:00,69.75
2025-12-31 07:00:00,69.67
2025-12-31 07:15:00,70.85
2025-12-31 07:30:00,71.73
2025-12-31 07:45:00,72.26
2025-12-31 08:00:00,71.25
2025-12-31 08:15:00,72.54
2025-12-31 08:30:00,78.3
2025-12-31 08:45:00,92.29
2025-12-31 09:00:00,93.19
2025-12-31 09:15:00,98.39
2025-12-31 09:30:00,89.72
2025-12-31 09:45:00,89.61
2025-12-31 10:00:00,94.21
2025-12-31 10:15:00,91.89
2025-12-31 10:30:00,90.1
2025-12-31 10:45:00,84.95
2025-12-31 11:00:00,97.78
2025-12-31 11:15:00,89.82
2025-12-31 11:30:00,87.24
2025-12-31 11:45:00,82.74
2025-12-31 12:00:00,85.69
2025-12-31 12:15:00,83.93
2025-12-31 12:30:00,82.06
2025-12-31 12:45:00,80.0
2025-12-31 13:00:00,83.3
2025-12-31 13:15:00,82.0
2025-12-31 13:30:00,82.0
2025-12-31 13:45:00,84.89
2025-12-31 14:00:00,83.1
2025-12-31 14:15:00,99.3
2025-12-31 14:30:00,115.68
2025-12-31 14:45:00,150.02
2025-12-31 15:00:00,84.24
2025-12-31 15:15:00,105.69
2025-12-31 15:30:00,151.38
2025-12-31 15:45:00,190.0
2025-12-31 16:00:00,110.5
2025-12-31 16:15:00,140.0
2025-12-31 16:30:00,150.06
2025-12-31 16:45:00,150.11
2025-12-31 17:00:00,150.07
2025-12-31 17:15:00,168.6
2025-12-31 17:30:00,157.02
2025-12-31 17:45:00,171.81
2025-12-31 18:00:00,137.0
2025-12-31 18:15:00,137.94
2025-12-31 18:30:00,150.1
2025-12-31 18:45:00,170.38
2025-12-31 19:00:00,146.62
2025-12-31 19:15:00,157.01
2025-12-31 19:30:00,154.65
2025-12-31 19:45:00,150.15
2025-12-31 20:00:00,167.99
2025-12-31 20:15:00,153.09
2025-12-31 20:30:00,131.63
2025-12-31 20:45:00,107.75
2025-12-31 21:00:00,156.1
2025-12-31 21:15:00,134.18
2025-12-31 21:30:00,125.74
2025-12-31 21:45:00,110.09
2025-12-31 22:00:00,146.43
2025-12-31 22:15:00,150.12
2025-12-31 22:30:00,120.4
2025-12-31 22:45:00,103.21
2025-12-31 23:00:00,147.04
2025-12-31 23:15:00,110.09
2025-12-31 23:30:00,106.91
2025-12-31 23:45:00,99.31
2026-01-01 00:00:00,108.81
2026-01-01 00:15:00,85.21
2026-01-01 00:30:00,81.6
2026-01-01 00:45:00,71.24
2026-01-01 01:00:00,109.53
2026-01-01 01:15:00,110.08
2026-01-01 01:30:00,101.61
2026-01-01 01:45:00,80.43
2026-01-01 02:00:00,159.74
2026-01-01 02:15:00,104.94
2026-01-01 02:30:00,75.7
2026-01-01 02:45:00,63.92
2026-01-01 03:00:00,76.02
2026-01-01 03:15:00,64.68
2026-01-01 03:30:00,62.04
2026-01-01 03:45:00,53.49
2026-01-01 04:00:00,58.17
2026-01-01 04:15:00,53.03
2026-01-01 04:30:00,34.37
2026-01-01 04:45:00,34.03
2026-01-01 05:00:00,34.42
2026-01-01 05:15:00,28.55
2026-01-01 05:30:00,29.92
2026-01-01 05:45:00,34.01
2026-01-01 06:00:00,33.4
2026-01-01 06:15:00,26.21
2026-01-01 06:30:00,45.36
2026-01-01 06:45:00,34.44
2026-01-01 07:00:00,20.62
2026-01-01 07:15:00,18.83
2026-01-01 07:30:00,23.52
2026-01-01 07:45:00,26.59
2026-01-01 08:00:00,34.02
2026-01-01 08:15:00,34.02
2026-01-01 08:30:00,34.01
2026-01-01 08:45:00,34.01
2026-01-01 09:00:00,15.2
2026-01-01 09:15:00,15.2
2026-01-01 09:30:00,15.21
2026-01-01 09:45:00,15.21
2026-01-01 10:00:00,15.26
2026-01-01 10:15:00,15.26
2026-01-01 10:30:00,15.26
2026-01-01 10:45:00,15.26
2026-01-01 11:00:00,15.26
2026-01-01 11:15:00,15.26
2026-01-01 11:30:00,15.23
2026-01-01 11:45:00,15.23
2026-01-01 12:00:00,15.26
2026-01-01 12:15:00,15.23
2026-01-01 12:30:00,15.22
2026-01-01 12:45:00,15.21
2026-01-01 13:00:00,18.82
2026-01-01 13:15:00,18.82
2026-01-01 13:30:00,18.81
2026-01-01 13:45:00,18.8
2026-01-01 14:00:00,15.24
2026-01-01 14:15:00,15.24
2026-01-01 14:30:00,15.25
2026-01-01 14:45:00,15.27
2026-01-01 15:00:00,15.22
2026-01-01 15:15:00,15.24
2026-01-01 15:30:00,15.27
2026-01-01 15:45:00,18.83
2026-01-01 16:00:00,15.27
2026-01-01 16:15:00,18.82
2026-01-01 16:30:00,29.97
2026-01-01 16:45:00,34.07
2026-01-01 17:00:00,18.83
2026-01-01 17:15:00,34.0
2026-01-01 17:30:00,34.01
2026-01-01 17:45:00,34.03
2026-01-01 18:00:00,25.28
2026-01-01 18:15:00,34.0
2026-01-01 18:30:00,34.02
2026-01-01 18:45:00,34.03
2026-01-01 19:00:00,34.06
2026-01-01 19:15:00,34.07
2026-01-01 19:30:00,34.08
2026-01-01 19:45:00,34.09
2026-01-01 20:00:00,34.08
2026-01-01 20:15:00,34.08
2026-01-01 20:30:00,34.1
2026-01-01 20:45:00,34.02
2026-01-01 21:00:00,30.79
2026-01-01 21:15:00,26.35
2026-01-01 21:30:00,20.01
2026-01-01 21:45:00,18.82
2026-01-01 22:00:00,33.02
2026-01-01 22:15:00,22.46
2026-01-01 22:30:00,23.2
2026-01-01 22:45:00,16.56
2026-01-01 23:00:00,33.97
2026-01-01 23:15:00,30.01
2026-01-01 23:30:00,27.39
2026-01-01 23:45:00,21.53
2026-01-02 00:00:00,25.05
2026-01-02 00:15:00,18.83
2026-01-02 00:30:00,15.29
2026-01-02 00:45:00,15.25
2026-01-02 01:00:00,15.14
2026-01-02 01:15:00,15.28
2026-01-02 01:30:00,14.63
2026-01-02 01:45:00,12.84
2026-01-02 02:00:00,13.08
2026-01-02 02:15:00,11.91
2026-01-02 02:30:00,10.4
2026-01-02 02:45:00,9.76
2026-01-02 03:00:00,10.4
2026-01-02 03:15:00,10.01
2026-01-02 03:30:00,10.0
2026-01-02 03:45:00,8.82
2026-01-02 04:00:00,7.96
2026-01-02 04:15:00,7.57
2026-01-02 04:30:00,7.3
2026-01-02 04:45:00,7.77
2026-01-02 05:00:00,7.16
2026-01-02 05:15:00,7.2
2026-01-02 05:30:00,7.35
2026-01-02 05:45:00,9.99
2026-01-02 06:00:00,10.79
2026-01-02 06:15:00,13.8
2026-01-02 06:30:00,15.25
2026-01-02 06:45:00,19.88
2026-01-02 07:00:00,13.3
2026-01-02 07:15:00,20.59
2026-01-02 07:30:00,25.62
2026-01-02 07:45:00,32.15
2026-01-02 08:00:00,31.1
2026-01-02 08:15:00,40.0
2026-01-02 08:30:00,48.64
2026-01-02 08:45:00,52.97
2026-01-02 09:00:00,55.59
2026-01-02 09:15:00,57.73
2026-01-02 09:30:00,62.42
2026-01-02 09:45:00,64.81
2026-01-02 10:00:00,64.37
2026-01-02 10:15:00,64.37
2026-01-02 10:30:00,68.86
2026-01-02 10:45:00,67.64
2026-01-02 11:00:00,62.17
2026-01-02 11:15:00,58.14
2026-01-02 11:30:00,55.1
2026-01-02 11:45:00,55.02
2026-01-02 12:00:00,53.78
2026-01-02 12:15:00,57.3
2026-01-02 12:30:00,56.94
2026-01-02 12:45:00,54.43
2026-01-02 13:00:00,60.0
2026-01-02 13:15:00,57.67
2026-01-02 13:30:00,58.07
2026-01-02 13:45:00,60.01
2026-01-02 14:00:00,65.26
2026-01-02 14:15:00,63.82
2026-01-02 14:30:00,62.27
2026-01-02 14:45:00,65.81
2026-01-02 15:00:00,62.06
2026-01-02 15:15:00,68.3
2026-01-02 15:30:00,66.99
2026-01-02 15:45:00,71.93
2026-01-02 16:00:00,67.46
2026-01-02 16:15:00,74.95
2026-01-02 16:30:00,79.11
2026-01-02 16:45:00,82.65
2026-01-02 17:00:00,73.91
2026-01-02 17:15:00,82.02
2026-01-02 17:30:00,86.26
2026-01-02 17:45:00,88.29
2026-01-02 18:00:00,81.8
2026-01-02 18:15:00,83.88
2026-01-02 18:30:00,83.93
2026-01-02 18:45:00,83.89
2026-01-02 19:00:00,88.38
2026-01-02 19:15:00,88.26
2026-01-02 19:30:00,89.75
2026-01-02 19:45:00,72.94
2026-01-02 20:00:00,104.45
2026-01-02 20:15:00,90.21
2026-01-02 20:30:00,88.31
2026-01-02 20:45:00,86.72
2026-01-02 21:00:00,93.63
2026-01-02 21:15:00,87.89
2026-01-02 21:30:00,84.57
2026-01-02 21:45:00,83.15
2026-01-02 22:00:00,82.81
2026-01-02 22:15:00,82.39
2026-01-02 22:30:00,80.18
2026-01-02 22:45:00,74.33
2026-01-02 23:00:00,68.25
2026-01-02 23:15:00,63.05
2026-01-02 23:30:00,63.65
2026-01-02 23:45:00,57.79
2026-01-03 00:00:00,44.84
2026-01-03 00:15:00,43.7
2026-01-03 00:30:00,40.1
2026-01-03 00:45:00,32.94
2026-01-03 01:00:00,100.28
2026-01-03 01:15:00,50.43
2026-01-03 01:30:00,49.03
2026-01-03 01:45:00,47.39
2026-01-03 02:00:00,49.86
2026-01-03 02:15:00,49.19
2026-01-03 02:30:00,48.29
2026-01-03 02:45:00,48.11
2026-01-03 03:00:00,46.99
2026-01-03 03:15:00,46.41
2026-01-03 03:30:00,46.37
2026-01-03 03:45:00,45.26
2026-01-03 04:00:00,41.59
2026-01-03 04:15:00,42.77
2026-01-03 04:30:00,45.17
2026-01-03 04:45:00,45.13
2026-01-03 05:00:00,51.15
2026-01-03 05:15:00,46.04
2026-01-03 05:30:00,46.18
2026-01-03 05:45:00,58.83
2026-01-03 06:00:00,70.0
2026-01-03 06:15:00,66.48
2026-01-03 06:30:00,75.3
2026-01-03 06:45:00,68.91
2026-01-03 07:00:00,150.19
2026-01-03 07:15:00,70.0
2026-01-03 07:30:00,142.91
2026-01-03 07:45:00,81.61
2026-01-03 08:00:00,150.25
2026-01-03 08:15:00,80.01
2026-01-03 08:30:00,138.27
2026-01-03 08:45:00,85.45
2026-01-03 09:00:00,150.0
2026-01-03 09:15:00,90.35
2026-01-03 09:30:00,91.91
2026-01-03 09:45:00,92.65
2026-01-03 10:00:00,165.5
2026-01-03 10:15:00,165.51
2026-01-03 10:30:00,165.51
2026-01-03 10:45:00,165.51
2026-01-03 11:00:00,150.0
2026-01-03 11:15:00,155.14
2026-01-03 11:30:00,150.0
2026-01-03 11:45:00,150.0
2026-01-03 12:00:00,159.77
2026-01-03 12:15:00,150.52
2026-01-03 12:30:00,159.79
2026-01-03 12:45:00,147.96
2026-01-03 13:00:00,165.5
2026-01-03 13:15:00,165.5
2026-01-03 13:30:00,165.5
2026-01-03 13:45:00,165.5
2026-01-03 14:00:00,147.99
2026-01-03 14:15:00,147.95
2026-01-03 14:30:00,140.11
2026-01-03 14:45:00,88.99
2026-01-03 15:00:00,122.01
2026-01-03 15:15:00,112.25
2026-01-03 15:30:00,90.7
2026-01-03 15:45:00,149.99
2026-01-03 16:00:00,90.0
2026-01-03 16:15:00,130.8
2026-01-03 16:30:00,142.93
2026-01-03 16:45:00,138.75
2026-01-03 17:00:00,99.23
2026-01-03 17:15:00,105.79
2026-01-03 17:30:00,106.99
2026-01-03 17:45:00,108.49
2026-01-03 18:00:00,110.33
2026-01-03 18:15:00,110.06
2026-01-03 18:30:00,111.01
2026-01-03 18:45:00,111.91
2026-01-03 19:00:00,114.45
2026-01-03 19:15:00,111.72
2026-01-03 19:30:00,112.42
2026-01-03 19:45:00,110.06
2026-01-03 20:00:00,111.35
2026-01-03 20:15:00,109.92
2026-01-03 20:30:00,106.74
2026-01-03 20:45:00,106.3
2026-01-03 21:00:00,108.19
2026-01-03 21:15:00,106.73
2026-01-03 21:30:00,104.37
2026-01-03 21:45:00,100.1
2026-01-03 22:00:00,106.73
2026-01-03 22:15:00,100.1
2026-01-03 22:30:00,96.44
2026-01-03 22:45:00,82.78
2026-01-03 23:00:00,90.95
2026-01-03 23:15:00,88.84
2026-01-03 23:30:00,88.68
2026-01-03 23:45:00,84.89
2026-01-04 00:00:00,88.3
2026-01-04 00:15:00,83.95
2026-01-04 00:30:00,80.0
2026-01-04 00:45:00,75.78
2026-01-04 01:00:00,83.0
2026-01-04 01:15:00,86.15
2026-01-04 01:30:00,85.06
2026-01-04 01:45:00,81.74
2026-01-04 02:00:00,84.74
2026-01-04 02:15:00,82.78
2026-01-04 02:30:00,81.63
2026-01-04 02:45:00,81.49
2026-01-04 03:00:00,84.26
2026-01-04 03:15:00,82.22
2026-01-04 03:30:00,81.58
2026-01-04 03:45:00,81.4
2026-01-04 04:00:00,81.98
2026-01-04 04:15:00,81.27
2026-01-04 04:30:00,80.84
2026-01-04 04:45:00,80.48
2026-01-04 05:00:00,80.04
2026-01-04 05:15:00,79.97
2026-01-04 05:30:00,80.02
2026-01-04 05:45:00,80.46
2026-01-04 06:00:00,80.06
2026-01-04 06:15:00,80.64
2026-01-04 06:30:00,81.37
2026-01-04 06:45:00,81.33
2026-01-04 07:00:00,80.31
2026-01-04 07:15:00,81.22
2026-01-04 07:30:00,81.1
2026-01-04 07:45:00,82.16
2026-01-04 08:00:00,81.85
2026-01-04 08:15:00,82.03
2026-01-04 08:30:00,84.38
2026-01-04 08:45:00,87.31
2026-01-04 09:00:00,84.18
2026-01-04 09:15:00,85.0
2026-01-04 09:30:00,86.28
2026-01-04 09:45:00,86.99
2026-01-04 10:00:00,94.02
2026-01-04 10:15:00,96.0
2026-01-04 10:30:00,95.99
2026-01-04 10:45:00,91.19
2026-01-04 11:00:00,103.94
2026-01-04 11:15:00,97.19
2026-01-04 11:30:00,90.92
2026-01-04 11:45:00,86.97
2026-01-04 12:00:00,93.85
2026-01-04 12:15:00,89.99
2026-01-04 12:30:00,142.95
2026-01-04 12:45:00,190.0
2026-01-04 13:00:00,91.3
2026-01-04 13:15:00,89.7
2026-01-04 13:30:00,89.94
2026-01-04 13:45:00,118.52
2026-01-04 14:00:00,86.2
2026-01-04 14:15:00,85.27
2026-01-04 14:30:00,128.51
2026-01-04 14:45:00,149.99
2026-01-04 15:00:00,83.5
2026-01-04 15:15:00,99.97
2026-01-04 15:30:00,149.99
2026-01-04 15:45:00,172.31
2026-01-04 16:00:00,149.99
2026-01-04 16:15:00,149.99
2026-01-04 16:30:00,186.54
2026-01-04 16:45:00,162.9
2026-01-04 17:00:00,174.16
2026-01-04 17:15:00,143.28
2026-01-04 17:30:00,121.13
2026-01-04 17:45:00,117.94
2026-01-04 18:00:00,176.66
2026-01-04 18:15:00,142.92
2026-01-04 18:30:00,127.32
2026-01-04 18:45:00,127.4
2026-01-04 19:00:00,126.81
2026-01-04 19:15:00,125.24
2026-01-04 19:30:00,125.0
2026-01-04 19:45:00,124.9
2026-01-04 20:00:00,123.5
2026-01-04 20:15:00,120.92
2026-01-04 20:30:00,119.38
2026-01-04 20:45:00,115.06
2026-01-04 21:00:00,121.3
2026-01-04 21:15:00,115.33
2026-01-04 21:30:00,110.0
2026-01-04 21:45:00,103.17
2026-01-04 22:00:00,110.0
2026-01-04 22:15:00,136.71
2026-01-04 22:30:00,135.39
2026-01-04 22:45:00,126.39
2026-01-04 23:00:00,134.14
2026-01-04 23:15:00,117.61
2026-01-04 23:30:00,97.83
2026-01-04 23:45:00,90.68
2026-01-05 00:00:00,97.61
2026-01-05 00:15:00,89.73
2026-01-05 00:30:00,86.33
2026-01-05 00:45:00,83.17
2026-01-05 01:00:00,150.03
2026-01-05 01:15:00,144.17
2026-01-05 01:30:00,123.81
2026-01-05 01:45:00,103.75
2026-01-05 02:00:00,123.7
2026-01-05 02:15:00,110.03
2026-01-05 02:30:00,100.05
2026-01-05 02:45:00,96.46
2026-01-05 03:00:00,101.21
2026-01-05 03:15:00,97.31
2026-01-05 03:30:00,94.6
2026-01-05 03:45:00,94.51
2026-01-05 04:00:00,99.93
2026-01-05 04:15:00,100.0
2026-01-05 04:30:00,105.36
2026-01-05 04:45:00,109.35
2026-01-05 05:00:00,86.25
2026-01-05 05:15:00,94.98
2026-01-05 05:30:00,110.02
2026-01-05 05:45:00,134.9
2026-01-05 06:00:00,110.07
2026-01-05 06:15:00,142.94
2026-01-05 06:30:00,112.04
2026-01-05 06:45:00,139.37
2026-01-05 07:00:00,110.02
2026-01-05 07:15:00,126.79
2026-01-05 07:30:00,127.28
2026-01-05 07:45:00,129.77
2026-01-05 08:00:00,114.46
2026-01-05 08:15:00,120.92
2026-01-05 08:30:00,132.96
2026-01-05 08:45:00,148.91
2026-01-05 09:00:00,145.35
2026-01-05 09:15:00,156.48
2026-01-05 09:30:00,148.97
2026-01-05 09:45:00,153.89
2026-01-05 10:00:00,162.98
2026-01-05 10:15:00,161.48
2026-01-05 10:30:00,147.22
2026-01-05 10:45:00,136.9
2026-01-05 11:00:00,162.45
2026-01-05 11:15:00,146.54
2026-01-05 11:30:00,140.27
2026-01-05 11:45:00,134.67
2026-01-05 12:00:00,143.41
2026-01-05 12:15:00,139.75
2026-01-05 12:30:00,139.41
2026-01-05 12:45:00,137.35
2026-01-05 13:00:00,137.85
2026-01-05 13:15:00,136.3
2026-01-05 13:30:00,137.2
2026-01-05 13:45:00,139.42
2026-01-05 14:00:00,134.89
2026-01-05 14:15:00,136.58
2026-01-05 14:30:00,149.62
2026-01-05 14:45:00,150.09
2026-01-05 15:00:00,141.14
2026-01-05 15:15:00,150.13
2026-01-05 15:30:00,157.94
2026-01-05 15:45:00,187.35
2026-01-05 16:00:00,163.48
2026-01-05 16:15:00,194.14
2026-01-05 16:30:00,207.35
2026-01-05 16:45:00,237.47
2026-01-05 17:00:00,195.0
2026-01-05 17:15:00,212.25
2026-01-05 17:30:00,242.22
2026-01-05 17:45:00,242.23
2026-01-05 18:00:00,200.23
2026-01-05 18:15:00,213.27
2026-01-05 18:30:00,250.58
2026-01-05 18:45:00,249.35
2026-01-05 19:00:00,225.01
2026-01-05 19:15:00,222.01
2026-01-05 19:30:00,222.72
2026-01-05 19:45:00,205.94
2026-01-05 20:00:00,222.12
2026-01-05 20:15:00,208.91
2026-01-05 20:30:00,162.0
2026-01-05 20:45:00,138.11
2026-01-05 21:00:00,171.3
2026-01-05 21:15:00,146.73
2026-01-05 21:30:00,138.09
2026-01-05 21:45:00,132.0
2026-01-05 22:00:00,137.82
2026-01-05 22:15:00,135.05
2026-01-05 22:30:00,125.75
2026-01-05 22:45:00,117.78
2026-01-05 23:00:00,128.7
2026-01-05 23:15:00,122.47
2026-01-05 23:30:00,124.17
2026-01-05 23:45:00,120.03
2026-01-06 00:00:00,119.51
2026-01-06 00:15:00,112.41
2026-01-06 00:30:00,107.26
2026-01-06 00:45:00,106.02
2026-01-06 01:00:00,150.3
2026-01-06 01:15:00,133.69
2026-01-06 01:30:00,111.29
2026-01-06 01:45:00,105.2
2026-01-06 02:00:00,133.69
2026-01-06 02:15:00,114.12
2026-01-06 02:30:00,111.29
2026-01-06 02:45:00,110.01
2026-01-06 03:00:00,104.37
2026-01-06 03:15:00,101.38
2026-01-06 03:30:00,100.86
2026-01-06 03:45:00,100.11
2026-01-06 04:00:00,105.06
2026-01-06 04:15:00,105.19
2026-01-06 04:30:00,107.67
2026-01-06 04:45:00,110.02
2026-01-06 05:00:00,104.13
2026-01-06 05:15:00,108.2
2026-01-06 05:30:00,112.11
2026-01-06 05:45:00,133.7
2026-01-06 06:00:00,100.39
2026-01-06 06:15:00,102.33
2026-01-06 06:30:00,110.78
2026-01-06 06:45:00,114.5
2026-01-06 07:00:00,112.07
2026-01-06 07:15:00,117.75
2026-01-06 07:30:00,121.42
2026-01-06 07:45:00,133.91
2026-01-06 08:00:00,121.67
2026-01-06 08:15:00,137.86
2026-01-06 08:30:00,147.4
2026-01-06 08:45:00,146.99
2026-01-06 09:00:00,153.47
2026-01-06 09:15:00,168.67
2026-01-06 09:30:00,170.95
2026-01-06 09:45:00,166.3
2026-01-06 10:00:00,189.55
2026-01-06 10:15:00,169.93
2026-01-06 10:30:00,166.32
2026-01-06 10:45:00,149.6
2026-01-06 11:00:00,176.85
2026-01-06 11:15:00,150.08
2026-01-06 11:30:00,150.01
2026-01-06 11:45:00,142.4
2026-01-06 12:00:00,161.62
2026-01-06 12:15:00,148.46
2026-01-06 12:30:00,142.97
2026-01-06 12:45:00,136.0
2026-01-06 13:00:00,147.81
2026-01-06 13:15:00,137.94
2026-01-06 13:30:00,133.69
2026-01-06 13:45:00,130.11
2026-01-06 14:00:00,133.68
2026-01-06 14:15:00,131.57
2026-01-06 14:30:00,128.52
2026-01-06 14:45:00,128.93
2026-01-06 15:00:00,127.72
2026-01-06 15:15:00,130.38
2026-01-06 15:30:00,130.94
2026-01-06 15:45:00,138.01
2026-01-06 16:00:00,128.54
2026-01-06 16:15:00,135.31
2026-01-06 16:30:00,140.14
2026-01-06 16:45:00,150.3
2026-01-06 17:00:00,134.73
2026-01-06 17:15:00,146.19
2026-01-06 17:30:00,151.54
2026-01-06 17:45:00,160.62
2026-01-06 18:00:00,147.95
2026-01-06 18:15:00,150.06
2026-01-06 18:30:00,162.0
2026-01-06 18:45:00,160.7
2026-01-06 19:00:00,160.35
2026-01-06 19:15:00,151.35
2026-01-06 19:30:00,148.2
2026-01-06 19:45:00,135.99
2026-01-06 20:00:00,154.98
2026-01-06 20:15:00,139.88
2026-01-06 20:30:00,133.88
2026-01-06 20:45:00,127.73
2026-01-06 21:00:00,129.51
2026-01-06 21:15:00,119.35
2026-01-06 21:30:00,111.71
2026-01-06 21:45:00,101.49
2026-01-06 22:00:00,122.63
2026-01-06 22:15:00,117.03
2026-01-06 22:30:00,117.0
2026-01-06 22:45:00,117.0
2026-01-06 23:00:00,149.02
2026-01-06 23:15:00,115.66
2026-01-06 23:30:00,115.41
2026-01-06 23:45:00,112.01
2026-01-07 00:00:00,108.22
2026-01-07 00:15:00,95.37
2026-01-07 00:30:00,91.31
2026-01-07 00:45:00,84.54
2026-01-07 01:00:00,131.98
2026-01-07 01:15:00,106.39
2026-01-07 01:30:00,89.81
2026-01-07 01:45:00,86.22
2026-01-07 02:00:00,93.34
2026-01-07 02:15:00,90.41
2026-01-07 02:30:00,86.64
2026-01-07 02:45:00,85.31
2026-01-07 03:00:00,87.02
2026-01-07 03:15:00,85.0
2026-01-07 03:30:00,85.77
2026-01-07 03:45:00,97.72
2026-01-07 04:00:00,83.78
2026-01-07 04:15:00,81.83
2026-01-07 04:30:00,81.12
2026-01-07 04:45:00,80.55
2026-01-07 05:00:00,80.94
2026-01-07 05:15:00,82.61
2026-01-07 05:30:00,99.97
2026-01-07 05:45:00,101.39
2026-01-07 06:00:00,84.95
2026-01-07 06:15:00,93.27
2026-01-07 06:30:00,111.33
2026-01-07 06:45:00,143.83
2026-01-07 07:00:00,122.4
2026-01-07 07:15:00,154.19
2026-01-07 07:30:00,160.81
2026-01-07 07:45:00,182.18
2026-01-07 08:00:00,174.28
2026-01-07 08:15:00,198.98
2026-01-07 08:30:00,211.81
2026-01-07 08:45:00,293.89
2026-01-07 09:00:00,192.35
2026-01-07 09:15:00,225.78
2026-01-07 09:30:00,321.42
2026-01-07 09:45:00,300.0
2026-01-07 10:00:00,239.99
2026-01-07 10:15:00,283.54
2026-01-07 10:30:00,247.99
2026-01-07 10:45:00,228.47
2026-01-07 11:00:00,212.85
2026-01-07 11:15:00,191.6
2026-01-07 11:30:00,350.32
2026-01-07 11:45:00,299.93
2026-01-07 12:00:00,205.59
2026-01-07 12:15:00,224.06
2026-01-07 12:30:00,226.21
2026-01-07 12:45:00,224.8
2026-01-07 13:00:00,231.31
2026-01-07 13:15:00,234.52
2026-01-07 13:30:00,246.49
2026-01-07 13:45:00,247.81
2026-01-07 14:00:00,250.01
2026-01-07 14:15:00,290.0
2026-01-07 14:30:00,302.56
2026-01-07 14:45:00,319.86
2026-01-07 15:00:00,235.29
2026-01-07 15:15:00,249.05
2026-01-07 15:30:00,326.58
2026-01-07 15:45:00,301.0
2026-01-07 16:00:00,308.57
2026-01-07 16:15:00,308.57
2026-01-07 16:30:00,310.77
2026-01-07 16:45:00,325.17
2026-01-07 17:00:00,216.53
2026-01-07 17:15:00,321.59
2026-01-07 17:30:00,288.0
2026-01-07 17:45:00,323.71
2026-01-07 18:00:00,270.08
2026-01-07 18:15:00,312.87
2026-01-07 18:30:00,250.05
2026-01-07 18:45:00,249.18
2026-01-07 19:00:00,276.49
2026-01-07 19:15:00,240.0
2026-01-07 19:30:00,216.49
2026-01-07 19:45:00,216.48
2026-01-07 20:00:00,258.0
2026-01-07 20:15:00,250.02
2026-01-07 20:30:00,206.39
2026-01-07 20:45:00,202.21
2026-01-07 21:00:00,287.21
2026-01-07 21:15:00,226.33
2026-01-07 21:30:00,170.6
2026-01-07 21:45:00,154.98
2026-01-07 22:00:00,164.88
2026-01-07 22:15:00,151.68
2026-01-07 22:30:00,128.17
2026-01-07 22:45:00,118.85
2026-01-07 23:00:00,132.59
2026-01-07 23:15:00,119.14
2026-01-07 23:30:00,118.98
2026-01-07 23:45:00,119.16
2026-01-08 00:00:00,126.93
2026-01-08 00:15:00,134.83
2026-01-08 00:30:00,111.29
2026-01-08 00:45:00,84.1
2026-01-08 01:00:00,131.43
2026-01-08 01:15:00,101.53
2026-01-08 01:30:00,87.61
2026-01-08 01:45:00,80.8
2026-01-08 02:00:00,93.64
2026-01-08 02:15:00,92.12
2026-01-08 02:30:00,86.18
2026-01-08 02:45:00,82.35
2026-01-08 03:00:00,84.7
2026-01-08 03:15:00,84.94
2026-01-08 03:30:00,83.59
2026-01-08 03:45:00,99.91
2026-01-08 04:00:00,82.64
2026-01-08 04:15:00,107.3
2026-01-08 04:30:00,107.3
2026-01-08 04:45:00,107.3
2026-01-08 05:00:00,121.05
2026-01-08 05:15:00,120.19
2026-01-08 05:30:00,107.29
2026-01-08 05:45:00,93.24
2026-01-08 06:00:00,159.76
2026-01-08 06:15:00,187.5
2026-01-08 06:30:00,225.2
2026-01-08 06:45:00,250.0
2026-01-08 07:00:00,236.71
2026-01-08 07:15:00,225.2
2026-01-08 07:30:00,225.19
2026-01-08 07:45:00,225.19
2026-01-08 08:00:00,249.99
2026-01-08 08:15:00,321.13
2026-01-08 08:30:00,312.75
2026-01-08 08:45:00,307.13
2026-01-08 09:00:00,276.5
2026-01-08 09:15:00,300.0
2026-01-08 09:30:00,308.63
2026-01-08 09:45:00,307.6
2026-01-08 10:00:00,282.51
2026-01-08 10:15:00,282.51
2026-01-08 10:30:00,242.11
2026-01-08 10:45:00,242.1
2026-01-08 11:00:00,250.0
2026-01-08 11:15:00,276.35
2026-01-08 11:30:00,272.92
2026-01-08 11:45:00,250.02
2026-01-08 12:00:00,242.1
2026-01-08 12:15:00,253.16
2026-01-08 12:30:00,272.24
2026-01-08 12:45:00,243.32
2026-01-08 13:00:00,225.2
2026-01-08 13:15:00,242.1
2026-01-08 13:30:00,242.1
2026-01-08 13:45:00,242.11
2026-01-08 14:00:00,242.11
2026-01-08 14:15:00,250.05
2026-01-08 14:30:00,242.1
2026-01-08 14:45:00,250.0
2026-01-08 15:00:00,225.19
2026-01-08 15:15:00,258.31
2026-01-08 15:30:00,285.38
2026-01-08 15:45:00,269.36
2026-01-08 16:00:00,246.66
2026-01-08 16:15:00,264.61
2026-01-08 16:30:00,259.41
2026-01-08 16:45:00,265.24
2026-01-08 17:00:00,220.36
2026-01-08 17:15:00,236.29
2026-01-08 17:30:00,285.99
2026-01-08 17:45:00,289.99
2026-01-08 18:00:00,300.01
2026-01-08 18:15:00,294.7
2026-01-08 18:30:00,296.16
2026-01-08 18:45:00,191.86
2026-01-08 19:00:00,225.2
2026-01-08 19:15:00,190.0
2026-01-08 19:30:00,166.49
2026-01-08 19:45:00,132.17
2026-01-08 20:00:00,157.44
2026-01-08 20:15:00,143.92
2026-01-08 20:30:00,110.5
2026-01-08 20:45:00,90.41
2026-01-08 21:00:00,119.16
2026-01-08 21:15:00,96.59
2026-01-08 21:30:00,77.72
2026-01-08 21:45:00,73.09
2026-01-08 22:00:00,99.78
2026-01-08 22:15:00,93.48
2026-01-08 22:30:00,87.02
2026-01-08 22:45:00,81.09
2026-01-08 23:00:00,106.08
2026-01-08 23:15:00,79.64
2026-01-08 23:30:00,74.59
2026-01-08 23:45:00,64.37
2026-01-09 00:00:00,114.9
2026-01-09 00:15:00,98.78
2026-01-09 00:30:00,90.22
2026-01-09 00:45:00,79.49
2026-01-09 01:00:00,113.42
2026-01-09 01:15:00,112.36
2026-01-09 01:30:00,84.76
2026-01-09 01:45:00,85.34
2026-01-09 02:00:00,79.98
2026-01-09 02:15:00,78.27
2026-01-09 02:30:00,80.01
2026-01-09 02:45:00,80.13
2026-01-09 03:00:00,80.88
2026-01-09 03:15:00,76.98
2026-01-09 03:30:00,78.41
2026-01-09 03:45:00,73.34
2026-01-09 04:00:00,71.24
2026-01-09 04:15:00,68.61
2026-01-09 04:30:00,67.91
2026-01-09 04:45:00,65.28
2026-01-09 05:00:00,57.43
2026-01-09 05:15:00,74.23
2026-01-09 05:30:00,104.35
2026-01-09 05:45:00,111.85
2026-01-09 06:00:00,100.86
2026-01-09 06:15:00,110.09
2026-01-09 06:30:00,114.84
2026-01-09 06:45:00,150.11
2026-01-09 07:00:00,118.66
2026-01-09 07:15:00,134.75
2026-01-09 07:30:00,144.95
2026-01-09 07:45:00,156.1
2026-01-09 08:00:00,150.12
2026-01-09 08:15:00,190.0
2026-01-09 08:30:00,184.65
2026-01-09 08:45:00,200.17
2026-01-09 09:00:00,150.12
2026-01-09 09:15:00,158.27
2026-01-09 09:30:00,157.88
2026-01-09 09:45:00,175.77
2026-01-09 10:00:00,150.16
2026-01-09 10:15:00,185.01
2026-01-09 10:30:00,200.21
2026-01-09 10:45:00,190.0
2026-01-09 11:00:00,127.86
2026-01-09 11:15:00,135.91
2026-01-09 11:30:00,140.27
2026-01-09 11:45:00,142.62
2026-01-09 12:00:00,160.98
2026-01-09 12:15:00,164.43
2026-01-09 12:30:00,178.94
2026-01-09 12:45:00,188.06
2026-01-09 13:00:00,155.45
2026-01-09 13:15:00,162.52
2026-01-09 13:30:00,162.55
2026-01-09 13:45:00,166.08
2026-01-09 14:00:00,166.09
2026-01-09 14:15:00,162.56
2026-01-09 14:30:00,150.15
2026-01-09 14:45:00,150.15
2026-01-09 15:00:00,150.15
2026-01-09 15:15:00,143.28
2026-01-09 15:30:00,123.39
2026-01-09 15:45:00,150.15
2026-01-09 16:00:00,150.15
2026-01-09 16:15:00,150.15
2026-01-09 16:30:00,151.21
2026-01-09 16:45:00,139.2
2026-01-09 17:00:00,151.97
2026-01-09 17:15:00,156.06
2026-01-09 17:30:00,159.44
2026-01-09 17:45:00,150.15
2026-01-09 18:00:00,140.12
2026-01-09 18:15:00,146.47
2026-01-09 18:30:00,123.39
2026-01-09 18:45:00,122.91
2026-01-09 19:00:00,116.3
2026-01-09 19:15:00,128.16
2026-01-09 19:30:00,125.98
2026-01-09 19:45:00,115.4
2026-01-09 20:00:00,121.4
2026-01-09 20:15:00,112.49
2026-01-09 20:30:00,112.48
2026-01-09 20:45:00,109.16
2026-01-09 21:00:00,113.42
2026-01-09 21:15:00,110.1
2026-01-09 21:30:00,105.0
2026-01-09 21:45:00,90.63
2026-01-09 22:00:00,109.16
2026-01-09 22:15:00,106.86
2026-01-09 22:30:00,104.58
2026-01-09 22:45:00,88.13
2026-01-09 23:00:00,104.51
2026-01-09 23:15:00,96.64
2026-01-09 23:30:00,79.98
2026-01-09 23:45:00,75.71
2026-01-10 00:00:00,77.59
2026-01-10 00:15:00,73.0
2026-01-10 00:30:00,71.98
2026-01-10 00:45:00,69.96
2026-01-10 01:00:00,61.93
2026-01-10 01:15:00,57.44
2026-01-10 01:30:00,69.94
2026-01-10 01:45:00,60.41
2026-01-10 02:00:00,68.68
2026-01-10 02:15:00,66.64
2026-01-10 02:30:00,63.25
2026-01-10 02:45:00,59.27
2026-01-10 03:00:00,64.86
2026-01-10 03:15:00,63.19
2026-01-10 03:30:00,62.69
2026-01-10 03:45:00,61.79
2026-01-10 04:00:00,65.16
2026-01-10 04:15:00,63.6
2026-01-10 04:30:00,64.19
2026-01-10 04:45:00,62.86
2026-01-10 05:00:00,63.88
2026-01-10 05:15:00,64.42
2026-01-10 05:30:00,63.1
2026-01-10 05:45:00,64.07
2026-01-10 06:00:00,63.1
2026-01-10 06:15:00,64.41
2026-01-10 06:30:00,66.75
2026-01-10 06:45:00,68.8
2026-01-10 07:00:00,64.71
2026-01-10 07:15:00,68.13
2026-01-10 07:30:00,71.08
2026-01-10 07:45:00,73.22
2026-01-10 08:00:00,69.6
2026-01-10 08:15:00,75.43
2026-01-10 08:30:00,79.04
2026-01-10 08:45:00,81.82
2026-01-10 09:00:00,79.96
2026-01-10 09:15:00,81.42
2026-01-10 09:30:00,89.11
2026-01-10 09:45:00,199.71
2026-01-10 10:00:00,87.93
2026-01-10 10:15:00,90.77
2026-01-10 10:30:00,101.94
2026-01-10 10:45:00,106.2
2026-01-10 11:00:00,99.97
2026-01-10 11:15:00,106.19
2026-01-10 11:30:00,114.13
2026-01-10 11:45:00,125.0
2026-01-10 12:00:00,106.19
2026-01-10 12:15:00,118.54
2026-01-10 12:30:00,125.78
2026-01-10 12:45:00,134.96
2026-01-10 13:00:00,97.36
2026-01-10 13:15:00,100.22
2026-01-10 13:30:00,124.97
2026-01-10 13:45:00,134.61
2026-01-10 14:00:00,133.03
2026-01-10 14:15:00,133.29
2026-01-10 14:30:00,131.29
2026-01-10 14:45:00,133.81
2026-01-10 15:00:00,128.35
2026-01-10 15:15:00,128.35
2026-01-10 15:30:00,124.62
2026-01-10 15:45:00,128.34
2026-01-10 16:00:00,119.54
2026-01-10 16:15:00,123.36
2026-01-10 16:30:00,127.2
2026-01-10 16:45:00,131.7
2026-01-10 17:00:00,123.86
2026-01-10 17:15:00,129.47
2026-01-10 17:30:00,130.49
2026-01-10 17:45:00,144.26
2026-01-10 18:00:00,135.34
2026-01-10 18:15:00,140.35
2026-01-10 18:30:00,143.38
2026-01-10 18:45:00,144.09
2026-01-10 19:00:00,144.69
2026-01-10 19:15:00,138.61
2026-01-10 19:30:00,136.95
2026-01-10 19:45:00,129.52
2026-01-10 20:00:00,135.11
2026-01-10 20:15:00,129.52
2026-01-10 20:30:00,125.36
2026-01-10 20:45:00,123.47
2026-01-10 21:00:00,129.43
2026-01-10 21:15:00,120.86
2026-01-10 21:30:00,119.24
2026-01-10 21:45:00,113.41
2026-01-10 22:00:00,118.91
2026-01-10 22:15:00,114.82
2026-01-10 22:30:00,114.82
2026-01-10 22:45:00,105.7
2026-01-10 23:00:00,114.81
2026-01-10 23:15:00,114.16
2026-01-10 23:30:00,103.39
2026-01-10 23:45:00,99.12
2026-01-11 00:00:00,101.76
2026-01-11 00:15:00,97.5
2026-01-11 00:30:00,97.75
2026-01-11 00:45:00,85.84
2026-01-11 01:00:00,108.2
2026-01-11 01:15:00,97.72
2026-01-11 01:30:00,93.7
2026-01-11 01:45:00,83.51
2026-01-11 02:00:00,80.1
2026-01-11 02:15:00,80.58
2026-01-11 02:30:00,80.01
2026-01-11 02:45:00,81.81
2026-01-11 03:00:00,82.84
2026-01-11 03:15:00,82.81
2026-01-11 03:30:00,82.72
2026-01-11 03:45:00,80.4
2026-01-11 04:00:00,84.18
2026-01-11 04:15:00,80.52
2026-01-11 04:30:00,80.44
2026-01-11 04:45:00,80.44
2026-01-11 05:00:00,79.91
2026-01-11 05:15:00,79.87
2026-01-11 05:30:00,78.89
2026-01-11 05:45:00,78.63
2026-01-11 06:00:00,81.64
2026-01-11 06:15:00,81.64
2026-01-11 06:30:00,82.2
2026-01-11 06:45:00,83.56
2026-01-11 07:00:00,78.98
2026-01-11 07:15:00,79.09
2026-01-11 07:30:00,81.64
2026-01-11 07:45:00,82.2
2026-01-11 08:00:00,81.13
2026-01-11 08:15:00,82.46
2026-01-11 08:30:00,85.68
2026-01-11 08:45:00,87.77
2026-01-11 09:00:00,87.02
2026-01-11 09:15:00,89.97
2026-01-11 09:30:00,106.17
2026-01-11 09:45:00,129.49
2026-01-11 10:00:00,107.5
2026-01-11 10:15:00,146.8
2026-01-11 10:30:00,121.24
2026-01-11 10:45:00,107.5
2026-01-11 11:00:00,103.93
2026-01-11 11:15:00,101.99
2026-01-11 11:30:00,100.97
2026-01-11 11:45:00,97.7
2026-01-11 12:00:00,107.5
2026-01-11 12:15:00,107.49
2026-01-11 12:30:00,109.0
2026-01-11 12:45:00,125.19
2026-01-11 13:00:00,137.15
2026-01-11 13:15:00,181.66
2026-01-11 13:30:00,210.82
2026-01-11 13:45:00,215.29
2026-01-11 14:00:00,226.8
2026-01-11 14:15:00,226.8
2026-01-11 14:30:00,226.8
2026-01-11 14:45:00,226.8
2026-01-11 15:00:00,222.4
2026-01-11 15:15:00,240.0
2026-01-11 15:30:00,250.03
2026-01-11 15:45:00,260.99
2026-01-11 16:00:00,250.04
2026-01-11 16:15:00,261.0
2026-01-11 16:30:00,290.0
2026-01-11 16:45:00,299.99
2026-01-11 17:00:00,265.59
2026-01-11 17:15:00,290.23
2026-01-11 17:30:00,289.99
2026-01-11 17:45:00,261.0
2026-01-11 18:00:00,250.1
2026-01-11 18:15:00,260.99
2026-01-11 18:30:00,260.99
2026-01-11 18:45:00,260.99
2026-01-11 19:00:00,250.07
2026-01-11 19:15:00,250.08
2026-01-11 19:30:00,244.33
2026-01-11 19:45:00,249.99
2026-01-11 20:00:00,260.2
2026-01-11 20:15:00,260.99
2026-01-11 20:30:00,260.99
2026-01-11 20:45:00,226.8
2026-01-11 21:00:00,500.03
2026-01-11 21:15:00,483.05
2026-01-11 21:30:00,335.41
2026-01-11 21:45:00,299.99
2026-01-11 22:00:00,260.2
2026-01-11 22:15:00,226.8
2026-01-11 22:30:00,133.14
2026-01-11 22:45:00,92.52
2026-01-11 23:00:00,104.93
2026-01-11 23:15:00,101.52
2026-01-11 23:30:00,98.63
2026-01-11 23:45:00,90.88
2026-01-12 00:00:00,96.14
2026-01-12 00:15:00,92.35
2026-01-12 00:30:00,84.75
2026-01-12 00:45:00,78.89
2026-01-12 01:00:00,82.81
2026-01-12 01:15:00,81.8
2026-01-12 01:30:00,83.87
2026-01-12 01:45:00,81.02
2026-01-12 02:00:00,80.22
2026-01-12 02:15:00,79.75
2026-01-12 02:30:00,80.77
2026-01-12 02:45:00,83.55
2026-01-12 03:00:00,84.8
2026-01-12 03:15:00,83.94
2026-01-12 03:30:00,83.8
2026-01-12 03:45:00,82.48
2026-01-12 04:00:00,77.51
2026-01-12 04:15:00,77.16
2026-01-12 04:30:00,76.99
2026-01-12 04:45:00,75.12
2026-01-12 05:00:00,76.52
2026-01-12 05:15:00,76.23
2026-01-12 05:30:00,76.95
2026-01-12 05:45:00,77.7
2026-01-12 06:00:00,78.82
2026-01-12 06:15:00,89.14
2026-01-12 06:30:00,98.48
2026-01-12 06:45:00,144.17
2026-01-12 07:00:00,117.68
2026-01-12 07:15:00,132.13
2026-01-12 07:30:00,185.07
2026-01-12 07:45:00,207.99
2026-01-12 08:00:00,190.57
2026-01-12 08:15:00,284.03
2026-01-12 08:30:00,304.51
2026-01-12 08:45:00,251.8
2026-01-12 09:00:00,299.9
2026-01-12 09:15:00,329.8
2026-01-12 09:30:00,335.4
2026-01-12 09:45:00,335.4
2026-01-12 10:00:00,329.79
2026-01-12 10:15:00,329.8
2026-01-12 10:30:00,329.8
2026-01-12 10:45:00,329.8
2026-01-12 11:00:00,334.67
2026-01-12 11:15:00,329.8
2026-01-12 11:30:00,329.8
2026-01-12 11:45:00,329.8
2026-01-12 12:00:00,308.78
2026-01-12 12:15:00,285.48
2026-01-12 12:30:00,285.65
2026-01-12 12:45:00,286.41
2026-01-12 13:00:00,295.61
2026-01-12 13:15:00,295.61
2026-01-12 13:30:00,305.09
2026-01-12 13:45:00,320.36
2026-01-12 14:00:00,329.8
2026-01-12 14:15:00,329.79
2026-01-12 14:30:00,329.8
2026-01-12 14:45:00,326.24
2026-01-12 15:00:00,323.6
2026-01-12 15:15:00,342.35
2026-01-12 15:30:00,357.44
2026-01-12 15:45:00,400.07
2026-01-12 16:00:00,289.99
2026-01-12 16:15:00,299.96
2026-01-12 16:30:00,304.5
2026-01-12 16:45:00,304.5
2026-01-12 17:00:00,290.0
2026-01-12 17:15:00,304.5
2026-01-12 17:30:00,304.5
2026-01-12 17:45:00,290.0
2026-01-12 18:00:00,237.79
2026-01-12 18:15:00,250.08
2026-01-12 18:30:00,289.99
2026-01-12 18:45:00,251.79
2026-01-12 19:00:00,352.84
2026-01-12 19:15:00,335.41
2026-01-12 19:30:00,335.41
2026-01-12 19:45:00,335.4
2026-01-12 20:00:00,391.67
2026-01-12 20:15:00,335.41
2026-01-12 20:30:00,335.41
2026-01-12 20:45:00,324.08
2026-01-12 21:00:00,335.41
2026-01-12 21:15:00,352.46
2026-01-12 21:30:00,307.08
2026-01-12 21:45:00,206.28
2026-01-12 22:00:00,335.41
2026-01-12 22:15:00,335.4
2026-01-12 22:30:00,325.05
2026-01-12 22:45:00,304.51
2026-01-12 23:00:00,208.48
2026-01-12 23:15:00,127.09
2026-01-12 23:30:00,127.78
2026-01-12 23:45:00,117.16
2026-01-13 00:00:00,117.68
2026-01-13 00:15:00,112.03
2026-01-13 00:30:00,105.63
2026-01-13 00:45:00,97.34
2026-01-13 01:00:00,104.85
2026-01-13 01:15:00,102.38
2026-01-13 01:30:00,99.38
2026-01-13 01:45:00,96.92
2026-01-13 02:00:00,102.51
2026-01-13 02:15:00,80.86
2026-01-13 02:30:00,95.74
2026-01-13 02:45:00,94.08
2026-01-13 03:00:00,81.69
2026-01-13 03:15:00,96.55
2026-01-13 03:30:00,95.04
2026-01-13 03:45:00,94.54
2026-01-13 04:00:00,95.03
2026-01-13 04:15:00,96.05
2026-01-13 04:30:00,96.49
2026-01-13 04:45:00,95.93
2026-01-13 05:00:00,97.0
2026-01-13 05:15:00,97.68
2026-01-13 05:30:00,99.01
2026-01-13 05:45:00,103.75
2026-01-13 06:00:00,79.84
2026-01-13 06:15:00,109.19
2026-01-13 06:30:00,113.99
2026-01-13 06:45:00,120.38
2026-01-13 07:00:00,123.28
2026-01-13 07:15:00,147.65
2026-01-13 07:30:00,228.19
2026-01-13 07:45:00,228.2
2026-01-13 08:00:00,186.67
2026-01-13 08:15:00,303.95
2026-01-13 08:30:00,319.5
2026-01-13 08:45:00,358.2
2026-01-13 09:00:00,400.09
2026-01-13 09:15:00,483.01
2026-01-13 09:30:00,483.04
2026-01-13 09:45:00,294.79
2026-01-13 10:00:00,290.0
2026-01-13 10:15:00,300.0
2026-01-13 10:30:00,300.0
2026-01-13 10:45:00,300.0
2026-01-13 11:00:00,252.75
2026-01-13 11:15:00,250.02
2026-01-13 11:30:00,250.0
2026-01-13 11:45:00,240.79
2026-01-13 12:00:00,312.81
2026-01-13 12:15:00,312.81
2026-01-13 12:30:00,312.81
2026-01-13 12:45:00,463.29
2026-01-13 13:00:00,319.49
2026-01-13 13:15:00,319.49
2026-01-13 13:30:00,319.49
2026-01-13 13:45:00,304.5
2026-01-13 14:00:00,312.81
2026-01-13 14:15:00,312.8
2026-01-13 14:30:00,485.99
2026-01-13 14:45:00,472.55
2026-01-13 15:00:00,312.81
2026-01-13 15:15:00,350.33
2026-01-13 15:30:00,381.22
2026-01-13 15:45:00,379.53
2026-01-13 16:00:00,377.09
2026-01-13 16:15:00,377.09
2026-01-13 16:30:00,382.9
2026-01-13 16:45:00,377.85
2026-01-13 17:00:00,295.93
2026-01-13 17:15:00,312.8
2026-01-13 17:30:00,312.81
2026-01-13 17:45:00,312.8
2026-01-13 18:00:00,314.85
2026-01-13 18:15:00,312.81
2026-01-13 18:30:00,319.49
2026-01-13 18:45:00,304.5
2026-01-13 19:00:00,312.81
2026-01-13 19:15:00,300.01
2026-01-13 19:30:00,293.13
2026-01-13 19:45:00,261.55
2026-01-13 20:00:00,312.8
2026-01-13 20:15:00,286.02
2026-01-13 20:30:00,260.54
2026-01-13 20:45:00,200.63
2026-01-13 21:00:00,265.09
2026-01-13 21:15:00,248.99
2026-01-13 21:30:00,218.88
2026-01-13 21:45:00,172.47
2026-01-13 22:00:00,264.16
2026-01-13 22:15:00,171.66
2026-01-13 22:30:00,123.79
2026-01-13 22:45:00,109.05
2026-01-13 23:00:00,304.5
2026-01-13 23:15:00,240.79
2026-01-13 23:30:00,216.66
2026-01-13 23:45:00,159.74
2026-01-14 00:00:00,108.77
2026-01-14 00:15:00,99.47
2026-01-14 00:30:00,94.43
2026-01-14 00:45:00,87.67
2026-01-14 01:00:00,109.08
2026-01-14 01:15:00,106.16
2026-01-14 01:30:00,103.12
2026-01-14 01:45:00,99.74
2026-01-14 02:00:00,103.49
2026-01-14 02:15:00,102.49
2026-01-14 02:30:00,99.75
2026-01-14 02:45:00,97.74
2026-01-14 03:00:00,98.09
2026-01-14 03:15:00,96.77
2026-01-14 03:30:00,95.63
2026-01-14 03:45:00,80.0
2026-01-14 04:00:00,95.77
2026-01-14 04:15:00,90.34
2026-01-14 04:30:00,67.68
2026-01-14 04:45:00,67.67
2026-01-14 05:00:00,94.95
2026-01-14 05:15:00,95.1
2026-01-14 05:30:00,96.88
2026-01-14 05:45:00,99.64
2026-01-14 06:00:00,97.4
2026-01-14 06:15:00,105.42
2026-01-14 06:30:00,104.74
2026-01-14 06:45:00,110.01
2026-01-14 07:00:00,118.59
2026-01-14 07:15:00,135.59
2026-01-14 07:30:00,142.0
2026-01-14 07:45:00,145.42
2026-01-14 08:00:00,191.98
2026-01-14 08:15:00,199.0
2026-01-14 08:30:00,191.99
2026-01-14 08:45:00,185.0
2026-01-14 09:00:00,239.9
2026-01-14 09:15:00,239.9
2026-01-14 09:30:00,191.99
2026-01-14 09:45:00,175.01
2026-01-14 10:00:00,167.56
2026-01-14 10:15:00,162.81
2026-01-14 10:30:00,142.2
2026-01-14 10:45:00,135.51
2026-01-14 11:00:00,141.03
2026-01-14 11:15:00,126.15
2026-01-14 11:30:00,122.13
2026-01-14 11:45:00,125.14
2026-01-14 12:00:00,126.68
2026-01-14 12:15:00,127.88
2026-01-14 12:30:00,123.5
2026-01-14 12:45:00,122.81
2026-01-14 13:00:00,126.54
2026-01-14 13:15:00,122.5
2026-01-14 13:30:00,121.06
2026-01-14 13:45:00,119.33
2026-01-14 14:00:00,121.07
2026-01-14 14:15:00,124.28
2026-01-14 14:30:00,125.06
2026-01-14 14:45:00,110.19
2026-01-14 15:00:00,118.87
2026-01-14 15:15:00,110.18
2026-01-14 15:30:00,122.41
2026-01-14 15:45:00,132.75
2026-01-14 16:00:00,116.41
2026-01-14 16:15:00,127.2
2026-01-14 16:30:00,155.34
2026-01-14 16:45:00,158.39
2026-01-14 17:00:00,113.86
2026-01-14 17:15:00,130.53
2026-01-14 17:30:00,154.53
2026-01-14 17:45:00,197.41
2026-01-14 18:00:00,154.56
2026-01-14 18:15:00,192.26
2026-01-14 18:30:00,185.0
2026-01-14 18:45:00,178.35
2026-01-14 19:00:00,178.99
2026-01-14 19:15:00,168.52
2026-01-14 19:30:00,168.45
2026-01-14 19:45:00,172.83
2026-01-14 20:00:00,180.6
2026-01-14 20:15:00,158.96
2026-01-14 20:30:00,141.79
2026-01-14 20:45:00,131.05
2026-01-14 21:00:00,148.46
2026-01-14 21:15:00,132.28
2026-01-14 21:30:00,125.61
2026-01-14 21:45:00,109.93
2026-01-14 22:00:00,117.67
2026-01-14 22:15:00,110.58
2026-01-14 22:30:00,107.16
2026-01-14 22:45:00,101.38
2026-01-14 23:00:00,103.3
2026-01-14 23:15:00,100.41
2026-01-14 23:30:00,98.12
2026-01-14 23:45:00,94.21
2026-01-15 00:00:00,100.28
2026-01-15 00:15:00,94.54
2026-01-15 00:30:00,91.09
2026-01-15 00:45:00,87.44
2026-01-15 01:00:00,115.54
2026-01-15 01:15:00,86.12
2026-01-15 01:30:00,93.32
2026-01-15 01:45:00,89.45
2026-01-15 02:00:00,93.65
2026-01-15 02:15:00,89.66
2026-01-15 02:30:00,87.19
2026-01-15 02:45:00,80.4
2026-01-15 03:00:00,91.14
2026-01-15 03:15:00,86.31
2026-01-15 03:30:00,83.04
2026-01-15 03:45:00,81.79
2026-01-15 04:00:00,82.38
2026-01-15 04:15:00,81.21
2026-01-15 04:30:00,79.59
2026-01-15 04:45:00,76.88
2026-01-15 05:00:00,81.05
2026-01-15 05:15:00,98.97
2026-01-15 05:30:00,81.67
2026-01-15 05:45:00,83.01
2026-01-15 06:00:00,81.94
2026-01-15 06:15:00,108.72
2026-01-15 06:30:00,117.72
2026-01-15 06:45:00,118.67
2026-01-15 07:00:00,106.09
2026-01-15 07:15:00,135.11
2026-01-15 07:30:00,164.01
2026-01-15 07:45:00,198.65
2026-01-15 08:00:00,208.05
2026-01-15 08:15:00,289.99
2026-01-15 08:30:00,250.04
2026-01-15 08:45:00,275.6
2026-01-15 09:00:00,177.6
2026-01-15 09:15:00,198.4
2026-01-15 09:30:00,230.83
2026-01-15 09:45:00,249.49
2026-01-15 10:00:00,247.97
2026-01-15 10:15:00,250.07
2026-01-15 10:30:00,287.26
2026-01-15 10:45:00,255.51
2026-01-15 11:00:00,195.17
2026-01-15 11:15:00,205.5
2026-01-15 11:30:00,199.92
2026-01-15 11:45:00,185.33
2026-01-15 12:00:00,206.84
2026-01-15 12:15:00,207.38
2026-01-15 12:30:00,202.45
2026-01-15 12:45:00,191.21
2026-01-15 13:00:00,205.01
2026-01-15 13:15:00,232.58
2026-01-15 13:30:00,250.0
2026-01-15 13:45:00,250.0
2026-01-15 14:00:00,242.67
2026-01-15 14:15:00,226.75
2026-01-15 14:30:00,229.13
2026-01-15 14:45:00,243.86
2026-01-15 15:00:00,204.08
2026-01-15 15:15:00,191.39
2026-01-15 15:30:00,201.14
2026-01-15 15:45:00,199.21
2026-01-15 16:00:00,177.59
2026-01-15 16:15:00,187.28
2026-01-15 16:30:00,215.29
2026-01-15 16:45:00,199.15
2026-01-15 17:00:00,323.28
2026-01-15 17:15:00,325.02
2026-01-15 17:30:00,300.1
2026-01-15 17:45:00,300.01
2026-01-15 18:00:00,273.14
2026-01-15 18:15:00,250.09
2026-01-15 18:30:00,250.0
2026-01-15 18:45:00,182.23
2026-01-15 19:00:00,188.09
2026-01-15 19:15:00,177.59
2026-01-15 19:30:00,177.6
2026-01-15 19:45:00,165.77
2026-01-15 20:00:00,177.6
2026-01-15 20:15:00,172.68
2026-01-15 20:30:00,166.58
2026-01-15 20:45:00,141.78
2026-01-15 21:00:00,173.25
2026-01-15 21:15:00,154.63
2026-01-15 21:30:00,143.67
2026-01-15 21:45:00,117.53
2026-01-15 22:00:00,177.6
2026-01-15 22:15:00,128.0
2026-01-15 22:30:00,111.55
2026-01-15 22:45:00,106.47
2026-01-15 23:00:00,113.33
2026-01-15 23:15:00,108.71
2026-01-15 23:30:00,102.68
2026-01-15 23:45:00,100.64
2026-01-16 00:00:00,106.21
2026-01-16 00:15:00,100.22
2026-01-16 00:30:00,99.88
2026-01-16 00:45:00,90.42
2026-01-16 01:00:00,102.55
2026-01-16 01:15:00,97.72
2026-01-16 01:30:00,93.04
2026-01-16 01:45:00,92.95
2026-01-16 02:00:00,96.26
2026-01-16 02:15:00,93.69
2026-01-16 02:30:00,92.96
2026-01-16 02:45:00,94.82
2026-01-16 03:00:00,97.1
2026-01-16 03:15:00,96.46
2026-01-16 03:30:00,92.39
2026-01-16 03:45:00,90.98
2026-01-16 04:00:00,92.8
2026-01-16 04:15:00,92.43
2026-01-16 04:30:00,92.66
2026-01-16 04:45:00,89.63
2026-01-16 05:00:00,92.54
2026-01-16 05:15:00,107.19
2026-01-16 05:30:00,89.9
2026-01-16 05:45:00,96.75
2026-01-16 06:00:00,93.96
2026-01-16 06:15:00,97.54
2026-01-16 06:30:00,102.4
2026-01-16 06:45:00,106.51
2026-01-16 07:00:00,167.07
2026-01-16 07:15:00,180.19
2026-01-16 07:30:00,180.2
2026-01-16 07:45:00,180.2
2026-01-16 08:00:00,180.2
2026-01-16 08:15:00,206.76
2026-01-16 08:30:00,209.74
2026-01-16 08:45:00,206.18
2026-01-16 09:00:00,196.8
2026-01-16 09:15:00,209.7
2026-01-16 09:30:00,211.39
2026-01-16 09:45:00,211.39
2026-01-16 10:00:00,180.2
2026-01-16 10:15:00,180.2
2026-01-16 10:30:00,180.2
2026-01-16 10:45:00,180.2
2026-01-16 11:00:00,180.19
2026-01-16 11:15:00,180.19
2026-01-16 11:30:00,180.19
2026-01-16 11:45:00,180.19
2026-01-16 12:00:00,161.82
2026-01-16 12:15:00,158.37
2026-01-16 12:30:00,180.19
2026-01-16 12:45:00,180.19
2026-01-16 13:00:00,174.83
2026-01-16 13:15:00,180.19
2026-01-16 13:30:00,180.19
2026-01-16 13:45:00,180.19
2026-01-16 14:00:00,159.41
2026-01-16 14:15:00,144.97
2026-01-16 14:30:00,127.53
2026-01-16 14:45:00,127.12
2026-01-16 15:00:00,125.68
2026-01-16 15:15:00,129.7
2026-01-16 15:30:00,135.04
2026-01-16 15:45:00,147.61
2026-01-16 16:00:00,137.53
2026-01-16 16:15:00,148.6
2026-01-16 16:30:00,158.55
2026-01-16 16:45:00,168.53
2026-01-16 17:00:00,144.93
2026-01-16 17:15:00,163.16
2026-01-16 17:30:00,169.85
2026-01-16 17:45:00,210.6
2026-01-16 18:00:00,167.98
2026-01-16 18:15:00,180.19
2026-01-16 18:30:00,117.25
2026-01-16 18:45:00,107.19
2026-01-16 19:00:00,173.21
2026-01-16 19:15:00,165.65
2026-01-16 19:30:00,166.65
2026-01-16 19:45:00,154.53
2026-01-16 20:00:00,99.93
2026-01-16 20:15:00,94.68
2026-01-16 20:30:00,94.53
2026-01-16 20:45:00,92.27
2026-01-16 21:00:00,94.55
2026-01-16 21:15:00,94.28
2026-01-16 21:30:00,94.11
2026-01-16 21:45:00,94.02
2026-01-16 22:00:00,92.5
2026-01-16 22:15:00,88.11
2026-01-16 22:30:00,88.56
2026-01-16 22:45:00,88.85
2026-01-16 23:00:00,89.53
2026-01-16 23:15:00,92.34
2026-01-16 23:30:00,92.73
2026-01-16 23:45:00,92.41
2026-01-17 00:00:00,84.06
2026-01-17 00:15:00,84.88
2026-01-17 00:30:00,83.05
2026-01-17 00:45:00,84.54
2026-01-17 01:00:00,112.95
2026-01-17 01:15:00,107.49
2026-01-17 01:30:00,95.81
2026-01-17 01:45:00,91.45
2026-01-17 02:00:00,88.87
2026-01-17 02:15:00,70.01
2026-01-17 02:30:00,60.86
2026-01-17 02:45:00,47.37
2026-01-17 03:00:00,44.97
2026-01-17 03:15:00,48.45
2026-01-17 03:30:00,40.19
2026-01-17 03:45:00,40.0
2026-01-17 04:00:00,68.88
2026-01-17 04:15:00,54.81
2026-01-17 04:30:00,57.99
2026-01-17 04:45:00,74.66
2026-01-17 05:00:00,93.55
2026-01-17 05:15:00,93.14
2026-01-17 05:30:00,93.76
2026-01-17 05:45:00,94.1
2026-01-17 06:00:00,93.13
2026-01-17 06:15:00,92.14
2026-01-17 06:30:00,93.77
2026-01-17 06:45:00,93.26
2026-01-17 07:00:00,91.68
2026-01-17 07:15:00,89.81
2026-01-17 07:30:00,94.34
2026-01-17 07:45:00,94.86
2026-01-17 08:00:00,87.63
2026-01-17 08:15:00,92.2
2026-01-17 08:30:00,94.09
2026-01-17 08:45:00,99.42
2026-01-17 09:00:00,93.71
2026-01-17 09:15:00,105.58
2026-01-17 09:30:00,109.13
2026-01-17 09:45:00,110.36
2026-01-17 10:00:00,116.86
2026-01-17 10:15:00,119.09
2026-01-17 10:30:00,114.98
2026-01-17 10:45:00,111.62
2026-01-17 11:00:00,123.41
2026-01-17 11:15:00,117.54
2026-01-17 11:30:00,113.07
2026-01-17 11:45:00,110.46
2026-01-17 12:00:00,114.32
2026-01-17 12:15:00,113.53
2026-01-17 12:30:00,113.0
2026-01-17 12:45:00,111.18
2026-01-17 13:00:00,114.37
2026-01-17 13:15:00,112.34
2026-01-17 13:30:00,114.42
2026-01-17 13:45:00,112.13
2026-01-17 14:00:00,111.27
2026-01-17 14:15:00,109.82
2026-01-17 14:30:00,108.88
2026-01-17 14:45:00,109.03
2026-01-17 15:00:00,108.89
2026-01-17 15:15:00,111.03
2026-01-17 15:30:00,116.4
2026-01-17 15:45:00,120.1
2026-01-17 16:00:00,115.45
2026-01-17 16:15:00,120.89
2026-01-17 16:30:00,126.84
2026-01-17 16:45:00,128.82
2026-01-17 17:00:00,128.71
2026-01-17 17:15:00,139.76
2026-01-17 17:30:00,140.56
2026-01-17 17:45:00,141.22
2026-01-17 18:00:00,137.69
2026-01-17 18:15:00,140.3
2026-01-17 18:30:00,141.64
2026-01-17 18:45:00,145.5
2026-01-17 19:00:00,142.27
2026-01-17 19:15:00,140.49
2026-01-17 19:30:00,145.61
2026-01-17 19:45:00,144.8
2026-01-17 20:00:00,141.59
2026-01-17 20:15:00,140.89
2026-01-17 20:30:00,139.99
2026-01-17 20:45:00,131.16
2026-01-17 21:00:00,134.31
2026-01-17 21:15:00,118.23
2026-01-17 21:30:00,116.32
2026-01-17 21:45:00,106.48
2026-01-17 22:00:00,115.88
2026-01-17 22:15:00,110.6
2026-01-17 22:30:00,101.63
2026-01-17 22:45:00,96.53
2026-01-17 23:00:00,107.84
2026-01-17 23:15:00,105.01
2026-01-17 23:30:00,108.21
2026-01-17 23:45:00,110.86
2026-01-18 00:00:00,109.29
2026-01-18 00:15:00,107.93
2026-01-18 00:30:00,102.29
2026-01-18 00:45:00,96.63
2026-01-18 01:00:00,79.4
2026-01-18 01:15:00,101.95
2026-01-18 01:30:00,101.76
2026-01-18 01:45:00,96.4
2026-01-18 02:00:00,97.59
2026-01-18 02:15:00,95.13
2026-01-18 02:30:00,94.54
2026-01-18 02:45:00,94.35
2026-01-18 03:00:00,80.0
2026-01-18 03:15:00,88.0
2026-01-18 03:30:00,88.87
2026-01-18 03:45:00,80.01
2026-01-18 04:00:00,103.06
2026-01-18 04:15:00,95.5
2026-01-18 04:30:00,95.62
2026-01-18 04:45:00,98.2
2026-01-18 05:00:00,87.46
2026-01-18 05:15:00,88.88
2026-01-18 05:30:00,81.06
2026-01-18 05:45:00,89.3
2026-01-18 06:00:00,68.3
2026-01-18 06:15:00,83.18
2026-01-18 06:30:00,87.83
2026-01-18 06:45:00,88.41
2026-01-18 07:00:00,66.45
2026-01-18 07:15:00,71.45
2026-01-18 07:30:00,85.92
2026-01-18 07:45:00,90.42
2026-01-18 08:00:00,97.59
2026-01-18 08:15:00,92.21
2026-01-18 08:30:00,91.79
2026-01-18 08:45:00,94.45
2026-01-18 09:00:00,101.65
2026-01-18 09:15:00,103.32
2026-01-18 09:30:00,101.95
2026-01-18 09:45:00,100.79
2026-01-18 10:00:00,100.07
2026-01-18 10:15:00,102.9
2026-01-18 10:30:00,102.76
2026-01-18 10:45:00,99.68
2026-01-18 11:00:00,105.31
2026-01-18 11:15:00,103.2
2026-01-18 11:30:00,101.03
2026-01-18 11:45:00,98.1
2026-01-18 12:00:00,100.53
2026-01-18 12:15:00,100.77
2026-01-18 12:30:00,98.72
2026-01-18 12:45:00,98.29
2026-01-18 13:00:00,98.0
2026-01-18 13:15:00,115.48
2026-01-18 13:30:00,136.3
2026-01-18 13:45:00,179.29
2026-01-18 14:00:00,118.99
2026-01-18 14:15:00,134.94
2026-01-18 14:30:00,136.29
2026-01-18 14:45:00,139.92
2026-01-18 15:00:00,179.29
2026-01-18 15:15:00,179.29
2026-01-18 15:30:00,179.29
2026-01-18 15:45:00,110.39
2026-01-18 16:00:00,199.9
2026-01-18 16:15:00,136.29
2026-01-18 16:30:00,136.3
2026-01-18 16:45:00,136.3
2026-01-18 17:00:00,159.79
2026-01-18 17:15:00,136.3
2026-01-18 17:30:00,123.71
2026-01-18 17:45:00,175.01
2026-01-18 18:00:00,114.02
2026-01-18 18:15:00,129.96
2026-01-18 18:30:00,132.57
2026-01-18 18:45:00,139.3
2026-01-18 19:00:00,137.57
2026-01-18 19:15:00,141.48
2026-01-18 19:30:00,145.79
2026-01-18 19:45:00,139.88
2026-01-18 20:00:00,143.92
2026-01-18 20:15:00,141.15
2026-01-18 20:30:00,135.78
2026-01-18 20:45:00,125.32
2026-01-18 21:00:00,126.48
2026-01-18 21:15:00,125.39
2026-01-18 21:30:00,124.95
2026-01-18 21:45:00,108.67
2026-01-18 22:00:00,110.93
2026-01-18 22:15:00,104.74
2026-01-18 22:30:00,99.93
2026-01-18 22:45:00,99.0
2026-01-18 23:00:00,101.64
2026-01-18 23:15:00,99.76
2026-01-18 23:30:00,99.15
2026-01-18 23:45:00,97.92
2026-01-19 00:00:00,99.58
2026-01-19 00:15:00,99.39
2026-01-19 00:30:00,97.23
2026-01-19 00:45:00,96.81
2026-01-19 01:00:00,75.09
2026-01-19 01:15:00,89.75
2026-01-19 01:30:00,91.31
2026-01-19 01:45:00,89.28
2026-01-19 02:00:00,90.19
2026-01-19 02:15:00,90.8
2026-01-19 02:30:00,90.56
2026-01-19 02:45:00,89.34
2026-01-19 03:00:00,91.15
2026-01-19 03:15:00,90.15
2026-01-19 03:30:00,89.62
2026-01-19 03:45:00,89.54
2026-01-19 04:00:00,89.44
2026-01-19 04:15:00,89.61
2026-01-19 04:30:00,89.66
2026-01-19 04:45:00,90.38
2026-01-19 05:00:00,89.09
2026-01-19 05:15:00,90.4
2026-01-19 05:30:00,90.58
2026-01-19 05:45:00,90.52
2026-01-19 06:00:00,88.26
2026-01-19 06:15:00,91.12
2026-01-19 06:30:00,94.53
2026-01-19 06:45:00,100.99
2026-01-19 07:00:00,104.67
2026-01-19 07:15:00,129.96
2026-01-19 07:30:00,136.75
2026-01-19 07:45:00,150.68
2026-01-19 08:00:00,142.29
2026-01-19 08:15:00,157.42
2026-01-19 08:30:00,171.76
2026-01-19 08:45:00,172.79
2026-01-19 09:00:00,177.33
2026-01-19 09:15:00,184.48
2026-01-19 09:30:00,177.11
2026-01-19 09:45:00,165.0
2026-01-19 10:00:00,190.2
2026-01-19 10:15:00,171.03
2026-01-19 10:30:00,151.85
2026-01-19 10:45:00,134.67
2026-01-19 11:00:00,179.3
2026-01-19 11:15:00,179.3
2026-01-19 11:30:00,202.9
2026-01-19 11:45:00,217.7
2026-01-19 12:00:00,163.48
2026-01-19 12:15:00,179.3
2026-01-19 12:30:00,216.36
2026-01-19 12:45:00,249.0
2026-01-19 13:00:00,248.99
2026-01-19 13:15:00,255.69
2026-01-19 13:30:00,290.0
2026-01-19 13:45:00,299.9
2026-01-19 14:00:00,290.0
2026-01-19 14:15:00,290.89
2026-01-19 14:30:00,299.9
2026-01-19 14:45:00,299.9
2026-01-19 15:00:00,299.91
2026-01-19 15:15:00,299.91
2026-01-19 15:30:00,299.9
2026-01-19 15:45:00,299.9
2026-01-19 16:00:00,245.0
2026-01-19 16:15:00,245.0
2026-01-19 16:30:00,208.99
2026-01-19 16:45:00,211.25
2026-01-19 17:00:00,190.84
2026-01-19 17:15:00,194.82
2026-01-19 17:30:00,215.57
2026-01-19 17:45:00,261.17
2026-01-19 18:00:00,211.28
2026-01-19 18:15:00,229.09
2026-01-19 18:30:00,219.54
2026-01-19 18:45:00,229.93
2026-01-19 19:00:00,239.22
2026-01-19 19:15:00,211.69
2026-01-19 19:30:00,199.54
2026-01-19 19:45:00,217.88
2026-01-19 20:00:00,211.11
2026-01-19 20:15:00,236.59
2026-01-19 20:30:00,187.39
2026-01-19 20:45:00,173.0
2026-01-19 21:00:00,191.2
2026-01-19 21:15:00,203.37
2026-01-19 21:30:00,161.15
2026-01-19 21:45:00,144.62
2026-01-19 22:00:00,146.5
2026-01-19 22:15:00,141.29
2026-01-19 22:30:00,130.32
2026-01-19 22:45:00,122.88
2026-01-19 23:00:00,128.21
2026-01-19 23:15:00,124.15
2026-01-19 23:30:00,122.79
2026-01-19 23:45:00,116.61
2026-01-20 00:00:00,119.15
2026-01-20 00:15:00,111.29
2026-01-20 00:30:00,104.57
2026-01-20 00:45:00,101.06
2026-01-20 01:00:00,111.0
2026-01-20 01:15:00,113.46
2026-01-20 01:30:00,111.23
2026-01-20 01:45:00,109.71
2026-01-20 02:00:00,115.33
2026-01-20 02:15:00,111.43
2026-01-20 02:30:00,111.36
2026-01-20 02:45:00,111.0
2026-01-20 03:00:00,111.69
2026-01-20 03:15:00,113.32
2026-01-20 03:30:00,112.03
2026-01-20 03:45:00,111.8
2026-01-20 04:00:00,109.82
2026-01-20 04:15:00,109.82
2026-01-20 04:30:00,112.04
2026-01-20 04:45:00,112.03
2026-01-20 05:00:00,108.4
2026-01-20 05:15:00,112.19
2026-01-20 05:30:00,116.34
2026-01-20 05:45:00,119.03
2026-01-20 06:00:00,118.1
2026-01-20 06:15:00,111.35
2026-01-20 06:30:00,129.3
2026-01-20 06:45:00,139.62
2026-01-20 07:00:00,125.14
2026-01-20 07:15:00,157.02
2026-01-20 07:30:00,188.96
2026-01-20 07:45:00,305.46
2026-01-20 08:00:00,170.76
2026-01-20 08:15:00,221.89
2026-01-20 08:30:00,265.42
2026-01-20 08:45:00,293.21
2026-01-20 09:00:00,320.19
2026-01-20 09:15:00,297.51
2026-01-20 09:30:00,239.5
2026-01-20 09:45:00,207.94
2026-01-20 10:00:00,252.5
2026-01-20 10:15:00,250.08
2026-01-20 10:30:00,252.0
2026-01-20 10:45:00,252.0
2026-01-20 11:00:00,325.02
2026-01-20 11:15:00,325.0
2026-01-20 11:30:00,337.0
2026-01-20 11:45:00,315.21
2026-01-20 12:00:00,300.07
2026-01-20 12:15:00,300.05
2026-01-20 12:30:00,300.08
2026-01-20 12:45:00,315.2
2026-01-20 13:00:00,284.39
2026-01-20 13:15:00,289.99
2026-01-20 13:30:00,300.0
2026-01-20 13:45:00,300.02
2026-01-20 14:00:00,284.39
2026-01-20 14:15:00,284.39
2026-01-20 14:30:00,284.4
2026-01-20 14:45:00,290.0
2026-01-20 15:00:00,315.2
2026-01-20 15:15:00,315.2
2026-01-20 15:30:00,315.21
2026-01-20 15:45:00,315.21
2026-01-20 16:00:00,315.2
2026-01-20 16:15:00,315.21
2026-01-20 16:30:00,315.21
2026-01-20 16:45:00,270.0
2026-01-20 17:00:00,250.0
2026-01-20 17:15:00,250.97
2026-01-20 17:30:00,290.0
2026-01-20 17:45:00,350.83
2026-01-20 18:00:00,270.67
2026-01-20 18:15:00,271.29
2026-01-20 18:30:00,281.67
2026-01-20 18:45:00,244.45
2026-01-20 19:00:00,226.81
2026-01-20 19:15:00,240.22
2026-01-20 19:30:00,218.74
2026-01-20 19:45:00,218.45
2026-01-20 20:00:00,315.2
2026-01-20 20:15:00,290.0
2026-01-20 20:30:00,252.01
2026-01-20 20:45:00,250.02
2026-01-20 21:00:00,252.01
2026-01-20 21:15:00,232.85
2026-01-20 21:30:00,170.89
2026-01-20 21:45:00,143.29
2026-01-20 22:00:00,198.31
2026-01-20 22:15:00,182.52
2026-01-20 22:30:00,134.42
2026-01-20 22:45:00,122.08
2026-01-20 23:00:00,135.66
2026-01-20 23:15:00,129.69
2026-01-20 23:30:00,121.59
2026-01-20 23:45:00,111.0
2026-01-21 00:00:00,112.65
2026-01-21 00:15:00,110.99
2026-01-21 00:30:00,103.93
2026-01-21 00:45:00,95.51
2026-01-21 01:00:00,107.23
2026-01-21 01:15:00,96.64
2026-01-21 01:30:00,96.65
2026-01-21 01:45:00,96.19
2026-01-21 02:00:00,99.43
2026-01-21 02:15:00,95.78
2026-01-21 02:30:00,93.39
2026-01-21 02:45:00,91.5
2026-01-21 03:00:00,95.6
2026-01-21 03:15:00,94.61
2026-01-21 03:30:00,91.44
2026-01-21 03:45:00,91.52
2026-01-21 04:00:00,109.59
2026-01-21 04:15:00,108.27
2026-01-21 04:30:00,108.77
2026-01-21 04:45:00,108.13
2026-01-21 05:00:00,108.79
2026-01-21 05:15:00,110.94
2026-01-21 05:30:00,105.12
2026-01-21 05:45:00,109.71
2026-01-21 06:00:00,105.65
2026-01-21 06:15:00,109.37
2026-01-21 06:30:00,113.94
2026-01-21 06:45:00,147.49
2026-01-21 07:00:00,295.18
2026-01-21 07:15:00,325.01
2026-01-21 07:30:00,351.21
2026-01-21 07:45:00,382.88
2026-01-21 08:00:00,294.91
2026-01-21 08:15:00,351.2
2026-01-21 08:30:00,351.2
2026-01-21 08:45:00,351.21
2026-01-21 09:00:00,388.96
2026-01-21 09:15:00,390.0
2026-01-21 09:30:00,384.75
2026-01-21 09:45:00,351.21
2026-01-21 10:00:00,351.2
2026-01-21 10:15:00,351.2
2026-01-21 10:30:00,325.0
2026-01-21 10:45:00,294.9
2026-01-21 11:00:00,318.82
2026-01-21 11:15:00,294.91
2026-01-21 11:30:00,290.0
2026-01-21 11:45:00,258.0
2026-01-21 12:00:00,224.12
2026-01-21 12:15:00,218.0
2026-01-21 12:30:00,218.0
2026-01-21 12:45:00,226.05
2026-01-21 13:00:00,247.39
2026-01-21 13:15:00,250.01
2026-01-21 13:30:00,250.02
2026-01-21 13:45:00,225.55
2026-01-21 14:00:00,193.3
2026-01-21 14:15:00,171.8
2026-01-21 14:30:00,147.5
2026-01-21 14:45:00,147.5
2026-01-21 15:00:00,115.99
2026-01-21 15:15:00,131.58
2026-01-21 15:30:00,250.05
2026-01-21 15:45:00,171.8
2026-01-21 16:00:00,173.27
2026-01-21 16:15:00,218.19
2026-01-21 16:30:00,263.94
2026-01-21 16:45:00,290.6
2026-01-21 17:00:00,220.63
2026-01-21 17:15:00,274.48
2026-01-21 17:30:00,269.99
2026-01-21 17:45:00,193.3
2026-01-21 18:00:00,171.8
2026-01-21 18:15:00,149.04
2026-01-21 18:30:00,129.66
2026-01-21 18:45:00,127.64
2026-01-21 19:00:00,136.52
2026-01-21 19:15:00,120.52
2026-01-21 19:30:00,114.45
2026-01-21 19:45:00,109.49
2026-01-21 20:00:00,115.5
2026-01-21 20:15:00,108.75
2026-01-21 20:30:00,102.21
2026-01-21 20:45:00,99.96
2026-01-21 21:00:00,103.38
2026-01-21 21:15:00,99.96
2026-01-21 21:30:00,97.0
2026-01-21 21:45:00,96.69
2026-01-21 22:00:00,96.99
2026-01-21 22:15:00,95.93
2026-01-21 22:30:00,92.55
2026-01-21 22:45:00,89.55
2026-01-21 23:00:00,115.06
2026-01-21 23:15:00,99.32
2026-01-21 23:30:00,93.99
2026-01-21 23:45:00,91.82
2026-01-22 00:00:00,95.19
2026-01-22 00:15:00,88.28
2026-01-22 00:30:00,86.57
2026-01-22 00:45:00,81.55
2026-01-22 01:00:00,102.39
2026-01-22 01:15:00,87.48
2026-01-22 01:30:00,85.0
2026-01-22 01:45:00,82.01
2026-01-22 02:00:00,86.33
2026-01-22 02:15:00,84.49
2026-01-22 02:30:00,81.53
2026-01-22 02:45:00,81.19
2026-01-22 03:00:00,83.01
2026-01-22 03:15:00,83.29
2026-01-22 03:30:00,81.99
2026-01-22 03:45:00,79.82
2026-01-22 04:00:00,82.8
2026-01-22 04:15:00,81.99
2026-01-22 04:30:00,80.85
2026-01-22 04:45:00,81.47
2026-01-22 05:00:00,81.78
2026-01-22 05:15:00,82.4
2026-01-22 05:30:00,82.91
2026-01-22 05:45:00,93.05
2026-01-22 06:00:00,81.47
2026-01-22 06:15:00,107.51
2026-01-22 06:30:00,116.33
2026-01-22 06:45:00,124.96
2026-01-22 07:00:00,95.77
2026-01-22 07:15:00,124.27
2026-01-22 07:30:00,150.05
2026-01-22 07:45:00,150.07
2026-01-22 08:00:00,168.81
2026-01-22 08:15:00,233.43
2026-01-22 08:30:00,249.57
2026-01-22 08:45:00,253.38
2026-01-22 09:00:00,233.28
2026-01-22 09:15:00,224.39
2026-01-22 09:30:00,209.99
2026-01-22 09:45:00,182.6
2026-01-22 10:00:00,209.5
2026-01-22 10:15:00,168.15
2026-01-22 10:30:00,150.05
2026-01-22 10:45:00,150.04
2026-01-22 11:00:00,151.06
2026-01-22 11:15:00,150.06
2026-01-22 11:30:00,150.06
2026-01-22 11:45:00,150.07
2026-01-22 12:00:00,151.06
2026-01-22 12:15:00,151.07
2026-01-22 12:30:00,151.07
2026-01-22 12:45:00,159.27
2026-01-22 13:00:00,156.14
2026-01-22 13:15:00,160.13
2026-01-22 13:30:00,154.37
2026-01-22 13:45:00,150.07
2026-01-22 14:00:00,167.36
2026-01-22 14:15:00,153.28
2026-01-22 14:30:00,154.02
2026-01-22 14:45:00,163.28
2026-01-22 15:00:00,150.13
2026-01-22 15:15:00,150.06
2026-01-22 15:30:00,150.14
2026-01-22 15:45:00,161.96
2026-01-22 16:00:00,151.56
2026-01-22 16:15:00,165.25
2026-01-22 16:30:00,206.19
2026-01-22 16:45:00,207.77
2026-01-22 17:00:00,167.48
2026-01-22 17:15:00,194.93
2026-01-22 17:30:00,200.07
2026-01-22 17:45:00,182.9
2026-01-22 18:00:00,177.46
2026-01-22 18:15:00,170.39
2026-01-22 18:30:00,170.39
2026-01-22 18:45:00,150.12
2026-01-22 19:00:00,160.78
2026-01-22 19:15:00,156.05
2026-01-22 19:30:00,152.61
2026-01-22 19:45:00,147.58
2026-01-22 20:00:00,153.35
2026-01-22 20:15:00,150.05
2026-01-22 20:30:00,146.11
2026-01-22 20:45:00,110.64
2026-01-22 21:00:00,150.04
2026-01-22 21:15:00,133.35
2026-01-22 21:30:00,108.6
2026-01-22 21:45:00,99.01
2026-01-22 22:00:00,114.91
2026-01-22 22:15:00,113.93
2026-01-22 22:30:00,107.82
2026-01-22 22:45:00,103.09
2026-01-22 23:00:00,121.54
2026-01-22 23:15:00,113.23
2026-01-22 23:30:00,102.39
2026-01-22 23:45:00,92.17
2026-01-23 00:00:00,102.39
2026-01-23 00:15:00,94.93
2026-01-23 00:30:00,92.19
2026-01-23 00:45:00,87.26
2026-01-23 01:00:00,112.38
2026-01-23 01:15:00,111.5
2026-01-23 01:30:00,104.83
2026-01-23 01:45:00,102.48
2026-01-23 02:00:00,112.15
2026-01-23 02:15:00,111.18
2026-01-23 02:30:00,111.26
2026-01-23 02:45:00,110.13
2026-01-23 03:00:00,113.8
2026-01-23 03:15:00,111.04
2026-01-23 03:30:00,110.96
2026-01-23 03:45:00,110.8
2026-01-23 04:00:00,104.0
2026-01-23 04:15:00,106.65
2026-01-23 04:30:00,103.86
2026-01-23 04:45:00,103.99
2026-01-23 05:00:00,93.73
2026-01-23 05:15:00,104.32
2026-01-23 05:30:00,110.18
2026-01-23 05:45:00,115.34
2026-01-23 06:00:00,106.64
2026-01-23 06:15:00,114.39
2026-01-23 06:30:00,135.7
2026-01-23 06:45:00,163.71
2026-01-23 07:00:00,150.12
2026-01-23 07:15:00,178.85
2026-01-23 07:30:00,189.68
2026-01-23 07:45:00,203.32
2026-01-23 08:00:00,149.15
2026-01-23 08:15:00,181.22
2026-01-23 08:30:00,221.01
2026-01-23 08:45:00,227.81
2026-01-23 09:00:00,210.0
2026-01-23 09:15:00,212.27
2026-01-23 09:30:00,219.13
2026-01-23 09:45:00,204.62
2026-01-23 10:00:00,209.24
2026-01-23 10:15:00,218.67
2026-01-23 10:30:00,200.07
2026-01-23 10:45:00,172.3
2026-01-23 11:00:00,221.11
2026-01-23 11:15:00,198.23
2026-01-23 11:30:00,172.31
2026-01-23 11:45:00,150.05
2026-01-23 12:00:00,200.1
2026-01-23 12:15:00,199.09
2026-01-23 12:30:00,190.07
2026-01-23 12:45:00,190.29
2026-01-23 13:00:00,200.15
2026-01-23 13:15:00,200.17
2026-01-23 13:30:00,200.16
2026-01-23 13:45:00,190.03
2026-01-23 14:00:00,189.48
2026-01-23 14:15:00,189.25
2026-01-23 14:30:00,189.23
2026-01-23 14:45:00,189.55
2026-01-23 15:00:00,180.23
2026-01-23 15:15:00,189.19
2026-01-23 15:30:00,189.86
2026-01-23 15:45:00,190.12
2026-01-23 16:00:00,189.74
2026-01-23 16:15:00,205.3
2026-01-23 16:30:00,200.12
2026-01-23 16:45:00,200.14
2026-01-23 17:00:00,157.26
2026-01-23 17:15:00,164.02
2026-01-23 17:30:00,193.42
2026-01-23 17:45:00,206.46
2026-01-23 18:00:00,175.98
2026-01-23 18:15:00,210.01
2026-01-23 18:30:00,182.12
2026-01-23 18:45:00,174.29
2026-01-23 19:00:00,203.12
2026-01-23 19:15:00,176.78
2026-01-23 19:30:00,168.52
2026-01-23 19:45:00,166.18
2026-01-23 20:00:00,178.59
2026-01-23 20:15:00,160.69
2026-01-23 20:30:00,151.15
2026-01-23 20:45:00,144.44
2026-01-23 21:00:00,146.2
2026-01-23 21:15:00,138.78
2026-01-23 21:30:00,138.17
2026-01-23 21:45:00,115.1
2026-01-23 22:00:00,136.99
2026-01-23 22:15:00,150.13
2026-01-23 22:30:00,131.0
2026-01-23 22:45:00,110.68
2026-01-23 23:00:00,127.92
2026-01-23 23:15:00,118.04
2026-01-23 23:30:00,117.72
2026-01-23 23:45:00,115.69
2026-01-24 00:00:00,115.29
2026-01-24 00:15:00,100.16
2026-01-24 00:30:00,95.0
2026-01-24 00:45:00,94.04
2026-01-24 01:00:00,115.17
2026-01-24 01:15:00,119.28
2026-01-24 01:30:00,107.59
2026-01-24 01:45:00,103.25
2026-01-24 02:00:00,115.57
2026-01-24 02:15:00,107.07
2026-01-24 02:30:00,105.54
2026-01-24 02:45:00,103.77
2026-01-24 03:00:00,105.3
2026-01-24 03:15:00,106.19
2026-01-24 03:30:00,105.08
2026-01-24 03:45:00,104.61
2026-01-24 04:00:00,103.74
2026-01-24 04:15:00,104.93
2026-01-24 04:30:00,103.91
2026-01-24 04:45:00,104.73
2026-01-24 05:00:00,103.41
2026-01-24 05:15:00,101.88
2026-01-24 05:30:00,101.71
2026-01-24 05:45:00,102.27
2026-01-24 06:00:00,102.32
2026-01-24 06:15:00,104.53
2026-01-24 06:30:00,101.5
2026-01-24 06:45:00,105.8
2026-01-24 07:00:00,102.56
2026-01-24 07:15:00,106.91
2026-01-24 07:30:00,109.93
2026-01-24 07:45:00,111.82
2026-01-24 08:00:00,107.22
2026-01-24 08:15:00,110.33
2026-01-24 08:30:00,113.11
2026-01-24 08:45:00,116.77
2026-01-24 09:00:00,116.94
2026-01-24 09:15:00,118.43
2026-01-24 09:30:00,131.88
2026-01-24 09:45:00,131.46
2026-01-24 10:00:00,131.68
2026-01-24 10:15:00,139.8
2026-01-24 10:30:00,145.93
2026-01-24 10:45:00,146.46
2026-01-24 11:00:00,147.25
2026-01-24 11:15:00,150.06
2026-01-24 11:30:00,150.07
2026-01-24 11:45:00,150.07
2026-01-24 12:00:00,149.91
2026-01-24 12:15:00,150.03
2026-01-24 12:30:00,147.35
2026-01-24 12:45:00,144.57
2026-01-24 13:00:00,145.93
2026-01-24 13:15:00,144.03
2026-01-24 13:30:00,143.23
2026-01-24 13:45:00,144.94
2026-01-24 14:00:00,145.93
2026-01-24 14:15:00,146.51
2026-01-24 14:30:00,143.79
2026-01-24 14:45:00,139.85
2026-01-24 15:00:00,131.29
2026-01-24 15:15:00,137.49
2026-01-24 15:30:00,145.93
2026-01-24 15:45:00,146.23
2026-01-24 16:00:00,136.05
2026-01-24 16:15:00,145.93
2026-01-24 16:30:00,143.08
2026-01-24 16:45:00,143.5
2026-01-24 17:00:00,137.19
2026-01-24 17:15:00,140.41
2026-01-24 17:30:00,146.49
2026-01-24 17:45:00,146.02
2026-01-24 18:00:00,143.87
2026-01-24 18:15:00,150.01
2026-01-24 18:30:00,150.01
2026-01-24 18:45:00,150.0
2026-01-24 19:00:00,148.87
2026-01-24 19:15:00,148.41
2026-01-24 19:30:00,139.91
2026-01-24 19:45:00,129.82
2026-01-24 20:00:00,141.1
2026-01-24 20:15:00,136.16
2026-01-24 20:30:00,127.37
2026-01-24 20:45:00,116.59
2026-01-24 21:00:00,134.37
2026-01-24 21:15:00,126.83
2026-01-24 21:30:00,111.27
2026-01-24 21:45:00,106.4
2026-01-24 22:00:00,119.57
2026-01-24 22:15:00,118.38
2026-01-24 22:30:00,115.65
2026-01-24 22:45:00,111.34
2026-01-24 23:00:00,119.04
2026-01-24 23:15:00,110.9
2026-01-24 23:30:00,102.28
2026-01-24 23:45:00,100.33
2026-01-25 00:00:00,100.49
2026-01-25 00:15:00,97.58
2026-01-25 00:30:00,94.99
2026-01-25 00:45:00,92.15
2026-01-25 01:00:00,96.81
2026-01-25 01:15:00,96.65
2026-01-25 01:30:00,94.12
2026-01-25 01:45:00,92.65
2026-01-25 02:00:00,99.03
2026-01-25 02:15:00,98.44
2026-01-25 02:30:00,98.9
2026-01-25 02:45:00,97.37
2026-01-25 03:00:00,98.86
2026-01-25 03:15:00,97.2
2026-01-25 03:30:00,96.89
2026-01-25 03:45:00,95.26
2026-01-25 04:00:00,97.94
2026-01-25 04:15:00,96.2
2026-01-25 04:30:00,96.47
2026-01-25 04:45:00,93.7
2026-01-25 05:00:00,96.72
2026-01-25 05:15:00,96.96
2026-01-25 05:30:00,94.37
2026-01-25 05:45:00,93.33
2026-01-25 06:00:00,92.8
2026-01-25 06:15:00,93.13
2026-01-25 06:30:00,94.32
2026-01-25 06:45:00,96.24
2026-01-25 07:00:00,89.68
2026-01-25 07:15:00,90.67
2026-01-25 07:30:00,91.4
2026-01-25 07:45:00,91.71
2026-01-25 08:00:00,92.33
2026-01-25 08:15:00,95.75
2026-01-25 08:30:00,95.22
2026-01-25 08:45:00,96.4
2026-01-25 09:00:00,94.53
2026-01-25 09:15:00,96.51
2026-01-25 09:30:00,98.4
2026-01-25 09:45:00,100.2
2026-01-25 10:00:00,101.05
2026-01-25 10:15:00,101.27
2026-01-25 10:30:00,101.01
2026-01-25 10:45:00,103.85
2026-01-25 11:00:00,110.12
2026-01-25 11:15:00,111.2
2026-01-25 11:30:00,108.82
2026-01-25 11:45:00,109.42
2026-01-25 12:00:00,113.77
2026-01-25 12:15:00,112.95
2026-01-25 12:30:00,113.59
2026-01-25 12:45:00,120.98
2026-01-25 13:00:00,126.86
2026-01-25 13:15:00,126.44
2026-01-25 13:30:00,125.9
2026-01-25 13:45:00,120.89
2026-01-25 14:00:00,125.79
2026-01-25 14:15:00,123.79
2026-01-25 14:30:00,120.42
2026-01-25 14:45:00,119.51
2026-01-25 15:00:00,117.84
2026-01-25 15:15:00,119.05
2026-01-25 15:30:00,121.55
2026-01-25 15:45:00,124.04
2026-01-25 16:00:00,110.89
2026-01-25 16:15:00,113.43
2026-01-25 16:30:00,120.18
2026-01-25 16:45:00,116.83
2026-01-25 17:00:00,113.07
2026-01-25 17:15:00,116.42
2026-01-25 17:30:00,123.8
2026-01-25 17:45:00,127.66
2026-01-25 18:00:00,121.01
2026-01-25 18:15:00,129.72
2026-01-25 18:30:00,129.76
2026-01-25 18:45:00,131.2
2026-01-25 19:00:00,134.79
2026-01-25 19:15:00,135.02
2026-01-25 19:30:00,134.5
2026-01-25 19:45:00,130.02
2026-01-25 20:00:00,132.5
2026-01-25 20:15:00,129.01
2026-01-25 20:30:00,126.71
2026-01-25 20:45:00,125.28
2026-01-25 21:00:00,128.99
2026-01-25 21:15:00,125.25
2026-01-25 21:30:00,117.32
2026-01-25 21:45:00,109.99
2026-01-25 22:00:00,116.87
2026-01-25 22:15:00,113.14
2026-01-25 22:30:00,109.05
2026-01-25 22:45:00,106.44
2026-01-25 23:00:00,112.93
2026-01-25 23:15:00,109.3
2026-01-25 23:30:00,106.08
2026-01-25 23:45:00,103.24
2026-01-26 00:00:00,104.44
2026-01-26 00:15:00,101.92
2026-01-26 00:30:00,100.17
2026-01-26 00:45:00,99.6
2026-01-26 01:00:00,102.57
2026-01-26 01:15:00,101.85
2026-01-26 01:30:00,98.69
2026-01-26 01:45:00,98.25
2026-01-26 02:00:00,99.42
2026-01-26 02:15:00,98.69
2026-01-26 02:30:00,98.25
2026-01-26 02:45:00,97.07
2026-01-26 03:00:00,98.19
2026-01-26 03:15:00,96.85
2026-01-26 03:30:00,95.34
2026-01-26 03:45:00,95.21
2026-01-26 04:00:00,95.15
2026-01-26 04:15:00,96.04
2026-01-26 04:30:00,95.26
2026-01-26 04:45:00,95.78
2026-01-26 05:00:00,93.01
2026-01-26 05:15:00,93.69
2026-01-26 05:30:00,96.09
2026-01-26 05:45:00,96.93
2026-01-26 06:00:00,94.58
2026-01-26 06:15:00,103.77
2026-01-26 06:30:00,150.12
2026-01-26 06:45:00,200.18
2026-01-26 07:00:00,140.58
2026-01-26 07:15:00,156.57
2026-01-26 07:30:00,184.68
2026-01-26 07:45:00,224.23
2026-01-26 08:00:00,347.03
2026-01-26 08:15:00,426.7
2026-01-26 08:30:00,426.7
2026-01-26 08:45:00,435.19
2026-01-26 09:00:00,290.3
2026-01-26 09:15:00,339.48
2026-01-26 09:30:00,342.3
2026-01-26 09:45:00,327.91
2026-01-26 10:00:00,325.01
2026-01-26 10:15:00,342.3
2026-01-26 10:30:00,342.31
2026-01-26 10:45:00,342.31
2026-01-26 11:00:00,342.3
2026-01-26 11:15:00,342.3
2026-01-26 11:30:00,342.3
2026-01-26 11:45:00,325.07
2026-01-26 12:00:00,426.71
2026-01-26 12:15:00,426.71
2026-01-26 12:30:00,426.71
2026-01-26 12:45:00,486.19
2026-01-26 13:00:00,505.06
2026-01-26 13:15:00,426.71
2026-01-26 13:30:00,290.29
2026-01-26 13:45:00,290.3
2026-01-26 14:00:00,342.3
2026-01-26 14:15:00,342.3
2026-01-26 14:30:00,342.3
2026-01-26 14:45:00,389.99
2026-01-26 15:00:00,389.92
2026-01-26 15:15:00,371.97
2026-01-26 15:30:00,342.31
2026-01-26 15:45:00,342.31
2026-01-26 16:00:00,400.01
2026-01-26 16:15:00,400.04
2026-01-26 16:30:00,248.63
2026-01-26 16:45:00,231.24
2026-01-26 17:00:00,230.0
2026-01-26 17:15:00,230.01
2026-01-26 17:30:00,264.94
2026-01-26 17:45:00,311.18
2026-01-26 18:00:00,286.87
2026-01-26 18:15:00,279.7
2026-01-26 18:30:00,342.31
2026-01-26 18:45:00,325.03
2026-01-26 19:00:00,264.22
2026-01-26 19:15:00,268.33
2026-01-26 19:30:00,400.08
2026-01-26 19:45:00,389.99
2026-01-26 20:00:00,259.0
2026-01-26 20:15:00,255.46
2026-01-26 20:30:00,241.14
2026-01-26 20:45:00,209.12
2026-01-26 21:00:00,266.22
2026-01-26 21:15:00,226.65
2026-01-26 21:30:00,184.41
2026-01-26 21:45:00,147.73
2026-01-26 22:00:00,180.8
2026-01-26 22:15:00,162.62
2026-01-26 22:30:00,148.21
2026-01-26 22:45:00,118.33
2026-01-26 23:00:00,142.17
2026-01-26 23:15:00,133.11
2026-01-26 23:30:00,120.3
2026-01-26 23:45:00,107.3
2026-01-27 00:00:00,113.99
2026-01-27 00:15:00,110.93
2026-01-27 00:30:00,105.02
2026-01-27 00:45:00,101.58
2026-01-27 01:00:00,123.53
2026-01-27 01:15:00,120.22
2026-01-27 01:30:00,119.6
2026-01-27 01:45:00,116.54
2026-01-27 02:00:00,117.26
2026-01-27 02:15:00,116.77
2026-01-27 02:30:00,114.82
2026-01-27 02:45:00,114.16
2026-01-27 03:00:00,114.5
2026-01-27 03:15:00,115.35
2026-01-27 03:30:00,116.77
2026-01-27 03:45:00,115.96
2026-01-27 04:00:00,118.51
2026-01-27 04:15:00,116.99
2026-01-27 04:30:00,116.77
2026-01-27 04:45:00,117.0
2026-01-27 05:00:00,116.77
2026-01-27 05:15:00,116.77
2026-01-27 05:30:00,118.19
2026-01-27 05:45:00,119.79
2026-01-27 06:00:00,115.35
2026-01-27 06:15:00,118.77
2026-01-27 06:30:00,138.57
2026-01-27 06:45:00,161.95
2026-01-27 07:00:00,135.23
2026-01-27 07:15:00,150.07
2026-01-27 07:30:00,192.42
2026-01-27 07:45:00,192.71
2026-01-27 08:00:00,285.62
2026-01-27 08:15:00,290.0
2026-01-27 08:30:00,272.26
2026-01-27 08:45:00,290.0
2026-01-27 09:00:00,300.2
2026-01-27 09:15:00,300.2
2026-01-27 09:30:00,249.98
2026-01-27 09:45:00,250.01
2026-01-27 10:00:00,228.37
2026-01-27 10:15:00,225.53
2026-01-27 10:30:00,248.78
2026-01-27 10:45:00,222.52
2026-01-27 11:00:00,249.96
2026-01-27 11:15:00,240.65
2026-01-27 11:30:00,250.04
2026-01-27 11:45:00,250.29
2026-01-27 12:00:00,293.34
2026-01-27 12:15:00,300.11
2026-01-27 12:30:00,300.2
2026-01-27 12:45:00,300.23
2026-01-27 13:00:00,250.1
2026-01-27 13:15:00,250.29
2026-01-27 13:30:00,250.1
2026-01-27 13:45:00,202.96
2026-01-27 14:00:00,249.2
2026-01-27 14:15:00,215.45
2026-01-27 14:30:00,221.5
2026-01-27 14:45:00,250.29
2026-01-27 15:00:00,211.94
2026-01-27 15:15:00,224.14
2026-01-27 15:30:00,261.76
2026-01-27 15:45:00,300.31
2026-01-27 16:00:00,248.9
2026-01-27 16:15:00,327.99
2026-01-27 16:30:00,329.19
2026-01-27 16:45:00,344.29
2026-01-27 17:00:00,254.15
2026-01-27 17:15:00,321.33
2026-01-27 17:30:00,343.19
2026-01-27 17:45:00,344.23
2026-01-27 18:00:00,304.63
2026-01-27 18:15:00,310.28
2026-01-27 18:30:00,326.7
2026-01-27 18:45:00,308.55
2026-01-27 19:00:00,290.3
2026-01-27 19:15:00,290.29
2026-01-27 19:30:00,343.64
2026-01-27 19:45:00,311.89
2026-01-27 20:00:00,333.29
2026-01-27 20:15:00,323.82
2026-01-27 20:30:00,289.99
2026-01-27 20:45:00,236.61
2026-01-27 21:00:00,319.95
2026-01-27 21:15:00,256.71
2026-01-27 21:30:00,212.13
2026-01-27 21:45:00,175.48
2026-01-27 22:00:00,175.66
2026-01-27 22:15:00,165.82
2026-01-27 22:30:00,150.1
2026-01-27 22:45:00,150.05
2026-01-27 23:00:00,225.95
2026-01-27 23:15:00,188.07
2026-01-27 23:30:00,157.54
2026-01-27 23:45:00,150.05
2026-01-28 00:00:00,150.15
2026-01-28 00:15:00,150.05
2026-01-28 00:30:00,130.14
2026-01-28 00:45:00,112.29
2026-01-28 01:00:00,150.05
2026-01-28 01:15:00,143.68
2026-01-28 01:30:00,115.35
2026-01-28 01:45:00,108.89
2026-01-28 02:00:00,142.04
2026-01-28 02:15:00,134.54
2026-01-28 02:30:00,108.73
2026-01-28 02:45:00,105.74
2026-01-28 03:00:00,116.73
2026-01-28 03:15:00,106.37
2026-01-28 03:30:00,107.44
2026-01-28 03:45:00,105.9
2026-01-28 04:00:00,108.62
2026-01-28 04:15:00,107.26
2026-01-28 04:30:00,105.9
2026-01-28 04:45:00,114.49
2026-01-28 05:00:00,107.43
2026-01-28 05:15:00,123.3
2026-01-28 05:30:00,138.41
2026-01-28 05:45:00,150.96
2026-01-28 06:00:00,115.0
2026-01-28 06:15:00,132.39
2026-01-28 06:30:00,159.92
2026-01-28 06:45:00,192.91
2026-01-28 07:00:00,155.66
2026-01-28 07:15:00,186.95
2026-01-28 07:30:00,217.37
2026-01-28 07:45:00,270.87
2026-01-28 08:00:00,192.3
2026-01-28 08:15:00,221.09
2026-01-28 08:30:00,231.52
2026-01-28 08:45:00,224.11
2026-01-28 09:00:00,225.77
2026-01-28 09:15:00,226.03
2026-01-28 09:30:00,228.32
2026-01-28 09:45:00,225.17
2026-01-28 10:00:00,198.0
2026-01-28 10:15:00,198.34
2026-01-28 10:30:00,200.03
2026-01-28 10:45:00,200.03
2026-01-28 11:00:00,222.53
2026-01-28 11:15:00,220.73
2026-01-28 11:30:00,217.6
2026-01-28 11:45:00,201.24
2026-01-28 12:00:00,200.03
2026-01-28 12:15:00,200.03
2026-01-28 12:30:00,197.28
2026-01-28 12:45:00,184.19
2026-01-28 13:00:00,200.03
2026-01-28 13:15:00,193.37
2026-01-28 13:30:00,185.55
2026-01-28 13:45:00,177.16
2026-01-28 14:00:00,182.89
2026-01-28 14:15:00,179.04
2026-01-28 14:30:00,179.09
2026-01-28 14:45:00,183.09
2026-01-28 15:00:00,179.08
2026-01-28 15:15:00,206.78
2026-01-28 15:30:00,221.09
2026-01-28 15:45:00,224.08
2026-01-28 16:00:00,200.05
2026-01-28 16:15:00,224.08
2026-01-28 16:30:00,224.08
2026-01-28 16:45:00,231.63
2026-01-28 17:00:00,229.82
2026-01-28 17:15:00,242.09
2026-01-28 17:30:00,235.47
2026-01-28 17:45:00,224.07
2026-01-28 18:00:00,224.08
2026-01-28 18:15:00,224.05
2026-01-28 18:30:00,216.95
2026-01-28 18:45:00,201.06
2026-01-28 19:00:00,173.56
2026-01-28 19:15:00,171.5
2026-01-28 19:30:00,168.4
2026-01-28 19:45:00,168.24
2026-01-28 20:00:00,224.06
2026-01-28 20:15:00,207.35
2026-01-28 20:30:00,185.7
2026-01-28 20:45:00,172.24
2026-01-28 21:00:00,166.93
2026-01-28 21:15:00,156.62
2026-01-28 21:30:00,143.41
2026-01-28 21:45:00,124.57
2026-01-28 22:00:00,139.75
2026-01-28 22:15:00,131.67
2026-01-28 22:30:00,118.8
2026-01-28 22:45:00,109.91
2026-01-28 23:00:00,161.71
2026-01-28 23:15:00,150.03
2026-01-28 23:30:00,132.39
2026-01-28 23:45:00,113.28
2026-01-29 00:00:00,123.33
2026-01-29 00:15:00,115.53
2026-01-29 00:30:00,110.55
2026-01-29 00:45:00,104.01
2026-01-29 01:00:00,108.92
2026-01-29 01:15:00,104.78
2026-01-29 01:30:00,103.82
2026-01-29 01:45:00,101.91
2026-01-29 02:00:00,105.8
2026-01-29 02:15:00,104.03
2026-01-29 02:30:00,103.87
2026-01-29 02:45:00,102.43
2026-01-29 03:00:00,103.16
2026-01-29 03:15:00,102.75
2026-01-29 03:30:00,101.7
2026-01-29 03:45:00,100.23
2026-01-29 04:00:00,100.03
2026-01-29 04:15:00,100.0
2026-01-29 04:30:00,100.39
2026-01-29 04:45:00,101.04
2026-01-29 05:00:00,99.78
2026-01-29 05:15:00,101.04
2026-01-29 05:30:00,101.16
2026-01-29 05:45:00,103.9
2026-01-29 06:00:00,124.4
2026-01-29 06:15:00,152.78
2026-01-29 06:30:00,200.13
2026-01-29 06:45:00,249.26
2026-01-29 07:00:00,166.63
2026-01-29 07:15:00,228.5
2026-01-29 07:30:00,249.37
2026-01-29 07:45:00,289.99
2026-01-29 08:00:00,228.51
2026-01-29 08:15:00,246.67
2026-01-29 08:30:00,254.72
2026-01-29 08:45:00,266.42
2026-01-29 09:00:00,258.44
2026-01-29 09:15:00,250.08
2026-01-29 09:30:00,267.04
2026-01-29 09:45:00,259.41
2026-01-29 10:00:00,240.91
2026-01-29 10:15:00,249.15
2026-01-29 10:30:00,254.07
2026-01-29 10:45:00,272.44
2026-01-29 11:00:00,270.16
2026-01-29 11:15:00,272.92
2026-01-29 11:30:00,273.99
2026-01-29 11:45:00,271.66
2026-01-29 12:00:00,250.01
2026-01-29 12:15:00,250.01
2026-01-29 12:30:00,250.8
2026-01-29 12:45:00,262.62
2026-01-29 13:00:00,273.99
2026-01-29 13:15:00,273.99
2026-01-29 13:30:00,272.66
2026-01-29 13:45:00,268.21
2026-01-29 14:00:00,254.69
2026-01-29 14:15:00,250.16
2026-01-29 14:30:00,255.17
2026-01-29 14:45:00,268.21
2026-01-29 15:00:00,274.0
2026-01-29 15:15:00,274.21
2026-01-29 15:30:00,250.05
2026-01-29 15:45:00,273.72
2026-01-29 16:00:00,262.2
2026-01-29 16:15:00,275.28
2026-01-29 16:30:00,280.46
2026-01-29 16:45:00,250.04
2026-01-29 17:00:00,250.14
2026-01-29 17:15:00,249.19
2026-01-29 17:30:00,245.67
2026-01-29 17:45:00,229.19
2026-01-29 18:00:00,228.5
2026-01-29 18:15:00,237.73
2026-01-29 18:30:00,228.51
2026-01-29 18:45:00,228.51
2026-01-29 19:00:00,224.1
2026-01-29 19:15:00,219.76
2026-01-29 19:30:00,197.06
2026-01-29 19:45:00,159.08
2026-01-29 20:00:00,250.09
2026-01-29 20:15:00,244.91
2026-01-29 20:30:00,239.2
2026-01-29 20:45:00,224.15
2026-01-29 21:00:00,239.84
2026-01-29 21:15:00,228.51
2026-01-29 21:30:00,200.13
2026-01-29 21:45:00,186.18
2026-01-29 22:00:00,160.18
2026-01-29 22:15:00,173.95
2026-01-29 22:30:00,200.22
2026-01-29 22:45:00,154.88
2026-01-29 23:00:00,123.76
2026-01-29 23:15:00,118.11
2026-01-29 23:30:00,117.18
2026-01-29 23:45:00,105.48
2026-01-30 00:00:00,110.95
2026-01-30 00:15:00,101.61
2026-01-30 00:30:00,103.12
2026-01-30 00:45:00,97.37
2026-01-30 01:00:00,125.08
2026-01-30 01:15:00,114.0
2026-01-30 01:30:00,104.21
2026-01-30 01:45:00,100.97
2026-01-30 02:00:00,106.22
2026-01-30 02:15:00,104.65
2026-01-30 02:30:00,102.47
2026-01-30 02:45:00,98.56
2026-01-30 03:00:00,100.4
2026-01-30 03:15:00,99.37
2026-01-30 03:30:00,97.9
2026-01-30 03:45:00,97.33
2026-01-30 04:00:00,97.29
2026-01-30 04:15:00,96.86
2026-01-30 04:30:00,96.07
2026-01-30 04:45:00,96.42
2026-01-30 05:00:00,96.4
2026-01-30 05:15:00,96.33
2026-01-30 05:30:00,97.08
2026-01-30 05:45:00,100.75
2026-01-30 06:00:00,94.33
2026-01-30 06:15:00,98.66
2026-01-30 06:30:00,102.18
2026-01-30 06:45:00,140.93
2026-01-30 07:00:00,250.03
2026-01-30 07:15:00,277.41
2026-01-30 07:30:00,290.0
2026-01-30 07:45:00,325.02
2026-01-30 08:00:00,290.0
2026-01-30 08:15:00,338.64
2026-01-30 08:30:00,300.24
2026-01-30 08:45:00,317.05
2026-01-30 09:00:00,319.44
2026-01-30 09:15:00,338.27
2026-01-30 09:30:00,336.02
2026-01-30 09:45:00,325.05
2026-01-30 10:00:00,299.39
2026-01-30 10:15:00,300.28
2026-01-30 10:30:00,344.38
2026-01-30 10:45:00,344.38
2026-01-30 11:00:00,326.77
2026-01-30 11:15:00,325.09
2026-01-30 11:30:00,329.99
2026-01-30 11:45:00,325.07
2026-01-30 12:00:00,320.35
2026-01-30 12:15:00,315.87
2026-01-30 12:30:00,309.4
2026-01-30 12:45:00,322.12
2026-01-30 13:00:00,302.61
2026-01-30 13:15:00,304.53
2026-01-30 13:30:00,300.25
2026-01-30 13:45:00,297.63
2026-01-30 14:00:00,272.99
2026-01-30 14:15:00,277.4
2026-01-30 14:30:00,277.41
2026-01-30 14:45:00,271.15
2026-01-30 15:00:00,277.41
2026-01-30 15:15:00,277.41
2026-01-30 15:30:00,277.41
2026-01-30 15:45:00,267.8
2026-01-30 16:00:00,281.51
2026-01-30 16:15:00,290.0
2026-01-30 16:30:00,290.0
2026-01-30 16:45:00,295.56
2026-01-30 17:00:00,339.61
2026-01-30 17:15:00,338.38
2026-01-30 17:30:00,290.01
2026-01-30 17:45:00,277.41
2026-01-30 18:00:00,277.41
2026-01-30 18:15:00,277.4
2026-01-30 18:30:00,277.4
2026-01-30 18:45:00,142.11
2026-01-30 19:00:00,182.96
2026-01-30 19:15:00,157.09
2026-01-30 19:30:00,140.98
2026-01-30 19:45:00,125.55
2026-01-30 20:00:00,134.07
2026-01-30 20:15:00,130.49
2026-01-30 20:30:00,128.5
2026-01-30 20:45:00,119.45
2026-01-30 21:00:00,139.24
2026-01-30 21:15:00,125.62
2026-01-30 21:30:00,120.9
2026-01-30 21:45:00,111.44
2026-01-30 22:00:00,121.14
2026-01-30 22:15:00,117.91
2026-01-30 22:30:00,109.85
2026-01-30 22:45:00,104.04
2026-01-30 23:00:00,118.86
2026-01-30 23:15:00,112.17
2026-01-30 23:30:00,108.59
2026-01-30 23:45:00,98.61
2026-01-31 00:00:00,92.26
2026-01-31 00:15:00,99.99
2026-01-31 00:30:00,84.18
2026-01-31 00:45:00,71.12
2026-01-31 01:00:00,108.75
2026-01-31 01:15:00,97.93
2026-01-31 01:30:00,98.97
2026-01-31 01:45:00,93.78
2026-01-31 02:00:00,99.96
2026-01-31 02:15:00,95.99
2026-01-31 02:30:00,94.18
2026-01-31 02:45:00,87.0
2026-01-31 03:00:00,95.34
2026-01-31 03:15:00,92.95
2026-01-31 03:30:00,98.92
2026-01-31 03:45:00,96.91
2026-01-31 04:00:00,96.86
2026-01-31 04:15:00,96.42
2026-01-31 04:30:00,96.25
2026-01-31 04:45:00,96.5
2026-01-31 05:00:00,95.84
2026-01-31 05:15:00,96.04
2026-01-31 05:30:00,97.55
2026-01-31 05:45:00,101.82
2026-01-31 06:00:00,96.38
2026-01-31 06:15:00,99.62
2026-01-31 06:30:00,99.33
2026-01-31 06:45:00,103.91
2026-01-31 07:00:00,95.67
2026-01-31 07:15:00,101.92
2026-01-31 07:30:00,103.06
2026-01-31 07:45:00,109.6
2026-01-31 08:00:00,102.08
2026-01-31 08:15:00,106.59
2026-01-31 08:30:00,107.1
2026-01-31 08:45:00,107.89
2026-01-31 09:00:00,109.69
2026-01-31 09:15:00,155.42
2026-01-31 09:30:00,176.72
2026-01-31 09:45:00,191.54
2026-01-31 10:00:00,155.19
2026-01-31 10:15:00,117.65
2026-01-31 10:30:00,150.7
2026-01-31 10:45:00,192.43
2026-01-31 11:00:00,122.53
2026-01-31 11:15:00,166.2
2026-01-31 11:30:00,173.51
2026-01-31 11:45:00,183.42
2026-01-31 12:00:00,150.1
2026-01-31 12:15:00,172.56
2026-01-31 12:30:00,180.32
2026-01-31 12:45:00,172.29
2026-01-31 13:00:00,169.68
2026-01-31 13:15:00,177.96
2026-01-31 13:30:00,180.44
2026-01-31 13:45:00,187.53
2026-01-31 14:00:00,193.96
2026-01-31 14:15:00,183.35
2026-01-31 14:30:00,182.7
2026-01-31 14:45:00,179.12
2026-01-31 15:00:00,191.52
2026-01-31 15:15:00,183.33
2026-01-31 15:30:00,178.1
2026-01-31 15:45:00,170.56
2026-01-31 16:00:00,209.29
2026-01-31 16:15:00,200.16
2026-01-31 16:30:00,174.03
2026-01-31 16:45:00,159.77
2026-01-31 17:00:00,221.49
2026-01-31 17:15:00,186.01
2026-01-31 17:30:00,168.65
2026-01-31 17:45:00,166.49
2026-01-31 18:00:00,169.5
2026-01-31 18:15:00,168.55
2026-01-31 18:30:00,164.79
2026-01-31 18:45:00,150.13
2026-01-31 19:00:00,139.79
2026-01-31 19:15:00,139.97
2026-01-31 19:30:00,139.19
2026-01-31 19:45:00,133.46
2026-01-31 20:00:00,143.61
2026-01-31 20:15:00,138.41
2026-01-31 20:30:00,132.74
2026-01-31 20:45:00,128.05
2026-01-31 21:00:00,136.06
2026-01-31 21:15:00,129.05
2026-01-31 21:30:00,125.07
2026-01-31 21:45:00,114.34
2026-01-31 22:00:00,122.59
2026-01-31 22:15:00,126.64
2026-01-31 22:30:00,112.92
2026-01-31 22:45:00,105.81
2026-01-31 23:00:00,117.5
2026-01-31 23:15:00,112.23
2026-01-31 23:30:00,99.5
2026-01-31 23:45:00,90.24
2026-02-01 00:00:00,93.28
2026-02-01 00:15:00,86.68
2026-02-01 00:30:00,94.51
2026-02-01 00:45:00,81.55
2026-02-01 01:00:00,69.93
2026-02-01 01:15:00,74.15
2026-02-01 01:30:00,61.57
2026-02-01 01:45:00,61.21
2026-02-01 02:00:00,102.79
2026-02-01 02:15:00,97.94
2026-02-01 02:30:00,96.94
2026-02-01 02:45:00,93.96
2026-02-01 03:00:00,100.36
2026-02-01 03:15:00,98.94
2026-02-01 03:30:00,99.32
2026-02-01 03:45:00,97.7
2026-02-01 04:00:00,69.92
2026-02-01 04:15:00,70.0
2026-02-01 04:30:00,80.0
2026-02-01 04:45:00,98.74
2026-02-01 05:00:00,98.85
2026-02-01 05:15:00,98.69
2026-02-01 05:30:00,98.0
2026-02-01 05:45:00,97.71
2026-02-01 06:00:00,97.71
2026-02-01 06:15:00,95.41
2026-02-01 06:30:00,99.89
2026-02-01 06:45:00,99.88
2026-02-01 07:00:00,94.47
2026-02-01 07:15:00,96.68
2026-02-01 07:30:00,95.85
2026-02-01 07:45:00,101.72
2026-02-01 08:00:00,99.79
2026-02-01 08:15:00,101.59
2026-02-01 08:30:00,105.59
2026-02-01 08:45:00,172.91
2026-02-01 09:00:00,105.58
2026-02-01 09:15:00,164.64
2026-02-01 09:30:00,225.0
2026-02-01 09:45:00,243.69
2026-02-01 10:00:00,147.2
2026-02-01 10:15:00,199.0
2026-02-01 10:30:00,223.7
2026-02-01 10:45:00,243.69
2026-02-01 11:00:00,178.6
2026-02-01 11:15:00,225.0
2026-02-01 11:30:00,250.05
2026-02-01 11:45:00,255.23
2026-02-01 12:00:00,243.7
2026-02-01 12:15:00,283.69
2026-02-01 12:30:00,290.0
2026-02-01 12:45:00,300.21
2026-02-01 13:00:00,249.31
2026-02-01 13:15:00,279.74
2026-02-01 13:30:00,289.99
2026-02-01 13:45:00,300.01
2026-02-01 14:00:00,300.0
2026-02-01 14:15:00,328.1
2026-02-01 14:30:00,328.11
2026-02-01 14:45:00,342.3
2026-02-01 15:00:00,249.99
2026-02-01 15:15:00,250.06
2026-02-01 15:30:00,283.7
2026-02-01 15:45:00,289.99
2026-02-01 16:00:00,290.78
2026-02-01 16:15:00,299.99
2026-02-01 16:30:00,325.03
2026-02-01 16:45:00,328.1
2026-02-01 17:00:00,398.55
2026-02-01 17:15:00,390.0
2026-02-01 17:30:00,342.3
2026-02-01 17:45:00,326.33
2026-02-01 18:00:00,325.06
2026-02-01 18:15:00,267.07
2026-02-01 18:30:00,204.6
2026-02-01 18:45:00,137.31
2026-02-01 19:00:00,308.54
2026-02-01 19:15:00,273.0
2026-02-01 19:30:00,178.6
2026-02-01 19:45:00,139.71
2026-02-01 20:00:00,147.97
2026-02-01 20:15:00,137.25
2026-02-01 20:30:00,138.0
2026-02-01 20:45:00,134.83
2026-02-01 21:00:00,132.3
2026-02-01 21:15:00,133.17
2026-02-01 21:30:00,124.63
2026-02-01 21:45:00,116.31
2026-02-01 22:00:00,127.8
2026-02-01 22:15:00,146.46
2026-02-01 22:30:00,137.68
2026-02-01 22:45:00,123.48
2026-02-01 23:00:00,143.76
2026-02-01 23:15:00,127.32
2026-02-01 23:30:00,116.82
2026-02-01 23:45:00,109.37
2026-02-02 00:00:00,126.88
2026-02-02 00:15:00,113.36
2026-02-02 00:30:00,107.35
2026-02-02 00:45:00,100.35
2026-02-02 01:00:00,178.59
2026-02-02 01:15:00,177.6
2026-02-02 01:30:00,177.59
2026-02-02 01:45:00,177.59
2026-02-02 02:00:00,177.59
2026-02-02 02:15:00,177.59
2026-02-02 02:30:00,170.57
2026-02-02 02:45:00,155.51
2026-02-02 03:00:00,130.01
2026-02-02 03:15:00,128.49
2026-02-02 03:30:00,133.54
2026-02-02 03:45:00,150.1
2026-02-02 04:00:00,115.06
2026-02-02 04:15:00,121.49
2026-02-02 04:30:00,143.0
2026-02-02 04:45:00,150.1
2026-02-02 05:00:00,112.78
2026-02-02 05:15:00,122.96
2026-02-02 05:30:00,150.11
2026-02-02 05:45:00,290.0
2026-02-02 06:00:00,136.03
2026-02-02 06:15:00,200.15
2026-02-02 06:30:00,343.0
2026-02-02 06:45:00,483.01
2026-02-02 07:00:00,260.33
2026-02-02 07:15:00,381.5
2026-02-02 07:30:00,446.31
2026-02-02 07:45:00,488.38
2026-02-02 08:00:00,344.28
2026-02-02 08:15:00,397.39
2026-02-02 08:30:00,437.0
2026-02-02 08:45:00,449.99
2026-02-02 09:00:00,453.01
2026-02-02 09:15:00,442.73
2026-02-02 09:30:00,449.65
2026-02-02 09:45:00,413.3
2026-02-02 10:00:00,449.99
2026-02-02 10:15:00,462.43
2026-02-02 10:30:00,421.29
2026-02-02 10:45:00,433.18
2026-02-02 11:00:00,442.48
2026-02-02 11:15:00,428.22
2026-02-02 11:30:00,417.03
2026-02-02 11:45:00,410.0
2026-02-02 12:00:00,446.11
2026-02-02 12:15:00,437.19
2026-02-02 12:30:00,438.6
2026-02-02 12:45:00,462.99
2026-02-02 13:00:00,427.94
2026-02-02 13:15:00,438.95
2026-02-02 13:30:00,449.76
2026-02-02 13:45:00,449.26
2026-02-02 14:00:00,400.04
2026-02-02 14:15:00,401.56
2026-02-02 14:30:00,410.49
2026-02-02 14:45:00,416.98
2026-02-02 15:00:00,401.09
2026-02-02 15:15:00,411.0
2026-02-02 15:30:00,400.1
2026-02-02 15:45:00,415.44
2026-02-02 16:00:00,390.0
2026-02-02 16:15:00,402.71
2026-02-02 16:30:00,414.16
2026-02-02 16:45:00,418.98
2026-02-02 17:00:00,410.18
2026-02-02 17:15:00,400.1
2026-02-02 17:30:00,381.5
2026-02-02 17:45:00,381.44
2026-02-02 18:00:00,386.27
2026-02-02 18:15:00,362.78
2026-02-02 18:30:00,343.0
2026-02-02 18:45:00,302.89
2026-02-02 19:00:00,419.41
2026-02-02 19:15:00,400.02
2026-02-02 19:30:00,373.36
2026-02-02 19:45:00,343.01
2026-02-02 20:00:00,397.99
2026-02-02 20:15:00,381.3
2026-02-02 20:30:00,343.0
2026-02-02 20:45:00,260.25
2026-02-02 21:00:00,332.92
2026-02-02 21:15:00,256.73
2026-02-02 21:30:00,200.19
2026-02-02 21:45:00,178.59
2026-02-02 22:00:00,236.35
2026-02-02 22:15:00,250.06
2026-02-02 22:30:00,224.15
2026-02-02 22:45:00,189.44
2026-02-02 23:00:00,238.12
2026-02-02 23:15:00,217.44
2026-02-02 23:30:00,183.37
2026-02-02 23:45:00,177.59
2026-02-03 00:00:00,201.66
2026-02-03 00:15:00,178.6
2026-02-03 00:30:00,177.6
2026-02-03 00:45:00,164.5
2026-02-03 01:00:00,106.69
2026-02-03 01:15:00,168.62
2026-02-03 01:30:00,150.05
2026-02-03 01:45:00,150.05
2026-02-03 02:00:00,150.06
2026-02-03 02:15:00,150.07
2026-02-03 02:30:00,150.06
2026-02-03 02:45:00,150.06
2026-02-03 03:00:00,150.06
2026-02-03 03:15:00,150.06
2026-02-03 03:30:00,150.06
2026-02-03 03:45:00,150.06
2026-02-03 04:00:00,145.12
2026-02-03 04:15:00,150.05
2026-02-03 04:30:00,150.06
2026-02-03 04:45:00,155.0
2026-02-03 05:00:00,150.07
2026-02-03 05:15:00,189.0
2026-02-03 05:30:00,201.65
2026-02-03 05:45:00,300.19
2026-02-03 06:00:00,177.6
2026-02-03 06:15:00,250.11
2026-02-03 06:30:00,400.08
2026-02-03 06:45:00,486.01
2026-02-03 07:00:00,403.33
2026-02-03 07:15:00,486.01
2026-02-03 07:30:00,500.42
2026-02-03 07:45:00,533.42
2026-02-03 08:00:00,444.68
2026-02-03 08:15:00,484.38
2026-02-03 08:30:00,499.99
2026-02-03 08:45:00,490.0
2026-02-03 09:00:00,461.29
2026-02-03 09:15:00,484.47
2026-02-03 09:30:00,484.48
2026-02-03 09:45:00,485.27
2026-02-03 10:00:00,444.91
2026-02-03 10:15:00,445.19
2026-02-03 10:30:00,474.36
2026-02-03 10:45:00,471.08
2026-02-03 11:00:00,444.72
2026-02-03 11:15:00,445.03
2026-02-03 11:30:00,500.48
2026-02-03 11:45:00,523.7
2026-02-03 12:00:00,426.91
2026-02-03 12:15:00,423.8
2026-02-03 12:30:00,445.19
2026-02-03 12:45:00,474.44
2026-02-03 13:00:00,489.99
2026-02-03 13:15:00,490.0
2026-02-03 13:30:00,489.99
2026-02-03 13:45:00,489.99
2026-02-03 14:00:00,444.46
2026-02-03 14:15:00,444.58
2026-02-03 14:30:00,444.7
2026-02-03 14:45:00,456.33
2026-02-03 15:00:00,483.06
2026-02-03 15:15:00,484.42
2026-02-03 15:30:00,484.43
2026-02-03 15:45:00,486.0
2026-02-03 16:00:00,486.01
2026-02-03 16:15:00,500.03
2026-02-03 16:30:00,500.44
2026-02-03 16:45:00,501.43
2026-02-03 17:00:00,655.48
2026-02-03 17:15:00,649.58
2026-02-03 17:30:00,600.0
2026-02-03 17:45:00,552.77
2026-02-03 18:00:00,500.47
2026-02-03 18:15:00,500.0
2026-02-03 18:30:00,486.01
2026-02-03 18:45:00,483.06
2026-02-03 19:00:00,501.0
2026-02-03 19:15:00,500.54
2026-02-03 19:30:00,490.51
2026-02-03 19:45:00,484.53
2026-02-03 20:00:00,527.03
2026-02-03 20:15:00,500.54
2026-02-03 20:30:00,486.01
2026-02-03 20:45:00,445.28
2026-02-03 21:00:00,492.22
2026-02-03 21:15:00,457.24
2026-02-03 21:30:00,383.41
2026-02-03 21:45:00,274.29
2026-02-03 22:00:00,344.26
2026-02-03 22:15:00,390.0
2026-02-03 22:30:00,325.08
2026-02-03 22:45:00,250.11
2026-02-03 23:00:00,486.01
2026-02-03 23:15:00,445.15
2026-02-03 23:30:00,342.1
2026-02-03 23:45:00,234.76
2026-02-04 00:00:00,300.21
2026-02-04 00:15:00,289.99
2026-02-04 00:30:00,250.03
2026-02-04 00:45:00,233.07
2026-02-04 01:00:00,213.3
2026-02-04 01:15:00,191.81
2026-02-04 01:30:00,183.69
2026-02-04 01:45:00,182.5
2026-02-04 02:00:00,182.5
2026-02-04 02:15:00,182.49
2026-02-04 02:30:00,154.15
2026-02-04 02:45:00,150.08
2026-02-04 03:00:00,150.09
2026-02-04 03:15:00,150.09
2026-02-04 03:30:00,150.08
2026-02-04 03:45:00,150.07
2026-02-04 04:00:00,150.06
2026-02-04 04:15:00,150.07
2026-02-04 04:30:00,156.61
2026-02-04 04:45:00,182.49
2026-02-04 05:00:00,150.06
2026-02-04 05:15:00,152.04
2026-02-04 05:30:00,183.7
2026-02-04 05:45:00,224.14
2026-02-04 06:00:00,150.05
2026-02-04 06:15:00,191.23
2026-02-04 06:30:00,254.0
2026-02-04 06:45:00,400.01
2026-02-04 07:00:00,200.11
2026-02-04 07:15:00,292.38
2026-02-04 07:30:00,343.58
2026-02-04 07:45:00,364.77
2026-02-04 08:00:00,289.99
2026-02-04 08:15:00,325.9
2026-02-04 08:30:00,339.14
2026-02-04 08:45:00,325.06
2026-02-04 09:00:00,339.29
2026-02-04 09:15:00,325.04
2026-02-04 09:30:00,299.35
2026-02-04 09:45:00,260.19
2026-02-04 10:00:00,340.22
2026-02-04 10:15:00,300.12
2026-02-04 10:30:00,300.14
2026-02-04 10:45:00,277.64
2026-02-04 11:00:00,260.2
2026-02-04 11:15:00,250.08
2026-02-04 11:30:00,235.44
2026-02-04 11:45:00,228.62
2026-02-04 12:00:00,250.15
2026-02-04 12:15:00,227.97
2026-02-04 12:30:00,224.12
2026-02-04 12:45:00,224.93
2026-02-04 13:00:00,208.52
2026-02-04 13:15:00,200.11
2026-02-04 13:30:00,257.0
2026-02-04 13:45:00,258.23
2026-02-04 14:00:00,260.19
2026-02-04 14:15:00,248.27
2026-02-04 14:30:00,231.72
2026-02-04 14:45:00,212.16
2026-02-04 15:00:00,200.11
2026-02-04 15:15:00,191.74
2026-02-04 15:30:00,183.7
2026-02-04 15:45:00,173.92
2026-02-04 16:00:00,169.13
2026-02-04 16:15:00,171.5
2026-02-04 16:30:00,182.49
2026-02-04 16:45:00,172.0
2026-02-04 17:00:00,183.69
2026-02-04 17:15:00,183.7
2026-02-04 17:30:00,172.7
2026-02-04 17:45:00,180.22
2026-02-04 18:00:00,200.11
2026-02-04 18:15:00,191.7
2026-02-04 18:30:00,183.7
2026-02-04 18:45:00,183.69
2026-02-04 19:00:00,183.69
2026-02-04 19:15:00,182.49
2026-02-04 19:30:00,159.65
2026-02-04 19:45:00,151.31
2026-02-04 20:00:00,156.3
2026-02-04 20:15:00,155.64
2026-02-04 20:30:00,155.62
2026-02-04 20:45:00,139.29
2026-02-04 21:00:00,146.16
2026-02-04 21:15:00,146.3
2026-02-04 21:30:00,116.86
2026-02-04 21:45:00,103.08
2026-02-04 22:00:00,136.96
2026-02-04 22:15:00,150.07
2026-02-04 22:30:00,147.77
2026-02-04 22:45:00,125.44
2026-02-04 23:00:00,141.94
2026-02-04 23:15:00,106.31
2026-02-04 23:30:00,93.71
2026-02-04 23:45:00,87.94
2026-02-05 00:00:00,97.7
2026-02-05 00:15:00,89.81
2026-02-05 00:30:00,83.8
2026-02-05 00:45:00,78.12
2026-02-05 01:00:00,118.08
2026-02-05 01:15:00,96.96
2026-02-05 01:30:00,91.94
2026-02-05 01:45:00,93.11
2026-02-05 02:00:00,91.34
2026-02-05 02:15:00,91.06
2026-02-05 02:30:00,90.1
2026-02-05 02:45:00,88.15
2026-02-05 03:00:00,88.78
2026-02-05 03:15:00,89.0
2026-02-05 03:30:00,90.01
2026-02-05 03:45:00,90.66
2026-02-05 04:00:00,89.94
2026-02-05 04:15:00,91.98
2026-02-05 04:30:00,92.77
2026-02-05 04:45:00,93.38
2026-02-05 05:00:00,92.58
2026-02-05 05:15:00,93.71
2026-02-05 05:30:00,103.99
2026-02-05 05:45:00,96.21
2026-02-05 06:00:00,87.82
2026-02-05 06:15:00,93.55
2026-02-05 06:30:00,104.0
2026-02-05 06:45:00,178.89
2026-02-05 07:00:00,101.58
2026-02-05 07:15:00,116.11
2026-02-05 07:30:00,150.04
2026-02-05 07:45:00,173.55
2026-02-05 08:00:00,120.94
2026-02-05 08:15:00,150.07
2026-02-05 08:30:00,181.39
2026-02-05 08:45:00,187.95
2026-02-05 09:00:00,190.29
2026-02-05 09:15:00,200.16
2026-02-05 09:30:00,203.06
2026-02-05 09:45:00,204.86
2026-02-05 10:00:00,189.57
2026-02-05 10:15:00,194.52
2026-02-05 10:30:00,202.94
2026-02-05 10:45:00,214.64
2026-02-05 11:00:00,192.99
2026-02-05 11:15:00,200.02
2026-02-05 11:30:00,200.45
2026-02-05 11:45:00,207.03
2026-02-05 12:00:00,203.27
2026-02-05 12:15:00,204.74
2026-02-05 12:30:00,224.16
2026-02-05 12:45:00,224.17
2026-02-05 13:00:00,219.01
2026-02-05 13:15:00,223.79
2026-02-05 13:30:00,215.29
2026-02-05 13:45:00,215.26
2026-02-05 14:00:00,206.97
2026-02-05 14:15:00,209.66
2026-02-05 14:30:00,224.18
2026-02-05 14:45:00,224.18
2026-02-05 15:00:00,202.34
2026-02-05 15:15:00,202.33
2026-02-05 15:30:00,200.15
2026-02-05 15:45:00,200.15
2026-02-05 16:00:00,183.33
2026-02-05 16:15:00,200.14
2026-02-05 16:30:00,202.57
2026-02-05 16:45:00,214.5
2026-02-05 17:00:00,208.42
2026-02-05 17:15:00,215.45
2026-02-05 17:30:00,224.15
2026-02-05 17:45:00,224.58
2026-02-05 18:00:00,198.1
2026-02-05 18:15:00,200.1
2026-02-05 18:30:00,202.11
2026-02-05 18:45:00,200.08
2026-02-05 19:00:00,213.65
2026-02-05 19:15:00,202.74
2026-02-05 19:30:00,202.79
2026-02-05 19:45:00,200.11
2026-02-05 20:00:00,224.14
2026-02-05 20:15:00,202.95
2026-02-05 20:30:00,200.11
2026-02-05 20:45:00,173.27
2026-02-05 21:00:00,159.63
2026-02-05 21:15:00,150.04
2026-02-05 21:30:00,132.26
2026-02-05 21:45:00,119.41
2026-02-05 22:00:00,150.03
2026-02-05 22:15:00,150.04
2026-02-05 22:30:00,145.22
2026-02-05 22:45:00,125.0
2026-02-05 23:00:00,179.08
2026-02-05 23:15:00,150.05
2026-02-05 23:30:00,138.21
2026-02-05 23:45:00,109.13
2026-02-06 00:00:00,139.05
2026-02-06 00:15:00,124.47
2026-02-06 00:30:00,98.89
2026-02-06 00:45:00,94.59
2026-02-06 01:00:00,150.03
2026-02-06 01:15:00,141.49
2026-02-06 01:30:00,134.29
2026-02-06 01:45:00,120.94
2026-02-06 02:00:00,135.45
2026-02-06 02:15:00,127.17
2026-02-06 02:30:00,123.11
2026-02-06 02:45:00,110.0
2026-02-06 03:00:00,114.43
2026-02-06 03:15:00,101.89
2026-02-06 03:30:00,101.5
2026-02-06 03:45:00,105.78
2026-02-06 04:00:00,106.25
2026-02-06 04:15:00,124.32
2026-02-06 04:30:00,120.53
2026-02-06 04:45:00,128.9
2026-02-06 05:00:00,101.73
2026-02-06 05:15:00,134.35
2026-02-06 05:30:00,150.06
2026-02-06 05:45:00,198.64
2026-02-06 06:00:00,122.84
2026-02-06 06:15:00,180.99
2026-02-06 06:30:00,235.82
2026-02-06 06:45:00,325.08
2026-02-06 07:00:00,190.58
2026-02-06 07:15:00,246.48
2026-02-06 07:30:00,300.19
2026-02-06 07:45:00,330.6
2026-02-06 08:00:00,250.13
2026-02-06 08:15:00,290.6
2026-02-06 08:30:00,308.47
2026-02-06 08:45:00,325.08
2026-02-06 09:00:00,334.59
2026-02-06 09:15:00,350.22
2026-02-06 09:30:00,353.0
2026-02-06 09:45:00,344.21
2026-02-06 10:00:00,305.76
2026-02-06 10:15:00,325.06
2026-02-06 10:30:00,344.22
2026-02-06 10:45:00,344.22
2026-02-06 11:00:00,302.2
2026-02-06 11:15:00,288.09
2026-02-06 11:30:00,273.99
2026-02-06 11:45:00,258.5
2026-02-06 12:00:00,303.39
2026-02-06 12:15:00,300.03
2026-02-06 12:30:00,288.29
2026-02-06 12:45:00,258.61
2026-02-06 13:00:00,254.43
2026-02-06 13:15:00,232.17
2026-02-06 13:30:00,224.1
2026-02-06 13:45:00,223.41
2026-02-06 14:00:00,224.1
2026-02-06 14:15:00,224.09
2026-02-06 14:30:00,221.61
2026-02-06 14:45:00,181.0
2026-02-06 15:00:00,200.09
2026-02-06 15:15:00,181.0
2026-02-06 15:30:00,179.99
2026-02-06 15:45:00,155.11
2026-02-06 16:00:00,166.24
2026-02-06 16:15:00,174.7
2026-02-06 16:30:00,170.28
2026-02-06 16:45:00,174.54
2026-02-06 17:00:00,169.81
2026-02-06 17:15:00,197.29
2026-02-06 17:30:00,203.49
2026-02-06 17:45:00,197.28
2026-02-06 18:00:00,200.08
2026-02-06 18:15:00,201.71
2026-02-06 18:30:00,200.07
2026-02-06 18:45:00,194.17
2026-02-06 19:00:00,198.03
2026-02-06 19:15:00,192.08
2026-02-06 19:30:00,186.25
2026-02-06 19:45:00,175.49
2026-02-06 20:00:00,200.07
2026-02-06 20:15:00,181.0
2026-02-06 20:30:00,181.0
2026-02-06 20:45:00,172.04
2026-02-06 21:00:00,180.99
2026-02-06 21:15:00,158.58
2026-02-06 21:30:00,150.04
2026-02-06 21:45:00,144.13
2026-02-06 22:00:00,140.51
2026-02-06 22:15:00,131.19
2026-02-06 22:30:00,134.05
2026-02-06 22:45:00,150.03
2026-02-06 23:00:00,180.99
2026-02-06 23:15:00,150.04
2026-02-06 23:30:00,137.72
2026-02-06 23:45:00,131.14
2026-02-07 00:00:00,131.29
2026-02-07 00:15:00,128.45
2026-02-07 00:30:00,119.52
2026-02-07 00:45:00,101.5
2026-02-07 01:00:00,149.06
2026-02-07 01:15:00,138.54
2026-02-07 01:30:00,132.8
2026-02-07 01:45:00,122.01
2026-02-07 02:00:00,137.32
2026-02-07 02:15:00,126.2
2026-02-07 02:30:00,112.84
2026-02-07 02:45:00,103.7
2026-02-07 03:00:00,125.6
2026-02-07 03:15:00,104.52
2026-02-07 03:30:00,103.7
2026-02-07 03:45:00,103.7
2026-02-07 04:00:00,122.98
2026-02-07 04:15:00,120.19
2026-02-07 04:30:00,103.7
2026-02-07 04:45:00,99.98
2026-02-07 05:00:00,121.61
2026-02-07 05:15:00,110.73
2026-02-07 05:30:00,109.83
2026-02-07 05:45:00,103.69
2026-02-07 06:00:00,124.73
2026-02-07 06:15:00,114.97
2026-02-07 06:30:00,121.09
2026-02-07 06:45:00,119.26
2026-02-07 07:00:00,103.7
2026-02-07 07:15:00,108.14
2026-02-07 07:30:00,117.29
2026-02-07 07:45:00,127.73
2026-02-07 08:00:00,122.01
2026-02-07 08:15:00,126.98
2026-02-07 08:30:00,133.05
2026-02-07 08:45:00,149.06
2026-02-07 09:00:00,120.88
2026-02-07 09:15:00,126.96
2026-02-07 09:30:00,160.03
2026-02-07 09:45:00,168.24
2026-02-07 10:00:00,127.22
2026-02-07 10:15:00,122.27
2026-02-07 10:30:00,123.44
2026-02-07 10:45:00,131.58
2026-02-07 11:00:00,179.39
2026-02-07 11:15:00,115.4
2026-02-07 11:30:00,125.1
2026-02-07 11:45:00,131.92
2026-02-07 12:00:00,117.46
2026-02-07 12:15:00,122.78
2026-02-07 12:30:00,125.11
2026-02-07 12:45:00,129.67
2026-02-07 13:00:00,173.32
2026-02-07 13:15:00,125.09
2026-02-07 13:30:00,123.45
2026-02-07 13:45:00,118.19
2026-02-07 14:00:00,125.06
2026-02-07 14:15:00,123.12
2026-02-07 14:30:00,121.17
2026-02-07 14:45:00,122.0
2026-02-07 15:00:00,126.73
2026-02-07 15:15:00,123.75
2026-02-07 15:30:00,125.08
2026-02-07 15:45:00,124.28
2026-02-07 16:00:00,114.6
2026-02-07 16:15:00,113.87
2026-02-07 16:30:00,124.32
2026-02-07 16:45:00,127.28
2026-02-07 17:00:00,119.39
2026-02-07 17:15:00,133.5
2026-02-07 17:30:00,140.58
2026-02-07 17:45:00,142.65
2026-02-07 18:00:00,131.29
2026-02-07 18:15:00,134.13
2026-02-07 18:30:00,140.14
2026-02-07 18:45:00,142.8
2026-02-07 19:00:00,140.47
2026-02-07 19:15:00,138.14
2026-02-07 19:30:00,135.49
2026-02-07 19:45:00,133.75
2026-02-07 20:00:00,132.18
2026-02-07 20:15:00,133.5
2026-02-07 20:30:00,128.18
2026-02-07 20:45:00,121.26
2026-02-07 21:00:00,130.45
2026-02-07 21:15:00,122.7
2026-02-07 21:30:00,118.54
2026-02-07 21:45:00,108.33
2026-02-07 22:00:00,117.99
2026-02-07 22:15:00,148.02
2026-02-07 22:30:00,137.79
2026-02-07 22:45:00,134.0
2026-02-07 23:00:00,140.85
2026-02-07 23:15:00,124.73
2026-02-07 23:30:00,105.13
2026-02-07 23:45:00,103.69
2026-02-08 00:00:00,128.95
2026-02-08 00:15:00,120.56
2026-02-08 00:30:00,103.7
2026-02-08 00:45:00,103.69
2026-02-08 01:00:00,150.03
2026-02-08 01:15:00,149.06
2026-02-08 01:30:00,104.0
2026-02-08 01:45:00,103.99
2026-02-08 02:00:00,150.04
2026-02-08 02:15:00,150.03
2026-02-08 02:30:00,116.01
2026-02-08 02:45:00,103.99
2026-02-08 03:00:00,150.04
2026-02-08 03:15:00,125.1
2026-02-08 03:30:00,104.0
2026-02-08 03:45:00,103.99
2026-02-08 04:00:00,142.73
2026-02-08 04:15:00,104.0
2026-02-08 04:30:00,104.0
2026-02-08 04:45:00,103.99
2026-02-08 05:00:00,125.11
2026-02-08 05:15:00,104.0
2026-02-08 05:30:00,104.0
2026-02-08 05:45:00,107.05
2026-02-08 06:00:00,110.07
2026-02-08 06:15:00,116.23
2026-02-08 06:30:00,124.2
2026-02-08 06:45:00,131.99
2026-02-08 07:00:00,104.0
2026-02-08 07:15:00,104.0
2026-02-08 07:30:00,124.62
2026-02-08 07:45:00,147.46
2026-02-08 08:00:00,103.99
2026-02-08 08:15:00,104.0
2026-02-08 08:30:00,108.12
2026-02-08 08:45:00,132.41
2026-02-08 09:00:00,103.99
2026-02-08 09:15:00,104.0
2026-02-08 09:30:00,126.95
2026-02-08 09:45:00,145.17
2026-02-08 10:00:00,106.12
2026-02-08 10:15:00,124.19
2026-02-08 10:30:00,125.57
2026-02-08 10:45:00,124.2
2026-02-08 11:00:00,114.32
2026-02-08 11:15:00,124.19
2026-02-08 11:30:00,124.2
2026-02-08 11:45:00,126.99
2026-02-08 12:00:00,124.2
2026-02-08 12:15:00,124.19
2026-02-08 12:30:00,104.49
2026-02-08 12:45:00,104.0
2026-02-08 13:00:00,124.19
2026-02-08 13:15:00,112.02
2026-02-08 13:30:00,104.0
2026-02-08 13:45:00,104.0
2026-02-08 14:00:00,108.0
2026-02-08 14:15:00,104.0
2026-02-08 14:30:00,104.0
2026-02-08 14:45:00,104.0
2026-02-08 15:00:00,108.01
2026-02-08 15:15:00,104.0
2026-02-08 15:30:00,104.0
2026-02-08 15:45:00,104.0
2026-02-08 16:00:00,103.99
2026-02-08 16:15:00,103.99
2026-02-08 16:30:00,106.78
2026-02-08 16:45:00,117.46
2026-02-08 17:00:00,104.0
2026-02-08 17:15:00,110.99
2026-02-08 17:30:00,118.62
2026-02-08 17:45:00,125.8
2026-02-08 18:00:00,122.36
2026-02-08 18:15:00,128.16
2026-02-08 18:30:00,133.07
2026-02-08 18:45:00,135.75
2026-02-08 19:00:00,130.98
2026-02-08 19:15:00,134.53
2026-02-08 19:30:00,134.14
2026-02-08 19:45:00,131.33
2026-02-08 20:00:00,134.59
2026-02-08 20:15:00,131.14
2026-02-08 20:30:00,125.18
2026-02-08 20:45:00,120.24
2026-02-08 21:00:00,124.36
2026-02-08 21:15:00,114.64
2026-02-08 21:30:00,109.92
2026-02-08 21:45:00,106.08
2026-02-08 22:00:00,115.02
2026-02-08 22:15:00,110.19
2026-02-08 22:30:00,108.36
2026-02-08 22:45:00,104.56
2026-02-08 23:00:00,107.65
2026-02-08 23:15:00,106.55
2026-02-08 23:30:00,104.14
2026-02-08 23:45:00,101.93
2026-02-09 00:00:00,106.24
2026-02-09 00:15:00,101.71
2026-02-09 00:30:00,100.28
2026-02-09 00:45:00,94.86
2026-02-09 01:00:00,101.1
2026-02-09 01:15:00,99.91
2026-02-09 01:30:00,97.93
2026-02-09 01:45:00,96.86
2026-02-09 02:00:00,101.36
2026-02-09 02:15:00,97.93
2026-02-09 02:30:00,97.31
2026-02-09 02:45:00,96.02
2026-02-09 03:00:00,97.66
2026-02-09 03:15:00,97.52
2026-02-09 03:30:00,98.26
2026-02-09 03:45:00,98.9
2026-02-09 04:00:00,97.94
2026-02-09 04:15:00,97.07
2026-02-09 04:30:00,97.72
2026-02-09 04:45:00,99.12
2026-02-09 05:00:00,95.79
2026-02-09 05:15:00,97.53
2026-02-09 05:30:00,99.74
2026-02-09 05:45:00,100.9
2026-02-09 06:00:00,97.24
2026-02-09 06:15:00,102.79
2026-02-09 06:30:00,107.41
2026-02-09 06:45:00,119.53
2026-02-09 07:00:00,186.35
2026-02-09 07:15:00,282.5
2026-02-09 07:30:00,141.46
2026-02-09 07:45:00,169.52
2026-02-09 08:00:00,149.39
2026-02-09 08:15:00,250.0
2026-02-09 08:30:00,289.99
2026-02-09 08:45:00,299.99
2026-02-09 09:00:00,256.0
2026-02-09 09:15:00,267.07
2026-02-09 09:30:00,250.0
2026-02-09 09:45:00,198.09
2026-02-09 10:00:00,270.59
2026-02-09 10:15:00,273.41
2026-02-09 10:30:00,271.01
2026-02-09 10:45:00,250.01
2026-02-09 11:00:00,224.08
2026-02-09 11:15:00,208.44
2026-02-09 11:30:00,224.1
2026-02-09 11:45:00,228.03
2026-02-09 12:00:00,189.3
2026-02-09 12:15:00,188.94
2026-02-09 12:30:00,191.0
2026-02-09 12:45:00,190.99
2026-02-09 13:00:00,231.0
2026-02-09 13:15:00,233.04
2026-02-09 13:30:00,231.0
2026-02-09 13:45:00,231.0
2026-02-09 14:00:00,225.29
2026-02-09 14:15:00,229.94
2026-02-09 14:30:00,236.82
2026-02-09 14:45:00,247.77
2026-02-09 15:00:00,224.14
2026-02-09 15:15:00,223.76
2026-02-09 15:30:00,224.12
2026-02-09 15:45:00,224.11
2026-02-09 16:00:00,200.1
2026-02-09 16:15:00,224.13
2026-02-09 16:30:00,250.01
2026-02-09 16:45:00,250.11
2026-02-09 17:00:00,240.87
2026-02-09 17:15:00,248.2
2026-02-09 17:30:00,231.0
2026-02-09 17:45:00,235.77
2026-02-09 18:00:00,231.0
2026-02-09 18:15:00,240.8
2026-02-09 18:30:00,250.71
2026-02-09 18:45:00,249.57
2026-02-09 19:00:00,250.0
2026-02-09 19:15:00,235.82
2026-02-09 19:30:00,205.45
2026-02-09 19:45:00,182.32
2026-02-09 20:00:00,244.36
2026-02-09 20:15:00,213.62
2026-02-09 20:30:00,185.18
2026-02-09 20:45:00,157.14
2026-02-09 21:00:00,173.68
2026-02-09 21:15:00,151.99
2026-02-09 21:30:00,143.02
2026-02-09 21:45:00,128.99
2026-02-09 22:00:00,150.0
2026-02-09 22:15:00,146.25
2026-02-09 22:30:00,134.46
2026-02-09 22:45:00,122.62
2026-02-09 23:00:00,134.13
2026-02-09 23:15:00,128.16
2026-02-09 23:30:00,126.07
2026-02-09 23:45:00,116.59
2026-02-10 00:00:00,120.01
2026-02-10 00:15:00,112.69
2026-02-10 00:30:00,109.93
2026-02-10 00:45:00,108.83
2026-02-10 01:00:00,118.13
2026-02-10 01:15:00,113.2
2026-02-10 01:30:00,128.66
2026-02-10 01:45:00,120.03
2026-02-10 02:00:00,124.78
2026-02-10 02:15:00,127.24
2026-02-10 02:30:00,115.01
2026-02-10 02:45:00,112.96
2026-02-10 03:00:00,130.6
2026-02-10 03:15:00,119.03
2026-02-10 03:30:00,117.24
2026-02-10 03:45:00,115.0
2026-02-10 04:00:00,110.17
2026-02-10 04:15:00,111.59
2026-02-10 04:30:00,120.05
2026-02-10 04:45:00,138.23
2026-02-10 05:00:00,108.96
2026-02-10 05:15:00,112.63
2026-02-10 05:30:00,108.41
2026-02-10 05:45:00,150.04
2026-02-10 06:00:00,107.56
2026-02-10 06:15:00,150.05
2026-02-10 06:30:00,150.05
2026-02-10 06:45:00,200.1
2026-02-10 07:00:00,150.06
2026-02-10 07:15:00,200.14
2026-02-10 07:30:00,248.26
2026-02-10 07:45:00,300.12
2026-02-10 08:00:00,193.0
2026-02-10 08:15:00,257.54
2026-02-10 08:30:00,299.88
2026-02-10 08:45:00,348.56
2026-02-10 09:00:00,300.73
2026-02-10 09:15:00,316.45
2026-02-10 09:30:00,319.22
2026-02-10 09:45:00,334.25
2026-02-10 10:00:00,324.84
2026-02-10 10:15:00,335.46
2026-02-10 10:30:00,319.71
2026-02-10 10:45:00,321.23
2026-02-10 11:00:00,258.56
2026-02-10 11:15:00,249.01
2026-02-10 11:30:00,300.82
2026-02-10 11:45:00,290.81
2026-02-10 12:00:00,271.36
2026-02-10 12:15:00,250.07
2026-02-10 12:30:00,243.92
2026-02-10 12:45:00,233.58
2026-02-10 13:00:00,261.48
2026-02-10 13:15:00,250.11
2026-02-10 13:30:00,249.71
2026-02-10 13:45:00,238.39
2026-02-10 14:00:00,206.39
2026-02-10 14:15:00,200.44
2026-02-10 14:30:00,198.98
2026-02-10 14:45:00,195.93
2026-02-10 15:00:00,185.68
2026-02-10 15:15:00,167.12
2026-02-10 15:30:00,163.54
2026-02-10 15:45:00,173.72
2026-02-10 16:00:00,175.1
2026-02-10 16:15:00,191.78
2026-02-10 16:30:00,195.92
2026-02-10 16:45:00,211.86
2026-02-10 17:00:00,220.2
2026-02-10 17:15:00,250.01
2026-02-10 17:30:00,228.05
2026-02-10 17:45:00,258.66
2026-02-10 18:00:00,289.75
2026-02-10 18:15:00,299.85
2026-02-10 18:30:00,274.7
2026-02-10 18:45:00,251.73
2026-02-10 19:00:00,337.86
2026-02-10 19:15:00,307.09
2026-02-10 19:30:00,259.44
2026-02-10 19:45:00,221.84
2026-02-10 20:00:00,228.38
2026-02-10 20:15:00,200.36
2026-02-10 20:30:00,290.0
2026-02-10 20:45:00,250.0
2026-02-10 21:00:00,319.7
2026-02-10 21:15:00,250.01
2026-02-10 21:30:00,149.99
2026-02-10 21:45:00,143.34
2026-02-10 22:00:00,248.59
2026-02-10 22:15:00,165.29
2026-02-10 22:30:00,150.03
2026-02-10 22:45:00,150.03
2026-02-10 23:00:00,150.02
2026-02-10 23:15:00,118.46
2026-02-10 23:30:00,118.13
2026-02-10 23:45:00,111.93
2026-02-11 00:00:00,111.1
2026-02-11 00:15:00,108.12
2026-02-11 00:30:00,104.6
2026-02-11 00:45:00,102.62
2026-02-11 01:00:00,249.4
2026-02-11 01:15:00,107.83
2026-02-11 01:30:00,106.11
2026-02-11 01:45:00,105.89
2026-02-11 02:00:00,105.9
2026-02-11 02:15:00,105.9
2026-02-11 02:30:00,105.89
2026-02-11 02:45:00,105.89
2026-02-11 03:00:00,105.9
2026-02-11 03:15:00,105.9
2026-02-11 03:30:00,105.89
2026-02-11 03:45:00,105.89
2026-02-11 04:00:00,100.39
2026-02-11 04:15:00,100.39
2026-02-11 04:30:00,100.39
2026-02-11 04:45:00,100.4
2026-02-11 05:00:00,105.89
2026-02-11 05:15:00,105.89
2026-02-11 05:30:00,105.9
2026-02-11 05:45:00,122.93
2026-02-11 06:00:00,105.9
2026-02-11 06:15:00,233.4
2026-02-11 06:30:00,300.08
2026-02-11 06:45:00,150.04
2026-02-11 07:00:00,193.4
2026-02-11 07:15:00,273.39
2026-02-11 07:30:00,290.0
2026-02-11 07:45:00,390.0
2026-02-11 08:00:00,193.4
2026-02-11 08:15:00,249.41
2026-02-11 08:30:00,275.0
2026-02-11 08:45:00,289.99
2026-02-11 09:00:00,275.0
2026-02-11 09:15:00,277.17
2026-02-11 09:30:00,289.99
2026-02-11 09:45:00,275.43
2026-02-11 10:00:00,272.5
2026-02-11 10:15:00,273.39
2026-02-11 10:30:00,273.39
2026-02-11 10:45:00,265.6
2026-02-11 11:00:00,262.42
2026-02-11 11:15:00,249.41
2026-02-11 11:30:00,273.39
2026-02-11 11:45:00,250.0
2026-02-11 12:00:00,193.4
2026-02-11 12:15:00,193.4
2026-02-11 12:30:00,193.39
2026-02-11 12:45:00,193.4
2026-02-11 13:00:00,249.4
2026-02-11 13:15:00,249.41
2026-02-11 13:30:00,241.31
2026-02-11 13:45:00,248.8
2026-02-11 14:00:00,275.0
2026-02-11 14:15:00,273.39
2026-02-11 14:30:00,273.39
2026-02-11 14:45:00,273.39
2026-02-11 15:00:00,249.81
2026-02-11 15:15:00,250.08
2026-02-11 15:30:00,250.08
2026-02-11 15:45:00,250.03
2026-02-11 16:00:00,249.41
2026-02-11 16:15:00,249.41
2026-02-11 16:30:00,249.41
2026-02-11 16:45:00,249.41
2026-02-11 17:00:00,233.4
2026-02-11 17:15:00,249.4
2026-02-11 17:30:00,250.07
2026-02-11 17:45:00,273.39
2026-02-11 18:00:00,289.99
2026-02-11 18:15:00,275.01
2026-02-11 18:30:00,275.01
2026-02-11 18:45:00,250.05
2026-02-11 19:00:00,289.99
2026-02-11 19:15:00,275.0
2026-02-11 19:30:00,250.02
2026-02-11 19:45:00,233.4
2026-02-11 20:00:00,290.0
2026-02-11 20:15:00,275.0
2026-02-11 20:30:00,249.41
2026-02-11 20:45:00,233.39
2026-02-11 21:00:00,249.41
2026-02-11 21:15:00,193.4
2026-02-11 21:30:00,134.2
2026-02-11 21:45:00,120.7
2026-02-11 22:00:00,124.55
2026-02-11 22:15:00,125.0
2026-02-11 22:30:00,111.78
2026-02-11 22:45:00,108.76
2026-02-11 23:00:00,132.34
2026-02-11 23:15:00,115.1
2026-02-11 23:30:00,105.9
2026-02-11 23:45:00,104.2
2026-02-12 00:00:00,107.23
2026-02-12 00:15:00,101.87
2026-02-12 00:30:00,99.95
2026-02-12 00:45:00,105.89
2026-02-12 01:00:00,140.09
2026-02-12 01:15:00,150.06
2026-02-12 01:30:00,136.07
2026-02-12 01:45:00,103.6
2026-02-12 02:00:00,126.45
2026-02-12 02:15:00,123.17
2026-02-12 02:30:00,112.14
2026-02-12 02:45:00,107.53
2026-02-12 03:00:00,116.05
2026-02-12 03:15:00,113.79
2026-02-12 03:30:00,108.47
2026-02-12 03:45:00,103.6
2026-02-12 04:00:00,100.93
2026-02-12 04:15:00,98.8
2026-02-12 04:30:00,100.8
2026-02-12 04:45:00,103.59
2026-02-12 05:00:00,98.86
2026-02-12 05:15:00,103.59
2026-02-12 05:30:00,122.81
2026-02-12 05:45:00,150.07
2026-02-12 06:00:00,115.73
2026-02-12 06:15:00,114.5
2026-02-12 06:30:00,150.07
2026-02-12 06:45:00,200.06
2026-02-12 07:00:00,155.09
2026-02-12 07:15:00,200.15
2026-02-12 07:30:00,179.78
2026-02-12 07:45:00,200.09
2026-02-12 08:00:00,155.07
2026-02-12 08:15:00,200.04
2026-02-12 08:30:00,200.09
2026-02-12 08:45:00,250.03
2026-02-12 09:00:00,200.03
2026-02-12 09:15:00,226.4
2026-02-12 09:30:00,213.27
2026-02-12 09:45:00,217.01
2026-02-12 10:00:00,200.07
2026-02-12 10:15:00,200.07
2026-02-12 10:30:00,224.09
2026-02-12 10:45:00,224.09
2026-02-12 11:00:00,200.07
2026-02-12 11:15:00,207.29
2026-02-12 11:30:00,200.07
2026-02-12 11:45:00,200.09
2026-02-12 12:00:00,191.76
2026-02-12 12:15:00,173.86
2026-02-12 12:30:00,194.53
2026-02-12 12:45:00,200.0
2026-02-12 13:00:00,162.97
2026-02-12 13:15:00,158.3
2026-02-12 13:30:00,247.38
2026-02-12 13:45:00,243.74
2026-02-12 14:00:00,200.1
2026-02-12 14:15:00,200.1
2026-02-12 14:30:00,200.06
2026-02-12 14:45:00,200.09
2026-02-12 15:00:00,200.1
2026-02-12 15:15:00,200.1
2026-02-12 15:30:00,200.01
2026-02-12 15:45:00,172.99
2026-02-12 16:00:00,190.89
2026-02-12 16:15:00,190.9
2026-02-12 16:30:00,190.9
2026-02-12 16:45:00,200.01
2026-02-12 17:00:00,229.47
2026-02-12 17:15:00,230.89
2026-02-12 17:30:00,233.29
2026-02-12 17:45:00,226.58
2026-02-12 18:00:00,230.89
2026-02-12 18:15:00,224.06
2026-02-12 18:30:00,204.04
2026-02-12 18:45:00,200.03
2026-02-12 19:00:00,230.89
2026-02-12 19:15:00,221.96
2026-02-12 19:30:00,200.07
2026-02-12 19:45:00,187.57
2026-02-12 20:00:00,224.11
2026-02-12 20:15:00,200.08
2026-02-12 20:30:00,155.25
2026-02-12 20:45:00,150.65
2026-02-12 21:00:00,167.67
2026-02-12 21:15:00,151.04
2026-02-12 21:30:00,149.54
2026-02-12 21:45:00,131.85
2026-02-12 22:00:00,150.03
2026-02-12 22:15:00,150.04
2026-02-12 22:30:00,133.64
2026-02-12 22:45:00,118.37
2026-02-12 23:00:00,150.03
2026-02-12 23:15:00,128.03
2026-02-12 23:30:00,112.86
2026-02-12 23:45:00,103.6
2026-02-13 00:00:00,123.15
2026-02-13 00:15:00,109.15
2026-02-13 00:30:00,103.6
2026-02-13 00:45:00,110.29
2026-02-13 01:00:00,103.27
2026-02-13 01:15:00,139.64
2026-02-13 01:30:00,103.3
2026-02-13 01:45:00,100.09
2026-02-13 02:00:00,137.33
2026-02-13 02:15:00,103.62
2026-02-13 02:30:00,103.29
2026-02-13 02:45:00,98.4
2026-02-13 03:00:00,117.7
2026-02-13 03:15:00,103.3
2026-02-13 03:30:00,103.29
2026-02-13 03:45:00,98.7
2026-02-13 04:00:00,98.69
2026-02-13 04:15:00,98.56
2026-02-13 04:30:00,98.55
2026-02-13 04:45:00,98.77
2026-02-13 05:00:00,94.54
2026-02-13 05:15:00,97.99
2026-02-13 05:30:00,103.29
2026-02-13 05:45:00,140.3
2026-02-13 06:00:00,95.69
2026-02-13 06:15:00,148.34
2026-02-13 06:30:00,159.26
2026-02-13 06:45:00,200.09
2026-02-13 07:00:00,159.35
2026-02-13 07:15:00,166.71
2026-02-13 07:30:00,193.4
2026-02-13 07:45:00,185.56
2026-02-13 08:00:00,194.16
2026-02-13 08:15:00,193.41
2026-02-13 08:30:00,190.59
2026-02-13 08:45:00,174.5
2026-02-13 09:00:00,180.12
2026-02-13 09:15:00,180.06
2026-02-13 09:30:00,180.02
2026-02-13 09:45:00,190.0
2026-02-13 10:00:00,169.31
2026-02-13 10:15:00,176.17
2026-02-13 10:30:00,187.88
2026-02-13 10:45:00,184.94
2026-02-13 11:00:00,172.8
2026-02-13 11:15:00,169.65
2026-02-13 11:30:00,175.85
2026-02-13 11:45:00,167.38
2026-02-13 12:00:00,152.48
2026-02-13 12:15:00,160.07
2026-02-13 12:30:00,165.0
2026-02-13 12:45:00,165.01
2026-02-13 13:00:00,166.02
2026-02-13 13:15:00,168.75
2026-02-13 13:30:00,172.54
2026-02-13 13:45:00,165.03
2026-02-13 14:00:00,158.95
2026-02-13 14:15:00,150.67
2026-02-13 14:30:00,150.0
2026-02-13 14:45:00,150.0
2026-02-13 15:00:00,150.0
2026-02-13 15:15:00,150.0
2026-02-13 15:30:00,150.0
2026-02-13 15:45:00,150.0
2026-02-13 16:00:00,150.0
2026-02-13 16:15:00,150.0
2026-02-13 16:30:00,151.89
2026-02-13 16:45:00,157.0
2026-02-13 17:00:00,150.0
2026-02-13 17:15:00,165.0
2026-02-13 17:30:00,190.59
2026-02-13 17:45:00,193.93
2026-02-13 18:00:00,199.98
2026-02-13 18:15:00,197.7
2026-02-13 18:30:00,193.51
2026-02-13 18:45:00,185.7
2026-02-13 19:00:00,200.0
2026-02-13 19:15:00,193.93
2026-02-13 19:30:00,171.31
2026-02-13 19:45:00,144.99
2026-02-13 20:00:00,180.75
2026-02-13 20:15:00,149.99
2026-02-13 20:30:00,136.87
2026-02-13 20:45:00,125.13
2026-02-13 21:00:00,146.41
2026-02-13 21:15:00,133.86
2026-02-13 21:30:00,124.96
2026-02-13 21:45:00,117.33
2026-02-13 22:00:00,130.61
2026-02-13 22:15:00,124.86
2026-02-13 22:30:00,117.59
2026-02-13 22:45:00,109.29
2026-02-13 23:00:00,124.73
2026-02-13 23:15:00,113.83
2026-02-13 23:30:00,109.38
2026-02-13 23:45:00,106.04
2026-02-14 00:00:00,109.33
2026-02-14 00:15:00,106.09
2026-02-14 00:30:00,103.98
2026-02-14 00:45:00,103.59
2026-02-14 01:00:00,106.78
2026-02-14 01:15:00,104.77
2026-02-14 01:30:00,105.57
2026-02-14 01:45:00,106.56
2026-02-14 02:00:00,105.03
2026-02-14 02:15:00,105.03
2026-02-14 02:30:00,105.06
2026-02-14 02:45:00,104.61
2026-02-14 03:00:00,104.44
2026-02-14 03:15:00,104.09
2026-02-14 03:30:00,104.24
2026-02-14 03:45:00,103.65
2026-02-14 04:00:00,102.91
2026-02-14 04:15:00,103.44
2026-02-14 04:30:00,103.62
2026-02-14 04:45:00,103.58
2026-02-14 05:00:00,103.56
2026-02-14 05:15:00,103.42
2026-02-14 05:30:00,102.87
2026-02-14 05:45:00,103.05
2026-02-14 06:00:00,100.34
2026-02-14 06:15:00,102.63
2026-02-14 06:30:00,99.29
2026-02-14 06:45:00,101.82
2026-02-14 07:00:00,101.05
2026-02-14 07:15:00,103.57
2026-02-14 07:30:00,105.08
2026-02-14 07:45:00,106.18
2026-02-14 08:00:00,106.39
2026-02-14 08:15:00,108.22
2026-02-14 08:30:00,108.62
2026-02-14 08:45:00,118.09
2026-02-14 09:00:00,108.69
2026-02-14 09:15:00,120.1
2026-02-14 09:30:00,142.52
2026-02-14 09:45:00,152.5
2026-02-14 10:00:00,130.01
2026-02-14 10:15:00,140.21
2026-02-14 10:30:00,143.47
2026-02-14 10:45:00,143.22
2026-02-14 11:00:00,130.91
2026-02-14 11:15:00,130.01
2026-02-14 11:30:00,119.84
2026-02-14 11:45:00,125.93
2026-02-14 12:00:00,130.02
2026-02-14 12:15:00,110.23
2026-02-14 12:30:00,108.92
2026-02-14 12:45:00,127.24
2026-02-14 13:00:00,130.02
2026-02-14 13:15:00,115.23
2026-02-14 13:30:00,117.23
2026-02-14 13:45:00,107.8
2026-02-14 14:00:00,130.03
2026-02-14 14:15:00,114.08
2026-02-14 14:30:00,130.03
2026-02-14 14:45:00,130.03
2026-02-14 15:00:00,130.03
2026-02-14 15:15:00,130.03
2026-02-14 15:30:00,112.13
2026-02-14 15:45:00,107.89
2026-02-14 16:00:00,105.02
2026-02-14 16:15:00,106.08
2026-02-14 16:30:00,111.17
2026-02-14 16:45:00,130.02
2026-02-14 17:00:00,121.05
2026-02-14 17:15:00,134.09
2026-02-14 17:30:00,147.12
2026-02-14 17:45:00,149.31
2026-02-14 18:00:00,148.0
2026-02-14 18:15:00,155.58
2026-02-14 18:30:00,150.04
2026-02-14 18:45:00,151.28
2026-02-14 19:00:00,160.56
2026-02-14 19:15:00,150.15
2026-02-14 19:30:00,140.59
2026-02-14 19:45:00,136.69
2026-02-14 20:00:00,150.05
2026-02-14 20:15:00,135.47
2026-02-14 20:30:00,132.75
2026-02-14 20:45:00,129.2
2026-02-14 21:00:00,135.9
2026-02-14 21:15:00,132.37
2026-02-14 21:30:00,123.17
2026-02-14 21:45:00,121.82
2026-02-14 22:00:00,131.01
2026-02-14 22:15:00,124.55
2026-02-14 22:30:00,119.39
2026-02-14 22:45:00,111.51
2026-02-14 23:00:00,124.21
2026-02-14 23:15:00,117.68
2026-02-14 23:30:00,108.89
2026-02-14 23:45:00,106.39
2026-02-15 00:00:00,107.92
2026-02-15 00:15:00,106.66
2026-02-15 00:30:00,103.65
2026-02-15 00:45:00,99.33
2026-02-15 01:00:00,109.64
2026-02-15 01:15:00,104.37
2026-02-15 01:30:00,105.35
2026-02-15 01:45:00,105.01
2026-02-15 02:00:00,107.71
2026-02-15 02:15:00,104.87
2026-02-15 02:30:00,104.37
2026-02-15 02:45:00,102.52
2026-02-15 03:00:00,105.65
2026-02-15 03:15:00,107.65
2026-02-15 03:30:00,108.89
2026-02-15 03:45:00,106.63
2026-02-15 04:00:00,109.14
2026-02-15 04:15:00,107.71
2026-02-15 04:30:00,105.8
2026-02-15 04:45:00,104.45
2026-02-15 05:00:00,109.14
2026-02-15 05:15:00,107.14
2026-02-15 05:30:00,102.66
2026-02-15 05:45:00,117.59
2026-02-15 06:00:00,106.76
2026-02-15 06:15:00,101.61
2026-02-15 06:30:00,101.61
2026-02-15 06:45:00,101.54
2026-02-15 07:00:00,99.07
2026-02-15 07:15:00,101.46
2026-02-15 07:30:00,117.59
2026-02-15 07:45:00,117.6
2026-02-15 08:00:00,117.59
2026-02-15 08:15:00,125.95
2026-02-15 08:30:00,185.21
2026-02-15 08:45:00,241.47
2026-02-15 09:00:00,184.59
2026-02-15 09:15:00,185.21
2026-02-15 09:30:00,216.81
2026-02-15 09:45:00,224.59
2026-02-15 10:00:00,184.59
2026-02-15 10:15:00,184.6
2026-02-15 10:30:00,184.6
2026-02-15 10:45:00,184.6
2026-02-15 11:00:00,184.6
2026-02-15 11:15:00,184.59
2026-02-15 11:30:00,184.59
2026-02-15 11:45:00,176.52
2026-02-15 12:00:00,184.6
2026-02-15 12:15:00,169.74
2026-02-15 12:30:00,146.17
2026-02-15 12:45:00,145.1
2026-02-15 13:00:00,184.6
2026-02-15 13:15:00,184.59
2026-02-15 13:30:00,184.6
2026-02-15 13:45:00,184.6
2026-02-15 14:00:00,140.42
2026-02-15 14:15:00,117.6
2026-02-15 14:30:00,117.6
2026-02-15 14:45:00,117.6
2026-02-15 15:00:00,137.4
2026-02-15 15:15:00,184.59
2026-02-15 15:30:00,185.21
2026-02-15 15:45:00,230.06
2026-02-15 16:00:00,185.21
2026-02-15 16:15:00,235.78
2026-02-15 16:30:00,289.99
2026-02-15 16:45:00,325.04
2026-02-15 17:00:00,153.17
2026-02-15 17:15:00,185.21
2026-02-15 17:30:00,250.07
2026-02-15 17:45:00,258.58
2026-02-15 18:00:00,296.01
2026-02-15 18:15:00,290.0
2026-02-15 18:30:00,285.7
2026-02-15 18:45:00,224.6
2026-02-15 19:00:00,264.59
2026-02-15 19:15:00,224.59
2026-02-15 19:30:00,185.2
2026-02-15 19:45:00,146.96
2026-02-15 20:00:00,145.92
2026-02-15 20:15:00,159.83
2026-02-15 20:30:00,163.59
2026-02-15 20:45:00,141.72
2026-02-15 21:00:00,224.59
2026-02-15 21:15:00,184.6
2026-02-15 21:30:00,157.78
2026-02-15 21:45:00,132.39
2026-02-15 22:00:00,184.59
2026-02-15 22:15:00,132.87
2026-02-15 22:30:00,122.34
2026-02-15 22:45:00,107.5
2026-02-15 23:00:00,113.89
2026-02-15 23:15:00,111.99
2026-02-15 23:30:00,111.04
2026-02-15 23:45:00,106.58
2026-02-16 00:00:00,106.64
2026-02-16 00:15:00,99.4
2026-02-16 00:30:00,74.78
2026-02-16 00:45:00,53.08
2026-02-16 01:00:00,154.86
2026-02-16 01:15:00,110.0
2026-02-16 01:30:00,97.7
2026-02-16 01:45:00,97.69
2026-02-16 02:00:00,97.7
2026-02-16 02:15:00,97.69
2026-02-16 02:30:00,97.69
2026-02-16 02:45:00,97.69
2026-02-16 03:00:00,97.69
2026-02-16 03:15:00,97.69
2026-02-16 03:30:00,93.6
2026-02-16 03:45:00,93.6
2026-02-16 04:00:00,73.89
2026-02-16 04:15:00,77.91
2026-02-16 04:30:00,79.84
2026-02-16 04:45:00,93.59
2026-02-16 05:00:00,81.02
2026-02-16 05:15:00,93.6
2026-02-16 05:30:00,97.7
2026-02-16 05:45:00,184.59
2026-02-16 06:00:00,71.4
2026-02-16 06:15:00,93.59
2026-02-16 06:30:00,97.7
2026-02-16 06:45:00,188.78
2026-02-16 07:00:00,97.7
2026-02-16 07:15:00,224.6
2026-02-16 07:30:00,224.6
2026-02-16 07:45:00,290.0
2026-02-16 08:00:00,258.28
2026-02-16 08:15:00,325.07
2026-02-16 08:30:00,400.0
2026-02-16 08:45:00,390.0
2026-02-16 09:00:00,290.0
2026-02-16 09:15:00,308.41
2026-02-16 09:30:00,325.1
2026-02-16 09:45:00,325.1
2026-02-16 10:00:00,299.99
2026-02-16 10:15:00,277.2
2026-02-16 10:30:00,208.27
2026-02-16 10:45:00,249.01
2026-02-16 11:00:00,250.06
2026-02-16 11:15:00,236.77
2026-02-16 11:30:00,224.6
2026-02-16 11:45:00,224.59
2026-02-16 12:00:00,263.37
2026-02-16 12:15:00,250.01
2026-02-16 12:30:00,224.6
2026-02-16 12:45:00,224.6
2026-02-16 13:00:00,233.37
2026-02-16 13:15:00,250.01
2026-02-16 13:30:00,250.02
2026-02-16 13:45:00,250.02
2026-02-16 14:00:00,205.07
2026-02-16 14:15:00,224.59
2026-02-16 14:30:00,250.01
2026-02-16 14:45:00,250.06
2026-02-16 15:00:00,264.59
2026-02-16 15:15:00,264.6
2026-02-16 15:30:00,300.0
2026-02-16 15:45:00,320.93
2026-02-16 16:00:00,300.0
2026-02-16 16:15:00,300.0
2026-02-16 16:30:00,308.4
2026-02-16 16:45:00,325.02
2026-02-16 17:00:00,325.1
2026-02-16 17:15:00,389.99
2026-02-16 17:30:00,383.73
2026-02-16 17:45:00,325.1
2026-02-16 18:00:00,325.1
2026-02-16 18:15:00,300.0
2026-02-16 18:30:00,264.59
2026-02-16 18:45:00,182.28
2026-02-16 19:00:00,264.6
2026-02-16 19:15:00,148.2
2026-02-16 19:30:00,150.5
2026-02-16 19:45:00,139.39
2026-02-16 20:00:00,142.37
2026-02-16 20:15:00,134.24
2026-02-16 20:30:00,157.85
2026-02-16 20:45:00,138.12
2026-02-16 21:00:00,156.27
2026-02-16 21:15:00,97.7
2026-02-16 21:30:00,93.6
2026-02-16 21:45:00,66.11
2026-02-16 22:00:00,129.83
2026-02-16 22:15:00,112.35
2026-02-16 22:30:00,107.24
2026-02-16 22:45:00,93.6
2026-02-16 23:00:00,64.68
2026-02-16 23:15:00,63.91
2026-02-16 23:30:00,63.0
2026-02-16 23:45:00,61.86
2026-02-17 00:00:00,62.94
2026-02-17 00:15:00,61.4
2026-02-17 00:30:00,59.22
2026-02-17 00:45:00,56.78
2026-02-17 01:00:00,46.0
2026-02-17 01:15:00,47.62
2026-02-17 01:30:00,46.11
2026-02-17 01:45:00,45.98
2026-02-17 02:00:00,50.64
2026-02-17 02:15:00,51.05
2026-02-17 02:30:00,50.74
2026-02-17 02:45:00,52.19
2026-02-17 03:00:00,46.67
2026-02-17 03:15:00,48.67
2026-02-17 03:30:00,49.72
2026-02-17 03:45:00,53.01
2026-02-17 04:00:00,46.06
2026-02-17 04:15:00,48.84
2026-02-17 04:30:00,52.65
2026-02-17 04:45:00,54.28
2026-02-17 05:00:00,45.12
2026-02-17 05:15:00,51.06
2026-02-17 05:30:00,59.4
2026-02-17 05:45:00,72.77
2026-02-17 06:00:00,47.15
2026-02-17 06:15:00,69.15
2026-02-17 06:30:00,84.58
2026-02-17 06:45:00,102.52
2026-02-17 07:00:00,82.99
2026-02-17 07:15:00,100.16
2026-02-17 07:30:00,102.92
2026-02-17 07:45:00,114.39
2026-02-17 08:00:00,113.21
2026-02-17 08:15:00,147.38
2026-02-17 08:30:00,142.82
2026-02-17 08:45:00,148.49
2026-02-17 09:00:00,154.95
2026-02-17 09:15:00,153.52
2026-02-17 09:30:00,153.53
2026-02-17 09:45:00,131.5
2026-02-17 10:00:00,160.26
2026-02-17 10:15:00,151.02
2026-02-17 10:30:00,137.71
2026-02-17 10:45:00,116.08
2026-02-17 11:00:00,120.68
2026-02-17 11:15:00,117.69
2026-02-17 11:30:00,110.49
2026-02-17 11:45:00,105.84
2026-02-17 12:00:00,106.54
2026-02-17 12:15:00,104.35
2026-02-17 12:30:00,98.33
2026-02-17 12:45:00,99.98
2026-02-17 13:00:00,107.88
2026-02-17 13:15:00,111.78
2026-02-17 13:30:00,107.31
2026-02-17 13:45:00,113.1
2026-02-17 14:00:00,106.45
2026-02-17 14:15:00,112.67
2026-02-17 14:30:00,121.86
2026-02-17 14:45:00,122.02
2026-02-17 15:00:00,89.08
2026-02-17 15:15:00,93.33
2026-02-17 15:30:00,145.3
2026-02-17 15:45:00,157.56
2026-02-17 16:00:00,108.0
2026-02-17 16:15:00,116.15
2026-02-17 16:30:00,117.21
2026-02-17 16:45:00,120.05
2026-02-17 17:00:00,113.25
2026-02-17 17:15:00,122.92
2026-02-17 17:30:00,130.66
2026-02-17 17:45:00,148.1
2026-02-17 18:00:00,138.07
2026-02-17 18:15:00,139.8
2026-02-17 18:30:00,150.64
2026-02-17 18:45:00,136.64
2026-02-17 19:00:00,128.49
2026-02-17 19:15:00,129.43
2026-02-17 19:30:00,141.63
2026-02-17 19:45:00,144.14
2026-02-17 20:00:00,143.44
2026-02-17 20:15:00,138.62
2026-02-17 20:30:00,131.39
2026-02-17 20:45:00,125.56
2026-02-17 21:00:00,127.04
2026-02-17 21:15:00,118.06
2026-02-17 21:30:00,114.46
2026-02-17 21:45:00,111.68
2026-02-17 22:00:00,116.64
2026-02-17 22:15:00,110.0
2026-02-17 22:30:00,101.34
2026-02-17 22:45:00,87.75
2026-02-17 23:00:00,100.75
2026-02-17 23:15:00,97.87
2026-02-17 23:30:00,91.36
2026-02-17 23:45:00,88.66
2026-02-18 00:00:00,93.52
2026-02-18 00:15:00,89.95
2026-02-18 00:30:00,87.55
2026-02-18 00:45:00,84.88
2026-02-18 01:00:00,106.75
2026-02-18 01:15:00,77.22
2026-02-18 01:30:00,78.99
2026-02-18 01:45:00,81.31
2026-02-18 02:00:00,82.57
2026-02-18 02:15:00,81.58
2026-02-18 02:30:00,83.39
2026-02-18 02:45:00,85.69
2026-02-18 03:00:00,85.0
2026-02-18 03:15:00,90.01
2026-02-18 03:30:00,84.43
2026-02-18 03:45:00,88.83
2026-02-18 04:00:00,82.43
2026-02-18 04:15:00,83.24
2026-02-18 04:30:00,87.62
2026-02-18 04:45:00,92.28
2026-02-18 05:00:00,88.89
2026-02-18 05:15:00,92.59
2026-02-18 05:30:00,94.37
2026-02-18 05:45:00,95.83
2026-02-18 06:00:00,96.72
2026-02-18 06:15:00,96.92
2026-02-18 06:30:00,104.46
2026-02-18 06:45:00,113.83
2026-02-18 07:00:00,101.09
2026-02-18 07:15:00,114.56
2026-02-18 07:30:00,133.89
2026-02-18 07:45:00,156.64
2026-02-18 08:00:00,148.46
2026-02-18 08:15:00,173.59
2026-02-18 08:30:00,192.14
2026-02-18 08:45:00,206.08
2026-02-18 09:00:00,206.42
2026-02-18 09:15:00,209.69
2026-02-18 09:30:00,193.77
2026-02-18 09:45:00,180.59
2026-02-18 10:00:00,160.13
2026-02-18 10:15:00,163.19
2026-02-18 10:30:00,169.69
2026-02-18 10:45:00,190.01
2026-02-18 11:00:00,185.07
2026-02-18 11:15:00,179.96
2026-02-18 11:30:00,188.28
2026-02-18 11:45:00,180.6
2026-02-18 12:00:00,150.28
2026-02-18 12:15:00,142.83
2026-02-18 12:30:00,135.47
2026-02-18 12:45:00,132.45
2026-02-18 13:00:00,152.4
2026-02-18 13:15:00,150.19
2026-02-18 13:30:00,142.98
2026-02-18 13:45:00,135.21
2026-02-18 14:00:00,138.08
2026-02-18 14:15:00,136.25
2026-02-18 14:30:00,135.97
2026-02-18 14:45:00,136.3
2026-02-18 15:00:00,136.18
2026-02-18 15:15:00,136.27
2026-02-18 15:30:00,135.4
2026-02-18 15:45:00,138.92
2026-02-18 16:00:00,130.35
2026-02-18 16:15:00,169.69
2026-02-18 16:30:00,169.7
2026-02-18 16:45:00,200.0
2026-02-18 17:00:00,200.0
2026-02-18 17:15:00,199.99
2026-02-18 17:30:00,209.69
2026-02-18 17:45:00,164.53
2026-02-18 18:00:00,168.26
2026-02-18 18:15:00,184.2
2026-02-18 18:30:00,189.5
2026-02-18 18:45:00,189.8
2026-02-18 19:00:00,185.89
2026-02-18 19:15:00,182.31
2026-02-18 19:30:00,164.44
2026-02-18 19:45:00,182.32
2026-02-18 20:00:00,183.19
2026-02-18 20:15:00,187.91
2026-02-18 20:30:00,179.95
2026-02-18 20:45:00,169.69
2026-02-18 21:00:00,179.05
2026-02-18 21:15:00,169.7
2026-02-18 21:30:00,121.05
2026-02-18 21:45:00,115.63
2026-02-18 22:00:00,155.75
2026-02-18 22:15:00,120.07
2026-02-18 22:30:00,119.83
2026-02-18 22:45:00,111.53
2026-02-18 23:00:00,129.43
2026-02-18 23:15:00,117.54
2026-02-18 23:30:00,111.15
2026-02-18 23:45:00,105.25
2026-02-19 00:00:00,107.86
2026-02-19 00:15:00,106.19
2026-02-19 00:30:00,104.16
2026-02-19 00:45:00,101.01
2026-02-19 01:00:00,101.85
2026-02-19 01:15:00,101.69
2026-02-19 01:30:00,101.19
2026-02-19 01:45:00,101.22
2026-02-19 02:00:00,100.49
2026-02-19 02:15:00,100.8
2026-02-19 02:30:00,101.43
2026-02-19 02:45:00,102.11
2026-02-19 03:00:00,100.09
2026-02-19 03:15:00,100.74
2026-02-19 03:30:00,100.82
2026-02-19 03:45:00,101.24
2026-02-19 04:00:00,100.07
2026-02-19 04:15:00,100.25
2026-02-19 04:30:00,100.78
2026-02-19 04:45:00,100.94
2026-02-19 05:00:00,100.16
2026-02-19 05:15:00,101.2
2026-02-19 05:30:00,102.11
2026-02-19 05:45:00,169.8
2026-02-19 06:00:00,100.12
2026-02-19 06:15:00,102.29
2026-02-19 06:30:00,135.1
2026-02-19 06:45:00,194.21
2026-02-19 07:00:00,105.41
2026-02-19 07:15:00,128.07
2026-02-19 07:30:00,154.16
2026-02-19 07:45:00,294.09
2026-02-19 08:00:00,248.3
2026-02-19 08:15:00,347.47
2026-02-19 08:30:00,397.89
2026-02-19 08:45:00,415.44
2026-02-19 09:00:00,436.01
2026-02-19 09:15:00,489.26
2026-02-19 09:30:00,489.3
2026-02-19 09:45:00,435.67
2026-02-19 10:00:00,402.51
2026-02-19 10:15:00,385.87
2026-02-19 10:30:00,359.95
2026-02-19 10:45:00,311.21
2026-02-19 11:00:00,303.29
2026-02-19 11:15:00,239.21
2026-02-19 11:30:00,224.02
2026-02-19 11:45:00,194.18
2026-02-19 12:00:00,222.44
2026-02-19 12:15:00,194.56
2026-02-19 12:30:00,151.01
2026-02-19 12:45:00,150.02
2026-02-19 13:00:00,166.97
2026-02-19 13:15:00,150.0
2026-02-19 13:30:00,186.52
2026-02-19 13:45:00,156.69
2026-02-19 14:00:00,169.8
2026-02-19 14:15:00,159.51
2026-02-19 14:30:00,158.15
2026-02-19 14:45:00,150.14
2026-02-19 15:00:00,150.14
2026-02-19 15:15:00,169.79
2026-02-19 15:30:00,169.8
2026-02-19 15:45:00,178.75
2026-02-19 16:00:00,150.05
2026-02-19 16:15:00,150.04
2026-02-19 16:30:00,156.52
2026-02-19 16:45:00,163.53
2026-02-19 17:00:00,193.01
2026-02-19 17:15:00,200.11
2026-02-19 17:30:00,200.07
2026-02-19 17:45:00,205.23
2026-02-19 18:00:00,200.04
2026-02-19 18:15:00,229.47
2026-02-19 18:30:00,236.52
2026-02-19 18:45:00,234.37
2026-02-19 19:00:00,217.06
2026-02-19 19:15:00,201.87
2026-02-19 19:30:00,199.27
2026-02-19 19:45:00,170.0
2026-02-19 20:00:00,180.08
2026-02-19 20:15:00,179.88
2026-02-19 20:30:00,167.74
2026-02-19 20:45:00,150.07
2026-02-19 21:00:00,193.04
2026-02-19 21:15:00,156.33
2026-02-19 21:30:00,141.85
2026-02-19 21:45:00,129.96
2026-02-19 22:00:00,150.07
2026-02-19 22:15:00,150.1
2026-02-19 22:30:00,150.08
2026-02-19 22:45:00,150.08
2026-02-19 23:00:00,167.47
2026-02-19 23:15:00,150.07
2026-02-19 23:30:00,120.16
2026-02-19 23:45:00,102.53
2026-02-20 00:00:00,124.29
2026-02-20 00:15:00,108.72
2026-02-20 00:30:00,97.3
2026-02-20 00:45:00,91.69
2026-02-20 01:00:00,189.46
2026-02-20 01:15:00,150.07
2026-02-20 01:30:00,109.78
2026-02-20 01:45:00,98.99
2026-02-20 02:00:00,100.71
2026-02-20 02:15:00,98.99
2026-02-20 02:30:00,94.4
2026-02-20 02:45:00,93.69
2026-02-20 03:00:00,92.94
2026-02-20 03:15:00,93.22
2026-02-20 03:30:00,94.39
2026-02-20 03:45:00,91.09
2026-02-20 04:00:00,90.13
2026-02-20 04:15:00,88.75
2026-02-20 04:30:00,90.53
2026-02-20 04:45:00,91.76
2026-02-20 05:00:00,88.1
2026-02-20 05:15:00,87.64
2026-02-20 05:30:00,89.72
2026-02-20 05:45:00,110.0
2026-02-20 06:00:00,88.82
2026-02-20 06:15:00,98.99
2026-02-20 06:30:00,167.97
2026-02-20 06:45:00,211.2
2026-02-20 07:00:00,149.54
2026-02-20 07:15:00,200.11
2026-02-20 07:30:00,211.19
2026-02-20 07:45:00,219.94
2026-02-20 08:00:00,165.67
2026-02-20 08:15:00,200.39
2026-02-20 08:30:00,200.15
2026-02-20 08:45:00,200.19
2026-02-20 09:00:00,200.18
2026-02-20 09:15:00,193.1
2026-02-20 09:30:00,199.46
2026-02-20 09:45:00,200.11
2026-02-20 10:00:00,200.19
2026-02-20 10:15:00,184.11
2026-02-20 10:30:00,156.47
2026-02-20 10:45:00,150.0
2026-02-20 11:00:00,188.6
2026-02-20 11:15:00,150.12
2026-02-20 11:30:00,113.52
2026-02-20 11:45:00,94.4
2026-02-20 12:00:00,149.99
2026-02-20 12:15:00,99.0
2026-02-20 12:30:00,94.4
2026-02-20 12:45:00,91.93
2026-02-20 13:00:00,121.48
2026-02-20 13:15:00,137.09
2026-02-20 13:30:00,94.4
2026-02-20 13:45:00,98.99
2026-02-20 14:00:00,98.96
2026-02-20 14:15:00,94.4
2026-02-20 14:30:00,87.09
2026-02-20 14:45:00,83.88
2026-02-20 15:00:00,94.39
2026-02-20 15:15:00,91.03
2026-02-20 15:30:00,91.9
2026-02-20 15:45:00,92.1
2026-02-20 16:00:00,98.99
2026-02-20 16:15:00,98.99
2026-02-20 16:30:00,99.0
2026-02-20 16:45:00,105.08
2026-02-20 17:00:00,116.9
2026-02-20 17:15:00,130.65
2026-02-20 17:30:00,136.95
2026-02-20 17:45:00,128.92
2026-02-20 18:00:00,99.0
2026-02-20 18:15:00,99.0
2026-02-20 18:30:00,98.99
2026-02-20 18:45:00,83.53
2026-02-20 19:00:00,149.53
2026-02-20 19:15:00,157.71
2026-02-20 19:30:00,156.79
2026-02-20 19:45:00,99.0
2026-02-20 20:00:00,128.9
2026-02-20 20:15:00,99.0
2026-02-20 20:30:00,98.99
2026-02-20 20:45:00,62.84
2026-02-20 21:00:00,94.4
2026-02-20 21:15:00,56.59
2026-02-20 21:30:00,52.77
2026-02-20 21:45:00,49.98
2026-02-20 22:00:00,54.7
2026-02-20 22:15:00,52.88
2026-02-20 22:30:00,48.0
2026-02-20 22:45:00,39.08
2026-02-20 23:00:00,53.81
2026-02-20 23:15:00,51.21
2026-02-20 23:30:00,43.04
2026-02-20 23:45:00,32.03
2026-02-21 00:00:00,43.82
2026-02-21 00:15:00,35.8
2026-02-21 00:30:00,33.61
2026-02-21 00:45:00,26.95
2026-02-21 01:00:00,10.29
2026-02-21 01:15:00,13.54
2026-02-21 01:30:00,15.24
2026-02-21 01:45:00,15.22
2026-02-21 02:00:00,15.27
2026-02-21 02:15:00,16.93
2026-02-21 02:30:00,18.69
2026-02-21 02:45:00,18.5
2026-02-21 03:00:00,18.82
2026-02-21 03:15:00,18.88
2026-02-21 03:30:00,21.16
2026-02-21 03:45:00,19.57
2026-02-21 04:00:00,21.69
2026-02-21 04:15:00,21.18
2026-02-21 04:30:00,22.89
2026-02-21 04:45:00,28.32
2026-02-21 05:00:00,19.55
2026-02-21 05:15:00,22.95
2026-02-21 05:30:00,27.38
2026-02-21 05:45:00,30.11
2026-02-21 06:00:00,18.82
2026-02-21 06:15:00,25.39
2026-02-21 06:30:00,33.75
2026-02-21 06:45:00,37.48
2026-02-21 07:00:00,20.31
2026-02-21 07:15:00,27.86
2026-02-21 07:30:00,31.83
2026-02-21 07:45:00,38.78
2026-02-21 08:00:00,32.21
2026-02-21 08:15:00,33.59
2026-02-21 08:30:00,40.52
2026-02-21 08:45:00,46.15
2026-02-21 09:00:00,37.89
2026-02-21 09:15:00,42.68
2026-02-21 09:30:00,52.37
2026-02-21 09:45:00,56.78
2026-02-21 10:00:00,56.93
2026-02-21 10:15:00,53.99
2026-02-21 10:30:00,58.52
2026-02-21 10:45:00,56.86
2026-02-21 11:00:00,62.97
2026-02-21 11:15:00,62.38
2026-02-21 11:30:00,58.35
2026-02-21 11:45:00,54.41
2026-02-21 12:00:00,63.24
2026-02-21 12:15:00,59.26
2026-02-21 12:30:00,58.44
2026-02-21 12:45:00,55.86
2026-02-21 13:00:00,68.4
2026-02-21 13:15:00,60.05
2026-02-21 13:30:00,55.92
2026-02-21 13:45:00,51.71
2026-02-21 14:00:00,58.77
2026-02-21 14:15:00,58.16
2026-02-21 14:30:00,52.13
2026-02-21 14:45:00,52.98
2026-02-21 15:00:00,45.97
2026-02-21 15:15:00,50.71
2026-02-21 15:30:00,59.1
2026-02-21 15:45:00,71.17
2026-02-21 16:00:00,49.33
2026-02-21 16:15:00,59.82
2026-02-21 16:30:00,77.49
2026-02-21 16:45:00,87.9
2026-02-21 17:00:00,65.83
2026-02-21 17:15:00,80.21
2026-02-21 17:30:00,85.25
2026-02-21 17:45:00,86.29
2026-02-21 18:00:00,85.52
2026-02-21 18:15:00,91.77
2026-02-21 18:30:00,83.38
2026-02-21 18:45:00,83.99
2026-02-21 19:00:00,98.7
2026-02-21 19:15:00,98.69
2026-02-21 19:30:00,98.29
2026-02-21 19:45:00,82.9
2026-02-21 20:00:00,85.69
2026-02-21 20:15:00,71.32
2026-02-21 20:30:00,85.4
2026-02-21 20:45:00,66.21
2026-02-21 21:00:00,98.3
2026-02-21 21:15:00,82.57
2026-02-21 21:30:00,59.58
2026-02-21 21:45:00,54.99
2026-02-21 22:00:00,74.72
2026-02-21 22:15:00,78.28
2026-02-21 22:30:00,70.45
2026-02-21 22:45:00,56.74
2026-02-21 23:00:00,78.44
2026-02-21 23:15:00,62.82
2026-02-21 23:30:00,46.96
2026-02-21 23:45:00,40.95
2026-02-22 00:00:00,50.51
2026-02-22 00:15:00,45.63
2026-02-22 00:30:00,43.6
2026-02-22 00:45:00,39.47
2026-02-22 01:00:00,36.81
2026-02-22 01:15:00,43.32
2026-02-22 01:30:00,40.59
2026-02-22 01:45:00,39.04
2026-02-22 02:00:00,45.17
2026-02-22 02:15:00,46.69
2026-02-22 02:30:00,43.75
2026-02-22 02:45:00,37.52
2026-02-22 03:00:00,43.51
2026-02-22 03:15:00,42.24
2026-02-22 03:30:00,38.25
2026-02-22 03:45:00,35.32
2026-02-22 04:00:00,35.83
2026-02-22 04:15:00,35.1
2026-02-22 04:30:00,42.2
2026-02-22 04:45:00,38.84
2026-02-22 05:00:00,34.39
2026-02-22 05:15:00,32.78
2026-02-22 05:30:00,38.85
2026-02-22 05:45:00,38.83
2026-02-22 06:00:00,35.97
2026-02-22 06:15:00,37.04
2026-02-22 06:30:00,35.6
2026-02-22 06:45:00,35.37
2026-02-22 07:00:00,30.78
2026-02-22 07:15:00,32.97
2026-02-22 07:30:00,36.3
2026-02-22 07:45:00,40.04
2026-02-22 08:00:00,34.13
2026-02-22 08:15:00,41.88
2026-02-22 08:30:00,43.14
2026-02-22 08:45:00,46.84
2026-02-22 09:00:00,43.88
2026-02-22 09:15:00,47.24
2026-02-22 09:30:00,48.61
2026-02-22 09:45:00,54.39
2026-02-22 10:00:00,51.37
2026-02-22 10:15:00,54.82
2026-02-22 10:30:00,56.22
2026-02-22 10:45:00,72.91
2026-02-22 11:00:00,59.44
2026-02-22 11:15:00,62.54
2026-02-22 11:30:00,71.64
2026-02-22 11:45:00,76.11
2026-02-22 12:00:00,64.19
2026-02-22 12:15:00,72.47
2026-02-22 12:30:00,75.13
2026-02-22 12:45:00,75.39
2026-02-22 13:00:00,71.84
2026-02-22 13:15:00,75.61
2026-02-22 13:30:00,74.41
2026-02-22 13:45:00,73.86
2026-02-22 14:00:00,74.52
2026-02-22 14:15:00,72.94
2026-02-22 14:30:00,74.21
2026-02-22 14:45:00,76.0
2026-02-22 15:00:00,77.85
2026-02-22 15:15:00,93.98
2026-02-22 15:30:00,98.18
2026-02-22 15:45:00,250.0
2026-02-22 16:00:00,100.82
2026-02-22 16:15:00,94.67
2026-02-22 16:30:00,101.76
2026-02-22 16:45:00,242.42
2026-02-22 17:00:00,219.89
2026-02-22 17:15:00,250.08
2026-02-22 17:30:00,110.84
2026-02-22 17:45:00,172.4
2026-02-22 18:00:00,108.39
2026-02-22 18:15:00,109.81
2026-02-22 18:30:00,133.96
2026-02-22 18:45:00,167.84
2026-02-22 19:00:00,109.35
2026-02-22 19:15:00,109.49
2026-02-22 19:30:00,108.39
2026-02-22 19:45:00,109.8
2026-02-22 20:00:00,108.39
2026-02-22 20:15:00,108.38
2026-02-22 20:30:00,212.4
2026-02-22 20:45:00,172.39
2026-02-22 21:00:00,155.62
2026-02-22 21:15:00,109.8
2026-02-22 21:30:00,109.81
2026-02-22 21:45:00,100.5
2026-02-22 22:00:00,250.09
2026-02-22 22:15:00,212.39
2026-02-22 22:30:00,100.49
2026-02-22 22:45:00,71.54
2026-02-22 23:00:00,100.5
2026-02-22 23:15:00,82.25
2026-02-22 23:30:00,70.98
2026-02-22 23:45:00,58.06
2026-02-23 00:00:00,100.49
2026-02-23 00:15:00,85.54
2026-02-23 00:30:00,54.33
2026-02-23 00:45:00,50.89
2026-02-23 01:00:00,100.49
2026-02-23 01:15:00,88.67
2026-02-23 01:30:00,72.82
2026-02-23 01:45:00,58.59
2026-02-23 02:00:00,82.78
2026-02-23 02:15:00,81.58
2026-02-23 02:30:00,70.12
2026-02-23 02:45:00,70.13
2026-02-23 03:00:00,55.47
2026-02-23 03:15:00,59.51
2026-02-23 03:30:00,60.01
2026-02-23 03:45:00,60.01
2026-02-23 04:00:00,51.54
2026-02-23 04:15:00,51.63
2026-02-23 04:30:00,72.82
2026-02-23 04:45:00,99.97
2026-02-23 05:00:00,51.17
2026-02-23 05:15:00,74.31
2026-02-23 05:30:00,98.95
2026-02-23 05:45:00,150.06
2026-02-23 06:00:00,80.98
2026-02-23 06:15:00,109.06
2026-02-23 06:30:00,172.4
2026-02-23 06:45:00,226.21
2026-02-23 07:00:00,150.12
2026-02-23 07:15:00,150.17
2026-02-23 07:30:00,158.04
2026-02-23 07:45:00,171.38
2026-02-23 08:00:00,150.08
2026-02-23 08:15:00,132.01
2026-02-23 08:30:00,150.08
2026-02-23 08:45:00,150.09
2026-02-23 09:00:00,150.0
2026-02-23 09:15:00,150.07
2026-02-23 09:30:00,150.08
2026-02-23 09:45:00,150.08
2026-02-23 10:00:00,129.59
2026-02-23 10:15:00,128.37
2026-02-23 10:30:00,127.02
2026-02-23 10:45:00,129.43
2026-02-23 11:00:00,130.3
2026-02-23 11:15:00,153.4
2026-02-23 11:30:00,150.15
2026-02-23 11:45:00,150.1
2026-02-23 12:00:00,145.4
2026-02-23 12:15:00,150.01
2026-02-23 12:30:00,146.73
2026-02-23 12:45:00,146.72
2026-02-23 13:00:00,149.99
2026-02-23 13:15:00,150.02
2026-02-23 13:30:00,150.0
2026-02-23 13:45:00,149.07
2026-02-23 14:00:00,149.49
2026-02-23 14:15:00,138.31
2026-02-23 14:30:00,146.24
2026-02-23 14:45:00,146.24
2026-02-23 15:00:00,150.06
2026-02-23 15:15:00,150.06
2026-02-23 15:30:00,150.02
2026-02-23 15:45:00,143.92
2026-02-23 16:00:00,150.06
2026-02-23 16:15:00,150.06
2026-02-23 16:30:00,150.06
2026-02-23 16:45:00,150.06
2026-02-23 17:00:00,150.06
2026-02-23 17:15:00,150.07
2026-02-23 17:30:00,144.21
2026-02-23 17:45:00,141.33
2026-02-23 18:00:00,141.64
2026-02-23 18:15:00,148.64
2026-02-23 18:30:00,150.05
2026-02-23 18:45:00,142.58
2026-02-23 19:00:00,139.5
2026-02-23 19:15:00,142.77
2026-02-23 19:30:00,150.0
2026-02-23 19:45:00,142.0
2026-02-23 20:00:00,139.87
2026-02-23 20:15:00,139.88
2026-02-23 20:30:00,145.78
2026-02-23 20:45:00,133.81
2026-02-23 21:00:00,159.27
2026-02-23 21:15:00,145.1
2026-02-23 21:30:00,130.15
2026-02-23 21:45:00,119.43
2026-02-23 22:00:00,132.12
2026-02-23 22:15:00,147.06
2026-02-23 22:30:00,136.47
2026-02-23 22:45:00,120.49
2026-02-23 23:00:00,136.1
2026-02-23 23:15:00,109.98
2026-02-23 23:30:00,100.89
2026-02-23 23:45:00,113.52
2026-02-24 00:00:00,190.91
2026-02-24 00:15:00,172.39
2026-02-24 00:30:00,111.56
2026-02-24 00:45:00,100.5
2026-02-24 01:00:00,185.6
2026-02-24 01:15:00,143.24
2026-02-24 01:30:00,109.74
2026-02-24 01:45:00,101.1
2026-02-24 02:00:00,110.22
2026-02-24 02:15:00,101.1
2026-02-24 02:30:00,101.1
2026-02-24 02:45:00,101.09
2026-02-24 03:00:00,101.92
2026-02-24 03:15:00,101.1
2026-02-24 03:30:00,101.1
2026-02-24 03:45:00,101.1
2026-02-24 04:00:00,86.71
2026-02-24 04:15:00,88.33
2026-02-24 04:30:00,89.35
2026-02-24 04:45:00,92.26
2026-02-24 05:00:00,90.01
2026-02-24 05:15:00,90.42
2026-02-24 05:30:00,90.71
2026-02-24 05:45:00,101.1
2026-02-24 06:00:00,101.1
2026-02-24 06:15:00,167.68
2026-02-24 06:30:00,185.61
2026-02-24 06:45:00,185.61
2026-02-24 07:00:00,128.76
2026-02-24 07:15:00,144.11
2026-02-24 07:30:00,138.76
2026-02-24 07:45:00,128.45
2026-02-24 08:00:00,121.47
2026-02-24 08:15:00,132.6
2026-02-24 08:30:00,141.66
2026-02-24 08:45:00,149.99
2026-02-24 09:00:00,143.88
2026-02-24 09:15:00,150.59
2026-02-24 09:30:00,155.0
2026-02-24 09:45:00,154.46
2026-02-24 10:00:00,150.53
2026-02-24 10:15:00,150.39
2026-02-24 10:30:00,150.65
2026-02-24 10:45:00,149.92
2026-02-24 11:00:00,153.35
2026-02-24 11:15:00,141.27
2026-02-24 11:30:00,128.05
2026-02-24 11:45:00,117.31
2026-02-24 12:00:00,146.78
2026-02-24 12:15:00,126.57
2026-02-24 12:30:00,116.15
2026-02-24 12:45:00,105.75
2026-02-24 13:00:00,122.4
2026-02-24 13:15:00,120.01
2026-02-24 13:30:00,109.76
2026-02-24 13:45:00,103.74
2026-02-24 14:00:00,123.53
2026-02-24 14:15:00,120.35
2026-02-24 14:30:00,122.56
2026-02-24 14:45:00,123.04
2026-02-24 15:00:00,122.05
2026-02-24 15:15:00,121.39
2026-02-24 15:30:00,120.02
2026-02-24 15:45:00,112.05
2026-02-24 16:00:00,103.17
2026-02-24 16:15:00,114.26
2026-02-24 16:30:00,118.13
2026-02-24 16:45:00,127.38
2026-02-24 17:00:00,113.58
2026-02-24 17:15:00,120.15
2026-02-24 17:30:00,135.39
2026-02-24 17:45:00,172.89
2026-02-24 18:00:00,133.83
2026-02-24 18:15:00,161.62
2026-02-24 18:30:00,200.11
2026-02-24 18:45:00,241.11
2026-02-24 19:00:00,200.96
2026-02-24 19:15:00,194.88
2026-02-24 19:30:00,182.6
2026-02-24 19:45:00,166.37
2026-02-24 20:00:00,177.13
2026-02-24 20:15:00,144.3
2026-02-24 20:30:00,140.78
2026-02-24 20:45:00,116.89
2026-02-24 21:00:00,133.14
2026-02-24 21:15:00,127.32
2026-02-24 21:30:00,117.46
2026-02-24 21:45:00,104.8
2026-02-24 22:00:00,121.4
2026-02-24 22:15:00,115.0
2026-02-24 22:30:00,110.53
2026-02-24 22:45:00,105.34
2026-02-24 23:00:00,151.08
2026-02-24 23:15:00,150.02
2026-02-24 23:30:00,122.14
2026-02-24 23:45:00,101.93
2026-02-25 00:00:00,122.07
2026-02-25 00:15:00,112.1
2026-02-25 00:30:00,101.09
2026-02-25 00:45:00,91.49
2026-02-25 01:00:00,149.99
2026-02-25 01:15:00,127.94
2026-02-25 01:30:00,106.87
2026-02-25 01:45:00,99.4
2026-02-25 02:00:00,115.34
2026-02-25 02:15:00,102.8
2026-02-25 02:30:00,111.81
2026-02-25 02:45:00,101.06
2026-02-25 03:00:00,115.56
2026-02-25 03:15:00,120.79
2026-02-25 03:30:00,103.46
2026-02-25 03:45:00,108.19
2026-02-25 04:00:00,99.4
2026-02-25 04:15:00,101.03
2026-02-25 04:30:00,99.4
2026-02-25 04:45:00,119.25
2026-02-25 05:00:00,99.39
2026-02-25 05:15:00,99.39
2026-02-25 05:30:00,99.4
2026-02-25 05:45:00,95.2
2026-02-25 06:00:00,97.79
2026-02-25 06:15:00,124.16
2026-02-25 06:30:00,150.0
2026-02-25 06:45:00,178.79
2026-02-25 07:00:00,102.11
2026-02-25 07:15:00,149.97
2026-02-25 07:30:00,149.99
2026-02-25 07:45:00,149.99
2026-02-25 08:00:00,134.86
2026-02-25 08:15:00,149.94
2026-02-25 08:30:00,149.97
2026-02-25 08:45:00,140.57
2026-02-25 09:00:00,164.48
2026-02-25 09:15:00,145.1
2026-02-25 09:30:00,137.09
2026-02-25 09:45:00,129.19
2026-02-25 10:00:00,151.45
2026-02-25 10:15:00,149.99
2026-02-25 10:30:00,137.75
2026-02-25 10:45:00,114.88
2026-02-25 11:00:00,134.82
2026-02-25 11:15:00,114.18
2026-02-25 11:30:00,99.39
2026-02-25 11:45:00,88.65
2026-02-25 12:00:00,99.4
2026-02-25 12:15:00,99.39
2026-02-25 12:30:00,92.0
2026-02-25 12:45:00,81.3
2026-02-25 13:00:00,99.97
2026-02-25 13:15:00,99.4
2026-02-25 13:30:00,99.4
2026-02-25 13:45:00,99.39
2026-02-25 14:00:00,99.39
2026-02-25 14:15:00,99.39
2026-02-25 14:30:00,101.16
2026-02-25 14:45:00,100.06
2026-02-25 15:00:00,149.92
2026-02-25 15:15:00,112.18
2026-02-25 15:30:00,99.96
2026-02-25 15:45:00,202.97
2026-02-25 16:00:00,99.39
2026-02-25 16:15:00,171.49
2026-02-25 16:30:00,171.49
2026-02-25 16:45:00,211.5
2026-02-25 17:00:00,171.03
2026-02-25 17:15:00,205.22
2026-02-25 17:30:00,250.0
2026-02-25 17:45:00,211.49
2026-02-25 18:00:00,174.56
2026-02-25 18:15:00,185.73
2026-02-25 18:30:00,200.87
2026-02-25 18:45:00,196.01
2026-02-25 19:00:00,176.08
2026-02-25 19:15:00,181.74
2026-02-25 19:30:00,180.44
2026-02-25 19:45:00,184.56
2026-02-25 20:00:00,185.61
2026-02-25 20:15:00,185.97
2026-02-25 20:30:00,173.44
2026-02-25 20:45:00,167.63
2026-02-25 21:00:00,172.34
2026-02-25 21:15:00,170.53
2026-02-25 21:30:00,167.26
2026-02-25 21:45:00,135.03
2026-02-25 22:00:00,149.6
2026-02-25 22:15:00,142.42
2026-02-25 22:30:00,122.28
2026-02-25 22:45:00,114.89
2026-02-25 23:00:00,226.21
2026-02-25 23:15:00,99.4
2026-02-25 23:30:00,92.21
2026-02-25 23:45:00,89.48
2026-02-26 00:00:00,90.5
2026-02-26 00:15:00,85.07
2026-02-26 00:30:00,81.54
2026-02-26 00:45:00,69.6
2026-02-26 01:00:00,91.94
2026-02-26 01:15:00,91.95
2026-02-26 01:30:00,84.74
2026-02-26 01:45:00,73.9
2026-02-26 02:00:00,83.44
2026-02-26 02:15:00,50.18
2026-02-26 02:30:00,49.35
2026-02-26 02:45:00,47.73
2026-02-26 03:00:00,48.76
2026-02-26 03:15:00,48.51
2026-02-26 03:30:00,48.61
2026-02-26 03:45:00,49.8
2026-02-26 04:00:00,48.16
2026-02-26 04:15:00,48.6
2026-02-26 04:30:00,49.24
2026-02-26 04:45:00,48.08
2026-02-26 05:00:00,46.07
2026-02-26 05:15:00,48.05
2026-02-26 05:30:00,54.3
2026-02-26 05:45:00,59.13
2026-02-26 06:00:00,45.96
2026-02-26 06:15:00,50.16
2026-02-26 06:30:00,88.31
2026-02-26 06:45:00,100.47
2026-02-26 07:00:00,99.96
2026-02-26 07:15:00,108.99
2026-02-26 07:30:00,121.12
2026-02-26 07:45:00,130.1
2026-02-26 08:00:00,115.34
2026-02-26 08:15:00,116.41
2026-02-26 08:30:00,114.56
2026-02-26 08:45:00,105.41
2026-02-26 09:00:00,110.58
2026-02-26 09:15:00,104.9
2026-02-26 09:30:00,100.44
2026-02-26 09:45:00,80.02
2026-02-26 10:00:00,87.81
2026-02-26 10:15:00,80.37
2026-02-26 10:30:00,68.1
2026-02-26 10:45:00,60.23
2026-02-26 11:00:00,70.39
2026-02-26 11:15:00,66.67
2026-02-26 11:30:00,64.61
2026-02-26 11:45:00,59.96
2026-02-26 12:00:00,73.49
2026-02-26 12:15:00,60.92
2026-02-26 12:30:00,50.8
2026-02-26 12:45:00,48.54
2026-02-26 13:00:00,51.31
2026-02-26 13:15:00,50.2
2026-02-26 13:30:00,49.6
2026-02-26 13:45:00,49.36
2026-02-26 14:00:00,48.67
2026-02-26 14:15:00,49.51
2026-02-26 14:30:00,48.82
2026-02-26 14:45:00,48.59
2026-02-26 15:00:00,47.29
2026-02-26 15:15:00,44.02
2026-02-26 15:30:00,53.35
2026-02-26 15:45:00,64.58
2026-02-26 16:00:00,51.32
2026-02-26 16:15:00,61.2
2026-02-26 16:30:00,69.75
2026-02-26 16:45:00,87.02
2026-02-26 17:00:00,62.57
2026-02-26 17:15:00,85.65
2026-02-26 17:30:00,96.51
2026-02-26 17:45:00,101.11
2026-02-26 18:00:00,89.63
2026-02-26 18:15:00,91.09
2026-02-26 18:30:00,97.69
2026-02-26 18:45:00,95.4
2026-02-26 19:00:00,95.98
2026-02-26 19:15:00,98.24
2026-02-26 19:30:00,96.18
2026-02-26 19:45:00,95.61
2026-02-26 20:00:00,97.52
2026-02-26 20:15:00,93.1
2026-02-26 20:30:00,89.17
2026-02-26 20:45:00,84.64
2026-02-26 21:00:00,88.8
2026-02-26 21:15:00,77.46
2026-02-26 21:30:00,62.94
2026-02-26 21:45:00,56.4
2026-02-26 22:00:00,61.13
2026-02-26 22:15:00,57.35
2026-02-26 22:30:00,55.97
2026-02-26 22:45:00,53.79
2026-02-26 23:00:00,56.09
2026-02-26 23:15:00,54.21
2026-02-26 23:30:00,51.62
2026-02-26 23:45:00,49.52
2026-02-27 00:00:00,51.92
2026-02-27 00:15:00,49.38
2026-02-27 00:30:00,46.44
2026-02-27 00:45:00,44.27
2026-02-27 01:00:00,49.3
2026-02-27 01:15:00,47.65
2026-02-27 01:30:00,46.53
2026-02-27 01:45:00,46.6
2026-02-27 02:00:00,49.78
2026-02-27 02:15:00,49.49
2026-02-27 02:30:00,48.55
2026-02-27 02:45:00,47.87
2026-02-27 03:00:00,47.83
2026-02-27 03:15:00,48.03
2026-02-27 03:30:00,48.97
2026-02-27 03:45:00,49.92
2026-02-27 04:00:00,48.76
2026-02-27 04:15:00,49.83
2026-02-27 04:30:00,50.76
2026-02-27 04:45:00,52.77
2026-02-27 05:00:00,50.1
2026-02-27 05:15:00,53.48
2026-02-27 05:30:00,53.62
2026-02-27 05:45:00,56.41
2026-02-27 06:00:00,50.0
2026-02-27 06:15:00,54.07
2026-02-27 06:30:00,72.81
2026-02-27 06:45:00,102.61
2026-02-27 07:00:00,50.02
2026-02-27 07:15:00,64.01
2026-02-27 07:30:00,94.92
2026-02-27 07:45:00,99.11
2026-02-27 08:00:00,68.74
2026-02-27 08:15:00,83.11
2026-02-27 08:30:00,114.4
2026-02-27 08:45:00,97.47
2026-02-27 09:00:00,98.03
2026-02-27 09:15:00,90.0
2026-02-27 09:30:00,83.81
2026-02-27 09:45:00,66.6
2026-02-27 10:00:00,90.9
2026-02-27 10:15:00,85.05
2026-02-27 10:30:00,75.15
2026-02-27 10:45:00,75.07
2026-02-27 11:00:00,98.5
2026-02-27 11:15:00,90.13
2026-02-27 11:30:00,80.64
2026-02-27 11:45:00,60.13
2026-02-27 12:00:00,98.29
2026-02-27 12:15:00,91.89
2026-02-27 12:30:00,70.0
2026-02-27 12:45:00,60.04
2026-02-27 13:00:00,85.76
2026-02-27 13:15:00,82.19
2026-02-27 13:30:00,75.11
2026-02-27 13:45:00,69.99
2026-02-27 14:00:00,76.55
2026-02-27 14:15:00,75.13
2026-02-27 14:30:00,71.78
2026-02-27 14:45:00,75.04
2026-02-27 15:00:00,56.39
2026-02-27 15:15:00,68.86
2026-02-27 15:30:00,75.13
2026-02-27 15:45:00,77.27
2026-02-27 16:00:00,64.27
2026-02-27 16:15:00,64.57
2026-02-27 16:30:00,83.64
2026-02-27 16:45:00,97.08
2026-02-27 17:00:00,67.9
2026-02-27 17:15:00,85.34
2026-02-27 17:30:00,91.83
2026-02-27 17:45:00,95.75
2026-02-27 18:00:00,94.98
2026-02-27 18:15:00,99.81
2026-02-27 18:30:00,100.55
2026-02-27 18:45:00,102.33
2026-02-27 19:00:00,107.84
2026-02-27 19:15:00,110.0
2026-02-27 19:30:00,108.74
2026-02-27 19:45:00,111.57
2026-02-27 20:00:00,114.08
2026-02-27 20:15:00,109.21
2026-02-27 20:30:00,104.04
2026-02-27 20:45:00,101.74
2026-02-27 21:00:00,101.17
2026-02-27 21:15:00,99.43
2026-02-27 21:30:00,96.02
2026-02-27 21:45:00,87.61
2026-02-27 22:00:00,89.2
2026-02-27 22:15:00,69.95
2026-02-27 22:30:00,62.84
2026-02-27 22:45:00,59.44
2026-02-27 23:00:00,76.09
2026-02-27 23:15:00,71.17
2026-02-27 23:30:00,59.25
2026-02-27 23:45:00,55.13
2026-02-28 00:00:00,60.29
2026-02-28 00:15:00,57.47
2026-02-28 00:30:00,54.74
2026-02-28 00:45:00,52.29
2026-02-28 01:00:00,79.5
2026-02-28 01:15:00,77.56
2026-02-28 01:30:00,76.36
2026-02-28 01:45:00,74.11
2026-02-28 02:00:00,72.81
2026-02-28 02:15:00,73.37
2026-02-28 02:30:00,69.55
2026-02-28 02:45:00,66.41
2026-02-28 03:00:00,75.48
2026-02-28 03:15:00,69.89
2026-02-28 03:30:00,67.67
2026-02-28 03:45:00,65.73
2026-02-28 04:00:00,66.94
2026-02-28 04:15:00,65.72
2026-02-28 04:30:00,64.92
2026-02-28 04:45:00,65.19
2026-02-28 05:00:00,68.15
2026-02-28 05:15:00,69.58
2026-02-28 05:30:00,68.73
2026-02-28 05:45:00,68.82
2026-02-28 06:00:00,69.74
2026-02-28 06:15:00,68.9
2026-02-28 06:30:00,70.22
2026-02-28 06:45:00,72.05
2026-02-28 07:00:00,68.87
2026-02-28 07:15:00,71.85
2026-02-28 07:30:00,73.96
2026-02-28 07:45:00,79.56
2026-02-28 08:00:00,86.5
2026-02-28 08:15:00,86.8
2026-02-28 08:30:00,80.09
2026-02-28 08:45:00,77.66
2026-02-28 09:00:00,88.6
2026-02-28 09:15:00,72.96
2026-02-28 09:30:00,83.66
2026-02-28 09:45:00,94.34
2026-02-28 10:00:00,86.96
2026-02-28 10:15:00,99.09
2026-02-28 10:30:00,100.03
2026-02-28 10:45:00,96.08
2026-02-28 11:00:00,84.05
2026-02-28 11:15:00,81.55
2026-02-28 11:30:00,81.41
2026-02-28 11:45:00,81.62
2026-02-28 12:00:00,91.96
2026-02-28 12:15:00,93.45
2026-02-28 12:30:00,88.34
2026-02-28 12:45:00,91.07
2026-02-28 13:00:00,90.38
2026-02-28 13:15:00,89.64
2026-02-28 13:30:00,90.02
2026-02-28 13:45:00,90.05
2026-02-28 14:00:00,88.91
2026-02-28 14:15:00,83.54
2026-02-28 14:30:00,89.89
2026-02-28 14:45:00,106.74
2026-02-28 15:00:00,88.37
2026-02-28 15:15:00,86.78
2026-02-28 15:30:00,95.48
2026-02-28 15:45:00,95.01
2026-02-28 16:00:00,71.91
2026-02-28 16:15:00,74.32
2026-02-28 16:30:00,78.31
2026-02-28 16:45:00,120.78
2026-02-28 17:00:00,79.06
2026-02-28 17:15:00,79.55
2026-02-28 17:30:00,98.94
2026-02-28 17:45:00,98.44
2026-02-28 18:00:00,95.41
2026-02-28 18:15:00,97.99
2026-02-28 18:30:00,100.8
2026-02-28 18:45:00,106.14
2026-02-28 19:00:00,97.45
2026-02-28 19:15:00,96.47
2026-02-28 19:30:00,100.09
2026-02-28 19:45:00,90.53
2026-02-28 20:00:00,107.66
2026-02-28 20:15:00,87.21
2026-02-28 20:30:00,82.47
2026-02-28 20:45:00,72.59
2026-02-28 21:00:00,101.54
2026-02-28 21:15:00,78.13
2026-02-28 21:30:00,70.05
2026-02-28 21:45:00,54.8
2026-02-28 22:00:00,90.41
2026-02-28 22:15:00,75.11
2026-02-28 22:30:00,71.32
2026-02-28 22:45:00,59.37
2026-02-28 23:00:00,75.84
2026-02-28 23:15:00,69.85
2026-02-28 23:30:00,67.32
2026-02-28 23:45:00,58.74
2026-03-01 00:00:00,76.41
2026-03-01 00:15:00,64.04
2026-03-01 00:30:00,61.41
2026-03-01 00:45:00,54.34
2026-03-01 01:00:00,61.55
2026-03-01 01:15:00,69.54
2026-03-01 01:30:00,75.64
2026-03-01 01:45:00,91.81
2026-03-01 02:00:00,65.04
2026-03-01 02:15:00,68.5
2026-03-01 02:30:00,77.17
2026-03-01 02:45:00,99.98
2026-03-01 03:00:00,72.79
2026-03-01 03:15:00,75.96
2026-03-01 03:30:00,86.47
2026-03-01 03:45:00,97.28
2026-03-01 04:00:00,85.28
2026-03-01 04:15:00,78.26
2026-03-01 04:30:00,80.59
2026-03-01 04:45:00,92.15
2026-03-01 05:00:00,84.43
2026-03-01 05:15:00,89.62
2026-03-01 05:30:00,84.84
2026-03-01 05:45:00,91.0
2026-03-01 06:00:00,92.09
2026-03-01 06:15:00,99.95
2026-03-01 06:30:00,101.04
2026-03-01 06:45:00,118.38
2026-03-01 07:00:00,116.47
2026-03-01 07:15:00,99.9
2026-03-01 07:30:00,79.5
2026-03-01 07:45:00,72.27
2026-03-01 08:00:00,80.15
2026-03-01 08:15:00,79.49
2026-03-01 08:30:00,73.77
2026-03-01 08:45:00,69.99
2026-03-01 09:00:00,84.52
2026-03-01 09:15:00,86.3
2026-03-01 09:30:00,76.65
2026-03-01 09:45:00,69.99
2026-03-01 10:00:00,110.06
2026-03-01 10:15:00,88.01
2026-03-01 10:30:00,71.7
2026-03-01 10:45:00,51.66
2026-03-01 11:00:00,70.55
2026-03-01 11:15:00,18.94
2026-03-01 11:30:00,15.27
2026-03-01 11:45:00,15.24
2026-03-01 12:00:00,15.25
2026-03-01 12:15:00,15.22
2026-03-01 12:30:00,18.82
2026-03-01 12:45:00,15.29
2026-03-01 13:00:00,15.27
2026-03-01 13:15:00,15.26
2026-03-01 13:30:00,84.28
2026-03-01 13:45:00,45.78
2026-03-01 14:00:00,18.83
2026-03-01 14:15:00,18.83
2026-03-01 14:30:00,18.83
2026-03-01 14:45:00,18.83
2026-03-01 15:00:00,15.23
2026-03-01 15:15:00,15.27
2026-03-01 15:30:00,22.38
2026-03-01 15:45:00,25.08
2026-03-01 16:00:00,18.8
2026-03-01 16:15:00,19.38
2026-03-01 16:30:00,36.34
2026-03-01 16:45:00,74.07
2026-03-01 17:00:00,40.43
2026-03-01 17:15:00,62.69
2026-03-01 17:30:00,76.33
2026-03-01 17:45:00,120.55
2026-03-01 18:00:00,86.56
2026-03-01 18:15:00,92.79
2026-03-01 18:30:00,93.45
2026-03-01 18:45:00,94.04
2026-03-01 19:00:00,94.47
2026-03-01 19:15:00,94.73
2026-03-01 19:30:00,95.2
2026-03-01 19:45:00,95.28
2026-03-01 20:00:00,95.87
2026-03-01 20:15:00,87.72
2026-03-01 20:30:00,90.13
2026-03-01 20:45:00,86.28
2026-03-01 21:00:00,84.18
2026-03-01 21:15:00,80.3
2026-03-01 21:30:00,75.99
2026-03-01 21:45:00,68.91
2026-03-01 22:00:00,81.37
2026-03-01 22:15:00,77.26
2026-03-01 22:30:00,73.36
2026-03-01 22:45:00,66.5
2026-03-01 23:00:00,72.93
2026-03-01 23:15:00,66.17
2026-03-01 23:30:00,60.36
2026-03-01 23:45:00,55.91
2026-03-02 00:00:00,67.62
2026-03-02 00:15:00,62.11
2026-03-02 00:30:00,60.04
2026-03-02 00:45:00,54.07
2026-03-02 01:00:00,56.76
2026-03-02 01:15:00,52.92
2026-03-02 01:30:00,51.22
2026-03-02 01:45:00,51.25
2026-03-02 02:00:00,52.12
2026-03-02 02:15:00,53.35
2026-03-02 02:30:00,54.57
2026-03-02 02:45:00,54.52
2026-03-02 03:00:00,50.92
2026-03-02 03:15:00,54.6
2026-03-02 03:30:00,55.57
2026-03-02 03:45:00,58.09
2026-03-02 04:00:00,50.43
2026-03-02 04:15:00,54.96
2026-03-02 04:30:00,64.5
2026-03-02 04:45:00,68.7
2026-03-02 05:00:00,54.75
2026-03-02 05:15:00,66.87
2026-03-02 05:30:00,72.14
2026-03-02 05:45:00,76.61
2026-03-02 06:00:00,73.94
2026-03-02 06:15:00,78.05
2026-03-02 06:30:00,86.73
2026-03-02 06:45:00,124.97
2026-03-02 07:00:00,84.3
2026-03-02 07:15:00,92.57
2026-03-02 07:30:00,92.83
2026-03-02 07:45:00,109.07
2026-03-02 08:00:00,120.92
2026-03-02 08:15:00,150.32
2026-03-02 08:30:00,132.15
2026-03-02 08:45:00,121.99
2026-03-02 09:00:00,178.06
2026-03-02 09:15:00,122.23
2026-03-02 09:30:00,108.55
2026-03-02 09:45:00,84.11
2026-03-02 10:00:00,116.98
2026-03-02 10:15:00,102.7
2026-03-02 10:30:00,92.78
2026-03-02 10:45:00,99.92
2026-03-02 11:00:00,100.6
2026-03-02 11:15:00,99.0
2026-03-02 11:30:00,97.75
2026-03-02 11:45:00,93.43
2026-03-02 12:00:00,100.15
2026-03-02 12:15:00,101.52
2026-03-02 12:30:00,97.16
2026-03-02 12:45:00,97.32
2026-03-02 13:00:00,97.22
2026-03-02 13:15:00,98.55
2026-03-02 13:30:00,96.61
2026-03-02 13:45:00,95.98
2026-03-02 14:00:00,88.81
2026-03-02 14:15:00,88.8
2026-03-02 14:30:00,89.31
2026-03-02 14:45:00,100.06
2026-03-02 15:00:00,88.69
2026-03-02 15:15:00,86.66
2026-03-02 15:30:00,129.96
2026-03-02 15:45:00,149.96
2026-03-02 16:00:00,81.32
2026-03-02 16:15:00,83.27
2026-03-02 16:30:00,90.88
2026-03-02 16:45:00,114.26
2026-03-02 17:00:00,90.89
2026-03-02 17:15:00,118.29
2026-03-02 17:30:00,147.03
2026-03-02 17:45:00,186.69
2026-03-02 18:00:00,160.14
2026-03-02 18:15:00,184.81
2026-03-02 18:30:00,170.09
2026-03-02 18:45:00,286.67
2026-03-02 19:00:00,232.34
2026-03-02 19:15:00,217.9
2026-03-02 19:30:00,163.31
2026-03-02 19:45:00,143.37
2026-03-02 20:00:00,216.69
2026-03-02 20:15:00,138.55
2026-03-02 20:30:00,123.5
2026-03-02 20:45:00,109.84
2026-03-02 21:00:00,123.5
2026-03-02 21:15:00,114.51
2026-03-02 21:30:00,188.88
2026-03-02 21:45:00,157.6
2026-03-02 22:00:00,179.88
2026-03-02 22:15:00,150.91
2026-03-02 22:30:00,137.03
2026-03-02 22:45:00,104.42
2026-03-02 23:00:00,117.84
2026-03-02 23:15:00,114.77
2026-03-02 23:30:00,103.16
2026-03-02 23:45:00,88.84
2026-03-03 00:00:00,99.4
2026-03-03 00:15:00,91.41
2026-03-03 00:30:00,90.75
2026-03-03 00:45:00,89.93
2026-03-03 01:00:00,186.77
2026-03-03 01:15:00,149.93
2026-03-03 01:30:00,100.0
2026-03-03 01:45:00,89.53
2026-03-03 02:00:00,99.98
2026-03-03 02:15:00,92.94
2026-03-03 02:30:00,110.01
2026-03-03 02:45:00,125.69
2026-03-03 03:00:00,91.91
2026-03-03 03:15:00,92.47
2026-03-03 03:30:00,94.2
2026-03-03 03:45:00,178.9
2026-03-03 04:00:00,97.2
2026-03-03 04:15:00,94.7
2026-03-03 04:30:00,109.0
2026-03-03 04:45:00,98.78
2026-03-03 05:00:00,126.22
2026-03-03 05:15:00,191.56
2026-03-03 05:30:00,99.58
2026-03-03 05:45:00,102.63
2026-03-03 06:00:00,96.46
2026-03-03 06:15:00,284.93
2026-03-03 06:30:00,299.91
2026-03-03 06:45:00,483.0
2026-03-03 07:00:00,250.01
2026-03-03 07:15:00,325.03
2026-03-03 07:30:00,387.01
2026-03-03 07:45:00,307.65
2026-03-03 08:00:00,390.0
2026-03-03 08:15:00,390.0
2026-03-03 08:30:00,325.06
2026-03-03 08:45:00,250.08
2026-03-03 09:00:00,194.15
2026-03-03 09:15:00,250.0
2026-03-03 09:30:00,400.01
2026-03-03 09:45:00,250.01
2026-03-03 10:00:00,483.04
2026-03-03 10:15:00,337.11
2026-03-03 10:30:00,328.8
2026-03-03 10:45:00,184.02
2026-03-03 11:00:00,178.91
2026-03-03 11:15:00,88.87
2026-03-03 11:30:00,81.44
2026-03-03 11:45:00,52.54
2026-03-03 12:00:00,84.97
2026-03-03 12:15:00,67.89
2026-03-03 12:30:00,45.0
2026-03-03 12:45:00,31.03
2026-03-03 13:00:00,106.94
2026-03-03 13:15:00,149.43
2026-03-03 13:30:00,159.19
2026-03-03 13:45:00,163.61
2026-03-03 14:00:00,82.04
2026-03-03 14:15:00,73.47
2026-03-03 14:30:00,87.19
2026-03-03 14:45:00,129.98
2026-03-03 15:00:00,48.14
2026-03-03 15:15:00,99.97
2026-03-03 15:30:00,171.63
2026-03-03 15:45:00,250.0
2026-03-03 16:00:00,250.07
2026-03-03 16:15:00,307.17
2026-03-03 16:30:00,325.08
2026-03-03 16:45:00,370.57
2026-03-03 17:00:00,354.62
2026-03-03 17:15:00,361.06
2026-03-03 17:30:00,328.81
2026-03-03 17:45:00,300.0
2026-03-03 18:00:00,328.8
2026-03-03 18:15:00,289.99
2026-03-03 18:30:00,177.88
2026-03-03 18:45:00,229.43
2026-03-03 19:00:00,180.9
2026-03-03 19:15:00,189.71
2026-03-03 19:30:00,129.93
2026-03-03 19:45:00,105.17
2026-03-03 20:00:00,107.06
2026-03-03 20:15:00,102.27
2026-03-03 20:30:00,99.98
2026-03-03 20:45:00,98.95
2026-03-03 21:00:00,126.76
2026-03-03 21:15:00,115.99
2026-03-03 21:30:00,107.5
2026-03-03 21:45:00,99.53
2026-03-03 22:00:00,105.38
2026-03-03 22:15:00,99.67
2026-03-03 22:30:00,95.65
2026-03-03 22:45:00,91.67
2026-03-03 23:00:00,97.57
2026-03-03 23:15:00,95.83
2026-03-03 23:30:00,93.81
2026-03-03 23:45:00,87.27
2026-03-04 00:00:00,81.53
2026-03-04 00:15:00,75.92
2026-03-04 00:30:00,70.49
2026-03-04 00:45:00,45.93
2026-03-04 01:00:00,69.41
2026-03-04 01:15:00,70.5
2026-03-04 01:30:00,75.26
2026-03-04 01:45:00,76.13
2026-03-04 02:00:00,77.16
2026-03-04 02:15:00,82.63
2026-03-04 02:30:00,88.69
2026-03-04 02:45:00,88.99
2026-03-04 03:00:00,77.15
2026-03-04 03:15:00,84.69
2026-03-04 03:30:00,87.05
2026-03-04 03:45:00,88.76
2026-03-04 04:00:00,63.21
2026-03-04 04:15:00,72.84
2026-03-04 04:30:00,90.45
2026-03-04 04:45:00,90.42
2026-03-04 05:00:00,102.05
2026-03-04 05:15:00,105.6
2026-03-04 05:30:00,108.33
2026-03-04 05:45:00,118.43
2026-03-04 06:00:00,103.54
2026-03-04 06:15:00,111.25
2026-03-04 06:30:00,108.01
2026-03-04 06:45:00,136.78
2026-03-04 07:00:00,126.19
2026-03-04 07:15:00,138.9
2026-03-04 07:30:00,144.12
2026-03-04 07:45:00,155.88
2026-03-04 08:00:00,148.58
2026-03-04 08:15:00,156.14
2026-03-04 08:30:00,156.59
2026-03-04 08:45:00,156.87
2026-03-04 09:00:00,163.3
2026-03-04 09:15:00,138.32
2026-03-04 09:30:00,106.06
2026-03-04 09:45:00,86.91
2026-03-04 10:00:00,103.73
2026-03-04 10:15:00,88.32
2026-03-04 10:30:00,81.18
2026-03-04 10:45:00,62.76
2026-03-04 11:00:00,83.4
2026-03-04 11:15:00,69.39
2026-03-04 11:30:00,102.37
2026-03-04 11:45:00,80.35
2026-03-04 12:00:00,45.37
2026-03-04 12:15:00,22.99
2026-03-04 12:30:00,15.25
2026-03-04 12:45:00,15.21
2026-03-04 13:00:00,40.02
2026-03-04 13:15:00,36.76
2026-03-04 13:30:00,32.02
2026-03-04 13:45:00,22.45
2026-03-04 14:00:00,29.17
2026-03-04 14:15:00,24.7
2026-03-04 14:30:00,23.87
2026-03-04 14:45:00,37.44
2026-03-04 15:00:00,25.42
2026-03-04 15:15:00,56.74
2026-03-04 15:30:00,18.8
2026-03-04 15:45:00,88.59
2026-03-04 16:00:00,32.43
2026-03-04 16:15:00,90.75
2026-03-04 16:30:00,99.22
2026-03-04 16:45:00,118.63
2026-03-04 17:00:00,95.26
2026-03-04 17:15:00,116.66
2026-03-04 17:30:00,137.19
2026-03-04 17:45:00,157.3
2026-03-04 18:00:00,119.91
2026-03-04 18:15:00,145.83
2026-03-04 18:30:00,145.65
2026-03-04 18:45:00,145.58
2026-03-04 19:00:00,145.48
2026-03-04 19:15:00,145.32
2026-03-04 19:30:00,144.25
2026-03-04 19:45:00,142.35
2026-03-04 20:00:00,141.88
2026-03-04 20:15:00,139.64
2026-03-04 20:30:00,138.2
2026-03-04 20:45:00,137.49
2026-03-04 21:00:00,140.66
2026-03-04 21:15:00,143.3
2026-03-04 21:30:00,140.68
2026-03-04 21:45:00,74.2
2026-03-04 22:00:00,149.91
2026-03-04 22:15:00,148.83
2026-03-04 22:30:00,141.53
2026-03-04 22:45:00,128.3
2026-03-04 23:00:00,143.62
2026-03-04 23:15:00,140.4
2026-03-04 23:30:00,131.79
2026-03-04 23:45:00,96.29
2026-03-05 00:00:00,87.24
2026-03-05 00:15:00,52.29
2026-03-05 00:30:00,25.1
2026-03-05 00:45:00,24.93
2026-03-05 01:00:00,130.13
2026-03-05 01:15:00,112.49
2026-03-05 01:30:00,107.59
2026-03-05 01:45:00,106.38
2026-03-05 02:00:00,109.36
2026-03-05 02:15:00,107.32
2026-03-05 02:30:00,106.57
2026-03-05 02:45:00,106.19
2026-03-05 03:00:00,106.92
2026-03-05 03:15:00,106.86
2026-03-05 03:30:00,106.68
2026-03-05 03:45:00,106.22
2026-03-05 04:00:00,106.02
2026-03-05 04:15:00,105.65
2026-03-05 04:30:00,106.2
2026-03-05 04:45:00,106.46
2026-03-05 05:00:00,107.1
2026-03-05 05:15:00,107.63
2026-03-05 05:30:00,107.31
2026-03-05 05:45:00,106.07
2026-03-05 06:00:00,110.09
2026-03-05 06:15:00,108.96
2026-03-05 06:30:00,130.13
2026-03-05 06:45:00,139.53
2026-03-05 07:00:00,125.21
2026-03-05 07:15:00,147.19
2026-03-05 07:30:00,158.03
2026-03-05 07:45:00,163.32
2026-03-05 08:00:00,191.23
2026-03-05 08:15:00,182.98
2026-03-05 08:30:00,160.0
2026-03-05 08:45:00,146.5
2026-03-05 09:00:00,158.26
2026-03-05 09:15:00,149.75
2026-03-05 09:30:00,121.87
2026-03-05 09:45:00,100.44
2026-03-05 10:00:00,128.48
2026-03-05 10:15:00,99.11
2026-03-05 10:30:00,87.72
2026-03-05 10:45:00,70.85
2026-03-05 11:00:00,89.29
2026-03-05 11:15:00,67.81
2026-03-05 11:30:00,58.73
2026-03-05 11:45:00,57.14
2026-03-05 12:00:00,61.98
2026-03-05 12:15:00,59.63
2026-03-05 12:30:00,57.23
2026-03-05 12:45:00,57.23
2026-03-05 13:00:00,58.52
2026-03-05 13:15:00,58.44
2026-03-05 13:30:00,57.17
2026-03-05 13:45:00,57.45
2026-03-05 14:00:00,57.12
2026-03-05 14:15:00,57.11
2026-03-05 14:30:00,58.86
2026-03-05 14:45:00,59.74
2026-03-05 15:00:00,57.89
2026-03-05 15:15:00,58.76
2026-03-05 15:30:00,54.26
2026-03-05 15:45:00,74.07
2026-03-05 16:00:00,57.18
2026-03-05 16:15:00,82.11
2026-03-05 16:30:00,96.33
2026-03-05 16:45:00,117.45
2026-03-05 17:00:00,92.05
2026-03-05 17:15:00,120.67
2026-03-05 17:30:00,137.11
2026-03-05 17:45:00,148.43
2026-03-05 18:00:00,129.23
2026-03-05 18:15:00,156.06
2026-03-05 18:30:00,179.7
2026-03-05 18:45:00,236.78
2026-03-05 19:00:00,220.06
2026-03-05 19:15:00,203.05
2026-03-05 19:30:00,177.51
2026-03-05 19:45:00,159.12
2026-03-05 20:00:00,196.6
2026-03-05 20:15:00,166.43
2026-03-05 20:30:00,151.53
2026-03-05 20:45:00,100.9
2026-03-05 21:00:00,192.87
2026-03-05 21:15:00,137.88
2026-03-05 21:30:00,133.6
2026-03-05 21:45:00,127.18
2026-03-05 22:00:00,146.65
2026-03-05 22:15:00,140.3
2026-03-05 22:30:00,128.26
2026-03-05 22:45:00,112.07
2026-03-05 23:00:00,138.8
2026-03-05 23:15:00,132.23
2026-03-05 23:30:00,130.04
2026-03-05 23:45:00,126.92
2026-03-06 00:00:00,133.22
2026-03-06 00:15:00,125.1
2026-03-06 00:30:00,121.62
2026-03-06 00:45:00,114.27
2026-03-06 01:00:00,102.99
2026-03-06 01:15:00,107.54
2026-03-06 01:30:00,107.59
2026-03-06 01:45:00,107.59
2026-03-06 02:00:00,108.61
2026-03-06 02:15:00,108.77
2026-03-06 02:30:00,109.5
2026-03-06 02:45:00,108.45
2026-03-06 03:00:00,112.24
2026-03-06 03:15:00,111.55
2026-03-06 03:30:00,111.76
2026-03-06 03:45:00,111.62
2026-03-06 04:00:00,111.81
2026-03-06 04:15:00,111.75
2026-03-06 04:30:00,112.51
2026-03-06 04:45:00,114.16
2026-03-06 05:00:00,113.56
2026-03-06 05:15:00,113.33
2026-03-06 05:30:00,121.76
2026-03-06 05:45:00,126.95
2026-03-06 06:00:00,117.48
2026-03-06 06:15:00,124.8
2026-03-06 06:30:00,167.54
2026-03-06 06:45:00,245.95
2026-03-06 07:00:00,130.62
2026-03-06 07:15:00,152.5
2026-03-06 07:30:00,164.85
2026-03-06 07:45:00,197.02
2026-03-06 08:00:00,212.19
2026-03-06 08:15:00,202.55
2026-03-06 08:30:00,170.98
2026-03-06 08:45:00,135.34
2026-03-06 09:00:00,186.36
2026-03-06 09:15:00,151.43
2026-03-06 09:30:00,122.37
2026-03-06 09:45:00,99.07
2026-03-06 10:00:00,144.45
2026-03-06 10:15:00,108.61
2026-03-06 10:30:00,102.8
2026-03-06 10:45:00,92.69
2026-03-06 11:00:00,112.48
2026-03-06 11:15:00,100.23
2026-03-06 11:30:00,95.32
2026-03-06 11:45:00,75.21
2026-03-06 12:00:00,88.55
2026-03-06 12:15:00,72.33
2026-03-06 12:30:00,70.31
2026-03-06 12:45:00,62.69
2026-03-06 13:00:00,60.45
2026-03-06 13:15:00,45.93
2026-03-06 13:30:00,48.45
2026-03-06 13:45:00,43.43
2026-03-06 14:00:00,44.79
2026-03-06 14:15:00,46.12
2026-03-06 14:30:00,45.65
2026-03-06 14:45:00,51.48
2026-03-06 15:00:00,44.51
2026-03-06 15:15:00,63.5
2026-03-06 15:30:00,83.98
2026-03-06 15:45:00,102.0
2026-03-06 16:00:00,82.01
2026-03-06 16:15:00,101.67
2026-03-06 16:30:00,107.01
2026-03-06 16:45:00,135.96
2026-03-06 17:00:00,90.0
2026-03-06 17:15:00,122.93
2026-03-06 17:30:00,140.77
2026-03-06 17:45:00,174.27
2026-03-06 18:00:00,131.43
2026-03-06 18:15:00,157.38
2026-03-06 18:30:00,192.38
2026-03-06 18:45:00,251.42
2026-03-06 19:00:00,230.12
2026-03-06 19:15:00,247.25
2026-03-06 19:30:00,231.33
2026-03-06 19:45:00,217.24
2026-03-06 20:00:00,240.43
2026-03-06 20:15:00,186.05
2026-03-06 20:30:00,171.95
2026-03-06 20:45:00,167.55
2026-03-06 21:00:00,171.26
2026-03-06 21:15:00,161.48
2026-03-06 21:30:00,156.19
2026-03-06 21:45:00,130.15
2026-03-06 22:00:00,153.05
2026-03-06 22:15:00,143.69
2026-03-06 22:30:00,129.17
2026-03-06 22:45:00,116.66
2026-03-06 23:00:00,137.8
2026-03-06 23:15:00,128.42
2026-03-06 23:30:00,128.07
2026-03-06 23:45:00,117.11
2026-03-07 00:00:00,138.76
2026-03-07 00:15:00,126.02
2026-03-07 00:30:00,123.76
2026-03-07 00:45:00,113.69
2026-03-07 01:00:00,142.07
2026-03-07 01:15:00,136.72
2026-03-07 01:30:00,132.32
2026-03-07 01:45:00,129.04
2026-03-07 02:00:00,138.12
2026-03-07 02:15:00,132.04
2026-03-07 02:30:00,127.4
2026-03-07 02:45:00,123.35
2026-03-07 03:00:00,129.27
2026-03-07 03:15:00,124.54
2026-03-07 03:30:00,123.01
2026-03-07 03:45:00,121.89
2026-03-07 04:00:00,125.61
2026-03-07 04:15:00,123.78
2026-03-07 04:30:00,122.12
2026-03-07 04:45:00,121.76
2026-03-07 05:00:00,121.64
2026-03-07 05:15:00,122.97
2026-03-07 05:30:00,123.4
2026-03-07 05:45:00,126.64
2026-03-07 06:00:00,123.68
2026-03-07 06:15:00,128.26
2026-03-07 06:30:00,129.35
2026-03-07 06:45:00,134.86
2026-03-07 07:00:00,135.8
2026-03-07 07:15:00,143.36
2026-03-07 07:30:00,145.99
2026-03-07 07:45:00,135.49
2026-03-07 08:00:00,148.62
2026-03-07 08:15:00,135.96
2026-03-07 08:30:00,129.26
2026-03-07 08:45:00,101.44
2026-03-07 09:00:00,140.67
2026-03-07 09:15:00,125.28
2026-03-07 09:30:00,100.0
2026-03-07 09:45:00,72.52
2026-03-07 10:00:00,132.81
2026-03-07 10:15:00,104.29
2026-03-07 10:30:00,49.15
2026-03-07 10:45:00,36.67
2026-03-07 11:00:00,31.33
2026-03-07 11:15:00,25.78
2026-03-07 11:30:00,59.99
2026-03-07 11:45:00,51.6
2026-03-07 12:00:00,33.49
2026-03-07 12:15:00,25.56
2026-03-07 12:30:00,22.79
2026-03-07 12:45:00,20.0
2026-03-07 13:00:00,25.8
2026-03-07 13:15:00,24.93
2026-03-07 13:30:00,22.52
2026-03-07 13:45:00,30.73
2026-03-07 14:00:00,48.98
2026-03-07 14:15:00,57.26
2026-03-07 14:30:00,56.77
2026-03-07 14:45:00,56.32
2026-03-07 15:00:00,56.57
2026-03-07 15:15:00,61.63
2026-03-07 15:30:00,43.99
2026-03-07 15:45:00,53.03
2026-03-07 16:00:00,35.67
2026-03-07 16:15:00,79.41
2026-03-07 16:30:00,98.72
2026-03-07 16:45:00,132.3
2026-03-07 17:00:00,84.14
2026-03-07 17:15:00,134.41
2026-03-07 17:30:00,166.59
2026-03-07 17:45:00,247.54
2026-03-07 18:00:00,146.59
2026-03-07 18:15:00,201.96
2026-03-07 18:30:00,185.71
2026-03-07 18:45:00,252.23
2026-03-07 19:00:00,200.0
2026-03-07 19:15:00,206.6
2026-03-07 19:30:00,232.33
2026-03-07 19:45:00,210.51
2026-03-07 20:00:00,210.51
2026-03-07 20:15:00,190.36
2026-03-07 20:30:00,205.87
2026-03-07 20:45:00,178.47
2026-03-07 21:00:00,195.48
2026-03-07 21:15:00,185.46
2026-03-07 21:30:00,176.02
2026-03-07 21:45:00,162.72
2026-03-07 22:00:00,177.88
2026-03-07 22:15:00,165.97
2026-03-07 22:30:00,159.65
2026-03-07 22:45:00,146.6
2026-03-07 23:00:00,172.65
2026-03-07 23:15:00,158.42
2026-03-07 23:30:00,154.2
2026-03-07 23:45:00,146.53
2026-03-08 00:00:00,179.92
2026-03-08 00:15:00,155.78
2026-03-08 00:30:00,148.25
2026-03-08 00:45:00,142.52
2026-03-08 01:00:00,165.33
2026-03-08 01:15:00,152.5
2026-03-08 01:30:00,144.54
2026-03-08 01:45:00,141.13
2026-03-08 02:00:00,146.69
2026-03-08 02:15:00,137.15
2026-03-08 02:30:00,132.04
2026-03-08 02:45:00,128.42
2026-03-08 03:00:00,136.31
2026-03-08 03:15:00,135.79
2026-03-08 03:30:00,132.22
2026-03-08 03:45:00,129.55
2026-03-08 04:00:00,135.14
2026-03-08 04:15:00,132.7
2026-03-08 04:30:00,133.05
2026-03-08 04:45:00,129.83
2026-03-08 05:00:00,131.95
2026-03-08 05:15:00,135.94
2026-03-08 05:30:00,135.03
2026-03-08 05:45:00,142.79
2026-03-08 06:00:00,133.98
2026-03-08 06:15:00,136.57
2026-03-08 06:30:00,142.76
2026-03-08 06:45:00,144.66
2026-03-08 07:00:00,142.8
2026-03-08 07:15:00,142.68
2026-03-08 07:30:00,136.72
2026-03-08 07:45:00,131.84
2026-03-08 08:00:00,141.25
2026-03-08 08:15:00,129.83
2026-03-08 08:30:00,110.23
2026-03-08 08:45:00,70.23
2026-03-08 09:00:00,89.5
2026-03-08 09:15:00,68.4
2026-03-08 09:30:00,29.0
2026-03-08 09:45:00,28.14
2026-03-08 10:00:00,24.06
2026-03-08 10:15:00,25.27
2026-03-08 10:30:00,26.03
2026-03-08 10:45:00,30.13
2026-03-08 11:00:00,25.55
2026-03-08 11:15:00,28.7
2026-03-08 11:30:00,28.81
2026-03-08 11:45:00,28.56
2026-03-08 12:00:00,27.28
2026-03-08 12:15:00,24.43
2026-03-08 12:30:00,25.73
2026-03-08 12:45:00,27.62
2026-03-08 13:00:00,24.06
2026-03-08 13:15:00,24.49
2026-03-08 13:30:00,25.01
2026-03-08 13:45:00,28.07
2026-03-08 14:00:00,24.98
2026-03-08 14:15:00,26.94
2026-03-08 14:30:00,27.99
2026-03-08 14:45:00,29.89
2026-03-08 15:00:00,25.28
2026-03-08 15:15:00,27.79
2026-03-08 15:30:00,31.17
2026-03-08 15:45:00,39.6
2026-03-08 16:00:00,33.34
2026-03-08 16:15:00,45.23
2026-03-08 16:30:00,79.23
2026-03-08 16:45:00,119.8
2026-03-08 17:00:00,73.14
2026-03-08 17:15:00,118.4
2026-03-08 17:30:00,169.42
2026-03-08 17:45:00,203.28
2026-03-08 18:00:00,123.9
2026-03-08 18:15:00,136.99
2026-03-08 18:30:00,147.63
2026-03-08 18:45:00,176.75
2026-03-08 19:00:00,151.18
2026-03-08 19:15:00,154.9
2026-03-08 19:30:00,147.53
2026-03-08 19:45:00,166.7
2026-03-08 20:00:00,144.21
2026-03-08 20:15:00,143.01
2026-03-08 20:30:00,140.18
2026-03-08 20:45:00,132.6
2026-03-08 21:00:00,149.89
2026-03-08 21:15:00,141.15
2026-03-08 21:30:00,131.49
2026-03-08 21:45:00,116.58
2026-03-08 22:00:00,124.22
2026-03-08 22:15:00,98.4
2026-03-08 22:30:00,81.66
2026-03-08 22:45:00,67.94
2026-03-08 23:00:00,72.62
2026-03-08 23:15:00,70.12
2026-03-08 23:30:00,67.37
2026-03-08 23:45:00,65.88
2026-03-09 00:00:00,68.07
2026-03-09 00:15:00,66.53
2026-03-09 00:30:00,65.65
2026-03-09 00:45:00,62.0
2026-03-09 01:00:00,68.23
2026-03-09 01:15:00,66.98
2026-03-09 01:30:00,62.89
2026-03-09 01:45:00,61.49
2026-03-09 02:00:00,65.91
2026-03-09 02:15:00,63.34
2026-03-09 02:30:00,62.15
2026-03-09 02:45:00,60.88
2026-03-09 03:00:00,62.07
2026-03-09 03:15:00,61.46
2026-03-09 03:30:00,62.65
2026-03-09 03:45:00,63.64
2026-03-09 04:00:00,62.18
2026-03-09 04:15:00,63.22
2026-03-09 04:30:00,63.12
2026-03-09 04:45:00,64.38
2026-03-09 05:00:00,63.21
2026-03-09 05:15:00,63.73
2026-03-09 05:30:00,68.57
2026-03-09 05:45:00,72.97
2026-03-09 06:00:00,68.14
2026-03-09 06:15:00,72.23
2026-03-09 06:30:00,75.69
2026-03-09 06:45:00,81.9
2026-03-09 07:00:00,74.8
2026-03-09 07:15:00,78.23
2026-03-09 07:30:00,85.46
2026-03-09 07:45:00,135.32
2026-03-09 08:00:00,106.8
2026-03-09 08:15:00,146.9
2026-03-09 08:30:00,142.86
2026-03-09 08:45:00,114.56
2026-03-09 09:00:00,99.09
2026-03-09 09:15:00,74.47
2026-03-09 09:30:00,85.13
2026-03-09 09:45:00,54.33
2026-03-09 10:00:00,74.3
2026-03-09 10:15:00,70.6
2026-03-09 10:30:00,75.17
2026-03-09 10:45:00,78.54
2026-03-09 11:00:00,30.77
2026-03-09 11:15:00,87.57
2026-03-09 11:30:00,81.38
2026-03-09 11:45:00,72.27
2026-03-09 12:00:00,74.29
2026-03-09 12:15:00,70.88
2026-03-09 12:30:00,66.88
2026-03-09 12:45:00,62.33
2026-03-09 13:00:00,65.51
2026-03-09 13:15:00,65.05
2026-03-09 13:30:00,64.8
2026-03-09 13:45:00,63.89
2026-03-09 14:00:00,58.08
2026-03-09 14:15:00,59.27
2026-03-09 14:30:00,62.72
2026-03-09 14:45:00,66.95
2026-03-09 15:00:00,60.24
2026-03-09 15:15:00,75.17
2026-03-09 15:30:00,82.93
2026-03-09 15:45:00,94.31
2026-03-09 16:00:00,91.72
2026-03-09 16:15:00,98.53
2026-03-09 16:30:00,100.73
2026-03-09 16:45:00,107.55
2026-03-09 17:00:00,96.64
2026-03-09 17:15:00,118.72
2026-03-09 17:30:00,135.29
2026-03-09 17:45:00,149.65
2026-03-09 18:00:00,125.03
2026-03-09 18:15:00,157.8
2026-03-09 18:30:00,192.25
2026-03-09 18:45:00,247.59
2026-03-09 19:00:00,210.16
2026-03-09 19:15:00,235.55
2026-03-09 19:30:00,218.57
2026-03-09 19:45:00,189.14
2026-03-09 20:00:00,189.1
2026-03-09 20:15:00,150.46
2026-03-09 20:30:00,118.34
2026-03-09 20:45:00,93.0
2026-03-09 21:00:00,158.61
2026-03-09 21:15:00,121.62
2026-03-09 21:30:00,95.69
2026-03-09 21:45:00,85.0
2026-03-09 22:00:00,105.19
2026-03-09 22:15:00,95.61
2026-03-09 22:30:00,85.2
2026-03-09 22:45:00,77.07
2026-03-09 23:00:00,82.21
2026-03-09 23:15:00,78.15
2026-03-09 23:30:00,74.58
2026-03-09 23:45:00,70.9
2026-03-10 00:00:00,73.13
2026-03-10 00:15:00,70.54
2026-03-10 00:30:00,68.91
2026-03-10 00:45:00,67.13
2026-03-10 01:00:00,73.33
2026-03-10 01:15:00,71.99
2026-03-10 01:30:00,71.43
2026-03-10 01:45:00,70.67
2026-03-10 02:00:00,72.19
2026-03-10 02:15:00,71.35
2026-03-10 02:30:00,70.28
2026-03-10 02:45:00,68.5
2026-03-10 03:00:00,69.94
2026-03-10 03:15:00,69.75
2026-03-10 03:30:00,69.7
2026-03-10 03:45:00,69.14
2026-03-10 04:00:00,68.63
2026-03-10 04:15:00,68.81
2026-03-10 04:30:00,69.6
2026-03-10 04:45:00,70.26
2026-03-10 05:00:00,66.62
2026-03-10 05:15:00,68.35
2026-03-10 05:30:00,70.52
2026-03-10 05:45:00,72.4
2026-03-10 06:00:00,70.29
2026-03-10 06:15:00,72.44
2026-03-10 06:30:00,110.14
2026-03-10 06:45:00,121.66
2026-03-10 07:00:00,123.09
2026-03-10 07:15:00,148.19
2026-03-10 07:30:00,156.18
2026-03-10 07:45:00,146.7
2026-03-10 08:00:00,138.28
2026-03-10 08:15:00,134.7
2026-03-10 08:30:00,120.41
2026-03-10 08:45:00,114.89
2026-03-10 09:00:00,126.93
2026-03-10 09:15:00,99.91
2026-03-10 09:30:00,35.43
2026-03-10 09:45:00,79.41
2026-03-10 10:00:00,95.17
2026-03-10 10:15:00,79.61
2026-03-10 10:30:00,50.73
2026-03-10 10:45:00,34.43
2026-03-10 11:00:00,37.36
2026-03-10 11:15:00,50.91
2026-03-10 11:30:00,40.05
2026-03-10 11:45:00,41.63
2026-03-10 12:00:00,52.51
2026-03-10 12:15:00,72.89
2026-03-10 12:30:00,72.88
2026-03-10 12:45:00,72.42
2026-03-10 13:00:00,73.05
2026-03-10 13:15:00,72.08
2026-03-10 13:30:00,71.09
2026-03-10 13:45:00,70.4
2026-03-10 14:00:00,72.91
2026-03-10 14:15:00,69.95
2026-03-10 14:30:00,70.39
2026-03-10 14:45:00,70.52
2026-03-10 15:00:00,68.85
2026-03-10 15:15:00,70.77
2026-03-10 15:30:00,71.19
2026-03-10 15:45:00,73.25
2026-03-10 16:00:00,71.94
2026-03-10 16:15:00,73.92
2026-03-10 16:30:00,75.79
2026-03-10 16:45:00,132.81
2026-03-10 17:00:00,92.05
2026-03-10 17:15:00,119.44
2026-03-10 17:30:00,107.94
2026-03-10 17:45:00,156.71
2026-03-10 18:00:00,114.46
2026-03-10 18:15:00,139.09
2026-03-10 18:30:00,81.81
2026-03-10 18:45:00,186.53
2026-03-10 19:00:00,167.81
2026-03-10 19:15:00,146.01
2026-03-10 19:30:00,100.39
2026-03-10 19:45:00,89.76
2026-03-10 20:00:00,123.63
2026-03-10 20:15:00,109.0
2026-03-10 20:30:00,104.91
2026-03-10 20:45:00,90.96
2026-03-10 21:00:00,118.95
2026-03-10 21:15:00,85.44
2026-03-10 21:30:00,80.47
2026-03-10 21:45:00,77.98
2026-03-10 22:00:00,77.07
2026-03-10 22:15:00,75.72
2026-03-10 22:30:00,73.9
2026-03-10 22:45:00,71.79
2026-03-10 23:00:00,72.29
2026-03-10 23:15:00,69.25
2026-03-10 23:30:00,66.72
2026-03-10 23:45:00,63.47
2026-03-11 00:00:00,63.65
2026-03-11 00:15:00,59.93
2026-03-11 00:30:00,57.13
2026-03-11 00:45:00,54.12
2026-03-11 01:00:00,55.84
2026-03-11 01:15:00,53.22
2026-03-11 01:30:00,50.69
2026-03-11 01:45:00,47.69
2026-03-11 02:00:00,48.62
2026-03-11 02:15:00,46.6
2026-03-11 02:30:00,43.18
2026-03-11 02:45:00,42.66
2026-03-11 03:00:00,41.84
2026-03-11 03:15:00,42.22
2026-03-11 03:30:00,41.36
2026-03-11 03:45:00,41.12
2026-03-11 04:00:00,41.33
2026-03-11 04:15:00,41.59
2026-03-11 04:30:00,40.71
2026-03-11 04:45:00,41.57
2026-03-11 05:00:00,39.04
2026-03-11 05:15:00,38.12
2026-03-11 05:30:00,39.21
2026-03-11 05:45:00,43.13
2026-03-11 06:00:00,33.99
2026-03-11 06:15:00,39.99
2026-03-11 06:30:00,35.25
2026-03-11 06:45:00,64.3
2026-03-11 07:00:00,42.37
2026-03-11 07:15:00,49.59
2026-03-11 07:30:00,53.82
2026-03-11 07:45:00,58.02
2026-03-11 08:00:00,66.37
2026-03-11 08:15:00,66.95
2026-03-11 08:30:00,65.63
2026-03-11 08:45:00,55.4
2026-03-11 09:00:00,71.11
2026-03-11 09:15:00,64.04
2026-03-11 09:30:00,60.1
2026-03-11 09:45:00,54.53
2026-03-11 10:00:00,64.89
2026-03-11 10:15:00,59.13
2026-03-11 10:30:00,52.93
2026-03-11 10:45:00,24.85
2026-03-11 11:00:00,52.45
2026-03-11 11:15:00,34.59
2026-03-11 11:30:00,27.6
2026-03-11 11:45:00,23.65
2026-03-11 12:00:00,37.16
2026-03-11 12:15:00,32.0
2026-03-11 12:30:00,29.16
2026-03-11 12:45:00,26.36
2026-03-11 13:00:00,32.13
2026-03-11 13:15:00,31.9
2026-03-11 13:30:00,30.12
2026-03-11 13:45:00,26.12
2026-03-11 14:00:00,29.47
2026-03-11 14:15:00,29.43
2026-03-11 14:30:00,26.09
2026-03-11 14:45:00,28.92
2026-03-11 15:00:00,24.15
2026-03-11 15:15:00,32.08
2026-03-11 15:30:00,46.52
2026-03-11 15:45:00,57.91
2026-03-11 16:00:00,47.17
2026-03-11 16:15:00,57.41
2026-03-11 16:30:00,62.95
2026-03-11 16:45:00,67.41
2026-03-11 17:00:00,60.14
2026-03-11 17:15:00,66.7
2026-03-11 17:30:00,66.45
2026-03-11 17:45:00,78.59
2026-03-11 18:00:00,69.91
2026-03-11 18:15:00,77.34
2026-03-11 18:30:00,79.9
2026-03-11 18:45:00,73.66
2026-03-11 19:00:00,71.59
2026-03-11 19:15:00,69.63
2026-03-11 19:30:00,68.7
2026-03-11 19:45:00,68.24
2026-03-11 20:00:00,69.81
2026-03-11 20:15:00,68.96
2026-03-11 20:30:00,68.28
2026-03-11 20:45:00,67.42
2026-03-11 21:00:00,67.74
2026-03-11 21:15:00,66.79
2026-03-11 21:30:00,63.9
2026-03-11 21:45:00,62.89
2026-03-11 22:00:00,62.94
2026-03-11 22:15:00,62.53
2026-03-11 22:30:00,61.88
2026-03-11 22:45:00,61.04
2026-03-11 23:00:00,60.07
2026-03-11 23:15:00,60.3
2026-03-11 23:30:00,59.89
2026-03-11 23:45:00,58.4
2026-03-12 00:00:00,57.96
2026-03-12 00:15:00,56.49
2026-03-12 00:30:00,54.89
2026-03-12 00:45:00,50.89
2026-03-12 01:00:00,54.64
2026-03-12 01:15:00,53.77
2026-03-12 01:30:00,50.44
2026-03-12 01:45:00,45.4
2026-03-12 02:00:00,49.32
2026-03-12 02:15:00,43.45
2026-03-12 02:30:00,42.58
2026-03-12 02:45:00,25.17
2026-03-12 03:00:00,30.7
2026-03-12 03:15:00,13.23
2026-03-12 03:30:00,13.17
2026-03-12 03:45:00,10.48
2026-03-12 04:00:00,12.0
2026-03-12 04:15:00,12.01
2026-03-12 04:30:00,13.18
2026-03-12 04:45:00,15.55
2026-03-12 05:00:00,9.07
2026-03-12 05:15:00,12.01
2026-03-12 05:30:00,13.66
2026-03-12 05:45:00,13.17
2026-03-12 06:00:00,11.94
2026-03-12 06:15:00,11.96
2026-03-12 06:30:00,30.73
2026-03-12 06:45:00,25.08
2026-03-12 07:00:00,32.65
2026-03-12 07:15:00,48.06
2026-03-12 07:30:00,57.41
2026-03-12 07:45:00,61.01
2026-03-12 08:00:00,59.58
2026-03-12 08:15:00,61.66
2026-03-12 08:30:00,64.01
2026-03-12 08:45:00,64.57
2026-03-12 09:00:00,64.69
2026-03-12 09:15:00,63.98
2026-03-12 09:30:00,62.09
2026-03-12 09:45:00,57.31
2026-03-12 10:00:00,61.43
2026-03-12 10:15:00,57.15
2026-03-12 10:30:00,47.53
2026-03-12 10:45:00,34.53
2026-03-12 11:00:00,52.48
2026-03-12 11:15:00,27.07
2026-03-12 11:30:00,10.75
2026-03-12 11:45:00,6.0
2026-03-12 12:00:00,13.16
2026-03-12 12:15:00,11.98
2026-03-12 12:30:00,10.6
2026-03-12 12:45:00,9.72
2026-03-12 13:00:00,10.9
2026-03-12 13:15:00,9.99
2026-03-12 13:30:00,9.51
2026-03-12 13:45:00,8.56
2026-03-12 14:00:00,9.76
2026-03-12 14:15:00,9.79
2026-03-12 14:30:00,12.01
2026-03-12 14:45:00,9.75
2026-03-12 15:00:00,10.07
2026-03-12 15:15:00,10.0
2026-03-12 15:30:00,13.0
2026-03-12 15:45:00,9.76
2026-03-12 16:00:00,9.72
2026-03-12 16:15:00,11.97
2026-03-12 16:30:00,25.01
2026-03-12 16:45:00,86.39
2026-03-12 17:00:00,40.39
2026-03-12 17:15:00,22.64
2026-03-12 17:30:00,48.03
2026-03-12 17:45:00,80.0
2026-03-12 18:00:00,38.03
2026-03-12 18:15:00,50.47
2026-03-12 18:30:00,196.76
2026-03-12 18:45:00,76.72
2026-03-12 19:00:00,71.4
2026-03-12 19:15:00,74.19
2026-03-12 19:30:00,69.92
2026-03-12 19:45:00,52.67
2026-03-12 20:00:00,86.4
2026-03-12 20:15:00,71.4
2026-03-12 20:30:00,48.22
2026-03-12 20:45:00,33.99
2026-03-12 21:00:00,38.93
2026-03-12 21:15:00,29.5
2026-03-12 21:30:00,99.97
2026-03-12 21:45:00,48.02
2026-03-12 22:00:00,155.58
2026-03-12 22:15:00,99.95
2026-03-12 22:30:00,48.04
2026-03-12 22:45:00,30.73
2026-03-12 23:00:00,30.74
2026-03-12 23:15:00,25.01
2026-03-12 23:30:00,12.02
2026-03-12 23:45:00,11.99
2026-03-13 00:00:00,100.71
2026-03-13 00:15:00,49.9
2026-03-13 00:30:00,9.71
2026-03-13 00:45:00,2.42
2026-03-13 01:00:00,26.97
2026-03-13 01:15:00,25.04
2026-03-13 01:30:00,13.17
2026-03-13 01:45:00,13.16
2026-03-13 02:00:00,9.88
2026-03-13 02:15:00,9.81
2026-03-13 02:30:00,9.72
2026-03-13 02:45:00,9.72
2026-03-13 03:00:00,8.55
2026-03-13 03:15:00,8.52
2026-03-13 03:30:00,5.07
2026-03-13 03:45:00,3.81
2026-03-13 04:00:00,3.81
2026-03-13 04:15:00,3.81
2026-03-13 04:30:00,3.81
2026-03-13 04:45:00,3.8
2026-03-13 05:00:00,1.82
2026-03-13 05:15:00,1.96
2026-03-13 05:30:00,1.99
2026-03-13 05:45:00,1.99
2026-03-13 06:00:00,2.03
2026-03-13 06:15:00,2.41
2026-03-13 06:30:00,2.63
2026-03-13 06:45:00,3.6
2026-03-13 07:00:00,13.17
2026-03-13 07:15:00,13.16
2026-03-13 07:30:00,12.01
2026-03-13 07:45:00,11.95
2026-03-13 08:00:00,12.01
2026-03-13 08:15:00,11.32
2026-03-13 08:30:00,11.16
2026-03-13 08:45:00,7.6
2026-03-13 09:00:00,7.39
2026-03-13 09:15:00,4.86
2026-03-13 09:30:00,3.31
2026-03-13 09:45:00,2.69
2026-03-13 10:00:00,2.68
2026-03-13 10:15:00,2.63
2026-03-13 10:30:00,1.96
2026-03-13 10:45:00,1.0
2026-03-13 11:00:00,1.0
2026-03-13 11:15:00,0.36
2026-03-13 11:30:00,0.92
2026-03-13 11:45:00,0.01
2026-03-13 12:00:00,1.07
2026-03-13 12:15:00,1.2
2026-03-13 12:30:00,1.0
2026-03-13 12:45:00,0.99
2026-03-13 13:00:00,0.0
2026-03-13 13:15:00,0.0
2026-03-13 13:30:00,0.0
2026-03-13 13:45:00,0.0
2026-03-13 14:00:00,0.42
2026-03-13 14:15:00,0.22
2026-03-13 14:30:00,0.41
2026-03-13 14:45:00,1.34
2026-03-13 15:00:00,0.99
2026-03-13 15:15:00,0.44
2026-03-13 15:30:00,0.93
2026-03-13 15:45:00,2.9
2026-03-13 16:00:00,1.34
2026-03-13 16:15:00,2.87
2026-03-13 16:30:00,4.54
2026-03-13 16:45:00,10.42
2026-03-13 17:00:00,12.02
2026-03-13 17:15:00,25.12
2026-03-13 17:30:00,33.39
2026-03-13 17:45:00,56.73
2026-03-13 18:00:00,52.7
2026-03-13 18:15:00,55.84
2026-03-13 18:30:00,56.66
2026-03-13 18:45:00,57.52
2026-03-13 19:00:00,52.7
2026-03-13 19:15:00,29.99
2026-03-13 19:30:00,27.04
2026-03-13 19:45:00,13.21
2026-03-13 20:00:00,26.97
2026-03-13 20:15:00,21.66
2026-03-13 20:30:00,13.17
2026-03-13 20:45:00,13.17
2026-03-13 21:00:00,38.25
2026-03-13 21:15:00,27.0
2026-03-13 21:30:00,58.42
2026-03-13 21:45:00,57.72
2026-03-13 22:00:00,26.96
2026-03-13 22:15:00,13.2
2026-03-13 22:30:00,57.82
2026-03-13 22:45:00,52.71
2026-03-13 23:00:00,26.96
2026-03-13 23:15:00,13.2
2026-03-13 23:30:00,57.04
2026-03-13 23:45:00,56.1
2026-03-14 00:00:00,13.17
2026-03-14 00:15:00,13.16
2026-03-14 00:30:00,52.71
2026-03-14 00:45:00,48.18
2026-03-14 01:00:00,11.97
2026-03-14 01:15:00,11.96
2026-03-14 01:30:00,11.96
2026-03-14 01:45:00,11.96
2026-03-14 02:00:00,9.71
2026-03-14 02:15:00,9.71
2026-03-14 02:30:00,11.94
2026-03-14 02:45:00,12.0
2026-03-14 03:00:00,8.56
2026-03-14 03:15:00,12.0
2026-03-14 03:30:00,12.0
2026-03-14 03:45:00,12.0
2026-03-14 04:00:00,9.9
2026-03-14 04:15:00,5.08
2026-03-14 04:30:00,9.99
2026-03-14 04:45:00,11.94
2026-03-14 05:00:00,11.94
2026-03-14 05:15:00,11.95
2026-03-14 05:30:00,11.96
2026-03-14 05:45:00,11.96
2026-03-14 06:00:00,11.97
2026-03-14 06:15:00,11.97
2026-03-14 06:30:00,12.0
2026-03-14 06:45:00,12.0
2026-03-14 07:00:00,12.0
2026-03-14 07:15:00,11.97
2026-03-14 07:30:00,11.95
2026-03-14 07:45:00,11.94
2026-03-14 08:00:00,12.03
2026-03-14 08:15:00,12.5
2026-03-14 08:30:00,12.82
2026-03-14 08:45:00,13.17
2026-03-14 09:00:00,13.23
2026-03-14 09:15:00,13.64
2026-03-14 09:30:00,11.96
2026-03-14 09:45:00,8.0
2026-03-14 10:00:00,5.36
2026-03-14 10:15:00,3.8
2026-03-14 10:30:00,3.6
2026-03-14 10:45:00,0.91
2026-03-14 11:00:00,3.8
2026-03-14 11:15:00,3.5
2026-03-14 11:30:00,0.07
2026-03-14 11:45:00,0.01
2026-03-14 12:00:00,0.01
2026-03-14 12:15:00,0.01
2026-03-14 12:30:00,0.01
2026-03-14 12:45:00,0.01
2026-03-14 13:00:00,0.01
2026-03-14 13:15:00,0.01
2026-03-14 13:30:00,0.01
2026-03-14 13:45:00,0.08
2026-03-14 14:00:00,0.91
2026-03-14 14:15:00,3.51
2026-03-14 14:30:00,3.8
2026-03-14 14:45:00,3.81
2026-03-14 15:00:00,3.6
2026-03-14 15:15:00,3.81
2026-03-14 15:30:00,11.95
2026-03-14 15:45:00,28.0
2026-03-14 16:00:00,22.92
2026-03-14 16:15:00,28.34
2026-03-14 16:30:00,30.0
2026-03-14 16:45:00,32.8
2026-03-14 17:00:00,27.52
2026-03-14 17:15:00,30.0
2026-03-14 17:30:00,32.8
2026-03-14 17:45:00,35.32
2026-03-14 18:00:00,30.32
2026-03-14 18:15:00,30.82
2026-03-14 18:30:00,31.96
2026-03-14 18:45:00,31.32
2026-03-14 19:00:00,31.92
2026-03-14 19:15:00,30.63
2026-03-14 19:30:00,35.0
2026-03-14 19:45:00,32.0
2026-03-14 20:00:00,32.0
2026-03-14 20:15:00,30.0
2026-03-14 20:30:00,27.99
2026-03-14 20:45:00,26.07
2026-03-14 21:00:00,31.12
2026-03-14 21:15:00,29.65
2026-03-14 21:30:00,27.94
2026-03-14 21:45:00,27.0
2026-03-14 22:00:00,29.81
2026-03-14 22:15:00,30.0
2026-03-14 22:30:00,30.0
2026-03-14 22:45:00,30.0
2026-03-14 23:00:00,34.98
2026-03-14 23:15:00,32.0
2026-03-14 23:30:00,30.27
2026-03-14 23:45:00,30.0
2026-03-15 00:00:00,30.88
2026-03-15 00:15:00,29.99
2026-03-15 00:30:00,27.93
2026-03-15 00:45:00,26.26
2026-03-15 01:00:00,25.1
2026-03-15 01:15:00,21.47
2026-03-15 01:30:00,20.78
2026-03-15 01:45:00,19.28
2026-03-15 02:00:00,23.87
2026-03-15 02:15:00,25.39
2026-03-15 02:30:00,26.96
2026-03-15 02:45:00,27.03
2026-03-15 03:00:00,28.05
2026-03-15 03:15:00,29.79
2026-03-15 03:30:00,30.6
2026-03-15 03:45:00,33.19
2026-03-15 04:00:00,30.0
2026-03-15 04:15:00,31.35
2026-03-15 04:30:00,33.25
2026-03-15 04:45:00,34.94
2026-03-15 05:00:00,32.1
2026-03-15 05:15:00,33.17
2026-03-15 05:30:00,35.0
2026-03-15 05:45:00,35.55
2026-03-15 06:00:00,35.01
2026-03-15 06:15:00,36.82
2026-03-15 06:30:00,40.18
2026-03-15 06:45:00,36.79
2026-03-15 07:00:00,34.57
2026-03-15 07:15:00,36.59
2026-03-15 07:30:00,36.61
2026-03-15 07:45:00,36.27
2026-03-15 08:00:00,35.29
2026-03-15 08:15:00,36.91
2026-03-15 08:30:00,36.77
2026-03-15 08:45:00,14.22
2026-03-15 09:00:00,26.98
2026-03-15 09:15:00,13.55
2026-03-15 09:30:00,13.16
2026-03-15 09:45:00,13.0
2026-03-15 10:00:00,13.28
2026-03-15 10:15:00,13.16
2026-03-15 10:30:00,12.75
2026-03-15 10:45:00,12.01
2026-03-15 11:00:00,12.59
2026-03-15 11:15:00,12.01
2026-03-15 11:30:00,11.97
2026-03-15 11:45:00,11.94
2026-03-15 12:00:00,12.89
2026-03-15 12:15:00,12.96
2026-03-15 12:30:00,12.94
2026-03-15 12:45:00,13.0
2026-03-15 13:00:00,13.0
2026-03-15 13:15:00,13.16
2026-03-15 13:30:00,14.0
2026-03-15 13:45:00,25.02
2026-03-15 14:00:00,34.57
2026-03-15 14:15:00,32.37
2026-03-15 14:30:00,27.99
2026-03-15 14:45:00,27.69
2026-03-15 15:00:00,22.67
2026-03-15 15:15:00,28.79
2026-03-15 15:30:00,33.19
2026-03-15 15:45:00,45.0
2026-03-15 16:00:00,29.64
2026-03-15 16:15:00,37.31
2026-03-15 16:30:00,47.91
2026-03-15 16:45:00,64.01
2026-03-15 17:00:00,51.12
2026-03-15 17:15:00,67.5
2026-03-15 17:30:00,73.33
2026-03-15 17:45:00,77.83
2026-03-15 18:00:00,76.17
2026-03-15 18:15:00,76.61
2026-03-15 18:30:00,76.65
2026-03-15 18:45:00,75.48
2026-03-15 19:00:00,87.88
2026-03-15 19:15:00,91.56
2026-03-15 19:30:00,84.88
2026-03-15 19:45:00,76.06
2026-03-15 20:00:00,112.66
2026-03-15 20:15:00,100.56
2026-03-15 20:30:00,83.18
2026-03-15 20:45:00,69.24
2026-03-15 21:00:00,76.09
2026-03-15 21:15:00,69.87
2026-03-15 21:30:00,65.39
2026-03-15 21:45:00,62.4
2026-03-15 22:00:00,65.28
2026-03-15 22:15:00,61.76
2026-03-15 22:30:00,57.09
2026-03-15 22:45:00,52.5
2026-03-15 23:00:00,56.38
2026-03-15 23:15:00,52.57
2026-03-15 23:30:00,48.77
2026-03-15 23:45:00,49.72
2026-03-16 00:00:00,51.78
2026-03-16 00:15:00,49.2
2026-03-16 00:30:00,47.07
2026-03-16 00:45:00,33.85
2026-03-16 01:00:00,111.16
2026-03-16 01:15:00,34.45
2026-03-16 01:30:00,26.99
2026-03-16 01:45:00,27.01
2026-03-16 02:00:00,31.78
2026-03-16 02:15:00,27.04
2026-03-16 02:30:00,27.04
2026-03-16 02:45:00,29.47
2026-03-16 03:00:00,26.99
2026-03-16 03:15:00,26.97
2026-03-16 03:30:00,26.98
2026-03-16 03:45:00,26.99
2026-03-16 04:00:00,15.85
2026-03-16 04:15:00,26.96
2026-03-16 04:30:00,27.0
2026-03-16 04:45:00,27.04
2026-03-16 05:00:00,12.08
2026-03-16 05:15:00,20.17
2026-03-16 05:30:00,66.76
2026-03-16 05:45:00,101.0
2026-03-16 06:00:00,94.81
2026-03-16 06:15:00,95.96
2026-03-16 06:30:00,106.73
2026-03-16 06:45:00,140.6
2026-03-16 07:00:00,127.79
2026-03-16 07:15:00,173.67
2026-03-16 07:30:00,176.1
2026-03-16 07:45:00,173.67
2026-03-16 08:00:00,168.21
2026-03-16 08:15:00,108.58
2026-03-16 08:30:00,93.76
2026-03-16 08:45:00,88.73
2026-03-16 09:00:00,93.24
2026-03-16 09:15:00,73.41
2026-03-16 09:30:00,72.49
2026-03-16 09:45:00,69.97
2026-03-16 10:00:00,60.56
2026-03-16 10:15:00,57.46
2026-03-16 10:30:00,52.24
2026-03-16 10:45:00,42.27
2026-03-16 11:00:00,54.82
2026-03-16 11:15:00,46.67
2026-03-16 11:30:00,34.12
2026-03-16 11:45:00,19.46
2026-03-16 12:00:00,23.16
2026-03-16 12:15:00,16.01
2026-03-16 12:30:00,14.71
2026-03-16 12:45:00,16.96
2026-03-16 13:00:00,16.81
2026-03-16 13:15:00,14.37
2026-03-16 13:30:00,18.02
2026-03-16 13:45:00,17.26
2026-03-16 14:00:00,12.51
2026-03-16 14:15:00,13.82
2026-03-16 14:30:00,18.92
2026-03-16 14:45:00,27.23
2026-03-16 15:00:00,16.81
2026-03-16 15:15:00,29.51
2026-03-16 15:30:00,49.27
2026-03-16 15:45:00,59.13
2026-03-16 16:00:00,28.85
2026-03-16 16:15:00,40.58
2026-03-16 16:30:00,74.63
2026-03-16 16:45:00,114.0
2026-03-16 17:00:00,50.0
2026-03-16 17:15:00,86.47
2026-03-16 17:30:00,133.66
2026-03-16 17:45:00,157.93
2026-03-16 18:00:00,97.72
2026-03-16 18:15:00,129.56
2026-03-16 18:30:00,168.21
2026-03-16 18:45:00,187.24
2026-03-16 19:00:00,168.2
2026-03-16 19:15:00,168.2
2026-03-16 19:30:00,179.21
2026-03-16 19:45:00,191.3
2026-03-16 20:00:00,185.11
2026-03-16 20:15:00,183.53
2026-03-16 20:30:00,183.97
2026-03-16 20:45:00,180.29
2026-03-16 21:00:00,186.41
2026-03-16 21:15:00,166.36
2026-03-16 21:30:00,144.72
2026-03-16 21:45:00,130.23
2026-03-16 22:00:00,142.6
2026-03-16 22:15:00,128.64
2026-03-16 22:30:00,120.54
2026-03-16 22:45:00,111.48
2026-03-16 23:00:00,126.04
2026-03-16 23:15:00,121.55
2026-03-16 23:30:00,121.21
2026-03-16 23:45:00,106.38
2026-03-17 00:00:00,109.06
2026-03-17 00:15:00,100.21
2026-03-17 00:30:00,91.31
2026-03-17 00:45:00,85.02
2026-03-17 01:00:00,107.45
2026-03-17 01:15:00,109.7
2026-03-17 01:30:00,102.17
2026-03-17 01:45:00,99.36
2026-03-17 02:00:00,96.51
2026-03-17 02:15:00,97.62
2026-03-17 02:30:00,95.2
2026-03-17 02:45:00,93.64
2026-03-17 03:00:00,101.46
2026-03-17 03:15:00,101.4
2026-03-17 03:30:00,99.89
2026-03-17 03:45:00,99.29
2026-03-17 04:00:00,94.32
2026-03-17 04:15:00,94.82
2026-03-17 04:30:00,96.51
2026-03-17 04:45:00,99.55
2026-03-17 05:00:00,98.78
2026-03-17 05:15:00,99.98
2026-03-17 05:30:00,103.63
2026-03-17 05:45:00,108.26
2026-03-17 06:00:00,104.7
2026-03-17 06:15:00,106.86
2026-03-17 06:30:00,121.12
2026-03-17 06:45:00,138.2
2026-03-17 07:00:00,133.01
2026-03-17 07:15:00,146.45
2026-03-17 07:30:00,156.64
2026-03-17 07:45:00,165.83
2026-03-17 08:00:00,193.61
2026-03-17 08:15:00,185.18
2026-03-17 08:30:00,185.7
2026-03-17 08:45:00,155.9
2026-03-17 09:00:00,205.26
2026-03-17 09:15:00,166.32
2026-03-17 09:30:00,142.99
2026-03-17 09:45:00,118.73
2026-03-17 10:00:00,154.63
2026-03-17 10:15:00,128.58
2026-03-17 10:30:00,112.62
2026-03-17 10:45:00,107.57
2026-03-17 11:00:00,134.73
2026-03-17 11:15:00,105.39
2026-03-17 11:30:00,96.58
2026-03-17 11:45:00,89.75
2026-03-17 12:00:00,102.19
2026-03-17 12:15:00,97.81
2026-03-17 12:30:00,96.62
2026-03-17 12:45:00,77.59
2026-03-17 13:00:00,71.34
2026-03-17 13:15:00,70.5
2026-03-17 13:30:00,66.79
2026-03-17 13:45:00,59.39
2026-03-17 14:00:00,58.25
2026-03-17 14:15:00,60.69
2026-03-17 14:30:00,60.95
2026-03-17 14:45:00,66.65
2026-03-17 15:00:00,38.04
2026-03-17 15:15:00,40.06
2026-03-17 15:30:00,60.48
2026-03-17 15:45:00,69.58
2026-03-17 16:00:00,59.72
2026-03-17 16:15:00,89.57
2026-03-17 16:30:00,98.09
2026-03-17 16:45:00,120.7
2026-03-17 17:00:00,85.11
2026-03-17 17:15:00,107.78
2026-03-17 17:30:00,121.46
2026-03-17 17:45:00,145.64
2026-03-17 18:00:00,125.13
2026-03-17 18:15:00,150.63
2026-03-17 18:30:00,166.97
2026-03-17 18:45:00,211.09
2026-03-17 19:00:00,183.46
2026-03-17 19:15:00,206.8
2026-03-17 19:30:00,212.24
2026-03-17 19:45:00,160.77
2026-03-17 20:00:00,208.7
2026-03-17 20:15:00,174.93
2026-03-17 20:30:00,137.03
2026-03-17 20:45:00,124.94
2026-03-17 21:00:00,129.96
2026-03-17 21:15:00,119.03
2026-03-17 21:30:00,117.33
2026-03-17 21:45:00,111.07
2026-03-17 22:00:00,114.67
2026-03-17 22:15:00,109.39
2026-03-17 22:30:00,107.06
2026-03-17 22:45:00,67.25
2026-03-17 23:00:00,90.89
2026-03-17 23:15:00,59.16
2026-03-17 23:30:00,38.59
2026-03-17 23:45:00,26.59
2026-03-18 00:00:00,27.03
2026-03-18 00:15:00,26.97
2026-03-18 00:30:00,78.97
2026-03-18 00:45:00,27.03
2026-03-18 01:00:00,45.89
2026-03-18 01:15:00,31.29
2026-03-18 01:30:00,25.46
2026-03-18 01:45:00,24.14
2026-03-18 02:00:00,24.26
2026-03-18 02:15:00,23.5
2026-03-18 02:30:00,22.95
2026-03-18 02:45:00,22.53
2026-03-18 03:00:00,22.76
2026-03-18 03:15:00,22.34
2026-03-18 03:30:00,22.12
2026-03-18 03:45:00,22.14
2026-03-18 04:00:00,22.51
2026-03-18 04:15:00,22.56
2026-03-18 04:30:00,22.9
2026-03-18 04:45:00,23.13
2026-03-18 05:00:00,26.99
2026-03-18 05:15:00,26.98
2026-03-18 05:30:00,68.59
2026-03-18 05:45:00,24.26
2026-03-18 06:00:00,24.47
2026-03-18 06:15:00,35.65
2026-03-18 06:30:00,97.39
2026-03-18 06:45:00,111.93
2026-03-18 07:00:00,112.69
2026-03-18 07:15:00,131.88
2026-03-18 07:30:00,138.75
2026-03-18 07:45:00,141.4
2026-03-18 08:00:00,151.04
2026-03-18 08:15:00,148.89
2026-03-18 08:30:00,131.34
2026-03-18 08:45:00,101.38
2026-03-18 09:00:00,131.8
2026-03-18 09:15:00,105.21
2026-03-18 09:30:00,85.14
2026-03-18 09:45:00,71.09
2026-03-18 10:00:00,99.46
2026-03-18 10:15:00,78.53
2026-03-18 10:30:00,55.61
2026-03-18 10:45:00,5.36
2026-03-18 11:00:00,5.32
2026-03-18 11:15:00,3.93
2026-03-18 11:30:00,3.99
2026-03-18 11:45:00,3.86
2026-03-18 12:00:00,2.95
2026-03-18 12:15:00,2.82
2026-03-18 12:30:00,2.72
2026-03-18 12:45:00,2.64
2026-03-18 13:00:00,2.46
2026-03-18 13:15:00,2.41
2026-03-18 13:30:00,2.4
2026-03-18 13:45:00,2.43
2026-03-18 14:00:00,3.18
2026-03-18 14:15:00,3.09
2026-03-18 14:30:00,3.12
2026-03-18 14:45:00,3.23
2026-03-18 15:00:00,2.5
2026-03-18 15:15:00,2.72
2026-03-18 15:30:00,2.73
2026-03-18 15:45:00,5.78
2026-03-18 16:00:00,4.56
2026-03-18 16:15:00,14.63
2026-03-18 16:30:00,69.67
2026-03-18 16:45:00,97.39
2026-03-18 17:00:00,64.98
2026-03-18 17:15:00,92.85
2026-03-18 17:30:00,125.96
2026-03-18 17:45:00,141.34
2026-03-18 18:00:00,97.44
2026-03-18 18:15:00,131.43
2026-03-18 18:30:00,156.13
2026-03-18 18:45:00,180.31
2026-03-18 19:00:00,163.4
2026-03-18 19:15:00,174.12
2026-03-18 19:30:00,183.19
2026-03-18 19:45:00,183.72
2026-03-18 20:00:00,188.52
2026-03-18 20:15:00,178.0
2026-03-18 20:30:00,161.9
2026-03-18 20:45:00,137.23
2026-03-18 21:00:00,161.35
2026-03-18 21:15:00,147.9
2026-03-18 21:30:00,137.12
2026-03-18 21:45:00,130.71
2026-03-18 22:00:00,140.47
2026-03-18 22:15:00,115.31
2026-03-18 22:30:00,111.43
2026-03-18 22:45:00,79.55
2026-03-18 23:00:00,105.74
2026-03-18 23:15:00,86.42
2026-03-18 23:30:00,65.66
2026-03-18 23:45:00,27.05
2026-03-19 00:00:00,74.95
2026-03-19 00:15:00,46.09
2026-03-19 00:30:00,28.18
2026-03-19 00:45:00,27.41
2026-03-19 01:00:00,35.78
2026-03-19 01:15:00,31.66
2026-03-19 01:30:00,31.21
2026-03-19 01:45:00,30.46
2026-03-19 02:00:00,35.29
2026-03-19 02:15:00,34.09
2026-03-19 02:30:00,36.39
2026-03-19 02:45:00,36.89
2026-03-19 03:00:00,36.08
2026-03-19 03:15:00,40.93
2026-03-19 03:30:00,41.36
2026-03-19 03:45:00,41.01
2026-03-19 04:00:00,40.16
2026-03-19 04:15:00,44.57
2026-03-19 04:30:00,45.14
2026-03-19 04:45:00,45.06
2026-03-19 05:00:00,50.74
2026-03-19 05:15:00,61.91
2026-03-19 05:30:00,44.88
2026-03-19 05:45:00,61.76
2026-03-19 06:00:00,92.0
2026-03-19 06:15:00,109.76
2026-03-19 06:30:00,121.08
2026-03-19 06:45:00,134.71
2026-03-19 07:00:00,118.33
2026-03-19 07:15:00,145.94
2026-03-19 07:30:00,167.27
2026-03-19 07:45:00,175.23
2026-03-19 08:00:00,186.25
2026-03-19 08:15:00,176.61
2026-03-19 08:30:00,150.27
2026-03-19 08:45:00,116.46
2026-03-19 09:00:00,177.29
2026-03-19 09:15:00,151.72
2026-03-19 09:30:00,114.5
2026-03-19 09:45:00,84.94
2026-03-19 10:00:00,121.21
2026-03-19 10:15:00,99.1
2026-03-19 10:30:00,82.92
2026-03-19 10:45:00,56.4
2026-03-19 11:00:00,97.84
2026-03-19 11:15:00,62.37
2026-03-19 11:30:00,41.19
2026-03-19 11:45:00,22.41
2026-03-19 12:00:00,32.02
2026-03-19 12:15:00,21.27
2026-03-19 12:30:00,18.5
2026-03-19 12:45:00,21.44
2026-03-19 13:00:00,23.28
2026-03-19 13:15:00,21.24
2026-03-19 13:30:00,22.14
2026-03-19 13:45:00,24.62
2026-03-19 14:00:00,17.19
2026-03-19 14:15:00,17.2
2026-03-19 14:30:00,17.2
2026-03-19 14:45:00,22.52
2026-03-19 15:00:00,14.92
2026-03-19 15:15:00,29.44
2026-03-19 15:30:00,57.8
2026-03-19 15:45:00,81.29
2026-03-19 16:00:00,39.08
2026-03-19 16:15:00,80.93
2026-03-19 16:30:00,97.09
2026-03-19 16:45:00,119.91
2026-03-19 17:00:00,95.65
2026-03-19 17:15:00,108.66
2026-03-19 17:30:00,122.08
2026-03-19 17:45:00,151.3
2026-03-19 18:00:00,98.89
2026-03-19 18:15:00,135.08
2026-03-19 18:30:00,164.59
2026-03-19 18:45:00,205.75
2026-03-19 19:00:00,180.5
2026-03-19 19:15:00,202.43
2026-03-19 19:30:00,223.34
2026-03-19 19:45:00,231.31
2026-03-19 20:00:00,241.03
2026-03-19 20:15:00,219.6
2026-03-19 20:30:00,203.43
2026-03-19 20:45:00,193.92
2026-03-19 21:00:00,183.16
2026-03-19 21:15:00,167.49
2026-03-19 21:30:00,155.95
2026-03-19 21:45:00,142.99
2026-03-19 22:00:00,159.21
2026-03-19 22:15:00,153.43
2026-03-19 22:30:00,145.36
2026-03-19 22:45:00,129.86
2026-03-19 23:00:00,150.16
2026-03-19 23:15:00,144.92
2026-03-19 23:30:00,133.28
2026-03-19 23:45:00,125.95
2026-03-20 00:00:00,137.59
2026-03-20 00:15:00,129.05
2026-03-20 00:30:00,127.4
2026-03-20 00:45:00,118.65
2026-03-20 01:00:00,154.49
2026-03-20 01:15:00,141.5
2026-03-20 01:30:00,133.36
2026-03-20 01:45:00,129.11
2026-03-20 02:00:00,137.27
2026-03-20 02:15:00,133.23
2026-03-20 02:30:00,131.34
2026-03-20 02:45:00,130.4
2026-03-20 03:00:00,131.93
2026-03-20 03:15:00,130.29
2026-03-20 03:30:00,130.28
2026-03-20 03:45:00,130.22
2026-03-20 04:00:00,131.83
2026-03-20 04:15:00,131.09
2026-03-20 04:30:00,134.62
2026-03-20 04:45:00,135.65
2026-03-20 05:00:00,125.25
2026-03-20 05:15:00,130.17
2026-03-20 05:30:00,133.49
2026-03-20 05:45:00,145.48
2026-03-20 06:00:00,135.48
2026-03-20 06:15:00,144.55
2026-03-20 06:30:00,164.6
2026-03-20 06:45:00,171.53
2026-03-20 07:00:00,168.92
2026-03-20 07:15:00,188.57
2026-03-20 07:30:00,203.45
2026-03-20 07:45:00,209.0
2026-03-20 08:00:00,239.99
2026-03-20 08:15:00,215.12
2026-03-20 08:30:00,195.1
2026-03-20 08:45:00,173.42
2026-03-20 09:00:00,208.2
2026-03-20 09:15:00,173.47
2026-03-20 09:30:00,155.26
2026-03-20 09:45:00,120.32
2026-03-20 10:00:00,169.27
2026-03-20 10:15:00,143.63
2026-03-20 10:30:00,103.96
2026-03-20 10:45:00,106.96
2026-03-20 11:00:00,116.86
2026-03-20 11:15:00,103.86
2026-03-20 11:30:00,61.63
2026-03-20 11:45:00,28.01
2026-03-20 12:00:00,89.69
2026-03-20 12:15:00,80.12
2026-03-20 12:30:00,65.81
2026-03-20 12:45:00,56.93
2026-03-20 13:00:00,50.04
2026-03-20 13:15:00,41.02
2026-03-20 13:30:00,25.76
2026-03-20 13:45:00,24.54
2026-03-20 14:00:00,44.1
2026-03-20 14:15:00,44.47
2026-03-20 14:30:00,45.08
2026-03-20 14:45:00,52.64
2026-03-20 15:00:00,47.68
2026-03-20 15:15:00,72.98
2026-03-20 15:30:00,90.15
2026-03-20 15:45:00,106.92
2026-03-20 16:00:00,93.21
2026-03-20 16:15:00,107.93
2026-03-20 16:30:00,113.44
2026-03-20 16:45:00,129.36
2026-03-20 17:00:00,100.06
2026-03-20 17:15:00,134.91
2026-03-20 17:30:00,152.56
2026-03-20 17:45:00,173.04
2026-03-20 18:00:00,140.55
2026-03-20 18:15:00,161.51
2026-03-20 18:30:00,173.73
2026-03-20 18:45:00,213.3
2026-03-20 19:00:00,172.2
2026-03-20 19:15:00,176.62
2026-03-20 19:30:00,178.2
2026-03-20 19:45:00,174.69
2026-03-20 20:00:00,171.08
2026-03-20 20:15:00,165.0
2026-03-20 20:30:00,155.0
2026-03-20 20:45:00,149.69
2026-03-20 21:00:00,155.78
2026-03-20 21:15:00,151.07
2026-03-20 21:30:00,145.47
2026-03-20 21:45:00,144.38
2026-03-20 22:00:00,144.45
2026-03-20 22:15:00,142.56
2026-03-20 22:30:00,142.01
2026-03-20 22:45:00,133.88
2026-03-20 23:00:00,133.06
2026-03-20 23:15:00,95.7
2026-03-20 23:30:00,85.35
2026-03-20 23:45:00,77.64
2026-03-21 00:00:00,74.97
2026-03-21 00:15:00,56.84
2026-03-21 00:30:00,55.32
2026-03-21 00:45:00,52.88
2026-03-21 01:00:00,50.04
2026-03-21 01:15:00,49.66
2026-03-21 01:30:00,49.23
2026-03-21 01:45:00,48.3
2026-03-21 02:00:00,52.51
2026-03-21 02:15:00,52.34
2026-03-21 02:30:00,51.93
2026-03-21 02:45:00,51.73
2026-03-21 03:00:00,50.31
2026-03-21 03:15:00,50.26
2026-03-21 03:30:00,50.21
2026-03-21 03:45:00,50.25
2026-03-21 04:00:00,51.16
2026-03-21 04:15:00,50.9
2026-03-21 04:30:00,51.01
2026-03-21 04:45:00,50.82
2026-03-21 05:00:00,49.68
2026-03-21 05:15:00,49.99
2026-03-21 05:30:00,50.34
2026-03-21 05:45:00,61.11
2026-03-21 06:00:00,44.46
2026-03-21 06:15:00,45.27
2026-03-21 06:30:00,45.24
2026-03-21 06:45:00,45.0
2026-03-21 07:00:00,50.75
2026-03-21 07:15:00,50.55
2026-03-21 07:30:00,50.85
2026-03-21 07:45:00,50.65
2026-03-21 08:00:00,49.07
2026-03-21 08:15:00,48.02
2026-03-21 08:30:00,47.1
2026-03-21 08:45:00,45.59
2026-03-21 09:00:00,52.1
2026-03-21 09:15:00,50.53
2026-03-21 09:30:00,47.1
2026-03-21 09:45:00,45.84
2026-03-21 10:00:00,41.7
2026-03-21 10:15:00,36.6
2026-03-21 10:30:00,29.26
2026-03-21 10:45:00,25.09
2026-03-21 11:00:00,34.74
2026-03-21 11:15:00,26.03
2026-03-21 11:30:00,20.51
2026-03-21 11:45:00,16.26
2026-03-21 12:00:00,19.69
2026-03-21 12:15:00,13.66
2026-03-21 12:30:00,11.53
2026-03-21 12:45:00,9.54
2026-03-21 13:00:00,9.24
2026-03-21 13:15:00,5.75
2026-03-21 13:30:00,5.47
2026-03-21 13:45:00,5.21
2026-03-21 14:00:00,6.63
2026-03-21 14:15:00,6.8
2026-03-21 14:30:00,7.77
2026-03-21 14:45:00,9.53
2026-03-21 15:00:00,11.8
2026-03-21 15:15:00,18.03
2026-03-21 15:30:00,20.07
2026-03-21 15:45:00,24.81
2026-03-21 16:00:00,21.61
2026-03-21 16:15:00,25.7
2026-03-21 16:30:00,28.72
2026-03-21 16:45:00,33.03
2026-03-21 17:00:00,34.74
2026-03-21 17:15:00,40.57
2026-03-21 17:30:00,68.33
2026-03-21 17:45:00,116.8
2026-03-21 18:00:00,119.7
2026-03-21 18:15:00,138.51
2026-03-21 18:30:00,141.94
2026-03-21 18:45:00,144.36
2026-03-21 19:00:00,145.52
2026-03-21 19:15:00,147.42
2026-03-21 19:30:00,149.86
2026-03-21 19:45:00,144.25
2026-03-21 20:00:00,137.92
2026-03-21 20:15:00,137.73
2026-03-21 20:30:00,137.27
2026-03-21 20:45:00,132.85
2026-03-21 21:00:00,137.59
2026-03-21 21:15:00,109.02
2026-03-21 21:30:00,124.54
2026-03-21 21:45:00,117.52
2026-03-21 22:00:00,83.65
2026-03-21 22:15:00,56.13
2026-03-21 22:30:00,54.81
2026-03-21 22:45:00,53.13
2026-03-21 23:00:00,51.72
2026-03-21 23:15:00,47.92
2026-03-21 23:30:00,45.2
2026-03-21 23:45:00,41.11
2026-03-22 00:00:00,47.33
2026-03-22 00:15:00,43.85
2026-03-22 00:30:00,42.36
2026-03-22 00:45:00,37.08
2026-03-22 01:00:00,42.4
2026-03-22 01:15:00,40.69
2026-03-22 01:30:00,39.66
2026-03-22 01:45:00,36.49
2026-03-22 02:00:00,40.81
2026-03-22 02:15:00,37.21
2026-03-22 02:30:00,34.4
2026-03-22 02:45:00,33.19
2026-03-22 03:00:00,37.36
2026-03-22 03:15:00,36.6
2026-03-22 03:30:00,36.61
2026-03-22 03:45:00,39.27
2026-03-22 04:00:00,35.14
2026-03-22 04:15:00,36.0
2026-03-22 04:30:00,36.07
2026-03-22 04:45:00,34.21
2026-03-22 05:00:00,36.29
2026-03-22 05:15:00,36.31
2026-03-22 05:30:00,37.34
2026-03-22 05:45:00,38.12
2026-03-22 06:00:00,39.56
2026-03-22 06:15:00,41.19
2026-03-22 06:30:00,42.0
2026-03-22 06:45:00,40.31
2026-03-22 07:00:00,38.18
2026-03-22 07:15:00,37.15
2026-03-22 07:30:00,35.53
2026-03-22 07:45:00,33.5
2026-03-22 08:00:00,37.53
2026-03-22 08:15:00,33.96
2026-03-22 08:30:00,29.21
2026-03-22 08:45:00,20.82
2026-03-22 09:00:00,36.42
2026-03-22 09:15:00,21.06
2026-03-22 09:30:00,9.86
2026-03-22 09:45:00,7.01
2026-03-22 10:00:00,12.19
2026-03-22 10:15:00,6.69
2026-03-22 10:30:00,3.44
2026-03-22 10:45:00,2.82
2026-03-22 11:00:00,3.91
2026-03-22 11:15:00,3.4
2026-03-22 11:30:00,3.04
2026-03-22 11:45:00,2.62
2026-03-22 12:00:00,1.7
2026-03-22 12:15:00,1.52
2026-03-22 12:30:00,0.67
2026-03-22 12:45:00,0.47
2026-03-22 13:00:00,0.0
2026-03-22 13:15:00,0.0
2026-03-22 13:30:00,0.0
2026-03-22 13:45:00,0.0
2026-03-22 14:00:00,-1.64
2026-03-22 14:15:00,-0.01
2026-03-22 14:30:00,0.0
2026-03-22 14:45:00,0.0
2026-03-22 15:00:00,-0.01
2026-03-22 15:15:00,-1.06
2026-03-22 15:30:00,-0.7
2026-03-22 15:45:00,0.0
2026-03-22 16:00:00,0.01
2026-03-22 16:15:00,0.66
2026-03-22 16:30:00,4.05
2026-03-22 16:45:00,10.91
2026-03-22 17:00:00,16.65
2026-03-22 17:15:00,27.67
2026-03-22 17:30:00,40.2
2026-03-22 17:45:00,52.73
2026-03-22 18:00:00,60.09
2026-03-22 18:15:00,64.84
2026-03-22 18:30:00,65.89
2026-03-22 18:45:00,69.18
2026-03-22 19:00:00,82.09
2026-03-22 19:15:00,82.09
2026-03-22 19:30:00,68.31
2026-03-22 19:45:00,68.49
2026-03-22 20:00:00,149.9
2026-03-22 20:15:00,72.69
2026-03-22 20:30:00,69.01
2026-03-22 20:45:00,68.39
2026-03-22 21:00:00,67.73
2026-03-22 21:15:00,66.92
2026-03-22 21:30:00,66.42
2026-03-22 21:45:00,66.14
2026-03-22 22:00:00,65.21
2026-03-22 22:15:00,64.82
2026-03-22 22:30:00,64.39
2026-03-22 22:45:00,64.21
2026-03-22 23:00:00,64.25
2026-03-22 23:15:00,61.62
2026-03-22 23:30:00,62.42
2026-03-22 23:45:00,53.89
2026-03-23 00:00:00,60.12
2026-03-23 00:15:00,51.56
2026-03-23 00:30:00,25.14
2026-03-23 00:45:00,13.17
2026-03-23 01:00:00,8.55
2026-03-23 01:15:00,7.8
2026-03-23 01:30:00,7.82
2026-03-23 01:45:00,7.59
2026-03-23 02:00:00,4.75
2026-03-23 02:15:00,4.75
2026-03-23 02:30:00,4.41
2026-03-23 02:45:00,4.48
2026-03-23 03:00:00,4.41
2026-03-23 03:15:00,4.39
2026-03-23 03:30:00,4.21
2026-03-23 03:45:00,4.17
2026-03-23 04:00:00,7.81
2026-03-23 04:15:00,7.81
2026-03-23 04:30:00,8.26
2026-03-23 04:45:00,9.34
2026-03-23 05:00:00,11.57
2026-03-23 05:15:00,13.22
2026-03-23 05:30:00,25.69
2026-03-23 05:45:00,41.58
2026-03-23 06:00:00,59.63
2026-03-23 06:15:00,60.67
2026-03-23 06:30:00,63.3
2026-03-23 06:45:00,174.28
2026-03-23 07:00:00,36.81
2026-03-23 07:15:00,166.93
2026-03-23 07:30:00,178.36
2026-03-23 07:45:00,176.88
2026-03-23 08:00:00,213.97
2026-03-23 08:15:00,173.72
2026-03-23 08:30:00,112.33
2026-03-23 08:45:00,67.65
2026-03-23 09:00:00,69.04
2026-03-23 09:15:00,25.76
2026-03-23 09:30:00,12.01
2026-03-23 09:45:00,88.11
2026-03-23 10:00:00,60.5
2026-03-23 10:15:00,57.61
2026-03-23 10:30:00,66.33
2026-03-23 10:45:00,50.66
2026-03-23 11:00:00,52.83
2026-03-23 11:15:00,47.87
2026-03-23 11:30:00,48.08
2026-03-23 11:45:00,30.22
2026-03-23 12:00:00,34.12
2026-03-23 12:15:00,23.35
2026-03-23 12:30:00,13.17
2026-03-23 12:45:00,11.34
2026-03-23 13:00:00,9.18
2026-03-23 13:15:00,8.83
2026-03-23 13:30:00,11.83
2026-03-23 13:45:00,12.0
2026-03-23 14:00:00,11.81
2026-03-23 14:15:00,11.58
2026-03-23 14:30:00,11.59
2026-03-23 14:45:00,8.65
2026-03-23 15:00:00,11.18
2026-03-23 15:15:00,7.54
2026-03-23 15:30:00,11.26
2026-03-23 15:45:00,17.98
2026-03-23 16:00:00,47.77
2026-03-23 16:15:00,50.13
2026-03-23 16:30:00,53.9
2026-03-23 16:45:00,57.54
2026-03-23 17:00:00,57.81
2026-03-23 17:15:00,59.77
2026-03-23 17:30:00,135.57
2026-03-23 17:45:00,155.98
2026-03-23 18:00:00,119.66
2026-03-23 18:15:00,172.74
2026-03-23 18:30:00,162.76
2026-03-23 18:45:00,252.09
2026-03-23 19:00:00,180.5
2026-03-23 19:15:00,243.71
2026-03-23 19:30:00,267.62
2026-03-23 19:45:00,291.94
2026-03-23 20:00:00,250.68
2026-03-23 20:15:00,228.24
2026-03-23 20:30:00,219.39
2026-03-23 20:45:00,186.8
2026-03-23 21:00:00,230.26
2026-03-23 21:15:00,201.18
2026-03-23 21:30:00,173.08
2026-03-23 21:45:00,160.31
2026-03-23 22:00:00,204.48
2026-03-23 22:15:00,168.33
2026-03-23 22:30:00,95.14
2026-03-23 22:45:00,60.79
2026-03-23 23:00:00,106.24
2026-03-23 23:15:00,70.0
2026-03-23 23:30:00,95.14
2026-03-23 23:45:00,59.04
2026-03-24 00:00:00,61.65
2026-03-24 00:15:00,61.26
2026-03-24 00:30:00,88.96
2026-03-24 00:45:00,115.93
2026-03-24 01:00:00,136.99
2026-03-24 01:15:00,65.53
2026-03-24 01:30:00,66.04
2026-03-24 01:45:00,83.43
2026-03-24 02:00:00,104.62
2026-03-24 02:15:00,118.75
2026-03-24 02:30:00,58.68
2026-03-24 02:45:00,66.16
2026-03-24 03:00:00,78.15
2026-03-24 03:15:00,68.06
2026-03-24 03:30:00,71.94
2026-03-24 03:45:00,94.38
2026-03-24 04:00:00,98.78
2026-03-24 04:15:00,68.75
2026-03-24 04:30:00,71.96
2026-03-24 04:45:00,71.95
2026-03-24 05:00:00,60.37
2026-03-24 05:15:00,61.71
2026-03-24 05:30:00,83.55
2026-03-24 05:45:00,88.96
2026-03-24 06:00:00,82.83
2026-03-24 06:15:00,89.76
2026-03-24 06:30:00,89.53
2026-03-24 06:45:00,99.9
2026-03-24 07:00:00,117.57
2026-03-24 07:15:00,51.17
2026-03-24 07:30:00,25.75
2026-03-24 07:45:00,14.17
2026-03-24 08:00:00,69.94
2026-03-24 08:15:00,19.99
2026-03-24 08:30:00,13.72
2026-03-24 08:45:00,13.84
2026-03-24 09:00:00,14.47
2026-03-24 09:15:00,15.24
2026-03-24 09:30:00,14.52
2026-03-24 09:45:00,14.39
2026-03-24 10:00:00,17.38
2026-03-24 10:15:00,14.01
2026-03-24 10:30:00,12.31
2026-03-24 10:45:00,11.06
2026-03-24 11:00:00,16.49
2026-03-24 11:15:00,12.0
2026-03-24 11:30:00,5.94
2026-03-24 11:45:00,1.18
2026-03-24 12:00:00,6.78
2026-03-24 12:15:00,5.04
2026-03-24 12:30:00,3.98
2026-03-24 12:45:00,3.54
2026-03-24 13:00:00,4.09
2026-03-24 13:15:00,3.61
2026-03-24 13:30:00,3.65
2026-03-24 13:45:00,3.51
2026-03-24 14:00:00,3.49
2026-03-24 14:15:00,3.55
2026-03-24 14:30:00,3.55
2026-03-24 14:45:00,3.51
2026-03-24 15:00:00,3.44
2026-03-24 15:15:00,3.62
2026-03-24 15:30:00,3.6
2026-03-24 15:45:00,4.06
2026-03-24 16:00:00,3.99
2026-03-24 16:15:00,4.99
2026-03-24 16:30:00,5.04
2026-03-24 16:45:00,6.72
2026-03-24 17:00:00,9.71
2026-03-24 17:15:00,12.5
2026-03-24 17:30:00,40.16
2026-03-24 17:45:00,131.03
2026-03-24 18:00:00,105.4
2026-03-24 18:15:00,128.32
2026-03-24 18:30:00,155.57
2026-03-24 18:45:00,112.53
2026-03-24 19:00:00,125.57
2026-03-24 19:15:00,100.03
2026-03-24 19:30:00,59.99
2026-03-24 19:45:00,25.0
2026-03-24 20:00:00,25.72
2026-03-24 20:15:00,13.17
2026-03-24 20:30:00,12.01
2026-03-24 20:45:00,11.97
2026-03-24 21:00:00,10.0
2026-03-24 21:15:00,8.57
2026-03-24 21:30:00,8.19
2026-03-24 21:45:00,6.49
2026-03-24 22:00:00,6.92
2026-03-24 22:15:00,6.6
2026-03-24 22:30:00,5.19
2026-03-24 22:45:00,5.0
2026-03-24 23:00:00,5.0
2026-03-24 23:15:00,5.0
2026-03-24 23:30:00,4.99
2026-03-24 23:45:00,4.8
2026-03-25 00:00:00,4.12
2026-03-25 00:15:00,4.03
2026-03-25 00:30:00,3.9
2026-03-25 00:45:00,4.0
2026-03-25 01:00:00,3.61
2026-03-25 01:15:00,3.8
2026-03-25 01:30:00,3.7
2026-03-25 01:45:00,3.64
2026-03-25 02:00:00,3.95
2026-03-25 02:15:00,3.77
2026-03-25 02:30:00,3.8
2026-03-25 02:45:00,3.8
2026-03-25 03:00:00,3.86
2026-03-25 03:15:00,3.85
2026-03-25 03:30:00,3.85
2026-03-25 03:45:00,3.85
2026-03-25 04:00:00,3.86
2026-03-25 04:15:00,3.99
2026-03-25 04:30:00,4.0
2026-03-25 04:45:00,4.98
2026-03-25 05:00:00,4.79
2026-03-25 05:15:00,4.99
2026-03-25 05:30:00,6.29
2026-03-25 05:45:00,7.06
2026-03-25 06:00:00,6.3
2026-03-25 06:15:00,8.56
2026-03-25 06:30:00,8.87
2026-03-25 06:45:00,9.93
2026-03-25 07:00:00,9.83
2026-03-25 07:15:00,10.58
2026-03-25 07:30:00,12.54
2026-03-25 07:45:00,13.16
2026-03-25 08:00:00,12.03
2026-03-25 08:15:00,12.01
2026-03-25 08:30:00,11.95
2026-03-25 08:45:00,10.13
2026-03-25 09:00:00,10.19
2026-03-25 09:15:00,3.81
2026-03-25 09:30:00,3.8
2026-03-25 09:45:00,1.0
2026-03-25 10:00:00,1.0
2026-03-25 10:15:00,0.63
2026-03-25 10:30:00,0.01
2026-03-25 10:45:00,0.0
2026-03-25 11:00:00,0.0
2026-03-25 11:15:00,-1.0
2026-03-25 11:30:00,-1.01
2026-03-25 11:45:00,-1.01
2026-03-25 12:00:00,-1.75
2026-03-25 12:15:00,-1.55
2026-03-25 12:30:00,-1.01
2026-03-25 12:45:00,-1.0
2026-03-25 13:00:00,-2.2
2026-03-25 13:15:00,-1.0
2026-03-25 13:30:00,-0.25
2026-03-25 13:45:00,-0.01
2026-03-25 14:00:00,-1.01
2026-03-25 14:15:00,-1.0
2026-03-25 14:30:00,0.0
2026-03-25 14:45:00,0.99
2026-03-25 15:00:00,0.05
2026-03-25 15:15:00,3.8
2026-03-25 15:30:00,9.98
2026-03-25 15:45:00,11.97
2026-03-25 16:00:00,9.96
2026-03-25 16:15:00,11.95
2026-03-25 16:30:00,12.0
2026-03-25 16:45:00,13.16
2026-03-25 17:00:00,11.97
2026-03-25 17:15:00,12.01
2026-03-25 17:30:00,13.17
2026-03-25 17:45:00,20.0
2026-03-25 18:00:00,13.23
2026-03-25 18:15:00,22.26
2026-03-25 18:30:00,25.12
2026-03-25 18:45:00,24.46
2026-03-25 19:00:00,25.68
2026-03-25 19:15:00,30.0
2026-03-25 19:30:00,28.0
2026-03-25 19:45:00,25.69
2026-03-25 20:00:00,24.38
2026-03-25 20:15:00,23.28
2026-03-25 20:30:00,21.28
2026-03-25 20:45:00,19.79
2026-03-25 21:00:00,20.99
2026-03-25 21:15:00,19.42
2026-03-25 21:30:00,25.68
2026-03-25 21:45:00,26.98
2026-03-25 22:00:00,24.53
2026-03-25 22:15:00,20.43
2026-03-25 22:30:00,17.13
2026-03-25 22:45:00,13.17
2026-03-25 23:00:00,35.65
2026-03-25 23:15:00,25.77
2026-03-25 23:30:00,19.99
2026-03-25 23:45:00,13.16
2026-03-26 00:00:00,18.17
2026-03-26 00:15:00,12.98
2026-03-26 00:30:00,11.95
2026-03-26 00:45:00,10.07
2026-03-26 01:00:00,11.14
2026-03-26 01:15:00,11.51
2026-03-26 01:30:00,18.81
2026-03-26 01:45:00,15.6
2026-03-26 02:00:00,9.47
2026-03-26 02:15:00,8.67
2026-03-26 02:30:00,6.71
2026-03-26 02:45:00,6.69
2026-03-26 03:00:00,6.28
2026-03-26 03:15:00,6.53
2026-03-26 03:30:00,6.23
2026-03-26 03:45:00,5.5
2026-03-26 04:00:00,4.98
2026-03-26 04:15:00,4.98
2026-03-26 04:30:00,5.27
2026-03-26 04:45:00,6.42
2026-03-26 05:00:00,6.34
2026-03-26 05:15:00,9.8
2026-03-26 05:30:00,7.99
2026-03-26 05:45:00,9.77
2026-03-26 06:00:00,7.05
2026-03-26 06:15:00,8.56
2026-03-26 06:30:00,10.02
2026-03-26 06:45:00,22.34
2026-03-26 07:00:00,25.5
2026-03-26 07:15:00,51.73
2026-03-26 07:30:00,62.34
2026-03-26 07:45:00,65.02
2026-03-26 08:00:00,63.9
2026-03-26 08:15:00,64.93
2026-03-26 08:30:00,66.5
2026-03-26 08:45:00,67.91
2026-03-26 09:00:00,65.77
2026-03-26 09:15:00,68.19
2026-03-26 09:30:00,65.28
2026-03-26 09:45:00,60.08
2026-03-26 10:00:00,62.38
2026-03-26 10:15:00,51.58
2026-03-26 10:30:00,40.32
2026-03-26 10:45:00,37.07
2026-03-26 11:00:00,15.41
2026-03-26 11:15:00,13.68
2026-03-26 11:30:00,12.53
2026-03-26 11:45:00,10.21
2026-03-26 12:00:00,11.67
2026-03-26 12:15:00,9.98
2026-03-26 12:30:00,9.63
2026-03-26 12:45:00,8.56
2026-03-26 13:00:00,10.0
2026-03-26 13:15:00,8.26
2026-03-26 13:30:00,29.2
2026-03-26 13:45:00,29.34
2026-03-26 14:00:00,6.95
2026-03-26 14:15:00,5.09
2026-03-26 14:30:00,5.29
2026-03-26 14:45:00,6.25
2026-03-26 15:00:00,4.99
2026-03-26 15:15:00,6.72
2026-03-26 15:30:00,9.11
2026-03-26 15:45:00,12.1
2026-03-26 16:00:00,9.26
2026-03-26 16:15:00,18.75
2026-03-26 16:30:00,29.59
2026-03-26 16:45:00,71.44
2026-03-26 17:00:00,31.89
2026-03-26 17:15:00,66.61
2026-03-26 17:30:00,70.69
2026-03-26 17:45:00,100.74
2026-03-26 18:00:00,66.55
2026-03-26 18:15:00,97.12
2026-03-26 18:30:00,115.49
2026-03-26 18:45:00,136.54
2026-03-26 19:00:00,118.05
2026-03-26 19:15:00,133.77
2026-03-26 19:30:00,146.68
2026-03-26 19:45:00,153.33
2026-03-26 20:00:00,148.56
2026-03-26 20:15:00,141.03
2026-03-26 20:30:00,141.82
2026-03-26 20:45:00,140.14
2026-03-26 21:00:00,141.72
2026-03-26 21:15:00,132.32
2026-03-26 21:30:00,126.76
2026-03-26 21:45:00,122.01
2026-03-26 22:00:00,126.5
2026-03-26 22:15:00,118.28
2026-03-26 22:30:00,110.42
2026-03-26 22:45:00,105.44
2026-03-26 23:00:00,118.22
2026-03-26 23:15:00,109.09
2026-03-26 23:30:00,58.27
2026-03-26 23:45:00,55.43
2026-03-27 00:00:00,110.66
2026-03-27 00:15:00,101.52
2026-03-27 00:30:00,86.24
2026-03-27 00:45:00,67.39
2026-03-27 01:00:00,111.83
2026-03-27 01:15:00,72.5
2026-03-27 01:30:00,96.0
2026-03-27 01:45:00,88.67
2026-03-27 02:00:00,96.01
2026-03-27 02:15:00,106.53
2026-03-27 02:30:00,106.55
2026-03-27 02:45:00,104.46
2026-03-27 03:00:00,108.04
2026-03-27 03:15:00,105.5
2026-03-27 03:30:00,103.34
2026-03-27 03:45:00,103.26
2026-03-27 04:00:00,104.08
2026-03-27 04:15:00,106.49
2026-03-27 04:30:00,104.65
2026-03-27 04:45:00,106.03
2026-03-27 05:00:00,105.01
2026-03-27 05:15:00,105.9
2026-03-27 05:30:00,107.95
2026-03-27 05:45:00,110.57
2026-03-27 06:00:00,105.94
2026-03-27 06:15:00,115.39
2026-03-27 06:30:00,130.83
2026-03-27 06:45:00,140.94
2026-03-27 07:00:00,138.26
2026-03-27 07:15:00,156.04
2026-03-27 07:30:00,171.7
2026-03-27 07:45:00,189.9
2026-03-27 08:00:00,201.39
2026-03-27 08:15:00,192.88
2026-03-27 08:30:00,172.15
2026-03-27 08:45:00,139.2
2026-03-27 09:00:00,194.53
2026-03-27 09:15:00,128.51
2026-03-27 09:30:00,112.31
2026-03-27 09:45:00,93.99
2026-03-27 10:00:00,50.06
2026-03-27 10:15:00,41.75
2026-03-27 10:30:00,73.22
2026-03-27 10:45:00,34.97
2026-03-27 11:00:00,35.15
2026-03-27 11:15:00,30.0
2026-03-27 11:30:00,26.9
2026-03-27 11:45:00,23.0
2026-03-27 12:00:00,54.95
2026-03-27 12:15:00,47.77
2026-03-27 12:30:00,39.97
2026-03-27 12:45:00,26.84
2026-03-27 13:00:00,42.88
2026-03-27 13:15:00,37.67
2026-03-27 13:30:00,23.12
2026-03-27 13:45:00,20.42
2026-03-27 14:00:00,36.69
2026-03-27 14:15:00,36.26
2026-03-27 14:30:00,34.56
2026-03-27 14:45:00,34.65
2026-03-27 15:00:00,32.15
2026-03-27 15:15:00,37.37
2026-03-27 15:30:00,45.34
2026-03-27 15:45:00,68.71
2026-03-27 16:00:00,25.48
2026-03-27 16:15:00,50.05
2026-03-27 16:30:00,54.94
2026-03-27 16:45:00,61.78
2026-03-27 17:00:00,54.07
2026-03-27 17:15:00,89.46
2026-03-27 17:30:00,90.11
2026-03-27 17:45:00,109.09
2026-03-27 18:00:00,95.39
2026-03-27 18:15:00,137.58
2026-03-27 18:30:00,116.26
2026-03-27 18:45:00,161.05
2026-03-27 19:00:00,134.29
2026-03-27 19:15:00,146.85
2026-03-27 19:30:00,150.85
2026-03-27 19:45:00,154.19
2026-03-27 20:00:00,181.62
2026-03-27 20:15:00,165.84
2026-03-27 20:30:00,146.13
2026-03-27 20:45:00,132.35
2026-03-27 21:00:00,162.91
2026-03-27 21:15:00,121.19
2026-03-27 21:30:00,132.76
2026-03-27 21:45:00,107.47
2026-03-27 22:00:00,112.09
2026-03-27 22:15:00,110.72
2026-03-27 22:30:00,108.56
2026-03-27 22:45:00,99.22
2026-03-27 23:00:00,111.37
2026-03-27 23:15:00,106.88
2026-03-27 23:30:00,104.51
2026-03-27 23:45:00,97.79
2026-03-28 00:00:00,101.54
2026-03-28 00:15:00,95.35
2026-03-28 00:30:00,78.0
2026-03-28 00:45:00,59.04
2026-03-28 01:00:00,97.61
2026-03-28 01:15:00,99.04
2026-03-28 01:30:00,94.25
2026-03-28 01:45:00,89.64
2026-03-28 02:00:00,96.0
2026-03-28 02:15:00,93.3
2026-03-28 02:30:00,91.64
2026-03-28 02:45:00,89.74
2026-03-28 03:00:00,92.09
2026-03-28 03:15:00,89.74
2026-03-28 03:30:00,88.87
2026-03-28 03:45:00,89.64
2026-03-28 04:00:00,88.98
2026-03-28 04:15:00,89.49
2026-03-28 04:30:00,88.79
2026-03-28 04:45:00,88.87
2026-03-28 05:00:00,89.24
2026-03-28 05:15:00,90.25
2026-03-28 05:30:00,90.29
2026-03-28 05:45:00,91.89
2026-03-28 06:00:00,90.33
2026-03-28 06:15:00,91.98
2026-03-28 06:30:00,95.03
2026-03-28 06:45:00,98.34
2026-03-28 07:00:00,91.16
2026-03-28 07:15:00,51.82
2026-03-28 07:30:00,25.51
2026-03-28 07:45:00,21.84
2026-03-28 08:00:00,25.56
2026-03-28 08:15:00,28.06
2026-03-28 08:30:00,29.49
2026-03-28 08:45:00,29.52
2026-03-28 09:00:00,44.35
2026-03-28 09:15:00,37.57
2026-03-28 09:30:00,13.01
2026-03-28 09:45:00,13.47
2026-03-28 10:00:00,13.97
2026-03-28 10:15:00,13.0
2026-03-28 10:30:00,12.46
2026-03-28 10:45:00,9.51
2026-03-28 11:00:00,30.75
2026-03-28 11:15:00,11.71
2026-03-28 11:30:00,8.91
2026-03-28 11:45:00,6.36
2026-03-28 12:00:00,9.23
2026-03-28 12:15:00,8.25
2026-03-28 12:30:00,7.33
2026-03-28 12:45:00,6.68
2026-03-28 13:00:00,7.2
2026-03-28 13:15:00,5.71
2026-03-28 13:30:00,6.74
2026-03-28 13:45:00,8.56
2026-03-28 14:00:00,6.4
2026-03-28 14:15:00,6.7
2026-03-28 14:30:00,8.55
2026-03-28 14:45:00,9.99
2026-03-28 15:00:00,5.0
2026-03-28 15:15:00,5.5
2026-03-28 15:30:00,9.69
2026-03-28 15:45:00,17.79
2026-03-28 16:00:00,21.12
2026-03-28 16:15:00,35.42
2026-03-28 16:30:00,60.19
2026-03-28 16:45:00,78.83
2026-03-28 17:00:00,55.72
2026-03-28 17:15:00,68.71
2026-03-28 17:30:00,96.57
2026-03-28 17:45:00,188.97
2026-03-28 18:00:00,114.0
2026-03-28 18:15:00,370.18
2026-03-28 18:30:00,139.0
2026-03-28 18:45:00,250.08
2026-03-28 19:00:00,189.19
2026-03-28 19:15:00,234.21
2026-03-28 19:30:00,252.07
2026-03-28 19:45:00,245.05
2026-03-28 20:00:00,300.01
2026-03-28 20:15:00,250.08
2026-03-28 20:30:00,245.04
2026-03-28 20:45:00,165.63
2026-03-28 21:00:00,300.07
2026-03-28 21:15:00,250.06
2026-03-28 21:30:00,230.69
2026-03-28 21:45:00,164.21
2026-03-28 22:00:00,187.48
2026-03-28 22:15:00,132.89
2026-03-28 22:30:00,129.49
2026-03-28 22:45:00,125.9
2026-03-28 23:00:00,129.29
2026-03-28 23:15:00,129.32
2026-03-28 23:30:00,188.94
2026-03-28 23:45:00,164.2
2026-03-29 00:00:00,129.29
2026-03-29 00:15:00,129.32
2026-03-29 00:30:00,188.94
2026-03-29 00:45:00,164.2
2026-03-29 01:00:00,164.2
2026-03-29 01:15:00,118.05
2026-03-29 01:30:00,120.92
2026-03-29 01:45:00,109.35
2026-03-29 02:00:00,125.88
2026-03-29 02:15:00,120.23
2026-03-29 02:30:00,109.17
2026-03-29 02:45:00,106.56
2026-03-29 04:00:00,112.65
2026-03-29 04:15:00,108.23
2026-03-29 04:30:00,107.1
2026-03-29 04:45:00,107.29
2026-03-29 05:00:00,104.02
2026-03-29 05:15:00,104.27
2026-03-29 05:30:00,106.14
2026-03-29 05:45:00,105.97
2026-03-29 06:00:00,115.62
2026-03-29 06:15:00,109.21
2026-03-29 06:30:00,109.8
2026-03-29 06:45:00,109.99
2026-03-29 07:00:00,108.39
2026-03-29 07:15:00,109.74
2026-03-29 07:30:00,108.4
2026-03-29 07:45:00,108.09
2026-03-29 08:00:00,179.5
2026-03-29 08:15:00,105.3
2026-03-29 08:30:00,113.59
2026-03-29 08:45:00,117.8
2026-03-29 09:00:00,119.67
2026-03-29 09:15:00,104.87
2026-03-29 09:30:00,103.1
2026-03-29 09:45:00,102.46
2026-03-29 10:00:00,109.69
2026-03-29 10:15:00,112.95
2026-03-29 10:30:00,98.23
2026-03-29 10:45:00,79.14
2026-03-29 11:00:00,61.37
2026-03-29 11:15:00,54.98
2026-03-29 11:30:00,48.35
2026-03-29 11:45:00,43.74
2026-03-29 12:00:00,53.44
2026-03-29 12:15:00,47.07
2026-03-29 12:30:00,43.7
2026-03-29 12:45:00,26.88
2026-03-29 13:00:00,44.08
2026-03-29 13:15:00,32.51
2026-03-29 13:30:00,23.29
2026-03-29 13:45:00,10.05
2026-03-29 14:00:00,24.86
2026-03-29 14:15:00,11.65
2026-03-29 14:30:00,8.24
2026-03-29 14:45:00,6.06
2026-03-29 15:00:00,23.92
2026-03-29 15:15:00,14.45
2026-03-29 15:30:00,8.26
2026-03-29 15:45:00,8.73
2026-03-29 16:00:00,8.84
2026-03-29 16:15:00,9.53
2026-03-29 16:30:00,9.99
2026-03-29 16:45:00,9.96
2026-03-29 17:00:00,8.93
2026-03-29 17:15:00,10.35
2026-03-29 17:30:00,10.38
2026-03-29 17:45:00,11.07
2026-03-29 18:00:00,9.57
2026-03-29 18:15:00,25.5
2026-03-29 18:30:00,13.85
2026-03-29 18:45:00,27.67
2026-03-29 19:00:00,15.27
2026-03-29 19:15:00,50.64
2026-03-29 19:30:00,111.9
2026-03-29 19:45:00,168.87
2026-03-29 20:00:00,102.69
2026-03-29 20:15:00,107.35
2026-03-29 20:30:00,116.9
2026-03-29 20:45:00,133.06
2026-03-29 21:00:00,136.82
2026-03-29 21:15:00,144.22
2026-03-29 21:30:00,153.63
2026-03-29 21:45:00,158.37
2026-03-29 22:00:00,156.78
2026-03-29 22:15:00,147.69
2026-03-29 22:30:00,105.61
2026-03-29 22:45:00,69.93
2026-03-29 23:00:00,152.55
2026-03-29 23:15:00,132.56
2026-03-29 23:30:00,123.76
2026-03-29 23:45:00,73.15
2026-03-30 00:00:00,146.8
2026-03-30 00:15:00,130.19
2026-03-30 00:30:00,117.69
2026-03-30 00:45:00,108.23
2026-03-30 01:00:00,110.14
2026-03-30 01:15:00,107.15
2026-03-30 01:30:00,107.62
2026-03-30 01:45:00,115.09
2026-03-30 02:00:00,98.54
2026-03-30 02:15:00,70.31
2026-03-30 02:30:00,44.13
2026-03-30 02:45:00,38.91
2026-03-30 03:00:00,34.8
2026-03-30 03:15:00,49.33
2026-03-30 03:30:00,40.02
2026-03-30 03:45:00,35.9
2026-03-30 04:00:00,48.07
2026-03-30 04:15:00,40.09
2026-03-30 04:30:00,40.46
2026-03-30 04:45:00,61.21
2026-03-30 05:00:00,40.95
2026-03-30 05:15:00,48.16
2026-03-30 05:30:00,34.56
2026-03-30 05:45:00,45.65
2026-03-30 06:00:00,36.43
2026-03-30 06:15:00,40.36
2026-03-30 06:30:00,66.94
2026-03-30 06:45:00,260.3
2026-03-30 07:00:00,167.58
2026-03-30 07:15:00,325.07
2026-03-30 07:30:00,484.83
2026-03-30 07:45:00,704.17
2026-03-30 08:00:00,315.91
2026-03-30 08:15:00,379.78
2026-03-30 08:30:00,847.02
2026-03-30 08:45:00,373.01
2026-03-30 09:00:00,462.94
2026-03-30 09:15:00,315.9
2026-03-30 09:30:00,183.97
2026-03-30 09:45:00,147.97
2026-03-30 10:00:00,150.57
2026-03-30 10:15:00,134.65
2026-03-30 10:30:00,98.16
2026-03-30 10:45:00,94.85
2026-03-30 11:00:00,101.68
2026-03-30 11:15:00,92.83
2026-03-30 11:30:00,88.71
2026-03-30 11:45:00,97.2
2026-03-30 12:00:00,50.4
2026-03-30 12:15:00,61.56
2026-03-30 12:30:00,54.11
2026-03-30 12:45:00,45.49
2026-03-30 13:00:00,64.18
2026-03-30 13:15:00,44.94
2026-03-30 13:30:00,36.17
2026-03-30 13:45:00,22.04
2026-03-30 14:00:00,36.83
2026-03-30 14:15:00,24.16
2026-03-30 14:30:00,19.24
2026-03-30 14:45:00,10.28
2026-03-30 15:00:00,17.28
2026-03-30 15:15:00,15.42
2026-03-30 15:30:00,10.18
2026-03-30 15:45:00,9.72
2026-03-30 16:00:00,9.98
2026-03-30 16:15:00,10.91
2026-03-30 16:30:00,12.16
2026-03-30 16:45:00,14.22
2026-03-30 17:00:00,9.8
2026-03-30 17:15:00,63.61
2026-03-30 17:30:00,12.54
2026-03-30 17:45:00,40.03
2026-03-30 18:00:00,9.74
2026-03-30 18:15:00,22.41
2026-03-30 18:30:00,96.9
2026-03-30 18:45:00,112.03
2026-03-30 19:00:00,113.01
2026-03-30 19:15:00,290.0
2026-03-30 19:30:00,158.27
2026-03-30 19:45:00,373.01
2026-03-30 20:00:00,154.32
2026-03-30 20:15:00,269.85
2026-03-30 20:30:00,277.12
2026-03-30 20:45:00,346.77
2026-03-30 21:00:00,266.81
2026-03-30 21:15:00,303.09
2026-03-30 21:30:00,305.22
2026-03-30 21:45:00,296.84
2026-03-30 22:00:00,377.85
2026-03-30 22:15:00,289.29
2026-03-30 22:30:00,240.49
2026-03-30 22:45:00,189.98
2026-03-30 23:00:00,255.0
2026-03-30 23:15:00,166.31
2026-03-30 23:30:00,342.37
2026-03-30 23:45:00,237.79
2026-03-31 00:00:00,176.17
2026-03-31 00:15:00,123.11
2026-03-31 00:30:00,117.4
2026-03-31 00:45:00,109.56
2026-03-31 01:00:00,113.26
2026-03-31 01:15:00,107.15
2026-03-31 01:30:00,98.2
2026-03-31 01:45:00,94.31
2026-03-31 02:00:00,128.0
2026-03-31 02:15:00,127.99
2026-03-31 02:30:00,115.55
2026-03-31 02:45:00,103.73
2026-03-31 03:00:00,102.17
2026-03-31 03:15:00,104.26
2026-03-31 03:30:00,103.46
2026-03-31 03:45:00,103.78
2026-03-31 04:00:00,102.49
2026-03-31 04:15:00,101.38
2026-03-31 04:30:00,102.8
2026-03-31 04:45:00,102.5
2026-03-31 05:00:00,102.33
2026-03-31 05:15:00,99.99
2026-03-31 05:30:00,94.9
2026-03-31 05:45:00,85.0
2026-03-31 06:00:00,103.27
2026-03-31 06:15:00,104.75
2026-03-31 06:30:00,103.22
2026-03-31 06:45:00,105.66
2026-03-31 07:00:00,127.99
2026-03-31 07:15:00,178.93
2026-03-31 07:30:00,110.21
2026-03-31 07:45:00,148.0
2026-03-31 08:00:00,136.05
2026-03-31 08:15:00,202.11
2026-03-31 08:30:00,186.52
2026-03-31 08:45:00,216.39
2026-03-31 09:00:00,181.02
2026-03-31 09:15:00,192.78
2026-03-31 09:30:00,174.77
2026-03-31 09:45:00,147.99
2026-03-31 10:00:00,173.37
2026-03-31 10:15:00,147.99
2026-03-31 10:30:00,142.07
2026-03-31 10:45:00,124.09
2026-03-31 11:00:00,144.82
2026-03-31 11:15:00,130.0
2026-03-31 11:30:00,120.0
2026-03-31 11:45:00,118.15
2026-03-31 12:00:00,117.09
2026-03-31 12:15:00,111.53
2026-03-31 12:30:00,99.08
2026-03-31 12:45:00,93.99
2026-03-31 13:00:00,96.86
2026-03-31 13:15:00,86.9
2026-03-31 13:30:00,89.15
2026-03-31 13:45:00,74.05
2026-03-31 14:00:00,86.93
2026-03-31 14:15:00,81.82
2026-03-31 14:30:00,77.71
2026-03-31 14:45:00,65.17
2026-03-31 15:00:00,73.23
2026-03-31 15:15:00,60.81
2026-03-31 15:30:00,46.55
2026-03-31 15:45:00,40.76
2026-03-31 16:00:00,51.22
2026-03-31 16:15:00,51.37
2026-03-31 16:30:00,53.99
2026-03-31 16:45:00,58.56
2026-03-31 17:00:00,52.75
2026-03-31 17:15:00,62.3
2026-03-31 17:30:00,62.66
2026-03-31 17:45:00,72.72
2026-03-31 18:00:00,63.86
2026-03-31 18:15:00,79.93
2026-03-31 18:30:00,88.66
2026-03-31 18:45:00,94.54
2026-03-31 19:00:00,95.32
2026-03-31 19:15:00,100.5
2026-03-31 19:30:00,105.12
2026-03-31 19:45:00,137.31
2026-03-31 20:00:00,108.28
2026-03-31 20:15:00,142.3
2026-03-31 20:30:00,164.71
2026-03-31 20:45:00,205.99
2026-03-31 21:00:00,158.47
2026-03-31 21:15:00,185.43
2026-03-31 21:30:00,192.01
2026-03-31 21:45:00,199.22
2026-03-31 22:00:00,201.41
2026-03-31 22:15:00,189.13
2026-03-31 22:30:00,175.08
2026-03-31 22:45:00,147.99
2026-03-31 23:00:00,214.93
2026-03-31 23:15:00,179.35
2026-03-31 23:30:00,167.49
2026-03-31 23:45:00,154.59
