datetime,price,actual_price,predicted_price,abs_error,error
2026-03-16 00:00:00,51.78,51.78,59.514397,7.734396667480468,7.734396667480468
2026-03-16 00:15:00,49.2,49.2,59.290215,10.090214538574216,10.090214538574216
2026-03-16 00:30:00,47.07,47.07,58.593533,11.523532562255859,11.523532562255859
2026-03-16 00:45:00,33.85,33.85,57.31251,23.462511444091795,23.462511444091795
2026-03-16 01:00:00,111.16,111.16,51.2648,59.89519897460937,-59.89519897460937
2026-03-16 01:15:00,34.45,34.45,84.670425,50.22042541503906,50.22042541503906
2026-03-16 01:30:00,26.99,26.99,47.77945,20.789449462890627,20.789449462890627
2026-03-16 01:45:00,27.01,27.01,41.13459,14.12459014892578,14.12459014892578
2026-03-16 02:00:00,31.78,31.78,49.45794,17.677939147949218,17.677939147949218
2026-03-16 02:15:00,27.04,27.04,47.754387,20.71438690185547,20.71438690185547
2026-03-16 02:30:00,27.04,27.04,41.134872,14.094872436523438,14.094872436523438
2026-03-16 02:45:00,29.47,29.47,41.828438,12.358437805175782,12.358437805175782
2026-03-16 03:00:00,26.99,26.99,46.91044,19.920438537597658,19.920438537597658
2026-03-16 03:15:00,26.97,26.97,43.934975,16.964974670410157,16.964974670410157
2026-03-16 03:30:00,26.98,26.98,45.19362,18.213618774414062,18.213618774414062
2026-03-16 03:45:00,26.99,26.99,46.46161,19.47160888671875,19.47160888671875
2026-03-16 04:00:00,15.85,15.85,44.603706,28.75370635986328,28.75370635986328
2026-03-16 04:15:00,26.96,26.96,38.757484,11.797484436035155,11.797484436035155
2026-03-16 04:30:00,27.0,27.0,47.786613,20.78661346435547,20.78661346435547
2026-03-16 04:45:00,27.04,27.04,49.180946,22.140946350097657,22.140946350097657
2026-03-16 05:00:00,12.08,12.08,44.506042,32.42604248046875,32.42604248046875
2026-03-16 05:15:00,20.17,20.17,37.389595,17.21959503173828,17.21959503173828
2026-03-16 05:30:00,66.76,66.76,45.750206,21.00979400634766,-21.00979400634766
2026-03-16 05:45:00,101.0,101.0,84.12386,16.876136779785156,-16.876136779785156
2026-03-16 06:00:00,94.81,94.81,84.83818,9.971819458007815,-9.971819458007815
2026-03-16 06:15:00,95.96,95.96,98.71968,2.7596807861328188,2.7596807861328188
2026-03-16 06:30:00,106.73,106.73,101.62274,5.107258300781254,-5.107258300781254
2026-03-16 06:45:00,140.6,140.6,111.25906,29.34093627929687,-29.34093627929687
2026-03-16 07:00:00,127.79,127.79,136.88971,9.099709472656244,9.099709472656244
2026-03-16 07:15:00,173.67,173.67,125.36825,48.301752014160144,-48.301752014160144
2026-03-16 07:30:00,176.1,176.1,158.00282,18.097177124023432,-18.097177124023432
2026-03-16 07:45:00,173.67,173.67,155.52942,18.140581054687487,-18.140581054687487
2026-03-16 08:00:00,168.21,168.21,161.49974,6.7102593994140705,-6.7102593994140705
2026-03-16 08:15:00,108.58,108.58,141.47827,32.898271484375,32.898271484375
2026-03-16 08:30:00,93.76,93.76,94.70494,0.9449407958984324,0.9449407958984324
2026-03-16 08:45:00,88.73,88.73,79.74101,8.988987426757816,-8.988987426757816
2026-03-16 09:00:00,93.24,93.24,98.81221,5.572210083007818,5.572210083007818
2026-03-16 09:15:00,73.41,73.41,85.964836,12.554836120605472,12.554836120605472
2026-03-16 09:30:00,72.49,72.49,71.40332,1.0866796874999949,-1.0866796874999949
2026-03-16 09:45:00,69.97,69.97,69.12726,0.8427416992187489,-0.8427416992187489
2026-03-16 10:00:00,60.56,60.56,76.91166,16.351659240722654,16.351659240722654
2026-03-16 10:15:00,57.46,57.46,67.04939,9.589392700195312,9.589392700195312
2026-03-16 10:30:00,52.24,52.24,61.49931,9.25930953979492,9.25930953979492
2026-03-16 10:45:00,42.27,42.27,55.75925,13.489250640869137,13.489250640869137
2026-03-16 11:00:00,54.82,54.82,56.086525,1.266524963378906,1.266524963378906
2026-03-16 11:15:00,46.67,46.67,57.887165,11.217165069580076,11.217165069580076
2026-03-16 11:30:00,34.12,34.12,53.24582,19.125819091796878,19.125819091796878
2026-03-16 11:45:00,19.46,19.46,40.736305,21.276305236816405,21.276305236816405
2026-03-16 12:00:00,23.16,23.16,39.153244,15.993244018554687,15.993244018554687
2026-03-16 12:15:00,16.01,16.01,37.31594,21.305940856933592,21.305940856933592
2026-03-16 12:30:00,14.71,14.71,29.03962,14.32961944580078,14.32961944580078
2026-03-16 12:45:00,16.96,16.96,27.686249,10.726248779296874,10.726248779296874
2026-03-16 13:00:00,16.81,16.81,31.799591,14.989591064453126,14.989591064453126
2026-03-16 13:15:00,14.37,14.37,31.076363,16.706362609863284,16.706362609863284
2026-03-16 13:30:00,18.02,18.02,30.539902,12.519901733398438,12.519901733398438
2026-03-16 13:45:00,17.26,17.26,33.615005,16.35500549316406,16.35500549316406
2026-03-16 14:00:00,12.51,12.51,32.21939,19.709390869140627,19.709390869140627
2026-03-16 14:15:00,13.82,13.82,28.807396,14.987395935058593,14.987395935058593
2026-03-16 14:30:00,18.92,18.92,33.761932,14.841932373046873,14.841932373046873
2026-03-16 14:45:00,27.23,27.23,40.819496,13.589496154785156,13.589496154785156
2026-03-16 15:00:00,16.81,16.81,40.493263,23.683263244628908,23.683263244628908
2026-03-16 15:15:00,29.51,29.51,37.23774,7.72773956298828,7.72773956298828
2026-03-16 15:30:00,49.27,49.27,52.97867,3.708668212890622,3.708668212890622
2026-03-16 15:45:00,59.13,59.13,67.90483,8.774830932617185,8.774830932617185
2026-03-16 16:00:00,28.85,28.85,64.022125,35.172125244140624,35.172125244140624
2026-03-16 16:15:00,40.58,40.58,53.26036,12.68036071777344,12.68036071777344
2026-03-16 16:30:00,74.63,74.63,63.546078,11.083922271728511,-11.083922271728511
2026-03-16 16:45:00,114.0,114.0,96.17144,17.82855987548828,-17.82855987548828
2026-03-16 17:00:00,50.0,50.0,97.19113,47.191131591796875,47.191131591796875
2026-03-16 17:15:00,86.47,86.47,88.83588,2.365876464843751,2.365876464843751
2026-03-16 17:30:00,133.66,133.66,120.47807,13.181926879882809,-13.181926879882809
2026-03-16 17:45:00,157.93,157.93,175.45116,17.52115661621093,17.52115661621093
2026-03-16 18:00:00,97.72,97.72,127.72877,30.008767395019532,30.008767395019532
2026-03-16 18:15:00,129.56,129.56,138.73338,9.173383178710935,9.173383178710935
2026-03-16 18:30:00,168.21,168.21,154.79935,13.410653076171883,-13.410653076171883
2026-03-16 18:45:00,187.24,187.24,210.01451,22.77451110839843,22.77451110839843
2026-03-16 19:00:00,168.2,168.2,191.32848,23.12847595214845,23.12847595214845
2026-03-16 19:15:00,168.2,168.2,198.15071,29.950711059570324,29.950711059570324
2026-03-16 19:30:00,179.21,179.21,191.7954,12.58539489746093,12.58539489746093
2026-03-16 19:45:00,191.3,191.3,196.73782,5.437823486328114,5.437823486328114
2026-03-16 20:00:00,185.11,185.11,206.84647,21.73646606445311,21.73646606445311
2026-03-16 20:15:00,183.53,183.53,198.31543,14.785429687499999,14.785429687499999
2026-03-16 20:30:00,183.97,183.97,191.60387,7.633866577148439,7.633866577148439
2026-03-16 20:45:00,180.29,180.29,184.30344,4.013436279296883,4.013436279296883
2026-03-16 21:00:00,186.41,186.41,197.75638,11.346378173828128,11.346378173828128
2026-03-16 21:15:00,166.36,166.36,186.96292,20.60292114257811,20.60292114257811
2026-03-16 21:30:00,144.72,144.72,168.03397,23.313966064453126,23.313966064453126
2026-03-16 21:45:00,130.23,130.23,146.04831,15.818309326171885,15.818309326171885
2026-03-16 22:00:00,142.6,142.6,139.15259,3.4474121093749943,-3.4474121093749943
2026-03-16 22:15:00,128.64,128.64,133.10901,4.469008789062514,4.469008789062514
2026-03-16 22:30:00,120.54,120.54,124.272934,3.7329339599609312,3.7329339599609312
2026-03-16 22:45:00,111.48,111.48,109.17739,2.3026089477539102,-2.3026089477539102
2026-03-16 23:00:00,126.04,126.04,112.028786,14.0112142944336,-14.0112142944336
2026-03-16 23:15:00,121.55,121.55,115.92648,5.623516845703122,-5.623516845703122
2026-03-16 23:30:00,121.21,121.21,112.40215,8.807846984863275,-8.807846984863275
2026-03-16 23:45:00,106.38,106.38,111.186264,4.806264038085942,4.806264038085942
2026-03-17 00:00:00,109.06,109.06,107.99105,1.0689492797851585,-1.0689492797851585
2026-03-17 00:15:00,100.21,100.21,104.26114,4.051138916015631,4.051138916015631
2026-03-17 00:30:00,91.31,91.31,100.67257,9.362569274902341,9.362569274902341
2026-03-17 00:45:00,85.02,85.02,96.48482,11.464817504882816,11.464817504882816
2026-03-17 01:00:00,107.45,107.45,100.17645,7.273547363281253,-7.273547363281253
2026-03-17 01:15:00,109.7,109.7,102.7979,6.902102661132815,-6.902102661132815
2026-03-17 01:30:00,102.17,102.17,103.12999,0.9599896240234358,0.9599896240234358
2026-03-17 01:45:00,99.36,99.36,102.36838,3.0083776855468756,3.0083776855468756
2026-03-17 02:00:00,96.51,96.51,109.032555,12.522554626464839,12.522554626464839
2026-03-17 02:15:00,97.62,97.62,106.318954,8.698954467773433,8.698954467773433
2026-03-17 02:30:00,95.2,95.2,102.252686,7.052685546874997,7.052685546874997
2026-03-17 02:45:00,93.64,93.64,100.17268,6.532683715820312,6.532683715820312
2026-03-17 03:00:00,101.46,101.46,104.923294,3.4632940673828188,3.4632940673828188
2026-03-17 03:15:00,101.4,101.4,103.017784,1.617784118652338,1.617784118652338
2026-03-17 03:30:00,99.89,99.89,102.61777,2.7277673339843744,2.7277673339843744
2026-03-17 03:45:00,99.29,99.29,101.95975,2.6697473144531187,2.6697473144531187
2026-03-17 04:00:00,94.32,94.32,109.36778,15.047782592773444,15.047782592773444
2026-03-17 04:15:00,94.82,94.82,104.91509,10.095092468261726,10.095092468261726
2026-03-17 04:30:00,96.51,96.51,103.44354,6.933542480468745,6.933542480468745
2026-03-17 04:45:00,99.55,99.55,103.85983,4.309832763671878,4.309832763671878
2026-03-17 05:00:00,98.78,98.78,112.47713,13.697127075195311,13.697127075195311
2026-03-17 05:15:00,99.98,99.98,109.52527,9.545268554687496,9.545268554687496
2026-03-17 05:30:00,103.63,103.63,109.23965,5.609646911621098,5.609646911621098
2026-03-17 05:45:00,108.26,108.26,112.78157,4.521570434570307,4.521570434570307
2026-03-17 06:00:00,104.7,104.7,120.816696,16.116696166992185,16.116696166992185
2026-03-17 06:15:00,106.86,106.86,123.59027,16.73027099609375,16.73027099609375
2026-03-17 06:30:00,121.12,121.12,121.941345,0.8213452148437455,0.8213452148437455
2026-03-17 06:45:00,138.2,138.2,136.7201,1.4799072265624886,-1.4799072265624886
2026-03-17 07:00:00,133.01,133.01,149.42035,16.41034912109376,16.41034912109376
2026-03-17 07:15:00,146.45,146.45,163.45831,17.00831298828126,17.00831298828126
2026-03-17 07:30:00,156.64,156.64,170.00177,13.361770019531264,13.361770019531264
2026-03-17 07:45:00,165.83,165.83,173.00027,7.1702746582031125,7.1702746582031125
2026-03-17 08:00:00,193.61,193.61,192.97842,0.6315759277343886,-0.6315759277343886
2026-03-17 08:15:00,185.18,185.18,210.5983,25.418297119140618,25.418297119140618
2026-03-17 08:30:00,185.7,185.7,193.04953,7.349530029296886,7.349530029296886
2026-03-17 08:45:00,155.9,155.9,184.2945,28.394494628906244,28.394494628906244
2026-03-17 09:00:00,205.26,205.26,183.60461,21.65538574218749,-21.65538574218749
2026-03-17 09:15:00,166.32,166.32,192.25748,25.937476806640632,25.937476806640632
2026-03-17 09:30:00,142.99,142.99,166.12622,23.13622070312499,23.13622070312499
2026-03-17 09:45:00,118.73,118.73,143.81622,25.086223144531246,25.086223144531246
2026-03-17 10:00:00,154.63,154.63,128.6422,25.987803344726558,-25.987803344726558
2026-03-17 10:15:00,128.58,128.58,147.90431,19.32431213378905,19.32431213378905
2026-03-17 10:30:00,112.62,112.62,113.45119,0.831187133789058,0.831187133789058
2026-03-17 10:45:00,107.57,107.57,102.880325,4.689674682617181,-4.689674682617181
2026-03-17 11:00:00,134.73,134.73,105.76506,28.964939575195302,-28.964939575195302
2026-03-17 11:15:00,105.39,105.39,121.68822,16.298217163085937,16.298217163085937
2026-03-17 11:30:00,96.58,96.58,102.029205,5.449205322265627,5.449205322265627
2026-03-17 11:45:00,89.75,89.75,96.73351,6.983512878417969,6.983512878417969
2026-03-17 12:00:00,102.19,102.19,94.295845,7.8941549682617165,-7.8941549682617165
2026-03-17 12:15:00,97.81,97.81,94.68967,3.1203332519531273,-3.1203332519531273
2026-03-17 12:30:00,96.62,96.62,92.123886,4.496113891601567,-4.496113891601567
2026-03-17 12:45:00,77.59,77.59,92.4906,14.900600585937497,14.900600585937497
2026-03-17 13:00:00,71.34,71.34,87.89111,16.551113281249997,16.551113281249997
2026-03-17 13:15:00,70.5,70.5,78.58918,8.089179992675781,8.089179992675781
2026-03-17 13:30:00,66.79,66.79,76.8649,10.074898681640619,10.074898681640619
2026-03-17 13:45:00,59.39,59.39,72.467224,13.07722412109375,13.07722412109375
2026-03-17 14:00:00,58.25,58.25,74.23421,15.984207153320312,15.984207153320312
2026-03-17 14:15:00,60.69,60.69,73.5444,12.854403076171877,12.854403076171877
2026-03-17 14:30:00,60.95,60.95,74.63235,13.682347106933591,13.682347106933591
2026-03-17 14:45:00,66.65,66.65,75.12761,8.477609252929682,8.477609252929682
2026-03-17 15:00:00,38.04,38.04,79.90895,41.86895080566406,41.86895080566406
2026-03-17 15:15:00,40.06,40.06,61.140278,21.080277862548826,21.080277862548826
2026-03-17 15:30:00,60.48,60.48,62.33738,1.8573794555664094,1.8573794555664094
2026-03-17 15:45:00,69.58,69.58,82.70911,13.129106445312502,13.129106445312502
2026-03-17 16:00:00,59.72,59.72,84.31047,24.59047058105469,24.59047058105469
2026-03-17 16:15:00,89.57,89.57,83.36161,6.208389587402337,-6.208389587402337
2026-03-17 16:30:00,98.09,98.09,111.55289,13.462886962890622,13.462886962890622
2026-03-17 16:45:00,120.7,120.7,124.84445,4.144451904296872,4.144451904296872
2026-03-17 17:00:00,85.11,85.11,99.91126,14.801262512207032,14.801262512207032
2026-03-17 17:15:00,107.78,107.78,122.20426,14.424261779785155,14.424261779785155
2026-03-17 17:30:00,121.46,121.46,137.86624,16.40624145507813,16.40624145507813
2026-03-17 17:45:00,145.64,145.64,162.83344,17.193435058593764,17.193435058593764
2026-03-17 18:00:00,125.13,125.13,129.82574,4.6957446289062545,4.6957446289062545
2026-03-17 18:15:00,150.63,150.63,148.11313,2.5168713378906205,-2.5168713378906205
2026-03-17 18:30:00,166.97,166.97,177.37082,10.400819091796876,10.400819091796876
2026-03-17 18:45:00,211.09,211.09,213.5564,2.4663964843749966,2.4663964843749966
2026-03-17 19:00:00,183.46,183.46,190.86452,7.4045172119140545,7.4045172119140545
2026-03-17 19:15:00,206.8,206.8,201.41565,5.384350585937511,-5.384350585937511
2026-03-17 19:30:00,212.24,212.24,221.75146,9.511464843749991,9.511464843749991
2026-03-17 19:45:00,160.77,160.77,239.24234,78.47234008789061,78.47234008789061
2026-03-17 20:00:00,208.7,208.7,191.35132,17.34868164062499,-17.34868164062499
2026-03-17 20:15:00,174.93,174.93,197.24533,22.315330810546868,22.315330810546868
2026-03-17 20:30:00,137.03,137.03,186.9465,49.916502685546874,49.916502685546874
2026-03-17 20:45:00,124.94,124.94,133.15215,8.21214538574219,8.21214538574219
2026-03-17 21:00:00,129.96,129.96,159.30618,29.346182861328117,29.346182861328117
2026-03-17 21:15:00,119.03,119.03,135.35272,16.32272216796875,16.32272216796875
2026-03-17 21:30:00,117.33,117.33,115.537704,1.7922955322265608,-1.7922955322265608
2026-03-17 21:45:00,111.07,111.07,103.256424,7.813576049804681,-7.813576049804681
2026-03-17 22:00:00,114.67,114.67,129.13072,14.460722045898436,14.460722045898436
2026-03-17 22:15:00,109.39,109.39,116.049965,6.659964904785156,6.659964904785156
2026-03-17 22:30:00,107.06,107.06,109.30401,2.2440084838867165,2.2440084838867165
2026-03-17 22:45:00,67.25,67.25,102.80419,35.55419158935547,35.55419158935547
2026-03-17 23:00:00,90.89,90.89,99.17769,8.287688598632812,8.287688598632812
2026-03-17 23:15:00,59.16,59.16,101.32568,42.16568359375,42.16568359375
2026-03-17 23:30:00,38.59,38.59,75.21248,36.62247863769531,36.62247863769531
2026-03-17 23:45:00,26.59,26.59,52.544266,25.954265747070313,25.954265747070313
2026-03-18 00:00:00,27.03,27.03,44.812454,17.78245422363281,17.78245422363281
2026-03-18 00:15:00,26.97,26.97,45.788246,18.818246154785157,18.818246154785157
2026-03-18 00:30:00,78.97,78.97,43.626953,35.343046875,-35.343046875
2026-03-18 00:45:00,27.03,27.03,88.5668,61.536802978515624,61.536802978515624
2026-03-18 01:00:00,45.89,45.89,41.263466,4.626534118652344,-4.626534118652344
2026-03-18 01:15:00,31.29,31.29,55.23686,23.946858367919923,23.946858367919923
2026-03-18 01:30:00,25.46,25.46,48.007812,22.5478125,22.5478125
2026-03-18 01:45:00,24.14,24.14,39.86447,15.724471435546874,15.724471435546874
2026-03-18 02:00:00,24.26,24.26,36.455307,12.195307006835936,12.195307006835936
2026-03-18 02:15:00,23.5,23.5,37.285957,13.785957336425781,13.785957336425781
2026-03-18 02:30:00,22.95,22.95,37.09619,14.14619140625,14.14619140625
2026-03-18 02:45:00,22.53,22.53,36.71122,14.181219787597655,14.181219787597655
2026-03-18 03:00:00,22.76,22.76,35.850945,13.090944519042967,13.090944519042967
2026-03-18 03:15:00,22.34,22.34,35.193718,12.853717956542969,12.853717956542969
2026-03-18 03:30:00,22.12,22.12,41.03482,18.914820556640624,18.914820556640624
2026-03-18 03:45:00,22.14,22.14,35.266792,13.12679229736328,13.12679229736328
2026-03-18 04:00:00,22.51,22.51,34.743942,12.233942260742186,12.233942260742186
2026-03-18 04:15:00,22.56,22.56,36.76863,14.208630981445314,14.208630981445314
2026-03-18 04:30:00,22.9,22.9,45.25625,22.356248474121095,22.356248474121095
2026-03-18 04:45:00,23.13,23.13,46.230263,23.100262756347657,23.100262756347657
2026-03-18 05:00:00,26.99,26.99,44.566643,17.57664276123047,17.57664276123047
2026-03-18 05:15:00,26.98,26.98,52.1837,25.203700561523437,25.203700561523437
2026-03-18 05:30:00,68.59,68.59,55.721985,12.868015136718753,-12.868015136718753
2026-03-18 05:45:00,24.26,24.26,94.47675,70.21675323486328,70.21675323486328
2026-03-18 06:00:00,24.47,24.47,48.116066,23.646065979003907,23.646065979003907
2026-03-18 06:15:00,35.65,35.65,47.41462,11.764619445800783,11.764619445800783
2026-03-18 06:30:00,97.39,97.39,67.93074,29.459259643554688,-29.459259643554688
2026-03-18 06:45:00,111.93,111.93,121.931465,10.001465148925774,10.001465148925774
2026-03-18 07:00:00,112.69,112.69,112.93982,0.24981933593750227,0.24981933593750227
2026-03-18 07:15:00,131.88,131.88,124.63992,7.2400769042968705,-7.2400769042968705
2026-03-18 07:30:00,138.75,138.75,139.4814,0.7313995361328125,0.7313995361328125
2026-03-18 07:45:00,141.4,141.4,146.39008,4.990075683593744,4.990075683593744
2026-03-18 08:00:00,151.04,151.04,149.55571,1.4842901611328045,-1.4842901611328045
2026-03-18 08:15:00,148.89,148.89,150.41618,1.5261834716797011,1.5261834716797011
2026-03-18 08:30:00,131.34,131.34,138.70572,7.365718994140622,7.365718994140622
2026-03-18 08:45:00,101.38,101.38,106.69394,5.3139392089843795,5.3139392089843795
2026-03-18 09:00:00,131.8,131.8,116.33212,15.467877197265636,-15.467877197265636
2026-03-18 09:15:00,105.21,105.21,103.7166,1.4934014892578062,-1.4934014892578062
2026-03-18 09:30:00,85.14,85.14,96.75667,11.616668090820312,11.616668090820312
2026-03-18 09:45:00,71.09,71.09,77.159805,6.069805297851559,6.069805297851559
2026-03-18 10:00:00,99.46,99.46,77.5755,21.884499511718744,-21.884499511718744
2026-03-18 10:15:00,78.53,78.53,89.39555,10.865553588867186,10.865553588867186
2026-03-18 10:30:00,55.61,55.61,69.708725,14.098724975585938,14.098724975585938
2026-03-18 10:45:00,5.36,5.36,51.288605,45.928604736328126,45.928604736328126
2026-03-18 11:00:00,5.32,5.32,23.92656,18.606559448242187,18.606559448242187
2026-03-18 11:15:00,3.93,3.93,22.730194,18.800194091796875,18.800194091796875
2026-03-18 11:30:00,3.99,3.99,20.02073,16.030729064941404,16.030729064941404
2026-03-18 11:45:00,3.86,3.86,15.029564,11.169563903808594,11.169563903808594
2026-03-18 12:00:00,2.95,2.95,14.577698,11.62769775390625,11.62769775390625
2026-03-18 12:15:00,2.82,2.82,14.500298,11.680297546386718,11.680297546386718
2026-03-18 12:30:00,2.72,2.72,13.8521805,11.13218048095703,11.13218048095703
2026-03-18 12:45:00,2.64,2.64,11.492119,8.852118835449218,8.852118835449218
2026-03-18 13:00:00,2.46,2.46,12.668083,10.208083190917968,10.208083190917968
2026-03-18 13:15:00,2.41,2.41,11.797134,9.387134399414062,9.387134399414062
2026-03-18 13:30:00,2.4,2.4,12.010536,9.610536193847656,9.610536193847656
2026-03-18 13:45:00,2.43,2.43,12.324379,9.894378967285157,9.894378967285157
2026-03-18 14:00:00,3.18,3.18,14.5807495,11.40074951171875,11.40074951171875
2026-03-18 14:15:00,3.09,3.09,18.84169,15.751690063476563,15.751690063476563
2026-03-18 14:30:00,3.12,3.12,24.437248,21.317248229980468,21.317248229980468
2026-03-18 14:45:00,3.23,3.23,30.216331,26.986331481933593,26.986331481933593
2026-03-18 15:00:00,2.5,2.5,23.907982,21.407981872558594,21.407981872558594
2026-03-18 15:15:00,2.72,2.72,26.088478,23.368478088378907,23.368478088378907
2026-03-18 15:30:00,2.73,2.73,31.137032,28.40703155517578,28.40703155517578
2026-03-18 15:45:00,5.78,5.78,34.821014,29.041014404296874,29.041014404296874
2026-03-18 16:00:00,4.56,4.56,26.008041,21.44804138183594,21.44804138183594
2026-03-18 16:15:00,14.63,14.63,30.059937,15.4299365234375,15.4299365234375
2026-03-18 16:30:00,69.67,69.67,43.823296,25.846704406738283,-25.846704406738283
2026-03-18 16:45:00,97.39,97.39,106.95395,9.563948974609374,9.563948974609374
2026-03-18 17:00:00,64.98,64.98,96.16637,31.186366577148434,31.186366577148434
2026-03-18 17:15:00,92.85,92.85,100.738014,7.888014221191412,7.888014221191412
2026-03-18 17:30:00,125.96,125.96,122.83427,3.1257333374023375,-3.1257333374023375
2026-03-18 17:45:00,141.34,141.34,148.89032,7.550319824218747,7.550319824218747
2026-03-18 18:00:00,97.44,97.44,108.851746,11.411745605468752,11.411745605468752
2026-03-18 18:15:00,131.43,131.43,132.20894,0.7789385986328057,0.7789385986328057
2026-03-18 18:30:00,156.13,156.13,146.76248,9.36751831054687,-9.36751831054687
2026-03-18 18:45:00,180.31,180.31,182.0218,1.7118048095703102,1.7118048095703102
2026-03-18 19:00:00,163.4,163.4,162.0061,1.3938964843750057,-1.3938964843750057
2026-03-18 19:15:00,174.12,174.12,181.12347,7.0034741210937455,7.0034741210937455
2026-03-18 19:30:00,183.19,183.19,196.09619,12.906191406250002,12.906191406250002
2026-03-18 19:45:00,183.72,183.72,196.12292,12.402924804687501,12.402924804687501
2026-03-18 20:00:00,188.52,188.52,194.64914,6.129139404296865,6.129139404296865
2026-03-18 20:15:00,178.0,178.0,189.56729,11.567291259765625,11.567291259765625
2026-03-18 20:30:00,161.9,161.9,171.24791,9.347909545898432,9.347909545898432
2026-03-18 20:45:00,137.23,137.23,149.78085,12.550853271484385,12.550853271484385
2026-03-18 21:00:00,161.35,161.35,150.51288,10.837121582031244,-10.837121582031244
2026-03-18 21:15:00,147.9,147.9,145.93495,1.9650482177734432,-1.9650482177734432
2026-03-18 21:30:00,137.12,137.12,138.27835,1.1583508300781205,1.1583508300781205
2026-03-18 21:45:00,130.71,130.71,118.12917,12.580826721191414,-12.580826721191414
2026-03-18 22:00:00,140.47,140.47,137.36427,3.1057269287109364,-3.1057269287109364
2026-03-18 22:15:00,115.31,115.31,125.433395,10.123395385742185,10.123395385742185
2026-03-18 22:30:00,111.43,111.43,103.33004,8.099960021972663,-8.099960021972663
2026-03-18 22:45:00,79.55,79.55,99.467865,19.917864990234378,19.917864990234378
2026-03-18 23:00:00,105.74,105.74,98.90262,6.83738159179687,-6.83738159179687
2026-03-18 23:15:00,86.42,86.42,91.66493,5.244932250976561,5.244932250976561
2026-03-18 23:30:00,65.66,65.66,88.33206,22.67206176757813,22.67206176757813
2026-03-18 23:45:00,27.05,27.05,73.42904,46.37903900146485,46.37903900146485
2026-03-19 00:00:00,74.95,74.95,46.48696,28.46303863525391,-28.46303863525391
2026-03-19 00:15:00,46.09,46.09,79.434296,33.34429565429687,33.34429565429687
2026-03-19 00:30:00,28.18,28.18,59.493942,31.313942260742188,31.313942260742188
2026-03-19 00:45:00,27.41,27.41,40.62291,13.212909545898437,13.212909545898437
2026-03-19 01:00:00,35.78,35.78,50.284416,14.504416198730468,14.504416198730468
2026-03-19 01:15:00,31.66,31.66,56.111824,24.45182403564453,24.45182403564453
2026-03-19 01:30:00,31.21,31.21,48.235,17.02500061035156,17.02500061035156
2026-03-19 01:45:00,30.46,30.46,47.22863,16.768630065917968,16.768630065917968
2026-03-19 02:00:00,35.29,35.29,50.77777,15.48777099609375,15.48777099609375
2026-03-19 02:15:00,34.09,34.09,54.460808,20.370807800292965,20.370807800292965
2026-03-19 02:30:00,36.39,36.39,52.084282,15.694281921386718,15.694281921386718
2026-03-19 02:45:00,36.89,36.89,54.18203,17.292029724121093,17.292029724121093
2026-03-19 03:00:00,36.08,36.08,53.691376,17.611375732421877,17.611375732421877
2026-03-19 03:15:00,40.93,40.93,55.554688,14.6246875,14.6246875
2026-03-19 03:30:00,41.36,41.36,59.35436,17.994358673095704,17.994358673095704
2026-03-19 03:45:00,41.01,41.01,60.14047,19.13046859741211,19.13046859741211
2026-03-19 04:00:00,40.16,40.16,60.750515,20.590514984130863,20.590514984130863
2026-03-19 04:15:00,44.57,44.57,61.25803,16.68802993774414,16.68802993774414
2026-03-19 04:30:00,45.14,45.14,66.324905,21.184905395507812,21.184905395507812
2026-03-19 04:45:00,45.06,45.06,67.15341,22.093411865234373,22.093411865234373
2026-03-19 05:00:00,50.74,50.74,62.748985,12.008985290527342,12.008985290527342
2026-03-19 05:15:00,61.91,61.91,70.04557,8.13557037353516,8.13557037353516
2026-03-19 05:30:00,44.88,44.88,81.62266,36.742657775878904,36.742657775878904
2026-03-19 05:45:00,61.76,61.76,68.31322,6.5532171630859395,6.5532171630859395
2026-03-19 06:00:00,92.0,92.0,70.94972,21.050277709960938,-21.050277709960938
2026-03-19 06:15:00,109.76,109.76,108.59307,1.1669290161132864,-1.1669290161132864
2026-03-19 06:30:00,121.08,121.08,115.18297,5.897031860351561,-5.897031860351561
2026-03-19 06:45:00,134.71,134.71,121.374466,13.335534057617195,-13.335534057617195
2026-03-19 07:00:00,118.33,118.33,133.28006,14.950059814453127,14.950059814453127
2026-03-19 07:15:00,145.94,145.94,140.16515,5.77485412597656,-5.77485412597656
2026-03-19 07:30:00,167.27,167.27,149.7912,17.47880126953126,-17.47880126953126
2026-03-19 07:45:00,175.23,175.23,159.79494,15.435062866210927,-15.435062866210927
2026-03-19 08:00:00,186.25,186.25,168.30786,17.942138671875,-17.942138671875
2026-03-19 08:15:00,176.61,176.61,168.12823,8.481765136718764,-8.481765136718764
2026-03-19 08:30:00,150.27,150.27,160.64499,10.374989013671865,10.374989013671865
2026-03-19 08:45:00,116.46,116.46,133.94998,17.48998168945313,17.48998168945313
2026-03-19 09:00:00,177.29,177.29,125.743515,51.546484985351555,-51.546484985351555
2026-03-19 09:15:00,151.72,151.72,137.8449,13.875105590820311,-13.875105590820311
2026-03-19 09:30:00,114.5,114.5,132.20717,17.707168579101562,17.707168579101562
2026-03-19 09:45:00,84.94,84.94,88.88086,3.9408593750000023,3.9408593750000023
2026-03-19 10:00:00,121.21,121.21,99.31258,21.89742370605468,-21.89742370605468
2026-03-19 10:15:00,99.1,99.1,89.24098,9.859017944335932,-9.859017944335932
2026-03-19 10:30:00,82.92,82.92,91.045654,8.125654296874998,8.125654296874998
2026-03-19 10:45:00,56.4,56.4,72.96393,16.56392822265625,16.56392822265625
2026-03-19 11:00:00,97.84,97.84,63.68006,34.15993865966797,-34.15993865966797
2026-03-19 11:15:00,62.37,62.37,79.48925,17.11925018310547,17.11925018310547
2026-03-19 11:30:00,41.19,41.19,63.68529,22.495291290283205,22.495291290283205
2026-03-19 11:45:00,22.41,22.41,43.19967,20.789668884277344,20.789668884277344
2026-03-19 12:00:00,32.02,32.02,38.113518,6.093517761230466,6.093517761230466
2026-03-19 12:15:00,21.27,21.27,42.479134,21.20913360595703,21.20913360595703
2026-03-19 12:30:00,18.5,18.5,34.661957,16.161956787109375,16.161956787109375
2026-03-19 12:45:00,21.44,21.44,32.99916,11.559160766601561,11.559160766601561
2026-03-19 13:00:00,23.28,23.28,31.662117,8.38211700439453,8.38211700439453
2026-03-19 13:15:00,21.24,21.24,37.570717,16.330716857910158,16.330716857910158
2026-03-19 13:30:00,22.14,22.14,39.427635,17.287635192871093,17.287635192871093
2026-03-19 13:45:00,24.62,24.62,46.364594,21.744593505859374,21.744593505859374
2026-03-19 14:00:00,17.19,17.19,34.703827,17.513826904296874,17.513826904296874
2026-03-19 14:15:00,17.2,17.2,35.39303,18.193028259277344,18.193028259277344
2026-03-19 14:30:00,17.2,17.2,37.71415,20.514149475097657,20.514149475097657
2026-03-19 14:45:00,22.52,22.52,41.874474,19.354473571777344,19.354473571777344
2026-03-19 15:00:00,14.92,14.92,38.33587,23.415868835449217,23.415868835449217
2026-03-19 15:15:00,29.44,29.44,36.08712,6.6471200561523425,6.6471200561523425
2026-03-19 15:30:00,57.8,57.8,51.673775,6.126225280761716,-6.126225280761716
2026-03-19 15:45:00,81.29,81.29,83.78264,2.4926385498046812,2.4926385498046812
2026-03-19 16:00:00,39.08,39.08,74.793106,35.713106079101564,35.713106079101564
2026-03-19 16:15:00,80.93,80.93,58.274555,22.65544479370118,-22.65544479370118
2026-03-19 16:30:00,97.09,97.09,105.37256,8.282558593749997,8.282558593749997
2026-03-19 16:45:00,119.91,119.91,134.51872,14.608722534179691,14.608722534179691
2026-03-19 17:00:00,95.65,95.65,97.34962,1.6996170043945256,1.6996170043945256
2026-03-19 17:15:00,108.66,108.66,121.90119,13.241191711425785,13.241191711425785
2026-03-19 17:30:00,122.08,122.08,143.40228,21.32228271484375,21.32228271484375
2026-03-19 17:45:00,151.3,151.3,169.10338,17.803378295898426,17.803378295898426
2026-03-19 18:00:00,98.89,98.89,125.7076,26.817603454589843,26.817603454589843
2026-03-19 18:15:00,135.08,135.08,142.34247,7.2624682617187375,7.2624682617187375
2026-03-19 18:30:00,164.59,164.59,171.9754,7.385402832031247,7.385402832031247
2026-03-19 18:45:00,205.75,205.75,202.32774,3.4222564697265625,-3.4222564697265625
2026-03-19 19:00:00,180.5,180.5,178.63371,1.8662872314453125,-1.8662872314453125
2026-03-19 19:15:00,202.43,202.43,207.22054,4.790535278320306,4.790535278320306
2026-03-19 19:30:00,223.34,223.34,228.83945,5.499447021484372,5.499447021484372
2026-03-19 19:45:00,231.31,231.31,248.51047,17.200467529296873,17.200467529296873
2026-03-19 20:00:00,241.03,241.03,235.78564,5.244355468750001,-5.244355468750001
2026-03-19 20:15:00,219.6,219.6,245.75488,26.154882812500006,26.154882812500006
2026-03-19 20:30:00,203.43,203.43,230.95612,27.526115722656243,27.526115722656243
2026-03-19 20:45:00,193.92,193.92,204.95078,11.030775146484388,11.030775146484388
2026-03-19 21:00:00,183.16,183.16,216.26512,33.10512145996094,33.10512145996094
2026-03-19 21:15:00,167.49,167.49,197.92465,30.434652099609366,30.434652099609366
2026-03-19 21:30:00,155.95,155.95,159.3023,3.3523071289062614,3.3523071289062614
2026-03-19 21:45:00,142.99,142.99,140.52177,2.4682257080078216,-2.4682257080078216
2026-03-19 22:00:00,159.21,159.21,166.23735,7.0273504638671795,7.0273504638671795
2026-03-19 22:15:00,153.43,153.43,160.12468,6.694679565429681,6.694679565429681
2026-03-19 22:30:00,145.36,145.36,146.75401,1.3940130615234239,1.3940130615234239
2026-03-19 22:45:00,129.86,129.86,133.04254,3.1825415039062364,3.1825415039062364
2026-03-19 23:00:00,150.16,150.16,160.0942,9.934192504882816,9.934192504882816
2026-03-19 23:15:00,144.92,144.92,145.54279,0.6227856445312625,0.6227856445312625
2026-03-19 23:30:00,133.28,133.28,138.83832,5.558317871093749,5.558317871093749
2026-03-19 23:45:00,125.95,125.95,127.3011,1.3511016845703097,1.3511016845703097
2026-03-20 00:00:00,137.59,137.59,144.90608,7.316082153320309,7.316082153320309
2026-03-20 00:15:00,129.05,129.05,139.60664,10.556643676757801,10.556643676757801
2026-03-20 00:30:00,127.4,127.4,128.0535,0.6534973144531193,0.6534973144531193
2026-03-20 00:45:00,118.65,118.65,125.431656,6.781655883789057,6.781655883789057
2026-03-20 01:00:00,154.49,154.49,132.00203,22.487970581054697,-22.487970581054697
2026-03-20 01:15:00,141.5,141.5,138.70372,2.7962799072265625,-2.7962799072265625
2026-03-20 01:30:00,133.36,133.36,137.31506,3.9550634765624864,3.9550634765624864
2026-03-20 01:45:00,129.11,129.11,127.06114,2.048858032226576,-2.048858032226576
2026-03-20 02:00:00,137.27,137.27,138.04027,0.7702679443359273,0.7702679443359273
2026-03-20 02:15:00,133.23,133.23,138.22917,4.999171752929698,4.999171752929698
2026-03-20 02:30:00,131.34,131.34,131.41504,0.07503906249999659,0.07503906249999659
2026-03-20 02:45:00,130.4,130.4,129.92206,0.4779418945312557,-0.4779418945312557
2026-03-20 03:00:00,131.93,131.93,129.823,2.107001953125007,-2.107001953125007
2026-03-20 03:15:00,130.29,130.29,131.4498,1.159798583984383,1.159798583984383
2026-03-20 03:30:00,130.28,130.28,131.07263,0.7926318359374989,0.7926318359374989
2026-03-20 03:45:00,130.22,130.22,132.6633,2.443299560546876,2.443299560546876
2026-03-20 04:00:00,131.83,131.83,129.80524,2.0247631835937625,-2.0247631835937625
2026-03-20 04:15:00,131.09,131.09,134.94205,3.8520471191406216,3.8520471191406216
2026-03-20 04:30:00,134.62,134.62,134.95964,0.33964050292968295,0.33964050292968295
2026-03-20 04:45:00,135.65,135.65,143.85222,8.202218627929682,8.202218627929682
2026-03-20 05:00:00,125.25,125.25,136.54573,11.295730590820312,11.295730590820312
2026-03-20 05:15:00,130.17,130.17,140.59933,10.429334716796888,10.429334716796888
2026-03-20 05:30:00,133.49,133.49,142.07735,8.587346801757803,8.587346801757803
2026-03-20 05:45:00,145.48,145.48,143.03171,2.4482922363281148,-2.4482922363281148
2026-03-20 06:00:00,135.48,135.48,139.80782,4.327815551757823,4.327815551757823
2026-03-20 06:15:00,144.55,144.55,157.50528,12.955279541015614,12.955279541015614
2026-03-20 06:30:00,164.6,164.6,155.91217,8.687829589843744,-8.687829589843744
2026-03-20 06:45:00,171.53,171.53,174.6983,3.168303222656249,3.168303222656249
2026-03-20 07:00:00,168.92,168.92,166.3518,2.5681933593749875,-2.5681933593749875
2026-03-20 07:15:00,188.57,188.57,182.91188,5.658119506835931,-5.658119506835931
2026-03-20 07:30:00,203.45,203.45,186.4028,17.047198486328114,-17.047198486328114
2026-03-20 07:45:00,209.0,209.0,198.90259,10.097412109375,-10.097412109375
2026-03-20 08:00:00,239.99,239.99,204.96948,35.02051757812501,-35.02051757812501
2026-03-20 08:15:00,215.12,215.12,224.04034,8.920344238281245,8.920344238281245
2026-03-20 08:30:00,195.1,195.1,211.30443,16.204428100585943,16.204428100585943
2026-03-20 08:45:00,173.42,173.42,185.53752,12.1175213623047,12.1175213623047
2026-03-20 09:00:00,208.2,208.2,205.78766,2.4123413085937386,-2.4123413085937386
2026-03-20 09:15:00,173.47,173.47,194.52652,21.056519775390626,21.056519775390626
2026-03-20 09:30:00,155.26,155.26,168.70947,13.449472656250009,13.449472656250009
2026-03-20 09:45:00,120.32,120.32,148.17705,27.857047729492194,27.857047729492194
2026-03-20 10:00:00,169.27,169.27,157.00131,12.268687744140635,-12.268687744140635
2026-03-20 10:15:00,143.63,143.63,143.15848,0.47152221679687045,-0.47152221679687045
2026-03-20 10:30:00,103.96,103.96,126.18276,22.2227621459961,22.2227621459961
2026-03-20 10:45:00,106.96,106.96,96.27544,10.684563598632806,-10.684563598632806
2026-03-20 11:00:00,116.86,116.86,119.59494,2.7349401855468756,2.7349401855468756
2026-03-20 11:15:00,103.86,103.86,98.52441,5.335593566894531,-5.335593566894531
2026-03-20 11:30:00,61.63,61.63,85.740906,24.110905761718747,24.110905761718747
2026-03-20 11:45:00,28.01,28.01,58.073063,30.063062896728514,30.063062896728514
2026-03-20 12:00:00,89.69,89.69,46.66752,43.02248138427734,-43.02248138427734
2026-03-20 12:15:00,80.12,80.12,62.74477,17.375229949951176,-17.375229949951176
2026-03-20 12:30:00,65.81,65.81,64.699715,1.110285339355471,-1.110285339355471
2026-03-20 12:45:00,56.93,56.93,55.24583,1.6841694641113278,-1.6841694641113278
2026-03-20 13:00:00,50.04,50.04,59.704,9.663998565673829,9.663998565673829
2026-03-20 13:15:00,41.02,41.02,55.53949,14.519489746093747,14.519489746093747
2026-03-20 13:30:00,25.76,25.76,47.733498,21.973497619628905,21.973497619628905
2026-03-20 13:45:00,24.54,24.54,38.682854,14.14285369873047,14.14285369873047
2026-03-20 14:00:00,44.1,44.1,38.380302,5.719697570800783,-5.719697570800783
2026-03-20 14:15:00,44.47,44.47,47.644035,3.17403533935547,3.17403533935547
2026-03-20 14:30:00,45.08,45.08,50.58947,5.5094699096679705,5.5094699096679705
2026-03-20 14:45:00,52.64,52.64,54.357033,1.7170327758789057,1.7170327758789057
2026-03-20 15:00:00,47.68,47.68,55.761906,8.081905670166016,8.081905670166016
2026-03-20 15:15:00,72.98,72.98,57.693398,15.286602478027348,-15.286602478027348
2026-03-20 15:30:00,90.15,90.15,81.04168,9.108320617675787,-9.108320617675787
2026-03-20 15:45:00,106.92,106.92,103.92246,2.9975375366210955,-2.9975375366210955
2026-03-20 16:00:00,93.21,93.21,89.45505,3.7549523925781187,-3.7549523925781187
2026-03-20 16:15:00,107.93,107.93,99.71697,8.213027648925788,-8.213027648925788
2026-03-20 16:30:00,113.44,113.44,112.802055,0.637944641113279,-0.637944641113279
2026-03-20 16:45:00,129.36,129.36,122.30316,7.056838378906264,-7.056838378906264
2026-03-20 17:00:00,100.06,100.06,101.89253,1.8325323486328102,1.8325323486328102
2026-03-20 17:15:00,134.91,134.91,118.19657,16.71342864990234,-16.71342864990234
2026-03-20 17:30:00,152.56,152.56,138.42438,14.135622558593752,-14.135622558593752
2026-03-20 17:45:00,173.04,173.04,176.23749,3.197487792968758,3.197487792968758
2026-03-20 18:00:00,140.55,140.55,123.53762,17.012379455566418,-17.012379455566418
2026-03-20 18:15:00,161.51,161.51,155.39748,6.112523803710928,-6.112523803710928
2026-03-20 18:30:00,173.73,173.73,178.93266,5.202662963867198,5.202662963867198
2026-03-20 18:45:00,213.3,213.3,201.337,11.962994384765636,-11.962994384765636
2026-03-20 19:00:00,172.2,172.2,176.95769,4.757687377929699,4.757687377929699
2026-03-20 19:15:00,176.62,176.62,191.56862,14.948618774414058,14.948618774414058
2026-03-20 19:30:00,178.2,178.2,188.10822,9.908215332031261,9.908215332031261
2026-03-20 19:45:00,174.69,174.69,196.9159,22.225893554687502,22.225893554687502
2026-03-20 20:00:00,171.08,171.08,179.73065,8.650651855468737,8.650651855468737
2026-03-20 20:15:00,165.0,165.0,175.70569,10.7056884765625,10.7056884765625
2026-03-20 20:30:00,155.0,155.0,170.18164,15.181640625,15.181640625
2026-03-20 20:45:00,149.69,149.69,152.5483,2.8582940673828148,2.8582940673828148
2026-03-20 21:00:00,155.78,155.78,156.5069,0.7268969726562489,0.7268969726562489
2026-03-20 21:15:00,151.07,151.07,145.70807,5.361931152343743,-5.361931152343743
2026-03-20 21:30:00,145.47,145.47,141.17462,4.295378417968749,-4.295378417968749
2026-03-20 21:45:00,144.38,144.38,135.28305,9.09694946289062,-9.09694946289062
2026-03-20 22:00:00,144.45,144.45,146.6839,2.2338989257812614,2.2338989257812614
2026-03-20 22:15:00,142.56,142.56,134.69896,7.861040649414065,-7.861040649414065
2026-03-20 22:30:00,142.01,142.01,130.5624,11.447606811523428,-11.447606811523428
2026-03-20 22:45:00,133.88,133.88,129.13245,4.7475537109374955,-4.7475537109374955
2026-03-20 23:00:00,133.06,133.06,135.11853,2.0585302734374977,2.0585302734374977
2026-03-20 23:15:00,95.7,95.7,123.06846,27.368458557128903,27.368458557128903
2026-03-20 23:30:00,85.35,85.35,100.94386,15.593862915039068,15.593862915039068
2026-03-20 23:45:00,77.64,77.64,91.482475,13.842475280761718,13.842475280761718
2026-03-21 00:00:00,74.97,74.97,94.26834,19.298341064453126,19.298341064453126
2026-03-21 00:15:00,56.84,56.84,83.57661,26.736606750488278,26.736606750488278
2026-03-21 00:30:00,55.32,55.32,67.71402,12.394019775390625,12.394019775390625
2026-03-21 00:45:00,52.88,52.88,66.92975,14.049748535156247,14.049748535156247
2026-03-21 01:00:00,50.04,50.04,72.805756,22.765755615234376,22.765755615234376
2026-03-21 01:15:00,49.66,49.66,65.48976,15.829761352539066,15.829761352539066
2026-03-21 01:30:00,49.23,49.23,61.938137,12.708137054443363,12.708137054443363
2026-03-21 01:45:00,48.3,48.3,60.372696,12.072695922851565,12.072695922851565
2026-03-21 02:00:00,52.51,52.51,67.41472,14.90471862792969,14.90471862792969
2026-03-21 02:15:00,52.34,52.34,67.44415,15.104152832031247,15.104152832031247
2026-03-21 02:30:00,51.93,51.93,64.838104,12.908104248046875,12.908104248046875
2026-03-21 02:45:00,51.73,51.73,62.858826,11.128825683593753,11.128825683593753
2026-03-21 03:00:00,50.31,50.31,69.79665,19.48665374755859,19.48665374755859
2026-03-21 03:15:00,50.26,50.26,67.07044,16.810442199707033,16.810442199707033
2026-03-21 03:30:00,50.21,50.21,63.696815,13.486815490722655,13.486815490722655
2026-03-21 03:45:00,50.25,50.25,62.731853,12.481853485107422,12.481853485107422
2026-03-21 04:00:00,51.16,51.16,68.09006,16.93005737304688,16.93005737304688
2026-03-21 04:15:00,50.9,50.9,67.26805,16.36805114746094,16.36805114746094
2026-03-21 04:30:00,51.01,51.01,63.92821,12.918211212158205,12.918211212158205
2026-03-21 04:45:00,50.82,50.82,62.362022,11.542022399902343,11.542022399902343
2026-03-21 05:00:00,49.68,49.68,69.89993,20.219932861328125,20.219932861328125
2026-03-21 05:15:00,49.99,49.99,66.35602,16.366018066406248,16.366018066406248
2026-03-21 05:30:00,50.34,50.34,62.81442,12.474418792724606,12.474418792724606
2026-03-21 05:45:00,61.11,61.11,61.70356,0.5935598754882818,0.5935598754882818
2026-03-21 06:00:00,44.46,44.46,73.73859,29.27858642578125,29.27858642578125
2026-03-21 06:15:00,45.27,45.27,63.177155,17.907154541015622,17.907154541015622
2026-03-21 06:30:00,45.24,45.24,60.31523,15.075231323242186,15.075231323242186
2026-03-21 06:45:00,45.0,45.0,59.368046,14.368045806884766,14.368045806884766
2026-03-21 07:00:00,50.75,50.75,65.90657,15.156570434570312,15.156570434570312
2026-03-21 07:15:00,50.55,50.55,67.82355,17.273547363281253,17.273547363281253
2026-03-21 07:30:00,50.85,50.85,67.20775,16.357748413085936,16.357748413085936
2026-03-21 07:45:00,50.65,50.65,66.51703,15.867028808593751,15.867028808593751
2026-03-21 08:00:00,49.07,49.07,72.281715,23.211715393066406,23.211715393066406
2026-03-21 08:15:00,48.02,48.02,67.50585,19.485851745605466,19.485851745605466
2026-03-21 08:30:00,47.1,47.1,64.00286,16.902861022949217,16.902861022949217
2026-03-21 08:45:00,45.59,45.59,60.31428,14.724281463623043,14.724281463623043
2026-03-21 09:00:00,52.1,52.1,67.26678,15.166777038574217,15.166777038574217
2026-03-21 09:15:00,50.53,50.53,66.51628,15.986281127929686,15.986281127929686
2026-03-21 09:30:00,47.1,47.1,64.87764,17.77763977050781,17.77763977050781
2026-03-21 09:45:00,45.84,45.84,60.031197,14.191196594238278,14.191196594238278
2026-03-21 10:00:00,41.7,41.7,62.732353,21.032353210449216,21.032353210449216
2026-03-21 10:15:00,36.6,36.6,55.18215,18.582151794433592,18.582151794433592
2026-03-21 10:30:00,29.26,29.26,49.80935,20.549349060058592,20.549349060058592
2026-03-21 10:45:00,25.09,25.09,41.02587,15.935871276855469,15.935871276855469
2026-03-21 11:00:00,34.74,34.74,44.758568,10.018567810058592,10.018567810058592
2026-03-21 11:15:00,26.03,26.03,44.56214,18.53214141845703,18.53214141845703
2026-03-21 11:30:00,20.51,20.51,38.619003,18.109003295898436,18.109003295898436
2026-03-21 11:45:00,16.26,16.26,32.91243,16.65242980957031,16.65242980957031
2026-03-21 12:00:00,19.69,19.69,36.662575,16.972574768066405,16.972574768066405
2026-03-21 12:15:00,13.66,13.66,36.705635,23.04563507080078,23.04563507080078
2026-03-21 12:30:00,11.53,11.53,31.46891,19.938910217285155,19.938910217285155
2026-03-21 12:45:00,9.54,9.54,28.707619,19.167618713378907,19.167618713378907
2026-03-21 13:00:00,9.24,9.24,31.540718,22.30071807861328,22.30071807861328
2026-03-21 13:15:00,5.75,5.75,29.343498,23.59349822998047,23.59349822998047
2026-03-21 13:30:00,5.47,5.47,24.931274,19.4612744140625,19.4612744140625
2026-03-21 13:45:00,5.21,5.21,24.144539,18.93453887939453,18.93453887939453
2026-03-21 14:00:00,6.63,6.63,27.231842,20.601842041015626,20.601842041015626
2026-03-21 14:15:00,6.8,6.8,26.500214,19.700213623046874,19.700213623046874
2026-03-21 14:30:00,7.77,7.77,26.338173,18.568172912597657,18.568172912597657
2026-03-21 14:45:00,9.53,9.53,26.865921,17.33592102050781,17.33592102050781
2026-03-21 15:00:00,11.8,11.8,29.958946,18.158946228027343,18.158946228027343
2026-03-21 15:15:00,18.03,18.03,30.949387,12.919386596679686,12.919386596679686
2026-03-21 15:30:00,20.07,20.07,38.58381,18.51380889892578,18.51380889892578
2026-03-21 15:45:00,24.81,24.81,43.423096,18.613095703125,18.613095703125
2026-03-21 16:00:00,21.61,21.61,39.685585,18.075585021972657,18.075585021972657
2026-03-21 16:15:00,25.7,25.7,43.15632,17.456318664550782,17.456318664550782
2026-03-21 16:30:00,28.72,28.72,47.568733,18.848733215332032,18.848733215332032
2026-03-21 16:45:00,33.03,33.03,54.40956,21.37956115722656,21.37956115722656
2026-03-21 17:00:00,34.74,34.74,48.59767,13.85767150878906,13.85767150878906
2026-03-21 17:15:00,40.57,40.57,58.368294,17.79829376220703,17.79829376220703
2026-03-21 17:30:00,68.33,68.33,70.81619,2.4861926269531267,2.4861926269531267
2026-03-21 17:45:00,116.8,116.8,101.55652,15.243481445312497,-15.243481445312497
2026-03-21 18:00:00,119.7,119.7,103.243744,16.456256103515628,-16.456256103515628
2026-03-21 18:15:00,138.51,138.51,122.45437,16.055631408691397,-16.055631408691397
2026-03-21 18:30:00,141.94,141.94,148.37933,6.439333496093752,6.439333496093752
2026-03-21 18:45:00,144.36,144.36,162.80373,18.44372619628905,18.44372619628905
2026-03-21 19:00:00,145.52,145.52,132.70256,12.817439575195323,-12.817439575195323
2026-03-21 19:15:00,147.42,147.42,143.916,3.50399963378905,-3.50399963378905
2026-03-21 19:30:00,149.86,149.86,149.7656,0.09440551757813864,-0.09440551757813864
2026-03-21 19:45:00,144.25,144.25,149.55656,5.3065643310546875,5.3065643310546875
2026-03-21 20:00:00,137.92,137.92,141.97537,4.0553723144531375,4.0553723144531375
2026-03-21 20:15:00,137.73,137.73,130.1842,7.54579589843749,-7.54579589843749
2026-03-21 20:30:00,137.27,137.27,125.24619,12.023807067871104,-12.023807067871104
2026-03-21 20:45:00,132.85,132.85,120.13524,12.714761352539057,-12.714761352539057
2026-03-21 21:00:00,137.59,137.59,128.14235,9.447650756835941,-9.447650756835941
2026-03-21 21:15:00,109.02,109.02,120.72402,11.704021911621098,11.704021911621098
2026-03-21 21:30:00,124.54,124.54,104.684326,19.855673828125006,-19.855673828125006
2026-03-21 21:45:00,117.52,117.52,102.41721,15.10278656005859,-15.10278656005859
2026-03-21 22:00:00,83.65,83.65,112.93171,29.281709289550776,29.281709289550776
2026-03-21 22:15:00,56.13,56.13,99.35834,43.22833740234375,43.22833740234375
2026-03-21 22:30:00,54.81,54.81,68.80832,13.998319091796873,13.998319091796873
2026-03-21 22:45:00,53.13,53.13,69.16675,16.036748046874997,16.036748046874997
2026-03-21 23:00:00,51.72,51.72,74.38407,22.664071350097657,22.664071350097657
2026-03-21 23:15:00,47.92,47.92,67.370514,19.450513916015623,19.450513916015623
2026-03-21 23:30:00,45.2,45.2,64.6221,19.422100830078122,19.422100830078122
2026-03-21 23:45:00,41.11,41.11,61.275814,20.165814056396485,20.165814056396485
2026-03-22 00:00:00,47.33,47.33,59.27516,11.945161743164064,11.945161743164064
2026-03-22 00:15:00,43.85,43.85,59.601948,15.751947784423827,15.751947784423827
2026-03-22 00:30:00,42.36,42.36,55.24776,12.887760772705079,12.887760772705079
2026-03-22 00:45:00,37.08,37.08,51.73369,14.65368835449219,14.65368835449219
2026-03-22 01:00:00,42.4,42.4,55.350513,12.950513458251955,12.950513458251955
2026-03-22 01:15:00,40.69,40.69,55.30986,14.61986022949219,14.61986022949219
2026-03-22 01:30:00,39.66,39.66,51.457207,11.797206726074222,11.797206726074222
2026-03-22 01:45:00,36.49,36.49,50.01011,13.520108947753904,13.520108947753904
2026-03-22 02:00:00,40.81,40.81,54.507286,13.697286071777341,13.697286071777341
2026-03-22 02:15:00,37.21,37.21,55.13263,17.92262939453125,17.92262939453125
2026-03-22 02:30:00,34.4,34.4,49.831566,15.431565856933595,15.431565856933595
2026-03-22 02:45:00,33.19,33.19,47.068275,13.878275451660159,13.878275451660159
2026-03-22 03:00:00,37.36,37.36,51.38388,14.023880615234376,14.023880615234376
2026-03-22 03:15:00,36.6,36.6,52.55155,15.951551818847655,15.951551818847655
2026-03-22 03:30:00,36.61,36.61,49.368927,12.758927001953126,12.758927001953126
2026-03-22 03:45:00,39.27,39.27,49.225647,9.955646972656247,9.955646972656247
2026-03-22 04:00:00,35.14,35.14,57.572697,22.432696685791015,22.432696685791015
2026-03-22 04:15:00,36.0,36.0,52.563072,16.563072204589844,16.563072204589844
2026-03-22 04:30:00,36.07,36.07,50.51628,14.446281127929687,14.446281127929687
2026-03-22 04:45:00,34.21,34.21,49.875458,15.665457763671874,15.665457763671874
2026-03-22 05:00:00,36.29,36.29,54.907932,18.61793228149414,18.61793228149414
2026-03-22 05:15:00,36.31,36.31,54.374214,18.06421417236328,18.06421417236328
2026-03-22 05:30:00,37.34,37.34,52.463074,15.123073730468747,15.123073730468747
2026-03-22 05:45:00,38.12,38.12,52.47326,14.353258972167971,14.353258972167971
2026-03-22 06:00:00,39.56,39.56,56.031433,16.471433105468748,16.471433105468748
2026-03-22 06:15:00,41.19,41.19,56.188553,14.998552856445315,14.998552856445315
2026-03-22 06:30:00,42.0,42.0,54.62481,12.624809265136719,12.624809265136719
2026-03-22 06:45:00,40.31,40.31,53.337265,13.027265014648435,13.027265014648435
2026-03-22 07:00:00,38.18,38.18,59.078674,20.89867431640625,20.89867431640625
2026-03-22 07:15:00,37.15,37.15,55.509068,18.359067535400392,18.359067535400392
2026-03-22 07:30:00,35.53,35.53,52.18097,16.65096923828125,16.65096923828125
2026-03-22 07:45:00,33.5,33.5,49.885445,16.38544464111328,16.38544464111328
2026-03-22 08:00:00,37.53,37.53,51.683006,14.153006286621093,14.153006286621093
2026-03-22 08:15:00,33.96,33.96,50.381073,16.421072998046874,16.421072998046874
2026-03-22 08:30:00,29.21,29.21,46.50074,17.29074005126953,17.29074005126953
2026-03-22 08:45:00,20.82,20.82,41.438026,20.618026428222656,20.618026428222656
2026-03-22 09:00:00,36.42,36.42,42.249184,5.8291836547851545,5.8291836547851545
2026-03-22 09:15:00,21.06,21.06,44.576126,23.516126098632814,23.516126098632814
2026-03-22 09:30:00,9.86,9.86,36.504814,26.64481414794922,26.64481414794922
2026-03-22 09:45:00,7.01,7.01,25.293495,18.28349517822266,18.28349517822266
2026-03-22 10:00:00,12.19,12.19,32.157913,19.967913208007815,19.967913208007815
2026-03-22 10:15:00,6.69,6.69,31.700089,25.01008850097656,25.01008850097656
2026-03-22 10:30:00,3.44,3.44,23.828423,20.388422546386717,20.388422546386717
2026-03-22 10:45:00,2.82,2.82,18.12925,15.309249572753906,15.309249572753906
2026-03-22 11:00:00,3.91,3.91,25.570702,21.660701599121094,21.660701599121094
2026-03-22 11:15:00,3.4,3.4,23.073318,19.673318481445314,19.673318481445314
2026-03-22 11:30:00,3.04,3.04,18.755875,15.715874633789063,15.715874633789063
2026-03-22 11:45:00,2.62,2.62,15.93248,13.312479858398437,13.312479858398437
2026-03-22 12:00:00,1.7,1.7,24.730553,23.030552673339844,23.030552673339844
2026-03-22 12:15:00,1.52,1.52,22.25335,20.73334930419922,20.73334930419922
2026-03-22 12:30:00,0.67,0.67,19.824226,19.15422637939453,19.15422637939453
2026-03-22 12:45:00,0.47,0.47,17.115997,16.645997314453126,16.645997314453126
2026-03-22 13:00:00,0.0,0.0,22.248924,22.248924255371094,22.248924255371094
2026-03-22 13:15:00,0.0,0.0,20.563179,20.56317901611328,20.56317901611328
2026-03-22 13:30:00,0.0,0.0,18.944618,18.944618225097656,18.944618225097656
2026-03-22 13:45:00,0.0,0.0,17.808846,17.80884552001953,17.80884552001953
2026-03-22 14:00:00,-1.64,-1.64,20.929115,22.569115295410157,22.569115295410157
2026-03-22 14:15:00,-0.01,-0.01,17.968307,17.97830749511719,17.97830749511719
2026-03-22 14:30:00,0.0,0.0,18.82798,18.827980041503906,18.827980041503906
2026-03-22 14:45:00,0.0,0.0,19.460304,19.460304260253906,19.460304260253906
2026-03-22 15:00:00,-0.01,-0.01,20.113152,20.12315155029297,20.12315155029297
2026-03-22 15:15:00,-1.06,-1.06,21.839264,22.899263916015624,22.899263916015624
2026-03-22 15:30:00,-0.7,-0.7,23.297028,23.997027587890624,23.997027587890624
2026-03-22 15:45:00,0.0,0.0,26.099152,26.099151611328125,26.099151611328125
2026-03-22 16:00:00,0.01,0.01,21.524323,21.514322509765623,21.514322509765623
2026-03-22 16:15:00,0.66,0.66,25.597816,24.937816467285156,24.937816467285156
2026-03-22 16:30:00,4.05,4.05,27.063164,23.013163757324218,23.013163757324218
2026-03-22 16:45:00,10.91,10.91,30.256348,19.34634765625,19.34634765625
2026-03-22 17:00:00,16.65,16.65,31.057022,14.407022094726564,14.407022094726564
2026-03-22 17:15:00,27.67,27.67,44.65638,16.98637969970703,16.98637969970703
2026-03-22 17:30:00,40.2,40.2,54.578476,14.378475952148435,14.378475952148435
2026-03-22 17:45:00,52.73,52.73,66.36316,13.633159179687503,13.633159179687503
2026-03-22 18:00:00,60.09,60.09,69.84593,9.755932006835934,9.755932006835934
2026-03-22 18:15:00,64.84,64.84,84.27263,19.432628784179684,19.432628784179684
2026-03-22 18:30:00,65.89,65.89,84.11917,18.229171142578124,18.229171142578124
2026-03-22 18:45:00,69.18,69.18,86.56558,17.385582275390618,17.385582275390618
2026-03-22 19:00:00,82.09,82.09,84.44443,2.3544274902343716,2.3544274902343716
2026-03-22 19:15:00,82.09,82.09,95.419174,13.329174194335934,13.329174194335934
2026-03-22 19:30:00,68.31,68.31,94.34047,26.03046936035156,26.03046936035156
2026-03-22 19:45:00,68.49,68.49,84.34725,15.857251892089849,15.857251892089849
2026-03-22 20:00:00,149.9,149.9,82.11459,67.78540649414063,-67.78540649414063
2026-03-22 20:15:00,72.69,72.69,127.179924,54.48992401123047,54.48992401123047
2026-03-22 20:30:00,69.01,69.01,72.66385,3.65384887695312,3.65384887695312
2026-03-22 20:45:00,68.39,68.39,71.18167,2.7916711425781244,2.7916711425781244
2026-03-22 21:00:00,67.73,67.73,88.92553,21.195529479980465,21.195529479980465
2026-03-22 21:15:00,66.92,66.92,75.26248,8.342481689453123,8.342481689453123
2026-03-22 21:30:00,66.42,66.42,69.74512,3.3251171874999983,3.3251171874999983
2026-03-22 21:45:00,66.14,66.14,71.03558,4.895583496093749,4.895583496093749
2026-03-22 22:00:00,65.21,65.21,76.59784,11.387839355468756,11.387839355468756
2026-03-22 22:15:00,64.82,64.82,70.112656,5.292655639648444,5.292655639648444
2026-03-22 22:30:00,64.39,64.39,66.08057,1.6905664062499994,1.6905664062499994
2026-03-22 22:45:00,64.21,64.21,64.403145,0.1931448364257875,0.1931448364257875
2026-03-22 23:00:00,64.25,64.25,65.59486,1.3448562622070312,1.3448562622070312
2026-03-22 23:15:00,61.62,61.62,62.384773,0.7647732543945338,0.7647732543945338
2026-03-22 23:30:00,62.42,62.42,60.35245,2.067548675537111,-2.067548675537111
2026-03-22 23:45:00,53.89,53.89,62.546593,8.656592712402343,8.656592712402343
2026-03-23 00:00:00,60.12,60.12,53.19831,6.921689147949216,-6.921689147949216
2026-03-23 00:15:00,51.56,51.56,56.301693,4.741692962646482,4.741692962646482
2026-03-23 00:30:00,25.14,25.14,57.868183,32.72818313598633,32.72818313598633
2026-03-23 00:45:00,13.17,13.17,39.486084,26.316083984375,26.316083984375
2026-03-23 01:00:00,8.55,8.55,33.521873,24.971873474121093,24.971873474121093
2026-03-23 01:15:00,7.8,7.8,28.941956,21.14195556640625,21.14195556640625
2026-03-23 01:30:00,7.82,7.82,27.193535,19.37353485107422,19.37353485107422
2026-03-23 01:45:00,7.59,7.59,26.395226,18.805225524902344,18.805225524902344
2026-03-23 02:00:00,4.75,4.75,26.34008,21.59008026123047,21.59008026123047
2026-03-23 02:15:00,4.75,4.75,24.296555,19.546554565429688,19.546554565429688
2026-03-23 02:30:00,4.41,4.41,23.794228,19.384227600097656,19.384227600097656
2026-03-23 02:45:00,4.48,4.48,23.513184,19.03318359375,19.03318359375
2026-03-23 03:00:00,4.41,4.41,22.84787,18.437869873046875,18.437869873046875
2026-03-23 03:15:00,4.39,4.39,22.392448,18.002448425292968,18.002448425292968
2026-03-23 03:30:00,4.21,4.21,23.740234,19.530234375,19.530234375
2026-03-23 03:45:00,4.17,4.17,25.87967,21.709669189453123,21.709669189453123
2026-03-23 04:00:00,7.81,7.81,27.060562,19.250562133789064,19.250562133789064
2026-03-23 04:15:00,7.81,7.81,30.522942,22.71294158935547,22.71294158935547
2026-03-23 04:30:00,8.26,8.26,31.032051,22.772051086425783,22.772051086425783
2026-03-23 04:45:00,9.34,9.34,31.964706,22.624706420898438,22.624706420898438
2026-03-23 05:00:00,11.57,11.57,37.248764,25.678764038085937,25.678764038085937
2026-03-23 05:15:00,13.22,13.22,42.298714,29.078713684082032,29.078713684082032
2026-03-23 05:30:00,25.69,25.69,44.90232,19.212320861816405,19.212320861816405
2026-03-23 05:45:00,41.58,41.58,56.82705,15.247049255371095,15.247049255371095
2026-03-23 06:00:00,59.63,59.63,61.354435,1.724434967041013,1.724434967041013
2026-03-23 06:15:00,60.67,60.67,72.07822,11.408216552734373,11.408216552734373
2026-03-23 06:30:00,63.3,63.3,74.95491,11.654910278320315,11.654910278320315
2026-03-23 06:45:00,174.28,174.28,77.80592,96.47407653808594,-96.47407653808594
2026-03-23 07:00:00,36.81,36.81,147.2188,110.40879577636719,110.40879577636719
2026-03-23 07:15:00,166.93,166.93,55.455986,111.47401397705079,-111.47401397705079
2026-03-23 07:30:00,178.36,178.36,176.68013,1.6798699951172011,-1.6798699951172011
2026-03-23 07:45:00,176.88,176.88,205.11674,28.236744995117192,28.236744995117192
2026-03-23 08:00:00,213.97,213.97,147.23598,66.73402282714844,-66.73402282714844
2026-03-23 08:15:00,173.72,173.72,183.48071,9.760712890625001,9.760712890625001
2026-03-23 08:30:00,112.33,112.33,158.54138,46.2113818359375,46.2113818359375
2026-03-23 08:45:00,67.65,67.65,92.96288,25.312882995605463,25.312882995605463
2026-03-23 09:00:00,69.04,69.04,78.55237,9.512368164062494,9.512368164062494
2026-03-23 09:15:00,25.76,25.76,67.17049,41.41048645019531,41.41048645019531
2026-03-23 09:30:00,12.01,12.01,45.739067,33.72906707763672,33.72906707763672
2026-03-23 09:45:00,88.11,88.11,32.750153,55.359847412109374,-55.359847412109374
2026-03-23 10:00:00,60.5,60.5,61.236237,0.736236572265625,0.736236572265625
2026-03-23 10:15:00,57.61,57.61,66.859695,9.249695434570313,9.249695434570313
2026-03-23 10:30:00,66.33,66.33,60.947388,5.382612304687498,-5.382612304687498
2026-03-23 10:45:00,50.66,50.66,68.21818,17.55817779541016,17.55817779541016
2026-03-23 11:00:00,52.83,52.83,63.725178,10.89517776489258,10.89517776489258
2026-03-23 11:15:00,47.87,47.87,59.048904,11.178904418945315,11.178904418945315
2026-03-23 11:30:00,48.08,48.08,58.24227,10.162271423339845,10.162271423339845
2026-03-23 11:45:00,30.22,30.22,56.026638,25.80663803100586,25.80663803100586
2026-03-23 12:00:00,34.12,34.12,45.805344,11.68534362792969,11.68534362792969
2026-03-23 12:15:00,23.35,23.35,51.0317,27.681700134277342,27.681700134277342
2026-03-23 12:30:00,13.17,13.17,42.154434,28.98443420410156,28.98443420410156
2026-03-23 12:45:00,11.34,11.34,32.784782,21.44478240966797,21.44478240966797
2026-03-23 13:00:00,9.18,9.18,60.137634,50.95763427734375,50.95763427734375
2026-03-23 13:15:00,8.83,8.83,49.37819,40.548189086914064,40.548189086914064
2026-03-23 13:30:00,11.83,11.83,44.270477,32.44047729492188,32.44047729492188
2026-03-23 13:45:00,12.0,12.0,37.076553,25.076553344726562,25.076553344726562
2026-03-23 14:00:00,11.81,11.81,33.51657,21.706571044921873,21.706571044921873
2026-03-23 14:15:00,11.58,11.58,34.267883,22.68788330078125,22.68788330078125
2026-03-23 14:30:00,11.59,11.59,42.62847,31.03847137451172,31.03847137451172
2026-03-23 14:45:00,8.65,8.65,38.794502,30.144502258300783,30.144502258300783
2026-03-23 15:00:00,11.18,11.18,27.997826,16.817825622558594,16.817825622558594
2026-03-23 15:15:00,7.54,7.54,29.932709,22.392708740234376,22.392708740234376
2026-03-23 15:30:00,11.26,11.26,33.928062,22.668062438964846,22.668062438964846
2026-03-23 15:45:00,17.98,17.98,38.50525,20.5252490234375,20.5252490234375
2026-03-23 16:00:00,47.77,47.77,42.518654,5.251346130371097,-5.251346130371097
2026-03-23 16:15:00,50.13,50.13,76.066086,25.936085815429685,25.936085815429685
2026-03-23 16:30:00,53.9,53.9,79.6534,25.753396606445314,25.753396606445314
2026-03-23 16:45:00,57.54,57.54,88.83923,31.2992333984375,31.2992333984375
2026-03-23 17:00:00,57.81,57.81,84.1664,26.35639709472656,26.35639709472656
2026-03-23 17:15:00,59.77,59.77,87.94838,28.17837951660156,28.17837951660156
2026-03-23 17:30:00,135.57,135.57,93.76813,41.80187255859374,-41.80187255859374
2026-03-23 17:45:00,155.98,155.98,143.87776,12.102238159179677,-12.102238159179677
2026-03-23 18:00:00,119.66,119.66,102.142235,17.517765197753903,-17.517765197753903
2026-03-23 18:15:00,172.74,172.74,134.84166,37.89834045410157,-37.89834045410157
2026-03-23 18:30:00,162.76,162.76,196.92677,34.16677307128907,34.16677307128907
2026-03-23 18:45:00,252.09,252.09,190.01413,62.07587036132813,-62.07587036132813
2026-03-23 19:00:00,180.5,180.5,187.6221,7.122100830078125,7.122100830078125
2026-03-23 19:15:00,243.71,243.71,190.38678,53.32322021484376,-53.32322021484376
2026-03-23 19:30:00,267.62,267.62,250.60013,17.01987182617188,-17.01987182617188
2026-03-23 19:45:00,291.94,291.94,274.87604,17.063962402343748,-17.063962402343748
2026-03-23 20:00:00,250.68,250.68,266.9525,16.272514648437493,16.272514648437493
2026-03-23 20:15:00,228.24,228.24,225.64142,2.598581542968759,-2.598581542968759
2026-03-23 20:30:00,219.39,219.39,176.22495,43.16505493164061,-43.16505493164061
2026-03-23 20:45:00,186.8,186.8,161.51544,25.28455810546876,-25.28455810546876
2026-03-23 21:00:00,230.26,230.26,176.53047,53.72952819824218,-53.72952819824218
2026-03-23 21:15:00,201.18,201.18,173.50018,27.679816894531257,-27.679816894531257
2026-03-23 21:30:00,173.08,173.08,165.67026,7.4097424316406375,-7.4097424316406375
2026-03-23 21:45:00,160.31,160.31,143.17476,17.13524108886719,-17.13524108886719
2026-03-23 22:00:00,204.48,204.48,157.60464,46.875355224609365,-46.875355224609365
2026-03-23 22:15:00,168.33,168.33,165.22191,3.108091430664075,-3.108091430664075
2026-03-23 22:30:00,95.14,95.14,149.70894,54.56893859863281,54.56893859863281
2026-03-23 22:45:00,60.79,60.79,95.38333,34.593331298828126,34.593331298828126
2026-03-23 23:00:00,106.24,106.24,96.05671,10.183290710449214,-10.183290710449214
2026-03-23 23:15:00,70.0,70.0,98.156494,28.156494140625,28.156494140625
2026-03-23 23:30:00,95.14,95.14,75.733475,19.406525268554688,-19.406525268554688
2026-03-23 23:45:00,59.04,59.04,93.19487,34.15486999511719,34.15486999511719
2026-03-24 00:00:00,61.65,61.65,72.671036,11.021035766601564,11.021035766601564
2026-03-24 00:15:00,61.26,61.26,72.15845,10.898447265625002,10.898447265625002
2026-03-24 00:30:00,88.96,88.96,69.63571,19.32428833007812,-19.32428833007812
2026-03-24 00:45:00,115.93,115.93,90.390755,25.539245300292976,-25.539245300292976
2026-03-24 01:00:00,136.99,136.99,97.68418,39.3058187866211,-39.3058187866211
2026-03-24 01:15:00,65.53,65.53,106.0079,40.47789642333984,40.47789642333984
2026-03-24 01:30:00,66.04,66.04,68.91572,2.875718078613275,2.875718078613275
2026-03-24 01:45:00,83.43,83.43,75.17595,8.25405090332032,-8.25405090332032
2026-03-24 02:00:00,104.62,104.62,83.786575,20.833424682617192,-20.833424682617192
2026-03-24 02:15:00,118.75,118.75,92.50254,26.247459411621094,-26.247459411621094
2026-03-24 02:30:00,58.68,58.68,97.852776,39.17277557373047,39.17277557373047
2026-03-24 02:45:00,66.16,66.16,65.846016,0.31398406982421534,-0.31398406982421534
2026-03-24 03:00:00,78.15,78.15,74.46323,3.6867736816406307,-3.6867736816406307
2026-03-24 03:15:00,68.06,68.06,84.67676,16.616757812499998,16.616757812499998
2026-03-24 03:30:00,71.94,71.94,75.98575,4.045748291015627,4.045748291015627
2026-03-24 03:45:00,94.38,94.38,79.43681,14.943186645507808,-14.943186645507808
2026-03-24 04:00:00,98.78,98.78,91.419624,7.36037567138672,-7.36037567138672
2026-03-24 04:15:00,68.75,68.75,98.75166,30.001663208007812,30.001663208007812
2026-03-24 04:30:00,71.96,71.96,79.29686,7.336859741210944,7.336859741210944
2026-03-24 04:45:00,71.95,71.95,85.638374,13.688374328613278,13.688374328613278
2026-03-24 05:00:00,60.37,60.37,86.26987,25.899866943359378,25.899866943359378
2026-03-24 05:15:00,61.71,61.71,71.56331,9.853308715820312,9.853308715820312
2026-03-24 05:30:00,83.55,83.55,71.977356,11.572644042968747,-11.572644042968747
2026-03-24 05:45:00,88.96,88.96,91.87318,2.9131765747070375,2.9131765747070375
2026-03-24 06:00:00,82.83,82.83,90.48742,7.6574191284179705,7.6574191284179705
2026-03-24 06:15:00,89.76,89.76,91.34511,1.5851080322265574,1.5851080322265574
2026-03-24 06:30:00,89.53,89.53,97.935326,8.405325622558593,8.405325622558593
2026-03-24 06:45:00,99.9,99.9,99.831215,0.06878509521484943,-0.06878509521484943
2026-03-24 07:00:00,117.57,117.57,111.452614,6.117386169433587,-6.117386169433587
2026-03-24 07:15:00,51.17,51.17,121.15749,69.98749359130859,69.98749359130859
2026-03-24 07:30:00,25.75,25.75,75.62491,49.874908447265625,49.874908447265625
2026-03-24 07:45:00,14.17,14.17,54.224083,40.05408294677734,40.05408294677734
2026-03-24 08:00:00,69.94,69.94,60.557663,9.38233703613281,-9.38233703613281
2026-03-24 08:15:00,19.99,19.99,80.28819,60.29819274902344,60.29819274902344
2026-03-24 08:30:00,13.72,13.72,49.04731,35.32730987548828,35.32730987548828
2026-03-24 08:45:00,13.84,13.84,43.52089,29.680889282226563,29.680889282226563
2026-03-24 09:00:00,14.47,14.47,53.01661,38.54660919189453,38.54660919189453
2026-03-24 09:15:00,15.24,15.24,43.438988,28.19898773193359,28.19898773193359
2026-03-24 09:30:00,14.52,14.52,40.060806,25.540806274414063,25.540806274414063
2026-03-24 09:45:00,14.39,14.39,37.03959,22.649588928222656,22.649588928222656
2026-03-24 10:00:00,17.38,17.38,38.975403,21.59540283203125,21.59540283203125
2026-03-24 10:15:00,14.01,14.01,35.089294,21.079294433593752,21.079294433593752
2026-03-24 10:30:00,12.31,12.31,33.027725,20.71772521972656,20.71772521972656
2026-03-24 10:45:00,11.06,11.06,31.41903,20.35902923583984,20.35902923583984
2026-03-24 11:00:00,16.49,16.49,33.994415,17.504415283203127,17.504415283203127
2026-03-24 11:15:00,12.0,12.0,33.337868,21.337867736816406,21.337867736816406
2026-03-24 11:30:00,5.94,5.94,31.378868,25.438868103027342,25.438868103027342
2026-03-24 11:45:00,1.18,1.18,27.46521,26.2852099609375,26.2852099609375
2026-03-24 12:00:00,6.78,6.78,27.388702,20.608702392578124,20.608702392578124
2026-03-24 12:15:00,5.04,5.04,27.345718,22.305718383789063,22.305718383789063
2026-03-24 12:30:00,3.98,3.98,25.90158,21.921580810546875,21.921580810546875
2026-03-24 12:45:00,3.54,3.54,24.283752,20.74375244140625,20.74375244140625
2026-03-24 13:00:00,4.09,4.09,22.496468,18.40646759033203,18.40646759033203
2026-03-24 13:15:00,3.61,3.61,23.339622,19.729622497558594,19.729622497558594
2026-03-24 13:30:00,3.65,3.65,22.122917,18.47291717529297,18.47291717529297
2026-03-24 13:45:00,3.51,3.51,21.082748,17.57274841308594,17.57274841308594
2026-03-24 14:00:00,3.49,3.49,20.284943,16.794942626953123,16.794942626953123
2026-03-24 14:15:00,3.55,3.55,21.838264,18.28826446533203,18.28826446533203
2026-03-24 14:30:00,3.55,3.55,22.446457,18.896456909179687,18.896456909179687
2026-03-24 14:45:00,3.51,3.51,22.920311,19.410310974121096,19.410310974121096
2026-03-24 15:00:00,3.44,3.44,18.390808,14.95080810546875,14.95080810546875
2026-03-24 15:15:00,3.62,3.62,21.23027,17.610270385742187,17.610270385742187
2026-03-24 15:30:00,3.6,3.6,23.266174,19.66617431640625,19.66617431640625
2026-03-24 15:45:00,4.06,4.06,25.25727,21.197270812988283,21.197270812988283
2026-03-24 16:00:00,3.99,3.99,25.778137,21.788137207031248,21.788137207031248
2026-03-24 16:15:00,4.99,4.99,30.432426,25.442426452636717,25.442426452636717
2026-03-24 16:30:00,5.04,5.04,31.527191,26.487191162109376,26.487191162109376
2026-03-24 16:45:00,6.72,6.72,36.11409,29.394089965820314,29.394089965820314
2026-03-24 17:00:00,9.71,9.71,30.455154,20.74515441894531,20.74515441894531
2026-03-24 17:15:00,12.5,12.5,38.529915,26.02991485595703,26.02991485595703
2026-03-24 17:30:00,40.16,40.16,43.3897,3.229701843261722,3.229701843261722
2026-03-24 17:45:00,131.03,131.03,71.08299,59.947007446289064,-59.947007446289064
2026-03-24 18:00:00,105.4,105.4,96.42349,8.97650756835938,-8.97650756835938
2026-03-24 18:15:00,128.32,128.32,119.63196,8.688041992187493,-8.688041992187493
2026-03-24 18:30:00,155.57,155.57,128.46371,27.106285400390618,-27.106285400390618
2026-03-24 18:45:00,112.53,112.53,163.7973,51.26730224609375,51.26730224609375
2026-03-24 19:00:00,125.57,125.57,127.82155,2.2515484619140693,2.2515484619140693
2026-03-24 19:15:00,100.03,100.03,130.25447,30.22447082519531,30.22447082519531
2026-03-24 19:30:00,59.99,59.99,123.65051,63.6605126953125,63.6605126953125
2026-03-24 19:45:00,25.0,25.0,78.07513,53.07512664794922,53.07512664794922
2026-03-24 20:00:00,25.72,25.72,65.84453,40.12452819824219,40.12452819824219
2026-03-24 20:15:00,13.17,13.17,50.477615,37.30761535644531,37.30761535644531
2026-03-24 20:30:00,12.01,12.01,36.15621,24.146211853027346,24.146211853027346
2026-03-24 20:45:00,11.97,11.97,29.86966,17.899659423828126,17.899659423828126
2026-03-24 21:00:00,10.0,10.0,34.26512,24.265121459960938,24.265121459960938
2026-03-24 21:15:00,8.57,8.57,30.547806,21.977805786132812,21.977805786132812
2026-03-24 21:30:00,8.19,8.19,27.68914,19.49914031982422,19.49914031982422
2026-03-24 21:45:00,6.49,6.49,27.280235,20.79023529052734,20.79023529052734
2026-03-24 22:00:00,6.92,6.92,26.728676,19.808675842285155,19.808675842285155
2026-03-24 22:15:00,6.6,6.6,24.217773,17.6177734375,17.6177734375
2026-03-24 22:30:00,5.19,5.19,24.228142,19.038141784667967,19.038141784667967
2026-03-24 22:45:00,5.0,5.0,23.18776,18.187759399414062,18.187759399414062
2026-03-24 23:00:00,5.0,5.0,24.067184,19.067184448242188,19.067184448242188
2026-03-24 23:15:00,5.0,5.0,24.232483,19.23248291015625,19.23248291015625
2026-03-24 23:30:00,4.99,4.99,22.811882,17.821882019042967,17.821882019042967
2026-03-24 23:45:00,4.8,4.8,22.2975,17.497500610351562,17.497500610351562
2026-03-25 00:00:00,4.12,4.12,23.147781,19.02778137207031,19.02778137207031
2026-03-25 00:15:00,4.03,4.03,22.47284,18.44283935546875,18.44283935546875
2026-03-25 00:30:00,3.9,3.9,21.741089,17.8410888671875,17.8410888671875
2026-03-25 00:45:00,4.0,4.0,19.882607,15.882606506347656,15.882606506347656
2026-03-25 01:00:00,3.61,3.61,21.608452,17.99845184326172,17.99845184326172
2026-03-25 01:15:00,3.8,3.8,20.188042,16.388041687011718,16.388041687011718
2026-03-25 01:30:00,3.7,3.7,20.2445,16.54449920654297,16.54449920654297
2026-03-25 01:45:00,3.64,3.64,19.595062,15.955062255859374,15.955062255859374
2026-03-25 02:00:00,3.95,3.95,21.446724,17.496723937988282,17.496723937988282
2026-03-25 02:15:00,3.77,3.77,20.293991,16.523991088867188,16.523991088867188
2026-03-25 02:30:00,3.8,3.8,20.955261,17.15526123046875,17.15526123046875
2026-03-25 02:45:00,3.8,3.8,20.720352,16.920352172851562,16.920352172851562
2026-03-25 03:00:00,3.86,3.86,21.0438,17.183800354003907,17.183800354003907
2026-03-25 03:15:00,3.85,3.85,19.88173,16.03172912597656,16.03172912597656
2026-03-25 03:30:00,3.85,3.85,19.921684,16.071684265136717,16.071684265136717
2026-03-25 03:45:00,3.85,3.85,19.317253,15.467253112792969,15.467253112792969
2026-03-25 04:00:00,3.86,3.86,19.280006,15.420006408691407,15.420006408691407
2026-03-25 04:15:00,3.99,3.99,20.373268,16.383268127441404,16.383268127441404
2026-03-25 04:30:00,4.0,4.0,20.07022,16.070220947265625,16.070220947265625
2026-03-25 04:45:00,4.98,4.98,19.453476,14.473475952148437,14.473475952148437
2026-03-25 05:00:00,4.79,4.79,18.230873,13.440873107910157,13.440873107910157
2026-03-25 05:15:00,4.99,4.99,19.317589,14.327588806152344,14.327588806152344
2026-03-25 05:30:00,6.29,6.29,19.810562,13.520562133789063,13.520562133789063
2026-03-25 05:45:00,7.06,7.06,20.605942,13.545941772460939,13.545941772460939
2026-03-25 06:00:00,6.3,6.3,20.815804,14.51580352783203,14.51580352783203
2026-03-25 06:15:00,8.56,8.56,23.643639,15.083638610839843,15.083638610839843
2026-03-25 06:30:00,8.87,8.87,25.46289,16.592890625000003,16.592890625000003
2026-03-25 06:45:00,9.93,9.93,26.387886,16.45788604736328,16.45788604736328
2026-03-25 07:00:00,9.83,9.83,27.989265,18.159265441894533,18.159265441894533
2026-03-25 07:15:00,10.58,10.58,30.464722,19.8847216796875,19.8847216796875
2026-03-25 07:30:00,12.54,12.54,30.726555,18.18655487060547,18.18655487060547
2026-03-25 07:45:00,13.16,13.16,31.163612,18.003612365722656,18.003612365722656
2026-03-25 08:00:00,12.03,12.03,33.684647,21.65464660644531,21.65464660644531
2026-03-25 08:15:00,12.01,12.01,32.594666,20.584665527343752,20.584665527343752
2026-03-25 08:30:00,11.95,11.95,31.29412,19.34412078857422,19.34412078857422
2026-03-25 08:45:00,10.13,10.13,29.909294,19.779294128417966,19.779294128417966
2026-03-25 09:00:00,10.19,10.19,29.741508,19.55150848388672,19.55150848388672
2026-03-25 09:15:00,3.81,3.81,27.720123,23.910123291015626,23.910123291015626
2026-03-25 09:30:00,3.8,3.8,22.79364,18.99364013671875,18.99364013671875
2026-03-25 09:45:00,1.0,1.0,22.34552,21.34552001953125,21.34552001953125
2026-03-25 10:00:00,1.0,1.0,22.013123,21.01312255859375,21.01312255859375
2026-03-25 10:15:00,0.63,0.63,18.064484,17.434483642578126,17.434483642578126
2026-03-25 10:30:00,0.01,0.01,17.08062,17.070619812011717,17.070619812011717
2026-03-25 10:45:00,0.0,0.0,14.728058,14.728057861328125,14.728057861328125
2026-03-25 11:00:00,0.0,0.0,18.259903,18.259902954101562,18.259902954101562
2026-03-25 11:15:00,-1.0,-1.0,16.761665,17.76166534423828,17.76166534423828
2026-03-25 11:30:00,-1.01,-1.01,15.396225,16.40622497558594,16.40622497558594
2026-03-25 11:45:00,-1.01,-1.01,13.587685,14.597684631347656,14.597684631347656
2026-03-25 12:00:00,-1.75,-1.75,16.804085,18.55408477783203,18.55408477783203
2026-03-25 12:15:00,-1.55,-1.55,16.066887,17.61688690185547,17.61688690185547
2026-03-25 12:30:00,-1.01,-1.01,14.94799,15.957990417480469,15.957990417480469
2026-03-25 12:45:00,-1.0,-1.0,13.983948,14.98394775390625,14.98394775390625
2026-03-25 13:00:00,-2.2,-2.2,14.639183,16.839183044433593,16.839183044433593
2026-03-25 13:15:00,-1.0,-1.0,13.9906845,14.990684509277344,14.990684509277344
2026-03-25 13:30:00,-0.25,-0.25,14.768333,15.018333435058594,15.018333435058594
2026-03-25 13:45:00,-0.01,-0.01,14.011017,14.021016845703125,14.021016845703125
2026-03-25 14:00:00,-1.01,-1.01,14.785088,15.795087585449219,15.795087585449219
2026-03-25 14:15:00,-1.0,-1.0,14.639992,15.639991760253906,15.639991760253906
2026-03-25 14:30:00,0.0,0.0,14.659508,14.659507751464844,14.659507751464844
2026-03-25 14:45:00,0.99,0.99,14.313087,13.323087463378906,13.323087463378906
2026-03-25 15:00:00,0.05,0.05,16.32759,16.277590942382812,16.277590942382812
2026-03-25 15:15:00,3.8,3.8,16.43798,12.637980651855468,12.637980651855468
2026-03-25 15:30:00,9.98,9.98,21.775444,11.795444030761718,11.795444030761718
2026-03-25 15:45:00,11.97,11.97,27.530304,15.560303955078124,15.560303955078124
2026-03-25 16:00:00,9.96,9.96,23.894806,13.934805908203124,13.934805908203124
2026-03-25 16:15:00,11.95,11.95,25.23851,13.288510131835938,13.288510131835938
2026-03-25 16:30:00,12.0,12.0,29.349121,17.34912109375,17.34912109375
2026-03-25 16:45:00,13.16,13.16,29.69902,16.539020385742187,16.539020385742187
2026-03-25 17:00:00,11.97,11.97,29.812881,17.842881469726564,17.842881469726564
2026-03-25 17:15:00,12.01,12.01,32.101494,20.09149383544922,20.09149383544922
2026-03-25 17:30:00,13.17,13.17,34.016747,20.846746520996092,20.846746520996092
2026-03-25 17:45:00,20.0,20.0,35.790306,15.790306091308594,15.790306091308594
2026-03-25 18:00:00,13.23,13.23,35.711227,22.481227416992187,22.481227416992187
2026-03-25 18:15:00,22.26,22.26,35.053757,12.793756713867186,12.793756713867186
2026-03-25 18:30:00,25.12,25.12,40.02987,14.909869079589843,14.909869079589843
2026-03-25 18:45:00,24.46,24.46,42.108543,17.648543395996093,17.648543395996093
2026-03-25 19:00:00,25.68,25.68,37.024284,11.344284362792969,11.344284362792969
2026-03-25 19:15:00,30.0,30.0,43.966408,13.966407775878906,13.966407775878906
2026-03-25 19:30:00,28.0,28.0,50.314117,22.314117431640625,22.314117431640625
2026-03-25 19:45:00,25.69,25.69,54.509598,28.81959777832031,28.81959777832031
2026-03-25 20:00:00,24.38,24.38,45.748283,21.36828338623047,21.36828338623047
2026-03-25 20:15:00,23.28,23.28,45.1195,21.839499206542968,21.839499206542968
2026-03-25 20:30:00,21.28,21.28,42.865845,21.5858447265625,21.5858447265625
2026-03-25 20:45:00,19.79,19.79,38.512604,18.722603759765626,18.722603759765626
2026-03-25 21:00:00,20.99,20.99,46.69538,25.705381164550783,25.705381164550783
2026-03-25 21:15:00,19.42,19.42,44.501343,25.0813427734375,25.0813427734375
2026-03-25 21:30:00,25.68,25.68,41.081894,15.401893920898438,15.401893920898438
2026-03-25 21:45:00,26.98,26.98,48.4337,21.453700561523437,21.453700561523437
2026-03-25 22:00:00,24.53,24.53,55.26879,30.738791198730468,30.738791198730468
2026-03-25 22:15:00,20.43,20.43,44.257187,23.827186889648438,23.827186889648438
2026-03-25 22:30:00,17.13,17.13,40.111618,22.98161804199219,22.98161804199219
2026-03-25 22:45:00,13.17,13.17,35.105736,21.935735778808592,21.935735778808592
2026-03-25 23:00:00,35.65,35.65,33.466354,2.183645629882811,-2.183645629882811
2026-03-25 23:15:00,25.77,25.77,49.698082,23.928081970214844,23.928081970214844
2026-03-25 23:30:00,19.99,19.99,41.59453,21.60452819824219,21.60452819824219
2026-03-25 23:45:00,13.16,13.16,34.464684,21.304683532714844,21.304683532714844
2026-03-26 00:00:00,18.17,18.17,34.147087,15.977087097167967,15.977087097167967
2026-03-26 00:15:00,12.98,12.98,31.7463,18.766299743652343,18.766299743652343
2026-03-26 00:30:00,11.95,11.95,30.344017,18.394017028808594,18.394017028808594
2026-03-26 00:45:00,10.07,10.07,29.596542,19.526542358398437,19.526542358398437
2026-03-26 01:00:00,11.14,11.14,30.520622,19.380622253417968,19.380622253417968
2026-03-26 01:15:00,11.51,11.51,27.206146,15.696146240234375,15.696146240234375
2026-03-26 01:30:00,18.81,18.81,26.621292,7.811292114257814,7.811292114257814
2026-03-26 01:45:00,15.6,15.6,31.217354,15.617353820800782,15.617353820800782
2026-03-26 02:00:00,9.47,9.47,26.283447,16.813447265625,16.813447265625
2026-03-26 02:15:00,8.67,8.67,27.515282,18.845281677246092,18.845281677246092
2026-03-26 02:30:00,6.71,6.71,25.320122,18.610121765136718,18.610121765136718
2026-03-26 02:45:00,6.69,6.69,23.315147,16.625147399902342,16.625147399902342
2026-03-26 03:00:00,6.28,6.28,25.302559,19.02255889892578,19.02255889892578
2026-03-26 03:15:00,6.53,6.53,25.51265,18.98264953613281,18.98264953613281
2026-03-26 03:30:00,6.23,6.23,25.665924,19.435924072265625,19.435924072265625
2026-03-26 03:45:00,5.5,5.5,25.790848,20.290847778320312,20.290847778320312
2026-03-26 04:00:00,4.98,4.98,23.653214,18.673213500976562,18.673213500976562
2026-03-26 04:15:00,4.98,4.98,23.875381,18.895381469726562,18.895381469726562
2026-03-26 04:30:00,5.27,5.27,24.154968,18.88496826171875,18.88496826171875
2026-03-26 04:45:00,6.42,6.42,25.72583,19.305830078125,19.305830078125
2026-03-26 05:00:00,6.34,6.34,25.110779,18.77077880859375,18.77077880859375
2026-03-26 05:15:00,9.8,9.8,28.874123,19.074122619628906,19.074122619628906
2026-03-26 05:30:00,7.99,7.99,34.838562,26.848562011718748,26.848562011718748
2026-03-26 05:45:00,9.77,9.77,33.792847,24.0228466796875,24.0228466796875
2026-03-26 06:00:00,7.05,7.05,31.102402,24.052401733398437,24.052401733398437
2026-03-26 06:15:00,8.56,8.56,33.222733,24.66273254394531,24.66273254394531
2026-03-26 06:30:00,10.02,10.02,36.018303,25.99830291748047,25.99830291748047
2026-03-26 06:45:00,22.34,22.34,37.94136,15.601360473632813,15.601360473632813
2026-03-26 07:00:00,25.5,25.5,45.473312,19.973312377929688,19.973312377929688
2026-03-26 07:15:00,51.73,51.73,54.105476,2.3754763793945344,2.3754763793945344
2026-03-26 07:30:00,62.34,62.34,71.589355,9.249355468749997,9.249355468749997
2026-03-26 07:45:00,65.02,65.02,81.19121,16.17120788574219,16.17120788574219
2026-03-26 08:00:00,63.9,63.9,81.64064,17.740640258789064,17.740640258789064
2026-03-26 08:15:00,64.93,64.93,80.473274,15.543274230957024,15.543274230957024
2026-03-26 08:30:00,66.5,66.5,79.74182,13.2418212890625,13.2418212890625
2026-03-26 08:45:00,67.91,67.91,80.08721,12.177211608886722,12.177211608886722
2026-03-26 09:00:00,65.77,65.77,81.532104,15.762104492187504,15.762104492187504
2026-03-26 09:15:00,68.19,68.19,75.433,7.242998657226565,7.242998657226565
2026-03-26 09:30:00,65.28,65.28,75.00199,9.721991271972655,9.721991271972655
2026-03-26 09:45:00,60.08,60.08,73.568985,13.488984985351564,13.488984985351564
2026-03-26 10:00:00,62.38,62.38,73.739716,11.359715576171872,11.359715576171872
2026-03-26 10:15:00,51.58,51.58,71.10687,19.52687255859375,19.52687255859375
2026-03-26 10:30:00,40.32,40.32,61.897266,21.577266387939453,21.577266387939453
2026-03-26 10:45:00,37.07,37.07,120.59124,83.52123992919923,83.52123992919923
2026-03-26 11:00:00,15.41,15.41,141.19246,125.78245910644532,125.78245910644532
2026-03-26 11:15:00,13.68,13.68,34.06201,20.38201171875,20.38201171875
2026-03-26 11:30:00,12.53,12.53,29.778076,17.248076171875,17.248076171875
2026-03-26 11:45:00,10.21,10.21,26.31974,16.109740295410155,16.109740295410155
2026-03-26 12:00:00,11.67,11.67,28.600395,16.930395202636717,16.930395202636717
2026-03-26 12:15:00,9.98,9.98,28.492699,18.512698669433593,18.512698669433593
2026-03-26 12:30:00,9.63,9.63,26.527557,16.897557373046872,16.897557373046872
2026-03-26 12:45:00,8.56,8.56,23.814438,15.254437866210937,15.254437866210937
2026-03-26 13:00:00,10.0,10.0,25.340233,15.340232849121094,15.340232849121094
2026-03-26 13:15:00,8.26,8.26,27.24694,18.98694061279297,18.98694061279297
2026-03-26 13:30:00,29.2,29.2,25.402222,3.7977783203124993,-3.7977783203124993
2026-03-26 13:45:00,29.34,29.34,47.47898,18.138981018066406,18.138981018066406
2026-03-26 14:00:00,6.95,6.95,45.523895,38.57389526367187,38.57389526367187
2026-03-26 14:15:00,5.09,5.09,27.607384,22.517383728027344,22.517383728027344
2026-03-26 14:30:00,5.29,5.29,27.477455,22.187455139160157,22.187455139160157
2026-03-26 14:45:00,6.25,6.25,28.453178,22.20317840576172,22.20317840576172
2026-03-26 15:00:00,4.99,4.99,25.764053,20.77405334472656,20.77405334472656
2026-03-26 15:15:00,6.72,6.72,26.870644,20.150643615722657,20.150643615722657
2026-03-26 15:30:00,9.11,9.11,30.571968,21.461968078613282,21.461968078613282
2026-03-26 15:45:00,12.1,12.1,35.232155,23.132154846191405,23.132154846191405
2026-03-26 16:00:00,9.26,9.26,32.28711,23.027109375000002,23.027109375000002
2026-03-26 16:15:00,18.75,18.75,32.616837,13.866836547851562,13.866836547851562
2026-03-26 16:30:00,29.59,29.59,46.82675,17.236751708984375,17.236751708984375
2026-03-26 16:45:00,71.44,71.44,63.936005,7.503995361328123,-7.503995361328123
2026-03-26 17:00:00,31.89,31.89,80.31995,48.4299462890625,48.4299462890625
2026-03-26 17:15:00,66.61,66.61,67.80444,1.1944433593750006,1.1944433593750006
2026-03-26 17:30:00,70.69,70.69,99.41351,28.723513183593752,28.723513183593752
2026-03-26 17:45:00,100.74,100.74,110.71506,9.97505737304688,9.97505737304688
2026-03-26 18:00:00,66.55,66.55,95.55238,29.002383422851565,29.002383422851565
2026-03-26 18:15:00,97.12,97.12,95.993645,1.1263552856445358,-1.1263552856445358
2026-03-26 18:30:00,115.49,115.49,118.86569,3.37569213867188,3.37569213867188
2026-03-26 18:45:00,136.54,136.54,139.01913,2.479134521484383,2.479134521484383
2026-03-26 19:00:00,118.05,118.05,127.992645,9.942645263671878,9.942645263671878
2026-03-26 19:15:00,133.77,133.77,143.00021,9.230213623046865,9.230213623046865
2026-03-26 19:30:00,146.68,146.68,141.75964,4.920356445312507,-4.920356445312507
2026-03-26 19:45:00,153.33,153.33,149.58545,3.7445507812500125,-3.7445507812500125
2026-03-26 20:00:00,148.56,148.56,154.2078,5.647794189453123,5.647794189453123
2026-03-26 20:15:00,141.03,141.03,144.96469,3.934691162109374,3.934691162109374
2026-03-26 20:30:00,141.82,141.82,128.64517,13.174827880859368,-13.174827880859368
2026-03-26 20:45:00,140.14,140.14,121.74721,18.392792358398424,-18.392792358398424
2026-03-26 21:00:00,141.72,141.72,140.20653,1.5134722900390614,-1.5134722900390614
2026-03-26 21:15:00,132.32,132.32,132.24405,0.07595092773436818,-0.07595092773436818
2026-03-26 21:30:00,126.76,126.76,118.11651,8.643491516113286,-8.643491516113286
2026-03-26 21:45:00,122.01,122.01,111.26056,10.749440917968755,-10.749440917968755
2026-03-26 22:00:00,126.5,126.5,132.60368,6.1036834716796875,6.1036834716796875
2026-03-26 22:15:00,118.28,118.28,126.54235,8.262350769042968,8.262350769042968
2026-03-26 22:30:00,110.42,110.42,115.69356,5.273557739257811,5.273557739257811
2026-03-26 22:45:00,105.44,105.44,104.57162,0.868382873535154,-0.868382873535154
2026-03-26 23:00:00,118.22,118.22,128.15404,9.934037475585939,9.934037475585939
2026-03-26 23:15:00,109.09,109.09,115.56976,6.479763183593747,6.479763183593747
2026-03-26 23:30:00,58.27,58.27,109.08738,50.8173794555664,50.8173794555664
2026-03-26 23:45:00,55.43,55.43,67.43865,12.008652038574219,12.008652038574219
2026-03-27 00:00:00,110.66,110.66,78.3566,32.30340209960937,-32.30340209960937
2026-03-27 00:15:00,101.52,101.52,104.54002,3.0200238037109415,3.0200238037109415
2026-03-27 00:30:00,86.24,86.24,97.78725,11.547246704101568,11.547246704101568
2026-03-27 00:45:00,67.39,67.39,84.91754,17.52754150390625,17.52754150390625
2026-03-27 01:00:00,111.83,111.83,87.7789,24.051099853515623,-24.051099853515623
2026-03-27 01:15:00,72.5,72.5,109.7434,37.24340057373047,37.24340057373047
2026-03-27 01:30:00,96.0,96.0,81.854126,14.1458740234375,-14.1458740234375
2026-03-27 01:45:00,88.67,88.67,99.114456,10.44445617675781,10.44445617675781
2026-03-27 02:00:00,96.01,96.01,99.17237,3.162370910644526,3.162370910644526
2026-03-27 02:15:00,106.53,106.53,100.555176,5.974824218750001,-5.974824218750001
2026-03-27 02:30:00,106.55,106.55,103.85943,2.6905715942382784,-2.6905715942382784
2026-03-27 02:45:00,104.46,104.46,106.06932,1.6093206787109438,1.6093206787109438
2026-03-27 03:00:00,108.04,108.04,110.45517,2.4151696777343687,2.4151696777343687
2026-03-27 03:15:00,105.5,105.5,107.38543,1.8854293823242188,1.8854293823242188
2026-03-27 03:30:00,103.34,103.34,105.43143,2.0914270019531216,2.0914270019531216
2026-03-27 03:45:00,103.26,103.26,107.280205,4.020204772949214,4.020204772949214
2026-03-27 04:00:00,104.08,104.08,119.58961,15.509607238769533,15.509607238769533
2026-03-27 04:15:00,106.49,106.49,114.65898,8.168981323242193,8.168981323242193
2026-03-27 04:30:00,104.65,104.65,112.43414,7.784143066406244,7.784143066406244
2026-03-27 04:45:00,106.03,106.03,113.321175,7.29117462158203,7.29117462158203
2026-03-27 05:00:00,105.01,105.01,119.07536,14.065363159179682,14.065363159179682
2026-03-27 05:15:00,105.9,105.9,115.67771,9.7777114868164,9.7777114868164
2026-03-27 05:30:00,107.95,107.95,111.87105,3.9210479736328097,3.9210479736328097
2026-03-27 05:45:00,110.57,110.57,124.28866,13.71865814208985,13.71865814208985
2026-03-27 06:00:00,105.94,105.94,116.27786,10.337862548828127,10.337862548828127
2026-03-27 06:15:00,115.39,115.39,116.390175,1.0001748657226557,1.0001748657226557
2026-03-27 06:30:00,130.83,130.83,127.793144,3.0368557739257938,-3.0368557739257938
2026-03-27 06:45:00,140.94,140.94,143.21625,2.2762475585937523,2.2762475585937523
2026-03-27 07:00:00,138.26,138.26,145.19888,6.938883056640634,6.938883056640634
2026-03-27 07:15:00,156.04,156.04,164.3628,8.322792968750008,8.322792968750008
2026-03-27 07:30:00,171.7,171.7,166.7915,4.908496093749989,-4.908496093749989
2026-03-27 07:45:00,189.9,189.9,174.06032,15.839682006835943,-15.839682006835943
2026-03-27 08:00:00,201.39,201.39,183.84784,17.542160644531236,-17.542160644531236
2026-03-27 08:15:00,192.88,192.88,190.86124,2.0187634277343705,-2.0187634277343705
2026-03-27 08:30:00,172.15,172.15,185.68484,13.53484497070312,13.53484497070312
2026-03-27 08:45:00,139.2,139.2,165.66571,26.46571044921876,26.46571044921876
2026-03-27 09:00:00,194.53,194.53,153.67172,40.858277587890626,-40.858277587890626
2026-03-27 09:15:00,128.51,128.51,167.10689,38.59688781738282,38.59688781738282
2026-03-27 09:30:00,112.31,112.31,115.0959,2.7859014892578102,2.7859014892578102
2026-03-27 09:45:00,93.99,93.99,90.552055,3.437944641113276,-3.437944641113276
2026-03-27 10:00:00,50.06,50.06,109.570885,59.51088470458984,59.51088470458984
2026-03-27 10:15:00,41.75,41.75,61.33904,19.589038848876953,19.589038848876953
2026-03-27 10:30:00,73.22,73.22,47.628098,25.59190246582031,-25.59190246582031
2026-03-27 10:45:00,34.97,34.97,68.2594,33.2893994140625,33.2893994140625
2026-03-27 11:00:00,35.15,35.15,53.95391,18.80391082763672,18.80391082763672
2026-03-27 11:15:00,30.0,30.0,45.346695,15.346694946289062,15.346694946289062
2026-03-27 11:30:00,26.9,26.9,43.568924,16.668923950195314,16.668923950195314
2026-03-27 11:45:00,23.0,23.0,35.39187,12.391868591308594,12.391868591308594
2026-03-27 12:00:00,54.95,54.95,38.20495,16.745051574707034,-16.745051574707034
2026-03-27 12:15:00,47.77,47.77,55.590137,7.82013748168945,7.82013748168945
2026-03-27 12:30:00,39.97,39.97,52.631233,12.661233215332032,12.661233215332032
2026-03-27 12:45:00,26.84,26.84,42.81523,15.975231323242188,15.975231323242188
2026-03-27 13:00:00,42.88,42.88,43.444443,0.5644427490234349,0.5644427490234349
2026-03-27 13:15:00,37.67,37.67,49.43071,11.760709838867186,11.760709838867186
2026-03-27 13:30:00,23.12,23.12,46.185707,23.065707092285155,23.065707092285155
2026-03-27 13:45:00,20.42,20.42,31.841827,11.421827392578123,11.421827392578123
2026-03-27 14:00:00,36.69,36.69,36.16353,0.5264715576171852,-0.5264715576171852
2026-03-27 14:15:00,36.26,36.26,44.767273,8.507272949218752,8.507272949218752
2026-03-27 14:30:00,34.56,34.56,42.93605,8.37605041503906,8.37605041503906
2026-03-27 14:45:00,34.65,34.65,41.681175,7.031175231933595,7.031175231933595
2026-03-27 15:00:00,32.15,32.15,43.183968,11.033967590332033,11.033967590332033
2026-03-27 15:15:00,37.37,37.37,45.583717,8.213717346191409,8.213717346191409
2026-03-27 15:30:00,45.34,45.34,49.630592,4.290592346191403,4.290592346191403
2026-03-27 15:45:00,68.71,68.71,59.19198,9.51802154541015,-9.51802154541015
2026-03-27 16:00:00,25.48,25.48,61.061794,35.581794281005855,35.581794281005855
2026-03-27 16:15:00,50.05,50.05,48.209137,1.8408630371093722,-1.8408630371093722
2026-03-27 16:30:00,54.94,54.94,67.93726,12.997263488769534,12.997263488769534
2026-03-27 16:45:00,61.78,61.78,75.73409,13.954092712402343,13.954092712402343
2026-03-27 17:00:00,54.07,54.07,75.5514,21.48139923095703,21.48139923095703
2026-03-27 17:15:00,89.46,89.46,80.53199,8.928009948730462,-8.928009948730462
2026-03-27 17:30:00,90.11,90.11,117.58005,27.470047607421876,27.470047607421876
2026-03-27 17:45:00,109.09,109.09,122.22056,13.130558166503903,13.130558166503903
2026-03-27 18:00:00,95.39,95.39,104.66097,9.270972595214843,9.270972595214843
2026-03-27 18:15:00,137.58,137.58,132.72957,4.8504315185547,-4.8504315185547
2026-03-27 18:30:00,116.26,116.26,165.79974,49.539743652343745,49.539743652343745
2026-03-27 18:45:00,161.05,161.05,147.9229,13.127102661132824,-13.127102661132824
2026-03-27 19:00:00,134.29,134.29,154.56989,20.279885253906258,20.279885253906258
2026-03-27 19:15:00,146.85,146.85,178.4488,31.598806762695318,31.598806762695318
2026-03-27 19:30:00,150.85,150.85,173.79971,22.94971313476563,22.94971313476563
2026-03-27 19:45:00,154.19,154.19,179.64645,25.456453857421877,25.456453857421877
2026-03-27 20:00:00,181.62,181.62,179.89148,1.7285205078125045,-1.7285205078125045
2026-03-27 20:15:00,165.84,165.84,193.93236,28.092357788085934,28.092357788085934
2026-03-27 20:30:00,146.13,146.13,196.10168,49.971684570312505,49.971684570312505
2026-03-27 20:45:00,132.35,132.35,164.5441,32.19409790039063,32.19409790039063
2026-03-27 21:00:00,162.91,162.91,178.97389,16.063892211914066,16.063892211914066
2026-03-27 21:15:00,121.19,121.19,175.49689,54.30688720703125,54.30688720703125
2026-03-27 21:30:00,132.76,132.76,143.275,10.514993896484384,10.514993896484384
2026-03-27 21:45:00,107.47,107.47,144.63951,37.16951110839844,37.16951110839844
2026-03-27 22:00:00,112.09,112.09,146.96103,34.87102905273437,34.87102905273437
2026-03-27 22:15:00,110.72,110.72,127.81018,17.0901806640625,17.0901806640625
2026-03-27 22:30:00,108.56,108.56,119.993484,11.43348449707031,11.43348449707031
2026-03-27 22:45:00,99.22,99.22,112.85568,13.635682373046876,13.635682373046876
2026-03-27 23:00:00,111.37,111.37,127.15521,15.785212402343745,15.785212402343745
2026-03-27 23:15:00,106.88,106.88,118.55473,11.674733276367192,11.674733276367192
2026-03-27 23:30:00,104.51,104.51,112.57827,8.068269958496089,8.068269958496089
2026-03-27 23:45:00,97.79,97.79,108.235886,10.445885620117181,10.445885620117181
2026-03-28 00:00:00,101.54,101.54,121.31699,19.7769937133789,19.7769937133789
2026-03-28 00:15:00,95.35,95.35,107.8337,12.48370208740235,12.48370208740235
2026-03-28 00:30:00,78.0,78.0,100.13064,22.130638122558594,22.130638122558594
2026-03-28 00:45:00,59.04,59.04,85.27791,26.237908325195313,26.237908325195313
2026-03-28 01:00:00,97.61,97.61,78.84166,18.768340454101562,-18.768340454101562
2026-03-28 01:15:00,99.04,99.04,99.49354,0.453537902832025,0.453537902832025
2026-03-28 01:30:00,94.25,94.25,102.93275,8.682746887207031,8.682746887207031
2026-03-28 01:45:00,89.64,89.64,96.253265,6.613265380859374,6.613265380859374
2026-03-28 02:00:00,96.0,96.0,95.43994,0.56005859375,-0.56005859375
2026-03-28 02:15:00,93.3,93.3,97.65811,4.358111572265628,4.358111572265628
2026-03-28 02:30:00,91.64,91.64,94.16848,2.528479919433593,2.528479919433593
2026-03-28 02:45:00,89.74,89.74,90.95673,1.2167337036132864,1.2167337036132864
2026-03-28 03:00:00,92.09,92.09,99.28729,7.197292480468747,7.197292480468747
2026-03-28 03:15:00,89.74,89.74,99.25121,9.511213073730474,9.511213073730474
2026-03-28 03:30:00,88.87,88.87,95.70131,6.831309204101558,6.831309204101558
2026-03-28 03:45:00,89.64,89.64,93.36677,3.7267678833007807,3.7267678833007807
2026-03-28 04:00:00,88.98,88.98,103.407104,14.427104492187496,14.427104492187496
2026-03-28 04:15:00,89.49,89.49,96.71404,7.224042663574224,7.224042663574224
2026-03-28 04:30:00,88.79,88.79,91.81891,3.0289086914062437,3.0289086914062437
2026-03-28 04:45:00,88.87,88.87,96.07891,7.208910827636714,7.208910827636714
2026-03-28 05:00:00,89.24,89.24,102.33455,13.094548950195318,13.094548950195318
2026-03-28 05:15:00,90.25,90.25,97.970505,7.7205047607421875,7.7205047607421875
2026-03-28 05:30:00,90.29,90.29,95.01752,4.727517089843744,4.727517089843744
2026-03-28 05:45:00,91.89,91.89,93.293915,1.4039147949218744,1.4039147949218744
2026-03-28 06:00:00,90.33,90.33,98.7698,8.439798278808595,8.439798278808595
2026-03-28 06:15:00,91.98,91.98,98.972015,6.992015380859371,6.992015380859371
2026-03-28 06:30:00,95.03,95.03,96.69674,1.6667391967773426,1.6667391967773426
2026-03-28 06:45:00,98.34,98.34,96.59237,1.7476309204101597,-1.7476309204101597
2026-03-28 07:00:00,91.16,91.16,109.22336,18.06335815429688,18.06335815429688
2026-03-28 07:15:00,51.82,51.82,97.00247,45.182471923828125,45.182471923828125
2026-03-28 07:30:00,25.51,25.51,67.74911,42.23910736083984,42.23910736083984
2026-03-28 07:45:00,21.84,21.84,47.720543,25.880542907714844,25.880542907714844
2026-03-28 08:00:00,25.56,25.56,47.37776,21.817761840820314,21.817761840820314
2026-03-28 08:15:00,28.06,28.06,43.566597,15.506596984863283,15.506596984863283
2026-03-28 08:30:00,29.49,29.49,42.786987,13.296987304687502,13.296987304687502
2026-03-28 08:45:00,29.52,29.52,42.68741,13.167408447265625,13.167408447265625
2026-03-28 09:00:00,44.35,44.35,46.061974,1.7119735717773423,1.7119735717773423
2026-03-28 09:15:00,37.57,37.57,49.375656,11.805656127929687,11.805656127929687
2026-03-28 09:30:00,13.01,13.01,45.79888,32.78888153076172,32.78888153076172
2026-03-28 09:45:00,13.47,13.47,28.345993,14.875993041992187,14.875993041992187
2026-03-28 10:00:00,13.97,13.97,34.045647,20.07564666748047,20.07564666748047
2026-03-28 10:15:00,13.0,13.0,29.827835,16.827835083007812,16.827835083007812
2026-03-28 10:30:00,12.46,12.46,25.18718,12.727179565429687,12.727179565429687
2026-03-28 10:45:00,9.51,9.51,23.703484,14.193483581542969,14.193483581542969
2026-03-28 11:00:00,30.75,30.75,27.857086,2.892913818359375,-2.892913818359375
2026-03-28 11:15:00,11.71,11.71,38.603317,26.893317260742187,26.893317260742187
2026-03-28 11:30:00,8.91,8.91,25.820457,16.910457458496094,16.910457458496094
2026-03-28 11:45:00,6.36,6.36,22.521584,16.161583557128907,16.161583557128907
2026-03-28 12:00:00,9.23,9.23,26.963074,17.73307373046875,17.73307373046875
2026-03-28 12:15:00,8.25,8.25,23.89132,15.641319274902344,15.641319274902344
2026-03-28 12:30:00,7.33,7.33,21.606293,14.276292724609375,14.276292724609375
2026-03-28 12:45:00,6.68,6.68,20.368698,13.688698120117188,13.688698120117188
2026-03-28 13:00:00,7.2,7.2,22.546524,15.346524047851563,15.346524047851563
2026-03-28 13:15:00,5.71,5.71,22.920197,17.210196533203124,17.210196533203124
2026-03-28 13:30:00,6.74,6.74,22.871033,16.131032714843748,16.131032714843748
2026-03-28 13:45:00,8.56,8.56,23.219505,14.659505310058593,14.659505310058593
2026-03-28 14:00:00,6.4,6.4,23.336296,16.93629608154297,16.93629608154297
2026-03-28 14:15:00,6.7,6.7,23.3833,16.68330078125,16.68330078125
2026-03-28 14:30:00,8.55,8.55,25.04953,16.499530029296874,16.499530029296874
2026-03-28 14:45:00,9.99,9.99,27.263268,17.27326751708984,17.27326751708984
2026-03-28 15:00:00,5.0,5.0,25.817429,20.817428588867188,20.817428588867188
2026-03-28 15:15:00,5.5,5.5,25.604637,20.104637145996094,20.104637145996094
2026-03-28 15:30:00,9.69,9.69,27.671516,17.981516418457034,17.981516418457034
2026-03-28 15:45:00,17.79,17.79,34.002953,16.212952575683595,16.212952575683595
2026-03-28 16:00:00,21.12,21.12,34.028587,12.908587341308593,12.908587341308593
2026-03-28 16:15:00,35.42,35.42,47.481186,12.061185913085936,12.061185913085936
2026-03-28 16:30:00,60.19,60.19,57.40554,2.784459533691404,-2.784459533691404
2026-03-28 16:45:00,78.83,78.83,86.729324,7.899324340820314,7.899324340820314
2026-03-28 17:00:00,55.72,55.72,80.53524,24.815240173339845,24.815240173339845
2026-03-28 17:15:00,68.71,68.71,89.39633,20.68633178710938,20.68633178710938
2026-03-28 17:30:00,96.57,96.57,108.97091,12.40090911865235,12.40090911865235
2026-03-28 17:45:00,188.97,188.97,133.81004,55.15995666503906,-55.15995666503906
2026-03-28 18:00:00,114.0,114.0,111.3123,2.6876983642578125,-2.6876983642578125
2026-03-28 18:15:00,370.18,370.18,155.68323,214.4967724609375,-214.4967724609375
2026-03-28 18:30:00,139.0,139.0,261.40155,122.40155029296875,122.40155029296875
2026-03-28 18:45:00,250.08,250.08,160.38275,89.69724853515626,-89.69724853515626
2026-03-28 19:00:00,189.19,189.19,199.19373,10.003725585937502,10.003725585937502
2026-03-28 19:15:00,234.21,234.21,232.31635,1.893654785156258,-1.893654785156258
2026-03-28 19:30:00,252.07,252.07,227.74683,24.323173828124993,-24.323173828124993
2026-03-28 19:45:00,245.05,245.05,233.5874,11.462597656250011,-11.462597656250011
2026-03-28 20:00:00,300.01,300.01,230.02403,69.98596740722655,-69.98596740722655
2026-03-28 20:15:00,250.08,250.08,260.58466,10.504655761718737,10.504655761718737
2026-03-28 20:30:00,245.04,245.04,240.82578,4.214224853515617,-4.214224853515617
2026-03-28 20:45:00,165.63,165.63,229.36395,63.733952636718755,63.733952636718755
2026-03-28 21:00:00,300.07,300.07,203.0662,97.00380737304687,-97.00380737304687
2026-03-28 21:15:00,250.06,250.06,238.9054,11.154604492187502,-11.154604492187502
2026-03-28 21:30:00,230.69,230.69,237.92297,7.232973632812502,7.232973632812502
2026-03-28 21:45:00,164.21,164.21,213.64273,49.43273071289062,49.43273071289062
2026-03-28 22:00:00,187.48,187.48,204.297,16.81699707031251,16.81699707031251
2026-03-28 22:15:00,132.89,132.89,184.02069,51.130690917968764,51.130690917968764
2026-03-28 22:30:00,129.49,129.49,140.74527,11.255269775390616,11.255269775390616
2026-03-28 22:45:00,125.9,125.9,130.97696,5.076959228515619,5.076959228515619
2026-03-28 23:00:00,129.29,129.29,152.15561,22.865609130859383,22.865609130859383
2026-03-28 23:15:00,129.32,129.32,138.21625,8.896247558593757,8.896247558593757
2026-03-28 23:30:00,188.94,188.94,131.6658,57.27419799804687,-57.27419799804687
2026-03-28 23:45:00,164.2,164.2,172.8284,8.628399658203136,8.628399658203136
2026-03-29 00:00:00,129.29,129.29,154.88339,25.593392333984383,25.593392333984383
2026-03-29 00:15:00,129.32,129.32,137.65865,8.33864562988282,8.33864562988282
2026-03-29 00:30:00,188.94,188.94,134.33623,54.60377258300781,-54.60377258300781
2026-03-29 00:45:00,164.2,164.2,173.06702,8.867016601562511,8.867016601562511
2026-03-29 01:00:00,164.2,164.2,153.53331,10.666690063476551,-10.666690063476551
2026-03-29 01:15:00,118.05,118.05,154.29787,36.247866821289065,36.247866821289065
2026-03-29 01:30:00,120.92,120.92,116.30372,4.6162814331054705,-4.6162814331054705
2026-03-29 01:45:00,109.35,109.35,122.1773,12.827299499511724,12.827299499511724
2026-03-29 02:00:00,125.88,125.88,130.22212,4.342122192382817,4.342122192382817
2026-03-29 02:15:00,120.23,120.23,117.98832,2.2416806030273477,-2.2416806030273477
2026-03-29 02:30:00,109.17,109.17,114.62084,5.450841979980467,5.450841979980467
2026-03-29 02:45:00,106.56,106.56,111.82278,5.2627767944335915,5.2627767944335915
2026-03-29 04:00:00,112.65,112.65,126.55121,13.901208496093744,13.901208496093744
2026-03-29 04:15:00,108.23,108.23,118.62227,10.392268676757809,10.392268676757809
2026-03-29 04:30:00,107.1,107.1,115.955635,8.855635070800787,8.855635070800787
2026-03-29 04:45:00,107.29,107.29,106.28611,1.0038900756836,-1.0038900756836
2026-03-29 05:00:00,104.02,104.02,120.7258,16.70579956054688,16.70579956054688
2026-03-29 05:15:00,104.27,104.27,112.21027,7.940273742675785,7.940273742675785
2026-03-29 05:30:00,106.14,106.14,107.95401,1.8140100097656244,1.8140100097656244
2026-03-29 05:45:00,105.97,105.97,109.47332,3.50332000732422,3.50332000732422
2026-03-29 06:00:00,115.62,115.62,117.08052,1.460520629882808,1.460520629882808
2026-03-29 06:15:00,109.21,109.21,119.611496,10.401495971679694,10.401495971679694
2026-03-29 06:30:00,109.8,109.8,113.660286,3.860285949707034,3.860285949707034
2026-03-29 06:45:00,109.99,109.99,115.40513,5.415128479003911,5.415128479003911
2026-03-29 07:00:00,108.39,108.39,122.45098,14.060981140136718,14.060981140136718
2026-03-29 07:15:00,109.74,109.74,119.94036,10.200361022949224,10.200361022949224
2026-03-29 07:30:00,108.4,108.4,119.23934,10.839341735839838,10.839341735839838
2026-03-29 07:45:00,108.09,108.09,118.86642,10.77641693115234,10.77641693115234
2026-03-29 08:00:00,179.5,179.5,121.62341,57.8765869140625,-57.8765869140625
2026-03-29 08:15:00,105.3,105.3,142.36908,37.06907958984375,37.06907958984375
2026-03-29 08:30:00,113.59,113.59,102.049706,11.54029449462891,-11.54029449462891
2026-03-29 08:45:00,117.8,117.8,115.9603,1.8397033691406222,-1.8397033691406222
2026-03-29 09:00:00,119.67,119.67,119.703896,0.033895568847654545,0.033895568847654545
2026-03-29 09:15:00,104.87,104.87,115.557365,10.687365417480464,10.687365417480464
2026-03-29 09:30:00,103.1,103.1,95.95939,7.140611267089838,-7.140611267089838
2026-03-29 09:45:00,102.46,102.46,98.093254,4.366745910644525,-4.366745910644525
2026-03-29 10:00:00,109.69,109.69,102.94245,6.7475485229492165,-6.7475485229492165
2026-03-29 10:15:00,112.95,112.95,97.51036,15.439639282226565,-15.439639282226565
2026-03-29 10:30:00,98.23,98.23,98.30395,0.07394744873046477,0.07394744873046477
2026-03-29 10:45:00,79.14,79.14,88.60166,9.461661682128906,9.461661682128906
2026-03-29 11:00:00,61.37,61.37,84.24811,22.878107910156253,22.878107910156253
2026-03-29 11:15:00,54.98,54.98,68.36667,13.386668701171878,13.386668701171878
2026-03-29 11:30:00,48.35,48.35,58.22972,9.879721069335936,9.879721069335936
2026-03-29 11:45:00,43.74,43.74,51.619896,7.879895935058592,7.879895935058592
2026-03-29 12:00:00,53.44,53.44,51.67131,1.7686895751953102,-1.7686895751953102
2026-03-29 12:15:00,47.07,47.07,54.212532,7.142532043457031,7.142532043457031
2026-03-29 12:30:00,43.7,43.7,51.759705,8.059704589843747,8.059704589843747
2026-03-29 12:45:00,26.88,26.88,47.801414,20.921414489746095,20.921414489746095
2026-03-29 13:00:00,44.08,44.08,43.33188,0.7481213378906233,-0.7481213378906233
2026-03-29 13:15:00,32.51,32.51,47.751488,15.241487731933596,15.241487731933596
2026-03-29 13:30:00,23.29,23.29,44.354294,21.06429382324219,21.06429382324219
2026-03-29 13:45:00,10.05,10.05,34.857567,24.807566833496093,24.807566833496093
2026-03-29 14:00:00,24.86,24.86,31.016548,6.156548156738282,6.156548156738282
2026-03-29 14:15:00,11.65,11.65,36.465866,24.81586608886719,24.81586608886719
2026-03-29 14:30:00,8.24,8.24,28.465218,20.22521759033203,20.22521759033203
2026-03-29 14:45:00,6.06,6.06,25.597801,19.537801208496095,19.537801208496095
2026-03-29 15:00:00,23.92,23.92,24.56392,0.6439190673828108,0.6439190673828108
2026-03-29 15:15:00,14.45,14.45,36.99765,22.547650146484376,22.547650146484376
2026-03-29 15:30:00,8.26,8.26,34.866936,26.60693572998047,26.60693572998047
2026-03-29 15:45:00,8.73,8.73,33.745712,25.015712280273437,25.015712280273437
2026-03-29 16:00:00,8.84,8.84,29.164085,20.324085388183594,20.324085388183594
2026-03-29 16:15:00,9.53,9.53,31.655304,22.125303955078124,22.125303955078124
2026-03-29 16:30:00,9.99,9.99,32.771408,22.781408081054686,22.781408081054686
2026-03-29 16:45:00,9.96,9.96,35.838104,25.878104248046874,25.878104248046874
2026-03-29 17:00:00,8.93,8.93,32.881836,23.9518359375,23.9518359375
2026-03-29 17:15:00,10.35,10.35,36.71495,26.364950561523436,26.364950561523436
2026-03-29 17:30:00,10.38,10.38,39.17527,28.795270080566404,28.795270080566404
2026-03-29 17:45:00,11.07,11.07,40.58529,29.515289001464843,29.515289001464843
2026-03-29 18:00:00,9.57,9.57,33.426132,23.856132202148437,23.856132202148437
2026-03-29 18:15:00,25.5,25.5,39.375717,13.875717163085938,13.875717163085938
2026-03-29 18:30:00,13.85,13.85,50.286736,36.43673553466797,36.43673553466797
2026-03-29 18:45:00,27.67,27.67,42.323677,14.65367706298828,14.65367706298828
2026-03-29 19:00:00,15.27,15.27,51.32347,36.05347106933594,36.05347106933594
2026-03-29 19:15:00,50.64,50.64,48.81452,1.8254782104492193,-1.8254782104492193
2026-03-29 19:30:00,111.9,111.9,79.49295,32.40704956054688,-32.40704956054688
2026-03-29 19:45:00,168.87,168.87,133.9205,34.94949829101563,-34.94949829101563
2026-03-29 20:00:00,102.69,102.69,98.10424,4.585759582519529,-4.585759582519529
2026-03-29 20:15:00,107.35,107.35,123.201126,15.851126098632818,15.851126098632818
2026-03-29 20:30:00,116.9,116.9,128.19823,11.298226928710932,11.298226928710932
2026-03-29 20:45:00,133.06,133.06,137.99509,4.935086669921873,4.935086669921873
2026-03-29 21:00:00,136.82,136.82,133.51123,3.308769531249993,-3.308769531249993
2026-03-29 21:15:00,144.22,144.22,131.77426,12.445738525390624,-12.445738525390624
2026-03-29 21:30:00,153.63,153.63,135.57181,18.05819213867187,-18.05819213867187
2026-03-29 21:45:00,158.37,158.37,143.12166,15.248341674804692,-15.248341674804692
2026-03-29 22:00:00,156.78,156.78,158.2682,1.4882037353515614,1.4882037353515614
2026-03-29 22:15:00,147.69,147.69,153.65085,5.960848388671877,5.960848388671877
2026-03-29 22:30:00,105.61,105.61,141.41556,35.805557861328126,35.805557861328126
2026-03-29 22:45:00,69.93,69.93,113.88167,43.951668090820306,43.951668090820306
2026-03-29 23:00:00,152.55,152.55,103.774086,48.775914001464855,-48.775914001464855
2026-03-29 23:15:00,132.56,132.56,129.22125,3.3387475585937523,-3.3387475585937523
2026-03-29 23:30:00,123.76,123.76,119.90366,3.856336364746099,-3.856336364746099
2026-03-29 23:45:00,73.15,73.15,114.62535,41.47535095214843,41.47535095214843
2026-03-30 00:00:00,146.8,146.8,101.71055,45.089451599121105,-45.089451599121105
