"MTU (UTC)","Area","Sequence","Day-ahead Price (EUR/MWh)","Intraday Period (UTC)","Intraday Price (EUR/MWh)"
"01/01/2021 00:00:00 - 01/01/2021 01:00:00","BZN|SE4","Without Sequence","24.35","",""
"01/01/2021 01:00:00 - 01/01/2021 02:00:00","BZN|SE4","Without Sequence","23.98","",""
"01/01/2021 02:00:00 - 01/01/2021 03:00:00","BZN|SE4","Without Sequence","23.72","",""
"01/01/2021 03:00:00 - 01/01/2021 04:00:00","BZN|SE4","Without Sequence","23.73","",""
"01/01/2021 04:00:00 - 01/01/2021 05:00:00","BZN|SE4","Without Sequence","24.06","",""
"01/01/2021 05:00:00 - 01/01/2021 06:00:00","BZN|SE4","Without Sequence","24.44","",""
"01/01/2021 06:00:00 - 01/01/2021 07:00:00","BZN|SE4","Without Sequence","24.93","",""
"01/01/2021 07:00:00 - 01/01/2021 08:00:00","BZN|SE4","Without Sequence","24.90","",""
"01/01/2021 08:00:00 - 01/01/2021 09:00:00","BZN|SE4","Without Sequence","25.07","",""
"01/01/2021 09:00:00 - 01/01/2021 10:00:00","BZN|SE4","Without Sequence","30.02","",""
"01/01/2021 10:00:00 - 01/01/2021 11:00:00","BZN|SE4","Without Sequence","37.14","",""
"01/01/2021 11:00:00 - 01/01/2021 12:00:00","BZN|SE4","Without Sequence","39.05","",""
"01/01/2021 12:00:00 - 01/01/2021 13:00:00","BZN|SE4","Without Sequence","40.59","",""
"01/01/2021 13:00:00 - 01/01/2021 14:00:00","BZN|SE4","Without Sequence","40.79","",""
"01/01/2021 14:00:00 - 01/01/2021 15:00:00","BZN|SE4","Without Sequence","45.47","",""
"01/01/2021 15:00:00 - 01/01/2021 16:00:00","BZN|SE4","Without Sequence","51.72","",""
"01/01/2021 16:00:00 - 01/01/2021 17:00:00","BZN|SE4","Without Sequence","55.39","",""
"01/01/2021 17:00:00 - 01/01/2021 18:00:00","BZN|SE4","Without Sequence","53.01","",""
"01/01/2021 18:00:00 - 01/01/2021 19:00:00","BZN|SE4","Without Sequence","55.74","",""
"01/01/2021 19:00:00 - 01/01/2021 20:00:00","BZN|SE4","Without Sequence","54.94","",""
"01/01/2021 20:00:00 - 01/01/2021 21:00:00","BZN|SE4","Without Sequence","50.82","",""
"01/01/2021 21:00:00 - 01/01/2021 22:00:00","BZN|SE4","Without Sequence","45.22","",""
"01/01/2021 22:00:00 - 01/01/2021 23:00:00","BZN|SE4","Without Sequence","25.64","",""
"01/01/2021 23:00:00 - 02/01/2021 00:00:00","BZN|SE4","Without Sequence","25.59","",""
"02/01/2021 00:00:00 - 02/01/2021 01:00:00","BZN|SE4","Without Sequence","24.91","",""
"02/01/2021 01:00:00 - 02/01/2021 02:00:00","BZN|SE4","Without Sequence","24.74","",""
"02/01/2021 02:00:00 - 02/01/2021 03:00:00","BZN|SE4","Without Sequence","24.66","",""
"02/01/2021 03:00:00 - 02/01/2021 04:00:00","BZN|SE4","Without Sequence","24.72","",""
"02/01/2021 04:00:00 - 02/01/2021 05:00:00","BZN|SE4","Without Sequence","24.92","",""
"02/01/2021 05:00:00 - 02/01/2021 06:00:00","BZN|SE4","Without Sequence","30.05","",""
"02/01/2021 06:00:00 - 02/01/2021 07:00:00","BZN|SE4","Without Sequence","26.19","",""
"02/01/2021 07:00:00 - 02/01/2021 08:00:00","BZN|SE4","Without Sequence","43.30","",""
"02/01/2021 08:00:00 - 02/01/2021 09:00:00","BZN|SE4","Without Sequence","47.85","",""
"02/01/2021 09:00:00 - 02/01/2021 10:00:00","BZN|SE4","Without Sequence","50.75","",""
"02/01/2021 10:00:00 - 02/01/2021 11:00:00","BZN|SE4","Without Sequence","50.90","",""
"02/01/2021 11:00:00 - 02/01/2021 12:00:00","BZN|SE4","Without Sequence","53.75","",""
"02/01/2021 12:00:00 - 02/01/2021 13:00:00","BZN|SE4","Without Sequence","50.75","",""
"02/01/2021 13:00:00 - 02/01/2021 14:00:00","BZN|SE4","Without Sequence","49.48","",""
"02/01/2021 14:00:00 - 02/01/2021 15:00:00","BZN|SE4","Without Sequence","52.16","",""
"02/01/2021 15:00:00 - 02/01/2021 16:00:00","BZN|SE4","Without Sequence","58.88","",""
"02/01/2021 16:00:00 - 02/01/2021 17:00:00","BZN|SE4","Without Sequence","60.51","",""
"02/01/2021 17:00:00 - 02/01/2021 18:00:00","BZN|SE4","Without Sequence","61.56","",""
"02/01/2021 18:00:00 - 02/01/2021 19:00:00","BZN|SE4","Without Sequence","56.17","",""
"02/01/2021 19:00:00 - 02/01/2021 20:00:00","BZN|SE4","Without Sequence","55.01","",""
"02/01/2021 20:00:00 - 02/01/2021 21:00:00","BZN|SE4","Without Sequence","52.60","",""
"02/01/2021 21:00:00 - 02/01/2021 22:00:00","BZN|SE4","Without Sequence","47.13","",""
"02/01/2021 22:00:00 - 02/01/2021 23:00:00","BZN|SE4","Without Sequence","39.56","",""
"02/01/2021 23:00:00 - 03/01/2021 00:00:00","BZN|SE4","Without Sequence","25.27","",""
"03/01/2021 00:00:00 - 03/01/2021 01:00:00","BZN|SE4","Without Sequence","24.59","",""
"03/01/2021 01:00:00 - 03/01/2021 02:00:00","BZN|SE4","Without Sequence","23.86","",""
"03/01/2021 02:00:00 - 03/01/2021 03:00:00","BZN|SE4","Without Sequence","23.57","",""
"03/01/2021 03:00:00 - 03/01/2021 04:00:00","BZN|SE4","Without Sequence","23.49","",""
"03/01/2021 04:00:00 - 03/01/2021 05:00:00","BZN|SE4","Without Sequence","23.85","",""
"03/01/2021 05:00:00 - 03/01/2021 06:00:00","BZN|SE4","Without Sequence","24.05","",""
"03/01/2021 06:00:00 - 03/01/2021 07:00:00","BZN|SE4","Without Sequence","24.80","",""
"03/01/2021 07:00:00 - 03/01/2021 08:00:00","BZN|SE4","Without Sequence","24.97","",""
"03/01/2021 08:00:00 - 03/01/2021 09:00:00","BZN|SE4","Without Sequence","25.65","",""
"03/01/2021 09:00:00 - 03/01/2021 10:00:00","BZN|SE4","Without Sequence","26.00","",""
"03/01/2021 10:00:00 - 03/01/2021 11:00:00","BZN|SE4","Without Sequence","26.89","",""
"03/01/2021 11:00:00 - 03/01/2021 12:00:00","BZN|SE4","Without Sequence","25.87","",""
"03/01/2021 12:00:00 - 03/01/2021 13:00:00","BZN|SE4","Without Sequence","25.83","",""
"03/01/2021 13:00:00 - 03/01/2021 14:00:00","BZN|SE4","Without Sequence","26.02","",""
"03/01/2021 14:00:00 - 03/01/2021 15:00:00","BZN|SE4","Without Sequence","26.50","",""
"03/01/2021 15:00:00 - 03/01/2021 16:00:00","BZN|SE4","Without Sequence","33.27","",""
"03/01/2021 16:00:00 - 03/01/2021 17:00:00","BZN|SE4","Without Sequence","43.96","",""
"03/01/2021 17:00:00 - 03/01/2021 18:00:00","BZN|SE4","Without Sequence","43.35","",""
"03/01/2021 18:00:00 - 03/01/2021 19:00:00","BZN|SE4","Without Sequence","27.92","",""
"03/01/2021 19:00:00 - 03/01/2021 20:00:00","BZN|SE4","Without Sequence","27.56","",""
"03/01/2021 20:00:00 - 03/01/2021 21:00:00","BZN|SE4","Without Sequence","27.04","",""
"03/01/2021 21:00:00 - 03/01/2021 22:00:00","BZN|SE4","Without Sequence","26.18","",""
"03/01/2021 22:00:00 - 03/01/2021 23:00:00","BZN|SE4","Without Sequence","24.92","",""
"03/01/2021 23:00:00 - 04/01/2021 00:00:00","BZN|SE4","Without Sequence","24.66","",""
"04/01/2021 00:00:00 - 04/01/2021 01:00:00","BZN|SE4","Without Sequence","24.05","",""
"04/01/2021 01:00:00 - 04/01/2021 02:00:00","BZN|SE4","Without Sequence","23.88","",""
"04/01/2021 02:00:00 - 04/01/2021 03:00:00","BZN|SE4","Without Sequence","24.03","",""
"04/01/2021 03:00:00 - 04/01/2021 04:00:00","BZN|SE4","Without Sequence","24.58","",""
"04/01/2021 04:00:00 - 04/01/2021 05:00:00","BZN|SE4","Without Sequence","25.84","",""
"04/01/2021 05:00:00 - 04/01/2021 06:00:00","BZN|SE4","Without Sequence","28.21","",""
"04/01/2021 06:00:00 - 04/01/2021 07:00:00","BZN|SE4","Without Sequence","49.76","",""
"04/01/2021 07:00:00 - 04/01/2021 08:00:00","BZN|SE4","Without Sequence","54.42","",""
"04/01/2021 08:00:00 - 04/01/2021 09:00:00","BZN|SE4","Without Sequence","55.69","",""
"04/01/2021 09:00:00 - 04/01/2021 10:00:00","BZN|SE4","Without Sequence","55.80","",""
"04/01/2021 10:00:00 - 04/01/2021 11:00:00","BZN|SE4","Without Sequence","58.27","",""
"04/01/2021 11:00:00 - 04/01/2021 12:00:00","BZN|SE4","Without Sequence","57.52","",""
"04/01/2021 12:00:00 - 04/01/2021 13:00:00","BZN|SE4","Without Sequence","56.53","",""
"04/01/2021 13:00:00 - 04/01/2021 14:00:00","BZN|SE4","Without Sequence","57.99","",""
"04/01/2021 14:00:00 - 04/01/2021 15:00:00","BZN|SE4","Without Sequence","58.03","",""
"04/01/2021 15:00:00 - 04/01/2021 16:00:00","BZN|SE4","Without Sequence","60.50","",""
"04/01/2021 16:00:00 - 04/01/2021 17:00:00","BZN|SE4","Without Sequence","65.22","",""
"04/01/2021 17:00:00 - 04/01/2021 18:00:00","BZN|SE4","Without Sequence","60.05","",""
"04/01/2021 18:00:00 - 04/01/2021 19:00:00","BZN|SE4","Without Sequence","53.73","",""
"04/01/2021 19:00:00 - 04/01/2021 20:00:00","BZN|SE4","Without Sequence","37.68","",""
"04/01/2021 20:00:00 - 04/01/2021 21:00:00","BZN|SE4","Without Sequence","38.49","",""
"04/01/2021 21:00:00 - 04/01/2021 22:00:00","BZN|SE4","Without Sequence","30.95","",""
"04/01/2021 22:00:00 - 04/01/2021 23:00:00","BZN|SE4","Without Sequence","27.35","",""
"04/01/2021 23:00:00 - 05/01/2021 00:00:00","BZN|SE4","Without Sequence","27.81","",""
"05/01/2021 00:00:00 - 05/01/2021 01:00:00","BZN|SE4","Without Sequence","27.45","",""
"05/01/2021 01:00:00 - 05/01/2021 02:00:00","BZN|SE4","Without Sequence","27.08","",""
"05/01/2021 02:00:00 - 05/01/2021 03:00:00","BZN|SE4","Without Sequence","27.14","",""
"05/01/2021 03:00:00 - 05/01/2021 04:00:00","BZN|SE4","Without Sequence","27.79","",""
"05/01/2021 04:00:00 - 05/01/2021 05:00:00","BZN|SE4","Without Sequence","29.81","",""
"05/01/2021 05:00:00 - 05/01/2021 06:00:00","BZN|SE4","Without Sequence","35.78","",""
"05/01/2021 06:00:00 - 05/01/2021 07:00:00","BZN|SE4","Without Sequence","53.64","",""
"05/01/2021 07:00:00 - 05/01/2021 08:00:00","BZN|SE4","Without Sequence","60.00","",""
"05/01/2021 08:00:00 - 05/01/2021 09:00:00","BZN|SE4","Without Sequence","60.12","",""
"05/01/2021 09:00:00 - 05/01/2021 10:00:00","BZN|SE4","Without Sequence","61.18","",""
"05/01/2021 10:00:00 - 05/01/2021 11:00:00","BZN|SE4","Without Sequence","62.46","",""
"05/01/2021 11:00:00 - 05/01/2021 12:00:00","BZN|SE4","Without Sequence","61.48","",""
"05/01/2021 12:00:00 - 05/01/2021 13:00:00","BZN|SE4","Without Sequence","62.29","",""
"05/01/2021 13:00:00 - 05/01/2021 14:00:00","BZN|SE4","Without Sequence","62.04","",""
"05/01/2021 14:00:00 - 05/01/2021 15:00:00","BZN|SE4","Without Sequence","62.51","",""
"05/01/2021 15:00:00 - 05/01/2021 16:00:00","BZN|SE4","Without Sequence","64.26","",""
"05/01/2021 16:00:00 - 05/01/2021 17:00:00","BZN|SE4","Without Sequence","65.60","",""
"05/01/2021 17:00:00 - 05/01/2021 18:00:00","BZN|SE4","Without Sequence","60.13","",""
"05/01/2021 18:00:00 - 05/01/2021 19:00:00","BZN|SE4","Without Sequence","54.66","",""
"05/01/2021 19:00:00 - 05/01/2021 20:00:00","BZN|SE4","Without Sequence","40.78","",""
"05/01/2021 20:00:00 - 05/01/2021 21:00:00","BZN|SE4","Without Sequence","39.60","",""
"05/01/2021 21:00:00 - 05/01/2021 22:00:00","BZN|SE4","Without Sequence","32.06","",""
"05/01/2021 22:00:00 - 05/01/2021 23:00:00","BZN|SE4","Without Sequence","29.21","",""
"05/01/2021 23:00:00 - 06/01/2021 00:00:00","BZN|SE4","Without Sequence","29.83","",""
"06/01/2021 00:00:00 - 06/01/2021 01:00:00","BZN|SE4","Without Sequence","28.72","",""
"06/01/2021 01:00:00 - 06/01/2021 02:00:00","BZN|SE4","Without Sequence","28.11","",""
"06/01/2021 02:00:00 - 06/01/2021 03:00:00","BZN|SE4","Without Sequence","27.98","",""
"06/01/2021 03:00:00 - 06/01/2021 04:00:00","BZN|SE4","Without Sequence","28.16","",""
"06/01/2021 04:00:00 - 06/01/2021 05:00:00","BZN|SE4","Without Sequence","29.00","",""
"06/01/2021 05:00:00 - 06/01/2021 06:00:00","BZN|SE4","Without Sequence","30.72","",""
"06/01/2021 06:00:00 - 06/01/2021 07:00:00","BZN|SE4","Without Sequence","35.54","",""
"06/01/2021 07:00:00 - 06/01/2021 08:00:00","BZN|SE4","Without Sequence","39.18","",""
"06/01/2021 08:00:00 - 06/01/2021 09:00:00","BZN|SE4","Without Sequence","41.88","",""
"06/01/2021 09:00:00 - 06/01/2021 10:00:00","BZN|SE4","Without Sequence","46.07","",""
"06/01/2021 10:00:00 - 06/01/2021 11:00:00","BZN|SE4","Without Sequence","45.27","",""
"06/01/2021 11:00:00 - 06/01/2021 12:00:00","BZN|SE4","Without Sequence","46.21","",""
"06/01/2021 12:00:00 - 06/01/2021 13:00:00","BZN|SE4","Without Sequence","47.35","",""
"06/01/2021 13:00:00 - 06/01/2021 14:00:00","BZN|SE4","Without Sequence","51.31","",""
"06/01/2021 14:00:00 - 06/01/2021 15:00:00","BZN|SE4","Without Sequence","54.90","",""
"06/01/2021 15:00:00 - 06/01/2021 16:00:00","BZN|SE4","Without Sequence","58.40","",""
"06/01/2021 16:00:00 - 06/01/2021 17:00:00","BZN|SE4","Without Sequence","59.93","",""
"06/01/2021 17:00:00 - 06/01/2021 18:00:00","BZN|SE4","Without Sequence","55.67","",""
"06/01/2021 18:00:00 - 06/01/2021 19:00:00","BZN|SE4","Without Sequence","50.25","",""
"06/01/2021 19:00:00 - 06/01/2021 20:00:00","BZN|SE4","Without Sequence","39.84","",""
"06/01/2021 20:00:00 - 06/01/2021 21:00:00","BZN|SE4","Without Sequence","39.93","",""
"06/01/2021 21:00:00 - 06/01/2021 22:00:00","BZN|SE4","Without Sequence","38.70","",""
"06/01/2021 22:00:00 - 06/01/2021 23:00:00","BZN|SE4","Without Sequence","32.50","",""
"06/01/2021 23:00:00 - 07/01/2021 00:00:00","BZN|SE4","Without Sequence","43.08","",""
"07/01/2021 00:00:00 - 07/01/2021 01:00:00","BZN|SE4","Without Sequence","40.90","",""
"07/01/2021 01:00:00 - 07/01/2021 02:00:00","BZN|SE4","Without Sequence","39.19","",""
"07/01/2021 02:00:00 - 07/01/2021 03:00:00","BZN|SE4","Without Sequence","39.78","",""
"07/01/2021 03:00:00 - 07/01/2021 04:00:00","BZN|SE4","Without Sequence","41.28","",""
"07/01/2021 04:00:00 - 07/01/2021 05:00:00","BZN|SE4","Without Sequence","45.54","",""
"07/01/2021 05:00:00 - 07/01/2021 06:00:00","BZN|SE4","Without Sequence","55.97","",""
"07/01/2021 06:00:00 - 07/01/2021 07:00:00","BZN|SE4","Without Sequence","67.80","",""
"07/01/2021 07:00:00 - 07/01/2021 08:00:00","BZN|SE4","Without Sequence","84.43","",""
"07/01/2021 08:00:00 - 07/01/2021 09:00:00","BZN|SE4","Without Sequence","83.86","",""
"07/01/2021 09:00:00 - 07/01/2021 10:00:00","BZN|SE4","Without Sequence","82.44","",""
"07/01/2021 10:00:00 - 07/01/2021 11:00:00","BZN|SE4","Without Sequence","85.99","",""
"07/01/2021 11:00:00 - 07/01/2021 12:00:00","BZN|SE4","Without Sequence","84.71","",""
"07/01/2021 12:00:00 - 07/01/2021 13:00:00","BZN|SE4","Without Sequence","82.29","",""
"07/01/2021 13:00:00 - 07/01/2021 14:00:00","BZN|SE4","Without Sequence","78.62","",""
"07/01/2021 14:00:00 - 07/01/2021 15:00:00","BZN|SE4","Without Sequence","81.57","",""
"07/01/2021 15:00:00 - 07/01/2021 16:00:00","BZN|SE4","Without Sequence","89.68","",""
"07/01/2021 16:00:00 - 07/01/2021 17:00:00","BZN|SE4","Without Sequence","99.91","",""
"07/01/2021 17:00:00 - 07/01/2021 18:00:00","BZN|SE4","Without Sequence","84.62","",""
"07/01/2021 18:00:00 - 07/01/2021 19:00:00","BZN|SE4","Without Sequence","77.79","",""
"07/01/2021 19:00:00 - 07/01/2021 20:00:00","BZN|SE4","Without Sequence","65.20","",""
"07/01/2021 20:00:00 - 07/01/2021 21:00:00","BZN|SE4","Without Sequence","59.33","",""
"07/01/2021 21:00:00 - 07/01/2021 22:00:00","BZN|SE4","Without Sequence","58.26","",""
"07/01/2021 22:00:00 - 07/01/2021 23:00:00","BZN|SE4","Without Sequence","50.99","",""
"07/01/2021 23:00:00 - 08/01/2021 00:00:00","BZN|SE4","Without Sequence","49.31","",""
"08/01/2021 00:00:00 - 08/01/2021 01:00:00","BZN|SE4","Without Sequence","47.38","",""
"08/01/2021 01:00:00 - 08/01/2021 02:00:00","BZN|SE4","Without Sequence","45.78","",""
"08/01/2021 02:00:00 - 08/01/2021 03:00:00","BZN|SE4","Without Sequence","44.51","",""
"08/01/2021 03:00:00 - 08/01/2021 04:00:00","BZN|SE4","Without Sequence","45.69","",""
"08/01/2021 04:00:00 - 08/01/2021 05:00:00","BZN|SE4","Without Sequence","50.33","",""
"08/01/2021 05:00:00 - 08/01/2021 06:00:00","BZN|SE4","Without Sequence","59.71","",""
"08/01/2021 06:00:00 - 08/01/2021 07:00:00","BZN|SE4","Without Sequence","79.56","",""
"08/01/2021 07:00:00 - 08/01/2021 08:00:00","BZN|SE4","Without Sequence","103.54","",""
"08/01/2021 08:00:00 - 08/01/2021 09:00:00","BZN|SE4","Without Sequence","107.80","",""
"08/01/2021 09:00:00 - 08/01/2021 10:00:00","BZN|SE4","Without Sequence","107.32","",""
"08/01/2021 10:00:00 - 08/01/2021 11:00:00","BZN|SE4","Without Sequence","104.26","",""
"08/01/2021 11:00:00 - 08/01/2021 12:00:00","BZN|SE4","Without Sequence","99.91","",""
"08/01/2021 12:00:00 - 08/01/2021 13:00:00","BZN|SE4","Without Sequence","95.27","",""
"08/01/2021 13:00:00 - 08/01/2021 14:00:00","BZN|SE4","Without Sequence","92.72","",""
"08/01/2021 14:00:00 - 08/01/2021 15:00:00","BZN|SE4","Without Sequence","95.42","",""
"08/01/2021 15:00:00 - 08/01/2021 16:00:00","BZN|SE4","Without Sequence","95.00","",""
"08/01/2021 16:00:00 - 08/01/2021 17:00:00","BZN|SE4","Without Sequence","110.00","",""
"08/01/2021 17:00:00 - 08/01/2021 18:00:00","BZN|SE4","Without Sequence","99.95","",""
"08/01/2021 18:00:00 - 08/01/2021 19:00:00","BZN|SE4","Without Sequence","80.12","",""
"08/01/2021 19:00:00 - 08/01/2021 20:00:00","BZN|SE4","Without Sequence","61.48","",""
"08/01/2021 20:00:00 - 08/01/2021 21:00:00","BZN|SE4","Without Sequence","59.43","",""
"08/01/2021 21:00:00 - 08/01/2021 22:00:00","BZN|SE4","Without Sequence","56.22","",""
"08/01/2021 22:00:00 - 08/01/2021 23:00:00","BZN|SE4","Without Sequence","50.48","",""
"08/01/2021 23:00:00 - 09/01/2021 00:00:00","BZN|SE4","Without Sequence","47.58","",""
"09/01/2021 00:00:00 - 09/01/2021 01:00:00","BZN|SE4","Without Sequence","47.04","",""
"09/01/2021 01:00:00 - 09/01/2021 02:00:00","BZN|SE4","Without Sequence","46.48","",""
"09/01/2021 02:00:00 - 09/01/2021 03:00:00","BZN|SE4","Without Sequence","47.67","",""
"09/01/2021 03:00:00 - 09/01/2021 04:00:00","BZN|SE4","Without Sequence","48.04","",""
"09/01/2021 04:00:00 - 09/01/2021 05:00:00","BZN|SE4","Without Sequence","47.77","",""
"09/01/2021 05:00:00 - 09/01/2021 06:00:00","BZN|SE4","Without Sequence","48.26","",""
"09/01/2021 06:00:00 - 09/01/2021 07:00:00","BZN|SE4","Without Sequence","52.16","",""
"09/01/2021 07:00:00 - 09/01/2021 08:00:00","BZN|SE4","Without Sequence","58.36","",""
"09/01/2021 08:00:00 - 09/01/2021 09:00:00","BZN|SE4","Without Sequence","64.68","",""
"09/01/2021 09:00:00 - 09/01/2021 10:00:00","BZN|SE4","Without Sequence","65.61","",""
"09/01/2021 10:00:00 - 09/01/2021 11:00:00","BZN|SE4","Without Sequence","65.89","",""
"09/01/2021 11:00:00 - 09/01/2021 12:00:00","BZN|SE4","Without Sequence","65.22","",""
"09/01/2021 12:00:00 - 09/01/2021 13:00:00","BZN|SE4","Without Sequence","61.03","",""
"09/01/2021 13:00:00 - 09/01/2021 14:00:00","BZN|SE4","Without Sequence","59.75","",""
"09/01/2021 14:00:00 - 09/01/2021 15:00:00","BZN|SE4","Without Sequence","60.00","",""
"09/01/2021 15:00:00 - 09/01/2021 16:00:00","BZN|SE4","Without Sequence","62.78","",""
"09/01/2021 16:00:00 - 09/01/2021 17:00:00","BZN|SE4","Without Sequence","69.92","",""
"09/01/2021 17:00:00 - 09/01/2021 18:00:00","BZN|SE4","Without Sequence","70.26","",""
"09/01/2021 18:00:00 - 09/01/2021 19:00:00","BZN|SE4","Without Sequence","67.30","",""
"09/01/2021 19:00:00 - 09/01/2021 20:00:00","BZN|SE4","Without Sequence","61.16","",""
"09/01/2021 20:00:00 - 09/01/2021 21:00:00","BZN|SE4","Without Sequence","55.19","",""
"09/01/2021 21:00:00 - 09/01/2021 22:00:00","BZN|SE4","Without Sequence","43.47","",""
"09/01/2021 22:00:00 - 09/01/2021 23:00:00","BZN|SE4","Without Sequence","36.64","",""
"09/01/2021 23:00:00 - 10/01/2021 00:00:00","BZN|SE4","Without Sequence","38.84","",""
"10/01/2021 00:00:00 - 10/01/2021 01:00:00","BZN|SE4","Without Sequence","35.97","",""
"10/01/2021 01:00:00 - 10/01/2021 02:00:00","BZN|SE4","Without Sequence","34.35","",""
"10/01/2021 02:00:00 - 10/01/2021 03:00:00","BZN|SE4","Without Sequence","33.87","",""
"10/01/2021 03:00:00 - 10/01/2021 04:00:00","BZN|SE4","Without Sequence","33.84","",""
"10/01/2021 04:00:00 - 10/01/2021 05:00:00","BZN|SE4","Without Sequence","34.21","",""
"10/01/2021 05:00:00 - 10/01/2021 06:00:00","BZN|SE4","Without Sequence","34.03","",""
"10/01/2021 06:00:00 - 10/01/2021 07:00:00","BZN|SE4","Without Sequence","37.61","",""
"10/01/2021 07:00:00 - 10/01/2021 08:00:00","BZN|SE4","Without Sequence","39.09","",""
"10/01/2021 08:00:00 - 10/01/2021 09:00:00","BZN|SE4","Without Sequence","40.76","",""
"10/01/2021 09:00:00 - 10/01/2021 10:00:00","BZN|SE4","Without Sequence","44.16","",""
"10/01/2021 10:00:00 - 10/01/2021 11:00:00","BZN|SE4","Without Sequence","46.24","",""
"10/01/2021 11:00:00 - 10/01/2021 12:00:00","BZN|SE4","Without Sequence","44.76","",""
"10/01/2021 12:00:00 - 10/01/2021 13:00:00","BZN|SE4","Without Sequence","44.34","",""
"10/01/2021 13:00:00 - 10/01/2021 14:00:00","BZN|SE4","Without Sequence","45.45","",""
"10/01/2021 14:00:00 - 10/01/2021 15:00:00","BZN|SE4","Without Sequence","48.03","",""
"10/01/2021 15:00:00 - 10/01/2021 16:00:00","BZN|SE4","Without Sequence","55.17","",""
"10/01/2021 16:00:00 - 10/01/2021 17:00:00","BZN|SE4","Without Sequence","59.67","",""
"10/01/2021 17:00:00 - 10/01/2021 18:00:00","BZN|SE4","Without Sequence","56.58","",""
"10/01/2021 18:00:00 - 10/01/2021 19:00:00","BZN|SE4","Without Sequence","55.04","",""
"10/01/2021 19:00:00 - 10/01/2021 20:00:00","BZN|SE4","Without Sequence","48.05","",""
"10/01/2021 20:00:00 - 10/01/2021 21:00:00","BZN|SE4","Without Sequence","44.49","",""
"10/01/2021 21:00:00 - 10/01/2021 22:00:00","BZN|SE4","Without Sequence","40.07","",""
"10/01/2021 22:00:00 - 10/01/2021 23:00:00","BZN|SE4","Without Sequence","35.88","",""
"10/01/2021 23:00:00 - 11/01/2021 00:00:00","BZN|SE4","Without Sequence","40.60","",""
"11/01/2021 00:00:00 - 11/01/2021 01:00:00","BZN|SE4","Without Sequence","39.59","",""
"11/01/2021 01:00:00 - 11/01/2021 02:00:00","BZN|SE4","Without Sequence","37.78","",""
"11/01/2021 02:00:00 - 11/01/2021 03:00:00","BZN|SE4","Without Sequence","35.43","",""
"11/01/2021 03:00:00 - 11/01/2021 04:00:00","BZN|SE4","Without Sequence","37.29","",""
"11/01/2021 04:00:00 - 11/01/2021 05:00:00","BZN|SE4","Without Sequence","41.41","",""
"11/01/2021 05:00:00 - 11/01/2021 06:00:00","BZN|SE4","Without Sequence","42.78","",""
"11/01/2021 06:00:00 - 11/01/2021 07:00:00","BZN|SE4","Without Sequence","60.24","",""
"11/01/2021 07:00:00 - 11/01/2021 08:00:00","BZN|SE4","Without Sequence","60.42","",""
"11/01/2021 08:00:00 - 11/01/2021 09:00:00","BZN|SE4","Without Sequence","49.62","",""
"11/01/2021 09:00:00 - 11/01/2021 10:00:00","BZN|SE4","Without Sequence","47.57","",""
"11/01/2021 10:00:00 - 11/01/2021 11:00:00","BZN|SE4","Without Sequence","44.64","",""
"11/01/2021 11:00:00 - 11/01/2021 12:00:00","BZN|SE4","Without Sequence","43.33","",""
"11/01/2021 12:00:00 - 11/01/2021 13:00:00","BZN|SE4","Without Sequence","42.61","",""
"11/01/2021 13:00:00 - 11/01/2021 14:00:00","BZN|SE4","Without Sequence","42.05","",""
"11/01/2021 14:00:00 - 11/01/2021 15:00:00","BZN|SE4","Without Sequence","42.31","",""
"11/01/2021 15:00:00 - 11/01/2021 16:00:00","BZN|SE4","Without Sequence","43.28","",""
"11/01/2021 16:00:00 - 11/01/2021 17:00:00","BZN|SE4","Without Sequence","44.98","",""
"11/01/2021 17:00:00 - 11/01/2021 18:00:00","BZN|SE4","Without Sequence","42.93","",""
"11/01/2021 18:00:00 - 11/01/2021 19:00:00","BZN|SE4","Without Sequence","39.71","",""
"11/01/2021 19:00:00 - 11/01/2021 20:00:00","BZN|SE4","Without Sequence","37.11","",""
"11/01/2021 20:00:00 - 11/01/2021 21:00:00","BZN|SE4","Without Sequence","34.24","",""
"11/01/2021 21:00:00 - 11/01/2021 22:00:00","BZN|SE4","Without Sequence","33.21","",""
"11/01/2021 22:00:00 - 11/01/2021 23:00:00","BZN|SE4","Without Sequence","27.39","",""
"11/01/2021 23:00:00 - 12/01/2021 00:00:00","BZN|SE4","Without Sequence","19.43","",""
"12/01/2021 00:00:00 - 12/01/2021 01:00:00","BZN|SE4","Without Sequence","15.82","",""
"12/01/2021 01:00:00 - 12/01/2021 02:00:00","BZN|SE4","Without Sequence","19.00","",""
"12/01/2021 02:00:00 - 12/01/2021 03:00:00","BZN|SE4","Without Sequence","24.14","",""
"12/01/2021 03:00:00 - 12/01/2021 04:00:00","BZN|SE4","Without Sequence","27.00","",""
"12/01/2021 04:00:00 - 12/01/2021 05:00:00","BZN|SE4","Without Sequence","35.03","",""
"12/01/2021 05:00:00 - 12/01/2021 06:00:00","BZN|SE4","Without Sequence","40.14","",""
"12/01/2021 06:00:00 - 12/01/2021 07:00:00","BZN|SE4","Without Sequence","54.51","",""
"12/01/2021 07:00:00 - 12/01/2021 08:00:00","BZN|SE4","Without Sequence","60.64","",""
"12/01/2021 08:00:00 - 12/01/2021 09:00:00","BZN|SE4","Without Sequence","54.96","",""
"12/01/2021 09:00:00 - 12/01/2021 10:00:00","BZN|SE4","Without Sequence","56.50","",""
"12/01/2021 10:00:00 - 12/01/2021 11:00:00","BZN|SE4","Without Sequence","57.88","",""
"12/01/2021 11:00:00 - 12/01/2021 12:00:00","BZN|SE4","Without Sequence","59.64","",""
"12/01/2021 12:00:00 - 12/01/2021 13:00:00","BZN|SE4","Without Sequence","54.94","",""
"12/01/2021 13:00:00 - 12/01/2021 14:00:00","BZN|SE4","Without Sequence","50.31","",""
"12/01/2021 14:00:00 - 12/01/2021 15:00:00","BZN|SE4","Without Sequence","54.23","",""
"12/01/2021 15:00:00 - 12/01/2021 16:00:00","BZN|SE4","Without Sequence","61.50","",""
"12/01/2021 16:00:00 - 12/01/2021 17:00:00","BZN|SE4","Without Sequence","64.12","",""
"12/01/2021 17:00:00 - 12/01/2021 18:00:00","BZN|SE4","Without Sequence","60.40","",""
"12/01/2021 18:00:00 - 12/01/2021 19:00:00","BZN|SE4","Without Sequence","53.58","",""
"12/01/2021 19:00:00 - 12/01/2021 20:00:00","BZN|SE4","Without Sequence","50.30","",""
"12/01/2021 20:00:00 - 12/01/2021 21:00:00","BZN|SE4","Without Sequence","40.71","",""
"12/01/2021 21:00:00 - 12/01/2021 22:00:00","BZN|SE4","Without Sequence","37.75","",""
"12/01/2021 22:00:00 - 12/01/2021 23:00:00","BZN|SE4","Without Sequence","34.62","",""
"12/01/2021 23:00:00 - 13/01/2021 00:00:00","BZN|SE4","Without Sequence","33.03","",""
"13/01/2021 00:00:00 - 13/01/2021 01:00:00","BZN|SE4","Without Sequence","32.43","",""
"13/01/2021 01:00:00 - 13/01/2021 02:00:00","BZN|SE4","Without Sequence","31.58","",""
"13/01/2021 02:00:00 - 13/01/2021 03:00:00","BZN|SE4","Without Sequence","30.84","",""
"13/01/2021 03:00:00 - 13/01/2021 04:00:00","BZN|SE4","Without Sequence","31.68","",""
"13/01/2021 04:00:00 - 13/01/2021 05:00:00","BZN|SE4","Without Sequence","36.81","",""
"13/01/2021 05:00:00 - 13/01/2021 06:00:00","BZN|SE4","Without Sequence","41.87","",""
"13/01/2021 06:00:00 - 13/01/2021 07:00:00","BZN|SE4","Without Sequence","46.21","",""
"13/01/2021 07:00:00 - 13/01/2021 08:00:00","BZN|SE4","Without Sequence","56.14","",""
"13/01/2021 08:00:00 - 13/01/2021 09:00:00","BZN|SE4","Without Sequence","47.71","",""
"13/01/2021 09:00:00 - 13/01/2021 10:00:00","BZN|SE4","Without Sequence","46.23","",""
"13/01/2021 10:00:00 - 13/01/2021 11:00:00","BZN|SE4","Without Sequence","43.82","",""
"13/01/2021 11:00:00 - 13/01/2021 12:00:00","BZN|SE4","Without Sequence","41.22","",""
"13/01/2021 12:00:00 - 13/01/2021 13:00:00","BZN|SE4","Without Sequence","40.04","",""
"13/01/2021 13:00:00 - 13/01/2021 14:00:00","BZN|SE4","Without Sequence","39.47","",""
"13/01/2021 14:00:00 - 13/01/2021 15:00:00","BZN|SE4","Without Sequence","41.17","",""
"13/01/2021 15:00:00 - 13/01/2021 16:00:00","BZN|SE4","Without Sequence","45.91","",""
"13/01/2021 16:00:00 - 13/01/2021 17:00:00","BZN|SE4","Without Sequence","55.49","",""
"13/01/2021 17:00:00 - 13/01/2021 18:00:00","BZN|SE4","Without Sequence","54.51","",""
"13/01/2021 18:00:00 - 13/01/2021 19:00:00","BZN|SE4","Without Sequence","48.10","",""
"13/01/2021 19:00:00 - 13/01/2021 20:00:00","BZN|SE4","Without Sequence","47.14","",""
"13/01/2021 20:00:00 - 13/01/2021 21:00:00","BZN|SE4","Without Sequence","40.88","",""
"13/01/2021 21:00:00 - 13/01/2021 22:00:00","BZN|SE4","Without Sequence","40.02","",""
"13/01/2021 22:00:00 - 13/01/2021 23:00:00","BZN|SE4","Without Sequence","38.03","",""
"13/01/2021 23:00:00 - 14/01/2021 00:00:00","BZN|SE4","Without Sequence","37.30","",""
"14/01/2021 00:00:00 - 14/01/2021 01:00:00","BZN|SE4","Without Sequence","36.91","",""
"14/01/2021 01:00:00 - 14/01/2021 02:00:00","BZN|SE4","Without Sequence","36.98","",""
"14/01/2021 02:00:00 - 14/01/2021 03:00:00","BZN|SE4","Without Sequence","39.44","",""
"14/01/2021 03:00:00 - 14/01/2021 04:00:00","BZN|SE4","Without Sequence","42.16","",""
"14/01/2021 04:00:00 - 14/01/2021 05:00:00","BZN|SE4","Without Sequence","45.34","",""
"14/01/2021 05:00:00 - 14/01/2021 06:00:00","BZN|SE4","Without Sequence","58.60","",""
"14/01/2021 06:00:00 - 14/01/2021 07:00:00","BZN|SE4","Without Sequence","81.34","",""
"14/01/2021 07:00:00 - 14/01/2021 08:00:00","BZN|SE4","Without Sequence","91.00","",""
"14/01/2021 08:00:00 - 14/01/2021 09:00:00","BZN|SE4","Without Sequence","89.27","",""
"14/01/2021 09:00:00 - 14/01/2021 10:00:00","BZN|SE4","Without Sequence","89.63","",""
"14/01/2021 10:00:00 - 14/01/2021 11:00:00","BZN|SE4","Without Sequence","91.05","",""
"14/01/2021 11:00:00 - 14/01/2021 12:00:00","BZN|SE4","Without Sequence","88.91","",""
"14/01/2021 12:00:00 - 14/01/2021 13:00:00","BZN|SE4","Without Sequence","89.24","",""
"14/01/2021 13:00:00 - 14/01/2021 14:00:00","BZN|SE4","Without Sequence","86.04","",""
"14/01/2021 14:00:00 - 14/01/2021 15:00:00","BZN|SE4","Without Sequence","91.21","",""
"14/01/2021 15:00:00 - 14/01/2021 16:00:00","BZN|SE4","Without Sequence","99.94","",""
"14/01/2021 16:00:00 - 14/01/2021 17:00:00","BZN|SE4","Without Sequence","103.14","",""
"14/01/2021 17:00:00 - 14/01/2021 18:00:00","BZN|SE4","Without Sequence","92.38","",""
"14/01/2021 18:00:00 - 14/01/2021 19:00:00","BZN|SE4","Without Sequence","87.70","",""
"14/01/2021 19:00:00 - 14/01/2021 20:00:00","BZN|SE4","Without Sequence","74.58","",""
"14/01/2021 20:00:00 - 14/01/2021 21:00:00","BZN|SE4","Without Sequence","62.74","",""
"14/01/2021 21:00:00 - 14/01/2021 22:00:00","BZN|SE4","Without Sequence","59.82","",""
"14/01/2021 22:00:00 - 14/01/2021 23:00:00","BZN|SE4","Without Sequence","55.60","",""
"14/01/2021 23:00:00 - 15/01/2021 00:00:00","BZN|SE4","Without Sequence","48.98","",""
"15/01/2021 00:00:00 - 15/01/2021 01:00:00","BZN|SE4","Without Sequence","47.49","",""
"15/01/2021 01:00:00 - 15/01/2021 02:00:00","BZN|SE4","Without Sequence","46.22","",""
"15/01/2021 02:00:00 - 15/01/2021 03:00:00","BZN|SE4","Without Sequence","45.30","",""
"15/01/2021 03:00:00 - 15/01/2021 04:00:00","BZN|SE4","Without Sequence","46.85","",""
"15/01/2021 04:00:00 - 15/01/2021 05:00:00","BZN|SE4","Without Sequence","51.52","",""
"15/01/2021 05:00:00 - 15/01/2021 06:00:00","BZN|SE4","Without Sequence","62.97","",""
"15/01/2021 06:00:00 - 15/01/2021 07:00:00","BZN|SE4","Without Sequence","79.86","",""
"15/01/2021 07:00:00 - 15/01/2021 08:00:00","BZN|SE4","Without Sequence","96.64","",""
"15/01/2021 08:00:00 - 15/01/2021 09:00:00","BZN|SE4","Without Sequence","100.16","",""
"15/01/2021 09:00:00 - 15/01/2021 10:00:00","BZN|SE4","Without Sequence","99.94","",""
"15/01/2021 10:00:00 - 15/01/2021 11:00:00","BZN|SE4","Without Sequence","89.11","",""
"15/01/2021 11:00:00 - 15/01/2021 12:00:00","BZN|SE4","Without Sequence","81.20","",""
"15/01/2021 12:00:00 - 15/01/2021 13:00:00","BZN|SE4","Without Sequence","78.52","",""
"15/01/2021 13:00:00 - 15/01/2021 14:00:00","BZN|SE4","Without Sequence","79.04","",""
"15/01/2021 14:00:00 - 15/01/2021 15:00:00","BZN|SE4","Without Sequence","78.87","",""
"15/01/2021 15:00:00 - 15/01/2021 16:00:00","BZN|SE4","Without Sequence","84.02","",""
"15/01/2021 16:00:00 - 15/01/2021 17:00:00","BZN|SE4","Without Sequence","99.50","",""
"15/01/2021 17:00:00 - 15/01/2021 18:00:00","BZN|SE4","Without Sequence","98.02","",""
"15/01/2021 18:00:00 - 15/01/2021 19:00:00","BZN|SE4","Without Sequence","95.01","",""
"15/01/2021 19:00:00 - 15/01/2021 20:00:00","BZN|SE4","Without Sequence","77.20","",""
"15/01/2021 20:00:00 - 15/01/2021 21:00:00","BZN|SE4","Without Sequence","67.18","",""
"15/01/2021 21:00:00 - 15/01/2021 22:00:00","BZN|SE4","Without Sequence","62.62","",""
"15/01/2021 22:00:00 - 15/01/2021 23:00:00","BZN|SE4","Without Sequence","53.70","",""
"15/01/2021 23:00:00 - 16/01/2021 00:00:00","BZN|SE4","Without Sequence","53.09","",""
"16/01/2021 00:00:00 - 16/01/2021 01:00:00","BZN|SE4","Without Sequence","51.65","",""
"16/01/2021 01:00:00 - 16/01/2021 02:00:00","BZN|SE4","Without Sequence","49.88","",""
"16/01/2021 02:00:00 - 16/01/2021 03:00:00","BZN|SE4","Without Sequence","48.45","",""
"16/01/2021 03:00:00 - 16/01/2021 04:00:00","BZN|SE4","Without Sequence","48.09","",""
"16/01/2021 04:00:00 - 16/01/2021 05:00:00","BZN|SE4","Without Sequence","47.35","",""
"16/01/2021 05:00:00 - 16/01/2021 06:00:00","BZN|SE4","Without Sequence","48.00","",""
"16/01/2021 06:00:00 - 16/01/2021 07:00:00","BZN|SE4","Without Sequence","51.43","",""
"16/01/2021 07:00:00 - 16/01/2021 08:00:00","BZN|SE4","Without Sequence","59.69","",""
"16/01/2021 08:00:00 - 16/01/2021 09:00:00","BZN|SE4","Without Sequence","63.96","",""
"16/01/2021 09:00:00 - 16/01/2021 10:00:00","BZN|SE4","Without Sequence","63.77","",""
"16/01/2021 10:00:00 - 16/01/2021 11:00:00","BZN|SE4","Without Sequence","62.13","",""
"16/01/2021 11:00:00 - 16/01/2021 12:00:00","BZN|SE4","Without Sequence","55.01","",""
"16/01/2021 12:00:00 - 16/01/2021 13:00:00","BZN|SE4","Without Sequence","50.66","",""
"16/01/2021 13:00:00 - 16/01/2021 14:00:00","BZN|SE4","Without Sequence","49.48","",""
"16/01/2021 14:00:00 - 16/01/2021 15:00:00","BZN|SE4","Without Sequence","50.65","",""
"16/01/2021 15:00:00 - 16/01/2021 16:00:00","BZN|SE4","Without Sequence","59.12","",""
"16/01/2021 16:00:00 - 16/01/2021 17:00:00","BZN|SE4","Without Sequence","65.01","",""
"16/01/2021 17:00:00 - 16/01/2021 18:00:00","BZN|SE4","Without Sequence","66.40","",""
"16/01/2021 18:00:00 - 16/01/2021 19:00:00","BZN|SE4","Without Sequence","63.76","",""
"16/01/2021 19:00:00 - 16/01/2021 20:00:00","BZN|SE4","Without Sequence","57.47","",""
"16/01/2021 20:00:00 - 16/01/2021 21:00:00","BZN|SE4","Without Sequence","52.98","",""
"16/01/2021 21:00:00 - 16/01/2021 22:00:00","BZN|SE4","Without Sequence","51.92","",""
"16/01/2021 22:00:00 - 16/01/2021 23:00:00","BZN|SE4","Without Sequence","48.17","",""
"16/01/2021 23:00:00 - 17/01/2021 00:00:00","BZN|SE4","Without Sequence","46.49","",""
"17/01/2021 00:00:00 - 17/01/2021 01:00:00","BZN|SE4","Without Sequence","44.82","",""
"17/01/2021 01:00:00 - 17/01/2021 02:00:00","BZN|SE4","Without Sequence","44.99","",""
"17/01/2021 02:00:00 - 17/01/2021 03:00:00","BZN|SE4","Without Sequence","44.98","",""
"17/01/2021 03:00:00 - 17/01/2021 04:00:00","BZN|SE4","Without Sequence","44.38","",""
"17/01/2021 04:00:00 - 17/01/2021 05:00:00","BZN|SE4","Without Sequence","44.33","",""
"17/01/2021 05:00:00 - 17/01/2021 06:00:00","BZN|SE4","Without Sequence","45.34","",""
"17/01/2021 06:00:00 - 17/01/2021 07:00:00","BZN|SE4","Without Sequence","46.50","",""
"17/01/2021 07:00:00 - 17/01/2021 08:00:00","BZN|SE4","Without Sequence","47.42","",""
"17/01/2021 08:00:00 - 17/01/2021 09:00:00","BZN|SE4","Without Sequence","51.13","",""
"17/01/2021 09:00:00 - 17/01/2021 10:00:00","BZN|SE4","Without Sequence","56.50","",""
"17/01/2021 10:00:00 - 17/01/2021 11:00:00","BZN|SE4","Without Sequence","59.94","",""
"17/01/2021 11:00:00 - 17/01/2021 12:00:00","BZN|SE4","Without Sequence","55.51","",""
"17/01/2021 12:00:00 - 17/01/2021 13:00:00","BZN|SE4","Without Sequence","52.82","",""
"17/01/2021 13:00:00 - 17/01/2021 14:00:00","BZN|SE4","Without Sequence","49.95","",""
"17/01/2021 14:00:00 - 17/01/2021 15:00:00","BZN|SE4","Without Sequence","53.48","",""
"17/01/2021 15:00:00 - 17/01/2021 16:00:00","BZN|SE4","Without Sequence","60.60","",""
"17/01/2021 16:00:00 - 17/01/2021 17:00:00","BZN|SE4","Without Sequence","67.05","",""
"17/01/2021 17:00:00 - 17/01/2021 18:00:00","BZN|SE4","Without Sequence","72.00","",""
"17/01/2021 18:00:00 - 17/01/2021 19:00:00","BZN|SE4","Without Sequence","67.78","",""
"17/01/2021 19:00:00 - 17/01/2021 20:00:00","BZN|SE4","Without Sequence","62.45","",""
"17/01/2021 20:00:00 - 17/01/2021 21:00:00","BZN|SE4","Without Sequence","55.56","",""
"17/01/2021 21:00:00 - 17/01/2021 22:00:00","BZN|SE4","Without Sequence","52.13","",""
"17/01/2021 22:00:00 - 17/01/2021 23:00:00","BZN|SE4","Without Sequence","46.90","",""
"17/01/2021 23:00:00 - 18/01/2021 00:00:00","BZN|SE4","Without Sequence","43.85","",""
"18/01/2021 00:00:00 - 18/01/2021 01:00:00","BZN|SE4","Without Sequence","44.37","",""
"18/01/2021 01:00:00 - 18/01/2021 02:00:00","BZN|SE4","Without Sequence","44.13","",""
"18/01/2021 02:00:00 - 18/01/2021 03:00:00","BZN|SE4","Without Sequence","44.47","",""
"18/01/2021 03:00:00 - 18/01/2021 04:00:00","BZN|SE4","Without Sequence","44.83","",""
"18/01/2021 04:00:00 - 18/01/2021 05:00:00","BZN|SE4","Without Sequence","46.44","",""
"18/01/2021 05:00:00 - 18/01/2021 06:00:00","BZN|SE4","Without Sequence","59.72","",""
"18/01/2021 06:00:00 - 18/01/2021 07:00:00","BZN|SE4","Without Sequence","74.53","",""
"18/01/2021 07:00:00 - 18/01/2021 08:00:00","BZN|SE4","Without Sequence","78.92","",""
"18/01/2021 08:00:00 - 18/01/2021 09:00:00","BZN|SE4","Without Sequence","75.65","",""
"18/01/2021 09:00:00 - 18/01/2021 10:00:00","BZN|SE4","Without Sequence","72.03","",""
"18/01/2021 10:00:00 - 18/01/2021 11:00:00","BZN|SE4","Without Sequence","66.39","",""
"18/01/2021 11:00:00 - 18/01/2021 12:00:00","BZN|SE4","Without Sequence","60.06","",""
"18/01/2021 12:00:00 - 18/01/2021 13:00:00","BZN|SE4","Without Sequence","57.70","",""
"18/01/2021 13:00:00 - 18/01/2021 14:00:00","BZN|SE4","Without Sequence","59.41","",""
"18/01/2021 14:00:00 - 18/01/2021 15:00:00","BZN|SE4","Without Sequence","57.39","",""
"18/01/2021 15:00:00 - 18/01/2021 16:00:00","BZN|SE4","Without Sequence","54.54","",""
"18/01/2021 16:00:00 - 18/01/2021 17:00:00","BZN|SE4","Without Sequence","59.94","",""
"18/01/2021 17:00:00 - 18/01/2021 18:00:00","BZN|SE4","Without Sequence","55.08","",""
"18/01/2021 18:00:00 - 18/01/2021 19:00:00","BZN|SE4","Without Sequence","51.42","",""
"18/01/2021 19:00:00 - 18/01/2021 20:00:00","BZN|SE4","Without Sequence","46.97","",""
"18/01/2021 20:00:00 - 18/01/2021 21:00:00","BZN|SE4","Without Sequence","45.63","",""
"18/01/2021 21:00:00 - 18/01/2021 22:00:00","BZN|SE4","Without Sequence","42.95","",""
"18/01/2021 22:00:00 - 18/01/2021 23:00:00","BZN|SE4","Without Sequence","37.83","",""
"18/01/2021 23:00:00 - 19/01/2021 00:00:00","BZN|SE4","Without Sequence","36.75","",""
"19/01/2021 00:00:00 - 19/01/2021 01:00:00","BZN|SE4","Without Sequence","35.94","",""
"19/01/2021 01:00:00 - 19/01/2021 02:00:00","BZN|SE4","Without Sequence","34.74","",""
"19/01/2021 02:00:00 - 19/01/2021 03:00:00","BZN|SE4","Without Sequence","35.96","",""
"19/01/2021 03:00:00 - 19/01/2021 04:00:00","BZN|SE4","Without Sequence","36.70","",""
"19/01/2021 04:00:00 - 19/01/2021 05:00:00","BZN|SE4","Without Sequence","38.14","",""
"19/01/2021 05:00:00 - 19/01/2021 06:00:00","BZN|SE4","Without Sequence","41.59","",""
"19/01/2021 06:00:00 - 19/01/2021 07:00:00","BZN|SE4","Without Sequence","46.68","",""
"19/01/2021 07:00:00 - 19/01/2021 08:00:00","BZN|SE4","Without Sequence","56.50","",""
"19/01/2021 08:00:00 - 19/01/2021 09:00:00","BZN|SE4","Without Sequence","54.50","",""
"19/01/2021 09:00:00 - 19/01/2021 10:00:00","BZN|SE4","Without Sequence","52.73","",""
"19/01/2021 10:00:00 - 19/01/2021 11:00:00","BZN|SE4","Without Sequence","54.50","",""
"19/01/2021 11:00:00 - 19/01/2021 12:00:00","BZN|SE4","Without Sequence","52.21","",""
"19/01/2021 12:00:00 - 19/01/2021 13:00:00","BZN|SE4","Without Sequence","52.11","",""
"19/01/2021 13:00:00 - 19/01/2021 14:00:00","BZN|SE4","Without Sequence","52.37","",""
"19/01/2021 14:00:00 - 19/01/2021 15:00:00","BZN|SE4","Without Sequence","51.34","",""
"19/01/2021 15:00:00 - 19/01/2021 16:00:00","BZN|SE4","Without Sequence","51.89","",""
"19/01/2021 16:00:00 - 19/01/2021 17:00:00","BZN|SE4","Without Sequence","56.04","",""
"19/01/2021 17:00:00 - 19/01/2021 18:00:00","BZN|SE4","Without Sequence","52.75","",""
"19/01/2021 18:00:00 - 19/01/2021 19:00:00","BZN|SE4","Without Sequence","45.39","",""
"19/01/2021 19:00:00 - 19/01/2021 20:00:00","BZN|SE4","Without Sequence","41.41","",""
"19/01/2021 20:00:00 - 19/01/2021 21:00:00","BZN|SE4","Without Sequence","39.75","",""
"19/01/2021 21:00:00 - 19/01/2021 22:00:00","BZN|SE4","Without Sequence","36.66","",""
"19/01/2021 22:00:00 - 19/01/2021 23:00:00","BZN|SE4","Without Sequence","31.23","",""
"19/01/2021 23:00:00 - 20/01/2021 00:00:00","BZN|SE4","Without Sequence","30.33","",""
"20/01/2021 00:00:00 - 20/01/2021 01:00:00","BZN|SE4","Without Sequence","28.40","",""
"20/01/2021 01:00:00 - 20/01/2021 02:00:00","BZN|SE4","Without Sequence","27.27","",""
"20/01/2021 02:00:00 - 20/01/2021 03:00:00","BZN|SE4","Without Sequence","26.77","",""
"20/01/2021 03:00:00 - 20/01/2021 04:00:00","BZN|SE4","Without Sequence","28.85","",""
"20/01/2021 04:00:00 - 20/01/2021 05:00:00","BZN|SE4","Without Sequence","31.91","",""
"20/01/2021 05:00:00 - 20/01/2021 06:00:00","BZN|SE4","Without Sequence","35.70","",""
"20/01/2021 06:00:00 - 20/01/2021 07:00:00","BZN|SE4","Without Sequence","40.09","",""
"20/01/2021 07:00:00 - 20/01/2021 08:00:00","BZN|SE4","Without Sequence","41.25","",""
"20/01/2021 08:00:00 - 20/01/2021 09:00:00","BZN|SE4","Without Sequence","38.90","",""
"20/01/2021 09:00:00 - 20/01/2021 10:00:00","BZN|SE4","Without Sequence","38.01","",""
"20/01/2021 10:00:00 - 20/01/2021 11:00:00","BZN|SE4","Without Sequence","37.95","",""
"20/01/2021 11:00:00 - 20/01/2021 12:00:00","BZN|SE4","Without Sequence","37.92","",""
"20/01/2021 12:00:00 - 20/01/2021 13:00:00","BZN|SE4","Without Sequence","36.84","",""
"20/01/2021 13:00:00 - 20/01/2021 14:00:00","BZN|SE4","Without Sequence","36.80","",""
"20/01/2021 14:00:00 - 20/01/2021 15:00:00","BZN|SE4","Without Sequence","37.99","",""
"20/01/2021 15:00:00 - 20/01/2021 16:00:00","BZN|SE4","Without Sequence","39.33","",""
"20/01/2021 16:00:00 - 20/01/2021 17:00:00","BZN|SE4","Without Sequence","50.16","",""
"20/01/2021 17:00:00 - 20/01/2021 18:00:00","BZN|SE4","Without Sequence","56.14","",""
"20/01/2021 18:00:00 - 20/01/2021 19:00:00","BZN|SE4","Without Sequence","39.34","",""
"20/01/2021 19:00:00 - 20/01/2021 20:00:00","BZN|SE4","Without Sequence","35.69","",""
"20/01/2021 20:00:00 - 20/01/2021 21:00:00","BZN|SE4","Without Sequence","32.19","",""
"20/01/2021 21:00:00 - 20/01/2021 22:00:00","BZN|SE4","Without Sequence","29.49","",""
"20/01/2021 22:00:00 - 20/01/2021 23:00:00","BZN|SE4","Without Sequence","25.30","",""
"20/01/2021 23:00:00 - 21/01/2021 00:00:00","BZN|SE4","Without Sequence","24.85","",""
"21/01/2021 00:00:00 - 21/01/2021 01:00:00","BZN|SE4","Without Sequence","21.49","",""
"21/01/2021 01:00:00 - 21/01/2021 02:00:00","BZN|SE4","Without Sequence","20.85","",""
"21/01/2021 02:00:00 - 21/01/2021 03:00:00","BZN|SE4","Without Sequence","19.97","",""
"21/01/2021 03:00:00 - 21/01/2021 04:00:00","BZN|SE4","Without Sequence","21.51","",""
"21/01/2021 04:00:00 - 21/01/2021 05:00:00","BZN|SE4","Without Sequence","24.58","",""
"21/01/2021 05:00:00 - 21/01/2021 06:00:00","BZN|SE4","Without Sequence","27.47","",""
"21/01/2021 06:00:00 - 21/01/2021 07:00:00","BZN|SE4","Without Sequence","35.32","",""
"21/01/2021 07:00:00 - 21/01/2021 08:00:00","BZN|SE4","Without Sequence","37.23","",""
"21/01/2021 08:00:00 - 21/01/2021 09:00:00","BZN|SE4","Without Sequence","35.29","",""
"21/01/2021 09:00:00 - 21/01/2021 10:00:00","BZN|SE4","Without Sequence","33.01","",""
"21/01/2021 10:00:00 - 21/01/2021 11:00:00","BZN|SE4","Without Sequence","33.38","",""
"21/01/2021 11:00:00 - 21/01/2021 12:00:00","BZN|SE4","Without Sequence","33.69","",""
"21/01/2021 12:00:00 - 21/01/2021 13:00:00","BZN|SE4","Without Sequence","35.34","",""
"21/01/2021 13:00:00 - 21/01/2021 14:00:00","BZN|SE4","Without Sequence","36.22","",""
"21/01/2021 14:00:00 - 21/01/2021 15:00:00","BZN|SE4","Without Sequence","36.61","",""
"21/01/2021 15:00:00 - 21/01/2021 16:00:00","BZN|SE4","Without Sequence","37.93","",""
"21/01/2021 16:00:00 - 21/01/2021 17:00:00","BZN|SE4","Without Sequence","39.52","",""
"21/01/2021 17:00:00 - 21/01/2021 18:00:00","BZN|SE4","Without Sequence","37.22","",""
"21/01/2021 18:00:00 - 21/01/2021 19:00:00","BZN|SE4","Without Sequence","35.71","",""
"21/01/2021 19:00:00 - 21/01/2021 20:00:00","BZN|SE4","Without Sequence","32.01","",""
"21/01/2021 20:00:00 - 21/01/2021 21:00:00","BZN|SE4","Without Sequence","30.08","",""
"21/01/2021 21:00:00 - 21/01/2021 22:00:00","BZN|SE4","Without Sequence","27.43","",""
"21/01/2021 22:00:00 - 21/01/2021 23:00:00","BZN|SE4","Without Sequence","24.09","",""
"21/01/2021 23:00:00 - 22/01/2021 00:00:00","BZN|SE4","Without Sequence","12.45","",""
"22/01/2021 00:00:00 - 22/01/2021 01:00:00","BZN|SE4","Without Sequence","13.92","",""
"22/01/2021 01:00:00 - 22/01/2021 02:00:00","BZN|SE4","Without Sequence","11.08","",""
"22/01/2021 02:00:00 - 22/01/2021 03:00:00","BZN|SE4","Without Sequence","11.80","",""
"22/01/2021 03:00:00 - 22/01/2021 04:00:00","BZN|SE4","Without Sequence","19.48","",""
"22/01/2021 04:00:00 - 22/01/2021 05:00:00","BZN|SE4","Without Sequence","26.93","",""
"22/01/2021 05:00:00 - 22/01/2021 06:00:00","BZN|SE4","Without Sequence","31.45","",""
"22/01/2021 06:00:00 - 22/01/2021 07:00:00","BZN|SE4","Without Sequence","36.76","",""
"22/01/2021 07:00:00 - 22/01/2021 08:00:00","BZN|SE4","Without Sequence","41.51","",""
"22/01/2021 08:00:00 - 22/01/2021 09:00:00","BZN|SE4","Without Sequence","39.62","",""
"22/01/2021 09:00:00 - 22/01/2021 10:00:00","BZN|SE4","Without Sequence","38.62","",""
"22/01/2021 10:00:00 - 22/01/2021 11:00:00","BZN|SE4","Without Sequence","37.46","",""
"22/01/2021 11:00:00 - 22/01/2021 12:00:00","BZN|SE4","Without Sequence","36.39","",""
"22/01/2021 12:00:00 - 22/01/2021 13:00:00","BZN|SE4","Without Sequence","35.83","",""
"22/01/2021 13:00:00 - 22/01/2021 14:00:00","BZN|SE4","Without Sequence","35.27","",""
"22/01/2021 14:00:00 - 22/01/2021 15:00:00","BZN|SE4","Without Sequence","35.18","",""
"22/01/2021 15:00:00 - 22/01/2021 16:00:00","BZN|SE4","Without Sequence","35.71","",""
"22/01/2021 16:00:00 - 22/01/2021 17:00:00","BZN|SE4","Without Sequence","36.22","",""
"22/01/2021 17:00:00 - 22/01/2021 18:00:00","BZN|SE4","Without Sequence","35.47","",""
"22/01/2021 18:00:00 - 22/01/2021 19:00:00","BZN|SE4","Without Sequence","33.35","",""
"22/01/2021 19:00:00 - 22/01/2021 20:00:00","BZN|SE4","Without Sequence","29.33","",""
"22/01/2021 20:00:00 - 22/01/2021 21:00:00","BZN|SE4","Without Sequence","27.83","",""
"22/01/2021 21:00:00 - 22/01/2021 22:00:00","BZN|SE4","Without Sequence","26.77","",""
"22/01/2021 22:00:00 - 22/01/2021 23:00:00","BZN|SE4","Without Sequence","25.40","",""
"22/01/2021 23:00:00 - 23/01/2021 00:00:00","BZN|SE4","Without Sequence","25.85","",""
"23/01/2021 00:00:00 - 23/01/2021 01:00:00","BZN|SE4","Without Sequence","24.97","",""
"23/01/2021 01:00:00 - 23/01/2021 02:00:00","BZN|SE4","Without Sequence","24.94","",""
"23/01/2021 02:00:00 - 23/01/2021 03:00:00","BZN|SE4","Without Sequence","26.01","",""
"23/01/2021 03:00:00 - 23/01/2021 04:00:00","BZN|SE4","Without Sequence","27.20","",""
"23/01/2021 04:00:00 - 23/01/2021 05:00:00","BZN|SE4","Without Sequence","30.37","",""
"23/01/2021 05:00:00 - 23/01/2021 06:00:00","BZN|SE4","Without Sequence","30.87","",""
"23/01/2021 06:00:00 - 23/01/2021 07:00:00","BZN|SE4","Without Sequence","33.83","",""
"23/01/2021 07:00:00 - 23/01/2021 08:00:00","BZN|SE4","Without Sequence","48.80","",""
"23/01/2021 08:00:00 - 23/01/2021 09:00:00","BZN|SE4","Without Sequence","55.55","",""
"23/01/2021 09:00:00 - 23/01/2021 10:00:00","BZN|SE4","Without Sequence","57.57","",""
"23/01/2021 10:00:00 - 23/01/2021 11:00:00","BZN|SE4","Without Sequence","57.57","",""
"23/01/2021 11:00:00 - 23/01/2021 12:00:00","BZN|SE4","Without Sequence","56.63","",""
"23/01/2021 12:00:00 - 23/01/2021 13:00:00","BZN|SE4","Without Sequence","52.00","",""
"23/01/2021 13:00:00 - 23/01/2021 14:00:00","BZN|SE4","Without Sequence","49.78","",""
"23/01/2021 14:00:00 - 23/01/2021 15:00:00","BZN|SE4","Without Sequence","50.92","",""
"23/01/2021 15:00:00 - 23/01/2021 16:00:00","BZN|SE4","Without Sequence","56.90","",""
"23/01/2021 16:00:00 - 23/01/2021 17:00:00","BZN|SE4","Without Sequence","61.58","",""
"23/01/2021 17:00:00 - 23/01/2021 18:00:00","BZN|SE4","Without Sequence","63.03","",""
"23/01/2021 18:00:00 - 23/01/2021 19:00:00","BZN|SE4","Without Sequence","57.66","",""
"23/01/2021 19:00:00 - 23/01/2021 20:00:00","BZN|SE4","Without Sequence","41.01","",""
"23/01/2021 20:00:00 - 23/01/2021 21:00:00","BZN|SE4","Without Sequence","39.04","",""
"23/01/2021 21:00:00 - 23/01/2021 22:00:00","BZN|SE4","Without Sequence","37.38","",""
"23/01/2021 22:00:00 - 23/01/2021 23:00:00","BZN|SE4","Without Sequence","36.48","",""
"23/01/2021 23:00:00 - 24/01/2021 00:00:00","BZN|SE4","Without Sequence","37.87","",""
"24/01/2021 00:00:00 - 24/01/2021 01:00:00","BZN|SE4","Without Sequence","37.91","",""
"24/01/2021 01:00:00 - 24/01/2021 02:00:00","BZN|SE4","Without Sequence","37.82","",""
"24/01/2021 02:00:00 - 24/01/2021 03:00:00","BZN|SE4","Without Sequence","37.88","",""
"24/01/2021 03:00:00 - 24/01/2021 04:00:00","BZN|SE4","Without Sequence","38.12","",""
"24/01/2021 04:00:00 - 24/01/2021 05:00:00","BZN|SE4","Without Sequence","38.74","",""
"24/01/2021 05:00:00 - 24/01/2021 06:00:00","BZN|SE4","Without Sequence","39.35","",""
"24/01/2021 06:00:00 - 24/01/2021 07:00:00","BZN|SE4","Without Sequence","40.66","",""
"24/01/2021 07:00:00 - 24/01/2021 08:00:00","BZN|SE4","Without Sequence","44.55","",""
"24/01/2021 08:00:00 - 24/01/2021 09:00:00","BZN|SE4","Without Sequence","49.32","",""
"24/01/2021 09:00:00 - 24/01/2021 10:00:00","BZN|SE4","Without Sequence","51.81","",""
"24/01/2021 10:00:00 - 24/01/2021 11:00:00","BZN|SE4","Without Sequence","54.34","",""
"24/01/2021 11:00:00 - 24/01/2021 12:00:00","BZN|SE4","Without Sequence","51.86","",""
"24/01/2021 12:00:00 - 24/01/2021 13:00:00","BZN|SE4","Without Sequence","45.99","",""
"24/01/2021 13:00:00 - 24/01/2021 14:00:00","BZN|SE4","Without Sequence","44.34","",""
"24/01/2021 14:00:00 - 24/01/2021 15:00:00","BZN|SE4","Without Sequence","45.93","",""
"24/01/2021 15:00:00 - 24/01/2021 16:00:00","BZN|SE4","Without Sequence","52.00","",""
"24/01/2021 16:00:00 - 24/01/2021 17:00:00","BZN|SE4","Without Sequence","61.98","",""
"24/01/2021 17:00:00 - 24/01/2021 18:00:00","BZN|SE4","Without Sequence","65.00","",""
"24/01/2021 18:00:00 - 24/01/2021 19:00:00","BZN|SE4","Without Sequence","62.91","",""
"24/01/2021 19:00:00 - 24/01/2021 20:00:00","BZN|SE4","Without Sequence","59.30","",""
"24/01/2021 20:00:00 - 24/01/2021 21:00:00","BZN|SE4","Without Sequence","54.90","",""
"24/01/2021 21:00:00 - 24/01/2021 22:00:00","BZN|SE4","Without Sequence","52.64","",""
"24/01/2021 22:00:00 - 24/01/2021 23:00:00","BZN|SE4","Without Sequence","44.06","",""
"24/01/2021 23:00:00 - 25/01/2021 00:00:00","BZN|SE4","Without Sequence","45.50","",""
"25/01/2021 00:00:00 - 25/01/2021 01:00:00","BZN|SE4","Without Sequence","41.76","",""
"25/01/2021 01:00:00 - 25/01/2021 02:00:00","BZN|SE4","Without Sequence","41.22","",""
"25/01/2021 02:00:00 - 25/01/2021 03:00:00","BZN|SE4","Without Sequence","40.56","",""
"25/01/2021 03:00:00 - 25/01/2021 04:00:00","BZN|SE4","Without Sequence","41.36","",""
"25/01/2021 04:00:00 - 25/01/2021 05:00:00","BZN|SE4","Without Sequence","45.66","",""
"25/01/2021 05:00:00 - 25/01/2021 06:00:00","BZN|SE4","Without Sequence","61.95","",""
"25/01/2021 06:00:00 - 25/01/2021 07:00:00","BZN|SE4","Without Sequence","70.00","",""
"25/01/2021 07:00:00 - 25/01/2021 08:00:00","BZN|SE4","Without Sequence","75.62","",""
"25/01/2021 08:00:00 - 25/01/2021 09:00:00","BZN|SE4","Without Sequence","79.67","",""
"25/01/2021 09:00:00 - 25/01/2021 10:00:00","BZN|SE4","Without Sequence","74.95","",""
"25/01/2021 10:00:00 - 25/01/2021 11:00:00","BZN|SE4","Without Sequence","72.20","",""
"25/01/2021 11:00:00 - 25/01/2021 12:00:00","BZN|SE4","Without Sequence","69.02","",""
"25/01/2021 12:00:00 - 25/01/2021 13:00:00","BZN|SE4","Without Sequence","67.00","",""
"25/01/2021 13:00:00 - 25/01/2021 14:00:00","BZN|SE4","Without Sequence","65.91","",""
"25/01/2021 14:00:00 - 25/01/2021 15:00:00","BZN|SE4","Without Sequence","66.01","",""
"25/01/2021 15:00:00 - 25/01/2021 16:00:00","BZN|SE4","Without Sequence","67.35","",""
"25/01/2021 16:00:00 - 25/01/2021 17:00:00","BZN|SE4","Without Sequence","73.46","",""
"25/01/2021 17:00:00 - 25/01/2021 18:00:00","BZN|SE4","Without Sequence","71.50","",""
"25/01/2021 18:00:00 - 25/01/2021 19:00:00","BZN|SE4","Without Sequence","65.07","",""
"25/01/2021 19:00:00 - 25/01/2021 20:00:00","BZN|SE4","Without Sequence","62.52","",""
"25/01/2021 20:00:00 - 25/01/2021 21:00:00","BZN|SE4","Without Sequence","55.26","",""
"25/01/2021 21:00:00 - 25/01/2021 22:00:00","BZN|SE4","Without Sequence","50.12","",""
"25/01/2021 22:00:00 - 25/01/2021 23:00:00","BZN|SE4","Without Sequence","40.54","",""
"25/01/2021 23:00:00 - 26/01/2021 00:00:00","BZN|SE4","Without Sequence","42.58","",""
"26/01/2021 00:00:00 - 26/01/2021 01:00:00","BZN|SE4","Without Sequence","42.32","",""
"26/01/2021 01:00:00 - 26/01/2021 02:00:00","BZN|SE4","Without Sequence","42.20","",""
"26/01/2021 02:00:00 - 26/01/2021 03:00:00","BZN|SE4","Without Sequence","41.78","",""
"26/01/2021 03:00:00 - 26/01/2021 04:00:00","BZN|SE4","Without Sequence","44.07","",""
"26/01/2021 04:00:00 - 26/01/2021 05:00:00","BZN|SE4","Without Sequence","49.80","",""
"26/01/2021 05:00:00 - 26/01/2021 06:00:00","BZN|SE4","Without Sequence","58.56","",""
"26/01/2021 06:00:00 - 26/01/2021 07:00:00","BZN|SE4","Without Sequence","70.75","",""
"26/01/2021 07:00:00 - 26/01/2021 08:00:00","BZN|SE4","Without Sequence","73.95","",""
"26/01/2021 08:00:00 - 26/01/2021 09:00:00","BZN|SE4","Without Sequence","71.73","",""
"26/01/2021 09:00:00 - 26/01/2021 10:00:00","BZN|SE4","Without Sequence","73.91","",""
"26/01/2021 10:00:00 - 26/01/2021 11:00:00","BZN|SE4","Without Sequence","72.00","",""
"26/01/2021 11:00:00 - 26/01/2021 12:00:00","BZN|SE4","Without Sequence","70.00","",""
"26/01/2021 12:00:00 - 26/01/2021 13:00:00","BZN|SE4","Without Sequence","65.91","",""
"26/01/2021 13:00:00 - 26/01/2021 14:00:00","BZN|SE4","Without Sequence","66.33","",""
"26/01/2021 14:00:00 - 26/01/2021 15:00:00","BZN|SE4","Without Sequence","68.15","",""
"26/01/2021 15:00:00 - 26/01/2021 16:00:00","BZN|SE4","Without Sequence","68.75","",""
"26/01/2021 16:00:00 - 26/01/2021 17:00:00","BZN|SE4","Without Sequence","73.73","",""
"26/01/2021 17:00:00 - 26/01/2021 18:00:00","BZN|SE4","Without Sequence","70.36","",""
"26/01/2021 18:00:00 - 26/01/2021 19:00:00","BZN|SE4","Without Sequence","63.15","",""
"26/01/2021 19:00:00 - 26/01/2021 20:00:00","BZN|SE4","Without Sequence","60.49","",""
"26/01/2021 20:00:00 - 26/01/2021 21:00:00","BZN|SE4","Without Sequence","54.93","",""
"26/01/2021 21:00:00 - 26/01/2021 22:00:00","BZN|SE4","Without Sequence","51.05","",""
"26/01/2021 22:00:00 - 26/01/2021 23:00:00","BZN|SE4","Without Sequence","45.03","",""
"26/01/2021 23:00:00 - 27/01/2021 00:00:00","BZN|SE4","Without Sequence","45.70","",""
"27/01/2021 00:00:00 - 27/01/2021 01:00:00","BZN|SE4","Without Sequence","44.04","",""
"27/01/2021 01:00:00 - 27/01/2021 02:00:00","BZN|SE4","Without Sequence","42.61","",""
"27/01/2021 02:00:00 - 27/01/2021 03:00:00","BZN|SE4","Without Sequence","41.58","",""
"27/01/2021 03:00:00 - 27/01/2021 04:00:00","BZN|SE4","Without Sequence","42.20","",""
"27/01/2021 04:00:00 - 27/01/2021 05:00:00","BZN|SE4","Without Sequence","45.00","",""
"27/01/2021 05:00:00 - 27/01/2021 06:00:00","BZN|SE4","Without Sequence","51.25","",""
"27/01/2021 06:00:00 - 27/01/2021 07:00:00","BZN|SE4","Without Sequence","62.04","",""
"27/01/2021 07:00:00 - 27/01/2021 08:00:00","BZN|SE4","Without Sequence","66.79","",""
"27/01/2021 08:00:00 - 27/01/2021 09:00:00","BZN|SE4","Without Sequence","66.12","",""
"27/01/2021 09:00:00 - 27/01/2021 10:00:00","BZN|SE4","Without Sequence","65.47","",""
"27/01/2021 10:00:00 - 27/01/2021 11:00:00","BZN|SE4","Without Sequence","65.94","",""
"27/01/2021 11:00:00 - 27/01/2021 12:00:00","BZN|SE4","Without Sequence","65.78","",""
"27/01/2021 12:00:00 - 27/01/2021 13:00:00","BZN|SE4","Without Sequence","65.54","",""
"27/01/2021 13:00:00 - 27/01/2021 14:00:00","BZN|SE4","Without Sequence","65.84","",""
"27/01/2021 14:00:00 - 27/01/2021 15:00:00","BZN|SE4","Without Sequence","66.16","",""
"27/01/2021 15:00:00 - 27/01/2021 16:00:00","BZN|SE4","Without Sequence","66.13","",""
"27/01/2021 16:00:00 - 27/01/2021 17:00:00","BZN|SE4","Without Sequence","69.85","",""
"27/01/2021 17:00:00 - 27/01/2021 18:00:00","BZN|SE4","Without Sequence","70.48","",""
"27/01/2021 18:00:00 - 27/01/2021 19:00:00","BZN|SE4","Without Sequence","63.99","",""
"27/01/2021 19:00:00 - 27/01/2021 20:00:00","BZN|SE4","Without Sequence","59.64","",""
"27/01/2021 20:00:00 - 27/01/2021 21:00:00","BZN|SE4","Without Sequence","55.75","",""
"27/01/2021 21:00:00 - 27/01/2021 22:00:00","BZN|SE4","Without Sequence","53.10","",""
"27/01/2021 22:00:00 - 27/01/2021 23:00:00","BZN|SE4","Without Sequence","48.39","",""
"27/01/2021 23:00:00 - 28/01/2021 00:00:00","BZN|SE4","Without Sequence","46.87","",""
"28/01/2021 00:00:00 - 28/01/2021 01:00:00","BZN|SE4","Without Sequence","44.93","",""
"28/01/2021 01:00:00 - 28/01/2021 02:00:00","BZN|SE4","Without Sequence","43.83","",""
"28/01/2021 02:00:00 - 28/01/2021 03:00:00","BZN|SE4","Without Sequence","42.40","",""
"28/01/2021 03:00:00 - 28/01/2021 04:00:00","BZN|SE4","Without Sequence","43.64","",""
"28/01/2021 04:00:00 - 28/01/2021 05:00:00","BZN|SE4","Without Sequence","44.41","",""
"28/01/2021 05:00:00 - 28/01/2021 06:00:00","BZN|SE4","Without Sequence","53.52","",""
"28/01/2021 06:00:00 - 28/01/2021 07:00:00","BZN|SE4","Without Sequence","68.23","",""
"28/01/2021 07:00:00 - 28/01/2021 08:00:00","BZN|SE4","Without Sequence","72.52","",""
"28/01/2021 08:00:00 - 28/01/2021 09:00:00","BZN|SE4","Without Sequence","68.83","",""
"28/01/2021 09:00:00 - 28/01/2021 10:00:00","BZN|SE4","Without Sequence","67.69","",""
"28/01/2021 10:00:00 - 28/01/2021 11:00:00","BZN|SE4","Without Sequence","67.44","",""
"28/01/2021 11:00:00 - 28/01/2021 12:00:00","BZN|SE4","Without Sequence","62.81","",""
"28/01/2021 12:00:00 - 28/01/2021 13:00:00","BZN|SE4","Without Sequence","61.56","",""
"28/01/2021 13:00:00 - 28/01/2021 14:00:00","BZN|SE4","Without Sequence","61.06","",""
"28/01/2021 14:00:00 - 28/01/2021 15:00:00","BZN|SE4","Without Sequence","59.52","",""
"28/01/2021 15:00:00 - 28/01/2021 16:00:00","BZN|SE4","Without Sequence","68.20","",""
"28/01/2021 16:00:00 - 28/01/2021 17:00:00","BZN|SE4","Without Sequence","80.07","",""
"28/01/2021 17:00:00 - 28/01/2021 18:00:00","BZN|SE4","Without Sequence","69.77","",""
"28/01/2021 18:00:00 - 28/01/2021 19:00:00","BZN|SE4","Without Sequence","61.17","",""
"28/01/2021 19:00:00 - 28/01/2021 20:00:00","BZN|SE4","Without Sequence","55.67","",""
"28/01/2021 20:00:00 - 28/01/2021 21:00:00","BZN|SE4","Without Sequence","53.30","",""
"28/01/2021 21:00:00 - 28/01/2021 22:00:00","BZN|SE4","Without Sequence","51.02","",""
"28/01/2021 22:00:00 - 28/01/2021 23:00:00","BZN|SE4","Without Sequence","45.51","",""
"28/01/2021 23:00:00 - 29/01/2021 00:00:00","BZN|SE4","Without Sequence","42.71","",""
"29/01/2021 00:00:00 - 29/01/2021 01:00:00","BZN|SE4","Without Sequence","40.84","",""
"29/01/2021 01:00:00 - 29/01/2021 02:00:00","BZN|SE4","Without Sequence","39.37","",""
"29/01/2021 02:00:00 - 29/01/2021 03:00:00","BZN|SE4","Without Sequence","38.78","",""
"29/01/2021 03:00:00 - 29/01/2021 04:00:00","BZN|SE4","Without Sequence","39.38","",""
"29/01/2021 04:00:00 - 29/01/2021 05:00:00","BZN|SE4","Without Sequence","42.96","",""
"29/01/2021 05:00:00 - 29/01/2021 06:00:00","BZN|SE4","Without Sequence","47.17","",""
"29/01/2021 06:00:00 - 29/01/2021 07:00:00","BZN|SE4","Without Sequence","65.09","",""
"29/01/2021 07:00:00 - 29/01/2021 08:00:00","BZN|SE4","Without Sequence","73.39","",""
"29/01/2021 08:00:00 - 29/01/2021 09:00:00","BZN|SE4","Without Sequence","73.28","",""
"29/01/2021 09:00:00 - 29/01/2021 10:00:00","BZN|SE4","Without Sequence","68.76","",""
"29/01/2021 10:00:00 - 29/01/2021 11:00:00","BZN|SE4","Without Sequence","63.54","",""
"29/01/2021 11:00:00 - 29/01/2021 12:00:00","BZN|SE4","Without Sequence","62.69","",""
"29/01/2021 12:00:00 - 29/01/2021 13:00:00","BZN|SE4","Without Sequence","62.50","",""
"29/01/2021 13:00:00 - 29/01/2021 14:00:00","BZN|SE4","Without Sequence","54.99","",""
"29/01/2021 14:00:00 - 29/01/2021 15:00:00","BZN|SE4","Without Sequence","51.94","",""
"29/01/2021 15:00:00 - 29/01/2021 16:00:00","BZN|SE4","Without Sequence","63.86","",""
"29/01/2021 16:00:00 - 29/01/2021 17:00:00","BZN|SE4","Without Sequence","66.45","",""
"29/01/2021 17:00:00 - 29/01/2021 18:00:00","BZN|SE4","Without Sequence","63.64","",""
"29/01/2021 18:00:00 - 29/01/2021 19:00:00","BZN|SE4","Without Sequence","59.38","",""
"29/01/2021 19:00:00 - 29/01/2021 20:00:00","BZN|SE4","Without Sequence","54.34","",""
"29/01/2021 20:00:00 - 29/01/2021 21:00:00","BZN|SE4","Without Sequence","50.03","",""
"29/01/2021 21:00:00 - 29/01/2021 22:00:00","BZN|SE4","Without Sequence","45.90","",""
"29/01/2021 22:00:00 - 29/01/2021 23:00:00","BZN|SE4","Without Sequence","42.79","",""
"29/01/2021 23:00:00 - 30/01/2021 00:00:00","BZN|SE4","Without Sequence","42.33","",""
"30/01/2021 00:00:00 - 30/01/2021 01:00:00","BZN|SE4","Without Sequence","40.39","",""
"30/01/2021 01:00:00 - 30/01/2021 02:00:00","BZN|SE4","Without Sequence","39.05","",""
"30/01/2021 02:00:00 - 30/01/2021 03:00:00","BZN|SE4","Without Sequence","37.96","",""
"30/01/2021 03:00:00 - 30/01/2021 04:00:00","BZN|SE4","Without Sequence","38.08","",""
"30/01/2021 04:00:00 - 30/01/2021 05:00:00","BZN|SE4","Without Sequence","39.41","",""
"30/01/2021 05:00:00 - 30/01/2021 06:00:00","BZN|SE4","Without Sequence","41.56","",""
"30/01/2021 06:00:00 - 30/01/2021 07:00:00","BZN|SE4","Without Sequence","43.35","",""
"30/01/2021 07:00:00 - 30/01/2021 08:00:00","BZN|SE4","Without Sequence","48.74","",""
"30/01/2021 08:00:00 - 30/01/2021 09:00:00","BZN|SE4","Without Sequence","57.73","",""
"30/01/2021 09:00:00 - 30/01/2021 10:00:00","BZN|SE4","Without Sequence","57.81","",""
"30/01/2021 10:00:00 - 30/01/2021 11:00:00","BZN|SE4","Without Sequence","57.78","",""
"30/01/2021 11:00:00 - 30/01/2021 12:00:00","BZN|SE4","Without Sequence","55.13","",""
"30/01/2021 12:00:00 - 30/01/2021 13:00:00","BZN|SE4","Without Sequence","50.60","",""
"30/01/2021 13:00:00 - 30/01/2021 14:00:00","BZN|SE4","Without Sequence","47.99","",""
"30/01/2021 14:00:00 - 30/01/2021 15:00:00","BZN|SE4","Without Sequence","48.05","",""
"30/01/2021 15:00:00 - 30/01/2021 16:00:00","BZN|SE4","Without Sequence","56.58","",""
"30/01/2021 16:00:00 - 30/01/2021 17:00:00","BZN|SE4","Without Sequence","60.58","",""
"30/01/2021 17:00:00 - 30/01/2021 18:00:00","BZN|SE4","Without Sequence","61.65","",""
"30/01/2021 18:00:00 - 30/01/2021 19:00:00","BZN|SE4","Without Sequence","59.62","",""
"30/01/2021 19:00:00 - 30/01/2021 20:00:00","BZN|SE4","Without Sequence","52.78","",""
"30/01/2021 20:00:00 - 30/01/2021 21:00:00","BZN|SE4","Without Sequence","46.96","",""
"30/01/2021 21:00:00 - 30/01/2021 22:00:00","BZN|SE4","Without Sequence","46.98","",""
"30/01/2021 22:00:00 - 30/01/2021 23:00:00","BZN|SE4","Without Sequence","42.30","",""
"30/01/2021 23:00:00 - 31/01/2021 00:00:00","BZN|SE4","Without Sequence","42.08","",""
"31/01/2021 00:00:00 - 31/01/2021 01:00:00","BZN|SE4","Without Sequence","40.98","",""
"31/01/2021 01:00:00 - 31/01/2021 02:00:00","BZN|SE4","Without Sequence","40.51","",""
"31/01/2021 02:00:00 - 31/01/2021 03:00:00","BZN|SE4","Without Sequence","39.50","",""
"31/01/2021 03:00:00 - 31/01/2021 04:00:00","BZN|SE4","Without Sequence","39.55","",""
"31/01/2021 04:00:00 - 31/01/2021 05:00:00","BZN|SE4","Without Sequence","40.62","",""
"31/01/2021 05:00:00 - 31/01/2021 06:00:00","BZN|SE4","Without Sequence","40.82","",""
"31/01/2021 06:00:00 - 31/01/2021 07:00:00","BZN|SE4","Without Sequence","41.29","",""
"31/01/2021 07:00:00 - 31/01/2021 08:00:00","BZN|SE4","Without Sequence","44.85","",""
"31/01/2021 08:00:00 - 31/01/2021 09:00:00","BZN|SE4","Without Sequence","49.15","",""
"31/01/2021 09:00:00 - 31/01/2021 10:00:00","BZN|SE4","Without Sequence","50.73","",""
"31/01/2021 10:00:00 - 31/01/2021 11:00:00","BZN|SE4","Without Sequence","51.14","",""
"31/01/2021 11:00:00 - 31/01/2021 12:00:00","BZN|SE4","Without Sequence","50.37","",""
"31/01/2021 12:00:00 - 31/01/2021 13:00:00","BZN|SE4","Without Sequence","46.43","",""
"31/01/2021 13:00:00 - 31/01/2021 14:00:00","BZN|SE4","Without Sequence","45.95","",""
"31/01/2021 14:00:00 - 31/01/2021 15:00:00","BZN|SE4","Without Sequence","47.92","",""
"31/01/2021 15:00:00 - 31/01/2021 16:00:00","BZN|SE4","Without Sequence","52.92","",""
"31/01/2021 16:00:00 - 31/01/2021 17:00:00","BZN|SE4","Without Sequence","64.46","",""
"31/01/2021 17:00:00 - 31/01/2021 18:00:00","BZN|SE4","Without Sequence","63.88","",""
"31/01/2021 18:00:00 - 31/01/2021 19:00:00","BZN|SE4","Without Sequence","62.35","",""
"31/01/2021 19:00:00 - 31/01/2021 20:00:00","BZN|SE4","Without Sequence","57.99","",""
"31/01/2021 20:00:00 - 31/01/2021 21:00:00","BZN|SE4","Without Sequence","51.34","",""
"31/01/2021 21:00:00 - 31/01/2021 22:00:00","BZN|SE4","Without Sequence","49.28","",""
"31/01/2021 22:00:00 - 31/01/2021 23:00:00","BZN|SE4","Without Sequence","45.36","",""
"31/01/2021 23:00:00 - 01/02/2021 00:00:00","BZN|SE4","Without Sequence","42.55","",""
"01/02/2021 00:00:00 - 01/02/2021 01:00:00","BZN|SE4","Without Sequence","40.98","",""
"01/02/2021 01:00:00 - 01/02/2021 02:00:00","BZN|SE4","Without Sequence","40.94","",""
"01/02/2021 02:00:00 - 01/02/2021 03:00:00","BZN|SE4","Without Sequence","40.02","",""
"01/02/2021 03:00:00 - 01/02/2021 04:00:00","BZN|SE4","Without Sequence","40.76","",""
"01/02/2021 04:00:00 - 01/02/2021 05:00:00","BZN|SE4","Without Sequence","48.31","",""
"01/02/2021 05:00:00 - 01/02/2021 06:00:00","BZN|SE4","Without Sequence","59.42","",""
"01/02/2021 06:00:00 - 01/02/2021 07:00:00","BZN|SE4","Without Sequence","149.95","",""
"01/02/2021 07:00:00 - 01/02/2021 08:00:00","BZN|SE4","Without Sequence","199.94","",""
"01/02/2021 08:00:00 - 01/02/2021 09:00:00","BZN|SE4","Without Sequence","165.79","",""
"01/02/2021 09:00:00 - 01/02/2021 10:00:00","BZN|SE4","Without Sequence","125.54","",""
"01/02/2021 10:00:00 - 01/02/2021 11:00:00","BZN|SE4","Without Sequence","67.18","",""
"01/02/2021 11:00:00 - 01/02/2021 12:00:00","BZN|SE4","Without Sequence","66.04","",""
"01/02/2021 12:00:00 - 01/02/2021 13:00:00","BZN|SE4","Without Sequence","66.35","",""
"01/02/2021 13:00:00 - 01/02/2021 14:00:00","BZN|SE4","Without Sequence","78.45","",""
"01/02/2021 14:00:00 - 01/02/2021 15:00:00","BZN|SE4","Without Sequence","86.08","",""
"01/02/2021 15:00:00 - 01/02/2021 16:00:00","BZN|SE4","Without Sequence","140.02","",""
"01/02/2021 16:00:00 - 01/02/2021 17:00:00","BZN|SE4","Without Sequence","199.94","",""
"01/02/2021 17:00:00 - 01/02/2021 18:00:00","BZN|SE4","Without Sequence","119.03","",""
"01/02/2021 18:00:00 - 01/02/2021 19:00:00","BZN|SE4","Without Sequence","70.47","",""
"01/02/2021 19:00:00 - 01/02/2021 20:00:00","BZN|SE4","Without Sequence","62.29","",""
"01/02/2021 20:00:00 - 01/02/2021 21:00:00","BZN|SE4","Without Sequence","56.36","",""
"01/02/2021 21:00:00 - 01/02/2021 22:00:00","BZN|SE4","Without Sequence","55.25","",""
"01/02/2021 22:00:00 - 01/02/2021 23:00:00","BZN|SE4","Without Sequence","49.40","",""
"01/02/2021 23:00:00 - 02/02/2021 00:00:00","BZN|SE4","Without Sequence","46.13","",""
"02/02/2021 00:00:00 - 02/02/2021 01:00:00","BZN|SE4","Without Sequence","45.05","",""
"02/02/2021 01:00:00 - 02/02/2021 02:00:00","BZN|SE4","Without Sequence","43.59","",""
"02/02/2021 02:00:00 - 02/02/2021 03:00:00","BZN|SE4","Without Sequence","42.44","",""
"02/02/2021 03:00:00 - 02/02/2021 04:00:00","BZN|SE4","Without Sequence","43.98","",""
"02/02/2021 04:00:00 - 02/02/2021 05:00:00","BZN|SE4","Without Sequence","47.72","",""
"02/02/2021 05:00:00 - 02/02/2021 06:00:00","BZN|SE4","Without Sequence","62.46","",""
"02/02/2021 06:00:00 - 02/02/2021 07:00:00","BZN|SE4","Without Sequence","116.50","",""
"02/02/2021 07:00:00 - 02/02/2021 08:00:00","BZN|SE4","Without Sequence","152.25","",""
"02/02/2021 08:00:00 - 02/02/2021 09:00:00","BZN|SE4","Without Sequence","119.43","",""
"02/02/2021 09:00:00 - 02/02/2021 10:00:00","BZN|SE4","Without Sequence","100.08","",""
"02/02/2021 10:00:00 - 02/02/2021 11:00:00","BZN|SE4","Without Sequence","66.77","",""
"02/02/2021 11:00:00 - 02/02/2021 12:00:00","BZN|SE4","Without Sequence","63.99","",""
"02/02/2021 12:00:00 - 02/02/2021 13:00:00","BZN|SE4","Without Sequence","62.58","",""
"02/02/2021 13:00:00 - 02/02/2021 14:00:00","BZN|SE4","Without Sequence","64.43","",""
"02/02/2021 14:00:00 - 02/02/2021 15:00:00","BZN|SE4","Without Sequence","64.75","",""
"02/02/2021 15:00:00 - 02/02/2021 16:00:00","BZN|SE4","Without Sequence","78.94","",""
"02/02/2021 16:00:00 - 02/02/2021 17:00:00","BZN|SE4","Without Sequence","89.28","",""
"02/02/2021 17:00:00 - 02/02/2021 18:00:00","BZN|SE4","Without Sequence","66.01","",""
"02/02/2021 18:00:00 - 02/02/2021 19:00:00","BZN|SE4","Without Sequence","60.11","",""
"02/02/2021 19:00:00 - 02/02/2021 20:00:00","BZN|SE4","Without Sequence","51.19","",""
"02/02/2021 20:00:00 - 02/02/2021 21:00:00","BZN|SE4","Without Sequence","48.64","",""
"02/02/2021 21:00:00 - 02/02/2021 22:00:00","BZN|SE4","Without Sequence","46.54","",""
"02/02/2021 22:00:00 - 02/02/2021 23:00:00","BZN|SE4","Without Sequence","41.98","",""
"02/02/2021 23:00:00 - 03/02/2021 00:00:00","BZN|SE4","Without Sequence","38.69","",""
"03/02/2021 00:00:00 - 03/02/2021 01:00:00","BZN|SE4","Without Sequence","37.53","",""
"03/02/2021 01:00:00 - 03/02/2021 02:00:00","BZN|SE4","Without Sequence","36.73","",""
"03/02/2021 02:00:00 - 03/02/2021 03:00:00","BZN|SE4","Without Sequence","36.91","",""
"03/02/2021 03:00:00 - 03/02/2021 04:00:00","BZN|SE4","Without Sequence","38.69","",""
"03/02/2021 04:00:00 - 03/02/2021 05:00:00","BZN|SE4","Without Sequence","41.23","",""
"03/02/2021 05:00:00 - 03/02/2021 06:00:00","BZN|SE4","Without Sequence","45.04","",""
"03/02/2021 06:00:00 - 03/02/2021 07:00:00","BZN|SE4","Without Sequence","68.71","",""
"03/02/2021 07:00:00 - 03/02/2021 08:00:00","BZN|SE4","Without Sequence","84.84","",""
"03/02/2021 08:00:00 - 03/02/2021 09:00:00","BZN|SE4","Without Sequence","73.97","",""
"03/02/2021 09:00:00 - 03/02/2021 10:00:00","BZN|SE4","Without Sequence","84.88","",""
"03/02/2021 10:00:00 - 03/02/2021 11:00:00","BZN|SE4","Without Sequence","61.56","",""
"03/02/2021 11:00:00 - 03/02/2021 12:00:00","BZN|SE4","Without Sequence","59.89","",""
"03/02/2021 12:00:00 - 03/02/2021 13:00:00","BZN|SE4","Without Sequence","58.92","",""
"03/02/2021 13:00:00 - 03/02/2021 14:00:00","BZN|SE4","Without Sequence","50.07","",""
"03/02/2021 14:00:00 - 03/02/2021 15:00:00","BZN|SE4","Without Sequence","49.01","",""
"03/02/2021 15:00:00 - 03/02/2021 16:00:00","BZN|SE4","Without Sequence","55.05","",""
"03/02/2021 16:00:00 - 03/02/2021 17:00:00","BZN|SE4","Without Sequence","68.88","",""
"03/02/2021 17:00:00 - 03/02/2021 18:00:00","BZN|SE4","Without Sequence","54.56","",""
"03/02/2021 18:00:00 - 03/02/2021 19:00:00","BZN|SE4","Without Sequence","50.86","",""
"03/02/2021 19:00:00 - 03/02/2021 20:00:00","BZN|SE4","Without Sequence","43.71","",""
"03/02/2021 20:00:00 - 03/02/2021 21:00:00","BZN|SE4","Without Sequence","41.79","",""
"03/02/2021 21:00:00 - 03/02/2021 22:00:00","BZN|SE4","Without Sequence","40.15","",""
"03/02/2021 22:00:00 - 03/02/2021 23:00:00","BZN|SE4","Without Sequence","36.93","",""
"03/02/2021 23:00:00 - 04/02/2021 00:00:00","BZN|SE4","Without Sequence","34.95","",""
"04/02/2021 00:00:00 - 04/02/2021 01:00:00","BZN|SE4","Without Sequence","34.46","",""
"04/02/2021 01:00:00 - 04/02/2021 02:00:00","BZN|SE4","Without Sequence","33.94","",""
"04/02/2021 02:00:00 - 04/02/2021 03:00:00","BZN|SE4","Without Sequence","34.56","",""
"04/02/2021 03:00:00 - 04/02/2021 04:00:00","BZN|SE4","Without Sequence","36.97","",""
"04/02/2021 04:00:00 - 04/02/2021 05:00:00","BZN|SE4","Without Sequence","39.53","",""
"04/02/2021 05:00:00 - 04/02/2021 06:00:00","BZN|SE4","Without Sequence","48.32","",""
"04/02/2021 06:00:00 - 04/02/2021 07:00:00","BZN|SE4","Without Sequence","62.71","",""
"04/02/2021 07:00:00 - 04/02/2021 08:00:00","BZN|SE4","Without Sequence","84.86","",""
"04/02/2021 08:00:00 - 04/02/2021 09:00:00","BZN|SE4","Without Sequence","80.09","",""
"04/02/2021 09:00:00 - 04/02/2021 10:00:00","BZN|SE4","Without Sequence","84.85","",""
"04/02/2021 10:00:00 - 04/02/2021 11:00:00","BZN|SE4","Without Sequence","60.03","",""
"04/02/2021 11:00:00 - 04/02/2021 12:00:00","BZN|SE4","Without Sequence","58.99","",""
"04/02/2021 12:00:00 - 04/02/2021 13:00:00","BZN|SE4","Without Sequence","60.06","",""
"04/02/2021 13:00:00 - 04/02/2021 14:00:00","BZN|SE4","Without Sequence","63.30","",""
"04/02/2021 14:00:00 - 04/02/2021 15:00:00","BZN|SE4","Without Sequence","63.37","",""
"04/02/2021 15:00:00 - 04/02/2021 16:00:00","BZN|SE4","Without Sequence","66.56","",""
"04/02/2021 16:00:00 - 04/02/2021 17:00:00","BZN|SE4","Without Sequence","100.94","",""
"04/02/2021 17:00:00 - 04/02/2021 18:00:00","BZN|SE4","Without Sequence","89.30","",""
"04/02/2021 18:00:00 - 04/02/2021 19:00:00","BZN|SE4","Without Sequence","67.51","",""
"04/02/2021 19:00:00 - 04/02/2021 20:00:00","BZN|SE4","Without Sequence","60.20","",""
"04/02/2021 20:00:00 - 04/02/2021 21:00:00","BZN|SE4","Without Sequence","54.22","",""
"04/02/2021 21:00:00 - 04/02/2021 22:00:00","BZN|SE4","Without Sequence","52.26","",""
"04/02/2021 22:00:00 - 04/02/2021 23:00:00","BZN|SE4","Without Sequence","46.22","",""
"04/02/2021 23:00:00 - 05/02/2021 00:00:00","BZN|SE4","Without Sequence","45.57","",""
"05/02/2021 00:00:00 - 05/02/2021 01:00:00","BZN|SE4","Without Sequence","44.01","",""
"05/02/2021 01:00:00 - 05/02/2021 02:00:00","BZN|SE4","Without Sequence","42.24","",""
"05/02/2021 02:00:00 - 05/02/2021 03:00:00","BZN|SE4","Without Sequence","41.20","",""
"05/02/2021 03:00:00 - 05/02/2021 04:00:00","BZN|SE4","Without Sequence","41.50","",""
"05/02/2021 04:00:00 - 05/02/2021 05:00:00","BZN|SE4","Without Sequence","43.74","",""
"05/02/2021 05:00:00 - 05/02/2021 06:00:00","BZN|SE4","Without Sequence","74.59","",""
"05/02/2021 06:00:00 - 05/02/2021 07:00:00","BZN|SE4","Without Sequence","170.55","",""
"05/02/2021 07:00:00 - 05/02/2021 08:00:00","BZN|SE4","Without Sequence","200.02","",""
"05/02/2021 08:00:00 - 05/02/2021 09:00:00","BZN|SE4","Without Sequence","197.22","",""
"05/02/2021 09:00:00 - 05/02/2021 10:00:00","BZN|SE4","Without Sequence","180.22","",""
"05/02/2021 10:00:00 - 05/02/2021 11:00:00","BZN|SE4","Without Sequence","69.66","",""
"05/02/2021 11:00:00 - 05/02/2021 12:00:00","BZN|SE4","Without Sequence","64.48","",""
"05/02/2021 12:00:00 - 05/02/2021 13:00:00","BZN|SE4","Without Sequence","64.60","",""
"05/02/2021 13:00:00 - 05/02/2021 14:00:00","BZN|SE4","Without Sequence","64.92","",""
"05/02/2021 14:00:00 - 05/02/2021 15:00:00","BZN|SE4","Without Sequence","64.23","",""
"05/02/2021 15:00:00 - 05/02/2021 16:00:00","BZN|SE4","Without Sequence","67.47","",""
"05/02/2021 16:00:00 - 05/02/2021 17:00:00","BZN|SE4","Without Sequence","89.22","",""
"05/02/2021 17:00:00 - 05/02/2021 18:00:00","BZN|SE4","Without Sequence","72.08","",""
"05/02/2021 18:00:00 - 05/02/2021 19:00:00","BZN|SE4","Without Sequence","58.87","",""
"05/02/2021 19:00:00 - 05/02/2021 20:00:00","BZN|SE4","Without Sequence","51.10","",""
"05/02/2021 20:00:00 - 05/02/2021 21:00:00","BZN|SE4","Without Sequence","49.89","",""
"05/02/2021 21:00:00 - 05/02/2021 22:00:00","BZN|SE4","Without Sequence","48.49","",""
"05/02/2021 22:00:00 - 05/02/2021 23:00:00","BZN|SE4","Without Sequence","43.58","",""
"05/02/2021 23:00:00 - 06/02/2021 00:00:00","BZN|SE4","Without Sequence","40.68","",""
"06/02/2021 00:00:00 - 06/02/2021 01:00:00","BZN|SE4","Without Sequence","39.96","",""
"06/02/2021 01:00:00 - 06/02/2021 02:00:00","BZN|SE4","Without Sequence","39.27","",""
"06/02/2021 02:00:00 - 06/02/2021 03:00:00","BZN|SE4","Without Sequence","38.65","",""
"06/02/2021 03:00:00 - 06/02/2021 04:00:00","BZN|SE4","Without Sequence","38.92","",""
"06/02/2021 04:00:00 - 06/02/2021 05:00:00","BZN|SE4","Without Sequence","39.91","",""
"06/02/2021 05:00:00 - 06/02/2021 06:00:00","BZN|SE4","Without Sequence","40.77","",""
"06/02/2021 06:00:00 - 06/02/2021 07:00:00","BZN|SE4","Without Sequence","41.87","",""
"06/02/2021 07:00:00 - 06/02/2021 08:00:00","BZN|SE4","Without Sequence","42.92","",""
"06/02/2021 08:00:00 - 06/02/2021 09:00:00","BZN|SE4","Without Sequence","50.02","",""
"06/02/2021 09:00:00 - 06/02/2021 10:00:00","BZN|SE4","Without Sequence","55.65","",""
"06/02/2021 10:00:00 - 06/02/2021 11:00:00","BZN|SE4","Without Sequence","53.16","",""
"06/02/2021 11:00:00 - 06/02/2021 12:00:00","BZN|SE4","Without Sequence","50.11","",""
"06/02/2021 12:00:00 - 06/02/2021 13:00:00","BZN|SE4","Without Sequence","48.31","",""
"06/02/2021 13:00:00 - 06/02/2021 14:00:00","BZN|SE4","Without Sequence","46.63","",""
"06/02/2021 14:00:00 - 06/02/2021 15:00:00","BZN|SE4","Without Sequence","46.79","",""
"06/02/2021 15:00:00 - 06/02/2021 16:00:00","BZN|SE4","Without Sequence","48.04","",""
"06/02/2021 16:00:00 - 06/02/2021 17:00:00","BZN|SE4","Without Sequence","62.13","",""
"06/02/2021 17:00:00 - 06/02/2021 18:00:00","BZN|SE4","Without Sequence","58.34","",""
"06/02/2021 18:00:00 - 06/02/2021 19:00:00","BZN|SE4","Without Sequence","47.91","",""
"06/02/2021 19:00:00 - 06/02/2021 20:00:00","BZN|SE4","Without Sequence","42.46","",""
"06/02/2021 20:00:00 - 06/02/2021 21:00:00","BZN|SE4","Without Sequence","41.49","",""
"06/02/2021 21:00:00 - 06/02/2021 22:00:00","BZN|SE4","Without Sequence","40.71","",""
"06/02/2021 22:00:00 - 06/02/2021 23:00:00","BZN|SE4","Without Sequence","39.63","",""
"06/02/2021 23:00:00 - 07/02/2021 00:00:00","BZN|SE4","Without Sequence","40.01","",""
"07/02/2021 00:00:00 - 07/02/2021 01:00:00","BZN|SE4","Without Sequence","38.59","",""
"07/02/2021 01:00:00 - 07/02/2021 02:00:00","BZN|SE4","Without Sequence","37.92","",""
"07/02/2021 02:00:00 - 07/02/2021 03:00:00","BZN|SE4","Without Sequence","36.97","",""
"07/02/2021 03:00:00 - 07/02/2021 04:00:00","BZN|SE4","Without Sequence","37.24","",""
"07/02/2021 04:00:00 - 07/02/2021 05:00:00","BZN|SE4","Without Sequence","38.42","",""
"07/02/2021 05:00:00 - 07/02/2021 06:00:00","BZN|SE4","Without Sequence","38.13","",""
"07/02/2021 06:00:00 - 07/02/2021 07:00:00","BZN|SE4","Without Sequence","38.70","",""
"07/02/2021 07:00:00 - 07/02/2021 08:00:00","BZN|SE4","Without Sequence","40.54","",""
"07/02/2021 08:00:00 - 07/02/2021 09:00:00","BZN|SE4","Without Sequence","41.43","",""
"07/02/2021 09:00:00 - 07/02/2021 10:00:00","BZN|SE4","Without Sequence","41.71","",""
"07/02/2021 10:00:00 - 07/02/2021 11:00:00","BZN|SE4","Without Sequence","41.79","",""
"07/02/2021 11:00:00 - 07/02/2021 12:00:00","BZN|SE4","Without Sequence","41.70","",""
"07/02/2021 12:00:00 - 07/02/2021 13:00:00","BZN|SE4","Without Sequence","41.40","",""
"07/02/2021 13:00:00 - 07/02/2021 14:00:00","BZN|SE4","Without Sequence","40.82","",""
"07/02/2021 14:00:00 - 07/02/2021 15:00:00","BZN|SE4","Without Sequence","40.94","",""
"07/02/2021 15:00:00 - 07/02/2021 16:00:00","BZN|SE4","Without Sequence","42.06","",""
"07/02/2021 16:00:00 - 07/02/2021 17:00:00","BZN|SE4","Without Sequence","44.76","",""
"07/02/2021 17:00:00 - 07/02/2021 18:00:00","BZN|SE4","Without Sequence","45.65","",""
"07/02/2021 18:00:00 - 07/02/2021 19:00:00","BZN|SE4","Without Sequence","44.08","",""
"07/02/2021 19:00:00 - 07/02/2021 20:00:00","BZN|SE4","Without Sequence","41.74","",""
"07/02/2021 20:00:00 - 07/02/2021 21:00:00","BZN|SE4","Without Sequence","41.56","",""
"07/02/2021 21:00:00 - 07/02/2021 22:00:00","BZN|SE4","Without Sequence","40.76","",""
"07/02/2021 22:00:00 - 07/02/2021 23:00:00","BZN|SE4","Without Sequence","38.83","",""
"07/02/2021 23:00:00 - 08/02/2021 00:00:00","BZN|SE4","Without Sequence","40.06","",""
"08/02/2021 00:00:00 - 08/02/2021 01:00:00","BZN|SE4","Without Sequence","39.42","",""
"08/02/2021 01:00:00 - 08/02/2021 02:00:00","BZN|SE4","Without Sequence","39.00","",""
"08/02/2021 02:00:00 - 08/02/2021 03:00:00","BZN|SE4","Without Sequence","39.25","",""
"08/02/2021 03:00:00 - 08/02/2021 04:00:00","BZN|SE4","Without Sequence","40.52","",""
"08/02/2021 04:00:00 - 08/02/2021 05:00:00","BZN|SE4","Without Sequence","44.65","",""
"08/02/2021 05:00:00 - 08/02/2021 06:00:00","BZN|SE4","Without Sequence","46.15","",""
"08/02/2021 06:00:00 - 08/02/2021 07:00:00","BZN|SE4","Without Sequence","67.15","",""
"08/02/2021 07:00:00 - 08/02/2021 08:00:00","BZN|SE4","Without Sequence","82.34","",""
"08/02/2021 08:00:00 - 08/02/2021 09:00:00","BZN|SE4","Without Sequence","80.01","",""
"08/02/2021 09:00:00 - 08/02/2021 10:00:00","BZN|SE4","Without Sequence","69.91","",""
"08/02/2021 10:00:00 - 08/02/2021 11:00:00","BZN|SE4","Without Sequence","65.02","",""
"08/02/2021 11:00:00 - 08/02/2021 12:00:00","BZN|SE4","Without Sequence","62.20","",""
"08/02/2021 12:00:00 - 08/02/2021 13:00:00","BZN|SE4","Without Sequence","58.84","",""
"08/02/2021 13:00:00 - 08/02/2021 14:00:00","BZN|SE4","Without Sequence","50.08","",""
"08/02/2021 14:00:00 - 08/02/2021 15:00:00","BZN|SE4","Without Sequence","56.32","",""
"08/02/2021 15:00:00 - 08/02/2021 16:00:00","BZN|SE4","Without Sequence","56.41","",""
"08/02/2021 16:00:00 - 08/02/2021 17:00:00","BZN|SE4","Without Sequence","75.00","",""
"08/02/2021 17:00:00 - 08/02/2021 18:00:00","BZN|SE4","Without Sequence","69.90","",""
"08/02/2021 18:00:00 - 08/02/2021 19:00:00","BZN|SE4","Without Sequence","63.14","",""
"08/02/2021 19:00:00 - 08/02/2021 20:00:00","BZN|SE4","Without Sequence","55.56","",""
"08/02/2021 20:00:00 - 08/02/2021 21:00:00","BZN|SE4","Without Sequence","49.83","",""
"08/02/2021 21:00:00 - 08/02/2021 22:00:00","BZN|SE4","Without Sequence","47.93","",""
"08/02/2021 22:00:00 - 08/02/2021 23:00:00","BZN|SE4","Without Sequence","45.02","",""
"08/02/2021 23:00:00 - 09/02/2021 00:00:00","BZN|SE4","Without Sequence","46.68","",""
"09/02/2021 00:00:00 - 09/02/2021 01:00:00","BZN|SE4","Without Sequence","46.50","",""
"09/02/2021 01:00:00 - 09/02/2021 02:00:00","BZN|SE4","Without Sequence","46.47","",""
"09/02/2021 02:00:00 - 09/02/2021 03:00:00","BZN|SE4","Without Sequence","46.05","",""
"09/02/2021 03:00:00 - 09/02/2021 04:00:00","BZN|SE4","Without Sequence","46.40","",""
"09/02/2021 04:00:00 - 09/02/2021 05:00:00","BZN|SE4","Without Sequence","47.97","",""
"09/02/2021 05:00:00 - 09/02/2021 06:00:00","BZN|SE4","Without Sequence","58.16","",""
"09/02/2021 06:00:00 - 09/02/2021 07:00:00","BZN|SE4","Without Sequence","83.58","",""
"09/02/2021 07:00:00 - 09/02/2021 08:00:00","BZN|SE4","Without Sequence","109.87","",""
"09/02/2021 08:00:00 - 09/02/2021 09:00:00","BZN|SE4","Without Sequence","87.00","",""
"09/02/2021 09:00:00 - 09/02/2021 10:00:00","BZN|SE4","Without Sequence","81.95","",""
"09/02/2021 10:00:00 - 09/02/2021 11:00:00","BZN|SE4","Without Sequence","75.51","",""
"09/02/2021 11:00:00 - 09/02/2021 12:00:00","BZN|SE4","Without Sequence","71.61","",""
"09/02/2021 12:00:00 - 09/02/2021 13:00:00","BZN|SE4","Without Sequence","70.26","",""
"09/02/2021 13:00:00 - 09/02/2021 14:00:00","BZN|SE4","Without Sequence","70.37","",""
"09/02/2021 14:00:00 - 09/02/2021 15:00:00","BZN|SE4","Without Sequence","71.82","",""
"09/02/2021 15:00:00 - 09/02/2021 16:00:00","BZN|SE4","Without Sequence","72.77","",""
"09/02/2021 16:00:00 - 09/02/2021 17:00:00","BZN|SE4","Without Sequence","109.91","",""
"09/02/2021 17:00:00 - 09/02/2021 18:00:00","BZN|SE4","Without Sequence","114.34","",""
"09/02/2021 18:00:00 - 09/02/2021 19:00:00","BZN|SE4","Without Sequence","74.80","",""
"09/02/2021 19:00:00 - 09/02/2021 20:00:00","BZN|SE4","Without Sequence","68.78","",""
"09/02/2021 20:00:00 - 09/02/2021 21:00:00","BZN|SE4","Without Sequence","58.01","",""
"09/02/2021 21:00:00 - 09/02/2021 22:00:00","BZN|SE4","Without Sequence","55.67","",""
"09/02/2021 22:00:00 - 09/02/2021 23:00:00","BZN|SE4","Without Sequence","50.09","",""
"09/02/2021 23:00:00 - 10/02/2021 00:00:00","BZN|SE4","Without Sequence","51.50","",""
"10/02/2021 00:00:00 - 10/02/2021 01:00:00","BZN|SE4","Without Sequence","49.55","",""
"10/02/2021 01:00:00 - 10/02/2021 02:00:00","BZN|SE4","Without Sequence","48.35","",""
"10/02/2021 02:00:00 - 10/02/2021 03:00:00","BZN|SE4","Without Sequence","47.50","",""
"10/02/2021 03:00:00 - 10/02/2021 04:00:00","BZN|SE4","Without Sequence","47.68","",""
"10/02/2021 04:00:00 - 10/02/2021 05:00:00","BZN|SE4","Without Sequence","49.20","",""
"10/02/2021 05:00:00 - 10/02/2021 06:00:00","BZN|SE4","Without Sequence","60.00","",""
"10/02/2021 06:00:00 - 10/02/2021 07:00:00","BZN|SE4","Without Sequence","80.05","",""
"10/02/2021 07:00:00 - 10/02/2021 08:00:00","BZN|SE4","Without Sequence","94.60","",""
"10/02/2021 08:00:00 - 10/02/2021 09:00:00","BZN|SE4","Without Sequence","98.62","",""
"10/02/2021 09:00:00 - 10/02/2021 10:00:00","BZN|SE4","Without Sequence","93.68","",""
"10/02/2021 10:00:00 - 10/02/2021 11:00:00","BZN|SE4","Without Sequence","88.32","",""
"10/02/2021 11:00:00 - 10/02/2021 12:00:00","BZN|SE4","Without Sequence","79.99","",""
"10/02/2021 12:00:00 - 10/02/2021 13:00:00","BZN|SE4","Without Sequence","75.91","",""
"10/02/2021 13:00:00 - 10/02/2021 14:00:00","BZN|SE4","Without Sequence","74.96","",""
"10/02/2021 14:00:00 - 10/02/2021 15:00:00","BZN|SE4","Without Sequence","76.19","",""
"10/02/2021 15:00:00 - 10/02/2021 16:00:00","BZN|SE4","Without Sequence","80.18","",""
"10/02/2021 16:00:00 - 10/02/2021 17:00:00","BZN|SE4","Without Sequence","94.15","",""
"10/02/2021 17:00:00 - 10/02/2021 18:00:00","BZN|SE4","Without Sequence","109.86","",""
"10/02/2021 18:00:00 - 10/02/2021 19:00:00","BZN|SE4","Without Sequence","88.09","",""
"10/02/2021 19:00:00 - 10/02/2021 20:00:00","BZN|SE4","Without Sequence","73.26","",""
"10/02/2021 20:00:00 - 10/02/2021 21:00:00","BZN|SE4","Without Sequence","64.19","",""
"10/02/2021 21:00:00 - 10/02/2021 22:00:00","BZN|SE4","Without Sequence","58.65","",""
"10/02/2021 22:00:00 - 10/02/2021 23:00:00","BZN|SE4","Without Sequence","53.14","",""
"10/02/2021 23:00:00 - 11/02/2021 00:00:00","BZN|SE4","Without Sequence","55.64","",""
"11/02/2021 00:00:00 - 11/02/2021 01:00:00","BZN|SE4","Without Sequence","53.13","",""
"11/02/2021 01:00:00 - 11/02/2021 02:00:00","BZN|SE4","Without Sequence","51.66","",""
"11/02/2021 02:00:00 - 11/02/2021 03:00:00","BZN|SE4","Without Sequence","50.04","",""
"11/02/2021 03:00:00 - 11/02/2021 04:00:00","BZN|SE4","Without Sequence","50.02","",""
"11/02/2021 04:00:00 - 11/02/2021 05:00:00","BZN|SE4","Without Sequence","57.41","",""
"11/02/2021 05:00:00 - 11/02/2021 06:00:00","BZN|SE4","Without Sequence","72.64","",""
"11/02/2021 06:00:00 - 11/02/2021 07:00:00","BZN|SE4","Without Sequence","170.38","",""
"11/02/2021 07:00:00 - 11/02/2021 08:00:00","BZN|SE4","Without Sequence","238.70","",""
"11/02/2021 08:00:00 - 11/02/2021 09:00:00","BZN|SE4","Without Sequence","197.77","",""
"11/02/2021 09:00:00 - 11/02/2021 10:00:00","BZN|SE4","Without Sequence","128.94","",""
"11/02/2021 10:00:00 - 11/02/2021 11:00:00","BZN|SE4","Without Sequence","95.68","",""
"11/02/2021 11:00:00 - 11/02/2021 12:00:00","BZN|SE4","Without Sequence","82.50","",""
"11/02/2021 12:00:00 - 11/02/2021 13:00:00","BZN|SE4","Without Sequence","74.99","",""
"11/02/2021 13:00:00 - 11/02/2021 14:00:00","BZN|SE4","Without Sequence","81.30","",""
"11/02/2021 14:00:00 - 11/02/2021 15:00:00","BZN|SE4","Without Sequence","87.68","",""
"11/02/2021 15:00:00 - 11/02/2021 16:00:00","BZN|SE4","Without Sequence","111.60","",""
"11/02/2021 16:00:00 - 11/02/2021 17:00:00","BZN|SE4","Without Sequence","197.19","",""
"11/02/2021 17:00:00 - 11/02/2021 18:00:00","BZN|SE4","Without Sequence","155.40","",""
"11/02/2021 18:00:00 - 11/02/2021 19:00:00","BZN|SE4","Without Sequence","99.31","",""
"11/02/2021 19:00:00 - 11/02/2021 20:00:00","BZN|SE4","Without Sequence","76.16","",""
"11/02/2021 20:00:00 - 11/02/2021 21:00:00","BZN|SE4","Without Sequence","63.83","",""
"11/02/2021 21:00:00 - 11/02/2021 22:00:00","BZN|SE4","Without Sequence","59.10","",""
"11/02/2021 22:00:00 - 11/02/2021 23:00:00","BZN|SE4","Without Sequence","53.69","",""
"11/02/2021 23:00:00 - 12/02/2021 00:00:00","BZN|SE4","Without Sequence","51.05","",""
"12/02/2021 00:00:00 - 12/02/2021 01:00:00","BZN|SE4","Without Sequence","49.09","",""
"12/02/2021 01:00:00 - 12/02/2021 02:00:00","BZN|SE4","Without Sequence","49.22","",""
"12/02/2021 02:00:00 - 12/02/2021 03:00:00","BZN|SE4","Without Sequence","48.14","",""
"12/02/2021 03:00:00 - 12/02/2021 04:00:00","BZN|SE4","Without Sequence","47.77","",""
"12/02/2021 04:00:00 - 12/02/2021 05:00:00","BZN|SE4","Without Sequence","50.17","",""
"12/02/2021 05:00:00 - 12/02/2021 06:00:00","BZN|SE4","Without Sequence","74.32","",""
"12/02/2021 06:00:00 - 12/02/2021 07:00:00","BZN|SE4","Without Sequence","170.30","",""
"12/02/2021 07:00:00 - 12/02/2021 08:00:00","BZN|SE4","Without Sequence","249.98","",""
"12/02/2021 08:00:00 - 12/02/2021 09:00:00","BZN|SE4","Without Sequence","198.22","",""
"12/02/2021 09:00:00 - 12/02/2021 10:00:00","BZN|SE4","Without Sequence","117.97","",""
"12/02/2021 10:00:00 - 12/02/2021 11:00:00","BZN|SE4","Without Sequence","78.02","",""
"12/02/2021 11:00:00 - 12/02/2021 12:00:00","BZN|SE4","Without Sequence","71.04","",""
"12/02/2021 12:00:00 - 12/02/2021 13:00:00","BZN|SE4","Without Sequence","59.48","",""
"12/02/2021 13:00:00 - 12/02/2021 14:00:00","BZN|SE4","Without Sequence","58.81","",""
"12/02/2021 14:00:00 - 12/02/2021 15:00:00","BZN|SE4","Without Sequence","58.16","",""
"12/02/2021 15:00:00 - 12/02/2021 16:00:00","BZN|SE4","Without Sequence","65.73","",""
"12/02/2021 16:00:00 - 12/02/2021 17:00:00","BZN|SE4","Without Sequence","72.99","",""
"12/02/2021 17:00:00 - 12/02/2021 18:00:00","BZN|SE4","Without Sequence","79.95","",""
"12/02/2021 18:00:00 - 12/02/2021 19:00:00","BZN|SE4","Without Sequence","70.14","",""
"12/02/2021 19:00:00 - 12/02/2021 20:00:00","BZN|SE4","Without Sequence","61.26","",""
"12/02/2021 20:00:00 - 12/02/2021 21:00:00","BZN|SE4","Without Sequence","55.48","",""
"12/02/2021 21:00:00 - 12/02/2021 22:00:00","BZN|SE4","Without Sequence","54.01","",""
"12/02/2021 22:00:00 - 12/02/2021 23:00:00","BZN|SE4","Without Sequence","48.54","",""
"12/02/2021 23:00:00 - 13/02/2021 00:00:00","BZN|SE4","Without Sequence","48.07","",""
"13/02/2021 00:00:00 - 13/02/2021 01:00:00","BZN|SE4","Without Sequence","47.14","",""
"13/02/2021 01:00:00 - 13/02/2021 02:00:00","BZN|SE4","Without Sequence","47.02","",""
"13/02/2021 02:00:00 - 13/02/2021 03:00:00","BZN|SE4","Without Sequence","45.58","",""
"13/02/2021 03:00:00 - 13/02/2021 04:00:00","BZN|SE4","Without Sequence","44.68","",""
"13/02/2021 04:00:00 - 13/02/2021 05:00:00","BZN|SE4","Without Sequence","45.42","",""
"13/02/2021 05:00:00 - 13/02/2021 06:00:00","BZN|SE4","Without Sequence","45.72","",""
"13/02/2021 06:00:00 - 13/02/2021 07:00:00","BZN|SE4","Without Sequence","48.87","",""
"13/02/2021 07:00:00 - 13/02/2021 08:00:00","BZN|SE4","Without Sequence","60.02","",""
"13/02/2021 08:00:00 - 13/02/2021 09:00:00","BZN|SE4","Without Sequence","64.54","",""
"13/02/2021 09:00:00 - 13/02/2021 10:00:00","BZN|SE4","Without Sequence","62.67","",""
"13/02/2021 10:00:00 - 13/02/2021 11:00:00","BZN|SE4","Without Sequence","58.71","",""
"13/02/2021 11:00:00 - 13/02/2021 12:00:00","BZN|SE4","Without Sequence","50.06","",""
"13/02/2021 12:00:00 - 13/02/2021 13:00:00","BZN|SE4","Without Sequence","47.16","",""
"13/02/2021 13:00:00 - 13/02/2021 14:00:00","BZN|SE4","Without Sequence","47.07","",""
"13/02/2021 14:00:00 - 13/02/2021 15:00:00","BZN|SE4","Without Sequence","48.34","",""
"13/02/2021 15:00:00 - 13/02/2021 16:00:00","BZN|SE4","Without Sequence","54.79","",""
"13/02/2021 16:00:00 - 13/02/2021 17:00:00","BZN|SE4","Without Sequence","64.38","",""
"13/02/2021 17:00:00 - 13/02/2021 18:00:00","BZN|SE4","Without Sequence","72.96","",""
"13/02/2021 18:00:00 - 13/02/2021 19:00:00","BZN|SE4","Without Sequence","69.00","",""
"13/02/2021 19:00:00 - 13/02/2021 20:00:00","BZN|SE4","Without Sequence","58.49","",""
"13/02/2021 20:00:00 - 13/02/2021 21:00:00","BZN|SE4","Without Sequence","50.92","",""
"13/02/2021 21:00:00 - 13/02/2021 22:00:00","BZN|SE4","Without Sequence","49.24","",""
"13/02/2021 22:00:00 - 13/02/2021 23:00:00","BZN|SE4","Without Sequence","46.34","",""
"13/02/2021 23:00:00 - 14/02/2021 00:00:00","BZN|SE4","Without Sequence","45.72","",""
"14/02/2021 00:00:00 - 14/02/2021 01:00:00","BZN|SE4","Without Sequence","44.61","",""
"14/02/2021 01:00:00 - 14/02/2021 02:00:00","BZN|SE4","Without Sequence","43.60","",""
"14/02/2021 02:00:00 - 14/02/2021 03:00:00","BZN|SE4","Without Sequence","42.90","",""
"14/02/2021 03:00:00 - 14/02/2021 04:00:00","BZN|SE4","Without Sequence","42.37","",""
"14/02/2021 04:00:00 - 14/02/2021 05:00:00","BZN|SE4","Without Sequence","42.14","",""
"14/02/2021 05:00:00 - 14/02/2021 06:00:00","BZN|SE4","Without Sequence","42.53","",""
"14/02/2021 06:00:00 - 14/02/2021 07:00:00","BZN|SE4","Without Sequence","43.61","",""
"14/02/2021 07:00:00 - 14/02/2021 08:00:00","BZN|SE4","Without Sequence","45.97","",""
"14/02/2021 08:00:00 - 14/02/2021 09:00:00","BZN|SE4","Without Sequence","46.40","",""
"14/02/2021 09:00:00 - 14/02/2021 10:00:00","BZN|SE4","Without Sequence","46.13","",""
"14/02/2021 10:00:00 - 14/02/2021 11:00:00","BZN|SE4","Without Sequence","46.07","",""
"14/02/2021 11:00:00 - 14/02/2021 12:00:00","BZN|SE4","Without Sequence","45.13","",""
"14/02/2021 12:00:00 - 14/02/2021 13:00:00","BZN|SE4","Without Sequence","43.59","",""
"14/02/2021 13:00:00 - 14/02/2021 14:00:00","BZN|SE4","Without Sequence","42.52","",""
"14/02/2021 14:00:00 - 14/02/2021 15:00:00","BZN|SE4","Without Sequence","43.84","",""
"14/02/2021 15:00:00 - 14/02/2021 16:00:00","BZN|SE4","Without Sequence","46.11","",""
"14/02/2021 16:00:00 - 14/02/2021 17:00:00","BZN|SE4","Without Sequence","56.39","",""
"14/02/2021 17:00:00 - 14/02/2021 18:00:00","BZN|SE4","Without Sequence","63.56","",""
"14/02/2021 18:00:00 - 14/02/2021 19:00:00","BZN|SE4","Without Sequence","58.50","",""
"14/02/2021 19:00:00 - 14/02/2021 20:00:00","BZN|SE4","Without Sequence","49.53","",""
"14/02/2021 20:00:00 - 14/02/2021 21:00:00","BZN|SE4","Without Sequence","46.26","",""
"14/02/2021 21:00:00 - 14/02/2021 22:00:00","BZN|SE4","Without Sequence","45.74","",""
"14/02/2021 22:00:00 - 14/02/2021 23:00:00","BZN|SE4","Without Sequence","42.80","",""
"14/02/2021 23:00:00 - 15/02/2021 00:00:00","BZN|SE4","Without Sequence","39.15","",""
"15/02/2021 00:00:00 - 15/02/2021 01:00:00","BZN|SE4","Without Sequence","38.62","",""
"15/02/2021 01:00:00 - 15/02/2021 02:00:00","BZN|SE4","Without Sequence","37.98","",""
"15/02/2021 02:00:00 - 15/02/2021 03:00:00","BZN|SE4","Without Sequence","37.49","",""
"15/02/2021 03:00:00 - 15/02/2021 04:00:00","BZN|SE4","Without Sequence","39.05","",""
"15/02/2021 04:00:00 - 15/02/2021 05:00:00","BZN|SE4","Without Sequence","43.91","",""
"15/02/2021 05:00:00 - 15/02/2021 06:00:00","BZN|SE4","Without Sequence","49.69","",""
"15/02/2021 06:00:00 - 15/02/2021 07:00:00","BZN|SE4","Without Sequence","99.95","",""
"15/02/2021 07:00:00 - 15/02/2021 08:00:00","BZN|SE4","Without Sequence","197.97","",""
"15/02/2021 08:00:00 - 15/02/2021 09:00:00","BZN|SE4","Without Sequence","110.86","",""
"15/02/2021 09:00:00 - 15/02/2021 10:00:00","BZN|SE4","Without Sequence","91.52","",""
"15/02/2021 10:00:00 - 15/02/2021 11:00:00","BZN|SE4","Without Sequence","69.73","",""
"15/02/2021 11:00:00 - 15/02/2021 12:00:00","BZN|SE4","Without Sequence","59.32","",""
"15/02/2021 12:00:00 - 15/02/2021 13:00:00","BZN|SE4","Without Sequence","56.44","",""
"15/02/2021 13:00:00 - 15/02/2021 14:00:00","BZN|SE4","Without Sequence","50.28","",""
"15/02/2021 14:00:00 - 15/02/2021 15:00:00","BZN|SE4","Without Sequence","49.14","",""
"15/02/2021 15:00:00 - 15/02/2021 16:00:00","BZN|SE4","Without Sequence","51.02","",""
"15/02/2021 16:00:00 - 15/02/2021 17:00:00","BZN|SE4","Without Sequence","73.49","",""
"15/02/2021 17:00:00 - 15/02/2021 18:00:00","BZN|SE4","Without Sequence","69.72","",""
"15/02/2021 18:00:00 - 15/02/2021 19:00:00","BZN|SE4","Without Sequence","62.40","",""
"15/02/2021 19:00:00 - 15/02/2021 20:00:00","BZN|SE4","Without Sequence","55.66","",""
"15/02/2021 20:00:00 - 15/02/2021 21:00:00","BZN|SE4","Without Sequence","48.20","",""
"15/02/2021 21:00:00 - 15/02/2021 22:00:00","BZN|SE4","Without Sequence","50.01","",""
"15/02/2021 22:00:00 - 15/02/2021 23:00:00","BZN|SE4","Without Sequence","46.11","",""
"15/02/2021 23:00:00 - 16/02/2021 00:00:00","BZN|SE4","Without Sequence","45.18","",""
"16/02/2021 00:00:00 - 16/02/2021 01:00:00","BZN|SE4","Without Sequence","44.28","",""
"16/02/2021 01:00:00 - 16/02/2021 02:00:00","BZN|SE4","Without Sequence","43.52","",""
"16/02/2021 02:00:00 - 16/02/2021 03:00:00","BZN|SE4","Without Sequence","42.22","",""
"16/02/2021 03:00:00 - 16/02/2021 04:00:00","BZN|SE4","Without Sequence","42.35","",""
"16/02/2021 04:00:00 - 16/02/2021 05:00:00","BZN|SE4","Without Sequence","44.97","",""
"16/02/2021 05:00:00 - 16/02/2021 06:00:00","BZN|SE4","Without Sequence","51.68","",""
"16/02/2021 06:00:00 - 16/02/2021 07:00:00","BZN|SE4","Without Sequence","71.10","",""
"16/02/2021 07:00:00 - 16/02/2021 08:00:00","BZN|SE4","Without Sequence","79.05","",""
"16/02/2021 08:00:00 - 16/02/2021 09:00:00","BZN|SE4","Without Sequence","79.91","",""
"16/02/2021 09:00:00 - 16/02/2021 10:00:00","BZN|SE4","Without Sequence","79.95","",""
"16/02/2021 10:00:00 - 16/02/2021 11:00:00","BZN|SE4","Without Sequence","75.03","",""
"16/02/2021 11:00:00 - 16/02/2021 12:00:00","BZN|SE4","Without Sequence","73.57","",""
"16/02/2021 12:00:00 - 16/02/2021 13:00:00","BZN|SE4","Without Sequence","65.06","",""
"16/02/2021 13:00:00 - 16/02/2021 14:00:00","BZN|SE4","Without Sequence","75.03","",""
"16/02/2021 14:00:00 - 16/02/2021 15:00:00","BZN|SE4","Without Sequence","73.09","",""
"16/02/2021 15:00:00 - 16/02/2021 16:00:00","BZN|SE4","Without Sequence","75.98","",""
"16/02/2021 16:00:00 - 16/02/2021 17:00:00","BZN|SE4","Without Sequence","83.91","",""
"16/02/2021 17:00:00 - 16/02/2021 18:00:00","BZN|SE4","Without Sequence","79.96","",""
"16/02/2021 18:00:00 - 16/02/2021 19:00:00","BZN|SE4","Without Sequence","56.63","",""
"16/02/2021 19:00:00 - 16/02/2021 20:00:00","BZN|SE4","Without Sequence","48.86","",""
"16/02/2021 20:00:00 - 16/02/2021 21:00:00","BZN|SE4","Without Sequence","48.24","",""
"16/02/2021 21:00:00 - 16/02/2021 22:00:00","BZN|SE4","Without Sequence","47.38","",""
"16/02/2021 22:00:00 - 16/02/2021 23:00:00","BZN|SE4","Without Sequence","43.05","",""
"16/02/2021 23:00:00 - 17/02/2021 00:00:00","BZN|SE4","Without Sequence","42.01","",""
"17/02/2021 00:00:00 - 17/02/2021 01:00:00","BZN|SE4","Without Sequence","41.36","",""
"17/02/2021 01:00:00 - 17/02/2021 02:00:00","BZN|SE4","Without Sequence","40.00","",""
"17/02/2021 02:00:00 - 17/02/2021 03:00:00","BZN|SE4","Without Sequence","37.40","",""
"17/02/2021 03:00:00 - 17/02/2021 04:00:00","BZN|SE4","Without Sequence","38.04","",""
"17/02/2021 04:00:00 - 17/02/2021 05:00:00","BZN|SE4","Without Sequence","38.69","",""
"17/02/2021 05:00:00 - 17/02/2021 06:00:00","BZN|SE4","Without Sequence","40.61","",""
"17/02/2021 06:00:00 - 17/02/2021 07:00:00","BZN|SE4","Without Sequence","52.12","",""
"17/02/2021 07:00:00 - 17/02/2021 08:00:00","BZN|SE4","Without Sequence","60.08","",""
"17/02/2021 08:00:00 - 17/02/2021 09:00:00","BZN|SE4","Without Sequence","61.19","",""
"17/02/2021 09:00:00 - 17/02/2021 10:00:00","BZN|SE4","Without Sequence","56.39","",""
"17/02/2021 10:00:00 - 17/02/2021 11:00:00","BZN|SE4","Without Sequence","51.80","",""
"17/02/2021 11:00:00 - 17/02/2021 12:00:00","BZN|SE4","Without Sequence","47.60","",""
"17/02/2021 12:00:00 - 17/02/2021 13:00:00","BZN|SE4","Without Sequence","45.71","",""
"17/02/2021 13:00:00 - 17/02/2021 14:00:00","BZN|SE4","Without Sequence","46.44","",""
"17/02/2021 14:00:00 - 17/02/2021 15:00:00","BZN|SE4","Without Sequence","47.34","",""
"17/02/2021 15:00:00 - 17/02/2021 16:00:00","BZN|SE4","Without Sequence","53.80","",""
"17/02/2021 16:00:00 - 17/02/2021 17:00:00","BZN|SE4","Without Sequence","62.50","",""
"17/02/2021 17:00:00 - 17/02/2021 18:00:00","BZN|SE4","Without Sequence","73.02","",""
"17/02/2021 18:00:00 - 17/02/2021 19:00:00","BZN|SE4","Without Sequence","65.73","",""
"17/02/2021 19:00:00 - 17/02/2021 20:00:00","BZN|SE4","Without Sequence","57.60","",""
"17/02/2021 20:00:00 - 17/02/2021 21:00:00","BZN|SE4","Without Sequence","48.37","",""
"17/02/2021 21:00:00 - 17/02/2021 22:00:00","BZN|SE4","Without Sequence","47.58","",""
"17/02/2021 22:00:00 - 17/02/2021 23:00:00","BZN|SE4","Without Sequence","44.99","",""
"17/02/2021 23:00:00 - 18/02/2021 00:00:00","BZN|SE4","Without Sequence","42.26","",""
"18/02/2021 00:00:00 - 18/02/2021 01:00:00","BZN|SE4","Without Sequence","41.01","",""
"18/02/2021 01:00:00 - 18/02/2021 02:00:00","BZN|SE4","Without Sequence","39.10","",""
"18/02/2021 02:00:00 - 18/02/2021 03:00:00","BZN|SE4","Without Sequence","38.77","",""
"18/02/2021 03:00:00 - 18/02/2021 04:00:00","BZN|SE4","Without Sequence","37.78","",""
"18/02/2021 04:00:00 - 18/02/2021 05:00:00","BZN|SE4","Without Sequence","40.05","",""
"18/02/2021 05:00:00 - 18/02/2021 06:00:00","BZN|SE4","Without Sequence","45.96","",""
"18/02/2021 06:00:00 - 18/02/2021 07:00:00","BZN|SE4","Without Sequence","60.16","",""
"18/02/2021 07:00:00 - 18/02/2021 08:00:00","BZN|SE4","Without Sequence","61.90","",""
"18/02/2021 08:00:00 - 18/02/2021 09:00:00","BZN|SE4","Without Sequence","59.15","",""
"18/02/2021 09:00:00 - 18/02/2021 10:00:00","BZN|SE4","Without Sequence","50.96","",""
"18/02/2021 10:00:00 - 18/02/2021 11:00:00","BZN|SE4","Without Sequence","48.46","",""
"18/02/2021 11:00:00 - 18/02/2021 12:00:00","BZN|SE4","Without Sequence","45.38","",""
"18/02/2021 12:00:00 - 18/02/2021 13:00:00","BZN|SE4","Without Sequence","43.63","",""
"18/02/2021 13:00:00 - 18/02/2021 14:00:00","BZN|SE4","Without Sequence","43.61","",""
"18/02/2021 14:00:00 - 18/02/2021 15:00:00","BZN|SE4","Without Sequence","42.64","",""
"18/02/2021 15:00:00 - 18/02/2021 16:00:00","BZN|SE4","Without Sequence","43.49","",""
"18/02/2021 16:00:00 - 18/02/2021 17:00:00","BZN|SE4","Without Sequence","47.60","",""
"18/02/2021 17:00:00 - 18/02/2021 18:00:00","BZN|SE4","Without Sequence","54.00","",""
"18/02/2021 18:00:00 - 18/02/2021 19:00:00","BZN|SE4","Without Sequence","48.38","",""
"18/02/2021 19:00:00 - 18/02/2021 20:00:00","BZN|SE4","Without Sequence","42.00","",""
"18/02/2021 20:00:00 - 18/02/2021 21:00:00","BZN|SE4","Without Sequence","39.42","",""
"18/02/2021 21:00:00 - 18/02/2021 22:00:00","BZN|SE4","Without Sequence","37.59","",""
"18/02/2021 22:00:00 - 18/02/2021 23:00:00","BZN|SE4","Without Sequence","36.41","",""
"18/02/2021 23:00:00 - 19/02/2021 00:00:00","BZN|SE4","Without Sequence","37.10","",""
"19/02/2021 00:00:00 - 19/02/2021 01:00:00","BZN|SE4","Without Sequence","37.02","",""
"19/02/2021 01:00:00 - 19/02/2021 02:00:00","BZN|SE4","Without Sequence","36.94","",""
"19/02/2021 02:00:00 - 19/02/2021 03:00:00","BZN|SE4","Without Sequence","36.63","",""
"19/02/2021 03:00:00 - 19/02/2021 04:00:00","BZN|SE4","Without Sequence","37.60","",""
"19/02/2021 04:00:00 - 19/02/2021 05:00:00","BZN|SE4","Without Sequence","38.96","",""
"19/02/2021 05:00:00 - 19/02/2021 06:00:00","BZN|SE4","Without Sequence","43.63","",""
"19/02/2021 06:00:00 - 19/02/2021 07:00:00","BZN|SE4","Without Sequence","55.94","",""
"19/02/2021 07:00:00 - 19/02/2021 08:00:00","BZN|SE4","Without Sequence","60.39","",""
"19/02/2021 08:00:00 - 19/02/2021 09:00:00","BZN|SE4","Without Sequence","58.00","",""
"19/02/2021 09:00:00 - 19/02/2021 10:00:00","BZN|SE4","Without Sequence","52.70","",""
"19/02/2021 10:00:00 - 19/02/2021 11:00:00","BZN|SE4","Without Sequence","47.62","",""
"19/02/2021 11:00:00 - 19/02/2021 12:00:00","BZN|SE4","Without Sequence","46.18","",""
"19/02/2021 12:00:00 - 19/02/2021 13:00:00","BZN|SE4","Without Sequence","43.40","",""
"19/02/2021 13:00:00 - 19/02/2021 14:00:00","BZN|SE4","Without Sequence","43.59","",""
"19/02/2021 14:00:00 - 19/02/2021 15:00:00","BZN|SE4","Without Sequence","49.92","",""
"19/02/2021 15:00:00 - 19/02/2021 16:00:00","BZN|SE4","Without Sequence","56.84","",""
"19/02/2021 16:00:00 - 19/02/2021 17:00:00","BZN|SE4","Without Sequence","60.99","",""
"19/02/2021 17:00:00 - 19/02/2021 18:00:00","BZN|SE4","Without Sequence","62.53","",""
"19/02/2021 18:00:00 - 19/02/2021 19:00:00","BZN|SE4","Without Sequence","57.97","",""
"19/02/2021 19:00:00 - 19/02/2021 20:00:00","BZN|SE4","Without Sequence","49.04","",""
"19/02/2021 20:00:00 - 19/02/2021 21:00:00","BZN|SE4","Without Sequence","45.86","",""
"19/02/2021 21:00:00 - 19/02/2021 22:00:00","BZN|SE4","Without Sequence","45.84","",""
"19/02/2021 22:00:00 - 19/02/2021 23:00:00","BZN|SE4","Without Sequence","41.13","",""
"19/02/2021 23:00:00 - 20/02/2021 00:00:00","BZN|SE4","Without Sequence","39.51","",""
"20/02/2021 00:00:00 - 20/02/2021 01:00:00","BZN|SE4","Without Sequence","37.66","",""
"20/02/2021 01:00:00 - 20/02/2021 02:00:00","BZN|SE4","Without Sequence","36.35","",""
"20/02/2021 02:00:00 - 20/02/2021 03:00:00","BZN|SE4","Without Sequence","36.06","",""
"20/02/2021 03:00:00 - 20/02/2021 04:00:00","BZN|SE4","Without Sequence","36.07","",""
"20/02/2021 04:00:00 - 20/02/2021 05:00:00","BZN|SE4","Without Sequence","34.14","",""
"20/02/2021 05:00:00 - 20/02/2021 06:00:00","BZN|SE4","Without Sequence","36.13","",""
"20/02/2021 06:00:00 - 20/02/2021 07:00:00","BZN|SE4","Without Sequence","37.01","",""
"20/02/2021 07:00:00 - 20/02/2021 08:00:00","BZN|SE4","Without Sequence","38.95","",""
"20/02/2021 08:00:00 - 20/02/2021 09:00:00","BZN|SE4","Without Sequence","38.13","",""
"20/02/2021 09:00:00 - 20/02/2021 10:00:00","BZN|SE4","Without Sequence","36.27","",""
"20/02/2021 10:00:00 - 20/02/2021 11:00:00","BZN|SE4","Without Sequence","36.08","",""
"20/02/2021 11:00:00 - 20/02/2021 12:00:00","BZN|SE4","Without Sequence","35.47","",""
"20/02/2021 12:00:00 - 20/02/2021 13:00:00","BZN|SE4","Without Sequence","34.91","",""
"20/02/2021 13:00:00 - 20/02/2021 14:00:00","BZN|SE4","Without Sequence","34.65","",""
"20/02/2021 14:00:00 - 20/02/2021 15:00:00","BZN|SE4","Without Sequence","34.45","",""
"20/02/2021 15:00:00 - 20/02/2021 16:00:00","BZN|SE4","Without Sequence","36.94","",""
"20/02/2021 16:00:00 - 20/02/2021 17:00:00","BZN|SE4","Without Sequence","40.01","",""
"20/02/2021 17:00:00 - 20/02/2021 18:00:00","BZN|SE4","Without Sequence","44.91","",""
"20/02/2021 18:00:00 - 20/02/2021 19:00:00","BZN|SE4","Without Sequence","39.84","",""
"20/02/2021 19:00:00 - 20/02/2021 20:00:00","BZN|SE4","Without Sequence","36.28","",""
"20/02/2021 20:00:00 - 20/02/2021 21:00:00","BZN|SE4","Without Sequence","33.29","",""
"20/02/2021 21:00:00 - 20/02/2021 22:00:00","BZN|SE4","Without Sequence","32.87","",""
"20/02/2021 22:00:00 - 20/02/2021 23:00:00","BZN|SE4","Without Sequence","31.48","",""
"20/02/2021 23:00:00 - 21/02/2021 00:00:00","BZN|SE4","Without Sequence","29.94","",""
"21/02/2021 00:00:00 - 21/02/2021 01:00:00","BZN|SE4","Without Sequence","29.48","",""
"21/02/2021 01:00:00 - 21/02/2021 02:00:00","BZN|SE4","Without Sequence","28.73","",""
"21/02/2021 02:00:00 - 21/02/2021 03:00:00","BZN|SE4","Without Sequence","28.67","",""
"21/02/2021 03:00:00 - 21/02/2021 04:00:00","BZN|SE4","Without Sequence","29.00","",""
"21/02/2021 04:00:00 - 21/02/2021 05:00:00","BZN|SE4","Without Sequence","29.76","",""
"21/02/2021 05:00:00 - 21/02/2021 06:00:00","BZN|SE4","Without Sequence","29.91","",""
"21/02/2021 06:00:00 - 21/02/2021 07:00:00","BZN|SE4","Without Sequence","30.04","",""
"21/02/2021 07:00:00 - 21/02/2021 08:00:00","BZN|SE4","Without Sequence","32.13","",""
"21/02/2021 08:00:00 - 21/02/2021 09:00:00","BZN|SE4","Without Sequence","34.58","",""
"21/02/2021 09:00:00 - 21/02/2021 10:00:00","BZN|SE4","Without Sequence","33.42","",""
"21/02/2021 10:00:00 - 21/02/2021 11:00:00","BZN|SE4","Without Sequence","33.17","",""
"21/02/2021 11:00:00 - 21/02/2021 12:00:00","BZN|SE4","Without Sequence","33.66","",""
"21/02/2021 12:00:00 - 21/02/2021 13:00:00","BZN|SE4","Without Sequence","33.61","",""
"21/02/2021 13:00:00 - 21/02/2021 14:00:00","BZN|SE4","Without Sequence","34.27","",""
"21/02/2021 14:00:00 - 21/02/2021 15:00:00","BZN|SE4","Without Sequence","35.95","",""
"21/02/2021 15:00:00 - 21/02/2021 16:00:00","BZN|SE4","Without Sequence","42.38","",""
"21/02/2021 16:00:00 - 21/02/2021 17:00:00","BZN|SE4","Without Sequence","55.18","",""
"21/02/2021 17:00:00 - 21/02/2021 18:00:00","BZN|SE4","Without Sequence","58.06","",""
"21/02/2021 18:00:00 - 21/02/2021 19:00:00","BZN|SE4","Without Sequence","56.61","",""
"21/02/2021 19:00:00 - 21/02/2021 20:00:00","BZN|SE4","Without Sequence","48.90","",""
"21/02/2021 20:00:00 - 21/02/2021 21:00:00","BZN|SE4","Without Sequence","40.94","",""
"21/02/2021 21:00:00 - 21/02/2021 22:00:00","BZN|SE4","Without Sequence","42.82","",""
"21/02/2021 22:00:00 - 21/02/2021 23:00:00","BZN|SE4","Without Sequence","39.46","",""
"21/02/2021 23:00:00 - 22/02/2021 00:00:00","BZN|SE4","Without Sequence","38.88","",""
"22/02/2021 00:00:00 - 22/02/2021 01:00:00","BZN|SE4","Without Sequence","38.19","",""
"22/02/2021 01:00:00 - 22/02/2021 02:00:00","BZN|SE4","Without Sequence","36.99","",""
"22/02/2021 02:00:00 - 22/02/2021 03:00:00","BZN|SE4","Without Sequence","36.86","",""
"22/02/2021 03:00:00 - 22/02/2021 04:00:00","BZN|SE4","Without Sequence","37.22","",""
"22/02/2021 04:00:00 - 22/02/2021 05:00:00","BZN|SE4","Without Sequence","39.29","",""
"22/02/2021 05:00:00 - 22/02/2021 06:00:00","BZN|SE4","Without Sequence","49.49","",""
"22/02/2021 06:00:00 - 22/02/2021 07:00:00","BZN|SE4","Without Sequence","57.85","",""
"22/02/2021 07:00:00 - 22/02/2021 08:00:00","BZN|SE4","Without Sequence","58.99","",""
"22/02/2021 08:00:00 - 22/02/2021 09:00:00","BZN|SE4","Without Sequence","55.04","",""
"22/02/2021 09:00:00 - 22/02/2021 10:00:00","BZN|SE4","Without Sequence","46.88","",""
"22/02/2021 10:00:00 - 22/02/2021 11:00:00","BZN|SE4","Without Sequence","45.52","",""
"22/02/2021 11:00:00 - 22/02/2021 12:00:00","BZN|SE4","Without Sequence","44.52","",""
"22/02/2021 12:00:00 - 22/02/2021 13:00:00","BZN|SE4","Without Sequence","43.59","",""
"22/02/2021 13:00:00 - 22/02/2021 14:00:00","BZN|SE4","Without Sequence","44.75","",""
"22/02/2021 14:00:00 - 22/02/2021 15:00:00","BZN|SE4","Without Sequence","51.97","",""
"22/02/2021 15:00:00 - 22/02/2021 16:00:00","BZN|SE4","Without Sequence","59.24","",""
"22/02/2021 16:00:00 - 22/02/2021 17:00:00","BZN|SE4","Without Sequence","66.60","",""
"22/02/2021 17:00:00 - 22/02/2021 18:00:00","BZN|SE4","Without Sequence","72.90","",""
"22/02/2021 18:00:00 - 22/02/2021 19:00:00","BZN|SE4","Without Sequence","65.68","",""
"22/02/2021 19:00:00 - 22/02/2021 20:00:00","BZN|SE4","Without Sequence","57.97","",""
"22/02/2021 20:00:00 - 22/02/2021 21:00:00","BZN|SE4","Without Sequence","51.61","",""
"22/02/2021 21:00:00 - 22/02/2021 22:00:00","BZN|SE4","Without Sequence","46.87","",""
"22/02/2021 22:00:00 - 22/02/2021 23:00:00","BZN|SE4","Without Sequence","37.56","",""
"22/02/2021 23:00:00 - 23/02/2021 00:00:00","BZN|SE4","Without Sequence","36.20","",""
"23/02/2021 00:00:00 - 23/02/2021 01:00:00","BZN|SE4","Without Sequence","35.33","",""
"23/02/2021 01:00:00 - 23/02/2021 02:00:00","BZN|SE4","Without Sequence","35.09","",""
"23/02/2021 02:00:00 - 23/02/2021 03:00:00","BZN|SE4","Without Sequence","36.14","",""
"23/02/2021 03:00:00 - 23/02/2021 04:00:00","BZN|SE4","Without Sequence","36.53","",""
"23/02/2021 04:00:00 - 23/02/2021 05:00:00","BZN|SE4","Without Sequence","38.13","",""
"23/02/2021 05:00:00 - 23/02/2021 06:00:00","BZN|SE4","Without Sequence","42.12","",""
"23/02/2021 06:00:00 - 23/02/2021 07:00:00","BZN|SE4","Without Sequence","56.95","",""
"23/02/2021 07:00:00 - 23/02/2021 08:00:00","BZN|SE4","Without Sequence","59.22","",""
"23/02/2021 08:00:00 - 23/02/2021 09:00:00","BZN|SE4","Without Sequence","56.20","",""
"23/02/2021 09:00:00 - 23/02/2021 10:00:00","BZN|SE4","Without Sequence","49.87","",""
"23/02/2021 10:00:00 - 23/02/2021 11:00:00","BZN|SE4","Without Sequence","41.86","",""
"23/02/2021 11:00:00 - 23/02/2021 12:00:00","BZN|SE4","Without Sequence","39.90","",""
"23/02/2021 12:00:00 - 23/02/2021 13:00:00","BZN|SE4","Without Sequence","38.90","",""
"23/02/2021 13:00:00 - 23/02/2021 14:00:00","BZN|SE4","Without Sequence","39.00","",""
"23/02/2021 14:00:00 - 23/02/2021 15:00:00","BZN|SE4","Without Sequence","39.74","",""
"23/02/2021 15:00:00 - 23/02/2021 16:00:00","BZN|SE4","Without Sequence","47.37","",""
"23/02/2021 16:00:00 - 23/02/2021 17:00:00","BZN|SE4","Without Sequence","59.45","",""
"23/02/2021 17:00:00 - 23/02/2021 18:00:00","BZN|SE4","Without Sequence","58.37","",""
"23/02/2021 18:00:00 - 23/02/2021 19:00:00","BZN|SE4","Without Sequence","58.03","",""
"23/02/2021 19:00:00 - 23/02/2021 20:00:00","BZN|SE4","Without Sequence","50.06","",""
"23/02/2021 20:00:00 - 23/02/2021 21:00:00","BZN|SE4","Without Sequence","42.91","",""
"23/02/2021 21:00:00 - 23/02/2021 22:00:00","BZN|SE4","Without Sequence","39.10","",""
"23/02/2021 22:00:00 - 23/02/2021 23:00:00","BZN|SE4","Without Sequence","34.37","",""
"23/02/2021 23:00:00 - 24/02/2021 00:00:00","BZN|SE4","Without Sequence","29.86","",""
"24/02/2021 00:00:00 - 24/02/2021 01:00:00","BZN|SE4","Without Sequence","26.81","",""
"24/02/2021 01:00:00 - 24/02/2021 02:00:00","BZN|SE4","Without Sequence","24.17","",""
"24/02/2021 02:00:00 - 24/02/2021 03:00:00","BZN|SE4","Without Sequence","22.48","",""
"24/02/2021 03:00:00 - 24/02/2021 04:00:00","BZN|SE4","Without Sequence","25.23","",""
"24/02/2021 04:00:00 - 24/02/2021 05:00:00","BZN|SE4","Without Sequence","27.39","",""
"24/02/2021 05:00:00 - 24/02/2021 06:00:00","BZN|SE4","Without Sequence","31.81","",""
"24/02/2021 06:00:00 - 24/02/2021 07:00:00","BZN|SE4","Without Sequence","45.16","",""
"24/02/2021 07:00:00 - 24/02/2021 08:00:00","BZN|SE4","Without Sequence","37.83","",""
"24/02/2021 08:00:00 - 24/02/2021 09:00:00","BZN|SE4","Without Sequence","36.01","",""
"24/02/2021 09:00:00 - 24/02/2021 10:00:00","BZN|SE4","Without Sequence","35.68","",""
"24/02/2021 10:00:00 - 24/02/2021 11:00:00","BZN|SE4","Without Sequence","34.29","",""
"24/02/2021 11:00:00 - 24/02/2021 12:00:00","BZN|SE4","Without Sequence","32.63","",""
"24/02/2021 12:00:00 - 24/02/2021 13:00:00","BZN|SE4","Without Sequence","33.02","",""
"24/02/2021 13:00:00 - 24/02/2021 14:00:00","BZN|SE4","Without Sequence","33.84","",""
"24/02/2021 14:00:00 - 24/02/2021 15:00:00","BZN|SE4","Without Sequence","34.21","",""
"24/02/2021 15:00:00 - 24/02/2021 16:00:00","BZN|SE4","Without Sequence","35.54","",""
"24/02/2021 16:00:00 - 24/02/2021 17:00:00","BZN|SE4","Without Sequence","53.78","",""
"24/02/2021 17:00:00 - 24/02/2021 18:00:00","BZN|SE4","Without Sequence","59.46","",""
"24/02/2021 18:00:00 - 24/02/2021 19:00:00","BZN|SE4","Without Sequence","36.53","",""
"24/02/2021 19:00:00 - 24/02/2021 20:00:00","BZN|SE4","Without Sequence","33.44","",""
"24/02/2021 20:00:00 - 24/02/2021 21:00:00","BZN|SE4","Without Sequence","32.56","",""
"24/02/2021 21:00:00 - 24/02/2021 22:00:00","BZN|SE4","Without Sequence","30.09","",""
"24/02/2021 22:00:00 - 24/02/2021 23:00:00","BZN|SE4","Without Sequence","27.95","",""
"24/02/2021 23:00:00 - 25/02/2021 00:00:00","BZN|SE4","Without Sequence","24.83","",""
"25/02/2021 00:00:00 - 25/02/2021 01:00:00","BZN|SE4","Without Sequence","23.91","",""
"25/02/2021 01:00:00 - 25/02/2021 02:00:00","BZN|SE4","Without Sequence","23.70","",""
"25/02/2021 02:00:00 - 25/02/2021 03:00:00","BZN|SE4","Without Sequence","24.14","",""
"25/02/2021 03:00:00 - 25/02/2021 04:00:00","BZN|SE4","Without Sequence","25.54","",""
"25/02/2021 04:00:00 - 25/02/2021 05:00:00","BZN|SE4","Without Sequence","27.76","",""
"25/02/2021 05:00:00 - 25/02/2021 06:00:00","BZN|SE4","Without Sequence","31.51","",""
"25/02/2021 06:00:00 - 25/02/2021 07:00:00","BZN|SE4","Without Sequence","37.44","",""
"25/02/2021 07:00:00 - 25/02/2021 08:00:00","BZN|SE4","Without Sequence","38.33","",""
"25/02/2021 08:00:00 - 25/02/2021 09:00:00","BZN|SE4","Without Sequence","37.38","",""
"25/02/2021 09:00:00 - 25/02/2021 10:00:00","BZN|SE4","Without Sequence","37.01","",""
"25/02/2021 10:00:00 - 25/02/2021 11:00:00","BZN|SE4","Without Sequence","35.91","",""
"25/02/2021 11:00:00 - 25/02/2021 12:00:00","BZN|SE4","Without Sequence","35.22","",""
"25/02/2021 12:00:00 - 25/02/2021 13:00:00","BZN|SE4","Without Sequence","35.48","",""
"25/02/2021 13:00:00 - 25/02/2021 14:00:00","BZN|SE4","Without Sequence","34.09","",""
"25/02/2021 14:00:00 - 25/02/2021 15:00:00","BZN|SE4","Without Sequence","33.90","",""
"25/02/2021 15:00:00 - 25/02/2021 16:00:00","BZN|SE4","Without Sequence","34.26","",""
"25/02/2021 16:00:00 - 25/02/2021 17:00:00","BZN|SE4","Without Sequence","41.93","",""
"25/02/2021 17:00:00 - 25/02/2021 18:00:00","BZN|SE4","Without Sequence","48.10","",""
"25/02/2021 18:00:00 - 25/02/2021 19:00:00","BZN|SE4","Without Sequence","36.54","",""
"25/02/2021 19:00:00 - 25/02/2021 20:00:00","BZN|SE4","Without Sequence","33.63","",""
"25/02/2021 20:00:00 - 25/02/2021 21:00:00","BZN|SE4","Without Sequence","31.91","",""
"25/02/2021 21:00:00 - 25/02/2021 22:00:00","BZN|SE4","Without Sequence","28.11","",""
"25/02/2021 22:00:00 - 25/02/2021 23:00:00","BZN|SE4","Without Sequence","25.62","",""
"25/02/2021 23:00:00 - 26/02/2021 00:00:00","BZN|SE4","Without Sequence","24.04","",""
"26/02/2021 00:00:00 - 26/02/2021 01:00:00","BZN|SE4","Without Sequence","22.21","",""
"26/02/2021 01:00:00 - 26/02/2021 02:00:00","BZN|SE4","Without Sequence","21.23","",""
"26/02/2021 02:00:00 - 26/02/2021 03:00:00","BZN|SE4","Without Sequence","21.86","",""
"26/02/2021 03:00:00 - 26/02/2021 04:00:00","BZN|SE4","Without Sequence","24.48","",""
"26/02/2021 04:00:00 - 26/02/2021 05:00:00","BZN|SE4","Without Sequence","27.50","",""
"26/02/2021 05:00:00 - 26/02/2021 06:00:00","BZN|SE4","Without Sequence","32.19","",""
"26/02/2021 06:00:00 - 26/02/2021 07:00:00","BZN|SE4","Without Sequence","37.72","",""
"26/02/2021 07:00:00 - 26/02/2021 08:00:00","BZN|SE4","Without Sequence","37.40","",""
"26/02/2021 08:00:00 - 26/02/2021 09:00:00","BZN|SE4","Without Sequence","36.28","",""
"26/02/2021 09:00:00 - 26/02/2021 10:00:00","BZN|SE4","Without Sequence","34.25","",""
"26/02/2021 10:00:00 - 26/02/2021 11:00:00","BZN|SE4","Without Sequence","31.58","",""
"26/02/2021 11:00:00 - 26/02/2021 12:00:00","BZN|SE4","Without Sequence","28.99","",""
"26/02/2021 12:00:00 - 26/02/2021 13:00:00","BZN|SE4","Without Sequence","26.88","",""
"26/02/2021 13:00:00 - 26/02/2021 14:00:00","BZN|SE4","Without Sequence","25.82","",""
"26/02/2021 14:00:00 - 26/02/2021 15:00:00","BZN|SE4","Without Sequence","26.30","",""
"26/02/2021 15:00:00 - 26/02/2021 16:00:00","BZN|SE4","Without Sequence","29.07","",""
"26/02/2021 16:00:00 - 26/02/2021 17:00:00","BZN|SE4","Without Sequence","34.06","",""
"26/02/2021 17:00:00 - 26/02/2021 18:00:00","BZN|SE4","Without Sequence","36.37","",""
"26/02/2021 18:00:00 - 26/02/2021 19:00:00","BZN|SE4","Without Sequence","32.75","",""
"26/02/2021 19:00:00 - 26/02/2021 20:00:00","BZN|SE4","Without Sequence","29.10","",""
"26/02/2021 20:00:00 - 26/02/2021 21:00:00","BZN|SE4","Without Sequence","25.77","",""
"26/02/2021 21:00:00 - 26/02/2021 22:00:00","BZN|SE4","Without Sequence","25.16","",""
"26/02/2021 22:00:00 - 26/02/2021 23:00:00","BZN|SE4","Without Sequence","24.36","",""
"26/02/2021 23:00:00 - 27/02/2021 00:00:00","BZN|SE4","Without Sequence","24.38","",""
"27/02/2021 00:00:00 - 27/02/2021 01:00:00","BZN|SE4","Without Sequence","24.10","",""
"27/02/2021 01:00:00 - 27/02/2021 02:00:00","BZN|SE4","Without Sequence","24.14","",""
"27/02/2021 02:00:00 - 27/02/2021 03:00:00","BZN|SE4","Without Sequence","24.38","",""
"27/02/2021 03:00:00 - 27/02/2021 04:00:00","BZN|SE4","Without Sequence","24.95","",""
"27/02/2021 04:00:00 - 27/02/2021 05:00:00","BZN|SE4","Without Sequence","25.27","",""
"27/02/2021 05:00:00 - 27/02/2021 06:00:00","BZN|SE4","Without Sequence","26.25","",""
"27/02/2021 06:00:00 - 27/02/2021 07:00:00","BZN|SE4","Without Sequence","35.40","",""
"27/02/2021 07:00:00 - 27/02/2021 08:00:00","BZN|SE4","Without Sequence","52.43","",""
"27/02/2021 08:00:00 - 27/02/2021 09:00:00","BZN|SE4","Without Sequence","51.11","",""
"27/02/2021 09:00:00 - 27/02/2021 10:00:00","BZN|SE4","Without Sequence","44.53","",""
"27/02/2021 10:00:00 - 27/02/2021 11:00:00","BZN|SE4","Without Sequence","40.02","",""
"27/02/2021 11:00:00 - 27/02/2021 12:00:00","BZN|SE4","Without Sequence","37.78","",""
"27/02/2021 12:00:00 - 27/02/2021 13:00:00","BZN|SE4","Without Sequence","35.96","",""
"27/02/2021 13:00:00 - 27/02/2021 14:00:00","BZN|SE4","Without Sequence","35.50","",""
"27/02/2021 14:00:00 - 27/02/2021 15:00:00","BZN|SE4","Without Sequence","36.12","",""
"27/02/2021 15:00:00 - 27/02/2021 16:00:00","BZN|SE4","Without Sequence","41.07","",""
"27/02/2021 16:00:00 - 27/02/2021 17:00:00","BZN|SE4","Without Sequence","53.29","",""
"27/02/2021 17:00:00 - 27/02/2021 18:00:00","BZN|SE4","Without Sequence","57.54","",""
"27/02/2021 18:00:00 - 27/02/2021 19:00:00","BZN|SE4","Without Sequence","56.12","",""
"27/02/2021 19:00:00 - 27/02/2021 20:00:00","BZN|SE4","Without Sequence","52.97","",""
"27/02/2021 20:00:00 - 27/02/2021 21:00:00","BZN|SE4","Without Sequence","46.26","",""
"27/02/2021 21:00:00 - 27/02/2021 22:00:00","BZN|SE4","Without Sequence","44.94","",""
"27/02/2021 22:00:00 - 27/02/2021 23:00:00","BZN|SE4","Without Sequence","24.68","",""
"27/02/2021 23:00:00 - 28/02/2021 00:00:00","BZN|SE4","Without Sequence","29.98","",""
"28/02/2021 00:00:00 - 28/02/2021 01:00:00","BZN|SE4","Without Sequence","26.03","",""
"28/02/2021 01:00:00 - 28/02/2021 02:00:00","BZN|SE4","Without Sequence","22.26","",""
"28/02/2021 02:00:00 - 28/02/2021 03:00:00","BZN|SE4","Without Sequence","21.59","",""
"28/02/2021 03:00:00 - 28/02/2021 04:00:00","BZN|SE4","Without Sequence","22.27","",""
"28/02/2021 04:00:00 - 28/02/2021 05:00:00","BZN|SE4","Without Sequence","22.88","",""
"28/02/2021 05:00:00 - 28/02/2021 06:00:00","BZN|SE4","Without Sequence","22.95","",""
"28/02/2021 06:00:00 - 28/02/2021 07:00:00","BZN|SE4","Without Sequence","23.55","",""
"28/02/2021 07:00:00 - 28/02/2021 08:00:00","BZN|SE4","Without Sequence","29.22","",""
"28/02/2021 08:00:00 - 28/02/2021 09:00:00","BZN|SE4","Without Sequence","39.46","",""
"28/02/2021 09:00:00 - 28/02/2021 10:00:00","BZN|SE4","Without Sequence","35.66","",""
"28/02/2021 10:00:00 - 28/02/2021 11:00:00","BZN|SE4","Without Sequence","35.10","",""
"28/02/2021 11:00:00 - 28/02/2021 12:00:00","BZN|SE4","Without Sequence","25.45","",""
"28/02/2021 12:00:00 - 28/02/2021 13:00:00","BZN|SE4","Without Sequence","23.85","",""
"28/02/2021 13:00:00 - 28/02/2021 14:00:00","BZN|SE4","Without Sequence","23.49","",""
"28/02/2021 14:00:00 - 28/02/2021 15:00:00","BZN|SE4","Without Sequence","23.62","",""
"28/02/2021 15:00:00 - 28/02/2021 16:00:00","BZN|SE4","Without Sequence","32.53","",""
"28/02/2021 16:00:00 - 28/02/2021 17:00:00","BZN|SE4","Without Sequence","46.56","",""
"28/02/2021 17:00:00 - 28/02/2021 18:00:00","BZN|SE4","Without Sequence","53.92","",""
"28/02/2021 18:00:00 - 28/02/2021 19:00:00","BZN|SE4","Without Sequence","54.15","",""
"28/02/2021 19:00:00 - 28/02/2021 20:00:00","BZN|SE4","Without Sequence","50.00","",""
"28/02/2021 20:00:00 - 28/02/2021 21:00:00","BZN|SE4","Without Sequence","36.00","",""
"28/02/2021 21:00:00 - 28/02/2021 22:00:00","BZN|SE4","Without Sequence","35.11","",""
"28/02/2021 22:00:00 - 28/02/2021 23:00:00","BZN|SE4","Without Sequence","24.22","",""
"28/02/2021 23:00:00 - 01/03/2021 00:00:00","BZN|SE4","Without Sequence","20.15","",""
"01/03/2021 00:00:00 - 01/03/2021 01:00:00","BZN|SE4","Without Sequence","19.34","",""
"01/03/2021 01:00:00 - 01/03/2021 02:00:00","BZN|SE4","Without Sequence","18.88","",""
"01/03/2021 02:00:00 - 01/03/2021 03:00:00","BZN|SE4","Without Sequence","20.19","",""
"01/03/2021 03:00:00 - 01/03/2021 04:00:00","BZN|SE4","Without Sequence","23.46","",""
"01/03/2021 04:00:00 - 01/03/2021 05:00:00","BZN|SE4","Without Sequence","43.86","",""
"01/03/2021 05:00:00 - 01/03/2021 06:00:00","BZN|SE4","Without Sequence","56.10","",""
"01/03/2021 06:00:00 - 01/03/2021 07:00:00","BZN|SE4","Without Sequence","65.09","",""
"01/03/2021 07:00:00 - 01/03/2021 08:00:00","BZN|SE4","Without Sequence","66.38","",""
"01/03/2021 08:00:00 - 01/03/2021 09:00:00","BZN|SE4","Without Sequence","59.16","",""
"01/03/2021 09:00:00 - 01/03/2021 10:00:00","BZN|SE4","Without Sequence","52.40","",""
"01/03/2021 10:00:00 - 01/03/2021 11:00:00","BZN|SE4","Without Sequence","43.41","",""
"01/03/2021 11:00:00 - 01/03/2021 12:00:00","BZN|SE4","Without Sequence","41.04","",""
"01/03/2021 12:00:00 - 01/03/2021 13:00:00","BZN|SE4","Without Sequence","39.10","",""
"01/03/2021 13:00:00 - 01/03/2021 14:00:00","BZN|SE4","Without Sequence","39.07","",""
"01/03/2021 14:00:00 - 01/03/2021 15:00:00","BZN|SE4","Without Sequence","40.75","",""
"01/03/2021 15:00:00 - 01/03/2021 16:00:00","BZN|SE4","Without Sequence","42.08","",""
"01/03/2021 16:00:00 - 01/03/2021 17:00:00","BZN|SE4","Without Sequence","54.44","",""
"01/03/2021 17:00:00 - 01/03/2021 18:00:00","BZN|SE4","Without Sequence","66.84","",""
"01/03/2021 18:00:00 - 01/03/2021 19:00:00","BZN|SE4","Without Sequence","50.07","",""
"01/03/2021 19:00:00 - 01/03/2021 20:00:00","BZN|SE4","Without Sequence","45.07","",""
"01/03/2021 20:00:00 - 01/03/2021 21:00:00","BZN|SE4","Without Sequence","36.42","",""
"01/03/2021 21:00:00 - 01/03/2021 22:00:00","BZN|SE4","Without Sequence","31.87","",""
"01/03/2021 22:00:00 - 01/03/2021 23:00:00","BZN|SE4","Without Sequence","23.97","",""
"01/03/2021 23:00:00 - 02/03/2021 00:00:00","BZN|SE4","Without Sequence","43.25","",""
"02/03/2021 00:00:00 - 02/03/2021 01:00:00","BZN|SE4","Without Sequence","23.54","",""
"02/03/2021 01:00:00 - 02/03/2021 02:00:00","BZN|SE4","Without Sequence","23.16","",""
"02/03/2021 02:00:00 - 02/03/2021 03:00:00","BZN|SE4","Without Sequence","24.38","",""
"02/03/2021 03:00:00 - 02/03/2021 04:00:00","BZN|SE4","Without Sequence","25.76","",""
"02/03/2021 04:00:00 - 02/03/2021 05:00:00","BZN|SE4","Without Sequence","46.13","",""
"02/03/2021 05:00:00 - 02/03/2021 06:00:00","BZN|SE4","Without Sequence","55.91","",""
"02/03/2021 06:00:00 - 02/03/2021 07:00:00","BZN|SE4","Without Sequence","66.07","",""
"02/03/2021 07:00:00 - 02/03/2021 08:00:00","BZN|SE4","Without Sequence","70.87","",""
"02/03/2021 08:00:00 - 02/03/2021 09:00:00","BZN|SE4","Without Sequence","58.73","",""
"02/03/2021 09:00:00 - 02/03/2021 10:00:00","BZN|SE4","Without Sequence","51.02","",""
"02/03/2021 10:00:00 - 02/03/2021 11:00:00","BZN|SE4","Without Sequence","44.68","",""
"02/03/2021 11:00:00 - 02/03/2021 12:00:00","BZN|SE4","Without Sequence","43.36","",""
"02/03/2021 12:00:00 - 02/03/2021 13:00:00","BZN|SE4","Without Sequence","43.79","",""
"02/03/2021 13:00:00 - 02/03/2021 14:00:00","BZN|SE4","Without Sequence","43.34","",""
"02/03/2021 14:00:00 - 02/03/2021 15:00:00","BZN|SE4","Without Sequence","45.22","",""
"02/03/2021 15:00:00 - 02/03/2021 16:00:00","BZN|SE4","Without Sequence","53.20","",""
"02/03/2021 16:00:00 - 02/03/2021 17:00:00","BZN|SE4","Without Sequence","58.63","",""
"02/03/2021 17:00:00 - 02/03/2021 18:00:00","BZN|SE4","Without Sequence","77.41","",""
"02/03/2021 18:00:00 - 02/03/2021 19:00:00","BZN|SE4","Without Sequence","74.02","",""
"02/03/2021 19:00:00 - 02/03/2021 20:00:00","BZN|SE4","Without Sequence","61.93","",""
"02/03/2021 20:00:00 - 02/03/2021 21:00:00","BZN|SE4","Without Sequence","56.92","",""
"02/03/2021 21:00:00 - 02/03/2021 22:00:00","BZN|SE4","Without Sequence","55.48","",""
"02/03/2021 22:00:00 - 02/03/2021 23:00:00","BZN|SE4","Without Sequence","50.88","",""
"02/03/2021 23:00:00 - 03/03/2021 00:00:00","BZN|SE4","Without Sequence","45.52","",""
"03/03/2021 00:00:00 - 03/03/2021 01:00:00","BZN|SE4","Without Sequence","44.72","",""
"03/03/2021 01:00:00 - 03/03/2021 02:00:00","BZN|SE4","Without Sequence","42.76","",""
"03/03/2021 02:00:00 - 03/03/2021 03:00:00","BZN|SE4","Without Sequence","43.93","",""
"03/03/2021 03:00:00 - 03/03/2021 04:00:00","BZN|SE4","Without Sequence","44.07","",""
"03/03/2021 04:00:00 - 03/03/2021 05:00:00","BZN|SE4","Without Sequence","49.38","",""
"03/03/2021 05:00:00 - 03/03/2021 06:00:00","BZN|SE4","Without Sequence","58.99","",""
"03/03/2021 06:00:00 - 03/03/2021 07:00:00","BZN|SE4","Without Sequence","67.04","",""
"03/03/2021 07:00:00 - 03/03/2021 08:00:00","BZN|SE4","Without Sequence","66.75","",""
"03/03/2021 08:00:00 - 03/03/2021 09:00:00","BZN|SE4","Without Sequence","58.20","",""
"03/03/2021 09:00:00 - 03/03/2021 10:00:00","BZN|SE4","Without Sequence","49.51","",""
"03/03/2021 10:00:00 - 03/03/2021 11:00:00","BZN|SE4","Without Sequence","44.72","",""
"03/03/2021 11:00:00 - 03/03/2021 12:00:00","BZN|SE4","Without Sequence","44.15","",""
"03/03/2021 12:00:00 - 03/03/2021 13:00:00","BZN|SE4","Without Sequence","42.76","",""
"03/03/2021 13:00:00 - 03/03/2021 14:00:00","BZN|SE4","Without Sequence","43.19","",""
"03/03/2021 14:00:00 - 03/03/2021 15:00:00","BZN|SE4","Without Sequence","44.90","",""
"03/03/2021 15:00:00 - 03/03/2021 16:00:00","BZN|SE4","Without Sequence","46.98","",""
"03/03/2021 16:00:00 - 03/03/2021 17:00:00","BZN|SE4","Without Sequence","56.36","",""
"03/03/2021 17:00:00 - 03/03/2021 18:00:00","BZN|SE4","Without Sequence","67.68","",""
"03/03/2021 18:00:00 - 03/03/2021 19:00:00","BZN|SE4","Without Sequence","70.00","",""
"03/03/2021 19:00:00 - 03/03/2021 20:00:00","BZN|SE4","Without Sequence","60.22","",""
"03/03/2021 20:00:00 - 03/03/2021 21:00:00","BZN|SE4","Without Sequence","54.74","",""
"03/03/2021 21:00:00 - 03/03/2021 22:00:00","BZN|SE4","Without Sequence","52.24","",""
"03/03/2021 22:00:00 - 03/03/2021 23:00:00","BZN|SE4","Without Sequence","38.81","",""
"03/03/2021 23:00:00 - 04/03/2021 00:00:00","BZN|SE4","Without Sequence","46.96","",""
"04/03/2021 00:00:00 - 04/03/2021 01:00:00","BZN|SE4","Without Sequence","45.03","",""
"04/03/2021 01:00:00 - 04/03/2021 02:00:00","BZN|SE4","Without Sequence","43.19","",""
"04/03/2021 02:00:00 - 04/03/2021 03:00:00","BZN|SE4","Without Sequence","37.27","",""
"04/03/2021 03:00:00 - 04/03/2021 04:00:00","BZN|SE4","Without Sequence","37.00","",""
"04/03/2021 04:00:00 - 04/03/2021 05:00:00","BZN|SE4","Without Sequence","46.47","",""
"04/03/2021 05:00:00 - 04/03/2021 06:00:00","BZN|SE4","Without Sequence","55.80","",""
"04/03/2021 06:00:00 - 04/03/2021 07:00:00","BZN|SE4","Without Sequence","62.01","",""
"04/03/2021 07:00:00 - 04/03/2021 08:00:00","BZN|SE4","Without Sequence","65.71","",""
"04/03/2021 08:00:00 - 04/03/2021 09:00:00","BZN|SE4","Without Sequence","64.93","",""
"04/03/2021 09:00:00 - 04/03/2021 10:00:00","BZN|SE4","Without Sequence","60.05","",""
"04/03/2021 10:00:00 - 04/03/2021 11:00:00","BZN|SE4","Without Sequence","56.45","",""
"04/03/2021 11:00:00 - 04/03/2021 12:00:00","BZN|SE4","Without Sequence","55.00","",""
"04/03/2021 12:00:00 - 04/03/2021 13:00:00","BZN|SE4","Without Sequence","53.98","",""
"04/03/2021 13:00:00 - 04/03/2021 14:00:00","BZN|SE4","Without Sequence","53.23","",""
"04/03/2021 14:00:00 - 04/03/2021 15:00:00","BZN|SE4","Without Sequence","53.49","",""
"04/03/2021 15:00:00 - 04/03/2021 16:00:00","BZN|SE4","Without Sequence","53.07","",""
"04/03/2021 16:00:00 - 04/03/2021 17:00:00","BZN|SE4","Without Sequence","56.09","",""
"04/03/2021 17:00:00 - 04/03/2021 18:00:00","BZN|SE4","Without Sequence","62.13","",""
"04/03/2021 18:00:00 - 04/03/2021 19:00:00","BZN|SE4","Without Sequence","66.14","",""
"04/03/2021 19:00:00 - 04/03/2021 20:00:00","BZN|SE4","Without Sequence","57.60","",""
"04/03/2021 20:00:00 - 04/03/2021 21:00:00","BZN|SE4","Without Sequence","53.10","",""
"04/03/2021 21:00:00 - 04/03/2021 22:00:00","BZN|SE4","Without Sequence","50.57","",""
"04/03/2021 22:00:00 - 04/03/2021 23:00:00","BZN|SE4","Without Sequence","46.13","",""
"04/03/2021 23:00:00 - 05/03/2021 00:00:00","BZN|SE4","Without Sequence","45.63","",""
"05/03/2021 00:00:00 - 05/03/2021 01:00:00","BZN|SE4","Without Sequence","44.25","",""
"05/03/2021 01:00:00 - 05/03/2021 02:00:00","BZN|SE4","Without Sequence","42.65","",""
"05/03/2021 02:00:00 - 05/03/2021 03:00:00","BZN|SE4","Without Sequence","42.03","",""
"05/03/2021 03:00:00 - 05/03/2021 04:00:00","BZN|SE4","Without Sequence","42.35","",""
"05/03/2021 04:00:00 - 05/03/2021 05:00:00","BZN|SE4","Without Sequence","48.04","",""
"05/03/2021 05:00:00 - 05/03/2021 06:00:00","BZN|SE4","Without Sequence","57.31","",""
"05/03/2021 06:00:00 - 05/03/2021 07:00:00","BZN|SE4","Without Sequence","66.45","",""
"05/03/2021 07:00:00 - 05/03/2021 08:00:00","BZN|SE4","Without Sequence","69.64","",""
"05/03/2021 08:00:00 - 05/03/2021 09:00:00","BZN|SE4","Without Sequence","65.18","",""
"05/03/2021 09:00:00 - 05/03/2021 10:00:00","BZN|SE4","Without Sequence","60.14","",""
"05/03/2021 10:00:00 - 05/03/2021 11:00:00","BZN|SE4","Without Sequence","57.64","",""
"05/03/2021 11:00:00 - 05/03/2021 12:00:00","BZN|SE4","Without Sequence","55.01","",""
"05/03/2021 12:00:00 - 05/03/2021 13:00:00","BZN|SE4","Without Sequence","47.13","",""
"05/03/2021 13:00:00 - 05/03/2021 14:00:00","BZN|SE4","Without Sequence","44.24","",""
"05/03/2021 14:00:00 - 05/03/2021 15:00:00","BZN|SE4","Without Sequence","45.80","",""
"05/03/2021 15:00:00 - 05/03/2021 16:00:00","BZN|SE4","Without Sequence","51.99","",""
"05/03/2021 16:00:00 - 05/03/2021 17:00:00","BZN|SE4","Without Sequence","58.91","",""
"05/03/2021 17:00:00 - 05/03/2021 18:00:00","BZN|SE4","Without Sequence","65.74","",""
"05/03/2021 18:00:00 - 05/03/2021 19:00:00","BZN|SE4","Without Sequence","65.37","",""
"05/03/2021 19:00:00 - 05/03/2021 20:00:00","BZN|SE4","Without Sequence","59.17","",""
"05/03/2021 20:00:00 - 05/03/2021 21:00:00","BZN|SE4","Without Sequence","55.34","",""
"05/03/2021 21:00:00 - 05/03/2021 22:00:00","BZN|SE4","Without Sequence","53.15","",""
"05/03/2021 22:00:00 - 05/03/2021 23:00:00","BZN|SE4","Without Sequence","48.17","",""
"05/03/2021 23:00:00 - 06/03/2021 00:00:00","BZN|SE4","Without Sequence","48.00","",""
"06/03/2021 00:00:00 - 06/03/2021 01:00:00","BZN|SE4","Without Sequence","45.85","",""
"06/03/2021 01:00:00 - 06/03/2021 02:00:00","BZN|SE4","Without Sequence","42.52","",""
"06/03/2021 02:00:00 - 06/03/2021 03:00:00","BZN|SE4","Without Sequence","38.72","",""
"06/03/2021 03:00:00 - 06/03/2021 04:00:00","BZN|SE4","Without Sequence","38.40","",""
"06/03/2021 04:00:00 - 06/03/2021 05:00:00","BZN|SE4","Without Sequence","39.48","",""
"06/03/2021 05:00:00 - 06/03/2021 06:00:00","BZN|SE4","Without Sequence","40.46","",""
"06/03/2021 06:00:00 - 06/03/2021 07:00:00","BZN|SE4","Without Sequence","46.48","",""
"06/03/2021 07:00:00 - 06/03/2021 08:00:00","BZN|SE4","Without Sequence","48.03","",""
"06/03/2021 08:00:00 - 06/03/2021 09:00:00","BZN|SE4","Without Sequence","45.61","",""
"06/03/2021 09:00:00 - 06/03/2021 10:00:00","BZN|SE4","Without Sequence","39.94","",""
"06/03/2021 10:00:00 - 06/03/2021 11:00:00","BZN|SE4","Without Sequence","32.77","",""
"06/03/2021 11:00:00 - 06/03/2021 12:00:00","BZN|SE4","Without Sequence","25.04","",""
"06/03/2021 12:00:00 - 06/03/2021 13:00:00","BZN|SE4","Without Sequence","20.80","",""
"06/03/2021 13:00:00 - 06/03/2021 14:00:00","BZN|SE4","Without Sequence","19.31","",""
"06/03/2021 14:00:00 - 06/03/2021 15:00:00","BZN|SE4","Without Sequence","19.59","",""
"06/03/2021 15:00:00 - 06/03/2021 16:00:00","BZN|SE4","Without Sequence","21.77","",""
"06/03/2021 16:00:00 - 06/03/2021 17:00:00","BZN|SE4","Without Sequence","42.81","",""
"06/03/2021 17:00:00 - 06/03/2021 18:00:00","BZN|SE4","Without Sequence","44.10","",""
"06/03/2021 18:00:00 - 06/03/2021 19:00:00","BZN|SE4","Without Sequence","49.83","",""
"06/03/2021 19:00:00 - 06/03/2021 20:00:00","BZN|SE4","Without Sequence","22.13","",""
"06/03/2021 20:00:00 - 06/03/2021 21:00:00","BZN|SE4","Without Sequence","20.77","",""
"06/03/2021 21:00:00 - 06/03/2021 22:00:00","BZN|SE4","Without Sequence","21.00","",""
"06/03/2021 22:00:00 - 06/03/2021 23:00:00","BZN|SE4","Without Sequence","19.67","",""
"06/03/2021 23:00:00 - 07/03/2021 00:00:00","BZN|SE4","Without Sequence","16.91","",""
"07/03/2021 00:00:00 - 07/03/2021 01:00:00","BZN|SE4","Without Sequence","16.48","",""
"07/03/2021 01:00:00 - 07/03/2021 02:00:00","BZN|SE4","Without Sequence","16.21","",""
"07/03/2021 02:00:00 - 07/03/2021 03:00:00","BZN|SE4","Without Sequence","16.70","",""
"07/03/2021 03:00:00 - 07/03/2021 04:00:00","BZN|SE4","Without Sequence","17.85","",""
"07/03/2021 04:00:00 - 07/03/2021 05:00:00","BZN|SE4","Without Sequence","20.00","",""
"07/03/2021 05:00:00 - 07/03/2021 06:00:00","BZN|SE4","Without Sequence","20.35","",""
"07/03/2021 06:00:00 - 07/03/2021 07:00:00","BZN|SE4","Without Sequence","20.91","",""
"07/03/2021 07:00:00 - 07/03/2021 08:00:00","BZN|SE4","Without Sequence","35.68","",""
"07/03/2021 08:00:00 - 07/03/2021 09:00:00","BZN|SE4","Without Sequence","36.68","",""
"07/03/2021 09:00:00 - 07/03/2021 10:00:00","BZN|SE4","Without Sequence","37.21","",""
"07/03/2021 10:00:00 - 07/03/2021 11:00:00","BZN|SE4","Without Sequence","37.86","",""
"07/03/2021 11:00:00 - 07/03/2021 12:00:00","BZN|SE4","Without Sequence","37.62","",""
"07/03/2021 12:00:00 - 07/03/2021 13:00:00","BZN|SE4","Without Sequence","23.95","",""
"07/03/2021 13:00:00 - 07/03/2021 14:00:00","BZN|SE4","Without Sequence","24.15","",""
"07/03/2021 14:00:00 - 07/03/2021 15:00:00","BZN|SE4","Without Sequence","24.54","",""
"07/03/2021 15:00:00 - 07/03/2021 16:00:00","BZN|SE4","Without Sequence","41.39","",""
"07/03/2021 16:00:00 - 07/03/2021 17:00:00","BZN|SE4","Without Sequence","47.67","",""
"07/03/2021 17:00:00 - 07/03/2021 18:00:00","BZN|SE4","Without Sequence","55.84","",""
"07/03/2021 18:00:00 - 07/03/2021 19:00:00","BZN|SE4","Without Sequence","60.91","",""
"07/03/2021 19:00:00 - 07/03/2021 20:00:00","BZN|SE4","Without Sequence","56.77","",""
"07/03/2021 20:00:00 - 07/03/2021 21:00:00","BZN|SE4","Without Sequence","54.27","",""
"07/03/2021 21:00:00 - 07/03/2021 22:00:00","BZN|SE4","Without Sequence","52.35","",""
"07/03/2021 22:00:00 - 07/03/2021 23:00:00","BZN|SE4","Without Sequence","47.81","",""
"07/03/2021 23:00:00 - 08/03/2021 00:00:00","BZN|SE4","Without Sequence","41.07","",""
"08/03/2021 00:00:00 - 08/03/2021 01:00:00","BZN|SE4","Without Sequence","41.06","",""
"08/03/2021 01:00:00 - 08/03/2021 02:00:00","BZN|SE4","Without Sequence","43.41","",""
"08/03/2021 02:00:00 - 08/03/2021 03:00:00","BZN|SE4","Without Sequence","41.99","",""
"08/03/2021 03:00:00 - 08/03/2021 04:00:00","BZN|SE4","Without Sequence","43.92","",""
"08/03/2021 04:00:00 - 08/03/2021 05:00:00","BZN|SE4","Without Sequence","50.06","",""
"08/03/2021 05:00:00 - 08/03/2021 06:00:00","BZN|SE4","Without Sequence","63.92","",""
"08/03/2021 06:00:00 - 08/03/2021 07:00:00","BZN|SE4","Without Sequence","79.27","",""
"08/03/2021 07:00:00 - 08/03/2021 08:00:00","BZN|SE4","Without Sequence","86.66","",""
"08/03/2021 08:00:00 - 08/03/2021 09:00:00","BZN|SE4","Without Sequence","69.57","",""
"08/03/2021 09:00:00 - 08/03/2021 10:00:00","BZN|SE4","Without Sequence","59.34","",""
"08/03/2021 10:00:00 - 08/03/2021 11:00:00","BZN|SE4","Without Sequence","57.73","",""
"08/03/2021 11:00:00 - 08/03/2021 12:00:00","BZN|SE4","Without Sequence","55.77","",""
"08/03/2021 12:00:00 - 08/03/2021 13:00:00","BZN|SE4","Without Sequence","54.48","",""
"08/03/2021 13:00:00 - 08/03/2021 14:00:00","BZN|SE4","Without Sequence","54.15","",""
"08/03/2021 14:00:00 - 08/03/2021 15:00:00","BZN|SE4","Without Sequence","55.41","",""
"08/03/2021 15:00:00 - 08/03/2021 16:00:00","BZN|SE4","Without Sequence","58.64","",""
"08/03/2021 16:00:00 - 08/03/2021 17:00:00","BZN|SE4","Without Sequence","70.00","",""
"08/03/2021 17:00:00 - 08/03/2021 18:00:00","BZN|SE4","Without Sequence","100.87","",""
"08/03/2021 18:00:00 - 08/03/2021 19:00:00","BZN|SE4","Without Sequence","103.71","",""
"08/03/2021 19:00:00 - 08/03/2021 20:00:00","BZN|SE4","Without Sequence","66.18","",""
"08/03/2021 20:00:00 - 08/03/2021 21:00:00","BZN|SE4","Without Sequence","59.16","",""
"08/03/2021 21:00:00 - 08/03/2021 22:00:00","BZN|SE4","Without Sequence","56.87","",""
"08/03/2021 22:00:00 - 08/03/2021 23:00:00","BZN|SE4","Without Sequence","53.14","",""
"08/03/2021 23:00:00 - 09/03/2021 00:00:00","BZN|SE4","Without Sequence","47.52","",""
"09/03/2021 00:00:00 - 09/03/2021 01:00:00","BZN|SE4","Without Sequence","46.66","",""
"09/03/2021 01:00:00 - 09/03/2021 02:00:00","BZN|SE4","Without Sequence","43.77","",""
"09/03/2021 02:00:00 - 09/03/2021 03:00:00","BZN|SE4","Without Sequence","43.09","",""
"09/03/2021 03:00:00 - 09/03/2021 04:00:00","BZN|SE4","Without Sequence","43.59","",""
"09/03/2021 04:00:00 - 09/03/2021 05:00:00","BZN|SE4","Without Sequence","49.45","",""
"09/03/2021 05:00:00 - 09/03/2021 06:00:00","BZN|SE4","Without Sequence","61.70","",""
"09/03/2021 06:00:00 - 09/03/2021 07:00:00","BZN|SE4","Without Sequence","73.40","",""
"09/03/2021 07:00:00 - 09/03/2021 08:00:00","BZN|SE4","Without Sequence","81.35","",""
"09/03/2021 08:00:00 - 09/03/2021 09:00:00","BZN|SE4","Without Sequence","72.55","",""
"09/03/2021 09:00:00 - 09/03/2021 10:00:00","BZN|SE4","Without Sequence","63.02","",""
"09/03/2021 10:00:00 - 09/03/2021 11:00:00","BZN|SE4","Without Sequence","59.70","",""
"09/03/2021 11:00:00 - 09/03/2021 12:00:00","BZN|SE4","Without Sequence","57.94","",""
"09/03/2021 12:00:00 - 09/03/2021 13:00:00","BZN|SE4","Without Sequence","56.47","",""
"09/03/2021 13:00:00 - 09/03/2021 14:00:00","BZN|SE4","Without Sequence","56.49","",""
"09/03/2021 14:00:00 - 09/03/2021 15:00:00","BZN|SE4","Without Sequence","57.39","",""
"09/03/2021 15:00:00 - 09/03/2021 16:00:00","BZN|SE4","Without Sequence","57.05","",""
"09/03/2021 16:00:00 - 09/03/2021 17:00:00","BZN|SE4","Without Sequence","65.00","",""
"09/03/2021 17:00:00 - 09/03/2021 18:00:00","BZN|SE4","Without Sequence","92.37","",""
"09/03/2021 18:00:00 - 09/03/2021 19:00:00","BZN|SE4","Without Sequence","93.30","",""
"09/03/2021 19:00:00 - 09/03/2021 20:00:00","BZN|SE4","Without Sequence","70.00","",""
"09/03/2021 20:00:00 - 09/03/2021 21:00:00","BZN|SE4","Without Sequence","61.70","",""
"09/03/2021 21:00:00 - 09/03/2021 22:00:00","BZN|SE4","Without Sequence","58.30","",""
"09/03/2021 22:00:00 - 09/03/2021 23:00:00","BZN|SE4","Without Sequence","53.57","",""
"09/03/2021 23:00:00 - 10/03/2021 00:00:00","BZN|SE4","Without Sequence","55.57","",""
"10/03/2021 00:00:00 - 10/03/2021 01:00:00","BZN|SE4","Without Sequence","53.05","",""
"10/03/2021 01:00:00 - 10/03/2021 02:00:00","BZN|SE4","Without Sequence","50.03","",""
"10/03/2021 02:00:00 - 10/03/2021 03:00:00","BZN|SE4","Without Sequence","49.04","",""
"10/03/2021 03:00:00 - 10/03/2021 04:00:00","BZN|SE4","Without Sequence","49.00","",""
"10/03/2021 04:00:00 - 10/03/2021 05:00:00","BZN|SE4","Without Sequence","54.39","",""
"10/03/2021 05:00:00 - 10/03/2021 06:00:00","BZN|SE4","Without Sequence","60.35","",""
"10/03/2021 06:00:00 - 10/03/2021 07:00:00","BZN|SE4","Without Sequence","92.73","",""
"10/03/2021 07:00:00 - 10/03/2021 08:00:00","BZN|SE4","Without Sequence","149.98","",""
"10/03/2021 08:00:00 - 10/03/2021 09:00:00","BZN|SE4","Without Sequence","99.67","",""
"10/03/2021 09:00:00 - 10/03/2021 10:00:00","BZN|SE4","Without Sequence","71.09","",""
"10/03/2021 10:00:00 - 10/03/2021 11:00:00","BZN|SE4","Without Sequence","72.86","",""
"10/03/2021 11:00:00 - 10/03/2021 12:00:00","BZN|SE4","Without Sequence","69.99","",""
"10/03/2021 12:00:00 - 10/03/2021 13:00:00","BZN|SE4","Without Sequence","47.11","",""
"10/03/2021 13:00:00 - 10/03/2021 14:00:00","BZN|SE4","Without Sequence","46.89","",""
"10/03/2021 14:00:00 - 10/03/2021 15:00:00","BZN|SE4","Without Sequence","47.10","",""
"10/03/2021 15:00:00 - 10/03/2021 16:00:00","BZN|SE4","Without Sequence","49.03","",""
"10/03/2021 16:00:00 - 10/03/2021 17:00:00","BZN|SE4","Without Sequence","56.52","",""
"10/03/2021 17:00:00 - 10/03/2021 18:00:00","BZN|SE4","Without Sequence","70.03","",""
"10/03/2021 18:00:00 - 10/03/2021 19:00:00","BZN|SE4","Without Sequence","48.08","",""
"10/03/2021 19:00:00 - 10/03/2021 20:00:00","BZN|SE4","Without Sequence","45.04","",""
"10/03/2021 20:00:00 - 10/03/2021 21:00:00","BZN|SE4","Without Sequence","41.36","",""
"10/03/2021 21:00:00 - 10/03/2021 22:00:00","BZN|SE4","Without Sequence","36.22","",""
"10/03/2021 22:00:00 - 10/03/2021 23:00:00","BZN|SE4","Without Sequence","24.37","",""
"10/03/2021 23:00:00 - 11/03/2021 00:00:00","BZN|SE4","Without Sequence","18.07","",""
"11/03/2021 00:00:00 - 11/03/2021 01:00:00","BZN|SE4","Without Sequence","15.47","",""
"11/03/2021 01:00:00 - 11/03/2021 02:00:00","BZN|SE4","Without Sequence","13.95","",""
"11/03/2021 02:00:00 - 11/03/2021 03:00:00","BZN|SE4","Without Sequence","14.53","",""
"11/03/2021 03:00:00 - 11/03/2021 04:00:00","BZN|SE4","Without Sequence","16.92","",""
"11/03/2021 04:00:00 - 11/03/2021 05:00:00","BZN|SE4","Without Sequence","19.86","",""
"11/03/2021 05:00:00 - 11/03/2021 06:00:00","BZN|SE4","Without Sequence","24.37","",""
"11/03/2021 06:00:00 - 11/03/2021 07:00:00","BZN|SE4","Without Sequence","36.99","",""
"11/03/2021 07:00:00 - 11/03/2021 08:00:00","BZN|SE4","Without Sequence","37.63","",""
"11/03/2021 08:00:00 - 11/03/2021 09:00:00","BZN|SE4","Without Sequence","37.47","",""
"11/03/2021 09:00:00 - 11/03/2021 10:00:00","BZN|SE4","Without Sequence","35.84","",""
"11/03/2021 10:00:00 - 11/03/2021 11:00:00","BZN|SE4","Without Sequence","35.76","",""
"11/03/2021 11:00:00 - 11/03/2021 12:00:00","BZN|SE4","Without Sequence","36.97","",""
"11/03/2021 12:00:00 - 11/03/2021 13:00:00","BZN|SE4","Without Sequence","30.27","",""
"11/03/2021 13:00:00 - 11/03/2021 14:00:00","BZN|SE4","Without Sequence","26.21","",""
"11/03/2021 14:00:00 - 11/03/2021 15:00:00","BZN|SE4","Without Sequence","30.77","",""
"11/03/2021 15:00:00 - 11/03/2021 16:00:00","BZN|SE4","Without Sequence","34.09","",""
"11/03/2021 16:00:00 - 11/03/2021 17:00:00","BZN|SE4","Without Sequence","38.03","",""
"11/03/2021 17:00:00 - 11/03/2021 18:00:00","BZN|SE4","Without Sequence","39.04","",""
"11/03/2021 18:00:00 - 11/03/2021 19:00:00","BZN|SE4","Without Sequence","35.92","",""
"11/03/2021 19:00:00 - 11/03/2021 20:00:00","BZN|SE4","Without Sequence","26.30","",""
"11/03/2021 20:00:00 - 11/03/2021 21:00:00","BZN|SE4","Without Sequence","24.64","",""
"11/03/2021 21:00:00 - 11/03/2021 22:00:00","BZN|SE4","Without Sequence","22.58","",""
"11/03/2021 22:00:00 - 11/03/2021 23:00:00","BZN|SE4","Without Sequence","16.63","",""
"11/03/2021 23:00:00 - 12/03/2021 00:00:00","BZN|SE4","Without Sequence","17.61","",""
"12/03/2021 00:00:00 - 12/03/2021 01:00:00","BZN|SE4","Without Sequence","16.19","",""
"12/03/2021 01:00:00 - 12/03/2021 02:00:00","BZN|SE4","Without Sequence","16.02","",""
"12/03/2021 02:00:00 - 12/03/2021 03:00:00","BZN|SE4","Without Sequence","16.37","",""
"12/03/2021 03:00:00 - 12/03/2021 04:00:00","BZN|SE4","Without Sequence","22.02","",""
"12/03/2021 04:00:00 - 12/03/2021 05:00:00","BZN|SE4","Without Sequence","25.56","",""
"12/03/2021 05:00:00 - 12/03/2021 06:00:00","BZN|SE4","Without Sequence","28.67","",""
"12/03/2021 06:00:00 - 12/03/2021 07:00:00","BZN|SE4","Without Sequence","39.18","",""
"12/03/2021 07:00:00 - 12/03/2021 08:00:00","BZN|SE4","Without Sequence","37.10","",""
"12/03/2021 08:00:00 - 12/03/2021 09:00:00","BZN|SE4","Without Sequence","28.79","",""
"12/03/2021 09:00:00 - 12/03/2021 10:00:00","BZN|SE4","Without Sequence","28.79","",""
"12/03/2021 10:00:00 - 12/03/2021 11:00:00","BZN|SE4","Without Sequence","28.50","",""
"12/03/2021 11:00:00 - 12/03/2021 12:00:00","BZN|SE4","Without Sequence","27.99","",""
"12/03/2021 12:00:00 - 12/03/2021 13:00:00","BZN|SE4","Without Sequence","27.46","",""
"12/03/2021 13:00:00 - 12/03/2021 14:00:00","BZN|SE4","Without Sequence","27.03","",""
"12/03/2021 14:00:00 - 12/03/2021 15:00:00","BZN|SE4","Without Sequence","26.91","",""
"12/03/2021 15:00:00 - 12/03/2021 16:00:00","BZN|SE4","Without Sequence","28.21","",""
"12/03/2021 16:00:00 - 12/03/2021 17:00:00","BZN|SE4","Without Sequence","39.99","",""
"12/03/2021 17:00:00 - 12/03/2021 18:00:00","BZN|SE4","Without Sequence","50.58","",""
"12/03/2021 18:00:00 - 12/03/2021 19:00:00","BZN|SE4","Without Sequence","51.58","",""
"12/03/2021 19:00:00 - 12/03/2021 20:00:00","BZN|SE4","Without Sequence","37.04","",""
"12/03/2021 20:00:00 - 12/03/2021 21:00:00","BZN|SE4","Without Sequence","30.80","",""
"12/03/2021 21:00:00 - 12/03/2021 22:00:00","BZN|SE4","Without Sequence","30.20","",""
"12/03/2021 22:00:00 - 12/03/2021 23:00:00","BZN|SE4","Without Sequence","27.87","",""
"12/03/2021 23:00:00 - 13/03/2021 00:00:00","BZN|SE4","Without Sequence","26.43","",""
"13/03/2021 00:00:00 - 13/03/2021 01:00:00","BZN|SE4","Without Sequence","25.19","",""
"13/03/2021 01:00:00 - 13/03/2021 02:00:00","BZN|SE4","Without Sequence","25.12","",""
"13/03/2021 02:00:00 - 13/03/2021 03:00:00","BZN|SE4","Without Sequence","25.16","",""
"13/03/2021 03:00:00 - 13/03/2021 04:00:00","BZN|SE4","Without Sequence","25.53","",""
"13/03/2021 04:00:00 - 13/03/2021 05:00:00","BZN|SE4","Without Sequence","26.29","",""
"13/03/2021 05:00:00 - 13/03/2021 06:00:00","BZN|SE4","Without Sequence","25.72","",""
"13/03/2021 06:00:00 - 13/03/2021 07:00:00","BZN|SE4","Without Sequence","26.57","",""
"13/03/2021 07:00:00 - 13/03/2021 08:00:00","BZN|SE4","Without Sequence","28.41","",""
"13/03/2021 08:00:00 - 13/03/2021 09:00:00","BZN|SE4","Without Sequence","28.96","",""
"13/03/2021 09:00:00 - 13/03/2021 10:00:00","BZN|SE4","Without Sequence","28.99","",""
"13/03/2021 10:00:00 - 13/03/2021 11:00:00","BZN|SE4","Without Sequence","28.72","",""
"13/03/2021 11:00:00 - 13/03/2021 12:00:00","BZN|SE4","Without Sequence","28.43","",""
"13/03/2021 12:00:00 - 13/03/2021 13:00:00","BZN|SE4","Without Sequence","28.14","",""
"13/03/2021 13:00:00 - 13/03/2021 14:00:00","BZN|SE4","Without Sequence","27.49","",""
"13/03/2021 14:00:00 - 13/03/2021 15:00:00","BZN|SE4","Without Sequence","27.51","",""
"13/03/2021 15:00:00 - 13/03/2021 16:00:00","BZN|SE4","Without Sequence","28.50","",""
"13/03/2021 16:00:00 - 13/03/2021 17:00:00","BZN|SE4","Without Sequence","37.06","",""
"13/03/2021 17:00:00 - 13/03/2021 18:00:00","BZN|SE4","Without Sequence","40.23","",""
"13/03/2021 18:00:00 - 13/03/2021 19:00:00","BZN|SE4","Without Sequence","41.61","",""
"13/03/2021 19:00:00 - 13/03/2021 20:00:00","BZN|SE4","Without Sequence","29.61","",""
"13/03/2021 20:00:00 - 13/03/2021 21:00:00","BZN|SE4","Without Sequence","28.32","",""
"13/03/2021 21:00:00 - 13/03/2021 22:00:00","BZN|SE4","Without Sequence","27.43","",""
"13/03/2021 22:00:00 - 13/03/2021 23:00:00","BZN|SE4","Without Sequence","26.08","",""
"13/03/2021 23:00:00 - 14/03/2021 00:00:00","BZN|SE4","Without Sequence","28.08","",""
"14/03/2021 00:00:00 - 14/03/2021 01:00:00","BZN|SE4","Without Sequence","28.01","",""
"14/03/2021 01:00:00 - 14/03/2021 02:00:00","BZN|SE4","Without Sequence","27.70","",""
"14/03/2021 02:00:00 - 14/03/2021 03:00:00","BZN|SE4","Without Sequence","27.07","",""
"14/03/2021 03:00:00 - 14/03/2021 04:00:00","BZN|SE4","Without Sequence","27.66","",""
"14/03/2021 04:00:00 - 14/03/2021 05:00:00","BZN|SE4","Without Sequence","28.05","",""
"14/03/2021 05:00:00 - 14/03/2021 06:00:00","BZN|SE4","Without Sequence","25.85","",""
"14/03/2021 06:00:00 - 14/03/2021 07:00:00","BZN|SE4","Without Sequence","26.64","",""
"14/03/2021 07:00:00 - 14/03/2021 08:00:00","BZN|SE4","Without Sequence","28.30","",""
"14/03/2021 08:00:00 - 14/03/2021 09:00:00","BZN|SE4","Without Sequence","28.95","",""
"14/03/2021 09:00:00 - 14/03/2021 10:00:00","BZN|SE4","Without Sequence","29.07","",""
"14/03/2021 10:00:00 - 14/03/2021 11:00:00","BZN|SE4","Without Sequence","28.97","",""
"14/03/2021 11:00:00 - 14/03/2021 12:00:00","BZN|SE4","Without Sequence","28.69","",""
"14/03/2021 12:00:00 - 14/03/2021 13:00:00","BZN|SE4","Without Sequence","28.16","",""
"14/03/2021 13:00:00 - 14/03/2021 14:00:00","BZN|SE4","Without Sequence","28.08","",""
"14/03/2021 14:00:00 - 14/03/2021 15:00:00","BZN|SE4","Without Sequence","28.55","",""
"14/03/2021 15:00:00 - 14/03/2021 16:00:00","BZN|SE4","Without Sequence","29.20","",""
"14/03/2021 16:00:00 - 14/03/2021 17:00:00","BZN|SE4","Without Sequence","34.96","",""
"14/03/2021 17:00:00 - 14/03/2021 18:00:00","BZN|SE4","Without Sequence","49.51","",""
"14/03/2021 18:00:00 - 14/03/2021 19:00:00","BZN|SE4","Without Sequence","57.28","",""
"14/03/2021 19:00:00 - 14/03/2021 20:00:00","BZN|SE4","Without Sequence","45.03","",""
"14/03/2021 20:00:00 - 14/03/2021 21:00:00","BZN|SE4","Without Sequence","43.76","",""
"14/03/2021 21:00:00 - 14/03/2021 22:00:00","BZN|SE4","Without Sequence","43.12","",""
"14/03/2021 22:00:00 - 14/03/2021 23:00:00","BZN|SE4","Without Sequence","38.79","",""
"14/03/2021 23:00:00 - 15/03/2021 00:00:00","BZN|SE4","Without Sequence","32.96","",""
"15/03/2021 00:00:00 - 15/03/2021 01:00:00","BZN|SE4","Without Sequence","32.19","",""
"15/03/2021 01:00:00 - 15/03/2021 02:00:00","BZN|SE4","Without Sequence","32.03","",""
"15/03/2021 02:00:00 - 15/03/2021 03:00:00","BZN|SE4","Without Sequence","32.08","",""
"15/03/2021 03:00:00 - 15/03/2021 04:00:00","BZN|SE4","Without Sequence","32.60","",""
"15/03/2021 04:00:00 - 15/03/2021 05:00:00","BZN|SE4","Without Sequence","41.34","",""
"15/03/2021 05:00:00 - 15/03/2021 06:00:00","BZN|SE4","Without Sequence","55.60","",""
"15/03/2021 06:00:00 - 15/03/2021 07:00:00","BZN|SE4","Without Sequence","62.47","",""
"15/03/2021 07:00:00 - 15/03/2021 08:00:00","BZN|SE4","Without Sequence","64.89","",""
"15/03/2021 08:00:00 - 15/03/2021 09:00:00","BZN|SE4","Without Sequence","61.55","",""
"15/03/2021 09:00:00 - 15/03/2021 10:00:00","BZN|SE4","Without Sequence","55.05","",""
"15/03/2021 10:00:00 - 15/03/2021 11:00:00","BZN|SE4","Without Sequence","50.42","",""
"15/03/2021 11:00:00 - 15/03/2021 12:00:00","BZN|SE4","Without Sequence","47.98","",""
"15/03/2021 12:00:00 - 15/03/2021 13:00:00","BZN|SE4","Without Sequence","45.20","",""
"15/03/2021 13:00:00 - 15/03/2021 14:00:00","BZN|SE4","Without Sequence","40.77","",""
"15/03/2021 14:00:00 - 15/03/2021 15:00:00","BZN|SE4","Without Sequence","40.50","",""
"15/03/2021 15:00:00 - 15/03/2021 16:00:00","BZN|SE4","Without Sequence","42.61","",""
"15/03/2021 16:00:00 - 15/03/2021 17:00:00","BZN|SE4","Without Sequence","50.60","",""
"15/03/2021 17:00:00 - 15/03/2021 18:00:00","BZN|SE4","Without Sequence","63.49","",""
"15/03/2021 18:00:00 - 15/03/2021 19:00:00","BZN|SE4","Without Sequence","66.30","",""
"15/03/2021 19:00:00 - 15/03/2021 20:00:00","BZN|SE4","Without Sequence","58.49","",""
"15/03/2021 20:00:00 - 15/03/2021 21:00:00","BZN|SE4","Without Sequence","55.90","",""
"15/03/2021 21:00:00 - 15/03/2021 22:00:00","BZN|SE4","Without Sequence","50.76","",""
"15/03/2021 22:00:00 - 15/03/2021 23:00:00","BZN|SE4","Without Sequence","46.86","",""
"15/03/2021 23:00:00 - 16/03/2021 00:00:00","BZN|SE4","Without Sequence","44.37","",""
"16/03/2021 00:00:00 - 16/03/2021 01:00:00","BZN|SE4","Without Sequence","43.69","",""
"16/03/2021 01:00:00 - 16/03/2021 02:00:00","BZN|SE4","Without Sequence","43.70","",""
"16/03/2021 02:00:00 - 16/03/2021 03:00:00","BZN|SE4","Without Sequence","42.05","",""
"16/03/2021 03:00:00 - 16/03/2021 04:00:00","BZN|SE4","Without Sequence","44.10","",""
"16/03/2021 04:00:00 - 16/03/2021 05:00:00","BZN|SE4","Without Sequence","47.40","",""
"16/03/2021 05:00:00 - 16/03/2021 06:00:00","BZN|SE4","Without Sequence","59.10","",""
"16/03/2021 06:00:00 - 16/03/2021 07:00:00","BZN|SE4","Without Sequence","66.29","",""
"16/03/2021 07:00:00 - 16/03/2021 08:00:00","BZN|SE4","Without Sequence","68.92","",""
"16/03/2021 08:00:00 - 16/03/2021 09:00:00","BZN|SE4","Without Sequence","62.49","",""
"16/03/2021 09:00:00 - 16/03/2021 10:00:00","BZN|SE4","Without Sequence","59.93","",""
"16/03/2021 10:00:00 - 16/03/2021 11:00:00","BZN|SE4","Without Sequence","58.62","",""
"16/03/2021 11:00:00 - 16/03/2021 12:00:00","BZN|SE4","Without Sequence","54.84","",""
"16/03/2021 12:00:00 - 16/03/2021 13:00:00","BZN|SE4","Without Sequence","48.08","",""
"16/03/2021 13:00:00 - 16/03/2021 14:00:00","BZN|SE4","Without Sequence","48.61","",""
"16/03/2021 14:00:00 - 16/03/2021 15:00:00","BZN|SE4","Without Sequence","52.98","",""
"16/03/2021 15:00:00 - 16/03/2021 16:00:00","BZN|SE4","Without Sequence","59.99","",""
"16/03/2021 16:00:00 - 16/03/2021 17:00:00","BZN|SE4","Without Sequence","65.96","",""
"16/03/2021 17:00:00 - 16/03/2021 18:00:00","BZN|SE4","Without Sequence","70.70","",""
"16/03/2021 18:00:00 - 16/03/2021 19:00:00","BZN|SE4","Without Sequence","77.71","",""
"16/03/2021 19:00:00 - 16/03/2021 20:00:00","BZN|SE4","Without Sequence","61.40","",""
"16/03/2021 20:00:00 - 16/03/2021 21:00:00","BZN|SE4","Without Sequence","56.01","",""
"16/03/2021 21:00:00 - 16/03/2021 22:00:00","BZN|SE4","Without Sequence","53.88","",""
"16/03/2021 22:00:00 - 16/03/2021 23:00:00","BZN|SE4","Without Sequence","48.01","",""
"16/03/2021 23:00:00 - 17/03/2021 00:00:00","BZN|SE4","Without Sequence","46.14","",""
"17/03/2021 00:00:00 - 17/03/2021 01:00:00","BZN|SE4","Without Sequence","44.38","",""
"17/03/2021 01:00:00 - 17/03/2021 02:00:00","BZN|SE4","Without Sequence","43.38","",""
"17/03/2021 02:00:00 - 17/03/2021 03:00:00","BZN|SE4","Without Sequence","43.34","",""
"17/03/2021 03:00:00 - 17/03/2021 04:00:00","BZN|SE4","Without Sequence","44.30","",""
"17/03/2021 04:00:00 - 17/03/2021 05:00:00","BZN|SE4","Without Sequence","48.83","",""
"17/03/2021 05:00:00 - 17/03/2021 06:00:00","BZN|SE4","Without Sequence","53.81","",""
"17/03/2021 06:00:00 - 17/03/2021 07:00:00","BZN|SE4","Without Sequence","63.21","",""
"17/03/2021 07:00:00 - 17/03/2021 08:00:00","BZN|SE4","Without Sequence","64.00","",""
"17/03/2021 08:00:00 - 17/03/2021 09:00:00","BZN|SE4","Without Sequence","62.55","",""
"17/03/2021 09:00:00 - 17/03/2021 10:00:00","BZN|SE4","Without Sequence","57.51","",""
"17/03/2021 10:00:00 - 17/03/2021 11:00:00","BZN|SE4","Without Sequence","59.57","",""
"17/03/2021 11:00:00 - 17/03/2021 12:00:00","BZN|SE4","Without Sequence","54.82","",""
"17/03/2021 12:00:00 - 17/03/2021 13:00:00","BZN|SE4","Without Sequence","51.69","",""
"17/03/2021 13:00:00 - 17/03/2021 14:00:00","BZN|SE4","Without Sequence","50.31","",""
"17/03/2021 14:00:00 - 17/03/2021 15:00:00","BZN|SE4","Without Sequence","49.95","",""
"17/03/2021 15:00:00 - 17/03/2021 16:00:00","BZN|SE4","Without Sequence","55.64","",""
"17/03/2021 16:00:00 - 17/03/2021 17:00:00","BZN|SE4","Without Sequence","66.20","",""
"17/03/2021 17:00:00 - 17/03/2021 18:00:00","BZN|SE4","Without Sequence","77.79","",""
"17/03/2021 18:00:00 - 17/03/2021 19:00:00","BZN|SE4","Without Sequence","82.96","",""
"17/03/2021 19:00:00 - 17/03/2021 20:00:00","BZN|SE4","Without Sequence","67.62","",""
"17/03/2021 20:00:00 - 17/03/2021 21:00:00","BZN|SE4","Without Sequence","64.55","",""
"17/03/2021 21:00:00 - 17/03/2021 22:00:00","BZN|SE4","Without Sequence","60.96","",""
"17/03/2021 22:00:00 - 17/03/2021 23:00:00","BZN|SE4","Without Sequence","59.01","",""
"17/03/2021 23:00:00 - 18/03/2021 00:00:00","BZN|SE4","Without Sequence","49.89","",""
"18/03/2021 00:00:00 - 18/03/2021 01:00:00","BZN|SE4","Without Sequence","48.37","",""
"18/03/2021 01:00:00 - 18/03/2021 02:00:00","BZN|SE4","Without Sequence","47.02","",""
"18/03/2021 02:00:00 - 18/03/2021 03:00:00","BZN|SE4","Without Sequence","46.79","",""
"18/03/2021 03:00:00 - 18/03/2021 04:00:00","BZN|SE4","Without Sequence","47.03","",""
"18/03/2021 04:00:00 - 18/03/2021 05:00:00","BZN|SE4","Without Sequence","51.53","",""
"18/03/2021 05:00:00 - 18/03/2021 06:00:00","BZN|SE4","Without Sequence","66.05","",""
"18/03/2021 06:00:00 - 18/03/2021 07:00:00","BZN|SE4","Without Sequence","77.25","",""
"18/03/2021 07:00:00 - 18/03/2021 08:00:00","BZN|SE4","Without Sequence","78.34","",""
"18/03/2021 08:00:00 - 18/03/2021 09:00:00","BZN|SE4","Without Sequence","73.34","",""
"18/03/2021 09:00:00 - 18/03/2021 10:00:00","BZN|SE4","Without Sequence","69.51","",""
"18/03/2021 10:00:00 - 18/03/2021 11:00:00","BZN|SE4","Without Sequence","68.00","",""
"18/03/2021 11:00:00 - 18/03/2021 12:00:00","BZN|SE4","Without Sequence","65.31","",""
"18/03/2021 12:00:00 - 18/03/2021 13:00:00","BZN|SE4","Without Sequence","62.21","",""
"18/03/2021 13:00:00 - 18/03/2021 14:00:00","BZN|SE4","Without Sequence","61.15","",""
"18/03/2021 14:00:00 - 18/03/2021 15:00:00","BZN|SE4","Without Sequence","62.90","",""
"18/03/2021 15:00:00 - 18/03/2021 16:00:00","BZN|SE4","Without Sequence","64.53","",""
"18/03/2021 16:00:00 - 18/03/2021 17:00:00","BZN|SE4","Without Sequence","73.53","",""
"18/03/2021 17:00:00 - 18/03/2021 18:00:00","BZN|SE4","Without Sequence","86.86","",""
"18/03/2021 18:00:00 - 18/03/2021 19:00:00","BZN|SE4","Without Sequence","88.47","",""
"18/03/2021 19:00:00 - 18/03/2021 20:00:00","BZN|SE4","Without Sequence","69.21","",""
"18/03/2021 20:00:00 - 18/03/2021 21:00:00","BZN|SE4","Without Sequence","60.41","",""
"18/03/2021 21:00:00 - 18/03/2021 22:00:00","BZN|SE4","Without Sequence","58.68","",""
"18/03/2021 22:00:00 - 18/03/2021 23:00:00","BZN|SE4","Without Sequence","51.95","",""
"18/03/2021 23:00:00 - 19/03/2021 00:00:00","BZN|SE4","Without Sequence","59.60","",""
"19/03/2021 00:00:00 - 19/03/2021 01:00:00","BZN|SE4","Without Sequence","54.89","",""
"19/03/2021 01:00:00 - 19/03/2021 02:00:00","BZN|SE4","Without Sequence","49.66","",""
"19/03/2021 02:00:00 - 19/03/2021 03:00:00","BZN|SE4","Without Sequence","47.34","",""
"19/03/2021 03:00:00 - 19/03/2021 04:00:00","BZN|SE4","Without Sequence","48.80","",""
"19/03/2021 04:00:00 - 19/03/2021 05:00:00","BZN|SE4","Without Sequence","52.10","",""
"19/03/2021 05:00:00 - 19/03/2021 06:00:00","BZN|SE4","Without Sequence","67.02","",""
"19/03/2021 06:00:00 - 19/03/2021 07:00:00","BZN|SE4","Without Sequence","71.55","",""
"19/03/2021 07:00:00 - 19/03/2021 08:00:00","BZN|SE4","Without Sequence","71.53","",""
"19/03/2021 08:00:00 - 19/03/2021 09:00:00","BZN|SE4","Without Sequence","65.67","",""
"19/03/2021 09:00:00 - 19/03/2021 10:00:00","BZN|SE4","Without Sequence","51.66","",""
"19/03/2021 10:00:00 - 19/03/2021 11:00:00","BZN|SE4","Without Sequence","45.31","",""
"19/03/2021 11:00:00 - 19/03/2021 12:00:00","BZN|SE4","Without Sequence","44.53","",""
"19/03/2021 12:00:00 - 19/03/2021 13:00:00","BZN|SE4","Without Sequence","43.50","",""
"19/03/2021 13:00:00 - 19/03/2021 14:00:00","BZN|SE4","Without Sequence","43.16","",""
"19/03/2021 14:00:00 - 19/03/2021 15:00:00","BZN|SE4","Without Sequence","43.53","",""
"19/03/2021 15:00:00 - 19/03/2021 16:00:00","BZN|SE4","Without Sequence","47.67","",""
"19/03/2021 16:00:00 - 19/03/2021 17:00:00","BZN|SE4","Without Sequence","56.95","",""
"19/03/2021 17:00:00 - 19/03/2021 18:00:00","BZN|SE4","Without Sequence","70.43","",""
"19/03/2021 18:00:00 - 19/03/2021 19:00:00","BZN|SE4","Without Sequence","72.99","",""
"19/03/2021 19:00:00 - 19/03/2021 20:00:00","BZN|SE4","Without Sequence","66.40","",""
"19/03/2021 20:00:00 - 19/03/2021 21:00:00","BZN|SE4","Without Sequence","61.99","",""
"19/03/2021 21:00:00 - 19/03/2021 22:00:00","BZN|SE4","Without Sequence","60.64","",""
"19/03/2021 22:00:00 - 19/03/2021 23:00:00","BZN|SE4","Without Sequence","60.11","",""
"19/03/2021 23:00:00 - 20/03/2021 00:00:00","BZN|SE4","Without Sequence","58.82","",""
"20/03/2021 00:00:00 - 20/03/2021 01:00:00","BZN|SE4","Without Sequence","54.41","",""
"20/03/2021 01:00:00 - 20/03/2021 02:00:00","BZN|SE4","Without Sequence","54.99","",""
"20/03/2021 02:00:00 - 20/03/2021 03:00:00","BZN|SE4","Without Sequence","49.59","",""
"20/03/2021 03:00:00 - 20/03/2021 04:00:00","BZN|SE4","Without Sequence","48.80","",""
"20/03/2021 04:00:00 - 20/03/2021 05:00:00","BZN|SE4","Without Sequence","49.80","",""
"20/03/2021 05:00:00 - 20/03/2021 06:00:00","BZN|SE4","Without Sequence","51.28","",""
"20/03/2021 06:00:00 - 20/03/2021 07:00:00","BZN|SE4","Without Sequence","57.98","",""
"20/03/2021 07:00:00 - 20/03/2021 08:00:00","BZN|SE4","Without Sequence","53.36","",""
"20/03/2021 08:00:00 - 20/03/2021 09:00:00","BZN|SE4","Without Sequence","51.29","",""
"20/03/2021 09:00:00 - 20/03/2021 10:00:00","BZN|SE4","Without Sequence","47.07","",""
"20/03/2021 10:00:00 - 20/03/2021 11:00:00","BZN|SE4","Without Sequence","45.67","",""
"20/03/2021 11:00:00 - 20/03/2021 12:00:00","BZN|SE4","Without Sequence","44.00","",""
"20/03/2021 12:00:00 - 20/03/2021 13:00:00","BZN|SE4","Without Sequence","42.01","",""
"20/03/2021 13:00:00 - 20/03/2021 14:00:00","BZN|SE4","Without Sequence","40.00","",""
"20/03/2021 14:00:00 - 20/03/2021 15:00:00","BZN|SE4","Without Sequence","42.94","",""
"20/03/2021 15:00:00 - 20/03/2021 16:00:00","BZN|SE4","Without Sequence","43.84","",""
"20/03/2021 16:00:00 - 20/03/2021 17:00:00","BZN|SE4","Without Sequence","37.36","",""
"20/03/2021 17:00:00 - 20/03/2021 18:00:00","BZN|SE4","Without Sequence","53.79","",""
"20/03/2021 18:00:00 - 20/03/2021 19:00:00","BZN|SE4","Without Sequence","30.08","",""
"20/03/2021 19:00:00 - 20/03/2021 20:00:00","BZN|SE4","Without Sequence","23.80","",""
"20/03/2021 20:00:00 - 20/03/2021 21:00:00","BZN|SE4","Without Sequence","21.64","",""
"20/03/2021 21:00:00 - 20/03/2021 22:00:00","BZN|SE4","Without Sequence","17.75","",""
"20/03/2021 22:00:00 - 20/03/2021 23:00:00","BZN|SE4","Without Sequence","16.10","",""
"20/03/2021 23:00:00 - 21/03/2021 00:00:00","BZN|SE4","Without Sequence","16.67","",""
"21/03/2021 00:00:00 - 21/03/2021 01:00:00","BZN|SE4","Without Sequence","14.80","",""
"21/03/2021 01:00:00 - 21/03/2021 02:00:00","BZN|SE4","Without Sequence","13.98","",""
"21/03/2021 02:00:00 - 21/03/2021 03:00:00","BZN|SE4","Without Sequence","14.91","",""
"21/03/2021 03:00:00 - 21/03/2021 04:00:00","BZN|SE4","Without Sequence","15.68","",""
"21/03/2021 04:00:00 - 21/03/2021 05:00:00","BZN|SE4","Without Sequence","15.99","",""
"21/03/2021 05:00:00 - 21/03/2021 06:00:00","BZN|SE4","Without Sequence","13.47","",""
"21/03/2021 06:00:00 - 21/03/2021 07:00:00","BZN|SE4","Without Sequence","15.55","",""
"21/03/2021 07:00:00 - 21/03/2021 08:00:00","BZN|SE4","Without Sequence","19.31","",""
"21/03/2021 08:00:00 - 21/03/2021 09:00:00","BZN|SE4","Without Sequence","18.95","",""
"21/03/2021 09:00:00 - 21/03/2021 10:00:00","BZN|SE4","Without Sequence","18.58","",""
"21/03/2021 10:00:00 - 21/03/2021 11:00:00","BZN|SE4","Without Sequence","18.06","",""
"21/03/2021 11:00:00 - 21/03/2021 12:00:00","BZN|SE4","Without Sequence","16.57","",""
"21/03/2021 12:00:00 - 21/03/2021 13:00:00","BZN|SE4","Without Sequence","22.78","",""
"21/03/2021 13:00:00 - 21/03/2021 14:00:00","BZN|SE4","Without Sequence","20.69","",""
"21/03/2021 14:00:00 - 21/03/2021 15:00:00","BZN|SE4","Without Sequence","22.04","",""
"21/03/2021 15:00:00 - 21/03/2021 16:00:00","BZN|SE4","Without Sequence","30.00","",""
"21/03/2021 16:00:00 - 21/03/2021 17:00:00","BZN|SE4","Without Sequence","41.30","",""
"21/03/2021 17:00:00 - 21/03/2021 18:00:00","BZN|SE4","Without Sequence","57.10","",""
"21/03/2021 18:00:00 - 21/03/2021 19:00:00","BZN|SE4","Without Sequence","63.78","",""
"21/03/2021 19:00:00 - 21/03/2021 20:00:00","BZN|SE4","Without Sequence","59.47","",""
"21/03/2021 20:00:00 - 21/03/2021 21:00:00","BZN|SE4","Without Sequence","54.80","",""
"21/03/2021 21:00:00 - 21/03/2021 22:00:00","BZN|SE4","Without Sequence","53.94","",""
"21/03/2021 22:00:00 - 21/03/2021 23:00:00","BZN|SE4","Without Sequence","46.70","",""
"21/03/2021 23:00:00 - 22/03/2021 00:00:00","BZN|SE4","Without Sequence","22.32","",""
"22/03/2021 00:00:00 - 22/03/2021 01:00:00","BZN|SE4","Without Sequence","22.27","",""
"22/03/2021 01:00:00 - 22/03/2021 02:00:00","BZN|SE4","Without Sequence","22.94","",""
"22/03/2021 02:00:00 - 22/03/2021 03:00:00","BZN|SE4","Without Sequence","23.05","",""
"22/03/2021 03:00:00 - 22/03/2021 04:00:00","BZN|SE4","Without Sequence","24.11","",""
"22/03/2021 04:00:00 - 22/03/2021 05:00:00","BZN|SE4","Without Sequence","50.56","",""
"22/03/2021 05:00:00 - 22/03/2021 06:00:00","BZN|SE4","Without Sequence","60.51","",""
"22/03/2021 06:00:00 - 22/03/2021 07:00:00","BZN|SE4","Without Sequence","71.25","",""
"22/03/2021 07:00:00 - 22/03/2021 08:00:00","BZN|SE4","Without Sequence","73.24","",""
"22/03/2021 08:00:00 - 22/03/2021 09:00:00","BZN|SE4","Without Sequence","69.88","",""
"22/03/2021 09:00:00 - 22/03/2021 10:00:00","BZN|SE4","Without Sequence","63.89","",""
"22/03/2021 10:00:00 - 22/03/2021 11:00:00","BZN|SE4","Without Sequence","60.93","",""
"22/03/2021 11:00:00 - 22/03/2021 12:00:00","BZN|SE4","Without Sequence","57.98","",""
"22/03/2021 12:00:00 - 22/03/2021 13:00:00","BZN|SE4","Without Sequence","52.49","",""
"22/03/2021 13:00:00 - 22/03/2021 14:00:00","BZN|SE4","Without Sequence","50.71","",""
"22/03/2021 14:00:00 - 22/03/2021 15:00:00","BZN|SE4","Without Sequence","49.79","",""
"22/03/2021 15:00:00 - 22/03/2021 16:00:00","BZN|SE4","Without Sequence","51.37","",""
"22/03/2021 16:00:00 - 22/03/2021 17:00:00","BZN|SE4","Without Sequence","62.45","",""
"22/03/2021 17:00:00 - 22/03/2021 18:00:00","BZN|SE4","Without Sequence","73.69","",""
"22/03/2021 18:00:00 - 22/03/2021 19:00:00","BZN|SE4","Without Sequence","69.39","",""
"22/03/2021 19:00:00 - 22/03/2021 20:00:00","BZN|SE4","Without Sequence","71.96","",""
"22/03/2021 20:00:00 - 22/03/2021 21:00:00","BZN|SE4","Without Sequence","63.86","",""
"22/03/2021 21:00:00 - 22/03/2021 22:00:00","BZN|SE4","Without Sequence","59.34","",""
"22/03/2021 22:00:00 - 22/03/2021 23:00:00","BZN|SE4","Without Sequence","43.02","",""
"22/03/2021 23:00:00 - 23/03/2021 00:00:00","BZN|SE4","Without Sequence","28.02","",""
"23/03/2021 00:00:00 - 23/03/2021 01:00:00","BZN|SE4","Without Sequence","28.04","",""
"23/03/2021 01:00:00 - 23/03/2021 02:00:00","BZN|SE4","Without Sequence","28.06","",""
"23/03/2021 02:00:00 - 23/03/2021 03:00:00","BZN|SE4","Without Sequence","32.84","",""
"23/03/2021 03:00:00 - 23/03/2021 04:00:00","BZN|SE4","Without Sequence","33.83","",""
"23/03/2021 04:00:00 - 23/03/2021 05:00:00","BZN|SE4","Without Sequence","57.06","",""
"23/03/2021 05:00:00 - 23/03/2021 06:00:00","BZN|SE4","Without Sequence","63.69","",""
"23/03/2021 06:00:00 - 23/03/2021 07:00:00","BZN|SE4","Without Sequence","72.58","",""
"23/03/2021 07:00:00 - 23/03/2021 08:00:00","BZN|SE4","Without Sequence","74.08","",""
"23/03/2021 08:00:00 - 23/03/2021 09:00:00","BZN|SE4","Without Sequence","69.20","",""
"23/03/2021 09:00:00 - 23/03/2021 10:00:00","BZN|SE4","Without Sequence","63.46","",""
"23/03/2021 10:00:00 - 23/03/2021 11:00:00","BZN|SE4","Without Sequence","62.10","",""
"23/03/2021 11:00:00 - 23/03/2021 12:00:00","BZN|SE4","Without Sequence","60.49","",""
"23/03/2021 12:00:00 - 23/03/2021 13:00:00","BZN|SE4","Without Sequence","57.58","",""
"23/03/2021 13:00:00 - 23/03/2021 14:00:00","BZN|SE4","Without Sequence","58.69","",""
"23/03/2021 14:00:00 - 23/03/2021 15:00:00","BZN|SE4","Without Sequence","57.03","",""
"23/03/2021 15:00:00 - 23/03/2021 16:00:00","BZN|SE4","Without Sequence","58.58","",""
"23/03/2021 16:00:00 - 23/03/2021 17:00:00","BZN|SE4","Without Sequence","63.09","",""
"23/03/2021 17:00:00 - 23/03/2021 18:00:00","BZN|SE4","Without Sequence","69.69","",""
"23/03/2021 18:00:00 - 23/03/2021 19:00:00","BZN|SE4","Without Sequence","81.49","",""
"23/03/2021 19:00:00 - 23/03/2021 20:00:00","BZN|SE4","Without Sequence","70.74","",""
"23/03/2021 20:00:00 - 23/03/2021 21:00:00","BZN|SE4","Without Sequence","63.02","",""
"23/03/2021 21:00:00 - 23/03/2021 22:00:00","BZN|SE4","Without Sequence","55.11","",""
"23/03/2021 22:00:00 - 23/03/2021 23:00:00","BZN|SE4","Without Sequence","41.79","",""
"23/03/2021 23:00:00 - 24/03/2021 00:00:00","BZN|SE4","Without Sequence","40.35","",""
"24/03/2021 00:00:00 - 24/03/2021 01:00:00","BZN|SE4","Without Sequence","30.04","",""
"24/03/2021 01:00:00 - 24/03/2021 02:00:00","BZN|SE4","Without Sequence","17.10","",""
"24/03/2021 02:00:00 - 24/03/2021 03:00:00","BZN|SE4","Without Sequence","30.00","",""
"24/03/2021 03:00:00 - 24/03/2021 04:00:00","BZN|SE4","Without Sequence","30.07","",""
"24/03/2021 04:00:00 - 24/03/2021 05:00:00","BZN|SE4","Without Sequence","44.64","",""
"24/03/2021 05:00:00 - 24/03/2021 06:00:00","BZN|SE4","Without Sequence","58.58","",""
"24/03/2021 06:00:00 - 24/03/2021 07:00:00","BZN|SE4","Without Sequence","63.82","",""
"24/03/2021 07:00:00 - 24/03/2021 08:00:00","BZN|SE4","Without Sequence","66.30","",""
"24/03/2021 08:00:00 - 24/03/2021 09:00:00","BZN|SE4","Without Sequence","49.64","",""
"24/03/2021 09:00:00 - 24/03/2021 10:00:00","BZN|SE4","Without Sequence","40.00","",""
"24/03/2021 10:00:00 - 24/03/2021 11:00:00","BZN|SE4","Without Sequence","40.98","",""
"24/03/2021 11:00:00 - 24/03/2021 12:00:00","BZN|SE4","Without Sequence","41.00","",""
"24/03/2021 12:00:00 - 24/03/2021 13:00:00","BZN|SE4","Without Sequence","42.60","",""
"24/03/2021 13:00:00 - 24/03/2021 14:00:00","BZN|SE4","Without Sequence","44.12","",""
"24/03/2021 14:00:00 - 24/03/2021 15:00:00","BZN|SE4","Without Sequence","47.70","",""
"24/03/2021 15:00:00 - 24/03/2021 16:00:00","BZN|SE4","Without Sequence","50.82","",""
"24/03/2021 16:00:00 - 24/03/2021 17:00:00","BZN|SE4","Without Sequence","59.85","",""
"24/03/2021 17:00:00 - 24/03/2021 18:00:00","BZN|SE4","Without Sequence","69.21","",""
"24/03/2021 18:00:00 - 24/03/2021 19:00:00","BZN|SE4","Without Sequence","81.98","",""
"24/03/2021 19:00:00 - 24/03/2021 20:00:00","BZN|SE4","Without Sequence","71.81","",""
"24/03/2021 20:00:00 - 24/03/2021 21:00:00","BZN|SE4","Without Sequence","65.15","",""
"24/03/2021 21:00:00 - 24/03/2021 22:00:00","BZN|SE4","Without Sequence","61.00","",""
"24/03/2021 22:00:00 - 24/03/2021 23:00:00","BZN|SE4","Without Sequence","57.68","",""
"24/03/2021 23:00:00 - 25/03/2021 00:00:00","BZN|SE4","Without Sequence","53.23","",""
"25/03/2021 00:00:00 - 25/03/2021 01:00:00","BZN|SE4","Without Sequence","25.02","",""
"25/03/2021 01:00:00 - 25/03/2021 02:00:00","BZN|SE4","Without Sequence","21.07","",""
"25/03/2021 02:00:00 - 25/03/2021 03:00:00","BZN|SE4","Without Sequence","25.05","",""
"25/03/2021 03:00:00 - 25/03/2021 04:00:00","BZN|SE4","Without Sequence","49.00","",""
"25/03/2021 04:00:00 - 25/03/2021 05:00:00","BZN|SE4","Without Sequence","57.46","",""
"25/03/2021 05:00:00 - 25/03/2021 06:00:00","BZN|SE4","Without Sequence","67.15","",""
"25/03/2021 06:00:00 - 25/03/2021 07:00:00","BZN|SE4","Without Sequence","72.00","",""
"25/03/2021 07:00:00 - 25/03/2021 08:00:00","BZN|SE4","Without Sequence","72.70","",""
"25/03/2021 08:00:00 - 25/03/2021 09:00:00","BZN|SE4","Without Sequence","67.04","",""
"25/03/2021 09:00:00 - 25/03/2021 10:00:00","BZN|SE4","Without Sequence","57.90","",""
"25/03/2021 10:00:00 - 25/03/2021 11:00:00","BZN|SE4","Without Sequence","46.42","",""
"25/03/2021 11:00:00 - 25/03/2021 12:00:00","BZN|SE4","Without Sequence","46.07","",""
"25/03/2021 12:00:00 - 25/03/2021 13:00:00","BZN|SE4","Without Sequence","45.77","",""
"25/03/2021 13:00:00 - 25/03/2021 14:00:00","BZN|SE4","Without Sequence","47.69","",""
"25/03/2021 14:00:00 - 25/03/2021 15:00:00","BZN|SE4","Without Sequence","46.85","",""
"25/03/2021 15:00:00 - 25/03/2021 16:00:00","BZN|SE4","Without Sequence","54.37","",""
"25/03/2021 16:00:00 - 25/03/2021 17:00:00","BZN|SE4","Without Sequence","63.26","",""
"25/03/2021 17:00:00 - 25/03/2021 18:00:00","BZN|SE4","Without Sequence","72.15","",""
"25/03/2021 18:00:00 - 25/03/2021 19:00:00","BZN|SE4","Without Sequence","83.38","",""
"25/03/2021 19:00:00 - 25/03/2021 20:00:00","BZN|SE4","Without Sequence","70.61","",""
"25/03/2021 20:00:00 - 25/03/2021 21:00:00","BZN|SE4","Without Sequence","61.39","",""
"25/03/2021 21:00:00 - 25/03/2021 22:00:00","BZN|SE4","Without Sequence","57.88","",""
"25/03/2021 22:00:00 - 25/03/2021 23:00:00","BZN|SE4","Without Sequence","47.81","",""
"25/03/2021 23:00:00 - 26/03/2021 00:00:00","BZN|SE4","Without Sequence","51.02","",""
"26/03/2021 00:00:00 - 26/03/2021 01:00:00","BZN|SE4","Without Sequence","41.51","",""
"26/03/2021 01:00:00 - 26/03/2021 02:00:00","BZN|SE4","Without Sequence","21.71","",""
"26/03/2021 02:00:00 - 26/03/2021 03:00:00","BZN|SE4","Without Sequence","39.92","",""
"26/03/2021 03:00:00 - 26/03/2021 04:00:00","BZN|SE4","Without Sequence","44.52","",""
"26/03/2021 04:00:00 - 26/03/2021 05:00:00","BZN|SE4","Without Sequence","49.91","",""
"26/03/2021 05:00:00 - 26/03/2021 06:00:00","BZN|SE4","Without Sequence","61.16","",""
"26/03/2021 06:00:00 - 26/03/2021 07:00:00","BZN|SE4","Without Sequence","65.81","",""
"26/03/2021 07:00:00 - 26/03/2021 08:00:00","BZN|SE4","Without Sequence","63.67","",""
"26/03/2021 08:00:00 - 26/03/2021 09:00:00","BZN|SE4","Without Sequence","48.01","",""
"26/03/2021 09:00:00 - 26/03/2021 10:00:00","BZN|SE4","Without Sequence","41.86","",""
"26/03/2021 10:00:00 - 26/03/2021 11:00:00","BZN|SE4","Without Sequence","37.65","",""
"26/03/2021 11:00:00 - 26/03/2021 12:00:00","BZN|SE4","Without Sequence","36.01","",""
"26/03/2021 12:00:00 - 26/03/2021 13:00:00","BZN|SE4","Without Sequence","34.73","",""
"26/03/2021 13:00:00 - 26/03/2021 14:00:00","BZN|SE4","Without Sequence","36.20","",""
"26/03/2021 14:00:00 - 26/03/2021 15:00:00","BZN|SE4","Without Sequence","44.07","",""
"26/03/2021 15:00:00 - 26/03/2021 16:00:00","BZN|SE4","Without Sequence","49.08","",""
"26/03/2021 16:00:00 - 26/03/2021 17:00:00","BZN|SE4","Without Sequence","59.23","",""
"26/03/2021 17:00:00 - 26/03/2021 18:00:00","BZN|SE4","Without Sequence","60.93","",""
"26/03/2021 18:00:00 - 26/03/2021 19:00:00","BZN|SE4","Without Sequence","67.35","",""
"26/03/2021 19:00:00 - 26/03/2021 20:00:00","BZN|SE4","Without Sequence","51.30","",""
"26/03/2021 20:00:00 - 26/03/2021 21:00:00","BZN|SE4","Without Sequence","56.01","",""
"26/03/2021 21:00:00 - 26/03/2021 22:00:00","BZN|SE4","Without Sequence","22.70","",""
"26/03/2021 22:00:00 - 26/03/2021 23:00:00","BZN|SE4","Without Sequence","21.04","",""
"26/03/2021 23:00:00 - 27/03/2021 00:00:00","BZN|SE4","Without Sequence","28.06","",""
"27/03/2021 00:00:00 - 27/03/2021 01:00:00","BZN|SE4","Without Sequence","16.97","",""
"27/03/2021 01:00:00 - 27/03/2021 02:00:00","BZN|SE4","Without Sequence","16.63","",""
"27/03/2021 02:00:00 - 27/03/2021 03:00:00","BZN|SE4","Without Sequence","17.14","",""
"27/03/2021 03:00:00 - 27/03/2021 04:00:00","BZN|SE4","Without Sequence","17.88","",""
"27/03/2021 04:00:00 - 27/03/2021 05:00:00","BZN|SE4","Without Sequence","18.37","",""
"27/03/2021 05:00:00 - 27/03/2021 06:00:00","BZN|SE4","Without Sequence","19.09","",""
"27/03/2021 06:00:00 - 27/03/2021 07:00:00","BZN|SE4","Without Sequence","19.94","",""
"27/03/2021 07:00:00 - 27/03/2021 08:00:00","BZN|SE4","Without Sequence","19.88","",""
"27/03/2021 08:00:00 - 27/03/2021 09:00:00","BZN|SE4","Without Sequence","18.61","",""
"27/03/2021 09:00:00 - 27/03/2021 10:00:00","BZN|SE4","Without Sequence","16.81","",""
"27/03/2021 10:00:00 - 27/03/2021 11:00:00","BZN|SE4","Without Sequence","16.37","",""
"27/03/2021 11:00:00 - 27/03/2021 12:00:00","BZN|SE4","Without Sequence","16.38","",""
"27/03/2021 12:00:00 - 27/03/2021 13:00:00","BZN|SE4","Without Sequence","15.69","",""
"27/03/2021 13:00:00 - 27/03/2021 14:00:00","BZN|SE4","Without Sequence","15.90","",""
"27/03/2021 14:00:00 - 27/03/2021 15:00:00","BZN|SE4","Without Sequence","16.71","",""
"27/03/2021 15:00:00 - 27/03/2021 16:00:00","BZN|SE4","Without Sequence","19.95","",""
"27/03/2021 16:00:00 - 27/03/2021 17:00:00","BZN|SE4","Without Sequence","30.07","",""
"27/03/2021 17:00:00 - 27/03/2021 18:00:00","BZN|SE4","Without Sequence","56.12","",""
"27/03/2021 18:00:00 - 27/03/2021 19:00:00","BZN|SE4","Without Sequence","55.35","",""
"27/03/2021 19:00:00 - 27/03/2021 20:00:00","BZN|SE4","Without Sequence","40.08","",""
"27/03/2021 20:00:00 - 27/03/2021 21:00:00","BZN|SE4","Without Sequence","20.07","",""
"27/03/2021 21:00:00 - 27/03/2021 22:00:00","BZN|SE4","Without Sequence","19.02","",""
"27/03/2021 22:00:00 - 27/03/2021 23:00:00","BZN|SE4","Without Sequence","18.00","",""
"27/03/2021 23:00:00 - 28/03/2021 00:00:00","BZN|SE4","Without Sequence","18.22","",""
"28/03/2021 00:00:00 - 28/03/2021 01:00:00","BZN|SE4","Without Sequence","18.68","",""
"28/03/2021 01:00:00 - 28/03/2021 02:00:00","BZN|SE4","Without Sequence","18.39","",""
"28/03/2021 02:00:00 - 28/03/2021 03:00:00","BZN|SE4","Without Sequence","19.74","",""
"28/03/2021 03:00:00 - 28/03/2021 04:00:00","BZN|SE4","Without Sequence","20.04","",""
"28/03/2021 04:00:00 - 28/03/2021 05:00:00","BZN|SE4","Without Sequence","20.29","",""
"28/03/2021 05:00:00 - 28/03/2021 06:00:00","BZN|SE4","Without Sequence","20.70","",""
"28/03/2021 06:00:00 - 28/03/2021 07:00:00","BZN|SE4","Without Sequence","21.89","",""
"28/03/2021 07:00:00 - 28/03/2021 08:00:00","BZN|SE4","Without Sequence","22.30","",""
"28/03/2021 08:00:00 - 28/03/2021 09:00:00","BZN|SE4","Without Sequence","20.71","",""
"28/03/2021 09:00:00 - 28/03/2021 10:00:00","BZN|SE4","Without Sequence","17.09","",""
"28/03/2021 10:00:00 - 28/03/2021 11:00:00","BZN|SE4","Without Sequence","18.37","",""
"28/03/2021 11:00:00 - 28/03/2021 12:00:00","BZN|SE4","Without Sequence","17.76","",""
"28/03/2021 12:00:00 - 28/03/2021 13:00:00","BZN|SE4","Without Sequence","16.92","",""
"28/03/2021 13:00:00 - 28/03/2021 14:00:00","BZN|SE4","Without Sequence","16.23","",""
"28/03/2021 14:00:00 - 28/03/2021 15:00:00","BZN|SE4","Without Sequence","15.68","",""
"28/03/2021 15:00:00 - 28/03/2021 16:00:00","BZN|SE4","Without Sequence","18.04","",""
"28/03/2021 16:00:00 - 28/03/2021 17:00:00","BZN|SE4","Without Sequence","21.82","",""
"28/03/2021 17:00:00 - 28/03/2021 18:00:00","BZN|SE4","Without Sequence","42.00","",""
"28/03/2021 18:00:00 - 28/03/2021 19:00:00","BZN|SE4","Without Sequence","47.18","",""
"28/03/2021 19:00:00 - 28/03/2021 20:00:00","BZN|SE4","Without Sequence","21.76","",""
"28/03/2021 20:00:00 - 28/03/2021 21:00:00","BZN|SE4","Without Sequence","20.54","",""
"28/03/2021 21:00:00 - 28/03/2021 22:00:00","BZN|SE4","Without Sequence","18.58","",""
"28/03/2021 22:00:00 - 28/03/2021 23:00:00","BZN|SE4","Without Sequence","18.59","",""
"28/03/2021 23:00:00 - 29/03/2021 00:00:00","BZN|SE4","Without Sequence","18.29","",""
"29/03/2021 00:00:00 - 29/03/2021 01:00:00","BZN|SE4","Without Sequence","18.71","",""
"29/03/2021 01:00:00 - 29/03/2021 02:00:00","BZN|SE4","Without Sequence","19.24","",""
"29/03/2021 02:00:00 - 29/03/2021 03:00:00","BZN|SE4","Without Sequence","20.30","",""
"29/03/2021 03:00:00 - 29/03/2021 04:00:00","BZN|SE4","Without Sequence","21.70","",""
"29/03/2021 04:00:00 - 29/03/2021 05:00:00","BZN|SE4","Without Sequence","26.88","",""
"29/03/2021 05:00:00 - 29/03/2021 06:00:00","BZN|SE4","Without Sequence","45.82","",""
"29/03/2021 06:00:00 - 29/03/2021 07:00:00","BZN|SE4","Without Sequence","40.43","",""
"29/03/2021 07:00:00 - 29/03/2021 08:00:00","BZN|SE4","Without Sequence","44.01","",""
"29/03/2021 08:00:00 - 29/03/2021 09:00:00","BZN|SE4","Without Sequence","36.58","",""
"29/03/2021 09:00:00 - 29/03/2021 10:00:00","BZN|SE4","Without Sequence","28.58","",""
"29/03/2021 10:00:00 - 29/03/2021 11:00:00","BZN|SE4","Without Sequence","21.79","",""
"29/03/2021 11:00:00 - 29/03/2021 12:00:00","BZN|SE4","Without Sequence","18.45","",""
"29/03/2021 12:00:00 - 29/03/2021 13:00:00","BZN|SE4","Without Sequence","17.13","",""
"29/03/2021 13:00:00 - 29/03/2021 14:00:00","BZN|SE4","Without Sequence","18.61","",""
"29/03/2021 14:00:00 - 29/03/2021 15:00:00","BZN|SE4","Without Sequence","20.44","",""
"29/03/2021 15:00:00 - 29/03/2021 16:00:00","BZN|SE4","Without Sequence","38.76","",""
"29/03/2021 16:00:00 - 29/03/2021 17:00:00","BZN|SE4","Without Sequence","48.55","",""
"29/03/2021 17:00:00 - 29/03/2021 18:00:00","BZN|SE4","Without Sequence","38.05","",""
"29/03/2021 18:00:00 - 29/03/2021 19:00:00","BZN|SE4","Without Sequence","38.46","",""
"29/03/2021 19:00:00 - 29/03/2021 20:00:00","BZN|SE4","Without Sequence","45.02","",""
"29/03/2021 20:00:00 - 29/03/2021 21:00:00","BZN|SE4","Without Sequence","20.08","",""
"29/03/2021 21:00:00 - 29/03/2021 22:00:00","BZN|SE4","Without Sequence","15.94","",""
"29/03/2021 22:00:00 - 29/03/2021 23:00:00","BZN|SE4","Without Sequence","13.21","",""
"29/03/2021 23:00:00 - 30/03/2021 00:00:00","BZN|SE4","Without Sequence","12.32","",""
"30/03/2021 00:00:00 - 30/03/2021 01:00:00","BZN|SE4","Without Sequence","11.36","",""
"30/03/2021 01:00:00 - 30/03/2021 02:00:00","BZN|SE4","Without Sequence","11.38","",""
"30/03/2021 02:00:00 - 30/03/2021 03:00:00","BZN|SE4","Without Sequence","11.66","",""
"30/03/2021 03:00:00 - 30/03/2021 04:00:00","BZN|SE4","Without Sequence","15.54","",""
"30/03/2021 04:00:00 - 30/03/2021 05:00:00","BZN|SE4","Without Sequence","50.47","",""
"30/03/2021 05:00:00 - 30/03/2021 06:00:00","BZN|SE4","Without Sequence","55.51","",""
"30/03/2021 06:00:00 - 30/03/2021 07:00:00","BZN|SE4","Without Sequence","50.48","",""
"30/03/2021 07:00:00 - 30/03/2021 08:00:00","BZN|SE4","Without Sequence","54.84","",""
"30/03/2021 08:00:00 - 30/03/2021 09:00:00","BZN|SE4","Without Sequence","49.32","",""
"30/03/2021 09:00:00 - 30/03/2021 10:00:00","BZN|SE4","Without Sequence","42.81","",""
"30/03/2021 10:00:00 - 30/03/2021 11:00:00","BZN|SE4","Without Sequence","38.88","",""
"30/03/2021 11:00:00 - 30/03/2021 12:00:00","BZN|SE4","Without Sequence","38.50","",""
"30/03/2021 12:00:00 - 30/03/2021 13:00:00","BZN|SE4","Without Sequence","38.06","",""
"30/03/2021 13:00:00 - 30/03/2021 14:00:00","BZN|SE4","Without Sequence","38.20","",""
"30/03/2021 14:00:00 - 30/03/2021 15:00:00","BZN|SE4","Without Sequence","28.74","",""
"30/03/2021 15:00:00 - 30/03/2021 16:00:00","BZN|SE4","Without Sequence","51.24","",""
"30/03/2021 16:00:00 - 30/03/2021 17:00:00","BZN|SE4","Without Sequence","61.72","",""
"30/03/2021 17:00:00 - 30/03/2021 18:00:00","BZN|SE4","Without Sequence","70.52","",""
"30/03/2021 18:00:00 - 30/03/2021 19:00:00","BZN|SE4","Without Sequence","55.01","",""
"30/03/2021 19:00:00 - 30/03/2021 20:00:00","BZN|SE4","Without Sequence","63.44","",""
"30/03/2021 20:00:00 - 30/03/2021 21:00:00","BZN|SE4","Without Sequence","50.10","",""
"30/03/2021 21:00:00 - 30/03/2021 22:00:00","BZN|SE4","Without Sequence","50.00","",""
"30/03/2021 22:00:00 - 30/03/2021 23:00:00","BZN|SE4","Without Sequence","17.17","",""
"30/03/2021 23:00:00 - 31/03/2021 00:00:00","BZN|SE4","Without Sequence","16.32","",""
"31/03/2021 00:00:00 - 31/03/2021 01:00:00","BZN|SE4","Without Sequence","16.06","",""
"31/03/2021 01:00:00 - 31/03/2021 02:00:00","BZN|SE4","Without Sequence","16.59","",""
"31/03/2021 02:00:00 - 31/03/2021 03:00:00","BZN|SE4","Without Sequence","47.17","",""
"31/03/2021 03:00:00 - 31/03/2021 04:00:00","BZN|SE4","Without Sequence","52.26","",""
"31/03/2021 04:00:00 - 31/03/2021 05:00:00","BZN|SE4","Without Sequence","65.79","",""
"31/03/2021 05:00:00 - 31/03/2021 06:00:00","BZN|SE4","Without Sequence","73.44","",""
"31/03/2021 06:00:00 - 31/03/2021 07:00:00","BZN|SE4","Without Sequence","75.41","",""
"31/03/2021 07:00:00 - 31/03/2021 08:00:00","BZN|SE4","Without Sequence","65.98","",""
"31/03/2021 08:00:00 - 31/03/2021 09:00:00","BZN|SE4","Without Sequence","56.81","",""
"31/03/2021 09:00:00 - 31/03/2021 10:00:00","BZN|SE4","Without Sequence","50.71","",""
"31/03/2021 10:00:00 - 31/03/2021 11:00:00","BZN|SE4","Without Sequence","49.00","",""
"31/03/2021 11:00:00 - 31/03/2021 12:00:00","BZN|SE4","Without Sequence","46.66","",""
"31/03/2021 12:00:00 - 31/03/2021 13:00:00","BZN|SE4","Without Sequence","42.06","",""
"31/03/2021 13:00:00 - 31/03/2021 14:00:00","BZN|SE4","Without Sequence","42.86","",""
"31/03/2021 14:00:00 - 31/03/2021 15:00:00","BZN|SE4","Without Sequence","45.66","",""
"31/03/2021 15:00:00 - 31/03/2021 16:00:00","BZN|SE4","Without Sequence","50.09","",""
"31/03/2021 16:00:00 - 31/03/2021 17:00:00","BZN|SE4","Without Sequence","65.55","",""
"31/03/2021 17:00:00 - 31/03/2021 18:00:00","BZN|SE4","Without Sequence","75.42","",""
"31/03/2021 18:00:00 - 31/03/2021 19:00:00","BZN|SE4","Without Sequence","76.72","",""
"31/03/2021 19:00:00 - 31/03/2021 20:00:00","BZN|SE4","Without Sequence","66.15","",""
"31/03/2021 20:00:00 - 31/03/2021 21:00:00","BZN|SE4","Without Sequence","62.90","",""
"31/03/2021 21:00:00 - 31/03/2021 22:00:00","BZN|SE4","Without Sequence","54.58","",""
"31/03/2021 22:00:00 - 31/03/2021 23:00:00","BZN|SE4","Without Sequence","30.00","",""
"31/03/2021 23:00:00 - 01/04/2021 00:00:00","BZN|SE4","Without Sequence","20.07","",""
"01/04/2021 00:00:00 - 01/04/2021 01:00:00","BZN|SE4","Without Sequence","16.83","",""
"01/04/2021 01:00:00 - 01/04/2021 02:00:00","BZN|SE4","Without Sequence","16.91","",""
"01/04/2021 02:00:00 - 01/04/2021 03:00:00","BZN|SE4","Without Sequence","18.34","",""
"01/04/2021 03:00:00 - 01/04/2021 04:00:00","BZN|SE4","Without Sequence","30.05","",""
"01/04/2021 04:00:00 - 01/04/2021 05:00:00","BZN|SE4","Without Sequence","51.77","",""
"01/04/2021 05:00:00 - 01/04/2021 06:00:00","BZN|SE4","Without Sequence","59.34","",""
"01/04/2021 06:00:00 - 01/04/2021 07:00:00","BZN|SE4","Without Sequence","59.30","",""
"01/04/2021 07:00:00 - 01/04/2021 08:00:00","BZN|SE4","Without Sequence","43.94","",""
"01/04/2021 08:00:00 - 01/04/2021 09:00:00","BZN|SE4","Without Sequence","43.70","",""
"01/04/2021 09:00:00 - 01/04/2021 10:00:00","BZN|SE4","Without Sequence","42.67","",""
"01/04/2021 10:00:00 - 01/04/2021 11:00:00","BZN|SE4","Without Sequence","41.07","",""
"01/04/2021 11:00:00 - 01/04/2021 12:00:00","BZN|SE4","Without Sequence","38.02","",""
"01/04/2021 12:00:00 - 01/04/2021 13:00:00","BZN|SE4","Without Sequence","35.39","",""
"01/04/2021 13:00:00 - 01/04/2021 14:00:00","BZN|SE4","Without Sequence","38.50","",""
"01/04/2021 14:00:00 - 01/04/2021 15:00:00","BZN|SE4","Without Sequence","42.01","",""
"01/04/2021 15:00:00 - 01/04/2021 16:00:00","BZN|SE4","Without Sequence","48.40","",""
"01/04/2021 16:00:00 - 01/04/2021 17:00:00","BZN|SE4","Without Sequence","55.82","",""
"01/04/2021 17:00:00 - 01/04/2021 18:00:00","BZN|SE4","Without Sequence","62.19","",""
"01/04/2021 18:00:00 - 01/04/2021 19:00:00","BZN|SE4","Without Sequence","64.82","",""
"01/04/2021 19:00:00 - 01/04/2021 20:00:00","BZN|SE4","Without Sequence","59.81","",""
"01/04/2021 20:00:00 - 01/04/2021 21:00:00","BZN|SE4","Without Sequence","55.59","",""
"01/04/2021 21:00:00 - 01/04/2021 22:00:00","BZN|SE4","Without Sequence","52.77","",""
"01/04/2021 22:00:00 - 01/04/2021 23:00:00","BZN|SE4","Without Sequence","26.09","",""
"01/04/2021 23:00:00 - 02/04/2021 00:00:00","BZN|SE4","Without Sequence","17.35","",""
"02/04/2021 00:00:00 - 02/04/2021 01:00:00","BZN|SE4","Without Sequence","16.96","",""
"02/04/2021 01:00:00 - 02/04/2021 02:00:00","BZN|SE4","Without Sequence","17.20","",""
"02/04/2021 02:00:00 - 02/04/2021 03:00:00","BZN|SE4","Without Sequence","26.04","",""
"02/04/2021 03:00:00 - 02/04/2021 04:00:00","BZN|SE4","Without Sequence","38.70","",""
"02/04/2021 04:00:00 - 02/04/2021 05:00:00","BZN|SE4","Without Sequence","49.67","",""
"02/04/2021 05:00:00 - 02/04/2021 06:00:00","BZN|SE4","Without Sequence","49.73","",""
"02/04/2021 06:00:00 - 02/04/2021 07:00:00","BZN|SE4","Without Sequence","53.25","",""
"02/04/2021 07:00:00 - 02/04/2021 08:00:00","BZN|SE4","Without Sequence","53.34","",""
"02/04/2021 08:00:00 - 02/04/2021 09:00:00","BZN|SE4","Without Sequence","44.46","",""
"02/04/2021 09:00:00 - 02/04/2021 10:00:00","BZN|SE4","Without Sequence","40.40","",""
"02/04/2021 10:00:00 - 02/04/2021 11:00:00","BZN|SE4","Without Sequence","18.09","",""
"02/04/2021 11:00:00 - 02/04/2021 12:00:00","BZN|SE4","Without Sequence","10.23","",""
"02/04/2021 12:00:00 - 02/04/2021 13:00:00","BZN|SE4","Without Sequence","5.39","",""
"02/04/2021 13:00:00 - 02/04/2021 14:00:00","BZN|SE4","Without Sequence","4.93","",""
"02/04/2021 14:00:00 - 02/04/2021 15:00:00","BZN|SE4","Without Sequence","9.65","",""
"02/04/2021 15:00:00 - 02/04/2021 16:00:00","BZN|SE4","Without Sequence","16.65","",""
"02/04/2021 16:00:00 - 02/04/2021 17:00:00","BZN|SE4","Without Sequence","41.57","",""
"02/04/2021 17:00:00 - 02/04/2021 18:00:00","BZN|SE4","Without Sequence","49.72","",""
"02/04/2021 18:00:00 - 02/04/2021 19:00:00","BZN|SE4","Without Sequence","49.52","",""
"02/04/2021 19:00:00 - 02/04/2021 20:00:00","BZN|SE4","Without Sequence","39.94","",""
"02/04/2021 20:00:00 - 02/04/2021 21:00:00","BZN|SE4","Without Sequence","38.97","",""
"02/04/2021 21:00:00 - 02/04/2021 22:00:00","BZN|SE4","Without Sequence","38.58","",""
"02/04/2021 22:00:00 - 02/04/2021 23:00:00","BZN|SE4","Without Sequence","25.10","",""
"02/04/2021 23:00:00 - 03/04/2021 00:00:00","BZN|SE4","Without Sequence","20.07","",""
"03/04/2021 00:00:00 - 03/04/2021 01:00:00","BZN|SE4","Without Sequence","17.14","",""
"03/04/2021 01:00:00 - 03/04/2021 02:00:00","BZN|SE4","Without Sequence","17.52","",""
"03/04/2021 02:00:00 - 03/04/2021 03:00:00","BZN|SE4","Without Sequence","17.94","",""
"03/04/2021 03:00:00 - 03/04/2021 04:00:00","BZN|SE4","Without Sequence","18.01","",""
"03/04/2021 04:00:00 - 03/04/2021 05:00:00","BZN|SE4","Without Sequence","18.38","",""
"03/04/2021 05:00:00 - 03/04/2021 06:00:00","BZN|SE4","Without Sequence","19.35","",""
"03/04/2021 06:00:00 - 03/04/2021 07:00:00","BZN|SE4","Without Sequence","44.78","",""
"03/04/2021 07:00:00 - 03/04/2021 08:00:00","BZN|SE4","Without Sequence","46.01","",""
"03/04/2021 08:00:00 - 03/04/2021 09:00:00","BZN|SE4","Without Sequence","40.09","",""
"03/04/2021 09:00:00 - 03/04/2021 10:00:00","BZN|SE4","Without Sequence","36.26","",""
"03/04/2021 10:00:00 - 03/04/2021 11:00:00","BZN|SE4","Without Sequence","33.07","",""
"03/04/2021 11:00:00 - 03/04/2021 12:00:00","BZN|SE4","Without Sequence","19.73","",""
"03/04/2021 12:00:00 - 03/04/2021 13:00:00","BZN|SE4","Without Sequence","16.79","",""
"03/04/2021 13:00:00 - 03/04/2021 14:00:00","BZN|SE4","Without Sequence","13.55","",""
"03/04/2021 14:00:00 - 03/04/2021 15:00:00","BZN|SE4","Without Sequence","17.96","",""
"03/04/2021 15:00:00 - 03/04/2021 16:00:00","BZN|SE4","Without Sequence","18.59","",""
"03/04/2021 16:00:00 - 03/04/2021 17:00:00","BZN|SE4","Without Sequence","24.93","",""
"03/04/2021 17:00:00 - 03/04/2021 18:00:00","BZN|SE4","Without Sequence","50.41","",""
"03/04/2021 18:00:00 - 03/04/2021 19:00:00","BZN|SE4","Without Sequence","57.53","",""
"03/04/2021 19:00:00 - 03/04/2021 20:00:00","BZN|SE4","Without Sequence","51.92","",""
"03/04/2021 20:00:00 - 03/04/2021 21:00:00","BZN|SE4","Without Sequence","50.24","",""
"03/04/2021 21:00:00 - 03/04/2021 22:00:00","BZN|SE4","Without Sequence","47.27","",""
"03/04/2021 22:00:00 - 03/04/2021 23:00:00","BZN|SE4","Without Sequence","46.32","",""
"03/04/2021 23:00:00 - 04/04/2021 00:00:00","BZN|SE4","Without Sequence","13.68","",""
"04/04/2021 00:00:00 - 04/04/2021 01:00:00","BZN|SE4","Without Sequence","12.47","",""
"04/04/2021 01:00:00 - 04/04/2021 02:00:00","BZN|SE4","Without Sequence","11.40","",""
"04/04/2021 02:00:00 - 04/04/2021 03:00:00","BZN|SE4","Without Sequence","11.45","",""
"04/04/2021 03:00:00 - 04/04/2021 04:00:00","BZN|SE4","Without Sequence","11.97","",""
"04/04/2021 04:00:00 - 04/04/2021 05:00:00","BZN|SE4","Without Sequence","11.18","",""
"04/04/2021 05:00:00 - 04/04/2021 06:00:00","BZN|SE4","Without Sequence","13.56","",""
"04/04/2021 06:00:00 - 04/04/2021 07:00:00","BZN|SE4","Without Sequence","15.71","",""
"04/04/2021 07:00:00 - 04/04/2021 08:00:00","BZN|SE4","Without Sequence","31.39","",""
"04/04/2021 08:00:00 - 04/04/2021 09:00:00","BZN|SE4","Without Sequence","17.11","",""
"04/04/2021 09:00:00 - 04/04/2021 10:00:00","BZN|SE4","Without Sequence","15.38","",""
"04/04/2021 10:00:00 - 04/04/2021 11:00:00","BZN|SE4","Without Sequence","13.36","",""
"04/04/2021 11:00:00 - 04/04/2021 12:00:00","BZN|SE4","Without Sequence","6.01","",""
"04/04/2021 12:00:00 - 04/04/2021 13:00:00","BZN|SE4","Without Sequence","2.02","",""
"04/04/2021 13:00:00 - 04/04/2021 14:00:00","BZN|SE4","Without Sequence","0.10","",""
"04/04/2021 14:00:00 - 04/04/2021 15:00:00","BZN|SE4","Without Sequence","1.18","",""
"04/04/2021 15:00:00 - 04/04/2021 16:00:00","BZN|SE4","Without Sequence","7.01","",""
"04/04/2021 16:00:00 - 04/04/2021 17:00:00","BZN|SE4","Without Sequence","11.95","",""
"04/04/2021 17:00:00 - 04/04/2021 18:00:00","BZN|SE4","Without Sequence","13.06","",""
"04/04/2021 18:00:00 - 04/04/2021 19:00:00","BZN|SE4","Without Sequence","11.66","",""
"04/04/2021 19:00:00 - 04/04/2021 20:00:00","BZN|SE4","Without Sequence","10.53","",""
"04/04/2021 20:00:00 - 04/04/2021 21:00:00","BZN|SE4","Without Sequence","5.44","",""
"04/04/2021 21:00:00 - 04/04/2021 22:00:00","BZN|SE4","Without Sequence","3.24","",""
"04/04/2021 22:00:00 - 04/04/2021 23:00:00","BZN|SE4","Without Sequence","0.05","",""
"04/04/2021 23:00:00 - 05/04/2021 00:00:00","BZN|SE4","Without Sequence","-0.47","",""
"05/04/2021 00:00:00 - 05/04/2021 01:00:00","BZN|SE4","Without Sequence","-1.41","",""
"05/04/2021 01:00:00 - 05/04/2021 02:00:00","BZN|SE4","Without Sequence","-0.47","",""
"05/04/2021 02:00:00 - 05/04/2021 03:00:00","BZN|SE4","Without Sequence","-0.46","",""
"05/04/2021 03:00:00 - 05/04/2021 04:00:00","BZN|SE4","Without Sequence","-0.08","",""
"05/04/2021 04:00:00 - 05/04/2021 05:00:00","BZN|SE4","Without Sequence","0.09","",""
"05/04/2021 05:00:00 - 05/04/2021 06:00:00","BZN|SE4","Without Sequence","2.91","",""
"05/04/2021 06:00:00 - 05/04/2021 07:00:00","BZN|SE4","Without Sequence","4.07","",""
"05/04/2021 07:00:00 - 05/04/2021 08:00:00","BZN|SE4","Without Sequence","9.14","",""
"05/04/2021 08:00:00 - 05/04/2021 09:00:00","BZN|SE4","Without Sequence","9.66","",""
"05/04/2021 09:00:00 - 05/04/2021 10:00:00","BZN|SE4","Without Sequence","10.06","",""
"05/04/2021 10:00:00 - 05/04/2021 11:00:00","BZN|SE4","Without Sequence","9.21","",""
"05/04/2021 11:00:00 - 05/04/2021 12:00:00","BZN|SE4","Without Sequence","8.75","",""
"05/04/2021 12:00:00 - 05/04/2021 13:00:00","BZN|SE4","Without Sequence","5.05","",""
"05/04/2021 13:00:00 - 05/04/2021 14:00:00","BZN|SE4","Without Sequence","4.10","",""
"05/04/2021 14:00:00 - 05/04/2021 15:00:00","BZN|SE4","Without Sequence","4.44","",""
"05/04/2021 15:00:00 - 05/04/2021 16:00:00","BZN|SE4","Without Sequence","5.65","",""
"05/04/2021 16:00:00 - 05/04/2021 17:00:00","BZN|SE4","Without Sequence","9.43","",""
"05/04/2021 17:00:00 - 05/04/2021 18:00:00","BZN|SE4","Without Sequence","18.66","",""
"05/04/2021 18:00:00 - 05/04/2021 19:00:00","BZN|SE4","Without Sequence","24.11","",""
"05/04/2021 19:00:00 - 05/04/2021 20:00:00","BZN|SE4","Without Sequence","19.48","",""
"05/04/2021 20:00:00 - 05/04/2021 21:00:00","BZN|SE4","Without Sequence","18.03","",""
"05/04/2021 21:00:00 - 05/04/2021 22:00:00","BZN|SE4","Without Sequence","10.47","",""
"05/04/2021 22:00:00 - 05/04/2021 23:00:00","BZN|SE4","Without Sequence","14.70","",""
"05/04/2021 23:00:00 - 06/04/2021 00:00:00","BZN|SE4","Without Sequence","13.90","",""
"06/04/2021 00:00:00 - 06/04/2021 01:00:00","BZN|SE4","Without Sequence","12.37","",""
"06/04/2021 01:00:00 - 06/04/2021 02:00:00","BZN|SE4","Without Sequence","14.19","",""
"06/04/2021 02:00:00 - 06/04/2021 03:00:00","BZN|SE4","Without Sequence","15.64","",""
"06/04/2021 03:00:00 - 06/04/2021 04:00:00","BZN|SE4","Without Sequence","19.68","",""
"06/04/2021 04:00:00 - 06/04/2021 05:00:00","BZN|SE4","Without Sequence","41.22","",""
"06/04/2021 05:00:00 - 06/04/2021 06:00:00","BZN|SE4","Without Sequence","44.01","",""
"06/04/2021 06:00:00 - 06/04/2021 07:00:00","BZN|SE4","Without Sequence","53.92","",""
"06/04/2021 07:00:00 - 06/04/2021 08:00:00","BZN|SE4","Without Sequence","39.85","",""
"06/04/2021 08:00:00 - 06/04/2021 09:00:00","BZN|SE4","Without Sequence","33.94","",""
"06/04/2021 09:00:00 - 06/04/2021 10:00:00","BZN|SE4","Without Sequence","28.67","",""
"06/04/2021 10:00:00 - 06/04/2021 11:00:00","BZN|SE4","Without Sequence","20.88","",""
"06/04/2021 11:00:00 - 06/04/2021 12:00:00","BZN|SE4","Without Sequence","18.10","",""
"06/04/2021 12:00:00 - 06/04/2021 13:00:00","BZN|SE4","Without Sequence","17.71","",""
"06/04/2021 13:00:00 - 06/04/2021 14:00:00","BZN|SE4","Without Sequence","17.61","",""
"06/04/2021 14:00:00 - 06/04/2021 15:00:00","BZN|SE4","Without Sequence","20.26","",""
"06/04/2021 15:00:00 - 06/04/2021 16:00:00","BZN|SE4","Without Sequence","38.73","",""
"06/04/2021 16:00:00 - 06/04/2021 17:00:00","BZN|SE4","Without Sequence","41.89","",""
"06/04/2021 17:00:00 - 06/04/2021 18:00:00","BZN|SE4","Without Sequence","43.10","",""
"06/04/2021 18:00:00 - 06/04/2021 19:00:00","BZN|SE4","Without Sequence","41.52","",""
"06/04/2021 19:00:00 - 06/04/2021 20:00:00","BZN|SE4","Without Sequence","41.25","",""
"06/04/2021 20:00:00 - 06/04/2021 21:00:00","BZN|SE4","Without Sequence","40.34","",""
"06/04/2021 21:00:00 - 06/04/2021 22:00:00","BZN|SE4","Without Sequence","39.94","",""
"06/04/2021 22:00:00 - 06/04/2021 23:00:00","BZN|SE4","Without Sequence","17.49","",""
"06/04/2021 23:00:00 - 07/04/2021 00:00:00","BZN|SE4","Without Sequence","16.93","",""
"07/04/2021 00:00:00 - 07/04/2021 01:00:00","BZN|SE4","Without Sequence","16.85","",""
"07/04/2021 01:00:00 - 07/04/2021 02:00:00","BZN|SE4","Without Sequence","16.98","",""
"07/04/2021 02:00:00 - 07/04/2021 03:00:00","BZN|SE4","Without Sequence","17.31","",""
"07/04/2021 03:00:00 - 07/04/2021 04:00:00","BZN|SE4","Without Sequence","33.50","",""
"07/04/2021 04:00:00 - 07/04/2021 05:00:00","BZN|SE4","Without Sequence","57.34","",""
"07/04/2021 05:00:00 - 07/04/2021 06:00:00","BZN|SE4","Without Sequence","77.88","",""
"07/04/2021 06:00:00 - 07/04/2021 07:00:00","BZN|SE4","Without Sequence","82.47","",""
"07/04/2021 07:00:00 - 07/04/2021 08:00:00","BZN|SE4","Without Sequence","65.12","",""
"07/04/2021 08:00:00 - 07/04/2021 09:00:00","BZN|SE4","Without Sequence","54.60","",""
"07/04/2021 09:00:00 - 07/04/2021 10:00:00","BZN|SE4","Without Sequence","51.07","",""
"07/04/2021 10:00:00 - 07/04/2021 11:00:00","BZN|SE4","Without Sequence","41.30","",""
"07/04/2021 11:00:00 - 07/04/2021 12:00:00","BZN|SE4","Without Sequence","40.68","",""
"07/04/2021 12:00:00 - 07/04/2021 13:00:00","BZN|SE4","Without Sequence","39.97","",""
"07/04/2021 13:00:00 - 07/04/2021 14:00:00","BZN|SE4","Without Sequence","39.83","",""
"07/04/2021 14:00:00 - 07/04/2021 15:00:00","BZN|SE4","Without Sequence","39.93","",""
"07/04/2021 15:00:00 - 07/04/2021 16:00:00","BZN|SE4","Without Sequence","40.25","",""
"07/04/2021 16:00:00 - 07/04/2021 17:00:00","BZN|SE4","Without Sequence","46.40","",""
"07/04/2021 17:00:00 - 07/04/2021 18:00:00","BZN|SE4","Without Sequence","55.50","",""
"07/04/2021 18:00:00 - 07/04/2021 19:00:00","BZN|SE4","Without Sequence","48.11","",""
"07/04/2021 19:00:00 - 07/04/2021 20:00:00","BZN|SE4","Without Sequence","45.09","",""
"07/04/2021 20:00:00 - 07/04/2021 21:00:00","BZN|SE4","Without Sequence","40.93","",""
"07/04/2021 21:00:00 - 07/04/2021 22:00:00","BZN|SE4","Without Sequence","37.82","",""
"07/04/2021 22:00:00 - 07/04/2021 23:00:00","BZN|SE4","Without Sequence","38.60","",""
"07/04/2021 23:00:00 - 08/04/2021 00:00:00","BZN|SE4","Without Sequence","37.08","",""
"08/04/2021 00:00:00 - 08/04/2021 01:00:00","BZN|SE4","Without Sequence","36.85","",""
"08/04/2021 01:00:00 - 08/04/2021 02:00:00","BZN|SE4","Without Sequence","38.97","",""
"08/04/2021 02:00:00 - 08/04/2021 03:00:00","BZN|SE4","Without Sequence","38.94","",""
"08/04/2021 03:00:00 - 08/04/2021 04:00:00","BZN|SE4","Without Sequence","40.31","",""
"08/04/2021 04:00:00 - 08/04/2021 05:00:00","BZN|SE4","Without Sequence","59.49","",""
"08/04/2021 05:00:00 - 08/04/2021 06:00:00","BZN|SE4","Without Sequence","79.86","",""
"08/04/2021 06:00:00 - 08/04/2021 07:00:00","BZN|SE4","Without Sequence","99.26","",""
"08/04/2021 07:00:00 - 08/04/2021 08:00:00","BZN|SE4","Without Sequence","66.49","",""
"08/04/2021 08:00:00 - 08/04/2021 09:00:00","BZN|SE4","Without Sequence","59.71","",""
"08/04/2021 09:00:00 - 08/04/2021 10:00:00","BZN|SE4","Without Sequence","58.53","",""
"08/04/2021 10:00:00 - 08/04/2021 11:00:00","BZN|SE4","Without Sequence","54.24","",""
"08/04/2021 11:00:00 - 08/04/2021 12:00:00","BZN|SE4","Without Sequence","41.17","",""
"08/04/2021 12:00:00 - 08/04/2021 13:00:00","BZN|SE4","Without Sequence","39.99","",""
"08/04/2021 13:00:00 - 08/04/2021 14:00:00","BZN|SE4","Without Sequence","38.87","",""
"08/04/2021 14:00:00 - 08/04/2021 15:00:00","BZN|SE4","Without Sequence","38.09","",""
"08/04/2021 15:00:00 - 08/04/2021 16:00:00","BZN|SE4","Without Sequence","39.97","",""
"08/04/2021 16:00:00 - 08/04/2021 17:00:00","BZN|SE4","Without Sequence","40.08","",""
"08/04/2021 17:00:00 - 08/04/2021 18:00:00","BZN|SE4","Without Sequence","40.36","",""
"08/04/2021 18:00:00 - 08/04/2021 19:00:00","BZN|SE4","Without Sequence","39.38","",""
"08/04/2021 19:00:00 - 08/04/2021 20:00:00","BZN|SE4","Without Sequence","37.02","",""
"08/04/2021 20:00:00 - 08/04/2021 21:00:00","BZN|SE4","Without Sequence","20.47","",""
"08/04/2021 21:00:00 - 08/04/2021 22:00:00","BZN|SE4","Without Sequence","18.27","",""
"08/04/2021 22:00:00 - 08/04/2021 23:00:00","BZN|SE4","Without Sequence","17.71","",""
"08/04/2021 23:00:00 - 09/04/2021 00:00:00","BZN|SE4","Without Sequence","15.29","",""
"09/04/2021 00:00:00 - 09/04/2021 01:00:00","BZN|SE4","Without Sequence","14.46","",""
"09/04/2021 01:00:00 - 09/04/2021 02:00:00","BZN|SE4","Without Sequence","14.32","",""
"09/04/2021 02:00:00 - 09/04/2021 03:00:00","BZN|SE4","Without Sequence","14.68","",""
"09/04/2021 03:00:00 - 09/04/2021 04:00:00","BZN|SE4","Without Sequence","17.01","",""
"09/04/2021 04:00:00 - 09/04/2021 05:00:00","BZN|SE4","Without Sequence","19.42","",""
"09/04/2021 05:00:00 - 09/04/2021 06:00:00","BZN|SE4","Without Sequence","24.95","",""
"09/04/2021 06:00:00 - 09/04/2021 07:00:00","BZN|SE4","Without Sequence","36.71","",""
"09/04/2021 07:00:00 - 09/04/2021 08:00:00","BZN|SE4","Without Sequence","30.18","",""
"09/04/2021 08:00:00 - 09/04/2021 09:00:00","BZN|SE4","Without Sequence","22.56","",""
"09/04/2021 09:00:00 - 09/04/2021 10:00:00","BZN|SE4","Without Sequence","20.23","",""
"09/04/2021 10:00:00 - 09/04/2021 11:00:00","BZN|SE4","Without Sequence","19.34","",""
"09/04/2021 11:00:00 - 09/04/2021 12:00:00","BZN|SE4","Without Sequence","18.54","",""
"09/04/2021 12:00:00 - 09/04/2021 13:00:00","BZN|SE4","Without Sequence","16.46","",""
"09/04/2021 13:00:00 - 09/04/2021 14:00:00","BZN|SE4","Without Sequence","15.64","",""
"09/04/2021 14:00:00 - 09/04/2021 15:00:00","BZN|SE4","Without Sequence","16.51","",""
"09/04/2021 15:00:00 - 09/04/2021 16:00:00","BZN|SE4","Without Sequence","18.44","",""
"09/04/2021 16:00:00 - 09/04/2021 17:00:00","BZN|SE4","Without Sequence","20.03","",""
"09/04/2021 17:00:00 - 09/04/2021 18:00:00","BZN|SE4","Without Sequence","26.75","",""
"09/04/2021 18:00:00 - 09/04/2021 19:00:00","BZN|SE4","Without Sequence","20.68","",""
"09/04/2021 19:00:00 - 09/04/2021 20:00:00","BZN|SE4","Without Sequence","20.36","",""
"09/04/2021 20:00:00 - 09/04/2021 21:00:00","BZN|SE4","Without Sequence","18.41","",""
"09/04/2021 21:00:00 - 09/04/2021 22:00:00","BZN|SE4","Without Sequence","16.71","",""
"09/04/2021 22:00:00 - 09/04/2021 23:00:00","BZN|SE4","Without Sequence","18.48","",""
"09/04/2021 23:00:00 - 10/04/2021 00:00:00","BZN|SE4","Without Sequence","18.26","",""
"10/04/2021 00:00:00 - 10/04/2021 01:00:00","BZN|SE4","Without Sequence","17.93","",""
"10/04/2021 01:00:00 - 10/04/2021 02:00:00","BZN|SE4","Without Sequence","18.43","",""
"10/04/2021 02:00:00 - 10/04/2021 03:00:00","BZN|SE4","Without Sequence","19.15","",""
"10/04/2021 03:00:00 - 10/04/2021 04:00:00","BZN|SE4","Without Sequence","18.39","",""
"10/04/2021 04:00:00 - 10/04/2021 05:00:00","BZN|SE4","Without Sequence","18.79","",""
"10/04/2021 05:00:00 - 10/04/2021 06:00:00","BZN|SE4","Without Sequence","19.32","",""
"10/04/2021 06:00:00 - 10/04/2021 07:00:00","BZN|SE4","Without Sequence","60.78","",""
"10/04/2021 07:00:00 - 10/04/2021 08:00:00","BZN|SE4","Without Sequence","61.94","",""
"10/04/2021 08:00:00 - 10/04/2021 09:00:00","BZN|SE4","Without Sequence","59.44","",""
"10/04/2021 09:00:00 - 10/04/2021 10:00:00","BZN|SE4","Without Sequence","59.46","",""
"10/04/2021 10:00:00 - 10/04/2021 11:00:00","BZN|SE4","Without Sequence","57.52","",""
"10/04/2021 11:00:00 - 10/04/2021 12:00:00","BZN|SE4","Without Sequence","51.24","",""
"10/04/2021 12:00:00 - 10/04/2021 13:00:00","BZN|SE4","Without Sequence","48.88","",""
"10/04/2021 13:00:00 - 10/04/2021 14:00:00","BZN|SE4","Without Sequence","18.88","",""
"10/04/2021 14:00:00 - 10/04/2021 15:00:00","BZN|SE4","Without Sequence","45.03","",""
"10/04/2021 15:00:00 - 10/04/2021 16:00:00","BZN|SE4","Without Sequence","56.13","",""
"10/04/2021 16:00:00 - 10/04/2021 17:00:00","BZN|SE4","Without Sequence","60.88","",""
"10/04/2021 17:00:00 - 10/04/2021 18:00:00","BZN|SE4","Without Sequence","65.11","",""
"10/04/2021 18:00:00 - 10/04/2021 19:00:00","BZN|SE4","Without Sequence","63.48","",""
"10/04/2021 19:00:00 - 10/04/2021 20:00:00","BZN|SE4","Without Sequence","60.08","",""
"10/04/2021 20:00:00 - 10/04/2021 21:00:00","BZN|SE4","Without Sequence","53.31","",""
"10/04/2021 21:00:00 - 10/04/2021 22:00:00","BZN|SE4","Without Sequence","48.42","",""
"10/04/2021 22:00:00 - 10/04/2021 23:00:00","BZN|SE4","Without Sequence","50.44","",""
"10/04/2021 23:00:00 - 11/04/2021 00:00:00","BZN|SE4","Without Sequence","45.22","",""
"11/04/2021 00:00:00 - 11/04/2021 01:00:00","BZN|SE4","Without Sequence","41.40","",""
"11/04/2021 01:00:00 - 11/04/2021 02:00:00","BZN|SE4","Without Sequence","43.96","",""
"11/04/2021 02:00:00 - 11/04/2021 03:00:00","BZN|SE4","Without Sequence","22.06","",""
"11/04/2021 03:00:00 - 11/04/2021 04:00:00","BZN|SE4","Without Sequence","40.97","",""
"11/04/2021 04:00:00 - 11/04/2021 05:00:00","BZN|SE4","Without Sequence","41.81","",""
"11/04/2021 05:00:00 - 11/04/2021 06:00:00","BZN|SE4","Without Sequence","40.87","",""
"11/04/2021 06:00:00 - 11/04/2021 07:00:00","BZN|SE4","Without Sequence","44.54","",""
"11/04/2021 07:00:00 - 11/04/2021 08:00:00","BZN|SE4","Without Sequence","45.26","",""
"11/04/2021 08:00:00 - 11/04/2021 09:00:00","BZN|SE4","Without Sequence","44.82","",""
"11/04/2021 09:00:00 - 11/04/2021 10:00:00","BZN|SE4","Without Sequence","46.62","",""
"11/04/2021 10:00:00 - 11/04/2021 11:00:00","BZN|SE4","Without Sequence","44.56","",""
"11/04/2021 11:00:00 - 11/04/2021 12:00:00","BZN|SE4","Without Sequence","22.07","",""
"11/04/2021 12:00:00 - 11/04/2021 13:00:00","BZN|SE4","Without Sequence","21.78","",""
"11/04/2021 13:00:00 - 11/04/2021 14:00:00","BZN|SE4","Without Sequence","22.59","",""
"11/04/2021 14:00:00 - 11/04/2021 15:00:00","BZN|SE4","Without Sequence","23.07","",""
"11/04/2021 15:00:00 - 11/04/2021 16:00:00","BZN|SE4","Without Sequence","24.90","",""
"11/04/2021 16:00:00 - 11/04/2021 17:00:00","BZN|SE4","Without Sequence","47.04","",""
"11/04/2021 17:00:00 - 11/04/2021 18:00:00","BZN|SE4","Without Sequence","60.55","",""
"11/04/2021 18:00:00 - 11/04/2021 19:00:00","BZN|SE4","Without Sequence","65.62","",""
"11/04/2021 19:00:00 - 11/04/2021 20:00:00","BZN|SE4","Without Sequence","60.86","",""
"11/04/2021 20:00:00 - 11/04/2021 21:00:00","BZN|SE4","Without Sequence","31.10","",""
"11/04/2021 21:00:00 - 11/04/2021 22:00:00","BZN|SE4","Without Sequence","22.60","",""
"11/04/2021 22:00:00 - 11/04/2021 23:00:00","BZN|SE4","Without Sequence","20.82","",""
"11/04/2021 23:00:00 - 12/04/2021 00:00:00","BZN|SE4","Without Sequence","20.69","",""
"12/04/2021 00:00:00 - 12/04/2021 01:00:00","BZN|SE4","Without Sequence","20.54","",""
"12/04/2021 01:00:00 - 12/04/2021 02:00:00","BZN|SE4","Without Sequence","20.61","",""
"12/04/2021 02:00:00 - 12/04/2021 03:00:00","BZN|SE4","Without Sequence","20.76","",""
"12/04/2021 03:00:00 - 12/04/2021 04:00:00","BZN|SE4","Without Sequence","23.22","",""
"12/04/2021 04:00:00 - 12/04/2021 05:00:00","BZN|SE4","Without Sequence","41.62","",""
"12/04/2021 05:00:00 - 12/04/2021 06:00:00","BZN|SE4","Without Sequence","54.16","",""
"12/04/2021 06:00:00 - 12/04/2021 07:00:00","BZN|SE4","Without Sequence","68.28","",""
"12/04/2021 07:00:00 - 12/04/2021 08:00:00","BZN|SE4","Without Sequence","72.66","",""
"12/04/2021 08:00:00 - 12/04/2021 09:00:00","BZN|SE4","Without Sequence","64.21","",""
"12/04/2021 09:00:00 - 12/04/2021 10:00:00","BZN|SE4","Without Sequence","65.04","",""
"12/04/2021 10:00:00 - 12/04/2021 11:00:00","BZN|SE4","Without Sequence","49.27","",""
"12/04/2021 11:00:00 - 12/04/2021 12:00:00","BZN|SE4","Without Sequence","44.36","",""
"12/04/2021 12:00:00 - 12/04/2021 13:00:00","BZN|SE4","Without Sequence","39.09","",""
"12/04/2021 13:00:00 - 12/04/2021 14:00:00","BZN|SE4","Without Sequence","38.94","",""
"12/04/2021 14:00:00 - 12/04/2021 15:00:00","BZN|SE4","Without Sequence","40.71","",""
"12/04/2021 15:00:00 - 12/04/2021 16:00:00","BZN|SE4","Without Sequence","44.70","",""
"12/04/2021 16:00:00 - 12/04/2021 17:00:00","BZN|SE4","Without Sequence","46.07","",""
"12/04/2021 17:00:00 - 12/04/2021 18:00:00","BZN|SE4","Without Sequence","50.04","",""
"12/04/2021 18:00:00 - 12/04/2021 19:00:00","BZN|SE4","Without Sequence","46.95","",""
"12/04/2021 19:00:00 - 12/04/2021 20:00:00","BZN|SE4","Without Sequence","55.12","",""
"12/04/2021 20:00:00 - 12/04/2021 21:00:00","BZN|SE4","Without Sequence","39.51","",""
"12/04/2021 21:00:00 - 12/04/2021 22:00:00","BZN|SE4","Without Sequence","22.09","",""
"12/04/2021 22:00:00 - 12/04/2021 23:00:00","BZN|SE4","Without Sequence","21.80","",""
"12/04/2021 23:00:00 - 13/04/2021 00:00:00","BZN|SE4","Without Sequence","21.70","",""
"13/04/2021 00:00:00 - 13/04/2021 01:00:00","BZN|SE4","Without Sequence","21.66","",""
"13/04/2021 01:00:00 - 13/04/2021 02:00:00","BZN|SE4","Without Sequence","21.92","",""
"13/04/2021 02:00:00 - 13/04/2021 03:00:00","BZN|SE4","Without Sequence","22.28","",""
"13/04/2021 03:00:00 - 13/04/2021 04:00:00","BZN|SE4","Without Sequence","35.48","",""
"13/04/2021 04:00:00 - 13/04/2021 05:00:00","BZN|SE4","Without Sequence","64.40","",""
"13/04/2021 05:00:00 - 13/04/2021 06:00:00","BZN|SE4","Without Sequence","72.97","",""
"13/04/2021 06:00:00 - 13/04/2021 07:00:00","BZN|SE4","Without Sequence","75.12","",""
"13/04/2021 07:00:00 - 13/04/2021 08:00:00","BZN|SE4","Without Sequence","51.47","",""
"13/04/2021 08:00:00 - 13/04/2021 09:00:00","BZN|SE4","Without Sequence","45.77","",""
"13/04/2021 09:00:00 - 13/04/2021 10:00:00","BZN|SE4","Without Sequence","45.40","",""
"13/04/2021 10:00:00 - 13/04/2021 11:00:00","BZN|SE4","Without Sequence","42.90","",""
"13/04/2021 11:00:00 - 13/04/2021 12:00:00","BZN|SE4","Without Sequence","42.71","",""
"13/04/2021 12:00:00 - 13/04/2021 13:00:00","BZN|SE4","Without Sequence","41.26","",""
"13/04/2021 13:00:00 - 13/04/2021 14:00:00","BZN|SE4","Without Sequence","41.71","",""
"13/04/2021 14:00:00 - 13/04/2021 15:00:00","BZN|SE4","Without Sequence","41.78","",""
"13/04/2021 15:00:00 - 13/04/2021 16:00:00","BZN|SE4","Without Sequence","50.61","",""
"13/04/2021 16:00:00 - 13/04/2021 17:00:00","BZN|SE4","Without Sequence","61.74","",""
"13/04/2021 17:00:00 - 13/04/2021 18:00:00","BZN|SE4","Without Sequence","71.61","",""
"13/04/2021 18:00:00 - 13/04/2021 19:00:00","BZN|SE4","Without Sequence","68.22","",""
"13/04/2021 19:00:00 - 13/04/2021 20:00:00","BZN|SE4","Without Sequence","71.45","",""
"13/04/2021 20:00:00 - 13/04/2021 21:00:00","BZN|SE4","Without Sequence","62.36","",""
"13/04/2021 21:00:00 - 13/04/2021 22:00:00","BZN|SE4","Without Sequence","40.05","",""
"13/04/2021 22:00:00 - 13/04/2021 23:00:00","BZN|SE4","Without Sequence","24.46","",""
"13/04/2021 23:00:00 - 14/04/2021 00:00:00","BZN|SE4","Without Sequence","44.19","",""
"14/04/2021 00:00:00 - 14/04/2021 01:00:00","BZN|SE4","Without Sequence","44.34","",""
"14/04/2021 01:00:00 - 14/04/2021 02:00:00","BZN|SE4","Without Sequence","45.15","",""
"14/04/2021 02:00:00 - 14/04/2021 03:00:00","BZN|SE4","Without Sequence","51.49","",""
"14/04/2021 03:00:00 - 14/04/2021 04:00:00","BZN|SE4","Without Sequence","49.22","",""
"14/04/2021 04:00:00 - 14/04/2021 05:00:00","BZN|SE4","Without Sequence","76.32","",""
"14/04/2021 05:00:00 - 14/04/2021 06:00:00","BZN|SE4","Without Sequence","118.52","",""
"14/04/2021 06:00:00 - 14/04/2021 07:00:00","BZN|SE4","Without Sequence","125.00","",""
"14/04/2021 07:00:00 - 14/04/2021 08:00:00","BZN|SE4","Without Sequence","75.54","",""
"14/04/2021 08:00:00 - 14/04/2021 09:00:00","BZN|SE4","Without Sequence","62.62","",""
"14/04/2021 09:00:00 - 14/04/2021 10:00:00","BZN|SE4","Without Sequence","62.08","",""
"14/04/2021 10:00:00 - 14/04/2021 11:00:00","BZN|SE4","Without Sequence","58.29","",""
"14/04/2021 11:00:00 - 14/04/2021 12:00:00","BZN|SE4","Without Sequence","54.90","",""
"14/04/2021 12:00:00 - 14/04/2021 13:00:00","BZN|SE4","Without Sequence","50.62","",""
"14/04/2021 13:00:00 - 14/04/2021 14:00:00","BZN|SE4","Without Sequence","51.52","",""
"14/04/2021 14:00:00 - 14/04/2021 15:00:00","BZN|SE4","Without Sequence","50.78","",""
"14/04/2021 15:00:00 - 14/04/2021 16:00:00","BZN|SE4","Without Sequence","60.55","",""
"14/04/2021 16:00:00 - 14/04/2021 17:00:00","BZN|SE4","Without Sequence","68.52","",""
"14/04/2021 17:00:00 - 14/04/2021 18:00:00","BZN|SE4","Without Sequence","71.34","",""
"14/04/2021 18:00:00 - 14/04/2021 19:00:00","BZN|SE4","Without Sequence","73.82","",""
"14/04/2021 19:00:00 - 14/04/2021 20:00:00","BZN|SE4","Without Sequence","67.81","",""
"14/04/2021 20:00:00 - 14/04/2021 21:00:00","BZN|SE4","Without Sequence","49.93","",""
"14/04/2021 21:00:00 - 14/04/2021 22:00:00","BZN|SE4","Without Sequence","38.34","",""
"14/04/2021 22:00:00 - 14/04/2021 23:00:00","BZN|SE4","Without Sequence","60.47","",""
"14/04/2021 23:00:00 - 15/04/2021 00:00:00","BZN|SE4","Without Sequence","56.42","",""
"15/04/2021 00:00:00 - 15/04/2021 01:00:00","BZN|SE4","Without Sequence","25.34","",""
"15/04/2021 01:00:00 - 15/04/2021 02:00:00","BZN|SE4","Without Sequence","25.99","",""
"15/04/2021 02:00:00 - 15/04/2021 03:00:00","BZN|SE4","Without Sequence","29.15","",""
"15/04/2021 03:00:00 - 15/04/2021 04:00:00","BZN|SE4","Without Sequence","40.06","",""
"15/04/2021 04:00:00 - 15/04/2021 05:00:00","BZN|SE4","Without Sequence","70.57","",""
"15/04/2021 05:00:00 - 15/04/2021 06:00:00","BZN|SE4","Without Sequence","101.79","",""
"15/04/2021 06:00:00 - 15/04/2021 07:00:00","BZN|SE4","Without Sequence","115.17","",""
"15/04/2021 07:00:00 - 15/04/2021 08:00:00","BZN|SE4","Without Sequence","75.29","",""
"15/04/2021 08:00:00 - 15/04/2021 09:00:00","BZN|SE4","Without Sequence","65.93","",""
"15/04/2021 09:00:00 - 15/04/2021 10:00:00","BZN|SE4","Without Sequence","62.56","",""
"15/04/2021 10:00:00 - 15/04/2021 11:00:00","BZN|SE4","Without Sequence","54.09","",""
"15/04/2021 11:00:00 - 15/04/2021 12:00:00","BZN|SE4","Without Sequence","50.06","",""
"15/04/2021 12:00:00 - 15/04/2021 13:00:00","BZN|SE4","Without Sequence","46.85","",""
"15/04/2021 13:00:00 - 15/04/2021 14:00:00","BZN|SE4","Without Sequence","46.58","",""
"15/04/2021 14:00:00 - 15/04/2021 15:00:00","BZN|SE4","Without Sequence","48.35","",""
"15/04/2021 15:00:00 - 15/04/2021 16:00:00","BZN|SE4","Without Sequence","51.00","",""
"15/04/2021 16:00:00 - 15/04/2021 17:00:00","BZN|SE4","Without Sequence","61.06","",""
"15/04/2021 17:00:00 - 15/04/2021 18:00:00","BZN|SE4","Without Sequence","75.33","",""
"15/04/2021 18:00:00 - 15/04/2021 19:00:00","BZN|SE4","Without Sequence","68.91","",""
"15/04/2021 19:00:00 - 15/04/2021 20:00:00","BZN|SE4","Without Sequence","55.85","",""
"15/04/2021 20:00:00 - 15/04/2021 21:00:00","BZN|SE4","Without Sequence","46.24","",""
"15/04/2021 21:00:00 - 15/04/2021 22:00:00","BZN|SE4","Without Sequence","26.26","",""
"15/04/2021 22:00:00 - 15/04/2021 23:00:00","BZN|SE4","Without Sequence","26.92","",""
"15/04/2021 23:00:00 - 16/04/2021 00:00:00","BZN|SE4","Without Sequence","26.38","",""
"16/04/2021 00:00:00 - 16/04/2021 01:00:00","BZN|SE4","Without Sequence","26.00","",""
"16/04/2021 01:00:00 - 16/04/2021 02:00:00","BZN|SE4","Without Sequence","26.54","",""
"16/04/2021 02:00:00 - 16/04/2021 03:00:00","BZN|SE4","Without Sequence","27.10","",""
"16/04/2021 03:00:00 - 16/04/2021 04:00:00","BZN|SE4","Without Sequence","34.45","",""
"16/04/2021 04:00:00 - 16/04/2021 05:00:00","BZN|SE4","Without Sequence","58.98","",""
"16/04/2021 05:00:00 - 16/04/2021 06:00:00","BZN|SE4","Without Sequence","83.34","",""
"16/04/2021 06:00:00 - 16/04/2021 07:00:00","BZN|SE4","Without Sequence","93.79","",""
"16/04/2021 07:00:00 - 16/04/2021 08:00:00","BZN|SE4","Without Sequence","64.00","",""
"16/04/2021 08:00:00 - 16/04/2021 09:00:00","BZN|SE4","Without Sequence","51.59","",""
"16/04/2021 09:00:00 - 16/04/2021 10:00:00","BZN|SE4","Without Sequence","50.50","",""
"16/04/2021 10:00:00 - 16/04/2021 11:00:00","BZN|SE4","Without Sequence","49.47","",""
"16/04/2021 11:00:00 - 16/04/2021 12:00:00","BZN|SE4","Without Sequence","49.51","",""
"16/04/2021 12:00:00 - 16/04/2021 13:00:00","BZN|SE4","Without Sequence","46.99","",""
"16/04/2021 13:00:00 - 16/04/2021 14:00:00","BZN|SE4","Without Sequence","40.05","",""
"16/04/2021 14:00:00 - 16/04/2021 15:00:00","BZN|SE4","Without Sequence","46.20","",""
"16/04/2021 15:00:00 - 16/04/2021 16:00:00","BZN|SE4","Without Sequence","48.40","",""
"16/04/2021 16:00:00 - 16/04/2021 17:00:00","BZN|SE4","Without Sequence","50.10","",""
"16/04/2021 17:00:00 - 16/04/2021 18:00:00","BZN|SE4","Without Sequence","54.13","",""
"16/04/2021 18:00:00 - 16/04/2021 19:00:00","BZN|SE4","Without Sequence","42.08","",""
"16/04/2021 19:00:00 - 16/04/2021 20:00:00","BZN|SE4","Without Sequence","54.08","",""
"16/04/2021 20:00:00 - 16/04/2021 21:00:00","BZN|SE4","Without Sequence","49.53","",""
"16/04/2021 21:00:00 - 16/04/2021 22:00:00","BZN|SE4","Without Sequence","26.85","",""
"16/04/2021 22:00:00 - 16/04/2021 23:00:00","BZN|SE4","Without Sequence","60.90","",""
"16/04/2021 23:00:00 - 17/04/2021 00:00:00","BZN|SE4","Without Sequence","26.98","",""
"17/04/2021 00:00:00 - 17/04/2021 01:00:00","BZN|SE4","Without Sequence","25.90","",""
"17/04/2021 01:00:00 - 17/04/2021 02:00:00","BZN|SE4","Without Sequence","26.34","",""
"17/04/2021 02:00:00 - 17/04/2021 03:00:00","BZN|SE4","Without Sequence","26.90","",""
"17/04/2021 03:00:00 - 17/04/2021 04:00:00","BZN|SE4","Without Sequence","26.71","",""
"17/04/2021 04:00:00 - 17/04/2021 05:00:00","BZN|SE4","Without Sequence","25.39","",""
"17/04/2021 05:00:00 - 17/04/2021 06:00:00","BZN|SE4","Without Sequence","26.85","",""
"17/04/2021 06:00:00 - 17/04/2021 07:00:00","BZN|SE4","Without Sequence","58.15","",""
"17/04/2021 07:00:00 - 17/04/2021 08:00:00","BZN|SE4","Without Sequence","61.07","",""
"17/04/2021 08:00:00 - 17/04/2021 09:00:00","BZN|SE4","Without Sequence","54.99","",""
"17/04/2021 09:00:00 - 17/04/2021 10:00:00","BZN|SE4","Without Sequence","52.74","",""
"17/04/2021 10:00:00 - 17/04/2021 11:00:00","BZN|SE4","Without Sequence","49.75","",""
"17/04/2021 11:00:00 - 17/04/2021 12:00:00","BZN|SE4","Without Sequence","47.91","",""
"17/04/2021 12:00:00 - 17/04/2021 13:00:00","BZN|SE4","Without Sequence","48.26","",""
"17/04/2021 13:00:00 - 17/04/2021 14:00:00","BZN|SE4","Without Sequence","40.04","",""
"17/04/2021 14:00:00 - 17/04/2021 15:00:00","BZN|SE4","Without Sequence","47.18","",""
"17/04/2021 15:00:00 - 17/04/2021 16:00:00","BZN|SE4","Without Sequence","52.21","",""
"17/04/2021 16:00:00 - 17/04/2021 17:00:00","BZN|SE4","Without Sequence","58.17","",""
"17/04/2021 17:00:00 - 17/04/2021 18:00:00","BZN|SE4","Without Sequence","58.16","",""
"17/04/2021 18:00:00 - 17/04/2021 19:00:00","BZN|SE4","Without Sequence","74.79","",""
"17/04/2021 19:00:00 - 17/04/2021 20:00:00","BZN|SE4","Without Sequence","66.26","",""
"17/04/2021 20:00:00 - 17/04/2021 21:00:00","BZN|SE4","Without Sequence","40.01","",""
"17/04/2021 21:00:00 - 17/04/2021 22:00:00","BZN|SE4","Without Sequence","25.21","",""
"17/04/2021 22:00:00 - 17/04/2021 23:00:00","BZN|SE4","Without Sequence","30.09","",""
"17/04/2021 23:00:00 - 18/04/2021 00:00:00","BZN|SE4","Without Sequence","24.42","",""
"18/04/2021 00:00:00 - 18/04/2021 01:00:00","BZN|SE4","Without Sequence","24.11","",""
"18/04/2021 01:00:00 - 18/04/2021 02:00:00","BZN|SE4","Without Sequence","24.19","",""
"18/04/2021 02:00:00 - 18/04/2021 03:00:00","BZN|SE4","Without Sequence","24.31","",""
"18/04/2021 03:00:00 - 18/04/2021 04:00:00","BZN|SE4","Without Sequence","24.43","",""
"18/04/2021 04:00:00 - 18/04/2021 05:00:00","BZN|SE4","Without Sequence","35.00","",""
"18/04/2021 05:00:00 - 18/04/2021 06:00:00","BZN|SE4","Without Sequence","35.01","",""
"18/04/2021 06:00:00 - 18/04/2021 07:00:00","BZN|SE4","Without Sequence","62.67","",""
"18/04/2021 07:00:00 - 18/04/2021 08:00:00","BZN|SE4","Without Sequence","62.04","",""
"18/04/2021 08:00:00 - 18/04/2021 09:00:00","BZN|SE4","Without Sequence","59.91","",""
"18/04/2021 09:00:00 - 18/04/2021 10:00:00","BZN|SE4","Without Sequence","55.56","",""
"18/04/2021 10:00:00 - 18/04/2021 11:00:00","BZN|SE4","Without Sequence","55.00","",""
"18/04/2021 11:00:00 - 18/04/2021 12:00:00","BZN|SE4","Without Sequence","50.70","",""
"18/04/2021 12:00:00 - 18/04/2021 13:00:00","BZN|SE4","Without Sequence","48.23","",""
"18/04/2021 13:00:00 - 18/04/2021 14:00:00","BZN|SE4","Without Sequence","47.79","",""
"18/04/2021 14:00:00 - 18/04/2021 15:00:00","BZN|SE4","Without Sequence","47.19","",""
"18/04/2021 15:00:00 - 18/04/2021 16:00:00","BZN|SE4","Without Sequence","53.24","",""
"18/04/2021 16:00:00 - 18/04/2021 17:00:00","BZN|SE4","Without Sequence","63.43","",""
"18/04/2021 17:00:00 - 18/04/2021 18:00:00","BZN|SE4","Without Sequence","72.55","",""
"18/04/2021 18:00:00 - 18/04/2021 19:00:00","BZN|SE4","Without Sequence","73.60","",""
"18/04/2021 19:00:00 - 18/04/2021 20:00:00","BZN|SE4","Without Sequence","69.61","",""
"18/04/2021 20:00:00 - 18/04/2021 21:00:00","BZN|SE4","Without Sequence","55.66","",""
"18/04/2021 21:00:00 - 18/04/2021 22:00:00","BZN|SE4","Without Sequence","52.83","",""
"18/04/2021 22:00:00 - 18/04/2021 23:00:00","BZN|SE4","Without Sequence","21.86","",""
"18/04/2021 23:00:00 - 19/04/2021 00:00:00","BZN|SE4","Without Sequence","22.06","",""
"19/04/2021 00:00:00 - 19/04/2021 01:00:00","BZN|SE4","Without Sequence","21.97","",""
"19/04/2021 01:00:00 - 19/04/2021 02:00:00","BZN|SE4","Without Sequence","22.50","",""
"19/04/2021 02:00:00 - 19/04/2021 03:00:00","BZN|SE4","Without Sequence","23.33","",""
"19/04/2021 03:00:00 - 19/04/2021 04:00:00","BZN|SE4","Without Sequence","26.99","",""
"19/04/2021 04:00:00 - 19/04/2021 05:00:00","BZN|SE4","Without Sequence","69.94","",""
"19/04/2021 05:00:00 - 19/04/2021 06:00:00","BZN|SE4","Without Sequence","74.30","",""
"19/04/2021 06:00:00 - 19/04/2021 07:00:00","BZN|SE4","Without Sequence","78.09","",""
"19/04/2021 07:00:00 - 19/04/2021 08:00:00","BZN|SE4","Without Sequence","75.01","",""
"19/04/2021 08:00:00 - 19/04/2021 09:00:00","BZN|SE4","Without Sequence","65.87","",""
"19/04/2021 09:00:00 - 19/04/2021 10:00:00","BZN|SE4","Without Sequence","63.07","",""
"19/04/2021 10:00:00 - 19/04/2021 11:00:00","BZN|SE4","Without Sequence","53.89","",""
"19/04/2021 11:00:00 - 19/04/2021 12:00:00","BZN|SE4","Without Sequence","55.55","",""
"19/04/2021 12:00:00 - 19/04/2021 13:00:00","BZN|SE4","Without Sequence","48.28","",""
"19/04/2021 13:00:00 - 19/04/2021 14:00:00","BZN|SE4","Without Sequence","51.00","",""
"19/04/2021 14:00:00 - 19/04/2021 15:00:00","BZN|SE4","Without Sequence","55.43","",""
"19/04/2021 15:00:00 - 19/04/2021 16:00:00","BZN|SE4","Without Sequence","65.90","",""
"19/04/2021 16:00:00 - 19/04/2021 17:00:00","BZN|SE4","Without Sequence","61.57","",""
"19/04/2021 17:00:00 - 19/04/2021 18:00:00","BZN|SE4","Without Sequence","74.30","",""
"19/04/2021 18:00:00 - 19/04/2021 19:00:00","BZN|SE4","Without Sequence","74.28","",""
"19/04/2021 19:00:00 - 19/04/2021 20:00:00","BZN|SE4","Without Sequence","65.91","",""
"19/04/2021 20:00:00 - 19/04/2021 21:00:00","BZN|SE4","Without Sequence","65.87","",""
"19/04/2021 21:00:00 - 19/04/2021 22:00:00","BZN|SE4","Without Sequence","51.38","",""
"19/04/2021 22:00:00 - 19/04/2021 23:00:00","BZN|SE4","Without Sequence","28.49","",""
"19/04/2021 23:00:00 - 20/04/2021 00:00:00","BZN|SE4","Without Sequence","35.96","",""
"20/04/2021 00:00:00 - 20/04/2021 01:00:00","BZN|SE4","Without Sequence","23.41","",""
"20/04/2021 01:00:00 - 20/04/2021 02:00:00","BZN|SE4","Without Sequence","47.17","",""
"20/04/2021 02:00:00 - 20/04/2021 03:00:00","BZN|SE4","Without Sequence","57.60","",""
"20/04/2021 03:00:00 - 20/04/2021 04:00:00","BZN|SE4","Without Sequence","38.04","",""
"20/04/2021 04:00:00 - 20/04/2021 05:00:00","BZN|SE4","Without Sequence","73.52","",""
"20/04/2021 05:00:00 - 20/04/2021 06:00:00","BZN|SE4","Without Sequence","82.72","",""
"20/04/2021 06:00:00 - 20/04/2021 07:00:00","BZN|SE4","Without Sequence","99.69","",""
"20/04/2021 07:00:00 - 20/04/2021 08:00:00","BZN|SE4","Without Sequence","78.13","",""
"20/04/2021 08:00:00 - 20/04/2021 09:00:00","BZN|SE4","Without Sequence","69.53","",""
"20/04/2021 09:00:00 - 20/04/2021 10:00:00","BZN|SE4","Without Sequence","62.27","",""
"20/04/2021 10:00:00 - 20/04/2021 11:00:00","BZN|SE4","Without Sequence","60.46","",""
"20/04/2021 11:00:00 - 20/04/2021 12:00:00","BZN|SE4","Without Sequence","60.01","",""
"20/04/2021 12:00:00 - 20/04/2021 13:00:00","BZN|SE4","Without Sequence","57.87","",""
"20/04/2021 13:00:00 - 20/04/2021 14:00:00","BZN|SE4","Without Sequence","57.02","",""
"20/04/2021 14:00:00 - 20/04/2021 15:00:00","BZN|SE4","Without Sequence","58.83","",""
"20/04/2021 15:00:00 - 20/04/2021 16:00:00","BZN|SE4","Without Sequence","69.88","",""
"20/04/2021 16:00:00 - 20/04/2021 17:00:00","BZN|SE4","Without Sequence","76.00","",""
"20/04/2021 17:00:00 - 20/04/2021 18:00:00","BZN|SE4","Without Sequence","78.43","",""
"20/04/2021 18:00:00 - 20/04/2021 19:00:00","BZN|SE4","Without Sequence","80.90","",""
"20/04/2021 19:00:00 - 20/04/2021 20:00:00","BZN|SE4","Without Sequence","75.70","",""
"20/04/2021 20:00:00 - 20/04/2021 21:00:00","BZN|SE4","Without Sequence","74.00","",""
"20/04/2021 21:00:00 - 20/04/2021 22:00:00","BZN|SE4","Without Sequence","71.27","",""
"20/04/2021 22:00:00 - 20/04/2021 23:00:00","BZN|SE4","Without Sequence","65.15","",""
"20/04/2021 23:00:00 - 21/04/2021 00:00:00","BZN|SE4","Without Sequence","61.57","",""
"21/04/2021 00:00:00 - 21/04/2021 01:00:00","BZN|SE4","Without Sequence","17.72","",""
"21/04/2021 01:00:00 - 21/04/2021 02:00:00","BZN|SE4","Without Sequence","20.27","",""
"21/04/2021 02:00:00 - 21/04/2021 03:00:00","BZN|SE4","Without Sequence","60.90","",""
"21/04/2021 03:00:00 - 21/04/2021 04:00:00","BZN|SE4","Without Sequence","61.68","",""
"21/04/2021 04:00:00 - 21/04/2021 05:00:00","BZN|SE4","Without Sequence","75.68","",""
"21/04/2021 05:00:00 - 21/04/2021 06:00:00","BZN|SE4","Without Sequence","85.51","",""
"21/04/2021 06:00:00 - 21/04/2021 07:00:00","BZN|SE4","Without Sequence","76.24","",""
"21/04/2021 07:00:00 - 21/04/2021 08:00:00","BZN|SE4","Without Sequence","60.59","",""
"21/04/2021 08:00:00 - 21/04/2021 09:00:00","BZN|SE4","Without Sequence","52.95","",""
"21/04/2021 09:00:00 - 21/04/2021 10:00:00","BZN|SE4","Without Sequence","57.81","",""
"21/04/2021 10:00:00 - 21/04/2021 11:00:00","BZN|SE4","Without Sequence","49.39","",""
"21/04/2021 11:00:00 - 21/04/2021 12:00:00","BZN|SE4","Without Sequence","46.87","",""
"21/04/2021 12:00:00 - 21/04/2021 13:00:00","BZN|SE4","Without Sequence","42.32","",""
"21/04/2021 13:00:00 - 21/04/2021 14:00:00","BZN|SE4","Without Sequence","30.03","",""
"21/04/2021 14:00:00 - 21/04/2021 15:00:00","BZN|SE4","Without Sequence","27.02","",""
"21/04/2021 15:00:00 - 21/04/2021 16:00:00","BZN|SE4","Without Sequence","38.53","",""
"21/04/2021 16:00:00 - 21/04/2021 17:00:00","BZN|SE4","Without Sequence","47.17","",""
"21/04/2021 17:00:00 - 21/04/2021 18:00:00","BZN|SE4","Without Sequence","68.00","",""
"21/04/2021 18:00:00 - 21/04/2021 19:00:00","BZN|SE4","Without Sequence","65.73","",""
"21/04/2021 19:00:00 - 21/04/2021 20:00:00","BZN|SE4","Without Sequence","40.91","",""
"21/04/2021 20:00:00 - 21/04/2021 21:00:00","BZN|SE4","Without Sequence","23.53","",""
"21/04/2021 21:00:00 - 21/04/2021 22:00:00","BZN|SE4","Without Sequence","23.73","",""
"21/04/2021 22:00:00 - 21/04/2021 23:00:00","BZN|SE4","Without Sequence","10.50","",""
"21/04/2021 23:00:00 - 22/04/2021 00:00:00","BZN|SE4","Without Sequence","8.72","",""
"22/04/2021 00:00:00 - 22/04/2021 01:00:00","BZN|SE4","Without Sequence","8.78","",""
"22/04/2021 01:00:00 - 22/04/2021 02:00:00","BZN|SE4","Without Sequence","9.67","",""
"22/04/2021 02:00:00 - 22/04/2021 03:00:00","BZN|SE4","Without Sequence","10.33","",""
"22/04/2021 03:00:00 - 22/04/2021 04:00:00","BZN|SE4","Without Sequence","15.08","",""
"22/04/2021 04:00:00 - 22/04/2021 05:00:00","BZN|SE4","Without Sequence","38.28","",""
"22/04/2021 05:00:00 - 22/04/2021 06:00:00","BZN|SE4","Without Sequence","64.15","",""
"22/04/2021 06:00:00 - 22/04/2021 07:00:00","BZN|SE4","Without Sequence","57.92","",""
"22/04/2021 07:00:00 - 22/04/2021 08:00:00","BZN|SE4","Without Sequence","41.69","",""
"22/04/2021 08:00:00 - 22/04/2021 09:00:00","BZN|SE4","Without Sequence","34.78","",""
"22/04/2021 09:00:00 - 22/04/2021 10:00:00","BZN|SE4","Without Sequence","28.28","",""
"22/04/2021 10:00:00 - 22/04/2021 11:00:00","BZN|SE4","Without Sequence","17.67","",""
"22/04/2021 11:00:00 - 22/04/2021 12:00:00","BZN|SE4","Without Sequence","14.44","",""
"22/04/2021 12:00:00 - 22/04/2021 13:00:00","BZN|SE4","Without Sequence","14.76","",""
"22/04/2021 13:00:00 - 22/04/2021 14:00:00","BZN|SE4","Without Sequence","14.91","",""
"22/04/2021 14:00:00 - 22/04/2021 15:00:00","BZN|SE4","Without Sequence","17.93","",""
"22/04/2021 15:00:00 - 22/04/2021 16:00:00","BZN|SE4","Without Sequence","44.05","",""
"22/04/2021 16:00:00 - 22/04/2021 17:00:00","BZN|SE4","Without Sequence","42.04","",""
"22/04/2021 17:00:00 - 22/04/2021 18:00:00","BZN|SE4","Without Sequence","45.62","",""
"22/04/2021 18:00:00 - 22/04/2021 19:00:00","BZN|SE4","Without Sequence","45.36","",""
"22/04/2021 19:00:00 - 22/04/2021 20:00:00","BZN|SE4","Without Sequence","61.39","",""
"22/04/2021 20:00:00 - 22/04/2021 21:00:00","BZN|SE4","Without Sequence","31.47","",""
"22/04/2021 21:00:00 - 22/04/2021 22:00:00","BZN|SE4","Without Sequence","22.07","",""
"22/04/2021 22:00:00 - 22/04/2021 23:00:00","BZN|SE4","Without Sequence","16.70","",""
"22/04/2021 23:00:00 - 23/04/2021 00:00:00","BZN|SE4","Without Sequence","16.31","",""
"23/04/2021 00:00:00 - 23/04/2021 01:00:00","BZN|SE4","Without Sequence","16.12","",""
"23/04/2021 01:00:00 - 23/04/2021 02:00:00","BZN|SE4","Without Sequence","16.12","",""
"23/04/2021 02:00:00 - 23/04/2021 03:00:00","BZN|SE4","Without Sequence","16.53","",""
"23/04/2021 03:00:00 - 23/04/2021 04:00:00","BZN|SE4","Without Sequence","16.69","",""
"23/04/2021 04:00:00 - 23/04/2021 05:00:00","BZN|SE4","Without Sequence","52.80","",""
"23/04/2021 05:00:00 - 23/04/2021 06:00:00","BZN|SE4","Without Sequence","59.04","",""
"23/04/2021 06:00:00 - 23/04/2021 07:00:00","BZN|SE4","Without Sequence","69.94","",""
"23/04/2021 07:00:00 - 23/04/2021 08:00:00","BZN|SE4","Without Sequence","57.54","",""
"23/04/2021 08:00:00 - 23/04/2021 09:00:00","BZN|SE4","Without Sequence","53.07","",""
"23/04/2021 09:00:00 - 23/04/2021 10:00:00","BZN|SE4","Without Sequence","48.34","",""
"23/04/2021 10:00:00 - 23/04/2021 11:00:00","BZN|SE4","Without Sequence","45.60","",""
"23/04/2021 11:00:00 - 23/04/2021 12:00:00","BZN|SE4","Without Sequence","42.48","",""
"23/04/2021 12:00:00 - 23/04/2021 13:00:00","BZN|SE4","Without Sequence","17.18","",""
"23/04/2021 13:00:00 - 23/04/2021 14:00:00","BZN|SE4","Without Sequence","16.97","",""
"23/04/2021 14:00:00 - 23/04/2021 15:00:00","BZN|SE4","Without Sequence","17.01","",""
"23/04/2021 15:00:00 - 23/04/2021 16:00:00","BZN|SE4","Without Sequence","17.82","",""
"23/04/2021 16:00:00 - 23/04/2021 17:00:00","BZN|SE4","Without Sequence","47.07","",""
"23/04/2021 17:00:00 - 23/04/2021 18:00:00","BZN|SE4","Without Sequence","47.15","",""
"23/04/2021 18:00:00 - 23/04/2021 19:00:00","BZN|SE4","Without Sequence","48.99","",""
"23/04/2021 19:00:00 - 23/04/2021 20:00:00","BZN|SE4","Without Sequence","68.01","",""
"23/04/2021 20:00:00 - 23/04/2021 21:00:00","BZN|SE4","Without Sequence","52.83","",""
"23/04/2021 21:00:00 - 23/04/2021 22:00:00","BZN|SE4","Without Sequence","47.86","",""
"23/04/2021 22:00:00 - 23/04/2021 23:00:00","BZN|SE4","Without Sequence","49.69","",""
"23/04/2021 23:00:00 - 24/04/2021 00:00:00","BZN|SE4","Without Sequence","46.89","",""
"24/04/2021 00:00:00 - 24/04/2021 01:00:00","BZN|SE4","Without Sequence","16.06","",""
"24/04/2021 01:00:00 - 24/04/2021 02:00:00","BZN|SE4","Without Sequence","15.75","",""
"24/04/2021 02:00:00 - 24/04/2021 03:00:00","BZN|SE4","Without Sequence","15.91","",""
"24/04/2021 03:00:00 - 24/04/2021 04:00:00","BZN|SE4","Without Sequence","13.88","",""
"24/04/2021 04:00:00 - 24/04/2021 05:00:00","BZN|SE4","Without Sequence","16.63","",""
"24/04/2021 05:00:00 - 24/04/2021 06:00:00","BZN|SE4","Without Sequence","47.42","",""
"24/04/2021 06:00:00 - 24/04/2021 07:00:00","BZN|SE4","Without Sequence","54.41","",""
"24/04/2021 07:00:00 - 24/04/2021 08:00:00","BZN|SE4","Without Sequence","53.36","",""
"24/04/2021 08:00:00 - 24/04/2021 09:00:00","BZN|SE4","Without Sequence","48.80","",""
"24/04/2021 09:00:00 - 24/04/2021 10:00:00","BZN|SE4","Without Sequence","46.81","",""
"24/04/2021 10:00:00 - 24/04/2021 11:00:00","BZN|SE4","Without Sequence","42.84","",""
"24/04/2021 11:00:00 - 24/04/2021 12:00:00","BZN|SE4","Without Sequence","32.05","",""
"24/04/2021 12:00:00 - 24/04/2021 13:00:00","BZN|SE4","Without Sequence","15.22","",""
"24/04/2021 13:00:00 - 24/04/2021 14:00:00","BZN|SE4","Without Sequence","14.94","",""
"24/04/2021 14:00:00 - 24/04/2021 15:00:00","BZN|SE4","Without Sequence","14.86","",""
"24/04/2021 15:00:00 - 24/04/2021 16:00:00","BZN|SE4","Without Sequence","17.85","",""
"24/04/2021 16:00:00 - 24/04/2021 17:00:00","BZN|SE4","Without Sequence","55.59","",""
"24/04/2021 17:00:00 - 24/04/2021 18:00:00","BZN|SE4","Without Sequence","50.03","",""
"24/04/2021 18:00:00 - 24/04/2021 19:00:00","BZN|SE4","Without Sequence","68.07","",""
"24/04/2021 19:00:00 - 24/04/2021 20:00:00","BZN|SE4","Without Sequence","60.39","",""
"24/04/2021 20:00:00 - 24/04/2021 21:00:00","BZN|SE4","Without Sequence","57.40","",""
"24/04/2021 21:00:00 - 24/04/2021 22:00:00","BZN|SE4","Without Sequence","20.08","",""
"24/04/2021 22:00:00 - 24/04/2021 23:00:00","BZN|SE4","Without Sequence","21.05","",""
"24/04/2021 23:00:00 - 25/04/2021 00:00:00","BZN|SE4","Without Sequence","15.53","",""
"25/04/2021 00:00:00 - 25/04/2021 01:00:00","BZN|SE4","Without Sequence","13.62","",""
"25/04/2021 01:00:00 - 25/04/2021 02:00:00","BZN|SE4","Without Sequence","13.28","",""
"25/04/2021 02:00:00 - 25/04/2021 03:00:00","BZN|SE4","Without Sequence","13.96","",""
"25/04/2021 03:00:00 - 25/04/2021 04:00:00","BZN|SE4","Without Sequence","14.74","",""
"25/04/2021 04:00:00 - 25/04/2021 05:00:00","BZN|SE4","Without Sequence","16.09","",""
"25/04/2021 05:00:00 - 25/04/2021 06:00:00","BZN|SE4","Without Sequence","16.72","",""
"25/04/2021 06:00:00 - 25/04/2021 07:00:00","BZN|SE4","Without Sequence","42.43","",""
"25/04/2021 07:00:00 - 25/04/2021 08:00:00","BZN|SE4","Without Sequence","36.32","",""
"25/04/2021 08:00:00 - 25/04/2021 09:00:00","BZN|SE4","Without Sequence","17.80","",""
"25/04/2021 09:00:00 - 25/04/2021 10:00:00","BZN|SE4","Without Sequence","15.50","",""
"25/04/2021 10:00:00 - 25/04/2021 11:00:00","BZN|SE4","Without Sequence","15.05","",""
"25/04/2021 11:00:00 - 25/04/2021 12:00:00","BZN|SE4","Without Sequence","1.89","",""
"25/04/2021 12:00:00 - 25/04/2021 13:00:00","BZN|SE4","Without Sequence","0.06","",""
"25/04/2021 13:00:00 - 25/04/2021 14:00:00","BZN|SE4","Without Sequence","0.64","",""
"25/04/2021 14:00:00 - 25/04/2021 15:00:00","BZN|SE4","Without Sequence","3.99","",""
"25/04/2021 15:00:00 - 25/04/2021 16:00:00","BZN|SE4","Without Sequence","18.74","",""
"25/04/2021 16:00:00 - 25/04/2021 17:00:00","BZN|SE4","Without Sequence","24.27","",""
"25/04/2021 17:00:00 - 25/04/2021 18:00:00","BZN|SE4","Without Sequence","63.44","",""
"25/04/2021 18:00:00 - 25/04/2021 19:00:00","BZN|SE4","Without Sequence","66.25","",""
"25/04/2021 19:00:00 - 25/04/2021 20:00:00","BZN|SE4","Without Sequence","64.96","",""
"25/04/2021 20:00:00 - 25/04/2021 21:00:00","BZN|SE4","Without Sequence","62.88","",""
"25/04/2021 21:00:00 - 25/04/2021 22:00:00","BZN|SE4","Without Sequence","58.54","",""
"25/04/2021 22:00:00 - 25/04/2021 23:00:00","BZN|SE4","Without Sequence","23.16","",""
"25/04/2021 23:00:00 - 26/04/2021 00:00:00","BZN|SE4","Without Sequence","22.94","",""
"26/04/2021 00:00:00 - 26/04/2021 01:00:00","BZN|SE4","Without Sequence","22.68","",""
"26/04/2021 01:00:00 - 26/04/2021 02:00:00","BZN|SE4","Without Sequence","23.00","",""
"26/04/2021 02:00:00 - 26/04/2021 03:00:00","BZN|SE4","Without Sequence","23.33","",""
"26/04/2021 03:00:00 - 26/04/2021 04:00:00","BZN|SE4","Without Sequence","55.01","",""
"26/04/2021 04:00:00 - 26/04/2021 05:00:00","BZN|SE4","Without Sequence","71.28","",""
"26/04/2021 05:00:00 - 26/04/2021 06:00:00","BZN|SE4","Without Sequence","79.33","",""
"26/04/2021 06:00:00 - 26/04/2021 07:00:00","BZN|SE4","Without Sequence","81.84","",""
"26/04/2021 07:00:00 - 26/04/2021 08:00:00","BZN|SE4","Without Sequence","73.90","",""
"26/04/2021 08:00:00 - 26/04/2021 09:00:00","BZN|SE4","Without Sequence","52.55","",""
"26/04/2021 09:00:00 - 26/04/2021 10:00:00","BZN|SE4","Without Sequence","51.07","",""
"26/04/2021 10:00:00 - 26/04/2021 11:00:00","BZN|SE4","Without Sequence","50.12","",""
"26/04/2021 11:00:00 - 26/04/2021 12:00:00","BZN|SE4","Without Sequence","48.99","",""
"26/04/2021 12:00:00 - 26/04/2021 13:00:00","BZN|SE4","Without Sequence","48.34","",""
"26/04/2021 13:00:00 - 26/04/2021 14:00:00","BZN|SE4","Without Sequence","49.14","",""
"26/04/2021 14:00:00 - 26/04/2021 15:00:00","BZN|SE4","Without Sequence","49.51","",""
"26/04/2021 15:00:00 - 26/04/2021 16:00:00","BZN|SE4","Without Sequence","55.32","",""
"26/04/2021 16:00:00 - 26/04/2021 17:00:00","BZN|SE4","Without Sequence","72.08","",""
"26/04/2021 17:00:00 - 26/04/2021 18:00:00","BZN|SE4","Without Sequence","77.76","",""
"26/04/2021 18:00:00 - 26/04/2021 19:00:00","BZN|SE4","Without Sequence","79.08","",""
"26/04/2021 19:00:00 - 26/04/2021 20:00:00","BZN|SE4","Without Sequence","75.05","",""
"26/04/2021 20:00:00 - 26/04/2021 21:00:00","BZN|SE4","Without Sequence","70.69","",""
"26/04/2021 21:00:00 - 26/04/2021 22:00:00","BZN|SE4","Without Sequence","62.13","",""
"26/04/2021 22:00:00 - 26/04/2021 23:00:00","BZN|SE4","Without Sequence","52.33","",""
"26/04/2021 23:00:00 - 27/04/2021 00:00:00","BZN|SE4","Without Sequence","50.77","",""
"27/04/2021 00:00:00 - 27/04/2021 01:00:00","BZN|SE4","Without Sequence","50.29","",""
"27/04/2021 01:00:00 - 27/04/2021 02:00:00","BZN|SE4","Without Sequence","49.11","",""
"27/04/2021 02:00:00 - 27/04/2021 03:00:00","BZN|SE4","Without Sequence","49.97","",""
"27/04/2021 03:00:00 - 27/04/2021 04:00:00","BZN|SE4","Without Sequence","53.74","",""
"27/04/2021 04:00:00 - 27/04/2021 05:00:00","BZN|SE4","Without Sequence","73.78","",""
"27/04/2021 05:00:00 - 27/04/2021 06:00:00","BZN|SE4","Without Sequence","80.95","",""
"27/04/2021 06:00:00 - 27/04/2021 07:00:00","BZN|SE4","Without Sequence","81.70","",""
"27/04/2021 07:00:00 - 27/04/2021 08:00:00","BZN|SE4","Without Sequence","67.05","",""
"27/04/2021 08:00:00 - 27/04/2021 09:00:00","BZN|SE4","Without Sequence","50.93","",""
"27/04/2021 09:00:00 - 27/04/2021 10:00:00","BZN|SE4","Without Sequence","49.98","",""
"27/04/2021 10:00:00 - 27/04/2021 11:00:00","BZN|SE4","Without Sequence","48.40","",""
"27/04/2021 11:00:00 - 27/04/2021 12:00:00","BZN|SE4","Without Sequence","46.41","",""
"27/04/2021 12:00:00 - 27/04/2021 13:00:00","BZN|SE4","Without Sequence","45.79","",""
"27/04/2021 13:00:00 - 27/04/2021 14:00:00","BZN|SE4","Without Sequence","47.22","",""
"27/04/2021 14:00:00 - 27/04/2021 15:00:00","BZN|SE4","Without Sequence","49.06","",""
"27/04/2021 15:00:00 - 27/04/2021 16:00:00","BZN|SE4","Without Sequence","54.23","",""
"27/04/2021 16:00:00 - 27/04/2021 17:00:00","BZN|SE4","Without Sequence","72.55","",""
"27/04/2021 17:00:00 - 27/04/2021 18:00:00","BZN|SE4","Without Sequence","80.35","",""
"27/04/2021 18:00:00 - 27/04/2021 19:00:00","BZN|SE4","Without Sequence","80.87","",""
"27/04/2021 19:00:00 - 27/04/2021 20:00:00","BZN|SE4","Without Sequence","68.73","",""
"27/04/2021 20:00:00 - 27/04/2021 21:00:00","BZN|SE4","Without Sequence","55.85","",""
"27/04/2021 21:00:00 - 27/04/2021 22:00:00","BZN|SE4","Without Sequence","49.70","",""
"27/04/2021 22:00:00 - 27/04/2021 23:00:00","BZN|SE4","Without Sequence","47.06","",""
"27/04/2021 23:00:00 - 28/04/2021 00:00:00","BZN|SE4","Without Sequence","46.39","",""
"28/04/2021 00:00:00 - 28/04/2021 01:00:00","BZN|SE4","Without Sequence","46.98","",""
"28/04/2021 01:00:00 - 28/04/2021 02:00:00","BZN|SE4","Without Sequence","47.83","",""
"28/04/2021 02:00:00 - 28/04/2021 03:00:00","BZN|SE4","Without Sequence","48.89","",""
"28/04/2021 03:00:00 - 28/04/2021 04:00:00","BZN|SE4","Without Sequence","54.36","",""
"28/04/2021 04:00:00 - 28/04/2021 05:00:00","BZN|SE4","Without Sequence","70.25","",""
"28/04/2021 05:00:00 - 28/04/2021 06:00:00","BZN|SE4","Without Sequence","81.48","",""
"28/04/2021 06:00:00 - 28/04/2021 07:00:00","BZN|SE4","Without Sequence","85.57","",""
"28/04/2021 07:00:00 - 28/04/2021 08:00:00","BZN|SE4","Without Sequence","69.99","",""
"28/04/2021 08:00:00 - 28/04/2021 09:00:00","BZN|SE4","Without Sequence","54.47","",""
"28/04/2021 09:00:00 - 28/04/2021 10:00:00","BZN|SE4","Without Sequence","51.49","",""
"28/04/2021 10:00:00 - 28/04/2021 11:00:00","BZN|SE4","Without Sequence","49.55","",""
"28/04/2021 11:00:00 - 28/04/2021 12:00:00","BZN|SE4","Without Sequence","49.45","",""
"28/04/2021 12:00:00 - 28/04/2021 13:00:00","BZN|SE4","Without Sequence","50.84","",""
"28/04/2021 13:00:00 - 28/04/2021 14:00:00","BZN|SE4","Without Sequence","54.30","",""
"28/04/2021 14:00:00 - 28/04/2021 15:00:00","BZN|SE4","Without Sequence","55.96","",""
"28/04/2021 15:00:00 - 28/04/2021 16:00:00","BZN|SE4","Without Sequence","64.14","",""
"28/04/2021 16:00:00 - 28/04/2021 17:00:00","BZN|SE4","Without Sequence","69.63","",""
"28/04/2021 17:00:00 - 28/04/2021 18:00:00","BZN|SE4","Without Sequence","76.12","",""
"28/04/2021 18:00:00 - 28/04/2021 19:00:00","BZN|SE4","Without Sequence","70.21","",""
"28/04/2021 19:00:00 - 28/04/2021 20:00:00","BZN|SE4","Without Sequence","62.66","",""
"28/04/2021 20:00:00 - 28/04/2021 21:00:00","BZN|SE4","Without Sequence","58.08","",""
"28/04/2021 21:00:00 - 28/04/2021 22:00:00","BZN|SE4","Without Sequence","48.99","",""
"28/04/2021 22:00:00 - 28/04/2021 23:00:00","BZN|SE4","Without Sequence","48.29","",""
"28/04/2021 23:00:00 - 29/04/2021 00:00:00","BZN|SE4","Without Sequence","47.66","",""
"29/04/2021 00:00:00 - 29/04/2021 01:00:00","BZN|SE4","Without Sequence","46.79","",""
"29/04/2021 01:00:00 - 29/04/2021 02:00:00","BZN|SE4","Without Sequence","47.65","",""
"29/04/2021 02:00:00 - 29/04/2021 03:00:00","BZN|SE4","Without Sequence","48.44","",""
"29/04/2021 03:00:00 - 29/04/2021 04:00:00","BZN|SE4","Without Sequence","49.23","",""
"29/04/2021 04:00:00 - 29/04/2021 05:00:00","BZN|SE4","Without Sequence","57.67","",""
"29/04/2021 05:00:00 - 29/04/2021 06:00:00","BZN|SE4","Without Sequence","77.99","",""
"29/04/2021 06:00:00 - 29/04/2021 07:00:00","BZN|SE4","Without Sequence","83.04","",""
"29/04/2021 07:00:00 - 29/04/2021 08:00:00","BZN|SE4","Without Sequence","70.01","",""
"29/04/2021 08:00:00 - 29/04/2021 09:00:00","BZN|SE4","Without Sequence","61.64","",""
"29/04/2021 09:00:00 - 29/04/2021 10:00:00","BZN|SE4","Without Sequence","57.10","",""
"29/04/2021 10:00:00 - 29/04/2021 11:00:00","BZN|SE4","Without Sequence","53.85","",""
"29/04/2021 11:00:00 - 29/04/2021 12:00:00","BZN|SE4","Without Sequence","48.88","",""
"29/04/2021 12:00:00 - 29/04/2021 13:00:00","BZN|SE4","Without Sequence","46.70","",""
"29/04/2021 13:00:00 - 29/04/2021 14:00:00","BZN|SE4","Without Sequence","45.41","",""
"29/04/2021 14:00:00 - 29/04/2021 15:00:00","BZN|SE4","Without Sequence","46.74","",""
"29/04/2021 15:00:00 - 29/04/2021 16:00:00","BZN|SE4","Without Sequence","48.27","",""
"29/04/2021 16:00:00 - 29/04/2021 17:00:00","BZN|SE4","Without Sequence","52.47","",""
"29/04/2021 17:00:00 - 29/04/2021 18:00:00","BZN|SE4","Without Sequence","52.37","",""
"29/04/2021 18:00:00 - 29/04/2021 19:00:00","BZN|SE4","Without Sequence","49.37","",""
"29/04/2021 19:00:00 - 29/04/2021 20:00:00","BZN|SE4","Without Sequence","50.80","",""
"29/04/2021 20:00:00 - 29/04/2021 21:00:00","BZN|SE4","Without Sequence","46.75","",""
"29/04/2021 21:00:00 - 29/04/2021 22:00:00","BZN|SE4","Without Sequence","37.22","",""
"29/04/2021 22:00:00 - 29/04/2021 23:00:00","BZN|SE4","Without Sequence","35.16","",""
"29/04/2021 23:00:00 - 30/04/2021 00:00:00","BZN|SE4","Without Sequence","35.03","",""
"30/04/2021 00:00:00 - 30/04/2021 01:00:00","BZN|SE4","Without Sequence","34.60","",""
"30/04/2021 01:00:00 - 30/04/2021 02:00:00","BZN|SE4","Without Sequence","35.11","",""
"30/04/2021 02:00:00 - 30/04/2021 03:00:00","BZN|SE4","Without Sequence","36.08","",""
"30/04/2021 03:00:00 - 30/04/2021 04:00:00","BZN|SE4","Without Sequence","41.86","",""
"30/04/2021 04:00:00 - 30/04/2021 05:00:00","BZN|SE4","Without Sequence","58.53","",""
"30/04/2021 05:00:00 - 30/04/2021 06:00:00","BZN|SE4","Without Sequence","78.74","",""
"30/04/2021 06:00:00 - 30/04/2021 07:00:00","BZN|SE4","Without Sequence","82.29","",""
"30/04/2021 07:00:00 - 30/04/2021 08:00:00","BZN|SE4","Without Sequence","76.02","",""
"30/04/2021 08:00:00 - 30/04/2021 09:00:00","BZN|SE4","Without Sequence","74.67","",""
"30/04/2021 09:00:00 - 30/04/2021 10:00:00","BZN|SE4","Without Sequence","70.01","",""
"30/04/2021 10:00:00 - 30/04/2021 11:00:00","BZN|SE4","Without Sequence","53.94","",""
"30/04/2021 11:00:00 - 30/04/2021 12:00:00","BZN|SE4","Without Sequence","50.78","",""
"30/04/2021 12:00:00 - 30/04/2021 13:00:00","BZN|SE4","Without Sequence","55.41","",""
"30/04/2021 13:00:00 - 30/04/2021 14:00:00","BZN|SE4","Without Sequence","57.48","",""
"30/04/2021 14:00:00 - 30/04/2021 15:00:00","BZN|SE4","Without Sequence","58.96","",""
"30/04/2021 15:00:00 - 30/04/2021 16:00:00","BZN|SE4","Without Sequence","67.97","",""
"30/04/2021 16:00:00 - 30/04/2021 17:00:00","BZN|SE4","Without Sequence","73.73","",""
"30/04/2021 17:00:00 - 30/04/2021 18:00:00","BZN|SE4","Without Sequence","77.16","",""
"30/04/2021 18:00:00 - 30/04/2021 19:00:00","BZN|SE4","Without Sequence","79.02","",""
"30/04/2021 19:00:00 - 30/04/2021 20:00:00","BZN|SE4","Without Sequence","76.82","",""
"30/04/2021 20:00:00 - 30/04/2021 21:00:00","BZN|SE4","Without Sequence","73.42","",""
"30/04/2021 21:00:00 - 30/04/2021 22:00:00","BZN|SE4","Without Sequence","67.21","",""
"30/04/2021 22:00:00 - 30/04/2021 23:00:00","BZN|SE4","Without Sequence","57.54","",""
"30/04/2021 23:00:00 - 01/05/2021 00:00:00","BZN|SE4","Without Sequence","45.07","",""
"01/05/2021 00:00:00 - 01/05/2021 01:00:00","BZN|SE4","Without Sequence","42.45","",""
"01/05/2021 01:00:00 - 01/05/2021 02:00:00","BZN|SE4","Without Sequence","45.04","",""
"01/05/2021 02:00:00 - 01/05/2021 03:00:00","BZN|SE4","Without Sequence","45.04","",""
"01/05/2021 03:00:00 - 01/05/2021 04:00:00","BZN|SE4","Without Sequence","43.46","",""
"01/05/2021 04:00:00 - 01/05/2021 05:00:00","BZN|SE4","Without Sequence","51.28","",""
"01/05/2021 05:00:00 - 01/05/2021 06:00:00","BZN|SE4","Without Sequence","52.65","",""
"01/05/2021 06:00:00 - 01/05/2021 07:00:00","BZN|SE4","Without Sequence","56.00","",""
"01/05/2021 07:00:00 - 01/05/2021 08:00:00","BZN|SE4","Without Sequence","56.21","",""
"01/05/2021 08:00:00 - 01/05/2021 09:00:00","BZN|SE4","Without Sequence","54.70","",""
"01/05/2021 09:00:00 - 01/05/2021 10:00:00","BZN|SE4","Without Sequence","53.39","",""
"01/05/2021 10:00:00 - 01/05/2021 11:00:00","BZN|SE4","Without Sequence","53.13","",""
"01/05/2021 11:00:00 - 01/05/2021 12:00:00","BZN|SE4","Without Sequence","49.82","",""
"01/05/2021 12:00:00 - 01/05/2021 13:00:00","BZN|SE4","Without Sequence","47.08","",""
"01/05/2021 13:00:00 - 01/05/2021 14:00:00","BZN|SE4","Without Sequence","44.44","",""
"01/05/2021 14:00:00 - 01/05/2021 15:00:00","BZN|SE4","Without Sequence","46.38","",""
"01/05/2021 15:00:00 - 01/05/2021 16:00:00","BZN|SE4","Without Sequence","49.25","",""
"01/05/2021 16:00:00 - 01/05/2021 17:00:00","BZN|SE4","Without Sequence","54.40","",""
"01/05/2021 17:00:00 - 01/05/2021 18:00:00","BZN|SE4","Without Sequence","61.01","",""
"01/05/2021 18:00:00 - 01/05/2021 19:00:00","BZN|SE4","Without Sequence","68.69","",""
"01/05/2021 19:00:00 - 01/05/2021 20:00:00","BZN|SE4","Without Sequence","65.06","",""
"01/05/2021 20:00:00 - 01/05/2021 21:00:00","BZN|SE4","Without Sequence","58.89","",""
"01/05/2021 21:00:00 - 01/05/2021 22:00:00","BZN|SE4","Without Sequence","51.32","",""
"01/05/2021 22:00:00 - 01/05/2021 23:00:00","BZN|SE4","Without Sequence","46.30","",""
"01/05/2021 23:00:00 - 02/05/2021 00:00:00","BZN|SE4","Without Sequence","45.20","",""
"02/05/2021 00:00:00 - 02/05/2021 01:00:00","BZN|SE4","Without Sequence","45.02","",""
"02/05/2021 01:00:00 - 02/05/2021 02:00:00","BZN|SE4","Without Sequence","46.39","",""
"02/05/2021 02:00:00 - 02/05/2021 03:00:00","BZN|SE4","Without Sequence","46.90","",""
"02/05/2021 03:00:00 - 02/05/2021 04:00:00","BZN|SE4","Without Sequence","47.77","",""
"02/05/2021 04:00:00 - 02/05/2021 05:00:00","BZN|SE4","Without Sequence","47.05","",""
"02/05/2021 05:00:00 - 02/05/2021 06:00:00","BZN|SE4","Without Sequence","47.96","",""
"02/05/2021 06:00:00 - 02/05/2021 07:00:00","BZN|SE4","Without Sequence","49.54","",""
"02/05/2021 07:00:00 - 02/05/2021 08:00:00","BZN|SE4","Without Sequence","47.95","",""
"02/05/2021 08:00:00 - 02/05/2021 09:00:00","BZN|SE4","Without Sequence","46.31","",""
"02/05/2021 09:00:00 - 02/05/2021 10:00:00","BZN|SE4","Without Sequence","46.13","",""
"02/05/2021 10:00:00 - 02/05/2021 11:00:00","BZN|SE4","Without Sequence","43.91","",""
"02/05/2021 11:00:00 - 02/05/2021 12:00:00","BZN|SE4","Without Sequence","35.20","",""
"02/05/2021 12:00:00 - 02/05/2021 13:00:00","BZN|SE4","Without Sequence","33.07","",""
"02/05/2021 13:00:00 - 02/05/2021 14:00:00","BZN|SE4","Without Sequence","33.46","",""
"02/05/2021 14:00:00 - 02/05/2021 15:00:00","BZN|SE4","Without Sequence","36.06","",""
"02/05/2021 15:00:00 - 02/05/2021 16:00:00","BZN|SE4","Without Sequence","41.99","",""
"02/05/2021 16:00:00 - 02/05/2021 17:00:00","BZN|SE4","Without Sequence","46.52","",""
"02/05/2021 17:00:00 - 02/05/2021 18:00:00","BZN|SE4","Without Sequence","54.56","",""
"02/05/2021 18:00:00 - 02/05/2021 19:00:00","BZN|SE4","Without Sequence","65.50","",""
"02/05/2021 19:00:00 - 02/05/2021 20:00:00","BZN|SE4","Without Sequence","64.90","",""
"02/05/2021 20:00:00 - 02/05/2021 21:00:00","BZN|SE4","Without Sequence","60.20","",""
"02/05/2021 21:00:00 - 02/05/2021 22:00:00","BZN|SE4","Without Sequence","51.36","",""
"02/05/2021 22:00:00 - 02/05/2021 23:00:00","BZN|SE4","Without Sequence","52.63","",""
"02/05/2021 23:00:00 - 03/05/2021 00:00:00","BZN|SE4","Without Sequence","50.99","",""
"03/05/2021 00:00:00 - 03/05/2021 01:00:00","BZN|SE4","Without Sequence","49.95","",""
"03/05/2021 01:00:00 - 03/05/2021 02:00:00","BZN|SE4","Without Sequence","50.16","",""
"03/05/2021 02:00:00 - 03/05/2021 03:00:00","BZN|SE4","Without Sequence","50.10","",""
"03/05/2021 03:00:00 - 03/05/2021 04:00:00","BZN|SE4","Without Sequence","54.87","",""
"03/05/2021 04:00:00 - 03/05/2021 05:00:00","BZN|SE4","Without Sequence","67.74","",""
"03/05/2021 05:00:00 - 03/05/2021 06:00:00","BZN|SE4","Without Sequence","84.35","",""
"03/05/2021 06:00:00 - 03/05/2021 07:00:00","BZN|SE4","Without Sequence","87.93","",""
"03/05/2021 07:00:00 - 03/05/2021 08:00:00","BZN|SE4","Without Sequence","67.32","",""
"03/05/2021 08:00:00 - 03/05/2021 09:00:00","BZN|SE4","Without Sequence","60.98","",""
"03/05/2021 09:00:00 - 03/05/2021 10:00:00","BZN|SE4","Without Sequence","57.12","",""
"03/05/2021 10:00:00 - 03/05/2021 11:00:00","BZN|SE4","Without Sequence","52.99","",""
"03/05/2021 11:00:00 - 03/05/2021 12:00:00","BZN|SE4","Without Sequence","49.97","",""
"03/05/2021 12:00:00 - 03/05/2021 13:00:00","BZN|SE4","Without Sequence","50.83","",""
"03/05/2021 13:00:00 - 03/05/2021 14:00:00","BZN|SE4","Without Sequence","50.09","",""
"03/05/2021 14:00:00 - 03/05/2021 15:00:00","BZN|SE4","Without Sequence","49.88","",""
"03/05/2021 15:00:00 - 03/05/2021 16:00:00","BZN|SE4","Without Sequence","54.84","",""
"03/05/2021 16:00:00 - 03/05/2021 17:00:00","BZN|SE4","Without Sequence","62.43","",""
"03/05/2021 17:00:00 - 03/05/2021 18:00:00","BZN|SE4","Without Sequence","79.68","",""
"03/05/2021 18:00:00 - 03/05/2021 19:00:00","BZN|SE4","Without Sequence","79.71","",""
"03/05/2021 19:00:00 - 03/05/2021 20:00:00","BZN|SE4","Without Sequence","75.98","",""
"03/05/2021 20:00:00 - 03/05/2021 21:00:00","BZN|SE4","Without Sequence","66.45","",""
"03/05/2021 21:00:00 - 03/05/2021 22:00:00","BZN|SE4","Without Sequence","50.38","",""
"03/05/2021 22:00:00 - 03/05/2021 23:00:00","BZN|SE4","Without Sequence","46.35","",""
"03/05/2021 23:00:00 - 04/05/2021 00:00:00","BZN|SE4","Without Sequence","38.92","",""
"04/05/2021 00:00:00 - 04/05/2021 01:00:00","BZN|SE4","Without Sequence","35.02","",""
"04/05/2021 01:00:00 - 04/05/2021 02:00:00","BZN|SE4","Without Sequence","34.99","",""
"04/05/2021 02:00:00 - 04/05/2021 03:00:00","BZN|SE4","Without Sequence","32.95","",""
"04/05/2021 03:00:00 - 04/05/2021 04:00:00","BZN|SE4","Without Sequence","38.06","",""
"04/05/2021 04:00:00 - 04/05/2021 05:00:00","BZN|SE4","Without Sequence","44.71","",""
"04/05/2021 05:00:00 - 04/05/2021 06:00:00","BZN|SE4","Without Sequence","50.32","",""
"04/05/2021 06:00:00 - 04/05/2021 07:00:00","BZN|SE4","Without Sequence","50.59","",""
"04/05/2021 07:00:00 - 04/05/2021 08:00:00","BZN|SE4","Without Sequence","47.99","",""
"04/05/2021 08:00:00 - 04/05/2021 09:00:00","BZN|SE4","Without Sequence","46.29","",""
"04/05/2021 09:00:00 - 04/05/2021 10:00:00","BZN|SE4","Without Sequence","44.60","",""
"04/05/2021 10:00:00 - 04/05/2021 11:00:00","BZN|SE4","Without Sequence","43.23","",""
"04/05/2021 11:00:00 - 04/05/2021 12:00:00","BZN|SE4","Without Sequence","35.15","",""
"04/05/2021 12:00:00 - 04/05/2021 13:00:00","BZN|SE4","Without Sequence","30.28","",""
"04/05/2021 13:00:00 - 04/05/2021 14:00:00","BZN|SE4","Without Sequence","28.34","",""
"04/05/2021 14:00:00 - 04/05/2021 15:00:00","BZN|SE4","Without Sequence","28.09","",""
"04/05/2021 15:00:00 - 04/05/2021 16:00:00","BZN|SE4","Without Sequence","34.44","",""
"04/05/2021 16:00:00 - 04/05/2021 17:00:00","BZN|SE4","Without Sequence","45.01","",""
"04/05/2021 17:00:00 - 04/05/2021 18:00:00","BZN|SE4","Without Sequence","47.20","",""
"04/05/2021 18:00:00 - 04/05/2021 19:00:00","BZN|SE4","Without Sequence","48.69","",""
"04/05/2021 19:00:00 - 04/05/2021 20:00:00","BZN|SE4","Without Sequence","45.28","",""
"04/05/2021 20:00:00 - 04/05/2021 21:00:00","BZN|SE4","Without Sequence","38.40","",""
"04/05/2021 21:00:00 - 04/05/2021 22:00:00","BZN|SE4","Without Sequence","28.16","",""
"04/05/2021 22:00:00 - 04/05/2021 23:00:00","BZN|SE4","Without Sequence","24.20","",""
"04/05/2021 23:00:00 - 05/05/2021 00:00:00","BZN|SE4","Without Sequence","22.37","",""
"05/05/2021 00:00:00 - 05/05/2021 01:00:00","BZN|SE4","Without Sequence","22.05","",""
"05/05/2021 01:00:00 - 05/05/2021 02:00:00","BZN|SE4","Without Sequence","24.69","",""
"05/05/2021 02:00:00 - 05/05/2021 03:00:00","BZN|SE4","Without Sequence","28.76","",""
"05/05/2021 03:00:00 - 05/05/2021 04:00:00","BZN|SE4","Without Sequence","32.06","",""
"05/05/2021 04:00:00 - 05/05/2021 05:00:00","BZN|SE4","Without Sequence","50.21","",""
"05/05/2021 05:00:00 - 05/05/2021 06:00:00","BZN|SE4","Without Sequence","61.05","",""
"05/05/2021 06:00:00 - 05/05/2021 07:00:00","BZN|SE4","Without Sequence","63.42","",""
"05/05/2021 07:00:00 - 05/05/2021 08:00:00","BZN|SE4","Without Sequence","50.93","",""
"05/05/2021 08:00:00 - 05/05/2021 09:00:00","BZN|SE4","Without Sequence","46.29","",""
"05/05/2021 09:00:00 - 05/05/2021 10:00:00","BZN|SE4","Without Sequence","39.17","",""
"05/05/2021 10:00:00 - 05/05/2021 11:00:00","BZN|SE4","Without Sequence","38.50","",""
"05/05/2021 11:00:00 - 05/05/2021 12:00:00","BZN|SE4","Without Sequence","39.53","",""
"05/05/2021 12:00:00 - 05/05/2021 13:00:00","BZN|SE4","Without Sequence","38.01","",""
"05/05/2021 13:00:00 - 05/05/2021 14:00:00","BZN|SE4","Without Sequence","36.45","",""
"05/05/2021 14:00:00 - 05/05/2021 15:00:00","BZN|SE4","Without Sequence","36.38","",""
"05/05/2021 15:00:00 - 05/05/2021 16:00:00","BZN|SE4","Without Sequence","43.86","",""
"05/05/2021 16:00:00 - 05/05/2021 17:00:00","BZN|SE4","Without Sequence","49.67","",""
"05/05/2021 17:00:00 - 05/05/2021 18:00:00","BZN|SE4","Without Sequence","56.74","",""
"05/05/2021 18:00:00 - 05/05/2021 19:00:00","BZN|SE4","Without Sequence","57.45","",""
"05/05/2021 19:00:00 - 05/05/2021 20:00:00","BZN|SE4","Without Sequence","57.01","",""
"05/05/2021 20:00:00 - 05/05/2021 21:00:00","BZN|SE4","Without Sequence","46.29","",""
"05/05/2021 21:00:00 - 05/05/2021 22:00:00","BZN|SE4","Without Sequence","38.28","",""
"05/05/2021 22:00:00 - 05/05/2021 23:00:00","BZN|SE4","Without Sequence","39.64","",""
"05/05/2021 23:00:00 - 06/05/2021 00:00:00","BZN|SE4","Without Sequence","38.98","",""
"06/05/2021 00:00:00 - 06/05/2021 01:00:00","BZN|SE4","Without Sequence","36.81","",""
"06/05/2021 01:00:00 - 06/05/2021 02:00:00","BZN|SE4","Without Sequence","37.47","",""
"06/05/2021 02:00:00 - 06/05/2021 03:00:00","BZN|SE4","Without Sequence","37.24","",""
"06/05/2021 03:00:00 - 06/05/2021 04:00:00","BZN|SE4","Without Sequence","45.28","",""
"06/05/2021 04:00:00 - 06/05/2021 05:00:00","BZN|SE4","Without Sequence","60.08","",""
"06/05/2021 05:00:00 - 06/05/2021 06:00:00","BZN|SE4","Without Sequence","70.70","",""
"06/05/2021 06:00:00 - 06/05/2021 07:00:00","BZN|SE4","Without Sequence","66.90","",""
"06/05/2021 07:00:00 - 06/05/2021 08:00:00","BZN|SE4","Without Sequence","54.86","",""
"06/05/2021 08:00:00 - 06/05/2021 09:00:00","BZN|SE4","Without Sequence","54.93","",""
"06/05/2021 09:00:00 - 06/05/2021 10:00:00","BZN|SE4","Without Sequence","55.08","",""
"06/05/2021 10:00:00 - 06/05/2021 11:00:00","BZN|SE4","Without Sequence","60.11","",""
"06/05/2021 11:00:00 - 06/05/2021 12:00:00","BZN|SE4","Without Sequence","59.01","",""
"06/05/2021 12:00:00 - 06/05/2021 13:00:00","BZN|SE4","Without Sequence","58.14","",""
"06/05/2021 13:00:00 - 06/05/2021 14:00:00","BZN|SE4","Without Sequence","61.03","",""
"06/05/2021 14:00:00 - 06/05/2021 15:00:00","BZN|SE4","Without Sequence","62.88","",""
"06/05/2021 15:00:00 - 06/05/2021 16:00:00","BZN|SE4","Without Sequence","70.18","",""
"06/05/2021 16:00:00 - 06/05/2021 17:00:00","BZN|SE4","Without Sequence","76.68","",""
"06/05/2021 17:00:00 - 06/05/2021 18:00:00","BZN|SE4","Without Sequence","85.26","",""
"06/05/2021 18:00:00 - 06/05/2021 19:00:00","BZN|SE4","Without Sequence","79.91","",""
"06/05/2021 19:00:00 - 06/05/2021 20:00:00","BZN|SE4","Without Sequence","79.77","",""
"06/05/2021 20:00:00 - 06/05/2021 21:00:00","BZN|SE4","Without Sequence","76.91","",""
"06/05/2021 21:00:00 - 06/05/2021 22:00:00","BZN|SE4","Without Sequence","62.64","",""
"06/05/2021 22:00:00 - 06/05/2021 23:00:00","BZN|SE4","Without Sequence","59.50","",""
"06/05/2021 23:00:00 - 07/05/2021 00:00:00","BZN|SE4","Without Sequence","57.83","",""
"07/05/2021 00:00:00 - 07/05/2021 01:00:00","BZN|SE4","Without Sequence","56.01","",""
"07/05/2021 01:00:00 - 07/05/2021 02:00:00","BZN|SE4","Without Sequence","57.14","",""
"07/05/2021 02:00:00 - 07/05/2021 03:00:00","BZN|SE4","Without Sequence","58.03","",""
"07/05/2021 03:00:00 - 07/05/2021 04:00:00","BZN|SE4","Without Sequence","66.85","",""
"07/05/2021 04:00:00 - 07/05/2021 05:00:00","BZN|SE4","Without Sequence","77.68","",""
"07/05/2021 05:00:00 - 07/05/2021 06:00:00","BZN|SE4","Without Sequence","88.88","",""
"07/05/2021 06:00:00 - 07/05/2021 07:00:00","BZN|SE4","Without Sequence","100.06","",""
"07/05/2021 07:00:00 - 07/05/2021 08:00:00","BZN|SE4","Without Sequence","84.16","",""
"07/05/2021 08:00:00 - 07/05/2021 09:00:00","BZN|SE4","Without Sequence","78.75","",""
"07/05/2021 09:00:00 - 07/05/2021 10:00:00","BZN|SE4","Without Sequence","76.98","",""
"07/05/2021 10:00:00 - 07/05/2021 11:00:00","BZN|SE4","Without Sequence","68.94","",""
"07/05/2021 11:00:00 - 07/05/2021 12:00:00","BZN|SE4","Without Sequence","61.75","",""
"07/05/2021 12:00:00 - 07/05/2021 13:00:00","BZN|SE4","Without Sequence","53.84","",""
"07/05/2021 13:00:00 - 07/05/2021 14:00:00","BZN|SE4","Without Sequence","52.22","",""
"07/05/2021 14:00:00 - 07/05/2021 15:00:00","BZN|SE4","Without Sequence","53.06","",""
"07/05/2021 15:00:00 - 07/05/2021 16:00:00","BZN|SE4","Without Sequence","55.43","",""
"07/05/2021 16:00:00 - 07/05/2021 17:00:00","BZN|SE4","Without Sequence","61.28","",""
"07/05/2021 17:00:00 - 07/05/2021 18:00:00","BZN|SE4","Without Sequence","74.72","",""
"07/05/2021 18:00:00 - 07/05/2021 19:00:00","BZN|SE4","Without Sequence","59.63","",""
"07/05/2021 19:00:00 - 07/05/2021 20:00:00","BZN|SE4","Without Sequence","78.21","",""
"07/05/2021 20:00:00 - 07/05/2021 21:00:00","BZN|SE4","Without Sequence","57.99","",""
"07/05/2021 21:00:00 - 07/05/2021 22:00:00","BZN|SE4","Without Sequence","53.86","",""
"07/05/2021 22:00:00 - 07/05/2021 23:00:00","BZN|SE4","Without Sequence","54.42","",""
"07/05/2021 23:00:00 - 08/05/2021 00:00:00","BZN|SE4","Without Sequence","49.69","",""
"08/05/2021 00:00:00 - 08/05/2021 01:00:00","BZN|SE4","Without Sequence","48.42","",""
"08/05/2021 01:00:00 - 08/05/2021 02:00:00","BZN|SE4","Without Sequence","49.92","",""
"08/05/2021 02:00:00 - 08/05/2021 03:00:00","BZN|SE4","Without Sequence","48.91","",""
"08/05/2021 03:00:00 - 08/05/2021 04:00:00","BZN|SE4","Without Sequence","52.55","",""
"08/05/2021 04:00:00 - 08/05/2021 05:00:00","BZN|SE4","Without Sequence","51.61","",""
"08/05/2021 05:00:00 - 08/05/2021 06:00:00","BZN|SE4","Without Sequence","54.27","",""
"08/05/2021 06:00:00 - 08/05/2021 07:00:00","BZN|SE4","Without Sequence","55.18","",""
"08/05/2021 07:00:00 - 08/05/2021 08:00:00","BZN|SE4","Without Sequence","51.95","",""
"08/05/2021 08:00:00 - 08/05/2021 09:00:00","BZN|SE4","Without Sequence","45.95","",""
"08/05/2021 09:00:00 - 08/05/2021 10:00:00","BZN|SE4","Without Sequence","41.32","",""
"08/05/2021 10:00:00 - 08/05/2021 11:00:00","BZN|SE4","Without Sequence","37.00","",""
"08/05/2021 11:00:00 - 08/05/2021 12:00:00","BZN|SE4","Without Sequence","28.64","",""
"08/05/2021 12:00:00 - 08/05/2021 13:00:00","BZN|SE4","Without Sequence","25.73","",""
"08/05/2021 13:00:00 - 08/05/2021 14:00:00","BZN|SE4","Without Sequence","25.77","",""
"08/05/2021 14:00:00 - 08/05/2021 15:00:00","BZN|SE4","Without Sequence","33.92","",""
"08/05/2021 15:00:00 - 08/05/2021 16:00:00","BZN|SE4","Without Sequence","50.06","",""
"08/05/2021 16:00:00 - 08/05/2021 17:00:00","BZN|SE4","Without Sequence","53.52","",""
"08/05/2021 17:00:00 - 08/05/2021 18:00:00","BZN|SE4","Without Sequence","58.63","",""
"08/05/2021 18:00:00 - 08/05/2021 19:00:00","BZN|SE4","Without Sequence","61.53","",""
"08/05/2021 19:00:00 - 08/05/2021 20:00:00","BZN|SE4","Without Sequence","58.63","",""
"08/05/2021 20:00:00 - 08/05/2021 21:00:00","BZN|SE4","Without Sequence","53.53","",""
"08/05/2021 21:00:00 - 08/05/2021 22:00:00","BZN|SE4","Without Sequence","46.83","",""
"08/05/2021 22:00:00 - 08/05/2021 23:00:00","BZN|SE4","Without Sequence","37.21","",""
"08/05/2021 23:00:00 - 09/05/2021 00:00:00","BZN|SE4","Without Sequence","19.88","",""
"09/05/2021 00:00:00 - 09/05/2021 01:00:00","BZN|SE4","Without Sequence","15.76","",""
"09/05/2021 01:00:00 - 09/05/2021 02:00:00","BZN|SE4","Without Sequence","15.90","",""
"09/05/2021 02:00:00 - 09/05/2021 03:00:00","BZN|SE4","Without Sequence","15.72","",""
"09/05/2021 03:00:00 - 09/05/2021 04:00:00","BZN|SE4","Without Sequence","16.19","",""
"09/05/2021 04:00:00 - 09/05/2021 05:00:00","BZN|SE4","Without Sequence","17.15","",""
"09/05/2021 05:00:00 - 09/05/2021 06:00:00","BZN|SE4","Without Sequence","16.42","",""
"09/05/2021 06:00:00 - 09/05/2021 07:00:00","BZN|SE4","Without Sequence","20.25","",""
"09/05/2021 07:00:00 - 09/05/2021 08:00:00","BZN|SE4","Without Sequence","21.63","",""
"09/05/2021 08:00:00 - 09/05/2021 09:00:00","BZN|SE4","Without Sequence","20.04","",""
"09/05/2021 09:00:00 - 09/05/2021 10:00:00","BZN|SE4","Without Sequence","19.93","",""
"09/05/2021 10:00:00 - 09/05/2021 11:00:00","BZN|SE4","Without Sequence","21.70","",""
"09/05/2021 11:00:00 - 09/05/2021 12:00:00","BZN|SE4","Without Sequence","21.73","",""
"09/05/2021 12:00:00 - 09/05/2021 13:00:00","BZN|SE4","Without Sequence","21.00","",""
"09/05/2021 13:00:00 - 09/05/2021 14:00:00","BZN|SE4","Without Sequence","21.26","",""
"09/05/2021 14:00:00 - 09/05/2021 15:00:00","BZN|SE4","Without Sequence","21.61","",""
"09/05/2021 15:00:00 - 09/05/2021 16:00:00","BZN|SE4","Without Sequence","21.96","",""
"09/05/2021 16:00:00 - 09/05/2021 17:00:00","BZN|SE4","Without Sequence","37.10","",""
"09/05/2021 17:00:00 - 09/05/2021 18:00:00","BZN|SE4","Without Sequence","49.48","",""
"09/05/2021 18:00:00 - 09/05/2021 19:00:00","BZN|SE4","Without Sequence","49.38","",""
"09/05/2021 19:00:00 - 09/05/2021 20:00:00","BZN|SE4","Without Sequence","48.88","",""
"09/05/2021 20:00:00 - 09/05/2021 21:00:00","BZN|SE4","Without Sequence","42.09","",""
"09/05/2021 21:00:00 - 09/05/2021 22:00:00","BZN|SE4","Without Sequence","30.34","",""
"09/05/2021 22:00:00 - 09/05/2021 23:00:00","BZN|SE4","Without Sequence","25.08","",""
"09/05/2021 23:00:00 - 10/05/2021 00:00:00","BZN|SE4","Without Sequence","26.30","",""
"10/05/2021 00:00:00 - 10/05/2021 01:00:00","BZN|SE4","Without Sequence","26.42","",""
"10/05/2021 01:00:00 - 10/05/2021 02:00:00","BZN|SE4","Without Sequence","27.86","",""
"10/05/2021 02:00:00 - 10/05/2021 03:00:00","BZN|SE4","Without Sequence","27.36","",""
"10/05/2021 03:00:00 - 10/05/2021 04:00:00","BZN|SE4","Without Sequence","36.11","",""
"10/05/2021 04:00:00 - 10/05/2021 05:00:00","BZN|SE4","Without Sequence","51.49","",""
"10/05/2021 05:00:00 - 10/05/2021 06:00:00","BZN|SE4","Without Sequence","56.02","",""
"10/05/2021 06:00:00 - 10/05/2021 07:00:00","BZN|SE4","Without Sequence","57.78","",""
"10/05/2021 07:00:00 - 10/05/2021 08:00:00","BZN|SE4","Without Sequence","54.61","",""
"10/05/2021 08:00:00 - 10/05/2021 09:00:00","BZN|SE4","Without Sequence","52.14","",""
"10/05/2021 09:00:00 - 10/05/2021 10:00:00","BZN|SE4","Without Sequence","51.47","",""
"10/05/2021 10:00:00 - 10/05/2021 11:00:00","BZN|SE4","Without Sequence","50.93","",""
"10/05/2021 11:00:00 - 10/05/2021 12:00:00","BZN|SE4","Without Sequence","48.09","",""
"10/05/2021 12:00:00 - 10/05/2021 13:00:00","BZN|SE4","Without Sequence","48.74","",""
"10/05/2021 13:00:00 - 10/05/2021 14:00:00","BZN|SE4","Without Sequence","51.54","",""
"10/05/2021 14:00:00 - 10/05/2021 15:00:00","BZN|SE4","Without Sequence","51.91","",""
"10/05/2021 15:00:00 - 10/05/2021 16:00:00","BZN|SE4","Without Sequence","52.69","",""
"10/05/2021 16:00:00 - 10/05/2021 17:00:00","BZN|SE4","Without Sequence","53.18","",""
"10/05/2021 17:00:00 - 10/05/2021 18:00:00","BZN|SE4","Without Sequence","52.09","",""
"10/05/2021 18:00:00 - 10/05/2021 19:00:00","BZN|SE4","Without Sequence","42.86","",""
"10/05/2021 19:00:00 - 10/05/2021 20:00:00","BZN|SE4","Without Sequence","36.44","",""
"10/05/2021 20:00:00 - 10/05/2021 21:00:00","BZN|SE4","Without Sequence","28.90","",""
"10/05/2021 21:00:00 - 10/05/2021 22:00:00","BZN|SE4","Without Sequence","25.01","",""
"10/05/2021 22:00:00 - 10/05/2021 23:00:00","BZN|SE4","Without Sequence","20.43","",""
"10/05/2021 23:00:00 - 11/05/2021 00:00:00","BZN|SE4","Without Sequence","19.56","",""
"11/05/2021 00:00:00 - 11/05/2021 01:00:00","BZN|SE4","Without Sequence","17.92","",""
"11/05/2021 01:00:00 - 11/05/2021 02:00:00","BZN|SE4","Without Sequence","17.51","",""
"11/05/2021 02:00:00 - 11/05/2021 03:00:00","BZN|SE4","Without Sequence","19.08","",""
"11/05/2021 03:00:00 - 11/05/2021 04:00:00","BZN|SE4","Without Sequence","22.21","",""
"11/05/2021 04:00:00 - 11/05/2021 05:00:00","BZN|SE4","Without Sequence","50.05","",""
"11/05/2021 05:00:00 - 11/05/2021 06:00:00","BZN|SE4","Without Sequence","59.05","",""
"11/05/2021 06:00:00 - 11/05/2021 07:00:00","BZN|SE4","Without Sequence","66.18","",""
"11/05/2021 07:00:00 - 11/05/2021 08:00:00","BZN|SE4","Without Sequence","55.74","",""
"11/05/2021 08:00:00 - 11/05/2021 09:00:00","BZN|SE4","Without Sequence","55.51","",""
"11/05/2021 09:00:00 - 11/05/2021 10:00:00","BZN|SE4","Without Sequence","55.14","",""
"11/05/2021 10:00:00 - 11/05/2021 11:00:00","BZN|SE4","Without Sequence","55.59","",""
"11/05/2021 11:00:00 - 11/05/2021 12:00:00","BZN|SE4","Without Sequence","55.04","",""
"11/05/2021 12:00:00 - 11/05/2021 13:00:00","BZN|SE4","Without Sequence","52.65","",""
"11/05/2021 13:00:00 - 11/05/2021 14:00:00","BZN|SE4","Without Sequence","47.55","",""
"11/05/2021 14:00:00 - 11/05/2021 15:00:00","BZN|SE4","Without Sequence","44.60","",""
"11/05/2021 15:00:00 - 11/05/2021 16:00:00","BZN|SE4","Without Sequence","50.01","",""
"11/05/2021 16:00:00 - 11/05/2021 17:00:00","BZN|SE4","Without Sequence","55.20","",""
"11/05/2021 17:00:00 - 11/05/2021 18:00:00","BZN|SE4","Without Sequence","55.08","",""
"11/05/2021 18:00:00 - 11/05/2021 19:00:00","BZN|SE4","Without Sequence","41.11","",""
"11/05/2021 19:00:00 - 11/05/2021 20:00:00","BZN|SE4","Without Sequence","34.67","",""
"11/05/2021 20:00:00 - 11/05/2021 21:00:00","BZN|SE4","Without Sequence","28.43","",""
"11/05/2021 21:00:00 - 11/05/2021 22:00:00","BZN|SE4","Without Sequence","23.65","",""
"11/05/2021 22:00:00 - 11/05/2021 23:00:00","BZN|SE4","Without Sequence","22.34","",""
"11/05/2021 23:00:00 - 12/05/2021 00:00:00","BZN|SE4","Without Sequence","22.00","",""
"12/05/2021 00:00:00 - 12/05/2021 01:00:00","BZN|SE4","Without Sequence","21.80","",""
"12/05/2021 01:00:00 - 12/05/2021 02:00:00","BZN|SE4","Without Sequence","21.76","",""
"12/05/2021 02:00:00 - 12/05/2021 03:00:00","BZN|SE4","Without Sequence","22.38","",""
"12/05/2021 03:00:00 - 12/05/2021 04:00:00","BZN|SE4","Without Sequence","28.47","",""
"12/05/2021 04:00:00 - 12/05/2021 05:00:00","BZN|SE4","Without Sequence","52.06","",""
"12/05/2021 05:00:00 - 12/05/2021 06:00:00","BZN|SE4","Without Sequence","74.65","",""
"12/05/2021 06:00:00 - 12/05/2021 07:00:00","BZN|SE4","Without Sequence","74.93","",""
"12/05/2021 07:00:00 - 12/05/2021 08:00:00","BZN|SE4","Without Sequence","69.57","",""
"12/05/2021 08:00:00 - 12/05/2021 09:00:00","BZN|SE4","Without Sequence","73.96","",""
"12/05/2021 09:00:00 - 12/05/2021 10:00:00","BZN|SE4","Without Sequence","72.07","",""
"12/05/2021 10:00:00 - 12/05/2021 11:00:00","BZN|SE4","Without Sequence","67.22","",""
"12/05/2021 11:00:00 - 12/05/2021 12:00:00","BZN|SE4","Without Sequence","56.10","",""
"12/05/2021 12:00:00 - 12/05/2021 13:00:00","BZN|SE4","Without Sequence","44.07","",""
"12/05/2021 13:00:00 - 12/05/2021 14:00:00","BZN|SE4","Without Sequence","39.20","",""
"12/05/2021 14:00:00 - 12/05/2021 15:00:00","BZN|SE4","Without Sequence","36.71","",""
"12/05/2021 15:00:00 - 12/05/2021 16:00:00","BZN|SE4","Without Sequence","68.32","",""
"12/05/2021 16:00:00 - 12/05/2021 17:00:00","BZN|SE4","Without Sequence","73.17","",""
"12/05/2021 17:00:00 - 12/05/2021 18:00:00","BZN|SE4","Without Sequence","63.71","",""
"12/05/2021 18:00:00 - 12/05/2021 19:00:00","BZN|SE4","Without Sequence","79.02","",""
"12/05/2021 19:00:00 - 12/05/2021 20:00:00","BZN|SE4","Without Sequence","35.10","",""
"12/05/2021 20:00:00 - 12/05/2021 21:00:00","BZN|SE4","Without Sequence","26.37","",""
"12/05/2021 21:00:00 - 12/05/2021 22:00:00","BZN|SE4","Without Sequence","22.95","",""
"12/05/2021 22:00:00 - 12/05/2021 23:00:00","BZN|SE4","Without Sequence","21.43","",""
"12/05/2021 23:00:00 - 13/05/2021 00:00:00","BZN|SE4","Without Sequence","20.42","",""
"13/05/2021 00:00:00 - 13/05/2021 01:00:00","BZN|SE4","Without Sequence","20.18","",""
"13/05/2021 01:00:00 - 13/05/2021 02:00:00","BZN|SE4","Without Sequence","20.50","",""
"13/05/2021 02:00:00 - 13/05/2021 03:00:00","BZN|SE4","Without Sequence","20.54","",""
"13/05/2021 03:00:00 - 13/05/2021 04:00:00","BZN|SE4","Without Sequence","21.76","",""
"13/05/2021 04:00:00 - 13/05/2021 05:00:00","BZN|SE4","Without Sequence","31.02","",""
"13/05/2021 05:00:00 - 13/05/2021 06:00:00","BZN|SE4","Without Sequence","55.00","",""
"13/05/2021 06:00:00 - 13/05/2021 07:00:00","BZN|SE4","Without Sequence","51.35","",""
"13/05/2021 07:00:00 - 13/05/2021 08:00:00","BZN|SE4","Without Sequence","57.91","",""
"13/05/2021 08:00:00 - 13/05/2021 09:00:00","BZN|SE4","Without Sequence","52.41","",""
"13/05/2021 09:00:00 - 13/05/2021 10:00:00","BZN|SE4","Without Sequence","56.57","",""
"13/05/2021 10:00:00 - 13/05/2021 11:00:00","BZN|SE4","Without Sequence","57.37","",""
"13/05/2021 11:00:00 - 13/05/2021 12:00:00","BZN|SE4","Without Sequence","50.39","",""
"13/05/2021 12:00:00 - 13/05/2021 13:00:00","BZN|SE4","Without Sequence","47.79","",""
"13/05/2021 13:00:00 - 13/05/2021 14:00:00","BZN|SE4","Without Sequence","45.00","",""
"13/05/2021 14:00:00 - 13/05/2021 15:00:00","BZN|SE4","Without Sequence","30.74","",""
"13/05/2021 15:00:00 - 13/05/2021 16:00:00","BZN|SE4","Without Sequence","35.04","",""
"13/05/2021 16:00:00 - 13/05/2021 17:00:00","BZN|SE4","Without Sequence","51.22","",""
"13/05/2021 17:00:00 - 13/05/2021 18:00:00","BZN|SE4","Without Sequence","69.98","",""
"13/05/2021 18:00:00 - 13/05/2021 19:00:00","BZN|SE4","Without Sequence","31.94","",""
"13/05/2021 19:00:00 - 13/05/2021 20:00:00","BZN|SE4","Without Sequence","30.85","",""
"13/05/2021 20:00:00 - 13/05/2021 21:00:00","BZN|SE4","Without Sequence","24.05","",""
"13/05/2021 21:00:00 - 13/05/2021 22:00:00","BZN|SE4","Without Sequence","21.37","",""
"13/05/2021 22:00:00 - 13/05/2021 23:00:00","BZN|SE4","Without Sequence","21.63","",""
"13/05/2021 23:00:00 - 14/05/2021 00:00:00","BZN|SE4","Without Sequence","21.96","",""
"14/05/2021 00:00:00 - 14/05/2021 01:00:00","BZN|SE4","Without Sequence","21.49","",""
"14/05/2021 01:00:00 - 14/05/2021 02:00:00","BZN|SE4","Without Sequence","21.33","",""
"14/05/2021 02:00:00 - 14/05/2021 03:00:00","BZN|SE4","Without Sequence","21.36","",""
"14/05/2021 03:00:00 - 14/05/2021 04:00:00","BZN|SE4","Without Sequence","23.44","",""
"14/05/2021 04:00:00 - 14/05/2021 05:00:00","BZN|SE4","Without Sequence","72.01","",""
"14/05/2021 05:00:00 - 14/05/2021 06:00:00","BZN|SE4","Without Sequence","78.08","",""
"14/05/2021 06:00:00 - 14/05/2021 07:00:00","BZN|SE4","Without Sequence","80.17","",""
"14/05/2021 07:00:00 - 14/05/2021 08:00:00","BZN|SE4","Without Sequence","78.96","",""
"14/05/2021 08:00:00 - 14/05/2021 09:00:00","BZN|SE4","Without Sequence","68.32","",""
"14/05/2021 09:00:00 - 14/05/2021 10:00:00","BZN|SE4","Without Sequence","65.60","",""
"14/05/2021 10:00:00 - 14/05/2021 11:00:00","BZN|SE4","Without Sequence","65.60","",""
"14/05/2021 11:00:00 - 14/05/2021 12:00:00","BZN|SE4","Without Sequence","63.00","",""
"14/05/2021 12:00:00 - 14/05/2021 13:00:00","BZN|SE4","Without Sequence","59.25","",""
"14/05/2021 13:00:00 - 14/05/2021 14:00:00","BZN|SE4","Without Sequence","58.56","",""
"14/05/2021 14:00:00 - 14/05/2021 15:00:00","BZN|SE4","Without Sequence","58.61","",""
"14/05/2021 15:00:00 - 14/05/2021 16:00:00","BZN|SE4","Without Sequence","63.44","",""
"14/05/2021 16:00:00 - 14/05/2021 17:00:00","BZN|SE4","Without Sequence","75.09","",""
"14/05/2021 17:00:00 - 14/05/2021 18:00:00","BZN|SE4","Without Sequence","78.28","",""
"14/05/2021 18:00:00 - 14/05/2021 19:00:00","BZN|SE4","Without Sequence","82.86","",""
"14/05/2021 19:00:00 - 14/05/2021 20:00:00","BZN|SE4","Without Sequence","73.24","",""
"14/05/2021 20:00:00 - 14/05/2021 21:00:00","BZN|SE4","Without Sequence","22.99","",""
"14/05/2021 21:00:00 - 14/05/2021 22:00:00","BZN|SE4","Without Sequence","21.06","",""
"14/05/2021 22:00:00 - 14/05/2021 23:00:00","BZN|SE4","Without Sequence","21.52","",""
"14/05/2021 23:00:00 - 15/05/2021 00:00:00","BZN|SE4","Without Sequence","20.09","",""
"15/05/2021 00:00:00 - 15/05/2021 01:00:00","BZN|SE4","Without Sequence","14.00","",""
"15/05/2021 01:00:00 - 15/05/2021 02:00:00","BZN|SE4","Without Sequence","11.98","",""
"15/05/2021 02:00:00 - 15/05/2021 03:00:00","BZN|SE4","Without Sequence","10.00","",""
"15/05/2021 03:00:00 - 15/05/2021 04:00:00","BZN|SE4","Without Sequence","10.05","",""
"15/05/2021 04:00:00 - 15/05/2021 05:00:00","BZN|SE4","Without Sequence","13.82","",""
"15/05/2021 05:00:00 - 15/05/2021 06:00:00","BZN|SE4","Without Sequence","20.69","",""
"15/05/2021 06:00:00 - 15/05/2021 07:00:00","BZN|SE4","Without Sequence","22.12","",""
"15/05/2021 07:00:00 - 15/05/2021 08:00:00","BZN|SE4","Without Sequence","45.01","",""
"15/05/2021 08:00:00 - 15/05/2021 09:00:00","BZN|SE4","Without Sequence","24.71","",""
"15/05/2021 09:00:00 - 15/05/2021 10:00:00","BZN|SE4","Without Sequence","24.60","",""
"15/05/2021 10:00:00 - 15/05/2021 11:00:00","BZN|SE4","Without Sequence","24.44","",""
"15/05/2021 11:00:00 - 15/05/2021 12:00:00","BZN|SE4","Without Sequence","24.04","",""
"15/05/2021 12:00:00 - 15/05/2021 13:00:00","BZN|SE4","Without Sequence","23.36","",""
"15/05/2021 13:00:00 - 15/05/2021 14:00:00","BZN|SE4","Without Sequence","23.43","",""
"15/05/2021 14:00:00 - 15/05/2021 15:00:00","BZN|SE4","Without Sequence","24.69","",""
"15/05/2021 15:00:00 - 15/05/2021 16:00:00","BZN|SE4","Without Sequence","27.49","",""
"15/05/2021 16:00:00 - 15/05/2021 17:00:00","BZN|SE4","Without Sequence","28.15","",""
"15/05/2021 17:00:00 - 15/05/2021 18:00:00","BZN|SE4","Without Sequence","27.51","",""
"15/05/2021 18:00:00 - 15/05/2021 19:00:00","BZN|SE4","Without Sequence","26.31","",""
"15/05/2021 19:00:00 - 15/05/2021 20:00:00","BZN|SE4","Without Sequence","26.15","",""
"15/05/2021 20:00:00 - 15/05/2021 21:00:00","BZN|SE4","Without Sequence","23.71","",""
"15/05/2021 21:00:00 - 15/05/2021 22:00:00","BZN|SE4","Without Sequence","21.77","",""
"15/05/2021 22:00:00 - 15/05/2021 23:00:00","BZN|SE4","Without Sequence","20.77","",""
"15/05/2021 23:00:00 - 16/05/2021 00:00:00","BZN|SE4","Without Sequence","20.61","",""
"16/05/2021 00:00:00 - 16/05/2021 01:00:00","BZN|SE4","Without Sequence","21.83","",""
"16/05/2021 01:00:00 - 16/05/2021 02:00:00","BZN|SE4","Without Sequence","21.96","",""
"16/05/2021 02:00:00 - 16/05/2021 03:00:00","BZN|SE4","Without Sequence","21.89","",""
"16/05/2021 03:00:00 - 16/05/2021 04:00:00","BZN|SE4","Without Sequence","22.01","",""
"16/05/2021 04:00:00 - 16/05/2021 05:00:00","BZN|SE4","Without Sequence","20.91","",""
"16/05/2021 05:00:00 - 16/05/2021 06:00:00","BZN|SE4","Without Sequence","21.98","",""
"16/05/2021 06:00:00 - 16/05/2021 07:00:00","BZN|SE4","Without Sequence","23.57","",""
"16/05/2021 07:00:00 - 16/05/2021 08:00:00","BZN|SE4","Without Sequence","27.00","",""
"16/05/2021 08:00:00 - 16/05/2021 09:00:00","BZN|SE4","Without Sequence","24.22","",""
"16/05/2021 09:00:00 - 16/05/2021 10:00:00","BZN|SE4","Without Sequence","28.50","",""
"16/05/2021 10:00:00 - 16/05/2021 11:00:00","BZN|SE4","Without Sequence","23.59","",""
"16/05/2021 11:00:00 - 16/05/2021 12:00:00","BZN|SE4","Without Sequence","15.34","",""
"16/05/2021 12:00:00 - 16/05/2021 13:00:00","BZN|SE4","Without Sequence","13.48","",""
"16/05/2021 13:00:00 - 16/05/2021 14:00:00","BZN|SE4","Without Sequence","20.42","",""
"16/05/2021 14:00:00 - 16/05/2021 15:00:00","BZN|SE4","Without Sequence","22.93","",""
"16/05/2021 15:00:00 - 16/05/2021 16:00:00","BZN|SE4","Without Sequence","45.43","",""
"16/05/2021 16:00:00 - 16/05/2021 17:00:00","BZN|SE4","Without Sequence","56.85","",""
"16/05/2021 17:00:00 - 16/05/2021 18:00:00","BZN|SE4","Without Sequence","52.43","",""
"16/05/2021 18:00:00 - 16/05/2021 19:00:00","BZN|SE4","Without Sequence","71.13","",""
"16/05/2021 19:00:00 - 16/05/2021 20:00:00","BZN|SE4","Without Sequence","53.29","",""
"16/05/2021 20:00:00 - 16/05/2021 21:00:00","BZN|SE4","Without Sequence","52.66","",""
"16/05/2021 21:00:00 - 16/05/2021 22:00:00","BZN|SE4","Without Sequence","33.01","",""
"16/05/2021 22:00:00 - 16/05/2021 23:00:00","BZN|SE4","Without Sequence","23.56","",""
"16/05/2021 23:00:00 - 17/05/2021 00:00:00","BZN|SE4","Without Sequence","23.45","",""
"17/05/2021 00:00:00 - 17/05/2021 01:00:00","BZN|SE4","Without Sequence","23.67","",""
"17/05/2021 01:00:00 - 17/05/2021 02:00:00","BZN|SE4","Without Sequence","24.27","",""
"17/05/2021 02:00:00 - 17/05/2021 03:00:00","BZN|SE4","Without Sequence","25.36","",""
"17/05/2021 03:00:00 - 17/05/2021 04:00:00","BZN|SE4","Without Sequence","35.55","",""
"17/05/2021 04:00:00 - 17/05/2021 05:00:00","BZN|SE4","Without Sequence","78.14","",""
"17/05/2021 05:00:00 - 17/05/2021 06:00:00","BZN|SE4","Without Sequence","92.19","",""
"17/05/2021 06:00:00 - 17/05/2021 07:00:00","BZN|SE4","Without Sequence","99.08","",""
"17/05/2021 07:00:00 - 17/05/2021 08:00:00","BZN|SE4","Without Sequence","86.66","",""
"17/05/2021 08:00:00 - 17/05/2021 09:00:00","BZN|SE4","Without Sequence","82.00","",""
"17/05/2021 09:00:00 - 17/05/2021 10:00:00","BZN|SE4","Without Sequence","81.86","",""
"17/05/2021 10:00:00 - 17/05/2021 11:00:00","BZN|SE4","Without Sequence","78.02","",""
"17/05/2021 11:00:00 - 17/05/2021 12:00:00","BZN|SE4","Without Sequence","72.00","",""
"17/05/2021 12:00:00 - 17/05/2021 13:00:00","BZN|SE4","Without Sequence","55.08","",""
"17/05/2021 13:00:00 - 17/05/2021 14:00:00","BZN|SE4","Without Sequence","54.17","",""
"17/05/2021 14:00:00 - 17/05/2021 15:00:00","BZN|SE4","Without Sequence","54.04","",""
"17/05/2021 15:00:00 - 17/05/2021 16:00:00","BZN|SE4","Without Sequence","54.20","",""
"17/05/2021 16:00:00 - 17/05/2021 17:00:00","BZN|SE4","Without Sequence","76.09","",""
"17/05/2021 17:00:00 - 17/05/2021 18:00:00","BZN|SE4","Without Sequence","83.71","",""
"17/05/2021 18:00:00 - 17/05/2021 19:00:00","BZN|SE4","Without Sequence","51.97","",""
"17/05/2021 19:00:00 - 17/05/2021 20:00:00","BZN|SE4","Without Sequence","84.78","",""
"17/05/2021 20:00:00 - 17/05/2021 21:00:00","BZN|SE4","Without Sequence","51.29","",""
"17/05/2021 21:00:00 - 17/05/2021 22:00:00","BZN|SE4","Without Sequence","26.81","",""
"17/05/2021 22:00:00 - 17/05/2021 23:00:00","BZN|SE4","Without Sequence","23.09","",""
"17/05/2021 23:00:00 - 18/05/2021 00:00:00","BZN|SE4","Without Sequence","22.45","",""
"18/05/2021 00:00:00 - 18/05/2021 01:00:00","BZN|SE4","Without Sequence","22.31","",""
"18/05/2021 01:00:00 - 18/05/2021 02:00:00","BZN|SE4","Without Sequence","22.62","",""
"18/05/2021 02:00:00 - 18/05/2021 03:00:00","BZN|SE4","Without Sequence","22.93","",""
"18/05/2021 03:00:00 - 18/05/2021 04:00:00","BZN|SE4","Without Sequence","43.14","",""
"18/05/2021 04:00:00 - 18/05/2021 05:00:00","BZN|SE4","Without Sequence","79.04","",""
"18/05/2021 05:00:00 - 18/05/2021 06:00:00","BZN|SE4","Without Sequence","87.98","",""
"18/05/2021 06:00:00 - 18/05/2021 07:00:00","BZN|SE4","Without Sequence","90.07","",""
"18/05/2021 07:00:00 - 18/05/2021 08:00:00","BZN|SE4","Without Sequence","87.25","",""
"18/05/2021 08:00:00 - 18/05/2021 09:00:00","BZN|SE4","Without Sequence","82.42","",""
"18/05/2021 09:00:00 - 18/05/2021 10:00:00","BZN|SE4","Without Sequence","80.00","",""
"18/05/2021 10:00:00 - 18/05/2021 11:00:00","BZN|SE4","Without Sequence","73.08","",""
"18/05/2021 11:00:00 - 18/05/2021 12:00:00","BZN|SE4","Without Sequence","67.46","",""
"18/05/2021 12:00:00 - 18/05/2021 13:00:00","BZN|SE4","Without Sequence","62.55","",""
"18/05/2021 13:00:00 - 18/05/2021 14:00:00","BZN|SE4","Without Sequence","61.92","",""
"18/05/2021 14:00:00 - 18/05/2021 15:00:00","BZN|SE4","Without Sequence","60.16","",""
"18/05/2021 15:00:00 - 18/05/2021 16:00:00","BZN|SE4","Without Sequence","62.70","",""
"18/05/2021 16:00:00 - 18/05/2021 17:00:00","BZN|SE4","Without Sequence","77.98","",""
"18/05/2021 17:00:00 - 18/05/2021 18:00:00","BZN|SE4","Without Sequence","81.91","",""
"18/05/2021 18:00:00 - 18/05/2021 19:00:00","BZN|SE4","Without Sequence","84.67","",""
"18/05/2021 19:00:00 - 18/05/2021 20:00:00","BZN|SE4","Without Sequence","56.16","",""
"18/05/2021 20:00:00 - 18/05/2021 21:00:00","BZN|SE4","Without Sequence","55.11","",""
"18/05/2021 21:00:00 - 18/05/2021 22:00:00","BZN|SE4","Without Sequence","33.31","",""
"18/05/2021 22:00:00 - 18/05/2021 23:00:00","BZN|SE4","Without Sequence","44.49","",""
"18/05/2021 23:00:00 - 19/05/2021 00:00:00","BZN|SE4","Without Sequence","42.96","",""
"19/05/2021 00:00:00 - 19/05/2021 01:00:00","BZN|SE4","Without Sequence","40.49","",""
"19/05/2021 01:00:00 - 19/05/2021 02:00:00","BZN|SE4","Without Sequence","31.43","",""
"19/05/2021 02:00:00 - 19/05/2021 03:00:00","BZN|SE4","Without Sequence","31.96","",""
"19/05/2021 03:00:00 - 19/05/2021 04:00:00","BZN|SE4","Without Sequence","51.64","",""
"19/05/2021 04:00:00 - 19/05/2021 05:00:00","BZN|SE4","Without Sequence","80.49","",""
"19/05/2021 05:00:00 - 19/05/2021 06:00:00","BZN|SE4","Without Sequence","84.82","",""
"19/05/2021 06:00:00 - 19/05/2021 07:00:00","BZN|SE4","Without Sequence","88.18","",""
"19/05/2021 07:00:00 - 19/05/2021 08:00:00","BZN|SE4","Without Sequence","87.18","",""
"19/05/2021 08:00:00 - 19/05/2021 09:00:00","BZN|SE4","Without Sequence","82.62","",""
"19/05/2021 09:00:00 - 19/05/2021 10:00:00","BZN|SE4","Without Sequence","81.96","",""
"19/05/2021 10:00:00 - 19/05/2021 11:00:00","BZN|SE4","Without Sequence","75.90","",""
"19/05/2021 11:00:00 - 19/05/2021 12:00:00","BZN|SE4","Without Sequence","70.08","",""
"19/05/2021 12:00:00 - 19/05/2021 13:00:00","BZN|SE4","Without Sequence","55.80","",""
"19/05/2021 13:00:00 - 19/05/2021 14:00:00","BZN|SE4","Without Sequence","54.62","",""
"19/05/2021 14:00:00 - 19/05/2021 15:00:00","BZN|SE4","Without Sequence","54.41","",""
"19/05/2021 15:00:00 - 19/05/2021 16:00:00","BZN|SE4","Without Sequence","53.85","",""
"19/05/2021 16:00:00 - 19/05/2021 17:00:00","BZN|SE4","Without Sequence","76.82","",""
"19/05/2021 17:00:00 - 19/05/2021 18:00:00","BZN|SE4","Without Sequence","84.43","",""
"19/05/2021 18:00:00 - 19/05/2021 19:00:00","BZN|SE4","Without Sequence","88.07","",""
"19/05/2021 19:00:00 - 19/05/2021 20:00:00","BZN|SE4","Without Sequence","86.05","",""
"19/05/2021 20:00:00 - 19/05/2021 21:00:00","BZN|SE4","Without Sequence","49.72","",""
"19/05/2021 21:00:00 - 19/05/2021 22:00:00","BZN|SE4","Without Sequence","24.30","",""
"19/05/2021 22:00:00 - 19/05/2021 23:00:00","BZN|SE4","Without Sequence","19.06","",""
"19/05/2021 23:00:00 - 20/05/2021 00:00:00","BZN|SE4","Without Sequence","13.15","",""
"20/05/2021 00:00:00 - 20/05/2021 01:00:00","BZN|SE4","Without Sequence","10.72","",""
"20/05/2021 01:00:00 - 20/05/2021 02:00:00","BZN|SE4","Without Sequence","11.29","",""
"20/05/2021 02:00:00 - 20/05/2021 03:00:00","BZN|SE4","Without Sequence","13.94","",""
"20/05/2021 03:00:00 - 20/05/2021 04:00:00","BZN|SE4","Without Sequence","21.66","",""
"20/05/2021 04:00:00 - 20/05/2021 05:00:00","BZN|SE4","Without Sequence","52.95","",""
"20/05/2021 05:00:00 - 20/05/2021 06:00:00","BZN|SE4","Without Sequence","75.41","",""
"20/05/2021 06:00:00 - 20/05/2021 07:00:00","BZN|SE4","Without Sequence","57.42","",""
"20/05/2021 07:00:00 - 20/05/2021 08:00:00","BZN|SE4","Without Sequence","55.31","",""
"20/05/2021 08:00:00 - 20/05/2021 09:00:00","BZN|SE4","Without Sequence","58.33","",""
"20/05/2021 09:00:00 - 20/05/2021 10:00:00","BZN|SE4","Without Sequence","54.86","",""
"20/05/2021 10:00:00 - 20/05/2021 11:00:00","BZN|SE4","Without Sequence","54.84","",""
"20/05/2021 11:00:00 - 20/05/2021 12:00:00","BZN|SE4","Without Sequence","54.56","",""
"20/05/2021 12:00:00 - 20/05/2021 13:00:00","BZN|SE4","Without Sequence","51.84","",""
"20/05/2021 13:00:00 - 20/05/2021 14:00:00","BZN|SE4","Without Sequence","51.18","",""
"20/05/2021 14:00:00 - 20/05/2021 15:00:00","BZN|SE4","Without Sequence","51.78","",""
"20/05/2021 15:00:00 - 20/05/2021 16:00:00","BZN|SE4","Without Sequence","53.01","",""
"20/05/2021 16:00:00 - 20/05/2021 17:00:00","BZN|SE4","Without Sequence","59.38","",""
"20/05/2021 17:00:00 - 20/05/2021 18:00:00","BZN|SE4","Without Sequence","68.11","",""
"20/05/2021 18:00:00 - 20/05/2021 19:00:00","BZN|SE4","Without Sequence","53.48","",""
"20/05/2021 19:00:00 - 20/05/2021 20:00:00","BZN|SE4","Without Sequence","52.98","",""
"20/05/2021 20:00:00 - 20/05/2021 21:00:00","BZN|SE4","Without Sequence","48.13","",""
"20/05/2021 21:00:00 - 20/05/2021 22:00:00","BZN|SE4","Without Sequence","24.71","",""
"20/05/2021 22:00:00 - 20/05/2021 23:00:00","BZN|SE4","Without Sequence","20.51","",""
"20/05/2021 23:00:00 - 21/05/2021 00:00:00","BZN|SE4","Without Sequence","20.15","",""
"21/05/2021 00:00:00 - 21/05/2021 01:00:00","BZN|SE4","Without Sequence","13.95","",""
"21/05/2021 01:00:00 - 21/05/2021 02:00:00","BZN|SE4","Without Sequence","7.83","",""
"21/05/2021 02:00:00 - 21/05/2021 03:00:00","BZN|SE4","Without Sequence","7.06","",""
"21/05/2021 03:00:00 - 21/05/2021 04:00:00","BZN|SE4","Without Sequence","20.49","",""
"21/05/2021 04:00:00 - 21/05/2021 05:00:00","BZN|SE4","Without Sequence","49.92","",""
"21/05/2021 05:00:00 - 21/05/2021 06:00:00","BZN|SE4","Without Sequence","62.32","",""
"21/05/2021 06:00:00 - 21/05/2021 07:00:00","BZN|SE4","Without Sequence","64.63","",""
"21/05/2021 07:00:00 - 21/05/2021 08:00:00","BZN|SE4","Without Sequence","51.73","",""
"21/05/2021 08:00:00 - 21/05/2021 09:00:00","BZN|SE4","Without Sequence","39.78","",""
"21/05/2021 09:00:00 - 21/05/2021 10:00:00","BZN|SE4","Without Sequence","25.34","",""
"21/05/2021 10:00:00 - 21/05/2021 11:00:00","BZN|SE4","Without Sequence","22.10","",""
"21/05/2021 11:00:00 - 21/05/2021 12:00:00","BZN|SE4","Without Sequence","20.31","",""
"21/05/2021 12:00:00 - 21/05/2021 13:00:00","BZN|SE4","Without Sequence","17.42","",""
"21/05/2021 13:00:00 - 21/05/2021 14:00:00","BZN|SE4","Without Sequence","6.83","",""
"21/05/2021 14:00:00 - 21/05/2021 15:00:00","BZN|SE4","Without Sequence","12.51","",""
"21/05/2021 15:00:00 - 21/05/2021 16:00:00","BZN|SE4","Without Sequence","21.12","",""
"21/05/2021 16:00:00 - 21/05/2021 17:00:00","BZN|SE4","Without Sequence","45.53","",""
"21/05/2021 17:00:00 - 21/05/2021 18:00:00","BZN|SE4","Without Sequence","57.16","",""
"21/05/2021 18:00:00 - 21/05/2021 19:00:00","BZN|SE4","Without Sequence","49.95","",""
"21/05/2021 19:00:00 - 21/05/2021 20:00:00","BZN|SE4","Without Sequence","42.97","",""
"21/05/2021 20:00:00 - 21/05/2021 21:00:00","BZN|SE4","Without Sequence","23.32","",""
"21/05/2021 21:00:00 - 21/05/2021 22:00:00","BZN|SE4","Without Sequence","20.70","",""
"21/05/2021 22:00:00 - 21/05/2021 23:00:00","BZN|SE4","Without Sequence","20.04","",""
"21/05/2021 23:00:00 - 22/05/2021 00:00:00","BZN|SE4","Without Sequence","4.05","",""
"22/05/2021 00:00:00 - 22/05/2021 01:00:00","BZN|SE4","Without Sequence","0.90","",""
"22/05/2021 01:00:00 - 22/05/2021 02:00:00","BZN|SE4","Without Sequence","0.23","",""
"22/05/2021 02:00:00 - 22/05/2021 03:00:00","BZN|SE4","Without Sequence","0.04","",""
"22/05/2021 03:00:00 - 22/05/2021 04:00:00","BZN|SE4","Without Sequence","0.03","",""
"22/05/2021 04:00:00 - 22/05/2021 05:00:00","BZN|SE4","Without Sequence","0.18","",""
"22/05/2021 05:00:00 - 22/05/2021 06:00:00","BZN|SE4","Without Sequence","0.58","",""
"22/05/2021 06:00:00 - 22/05/2021 07:00:00","BZN|SE4","Without Sequence","1.00","",""
"22/05/2021 07:00:00 - 22/05/2021 08:00:00","BZN|SE4","Without Sequence","3.98","",""
"22/05/2021 08:00:00 - 22/05/2021 09:00:00","BZN|SE4","Without Sequence","12.92","",""
"22/05/2021 09:00:00 - 22/05/2021 10:00:00","BZN|SE4","Without Sequence","21.08","",""
"22/05/2021 10:00:00 - 22/05/2021 11:00:00","BZN|SE4","Without Sequence","19.72","",""
"22/05/2021 11:00:00 - 22/05/2021 12:00:00","BZN|SE4","Without Sequence","17.83","",""
"22/05/2021 12:00:00 - 22/05/2021 13:00:00","BZN|SE4","Without Sequence","10.65","",""
"22/05/2021 13:00:00 - 22/05/2021 14:00:00","BZN|SE4","Without Sequence","9.90","",""
"22/05/2021 14:00:00 - 22/05/2021 15:00:00","BZN|SE4","Without Sequence","17.19","",""
"22/05/2021 15:00:00 - 22/05/2021 16:00:00","BZN|SE4","Without Sequence","22.36","",""
"22/05/2021 16:00:00 - 22/05/2021 17:00:00","BZN|SE4","Without Sequence","19.09","",""
"22/05/2021 17:00:00 - 22/05/2021 18:00:00","BZN|SE4","Without Sequence","39.97","",""
"22/05/2021 18:00:00 - 22/05/2021 19:00:00","BZN|SE4","Without Sequence","45.72","",""
"22/05/2021 19:00:00 - 22/05/2021 20:00:00","BZN|SE4","Without Sequence","48.80","",""
"22/05/2021 20:00:00 - 22/05/2021 21:00:00","BZN|SE4","Without Sequence","47.44","",""
"22/05/2021 21:00:00 - 22/05/2021 22:00:00","BZN|SE4","Without Sequence","26.61","",""
"22/05/2021 22:00:00 - 22/05/2021 23:00:00","BZN|SE4","Without Sequence","23.24","",""
"22/05/2021 23:00:00 - 23/05/2021 00:00:00","BZN|SE4","Without Sequence","15.47","",""
"23/05/2021 00:00:00 - 23/05/2021 01:00:00","BZN|SE4","Without Sequence","16.82","",""
"23/05/2021 01:00:00 - 23/05/2021 02:00:00","BZN|SE4","Without Sequence","7.35","",""
"23/05/2021 02:00:00 - 23/05/2021 03:00:00","BZN|SE4","Without Sequence","10.31","",""
"23/05/2021 03:00:00 - 23/05/2021 04:00:00","BZN|SE4","Without Sequence","5.08","",""
"23/05/2021 04:00:00 - 23/05/2021 05:00:00","BZN|SE4","Without Sequence","5.03","",""
"23/05/2021 05:00:00 - 23/05/2021 06:00:00","BZN|SE4","Without Sequence","14.96","",""
"23/05/2021 06:00:00 - 23/05/2021 07:00:00","BZN|SE4","Without Sequence","13.16","",""
"23/05/2021 07:00:00 - 23/05/2021 08:00:00","BZN|SE4","Without Sequence","13.74","",""
"23/05/2021 08:00:00 - 23/05/2021 09:00:00","BZN|SE4","Without Sequence","6.58","",""
"23/05/2021 09:00:00 - 23/05/2021 10:00:00","BZN|SE4","Without Sequence","4.99","",""
"23/05/2021 10:00:00 - 23/05/2021 11:00:00","BZN|SE4","Without Sequence","4.99","",""
"23/05/2021 11:00:00 - 23/05/2021 12:00:00","BZN|SE4","Without Sequence","4.09","",""
"23/05/2021 12:00:00 - 23/05/2021 13:00:00","BZN|SE4","Without Sequence","3.46","",""
"23/05/2021 13:00:00 - 23/05/2021 14:00:00","BZN|SE4","Without Sequence","4.17","",""
"23/05/2021 14:00:00 - 23/05/2021 15:00:00","BZN|SE4","Without Sequence","15.12","",""
"23/05/2021 15:00:00 - 23/05/2021 16:00:00","BZN|SE4","Without Sequence","26.13","",""
"23/05/2021 16:00:00 - 23/05/2021 17:00:00","BZN|SE4","Without Sequence","41.17","",""
"23/05/2021 17:00:00 - 23/05/2021 18:00:00","BZN|SE4","Without Sequence","60.27","",""
"23/05/2021 18:00:00 - 23/05/2021 19:00:00","BZN|SE4","Without Sequence","66.81","",""
"23/05/2021 19:00:00 - 23/05/2021 20:00:00","BZN|SE4","Without Sequence","66.75","",""
"23/05/2021 20:00:00 - 23/05/2021 21:00:00","BZN|SE4","Without Sequence","61.18","",""
"23/05/2021 21:00:00 - 23/05/2021 22:00:00","BZN|SE4","Without Sequence","43.92","",""
"23/05/2021 22:00:00 - 23/05/2021 23:00:00","BZN|SE4","Without Sequence","30.45","",""
"23/05/2021 23:00:00 - 24/05/2021 00:00:00","BZN|SE4","Without Sequence","25.02","",""
"24/05/2021 00:00:00 - 24/05/2021 01:00:00","BZN|SE4","Without Sequence","20.22","",""
"24/05/2021 01:00:00 - 24/05/2021 02:00:00","BZN|SE4","Without Sequence","15.65","",""
"24/05/2021 02:00:00 - 24/05/2021 03:00:00","BZN|SE4","Without Sequence","11.97","",""
"24/05/2021 03:00:00 - 24/05/2021 04:00:00","BZN|SE4","Without Sequence","17.03","",""
"24/05/2021 04:00:00 - 24/05/2021 05:00:00","BZN|SE4","Without Sequence","24.34","",""
"24/05/2021 05:00:00 - 24/05/2021 06:00:00","BZN|SE4","Without Sequence","42.87","",""
"24/05/2021 06:00:00 - 24/05/2021 07:00:00","BZN|SE4","Without Sequence","49.38","",""
"24/05/2021 07:00:00 - 24/05/2021 08:00:00","BZN|SE4","Without Sequence","48.97","",""
"24/05/2021 08:00:00 - 24/05/2021 09:00:00","BZN|SE4","Without Sequence","52.81","",""
"24/05/2021 09:00:00 - 24/05/2021 10:00:00","BZN|SE4","Without Sequence","47.82","",""
"24/05/2021 10:00:00 - 24/05/2021 11:00:00","BZN|SE4","Without Sequence","47.46","",""
"24/05/2021 11:00:00 - 24/05/2021 12:00:00","BZN|SE4","Without Sequence","44.50","",""
"24/05/2021 12:00:00 - 24/05/2021 13:00:00","BZN|SE4","Without Sequence","35.76","",""
"24/05/2021 13:00:00 - 24/05/2021 14:00:00","BZN|SE4","Without Sequence","38.58","",""
"24/05/2021 14:00:00 - 24/05/2021 15:00:00","BZN|SE4","Without Sequence","43.00","",""
"24/05/2021 15:00:00 - 24/05/2021 16:00:00","BZN|SE4","Without Sequence","51.44","",""
"24/05/2021 16:00:00 - 24/05/2021 17:00:00","BZN|SE4","Without Sequence","72.11","",""
"24/05/2021 17:00:00 - 24/05/2021 18:00:00","BZN|SE4","Without Sequence","76.23","",""
"24/05/2021 18:00:00 - 24/05/2021 19:00:00","BZN|SE4","Without Sequence","70.71","",""
"24/05/2021 19:00:00 - 24/05/2021 20:00:00","BZN|SE4","Without Sequence","62.92","",""
"24/05/2021 20:00:00 - 24/05/2021 21:00:00","BZN|SE4","Without Sequence","60.54","",""
"24/05/2021 21:00:00 - 24/05/2021 22:00:00","BZN|SE4","Without Sequence","52.27","",""
"24/05/2021 22:00:00 - 24/05/2021 23:00:00","BZN|SE4","Without Sequence","50.95","",""
"24/05/2021 23:00:00 - 25/05/2021 00:00:00","BZN|SE4","Without Sequence","47.32","",""
"25/05/2021 00:00:00 - 25/05/2021 01:00:00","BZN|SE4","Without Sequence","44.72","",""
"25/05/2021 01:00:00 - 25/05/2021 02:00:00","BZN|SE4","Without Sequence","40.93","",""
"25/05/2021 02:00:00 - 25/05/2021 03:00:00","BZN|SE4","Without Sequence","40.03","",""
"25/05/2021 03:00:00 - 25/05/2021 04:00:00","BZN|SE4","Without Sequence","47.37","",""
"25/05/2021 04:00:00 - 25/05/2021 05:00:00","BZN|SE4","Without Sequence","66.40","",""
"25/05/2021 05:00:00 - 25/05/2021 06:00:00","BZN|SE4","Without Sequence","81.98","",""
"25/05/2021 06:00:00 - 25/05/2021 07:00:00","BZN|SE4","Without Sequence","84.65","",""
"25/05/2021 07:00:00 - 25/05/2021 08:00:00","BZN|SE4","Without Sequence","76.79","",""
"25/05/2021 08:00:00 - 25/05/2021 09:00:00","BZN|SE4","Without Sequence","66.00","",""
"25/05/2021 09:00:00 - 25/05/2021 10:00:00","BZN|SE4","Without Sequence","62.03","",""
"25/05/2021 10:00:00 - 25/05/2021 11:00:00","BZN|SE4","Without Sequence","55.51","",""
"25/05/2021 11:00:00 - 25/05/2021 12:00:00","BZN|SE4","Without Sequence","48.24","",""
"25/05/2021 12:00:00 - 25/05/2021 13:00:00","BZN|SE4","Without Sequence","43.08","",""
"25/05/2021 13:00:00 - 25/05/2021 14:00:00","BZN|SE4","Without Sequence","41.29","",""
"25/05/2021 14:00:00 - 25/05/2021 15:00:00","BZN|SE4","Without Sequence","43.29","",""
"25/05/2021 15:00:00 - 25/05/2021 16:00:00","BZN|SE4","Without Sequence","50.09","",""
"25/05/2021 16:00:00 - 25/05/2021 17:00:00","BZN|SE4","Without Sequence","65.48","",""
"25/05/2021 17:00:00 - 25/05/2021 18:00:00","BZN|SE4","Without Sequence","76.31","",""
"25/05/2021 18:00:00 - 25/05/2021 19:00:00","BZN|SE4","Without Sequence","77.98","",""
"25/05/2021 19:00:00 - 25/05/2021 20:00:00","BZN|SE4","Without Sequence","77.19","",""
"25/05/2021 20:00:00 - 25/05/2021 21:00:00","BZN|SE4","Without Sequence","77.09","",""
"25/05/2021 21:00:00 - 25/05/2021 22:00:00","BZN|SE4","Without Sequence","62.04","",""
"25/05/2021 22:00:00 - 25/05/2021 23:00:00","BZN|SE4","Without Sequence","59.78","",""
"25/05/2021 23:00:00 - 26/05/2021 00:00:00","BZN|SE4","Without Sequence","53.45","",""
"26/05/2021 00:00:00 - 26/05/2021 01:00:00","BZN|SE4","Without Sequence","50.78","",""
"26/05/2021 01:00:00 - 26/05/2021 02:00:00","BZN|SE4","Without Sequence","49.93","",""
"26/05/2021 02:00:00 - 26/05/2021 03:00:00","BZN|SE4","Without Sequence","41.77","",""
"26/05/2021 03:00:00 - 26/05/2021 04:00:00","BZN|SE4","Without Sequence","32.77","",""
"26/05/2021 04:00:00 - 26/05/2021 05:00:00","BZN|SE4","Without Sequence","75.00","",""
"26/05/2021 05:00:00 - 26/05/2021 06:00:00","BZN|SE4","Without Sequence","84.59","",""
"26/05/2021 06:00:00 - 26/05/2021 07:00:00","BZN|SE4","Without Sequence","83.56","",""
"26/05/2021 07:00:00 - 26/05/2021 08:00:00","BZN|SE4","Without Sequence","73.57","",""
"26/05/2021 08:00:00 - 26/05/2021 09:00:00","BZN|SE4","Without Sequence","68.87","",""
"26/05/2021 09:00:00 - 26/05/2021 10:00:00","BZN|SE4","Without Sequence","70.78","",""
"26/05/2021 10:00:00 - 26/05/2021 11:00:00","BZN|SE4","Without Sequence","64.87","",""
"26/05/2021 11:00:00 - 26/05/2021 12:00:00","BZN|SE4","Without Sequence","60.03","",""
"26/05/2021 12:00:00 - 26/05/2021 13:00:00","BZN|SE4","Without Sequence","53.86","",""
"26/05/2021 13:00:00 - 26/05/2021 14:00:00","BZN|SE4","Without Sequence","53.56","",""
"26/05/2021 14:00:00 - 26/05/2021 15:00:00","BZN|SE4","Without Sequence","54.17","",""
"26/05/2021 15:00:00 - 26/05/2021 16:00:00","BZN|SE4","Without Sequence","60.65","",""
"26/05/2021 16:00:00 - 26/05/2021 17:00:00","BZN|SE4","Without Sequence","73.93","",""
"26/05/2021 17:00:00 - 26/05/2021 18:00:00","BZN|SE4","Without Sequence","80.00","",""
"26/05/2021 18:00:00 - 26/05/2021 19:00:00","BZN|SE4","Without Sequence","80.00","",""
"26/05/2021 19:00:00 - 26/05/2021 20:00:00","BZN|SE4","Without Sequence","75.40","",""
"26/05/2021 20:00:00 - 26/05/2021 21:00:00","BZN|SE4","Without Sequence","75.28","",""
"26/05/2021 21:00:00 - 26/05/2021 22:00:00","BZN|SE4","Without Sequence","49.86","",""
"26/05/2021 22:00:00 - 26/05/2021 23:00:00","BZN|SE4","Without Sequence","58.68","",""
"26/05/2021 23:00:00 - 27/05/2021 00:00:00","BZN|SE4","Without Sequence","56.76","",""
"27/05/2021 00:00:00 - 27/05/2021 01:00:00","BZN|SE4","Without Sequence","55.02","",""
"27/05/2021 01:00:00 - 27/05/2021 02:00:00","BZN|SE4","Without Sequence","51.44","",""
"27/05/2021 02:00:00 - 27/05/2021 03:00:00","BZN|SE4","Without Sequence","39.09","",""
"27/05/2021 03:00:00 - 27/05/2021 04:00:00","BZN|SE4","Without Sequence","58.44","",""
"27/05/2021 04:00:00 - 27/05/2021 05:00:00","BZN|SE4","Without Sequence","77.00","",""
"27/05/2021 05:00:00 - 27/05/2021 06:00:00","BZN|SE4","Without Sequence","84.47","",""
"27/05/2021 06:00:00 - 27/05/2021 07:00:00","BZN|SE4","Without Sequence","86.45","",""
"27/05/2021 07:00:00 - 27/05/2021 08:00:00","BZN|SE4","Without Sequence","79.79","",""
"27/05/2021 08:00:00 - 27/05/2021 09:00:00","BZN|SE4","Without Sequence","79.13","",""
"27/05/2021 09:00:00 - 27/05/2021 10:00:00","BZN|SE4","Without Sequence","78.07","",""
"27/05/2021 10:00:00 - 27/05/2021 11:00:00","BZN|SE4","Without Sequence","75.09","",""
"27/05/2021 11:00:00 - 27/05/2021 12:00:00","BZN|SE4","Without Sequence","66.92","",""
"27/05/2021 12:00:00 - 27/05/2021 13:00:00","BZN|SE4","Without Sequence","60.77","",""
"27/05/2021 13:00:00 - 27/05/2021 14:00:00","BZN|SE4","Without Sequence","60.45","",""
"27/05/2021 14:00:00 - 27/05/2021 15:00:00","BZN|SE4","Without Sequence","60.91","",""
"27/05/2021 15:00:00 - 27/05/2021 16:00:00","BZN|SE4","Without Sequence","69.62","",""
"27/05/2021 16:00:00 - 27/05/2021 17:00:00","BZN|SE4","Without Sequence","79.96","",""
"27/05/2021 17:00:00 - 27/05/2021 18:00:00","BZN|SE4","Without Sequence","85.99","",""
"27/05/2021 18:00:00 - 27/05/2021 19:00:00","BZN|SE4","Without Sequence","88.87","",""
"27/05/2021 19:00:00 - 27/05/2021 20:00:00","BZN|SE4","Without Sequence","85.91","",""
"27/05/2021 20:00:00 - 27/05/2021 21:00:00","BZN|SE4","Without Sequence","84.04","",""
"27/05/2021 21:00:00 - 27/05/2021 22:00:00","BZN|SE4","Without Sequence","77.80","",""
"27/05/2021 22:00:00 - 27/05/2021 23:00:00","BZN|SE4","Without Sequence","69.63","",""
"27/05/2021 23:00:00 - 28/05/2021 00:00:00","BZN|SE4","Without Sequence","61.49","",""
"28/05/2021 00:00:00 - 28/05/2021 01:00:00","BZN|SE4","Without Sequence","55.05","",""
"28/05/2021 01:00:00 - 28/05/2021 02:00:00","BZN|SE4","Without Sequence","52.01","",""
"28/05/2021 02:00:00 - 28/05/2021 03:00:00","BZN|SE4","Without Sequence","53.07","",""
"28/05/2021 03:00:00 - 28/05/2021 04:00:00","BZN|SE4","Without Sequence","65.20","",""
"28/05/2021 04:00:00 - 28/05/2021 05:00:00","BZN|SE4","Without Sequence","80.51","",""
"28/05/2021 05:00:00 - 28/05/2021 06:00:00","BZN|SE4","Without Sequence","93.01","",""
"28/05/2021 06:00:00 - 28/05/2021 07:00:00","BZN|SE4","Without Sequence","92.42","",""
"28/05/2021 07:00:00 - 28/05/2021 08:00:00","BZN|SE4","Without Sequence","84.38","",""
"28/05/2021 08:00:00 - 28/05/2021 09:00:00","BZN|SE4","Without Sequence","80.09","",""
"28/05/2021 09:00:00 - 28/05/2021 10:00:00","BZN|SE4","Without Sequence","79.03","",""
"28/05/2021 10:00:00 - 28/05/2021 11:00:00","BZN|SE4","Without Sequence","73.29","",""
"28/05/2021 11:00:00 - 28/05/2021 12:00:00","BZN|SE4","Without Sequence","60.61","",""
"28/05/2021 12:00:00 - 28/05/2021 13:00:00","BZN|SE4","Without Sequence","58.34","",""
"28/05/2021 13:00:00 - 28/05/2021 14:00:00","BZN|SE4","Without Sequence","60.00","",""
"28/05/2021 14:00:00 - 28/05/2021 15:00:00","BZN|SE4","Without Sequence","61.02","",""
"28/05/2021 15:00:00 - 28/05/2021 16:00:00","BZN|SE4","Without Sequence","72.09","",""
"28/05/2021 16:00:00 - 28/05/2021 17:00:00","BZN|SE4","Without Sequence","77.99","",""
"28/05/2021 17:00:00 - 28/05/2021 18:00:00","BZN|SE4","Without Sequence","83.28","",""
"28/05/2021 18:00:00 - 28/05/2021 19:00:00","BZN|SE4","Without Sequence","82.90","",""
"28/05/2021 19:00:00 - 28/05/2021 20:00:00","BZN|SE4","Without Sequence","80.10","",""
"28/05/2021 20:00:00 - 28/05/2021 21:00:00","BZN|SE4","Without Sequence","78.11","",""
"28/05/2021 21:00:00 - 28/05/2021 22:00:00","BZN|SE4","Without Sequence","73.77","",""
"28/05/2021 22:00:00 - 28/05/2021 23:00:00","BZN|SE4","Without Sequence","69.19","",""
"28/05/2021 23:00:00 - 29/05/2021 00:00:00","BZN|SE4","Without Sequence","62.41","",""
"29/05/2021 00:00:00 - 29/05/2021 01:00:00","BZN|SE4","Without Sequence","61.11","",""
"29/05/2021 01:00:00 - 29/05/2021 02:00:00","BZN|SE4","Without Sequence","50.08","",""
"29/05/2021 02:00:00 - 29/05/2021 03:00:00","BZN|SE4","Without Sequence","50.03","",""
"29/05/2021 03:00:00 - 29/05/2021 04:00:00","BZN|SE4","Without Sequence","33.36","",""
"29/05/2021 04:00:00 - 29/05/2021 05:00:00","BZN|SE4","Without Sequence","60.43","",""
"29/05/2021 05:00:00 - 29/05/2021 06:00:00","BZN|SE4","Without Sequence","63.35","",""
"29/05/2021 06:00:00 - 29/05/2021 07:00:00","BZN|SE4","Without Sequence","63.44","",""
"29/05/2021 07:00:00 - 29/05/2021 08:00:00","BZN|SE4","Without Sequence","63.94","",""
"29/05/2021 08:00:00 - 29/05/2021 09:00:00","BZN|SE4","Without Sequence","58.47","",""
"29/05/2021 09:00:00 - 29/05/2021 10:00:00","BZN|SE4","Without Sequence","52.20","",""
"29/05/2021 10:00:00 - 29/05/2021 11:00:00","BZN|SE4","Without Sequence","47.19","",""
"29/05/2021 11:00:00 - 29/05/2021 12:00:00","BZN|SE4","Without Sequence","31.79","",""
"29/05/2021 12:00:00 - 29/05/2021 13:00:00","BZN|SE4","Without Sequence","22.47","",""
"29/05/2021 13:00:00 - 29/05/2021 14:00:00","BZN|SE4","Without Sequence","27.87","",""
"29/05/2021 14:00:00 - 29/05/2021 15:00:00","BZN|SE4","Without Sequence","30.10","",""
"29/05/2021 15:00:00 - 29/05/2021 16:00:00","BZN|SE4","Without Sequence","45.95","",""
"29/05/2021 16:00:00 - 29/05/2021 17:00:00","BZN|SE4","Without Sequence","56.66","",""
"29/05/2021 17:00:00 - 29/05/2021 18:00:00","BZN|SE4","Without Sequence","66.28","",""
"29/05/2021 18:00:00 - 29/05/2021 19:00:00","BZN|SE4","Without Sequence","71.85","",""
"29/05/2021 19:00:00 - 29/05/2021 20:00:00","BZN|SE4","Without Sequence","72.02","",""
"29/05/2021 20:00:00 - 29/05/2021 21:00:00","BZN|SE4","Without Sequence","69.21","",""
"29/05/2021 21:00:00 - 29/05/2021 22:00:00","BZN|SE4","Without Sequence","61.94","",""
"29/05/2021 22:00:00 - 29/05/2021 23:00:00","BZN|SE4","Without Sequence","59.23","",""
"29/05/2021 23:00:00 - 30/05/2021 00:00:00","BZN|SE4","Without Sequence","53.74","",""
"30/05/2021 00:00:00 - 30/05/2021 01:00:00","BZN|SE4","Without Sequence","49.45","",""
"30/05/2021 01:00:00 - 30/05/2021 02:00:00","BZN|SE4","Without Sequence","47.73","",""
"30/05/2021 02:00:00 - 30/05/2021 03:00:00","BZN|SE4","Without Sequence","28.79","",""
"30/05/2021 03:00:00 - 30/05/2021 04:00:00","BZN|SE4","Without Sequence","46.46","",""
"30/05/2021 04:00:00 - 30/05/2021 05:00:00","BZN|SE4","Without Sequence","44.61","",""
"30/05/2021 05:00:00 - 30/05/2021 06:00:00","BZN|SE4","Without Sequence","45.00","",""
"30/05/2021 06:00:00 - 30/05/2021 07:00:00","BZN|SE4","Without Sequence","39.40","",""
"30/05/2021 07:00:00 - 30/05/2021 08:00:00","BZN|SE4","Without Sequence","31.96","",""
"30/05/2021 08:00:00 - 30/05/2021 09:00:00","BZN|SE4","Without Sequence","21.16","",""
"30/05/2021 09:00:00 - 30/05/2021 10:00:00","BZN|SE4","Without Sequence","18.76","",""
"30/05/2021 10:00:00 - 30/05/2021 11:00:00","BZN|SE4","Without Sequence","17.76","",""
"30/05/2021 11:00:00 - 30/05/2021 12:00:00","BZN|SE4","Without Sequence","17.07","",""
"30/05/2021 12:00:00 - 30/05/2021 13:00:00","BZN|SE4","Without Sequence","15.20","",""
"30/05/2021 13:00:00 - 30/05/2021 14:00:00","BZN|SE4","Without Sequence","16.12","",""
"30/05/2021 14:00:00 - 30/05/2021 15:00:00","BZN|SE4","Without Sequence","21.34","",""
"30/05/2021 15:00:00 - 30/05/2021 16:00:00","BZN|SE4","Without Sequence","26.39","",""
"30/05/2021 16:00:00 - 30/05/2021 17:00:00","BZN|SE4","Without Sequence","50.06","",""
"30/05/2021 17:00:00 - 30/05/2021 18:00:00","BZN|SE4","Without Sequence","67.89","",""
"30/05/2021 18:00:00 - 30/05/2021 19:00:00","BZN|SE4","Without Sequence","78.08","",""
"30/05/2021 19:00:00 - 30/05/2021 20:00:00","BZN|SE4","Without Sequence","79.29","",""
"30/05/2021 20:00:00 - 30/05/2021 21:00:00","BZN|SE4","Without Sequence","75.43","",""
"30/05/2021 21:00:00 - 30/05/2021 22:00:00","BZN|SE4","Without Sequence","64.75","",""
"30/05/2021 22:00:00 - 30/05/2021 23:00:00","BZN|SE4","Without Sequence","21.78","",""
"30/05/2021 23:00:00 - 31/05/2021 00:00:00","BZN|SE4","Without Sequence","21.53","",""
"31/05/2021 00:00:00 - 31/05/2021 01:00:00","BZN|SE4","Without Sequence","21.54","",""
"31/05/2021 01:00:00 - 31/05/2021 02:00:00","BZN|SE4","Without Sequence","21.51","",""
"31/05/2021 02:00:00 - 31/05/2021 03:00:00","BZN|SE4","Without Sequence","35.02","",""
"31/05/2021 03:00:00 - 31/05/2021 04:00:00","BZN|SE4","Without Sequence","35.08","",""
"31/05/2021 04:00:00 - 31/05/2021 05:00:00","BZN|SE4","Without Sequence","76.72","",""
"31/05/2021 05:00:00 - 31/05/2021 06:00:00","BZN|SE4","Without Sequence","85.98","",""
"31/05/2021 06:00:00 - 31/05/2021 07:00:00","BZN|SE4","Without Sequence","86.73","",""
"31/05/2021 07:00:00 - 31/05/2021 08:00:00","BZN|SE4","Without Sequence","77.90","",""
"31/05/2021 08:00:00 - 31/05/2021 09:00:00","BZN|SE4","Without Sequence","64.94","",""
"31/05/2021 09:00:00 - 31/05/2021 10:00:00","BZN|SE4","Without Sequence","62.19","",""
"31/05/2021 10:00:00 - 31/05/2021 11:00:00","BZN|SE4","Without Sequence","59.10","",""
"31/05/2021 11:00:00 - 31/05/2021 12:00:00","BZN|SE4","Without Sequence","55.26","",""
"31/05/2021 12:00:00 - 31/05/2021 13:00:00","BZN|SE4","Without Sequence","54.05","",""
"31/05/2021 13:00:00 - 31/05/2021 14:00:00","BZN|SE4","Without Sequence","54.69","",""
"31/05/2021 14:00:00 - 31/05/2021 15:00:00","BZN|SE4","Without Sequence","53.94","",""
"31/05/2021 15:00:00 - 31/05/2021 16:00:00","BZN|SE4","Without Sequence","62.30","",""
"31/05/2021 16:00:00 - 31/05/2021 17:00:00","BZN|SE4","Without Sequence","76.00","",""
"31/05/2021 17:00:00 - 31/05/2021 18:00:00","BZN|SE4","Without Sequence","85.14","",""
"31/05/2021 18:00:00 - 31/05/2021 19:00:00","BZN|SE4","Without Sequence","86.00","",""
"31/05/2021 19:00:00 - 31/05/2021 20:00:00","BZN|SE4","Without Sequence","82.00","",""
"31/05/2021 20:00:00 - 31/05/2021 21:00:00","BZN|SE4","Without Sequence","77.98","",""
"31/05/2021 21:00:00 - 31/05/2021 22:00:00","BZN|SE4","Without Sequence","72.67","",""
"31/05/2021 22:00:00 - 31/05/2021 23:00:00","BZN|SE4","Without Sequence","61.98","",""
"31/05/2021 23:00:00 - 01/06/2021 00:00:00","BZN|SE4","Without Sequence","58.94","",""
"01/06/2021 00:00:00 - 01/06/2021 01:00:00","BZN|SE4","Without Sequence","56.50","",""
"01/06/2021 01:00:00 - 01/06/2021 02:00:00","BZN|SE4","Without Sequence","56.23","",""
"01/06/2021 02:00:00 - 01/06/2021 03:00:00","BZN|SE4","Without Sequence","55.58","",""
"01/06/2021 03:00:00 - 01/06/2021 04:00:00","BZN|SE4","Without Sequence","62.00","",""
"01/06/2021 04:00:00 - 01/06/2021 05:00:00","BZN|SE4","Without Sequence","78.99","",""
"01/06/2021 05:00:00 - 01/06/2021 06:00:00","BZN|SE4","Without Sequence","85.79","",""
"01/06/2021 06:00:00 - 01/06/2021 07:00:00","BZN|SE4","Without Sequence","87.10","",""
"01/06/2021 07:00:00 - 01/06/2021 08:00:00","BZN|SE4","Without Sequence","78.20","",""
"01/06/2021 08:00:00 - 01/06/2021 09:00:00","BZN|SE4","Without Sequence","64.95","",""
"01/06/2021 09:00:00 - 01/06/2021 10:00:00","BZN|SE4","Without Sequence","61.10","",""
"01/06/2021 10:00:00 - 01/06/2021 11:00:00","BZN|SE4","Without Sequence","58.13","",""
"01/06/2021 11:00:00 - 01/06/2021 12:00:00","BZN|SE4","Without Sequence","56.12","",""
"01/06/2021 12:00:00 - 01/06/2021 13:00:00","BZN|SE4","Without Sequence","55.40","",""
"01/06/2021 13:00:00 - 01/06/2021 14:00:00","BZN|SE4","Without Sequence","56.91","",""
"01/06/2021 14:00:00 - 01/06/2021 15:00:00","BZN|SE4","Without Sequence","58.13","",""
"01/06/2021 15:00:00 - 01/06/2021 16:00:00","BZN|SE4","Without Sequence","70.58","",""
"01/06/2021 16:00:00 - 01/06/2021 17:00:00","BZN|SE4","Without Sequence","79.36","",""
"01/06/2021 17:00:00 - 01/06/2021 18:00:00","BZN|SE4","Without Sequence","86.70","",""
"01/06/2021 18:00:00 - 01/06/2021 19:00:00","BZN|SE4","Without Sequence","85.14","",""
"01/06/2021 19:00:00 - 01/06/2021 20:00:00","BZN|SE4","Without Sequence","80.50","",""
"01/06/2021 20:00:00 - 01/06/2021 21:00:00","BZN|SE4","Without Sequence","75.31","",""
"01/06/2021 21:00:00 - 01/06/2021 22:00:00","BZN|SE4","Without Sequence","67.08","",""
"01/06/2021 22:00:00 - 01/06/2021 23:00:00","BZN|SE4","Without Sequence","63.44","",""
"01/06/2021 23:00:00 - 02/06/2021 00:00:00","BZN|SE4","Without Sequence","59.89","",""
"02/06/2021 00:00:00 - 02/06/2021 01:00:00","BZN|SE4","Without Sequence","48.00","",""
"02/06/2021 01:00:00 - 02/06/2021 02:00:00","BZN|SE4","Without Sequence","43.08","",""
"02/06/2021 02:00:00 - 02/06/2021 03:00:00","BZN|SE4","Without Sequence","38.51","",""
"02/06/2021 03:00:00 - 02/06/2021 04:00:00","BZN|SE4","Without Sequence","60.71","",""
"02/06/2021 04:00:00 - 02/06/2021 05:00:00","BZN|SE4","Without Sequence","78.24","",""
"02/06/2021 05:00:00 - 02/06/2021 06:00:00","BZN|SE4","Without Sequence","81.60","",""
"02/06/2021 06:00:00 - 02/06/2021 07:00:00","BZN|SE4","Without Sequence","81.12","",""
"02/06/2021 07:00:00 - 02/06/2021 08:00:00","BZN|SE4","Without Sequence","72.34","",""
"02/06/2021 08:00:00 - 02/06/2021 09:00:00","BZN|SE4","Without Sequence","62.44","",""
"02/06/2021 09:00:00 - 02/06/2021 10:00:00","BZN|SE4","Without Sequence","57.30","",""
"02/06/2021 10:00:00 - 02/06/2021 11:00:00","BZN|SE4","Without Sequence","55.72","",""
"02/06/2021 11:00:00 - 02/06/2021 12:00:00","BZN|SE4","Without Sequence","54.02","",""
"02/06/2021 12:00:00 - 02/06/2021 13:00:00","BZN|SE4","Without Sequence","53.83","",""
"02/06/2021 13:00:00 - 02/06/2021 14:00:00","BZN|SE4","Without Sequence","53.90","",""
"02/06/2021 14:00:00 - 02/06/2021 15:00:00","BZN|SE4","Without Sequence","56.87","",""
"02/06/2021 15:00:00 - 02/06/2021 16:00:00","BZN|SE4","Without Sequence","67.45","",""
"02/06/2021 16:00:00 - 02/06/2021 17:00:00","BZN|SE4","Without Sequence","78.48","",""
"02/06/2021 17:00:00 - 02/06/2021 18:00:00","BZN|SE4","Without Sequence","83.34","",""
"02/06/2021 18:00:00 - 02/06/2021 19:00:00","BZN|SE4","Without Sequence","81.58","",""
"02/06/2021 19:00:00 - 02/06/2021 20:00:00","BZN|SE4","Without Sequence","76.30","",""
"02/06/2021 20:00:00 - 02/06/2021 21:00:00","BZN|SE4","Without Sequence","56.98","",""
"02/06/2021 21:00:00 - 02/06/2021 22:00:00","BZN|SE4","Without Sequence","54.50","",""
"02/06/2021 22:00:00 - 02/06/2021 23:00:00","BZN|SE4","Without Sequence","47.83","",""
"02/06/2021 23:00:00 - 03/06/2021 00:00:00","BZN|SE4","Without Sequence","47.87","",""
"03/06/2021 00:00:00 - 03/06/2021 01:00:00","BZN|SE4","Without Sequence","47.76","",""
"03/06/2021 01:00:00 - 03/06/2021 02:00:00","BZN|SE4","Without Sequence","46.08","",""
"03/06/2021 02:00:00 - 03/06/2021 03:00:00","BZN|SE4","Without Sequence","42.37","",""
"03/06/2021 03:00:00 - 03/06/2021 04:00:00","BZN|SE4","Without Sequence","41.27","",""
"03/06/2021 04:00:00 - 03/06/2021 05:00:00","BZN|SE4","Without Sequence","52.80","",""
"03/06/2021 05:00:00 - 03/06/2021 06:00:00","BZN|SE4","Without Sequence","60.94","",""
"03/06/2021 06:00:00 - 03/06/2021 07:00:00","BZN|SE4","Without Sequence","59.98","",""
"03/06/2021 07:00:00 - 03/06/2021 08:00:00","BZN|SE4","Without Sequence","58.66","",""
"03/06/2021 08:00:00 - 03/06/2021 09:00:00","BZN|SE4","Without Sequence","53.94","",""
"03/06/2021 09:00:00 - 03/06/2021 10:00:00","BZN|SE4","Without Sequence","51.96","",""
"03/06/2021 10:00:00 - 03/06/2021 11:00:00","BZN|SE4","Without Sequence","50.44","",""
"03/06/2021 11:00:00 - 03/06/2021 12:00:00","BZN|SE4","Without Sequence","51.63","",""
"03/06/2021 12:00:00 - 03/06/2021 13:00:00","BZN|SE4","Without Sequence","53.52","",""
"03/06/2021 13:00:00 - 03/06/2021 14:00:00","BZN|SE4","Without Sequence","53.70","",""
"03/06/2021 14:00:00 - 03/06/2021 15:00:00","BZN|SE4","Without Sequence","54.14","",""
"03/06/2021 15:00:00 - 03/06/2021 16:00:00","BZN|SE4","Without Sequence","57.96","",""
"03/06/2021 16:00:00 - 03/06/2021 17:00:00","BZN|SE4","Without Sequence","73.20","",""
"03/06/2021 17:00:00 - 03/06/2021 18:00:00","BZN|SE4","Without Sequence","80.02","",""
"03/06/2021 18:00:00 - 03/06/2021 19:00:00","BZN|SE4","Without Sequence","78.77","",""
"03/06/2021 19:00:00 - 03/06/2021 20:00:00","BZN|SE4","Without Sequence","56.99","",""
"03/06/2021 20:00:00 - 03/06/2021 21:00:00","BZN|SE4","Without Sequence","56.39","",""
"03/06/2021 21:00:00 - 03/06/2021 22:00:00","BZN|SE4","Without Sequence","53.70","",""
"03/06/2021 22:00:00 - 03/06/2021 23:00:00","BZN|SE4","Without Sequence","53.01","",""
"03/06/2021 23:00:00 - 04/06/2021 00:00:00","BZN|SE4","Without Sequence","47.86","",""
"04/06/2021 00:00:00 - 04/06/2021 01:00:00","BZN|SE4","Without Sequence","47.85","",""
"04/06/2021 01:00:00 - 04/06/2021 02:00:00","BZN|SE4","Without Sequence","51.02","",""
"04/06/2021 02:00:00 - 04/06/2021 03:00:00","BZN|SE4","Without Sequence","56.09","",""
"04/06/2021 03:00:00 - 04/06/2021 04:00:00","BZN|SE4","Without Sequence","59.84","",""
"04/06/2021 04:00:00 - 04/06/2021 05:00:00","BZN|SE4","Without Sequence","75.98","",""
"04/06/2021 05:00:00 - 04/06/2021 06:00:00","BZN|SE4","Without Sequence","82.99","",""
"04/06/2021 06:00:00 - 04/06/2021 07:00:00","BZN|SE4","Without Sequence","85.90","",""
"04/06/2021 07:00:00 - 04/06/2021 08:00:00","BZN|SE4","Without Sequence","81.45","",""
"04/06/2021 08:00:00 - 04/06/2021 09:00:00","BZN|SE4","Without Sequence","75.58","",""
"04/06/2021 09:00:00 - 04/06/2021 10:00:00","BZN|SE4","Without Sequence","74.88","",""
"04/06/2021 10:00:00 - 04/06/2021 11:00:00","BZN|SE4","Without Sequence","69.95","",""
"04/06/2021 11:00:00 - 04/06/2021 12:00:00","BZN|SE4","Without Sequence","63.01","",""
"04/06/2021 12:00:00 - 04/06/2021 13:00:00","BZN|SE4","Without Sequence","62.91","",""
"04/06/2021 13:00:00 - 04/06/2021 14:00:00","BZN|SE4","Without Sequence","63.93","",""
"04/06/2021 14:00:00 - 04/06/2021 15:00:00","BZN|SE4","Without Sequence","67.00","",""
"04/06/2021 15:00:00 - 04/06/2021 16:00:00","BZN|SE4","Without Sequence","75.90","",""
"04/06/2021 16:00:00 - 04/06/2021 17:00:00","BZN|SE4","Without Sequence","79.91","",""
"04/06/2021 17:00:00 - 04/06/2021 18:00:00","BZN|SE4","Without Sequence","81.95","",""
"04/06/2021 18:00:00 - 04/06/2021 19:00:00","BZN|SE4","Without Sequence","81.69","",""
"04/06/2021 19:00:00 - 04/06/2021 20:00:00","BZN|SE4","Without Sequence","80.00","",""
"04/06/2021 20:00:00 - 04/06/2021 21:00:00","BZN|SE4","Without Sequence","78.21","",""
"04/06/2021 21:00:00 - 04/06/2021 22:00:00","BZN|SE4","Without Sequence","72.09","",""
"04/06/2021 22:00:00 - 04/06/2021 23:00:00","BZN|SE4","Without Sequence","71.65","",""
"04/06/2021 23:00:00 - 05/06/2021 00:00:00","BZN|SE4","Without Sequence","63.68","",""
"05/06/2021 00:00:00 - 05/06/2021 01:00:00","BZN|SE4","Without Sequence","57.59","",""
"05/06/2021 01:00:00 - 05/06/2021 02:00:00","BZN|SE4","Without Sequence","55.59","",""
"05/06/2021 02:00:00 - 05/06/2021 03:00:00","BZN|SE4","Without Sequence","54.68","",""
"05/06/2021 03:00:00 - 05/06/2021 04:00:00","BZN|SE4","Without Sequence","54.70","",""
"05/06/2021 04:00:00 - 05/06/2021 05:00:00","BZN|SE4","Without Sequence","56.07","",""
"05/06/2021 05:00:00 - 05/06/2021 06:00:00","BZN|SE4","Without Sequence","59.07","",""
"05/06/2021 06:00:00 - 05/06/2021 07:00:00","BZN|SE4","Without Sequence","66.02","",""
"05/06/2021 07:00:00 - 05/06/2021 08:00:00","BZN|SE4","Without Sequence","67.99","",""
"05/06/2021 08:00:00 - 05/06/2021 09:00:00","BZN|SE4","Without Sequence","57.73","",""
"05/06/2021 09:00:00 - 05/06/2021 10:00:00","BZN|SE4","Without Sequence","58.03","",""
"05/06/2021 10:00:00 - 05/06/2021 11:00:00","BZN|SE4","Without Sequence","58.83","",""
"05/06/2021 11:00:00 - 05/06/2021 12:00:00","BZN|SE4","Without Sequence","55.49","",""
"05/06/2021 12:00:00 - 05/06/2021 13:00:00","BZN|SE4","Without Sequence","52.40","",""
"05/06/2021 13:00:00 - 05/06/2021 14:00:00","BZN|SE4","Without Sequence","53.80","",""
"05/06/2021 14:00:00 - 05/06/2021 15:00:00","BZN|SE4","Without Sequence","55.25","",""
"05/06/2021 15:00:00 - 05/06/2021 16:00:00","BZN|SE4","Without Sequence","60.48","",""
"05/06/2021 16:00:00 - 05/06/2021 17:00:00","BZN|SE4","Without Sequence","70.60","",""
"05/06/2021 17:00:00 - 05/06/2021 18:00:00","BZN|SE4","Without Sequence","75.62","",""
"05/06/2021 18:00:00 - 05/06/2021 19:00:00","BZN|SE4","Without Sequence","76.01","",""
"05/06/2021 19:00:00 - 05/06/2021 20:00:00","BZN|SE4","Without Sequence","75.60","",""
"05/06/2021 20:00:00 - 05/06/2021 21:00:00","BZN|SE4","Without Sequence","72.37","",""
"05/06/2021 21:00:00 - 05/06/2021 22:00:00","BZN|SE4","Without Sequence","61.86","",""
"05/06/2021 22:00:00 - 05/06/2021 23:00:00","BZN|SE4","Without Sequence","58.03","",""
"05/06/2021 23:00:00 - 06/06/2021 00:00:00","BZN|SE4","Without Sequence","56.68","",""
"06/06/2021 00:00:00 - 06/06/2021 01:00:00","BZN|SE4","Without Sequence","56.36","",""
"06/06/2021 01:00:00 - 06/06/2021 02:00:00","BZN|SE4","Without Sequence","55.85","",""
"06/06/2021 02:00:00 - 06/06/2021 03:00:00","BZN|SE4","Without Sequence","53.09","",""
"06/06/2021 03:00:00 - 06/06/2021 04:00:00","BZN|SE4","Without Sequence","50.39","",""
"06/06/2021 04:00:00 - 06/06/2021 05:00:00","BZN|SE4","Without Sequence","52.10","",""
"06/06/2021 05:00:00 - 06/06/2021 06:00:00","BZN|SE4","Without Sequence","52.70","",""
"06/06/2021 06:00:00 - 06/06/2021 07:00:00","BZN|SE4","Without Sequence","57.12","",""
"06/06/2021 07:00:00 - 06/06/2021 08:00:00","BZN|SE4","Without Sequence","57.89","",""
"06/06/2021 08:00:00 - 06/06/2021 09:00:00","BZN|SE4","Without Sequence","57.76","",""
"06/06/2021 09:00:00 - 06/06/2021 10:00:00","BZN|SE4","Without Sequence","58.44","",""
"06/06/2021 10:00:00 - 06/06/2021 11:00:00","BZN|SE4","Without Sequence","58.16","",""
"06/06/2021 11:00:00 - 06/06/2021 12:00:00","BZN|SE4","Without Sequence","55.41","",""
"06/06/2021 12:00:00 - 06/06/2021 13:00:00","BZN|SE4","Without Sequence","48.00","",""
"06/06/2021 13:00:00 - 06/06/2021 14:00:00","BZN|SE4","Without Sequence","47.61","",""
"06/06/2021 14:00:00 - 06/06/2021 15:00:00","BZN|SE4","Without Sequence","50.68","",""
"06/06/2021 15:00:00 - 06/06/2021 16:00:00","BZN|SE4","Without Sequence","57.69","",""
"06/06/2021 16:00:00 - 06/06/2021 17:00:00","BZN|SE4","Without Sequence","60.02","",""
"06/06/2021 17:00:00 - 06/06/2021 18:00:00","BZN|SE4","Without Sequence","69.12","",""
"06/06/2021 18:00:00 - 06/06/2021 19:00:00","BZN|SE4","Without Sequence","76.38","",""
"06/06/2021 19:00:00 - 06/06/2021 20:00:00","BZN|SE4","Without Sequence","77.08","",""
"06/06/2021 20:00:00 - 06/06/2021 21:00:00","BZN|SE4","Without Sequence","78.82","",""
"06/06/2021 21:00:00 - 06/06/2021 22:00:00","BZN|SE4","Without Sequence","70.56","",""
"06/06/2021 22:00:00 - 06/06/2021 23:00:00","BZN|SE4","Without Sequence","64.42","",""
"06/06/2021 23:00:00 - 07/06/2021 00:00:00","BZN|SE4","Without Sequence","58.77","",""
"07/06/2021 00:00:00 - 07/06/2021 01:00:00","BZN|SE4","Without Sequence","59.34","",""
"07/06/2021 01:00:00 - 07/06/2021 02:00:00","BZN|SE4","Without Sequence","58.53","",""
"07/06/2021 02:00:00 - 07/06/2021 03:00:00","BZN|SE4","Without Sequence","58.85","",""
"07/06/2021 03:00:00 - 07/06/2021 04:00:00","BZN|SE4","Without Sequence","63.22","",""
"07/06/2021 04:00:00 - 07/06/2021 05:00:00","BZN|SE4","Without Sequence","80.19","",""
"07/06/2021 05:00:00 - 07/06/2021 06:00:00","BZN|SE4","Without Sequence","85.94","",""
"07/06/2021 06:00:00 - 07/06/2021 07:00:00","BZN|SE4","Without Sequence","92.21","",""
"07/06/2021 07:00:00 - 07/06/2021 08:00:00","BZN|SE4","Without Sequence","88.11","",""
"07/06/2021 08:00:00 - 07/06/2021 09:00:00","BZN|SE4","Without Sequence","84.58","",""
"07/06/2021 09:00:00 - 07/06/2021 10:00:00","BZN|SE4","Without Sequence","82.99","",""
"07/06/2021 10:00:00 - 07/06/2021 11:00:00","BZN|SE4","Without Sequence","81.91","",""
"07/06/2021 11:00:00 - 07/06/2021 12:00:00","BZN|SE4","Without Sequence","79.64","",""
"07/06/2021 12:00:00 - 07/06/2021 13:00:00","BZN|SE4","Without Sequence","76.15","",""
"07/06/2021 13:00:00 - 07/06/2021 14:00:00","BZN|SE4","Without Sequence","76.97","",""
"07/06/2021 14:00:00 - 07/06/2021 15:00:00","BZN|SE4","Without Sequence","77.25","",""
"07/06/2021 15:00:00 - 07/06/2021 16:00:00","BZN|SE4","Without Sequence","79.55","",""
"07/06/2021 16:00:00 - 07/06/2021 17:00:00","BZN|SE4","Without Sequence","83.18","",""
"07/06/2021 17:00:00 - 07/06/2021 18:00:00","BZN|SE4","Without Sequence","88.00","",""
"07/06/2021 18:00:00 - 07/06/2021 19:00:00","BZN|SE4","Without Sequence","89.95","",""
"07/06/2021 19:00:00 - 07/06/2021 20:00:00","BZN|SE4","Without Sequence","87.24","",""
"07/06/2021 20:00:00 - 07/06/2021 21:00:00","BZN|SE4","Without Sequence","82.91","",""
"07/06/2021 21:00:00 - 07/06/2021 22:00:00","BZN|SE4","Without Sequence","78.73","",""
"07/06/2021 22:00:00 - 07/06/2021 23:00:00","BZN|SE4","Without Sequence","71.35","",""
"07/06/2021 23:00:00 - 08/06/2021 00:00:00","BZN|SE4","Without Sequence","63.92","",""
"08/06/2021 00:00:00 - 08/06/2021 01:00:00","BZN|SE4","Without Sequence","61.96","",""
"08/06/2021 01:00:00 - 08/06/2021 02:00:00","BZN|SE4","Without Sequence","60.64","",""
"08/06/2021 02:00:00 - 08/06/2021 03:00:00","BZN|SE4","Without Sequence","60.86","",""
"08/06/2021 03:00:00 - 08/06/2021 04:00:00","BZN|SE4","Without Sequence","66.42","",""
"08/06/2021 04:00:00 - 08/06/2021 05:00:00","BZN|SE4","Without Sequence","80.07","",""
"08/06/2021 05:00:00 - 08/06/2021 06:00:00","BZN|SE4","Without Sequence","92.24","",""
"08/06/2021 06:00:00 - 08/06/2021 07:00:00","BZN|SE4","Without Sequence","96.16","",""
"08/06/2021 07:00:00 - 08/06/2021 08:00:00","BZN|SE4","Without Sequence","87.42","",""
"08/06/2021 08:00:00 - 08/06/2021 09:00:00","BZN|SE4","Without Sequence","80.02","",""
"08/06/2021 09:00:00 - 08/06/2021 10:00:00","BZN|SE4","Without Sequence","77.44","",""
"08/06/2021 10:00:00 - 08/06/2021 11:00:00","BZN|SE4","Without Sequence","72.60","",""
"08/06/2021 11:00:00 - 08/06/2021 12:00:00","BZN|SE4","Without Sequence","65.78","",""
"08/06/2021 12:00:00 - 08/06/2021 13:00:00","BZN|SE4","Without Sequence","65.06","",""
"08/06/2021 13:00:00 - 08/06/2021 14:00:00","BZN|SE4","Without Sequence","68.03","",""
"08/06/2021 14:00:00 - 08/06/2021 15:00:00","BZN|SE4","Without Sequence","74.47","",""
"08/06/2021 15:00:00 - 08/06/2021 16:00:00","BZN|SE4","Without Sequence","79.33","",""
"08/06/2021 16:00:00 - 08/06/2021 17:00:00","BZN|SE4","Without Sequence","83.79","",""
"08/06/2021 17:00:00 - 08/06/2021 18:00:00","BZN|SE4","Without Sequence","92.33","",""
"08/06/2021 18:00:00 - 08/06/2021 19:00:00","BZN|SE4","Without Sequence","99.32","",""
"08/06/2021 19:00:00 - 08/06/2021 20:00:00","BZN|SE4","Without Sequence","87.24","",""
"08/06/2021 20:00:00 - 08/06/2021 21:00:00","BZN|SE4","Without Sequence","83.96","",""
"08/06/2021 21:00:00 - 08/06/2021 22:00:00","BZN|SE4","Without Sequence","77.66","",""
"08/06/2021 22:00:00 - 08/06/2021 23:00:00","BZN|SE4","Without Sequence","68.48","",""
"08/06/2021 23:00:00 - 09/06/2021 00:00:00","BZN|SE4","Without Sequence","64.46","",""
"09/06/2021 00:00:00 - 09/06/2021 01:00:00","BZN|SE4","Without Sequence","63.04","",""
"09/06/2021 01:00:00 - 09/06/2021 02:00:00","BZN|SE4","Without Sequence","62.46","",""
"09/06/2021 02:00:00 - 09/06/2021 03:00:00","BZN|SE4","Without Sequence","63.34","",""
"09/06/2021 03:00:00 - 09/06/2021 04:00:00","BZN|SE4","Without Sequence","65.39","",""
"09/06/2021 04:00:00 - 09/06/2021 05:00:00","BZN|SE4","Without Sequence","81.76","",""
"09/06/2021 05:00:00 - 09/06/2021 06:00:00","BZN|SE4","Without Sequence","86.44","",""
"09/06/2021 06:00:00 - 09/06/2021 07:00:00","BZN|SE4","Without Sequence","88.11","",""
"09/06/2021 07:00:00 - 09/06/2021 08:00:00","BZN|SE4","Without Sequence","82.31","",""
"09/06/2021 08:00:00 - 09/06/2021 09:00:00","BZN|SE4","Without Sequence","76.81","",""
"09/06/2021 09:00:00 - 09/06/2021 10:00:00","BZN|SE4","Without Sequence","71.97","",""
"09/06/2021 10:00:00 - 09/06/2021 11:00:00","BZN|SE4","Without Sequence","68.22","",""
"09/06/2021 11:00:00 - 09/06/2021 12:00:00","BZN|SE4","Without Sequence","70.00","",""
"09/06/2021 12:00:00 - 09/06/2021 13:00:00","BZN|SE4","Without Sequence","68.63","",""
"09/06/2021 13:00:00 - 09/06/2021 14:00:00","BZN|SE4","Without Sequence","71.76","",""
"09/06/2021 14:00:00 - 09/06/2021 15:00:00","BZN|SE4","Without Sequence","72.42","",""
"09/06/2021 15:00:00 - 09/06/2021 16:00:00","BZN|SE4","Without Sequence","78.32","",""
"09/06/2021 16:00:00 - 09/06/2021 17:00:00","BZN|SE4","Without Sequence","82.99","",""
"09/06/2021 17:00:00 - 09/06/2021 18:00:00","BZN|SE4","Without Sequence","96.97","",""
"09/06/2021 18:00:00 - 09/06/2021 19:00:00","BZN|SE4","Without Sequence","98.51","",""
"09/06/2021 19:00:00 - 09/06/2021 20:00:00","BZN|SE4","Without Sequence","90.06","",""
"09/06/2021 20:00:00 - 09/06/2021 21:00:00","BZN|SE4","Without Sequence","85.00","",""
"09/06/2021 21:00:00 - 09/06/2021 22:00:00","BZN|SE4","Without Sequence","77.98","",""
"09/06/2021 22:00:00 - 09/06/2021 23:00:00","BZN|SE4","Without Sequence","73.00","",""
"09/06/2021 23:00:00 - 10/06/2021 00:00:00","BZN|SE4","Without Sequence","69.78","",""
"10/06/2021 00:00:00 - 10/06/2021 01:00:00","BZN|SE4","Without Sequence","66.43","",""
"10/06/2021 01:00:00 - 10/06/2021 02:00:00","BZN|SE4","Without Sequence","64.02","",""
"10/06/2021 02:00:00 - 10/06/2021 03:00:00","BZN|SE4","Without Sequence","64.51","",""
"10/06/2021 03:00:00 - 10/06/2021 04:00:00","BZN|SE4","Without Sequence","67.66","",""
"10/06/2021 04:00:00 - 10/06/2021 05:00:00","BZN|SE4","Without Sequence","82.57","",""
"10/06/2021 05:00:00 - 10/06/2021 06:00:00","BZN|SE4","Without Sequence","89.27","",""
"10/06/2021 06:00:00 - 10/06/2021 07:00:00","BZN|SE4","Without Sequence","92.50","",""
"10/06/2021 07:00:00 - 10/06/2021 08:00:00","BZN|SE4","Without Sequence","84.59","",""
"10/06/2021 08:00:00 - 10/06/2021 09:00:00","BZN|SE4","Without Sequence","74.44","",""
"10/06/2021 09:00:00 - 10/06/2021 10:00:00","BZN|SE4","Without Sequence","79.36","",""
"10/06/2021 10:00:00 - 10/06/2021 11:00:00","BZN|SE4","Without Sequence","82.18","",""
"10/06/2021 11:00:00 - 10/06/2021 12:00:00","BZN|SE4","Without Sequence","66.05","",""
"10/06/2021 12:00:00 - 10/06/2021 13:00:00","BZN|SE4","Without Sequence","65.20","",""
"10/06/2021 13:00:00 - 10/06/2021 14:00:00","BZN|SE4","Without Sequence","66.25","",""
"10/06/2021 14:00:00 - 10/06/2021 15:00:00","BZN|SE4","Without Sequence","71.50","",""
"10/06/2021 15:00:00 - 10/06/2021 16:00:00","BZN|SE4","Without Sequence","81.70","",""
"10/06/2021 16:00:00 - 10/06/2021 17:00:00","BZN|SE4","Without Sequence","86.01","",""
"10/06/2021 17:00:00 - 10/06/2021 18:00:00","BZN|SE4","Without Sequence","97.19","",""
"10/06/2021 18:00:00 - 10/06/2021 19:00:00","BZN|SE4","Without Sequence","95.88","",""
"10/06/2021 19:00:00 - 10/06/2021 20:00:00","BZN|SE4","Without Sequence","90.13","",""
"10/06/2021 20:00:00 - 10/06/2021 21:00:00","BZN|SE4","Without Sequence","87.25","",""
"10/06/2021 21:00:00 - 10/06/2021 22:00:00","BZN|SE4","Without Sequence","79.51","",""
"10/06/2021 22:00:00 - 10/06/2021 23:00:00","BZN|SE4","Without Sequence","78.03","",""
"10/06/2021 23:00:00 - 11/06/2021 00:00:00","BZN|SE4","Without Sequence","71.46","",""
"11/06/2021 00:00:00 - 11/06/2021 01:00:00","BZN|SE4","Without Sequence","66.47","",""
"11/06/2021 01:00:00 - 11/06/2021 02:00:00","BZN|SE4","Without Sequence","64.98","",""
"11/06/2021 02:00:00 - 11/06/2021 03:00:00","BZN|SE4","Without Sequence","64.74","",""
"11/06/2021 03:00:00 - 11/06/2021 04:00:00","BZN|SE4","Without Sequence","68.47","",""
"11/06/2021 04:00:00 - 11/06/2021 05:00:00","BZN|SE4","Without Sequence","89.71","",""
"11/06/2021 05:00:00 - 11/06/2021 06:00:00","BZN|SE4","Without Sequence","97.69","",""
"11/06/2021 06:00:00 - 11/06/2021 07:00:00","BZN|SE4","Without Sequence","92.26","",""
"11/06/2021 07:00:00 - 11/06/2021 08:00:00","BZN|SE4","Without Sequence","85.05","",""
"11/06/2021 08:00:00 - 11/06/2021 09:00:00","BZN|SE4","Without Sequence","76.92","",""
"11/06/2021 09:00:00 - 11/06/2021 10:00:00","BZN|SE4","Without Sequence","74.00","",""
"11/06/2021 10:00:00 - 11/06/2021 11:00:00","BZN|SE4","Without Sequence","75.43","",""
"11/06/2021 11:00:00 - 11/06/2021 12:00:00","BZN|SE4","Without Sequence","67.98","",""
"11/06/2021 12:00:00 - 11/06/2021 13:00:00","BZN|SE4","Without Sequence","65.49","",""
"11/06/2021 13:00:00 - 11/06/2021 14:00:00","BZN|SE4","Without Sequence","64.87","",""
"11/06/2021 14:00:00 - 11/06/2021 15:00:00","BZN|SE4","Without Sequence","67.45","",""
"11/06/2021 15:00:00 - 11/06/2021 16:00:00","BZN|SE4","Without Sequence","76.96","",""
"11/06/2021 16:00:00 - 11/06/2021 17:00:00","BZN|SE4","Without Sequence","82.98","",""
"11/06/2021 17:00:00 - 11/06/2021 18:00:00","BZN|SE4","Without Sequence","88.07","",""
"11/06/2021 18:00:00 - 11/06/2021 19:00:00","BZN|SE4","Without Sequence","89.92","",""
"11/06/2021 19:00:00 - 11/06/2021 20:00:00","BZN|SE4","Without Sequence","86.08","",""
"11/06/2021 20:00:00 - 11/06/2021 21:00:00","BZN|SE4","Without Sequence","83.41","",""
"11/06/2021 21:00:00 - 11/06/2021 22:00:00","BZN|SE4","Without Sequence","77.96","",""
"11/06/2021 22:00:00 - 11/06/2021 23:00:00","BZN|SE4","Without Sequence","75.98","",""
"11/06/2021 23:00:00 - 12/06/2021 00:00:00","BZN|SE4","Without Sequence","66.95","",""
"12/06/2021 00:00:00 - 12/06/2021 01:00:00","BZN|SE4","Without Sequence","60.10","",""
"12/06/2021 01:00:00 - 12/06/2021 02:00:00","BZN|SE4","Without Sequence","58.93","",""
"12/06/2021 02:00:00 - 12/06/2021 03:00:00","BZN|SE4","Without Sequence","51.10","",""
"12/06/2021 03:00:00 - 12/06/2021 04:00:00","BZN|SE4","Without Sequence","48.83","",""
"12/06/2021 04:00:00 - 12/06/2021 05:00:00","BZN|SE4","Without Sequence","55.87","",""
"12/06/2021 05:00:00 - 12/06/2021 06:00:00","BZN|SE4","Without Sequence","16.55","",""
"12/06/2021 06:00:00 - 12/06/2021 07:00:00","BZN|SE4","Without Sequence","22.37","",""
"12/06/2021 07:00:00 - 12/06/2021 08:00:00","BZN|SE4","Without Sequence","22.73","",""
"12/06/2021 08:00:00 - 12/06/2021 09:00:00","BZN|SE4","Without Sequence","22.95","",""
"12/06/2021 09:00:00 - 12/06/2021 10:00:00","BZN|SE4","Without Sequence","24.53","",""
"12/06/2021 10:00:00 - 12/06/2021 11:00:00","BZN|SE4","Without Sequence","17.92","",""
"12/06/2021 11:00:00 - 12/06/2021 12:00:00","BZN|SE4","Without Sequence","6.78","",""
"12/06/2021 12:00:00 - 12/06/2021 13:00:00","BZN|SE4","Without Sequence","4.74","",""
"12/06/2021 13:00:00 - 12/06/2021 14:00:00","BZN|SE4","Without Sequence","1.91","",""
"12/06/2021 14:00:00 - 12/06/2021 15:00:00","BZN|SE4","Without Sequence","3.38","",""
"12/06/2021 15:00:00 - 12/06/2021 16:00:00","BZN|SE4","Without Sequence","1.63","",""
"12/06/2021 16:00:00 - 12/06/2021 17:00:00","BZN|SE4","Without Sequence","19.91","",""
"12/06/2021 17:00:00 - 12/06/2021 18:00:00","BZN|SE4","Without Sequence","43.57","",""
"12/06/2021 18:00:00 - 12/06/2021 19:00:00","BZN|SE4","Without Sequence","44.39","",""
"12/06/2021 19:00:00 - 12/06/2021 20:00:00","BZN|SE4","Without Sequence","45.02","",""
"12/06/2021 20:00:00 - 12/06/2021 21:00:00","BZN|SE4","Without Sequence","44.16","",""
"12/06/2021 21:00:00 - 12/06/2021 22:00:00","BZN|SE4","Without Sequence","35.95","",""
"12/06/2021 22:00:00 - 12/06/2021 23:00:00","BZN|SE4","Without Sequence","20.41","",""
"12/06/2021 23:00:00 - 13/06/2021 00:00:00","BZN|SE4","Without Sequence","9.94","",""
"13/06/2021 00:00:00 - 13/06/2021 01:00:00","BZN|SE4","Without Sequence","7.05","",""
"13/06/2021 01:00:00 - 13/06/2021 02:00:00","BZN|SE4","Without Sequence","4.87","",""
"13/06/2021 02:00:00 - 13/06/2021 03:00:00","BZN|SE4","Without Sequence","4.44","",""
"13/06/2021 03:00:00 - 13/06/2021 04:00:00","BZN|SE4","Without Sequence","3.04","",""
"13/06/2021 04:00:00 - 13/06/2021 05:00:00","BZN|SE4","Without Sequence","3.76","",""
"13/06/2021 05:00:00 - 13/06/2021 06:00:00","BZN|SE4","Without Sequence","8.26","",""
"13/06/2021 06:00:00 - 13/06/2021 07:00:00","BZN|SE4","Without Sequence","4.05","",""
"13/06/2021 07:00:00 - 13/06/2021 08:00:00","BZN|SE4","Without Sequence","2.52","",""
"13/06/2021 08:00:00 - 13/06/2021 09:00:00","BZN|SE4","Without Sequence","2.56","",""
"13/06/2021 09:00:00 - 13/06/2021 10:00:00","BZN|SE4","Without Sequence","1.51","",""
"13/06/2021 10:00:00 - 13/06/2021 11:00:00","BZN|SE4","Without Sequence","1.42","",""
"13/06/2021 11:00:00 - 13/06/2021 12:00:00","BZN|SE4","Without Sequence","1.14","",""
"13/06/2021 12:00:00 - 13/06/2021 13:00:00","BZN|SE4","Without Sequence","1.00","",""
"13/06/2021 13:00:00 - 13/06/2021 14:00:00","BZN|SE4","Without Sequence","1.46","",""
"13/06/2021 14:00:00 - 13/06/2021 15:00:00","BZN|SE4","Without Sequence","3.22","",""
"13/06/2021 15:00:00 - 13/06/2021 16:00:00","BZN|SE4","Without Sequence","18.73","",""
"13/06/2021 16:00:00 - 13/06/2021 17:00:00","BZN|SE4","Without Sequence","48.05","",""
"13/06/2021 17:00:00 - 13/06/2021 18:00:00","BZN|SE4","Without Sequence","68.46","",""
"13/06/2021 18:00:00 - 13/06/2021 19:00:00","BZN|SE4","Without Sequence","80.39","",""
"13/06/2021 19:00:00 - 13/06/2021 20:00:00","BZN|SE4","Without Sequence","81.00","",""
"13/06/2021 20:00:00 - 13/06/2021 21:00:00","BZN|SE4","Without Sequence","78.08","",""
"13/06/2021 21:00:00 - 13/06/2021 22:00:00","BZN|SE4","Without Sequence","68.99","",""
"13/06/2021 22:00:00 - 13/06/2021 23:00:00","BZN|SE4","Without Sequence","64.27","",""
"13/06/2021 23:00:00 - 14/06/2021 00:00:00","BZN|SE4","Without Sequence","59.59","",""
"14/06/2021 00:00:00 - 14/06/2021 01:00:00","BZN|SE4","Without Sequence","57.96","",""
"14/06/2021 01:00:00 - 14/06/2021 02:00:00","BZN|SE4","Without Sequence","58.49","",""
"14/06/2021 02:00:00 - 14/06/2021 03:00:00","BZN|SE4","Without Sequence","58.33","",""
"14/06/2021 03:00:00 - 14/06/2021 04:00:00","BZN|SE4","Without Sequence","63.13","",""
"14/06/2021 04:00:00 - 14/06/2021 05:00:00","BZN|SE4","Without Sequence","83.97","",""
"14/06/2021 05:00:00 - 14/06/2021 06:00:00","BZN|SE4","Without Sequence","96.23","",""
"14/06/2021 06:00:00 - 14/06/2021 07:00:00","BZN|SE4","Without Sequence","93.00","",""
"14/06/2021 07:00:00 - 14/06/2021 08:00:00","BZN|SE4","Without Sequence","83.70","",""
"14/06/2021 08:00:00 - 14/06/2021 09:00:00","BZN|SE4","Without Sequence","68.79","",""
"14/06/2021 09:00:00 - 14/06/2021 10:00:00","BZN|SE4","Without Sequence","61.99","",""
"14/06/2021 10:00:00 - 14/06/2021 11:00:00","BZN|SE4","Without Sequence","51.91","",""
"14/06/2021 11:00:00 - 14/06/2021 12:00:00","BZN|SE4","Without Sequence","50.80","",""
"14/06/2021 12:00:00 - 14/06/2021 13:00:00","BZN|SE4","Without Sequence","50.06","",""
"14/06/2021 13:00:00 - 14/06/2021 14:00:00","BZN|SE4","Without Sequence","58.27","",""
"14/06/2021 14:00:00 - 14/06/2021 15:00:00","BZN|SE4","Without Sequence","68.47","",""
"14/06/2021 15:00:00 - 14/06/2021 16:00:00","BZN|SE4","Without Sequence","82.08","",""
"14/06/2021 16:00:00 - 14/06/2021 17:00:00","BZN|SE4","Without Sequence","88.85","",""
"14/06/2021 17:00:00 - 14/06/2021 18:00:00","BZN|SE4","Without Sequence","92.72","",""
"14/06/2021 18:00:00 - 14/06/2021 19:00:00","BZN|SE4","Without Sequence","92.09","",""
"14/06/2021 19:00:00 - 14/06/2021 20:00:00","BZN|SE4","Without Sequence","86.98","",""
"14/06/2021 20:00:00 - 14/06/2021 21:00:00","BZN|SE4","Without Sequence","85.60","",""
"14/06/2021 21:00:00 - 14/06/2021 22:00:00","BZN|SE4","Without Sequence","79.64","",""
"14/06/2021 22:00:00 - 14/06/2021 23:00:00","BZN|SE4","Without Sequence","18.04","",""
"14/06/2021 23:00:00 - 15/06/2021 00:00:00","BZN|SE4","Without Sequence","59.01","",""
"15/06/2021 00:00:00 - 15/06/2021 01:00:00","BZN|SE4","Without Sequence","57.05","",""
"15/06/2021 01:00:00 - 15/06/2021 02:00:00","BZN|SE4","Without Sequence","55.07","",""
"15/06/2021 02:00:00 - 15/06/2021 03:00:00","BZN|SE4","Without Sequence","55.03","",""
"15/06/2021 03:00:00 - 15/06/2021 04:00:00","BZN|SE4","Without Sequence","69.39","",""
"15/06/2021 04:00:00 - 15/06/2021 05:00:00","BZN|SE4","Without Sequence","87.28","",""
"15/06/2021 05:00:00 - 15/06/2021 06:00:00","BZN|SE4","Without Sequence","93.55","",""
"15/06/2021 06:00:00 - 15/06/2021 07:00:00","BZN|SE4","Without Sequence","96.81","",""
"15/06/2021 07:00:00 - 15/06/2021 08:00:00","BZN|SE4","Without Sequence","90.00","",""
"15/06/2021 08:00:00 - 15/06/2021 09:00:00","BZN|SE4","Without Sequence","83.99","",""
"15/06/2021 09:00:00 - 15/06/2021 10:00:00","BZN|SE4","Without Sequence","81.40","",""
"15/06/2021 10:00:00 - 15/06/2021 11:00:00","BZN|SE4","Without Sequence","74.99","",""
"15/06/2021 11:00:00 - 15/06/2021 12:00:00","BZN|SE4","Without Sequence","72.01","",""
"15/06/2021 12:00:00 - 15/06/2021 13:00:00","BZN|SE4","Without Sequence","71.90","",""
"15/06/2021 13:00:00 - 15/06/2021 14:00:00","BZN|SE4","Without Sequence","73.00","",""
"15/06/2021 14:00:00 - 15/06/2021 15:00:00","BZN|SE4","Without Sequence","79.01","",""
"15/06/2021 15:00:00 - 15/06/2021 16:00:00","BZN|SE4","Without Sequence","85.60","",""
"15/06/2021 16:00:00 - 15/06/2021 17:00:00","BZN|SE4","Without Sequence","94.60","",""
"15/06/2021 17:00:00 - 15/06/2021 18:00:00","BZN|SE4","Without Sequence","100.00","",""
"15/06/2021 18:00:00 - 15/06/2021 19:00:00","BZN|SE4","Without Sequence","100.00","",""
"15/06/2021 19:00:00 - 15/06/2021 20:00:00","BZN|SE4","Without Sequence","97.36","",""
"15/06/2021 20:00:00 - 15/06/2021 21:00:00","BZN|SE4","Without Sequence","91.77","",""
"15/06/2021 21:00:00 - 15/06/2021 22:00:00","BZN|SE4","Without Sequence","83.14","",""
"15/06/2021 22:00:00 - 15/06/2021 23:00:00","BZN|SE4","Without Sequence","76.93","",""
"15/06/2021 23:00:00 - 16/06/2021 00:00:00","BZN|SE4","Without Sequence","70.77","",""
"16/06/2021 00:00:00 - 16/06/2021 01:00:00","BZN|SE4","Without Sequence","70.95","",""
"16/06/2021 01:00:00 - 16/06/2021 02:00:00","BZN|SE4","Without Sequence","66.90","",""
"16/06/2021 02:00:00 - 16/06/2021 03:00:00","BZN|SE4","Without Sequence","68.57","",""
"16/06/2021 03:00:00 - 16/06/2021 04:00:00","BZN|SE4","Without Sequence","70.98","",""
"16/06/2021 04:00:00 - 16/06/2021 05:00:00","BZN|SE4","Without Sequence","85.58","",""
"16/06/2021 05:00:00 - 16/06/2021 06:00:00","BZN|SE4","Without Sequence","101.73","",""
"16/06/2021 06:00:00 - 16/06/2021 07:00:00","BZN|SE4","Without Sequence","102.46","",""
"16/06/2021 07:00:00 - 16/06/2021 08:00:00","BZN|SE4","Without Sequence","94.21","",""
"16/06/2021 08:00:00 - 16/06/2021 09:00:00","BZN|SE4","Without Sequence","86.06","",""
"16/06/2021 09:00:00 - 16/06/2021 10:00:00","BZN|SE4","Without Sequence","79.82","",""
"16/06/2021 10:00:00 - 16/06/2021 11:00:00","BZN|SE4","Without Sequence","75.60","",""
"16/06/2021 11:00:00 - 16/06/2021 12:00:00","BZN|SE4","Without Sequence","76.90","",""
"16/06/2021 12:00:00 - 16/06/2021 13:00:00","BZN|SE4","Without Sequence","81.96","",""
"16/06/2021 13:00:00 - 16/06/2021 14:00:00","BZN|SE4","Without Sequence","80.97","",""
"16/06/2021 14:00:00 - 16/06/2021 15:00:00","BZN|SE4","Without Sequence","85.50","",""
"16/06/2021 15:00:00 - 16/06/2021 16:00:00","BZN|SE4","Without Sequence","92.64","",""
"16/06/2021 16:00:00 - 16/06/2021 17:00:00","BZN|SE4","Without Sequence","102.53","",""
"16/06/2021 17:00:00 - 16/06/2021 18:00:00","BZN|SE4","Without Sequence","118.05","",""
"16/06/2021 18:00:00 - 16/06/2021 19:00:00","BZN|SE4","Without Sequence","108.85","",""
"16/06/2021 19:00:00 - 16/06/2021 20:00:00","BZN|SE4","Without Sequence","98.42","",""
"16/06/2021 20:00:00 - 16/06/2021 21:00:00","BZN|SE4","Without Sequence","86.18","",""
"16/06/2021 21:00:00 - 16/06/2021 22:00:00","BZN|SE4","Without Sequence","66.76","",""
"16/06/2021 22:00:00 - 16/06/2021 23:00:00","BZN|SE4","Without Sequence","58.87","",""
"16/06/2021 23:00:00 - 17/06/2021 00:00:00","BZN|SE4","Without Sequence","52.00","",""
"17/06/2021 00:00:00 - 17/06/2021 01:00:00","BZN|SE4","Without Sequence","56.01","",""
"17/06/2021 01:00:00 - 17/06/2021 02:00:00","BZN|SE4","Without Sequence","56.57","",""
"17/06/2021 02:00:00 - 17/06/2021 03:00:00","BZN|SE4","Without Sequence","56.03","",""
"17/06/2021 03:00:00 - 17/06/2021 04:00:00","BZN|SE4","Without Sequence","64.54","",""
"17/06/2021 04:00:00 - 17/06/2021 05:00:00","BZN|SE4","Without Sequence","71.72","",""
"17/06/2021 05:00:00 - 17/06/2021 06:00:00","BZN|SE4","Without Sequence","94.08","",""
"17/06/2021 06:00:00 - 17/06/2021 07:00:00","BZN|SE4","Without Sequence","99.00","",""
"17/06/2021 07:00:00 - 17/06/2021 08:00:00","BZN|SE4","Without Sequence","87.56","",""
"17/06/2021 08:00:00 - 17/06/2021 09:00:00","BZN|SE4","Without Sequence","78.17","",""
"17/06/2021 09:00:00 - 17/06/2021 10:00:00","BZN|SE4","Without Sequence","67.80","",""
"17/06/2021 10:00:00 - 17/06/2021 11:00:00","BZN|SE4","Without Sequence","61.88","",""
"17/06/2021 11:00:00 - 17/06/2021 12:00:00","BZN|SE4","Without Sequence","58.83","",""
"17/06/2021 12:00:00 - 17/06/2021 13:00:00","BZN|SE4","Without Sequence","58.35","",""
"17/06/2021 13:00:00 - 17/06/2021 14:00:00","BZN|SE4","Without Sequence","60.03","",""
"17/06/2021 14:00:00 - 17/06/2021 15:00:00","BZN|SE4","Without Sequence","68.70","",""
"17/06/2021 15:00:00 - 17/06/2021 16:00:00","BZN|SE4","Without Sequence","83.98","",""
"17/06/2021 16:00:00 - 17/06/2021 17:00:00","BZN|SE4","Without Sequence","92.14","",""
"17/06/2021 17:00:00 - 17/06/2021 18:00:00","BZN|SE4","Without Sequence","109.54","",""
"17/06/2021 18:00:00 - 17/06/2021 19:00:00","BZN|SE4","Without Sequence","100.98","",""
"17/06/2021 19:00:00 - 17/06/2021 20:00:00","BZN|SE4","Without Sequence","88.08","",""
"17/06/2021 20:00:00 - 17/06/2021 21:00:00","BZN|SE4","Without Sequence","81.88","",""
"17/06/2021 21:00:00 - 17/06/2021 22:00:00","BZN|SE4","Without Sequence","54.96","",""
"17/06/2021 22:00:00 - 17/06/2021 23:00:00","BZN|SE4","Without Sequence","48.86","",""
"17/06/2021 23:00:00 - 18/06/2021 00:00:00","BZN|SE4","Without Sequence","48.83","",""
"18/06/2021 00:00:00 - 18/06/2021 01:00:00","BZN|SE4","Without Sequence","48.83","",""
"18/06/2021 01:00:00 - 18/06/2021 02:00:00","BZN|SE4","Without Sequence","48.86","",""
"18/06/2021 02:00:00 - 18/06/2021 03:00:00","BZN|SE4","Without Sequence","52.08","",""
"18/06/2021 03:00:00 - 18/06/2021 04:00:00","BZN|SE4","Without Sequence","66.37","",""
"18/06/2021 04:00:00 - 18/06/2021 05:00:00","BZN|SE4","Without Sequence","85.57","",""
"18/06/2021 05:00:00 - 18/06/2021 06:00:00","BZN|SE4","Without Sequence","97.05","",""
"18/06/2021 06:00:00 - 18/06/2021 07:00:00","BZN|SE4","Without Sequence","100.02","",""
"18/06/2021 07:00:00 - 18/06/2021 08:00:00","BZN|SE4","Without Sequence","95.00","",""
"18/06/2021 08:00:00 - 18/06/2021 09:00:00","BZN|SE4","Without Sequence","84.10","",""
"18/06/2021 09:00:00 - 18/06/2021 10:00:00","BZN|SE4","Without Sequence","81.00","",""
"18/06/2021 10:00:00 - 18/06/2021 11:00:00","BZN|SE4","Without Sequence","76.42","",""
"18/06/2021 11:00:00 - 18/06/2021 12:00:00","BZN|SE4","Without Sequence","66.37","",""
"18/06/2021 12:00:00 - 18/06/2021 13:00:00","BZN|SE4","Without Sequence","67.15","",""
"18/06/2021 13:00:00 - 18/06/2021 14:00:00","BZN|SE4","Without Sequence","67.70","",""
"18/06/2021 14:00:00 - 18/06/2021 15:00:00","BZN|SE4","Without Sequence","66.00","",""
"18/06/2021 15:00:00 - 18/06/2021 16:00:00","BZN|SE4","Without Sequence","83.85","",""
"18/06/2021 16:00:00 - 18/06/2021 17:00:00","BZN|SE4","Without Sequence","91.10","",""
"18/06/2021 17:00:00 - 18/06/2021 18:00:00","BZN|SE4","Without Sequence","97.00","",""
"18/06/2021 18:00:00 - 18/06/2021 19:00:00","BZN|SE4","Without Sequence","96.91","",""
"18/06/2021 19:00:00 - 18/06/2021 20:00:00","BZN|SE4","Without Sequence","92.37","",""
"18/06/2021 20:00:00 - 18/06/2021 21:00:00","BZN|SE4","Without Sequence","85.86","",""
"18/06/2021 21:00:00 - 18/06/2021 22:00:00","BZN|SE4","Without Sequence","77.83","",""
"18/06/2021 22:00:00 - 18/06/2021 23:00:00","BZN|SE4","Without Sequence","78.25","",""
"18/06/2021 23:00:00 - 19/06/2021 00:00:00","BZN|SE4","Without Sequence","72.45","",""
"19/06/2021 00:00:00 - 19/06/2021 01:00:00","BZN|SE4","Without Sequence","69.64","",""
"19/06/2021 01:00:00 - 19/06/2021 02:00:00","BZN|SE4","Without Sequence","68.39","",""
"19/06/2021 02:00:00 - 19/06/2021 03:00:00","BZN|SE4","Without Sequence","65.68","",""
"19/06/2021 03:00:00 - 19/06/2021 04:00:00","BZN|SE4","Without Sequence","63.36","",""
"19/06/2021 04:00:00 - 19/06/2021 05:00:00","BZN|SE4","Without Sequence","66.04","",""
"19/06/2021 05:00:00 - 19/06/2021 06:00:00","BZN|SE4","Without Sequence","73.50","",""
"19/06/2021 06:00:00 - 19/06/2021 07:00:00","BZN|SE4","Without Sequence","74.37","",""
"19/06/2021 07:00:00 - 19/06/2021 08:00:00","BZN|SE4","Without Sequence","64.93","",""
"19/06/2021 08:00:00 - 19/06/2021 09:00:00","BZN|SE4","Without Sequence","58.38","",""
"19/06/2021 09:00:00 - 19/06/2021 10:00:00","BZN|SE4","Without Sequence","54.80","",""
"19/06/2021 10:00:00 - 19/06/2021 11:00:00","BZN|SE4","Without Sequence","52.60","",""
"19/06/2021 11:00:00 - 19/06/2021 12:00:00","BZN|SE4","Without Sequence","49.37","",""
"19/06/2021 12:00:00 - 19/06/2021 13:00:00","BZN|SE4","Without Sequence","50.38","",""
"19/06/2021 13:00:00 - 19/06/2021 14:00:00","BZN|SE4","Without Sequence","58.26","",""
"19/06/2021 14:00:00 - 19/06/2021 15:00:00","BZN|SE4","Without Sequence","62.49","",""
"19/06/2021 15:00:00 - 19/06/2021 16:00:00","BZN|SE4","Without Sequence","73.00","",""
"19/06/2021 16:00:00 - 19/06/2021 17:00:00","BZN|SE4","Without Sequence","81.00","",""
"19/06/2021 17:00:00 - 19/06/2021 18:00:00","BZN|SE4","Without Sequence","89.00","",""
"19/06/2021 18:00:00 - 19/06/2021 19:00:00","BZN|SE4","Without Sequence","92.75","",""
"19/06/2021 19:00:00 - 19/06/2021 20:00:00","BZN|SE4","Without Sequence","89.98","",""
"19/06/2021 20:00:00 - 19/06/2021 21:00:00","BZN|SE4","Without Sequence","83.98","",""
"19/06/2021 21:00:00 - 19/06/2021 22:00:00","BZN|SE4","Without Sequence","78.05","",""
"19/06/2021 22:00:00 - 19/06/2021 23:00:00","BZN|SE4","Without Sequence","76.01","",""
"19/06/2021 23:00:00 - 20/06/2021 00:00:00","BZN|SE4","Without Sequence","66.80","",""
"20/06/2021 00:00:00 - 20/06/2021 01:00:00","BZN|SE4","Without Sequence","63.04","",""
"20/06/2021 01:00:00 - 20/06/2021 02:00:00","BZN|SE4","Without Sequence","60.03","",""
"20/06/2021 02:00:00 - 20/06/2021 03:00:00","BZN|SE4","Without Sequence","54.93","",""
"20/06/2021 03:00:00 - 20/06/2021 04:00:00","BZN|SE4","Without Sequence","50.09","",""
"20/06/2021 04:00:00 - 20/06/2021 05:00:00","BZN|SE4","Without Sequence","50.11","",""
"20/06/2021 05:00:00 - 20/06/2021 06:00:00","BZN|SE4","Without Sequence","52.76","",""
"20/06/2021 06:00:00 - 20/06/2021 07:00:00","BZN|SE4","Without Sequence","55.00","",""
"20/06/2021 07:00:00 - 20/06/2021 08:00:00","BZN|SE4","Without Sequence","55.00","",""
"20/06/2021 08:00:00 - 20/06/2021 09:00:00","BZN|SE4","Without Sequence","50.20","",""
"20/06/2021 09:00:00 - 20/06/2021 10:00:00","BZN|SE4","Without Sequence","45.63","",""
"20/06/2021 10:00:00 - 20/06/2021 11:00:00","BZN|SE4","Without Sequence","39.85","",""
"20/06/2021 11:00:00 - 20/06/2021 12:00:00","BZN|SE4","Without Sequence","27.20","",""
"20/06/2021 12:00:00 - 20/06/2021 13:00:00","BZN|SE4","Without Sequence","24.30","",""
"20/06/2021 13:00:00 - 20/06/2021 14:00:00","BZN|SE4","Without Sequence","26.99","",""
"20/06/2021 14:00:00 - 20/06/2021 15:00:00","BZN|SE4","Without Sequence","48.10","",""
"20/06/2021 15:00:00 - 20/06/2021 16:00:00","BZN|SE4","Without Sequence","60.48","",""
"20/06/2021 16:00:00 - 20/06/2021 17:00:00","BZN|SE4","Without Sequence","70.05","",""
"20/06/2021 17:00:00 - 20/06/2021 18:00:00","BZN|SE4","Without Sequence","84.35","",""
"20/06/2021 18:00:00 - 20/06/2021 19:00:00","BZN|SE4","Without Sequence","86.21","",""
"20/06/2021 19:00:00 - 20/06/2021 20:00:00","BZN|SE4","Without Sequence","86.70","",""
"20/06/2021 20:00:00 - 20/06/2021 21:00:00","BZN|SE4","Without Sequence","87.56","",""
"20/06/2021 21:00:00 - 20/06/2021 22:00:00","BZN|SE4","Without Sequence","81.00","",""
"20/06/2021 22:00:00 - 20/06/2021 23:00:00","BZN|SE4","Without Sequence","65.99","",""
"20/06/2021 23:00:00 - 21/06/2021 00:00:00","BZN|SE4","Without Sequence","62.96","",""
"21/06/2021 00:00:00 - 21/06/2021 01:00:00","BZN|SE4","Without Sequence","61.03","",""
"21/06/2021 01:00:00 - 21/06/2021 02:00:00","BZN|SE4","Without Sequence","58.90","",""
"21/06/2021 02:00:00 - 21/06/2021 03:00:00","BZN|SE4","Without Sequence","58.62","",""
"21/06/2021 03:00:00 - 21/06/2021 04:00:00","BZN|SE4","Without Sequence","62.50","",""
"21/06/2021 04:00:00 - 21/06/2021 05:00:00","BZN|SE4","Without Sequence","76.10","",""
"21/06/2021 05:00:00 - 21/06/2021 06:00:00","BZN|SE4","Without Sequence","88.94","",""
"21/06/2021 06:00:00 - 21/06/2021 07:00:00","BZN|SE4","Without Sequence","92.00","",""
"21/06/2021 07:00:00 - 21/06/2021 08:00:00","BZN|SE4","Without Sequence","90.00","",""
"21/06/2021 08:00:00 - 21/06/2021 09:00:00","BZN|SE4","Without Sequence","86.28","",""
"21/06/2021 09:00:00 - 21/06/2021 10:00:00","BZN|SE4","Without Sequence","82.00","",""
"21/06/2021 10:00:00 - 21/06/2021 11:00:00","BZN|SE4","Without Sequence","78.48","",""
"21/06/2021 11:00:00 - 21/06/2021 12:00:00","BZN|SE4","Without Sequence","69.93","",""
"21/06/2021 12:00:00 - 21/06/2021 13:00:00","BZN|SE4","Without Sequence","67.34","",""
"21/06/2021 13:00:00 - 21/06/2021 14:00:00","BZN|SE4","Without Sequence","72.05","",""
"21/06/2021 14:00:00 - 21/06/2021 15:00:00","BZN|SE4","Without Sequence","75.13","",""
"21/06/2021 15:00:00 - 21/06/2021 16:00:00","BZN|SE4","Without Sequence","82.94","",""
"21/06/2021 16:00:00 - 21/06/2021 17:00:00","BZN|SE4","Without Sequence","88.97","",""
"21/06/2021 17:00:00 - 21/06/2021 18:00:00","BZN|SE4","Without Sequence","93.79","",""
"21/06/2021 18:00:00 - 21/06/2021 19:00:00","BZN|SE4","Without Sequence","94.07","",""
"21/06/2021 19:00:00 - 21/06/2021 20:00:00","BZN|SE4","Without Sequence","91.27","",""
"21/06/2021 20:00:00 - 21/06/2021 21:00:00","BZN|SE4","Without Sequence","86.09","",""
"21/06/2021 21:00:00 - 21/06/2021 22:00:00","BZN|SE4","Without Sequence","77.80","",""
"21/06/2021 22:00:00 - 21/06/2021 23:00:00","BZN|SE4","Without Sequence","74.03","",""
"21/06/2021 23:00:00 - 22/06/2021 00:00:00","BZN|SE4","Without Sequence","68.38","",""
"22/06/2021 00:00:00 - 22/06/2021 01:00:00","BZN|SE4","Without Sequence","66.80","",""
"22/06/2021 01:00:00 - 22/06/2021 02:00:00","BZN|SE4","Without Sequence","65.68","",""
"22/06/2021 02:00:00 - 22/06/2021 03:00:00","BZN|SE4","Without Sequence","64.84","",""
"22/06/2021 03:00:00 - 22/06/2021 04:00:00","BZN|SE4","Without Sequence","67.67","",""
"22/06/2021 04:00:00 - 22/06/2021 05:00:00","BZN|SE4","Without Sequence","83.08","",""
"22/06/2021 05:00:00 - 22/06/2021 06:00:00","BZN|SE4","Without Sequence","93.76","",""
"22/06/2021 06:00:00 - 22/06/2021 07:00:00","BZN|SE4","Without Sequence","96.00","",""
"22/06/2021 07:00:00 - 22/06/2021 08:00:00","BZN|SE4","Without Sequence","93.65","",""
"22/06/2021 08:00:00 - 22/06/2021 09:00:00","BZN|SE4","Without Sequence","90.97","",""
"22/06/2021 09:00:00 - 22/06/2021 10:00:00","BZN|SE4","Without Sequence","90.10","",""
"22/06/2021 10:00:00 - 22/06/2021 11:00:00","BZN|SE4","Without Sequence","88.48","",""
"22/06/2021 11:00:00 - 22/06/2021 12:00:00","BZN|SE4","Without Sequence","83.90","",""
"22/06/2021 12:00:00 - 22/06/2021 13:00:00","BZN|SE4","Without Sequence","80.07","",""
"22/06/2021 13:00:00 - 22/06/2021 14:00:00","BZN|SE4","Without Sequence","81.73","",""
"22/06/2021 14:00:00 - 22/06/2021 15:00:00","BZN|SE4","Without Sequence","82.41","",""
"22/06/2021 15:00:00 - 22/06/2021 16:00:00","BZN|SE4","Without Sequence","89.95","",""
"22/06/2021 16:00:00 - 22/06/2021 17:00:00","BZN|SE4","Without Sequence","97.59","",""
"22/06/2021 17:00:00 - 22/06/2021 18:00:00","BZN|SE4","Without Sequence","100.46","",""
"22/06/2021 18:00:00 - 22/06/2021 19:00:00","BZN|SE4","Without Sequence","100.10","",""
"22/06/2021 19:00:00 - 22/06/2021 20:00:00","BZN|SE4","Without Sequence","96.87","",""
"22/06/2021 20:00:00 - 22/06/2021 21:00:00","BZN|SE4","Without Sequence","90.68","",""
"22/06/2021 21:00:00 - 22/06/2021 22:00:00","BZN|SE4","Without Sequence","82.94","",""
"22/06/2021 22:00:00 - 22/06/2021 23:00:00","BZN|SE4","Without Sequence","72.59","",""
"22/06/2021 23:00:00 - 23/06/2021 00:00:00","BZN|SE4","Without Sequence","72.53","",""
"23/06/2021 00:00:00 - 23/06/2021 01:00:00","BZN|SE4","Without Sequence","70.29","",""
"23/06/2021 01:00:00 - 23/06/2021 02:00:00","BZN|SE4","Without Sequence","70.09","",""
"23/06/2021 02:00:00 - 23/06/2021 03:00:00","BZN|SE4","Without Sequence","71.18","",""
"23/06/2021 03:00:00 - 23/06/2021 04:00:00","BZN|SE4","Without Sequence","75.01","",""
"23/06/2021 04:00:00 - 23/06/2021 05:00:00","BZN|SE4","Without Sequence","87.85","",""
"23/06/2021 05:00:00 - 23/06/2021 06:00:00","BZN|SE4","Without Sequence","109.93","",""
"23/06/2021 06:00:00 - 23/06/2021 07:00:00","BZN|SE4","Without Sequence","120.00","",""
"23/06/2021 07:00:00 - 23/06/2021 08:00:00","BZN|SE4","Without Sequence","103.93","",""
"23/06/2021 08:00:00 - 23/06/2021 09:00:00","BZN|SE4","Without Sequence","93.94","",""
"23/06/2021 09:00:00 - 23/06/2021 10:00:00","BZN|SE4","Without Sequence","94.34","",""
"23/06/2021 10:00:00 - 23/06/2021 11:00:00","BZN|SE4","Without Sequence","93.37","",""
"23/06/2021 11:00:00 - 23/06/2021 12:00:00","BZN|SE4","Without Sequence","89.70","",""
"23/06/2021 12:00:00 - 23/06/2021 13:00:00","BZN|SE4","Without Sequence","86.91","",""
"23/06/2021 13:00:00 - 23/06/2021 14:00:00","BZN|SE4","Without Sequence","81.63","",""
"23/06/2021 14:00:00 - 23/06/2021 15:00:00","BZN|SE4","Without Sequence","85.64","",""
"23/06/2021 15:00:00 - 23/06/2021 16:00:00","BZN|SE4","Without Sequence","90.96","",""
"23/06/2021 16:00:00 - 23/06/2021 17:00:00","BZN|SE4","Without Sequence","106.44","",""
"23/06/2021 17:00:00 - 23/06/2021 18:00:00","BZN|SE4","Without Sequence","139.72","",""
"23/06/2021 18:00:00 - 23/06/2021 19:00:00","BZN|SE4","Without Sequence","133.38","",""
"23/06/2021 19:00:00 - 23/06/2021 20:00:00","BZN|SE4","Without Sequence","112.47","",""
"23/06/2021 20:00:00 - 23/06/2021 21:00:00","BZN|SE4","Without Sequence","93.35","",""
"23/06/2021 21:00:00 - 23/06/2021 22:00:00","BZN|SE4","Without Sequence","86.34","",""
"23/06/2021 22:00:00 - 23/06/2021 23:00:00","BZN|SE4","Without Sequence","80.89","",""
"23/06/2021 23:00:00 - 24/06/2021 00:00:00","BZN|SE4","Without Sequence","79.29","",""
"24/06/2021 00:00:00 - 24/06/2021 01:00:00","BZN|SE4","Without Sequence","76.19","",""
"24/06/2021 01:00:00 - 24/06/2021 02:00:00","BZN|SE4","Without Sequence","73.31","",""
"24/06/2021 02:00:00 - 24/06/2021 03:00:00","BZN|SE4","Without Sequence","75.44","",""
"24/06/2021 03:00:00 - 24/06/2021 04:00:00","BZN|SE4","Without Sequence","78.76","",""
"24/06/2021 04:00:00 - 24/06/2021 05:00:00","BZN|SE4","Without Sequence","91.47","",""
"24/06/2021 05:00:00 - 24/06/2021 06:00:00","BZN|SE4","Without Sequence","104.23","",""
"24/06/2021 06:00:00 - 24/06/2021 07:00:00","BZN|SE4","Without Sequence","119.81","",""
"24/06/2021 07:00:00 - 24/06/2021 08:00:00","BZN|SE4","Without Sequence","115.97","",""
"24/06/2021 08:00:00 - 24/06/2021 09:00:00","BZN|SE4","Without Sequence","99.99","",""
"24/06/2021 09:00:00 - 24/06/2021 10:00:00","BZN|SE4","Without Sequence","97.33","",""
"24/06/2021 10:00:00 - 24/06/2021 11:00:00","BZN|SE4","Without Sequence","92.38","",""
"24/06/2021 11:00:00 - 24/06/2021 12:00:00","BZN|SE4","Without Sequence","90.22","",""
"24/06/2021 12:00:00 - 24/06/2021 13:00:00","BZN|SE4","Without Sequence","85.74","",""
"24/06/2021 13:00:00 - 24/06/2021 14:00:00","BZN|SE4","Without Sequence","84.96","",""
"24/06/2021 14:00:00 - 24/06/2021 15:00:00","BZN|SE4","Without Sequence","87.75","",""
"24/06/2021 15:00:00 - 24/06/2021 16:00:00","BZN|SE4","Without Sequence","95.94","",""
"24/06/2021 16:00:00 - 24/06/2021 17:00:00","BZN|SE4","Without Sequence","108.39","",""
"24/06/2021 17:00:00 - 24/06/2021 18:00:00","BZN|SE4","Without Sequence","129.54","",""
"24/06/2021 18:00:00 - 24/06/2021 19:00:00","BZN|SE4","Without Sequence","124.37","",""
"24/06/2021 19:00:00 - 24/06/2021 20:00:00","BZN|SE4","Without Sequence","107.37","",""
"24/06/2021 20:00:00 - 24/06/2021 21:00:00","BZN|SE4","Without Sequence","94.32","",""
"24/06/2021 21:00:00 - 24/06/2021 22:00:00","BZN|SE4","Without Sequence","88.91","",""
"24/06/2021 22:00:00 - 24/06/2021 23:00:00","BZN|SE4","Without Sequence","82.59","",""
"24/06/2021 23:00:00 - 25/06/2021 00:00:00","BZN|SE4","Without Sequence","79.62","",""
"25/06/2021 00:00:00 - 25/06/2021 01:00:00","BZN|SE4","Without Sequence","76.99","",""
"25/06/2021 01:00:00 - 25/06/2021 02:00:00","BZN|SE4","Without Sequence","75.44","",""
"25/06/2021 02:00:00 - 25/06/2021 03:00:00","BZN|SE4","Without Sequence","75.77","",""
"25/06/2021 03:00:00 - 25/06/2021 04:00:00","BZN|SE4","Without Sequence","78.30","",""
"25/06/2021 04:00:00 - 25/06/2021 05:00:00","BZN|SE4","Without Sequence","89.80","",""
"25/06/2021 05:00:00 - 25/06/2021 06:00:00","BZN|SE4","Without Sequence","100.54","",""
"25/06/2021 06:00:00 - 25/06/2021 07:00:00","BZN|SE4","Without Sequence","105.51","",""
"25/06/2021 07:00:00 - 25/06/2021 08:00:00","BZN|SE4","Without Sequence","95.02","",""
"25/06/2021 08:00:00 - 25/06/2021 09:00:00","BZN|SE4","Without Sequence","94.41","",""
"25/06/2021 09:00:00 - 25/06/2021 10:00:00","BZN|SE4","Without Sequence","91.25","",""
"25/06/2021 10:00:00 - 25/06/2021 11:00:00","BZN|SE4","Without Sequence","86.45","",""
"25/06/2021 11:00:00 - 25/06/2021 12:00:00","BZN|SE4","Without Sequence","80.07","",""
"25/06/2021 12:00:00 - 25/06/2021 13:00:00","BZN|SE4","Without Sequence","79.26","",""
"25/06/2021 13:00:00 - 25/06/2021 14:00:00","BZN|SE4","Without Sequence","78.96","",""
"25/06/2021 14:00:00 - 25/06/2021 15:00:00","BZN|SE4","Without Sequence","79.83","",""
"25/06/2021 15:00:00 - 25/06/2021 16:00:00","BZN|SE4","Without Sequence","93.27","",""
"25/06/2021 16:00:00 - 25/06/2021 17:00:00","BZN|SE4","Without Sequence","107.96","",""
"25/06/2021 17:00:00 - 25/06/2021 18:00:00","BZN|SE4","Without Sequence","105.99","",""
"25/06/2021 18:00:00 - 25/06/2021 19:00:00","BZN|SE4","Without Sequence","109.08","",""
"25/06/2021 19:00:00 - 25/06/2021 20:00:00","BZN|SE4","Without Sequence","100.72","",""
"25/06/2021 20:00:00 - 25/06/2021 21:00:00","BZN|SE4","Without Sequence","98.38","",""
"25/06/2021 21:00:00 - 25/06/2021 22:00:00","BZN|SE4","Without Sequence","87.56","",""
"25/06/2021 22:00:00 - 25/06/2021 23:00:00","BZN|SE4","Without Sequence","86.80","",""
"25/06/2021 23:00:00 - 26/06/2021 00:00:00","BZN|SE4","Without Sequence","84.33","",""
"26/06/2021 00:00:00 - 26/06/2021 01:00:00","BZN|SE4","Without Sequence","84.30","",""
"26/06/2021 01:00:00 - 26/06/2021 02:00:00","BZN|SE4","Without Sequence","81.19","",""
"26/06/2021 02:00:00 - 26/06/2021 03:00:00","BZN|SE4","Without Sequence","75.48","",""
"26/06/2021 03:00:00 - 26/06/2021 04:00:00","BZN|SE4","Without Sequence","74.03","",""
"26/06/2021 04:00:00 - 26/06/2021 05:00:00","BZN|SE4","Without Sequence","82.60","",""
"26/06/2021 05:00:00 - 26/06/2021 06:00:00","BZN|SE4","Without Sequence","81.54","",""
"26/06/2021 06:00:00 - 26/06/2021 07:00:00","BZN|SE4","Without Sequence","82.80","",""
"26/06/2021 07:00:00 - 26/06/2021 08:00:00","BZN|SE4","Without Sequence","81.52","",""
"26/06/2021 08:00:00 - 26/06/2021 09:00:00","BZN|SE4","Without Sequence","75.24","",""
"26/06/2021 09:00:00 - 26/06/2021 10:00:00","BZN|SE4","Without Sequence","73.37","",""
"26/06/2021 10:00:00 - 26/06/2021 11:00:00","BZN|SE4","Without Sequence","71.17","",""
"26/06/2021 11:00:00 - 26/06/2021 12:00:00","BZN|SE4","Without Sequence","68.97","",""
"26/06/2021 12:00:00 - 26/06/2021 13:00:00","BZN|SE4","Without Sequence","65.74","",""
"26/06/2021 13:00:00 - 26/06/2021 14:00:00","BZN|SE4","Without Sequence","64.87","",""
"26/06/2021 14:00:00 - 26/06/2021 15:00:00","BZN|SE4","Without Sequence","66.10","",""
"26/06/2021 15:00:00 - 26/06/2021 16:00:00","BZN|SE4","Without Sequence","69.74","",""
"26/06/2021 16:00:00 - 26/06/2021 17:00:00","BZN|SE4","Without Sequence","83.78","",""
"26/06/2021 17:00:00 - 26/06/2021 18:00:00","BZN|SE4","Without Sequence","94.24","",""
"26/06/2021 18:00:00 - 26/06/2021 19:00:00","BZN|SE4","Without Sequence","95.95","",""
"26/06/2021 19:00:00 - 26/06/2021 20:00:00","BZN|SE4","Without Sequence","95.29","",""
"26/06/2021 20:00:00 - 26/06/2021 21:00:00","BZN|SE4","Without Sequence","91.03","",""
"26/06/2021 21:00:00 - 26/06/2021 22:00:00","BZN|SE4","Without Sequence","84.78","",""
"26/06/2021 22:00:00 - 26/06/2021 23:00:00","BZN|SE4","Without Sequence","76.89","",""
"26/06/2021 23:00:00 - 27/06/2021 00:00:00","BZN|SE4","Without Sequence","71.00","",""
"27/06/2021 00:00:00 - 27/06/2021 01:00:00","BZN|SE4","Without Sequence","68.05","",""
"27/06/2021 01:00:00 - 27/06/2021 02:00:00","BZN|SE4","Without Sequence","67.25","",""
"27/06/2021 02:00:00 - 27/06/2021 03:00:00","BZN|SE4","Without Sequence","66.52","",""
"27/06/2021 03:00:00 - 27/06/2021 04:00:00","BZN|SE4","Without Sequence","65.92","",""
"27/06/2021 04:00:00 - 27/06/2021 05:00:00","BZN|SE4","Without Sequence","66.07","",""
"27/06/2021 05:00:00 - 27/06/2021 06:00:00","BZN|SE4","Without Sequence","65.03","",""
"27/06/2021 06:00:00 - 27/06/2021 07:00:00","BZN|SE4","Without Sequence","62.29","",""
"27/06/2021 07:00:00 - 27/06/2021 08:00:00","BZN|SE4","Without Sequence","59.61","",""
"27/06/2021 08:00:00 - 27/06/2021 09:00:00","BZN|SE4","Without Sequence","52.89","",""
"27/06/2021 09:00:00 - 27/06/2021 10:00:00","BZN|SE4","Without Sequence","52.96","",""
"27/06/2021 10:00:00 - 27/06/2021 11:00:00","BZN|SE4","Without Sequence","49.58","",""
"27/06/2021 11:00:00 - 27/06/2021 12:00:00","BZN|SE4","Without Sequence","32.29","",""
"27/06/2021 12:00:00 - 27/06/2021 13:00:00","BZN|SE4","Without Sequence","30.32","",""
"27/06/2021 13:00:00 - 27/06/2021 14:00:00","BZN|SE4","Without Sequence","31.86","",""
"27/06/2021 14:00:00 - 27/06/2021 15:00:00","BZN|SE4","Without Sequence","45.05","",""
"27/06/2021 15:00:00 - 27/06/2021 16:00:00","BZN|SE4","Without Sequence","67.03","",""
"27/06/2021 16:00:00 - 27/06/2021 17:00:00","BZN|SE4","Without Sequence","80.55","",""
"27/06/2021 17:00:00 - 27/06/2021 18:00:00","BZN|SE4","Without Sequence","90.30","",""
"27/06/2021 18:00:00 - 27/06/2021 19:00:00","BZN|SE4","Without Sequence","93.22","",""
"27/06/2021 19:00:00 - 27/06/2021 20:00:00","BZN|SE4","Without Sequence","93.68","",""
"27/06/2021 20:00:00 - 27/06/2021 21:00:00","BZN|SE4","Without Sequence","90.68","",""
"27/06/2021 21:00:00 - 27/06/2021 22:00:00","BZN|SE4","Without Sequence","84.87","",""
"27/06/2021 22:00:00 - 27/06/2021 23:00:00","BZN|SE4","Without Sequence","81.20","",""
"27/06/2021 23:00:00 - 28/06/2021 00:00:00","BZN|SE4","Without Sequence","73.38","",""
"28/06/2021 00:00:00 - 28/06/2021 01:00:00","BZN|SE4","Without Sequence","70.20","",""
"28/06/2021 01:00:00 - 28/06/2021 02:00:00","BZN|SE4","Without Sequence","68.92","",""
"28/06/2021 02:00:00 - 28/06/2021 03:00:00","BZN|SE4","Without Sequence","69.15","",""
"28/06/2021 03:00:00 - 28/06/2021 04:00:00","BZN|SE4","Without Sequence","74.00","",""
"28/06/2021 04:00:00 - 28/06/2021 05:00:00","BZN|SE4","Without Sequence","94.29","",""
"28/06/2021 05:00:00 - 28/06/2021 06:00:00","BZN|SE4","Without Sequence","103.18","",""
"28/06/2021 06:00:00 - 28/06/2021 07:00:00","BZN|SE4","Without Sequence","98.49","",""
"28/06/2021 07:00:00 - 28/06/2021 08:00:00","BZN|SE4","Without Sequence","94.24","",""
"28/06/2021 08:00:00 - 28/06/2021 09:00:00","BZN|SE4","Without Sequence","89.70","",""
"28/06/2021 09:00:00 - 28/06/2021 10:00:00","BZN|SE4","Without Sequence","86.95","",""
"28/06/2021 10:00:00 - 28/06/2021 11:00:00","BZN|SE4","Without Sequence","86.74","",""
"28/06/2021 11:00:00 - 28/06/2021 12:00:00","BZN|SE4","Without Sequence","80.40","",""
"28/06/2021 12:00:00 - 28/06/2021 13:00:00","BZN|SE4","Without Sequence","78.27","",""
"28/06/2021 13:00:00 - 28/06/2021 14:00:00","BZN|SE4","Without Sequence","81.20","",""
"28/06/2021 14:00:00 - 28/06/2021 15:00:00","BZN|SE4","Without Sequence","84.96","",""
"28/06/2021 15:00:00 - 28/06/2021 16:00:00","BZN|SE4","Without Sequence","90.45","",""
"28/06/2021 16:00:00 - 28/06/2021 17:00:00","BZN|SE4","Without Sequence","99.62","",""
"28/06/2021 17:00:00 - 28/06/2021 18:00:00","BZN|SE4","Without Sequence","123.96","",""
"28/06/2021 18:00:00 - 28/06/2021 19:00:00","BZN|SE4","Without Sequence","117.96","",""
"28/06/2021 19:00:00 - 28/06/2021 20:00:00","BZN|SE4","Without Sequence","98.98","",""
"28/06/2021 20:00:00 - 28/06/2021 21:00:00","BZN|SE4","Without Sequence","97.49","",""
"28/06/2021 21:00:00 - 28/06/2021 22:00:00","BZN|SE4","Without Sequence","89.59","",""
"28/06/2021 22:00:00 - 28/06/2021 23:00:00","BZN|SE4","Without Sequence","81.03","",""
"28/06/2021 23:00:00 - 29/06/2021 00:00:00","BZN|SE4","Without Sequence","76.33","",""
"29/06/2021 00:00:00 - 29/06/2021 01:00:00","BZN|SE4","Without Sequence","74.98","",""
"29/06/2021 01:00:00 - 29/06/2021 02:00:00","BZN|SE4","Without Sequence","73.45","",""
"29/06/2021 02:00:00 - 29/06/2021 03:00:00","BZN|SE4","Without Sequence","74.52","",""
"29/06/2021 03:00:00 - 29/06/2021 04:00:00","BZN|SE4","Without Sequence","78.46","",""
"29/06/2021 04:00:00 - 29/06/2021 05:00:00","BZN|SE4","Without Sequence","93.79","",""
"29/06/2021 05:00:00 - 29/06/2021 06:00:00","BZN|SE4","Without Sequence","103.48","",""
"29/06/2021 06:00:00 - 29/06/2021 07:00:00","BZN|SE4","Without Sequence","111.03","",""
"29/06/2021 07:00:00 - 29/06/2021 08:00:00","BZN|SE4","Without Sequence","104.04","",""
"29/06/2021 08:00:00 - 29/06/2021 09:00:00","BZN|SE4","Without Sequence","99.14","",""
"29/06/2021 09:00:00 - 29/06/2021 10:00:00","BZN|SE4","Without Sequence","100.02","",""
"29/06/2021 10:00:00 - 29/06/2021 11:00:00","BZN|SE4","Without Sequence","98.11","",""
"29/06/2021 11:00:00 - 29/06/2021 12:00:00","BZN|SE4","Without Sequence","95.26","",""
"29/06/2021 12:00:00 - 29/06/2021 13:00:00","BZN|SE4","Without Sequence","93.54","",""
"29/06/2021 13:00:00 - 29/06/2021 14:00:00","BZN|SE4","Without Sequence","96.90","",""
"29/06/2021 14:00:00 - 29/06/2021 15:00:00","BZN|SE4","Without Sequence","91.19","",""
"29/06/2021 15:00:00 - 29/06/2021 16:00:00","BZN|SE4","Without Sequence","97.93","",""
"29/06/2021 16:00:00 - 29/06/2021 17:00:00","BZN|SE4","Without Sequence","100.04","",""
"29/06/2021 17:00:00 - 29/06/2021 18:00:00","BZN|SE4","Without Sequence","103.40","",""
"29/06/2021 18:00:00 - 29/06/2021 19:00:00","BZN|SE4","Without Sequence","99.06","",""
"29/06/2021 19:00:00 - 29/06/2021 20:00:00","BZN|SE4","Without Sequence","96.33","",""
"29/06/2021 20:00:00 - 29/06/2021 21:00:00","BZN|SE4","Without Sequence","94.97","",""
"29/06/2021 21:00:00 - 29/06/2021 22:00:00","BZN|SE4","Without Sequence","84.59","",""
"29/06/2021 22:00:00 - 29/06/2021 23:00:00","BZN|SE4","Without Sequence","80.82","",""
"29/06/2021 23:00:00 - 30/06/2021 00:00:00","BZN|SE4","Without Sequence","79.02","",""
"30/06/2021 00:00:00 - 30/06/2021 01:00:00","BZN|SE4","Without Sequence","75.63","",""
"30/06/2021 01:00:00 - 30/06/2021 02:00:00","BZN|SE4","Without Sequence","74.13","",""
"30/06/2021 02:00:00 - 30/06/2021 03:00:00","BZN|SE4","Without Sequence","74.03","",""
"30/06/2021 03:00:00 - 30/06/2021 04:00:00","BZN|SE4","Without Sequence","78.03","",""
"30/06/2021 04:00:00 - 30/06/2021 05:00:00","BZN|SE4","Without Sequence","95.86","",""
"30/06/2021 05:00:00 - 30/06/2021 06:00:00","BZN|SE4","Without Sequence","102.15","",""
"30/06/2021 06:00:00 - 30/06/2021 07:00:00","BZN|SE4","Without Sequence","108.00","",""
"30/06/2021 07:00:00 - 30/06/2021 08:00:00","BZN|SE4","Without Sequence","106.37","",""
"30/06/2021 08:00:00 - 30/06/2021 09:00:00","BZN|SE4","Without Sequence","107.56","",""
"30/06/2021 09:00:00 - 30/06/2021 10:00:00","BZN|SE4","Without Sequence","102.23","",""
"30/06/2021 10:00:00 - 30/06/2021 11:00:00","BZN|SE4","Without Sequence","99.00","",""
"30/06/2021 11:00:00 - 30/06/2021 12:00:00","BZN|SE4","Without Sequence","96.08","",""
"30/06/2021 12:00:00 - 30/06/2021 13:00:00","BZN|SE4","Without Sequence","92.43","",""
"30/06/2021 13:00:00 - 30/06/2021 14:00:00","BZN|SE4","Without Sequence","87.29","",""
"30/06/2021 14:00:00 - 30/06/2021 15:00:00","BZN|SE4","Without Sequence","87.36","",""
"30/06/2021 15:00:00 - 30/06/2021 16:00:00","BZN|SE4","Without Sequence","94.44","",""
"30/06/2021 16:00:00 - 30/06/2021 17:00:00","BZN|SE4","Without Sequence","100.27","",""
"30/06/2021 17:00:00 - 30/06/2021 18:00:00","BZN|SE4","Without Sequence","99.97","",""
"30/06/2021 18:00:00 - 30/06/2021 19:00:00","BZN|SE4","Without Sequence","98.97","",""
"30/06/2021 19:00:00 - 30/06/2021 20:00:00","BZN|SE4","Without Sequence","97.02","",""
"30/06/2021 20:00:00 - 30/06/2021 21:00:00","BZN|SE4","Without Sequence","96.01","",""
"30/06/2021 21:00:00 - 30/06/2021 22:00:00","BZN|SE4","Without Sequence","82.33","",""
"30/06/2021 22:00:00 - 30/06/2021 23:00:00","BZN|SE4","Without Sequence","79.62","",""
"30/06/2021 23:00:00 - 01/07/2021 00:00:00","BZN|SE4","Without Sequence","74.08","",""
"01/07/2021 00:00:00 - 01/07/2021 01:00:00","BZN|SE4","Without Sequence","71.96","",""
"01/07/2021 01:00:00 - 01/07/2021 02:00:00","BZN|SE4","Without Sequence","70.28","",""
"01/07/2021 02:00:00 - 01/07/2021 03:00:00","BZN|SE4","Without Sequence","69.53","",""
"01/07/2021 03:00:00 - 01/07/2021 04:00:00","BZN|SE4","Without Sequence","72.18","",""
"01/07/2021 04:00:00 - 01/07/2021 05:00:00","BZN|SE4","Without Sequence","84.91","",""
"01/07/2021 05:00:00 - 01/07/2021 06:00:00","BZN|SE4","Without Sequence","95.95","",""
"01/07/2021 06:00:00 - 01/07/2021 07:00:00","BZN|SE4","Without Sequence","98.50","",""
"01/07/2021 07:00:00 - 01/07/2021 08:00:00","BZN|SE4","Without Sequence","96.40","",""
"01/07/2021 08:00:00 - 01/07/2021 09:00:00","BZN|SE4","Without Sequence","94.96","",""
"01/07/2021 09:00:00 - 01/07/2021 10:00:00","BZN|SE4","Without Sequence","96.51","",""
"01/07/2021 10:00:00 - 01/07/2021 11:00:00","BZN|SE4","Without Sequence","93.51","",""
"01/07/2021 11:00:00 - 01/07/2021 12:00:00","BZN|SE4","Without Sequence","90.19","",""
"01/07/2021 12:00:00 - 01/07/2021 13:00:00","BZN|SE4","Without Sequence","85.67","",""
"01/07/2021 13:00:00 - 01/07/2021 14:00:00","BZN|SE4","Without Sequence","85.00","",""
"01/07/2021 14:00:00 - 01/07/2021 15:00:00","BZN|SE4","Without Sequence","85.68","",""
"01/07/2021 15:00:00 - 01/07/2021 16:00:00","BZN|SE4","Without Sequence","95.91","",""
"01/07/2021 16:00:00 - 01/07/2021 17:00:00","BZN|SE4","Without Sequence","99.98","",""
"01/07/2021 17:00:00 - 01/07/2021 18:00:00","BZN|SE4","Without Sequence","103.77","",""
"01/07/2021 18:00:00 - 01/07/2021 19:00:00","BZN|SE4","Without Sequence","100.34","",""
"01/07/2021 19:00:00 - 01/07/2021 20:00:00","BZN|SE4","Without Sequence","99.51","",""
"01/07/2021 20:00:00 - 01/07/2021 21:00:00","BZN|SE4","Without Sequence","98.17","",""
"01/07/2021 21:00:00 - 01/07/2021 22:00:00","BZN|SE4","Without Sequence","87.59","",""
"01/07/2021 22:00:00 - 01/07/2021 23:00:00","BZN|SE4","Without Sequence","84.60","",""
"01/07/2021 23:00:00 - 02/07/2021 00:00:00","BZN|SE4","Without Sequence","83.31","",""
"02/07/2021 00:00:00 - 02/07/2021 01:00:00","BZN|SE4","Without Sequence","80.21","",""
"02/07/2021 01:00:00 - 02/07/2021 02:00:00","BZN|SE4","Without Sequence","80.37","",""
"02/07/2021 02:00:00 - 02/07/2021 03:00:00","BZN|SE4","Without Sequence","80.16","",""
"02/07/2021 03:00:00 - 02/07/2021 04:00:00","BZN|SE4","Without Sequence","84.60","",""
"02/07/2021 04:00:00 - 02/07/2021 05:00:00","BZN|SE4","Without Sequence","102.00","",""
"02/07/2021 05:00:00 - 02/07/2021 06:00:00","BZN|SE4","Without Sequence","112.00","",""
"02/07/2021 06:00:00 - 02/07/2021 07:00:00","BZN|SE4","Without Sequence","122.50","",""
"02/07/2021 07:00:00 - 02/07/2021 08:00:00","BZN|SE4","Without Sequence","107.24","",""
"02/07/2021 08:00:00 - 02/07/2021 09:00:00","BZN|SE4","Without Sequence","103.28","",""
"02/07/2021 09:00:00 - 02/07/2021 10:00:00","BZN|SE4","Without Sequence","100.00","",""
"02/07/2021 10:00:00 - 02/07/2021 11:00:00","BZN|SE4","Without Sequence","99.61","",""
"02/07/2021 11:00:00 - 02/07/2021 12:00:00","BZN|SE4","Without Sequence","89.84","",""
"02/07/2021 12:00:00 - 02/07/2021 13:00:00","BZN|SE4","Without Sequence","82.37","",""
"02/07/2021 13:00:00 - 02/07/2021 14:00:00","BZN|SE4","Without Sequence","82.53","",""
"02/07/2021 14:00:00 - 02/07/2021 15:00:00","BZN|SE4","Without Sequence","82.57","",""
"02/07/2021 15:00:00 - 02/07/2021 16:00:00","BZN|SE4","Without Sequence","94.23","",""
"02/07/2021 16:00:00 - 02/07/2021 17:00:00","BZN|SE4","Without Sequence","99.98","",""
"02/07/2021 17:00:00 - 02/07/2021 18:00:00","BZN|SE4","Without Sequence","110.00","",""
"02/07/2021 18:00:00 - 02/07/2021 19:00:00","BZN|SE4","Without Sequence","109.49","",""
"02/07/2021 19:00:00 - 02/07/2021 20:00:00","BZN|SE4","Without Sequence","105.55","",""
"02/07/2021 20:00:00 - 02/07/2021 21:00:00","BZN|SE4","Without Sequence","102.50","",""
"02/07/2021 21:00:00 - 02/07/2021 22:00:00","BZN|SE4","Without Sequence","88.13","",""
"02/07/2021 22:00:00 - 02/07/2021 23:00:00","BZN|SE4","Without Sequence","85.98","",""
"02/07/2021 23:00:00 - 03/07/2021 00:00:00","BZN|SE4","Without Sequence","82.36","",""
"03/07/2021 00:00:00 - 03/07/2021 01:00:00","BZN|SE4","Without Sequence","78.96","",""
"03/07/2021 01:00:00 - 03/07/2021 02:00:00","BZN|SE4","Without Sequence","75.71","",""
"03/07/2021 02:00:00 - 03/07/2021 03:00:00","BZN|SE4","Without Sequence","72.28","",""
"03/07/2021 03:00:00 - 03/07/2021 04:00:00","BZN|SE4","Without Sequence","74.06","",""
"03/07/2021 04:00:00 - 03/07/2021 05:00:00","BZN|SE4","Without Sequence","78.97","",""
"03/07/2021 05:00:00 - 03/07/2021 06:00:00","BZN|SE4","Without Sequence","81.45","",""
"03/07/2021 06:00:00 - 03/07/2021 07:00:00","BZN|SE4","Without Sequence","83.03","",""
"03/07/2021 07:00:00 - 03/07/2021 08:00:00","BZN|SE4","Without Sequence","79.34","",""
"03/07/2021 08:00:00 - 03/07/2021 09:00:00","BZN|SE4","Without Sequence","74.06","",""
"03/07/2021 09:00:00 - 03/07/2021 10:00:00","BZN|SE4","Without Sequence","70.00","",""
"03/07/2021 10:00:00 - 03/07/2021 11:00:00","BZN|SE4","Without Sequence","67.04","",""
"03/07/2021 11:00:00 - 03/07/2021 12:00:00","BZN|SE4","Without Sequence","65.00","",""
"03/07/2021 12:00:00 - 03/07/2021 13:00:00","BZN|SE4","Without Sequence","66.60","",""
"03/07/2021 13:00:00 - 03/07/2021 14:00:00","BZN|SE4","Without Sequence","73.00","",""
"03/07/2021 14:00:00 - 03/07/2021 15:00:00","BZN|SE4","Without Sequence","75.20","",""
"03/07/2021 15:00:00 - 03/07/2021 16:00:00","BZN|SE4","Without Sequence","85.45","",""
"03/07/2021 16:00:00 - 03/07/2021 17:00:00","BZN|SE4","Without Sequence","95.44","",""
"03/07/2021 17:00:00 - 03/07/2021 18:00:00","BZN|SE4","Without Sequence","106.96","",""
"03/07/2021 18:00:00 - 03/07/2021 19:00:00","BZN|SE4","Without Sequence","107.43","",""
"03/07/2021 19:00:00 - 03/07/2021 20:00:00","BZN|SE4","Without Sequence","106.97","",""
"03/07/2021 20:00:00 - 03/07/2021 21:00:00","BZN|SE4","Without Sequence","106.95","",""
"03/07/2021 21:00:00 - 03/07/2021 22:00:00","BZN|SE4","Without Sequence","91.14","",""
"03/07/2021 22:00:00 - 03/07/2021 23:00:00","BZN|SE4","Without Sequence","84.58","",""
"03/07/2021 23:00:00 - 04/07/2021 00:00:00","BZN|SE4","Without Sequence","83.45","",""
"04/07/2021 00:00:00 - 04/07/2021 01:00:00","BZN|SE4","Without Sequence","78.13","",""
"04/07/2021 01:00:00 - 04/07/2021 02:00:00","BZN|SE4","Without Sequence","73.80","",""
"04/07/2021 02:00:00 - 04/07/2021 03:00:00","BZN|SE4","Without Sequence","73.23","",""
"04/07/2021 03:00:00 - 04/07/2021 04:00:00","BZN|SE4","Without Sequence","72.54","",""
"04/07/2021 04:00:00 - 04/07/2021 05:00:00","BZN|SE4","Without Sequence","74.50","",""
"04/07/2021 05:00:00 - 04/07/2021 06:00:00","BZN|SE4","Without Sequence","75.42","",""
"04/07/2021 06:00:00 - 04/07/2021 07:00:00","BZN|SE4","Without Sequence","78.68","",""
"04/07/2021 07:00:00 - 04/07/2021 08:00:00","BZN|SE4","Without Sequence","77.08","",""
"04/07/2021 08:00:00 - 04/07/2021 09:00:00","BZN|SE4","Without Sequence","75.24","",""
"04/07/2021 09:00:00 - 04/07/2021 10:00:00","BZN|SE4","Without Sequence","78.03","",""
"04/07/2021 10:00:00 - 04/07/2021 11:00:00","BZN|SE4","Without Sequence","78.02","",""
"04/07/2021 11:00:00 - 04/07/2021 12:00:00","BZN|SE4","Without Sequence","74.00","",""
"04/07/2021 12:00:00 - 04/07/2021 13:00:00","BZN|SE4","Without Sequence","69.26","",""
"04/07/2021 13:00:00 - 04/07/2021 14:00:00","BZN|SE4","Without Sequence","69.07","",""
"04/07/2021 14:00:00 - 04/07/2021 15:00:00","BZN|SE4","Without Sequence","77.03","",""
"04/07/2021 15:00:00 - 04/07/2021 16:00:00","BZN|SE4","Without Sequence","83.07","",""
"04/07/2021 16:00:00 - 04/07/2021 17:00:00","BZN|SE4","Without Sequence","90.86","",""
"04/07/2021 17:00:00 - 04/07/2021 18:00:00","BZN|SE4","Without Sequence","97.15","",""
"04/07/2021 18:00:00 - 04/07/2021 19:00:00","BZN|SE4","Without Sequence","98.78","",""
"04/07/2021 19:00:00 - 04/07/2021 20:00:00","BZN|SE4","Without Sequence","101.05","",""
"04/07/2021 20:00:00 - 04/07/2021 21:00:00","BZN|SE4","Without Sequence","100.99","",""
"04/07/2021 21:00:00 - 04/07/2021 22:00:00","BZN|SE4","Without Sequence","91.16","",""
"04/07/2021 22:00:00 - 04/07/2021 23:00:00","BZN|SE4","Without Sequence","81.55","",""
"04/07/2021 23:00:00 - 05/07/2021 00:00:00","BZN|SE4","Without Sequence","75.22","",""
"05/07/2021 00:00:00 - 05/07/2021 01:00:00","BZN|SE4","Without Sequence","74.01","",""
"05/07/2021 01:00:00 - 05/07/2021 02:00:00","BZN|SE4","Without Sequence","72.01","",""
"05/07/2021 02:00:00 - 05/07/2021 03:00:00","BZN|SE4","Without Sequence","71.54","",""
"05/07/2021 03:00:00 - 05/07/2021 04:00:00","BZN|SE4","Without Sequence","74.09","",""
"05/07/2021 04:00:00 - 05/07/2021 05:00:00","BZN|SE4","Without Sequence","89.37","",""
"05/07/2021 05:00:00 - 05/07/2021 06:00:00","BZN|SE4","Without Sequence","101.93","",""
"05/07/2021 06:00:00 - 05/07/2021 07:00:00","BZN|SE4","Without Sequence","105.69","",""
"05/07/2021 07:00:00 - 05/07/2021 08:00:00","BZN|SE4","Without Sequence","103.55","",""
"05/07/2021 08:00:00 - 05/07/2021 09:00:00","BZN|SE4","Without Sequence","101.00","",""
"05/07/2021 09:00:00 - 05/07/2021 10:00:00","BZN|SE4","Without Sequence","100.09","",""
"05/07/2021 10:00:00 - 05/07/2021 11:00:00","BZN|SE4","Without Sequence","97.91","",""
"05/07/2021 11:00:00 - 05/07/2021 12:00:00","BZN|SE4","Without Sequence","94.23","",""
"05/07/2021 12:00:00 - 05/07/2021 13:00:00","BZN|SE4","Without Sequence","88.93","",""
"05/07/2021 13:00:00 - 05/07/2021 14:00:00","BZN|SE4","Without Sequence","83.93","",""
"05/07/2021 14:00:00 - 05/07/2021 15:00:00","BZN|SE4","Without Sequence","87.80","",""
"05/07/2021 15:00:00 - 05/07/2021 16:00:00","BZN|SE4","Without Sequence","99.36","",""
"05/07/2021 16:00:00 - 05/07/2021 17:00:00","BZN|SE4","Without Sequence","105.60","",""
"05/07/2021 17:00:00 - 05/07/2021 18:00:00","BZN|SE4","Without Sequence","114.99","",""
"05/07/2021 18:00:00 - 05/07/2021 19:00:00","BZN|SE4","Without Sequence","115.99","",""
"05/07/2021 19:00:00 - 05/07/2021 20:00:00","BZN|SE4","Without Sequence","97.20","",""
"05/07/2021 20:00:00 - 05/07/2021 21:00:00","BZN|SE4","Without Sequence","90.75","",""
"05/07/2021 21:00:00 - 05/07/2021 22:00:00","BZN|SE4","Without Sequence","64.16","",""
"05/07/2021 22:00:00 - 05/07/2021 23:00:00","BZN|SE4","Without Sequence","54.84","",""
"05/07/2021 23:00:00 - 06/07/2021 00:00:00","BZN|SE4","Without Sequence","44.83","",""
"06/07/2021 00:00:00 - 06/07/2021 01:00:00","BZN|SE4","Without Sequence","44.69","",""
"06/07/2021 01:00:00 - 06/07/2021 02:00:00","BZN|SE4","Without Sequence","44.59","",""
"06/07/2021 02:00:00 - 06/07/2021 03:00:00","BZN|SE4","Without Sequence","44.89","",""
"06/07/2021 03:00:00 - 06/07/2021 04:00:00","BZN|SE4","Without Sequence","52.58","",""
"06/07/2021 04:00:00 - 06/07/2021 05:00:00","BZN|SE4","Without Sequence","80.56","",""
"06/07/2021 05:00:00 - 06/07/2021 06:00:00","BZN|SE4","Without Sequence","96.59","",""
"06/07/2021 06:00:00 - 06/07/2021 07:00:00","BZN|SE4","Without Sequence","97.06","",""
"06/07/2021 07:00:00 - 06/07/2021 08:00:00","BZN|SE4","Without Sequence","87.29","",""
"06/07/2021 08:00:00 - 06/07/2021 09:00:00","BZN|SE4","Without Sequence","76.80","",""
"06/07/2021 09:00:00 - 06/07/2021 10:00:00","BZN|SE4","Without Sequence","70.34","",""
"06/07/2021 10:00:00 - 06/07/2021 11:00:00","BZN|SE4","Without Sequence","60.07","",""
"06/07/2021 11:00:00 - 06/07/2021 12:00:00","BZN|SE4","Without Sequence","58.48","",""
"06/07/2021 12:00:00 - 06/07/2021 13:00:00","BZN|SE4","Without Sequence","57.64","",""
"06/07/2021 13:00:00 - 06/07/2021 14:00:00","BZN|SE4","Without Sequence","61.24","",""
"06/07/2021 14:00:00 - 06/07/2021 15:00:00","BZN|SE4","Without Sequence","59.06","",""
"06/07/2021 15:00:00 - 06/07/2021 16:00:00","BZN|SE4","Without Sequence","73.68","",""
"06/07/2021 16:00:00 - 06/07/2021 17:00:00","BZN|SE4","Without Sequence","89.27","",""
"06/07/2021 17:00:00 - 06/07/2021 18:00:00","BZN|SE4","Without Sequence","97.54","",""
"06/07/2021 18:00:00 - 06/07/2021 19:00:00","BZN|SE4","Without Sequence","100.99","",""
"06/07/2021 19:00:00 - 06/07/2021 20:00:00","BZN|SE4","Without Sequence","57.88","",""
"06/07/2021 20:00:00 - 06/07/2021 21:00:00","BZN|SE4","Without Sequence","57.52","",""
"06/07/2021 21:00:00 - 06/07/2021 22:00:00","BZN|SE4","Without Sequence","54.10","",""
"06/07/2021 22:00:00 - 06/07/2021 23:00:00","BZN|SE4","Without Sequence","48.56","",""
"06/07/2021 23:00:00 - 07/07/2021 00:00:00","BZN|SE4","Without Sequence","48.06","",""
"07/07/2021 00:00:00 - 07/07/2021 01:00:00","BZN|SE4","Without Sequence","48.06","",""
"07/07/2021 01:00:00 - 07/07/2021 02:00:00","BZN|SE4","Without Sequence","47.59","",""
"07/07/2021 02:00:00 - 07/07/2021 03:00:00","BZN|SE4","Without Sequence","47.94","",""
"07/07/2021 03:00:00 - 07/07/2021 04:00:00","BZN|SE4","Without Sequence","46.87","",""
"07/07/2021 04:00:00 - 07/07/2021 05:00:00","BZN|SE4","Without Sequence","56.64","",""
"07/07/2021 05:00:00 - 07/07/2021 06:00:00","BZN|SE4","Without Sequence","102.27","",""
"07/07/2021 06:00:00 - 07/07/2021 07:00:00","BZN|SE4","Without Sequence","108.31","",""
"07/07/2021 07:00:00 - 07/07/2021 08:00:00","BZN|SE4","Without Sequence","104.93","",""
"07/07/2021 08:00:00 - 07/07/2021 09:00:00","BZN|SE4","Without Sequence","98.24","",""
"07/07/2021 09:00:00 - 07/07/2021 10:00:00","BZN|SE4","Without Sequence","97.20","",""
"07/07/2021 10:00:00 - 07/07/2021 11:00:00","BZN|SE4","Without Sequence","95.31","",""
"07/07/2021 11:00:00 - 07/07/2021 12:00:00","BZN|SE4","Without Sequence","95.03","",""
"07/07/2021 12:00:00 - 07/07/2021 13:00:00","BZN|SE4","Without Sequence","94.65","",""
"07/07/2021 13:00:00 - 07/07/2021 14:00:00","BZN|SE4","Without Sequence","94.55","",""
"07/07/2021 14:00:00 - 07/07/2021 15:00:00","BZN|SE4","Without Sequence","94.06","",""
"07/07/2021 15:00:00 - 07/07/2021 16:00:00","BZN|SE4","Without Sequence","97.88","",""
"07/07/2021 16:00:00 - 07/07/2021 17:00:00","BZN|SE4","Without Sequence","110.84","",""
"07/07/2021 17:00:00 - 07/07/2021 18:00:00","BZN|SE4","Without Sequence","126.55","",""
"07/07/2021 18:00:00 - 07/07/2021 19:00:00","BZN|SE4","Without Sequence","110.17","",""
"07/07/2021 19:00:00 - 07/07/2021 20:00:00","BZN|SE4","Without Sequence","59.85","",""
"07/07/2021 20:00:00 - 07/07/2021 21:00:00","BZN|SE4","Without Sequence","57.78","",""
"07/07/2021 21:00:00 - 07/07/2021 22:00:00","BZN|SE4","Without Sequence","54.81","",""
"07/07/2021 22:00:00 - 07/07/2021 23:00:00","BZN|SE4","Without Sequence","47.15","",""
"07/07/2021 23:00:00 - 08/07/2021 00:00:00","BZN|SE4","Without Sequence","46.66","",""
"08/07/2021 00:00:00 - 08/07/2021 01:00:00","BZN|SE4","Without Sequence","45.90","",""
"08/07/2021 01:00:00 - 08/07/2021 02:00:00","BZN|SE4","Without Sequence","45.87","",""
"08/07/2021 02:00:00 - 08/07/2021 03:00:00","BZN|SE4","Without Sequence","46.85","",""
"08/07/2021 03:00:00 - 08/07/2021 04:00:00","BZN|SE4","Without Sequence","49.68","",""
"08/07/2021 04:00:00 - 08/07/2021 05:00:00","BZN|SE4","Without Sequence","57.97","",""
"08/07/2021 05:00:00 - 08/07/2021 06:00:00","BZN|SE4","Without Sequence","120.46","",""
"08/07/2021 06:00:00 - 08/07/2021 07:00:00","BZN|SE4","Without Sequence","121.69","",""
"08/07/2021 07:00:00 - 08/07/2021 08:00:00","BZN|SE4","Without Sequence","117.93","",""
"08/07/2021 08:00:00 - 08/07/2021 09:00:00","BZN|SE4","Without Sequence","110.01","",""
"08/07/2021 09:00:00 - 08/07/2021 10:00:00","BZN|SE4","Without Sequence","108.36","",""
"08/07/2021 10:00:00 - 08/07/2021 11:00:00","BZN|SE4","Without Sequence","105.07","",""
"08/07/2021 11:00:00 - 08/07/2021 12:00:00","BZN|SE4","Without Sequence","102.80","",""
"08/07/2021 12:00:00 - 08/07/2021 13:00:00","BZN|SE4","Without Sequence","106.99","",""
"08/07/2021 13:00:00 - 08/07/2021 14:00:00","BZN|SE4","Without Sequence","115.69","",""
"08/07/2021 14:00:00 - 08/07/2021 15:00:00","BZN|SE4","Without Sequence","117.60","",""
"08/07/2021 15:00:00 - 08/07/2021 16:00:00","BZN|SE4","Without Sequence","120.33","",""
"08/07/2021 16:00:00 - 08/07/2021 17:00:00","BZN|SE4","Without Sequence","125.93","",""
"08/07/2021 17:00:00 - 08/07/2021 18:00:00","BZN|SE4","Without Sequence","126.00","",""
"08/07/2021 18:00:00 - 08/07/2021 19:00:00","BZN|SE4","Without Sequence","125.93","",""
"08/07/2021 19:00:00 - 08/07/2021 20:00:00","BZN|SE4","Without Sequence","121.12","",""
"08/07/2021 20:00:00 - 08/07/2021 21:00:00","BZN|SE4","Without Sequence","62.03","",""
"08/07/2021 21:00:00 - 08/07/2021 22:00:00","BZN|SE4","Without Sequence","57.35","",""
"08/07/2021 22:00:00 - 08/07/2021 23:00:00","BZN|SE4","Without Sequence","57.32","",""
"08/07/2021 23:00:00 - 09/07/2021 00:00:00","BZN|SE4","Without Sequence","56.93","",""
"09/07/2021 00:00:00 - 09/07/2021 01:00:00","BZN|SE4","Without Sequence","56.16","",""
"09/07/2021 01:00:00 - 09/07/2021 02:00:00","BZN|SE4","Without Sequence","56.26","",""
"09/07/2021 02:00:00 - 09/07/2021 03:00:00","BZN|SE4","Without Sequence","56.35","",""
"09/07/2021 03:00:00 - 09/07/2021 04:00:00","BZN|SE4","Without Sequence","57.31","",""
"09/07/2021 04:00:00 - 09/07/2021 05:00:00","BZN|SE4","Without Sequence","57.78","",""
"09/07/2021 05:00:00 - 09/07/2021 06:00:00","BZN|SE4","Without Sequence","101.98","",""
"09/07/2021 06:00:00 - 09/07/2021 07:00:00","BZN|SE4","Without Sequence","107.97","",""
"09/07/2021 07:00:00 - 09/07/2021 08:00:00","BZN|SE4","Without Sequence","104.62","",""
"09/07/2021 08:00:00 - 09/07/2021 09:00:00","BZN|SE4","Without Sequence","105.46","",""
"09/07/2021 09:00:00 - 09/07/2021 10:00:00","BZN|SE4","Without Sequence","102.38","",""
"09/07/2021 10:00:00 - 09/07/2021 11:00:00","BZN|SE4","Without Sequence","95.00","",""
"09/07/2021 11:00:00 - 09/07/2021 12:00:00","BZN|SE4","Without Sequence","91.92","",""
"09/07/2021 12:00:00 - 09/07/2021 13:00:00","BZN|SE4","Without Sequence","87.00","",""
"09/07/2021 13:00:00 - 09/07/2021 14:00:00","BZN|SE4","Without Sequence","83.21","",""
"09/07/2021 14:00:00 - 09/07/2021 15:00:00","BZN|SE4","Without Sequence","82.50","",""
"09/07/2021 15:00:00 - 09/07/2021 16:00:00","BZN|SE4","Without Sequence","86.03","",""
"09/07/2021 16:00:00 - 09/07/2021 17:00:00","BZN|SE4","Without Sequence","92.20","",""
"09/07/2021 17:00:00 - 09/07/2021 18:00:00","BZN|SE4","Without Sequence","77.62","",""
"09/07/2021 18:00:00 - 09/07/2021 19:00:00","BZN|SE4","Without Sequence","61.76","",""
"09/07/2021 19:00:00 - 09/07/2021 20:00:00","BZN|SE4","Without Sequence","57.91","",""
"09/07/2021 20:00:00 - 09/07/2021 21:00:00","BZN|SE4","Without Sequence","57.16","",""
"09/07/2021 21:00:00 - 09/07/2021 22:00:00","BZN|SE4","Without Sequence","56.23","",""
"09/07/2021 22:00:00 - 09/07/2021 23:00:00","BZN|SE4","Without Sequence","56.91","",""
"09/07/2021 23:00:00 - 10/07/2021 00:00:00","BZN|SE4","Without Sequence","55.47","",""
"10/07/2021 00:00:00 - 10/07/2021 01:00:00","BZN|SE4","Without Sequence","54.71","",""
"10/07/2021 01:00:00 - 10/07/2021 02:00:00","BZN|SE4","Without Sequence","54.28","",""
"10/07/2021 02:00:00 - 10/07/2021 03:00:00","BZN|SE4","Without Sequence","52.86","",""
"10/07/2021 03:00:00 - 10/07/2021 04:00:00","BZN|SE4","Without Sequence","52.92","",""
"10/07/2021 04:00:00 - 10/07/2021 05:00:00","BZN|SE4","Without Sequence","53.54","",""
"10/07/2021 05:00:00 - 10/07/2021 06:00:00","BZN|SE4","Without Sequence","54.43","",""
"10/07/2021 06:00:00 - 10/07/2021 07:00:00","BZN|SE4","Without Sequence","55.33","",""
"10/07/2021 07:00:00 - 10/07/2021 08:00:00","BZN|SE4","Without Sequence","57.11","",""
"10/07/2021 08:00:00 - 10/07/2021 09:00:00","BZN|SE4","Without Sequence","57.55","",""
"10/07/2021 09:00:00 - 10/07/2021 10:00:00","BZN|SE4","Without Sequence","57.53","",""
"10/07/2021 10:00:00 - 10/07/2021 11:00:00","BZN|SE4","Without Sequence","57.32","",""
"10/07/2021 11:00:00 - 10/07/2021 12:00:00","BZN|SE4","Without Sequence","56.99","",""
"10/07/2021 12:00:00 - 10/07/2021 13:00:00","BZN|SE4","Without Sequence","55.81","",""
"10/07/2021 13:00:00 - 10/07/2021 14:00:00","BZN|SE4","Without Sequence","55.47","",""
"10/07/2021 14:00:00 - 10/07/2021 15:00:00","BZN|SE4","Without Sequence","55.49","",""
"10/07/2021 15:00:00 - 10/07/2021 16:00:00","BZN|SE4","Without Sequence","56.41","",""
"10/07/2021 16:00:00 - 10/07/2021 17:00:00","BZN|SE4","Without Sequence","57.08","",""
"10/07/2021 17:00:00 - 10/07/2021 18:00:00","BZN|SE4","Without Sequence","57.01","",""
"10/07/2021 18:00:00 - 10/07/2021 19:00:00","BZN|SE4","Without Sequence","56.29","",""
"10/07/2021 19:00:00 - 10/07/2021 20:00:00","BZN|SE4","Without Sequence","55.49","",""
"10/07/2021 20:00:00 - 10/07/2021 21:00:00","BZN|SE4","Without Sequence","55.01","",""
"10/07/2021 21:00:00 - 10/07/2021 22:00:00","BZN|SE4","Without Sequence","54.51","",""
"10/07/2021 22:00:00 - 10/07/2021 23:00:00","BZN|SE4","Without Sequence","53.70","",""
"10/07/2021 23:00:00 - 11/07/2021 00:00:00","BZN|SE4","Without Sequence","50.54","",""
"11/07/2021 00:00:00 - 11/07/2021 01:00:00","BZN|SE4","Without Sequence","49.89","",""
"11/07/2021 01:00:00 - 11/07/2021 02:00:00","BZN|SE4","Without Sequence","50.13","",""
"11/07/2021 02:00:00 - 11/07/2021 03:00:00","BZN|SE4","Without Sequence","49.39","",""
"11/07/2021 03:00:00 - 11/07/2021 04:00:00","BZN|SE4","Without Sequence","50.45","",""
"11/07/2021 04:00:00 - 11/07/2021 05:00:00","BZN|SE4","Without Sequence","54.24","",""
"11/07/2021 05:00:00 - 11/07/2021 06:00:00","BZN|SE4","Without Sequence","54.87","",""
"11/07/2021 06:00:00 - 11/07/2021 07:00:00","BZN|SE4","Without Sequence","55.41","",""
"11/07/2021 07:00:00 - 11/07/2021 08:00:00","BZN|SE4","Without Sequence","57.05","",""
"11/07/2021 08:00:00 - 11/07/2021 09:00:00","BZN|SE4","Without Sequence","57.89","",""
"11/07/2021 09:00:00 - 11/07/2021 10:00:00","BZN|SE4","Without Sequence","58.61","",""
"11/07/2021 10:00:00 - 11/07/2021 11:00:00","BZN|SE4","Without Sequence","58.59","",""
"11/07/2021 11:00:00 - 11/07/2021 12:00:00","BZN|SE4","Without Sequence","58.45","",""
"11/07/2021 12:00:00 - 11/07/2021 13:00:00","BZN|SE4","Without Sequence","58.19","",""
"11/07/2021 13:00:00 - 11/07/2021 14:00:00","BZN|SE4","Without Sequence","58.30","",""
"11/07/2021 14:00:00 - 11/07/2021 15:00:00","BZN|SE4","Without Sequence","58.29","",""
"11/07/2021 15:00:00 - 11/07/2021 16:00:00","BZN|SE4","Without Sequence","58.55","",""
"11/07/2021 16:00:00 - 11/07/2021 17:00:00","BZN|SE4","Without Sequence","60.36","",""
"11/07/2021 17:00:00 - 11/07/2021 18:00:00","BZN|SE4","Without Sequence","60.61","",""
"11/07/2021 18:00:00 - 11/07/2021 19:00:00","BZN|SE4","Without Sequence","60.50","",""
"11/07/2021 19:00:00 - 11/07/2021 20:00:00","BZN|SE4","Without Sequence","59.56","",""
"11/07/2021 20:00:00 - 11/07/2021 21:00:00","BZN|SE4","Without Sequence","58.27","",""
"11/07/2021 21:00:00 - 11/07/2021 22:00:00","BZN|SE4","Without Sequence","57.42","",""
"11/07/2021 22:00:00 - 11/07/2021 23:00:00","BZN|SE4","Without Sequence","56.68","",""
"11/07/2021 23:00:00 - 12/07/2021 00:00:00","BZN|SE4","Without Sequence","56.03","",""
"12/07/2021 00:00:00 - 12/07/2021 01:00:00","BZN|SE4","Without Sequence","54.87","",""
"12/07/2021 01:00:00 - 12/07/2021 02:00:00","BZN|SE4","Without Sequence","54.95","",""
"12/07/2021 02:00:00 - 12/07/2021 03:00:00","BZN|SE4","Without Sequence","56.12","",""
"12/07/2021 03:00:00 - 12/07/2021 04:00:00","BZN|SE4","Without Sequence","57.00","",""
"12/07/2021 04:00:00 - 12/07/2021 05:00:00","BZN|SE4","Without Sequence","65.02","",""
"12/07/2021 05:00:00 - 12/07/2021 06:00:00","BZN|SE4","Without Sequence","103.09","",""
"12/07/2021 06:00:00 - 12/07/2021 07:00:00","BZN|SE4","Without Sequence","106.01","",""
"12/07/2021 07:00:00 - 12/07/2021 08:00:00","BZN|SE4","Without Sequence","101.80","",""
"12/07/2021 08:00:00 - 12/07/2021 09:00:00","BZN|SE4","Without Sequence","95.94","",""
"12/07/2021 09:00:00 - 12/07/2021 10:00:00","BZN|SE4","Without Sequence","94.99","",""
"12/07/2021 10:00:00 - 12/07/2021 11:00:00","BZN|SE4","Without Sequence","91.16","",""
"12/07/2021 11:00:00 - 12/07/2021 12:00:00","BZN|SE4","Without Sequence","87.00","",""
"12/07/2021 12:00:00 - 12/07/2021 13:00:00","BZN|SE4","Without Sequence","86.47","",""
"12/07/2021 13:00:00 - 12/07/2021 14:00:00","BZN|SE4","Without Sequence","88.89","",""
"12/07/2021 14:00:00 - 12/07/2021 15:00:00","BZN|SE4","Without Sequence","89.50","",""
"12/07/2021 15:00:00 - 12/07/2021 16:00:00","BZN|SE4","Without Sequence","99.93","",""
"12/07/2021 16:00:00 - 12/07/2021 17:00:00","BZN|SE4","Without Sequence","105.85","",""
"12/07/2021 17:00:00 - 12/07/2021 18:00:00","BZN|SE4","Without Sequence","117.60","",""
"12/07/2021 18:00:00 - 12/07/2021 19:00:00","BZN|SE4","Without Sequence","75.73","",""
"12/07/2021 19:00:00 - 12/07/2021 20:00:00","BZN|SE4","Without Sequence","69.83","",""
"12/07/2021 20:00:00 - 12/07/2021 21:00:00","BZN|SE4","Without Sequence","66.76","",""
"12/07/2021 21:00:00 - 12/07/2021 22:00:00","BZN|SE4","Without Sequence","58.27","",""
"12/07/2021 22:00:00 - 12/07/2021 23:00:00","BZN|SE4","Without Sequence","62.83","",""
"12/07/2021 23:00:00 - 13/07/2021 00:00:00","BZN|SE4","Without Sequence","63.92","",""
"13/07/2021 00:00:00 - 13/07/2021 01:00:00","BZN|SE4","Without Sequence","62.65","",""
"13/07/2021 01:00:00 - 13/07/2021 02:00:00","BZN|SE4","Without Sequence","60.97","",""
"13/07/2021 02:00:00 - 13/07/2021 03:00:00","BZN|SE4","Without Sequence","60.78","",""
"13/07/2021 03:00:00 - 13/07/2021 04:00:00","BZN|SE4","Without Sequence","60.88","",""
"13/07/2021 04:00:00 - 13/07/2021 05:00:00","BZN|SE4","Without Sequence","60.72","",""
"13/07/2021 05:00:00 - 13/07/2021 06:00:00","BZN|SE4","Without Sequence","79.58","",""
"13/07/2021 06:00:00 - 13/07/2021 07:00:00","BZN|SE4","Without Sequence","89.96","",""
"13/07/2021 07:00:00 - 13/07/2021 08:00:00","BZN|SE4","Without Sequence","103.46","",""
"13/07/2021 08:00:00 - 13/07/2021 09:00:00","BZN|SE4","Without Sequence","100.05","",""
"13/07/2021 09:00:00 - 13/07/2021 10:00:00","BZN|SE4","Without Sequence","101.80","",""
"13/07/2021 10:00:00 - 13/07/2021 11:00:00","BZN|SE4","Without Sequence","97.01","",""
"13/07/2021 11:00:00 - 13/07/2021 12:00:00","BZN|SE4","Without Sequence","81.95","",""
"13/07/2021 12:00:00 - 13/07/2021 13:00:00","BZN|SE4","Without Sequence","81.92","",""
"13/07/2021 13:00:00 - 13/07/2021 14:00:00","BZN|SE4","Without Sequence","80.05","",""
"13/07/2021 14:00:00 - 13/07/2021 15:00:00","BZN|SE4","Without Sequence","80.00","",""
"13/07/2021 15:00:00 - 13/07/2021 16:00:00","BZN|SE4","Without Sequence","87.02","",""
"13/07/2021 16:00:00 - 13/07/2021 17:00:00","BZN|SE4","Without Sequence","97.95","",""
"13/07/2021 17:00:00 - 13/07/2021 18:00:00","BZN|SE4","Without Sequence","80.02","",""
"13/07/2021 18:00:00 - 13/07/2021 19:00:00","BZN|SE4","Without Sequence","78.44","",""
"13/07/2021 19:00:00 - 13/07/2021 20:00:00","BZN|SE4","Without Sequence","67.21","",""
"13/07/2021 20:00:00 - 13/07/2021 21:00:00","BZN|SE4","Without Sequence","60.75","",""
"13/07/2021 21:00:00 - 13/07/2021 22:00:00","BZN|SE4","Without Sequence","59.49","",""
"13/07/2021 22:00:00 - 13/07/2021 23:00:00","BZN|SE4","Without Sequence","60.67","",""
"13/07/2021 23:00:00 - 14/07/2021 00:00:00","BZN|SE4","Without Sequence","60.60","",""
"14/07/2021 00:00:00 - 14/07/2021 01:00:00","BZN|SE4","Without Sequence","60.50","",""
"14/07/2021 01:00:00 - 14/07/2021 02:00:00","BZN|SE4","Without Sequence","60.32","",""
"14/07/2021 02:00:00 - 14/07/2021 03:00:00","BZN|SE4","Without Sequence","60.27","",""
"14/07/2021 03:00:00 - 14/07/2021 04:00:00","BZN|SE4","Without Sequence","60.59","",""
"14/07/2021 04:00:00 - 14/07/2021 05:00:00","BZN|SE4","Without Sequence","60.45","",""
"14/07/2021 05:00:00 - 14/07/2021 06:00:00","BZN|SE4","Without Sequence","69.96","",""
"14/07/2021 06:00:00 - 14/07/2021 07:00:00","BZN|SE4","Without Sequence","108.44","",""
"14/07/2021 07:00:00 - 14/07/2021 08:00:00","BZN|SE4","Without Sequence","107.43","",""
"14/07/2021 08:00:00 - 14/07/2021 09:00:00","BZN|SE4","Without Sequence","103.32","",""
"14/07/2021 09:00:00 - 14/07/2021 10:00:00","BZN|SE4","Without Sequence","101.15","",""
"14/07/2021 10:00:00 - 14/07/2021 11:00:00","BZN|SE4","Without Sequence","95.41","",""
"14/07/2021 11:00:00 - 14/07/2021 12:00:00","BZN|SE4","Without Sequence","86.42","",""
"14/07/2021 12:00:00 - 14/07/2021 13:00:00","BZN|SE4","Without Sequence","79.05","",""
"14/07/2021 13:00:00 - 14/07/2021 14:00:00","BZN|SE4","Without Sequence","74.44","",""
"14/07/2021 14:00:00 - 14/07/2021 15:00:00","BZN|SE4","Without Sequence","69.47","",""
"14/07/2021 15:00:00 - 14/07/2021 16:00:00","BZN|SE4","Without Sequence","79.99","",""
"14/07/2021 16:00:00 - 14/07/2021 17:00:00","BZN|SE4","Without Sequence","89.62","",""
"14/07/2021 17:00:00 - 14/07/2021 18:00:00","BZN|SE4","Without Sequence","91.21","",""
"14/07/2021 18:00:00 - 14/07/2021 19:00:00","BZN|SE4","Without Sequence","79.95","",""
"14/07/2021 19:00:00 - 14/07/2021 20:00:00","BZN|SE4","Without Sequence","60.78","",""
"14/07/2021 20:00:00 - 14/07/2021 21:00:00","BZN|SE4","Without Sequence","60.15","",""
"14/07/2021 21:00:00 - 14/07/2021 22:00:00","BZN|SE4","Without Sequence","59.80","",""
"14/07/2021 22:00:00 - 14/07/2021 23:00:00","BZN|SE4","Without Sequence","61.00","",""
"14/07/2021 23:00:00 - 15/07/2021 00:00:00","BZN|SE4","Without Sequence","60.36","",""
"15/07/2021 00:00:00 - 15/07/2021 01:00:00","BZN|SE4","Without Sequence","59.67","",""
"15/07/2021 01:00:00 - 15/07/2021 02:00:00","BZN|SE4","Without Sequence","59.11","",""
"15/07/2021 02:00:00 - 15/07/2021 03:00:00","BZN|SE4","Without Sequence","58.77","",""
"15/07/2021 03:00:00 - 15/07/2021 04:00:00","BZN|SE4","Without Sequence","59.08","",""
"15/07/2021 04:00:00 - 15/07/2021 05:00:00","BZN|SE4","Without Sequence","60.69","",""
"15/07/2021 05:00:00 - 15/07/2021 06:00:00","BZN|SE4","Without Sequence","102.48","",""
"15/07/2021 06:00:00 - 15/07/2021 07:00:00","BZN|SE4","Without Sequence","102.48","",""
"15/07/2021 07:00:00 - 15/07/2021 08:00:00","BZN|SE4","Without Sequence","103.17","",""
"15/07/2021 08:00:00 - 15/07/2021 09:00:00","BZN|SE4","Without Sequence","101.23","",""
"15/07/2021 09:00:00 - 15/07/2021 10:00:00","BZN|SE4","Without Sequence","100.83","",""
"15/07/2021 10:00:00 - 15/07/2021 11:00:00","BZN|SE4","Without Sequence","94.79","",""
"15/07/2021 11:00:00 - 15/07/2021 12:00:00","BZN|SE4","Without Sequence","90.86","",""
"15/07/2021 12:00:00 - 15/07/2021 13:00:00","BZN|SE4","Without Sequence","85.00","",""
"15/07/2021 13:00:00 - 15/07/2021 14:00:00","BZN|SE4","Without Sequence","79.98","",""
"15/07/2021 14:00:00 - 15/07/2021 15:00:00","BZN|SE4","Without Sequence","78.12","",""
"15/07/2021 15:00:00 - 15/07/2021 16:00:00","BZN|SE4","Without Sequence","90.61","",""
"15/07/2021 16:00:00 - 15/07/2021 17:00:00","BZN|SE4","Without Sequence","92.37","",""
"15/07/2021 17:00:00 - 15/07/2021 18:00:00","BZN|SE4","Without Sequence","94.38","",""
"15/07/2021 18:00:00 - 15/07/2021 19:00:00","BZN|SE4","Without Sequence","93.99","",""
"15/07/2021 19:00:00 - 15/07/2021 20:00:00","BZN|SE4","Without Sequence","89.71","",""
"15/07/2021 20:00:00 - 15/07/2021 21:00:00","BZN|SE4","Without Sequence","60.83","",""
"15/07/2021 21:00:00 - 15/07/2021 22:00:00","BZN|SE4","Without Sequence","59.70","",""
"15/07/2021 22:00:00 - 15/07/2021 23:00:00","BZN|SE4","Without Sequence","55.15","",""
"15/07/2021 23:00:00 - 16/07/2021 00:00:00","BZN|SE4","Without Sequence","53.95","",""
"16/07/2021 00:00:00 - 16/07/2021 01:00:00","BZN|SE4","Without Sequence","53.28","",""
"16/07/2021 01:00:00 - 16/07/2021 02:00:00","BZN|SE4","Without Sequence","53.08","",""
"16/07/2021 02:00:00 - 16/07/2021 03:00:00","BZN|SE4","Without Sequence","53.12","",""
"16/07/2021 03:00:00 - 16/07/2021 04:00:00","BZN|SE4","Without Sequence","53.64","",""
"16/07/2021 04:00:00 - 16/07/2021 05:00:00","BZN|SE4","Without Sequence","54.92","",""
"16/07/2021 05:00:00 - 16/07/2021 06:00:00","BZN|SE4","Without Sequence","99.42","",""
"16/07/2021 06:00:00 - 16/07/2021 07:00:00","BZN|SE4","Without Sequence","99.15","",""
"16/07/2021 07:00:00 - 16/07/2021 08:00:00","BZN|SE4","Without Sequence","95.56","",""
"16/07/2021 08:00:00 - 16/07/2021 09:00:00","BZN|SE4","Without Sequence","91.13","",""
"16/07/2021 09:00:00 - 16/07/2021 10:00:00","BZN|SE4","Without Sequence","88.25","",""
"16/07/2021 10:00:00 - 16/07/2021 11:00:00","BZN|SE4","Without Sequence","86.92","",""
"16/07/2021 11:00:00 - 16/07/2021 12:00:00","BZN|SE4","Without Sequence","62.55","",""
"16/07/2021 12:00:00 - 16/07/2021 13:00:00","BZN|SE4","Without Sequence","62.39","",""
"16/07/2021 13:00:00 - 16/07/2021 14:00:00","BZN|SE4","Without Sequence","62.21","",""
"16/07/2021 14:00:00 - 16/07/2021 15:00:00","BZN|SE4","Without Sequence","62.11","",""
"16/07/2021 15:00:00 - 16/07/2021 16:00:00","BZN|SE4","Without Sequence","62.13","",""
"16/07/2021 16:00:00 - 16/07/2021 17:00:00","BZN|SE4","Without Sequence","62.09","",""
"16/07/2021 17:00:00 - 16/07/2021 18:00:00","BZN|SE4","Without Sequence","62.03","",""
"16/07/2021 18:00:00 - 16/07/2021 19:00:00","BZN|SE4","Without Sequence","61.65","",""
"16/07/2021 19:00:00 - 16/07/2021 20:00:00","BZN|SE4","Without Sequence","61.25","",""
"16/07/2021 20:00:00 - 16/07/2021 21:00:00","BZN|SE4","Without Sequence","60.46","",""
"16/07/2021 21:00:00 - 16/07/2021 22:00:00","BZN|SE4","Without Sequence","58.62","",""
"16/07/2021 22:00:00 - 16/07/2021 23:00:00","BZN|SE4","Without Sequence","55.09","",""
"16/07/2021 23:00:00 - 17/07/2021 00:00:00","BZN|SE4","Without Sequence","53.68","",""
"17/07/2021 00:00:00 - 17/07/2021 01:00:00","BZN|SE4","Without Sequence","52.07","",""
"17/07/2021 01:00:00 - 17/07/2021 02:00:00","BZN|SE4","Without Sequence","51.12","",""
"17/07/2021 02:00:00 - 17/07/2021 03:00:00","BZN|SE4","Without Sequence","50.67","",""
"17/07/2021 03:00:00 - 17/07/2021 04:00:00","BZN|SE4","Without Sequence","50.87","",""
"17/07/2021 04:00:00 - 17/07/2021 05:00:00","BZN|SE4","Without Sequence","51.83","",""
"17/07/2021 05:00:00 - 17/07/2021 06:00:00","BZN|SE4","Without Sequence","53.68","",""
"17/07/2021 06:00:00 - 17/07/2021 07:00:00","BZN|SE4","Without Sequence","57.84","",""
"17/07/2021 07:00:00 - 17/07/2021 08:00:00","BZN|SE4","Without Sequence","62.09","",""
"17/07/2021 08:00:00 - 17/07/2021 09:00:00","BZN|SE4","Without Sequence","62.04","",""
"17/07/2021 09:00:00 - 17/07/2021 10:00:00","BZN|SE4","Without Sequence","60.11","",""
"17/07/2021 10:00:00 - 17/07/2021 11:00:00","BZN|SE4","Without Sequence","54.31","",""
"17/07/2021 11:00:00 - 17/07/2021 12:00:00","BZN|SE4","Without Sequence","48.23","",""
"17/07/2021 12:00:00 - 17/07/2021 13:00:00","BZN|SE4","Without Sequence","41.00","",""
"17/07/2021 13:00:00 - 17/07/2021 14:00:00","BZN|SE4","Without Sequence","36.21","",""
"17/07/2021 14:00:00 - 17/07/2021 15:00:00","BZN|SE4","Without Sequence","40.01","",""
"17/07/2021 15:00:00 - 17/07/2021 16:00:00","BZN|SE4","Without Sequence","51.07","",""
"17/07/2021 16:00:00 - 17/07/2021 17:00:00","BZN|SE4","Without Sequence","54.44","",""
"17/07/2021 17:00:00 - 17/07/2021 18:00:00","BZN|SE4","Without Sequence","55.51","",""
"17/07/2021 18:00:00 - 17/07/2021 19:00:00","BZN|SE4","Without Sequence","54.84","",""
"17/07/2021 19:00:00 - 17/07/2021 20:00:00","BZN|SE4","Without Sequence","52.54","",""
"17/07/2021 20:00:00 - 17/07/2021 21:00:00","BZN|SE4","Without Sequence","50.76","",""
"17/07/2021 21:00:00 - 17/07/2021 22:00:00","BZN|SE4","Without Sequence","47.83","",""
"17/07/2021 22:00:00 - 17/07/2021 23:00:00","BZN|SE4","Without Sequence","48.26","",""
"17/07/2021 23:00:00 - 18/07/2021 00:00:00","BZN|SE4","Without Sequence","39.99","",""
"18/07/2021 00:00:00 - 18/07/2021 01:00:00","BZN|SE4","Without Sequence","26.83","",""
"18/07/2021 01:00:00 - 18/07/2021 02:00:00","BZN|SE4","Without Sequence","25.00","",""
"18/07/2021 02:00:00 - 18/07/2021 03:00:00","BZN|SE4","Without Sequence","26.03","",""
"18/07/2021 03:00:00 - 18/07/2021 04:00:00","BZN|SE4","Without Sequence","29.18","",""
"18/07/2021 04:00:00 - 18/07/2021 05:00:00","BZN|SE4","Without Sequence","35.19","",""
"18/07/2021 05:00:00 - 18/07/2021 06:00:00","BZN|SE4","Without Sequence","36.88","",""
"18/07/2021 06:00:00 - 18/07/2021 07:00:00","BZN|SE4","Without Sequence","39.97","",""
"18/07/2021 07:00:00 - 18/07/2021 08:00:00","BZN|SE4","Without Sequence","45.04","",""
"18/07/2021 08:00:00 - 18/07/2021 09:00:00","BZN|SE4","Without Sequence","35.33","",""
"18/07/2021 09:00:00 - 18/07/2021 10:00:00","BZN|SE4","Without Sequence","25.97","",""
"18/07/2021 10:00:00 - 18/07/2021 11:00:00","BZN|SE4","Without Sequence","19.56","",""
"18/07/2021 11:00:00 - 18/07/2021 12:00:00","BZN|SE4","Without Sequence","2.90","",""
"18/07/2021 12:00:00 - 18/07/2021 13:00:00","BZN|SE4","Without Sequence","3.04","",""
"18/07/2021 13:00:00 - 18/07/2021 14:00:00","BZN|SE4","Without Sequence","4.66","",""
"18/07/2021 14:00:00 - 18/07/2021 15:00:00","BZN|SE4","Without Sequence","9.10","",""
"18/07/2021 15:00:00 - 18/07/2021 16:00:00","BZN|SE4","Without Sequence","23.72","",""
"18/07/2021 16:00:00 - 18/07/2021 17:00:00","BZN|SE4","Without Sequence","47.71","",""
"18/07/2021 17:00:00 - 18/07/2021 18:00:00","BZN|SE4","Without Sequence","54.03","",""
"18/07/2021 18:00:00 - 18/07/2021 19:00:00","BZN|SE4","Without Sequence","55.42","",""
"18/07/2021 19:00:00 - 18/07/2021 20:00:00","BZN|SE4","Without Sequence","54.26","",""
"18/07/2021 20:00:00 - 18/07/2021 21:00:00","BZN|SE4","Without Sequence","52.65","",""
"18/07/2021 21:00:00 - 18/07/2021 22:00:00","BZN|SE4","Without Sequence","49.01","",""
"18/07/2021 22:00:00 - 18/07/2021 23:00:00","BZN|SE4","Without Sequence","45.87","",""
"18/07/2021 23:00:00 - 19/07/2021 00:00:00","BZN|SE4","Without Sequence","45.30","",""
"19/07/2021 00:00:00 - 19/07/2021 01:00:00","BZN|SE4","Without Sequence","45.34","",""
"19/07/2021 01:00:00 - 19/07/2021 02:00:00","BZN|SE4","Without Sequence","45.74","",""
"19/07/2021 02:00:00 - 19/07/2021 03:00:00","BZN|SE4","Without Sequence","46.43","",""
"19/07/2021 03:00:00 - 19/07/2021 04:00:00","BZN|SE4","Without Sequence","47.75","",""
"19/07/2021 04:00:00 - 19/07/2021 05:00:00","BZN|SE4","Without Sequence","56.92","",""
"19/07/2021 05:00:00 - 19/07/2021 06:00:00","BZN|SE4","Without Sequence","60.59","",""
"19/07/2021 06:00:00 - 19/07/2021 07:00:00","BZN|SE4","Without Sequence","89.97","",""
"19/07/2021 07:00:00 - 19/07/2021 08:00:00","BZN|SE4","Without Sequence","96.61","",""
"19/07/2021 08:00:00 - 19/07/2021 09:00:00","BZN|SE4","Without Sequence","92.72","",""
"19/07/2021 09:00:00 - 19/07/2021 10:00:00","BZN|SE4","Without Sequence","90.86","",""
"19/07/2021 10:00:00 - 19/07/2021 11:00:00","BZN|SE4","Without Sequence","87.22","",""
"19/07/2021 11:00:00 - 19/07/2021 12:00:00","BZN|SE4","Without Sequence","81.47","",""
"19/07/2021 12:00:00 - 19/07/2021 13:00:00","BZN|SE4","Without Sequence","76.52","",""
"19/07/2021 13:00:00 - 19/07/2021 14:00:00","BZN|SE4","Without Sequence","76.08","",""
"19/07/2021 14:00:00 - 19/07/2021 15:00:00","BZN|SE4","Without Sequence","83.07","",""
"19/07/2021 15:00:00 - 19/07/2021 16:00:00","BZN|SE4","Without Sequence","91.45","",""
"19/07/2021 16:00:00 - 19/07/2021 17:00:00","BZN|SE4","Without Sequence","97.60","",""
"19/07/2021 17:00:00 - 19/07/2021 18:00:00","BZN|SE4","Without Sequence","107.36","",""
"19/07/2021 18:00:00 - 19/07/2021 19:00:00","BZN|SE4","Without Sequence","112.44","",""
"19/07/2021 19:00:00 - 19/07/2021 20:00:00","BZN|SE4","Without Sequence","60.78","",""
"19/07/2021 20:00:00 - 19/07/2021 21:00:00","BZN|SE4","Without Sequence","60.36","",""
"19/07/2021 21:00:00 - 19/07/2021 22:00:00","BZN|SE4","Without Sequence","51.31","",""
"19/07/2021 22:00:00 - 19/07/2021 23:00:00","BZN|SE4","Without Sequence","46.70","",""
"19/07/2021 23:00:00 - 20/07/2021 00:00:00","BZN|SE4","Without Sequence","44.74","",""
"20/07/2021 00:00:00 - 20/07/2021 01:00:00","BZN|SE4","Without Sequence","43.48","",""
"20/07/2021 01:00:00 - 20/07/2021 02:00:00","BZN|SE4","Without Sequence","43.79","",""
"20/07/2021 02:00:00 - 20/07/2021 03:00:00","BZN|SE4","Without Sequence","44.79","",""
"20/07/2021 03:00:00 - 20/07/2021 04:00:00","BZN|SE4","Without Sequence","46.90","",""
"20/07/2021 04:00:00 - 20/07/2021 05:00:00","BZN|SE4","Without Sequence","48.83","",""
"20/07/2021 05:00:00 - 20/07/2021 06:00:00","BZN|SE4","Without Sequence","60.33","",""
"20/07/2021 06:00:00 - 20/07/2021 07:00:00","BZN|SE4","Without Sequence","60.86","",""
"20/07/2021 07:00:00 - 20/07/2021 08:00:00","BZN|SE4","Without Sequence","61.01","",""
"20/07/2021 08:00:00 - 20/07/2021 09:00:00","BZN|SE4","Without Sequence","61.18","",""
"20/07/2021 09:00:00 - 20/07/2021 10:00:00","BZN|SE4","Without Sequence","60.97","",""
"20/07/2021 10:00:00 - 20/07/2021 11:00:00","BZN|SE4","Without Sequence","60.84","",""
"20/07/2021 11:00:00 - 20/07/2021 12:00:00","BZN|SE4","Without Sequence","60.73","",""
"20/07/2021 12:00:00 - 20/07/2021 13:00:00","BZN|SE4","Without Sequence","60.47","",""
"20/07/2021 13:00:00 - 20/07/2021 14:00:00","BZN|SE4","Without Sequence","60.23","",""
"20/07/2021 14:00:00 - 20/07/2021 15:00:00","BZN|SE4","Without Sequence","60.22","",""
"20/07/2021 15:00:00 - 20/07/2021 16:00:00","BZN|SE4","Without Sequence","60.73","",""
"20/07/2021 16:00:00 - 20/07/2021 17:00:00","BZN|SE4","Without Sequence","60.94","",""
"20/07/2021 17:00:00 - 20/07/2021 18:00:00","BZN|SE4","Without Sequence","60.87","",""
"20/07/2021 18:00:00 - 20/07/2021 19:00:00","BZN|SE4","Without Sequence","60.87","",""
"20/07/2021 19:00:00 - 20/07/2021 20:00:00","BZN|SE4","Without Sequence","60.74","",""
"20/07/2021 20:00:00 - 20/07/2021 21:00:00","BZN|SE4","Without Sequence","60.49","",""
"20/07/2021 21:00:00 - 20/07/2021 22:00:00","BZN|SE4","Without Sequence","55.08","",""
"20/07/2021 22:00:00 - 20/07/2021 23:00:00","BZN|SE4","Without Sequence","45.21","",""
"20/07/2021 23:00:00 - 21/07/2021 00:00:00","BZN|SE4","Without Sequence","42.45","",""
"21/07/2021 00:00:00 - 21/07/2021 01:00:00","BZN|SE4","Without Sequence","41.07","",""
"21/07/2021 01:00:00 - 21/07/2021 02:00:00","BZN|SE4","Without Sequence","40.93","",""
"21/07/2021 02:00:00 - 21/07/2021 03:00:00","BZN|SE4","Without Sequence","41.87","",""
"21/07/2021 03:00:00 - 21/07/2021 04:00:00","BZN|SE4","Without Sequence","46.80","",""
"21/07/2021 04:00:00 - 21/07/2021 05:00:00","BZN|SE4","Without Sequence","56.01","",""
"21/07/2021 05:00:00 - 21/07/2021 06:00:00","BZN|SE4","Without Sequence","59.93","",""
"21/07/2021 06:00:00 - 21/07/2021 07:00:00","BZN|SE4","Without Sequence","60.35","",""
"21/07/2021 07:00:00 - 21/07/2021 08:00:00","BZN|SE4","Without Sequence","61.11","",""
"21/07/2021 08:00:00 - 21/07/2021 09:00:00","BZN|SE4","Without Sequence","61.41","",""
"21/07/2021 09:00:00 - 21/07/2021 10:00:00","BZN|SE4","Without Sequence","65.07","",""
"21/07/2021 10:00:00 - 21/07/2021 11:00:00","BZN|SE4","Without Sequence","65.02","",""
"21/07/2021 11:00:00 - 21/07/2021 12:00:00","BZN|SE4","Without Sequence","61.44","",""
"21/07/2021 12:00:00 - 21/07/2021 13:00:00","BZN|SE4","Without Sequence","61.24","",""
"21/07/2021 13:00:00 - 21/07/2021 14:00:00","BZN|SE4","Without Sequence","61.20","",""
"21/07/2021 14:00:00 - 21/07/2021 15:00:00","BZN|SE4","Without Sequence","61.08","",""
"21/07/2021 15:00:00 - 21/07/2021 16:00:00","BZN|SE4","Without Sequence","61.11","",""
"21/07/2021 16:00:00 - 21/07/2021 17:00:00","BZN|SE4","Without Sequence","61.19","",""
"21/07/2021 17:00:00 - 21/07/2021 18:00:00","BZN|SE4","Without Sequence","61.02","",""
"21/07/2021 18:00:00 - 21/07/2021 19:00:00","BZN|SE4","Without Sequence","60.69","",""
"21/07/2021 19:00:00 - 21/07/2021 20:00:00","BZN|SE4","Without Sequence","60.34","",""
"21/07/2021 20:00:00 - 21/07/2021 21:00:00","BZN|SE4","Without Sequence","59.91","",""
"21/07/2021 21:00:00 - 21/07/2021 22:00:00","BZN|SE4","Without Sequence","47.91","",""
"21/07/2021 22:00:00 - 21/07/2021 23:00:00","BZN|SE4","Without Sequence","40.45","",""
"21/07/2021 23:00:00 - 22/07/2021 00:00:00","BZN|SE4","Without Sequence","36.25","",""
"22/07/2021 00:00:00 - 22/07/2021 01:00:00","BZN|SE4","Without Sequence","32.58","",""
"22/07/2021 01:00:00 - 22/07/2021 02:00:00","BZN|SE4","Without Sequence","31.69","",""
"22/07/2021 02:00:00 - 22/07/2021 03:00:00","BZN|SE4","Without Sequence","32.88","",""
"22/07/2021 03:00:00 - 22/07/2021 04:00:00","BZN|SE4","Without Sequence","41.11","",""
"22/07/2021 04:00:00 - 22/07/2021 05:00:00","BZN|SE4","Without Sequence","58.81","",""
"22/07/2021 05:00:00 - 22/07/2021 06:00:00","BZN|SE4","Without Sequence","59.54","",""
"22/07/2021 06:00:00 - 22/07/2021 07:00:00","BZN|SE4","Without Sequence","59.74","",""
"22/07/2021 07:00:00 - 22/07/2021 08:00:00","BZN|SE4","Without Sequence","59.84","",""
"22/07/2021 08:00:00 - 22/07/2021 09:00:00","BZN|SE4","Without Sequence","59.86","",""
"22/07/2021 09:00:00 - 22/07/2021 10:00:00","BZN|SE4","Without Sequence","59.81","",""
"22/07/2021 10:00:00 - 22/07/2021 11:00:00","BZN|SE4","Without Sequence","59.76","",""
"22/07/2021 11:00:00 - 22/07/2021 12:00:00","BZN|SE4","Without Sequence","59.73","",""
"22/07/2021 12:00:00 - 22/07/2021 13:00:00","BZN|SE4","Without Sequence","59.67","",""
"22/07/2021 13:00:00 - 22/07/2021 14:00:00","BZN|SE4","Without Sequence","59.65","",""
"22/07/2021 14:00:00 - 22/07/2021 15:00:00","BZN|SE4","Without Sequence","59.63","",""
"22/07/2021 15:00:00 - 22/07/2021 16:00:00","BZN|SE4","Without Sequence","59.64","",""
"22/07/2021 16:00:00 - 22/07/2021 17:00:00","BZN|SE4","Without Sequence","59.90","",""
"22/07/2021 17:00:00 - 22/07/2021 18:00:00","BZN|SE4","Without Sequence","59.85","",""
"22/07/2021 18:00:00 - 22/07/2021 19:00:00","BZN|SE4","Without Sequence","59.79","",""
"22/07/2021 19:00:00 - 22/07/2021 20:00:00","BZN|SE4","Without Sequence","59.71","",""
"22/07/2021 20:00:00 - 22/07/2021 21:00:00","BZN|SE4","Without Sequence","58.96","",""
"22/07/2021 21:00:00 - 22/07/2021 22:00:00","BZN|SE4","Without Sequence","46.34","",""
"22/07/2021 22:00:00 - 22/07/2021 23:00:00","BZN|SE4","Without Sequence","46.86","",""
"22/07/2021 23:00:00 - 23/07/2021 00:00:00","BZN|SE4","Without Sequence","46.10","",""
"23/07/2021 00:00:00 - 23/07/2021 01:00:00","BZN|SE4","Without Sequence","46.15","",""
"23/07/2021 01:00:00 - 23/07/2021 02:00:00","BZN|SE4","Without Sequence","45.91","",""
"23/07/2021 02:00:00 - 23/07/2021 03:00:00","BZN|SE4","Without Sequence","46.27","",""
"23/07/2021 03:00:00 - 23/07/2021 04:00:00","BZN|SE4","Without Sequence","47.95","",""
"23/07/2021 04:00:00 - 23/07/2021 05:00:00","BZN|SE4","Without Sequence","48.39","",""
"23/07/2021 05:00:00 - 23/07/2021 06:00:00","BZN|SE4","Without Sequence","59.59","",""
"23/07/2021 06:00:00 - 23/07/2021 07:00:00","BZN|SE4","Without Sequence","59.85","",""
"23/07/2021 07:00:00 - 23/07/2021 08:00:00","BZN|SE4","Without Sequence","60.09","",""
"23/07/2021 08:00:00 - 23/07/2021 09:00:00","BZN|SE4","Without Sequence","60.62","",""
"23/07/2021 09:00:00 - 23/07/2021 10:00:00","BZN|SE4","Without Sequence","60.83","",""
"23/07/2021 10:00:00 - 23/07/2021 11:00:00","BZN|SE4","Without Sequence","60.73","",""
"23/07/2021 11:00:00 - 23/07/2021 12:00:00","BZN|SE4","Without Sequence","60.55","",""
"23/07/2021 12:00:00 - 23/07/2021 13:00:00","BZN|SE4","Without Sequence","60.34","",""
"23/07/2021 13:00:00 - 23/07/2021 14:00:00","BZN|SE4","Without Sequence","60.22","",""
"23/07/2021 14:00:00 - 23/07/2021 15:00:00","BZN|SE4","Without Sequence","60.05","",""
"23/07/2021 15:00:00 - 23/07/2021 16:00:00","BZN|SE4","Without Sequence","60.33","",""
"23/07/2021 16:00:00 - 23/07/2021 17:00:00","BZN|SE4","Without Sequence","60.78","",""
"23/07/2021 17:00:00 - 23/07/2021 18:00:00","BZN|SE4","Without Sequence","60.45","",""
"23/07/2021 18:00:00 - 23/07/2021 19:00:00","BZN|SE4","Without Sequence","60.39","",""
"23/07/2021 19:00:00 - 23/07/2021 20:00:00","BZN|SE4","Without Sequence","60.06","",""
"23/07/2021 20:00:00 - 23/07/2021 21:00:00","BZN|SE4","Without Sequence","58.98","",""
"23/07/2021 21:00:00 - 23/07/2021 22:00:00","BZN|SE4","Without Sequence","58.58","",""
"23/07/2021 22:00:00 - 23/07/2021 23:00:00","BZN|SE4","Without Sequence","51.48","",""
"23/07/2021 23:00:00 - 24/07/2021 00:00:00","BZN|SE4","Without Sequence","51.11","",""
"24/07/2021 00:00:00 - 24/07/2021 01:00:00","BZN|SE4","Without Sequence","50.69","",""
"24/07/2021 01:00:00 - 24/07/2021 02:00:00","BZN|SE4","Without Sequence","50.33","",""
"24/07/2021 02:00:00 - 24/07/2021 03:00:00","BZN|SE4","Without Sequence","50.13","",""
"24/07/2021 03:00:00 - 24/07/2021 04:00:00","BZN|SE4","Without Sequence","50.69","",""
"24/07/2021 04:00:00 - 24/07/2021 05:00:00","BZN|SE4","Without Sequence","51.01","",""
"24/07/2021 05:00:00 - 24/07/2021 06:00:00","BZN|SE4","Without Sequence","51.75","",""
"24/07/2021 06:00:00 - 24/07/2021 07:00:00","BZN|SE4","Without Sequence","58.01","",""
"24/07/2021 07:00:00 - 24/07/2021 08:00:00","BZN|SE4","Without Sequence","58.69","",""
"24/07/2021 08:00:00 - 24/07/2021 09:00:00","BZN|SE4","Without Sequence","58.96","",""
"24/07/2021 09:00:00 - 24/07/2021 10:00:00","BZN|SE4","Without Sequence","59.36","",""
"24/07/2021 10:00:00 - 24/07/2021 11:00:00","BZN|SE4","Without Sequence","58.95","",""
"24/07/2021 11:00:00 - 24/07/2021 12:00:00","BZN|SE4","Without Sequence","58.73","",""
"24/07/2021 12:00:00 - 24/07/2021 13:00:00","BZN|SE4","Without Sequence","58.52","",""
"24/07/2021 13:00:00 - 24/07/2021 14:00:00","BZN|SE4","Without Sequence","58.53","",""
"24/07/2021 14:00:00 - 24/07/2021 15:00:00","BZN|SE4","Without Sequence","58.69","",""
"24/07/2021 15:00:00 - 24/07/2021 16:00:00","BZN|SE4","Without Sequence","58.93","",""
"24/07/2021 16:00:00 - 24/07/2021 17:00:00","BZN|SE4","Without Sequence","59.57","",""
"24/07/2021 17:00:00 - 24/07/2021 18:00:00","BZN|SE4","Without Sequence","59.47","",""
"24/07/2021 18:00:00 - 24/07/2021 19:00:00","BZN|SE4","Without Sequence","59.15","",""
"24/07/2021 19:00:00 - 24/07/2021 20:00:00","BZN|SE4","Without Sequence","58.87","",""
"24/07/2021 20:00:00 - 24/07/2021 21:00:00","BZN|SE4","Without Sequence","58.79","",""
"24/07/2021 21:00:00 - 24/07/2021 22:00:00","BZN|SE4","Without Sequence","49.12","",""
"24/07/2021 22:00:00 - 24/07/2021 23:00:00","BZN|SE4","Without Sequence","48.46","",""
"24/07/2021 23:00:00 - 25/07/2021 00:00:00","BZN|SE4","Without Sequence","47.33","",""
"25/07/2021 00:00:00 - 25/07/2021 01:00:00","BZN|SE4","Without Sequence","46.68","",""
"25/07/2021 01:00:00 - 25/07/2021 02:00:00","BZN|SE4","Without Sequence","47.02","",""
"25/07/2021 02:00:00 - 25/07/2021 03:00:00","BZN|SE4","Without Sequence","46.86","",""
"25/07/2021 03:00:00 - 25/07/2021 04:00:00","BZN|SE4","Without Sequence","47.13","",""
"25/07/2021 04:00:00 - 25/07/2021 05:00:00","BZN|SE4","Without Sequence","47.51","",""
"25/07/2021 05:00:00 - 25/07/2021 06:00:00","BZN|SE4","Without Sequence","47.97","",""
"25/07/2021 06:00:00 - 25/07/2021 07:00:00","BZN|SE4","Without Sequence","49.93","",""
"25/07/2021 07:00:00 - 25/07/2021 08:00:00","BZN|SE4","Without Sequence","51.16","",""
"25/07/2021 08:00:00 - 25/07/2021 09:00:00","BZN|SE4","Without Sequence","49.23","",""
"25/07/2021 09:00:00 - 25/07/2021 10:00:00","BZN|SE4","Without Sequence","49.74","",""
"25/07/2021 10:00:00 - 25/07/2021 11:00:00","BZN|SE4","Without Sequence","49.22","",""
"25/07/2021 11:00:00 - 25/07/2021 12:00:00","BZN|SE4","Without Sequence","48.56","",""
"25/07/2021 12:00:00 - 25/07/2021 13:00:00","BZN|SE4","Without Sequence","46.89","",""
"25/07/2021 13:00:00 - 25/07/2021 14:00:00","BZN|SE4","Without Sequence","47.85","",""
"25/07/2021 14:00:00 - 25/07/2021 15:00:00","BZN|SE4","Without Sequence","49.65","",""
"25/07/2021 15:00:00 - 25/07/2021 16:00:00","BZN|SE4","Without Sequence","51.52","",""
"25/07/2021 16:00:00 - 25/07/2021 17:00:00","BZN|SE4","Without Sequence","51.76","",""
"25/07/2021 17:00:00 - 25/07/2021 18:00:00","BZN|SE4","Without Sequence","51.86","",""
"25/07/2021 18:00:00 - 25/07/2021 19:00:00","BZN|SE4","Without Sequence","51.64","",""
"25/07/2021 19:00:00 - 25/07/2021 20:00:00","BZN|SE4","Without Sequence","51.02","",""
"25/07/2021 20:00:00 - 25/07/2021 21:00:00","BZN|SE4","Without Sequence","49.01","",""
"25/07/2021 21:00:00 - 25/07/2021 22:00:00","BZN|SE4","Without Sequence","48.02","",""
"25/07/2021 22:00:00 - 25/07/2021 23:00:00","BZN|SE4","Without Sequence","48.67","",""
"25/07/2021 23:00:00 - 26/07/2021 00:00:00","BZN|SE4","Without Sequence","44.62","",""
"26/07/2021 00:00:00 - 26/07/2021 01:00:00","BZN|SE4","Without Sequence","44.74","",""
"26/07/2021 01:00:00 - 26/07/2021 02:00:00","BZN|SE4","Without Sequence","45.93","",""
"26/07/2021 02:00:00 - 26/07/2021 03:00:00","BZN|SE4","Without Sequence","47.12","",""
"26/07/2021 03:00:00 - 26/07/2021 04:00:00","BZN|SE4","Without Sequence","48.42","",""
"26/07/2021 04:00:00 - 26/07/2021 05:00:00","BZN|SE4","Without Sequence","48.73","",""
"26/07/2021 05:00:00 - 26/07/2021 06:00:00","BZN|SE4","Without Sequence","97.56","",""
"26/07/2021 06:00:00 - 26/07/2021 07:00:00","BZN|SE4","Without Sequence","99.55","",""
"26/07/2021 07:00:00 - 26/07/2021 08:00:00","BZN|SE4","Without Sequence","96.68","",""
"26/07/2021 08:00:00 - 26/07/2021 09:00:00","BZN|SE4","Without Sequence","89.48","",""
"26/07/2021 09:00:00 - 26/07/2021 10:00:00","BZN|SE4","Without Sequence","87.82","",""
"26/07/2021 10:00:00 - 26/07/2021 11:00:00","BZN|SE4","Without Sequence","84.75","",""
"26/07/2021 11:00:00 - 26/07/2021 12:00:00","BZN|SE4","Without Sequence","80.42","",""
"26/07/2021 12:00:00 - 26/07/2021 13:00:00","BZN|SE4","Without Sequence","80.02","",""
"26/07/2021 13:00:00 - 26/07/2021 14:00:00","BZN|SE4","Without Sequence","81.43","",""
"26/07/2021 14:00:00 - 26/07/2021 15:00:00","BZN|SE4","Without Sequence","81.40","",""
"26/07/2021 15:00:00 - 26/07/2021 16:00:00","BZN|SE4","Without Sequence","89.53","",""
"26/07/2021 16:00:00 - 26/07/2021 17:00:00","BZN|SE4","Without Sequence","100.93","",""
"26/07/2021 17:00:00 - 26/07/2021 18:00:00","BZN|SE4","Without Sequence","106.38","",""
"26/07/2021 18:00:00 - 26/07/2021 19:00:00","BZN|SE4","Without Sequence","106.39","",""
"26/07/2021 19:00:00 - 26/07/2021 20:00:00","BZN|SE4","Without Sequence","102.31","",""
"26/07/2021 20:00:00 - 26/07/2021 21:00:00","BZN|SE4","Without Sequence","90.19","",""
"26/07/2021 21:00:00 - 26/07/2021 22:00:00","BZN|SE4","Without Sequence","47.80","",""
"26/07/2021 22:00:00 - 26/07/2021 23:00:00","BZN|SE4","Without Sequence","47.89","",""
"26/07/2021 23:00:00 - 27/07/2021 00:00:00","BZN|SE4","Without Sequence","47.36","",""
"27/07/2021 00:00:00 - 27/07/2021 01:00:00","BZN|SE4","Without Sequence","48.28","",""
"27/07/2021 01:00:00 - 27/07/2021 02:00:00","BZN|SE4","Without Sequence","48.33","",""
"27/07/2021 02:00:00 - 27/07/2021 03:00:00","BZN|SE4","Without Sequence","48.75","",""
"27/07/2021 03:00:00 - 27/07/2021 04:00:00","BZN|SE4","Without Sequence","48.63","",""
"27/07/2021 04:00:00 - 27/07/2021 05:00:00","BZN|SE4","Without Sequence","88.96","",""
"27/07/2021 05:00:00 - 27/07/2021 06:00:00","BZN|SE4","Without Sequence","99.92","",""
"27/07/2021 06:00:00 - 27/07/2021 07:00:00","BZN|SE4","Without Sequence","100.98","",""
"27/07/2021 07:00:00 - 27/07/2021 08:00:00","BZN|SE4","Without Sequence","89.27","",""
"27/07/2021 08:00:00 - 27/07/2021 09:00:00","BZN|SE4","Without Sequence","84.08","",""
"27/07/2021 09:00:00 - 27/07/2021 10:00:00","BZN|SE4","Without Sequence","83.67","",""
"27/07/2021 10:00:00 - 27/07/2021 11:00:00","BZN|SE4","Without Sequence","83.00","",""
"27/07/2021 11:00:00 - 27/07/2021 12:00:00","BZN|SE4","Without Sequence","79.43","",""
"27/07/2021 12:00:00 - 27/07/2021 13:00:00","BZN|SE4","Without Sequence","78.00","",""
"27/07/2021 13:00:00 - 27/07/2021 14:00:00","BZN|SE4","Without Sequence","79.80","",""
"27/07/2021 14:00:00 - 27/07/2021 15:00:00","BZN|SE4","Without Sequence","82.86","",""
"27/07/2021 15:00:00 - 27/07/2021 16:00:00","BZN|SE4","Without Sequence","92.75","",""
"27/07/2021 16:00:00 - 27/07/2021 17:00:00","BZN|SE4","Without Sequence","101.44","",""
"27/07/2021 17:00:00 - 27/07/2021 18:00:00","BZN|SE4","Without Sequence","111.94","",""
"27/07/2021 18:00:00 - 27/07/2021 19:00:00","BZN|SE4","Without Sequence","100.22","",""
"27/07/2021 19:00:00 - 27/07/2021 20:00:00","BZN|SE4","Without Sequence","102.22","",""
"27/07/2021 20:00:00 - 27/07/2021 21:00:00","BZN|SE4","Without Sequence","91.74","",""
"27/07/2021 21:00:00 - 27/07/2021 22:00:00","BZN|SE4","Without Sequence","54.64","",""
"27/07/2021 22:00:00 - 27/07/2021 23:00:00","BZN|SE4","Without Sequence","47.18","",""
"27/07/2021 23:00:00 - 28/07/2021 00:00:00","BZN|SE4","Without Sequence","48.17","",""
"28/07/2021 00:00:00 - 28/07/2021 01:00:00","BZN|SE4","Without Sequence","48.05","",""
"28/07/2021 01:00:00 - 28/07/2021 02:00:00","BZN|SE4","Without Sequence","47.26","",""
"28/07/2021 02:00:00 - 28/07/2021 03:00:00","BZN|SE4","Without Sequence","44.50","",""
"28/07/2021 03:00:00 - 28/07/2021 04:00:00","BZN|SE4","Without Sequence","47.72","",""
"28/07/2021 04:00:00 - 28/07/2021 05:00:00","BZN|SE4","Without Sequence","92.65","",""
"28/07/2021 05:00:00 - 28/07/2021 06:00:00","BZN|SE4","Without Sequence","109.29","",""
"28/07/2021 06:00:00 - 28/07/2021 07:00:00","BZN|SE4","Without Sequence","111.86","",""
"28/07/2021 07:00:00 - 28/07/2021 08:00:00","BZN|SE4","Without Sequence","94.95","",""
"28/07/2021 08:00:00 - 28/07/2021 09:00:00","BZN|SE4","Without Sequence","85.08","",""
"28/07/2021 09:00:00 - 28/07/2021 10:00:00","BZN|SE4","Without Sequence","80.01","",""
"28/07/2021 10:00:00 - 28/07/2021 11:00:00","BZN|SE4","Without Sequence","71.03","",""
"28/07/2021 11:00:00 - 28/07/2021 12:00:00","BZN|SE4","Without Sequence","59.33","",""
"28/07/2021 12:00:00 - 28/07/2021 13:00:00","BZN|SE4","Without Sequence","57.21","",""
"28/07/2021 13:00:00 - 28/07/2021 14:00:00","BZN|SE4","Without Sequence","56.36","",""
"28/07/2021 14:00:00 - 28/07/2021 15:00:00","BZN|SE4","Without Sequence","54.60","",""
"28/07/2021 15:00:00 - 28/07/2021 16:00:00","BZN|SE4","Without Sequence","62.60","",""
"28/07/2021 16:00:00 - 28/07/2021 17:00:00","BZN|SE4","Without Sequence","79.34","",""
"28/07/2021 17:00:00 - 28/07/2021 18:00:00","BZN|SE4","Without Sequence","88.94","",""
"28/07/2021 18:00:00 - 28/07/2021 19:00:00","BZN|SE4","Without Sequence","92.65","",""
"28/07/2021 19:00:00 - 28/07/2021 20:00:00","BZN|SE4","Without Sequence","86.14","",""
"28/07/2021 20:00:00 - 28/07/2021 21:00:00","BZN|SE4","Without Sequence","81.02","",""
"28/07/2021 21:00:00 - 28/07/2021 22:00:00","BZN|SE4","Without Sequence","45.90","",""
"28/07/2021 22:00:00 - 28/07/2021 23:00:00","BZN|SE4","Without Sequence","47.18","",""
"28/07/2021 23:00:00 - 29/07/2021 00:00:00","BZN|SE4","Without Sequence","45.82","",""
"29/07/2021 00:00:00 - 29/07/2021 01:00:00","BZN|SE4","Without Sequence","44.87","",""
"29/07/2021 01:00:00 - 29/07/2021 02:00:00","BZN|SE4","Without Sequence","43.43","",""
"29/07/2021 02:00:00 - 29/07/2021 03:00:00","BZN|SE4","Without Sequence","43.64","",""
"29/07/2021 03:00:00 - 29/07/2021 04:00:00","BZN|SE4","Without Sequence","44.97","",""
"29/07/2021 04:00:00 - 29/07/2021 05:00:00","BZN|SE4","Without Sequence","45.89","",""
"29/07/2021 05:00:00 - 29/07/2021 06:00:00","BZN|SE4","Without Sequence","56.97","",""
"29/07/2021 06:00:00 - 29/07/2021 07:00:00","BZN|SE4","Without Sequence","54.60","",""
"29/07/2021 07:00:00 - 29/07/2021 08:00:00","BZN|SE4","Without Sequence","48.59","",""
"29/07/2021 08:00:00 - 29/07/2021 09:00:00","BZN|SE4","Without Sequence","42.13","",""
"29/07/2021 09:00:00 - 29/07/2021 10:00:00","BZN|SE4","Without Sequence","42.27","",""
"29/07/2021 10:00:00 - 29/07/2021 11:00:00","BZN|SE4","Without Sequence","43.07","",""
"29/07/2021 11:00:00 - 29/07/2021 12:00:00","BZN|SE4","Without Sequence","42.11","",""
"29/07/2021 12:00:00 - 29/07/2021 13:00:00","BZN|SE4","Without Sequence","41.62","",""
"29/07/2021 13:00:00 - 29/07/2021 14:00:00","BZN|SE4","Without Sequence","41.97","",""
"29/07/2021 14:00:00 - 29/07/2021 15:00:00","BZN|SE4","Without Sequence","41.19","",""
"29/07/2021 15:00:00 - 29/07/2021 16:00:00","BZN|SE4","Without Sequence","44.69","",""
"29/07/2021 16:00:00 - 29/07/2021 17:00:00","BZN|SE4","Without Sequence","47.99","",""
"29/07/2021 17:00:00 - 29/07/2021 18:00:00","BZN|SE4","Without Sequence","46.77","",""
"29/07/2021 18:00:00 - 29/07/2021 19:00:00","BZN|SE4","Without Sequence","45.62","",""
"29/07/2021 19:00:00 - 29/07/2021 20:00:00","BZN|SE4","Without Sequence","44.73","",""
"29/07/2021 20:00:00 - 29/07/2021 21:00:00","BZN|SE4","Without Sequence","43.12","",""
"29/07/2021 21:00:00 - 29/07/2021 22:00:00","BZN|SE4","Without Sequence","41.11","",""
"29/07/2021 22:00:00 - 29/07/2021 23:00:00","BZN|SE4","Without Sequence","43.62","",""
"29/07/2021 23:00:00 - 30/07/2021 00:00:00","BZN|SE4","Without Sequence","43.32","",""
"30/07/2021 00:00:00 - 30/07/2021 01:00:00","BZN|SE4","Without Sequence","43.10","",""
"30/07/2021 01:00:00 - 30/07/2021 02:00:00","BZN|SE4","Without Sequence","42.13","",""
"30/07/2021 02:00:00 - 30/07/2021 03:00:00","BZN|SE4","Without Sequence","41.24","",""
"30/07/2021 03:00:00 - 30/07/2021 04:00:00","BZN|SE4","Without Sequence","43.06","",""
"30/07/2021 04:00:00 - 30/07/2021 05:00:00","BZN|SE4","Without Sequence","43.25","",""
"30/07/2021 05:00:00 - 30/07/2021 06:00:00","BZN|SE4","Without Sequence","45.25","",""
"30/07/2021 06:00:00 - 30/07/2021 07:00:00","BZN|SE4","Without Sequence","48.23","",""
"30/07/2021 07:00:00 - 30/07/2021 08:00:00","BZN|SE4","Without Sequence","48.79","",""
"30/07/2021 08:00:00 - 30/07/2021 09:00:00","BZN|SE4","Without Sequence","49.23","",""
"30/07/2021 09:00:00 - 30/07/2021 10:00:00","BZN|SE4","Without Sequence","49.10","",""
"30/07/2021 10:00:00 - 30/07/2021 11:00:00","BZN|SE4","Without Sequence","48.70","",""
"30/07/2021 11:00:00 - 30/07/2021 12:00:00","BZN|SE4","Without Sequence","43.48","",""
"30/07/2021 12:00:00 - 30/07/2021 13:00:00","BZN|SE4","Without Sequence","41.26","",""
"30/07/2021 13:00:00 - 30/07/2021 14:00:00","BZN|SE4","Without Sequence","43.50","",""
"30/07/2021 14:00:00 - 30/07/2021 15:00:00","BZN|SE4","Without Sequence","45.74","",""
"30/07/2021 15:00:00 - 30/07/2021 16:00:00","BZN|SE4","Without Sequence","53.53","",""
"30/07/2021 16:00:00 - 30/07/2021 17:00:00","BZN|SE4","Without Sequence","73.46","",""
"30/07/2021 17:00:00 - 30/07/2021 18:00:00","BZN|SE4","Without Sequence","92.60","",""
"30/07/2021 18:00:00 - 30/07/2021 19:00:00","BZN|SE4","Without Sequence","103.47","",""
"30/07/2021 19:00:00 - 30/07/2021 20:00:00","BZN|SE4","Without Sequence","98.07","",""
"30/07/2021 20:00:00 - 30/07/2021 21:00:00","BZN|SE4","Without Sequence","82.96","",""
"30/07/2021 21:00:00 - 30/07/2021 22:00:00","BZN|SE4","Without Sequence","60.39","",""
"30/07/2021 22:00:00 - 30/07/2021 23:00:00","BZN|SE4","Without Sequence","55.00","",""
"30/07/2021 23:00:00 - 31/07/2021 00:00:00","BZN|SE4","Without Sequence","52.34","",""
"31/07/2021 00:00:00 - 31/07/2021 01:00:00","BZN|SE4","Without Sequence","41.76","",""
"31/07/2021 01:00:00 - 31/07/2021 02:00:00","BZN|SE4","Without Sequence","38.95","",""
"31/07/2021 02:00:00 - 31/07/2021 03:00:00","BZN|SE4","Without Sequence","35.92","",""
"31/07/2021 03:00:00 - 31/07/2021 04:00:00","BZN|SE4","Without Sequence","33.37","",""
"31/07/2021 04:00:00 - 31/07/2021 05:00:00","BZN|SE4","Without Sequence","40.43","",""
"31/07/2021 05:00:00 - 31/07/2021 06:00:00","BZN|SE4","Without Sequence","40.57","",""
"31/07/2021 06:00:00 - 31/07/2021 07:00:00","BZN|SE4","Without Sequence","37.41","",""
"31/07/2021 07:00:00 - 31/07/2021 08:00:00","BZN|SE4","Without Sequence","38.09","",""
"31/07/2021 08:00:00 - 31/07/2021 09:00:00","BZN|SE4","Without Sequence","41.45","",""
"31/07/2021 09:00:00 - 31/07/2021 10:00:00","BZN|SE4","Without Sequence","41.22","",""
"31/07/2021 10:00:00 - 31/07/2021 11:00:00","BZN|SE4","Without Sequence","41.32","",""
"31/07/2021 11:00:00 - 31/07/2021 12:00:00","BZN|SE4","Without Sequence","38.19","",""
"31/07/2021 12:00:00 - 31/07/2021 13:00:00","BZN|SE4","Without Sequence","37.24","",""
"31/07/2021 13:00:00 - 31/07/2021 14:00:00","BZN|SE4","Without Sequence","37.33","",""
"31/07/2021 14:00:00 - 31/07/2021 15:00:00","BZN|SE4","Without Sequence","38.37","",""
"31/07/2021 15:00:00 - 31/07/2021 16:00:00","BZN|SE4","Without Sequence","43.09","",""
"31/07/2021 16:00:00 - 31/07/2021 17:00:00","BZN|SE4","Without Sequence","48.77","",""
"31/07/2021 17:00:00 - 31/07/2021 18:00:00","BZN|SE4","Without Sequence","65.53","",""
"31/07/2021 18:00:00 - 31/07/2021 19:00:00","BZN|SE4","Without Sequence","69.93","",""
"31/07/2021 19:00:00 - 31/07/2021 20:00:00","BZN|SE4","Without Sequence","69.20","",""
"31/07/2021 20:00:00 - 31/07/2021 21:00:00","BZN|SE4","Without Sequence","63.99","",""
"31/07/2021 21:00:00 - 31/07/2021 22:00:00","BZN|SE4","Without Sequence","58.17","",""
"31/07/2021 22:00:00 - 31/07/2021 23:00:00","BZN|SE4","Without Sequence","50.07","",""
"31/07/2021 23:00:00 - 01/08/2021 00:00:00","BZN|SE4","Without Sequence","48.14","",""
"01/08/2021 00:00:00 - 01/08/2021 01:00:00","BZN|SE4","Without Sequence","48.09","",""
"01/08/2021 01:00:00 - 01/08/2021 02:00:00","BZN|SE4","Without Sequence","46.06","",""
"01/08/2021 02:00:00 - 01/08/2021 03:00:00","BZN|SE4","Without Sequence","45.22","",""
"01/08/2021 03:00:00 - 01/08/2021 04:00:00","BZN|SE4","Without Sequence","45.85","",""
"01/08/2021 04:00:00 - 01/08/2021 05:00:00","BZN|SE4","Without Sequence","45.28","",""
"01/08/2021 05:00:00 - 01/08/2021 06:00:00","BZN|SE4","Without Sequence","46.78","",""
"01/08/2021 06:00:00 - 01/08/2021 07:00:00","BZN|SE4","Without Sequence","49.03","",""
"01/08/2021 07:00:00 - 01/08/2021 08:00:00","BZN|SE4","Without Sequence","56.38","",""
"01/08/2021 08:00:00 - 01/08/2021 09:00:00","BZN|SE4","Without Sequence","57.74","",""
"01/08/2021 09:00:00 - 01/08/2021 10:00:00","BZN|SE4","Without Sequence","57.83","",""
"01/08/2021 10:00:00 - 01/08/2021 11:00:00","BZN|SE4","Without Sequence","58.66","",""
"01/08/2021 11:00:00 - 01/08/2021 12:00:00","BZN|SE4","Without Sequence","54.68","",""
"01/08/2021 12:00:00 - 01/08/2021 13:00:00","BZN|SE4","Without Sequence","49.03","",""
"01/08/2021 13:00:00 - 01/08/2021 14:00:00","BZN|SE4","Without Sequence","48.94","",""
"01/08/2021 14:00:00 - 01/08/2021 15:00:00","BZN|SE4","Without Sequence","49.65","",""
"01/08/2021 15:00:00 - 01/08/2021 16:00:00","BZN|SE4","Without Sequence","59.13","",""
"01/08/2021 16:00:00 - 01/08/2021 17:00:00","BZN|SE4","Without Sequence","66.88","",""
"01/08/2021 17:00:00 - 01/08/2021 18:00:00","BZN|SE4","Without Sequence","75.92","",""
"01/08/2021 18:00:00 - 01/08/2021 19:00:00","BZN|SE4","Without Sequence","80.00","",""
"01/08/2021 19:00:00 - 01/08/2021 20:00:00","BZN|SE4","Without Sequence","76.01","",""
"01/08/2021 20:00:00 - 01/08/2021 21:00:00","BZN|SE4","Without Sequence","71.18","",""
"01/08/2021 21:00:00 - 01/08/2021 22:00:00","BZN|SE4","Without Sequence","58.85","",""
"01/08/2021 22:00:00 - 01/08/2021 23:00:00","BZN|SE4","Without Sequence","60.08","",""
"01/08/2021 23:00:00 - 02/08/2021 00:00:00","BZN|SE4","Without Sequence","54.70","",""
"02/08/2021 00:00:00 - 02/08/2021 01:00:00","BZN|SE4","Without Sequence","53.40","",""
"02/08/2021 01:00:00 - 02/08/2021 02:00:00","BZN|SE4","Without Sequence","50.01","",""
"02/08/2021 02:00:00 - 02/08/2021 03:00:00","BZN|SE4","Without Sequence","50.03","",""
"02/08/2021 03:00:00 - 02/08/2021 04:00:00","BZN|SE4","Without Sequence","57.82","",""
"02/08/2021 04:00:00 - 02/08/2021 05:00:00","BZN|SE4","Without Sequence","82.18","",""
"02/08/2021 05:00:00 - 02/08/2021 06:00:00","BZN|SE4","Without Sequence","89.92","",""
"02/08/2021 06:00:00 - 02/08/2021 07:00:00","BZN|SE4","Without Sequence","97.47","",""
"02/08/2021 07:00:00 - 02/08/2021 08:00:00","BZN|SE4","Without Sequence","87.74","",""
"02/08/2021 08:00:00 - 02/08/2021 09:00:00","BZN|SE4","Without Sequence","82.80","",""
"02/08/2021 09:00:00 - 02/08/2021 10:00:00","BZN|SE4","Without Sequence","79.95","",""
"02/08/2021 10:00:00 - 02/08/2021 11:00:00","BZN|SE4","Without Sequence","76.83","",""
"02/08/2021 11:00:00 - 02/08/2021 12:00:00","BZN|SE4","Without Sequence","70.08","",""
"02/08/2021 12:00:00 - 02/08/2021 13:00:00","BZN|SE4","Without Sequence","64.20","",""
"02/08/2021 13:00:00 - 02/08/2021 14:00:00","BZN|SE4","Without Sequence","68.67","",""
"02/08/2021 14:00:00 - 02/08/2021 15:00:00","BZN|SE4","Without Sequence","69.97","",""
"02/08/2021 15:00:00 - 02/08/2021 16:00:00","BZN|SE4","Without Sequence","82.35","",""
"02/08/2021 16:00:00 - 02/08/2021 17:00:00","BZN|SE4","Without Sequence","95.60","",""
"02/08/2021 17:00:00 - 02/08/2021 18:00:00","BZN|SE4","Without Sequence","106.17","",""
"02/08/2021 18:00:00 - 02/08/2021 19:00:00","BZN|SE4","Without Sequence","113.90","",""
"02/08/2021 19:00:00 - 02/08/2021 20:00:00","BZN|SE4","Without Sequence","114.70","",""
"02/08/2021 20:00:00 - 02/08/2021 21:00:00","BZN|SE4","Without Sequence","102.45","",""
"02/08/2021 21:00:00 - 02/08/2021 22:00:00","BZN|SE4","Without Sequence","87.82","",""
"02/08/2021 22:00:00 - 02/08/2021 23:00:00","BZN|SE4","Without Sequence","85.42","",""
"02/08/2021 23:00:00 - 03/08/2021 00:00:00","BZN|SE4","Without Sequence","78.59","",""
"03/08/2021 00:00:00 - 03/08/2021 01:00:00","BZN|SE4","Without Sequence","77.79","",""
"03/08/2021 01:00:00 - 03/08/2021 02:00:00","BZN|SE4","Without Sequence","75.03","",""
"03/08/2021 02:00:00 - 03/08/2021 03:00:00","BZN|SE4","Without Sequence","75.01","",""
"03/08/2021 03:00:00 - 03/08/2021 04:00:00","BZN|SE4","Without Sequence","76.89","",""
"03/08/2021 04:00:00 - 03/08/2021 05:00:00","BZN|SE4","Without Sequence","100.82","",""
"03/08/2021 05:00:00 - 03/08/2021 06:00:00","BZN|SE4","Without Sequence","130.00","",""
"03/08/2021 06:00:00 - 03/08/2021 07:00:00","BZN|SE4","Without Sequence","118.52","",""
"03/08/2021 07:00:00 - 03/08/2021 08:00:00","BZN|SE4","Without Sequence","104.06","",""
"03/08/2021 08:00:00 - 03/08/2021 09:00:00","BZN|SE4","Without Sequence","96.23","",""
"03/08/2021 09:00:00 - 03/08/2021 10:00:00","BZN|SE4","Without Sequence","95.21","",""
"03/08/2021 10:00:00 - 03/08/2021 11:00:00","BZN|SE4","Without Sequence","94.79","",""
"03/08/2021 11:00:00 - 03/08/2021 12:00:00","BZN|SE4","Without Sequence","88.96","",""
"03/08/2021 12:00:00 - 03/08/2021 13:00:00","BZN|SE4","Without Sequence","85.48","",""
"03/08/2021 13:00:00 - 03/08/2021 14:00:00","BZN|SE4","Without Sequence","85.42","",""
"03/08/2021 14:00:00 - 03/08/2021 15:00:00","BZN|SE4","Without Sequence","87.93","",""
"03/08/2021 15:00:00 - 03/08/2021 16:00:00","BZN|SE4","Without Sequence","99.79","",""
"03/08/2021 16:00:00 - 03/08/2021 17:00:00","BZN|SE4","Without Sequence","115.42","",""
"03/08/2021 17:00:00 - 03/08/2021 18:00:00","BZN|SE4","Without Sequence","119.52","",""
"03/08/2021 18:00:00 - 03/08/2021 19:00:00","BZN|SE4","Without Sequence","117.76","",""
"03/08/2021 19:00:00 - 03/08/2021 20:00:00","BZN|SE4","Without Sequence","110.00","",""
"03/08/2021 20:00:00 - 03/08/2021 21:00:00","BZN|SE4","Without Sequence","104.90","",""
"03/08/2021 21:00:00 - 03/08/2021 22:00:00","BZN|SE4","Without Sequence","90.82","",""
"03/08/2021 22:00:00 - 03/08/2021 23:00:00","BZN|SE4","Without Sequence","84.04","",""
"03/08/2021 23:00:00 - 04/08/2021 00:00:00","BZN|SE4","Without Sequence","80.23","",""
"04/08/2021 00:00:00 - 04/08/2021 01:00:00","BZN|SE4","Without Sequence","75.17","",""
"04/08/2021 01:00:00 - 04/08/2021 02:00:00","BZN|SE4","Without Sequence","74.81","",""
"04/08/2021 02:00:00 - 04/08/2021 03:00:00","BZN|SE4","Without Sequence","75.93","",""
"04/08/2021 03:00:00 - 04/08/2021 04:00:00","BZN|SE4","Without Sequence","81.47","",""
"04/08/2021 04:00:00 - 04/08/2021 05:00:00","BZN|SE4","Without Sequence","96.25","",""
"04/08/2021 05:00:00 - 04/08/2021 06:00:00","BZN|SE4","Without Sequence","108.23","",""
"04/08/2021 06:00:00 - 04/08/2021 07:00:00","BZN|SE4","Without Sequence","123.04","",""
"04/08/2021 07:00:00 - 04/08/2021 08:00:00","BZN|SE4","Without Sequence","114.68","",""
"04/08/2021 08:00:00 - 04/08/2021 09:00:00","BZN|SE4","Without Sequence","110.77","",""
"04/08/2021 09:00:00 - 04/08/2021 10:00:00","BZN|SE4","Without Sequence","101.98","",""
"04/08/2021 10:00:00 - 04/08/2021 11:00:00","BZN|SE4","Without Sequence","98.44","",""
"04/08/2021 11:00:00 - 04/08/2021 12:00:00","BZN|SE4","Without Sequence","95.91","",""
"04/08/2021 12:00:00 - 04/08/2021 13:00:00","BZN|SE4","Without Sequence","90.83","",""
"04/08/2021 13:00:00 - 04/08/2021 14:00:00","BZN|SE4","Without Sequence","90.02","",""
"04/08/2021 14:00:00 - 04/08/2021 15:00:00","BZN|SE4","Without Sequence","88.91","",""
"04/08/2021 15:00:00 - 04/08/2021 16:00:00","BZN|SE4","Without Sequence","95.97","",""
"04/08/2021 16:00:00 - 04/08/2021 17:00:00","BZN|SE4","Without Sequence","107.46","",""
"04/08/2021 17:00:00 - 04/08/2021 18:00:00","BZN|SE4","Without Sequence","128.94","",""
"04/08/2021 18:00:00 - 04/08/2021 19:00:00","BZN|SE4","Without Sequence","124.00","",""
"04/08/2021 19:00:00 - 04/08/2021 20:00:00","BZN|SE4","Without Sequence","110.10","",""
"04/08/2021 20:00:00 - 04/08/2021 21:00:00","BZN|SE4","Without Sequence","99.22","",""
"04/08/2021 21:00:00 - 04/08/2021 22:00:00","BZN|SE4","Without Sequence","90.03","",""
"04/08/2021 22:00:00 - 04/08/2021 23:00:00","BZN|SE4","Without Sequence","83.67","",""
"04/08/2021 23:00:00 - 05/08/2021 00:00:00","BZN|SE4","Without Sequence","80.99","",""
"05/08/2021 00:00:00 - 05/08/2021 01:00:00","BZN|SE4","Without Sequence","78.15","",""
"05/08/2021 01:00:00 - 05/08/2021 02:00:00","BZN|SE4","Without Sequence","76.97","",""
"05/08/2021 02:00:00 - 05/08/2021 03:00:00","BZN|SE4","Without Sequence","78.01","",""
"05/08/2021 03:00:00 - 05/08/2021 04:00:00","BZN|SE4","Without Sequence","82.34","",""
"05/08/2021 04:00:00 - 05/08/2021 05:00:00","BZN|SE4","Without Sequence","97.79","",""
"05/08/2021 05:00:00 - 05/08/2021 06:00:00","BZN|SE4","Without Sequence","125.10","",""
"05/08/2021 06:00:00 - 05/08/2021 07:00:00","BZN|SE4","Without Sequence","126.20","",""
"05/08/2021 07:00:00 - 05/08/2021 08:00:00","BZN|SE4","Without Sequence","115.29","",""
"05/08/2021 08:00:00 - 05/08/2021 09:00:00","BZN|SE4","Without Sequence","108.14","",""
"05/08/2021 09:00:00 - 05/08/2021 10:00:00","BZN|SE4","Without Sequence","101.00","",""
"05/08/2021 10:00:00 - 05/08/2021 11:00:00","BZN|SE4","Without Sequence","99.00","",""
"05/08/2021 11:00:00 - 05/08/2021 12:00:00","BZN|SE4","Without Sequence","88.79","",""
"05/08/2021 12:00:00 - 05/08/2021 13:00:00","BZN|SE4","Without Sequence","82.99","",""
"05/08/2021 13:00:00 - 05/08/2021 14:00:00","BZN|SE4","Without Sequence","81.48","",""
"05/08/2021 14:00:00 - 05/08/2021 15:00:00","BZN|SE4","Without Sequence","85.11","",""
"05/08/2021 15:00:00 - 05/08/2021 16:00:00","BZN|SE4","Without Sequence","91.66","",""
"05/08/2021 16:00:00 - 05/08/2021 17:00:00","BZN|SE4","Without Sequence","107.48","",""
"05/08/2021 17:00:00 - 05/08/2021 18:00:00","BZN|SE4","Without Sequence","110.95","",""
"05/08/2021 18:00:00 - 05/08/2021 19:00:00","BZN|SE4","Without Sequence","111.74","",""
"05/08/2021 19:00:00 - 05/08/2021 20:00:00","BZN|SE4","Without Sequence","97.13","",""
"05/08/2021 20:00:00 - 05/08/2021 21:00:00","BZN|SE4","Without Sequence","83.00","",""
"05/08/2021 21:00:00 - 05/08/2021 22:00:00","BZN|SE4","Without Sequence","70.60","",""
"05/08/2021 22:00:00 - 05/08/2021 23:00:00","BZN|SE4","Without Sequence","65.03","",""
"05/08/2021 23:00:00 - 06/08/2021 00:00:00","BZN|SE4","Without Sequence","61.98","",""
"06/08/2021 00:00:00 - 06/08/2021 01:00:00","BZN|SE4","Without Sequence","61.46","",""
"06/08/2021 01:00:00 - 06/08/2021 02:00:00","BZN|SE4","Without Sequence","62.53","",""
"06/08/2021 02:00:00 - 06/08/2021 03:00:00","BZN|SE4","Without Sequence","62.68","",""
"06/08/2021 03:00:00 - 06/08/2021 04:00:00","BZN|SE4","Without Sequence","66.45","",""
"06/08/2021 04:00:00 - 06/08/2021 05:00:00","BZN|SE4","Without Sequence","81.43","",""
"06/08/2021 05:00:00 - 06/08/2021 06:00:00","BZN|SE4","Without Sequence","90.00","",""
"06/08/2021 06:00:00 - 06/08/2021 07:00:00","BZN|SE4","Without Sequence","94.98","",""
"06/08/2021 07:00:00 - 06/08/2021 08:00:00","BZN|SE4","Without Sequence","86.13","",""
"06/08/2021 08:00:00 - 06/08/2021 09:00:00","BZN|SE4","Without Sequence","77.52","",""
"06/08/2021 09:00:00 - 06/08/2021 10:00:00","BZN|SE4","Without Sequence","69.08","",""
"06/08/2021 10:00:00 - 06/08/2021 11:00:00","BZN|SE4","Without Sequence","64.74","",""
"06/08/2021 11:00:00 - 06/08/2021 12:00:00","BZN|SE4","Without Sequence","59.15","",""
"06/08/2021 12:00:00 - 06/08/2021 13:00:00","BZN|SE4","Without Sequence","54.64","",""
"06/08/2021 13:00:00 - 06/08/2021 14:00:00","BZN|SE4","Without Sequence","55.28","",""
"06/08/2021 14:00:00 - 06/08/2021 15:00:00","BZN|SE4","Without Sequence","58.93","",""
"06/08/2021 15:00:00 - 06/08/2021 16:00:00","BZN|SE4","Without Sequence","65.21","",""
"06/08/2021 16:00:00 - 06/08/2021 17:00:00","BZN|SE4","Without Sequence","76.09","",""
"06/08/2021 17:00:00 - 06/08/2021 18:00:00","BZN|SE4","Without Sequence","82.96","",""
"06/08/2021 18:00:00 - 06/08/2021 19:00:00","BZN|SE4","Without Sequence","84.27","",""
"06/08/2021 19:00:00 - 06/08/2021 20:00:00","BZN|SE4","Without Sequence","80.98","",""
"06/08/2021 20:00:00 - 06/08/2021 21:00:00","BZN|SE4","Without Sequence","77.33","",""
"06/08/2021 21:00:00 - 06/08/2021 22:00:00","BZN|SE4","Without Sequence","65.93","",""
"06/08/2021 22:00:00 - 06/08/2021 23:00:00","BZN|SE4","Without Sequence","64.28","",""
"06/08/2021 23:00:00 - 07/08/2021 00:00:00","BZN|SE4","Without Sequence","59.03","",""
"07/08/2021 00:00:00 - 07/08/2021 01:00:00","BZN|SE4","Without Sequence","57.78","",""
"07/08/2021 01:00:00 - 07/08/2021 02:00:00","BZN|SE4","Without Sequence","57.01","",""
"07/08/2021 02:00:00 - 07/08/2021 03:00:00","BZN|SE4","Without Sequence","58.07","",""
"07/08/2021 03:00:00 - 07/08/2021 04:00:00","BZN|SE4","Without Sequence","60.76","",""
"07/08/2021 04:00:00 - 07/08/2021 05:00:00","BZN|SE4","Without Sequence","60.84","",""
"07/08/2021 05:00:00 - 07/08/2021 06:00:00","BZN|SE4","Without Sequence","62.83","",""
"07/08/2021 06:00:00 - 07/08/2021 07:00:00","BZN|SE4","Without Sequence","64.14","",""
"07/08/2021 07:00:00 - 07/08/2021 08:00:00","BZN|SE4","Without Sequence","59.90","",""
"07/08/2021 08:00:00 - 07/08/2021 09:00:00","BZN|SE4","Without Sequence","56.14","",""
"07/08/2021 09:00:00 - 07/08/2021 10:00:00","BZN|SE4","Without Sequence","53.70","",""
"07/08/2021 10:00:00 - 07/08/2021 11:00:00","BZN|SE4","Without Sequence","53.53","",""
"07/08/2021 11:00:00 - 07/08/2021 12:00:00","BZN|SE4","Without Sequence","51.56","",""
"07/08/2021 12:00:00 - 07/08/2021 13:00:00","BZN|SE4","Without Sequence","53.54","",""
"07/08/2021 13:00:00 - 07/08/2021 14:00:00","BZN|SE4","Without Sequence","53.52","",""
"07/08/2021 14:00:00 - 07/08/2021 15:00:00","BZN|SE4","Without Sequence","57.01","",""
"07/08/2021 15:00:00 - 07/08/2021 16:00:00","BZN|SE4","Without Sequence","69.08","",""
"07/08/2021 16:00:00 - 07/08/2021 17:00:00","BZN|SE4","Without Sequence","77.00","",""
"07/08/2021 17:00:00 - 07/08/2021 18:00:00","BZN|SE4","Without Sequence","80.08","",""
"07/08/2021 18:00:00 - 07/08/2021 19:00:00","BZN|SE4","Without Sequence","75.10","",""
"07/08/2021 19:00:00 - 07/08/2021 20:00:00","BZN|SE4","Without Sequence","69.00","",""
"07/08/2021 20:00:00 - 07/08/2021 21:00:00","BZN|SE4","Without Sequence","64.19","",""
"07/08/2021 21:00:00 - 07/08/2021 22:00:00","BZN|SE4","Without Sequence","58.02","",""
"07/08/2021 22:00:00 - 07/08/2021 23:00:00","BZN|SE4","Without Sequence","16.02","",""
"07/08/2021 23:00:00 - 08/08/2021 00:00:00","BZN|SE4","Without Sequence","1.27","",""
"08/08/2021 00:00:00 - 08/08/2021 01:00:00","BZN|SE4","Without Sequence","0.67","",""
"08/08/2021 01:00:00 - 08/08/2021 02:00:00","BZN|SE4","Without Sequence","0.59","",""
"08/08/2021 02:00:00 - 08/08/2021 03:00:00","BZN|SE4","Without Sequence","0.07","",""
"08/08/2021 03:00:00 - 08/08/2021 04:00:00","BZN|SE4","Without Sequence","0.04","",""
"08/08/2021 04:00:00 - 08/08/2021 05:00:00","BZN|SE4","Without Sequence","0.04","",""
"08/08/2021 05:00:00 - 08/08/2021 06:00:00","BZN|SE4","Without Sequence","0.09","",""
"08/08/2021 06:00:00 - 08/08/2021 07:00:00","BZN|SE4","Without Sequence","0.84","",""
"08/08/2021 07:00:00 - 08/08/2021 08:00:00","BZN|SE4","Without Sequence","3.00","",""
"08/08/2021 08:00:00 - 08/08/2021 09:00:00","BZN|SE4","Without Sequence","22.89","",""
"08/08/2021 09:00:00 - 08/08/2021 10:00:00","BZN|SE4","Without Sequence","23.94","",""
"08/08/2021 10:00:00 - 08/08/2021 11:00:00","BZN|SE4","Without Sequence","23.78","",""
"08/08/2021 11:00:00 - 08/08/2021 12:00:00","BZN|SE4","Without Sequence","32.92","",""
"08/08/2021 12:00:00 - 08/08/2021 13:00:00","BZN|SE4","Without Sequence","27.18","",""
"08/08/2021 13:00:00 - 08/08/2021 14:00:00","BZN|SE4","Without Sequence","39.44","",""
"08/08/2021 14:00:00 - 08/08/2021 15:00:00","BZN|SE4","Without Sequence","32.17","",""
"08/08/2021 15:00:00 - 08/08/2021 16:00:00","BZN|SE4","Without Sequence","47.34","",""
"08/08/2021 16:00:00 - 08/08/2021 17:00:00","BZN|SE4","Without Sequence","50.24","",""
"08/08/2021 17:00:00 - 08/08/2021 18:00:00","BZN|SE4","Without Sequence","60.51","",""
"08/08/2021 18:00:00 - 08/08/2021 19:00:00","BZN|SE4","Without Sequence","68.05","",""
"08/08/2021 19:00:00 - 08/08/2021 20:00:00","BZN|SE4","Without Sequence","65.90","",""
"08/08/2021 20:00:00 - 08/08/2021 21:00:00","BZN|SE4","Without Sequence","63.73","",""
"08/08/2021 21:00:00 - 08/08/2021 22:00:00","BZN|SE4","Without Sequence","56.58","",""
"08/08/2021 22:00:00 - 08/08/2021 23:00:00","BZN|SE4","Without Sequence","49.12","",""
"08/08/2021 23:00:00 - 09/08/2021 00:00:00","BZN|SE4","Without Sequence","39.20","",""
"09/08/2021 00:00:00 - 09/08/2021 01:00:00","BZN|SE4","Without Sequence","38.27","",""
"09/08/2021 01:00:00 - 09/08/2021 02:00:00","BZN|SE4","Without Sequence","31.92","",""
"09/08/2021 02:00:00 - 09/08/2021 03:00:00","BZN|SE4","Without Sequence","38.42","",""
"09/08/2021 03:00:00 - 09/08/2021 04:00:00","BZN|SE4","Without Sequence","52.75","",""
"09/08/2021 04:00:00 - 09/08/2021 05:00:00","BZN|SE4","Without Sequence","70.36","",""
"09/08/2021 05:00:00 - 09/08/2021 06:00:00","BZN|SE4","Without Sequence","82.39","",""
"09/08/2021 06:00:00 - 09/08/2021 07:00:00","BZN|SE4","Without Sequence","86.90","",""
"09/08/2021 07:00:00 - 09/08/2021 08:00:00","BZN|SE4","Without Sequence","79.13","",""
"09/08/2021 08:00:00 - 09/08/2021 09:00:00","BZN|SE4","Without Sequence","65.49","",""
"09/08/2021 09:00:00 - 09/08/2021 10:00:00","BZN|SE4","Without Sequence","64.13","",""
"09/08/2021 10:00:00 - 09/08/2021 11:00:00","BZN|SE4","Without Sequence","62.42","",""
"09/08/2021 11:00:00 - 09/08/2021 12:00:00","BZN|SE4","Without Sequence","61.22","",""
"09/08/2021 12:00:00 - 09/08/2021 13:00:00","BZN|SE4","Without Sequence","61.42","",""
"09/08/2021 13:00:00 - 09/08/2021 14:00:00","BZN|SE4","Without Sequence","61.04","",""
"09/08/2021 14:00:00 - 09/08/2021 15:00:00","BZN|SE4","Without Sequence","62.32","",""
"09/08/2021 15:00:00 - 09/08/2021 16:00:00","BZN|SE4","Without Sequence","74.96","",""
"09/08/2021 16:00:00 - 09/08/2021 17:00:00","BZN|SE4","Without Sequence","91.37","",""
"09/08/2021 17:00:00 - 09/08/2021 18:00:00","BZN|SE4","Without Sequence","102.91","",""
"09/08/2021 18:00:00 - 09/08/2021 19:00:00","BZN|SE4","Without Sequence","107.61","",""
"09/08/2021 19:00:00 - 09/08/2021 20:00:00","BZN|SE4","Without Sequence","103.00","",""
"09/08/2021 20:00:00 - 09/08/2021 21:00:00","BZN|SE4","Without Sequence","96.34","",""
"09/08/2021 21:00:00 - 09/08/2021 22:00:00","BZN|SE4","Without Sequence","83.65","",""
"09/08/2021 22:00:00 - 09/08/2021 23:00:00","BZN|SE4","Without Sequence","73.65","",""
"09/08/2021 23:00:00 - 10/08/2021 00:00:00","BZN|SE4","Without Sequence","70.96","",""
"10/08/2021 00:00:00 - 10/08/2021 01:00:00","BZN|SE4","Without Sequence","67.29","",""
"10/08/2021 01:00:00 - 10/08/2021 02:00:00","BZN|SE4","Without Sequence","65.06","",""
"10/08/2021 02:00:00 - 10/08/2021 03:00:00","BZN|SE4","Without Sequence","67.24","",""
"10/08/2021 03:00:00 - 10/08/2021 04:00:00","BZN|SE4","Without Sequence","70.51","",""
"10/08/2021 04:00:00 - 10/08/2021 05:00:00","BZN|SE4","Without Sequence","85.96","",""
"10/08/2021 05:00:00 - 10/08/2021 06:00:00","BZN|SE4","Without Sequence","105.23","",""
"10/08/2021 06:00:00 - 10/08/2021 07:00:00","BZN|SE4","Without Sequence","115.00","",""
"10/08/2021 07:00:00 - 10/08/2021 08:00:00","BZN|SE4","Without Sequence","106.35","",""
"10/08/2021 08:00:00 - 10/08/2021 09:00:00","BZN|SE4","Without Sequence","97.28","",""
"10/08/2021 09:00:00 - 10/08/2021 10:00:00","BZN|SE4","Without Sequence","88.12","",""
"10/08/2021 10:00:00 - 10/08/2021 11:00:00","BZN|SE4","Without Sequence","84.60","",""
"10/08/2021 11:00:00 - 10/08/2021 12:00:00","BZN|SE4","Without Sequence","79.91","",""
"10/08/2021 12:00:00 - 10/08/2021 13:00:00","BZN|SE4","Without Sequence","75.89","",""
"10/08/2021 13:00:00 - 10/08/2021 14:00:00","BZN|SE4","Without Sequence","75.49","",""
"10/08/2021 14:00:00 - 10/08/2021 15:00:00","BZN|SE4","Without Sequence","80.35","",""
"10/08/2021 15:00:00 - 10/08/2021 16:00:00","BZN|SE4","Without Sequence","89.51","",""
"10/08/2021 16:00:00 - 10/08/2021 17:00:00","BZN|SE4","Without Sequence","104.54","",""
"10/08/2021 17:00:00 - 10/08/2021 18:00:00","BZN|SE4","Without Sequence","116.29","",""
"10/08/2021 18:00:00 - 10/08/2021 19:00:00","BZN|SE4","Without Sequence","137.17","",""
"10/08/2021 19:00:00 - 10/08/2021 20:00:00","BZN|SE4","Without Sequence","120.00","",""
"10/08/2021 20:00:00 - 10/08/2021 21:00:00","BZN|SE4","Without Sequence","111.60","",""
"10/08/2021 21:00:00 - 10/08/2021 22:00:00","BZN|SE4","Without Sequence","91.03","",""
"10/08/2021 22:00:00 - 10/08/2021 23:00:00","BZN|SE4","Without Sequence","88.88","",""
"10/08/2021 23:00:00 - 11/08/2021 00:00:00","BZN|SE4","Without Sequence","85.10","",""
"11/08/2021 00:00:00 - 11/08/2021 01:00:00","BZN|SE4","Without Sequence","83.93","",""
"11/08/2021 01:00:00 - 11/08/2021 02:00:00","BZN|SE4","Without Sequence","82.10","",""
"11/08/2021 02:00:00 - 11/08/2021 03:00:00","BZN|SE4","Without Sequence","82.32","",""
"11/08/2021 03:00:00 - 11/08/2021 04:00:00","BZN|SE4","Without Sequence","86.39","",""
"11/08/2021 04:00:00 - 11/08/2021 05:00:00","BZN|SE4","Without Sequence","107.96","",""
"11/08/2021 05:00:00 - 11/08/2021 06:00:00","BZN|SE4","Without Sequence","134.04","",""
"11/08/2021 06:00:00 - 11/08/2021 07:00:00","BZN|SE4","Without Sequence","121.61","",""
"11/08/2021 07:00:00 - 11/08/2021 08:00:00","BZN|SE4","Without Sequence","108.98","",""
"11/08/2021 08:00:00 - 11/08/2021 09:00:00","BZN|SE4","Without Sequence","92.97","",""
"11/08/2021 09:00:00 - 11/08/2021 10:00:00","BZN|SE4","Without Sequence","88.63","",""
"11/08/2021 10:00:00 - 11/08/2021 11:00:00","BZN|SE4","Without Sequence","84.60","",""
"11/08/2021 11:00:00 - 11/08/2021 12:00:00","BZN|SE4","Without Sequence","82.21","",""
"11/08/2021 12:00:00 - 11/08/2021 13:00:00","BZN|SE4","Without Sequence","80.99","",""
"11/08/2021 13:00:00 - 11/08/2021 14:00:00","BZN|SE4","Without Sequence","82.96","",""
"11/08/2021 14:00:00 - 11/08/2021 15:00:00","BZN|SE4","Without Sequence","88.05","",""
"11/08/2021 15:00:00 - 11/08/2021 16:00:00","BZN|SE4","Without Sequence","104.47","",""
"11/08/2021 16:00:00 - 11/08/2021 17:00:00","BZN|SE4","Without Sequence","115.00","",""
"11/08/2021 17:00:00 - 11/08/2021 18:00:00","BZN|SE4","Without Sequence","125.38","",""
"11/08/2021 18:00:00 - 11/08/2021 19:00:00","BZN|SE4","Without Sequence","136.66","",""
"11/08/2021 19:00:00 - 11/08/2021 20:00:00","BZN|SE4","Without Sequence","122.01","",""
"11/08/2021 20:00:00 - 11/08/2021 21:00:00","BZN|SE4","Without Sequence","114.19","",""
"11/08/2021 21:00:00 - 11/08/2021 22:00:00","BZN|SE4","Without Sequence","100.53","",""
"11/08/2021 22:00:00 - 11/08/2021 23:00:00","BZN|SE4","Without Sequence","94.35","",""
"11/08/2021 23:00:00 - 12/08/2021 00:00:00","BZN|SE4","Without Sequence","89.50","",""
"12/08/2021 00:00:00 - 12/08/2021 01:00:00","BZN|SE4","Without Sequence","87.89","",""
"12/08/2021 01:00:00 - 12/08/2021 02:00:00","BZN|SE4","Without Sequence","87.00","",""
"12/08/2021 02:00:00 - 12/08/2021 03:00:00","BZN|SE4","Without Sequence","84.64","",""
"12/08/2021 03:00:00 - 12/08/2021 04:00:00","BZN|SE4","Without Sequence","87.02","",""
"12/08/2021 04:00:00 - 12/08/2021 05:00:00","BZN|SE4","Without Sequence","106.92","",""
"12/08/2021 05:00:00 - 12/08/2021 06:00:00","BZN|SE4","Without Sequence","120.00","",""
"12/08/2021 06:00:00 - 12/08/2021 07:00:00","BZN|SE4","Without Sequence","120.77","",""
"12/08/2021 07:00:00 - 12/08/2021 08:00:00","BZN|SE4","Without Sequence","109.00","",""
"12/08/2021 08:00:00 - 12/08/2021 09:00:00","BZN|SE4","Without Sequence","102.72","",""
"12/08/2021 09:00:00 - 12/08/2021 10:00:00","BZN|SE4","Without Sequence","98.06","",""
"12/08/2021 10:00:00 - 12/08/2021 11:00:00","BZN|SE4","Without Sequence","95.00","",""
"12/08/2021 11:00:00 - 12/08/2021 12:00:00","BZN|SE4","Without Sequence","91.94","",""
"12/08/2021 12:00:00 - 12/08/2021 13:00:00","BZN|SE4","Without Sequence","92.99","",""
"12/08/2021 13:00:00 - 12/08/2021 14:00:00","BZN|SE4","Without Sequence","94.95","",""
"12/08/2021 14:00:00 - 12/08/2021 15:00:00","BZN|SE4","Without Sequence","100.91","",""
"12/08/2021 15:00:00 - 12/08/2021 16:00:00","BZN|SE4","Without Sequence","111.40","",""
"12/08/2021 16:00:00 - 12/08/2021 17:00:00","BZN|SE4","Without Sequence","126.79","",""
"12/08/2021 17:00:00 - 12/08/2021 18:00:00","BZN|SE4","Without Sequence","145.00","",""
"12/08/2021 18:00:00 - 12/08/2021 19:00:00","BZN|SE4","Without Sequence","144.00","",""
"12/08/2021 19:00:00 - 12/08/2021 20:00:00","BZN|SE4","Without Sequence","133.37","",""
"12/08/2021 20:00:00 - 12/08/2021 21:00:00","BZN|SE4","Without Sequence","119.00","",""
"12/08/2021 21:00:00 - 12/08/2021 22:00:00","BZN|SE4","Without Sequence","107.12","",""
"12/08/2021 22:00:00 - 12/08/2021 23:00:00","BZN|SE4","Without Sequence","89.14","",""
"12/08/2021 23:00:00 - 13/08/2021 00:00:00","BZN|SE4","Without Sequence","85.37","",""
"13/08/2021 00:00:00 - 13/08/2021 01:00:00","BZN|SE4","Without Sequence","81.01","",""
"13/08/2021 01:00:00 - 13/08/2021 02:00:00","BZN|SE4","Without Sequence","79.96","",""
"13/08/2021 02:00:00 - 13/08/2021 03:00:00","BZN|SE4","Without Sequence","81.30","",""
"13/08/2021 03:00:00 - 13/08/2021 04:00:00","BZN|SE4","Without Sequence","84.69","",""
"13/08/2021 04:00:00 - 13/08/2021 05:00:00","BZN|SE4","Without Sequence","113.00","",""
"13/08/2021 05:00:00 - 13/08/2021 06:00:00","BZN|SE4","Without Sequence","124.00","",""
"13/08/2021 06:00:00 - 13/08/2021 07:00:00","BZN|SE4","Without Sequence","121.93","",""
"13/08/2021 07:00:00 - 13/08/2021 08:00:00","BZN|SE4","Without Sequence","109.66","",""
"13/08/2021 08:00:00 - 13/08/2021 09:00:00","BZN|SE4","Without Sequence","99.98","",""
"13/08/2021 09:00:00 - 13/08/2021 10:00:00","BZN|SE4","Without Sequence","88.02","",""
"13/08/2021 10:00:00 - 13/08/2021 11:00:00","BZN|SE4","Without Sequence","85.81","",""
"13/08/2021 11:00:00 - 13/08/2021 12:00:00","BZN|SE4","Without Sequence","85.45","",""
"13/08/2021 12:00:00 - 13/08/2021 13:00:00","BZN|SE4","Without Sequence","74.02","",""
"13/08/2021 13:00:00 - 13/08/2021 14:00:00","BZN|SE4","Without Sequence","73.63","",""
"13/08/2021 14:00:00 - 13/08/2021 15:00:00","BZN|SE4","Without Sequence","74.36","",""
"13/08/2021 15:00:00 - 13/08/2021 16:00:00","BZN|SE4","Without Sequence","86.13","",""
"13/08/2021 16:00:00 - 13/08/2021 17:00:00","BZN|SE4","Without Sequence","104.91","",""
"13/08/2021 17:00:00 - 13/08/2021 18:00:00","BZN|SE4","Without Sequence","117.48","",""
"13/08/2021 18:00:00 - 13/08/2021 19:00:00","BZN|SE4","Without Sequence","115.68","",""
"13/08/2021 19:00:00 - 13/08/2021 20:00:00","BZN|SE4","Without Sequence","115.77","",""
"13/08/2021 20:00:00 - 13/08/2021 21:00:00","BZN|SE4","Without Sequence","106.91","",""
"13/08/2021 21:00:00 - 13/08/2021 22:00:00","BZN|SE4","Without Sequence","89.98","",""
"13/08/2021 22:00:00 - 13/08/2021 23:00:00","BZN|SE4","Without Sequence","76.14","",""
"13/08/2021 23:00:00 - 14/08/2021 00:00:00","BZN|SE4","Without Sequence","73.85","",""
"14/08/2021 00:00:00 - 14/08/2021 01:00:00","BZN|SE4","Without Sequence","69.83","",""
"14/08/2021 01:00:00 - 14/08/2021 02:00:00","BZN|SE4","Without Sequence","67.78","",""
"14/08/2021 02:00:00 - 14/08/2021 03:00:00","BZN|SE4","Without Sequence","67.40","",""
"14/08/2021 03:00:00 - 14/08/2021 04:00:00","BZN|SE4","Without Sequence","67.53","",""
"14/08/2021 04:00:00 - 14/08/2021 05:00:00","BZN|SE4","Without Sequence","69.70","",""
"14/08/2021 05:00:00 - 14/08/2021 06:00:00","BZN|SE4","Without Sequence","73.51","",""
"14/08/2021 06:00:00 - 14/08/2021 07:00:00","BZN|SE4","Without Sequence","75.02","",""
"14/08/2021 07:00:00 - 14/08/2021 08:00:00","BZN|SE4","Without Sequence","73.86","",""
"14/08/2021 08:00:00 - 14/08/2021 09:00:00","BZN|SE4","Without Sequence","63.26","",""
"14/08/2021 09:00:00 - 14/08/2021 10:00:00","BZN|SE4","Without Sequence","59.10","",""
"14/08/2021 10:00:00 - 14/08/2021 11:00:00","BZN|SE4","Without Sequence","53.58","",""
"14/08/2021 11:00:00 - 14/08/2021 12:00:00","BZN|SE4","Without Sequence","52.27","",""
"14/08/2021 12:00:00 - 14/08/2021 13:00:00","BZN|SE4","Without Sequence","48.91","",""
"14/08/2021 13:00:00 - 14/08/2021 14:00:00","BZN|SE4","Without Sequence","45.58","",""
"14/08/2021 14:00:00 - 14/08/2021 15:00:00","BZN|SE4","Without Sequence","52.20","",""
"14/08/2021 15:00:00 - 14/08/2021 16:00:00","BZN|SE4","Without Sequence","58.85","",""
"14/08/2021 16:00:00 - 14/08/2021 17:00:00","BZN|SE4","Without Sequence","75.12","",""
"14/08/2021 17:00:00 - 14/08/2021 18:00:00","BZN|SE4","Without Sequence","84.85","",""
"14/08/2021 18:00:00 - 14/08/2021 19:00:00","BZN|SE4","Without Sequence","86.43","",""
"14/08/2021 19:00:00 - 14/08/2021 20:00:00","BZN|SE4","Without Sequence","76.43","",""
"14/08/2021 20:00:00 - 14/08/2021 21:00:00","BZN|SE4","Without Sequence","75.77","",""
"14/08/2021 21:00:00 - 14/08/2021 22:00:00","BZN|SE4","Without Sequence","57.28","",""
"14/08/2021 22:00:00 - 14/08/2021 23:00:00","BZN|SE4","Without Sequence","58.08","",""
"14/08/2021 23:00:00 - 15/08/2021 00:00:00","BZN|SE4","Without Sequence","58.03","",""
"15/08/2021 00:00:00 - 15/08/2021 01:00:00","BZN|SE4","Without Sequence","49.99","",""
"15/08/2021 01:00:00 - 15/08/2021 02:00:00","BZN|SE4","Without Sequence","49.91","",""
"15/08/2021 02:00:00 - 15/08/2021 03:00:00","BZN|SE4","Without Sequence","49.90","",""
"15/08/2021 03:00:00 - 15/08/2021 04:00:00","BZN|SE4","Without Sequence","50.76","",""
"15/08/2021 04:00:00 - 15/08/2021 05:00:00","BZN|SE4","Without Sequence","57.59","",""
"15/08/2021 05:00:00 - 15/08/2021 06:00:00","BZN|SE4","Without Sequence","56.94","",""
"15/08/2021 06:00:00 - 15/08/2021 07:00:00","BZN|SE4","Without Sequence","57.53","",""
"15/08/2021 07:00:00 - 15/08/2021 08:00:00","BZN|SE4","Without Sequence","53.54","",""
"15/08/2021 08:00:00 - 15/08/2021 09:00:00","BZN|SE4","Without Sequence","53.67","",""
"15/08/2021 09:00:00 - 15/08/2021 10:00:00","BZN|SE4","Without Sequence","54.36","",""
"15/08/2021 10:00:00 - 15/08/2021 11:00:00","BZN|SE4","Without Sequence","54.25","",""
"15/08/2021 11:00:00 - 15/08/2021 12:00:00","BZN|SE4","Without Sequence","50.24","",""
"15/08/2021 12:00:00 - 15/08/2021 13:00:00","BZN|SE4","Without Sequence","49.24","",""
"15/08/2021 13:00:00 - 15/08/2021 14:00:00","BZN|SE4","Without Sequence","49.99","",""
"15/08/2021 14:00:00 - 15/08/2021 15:00:00","BZN|SE4","Without Sequence","54.79","",""
"15/08/2021 15:00:00 - 15/08/2021 16:00:00","BZN|SE4","Without Sequence","67.05","",""
"15/08/2021 16:00:00 - 15/08/2021 17:00:00","BZN|SE4","Without Sequence","82.50","",""
"15/08/2021 17:00:00 - 15/08/2021 18:00:00","BZN|SE4","Without Sequence","91.99","",""
"15/08/2021 18:00:00 - 15/08/2021 19:00:00","BZN|SE4","Without Sequence","94.95","",""
"15/08/2021 19:00:00 - 15/08/2021 20:00:00","BZN|SE4","Without Sequence","93.45","",""
"15/08/2021 20:00:00 - 15/08/2021 21:00:00","BZN|SE4","Without Sequence","86.77","",""
"15/08/2021 21:00:00 - 15/08/2021 22:00:00","BZN|SE4","Without Sequence","76.95","",""
"15/08/2021 22:00:00 - 15/08/2021 23:00:00","BZN|SE4","Without Sequence","68.19","",""
"15/08/2021 23:00:00 - 16/08/2021 00:00:00","BZN|SE4","Without Sequence","65.03","",""
"16/08/2021 00:00:00 - 16/08/2021 01:00:00","BZN|SE4","Without Sequence","62.08","",""
"16/08/2021 01:00:00 - 16/08/2021 02:00:00","BZN|SE4","Without Sequence","60.13","",""
"16/08/2021 02:00:00 - 16/08/2021 03:00:00","BZN|SE4","Without Sequence","60.82","",""
"16/08/2021 03:00:00 - 16/08/2021 04:00:00","BZN|SE4","Without Sequence","68.06","",""
"16/08/2021 04:00:00 - 16/08/2021 05:00:00","BZN|SE4","Without Sequence","90.25","",""
"16/08/2021 05:00:00 - 16/08/2021 06:00:00","BZN|SE4","Without Sequence","100.48","",""
"16/08/2021 06:00:00 - 16/08/2021 07:00:00","BZN|SE4","Without Sequence","96.73","",""
"16/08/2021 07:00:00 - 16/08/2021 08:00:00","BZN|SE4","Without Sequence","89.94","",""
"16/08/2021 08:00:00 - 16/08/2021 09:00:00","BZN|SE4","Without Sequence","95.02","",""
"16/08/2021 09:00:00 - 16/08/2021 10:00:00","BZN|SE4","Without Sequence","98.98","",""
"16/08/2021 10:00:00 - 16/08/2021 11:00:00","BZN|SE4","Without Sequence","95.11","",""
"16/08/2021 11:00:00 - 16/08/2021 12:00:00","BZN|SE4","Without Sequence","94.95","",""
"16/08/2021 12:00:00 - 16/08/2021 13:00:00","BZN|SE4","Without Sequence","89.12","",""
"16/08/2021 13:00:00 - 16/08/2021 14:00:00","BZN|SE4","Without Sequence","86.30","",""
"16/08/2021 14:00:00 - 16/08/2021 15:00:00","BZN|SE4","Without Sequence","81.11","",""
"16/08/2021 15:00:00 - 16/08/2021 16:00:00","BZN|SE4","Without Sequence","86.48","",""
"16/08/2021 16:00:00 - 16/08/2021 17:00:00","BZN|SE4","Without Sequence","74.52","",""
"16/08/2021 17:00:00 - 16/08/2021 18:00:00","BZN|SE4","Without Sequence","78.13","",""
"16/08/2021 18:00:00 - 16/08/2021 19:00:00","BZN|SE4","Without Sequence","79.12","",""
"16/08/2021 19:00:00 - 16/08/2021 20:00:00","BZN|SE4","Without Sequence","76.90","",""
"16/08/2021 20:00:00 - 16/08/2021 21:00:00","BZN|SE4","Without Sequence","68.40","",""
"16/08/2021 21:00:00 - 16/08/2021 22:00:00","BZN|SE4","Without Sequence","60.02","",""
"16/08/2021 22:00:00 - 16/08/2021 23:00:00","BZN|SE4","Without Sequence","61.11","",""
"16/08/2021 23:00:00 - 17/08/2021 00:00:00","BZN|SE4","Without Sequence","59.45","",""
"17/08/2021 00:00:00 - 17/08/2021 01:00:00","BZN|SE4","Without Sequence","48.52","",""
"17/08/2021 01:00:00 - 17/08/2021 02:00:00","BZN|SE4","Without Sequence","37.59","",""
"17/08/2021 02:00:00 - 17/08/2021 03:00:00","BZN|SE4","Without Sequence","35.11","",""
"17/08/2021 03:00:00 - 17/08/2021 04:00:00","BZN|SE4","Without Sequence","50.06","",""
"17/08/2021 04:00:00 - 17/08/2021 05:00:00","BZN|SE4","Without Sequence","64.35","",""
"17/08/2021 05:00:00 - 17/08/2021 06:00:00","BZN|SE4","Without Sequence","73.49","",""
"17/08/2021 06:00:00 - 17/08/2021 07:00:00","BZN|SE4","Without Sequence","71.17","",""
"17/08/2021 07:00:00 - 17/08/2021 08:00:00","BZN|SE4","Without Sequence","69.30","",""
"17/08/2021 08:00:00 - 17/08/2021 09:00:00","BZN|SE4","Without Sequence","68.84","",""
"17/08/2021 09:00:00 - 17/08/2021 10:00:00","BZN|SE4","Without Sequence","66.11","",""
"17/08/2021 10:00:00 - 17/08/2021 11:00:00","BZN|SE4","Without Sequence","65.52","",""
"17/08/2021 11:00:00 - 17/08/2021 12:00:00","BZN|SE4","Without Sequence","64.90","",""
"17/08/2021 12:00:00 - 17/08/2021 13:00:00","BZN|SE4","Without Sequence","63.39","",""
"17/08/2021 13:00:00 - 17/08/2021 14:00:00","BZN|SE4","Without Sequence","63.59","",""
"17/08/2021 14:00:00 - 17/08/2021 15:00:00","BZN|SE4","Without Sequence","64.55","",""
"17/08/2021 15:00:00 - 17/08/2021 16:00:00","BZN|SE4","Without Sequence","69.09","",""
"17/08/2021 16:00:00 - 17/08/2021 17:00:00","BZN|SE4","Without Sequence","85.36","",""
"17/08/2021 17:00:00 - 17/08/2021 18:00:00","BZN|SE4","Without Sequence","92.39","",""
"17/08/2021 18:00:00 - 17/08/2021 19:00:00","BZN|SE4","Without Sequence","90.49","",""
"17/08/2021 19:00:00 - 17/08/2021 20:00:00","BZN|SE4","Without Sequence","86.83","",""
"17/08/2021 20:00:00 - 17/08/2021 21:00:00","BZN|SE4","Without Sequence","79.09","",""
"17/08/2021 21:00:00 - 17/08/2021 22:00:00","BZN|SE4","Without Sequence","66.58","",""
"17/08/2021 22:00:00 - 17/08/2021 23:00:00","BZN|SE4","Without Sequence","60.17","",""
"17/08/2021 23:00:00 - 18/08/2021 00:00:00","BZN|SE4","Without Sequence","55.04","",""
"18/08/2021 00:00:00 - 18/08/2021 01:00:00","BZN|SE4","Without Sequence","55.01","",""
"18/08/2021 01:00:00 - 18/08/2021 02:00:00","BZN|SE4","Without Sequence","55.02","",""
"18/08/2021 02:00:00 - 18/08/2021 03:00:00","BZN|SE4","Without Sequence","55.07","",""
"18/08/2021 03:00:00 - 18/08/2021 04:00:00","BZN|SE4","Without Sequence","64.27","",""
"18/08/2021 04:00:00 - 18/08/2021 05:00:00","BZN|SE4","Without Sequence","80.05","",""
"18/08/2021 05:00:00 - 18/08/2021 06:00:00","BZN|SE4","Without Sequence","90.47","",""
"18/08/2021 06:00:00 - 18/08/2021 07:00:00","BZN|SE4","Without Sequence","90.93","",""
"18/08/2021 07:00:00 - 18/08/2021 08:00:00","BZN|SE4","Without Sequence","90.29","",""
"18/08/2021 08:00:00 - 18/08/2021 09:00:00","BZN|SE4","Without Sequence","89.61","",""
"18/08/2021 09:00:00 - 18/08/2021 10:00:00","BZN|SE4","Without Sequence","90.06","",""
"18/08/2021 10:00:00 - 18/08/2021 11:00:00","BZN|SE4","Without Sequence","83.69","",""
"18/08/2021 11:00:00 - 18/08/2021 12:00:00","BZN|SE4","Without Sequence","72.54","",""
"18/08/2021 12:00:00 - 18/08/2021 13:00:00","BZN|SE4","Without Sequence","68.01","",""
"18/08/2021 13:00:00 - 18/08/2021 14:00:00","BZN|SE4","Without Sequence","66.75","",""
"18/08/2021 14:00:00 - 18/08/2021 15:00:00","BZN|SE4","Without Sequence","66.77","",""
"18/08/2021 15:00:00 - 18/08/2021 16:00:00","BZN|SE4","Without Sequence","75.04","",""
"18/08/2021 16:00:00 - 18/08/2021 17:00:00","BZN|SE4","Without Sequence","88.38","",""
"18/08/2021 17:00:00 - 18/08/2021 18:00:00","BZN|SE4","Without Sequence","93.70","",""
"18/08/2021 18:00:00 - 18/08/2021 19:00:00","BZN|SE4","Without Sequence","93.44","",""
"18/08/2021 19:00:00 - 18/08/2021 20:00:00","BZN|SE4","Without Sequence","85.61","",""
"18/08/2021 20:00:00 - 18/08/2021 21:00:00","BZN|SE4","Without Sequence","78.08","",""
"18/08/2021 21:00:00 - 18/08/2021 22:00:00","BZN|SE4","Without Sequence","65.38","",""
"18/08/2021 22:00:00 - 18/08/2021 23:00:00","BZN|SE4","Without Sequence","64.02","",""
"18/08/2021 23:00:00 - 19/08/2021 00:00:00","BZN|SE4","Without Sequence","63.14","",""
"19/08/2021 00:00:00 - 19/08/2021 01:00:00","BZN|SE4","Without Sequence","61.18","",""
"19/08/2021 01:00:00 - 19/08/2021 02:00:00","BZN|SE4","Without Sequence","59.54","",""
"19/08/2021 02:00:00 - 19/08/2021 03:00:00","BZN|SE4","Without Sequence","59.08","",""
"19/08/2021 03:00:00 - 19/08/2021 04:00:00","BZN|SE4","Without Sequence","64.43","",""
"19/08/2021 04:00:00 - 19/08/2021 05:00:00","BZN|SE4","Without Sequence","83.90","",""
"19/08/2021 05:00:00 - 19/08/2021 06:00:00","BZN|SE4","Without Sequence","94.76","",""
"19/08/2021 06:00:00 - 19/08/2021 07:00:00","BZN|SE4","Without Sequence","99.57","",""
"19/08/2021 07:00:00 - 19/08/2021 08:00:00","BZN|SE4","Without Sequence","94.27","",""
"19/08/2021 08:00:00 - 19/08/2021 09:00:00","BZN|SE4","Without Sequence","89.91","",""
"19/08/2021 09:00:00 - 19/08/2021 10:00:00","BZN|SE4","Without Sequence","90.74","",""
"19/08/2021 10:00:00 - 19/08/2021 11:00:00","BZN|SE4","Without Sequence","92.65","",""
"19/08/2021 11:00:00 - 19/08/2021 12:00:00","BZN|SE4","Without Sequence","94.13","",""
"19/08/2021 12:00:00 - 19/08/2021 13:00:00","BZN|SE4","Without Sequence","89.90","",""
"19/08/2021 13:00:00 - 19/08/2021 14:00:00","BZN|SE4","Without Sequence","89.91","",""
"19/08/2021 14:00:00 - 19/08/2021 15:00:00","BZN|SE4","Without Sequence","91.32","",""
"19/08/2021 15:00:00 - 19/08/2021 16:00:00","BZN|SE4","Without Sequence","100.51","",""
"19/08/2021 16:00:00 - 19/08/2021 17:00:00","BZN|SE4","Without Sequence","114.94","",""
"19/08/2021 17:00:00 - 19/08/2021 18:00:00","BZN|SE4","Without Sequence","126.78","",""
"19/08/2021 18:00:00 - 19/08/2021 19:00:00","BZN|SE4","Without Sequence","128.12","",""
"19/08/2021 19:00:00 - 19/08/2021 20:00:00","BZN|SE4","Without Sequence","119.61","",""
"19/08/2021 20:00:00 - 19/08/2021 21:00:00","BZN|SE4","Without Sequence","107.43","",""
"19/08/2021 21:00:00 - 19/08/2021 22:00:00","BZN|SE4","Without Sequence","94.55","",""
"19/08/2021 22:00:00 - 19/08/2021 23:00:00","BZN|SE4","Without Sequence","87.22","",""
"19/08/2021 23:00:00 - 20/08/2021 00:00:00","BZN|SE4","Without Sequence","84.15","",""
"20/08/2021 00:00:00 - 20/08/2021 01:00:00","BZN|SE4","Without Sequence","81.72","",""
"20/08/2021 01:00:00 - 20/08/2021 02:00:00","BZN|SE4","Without Sequence","81.20","",""
"20/08/2021 02:00:00 - 20/08/2021 03:00:00","BZN|SE4","Without Sequence","82.19","",""
"20/08/2021 03:00:00 - 20/08/2021 04:00:00","BZN|SE4","Without Sequence","86.57","",""
"20/08/2021 04:00:00 - 20/08/2021 05:00:00","BZN|SE4","Without Sequence","103.11","",""
"20/08/2021 05:00:00 - 20/08/2021 06:00:00","BZN|SE4","Without Sequence","119.00","",""
"20/08/2021 06:00:00 - 20/08/2021 07:00:00","BZN|SE4","Without Sequence","124.74","",""
"20/08/2021 07:00:00 - 20/08/2021 08:00:00","BZN|SE4","Without Sequence","114.00","",""
"20/08/2021 08:00:00 - 20/08/2021 09:00:00","BZN|SE4","Without Sequence","106.99","",""
"20/08/2021 09:00:00 - 20/08/2021 10:00:00","BZN|SE4","Without Sequence","105.00","",""
"20/08/2021 10:00:00 - 20/08/2021 11:00:00","BZN|SE4","Without Sequence","99.11","",""
"20/08/2021 11:00:00 - 20/08/2021 12:00:00","BZN|SE4","Without Sequence","90.00","",""
"20/08/2021 12:00:00 - 20/08/2021 13:00:00","BZN|SE4","Without Sequence","85.18","",""
"20/08/2021 13:00:00 - 20/08/2021 14:00:00","BZN|SE4","Without Sequence","84.81","",""
"20/08/2021 14:00:00 - 20/08/2021 15:00:00","BZN|SE4","Without Sequence","90.01","",""
"20/08/2021 15:00:00 - 20/08/2021 16:00:00","BZN|SE4","Without Sequence","103.31","",""
"20/08/2021 16:00:00 - 20/08/2021 17:00:00","BZN|SE4","Without Sequence","113.27","",""
"20/08/2021 17:00:00 - 20/08/2021 18:00:00","BZN|SE4","Without Sequence","125.22","",""
"20/08/2021 18:00:00 - 20/08/2021 19:00:00","BZN|SE4","Without Sequence","126.14","",""
"20/08/2021 19:00:00 - 20/08/2021 20:00:00","BZN|SE4","Without Sequence","124.93","",""
"20/08/2021 20:00:00 - 20/08/2021 21:00:00","BZN|SE4","Without Sequence","108.04","",""
"20/08/2021 21:00:00 - 20/08/2021 22:00:00","BZN|SE4","Without Sequence","91.20","",""
"20/08/2021 22:00:00 - 20/08/2021 23:00:00","BZN|SE4","Without Sequence","93.71","",""
"20/08/2021 23:00:00 - 21/08/2021 00:00:00","BZN|SE4","Without Sequence","88.71","",""
"21/08/2021 00:00:00 - 21/08/2021 01:00:00","BZN|SE4","Without Sequence","86.39","",""
"21/08/2021 01:00:00 - 21/08/2021 02:00:00","BZN|SE4","Without Sequence","83.31","",""
"21/08/2021 02:00:00 - 21/08/2021 03:00:00","BZN|SE4","Without Sequence","81.41","",""
"21/08/2021 03:00:00 - 21/08/2021 04:00:00","BZN|SE4","Without Sequence","82.17","",""
"21/08/2021 04:00:00 - 21/08/2021 05:00:00","BZN|SE4","Without Sequence","90.20","",""
"21/08/2021 05:00:00 - 21/08/2021 06:00:00","BZN|SE4","Without Sequence","93.11","",""
"21/08/2021 06:00:00 - 21/08/2021 07:00:00","BZN|SE4","Without Sequence","96.43","",""
"21/08/2021 07:00:00 - 21/08/2021 08:00:00","BZN|SE4","Without Sequence","92.40","",""
"21/08/2021 08:00:00 - 21/08/2021 09:00:00","BZN|SE4","Without Sequence","81.95","",""
"21/08/2021 09:00:00 - 21/08/2021 10:00:00","BZN|SE4","Without Sequence","79.11","",""
"21/08/2021 10:00:00 - 21/08/2021 11:00:00","BZN|SE4","Without Sequence","78.79","",""
"21/08/2021 11:00:00 - 21/08/2021 12:00:00","BZN|SE4","Without Sequence","77.06","",""
"21/08/2021 12:00:00 - 21/08/2021 13:00:00","BZN|SE4","Without Sequence","76.59","",""
"21/08/2021 13:00:00 - 21/08/2021 14:00:00","BZN|SE4","Without Sequence","78.06","",""
"21/08/2021 14:00:00 - 21/08/2021 15:00:00","BZN|SE4","Without Sequence","79.99","",""
"21/08/2021 15:00:00 - 21/08/2021 16:00:00","BZN|SE4","Without Sequence","95.27","",""
"21/08/2021 16:00:00 - 21/08/2021 17:00:00","BZN|SE4","Without Sequence","107.92","",""
"21/08/2021 17:00:00 - 21/08/2021 18:00:00","BZN|SE4","Without Sequence","112.08","",""
"21/08/2021 18:00:00 - 21/08/2021 19:00:00","BZN|SE4","Without Sequence","112.17","",""
"21/08/2021 19:00:00 - 21/08/2021 20:00:00","BZN|SE4","Without Sequence","108.00","",""
"21/08/2021 20:00:00 - 21/08/2021 21:00:00","BZN|SE4","Without Sequence","103.46","",""
"21/08/2021 21:00:00 - 21/08/2021 22:00:00","BZN|SE4","Without Sequence","94.54","",""
"21/08/2021 22:00:00 - 21/08/2021 23:00:00","BZN|SE4","Without Sequence","84.91","",""
"21/08/2021 23:00:00 - 22/08/2021 00:00:00","BZN|SE4","Without Sequence","78.90","",""
"22/08/2021 00:00:00 - 22/08/2021 01:00:00","BZN|SE4","Without Sequence","74.99","",""
"22/08/2021 01:00:00 - 22/08/2021 02:00:00","BZN|SE4","Without Sequence","72.18","",""
"22/08/2021 02:00:00 - 22/08/2021 03:00:00","BZN|SE4","Without Sequence","70.05","",""
"22/08/2021 03:00:00 - 22/08/2021 04:00:00","BZN|SE4","Without Sequence","67.34","",""
"22/08/2021 04:00:00 - 22/08/2021 05:00:00","BZN|SE4","Without Sequence","67.90","",""
"22/08/2021 05:00:00 - 22/08/2021 06:00:00","BZN|SE4","Without Sequence","70.37","",""
"22/08/2021 06:00:00 - 22/08/2021 07:00:00","BZN|SE4","Without Sequence","74.47","",""
"22/08/2021 07:00:00 - 22/08/2021 08:00:00","BZN|SE4","Without Sequence","76.84","",""
"22/08/2021 08:00:00 - 22/08/2021 09:00:00","BZN|SE4","Without Sequence","76.16","",""
"22/08/2021 09:00:00 - 22/08/2021 10:00:00","BZN|SE4","Without Sequence","77.31","",""
"22/08/2021 10:00:00 - 22/08/2021 11:00:00","BZN|SE4","Without Sequence","76.44","",""
"22/08/2021 11:00:00 - 22/08/2021 12:00:00","BZN|SE4","Without Sequence","71.20","",""
"22/08/2021 12:00:00 - 22/08/2021 13:00:00","BZN|SE4","Without Sequence","68.80","",""
"22/08/2021 13:00:00 - 22/08/2021 14:00:00","BZN|SE4","Without Sequence","66.75","",""
"22/08/2021 14:00:00 - 22/08/2021 15:00:00","BZN|SE4","Without Sequence","68.60","",""
"22/08/2021 15:00:00 - 22/08/2021 16:00:00","BZN|SE4","Without Sequence","81.59","",""
"22/08/2021 16:00:00 - 22/08/2021 17:00:00","BZN|SE4","Without Sequence","88.02","",""
"22/08/2021 17:00:00 - 22/08/2021 18:00:00","BZN|SE4","Without Sequence","95.00","",""
"22/08/2021 18:00:00 - 22/08/2021 19:00:00","BZN|SE4","Without Sequence","97.96","",""
"22/08/2021 19:00:00 - 22/08/2021 20:00:00","BZN|SE4","Without Sequence","95.48","",""
"22/08/2021 20:00:00 - 22/08/2021 21:00:00","BZN|SE4","Without Sequence","90.10","",""
"22/08/2021 21:00:00 - 22/08/2021 22:00:00","BZN|SE4","Without Sequence","81.95","",""
"22/08/2021 22:00:00 - 22/08/2021 23:00:00","BZN|SE4","Without Sequence","76.15","",""
"22/08/2021 23:00:00 - 23/08/2021 00:00:00","BZN|SE4","Without Sequence","75.93","",""
"23/08/2021 00:00:00 - 23/08/2021 01:00:00","BZN|SE4","Without Sequence","75.70","",""
"23/08/2021 01:00:00 - 23/08/2021 02:00:00","BZN|SE4","Without Sequence","73.52","",""
"23/08/2021 02:00:00 - 23/08/2021 03:00:00","BZN|SE4","Without Sequence","75.85","",""
"23/08/2021 03:00:00 - 23/08/2021 04:00:00","BZN|SE4","Without Sequence","78.44","",""
"23/08/2021 04:00:00 - 23/08/2021 05:00:00","BZN|SE4","Without Sequence","94.39","",""
"23/08/2021 05:00:00 - 23/08/2021 06:00:00","BZN|SE4","Without Sequence","111.29","",""
"23/08/2021 06:00:00 - 23/08/2021 07:00:00","BZN|SE4","Without Sequence","115.94","",""
"23/08/2021 07:00:00 - 23/08/2021 08:00:00","BZN|SE4","Without Sequence","114.18","",""
"23/08/2021 08:00:00 - 23/08/2021 09:00:00","BZN|SE4","Without Sequence","106.98","",""
"23/08/2021 09:00:00 - 23/08/2021 10:00:00","BZN|SE4","Without Sequence","103.47","",""
"23/08/2021 10:00:00 - 23/08/2021 11:00:00","BZN|SE4","Without Sequence","99.44","",""
"23/08/2021 11:00:00 - 23/08/2021 12:00:00","BZN|SE4","Without Sequence","94.00","",""
"23/08/2021 12:00:00 - 23/08/2021 13:00:00","BZN|SE4","Without Sequence","85.69","",""
"23/08/2021 13:00:00 - 23/08/2021 14:00:00","BZN|SE4","Without Sequence","83.95","",""
"23/08/2021 14:00:00 - 23/08/2021 15:00:00","BZN|SE4","Without Sequence","83.95","",""
"23/08/2021 15:00:00 - 23/08/2021 16:00:00","BZN|SE4","Without Sequence","94.96","",""
"23/08/2021 16:00:00 - 23/08/2021 17:00:00","BZN|SE4","Without Sequence","105.00","",""
"23/08/2021 17:00:00 - 23/08/2021 18:00:00","BZN|SE4","Without Sequence","114.18","",""
"23/08/2021 18:00:00 - 23/08/2021 19:00:00","BZN|SE4","Without Sequence","110.99","",""
"23/08/2021 19:00:00 - 23/08/2021 20:00:00","BZN|SE4","Without Sequence","102.08","",""
"23/08/2021 20:00:00 - 23/08/2021 21:00:00","BZN|SE4","Without Sequence","88.07","",""
"23/08/2021 21:00:00 - 23/08/2021 22:00:00","BZN|SE4","Without Sequence","83.10","",""
"23/08/2021 22:00:00 - 23/08/2021 23:00:00","BZN|SE4","Without Sequence","80.75","",""
"23/08/2021 23:00:00 - 24/08/2021 00:00:00","BZN|SE4","Without Sequence","78.71","",""
"24/08/2021 00:00:00 - 24/08/2021 01:00:00","BZN|SE4","Without Sequence","78.40","",""
"24/08/2021 01:00:00 - 24/08/2021 02:00:00","BZN|SE4","Without Sequence","79.21","",""
"24/08/2021 02:00:00 - 24/08/2021 03:00:00","BZN|SE4","Without Sequence","80.77","",""
"24/08/2021 03:00:00 - 24/08/2021 04:00:00","BZN|SE4","Without Sequence","84.79","",""
"24/08/2021 04:00:00 - 24/08/2021 05:00:00","BZN|SE4","Without Sequence","100.20","",""
"24/08/2021 05:00:00 - 24/08/2021 06:00:00","BZN|SE4","Without Sequence","119.00","",""
"24/08/2021 06:00:00 - 24/08/2021 07:00:00","BZN|SE4","Without Sequence","127.05","",""
"24/08/2021 07:00:00 - 24/08/2021 08:00:00","BZN|SE4","Without Sequence","118.26","",""
"24/08/2021 08:00:00 - 24/08/2021 09:00:00","BZN|SE4","Without Sequence","118.22","",""
"24/08/2021 09:00:00 - 24/08/2021 10:00:00","BZN|SE4","Without Sequence","120.18","",""
"24/08/2021 10:00:00 - 24/08/2021 11:00:00","BZN|SE4","Without Sequence","125.55","",""
"24/08/2021 11:00:00 - 24/08/2021 12:00:00","BZN|SE4","Without Sequence","118.20","",""
"24/08/2021 12:00:00 - 24/08/2021 13:00:00","BZN|SE4","Without Sequence","105.85","",""
"24/08/2021 13:00:00 - 24/08/2021 14:00:00","BZN|SE4","Without Sequence","98.09","",""
"24/08/2021 14:00:00 - 24/08/2021 15:00:00","BZN|SE4","Without Sequence","96.92","",""
"24/08/2021 15:00:00 - 24/08/2021 16:00:00","BZN|SE4","Without Sequence","105.46","",""
"24/08/2021 16:00:00 - 24/08/2021 17:00:00","BZN|SE4","Without Sequence","109.52","",""
"24/08/2021 17:00:00 - 24/08/2021 18:00:00","BZN|SE4","Without Sequence","122.50","",""
"24/08/2021 18:00:00 - 24/08/2021 19:00:00","BZN|SE4","Without Sequence","119.44","",""
"24/08/2021 19:00:00 - 24/08/2021 20:00:00","BZN|SE4","Without Sequence","106.30","",""
"24/08/2021 20:00:00 - 24/08/2021 21:00:00","BZN|SE4","Without Sequence","100.00","",""
"24/08/2021 21:00:00 - 24/08/2021 22:00:00","BZN|SE4","Without Sequence","63.24","",""
"24/08/2021 22:00:00 - 24/08/2021 23:00:00","BZN|SE4","Without Sequence","82.89","",""
"24/08/2021 23:00:00 - 25/08/2021 00:00:00","BZN|SE4","Without Sequence","81.70","",""
"25/08/2021 00:00:00 - 25/08/2021 01:00:00","BZN|SE4","Without Sequence","81.36","",""
"25/08/2021 01:00:00 - 25/08/2021 02:00:00","BZN|SE4","Without Sequence","18.78","",""
"25/08/2021 02:00:00 - 25/08/2021 03:00:00","BZN|SE4","Without Sequence","22.31","",""
"25/08/2021 03:00:00 - 25/08/2021 04:00:00","BZN|SE4","Without Sequence","71.52","",""
"25/08/2021 04:00:00 - 25/08/2021 05:00:00","BZN|SE4","Without Sequence","91.68","",""
"25/08/2021 05:00:00 - 25/08/2021 06:00:00","BZN|SE4","Without Sequence","107.28","",""
"25/08/2021 06:00:00 - 25/08/2021 07:00:00","BZN|SE4","Without Sequence","106.94","",""
"25/08/2021 07:00:00 - 25/08/2021 08:00:00","BZN|SE4","Without Sequence","95.12","",""
"25/08/2021 08:00:00 - 25/08/2021 09:00:00","BZN|SE4","Without Sequence","84.46","",""
"25/08/2021 09:00:00 - 25/08/2021 10:00:00","BZN|SE4","Without Sequence","81.73","",""
"25/08/2021 10:00:00 - 25/08/2021 11:00:00","BZN|SE4","Without Sequence","74.03","",""
"25/08/2021 11:00:00 - 25/08/2021 12:00:00","BZN|SE4","Without Sequence","69.40","",""
"25/08/2021 12:00:00 - 25/08/2021 13:00:00","BZN|SE4","Without Sequence","67.89","",""
"25/08/2021 13:00:00 - 25/08/2021 14:00:00","BZN|SE4","Without Sequence","68.35","",""
"25/08/2021 14:00:00 - 25/08/2021 15:00:00","BZN|SE4","Without Sequence","71.84","",""
"25/08/2021 15:00:00 - 25/08/2021 16:00:00","BZN|SE4","Without Sequence","80.95","",""
"25/08/2021 16:00:00 - 25/08/2021 17:00:00","BZN|SE4","Without Sequence","90.79","",""
"25/08/2021 17:00:00 - 25/08/2021 18:00:00","BZN|SE4","Without Sequence","94.24","",""
"25/08/2021 18:00:00 - 25/08/2021 19:00:00","BZN|SE4","Without Sequence","96.00","",""
"25/08/2021 19:00:00 - 25/08/2021 20:00:00","BZN|SE4","Without Sequence","91.91","",""
"25/08/2021 20:00:00 - 25/08/2021 21:00:00","BZN|SE4","Without Sequence","81.73","",""
"25/08/2021 21:00:00 - 25/08/2021 22:00:00","BZN|SE4","Without Sequence","56.67","",""
"25/08/2021 22:00:00 - 25/08/2021 23:00:00","BZN|SE4","Without Sequence","74.10","",""
"25/08/2021 23:00:00 - 26/08/2021 00:00:00","BZN|SE4","Without Sequence","71.05","",""
"26/08/2021 00:00:00 - 26/08/2021 01:00:00","BZN|SE4","Without Sequence","70.98","",""
"26/08/2021 01:00:00 - 26/08/2021 02:00:00","BZN|SE4","Without Sequence","69.95","",""
"26/08/2021 02:00:00 - 26/08/2021 03:00:00","BZN|SE4","Without Sequence","71.95","",""
"26/08/2021 03:00:00 - 26/08/2021 04:00:00","BZN|SE4","Without Sequence","78.10","",""
"26/08/2021 04:00:00 - 26/08/2021 05:00:00","BZN|SE4","Without Sequence","96.07","",""
"26/08/2021 05:00:00 - 26/08/2021 06:00:00","BZN|SE4","Without Sequence","112.00","",""
"26/08/2021 06:00:00 - 26/08/2021 07:00:00","BZN|SE4","Without Sequence","124.65","",""
"26/08/2021 07:00:00 - 26/08/2021 08:00:00","BZN|SE4","Without Sequence","113.35","",""
"26/08/2021 08:00:00 - 26/08/2021 09:00:00","BZN|SE4","Without Sequence","104.23","",""
"26/08/2021 09:00:00 - 26/08/2021 10:00:00","BZN|SE4","Without Sequence","102.35","",""
"26/08/2021 10:00:00 - 26/08/2021 11:00:00","BZN|SE4","Without Sequence","100.15","",""
"26/08/2021 11:00:00 - 26/08/2021 12:00:00","BZN|SE4","Without Sequence","91.62","",""
"26/08/2021 12:00:00 - 26/08/2021 13:00:00","BZN|SE4","Without Sequence","85.56","",""
"26/08/2021 13:00:00 - 26/08/2021 14:00:00","BZN|SE4","Without Sequence","82.22","",""
"26/08/2021 14:00:00 - 26/08/2021 15:00:00","BZN|SE4","Without Sequence","79.85","",""
"26/08/2021 15:00:00 - 26/08/2021 16:00:00","BZN|SE4","Without Sequence","91.21","",""
"26/08/2021 16:00:00 - 26/08/2021 17:00:00","BZN|SE4","Without Sequence","100.91","",""
"26/08/2021 17:00:00 - 26/08/2021 18:00:00","BZN|SE4","Without Sequence","107.63","",""
"26/08/2021 18:00:00 - 26/08/2021 19:00:00","BZN|SE4","Without Sequence","109.00","",""
"26/08/2021 19:00:00 - 26/08/2021 20:00:00","BZN|SE4","Without Sequence","102.91","",""
"26/08/2021 20:00:00 - 26/08/2021 21:00:00","BZN|SE4","Without Sequence","93.97","",""
"26/08/2021 21:00:00 - 26/08/2021 22:00:00","BZN|SE4","Without Sequence","77.87","",""
"26/08/2021 22:00:00 - 26/08/2021 23:00:00","BZN|SE4","Without Sequence","82.73","",""
"26/08/2021 23:00:00 - 27/08/2021 00:00:00","BZN|SE4","Without Sequence","42.27","",""
"27/08/2021 00:00:00 - 27/08/2021 01:00:00","BZN|SE4","Without Sequence","42.08","",""
"27/08/2021 01:00:00 - 27/08/2021 02:00:00","BZN|SE4","Without Sequence","42.48","",""
"27/08/2021 02:00:00 - 27/08/2021 03:00:00","BZN|SE4","Without Sequence","72.72","",""
"27/08/2021 03:00:00 - 27/08/2021 04:00:00","BZN|SE4","Without Sequence","83.98","",""
"27/08/2021 04:00:00 - 27/08/2021 05:00:00","BZN|SE4","Without Sequence","101.63","",""
"27/08/2021 05:00:00 - 27/08/2021 06:00:00","BZN|SE4","Without Sequence","113.00","",""
"27/08/2021 06:00:00 - 27/08/2021 07:00:00","BZN|SE4","Without Sequence","117.19","",""
"27/08/2021 07:00:00 - 27/08/2021 08:00:00","BZN|SE4","Without Sequence","108.97","",""
"27/08/2021 08:00:00 - 27/08/2021 09:00:00","BZN|SE4","Without Sequence","104.82","",""
"27/08/2021 09:00:00 - 27/08/2021 10:00:00","BZN|SE4","Without Sequence","102.54","",""
"27/08/2021 10:00:00 - 27/08/2021 11:00:00","BZN|SE4","Without Sequence","99.59","",""
"27/08/2021 11:00:00 - 27/08/2021 12:00:00","BZN|SE4","Without Sequence","91.90","",""
"27/08/2021 12:00:00 - 27/08/2021 13:00:00","BZN|SE4","Without Sequence","84.31","",""
"27/08/2021 13:00:00 - 27/08/2021 14:00:00","BZN|SE4","Without Sequence","82.32","",""
"27/08/2021 14:00:00 - 27/08/2021 15:00:00","BZN|SE4","Without Sequence","84.80","",""
"27/08/2021 15:00:00 - 27/08/2021 16:00:00","BZN|SE4","Without Sequence","96.60","",""
"27/08/2021 16:00:00 - 27/08/2021 17:00:00","BZN|SE4","Without Sequence","104.80","",""
"27/08/2021 17:00:00 - 27/08/2021 18:00:00","BZN|SE4","Without Sequence","113.74","",""
"27/08/2021 18:00:00 - 27/08/2021 19:00:00","BZN|SE4","Without Sequence","113.07","",""
"27/08/2021 19:00:00 - 27/08/2021 20:00:00","BZN|SE4","Without Sequence","104.80","",""
"27/08/2021 20:00:00 - 27/08/2021 21:00:00","BZN|SE4","Without Sequence","99.90","",""
"27/08/2021 21:00:00 - 27/08/2021 22:00:00","BZN|SE4","Without Sequence","88.88","",""
"27/08/2021 22:00:00 - 27/08/2021 23:00:00","BZN|SE4","Without Sequence","88.75","",""
"27/08/2021 23:00:00 - 28/08/2021 00:00:00","BZN|SE4","Without Sequence","81.31","",""
"28/08/2021 00:00:00 - 28/08/2021 01:00:00","BZN|SE4","Without Sequence","77.70","",""
"28/08/2021 01:00:00 - 28/08/2021 02:00:00","BZN|SE4","Without Sequence","76.12","",""
"28/08/2021 02:00:00 - 28/08/2021 03:00:00","BZN|SE4","Without Sequence","77.30","",""
"28/08/2021 03:00:00 - 28/08/2021 04:00:00","BZN|SE4","Without Sequence","76.62","",""
"28/08/2021 04:00:00 - 28/08/2021 05:00:00","BZN|SE4","Without Sequence","78.03","",""
"28/08/2021 05:00:00 - 28/08/2021 06:00:00","BZN|SE4","Without Sequence","85.00","",""
"28/08/2021 06:00:00 - 28/08/2021 07:00:00","BZN|SE4","Without Sequence","90.01","",""
"28/08/2021 07:00:00 - 28/08/2021 08:00:00","BZN|SE4","Without Sequence","91.55","",""
"28/08/2021 08:00:00 - 28/08/2021 09:00:00","BZN|SE4","Without Sequence","87.98","",""
"28/08/2021 09:00:00 - 28/08/2021 10:00:00","BZN|SE4","Without Sequence","86.08","",""
"28/08/2021 10:00:00 - 28/08/2021 11:00:00","BZN|SE4","Without Sequence","81.01","",""
"28/08/2021 11:00:00 - 28/08/2021 12:00:00","BZN|SE4","Without Sequence","75.27","",""
"28/08/2021 12:00:00 - 28/08/2021 13:00:00","BZN|SE4","Without Sequence","70.28","",""
"28/08/2021 13:00:00 - 28/08/2021 14:00:00","BZN|SE4","Without Sequence","68.22","",""
"28/08/2021 14:00:00 - 28/08/2021 15:00:00","BZN|SE4","Without Sequence","74.56","",""
"28/08/2021 15:00:00 - 28/08/2021 16:00:00","BZN|SE4","Without Sequence","92.96","",""
"28/08/2021 16:00:00 - 28/08/2021 17:00:00","BZN|SE4","Without Sequence","98.10","",""
"28/08/2021 17:00:00 - 28/08/2021 18:00:00","BZN|SE4","Without Sequence","100.49","",""
"28/08/2021 18:00:00 - 28/08/2021 19:00:00","BZN|SE4","Without Sequence","101.32","",""
"28/08/2021 19:00:00 - 28/08/2021 20:00:00","BZN|SE4","Without Sequence","96.09","",""
"28/08/2021 20:00:00 - 28/08/2021 21:00:00","BZN|SE4","Without Sequence","94.08","",""
"28/08/2021 21:00:00 - 28/08/2021 22:00:00","BZN|SE4","Without Sequence","84.44","",""
"28/08/2021 22:00:00 - 28/08/2021 23:00:00","BZN|SE4","Without Sequence","78.06","",""
"28/08/2021 23:00:00 - 29/08/2021 00:00:00","BZN|SE4","Without Sequence","73.57","",""
"29/08/2021 00:00:00 - 29/08/2021 01:00:00","BZN|SE4","Without Sequence","70.54","",""
"29/08/2021 01:00:00 - 29/08/2021 02:00:00","BZN|SE4","Without Sequence","68.75","",""
"29/08/2021 02:00:00 - 29/08/2021 03:00:00","BZN|SE4","Without Sequence","67.30","",""
"29/08/2021 03:00:00 - 29/08/2021 04:00:00","BZN|SE4","Without Sequence","69.38","",""
"29/08/2021 04:00:00 - 29/08/2021 05:00:00","BZN|SE4","Without Sequence","70.72","",""
"29/08/2021 05:00:00 - 29/08/2021 06:00:00","BZN|SE4","Without Sequence","73.35","",""
"29/08/2021 06:00:00 - 29/08/2021 07:00:00","BZN|SE4","Without Sequence","77.04","",""
"29/08/2021 07:00:00 - 29/08/2021 08:00:00","BZN|SE4","Without Sequence","80.72","",""
"29/08/2021 08:00:00 - 29/08/2021 09:00:00","BZN|SE4","Without Sequence","80.65","",""
"29/08/2021 09:00:00 - 29/08/2021 10:00:00","BZN|SE4","Without Sequence","83.61","",""
"29/08/2021 10:00:00 - 29/08/2021 11:00:00","BZN|SE4","Without Sequence","82.84","",""
"29/08/2021 11:00:00 - 29/08/2021 12:00:00","BZN|SE4","Without Sequence","78.24","",""
"29/08/2021 12:00:00 - 29/08/2021 13:00:00","BZN|SE4","Without Sequence","74.91","",""
"29/08/2021 13:00:00 - 29/08/2021 14:00:00","BZN|SE4","Without Sequence","73.83","",""
"29/08/2021 14:00:00 - 29/08/2021 15:00:00","BZN|SE4","Without Sequence","74.78","",""
"29/08/2021 15:00:00 - 29/08/2021 16:00:00","BZN|SE4","Without Sequence","88.75","",""
"29/08/2021 16:00:00 - 29/08/2021 17:00:00","BZN|SE4","Without Sequence","95.98","",""
"29/08/2021 17:00:00 - 29/08/2021 18:00:00","BZN|SE4","Without Sequence","101.06","",""
"29/08/2021 18:00:00 - 29/08/2021 19:00:00","BZN|SE4","Without Sequence","101.66","",""
"29/08/2021 19:00:00 - 29/08/2021 20:00:00","BZN|SE4","Without Sequence","93.86","",""
"29/08/2021 20:00:00 - 29/08/2021 21:00:00","BZN|SE4","Without Sequence","91.65","",""
"29/08/2021 21:00:00 - 29/08/2021 22:00:00","BZN|SE4","Without Sequence","86.57","",""
"29/08/2021 22:00:00 - 29/08/2021 23:00:00","BZN|SE4","Without Sequence","79.70","",""
"29/08/2021 23:00:00 - 30/08/2021 00:00:00","BZN|SE4","Without Sequence","78.42","",""
"30/08/2021 00:00:00 - 30/08/2021 01:00:00","BZN|SE4","Without Sequence","76.57","",""
"30/08/2021 01:00:00 - 30/08/2021 02:00:00","BZN|SE4","Without Sequence","72.80","",""
"30/08/2021 02:00:00 - 30/08/2021 03:00:00","BZN|SE4","Without Sequence","73.95","",""
"30/08/2021 03:00:00 - 30/08/2021 04:00:00","BZN|SE4","Without Sequence","79.64","",""
"30/08/2021 04:00:00 - 30/08/2021 05:00:00","BZN|SE4","Without Sequence","110.17","",""
"30/08/2021 05:00:00 - 30/08/2021 06:00:00","BZN|SE4","Without Sequence","126.00","",""
"30/08/2021 06:00:00 - 30/08/2021 07:00:00","BZN|SE4","Without Sequence","131.92","",""
"30/08/2021 07:00:00 - 30/08/2021 08:00:00","BZN|SE4","Without Sequence","132.92","",""
"30/08/2021 08:00:00 - 30/08/2021 09:00:00","BZN|SE4","Without Sequence","128.53","",""
"30/08/2021 09:00:00 - 30/08/2021 10:00:00","BZN|SE4","Without Sequence","126.10","",""
"30/08/2021 10:00:00 - 30/08/2021 11:00:00","BZN|SE4","Without Sequence","122.00","",""
"30/08/2021 11:00:00 - 30/08/2021 12:00:00","BZN|SE4","Without Sequence","112.60","",""
"30/08/2021 12:00:00 - 30/08/2021 13:00:00","BZN|SE4","Without Sequence","104.94","",""
"30/08/2021 13:00:00 - 30/08/2021 14:00:00","BZN|SE4","Without Sequence","101.00","",""
"30/08/2021 14:00:00 - 30/08/2021 15:00:00","BZN|SE4","Without Sequence","100.99","",""
"30/08/2021 15:00:00 - 30/08/2021 16:00:00","BZN|SE4","Without Sequence","109.58","",""
"30/08/2021 16:00:00 - 30/08/2021 17:00:00","BZN|SE4","Without Sequence","116.74","",""
"30/08/2021 17:00:00 - 30/08/2021 18:00:00","BZN|SE4","Without Sequence","128.48","",""
"30/08/2021 18:00:00 - 30/08/2021 19:00:00","BZN|SE4","Without Sequence","130.04","",""
"30/08/2021 19:00:00 - 30/08/2021 20:00:00","BZN|SE4","Without Sequence","114.47","",""
"30/08/2021 20:00:00 - 30/08/2021 21:00:00","BZN|SE4","Without Sequence","106.64","",""
"30/08/2021 21:00:00 - 30/08/2021 22:00:00","BZN|SE4","Without Sequence","93.60","",""
"30/08/2021 22:00:00 - 30/08/2021 23:00:00","BZN|SE4","Without Sequence","92.60","",""
"30/08/2021 23:00:00 - 31/08/2021 00:00:00","BZN|SE4","Without Sequence","89.83","",""
"31/08/2021 00:00:00 - 31/08/2021 01:00:00","BZN|SE4","Without Sequence","87.54","",""
"31/08/2021 01:00:00 - 31/08/2021 02:00:00","BZN|SE4","Without Sequence","86.01","",""
"31/08/2021 02:00:00 - 31/08/2021 03:00:00","BZN|SE4","Without Sequence","86.01","",""
"31/08/2021 03:00:00 - 31/08/2021 04:00:00","BZN|SE4","Without Sequence","90.88","",""
"31/08/2021 04:00:00 - 31/08/2021 05:00:00","BZN|SE4","Without Sequence","115.00","",""
"31/08/2021 05:00:00 - 31/08/2021 06:00:00","BZN|SE4","Without Sequence","134.46","",""
"31/08/2021 06:00:00 - 31/08/2021 07:00:00","BZN|SE4","Without Sequence","137.02","",""
"31/08/2021 07:00:00 - 31/08/2021 08:00:00","BZN|SE4","Without Sequence","135.84","",""
"31/08/2021 08:00:00 - 31/08/2021 09:00:00","BZN|SE4","Without Sequence","125.13","",""
"31/08/2021 09:00:00 - 31/08/2021 10:00:00","BZN|SE4","Without Sequence","116.19","",""
"31/08/2021 10:00:00 - 31/08/2021 11:00:00","BZN|SE4","Without Sequence","113.61","",""
"31/08/2021 11:00:00 - 31/08/2021 12:00:00","BZN|SE4","Without Sequence","104.66","",""
"31/08/2021 12:00:00 - 31/08/2021 13:00:00","BZN|SE4","Without Sequence","97.20","",""
"31/08/2021 13:00:00 - 31/08/2021 14:00:00","BZN|SE4","Without Sequence","95.24","",""
"31/08/2021 14:00:00 - 31/08/2021 15:00:00","BZN|SE4","Without Sequence","95.51","",""
"31/08/2021 15:00:00 - 31/08/2021 16:00:00","BZN|SE4","Without Sequence","110.45","",""
"31/08/2021 16:00:00 - 31/08/2021 17:00:00","BZN|SE4","Without Sequence","123.81","",""
"31/08/2021 17:00:00 - 31/08/2021 18:00:00","BZN|SE4","Without Sequence","134.07","",""
"31/08/2021 18:00:00 - 31/08/2021 19:00:00","BZN|SE4","Without Sequence","134.90","",""
"31/08/2021 19:00:00 - 31/08/2021 20:00:00","BZN|SE4","Without Sequence","121.58","",""
"31/08/2021 20:00:00 - 31/08/2021 21:00:00","BZN|SE4","Without Sequence","95.68","",""
"31/08/2021 21:00:00 - 31/08/2021 22:00:00","BZN|SE4","Without Sequence","90.16","",""
"31/08/2021 22:00:00 - 31/08/2021 23:00:00","BZN|SE4","Without Sequence","92.51","",""
"31/08/2021 23:00:00 - 01/09/2021 00:00:00","BZN|SE4","Without Sequence","88.90","",""
"01/09/2021 00:00:00 - 01/09/2021 01:00:00","BZN|SE4","Without Sequence","87.35","",""
"01/09/2021 01:00:00 - 01/09/2021 02:00:00","BZN|SE4","Without Sequence","86.88","",""
"01/09/2021 02:00:00 - 01/09/2021 03:00:00","BZN|SE4","Without Sequence","88.43","",""
"01/09/2021 03:00:00 - 01/09/2021 04:00:00","BZN|SE4","Without Sequence","93.58","",""
"01/09/2021 04:00:00 - 01/09/2021 05:00:00","BZN|SE4","Without Sequence","118.70","",""
"01/09/2021 05:00:00 - 01/09/2021 06:00:00","BZN|SE4","Without Sequence","135.44","",""
"01/09/2021 06:00:00 - 01/09/2021 07:00:00","BZN|SE4","Without Sequence","140.72","",""
"01/09/2021 07:00:00 - 01/09/2021 08:00:00","BZN|SE4","Without Sequence","130.00","",""
"01/09/2021 08:00:00 - 01/09/2021 09:00:00","BZN|SE4","Without Sequence","116.99","",""
"01/09/2021 09:00:00 - 01/09/2021 10:00:00","BZN|SE4","Without Sequence","109.75","",""
"01/09/2021 10:00:00 - 01/09/2021 11:00:00","BZN|SE4","Without Sequence","103.88","",""
"01/09/2021 11:00:00 - 01/09/2021 12:00:00","BZN|SE4","Without Sequence","98.00","",""
"01/09/2021 12:00:00 - 01/09/2021 13:00:00","BZN|SE4","Without Sequence","94.98","",""
"01/09/2021 13:00:00 - 01/09/2021 14:00:00","BZN|SE4","Without Sequence","95.06","",""
"01/09/2021 14:00:00 - 01/09/2021 15:00:00","BZN|SE4","Without Sequence","97.61","",""
"01/09/2021 15:00:00 - 01/09/2021 16:00:00","BZN|SE4","Without Sequence","116.12","",""
"01/09/2021 16:00:00 - 01/09/2021 17:00:00","BZN|SE4","Without Sequence","131.00","",""
"01/09/2021 17:00:00 - 01/09/2021 18:00:00","BZN|SE4","Without Sequence","145.91","",""
"01/09/2021 18:00:00 - 01/09/2021 19:00:00","BZN|SE4","Without Sequence","144.93","",""
"01/09/2021 19:00:00 - 01/09/2021 20:00:00","BZN|SE4","Without Sequence","125.76","",""
"01/09/2021 20:00:00 - 01/09/2021 21:00:00","BZN|SE4","Without Sequence","114.39","",""
"01/09/2021 21:00:00 - 01/09/2021 22:00:00","BZN|SE4","Without Sequence","94.32","",""
"01/09/2021 22:00:00 - 01/09/2021 23:00:00","BZN|SE4","Without Sequence","96.99","",""
"01/09/2021 23:00:00 - 02/09/2021 00:00:00","BZN|SE4","Without Sequence","94.77","",""
"02/09/2021 00:00:00 - 02/09/2021 01:00:00","BZN|SE4","Without Sequence","93.88","",""
"02/09/2021 01:00:00 - 02/09/2021 02:00:00","BZN|SE4","Without Sequence","92.25","",""
"02/09/2021 02:00:00 - 02/09/2021 03:00:00","BZN|SE4","Without Sequence","91.83","",""
"02/09/2021 03:00:00 - 02/09/2021 04:00:00","BZN|SE4","Without Sequence","98.62","",""
"02/09/2021 04:00:00 - 02/09/2021 05:00:00","BZN|SE4","Without Sequence","128.94","",""
"02/09/2021 05:00:00 - 02/09/2021 06:00:00","BZN|SE4","Without Sequence","150.00","",""
"02/09/2021 06:00:00 - 02/09/2021 07:00:00","BZN|SE4","Without Sequence","146.38","",""
"02/09/2021 07:00:00 - 02/09/2021 08:00:00","BZN|SE4","Without Sequence","130.80","",""
"02/09/2021 08:00:00 - 02/09/2021 09:00:00","BZN|SE4","Without Sequence","118.92","",""
"02/09/2021 09:00:00 - 02/09/2021 10:00:00","BZN|SE4","Without Sequence","113.00","",""
"02/09/2021 10:00:00 - 02/09/2021 11:00:00","BZN|SE4","Without Sequence","107.84","",""
"02/09/2021 11:00:00 - 02/09/2021 12:00:00","BZN|SE4","Without Sequence","100.99","",""
"02/09/2021 12:00:00 - 02/09/2021 13:00:00","BZN|SE4","Without Sequence","97.97","",""
"02/09/2021 13:00:00 - 02/09/2021 14:00:00","BZN|SE4","Without Sequence","105.05","",""
"02/09/2021 14:00:00 - 02/09/2021 15:00:00","BZN|SE4","Without Sequence","112.44","",""
"02/09/2021 15:00:00 - 02/09/2021 16:00:00","BZN|SE4","Without Sequence","122.66","",""
"02/09/2021 16:00:00 - 02/09/2021 17:00:00","BZN|SE4","Without Sequence","138.00","",""
"02/09/2021 17:00:00 - 02/09/2021 18:00:00","BZN|SE4","Without Sequence","158.51","",""
"02/09/2021 18:00:00 - 02/09/2021 19:00:00","BZN|SE4","Without Sequence","154.94","",""
"02/09/2021 19:00:00 - 02/09/2021 20:00:00","BZN|SE4","Without Sequence","130.43","",""
"02/09/2021 20:00:00 - 02/09/2021 21:00:00","BZN|SE4","Without Sequence","115.85","",""
"02/09/2021 21:00:00 - 02/09/2021 22:00:00","BZN|SE4","Without Sequence","94.51","",""
"02/09/2021 22:00:00 - 02/09/2021 23:00:00","BZN|SE4","Without Sequence","91.28","",""
"02/09/2021 23:00:00 - 03/09/2021 00:00:00","BZN|SE4","Without Sequence","88.60","",""
"03/09/2021 00:00:00 - 03/09/2021 01:00:00","BZN|SE4","Without Sequence","88.08","",""
"03/09/2021 01:00:00 - 03/09/2021 02:00:00","BZN|SE4","Without Sequence","88.60","",""
"03/09/2021 02:00:00 - 03/09/2021 03:00:00","BZN|SE4","Without Sequence","88.60","",""
"03/09/2021 03:00:00 - 03/09/2021 04:00:00","BZN|SE4","Without Sequence","91.39","",""
"03/09/2021 04:00:00 - 03/09/2021 05:00:00","BZN|SE4","Without Sequence","122.46","",""
"03/09/2021 05:00:00 - 03/09/2021 06:00:00","BZN|SE4","Without Sequence","136.00","",""
"03/09/2021 06:00:00 - 03/09/2021 07:00:00","BZN|SE4","Without Sequence","134.70","",""
"03/09/2021 07:00:00 - 03/09/2021 08:00:00","BZN|SE4","Without Sequence","123.13","",""
"03/09/2021 08:00:00 - 03/09/2021 09:00:00","BZN|SE4","Without Sequence","109.03","",""
"03/09/2021 09:00:00 - 03/09/2021 10:00:00","BZN|SE4","Without Sequence","99.02","",""
"03/09/2021 10:00:00 - 03/09/2021 11:00:00","BZN|SE4","Without Sequence","89.62","",""
"03/09/2021 11:00:00 - 03/09/2021 12:00:00","BZN|SE4","Without Sequence","88.48","",""
"03/09/2021 12:00:00 - 03/09/2021 13:00:00","BZN|SE4","Without Sequence","88.39","",""
"03/09/2021 13:00:00 - 03/09/2021 14:00:00","BZN|SE4","Without Sequence","89.92","",""
"03/09/2021 14:00:00 - 03/09/2021 15:00:00","BZN|SE4","Without Sequence","92.32","",""
"03/09/2021 15:00:00 - 03/09/2021 16:00:00","BZN|SE4","Without Sequence","119.01","",""
"03/09/2021 16:00:00 - 03/09/2021 17:00:00","BZN|SE4","Without Sequence","131.57","",""
"03/09/2021 17:00:00 - 03/09/2021 18:00:00","BZN|SE4","Without Sequence","143.93","",""
"03/09/2021 18:00:00 - 03/09/2021 19:00:00","BZN|SE4","Without Sequence","143.38","",""
"03/09/2021 19:00:00 - 03/09/2021 20:00:00","BZN|SE4","Without Sequence","129.94","",""
"03/09/2021 20:00:00 - 03/09/2021 21:00:00","BZN|SE4","Without Sequence","120.96","",""
"03/09/2021 21:00:00 - 03/09/2021 22:00:00","BZN|SE4","Without Sequence","98.44","",""
"03/09/2021 22:00:00 - 03/09/2021 23:00:00","BZN|SE4","Without Sequence","111.41","",""
"03/09/2021 23:00:00 - 04/09/2021 00:00:00","BZN|SE4","Without Sequence","99.36","",""
"04/09/2021 00:00:00 - 04/09/2021 01:00:00","BZN|SE4","Without Sequence","97.37","",""
"04/09/2021 01:00:00 - 04/09/2021 02:00:00","BZN|SE4","Without Sequence","95.48","",""
"04/09/2021 02:00:00 - 04/09/2021 03:00:00","BZN|SE4","Without Sequence","94.20","",""
"04/09/2021 03:00:00 - 04/09/2021 04:00:00","BZN|SE4","Without Sequence","96.07","",""
"04/09/2021 04:00:00 - 04/09/2021 05:00:00","BZN|SE4","Without Sequence","103.80","",""
"04/09/2021 05:00:00 - 04/09/2021 06:00:00","BZN|SE4","Without Sequence","120.98","",""
"04/09/2021 06:00:00 - 04/09/2021 07:00:00","BZN|SE4","Without Sequence","122.00","",""
"04/09/2021 07:00:00 - 04/09/2021 08:00:00","BZN|SE4","Without Sequence","115.99","",""
"04/09/2021 08:00:00 - 04/09/2021 09:00:00","BZN|SE4","Without Sequence","95.66","",""
"04/09/2021 09:00:00 - 04/09/2021 10:00:00","BZN|SE4","Without Sequence","89.47","",""
"04/09/2021 10:00:00 - 04/09/2021 11:00:00","BZN|SE4","Without Sequence","89.51","",""
"04/09/2021 11:00:00 - 04/09/2021 12:00:00","BZN|SE4","Without Sequence","87.06","",""
"04/09/2021 12:00:00 - 04/09/2021 13:00:00","BZN|SE4","Without Sequence","84.16","",""
"04/09/2021 13:00:00 - 04/09/2021 14:00:00","BZN|SE4","Without Sequence","86.46","",""
"04/09/2021 14:00:00 - 04/09/2021 15:00:00","BZN|SE4","Without Sequence","89.27","",""
"04/09/2021 15:00:00 - 04/09/2021 16:00:00","BZN|SE4","Without Sequence","107.54","",""
"04/09/2021 16:00:00 - 04/09/2021 17:00:00","BZN|SE4","Without Sequence","127.33","",""
"04/09/2021 17:00:00 - 04/09/2021 18:00:00","BZN|SE4","Without Sequence","142.55","",""
"04/09/2021 18:00:00 - 04/09/2021 19:00:00","BZN|SE4","Without Sequence","142.40","",""
"04/09/2021 19:00:00 - 04/09/2021 20:00:00","BZN|SE4","Without Sequence","127.92","",""
"04/09/2021 20:00:00 - 04/09/2021 21:00:00","BZN|SE4","Without Sequence","122.00","",""
"04/09/2021 21:00:00 - 04/09/2021 22:00:00","BZN|SE4","Without Sequence","98.72","",""
"04/09/2021 22:00:00 - 04/09/2021 23:00:00","BZN|SE4","Without Sequence","95.61","",""
"04/09/2021 23:00:00 - 05/09/2021 00:00:00","BZN|SE4","Without Sequence","90.68","",""
"05/09/2021 00:00:00 - 05/09/2021 01:00:00","BZN|SE4","Without Sequence","90.86","",""
"05/09/2021 01:00:00 - 05/09/2021 02:00:00","BZN|SE4","Without Sequence","90.32","",""
"05/09/2021 02:00:00 - 05/09/2021 03:00:00","BZN|SE4","Without Sequence","90.86","",""
"05/09/2021 03:00:00 - 05/09/2021 04:00:00","BZN|SE4","Without Sequence","90.33","",""
"05/09/2021 04:00:00 - 05/09/2021 05:00:00","BZN|SE4","Without Sequence","91.56","",""
"05/09/2021 05:00:00 - 05/09/2021 06:00:00","BZN|SE4","Without Sequence","92.79","",""
"05/09/2021 06:00:00 - 05/09/2021 07:00:00","BZN|SE4","Without Sequence","93.44","",""
"05/09/2021 07:00:00 - 05/09/2021 08:00:00","BZN|SE4","Without Sequence","92.04","",""
"05/09/2021 08:00:00 - 05/09/2021 09:00:00","BZN|SE4","Without Sequence","88.68","",""
"05/09/2021 09:00:00 - 05/09/2021 10:00:00","BZN|SE4","Without Sequence","84.01","",""
"05/09/2021 10:00:00 - 05/09/2021 11:00:00","BZN|SE4","Without Sequence","81.47","",""
"05/09/2021 11:00:00 - 05/09/2021 12:00:00","BZN|SE4","Without Sequence","65.66","",""
"05/09/2021 12:00:00 - 05/09/2021 13:00:00","BZN|SE4","Without Sequence","63.40","",""
"05/09/2021 13:00:00 - 05/09/2021 14:00:00","BZN|SE4","Without Sequence","69.09","",""
"05/09/2021 14:00:00 - 05/09/2021 15:00:00","BZN|SE4","Without Sequence","84.90","",""
"05/09/2021 15:00:00 - 05/09/2021 16:00:00","BZN|SE4","Without Sequence","95.18","",""
"05/09/2021 16:00:00 - 05/09/2021 17:00:00","BZN|SE4","Without Sequence","127.45","",""
"05/09/2021 17:00:00 - 05/09/2021 18:00:00","BZN|SE4","Without Sequence","138.69","",""
"05/09/2021 18:00:00 - 05/09/2021 19:00:00","BZN|SE4","Without Sequence","139.07","",""
"05/09/2021 19:00:00 - 05/09/2021 20:00:00","BZN|SE4","Without Sequence","129.00","",""
"05/09/2021 20:00:00 - 05/09/2021 21:00:00","BZN|SE4","Without Sequence","121.99","",""
"05/09/2021 21:00:00 - 05/09/2021 22:00:00","BZN|SE4","Without Sequence","100.26","",""
"05/09/2021 22:00:00 - 05/09/2021 23:00:00","BZN|SE4","Without Sequence","92.72","",""
"05/09/2021 23:00:00 - 06/09/2021 00:00:00","BZN|SE4","Without Sequence","90.78","",""
"06/09/2021 00:00:00 - 06/09/2021 01:00:00","BZN|SE4","Without Sequence","90.78","",""
"06/09/2021 01:00:00 - 06/09/2021 02:00:00","BZN|SE4","Without Sequence","94.18","",""
"06/09/2021 02:00:00 - 06/09/2021 03:00:00","BZN|SE4","Without Sequence","92.74","",""
"06/09/2021 03:00:00 - 06/09/2021 04:00:00","BZN|SE4","Without Sequence","95.43","",""
"06/09/2021 04:00:00 - 06/09/2021 05:00:00","BZN|SE4","Without Sequence","135.97","",""
"06/09/2021 05:00:00 - 06/09/2021 06:00:00","BZN|SE4","Without Sequence","165.00","",""
"06/09/2021 06:00:00 - 06/09/2021 07:00:00","BZN|SE4","Without Sequence","163.93","",""
"06/09/2021 07:00:00 - 06/09/2021 08:00:00","BZN|SE4","Without Sequence","142.68","",""
"06/09/2021 08:00:00 - 06/09/2021 09:00:00","BZN|SE4","Without Sequence","131.19","",""
"06/09/2021 09:00:00 - 06/09/2021 10:00:00","BZN|SE4","Without Sequence","113.43","",""
"06/09/2021 10:00:00 - 06/09/2021 11:00:00","BZN|SE4","Without Sequence","108.17","",""
"06/09/2021 11:00:00 - 06/09/2021 12:00:00","BZN|SE4","Without Sequence","105.80","",""
"06/09/2021 12:00:00 - 06/09/2021 13:00:00","BZN|SE4","Without Sequence","108.09","",""
"06/09/2021 13:00:00 - 06/09/2021 14:00:00","BZN|SE4","Without Sequence","117.91","",""
"06/09/2021 14:00:00 - 06/09/2021 15:00:00","BZN|SE4","Without Sequence","131.83","",""
"06/09/2021 15:00:00 - 06/09/2021 16:00:00","BZN|SE4","Without Sequence","141.11","",""
"06/09/2021 16:00:00 - 06/09/2021 17:00:00","BZN|SE4","Without Sequence","150.00","",""
"06/09/2021 17:00:00 - 06/09/2021 18:00:00","BZN|SE4","Without Sequence","190.68","",""
"06/09/2021 18:00:00 - 06/09/2021 19:00:00","BZN|SE4","Without Sequence","181.72","",""
"06/09/2021 19:00:00 - 06/09/2021 20:00:00","BZN|SE4","Without Sequence","147.22","",""
"06/09/2021 20:00:00 - 06/09/2021 21:00:00","BZN|SE4","Without Sequence","132.66","",""
"06/09/2021 21:00:00 - 06/09/2021 22:00:00","BZN|SE4","Without Sequence","110.79","",""
"06/09/2021 22:00:00 - 06/09/2021 23:00:00","BZN|SE4","Without Sequence","95.46","",""
"06/09/2021 23:00:00 - 07/09/2021 00:00:00","BZN|SE4","Without Sequence","94.32","",""
"07/09/2021 00:00:00 - 07/09/2021 01:00:00","BZN|SE4","Without Sequence","93.25","",""
"07/09/2021 01:00:00 - 07/09/2021 02:00:00","BZN|SE4","Without Sequence","93.35","",""
"07/09/2021 02:00:00 - 07/09/2021 03:00:00","BZN|SE4","Without Sequence","95.35","",""
"07/09/2021 03:00:00 - 07/09/2021 04:00:00","BZN|SE4","Without Sequence","96.57","",""
"07/09/2021 04:00:00 - 07/09/2021 05:00:00","BZN|SE4","Without Sequence","141.96","",""
"07/09/2021 05:00:00 - 07/09/2021 06:00:00","BZN|SE4","Without Sequence","160.87","",""
"07/09/2021 06:00:00 - 07/09/2021 07:00:00","BZN|SE4","Without Sequence","164.44","",""
"07/09/2021 07:00:00 - 07/09/2021 08:00:00","BZN|SE4","Without Sequence","142.50","",""
"07/09/2021 08:00:00 - 07/09/2021 09:00:00","BZN|SE4","Without Sequence","134.51","",""
"07/09/2021 09:00:00 - 07/09/2021 10:00:00","BZN|SE4","Without Sequence","120.04","",""
"07/09/2021 10:00:00 - 07/09/2021 11:00:00","BZN|SE4","Without Sequence","108.63","",""
"07/09/2021 11:00:00 - 07/09/2021 12:00:00","BZN|SE4","Without Sequence","108.73","",""
"07/09/2021 12:00:00 - 07/09/2021 13:00:00","BZN|SE4","Without Sequence","108.28","",""
"07/09/2021 13:00:00 - 07/09/2021 14:00:00","BZN|SE4","Without Sequence","107.98","",""
"07/09/2021 14:00:00 - 07/09/2021 15:00:00","BZN|SE4","Without Sequence","113.07","",""
"07/09/2021 15:00:00 - 07/09/2021 16:00:00","BZN|SE4","Without Sequence","135.83","",""
"07/09/2021 16:00:00 - 07/09/2021 17:00:00","BZN|SE4","Without Sequence","145.90","",""
"07/09/2021 17:00:00 - 07/09/2021 18:00:00","BZN|SE4","Without Sequence","180.00","",""
"07/09/2021 18:00:00 - 07/09/2021 19:00:00","BZN|SE4","Without Sequence","164.01","",""
"07/09/2021 19:00:00 - 07/09/2021 20:00:00","BZN|SE4","Without Sequence","141.32","",""
"07/09/2021 20:00:00 - 07/09/2021 21:00:00","BZN|SE4","Without Sequence","126.50","",""
"07/09/2021 21:00:00 - 07/09/2021 22:00:00","BZN|SE4","Without Sequence","109.10","",""
"07/09/2021 22:00:00 - 07/09/2021 23:00:00","BZN|SE4","Without Sequence","93.07","",""
"07/09/2021 23:00:00 - 08/09/2021 00:00:00","BZN|SE4","Without Sequence","91.56","",""
"08/09/2021 00:00:00 - 08/09/2021 01:00:00","BZN|SE4","Without Sequence","91.40","",""
"08/09/2021 01:00:00 - 08/09/2021 02:00:00","BZN|SE4","Without Sequence","92.50","",""
"08/09/2021 02:00:00 - 08/09/2021 03:00:00","BZN|SE4","Without Sequence","91.41","",""
"08/09/2021 03:00:00 - 08/09/2021 04:00:00","BZN|SE4","Without Sequence","93.72","",""
"08/09/2021 04:00:00 - 08/09/2021 05:00:00","BZN|SE4","Without Sequence","145.00","",""
"08/09/2021 05:00:00 - 08/09/2021 06:00:00","BZN|SE4","Without Sequence","151.16","",""
"08/09/2021 06:00:00 - 08/09/2021 07:00:00","BZN|SE4","Without Sequence","149.96","",""
"08/09/2021 07:00:00 - 08/09/2021 08:00:00","BZN|SE4","Without Sequence","138.00","",""
"08/09/2021 08:00:00 - 08/09/2021 09:00:00","BZN|SE4","Without Sequence","124.17","",""
"08/09/2021 09:00:00 - 08/09/2021 10:00:00","BZN|SE4","Without Sequence","109.46","",""
"08/09/2021 10:00:00 - 08/09/2021 11:00:00","BZN|SE4","Without Sequence","106.03","",""
"08/09/2021 11:00:00 - 08/09/2021 12:00:00","BZN|SE4","Without Sequence","103.01","",""
"08/09/2021 12:00:00 - 08/09/2021 13:00:00","BZN|SE4","Without Sequence","103.93","",""
"08/09/2021 13:00:00 - 08/09/2021 14:00:00","BZN|SE4","Without Sequence","109.08","",""
"08/09/2021 14:00:00 - 08/09/2021 15:00:00","BZN|SE4","Without Sequence","117.52","",""
"08/09/2021 15:00:00 - 08/09/2021 16:00:00","BZN|SE4","Without Sequence","136.03","",""
"08/09/2021 16:00:00 - 08/09/2021 17:00:00","BZN|SE4","Without Sequence","149.75","",""
"08/09/2021 17:00:00 - 08/09/2021 18:00:00","BZN|SE4","Without Sequence","165.78","",""
"08/09/2021 18:00:00 - 08/09/2021 19:00:00","BZN|SE4","Without Sequence","152.36","",""
"08/09/2021 19:00:00 - 08/09/2021 20:00:00","BZN|SE4","Without Sequence","137.11","",""
"08/09/2021 20:00:00 - 08/09/2021 21:00:00","BZN|SE4","Without Sequence","122.01","",""
"08/09/2021 21:00:00 - 08/09/2021 22:00:00","BZN|SE4","Without Sequence","94.04","",""
"08/09/2021 22:00:00 - 08/09/2021 23:00:00","BZN|SE4","Without Sequence","96.48","",""
"08/09/2021 23:00:00 - 09/09/2021 00:00:00","BZN|SE4","Without Sequence","93.95","",""
"09/09/2021 00:00:00 - 09/09/2021 01:00:00","BZN|SE4","Without Sequence","93.63","",""
"09/09/2021 01:00:00 - 09/09/2021 02:00:00","BZN|SE4","Without Sequence","93.63","",""
"09/09/2021 02:00:00 - 09/09/2021 03:00:00","BZN|SE4","Without Sequence","94.71","",""
"09/09/2021 03:00:00 - 09/09/2021 04:00:00","BZN|SE4","Without Sequence","96.15","",""
"09/09/2021 04:00:00 - 09/09/2021 05:00:00","BZN|SE4","Without Sequence","135.06","",""
"09/09/2021 05:00:00 - 09/09/2021 06:00:00","BZN|SE4","Without Sequence","148.05","",""
"09/09/2021 06:00:00 - 09/09/2021 07:00:00","BZN|SE4","Without Sequence","149.43","",""
"09/09/2021 07:00:00 - 09/09/2021 08:00:00","BZN|SE4","Without Sequence","144.99","",""
"09/09/2021 08:00:00 - 09/09/2021 09:00:00","BZN|SE4","Without Sequence","137.64","",""
"09/09/2021 09:00:00 - 09/09/2021 10:00:00","BZN|SE4","Without Sequence","118.70","",""
"09/09/2021 10:00:00 - 09/09/2021 11:00:00","BZN|SE4","Without Sequence","110.06","",""
"09/09/2021 11:00:00 - 09/09/2021 12:00:00","BZN|SE4","Without Sequence","108.65","",""
"09/09/2021 12:00:00 - 09/09/2021 13:00:00","BZN|SE4","Without Sequence","110.58","",""
"09/09/2021 13:00:00 - 09/09/2021 14:00:00","BZN|SE4","Without Sequence","120.86","",""
"09/09/2021 14:00:00 - 09/09/2021 15:00:00","BZN|SE4","Without Sequence","133.71","",""
"09/09/2021 15:00:00 - 09/09/2021 16:00:00","BZN|SE4","Without Sequence","145.98","",""
"09/09/2021 16:00:00 - 09/09/2021 17:00:00","BZN|SE4","Without Sequence","157.70","",""
"09/09/2021 17:00:00 - 09/09/2021 18:00:00","BZN|SE4","Without Sequence","174.23","",""
"09/09/2021 18:00:00 - 09/09/2021 19:00:00","BZN|SE4","Without Sequence","168.48","",""
"09/09/2021 19:00:00 - 09/09/2021 20:00:00","BZN|SE4","Without Sequence","144.45","",""
"09/09/2021 20:00:00 - 09/09/2021 21:00:00","BZN|SE4","Without Sequence","136.50","",""
"09/09/2021 21:00:00 - 09/09/2021 22:00:00","BZN|SE4","Without Sequence","121.13","",""
"09/09/2021 22:00:00 - 09/09/2021 23:00:00","BZN|SE4","Without Sequence","96.74","",""
"09/09/2021 23:00:00 - 10/09/2021 00:00:00","BZN|SE4","Without Sequence","96.45","",""
"10/09/2021 00:00:00 - 10/09/2021 01:00:00","BZN|SE4","Without Sequence","96.45","",""
"10/09/2021 01:00:00 - 10/09/2021 02:00:00","BZN|SE4","Without Sequence","96.45","",""
"10/09/2021 02:00:00 - 10/09/2021 03:00:00","BZN|SE4","Without Sequence","97.11","",""
"10/09/2021 03:00:00 - 10/09/2021 04:00:00","BZN|SE4","Without Sequence","97.66","",""
"10/09/2021 04:00:00 - 10/09/2021 05:00:00","BZN|SE4","Without Sequence","145.45","",""
"10/09/2021 05:00:00 - 10/09/2021 06:00:00","BZN|SE4","Without Sequence","158.07","",""
"10/09/2021 06:00:00 - 10/09/2021 07:00:00","BZN|SE4","Without Sequence","162.27","",""
"10/09/2021 07:00:00 - 10/09/2021 08:00:00","BZN|SE4","Without Sequence","156.66","",""
"10/09/2021 08:00:00 - 10/09/2021 09:00:00","BZN|SE4","Without Sequence","149.22","",""
"10/09/2021 09:00:00 - 10/09/2021 10:00:00","BZN|SE4","Without Sequence","144.22","",""
"10/09/2021 10:00:00 - 10/09/2021 11:00:00","BZN|SE4","Without Sequence","140.00","",""
"10/09/2021 11:00:00 - 10/09/2021 12:00:00","BZN|SE4","Without Sequence","128.00","",""
"10/09/2021 12:00:00 - 10/09/2021 13:00:00","BZN|SE4","Without Sequence","117.63","",""
"10/09/2021 13:00:00 - 10/09/2021 14:00:00","BZN|SE4","Without Sequence","127.48","",""
"10/09/2021 14:00:00 - 10/09/2021 15:00:00","BZN|SE4","Without Sequence","136.73","",""
"10/09/2021 15:00:00 - 10/09/2021 16:00:00","BZN|SE4","Without Sequence","148.82","",""
"10/09/2021 16:00:00 - 10/09/2021 17:00:00","BZN|SE4","Without Sequence","155.36","",""
"10/09/2021 17:00:00 - 10/09/2021 18:00:00","BZN|SE4","Without Sequence","155.75","",""
"10/09/2021 18:00:00 - 10/09/2021 19:00:00","BZN|SE4","Without Sequence","155.49","",""
"10/09/2021 19:00:00 - 10/09/2021 20:00:00","BZN|SE4","Without Sequence","145.07","",""
"10/09/2021 20:00:00 - 10/09/2021 21:00:00","BZN|SE4","Without Sequence","138.12","",""
"10/09/2021 21:00:00 - 10/09/2021 22:00:00","BZN|SE4","Without Sequence","129.47","",""
"10/09/2021 22:00:00 - 10/09/2021 23:00:00","BZN|SE4","Without Sequence","140.16","",""
"10/09/2021 23:00:00 - 11/09/2021 00:00:00","BZN|SE4","Without Sequence","129.77","",""
"11/09/2021 00:00:00 - 11/09/2021 01:00:00","BZN|SE4","Without Sequence","115.96","",""
"11/09/2021 01:00:00 - 11/09/2021 02:00:00","BZN|SE4","Without Sequence","109.82","",""
"11/09/2021 02:00:00 - 11/09/2021 03:00:00","BZN|SE4","Without Sequence","110.02","",""
"11/09/2021 03:00:00 - 11/09/2021 04:00:00","BZN|SE4","Without Sequence","111.21","",""
"11/09/2021 04:00:00 - 11/09/2021 05:00:00","BZN|SE4","Without Sequence","130.06","",""
"11/09/2021 05:00:00 - 11/09/2021 06:00:00","BZN|SE4","Without Sequence","136.12","",""
"11/09/2021 06:00:00 - 11/09/2021 07:00:00","BZN|SE4","Without Sequence","143.46","",""
"11/09/2021 07:00:00 - 11/09/2021 08:00:00","BZN|SE4","Without Sequence","145.03","",""
"11/09/2021 08:00:00 - 11/09/2021 09:00:00","BZN|SE4","Without Sequence","141.32","",""
"11/09/2021 09:00:00 - 11/09/2021 10:00:00","BZN|SE4","Without Sequence","133.68","",""
"11/09/2021 10:00:00 - 11/09/2021 11:00:00","BZN|SE4","Without Sequence","122.02","",""
"11/09/2021 11:00:00 - 11/09/2021 12:00:00","BZN|SE4","Without Sequence","111.59","",""
"11/09/2021 12:00:00 - 11/09/2021 13:00:00","BZN|SE4","Without Sequence","106.08","",""
"11/09/2021 13:00:00 - 11/09/2021 14:00:00","BZN|SE4","Without Sequence","107.81","",""
"11/09/2021 14:00:00 - 11/09/2021 15:00:00","BZN|SE4","Without Sequence","112.36","",""
"11/09/2021 15:00:00 - 11/09/2021 16:00:00","BZN|SE4","Without Sequence","129.20","",""
"11/09/2021 16:00:00 - 11/09/2021 17:00:00","BZN|SE4","Without Sequence","146.98","",""
"11/09/2021 17:00:00 - 11/09/2021 18:00:00","BZN|SE4","Without Sequence","155.09","",""
"11/09/2021 18:00:00 - 11/09/2021 19:00:00","BZN|SE4","Without Sequence","153.90","",""
"11/09/2021 19:00:00 - 11/09/2021 20:00:00","BZN|SE4","Without Sequence","145.03","",""
"11/09/2021 20:00:00 - 11/09/2021 21:00:00","BZN|SE4","Without Sequence","138.68","",""
"11/09/2021 21:00:00 - 11/09/2021 22:00:00","BZN|SE4","Without Sequence","121.08","",""
"11/09/2021 22:00:00 - 11/09/2021 23:00:00","BZN|SE4","Without Sequence","102.52","",""
"11/09/2021 23:00:00 - 12/09/2021 00:00:00","BZN|SE4","Without Sequence","96.79","",""
"12/09/2021 00:00:00 - 12/09/2021 01:00:00","BZN|SE4","Without Sequence","95.92","",""
"12/09/2021 01:00:00 - 12/09/2021 02:00:00","BZN|SE4","Without Sequence","93.09","",""
"12/09/2021 02:00:00 - 12/09/2021 03:00:00","BZN|SE4","Without Sequence","95.23","",""
"12/09/2021 03:00:00 - 12/09/2021 04:00:00","BZN|SE4","Without Sequence","95.30","",""
"12/09/2021 04:00:00 - 12/09/2021 05:00:00","BZN|SE4","Without Sequence","93.30","",""
"12/09/2021 05:00:00 - 12/09/2021 06:00:00","BZN|SE4","Without Sequence","98.91","",""
"12/09/2021 06:00:00 - 12/09/2021 07:00:00","BZN|SE4","Without Sequence","103.85","",""
"12/09/2021 07:00:00 - 12/09/2021 08:00:00","BZN|SE4","Without Sequence","107.17","",""
"12/09/2021 08:00:00 - 12/09/2021 09:00:00","BZN|SE4","Without Sequence","101.92","",""
"12/09/2021 09:00:00 - 12/09/2021 10:00:00","BZN|SE4","Without Sequence","99.72","",""
"12/09/2021 10:00:00 - 12/09/2021 11:00:00","BZN|SE4","Without Sequence","93.94","",""
"12/09/2021 11:00:00 - 12/09/2021 12:00:00","BZN|SE4","Without Sequence","81.07","",""
"12/09/2021 12:00:00 - 12/09/2021 13:00:00","BZN|SE4","Without Sequence","69.68","",""
"12/09/2021 13:00:00 - 12/09/2021 14:00:00","BZN|SE4","Without Sequence","72.44","",""
"12/09/2021 14:00:00 - 12/09/2021 15:00:00","BZN|SE4","Without Sequence","87.13","",""
"12/09/2021 15:00:00 - 12/09/2021 16:00:00","BZN|SE4","Without Sequence","99.94","",""
"12/09/2021 16:00:00 - 12/09/2021 17:00:00","BZN|SE4","Without Sequence","136.37","",""
"12/09/2021 17:00:00 - 12/09/2021 18:00:00","BZN|SE4","Without Sequence","150.00","",""
"12/09/2021 18:00:00 - 12/09/2021 19:00:00","BZN|SE4","Without Sequence","154.17","",""
"12/09/2021 19:00:00 - 12/09/2021 20:00:00","BZN|SE4","Without Sequence","138.01","",""
"12/09/2021 20:00:00 - 12/09/2021 21:00:00","BZN|SE4","Without Sequence","125.98","",""
"12/09/2021 21:00:00 - 12/09/2021 22:00:00","BZN|SE4","Without Sequence","104.96","",""
"12/09/2021 22:00:00 - 12/09/2021 23:00:00","BZN|SE4","Without Sequence","94.64","",""
"12/09/2021 23:00:00 - 13/09/2021 00:00:00","BZN|SE4","Without Sequence","94.37","",""
"13/09/2021 00:00:00 - 13/09/2021 01:00:00","BZN|SE4","Without Sequence","94.38","",""
"13/09/2021 01:00:00 - 13/09/2021 02:00:00","BZN|SE4","Without Sequence","94.60","",""
"13/09/2021 02:00:00 - 13/09/2021 03:00:00","BZN|SE4","Without Sequence","95.61","",""
"13/09/2021 03:00:00 - 13/09/2021 04:00:00","BZN|SE4","Without Sequence","97.07","",""
"13/09/2021 04:00:00 - 13/09/2021 05:00:00","BZN|SE4","Without Sequence","152.08","",""
"13/09/2021 05:00:00 - 13/09/2021 06:00:00","BZN|SE4","Without Sequence","160.93","",""
"13/09/2021 06:00:00 - 13/09/2021 07:00:00","BZN|SE4","Without Sequence","166.71","",""
"13/09/2021 07:00:00 - 13/09/2021 08:00:00","BZN|SE4","Without Sequence","157.00","",""
"13/09/2021 08:00:00 - 13/09/2021 09:00:00","BZN|SE4","Without Sequence","147.93","",""
"13/09/2021 09:00:00 - 13/09/2021 10:00:00","BZN|SE4","Without Sequence","140.06","",""
"13/09/2021 10:00:00 - 13/09/2021 11:00:00","BZN|SE4","Without Sequence","118.84","",""
"13/09/2021 11:00:00 - 13/09/2021 12:00:00","BZN|SE4","Without Sequence","116.90","",""
"13/09/2021 12:00:00 - 13/09/2021 13:00:00","BZN|SE4","Without Sequence","119.00","",""
"13/09/2021 13:00:00 - 13/09/2021 14:00:00","BZN|SE4","Without Sequence","141.63","",""
"13/09/2021 14:00:00 - 13/09/2021 15:00:00","BZN|SE4","Without Sequence","150.93","",""
"13/09/2021 15:00:00 - 13/09/2021 16:00:00","BZN|SE4","Without Sequence","159.09","",""
"13/09/2021 16:00:00 - 13/09/2021 17:00:00","BZN|SE4","Without Sequence","183.45","",""
"13/09/2021 17:00:00 - 13/09/2021 18:00:00","BZN|SE4","Without Sequence","200.88","",""
"13/09/2021 18:00:00 - 13/09/2021 19:00:00","BZN|SE4","Without Sequence","193.21","",""
"13/09/2021 19:00:00 - 13/09/2021 20:00:00","BZN|SE4","Without Sequence","160.91","",""
"13/09/2021 20:00:00 - 13/09/2021 21:00:00","BZN|SE4","Without Sequence","147.15","",""
"13/09/2021 21:00:00 - 13/09/2021 22:00:00","BZN|SE4","Without Sequence","131.18","",""
"13/09/2021 22:00:00 - 13/09/2021 23:00:00","BZN|SE4","Without Sequence","122.23","",""
"13/09/2021 23:00:00 - 14/09/2021 00:00:00","BZN|SE4","Without Sequence","118.67","",""
"14/09/2021 00:00:00 - 14/09/2021 01:00:00","BZN|SE4","Without Sequence","105.68","",""
"14/09/2021 01:00:00 - 14/09/2021 02:00:00","BZN|SE4","Without Sequence","105.12","",""
"14/09/2021 02:00:00 - 14/09/2021 03:00:00","BZN|SE4","Without Sequence","107.39","",""
"14/09/2021 03:00:00 - 14/09/2021 04:00:00","BZN|SE4","Without Sequence","122.03","",""
"14/09/2021 04:00:00 - 14/09/2021 05:00:00","BZN|SE4","Without Sequence","155.51","",""
"14/09/2021 05:00:00 - 14/09/2021 06:00:00","BZN|SE4","Without Sequence","166.24","",""
"14/09/2021 06:00:00 - 14/09/2021 07:00:00","BZN|SE4","Without Sequence","172.69","",""
"14/09/2021 07:00:00 - 14/09/2021 08:00:00","BZN|SE4","Without Sequence","162.90","",""
"14/09/2021 08:00:00 - 14/09/2021 09:00:00","BZN|SE4","Without Sequence","152.15","",""
"14/09/2021 09:00:00 - 14/09/2021 10:00:00","BZN|SE4","Without Sequence","124.01","",""
"14/09/2021 10:00:00 - 14/09/2021 11:00:00","BZN|SE4","Without Sequence","121.06","",""
"14/09/2021 11:00:00 - 14/09/2021 12:00:00","BZN|SE4","Without Sequence","117.27","",""
"14/09/2021 12:00:00 - 14/09/2021 13:00:00","BZN|SE4","Without Sequence","125.43","",""
"14/09/2021 13:00:00 - 14/09/2021 14:00:00","BZN|SE4","Without Sequence","151.16","",""
"14/09/2021 14:00:00 - 14/09/2021 15:00:00","BZN|SE4","Without Sequence","158.72","",""
"14/09/2021 15:00:00 - 14/09/2021 16:00:00","BZN|SE4","Without Sequence","168.00","",""
"14/09/2021 16:00:00 - 14/09/2021 17:00:00","BZN|SE4","Without Sequence","184.55","",""
"14/09/2021 17:00:00 - 14/09/2021 18:00:00","BZN|SE4","Without Sequence","188.20","",""
"14/09/2021 18:00:00 - 14/09/2021 19:00:00","BZN|SE4","Without Sequence","174.25","",""
"14/09/2021 19:00:00 - 14/09/2021 20:00:00","BZN|SE4","Without Sequence","155.40","",""
"14/09/2021 20:00:00 - 14/09/2021 21:00:00","BZN|SE4","Without Sequence","144.65","",""
"14/09/2021 21:00:00 - 14/09/2021 22:00:00","BZN|SE4","Without Sequence","117.98","",""
"14/09/2021 22:00:00 - 14/09/2021 23:00:00","BZN|SE4","Without Sequence","131.84","",""
"14/09/2021 23:00:00 - 15/09/2021 00:00:00","BZN|SE4","Without Sequence","130.20","",""
"15/09/2021 00:00:00 - 15/09/2021 01:00:00","BZN|SE4","Without Sequence","100.10","",""
"15/09/2021 01:00:00 - 15/09/2021 02:00:00","BZN|SE4","Without Sequence","120.15","",""
"15/09/2021 02:00:00 - 15/09/2021 03:00:00","BZN|SE4","Without Sequence","124.94","",""
"15/09/2021 03:00:00 - 15/09/2021 04:00:00","BZN|SE4","Without Sequence","133.72","",""
"15/09/2021 04:00:00 - 15/09/2021 05:00:00","BZN|SE4","Without Sequence","166.94","",""
"15/09/2021 05:00:00 - 15/09/2021 06:00:00","BZN|SE4","Without Sequence","180.24","",""
"15/09/2021 06:00:00 - 15/09/2021 07:00:00","BZN|SE4","Without Sequence","192.11","",""
"15/09/2021 07:00:00 - 15/09/2021 08:00:00","BZN|SE4","Without Sequence","191.32","",""
"15/09/2021 08:00:00 - 15/09/2021 09:00:00","BZN|SE4","Without Sequence","187.42","",""
"15/09/2021 09:00:00 - 15/09/2021 10:00:00","BZN|SE4","Without Sequence","180.80","",""
"15/09/2021 10:00:00 - 15/09/2021 11:00:00","BZN|SE4","Without Sequence","180.00","",""
"15/09/2021 11:00:00 - 15/09/2021 12:00:00","BZN|SE4","Without Sequence","175.74","",""
"15/09/2021 12:00:00 - 15/09/2021 13:00:00","BZN|SE4","Without Sequence","175.76","",""
"15/09/2021 13:00:00 - 15/09/2021 14:00:00","BZN|SE4","Without Sequence","179.09","",""
"15/09/2021 14:00:00 - 15/09/2021 15:00:00","BZN|SE4","Without Sequence","179.97","",""
"15/09/2021 15:00:00 - 15/09/2021 16:00:00","BZN|SE4","Without Sequence","190.00","",""
"15/09/2021 16:00:00 - 15/09/2021 17:00:00","BZN|SE4","Without Sequence","192.78","",""
"15/09/2021 17:00:00 - 15/09/2021 18:00:00","BZN|SE4","Without Sequence","191.86","",""
"15/09/2021 18:00:00 - 15/09/2021 19:00:00","BZN|SE4","Without Sequence","185.44","",""
"15/09/2021 19:00:00 - 15/09/2021 20:00:00","BZN|SE4","Without Sequence","172.54","",""
"15/09/2021 20:00:00 - 15/09/2021 21:00:00","BZN|SE4","Without Sequence","95.63","",""
"15/09/2021 21:00:00 - 15/09/2021 22:00:00","BZN|SE4","Without Sequence","90.05","",""
"15/09/2021 22:00:00 - 15/09/2021 23:00:00","BZN|SE4","Without Sequence","91.44","",""
"15/09/2021 23:00:00 - 16/09/2021 00:00:00","BZN|SE4","Without Sequence","90.20","",""
"16/09/2021 00:00:00 - 16/09/2021 01:00:00","BZN|SE4","Without Sequence","90.15","",""
"16/09/2021 01:00:00 - 16/09/2021 02:00:00","BZN|SE4","Without Sequence","90.20","",""
"16/09/2021 02:00:00 - 16/09/2021 03:00:00","BZN|SE4","Without Sequence","91.76","",""
"16/09/2021 03:00:00 - 16/09/2021 04:00:00","BZN|SE4","Without Sequence","94.98","",""
"16/09/2021 04:00:00 - 16/09/2021 05:00:00","BZN|SE4","Without Sequence","165.65","",""
"16/09/2021 05:00:00 - 16/09/2021 06:00:00","BZN|SE4","Without Sequence","189.34","",""
"16/09/2021 06:00:00 - 16/09/2021 07:00:00","BZN|SE4","Without Sequence","174.98","",""
"16/09/2021 07:00:00 - 16/09/2021 08:00:00","BZN|SE4","Without Sequence","189.26","",""
"16/09/2021 08:00:00 - 16/09/2021 09:00:00","BZN|SE4","Without Sequence","182.20","",""
"16/09/2021 09:00:00 - 16/09/2021 10:00:00","BZN|SE4","Without Sequence","176.66","",""
"16/09/2021 10:00:00 - 16/09/2021 11:00:00","BZN|SE4","Without Sequence","155.36","",""
"16/09/2021 11:00:00 - 16/09/2021 12:00:00","BZN|SE4","Without Sequence","145.06","",""
"16/09/2021 12:00:00 - 16/09/2021 13:00:00","BZN|SE4","Without Sequence","130.94","",""
"16/09/2021 13:00:00 - 16/09/2021 14:00:00","BZN|SE4","Without Sequence","131.40","",""
"16/09/2021 14:00:00 - 16/09/2021 15:00:00","BZN|SE4","Without Sequence","133.82","",""
"16/09/2021 15:00:00 - 16/09/2021 16:00:00","BZN|SE4","Without Sequence","174.42","",""
"16/09/2021 16:00:00 - 16/09/2021 17:00:00","BZN|SE4","Without Sequence","183.60","",""
"16/09/2021 17:00:00 - 16/09/2021 18:00:00","BZN|SE4","Without Sequence","192.85","",""
"16/09/2021 18:00:00 - 16/09/2021 19:00:00","BZN|SE4","Without Sequence","193.27","",""
"16/09/2021 19:00:00 - 16/09/2021 20:00:00","BZN|SE4","Without Sequence","175.46","",""
"16/09/2021 20:00:00 - 16/09/2021 21:00:00","BZN|SE4","Without Sequence","166.33","",""
"16/09/2021 21:00:00 - 16/09/2021 22:00:00","BZN|SE4","Without Sequence","101.72","",""
"16/09/2021 22:00:00 - 16/09/2021 23:00:00","BZN|SE4","Without Sequence","94.38","",""
"16/09/2021 23:00:00 - 17/09/2021 00:00:00","BZN|SE4","Without Sequence","93.47","",""
"17/09/2021 00:00:00 - 17/09/2021 01:00:00","BZN|SE4","Without Sequence","92.74","",""
"17/09/2021 01:00:00 - 17/09/2021 02:00:00","BZN|SE4","Without Sequence","93.35","",""
"17/09/2021 02:00:00 - 17/09/2021 03:00:00","BZN|SE4","Without Sequence","94.15","",""
"17/09/2021 03:00:00 - 17/09/2021 04:00:00","BZN|SE4","Without Sequence","95.36","",""
"17/09/2021 04:00:00 - 17/09/2021 05:00:00","BZN|SE4","Without Sequence","169.27","",""
"17/09/2021 05:00:00 - 17/09/2021 06:00:00","BZN|SE4","Without Sequence","181.97","",""
"17/09/2021 06:00:00 - 17/09/2021 07:00:00","BZN|SE4","Without Sequence","188.17","",""
"17/09/2021 07:00:00 - 17/09/2021 08:00:00","BZN|SE4","Without Sequence","182.86","",""
"17/09/2021 08:00:00 - 17/09/2021 09:00:00","BZN|SE4","Without Sequence","175.33","",""
"17/09/2021 09:00:00 - 17/09/2021 10:00:00","BZN|SE4","Without Sequence","167.13","",""
"17/09/2021 10:00:00 - 17/09/2021 11:00:00","BZN|SE4","Without Sequence","160.30","",""
"17/09/2021 11:00:00 - 17/09/2021 12:00:00","BZN|SE4","Without Sequence","140.66","",""
"17/09/2021 12:00:00 - 17/09/2021 13:00:00","BZN|SE4","Without Sequence","140.66","",""
"17/09/2021 13:00:00 - 17/09/2021 14:00:00","BZN|SE4","Without Sequence","140.66","",""
"17/09/2021 14:00:00 - 17/09/2021 15:00:00","BZN|SE4","Without Sequence","137.28","",""
"17/09/2021 15:00:00 - 17/09/2021 16:00:00","BZN|SE4","Without Sequence","165.02","",""
"17/09/2021 16:00:00 - 17/09/2021 17:00:00","BZN|SE4","Without Sequence","177.58","",""
"17/09/2021 17:00:00 - 17/09/2021 18:00:00","BZN|SE4","Without Sequence","183.39","",""
"17/09/2021 18:00:00 - 17/09/2021 19:00:00","BZN|SE4","Without Sequence","180.76","",""
"17/09/2021 19:00:00 - 17/09/2021 20:00:00","BZN|SE4","Without Sequence","121.61","",""
"17/09/2021 20:00:00 - 17/09/2021 21:00:00","BZN|SE4","Without Sequence","119.92","",""
"17/09/2021 21:00:00 - 17/09/2021 22:00:00","BZN|SE4","Without Sequence","90.04","",""
"17/09/2021 22:00:00 - 17/09/2021 23:00:00","BZN|SE4","Without Sequence","68.06","",""
"17/09/2021 23:00:00 - 18/09/2021 00:00:00","BZN|SE4","Without Sequence","70.04","",""
"18/09/2021 00:00:00 - 18/09/2021 01:00:00","BZN|SE4","Without Sequence","69.22","",""
"18/09/2021 01:00:00 - 18/09/2021 02:00:00","BZN|SE4","Without Sequence","96.44","",""
"18/09/2021 02:00:00 - 18/09/2021 03:00:00","BZN|SE4","Without Sequence","97.42","",""
"18/09/2021 03:00:00 - 18/09/2021 04:00:00","BZN|SE4","Without Sequence","78.92","",""
"18/09/2021 04:00:00 - 18/09/2021 05:00:00","BZN|SE4","Without Sequence","110.12","",""
"18/09/2021 05:00:00 - 18/09/2021 06:00:00","BZN|SE4","Without Sequence","145.51","",""
"18/09/2021 06:00:00 - 18/09/2021 07:00:00","BZN|SE4","Without Sequence","162.50","",""
"18/09/2021 07:00:00 - 18/09/2021 08:00:00","BZN|SE4","Without Sequence","155.09","",""
"18/09/2021 08:00:00 - 18/09/2021 09:00:00","BZN|SE4","Without Sequence","132.88","",""
"18/09/2021 09:00:00 - 18/09/2021 10:00:00","BZN|SE4","Without Sequence","124.84","",""
"18/09/2021 10:00:00 - 18/09/2021 11:00:00","BZN|SE4","Without Sequence","115.96","",""
"18/09/2021 11:00:00 - 18/09/2021 12:00:00","BZN|SE4","Without Sequence","105.11","",""
"18/09/2021 12:00:00 - 18/09/2021 13:00:00","BZN|SE4","Without Sequence","105.10","",""
"18/09/2021 13:00:00 - 18/09/2021 14:00:00","BZN|SE4","Without Sequence","110.09","",""
"18/09/2021 14:00:00 - 18/09/2021 15:00:00","BZN|SE4","Without Sequence","122.92","",""
"18/09/2021 15:00:00 - 18/09/2021 16:00:00","BZN|SE4","Without Sequence","136.81","",""
"18/09/2021 16:00:00 - 18/09/2021 17:00:00","BZN|SE4","Without Sequence","169.97","",""
"18/09/2021 17:00:00 - 18/09/2021 18:00:00","BZN|SE4","Without Sequence","179.91","",""
"18/09/2021 18:00:00 - 18/09/2021 19:00:00","BZN|SE4","Without Sequence","178.97","",""
"18/09/2021 19:00:00 - 18/09/2021 20:00:00","BZN|SE4","Without Sequence","151.32","",""
"18/09/2021 20:00:00 - 18/09/2021 21:00:00","BZN|SE4","Without Sequence","123.73","",""
"18/09/2021 21:00:00 - 18/09/2021 22:00:00","BZN|SE4","Without Sequence","97.63","",""
"18/09/2021 22:00:00 - 18/09/2021 23:00:00","BZN|SE4","Without Sequence","81.71","",""
"18/09/2021 23:00:00 - 19/09/2021 00:00:00","BZN|SE4","Without Sequence","80.05","",""
"19/09/2021 00:00:00 - 19/09/2021 01:00:00","BZN|SE4","Without Sequence","77.60","",""
"19/09/2021 01:00:00 - 19/09/2021 02:00:00","BZN|SE4","Without Sequence","76.95","",""
"19/09/2021 02:00:00 - 19/09/2021 03:00:00","BZN|SE4","Without Sequence","72.82","",""
"19/09/2021 03:00:00 - 19/09/2021 04:00:00","BZN|SE4","Without Sequence","75.77","",""
"19/09/2021 04:00:00 - 19/09/2021 05:00:00","BZN|SE4","Without Sequence","76.61","",""
"19/09/2021 05:00:00 - 19/09/2021 06:00:00","BZN|SE4","Without Sequence","77.35","",""
"19/09/2021 06:00:00 - 19/09/2021 07:00:00","BZN|SE4","Without Sequence","81.58","",""
"19/09/2021 07:00:00 - 19/09/2021 08:00:00","BZN|SE4","Without Sequence","82.86","",""
"19/09/2021 08:00:00 - 19/09/2021 09:00:00","BZN|SE4","Without Sequence","80.17","",""
"19/09/2021 09:00:00 - 19/09/2021 10:00:00","BZN|SE4","Without Sequence","80.65","",""
"19/09/2021 10:00:00 - 19/09/2021 11:00:00","BZN|SE4","Without Sequence","82.83","",""
"19/09/2021 11:00:00 - 19/09/2021 12:00:00","BZN|SE4","Without Sequence","79.12","",""
"19/09/2021 12:00:00 - 19/09/2021 13:00:00","BZN|SE4","Without Sequence","74.16","",""
"19/09/2021 13:00:00 - 19/09/2021 14:00:00","BZN|SE4","Without Sequence","78.10","",""
"19/09/2021 14:00:00 - 19/09/2021 15:00:00","BZN|SE4","Without Sequence","83.75","",""
"19/09/2021 15:00:00 - 19/09/2021 16:00:00","BZN|SE4","Without Sequence","102.55","",""
"19/09/2021 16:00:00 - 19/09/2021 17:00:00","BZN|SE4","Without Sequence","145.42","",""
"19/09/2021 17:00:00 - 19/09/2021 18:00:00","BZN|SE4","Without Sequence","167.63","",""
"19/09/2021 18:00:00 - 19/09/2021 19:00:00","BZN|SE4","Without Sequence","170.63","",""
"19/09/2021 19:00:00 - 19/09/2021 20:00:00","BZN|SE4","Without Sequence","116.76","",""
"19/09/2021 20:00:00 - 19/09/2021 21:00:00","BZN|SE4","Without Sequence","104.75","",""
"19/09/2021 21:00:00 - 19/09/2021 22:00:00","BZN|SE4","Without Sequence","93.38","",""
"19/09/2021 22:00:00 - 19/09/2021 23:00:00","BZN|SE4","Without Sequence","79.17","",""
"19/09/2021 23:00:00 - 20/09/2021 00:00:00","BZN|SE4","Without Sequence","84.88","",""
"20/09/2021 00:00:00 - 20/09/2021 01:00:00","BZN|SE4","Without Sequence","85.71","",""
"20/09/2021 01:00:00 - 20/09/2021 02:00:00","BZN|SE4","Without Sequence","82.48","",""
"20/09/2021 02:00:00 - 20/09/2021 03:00:00","BZN|SE4","Without Sequence","87.28","",""
"20/09/2021 03:00:00 - 20/09/2021 04:00:00","BZN|SE4","Without Sequence","93.57","",""
"20/09/2021 04:00:00 - 20/09/2021 05:00:00","BZN|SE4","Without Sequence","161.33","",""
"20/09/2021 05:00:00 - 20/09/2021 06:00:00","BZN|SE4","Without Sequence","179.52","",""
"20/09/2021 06:00:00 - 20/09/2021 07:00:00","BZN|SE4","Without Sequence","188.64","",""
"20/09/2021 07:00:00 - 20/09/2021 08:00:00","BZN|SE4","Without Sequence","180.00","",""
"20/09/2021 08:00:00 - 20/09/2021 09:00:00","BZN|SE4","Without Sequence","172.67","",""
"20/09/2021 09:00:00 - 20/09/2021 10:00:00","BZN|SE4","Without Sequence","164.00","",""
"20/09/2021 10:00:00 - 20/09/2021 11:00:00","BZN|SE4","Without Sequence","155.00","",""
"20/09/2021 11:00:00 - 20/09/2021 12:00:00","BZN|SE4","Without Sequence","149.76","",""
"20/09/2021 12:00:00 - 20/09/2021 13:00:00","BZN|SE4","Without Sequence","142.28","",""
"20/09/2021 13:00:00 - 20/09/2021 14:00:00","BZN|SE4","Without Sequence","151.22","",""
"20/09/2021 14:00:00 - 20/09/2021 15:00:00","BZN|SE4","Without Sequence","162.88","",""
"20/09/2021 15:00:00 - 20/09/2021 16:00:00","BZN|SE4","Without Sequence","170.03","",""
"20/09/2021 16:00:00 - 20/09/2021 17:00:00","BZN|SE4","Without Sequence","179.98","",""
"20/09/2021 17:00:00 - 20/09/2021 18:00:00","BZN|SE4","Without Sequence","205.00","",""
"20/09/2021 18:00:00 - 20/09/2021 19:00:00","BZN|SE4","Without Sequence","181.34","",""
"20/09/2021 19:00:00 - 20/09/2021 20:00:00","BZN|SE4","Without Sequence","167.04","",""
"20/09/2021 20:00:00 - 20/09/2021 21:00:00","BZN|SE4","Without Sequence","150.82","",""
"20/09/2021 21:00:00 - 20/09/2021 22:00:00","BZN|SE4","Without Sequence","100.69","",""
"20/09/2021 22:00:00 - 20/09/2021 23:00:00","BZN|SE4","Without Sequence","93.92","",""
"20/09/2021 23:00:00 - 21/09/2021 00:00:00","BZN|SE4","Without Sequence","90.04","",""
"21/09/2021 00:00:00 - 21/09/2021 01:00:00","BZN|SE4","Without Sequence","89.17","",""
"21/09/2021 01:00:00 - 21/09/2021 02:00:00","BZN|SE4","Without Sequence","89.21","",""
"21/09/2021 02:00:00 - 21/09/2021 03:00:00","BZN|SE4","Without Sequence","89.51","",""
"21/09/2021 03:00:00 - 21/09/2021 04:00:00","BZN|SE4","Without Sequence","92.98","",""
"21/09/2021 04:00:00 - 21/09/2021 05:00:00","BZN|SE4","Without Sequence","165.92","",""
"21/09/2021 05:00:00 - 21/09/2021 06:00:00","BZN|SE4","Without Sequence","189.59","",""
"21/09/2021 06:00:00 - 21/09/2021 07:00:00","BZN|SE4","Without Sequence","190.00","",""
"21/09/2021 07:00:00 - 21/09/2021 08:00:00","BZN|SE4","Without Sequence","176.92","",""
"21/09/2021 08:00:00 - 21/09/2021 09:00:00","BZN|SE4","Without Sequence","160.10","",""
"21/09/2021 09:00:00 - 21/09/2021 10:00:00","BZN|SE4","Without Sequence","151.80","",""
"21/09/2021 10:00:00 - 21/09/2021 11:00:00","BZN|SE4","Without Sequence","145.06","",""
"21/09/2021 11:00:00 - 21/09/2021 12:00:00","BZN|SE4","Without Sequence","132.50","",""
"21/09/2021 12:00:00 - 21/09/2021 13:00:00","BZN|SE4","Without Sequence","129.71","",""
"21/09/2021 13:00:00 - 21/09/2021 14:00:00","BZN|SE4","Without Sequence","128.53","",""
"21/09/2021 14:00:00 - 21/09/2021 15:00:00","BZN|SE4","Without Sequence","132.50","",""
"21/09/2021 15:00:00 - 21/09/2021 16:00:00","BZN|SE4","Without Sequence","162.48","",""
"21/09/2021 16:00:00 - 21/09/2021 17:00:00","BZN|SE4","Without Sequence","174.88","",""
"21/09/2021 17:00:00 - 21/09/2021 18:00:00","BZN|SE4","Without Sequence","190.00","",""
"21/09/2021 18:00:00 - 21/09/2021 19:00:00","BZN|SE4","Without Sequence","182.87","",""
"21/09/2021 19:00:00 - 21/09/2021 20:00:00","BZN|SE4","Without Sequence","159.17","",""
"21/09/2021 20:00:00 - 21/09/2021 21:00:00","BZN|SE4","Without Sequence","105.45","",""
"21/09/2021 21:00:00 - 21/09/2021 22:00:00","BZN|SE4","Without Sequence","95.88","",""
"21/09/2021 22:00:00 - 21/09/2021 23:00:00","BZN|SE4","Without Sequence","96.22","",""
"21/09/2021 23:00:00 - 22/09/2021 00:00:00","BZN|SE4","Without Sequence","96.17","",""
"22/09/2021 00:00:00 - 22/09/2021 01:00:00","BZN|SE4","Without Sequence","92.44","",""
"22/09/2021 01:00:00 - 22/09/2021 02:00:00","BZN|SE4","Without Sequence","88.06","",""
"22/09/2021 02:00:00 - 22/09/2021 03:00:00","BZN|SE4","Without Sequence","92.65","",""
"22/09/2021 03:00:00 - 22/09/2021 04:00:00","BZN|SE4","Without Sequence","101.68","",""
"22/09/2021 04:00:00 - 22/09/2021 05:00:00","BZN|SE4","Without Sequence","170.76","",""
"22/09/2021 05:00:00 - 22/09/2021 06:00:00","BZN|SE4","Without Sequence","200.00","",""
"22/09/2021 06:00:00 - 22/09/2021 07:00:00","BZN|SE4","Without Sequence","213.81","",""
"22/09/2021 07:00:00 - 22/09/2021 08:00:00","BZN|SE4","Without Sequence","185.26","",""
"22/09/2021 08:00:00 - 22/09/2021 09:00:00","BZN|SE4","Without Sequence","170.15","",""
"22/09/2021 09:00:00 - 22/09/2021 10:00:00","BZN|SE4","Without Sequence","159.93","",""
"22/09/2021 10:00:00 - 22/09/2021 11:00:00","BZN|SE4","Without Sequence","151.00","",""
"22/09/2021 11:00:00 - 22/09/2021 12:00:00","BZN|SE4","Without Sequence","139.69","",""
"22/09/2021 12:00:00 - 22/09/2021 13:00:00","BZN|SE4","Without Sequence","132.32","",""
"22/09/2021 13:00:00 - 22/09/2021 14:00:00","BZN|SE4","Without Sequence","132.33","",""
"22/09/2021 14:00:00 - 22/09/2021 15:00:00","BZN|SE4","Without Sequence","139.97","",""
"22/09/2021 15:00:00 - 22/09/2021 16:00:00","BZN|SE4","Without Sequence","165.90","",""
"22/09/2021 16:00:00 - 22/09/2021 17:00:00","BZN|SE4","Without Sequence","183.79","",""
"22/09/2021 17:00:00 - 22/09/2021 18:00:00","BZN|SE4","Without Sequence","199.78","",""
"22/09/2021 18:00:00 - 22/09/2021 19:00:00","BZN|SE4","Without Sequence","172.57","",""
"22/09/2021 19:00:00 - 22/09/2021 20:00:00","BZN|SE4","Without Sequence","139.79","",""
"22/09/2021 20:00:00 - 22/09/2021 21:00:00","BZN|SE4","Without Sequence","105.62","",""
"22/09/2021 21:00:00 - 22/09/2021 22:00:00","BZN|SE4","Without Sequence","79.07","",""
"22/09/2021 22:00:00 - 22/09/2021 23:00:00","BZN|SE4","Without Sequence","55.55","",""
"22/09/2021 23:00:00 - 23/09/2021 00:00:00","BZN|SE4","Without Sequence","55.31","",""
"23/09/2021 00:00:00 - 23/09/2021 01:00:00","BZN|SE4","Without Sequence","54.80","",""
"23/09/2021 01:00:00 - 23/09/2021 02:00:00","BZN|SE4","Without Sequence","54.17","",""
"23/09/2021 02:00:00 - 23/09/2021 03:00:00","BZN|SE4","Without Sequence","54.84","",""
"23/09/2021 03:00:00 - 23/09/2021 04:00:00","BZN|SE4","Without Sequence","57.73","",""
"23/09/2021 04:00:00 - 23/09/2021 05:00:00","BZN|SE4","Without Sequence","102.91","",""
"23/09/2021 05:00:00 - 23/09/2021 06:00:00","BZN|SE4","Without Sequence","106.59","",""
"23/09/2021 06:00:00 - 23/09/2021 07:00:00","BZN|SE4","Without Sequence","109.98","",""
"23/09/2021 07:00:00 - 23/09/2021 08:00:00","BZN|SE4","Without Sequence","94.21","",""
"23/09/2021 08:00:00 - 23/09/2021 09:00:00","BZN|SE4","Without Sequence","64.62","",""
"23/09/2021 09:00:00 - 23/09/2021 10:00:00","BZN|SE4","Without Sequence","57.98","",""
"23/09/2021 10:00:00 - 23/09/2021 11:00:00","BZN|SE4","Without Sequence","57.12","",""
"23/09/2021 11:00:00 - 23/09/2021 12:00:00","BZN|SE4","Without Sequence","56.49","",""
"23/09/2021 12:00:00 - 23/09/2021 13:00:00","BZN|SE4","Without Sequence","49.22","",""
"23/09/2021 13:00:00 - 23/09/2021 14:00:00","BZN|SE4","Without Sequence","48.55","",""
"23/09/2021 14:00:00 - 23/09/2021 15:00:00","BZN|SE4","Without Sequence","54.47","",""
"23/09/2021 15:00:00 - 23/09/2021 16:00:00","BZN|SE4","Without Sequence","58.48","",""
"23/09/2021 16:00:00 - 23/09/2021 17:00:00","BZN|SE4","Without Sequence","88.42","",""
"23/09/2021 17:00:00 - 23/09/2021 18:00:00","BZN|SE4","Without Sequence","86.78","",""
"23/09/2021 18:00:00 - 23/09/2021 19:00:00","BZN|SE4","Without Sequence","58.79","",""
"23/09/2021 19:00:00 - 23/09/2021 20:00:00","BZN|SE4","Without Sequence","57.05","",""
"23/09/2021 20:00:00 - 23/09/2021 21:00:00","BZN|SE4","Without Sequence","53.98","",""
"23/09/2021 21:00:00 - 23/09/2021 22:00:00","BZN|SE4","Without Sequence","37.70","",""
"23/09/2021 22:00:00 - 23/09/2021 23:00:00","BZN|SE4","Without Sequence","29.19","",""
"23/09/2021 23:00:00 - 24/09/2021 00:00:00","BZN|SE4","Without Sequence","28.86","",""
"24/09/2021 00:00:00 - 24/09/2021 01:00:00","BZN|SE4","Without Sequence","35.54","",""
"24/09/2021 01:00:00 - 24/09/2021 02:00:00","BZN|SE4","Without Sequence","40.03","",""
"24/09/2021 02:00:00 - 24/09/2021 03:00:00","BZN|SE4","Without Sequence","52.92","",""
"24/09/2021 03:00:00 - 24/09/2021 04:00:00","BZN|SE4","Without Sequence","57.47","",""
"24/09/2021 04:00:00 - 24/09/2021 05:00:00","BZN|SE4","Without Sequence","62.55","",""
"24/09/2021 05:00:00 - 24/09/2021 06:00:00","BZN|SE4","Without Sequence","96.53","",""
"24/09/2021 06:00:00 - 24/09/2021 07:00:00","BZN|SE4","Without Sequence","116.66","",""
"24/09/2021 07:00:00 - 24/09/2021 08:00:00","BZN|SE4","Without Sequence","134.20","",""
"24/09/2021 08:00:00 - 24/09/2021 09:00:00","BZN|SE4","Without Sequence","132.30","",""
"24/09/2021 09:00:00 - 24/09/2021 10:00:00","BZN|SE4","Without Sequence","107.01","",""
"24/09/2021 10:00:00 - 24/09/2021 11:00:00","BZN|SE4","Without Sequence","89.26","",""
"24/09/2021 11:00:00 - 24/09/2021 12:00:00","BZN|SE4","Without Sequence","87.14","",""
"24/09/2021 12:00:00 - 24/09/2021 13:00:00","BZN|SE4","Without Sequence","82.10","",""
"24/09/2021 13:00:00 - 24/09/2021 14:00:00","BZN|SE4","Without Sequence","82.94","",""
"24/09/2021 14:00:00 - 24/09/2021 15:00:00","BZN|SE4","Without Sequence","88.23","",""
"24/09/2021 15:00:00 - 24/09/2021 16:00:00","BZN|SE4","Without Sequence","99.12","",""
"24/09/2021 16:00:00 - 24/09/2021 17:00:00","BZN|SE4","Without Sequence","99.27","",""
"24/09/2021 17:00:00 - 24/09/2021 18:00:00","BZN|SE4","Without Sequence","97.08","",""
"24/09/2021 18:00:00 - 24/09/2021 19:00:00","BZN|SE4","Without Sequence","81.83","",""
"24/09/2021 19:00:00 - 24/09/2021 20:00:00","BZN|SE4","Without Sequence","62.55","",""
"24/09/2021 20:00:00 - 24/09/2021 21:00:00","BZN|SE4","Without Sequence","59.67","",""
"24/09/2021 21:00:00 - 24/09/2021 22:00:00","BZN|SE4","Without Sequence","58.13","",""
"24/09/2021 22:00:00 - 24/09/2021 23:00:00","BZN|SE4","Without Sequence","56.71","",""
"24/09/2021 23:00:00 - 25/09/2021 00:00:00","BZN|SE4","Without Sequence","56.39","",""
"25/09/2021 00:00:00 - 25/09/2021 01:00:00","BZN|SE4","Without Sequence","54.99","",""
"25/09/2021 01:00:00 - 25/09/2021 02:00:00","BZN|SE4","Without Sequence","53.59","",""
"25/09/2021 02:00:00 - 25/09/2021 03:00:00","BZN|SE4","Without Sequence","47.41","",""
"25/09/2021 03:00:00 - 25/09/2021 04:00:00","BZN|SE4","Without Sequence","53.56","",""
"25/09/2021 04:00:00 - 25/09/2021 05:00:00","BZN|SE4","Without Sequence","56.46","",""
"25/09/2021 05:00:00 - 25/09/2021 06:00:00","BZN|SE4","Without Sequence","57.49","",""
"25/09/2021 06:00:00 - 25/09/2021 07:00:00","BZN|SE4","Without Sequence","94.21","",""
"25/09/2021 07:00:00 - 25/09/2021 08:00:00","BZN|SE4","Without Sequence","112.57","",""
"25/09/2021 08:00:00 - 25/09/2021 09:00:00","BZN|SE4","Without Sequence","104.47","",""
"25/09/2021 09:00:00 - 25/09/2021 10:00:00","BZN|SE4","Without Sequence","97.70","",""
"25/09/2021 10:00:00 - 25/09/2021 11:00:00","BZN|SE4","Without Sequence","91.83","",""
"25/09/2021 11:00:00 - 25/09/2021 12:00:00","BZN|SE4","Without Sequence","93.62","",""
"25/09/2021 12:00:00 - 25/09/2021 13:00:00","BZN|SE4","Without Sequence","93.59","",""
"25/09/2021 13:00:00 - 25/09/2021 14:00:00","BZN|SE4","Without Sequence","93.09","",""
"25/09/2021 14:00:00 - 25/09/2021 15:00:00","BZN|SE4","Without Sequence","122.97","",""
"25/09/2021 15:00:00 - 25/09/2021 16:00:00","BZN|SE4","Without Sequence","158.88","",""
"25/09/2021 16:00:00 - 25/09/2021 17:00:00","BZN|SE4","Without Sequence","177.96","",""
"25/09/2021 17:00:00 - 25/09/2021 18:00:00","BZN|SE4","Without Sequence","208.01","",""
"25/09/2021 18:00:00 - 25/09/2021 19:00:00","BZN|SE4","Without Sequence","188.17","",""
"25/09/2021 19:00:00 - 25/09/2021 20:00:00","BZN|SE4","Without Sequence","169.90","",""
"25/09/2021 20:00:00 - 25/09/2021 21:00:00","BZN|SE4","Without Sequence","155.03","",""
"25/09/2021 21:00:00 - 25/09/2021 22:00:00","BZN|SE4","Without Sequence","103.19","",""
"25/09/2021 22:00:00 - 25/09/2021 23:00:00","BZN|SE4","Without Sequence","95.48","",""
"25/09/2021 23:00:00 - 26/09/2021 00:00:00","BZN|SE4","Without Sequence","92.38","",""
"26/09/2021 00:00:00 - 26/09/2021 01:00:00","BZN|SE4","Without Sequence","92.77","",""
"26/09/2021 01:00:00 - 26/09/2021 02:00:00","BZN|SE4","Without Sequence","92.14","",""
"26/09/2021 02:00:00 - 26/09/2021 03:00:00","BZN|SE4","Without Sequence","92.43","",""
"26/09/2021 03:00:00 - 26/09/2021 04:00:00","BZN|SE4","Without Sequence","93.41","",""
"26/09/2021 04:00:00 - 26/09/2021 05:00:00","BZN|SE4","Without Sequence","94.09","",""
"26/09/2021 05:00:00 - 26/09/2021 06:00:00","BZN|SE4","Without Sequence","99.89","",""
"26/09/2021 06:00:00 - 26/09/2021 07:00:00","BZN|SE4","Without Sequence","107.06","",""
"26/09/2021 07:00:00 - 26/09/2021 08:00:00","BZN|SE4","Without Sequence","112.57","",""
"26/09/2021 08:00:00 - 26/09/2021 09:00:00","BZN|SE4","Without Sequence","109.42","",""
"26/09/2021 09:00:00 - 26/09/2021 10:00:00","BZN|SE4","Without Sequence","103.75","",""
"26/09/2021 10:00:00 - 26/09/2021 11:00:00","BZN|SE4","Without Sequence","100.51","",""
"26/09/2021 11:00:00 - 26/09/2021 12:00:00","BZN|SE4","Without Sequence","93.13","",""
"26/09/2021 12:00:00 - 26/09/2021 13:00:00","BZN|SE4","Without Sequence","90.65","",""
"26/09/2021 13:00:00 - 26/09/2021 14:00:00","BZN|SE4","Without Sequence","94.16","",""
"26/09/2021 14:00:00 - 26/09/2021 15:00:00","BZN|SE4","Without Sequence","109.64","",""
"26/09/2021 15:00:00 - 26/09/2021 16:00:00","BZN|SE4","Without Sequence","134.07","",""
"26/09/2021 16:00:00 - 26/09/2021 17:00:00","BZN|SE4","Without Sequence","170.80","",""
"26/09/2021 17:00:00 - 26/09/2021 18:00:00","BZN|SE4","Without Sequence","185.85","",""
"26/09/2021 18:00:00 - 26/09/2021 19:00:00","BZN|SE4","Without Sequence","174.88","",""
"26/09/2021 19:00:00 - 26/09/2021 20:00:00","BZN|SE4","Without Sequence","123.89","",""
"26/09/2021 20:00:00 - 26/09/2021 21:00:00","BZN|SE4","Without Sequence","103.10","",""
"26/09/2021 21:00:00 - 26/09/2021 22:00:00","BZN|SE4","Without Sequence","90.00","",""
"26/09/2021 22:00:00 - 26/09/2021 23:00:00","BZN|SE4","Without Sequence","86.87","",""
"26/09/2021 23:00:00 - 27/09/2021 00:00:00","BZN|SE4","Without Sequence","87.77","",""
"27/09/2021 00:00:00 - 27/09/2021 01:00:00","BZN|SE4","Without Sequence","87.76","",""
"27/09/2021 01:00:00 - 27/09/2021 02:00:00","BZN|SE4","Without Sequence","87.75","",""
"27/09/2021 02:00:00 - 27/09/2021 03:00:00","BZN|SE4","Without Sequence","88.81","",""
"27/09/2021 03:00:00 - 27/09/2021 04:00:00","BZN|SE4","Without Sequence","92.99","",""
"27/09/2021 04:00:00 - 27/09/2021 05:00:00","BZN|SE4","Without Sequence","171.78","",""
"27/09/2021 05:00:00 - 27/09/2021 06:00:00","BZN|SE4","Without Sequence","184.73","",""
"27/09/2021 06:00:00 - 27/09/2021 07:00:00","BZN|SE4","Without Sequence","190.84","",""
"27/09/2021 07:00:00 - 27/09/2021 08:00:00","BZN|SE4","Without Sequence","181.00","",""
"27/09/2021 08:00:00 - 27/09/2021 09:00:00","BZN|SE4","Without Sequence","172.15","",""
"27/09/2021 09:00:00 - 27/09/2021 10:00:00","BZN|SE4","Without Sequence","159.98","",""
"27/09/2021 10:00:00 - 27/09/2021 11:00:00","BZN|SE4","Without Sequence","144.97","",""
"27/09/2021 11:00:00 - 27/09/2021 12:00:00","BZN|SE4","Without Sequence","119.32","",""
"27/09/2021 12:00:00 - 27/09/2021 13:00:00","BZN|SE4","Without Sequence","116.33","",""
"27/09/2021 13:00:00 - 27/09/2021 14:00:00","BZN|SE4","Without Sequence","120.85","",""
"27/09/2021 14:00:00 - 27/09/2021 15:00:00","BZN|SE4","Without Sequence","142.43","",""
"27/09/2021 15:00:00 - 27/09/2021 16:00:00","BZN|SE4","Without Sequence","163.54","",""
"27/09/2021 16:00:00 - 27/09/2021 17:00:00","BZN|SE4","Without Sequence","168.94","",""
"27/09/2021 17:00:00 - 27/09/2021 18:00:00","BZN|SE4","Without Sequence","180.74","",""
"27/09/2021 18:00:00 - 27/09/2021 19:00:00","BZN|SE4","Without Sequence","110.98","",""
"27/09/2021 19:00:00 - 27/09/2021 20:00:00","BZN|SE4","Without Sequence","109.36","",""
"27/09/2021 20:00:00 - 27/09/2021 21:00:00","BZN|SE4","Without Sequence","98.14","",""
"27/09/2021 21:00:00 - 27/09/2021 22:00:00","BZN|SE4","Without Sequence","92.43","",""
"27/09/2021 22:00:00 - 27/09/2021 23:00:00","BZN|SE4","Without Sequence","92.09","",""
"27/09/2021 23:00:00 - 28/09/2021 00:00:00","BZN|SE4","Without Sequence","94.27","",""
"28/09/2021 00:00:00 - 28/09/2021 01:00:00","BZN|SE4","Without Sequence","93.18","",""
"28/09/2021 01:00:00 - 28/09/2021 02:00:00","BZN|SE4","Without Sequence","94.26","",""
"28/09/2021 02:00:00 - 28/09/2021 03:00:00","BZN|SE4","Without Sequence","96.08","",""
"28/09/2021 03:00:00 - 28/09/2021 04:00:00","BZN|SE4","Without Sequence","100.83","",""
"28/09/2021 04:00:00 - 28/09/2021 05:00:00","BZN|SE4","Without Sequence","170.52","",""
"28/09/2021 05:00:00 - 28/09/2021 06:00:00","BZN|SE4","Without Sequence","190.21","",""
"28/09/2021 06:00:00 - 28/09/2021 07:00:00","BZN|SE4","Without Sequence","195.10","",""
"28/09/2021 07:00:00 - 28/09/2021 08:00:00","BZN|SE4","Without Sequence","187.94","",""
"28/09/2021 08:00:00 - 28/09/2021 09:00:00","BZN|SE4","Without Sequence","174.21","",""
"28/09/2021 09:00:00 - 28/09/2021 10:00:00","BZN|SE4","Without Sequence","161.76","",""
"28/09/2021 10:00:00 - 28/09/2021 11:00:00","BZN|SE4","Without Sequence","142.64","",""
"28/09/2021 11:00:00 - 28/09/2021 12:00:00","BZN|SE4","Without Sequence","135.54","",""
"28/09/2021 12:00:00 - 28/09/2021 13:00:00","BZN|SE4","Without Sequence","133.14","",""
"28/09/2021 13:00:00 - 28/09/2021 14:00:00","BZN|SE4","Without Sequence","146.80","",""
"28/09/2021 14:00:00 - 28/09/2021 15:00:00","BZN|SE4","Without Sequence","165.00","",""
"28/09/2021 15:00:00 - 28/09/2021 16:00:00","BZN|SE4","Without Sequence","180.10","",""
"28/09/2021 16:00:00 - 28/09/2021 17:00:00","BZN|SE4","Without Sequence","197.69","",""
"28/09/2021 17:00:00 - 28/09/2021 18:00:00","BZN|SE4","Without Sequence","237.01","",""
"28/09/2021 18:00:00 - 28/09/2021 19:00:00","BZN|SE4","Without Sequence","190.64","",""
"28/09/2021 19:00:00 - 28/09/2021 20:00:00","BZN|SE4","Without Sequence","172.87","",""
"28/09/2021 20:00:00 - 28/09/2021 21:00:00","BZN|SE4","Without Sequence","152.81","",""
"28/09/2021 21:00:00 - 28/09/2021 22:00:00","BZN|SE4","Without Sequence","102.12","",""
"28/09/2021 22:00:00 - 28/09/2021 23:00:00","BZN|SE4","Without Sequence","90.09","",""
"28/09/2021 23:00:00 - 29/09/2021 00:00:00","BZN|SE4","Without Sequence","95.36","",""
"29/09/2021 00:00:00 - 29/09/2021 01:00:00","BZN|SE4","Without Sequence","91.99","",""
"29/09/2021 01:00:00 - 29/09/2021 02:00:00","BZN|SE4","Without Sequence","86.41","",""
"29/09/2021 02:00:00 - 29/09/2021 03:00:00","BZN|SE4","Without Sequence","85.62","",""
"29/09/2021 03:00:00 - 29/09/2021 04:00:00","BZN|SE4","Without Sequence","96.48","",""
"29/09/2021 04:00:00 - 29/09/2021 05:00:00","BZN|SE4","Without Sequence","158.78","",""
"29/09/2021 05:00:00 - 29/09/2021 06:00:00","BZN|SE4","Without Sequence","190.25","",""
"29/09/2021 06:00:00 - 29/09/2021 07:00:00","BZN|SE4","Without Sequence","199.60","",""
"29/09/2021 07:00:00 - 29/09/2021 08:00:00","BZN|SE4","Without Sequence","190.60","",""
"29/09/2021 08:00:00 - 29/09/2021 09:00:00","BZN|SE4","Without Sequence","179.19","",""
"29/09/2021 09:00:00 - 29/09/2021 10:00:00","BZN|SE4","Without Sequence","168.90","",""
"29/09/2021 10:00:00 - 29/09/2021 11:00:00","BZN|SE4","Without Sequence","129.41","",""
"29/09/2021 11:00:00 - 29/09/2021 12:00:00","BZN|SE4","Without Sequence","111.31","",""
"29/09/2021 12:00:00 - 29/09/2021 13:00:00","BZN|SE4","Without Sequence","105.75","",""
"29/09/2021 13:00:00 - 29/09/2021 14:00:00","BZN|SE4","Without Sequence","99.56","",""
"29/09/2021 14:00:00 - 29/09/2021 15:00:00","BZN|SE4","Without Sequence","104.06","",""
"29/09/2021 15:00:00 - 29/09/2021 16:00:00","BZN|SE4","Without Sequence","124.65","",""
"29/09/2021 16:00:00 - 29/09/2021 17:00:00","BZN|SE4","Without Sequence","160.08","",""
"29/09/2021 17:00:00 - 29/09/2021 18:00:00","BZN|SE4","Without Sequence","113.73","",""
"29/09/2021 18:00:00 - 29/09/2021 19:00:00","BZN|SE4","Without Sequence","108.25","",""
"29/09/2021 19:00:00 - 29/09/2021 20:00:00","BZN|SE4","Without Sequence","61.11","",""
"29/09/2021 20:00:00 - 29/09/2021 21:00:00","BZN|SE4","Without Sequence","56.23","",""
"29/09/2021 21:00:00 - 29/09/2021 22:00:00","BZN|SE4","Without Sequence","55.20","",""
"29/09/2021 22:00:00 - 29/09/2021 23:00:00","BZN|SE4","Without Sequence","55.57","",""
"29/09/2021 23:00:00 - 30/09/2021 00:00:00","BZN|SE4","Without Sequence","55.34","",""
"30/09/2021 00:00:00 - 30/09/2021 01:00:00","BZN|SE4","Without Sequence","55.14","",""
"30/09/2021 01:00:00 - 30/09/2021 02:00:00","BZN|SE4","Without Sequence","55.23","",""
"30/09/2021 02:00:00 - 30/09/2021 03:00:00","BZN|SE4","Without Sequence","55.36","",""
"30/09/2021 03:00:00 - 30/09/2021 04:00:00","BZN|SE4","Without Sequence","63.58","",""
"30/09/2021 04:00:00 - 30/09/2021 05:00:00","BZN|SE4","Without Sequence","112.05","",""
"30/09/2021 05:00:00 - 30/09/2021 06:00:00","BZN|SE4","Without Sequence","158.70","",""
"30/09/2021 06:00:00 - 30/09/2021 07:00:00","BZN|SE4","Without Sequence","150.58","",""
"30/09/2021 07:00:00 - 30/09/2021 08:00:00","BZN|SE4","Without Sequence","126.07","",""
"30/09/2021 08:00:00 - 30/09/2021 09:00:00","BZN|SE4","Without Sequence","102.05","",""
"30/09/2021 09:00:00 - 30/09/2021 10:00:00","BZN|SE4","Without Sequence","92.02","",""
"30/09/2021 10:00:00 - 30/09/2021 11:00:00","BZN|SE4","Without Sequence","79.10","",""
"30/09/2021 11:00:00 - 30/09/2021 12:00:00","BZN|SE4","Without Sequence","79.59","",""
"30/09/2021 12:00:00 - 30/09/2021 13:00:00","BZN|SE4","Without Sequence","78.37","",""
"30/09/2021 13:00:00 - 30/09/2021 14:00:00","BZN|SE4","Without Sequence","95.12","",""
"30/09/2021 14:00:00 - 30/09/2021 15:00:00","BZN|SE4","Without Sequence","110.20","",""
"30/09/2021 15:00:00 - 30/09/2021 16:00:00","BZN|SE4","Without Sequence","110.09","",""
"30/09/2021 16:00:00 - 30/09/2021 17:00:00","BZN|SE4","Without Sequence","104.97","",""
"30/09/2021 17:00:00 - 30/09/2021 18:00:00","BZN|SE4","Without Sequence","107.66","",""
"30/09/2021 18:00:00 - 30/09/2021 19:00:00","BZN|SE4","Without Sequence","103.34","",""
"30/09/2021 19:00:00 - 30/09/2021 20:00:00","BZN|SE4","Without Sequence","93.67","",""
"30/09/2021 20:00:00 - 30/09/2021 21:00:00","BZN|SE4","Without Sequence","55.95","",""
"30/09/2021 21:00:00 - 30/09/2021 22:00:00","BZN|SE4","Without Sequence","53.32","",""
"30/09/2021 22:00:00 - 30/09/2021 23:00:00","BZN|SE4","Without Sequence","38.73","",""
"30/09/2021 23:00:00 - 01/10/2021 00:00:00","BZN|SE4","Without Sequence","34.64","",""
"01/10/2021 00:00:00 - 01/10/2021 01:00:00","BZN|SE4","Without Sequence","26.17","",""
"01/10/2021 01:00:00 - 01/10/2021 02:00:00","BZN|SE4","Without Sequence","34.70","",""
"01/10/2021 02:00:00 - 01/10/2021 03:00:00","BZN|SE4","Without Sequence","35.51","",""
"01/10/2021 03:00:00 - 01/10/2021 04:00:00","BZN|SE4","Without Sequence","36.66","",""
"01/10/2021 04:00:00 - 01/10/2021 05:00:00","BZN|SE4","Without Sequence","48.95","",""
"01/10/2021 05:00:00 - 01/10/2021 06:00:00","BZN|SE4","Without Sequence","63.58","",""
"01/10/2021 06:00:00 - 01/10/2021 07:00:00","BZN|SE4","Without Sequence","90.62","",""
"01/10/2021 07:00:00 - 01/10/2021 08:00:00","BZN|SE4","Without Sequence","91.03","",""
"01/10/2021 08:00:00 - 01/10/2021 09:00:00","BZN|SE4","Without Sequence","80.59","",""
"01/10/2021 09:00:00 - 01/10/2021 10:00:00","BZN|SE4","Without Sequence","69.62","",""
"01/10/2021 10:00:00 - 01/10/2021 11:00:00","BZN|SE4","Without Sequence","58.50","",""
"01/10/2021 11:00:00 - 01/10/2021 12:00:00","BZN|SE4","Without Sequence","50.77","",""
"01/10/2021 12:00:00 - 01/10/2021 13:00:00","BZN|SE4","Without Sequence","49.19","",""
"01/10/2021 13:00:00 - 01/10/2021 14:00:00","BZN|SE4","Without Sequence","63.28","",""
"01/10/2021 14:00:00 - 01/10/2021 15:00:00","BZN|SE4","Without Sequence","75.76","",""
"01/10/2021 15:00:00 - 01/10/2021 16:00:00","BZN|SE4","Without Sequence","85.11","",""
"01/10/2021 16:00:00 - 01/10/2021 17:00:00","BZN|SE4","Without Sequence","87.41","",""
"01/10/2021 17:00:00 - 01/10/2021 18:00:00","BZN|SE4","Without Sequence","87.23","",""
"01/10/2021 18:00:00 - 01/10/2021 19:00:00","BZN|SE4","Without Sequence","50.88","",""
"01/10/2021 19:00:00 - 01/10/2021 20:00:00","BZN|SE4","Without Sequence","40.15","",""
"01/10/2021 20:00:00 - 01/10/2021 21:00:00","BZN|SE4","Without Sequence","30.23","",""
"01/10/2021 21:00:00 - 01/10/2021 22:00:00","BZN|SE4","Without Sequence","19.90","",""
"01/10/2021 22:00:00 - 01/10/2021 23:00:00","BZN|SE4","Without Sequence","20.13","",""
"01/10/2021 23:00:00 - 02/10/2021 00:00:00","BZN|SE4","Without Sequence","20.70","",""
"02/10/2021 00:00:00 - 02/10/2021 01:00:00","BZN|SE4","Without Sequence","20.65","",""
"02/10/2021 01:00:00 - 02/10/2021 02:00:00","BZN|SE4","Without Sequence","22.14","",""
"02/10/2021 02:00:00 - 02/10/2021 03:00:00","BZN|SE4","Without Sequence","22.96","",""
"02/10/2021 03:00:00 - 02/10/2021 04:00:00","BZN|SE4","Without Sequence","25.33","",""
"02/10/2021 04:00:00 - 02/10/2021 05:00:00","BZN|SE4","Without Sequence","34.54","",""
"02/10/2021 05:00:00 - 02/10/2021 06:00:00","BZN|SE4","Without Sequence","42.04","",""
"02/10/2021 06:00:00 - 02/10/2021 07:00:00","BZN|SE4","Without Sequence","48.05","",""
"02/10/2021 07:00:00 - 02/10/2021 08:00:00","BZN|SE4","Without Sequence","108.92","",""
"02/10/2021 08:00:00 - 02/10/2021 09:00:00","BZN|SE4","Without Sequence","104.08","",""
"02/10/2021 09:00:00 - 02/10/2021 10:00:00","BZN|SE4","Without Sequence","102.40","",""
"02/10/2021 10:00:00 - 02/10/2021 11:00:00","BZN|SE4","Without Sequence","102.70","",""
"02/10/2021 11:00:00 - 02/10/2021 12:00:00","BZN|SE4","Without Sequence","86.21","",""
"02/10/2021 12:00:00 - 02/10/2021 13:00:00","BZN|SE4","Without Sequence","76.44","",""
"02/10/2021 13:00:00 - 02/10/2021 14:00:00","BZN|SE4","Without Sequence","73.09","",""
"02/10/2021 14:00:00 - 02/10/2021 15:00:00","BZN|SE4","Without Sequence","76.89","",""
"02/10/2021 15:00:00 - 02/10/2021 16:00:00","BZN|SE4","Without Sequence","103.90","",""
"02/10/2021 16:00:00 - 02/10/2021 17:00:00","BZN|SE4","Without Sequence","117.12","",""
"02/10/2021 17:00:00 - 02/10/2021 18:00:00","BZN|SE4","Without Sequence","112.79","",""
"02/10/2021 18:00:00 - 02/10/2021 19:00:00","BZN|SE4","Without Sequence","90.33","",""
"02/10/2021 19:00:00 - 02/10/2021 20:00:00","BZN|SE4","Without Sequence","58.85","",""
"02/10/2021 20:00:00 - 02/10/2021 21:00:00","BZN|SE4","Without Sequence","38.21","",""
"02/10/2021 21:00:00 - 02/10/2021 22:00:00","BZN|SE4","Without Sequence","14.08","",""
"02/10/2021 22:00:00 - 02/10/2021 23:00:00","BZN|SE4","Without Sequence","0.05","",""
"02/10/2021 23:00:00 - 03/10/2021 00:00:00","BZN|SE4","Without Sequence","-0.03","",""
"03/10/2021 00:00:00 - 03/10/2021 01:00:00","BZN|SE4","Without Sequence","-1.02","",""
"03/10/2021 01:00:00 - 03/10/2021 02:00:00","BZN|SE4","Without Sequence","-1.91","",""
"03/10/2021 02:00:00 - 03/10/2021 03:00:00","BZN|SE4","Without Sequence","-1.97","",""
"03/10/2021 03:00:00 - 03/10/2021 04:00:00","BZN|SE4","Without Sequence","-1.01","",""
"03/10/2021 04:00:00 - 03/10/2021 05:00:00","BZN|SE4","Without Sequence","-0.06","",""
"03/10/2021 05:00:00 - 03/10/2021 06:00:00","BZN|SE4","Without Sequence","-0.09","",""
"03/10/2021 06:00:00 - 03/10/2021 07:00:00","BZN|SE4","Without Sequence","0.10","",""
"03/10/2021 07:00:00 - 03/10/2021 08:00:00","BZN|SE4","Without Sequence","2.94","",""
"03/10/2021 08:00:00 - 03/10/2021 09:00:00","BZN|SE4","Without Sequence","2.33","",""
"03/10/2021 09:00:00 - 03/10/2021 10:00:00","BZN|SE4","Without Sequence","12.97","",""
"03/10/2021 10:00:00 - 03/10/2021 11:00:00","BZN|SE4","Without Sequence","8.04","",""
"03/10/2021 11:00:00 - 03/10/2021 12:00:00","BZN|SE4","Without Sequence","4.67","",""
"03/10/2021 12:00:00 - 03/10/2021 13:00:00","BZN|SE4","Without Sequence","10.02","",""
"03/10/2021 13:00:00 - 03/10/2021 14:00:00","BZN|SE4","Without Sequence","22.47","",""
"03/10/2021 14:00:00 - 03/10/2021 15:00:00","BZN|SE4","Without Sequence","19.95","",""
"03/10/2021 15:00:00 - 03/10/2021 16:00:00","BZN|SE4","Without Sequence","23.19","",""
"03/10/2021 16:00:00 - 03/10/2021 17:00:00","BZN|SE4","Without Sequence","23.51","",""
"03/10/2021 17:00:00 - 03/10/2021 18:00:00","BZN|SE4","Without Sequence","23.96","",""
"03/10/2021 18:00:00 - 03/10/2021 19:00:00","BZN|SE4","Without Sequence","23.95","",""
"03/10/2021 19:00:00 - 03/10/2021 20:00:00","BZN|SE4","Without Sequence","22.03","",""
"03/10/2021 20:00:00 - 03/10/2021 21:00:00","BZN|SE4","Without Sequence","19.94","",""
"03/10/2021 21:00:00 - 03/10/2021 22:00:00","BZN|SE4","Without Sequence","5.79","",""
"03/10/2021 22:00:00 - 03/10/2021 23:00:00","BZN|SE4","Without Sequence","0.07","",""
"03/10/2021 23:00:00 - 04/10/2021 00:00:00","BZN|SE4","Without Sequence","0.63","",""
"04/10/2021 00:00:00 - 04/10/2021 01:00:00","BZN|SE4","Without Sequence","0.94","",""
"04/10/2021 01:00:00 - 04/10/2021 02:00:00","BZN|SE4","Without Sequence","1.45","",""
"04/10/2021 02:00:00 - 04/10/2021 03:00:00","BZN|SE4","Without Sequence","7.10","",""
"04/10/2021 03:00:00 - 04/10/2021 04:00:00","BZN|SE4","Without Sequence","85.01","",""
"04/10/2021 04:00:00 - 04/10/2021 05:00:00","BZN|SE4","Without Sequence","170.94","",""
"04/10/2021 05:00:00 - 04/10/2021 06:00:00","BZN|SE4","Without Sequence","217.10","",""
"04/10/2021 06:00:00 - 04/10/2021 07:00:00","BZN|SE4","Without Sequence","221.99","",""
"04/10/2021 07:00:00 - 04/10/2021 08:00:00","BZN|SE4","Without Sequence","213.60","",""
"04/10/2021 08:00:00 - 04/10/2021 09:00:00","BZN|SE4","Without Sequence","199.17","",""
"04/10/2021 09:00:00 - 04/10/2021 10:00:00","BZN|SE4","Without Sequence","193.65","",""
"04/10/2021 10:00:00 - 04/10/2021 11:00:00","BZN|SE4","Without Sequence","169.42","",""
"04/10/2021 11:00:00 - 04/10/2021 12:00:00","BZN|SE4","Without Sequence","159.99","",""
"04/10/2021 12:00:00 - 04/10/2021 13:00:00","BZN|SE4","Without Sequence","150.35","",""
"04/10/2021 13:00:00 - 04/10/2021 14:00:00","BZN|SE4","Without Sequence","154.98","",""
"04/10/2021 14:00:00 - 04/10/2021 15:00:00","BZN|SE4","Without Sequence","175.68","",""
"04/10/2021 15:00:00 - 04/10/2021 16:00:00","BZN|SE4","Without Sequence","197.06","",""
"04/10/2021 16:00:00 - 04/10/2021 17:00:00","BZN|SE4","Without Sequence","212.33","",""
"04/10/2021 17:00:00 - 04/10/2021 18:00:00","BZN|SE4","Without Sequence","224.48","",""
"04/10/2021 18:00:00 - 04/10/2021 19:00:00","BZN|SE4","Without Sequence","200.00","",""
"04/10/2021 19:00:00 - 04/10/2021 20:00:00","BZN|SE4","Without Sequence","148.90","",""
"04/10/2021 20:00:00 - 04/10/2021 21:00:00","BZN|SE4","Without Sequence","135.00","",""
"04/10/2021 21:00:00 - 04/10/2021 22:00:00","BZN|SE4","Without Sequence","97.53","",""
"04/10/2021 22:00:00 - 04/10/2021 23:00:00","BZN|SE4","Without Sequence","98.73","",""
"04/10/2021 23:00:00 - 05/10/2021 00:00:00","BZN|SE4","Without Sequence","98.24","",""
"05/10/2021 00:00:00 - 05/10/2021 01:00:00","BZN|SE4","Without Sequence","95.66","",""
"05/10/2021 01:00:00 - 05/10/2021 02:00:00","BZN|SE4","Without Sequence","93.78","",""
"05/10/2021 02:00:00 - 05/10/2021 03:00:00","BZN|SE4","Without Sequence","93.93","",""
"05/10/2021 03:00:00 - 05/10/2021 04:00:00","BZN|SE4","Without Sequence","98.94","",""
"05/10/2021 04:00:00 - 05/10/2021 05:00:00","BZN|SE4","Without Sequence","164.09","",""
"05/10/2021 05:00:00 - 05/10/2021 06:00:00","BZN|SE4","Without Sequence","212.39","",""
"05/10/2021 06:00:00 - 05/10/2021 07:00:00","BZN|SE4","Without Sequence","229.05","",""
"05/10/2021 07:00:00 - 05/10/2021 08:00:00","BZN|SE4","Without Sequence","212.32","",""
"05/10/2021 08:00:00 - 05/10/2021 09:00:00","BZN|SE4","Without Sequence","199.14","",""
"05/10/2021 09:00:00 - 05/10/2021 10:00:00","BZN|SE4","Without Sequence","190.25","",""
"05/10/2021 10:00:00 - 05/10/2021 11:00:00","BZN|SE4","Without Sequence","176.37","",""
"05/10/2021 11:00:00 - 05/10/2021 12:00:00","BZN|SE4","Without Sequence","109.68","",""
"05/10/2021 12:00:00 - 05/10/2021 13:00:00","BZN|SE4","Without Sequence","107.11","",""
"05/10/2021 13:00:00 - 05/10/2021 14:00:00","BZN|SE4","Without Sequence","96.50","",""
"05/10/2021 14:00:00 - 05/10/2021 15:00:00","BZN|SE4","Without Sequence","98.13","",""
"05/10/2021 15:00:00 - 05/10/2021 16:00:00","BZN|SE4","Without Sequence","113.84","",""
"05/10/2021 16:00:00 - 05/10/2021 17:00:00","BZN|SE4","Without Sequence","131.35","",""
"05/10/2021 17:00:00 - 05/10/2021 18:00:00","BZN|SE4","Without Sequence","107.80","",""
"05/10/2021 18:00:00 - 05/10/2021 19:00:00","BZN|SE4","Without Sequence","105.76","",""
"05/10/2021 19:00:00 - 05/10/2021 20:00:00","BZN|SE4","Without Sequence","54.99","",""
"05/10/2021 20:00:00 - 05/10/2021 21:00:00","BZN|SE4","Without Sequence","51.86","",""
"05/10/2021 21:00:00 - 05/10/2021 22:00:00","BZN|SE4","Without Sequence","46.07","",""
"05/10/2021 22:00:00 - 05/10/2021 23:00:00","BZN|SE4","Without Sequence","35.00","",""
"05/10/2021 23:00:00 - 06/10/2021 00:00:00","BZN|SE4","Without Sequence","34.71","",""
"06/10/2021 00:00:00 - 06/10/2021 01:00:00","BZN|SE4","Without Sequence","34.86","",""
"06/10/2021 01:00:00 - 06/10/2021 02:00:00","BZN|SE4","Without Sequence","35.51","",""
"06/10/2021 02:00:00 - 06/10/2021 03:00:00","BZN|SE4","Without Sequence","40.06","",""
"06/10/2021 03:00:00 - 06/10/2021 04:00:00","BZN|SE4","Without Sequence","49.22","",""
"06/10/2021 04:00:00 - 06/10/2021 05:00:00","BZN|SE4","Without Sequence","54.94","",""
"06/10/2021 05:00:00 - 06/10/2021 06:00:00","BZN|SE4","Without Sequence","103.50","",""
"06/10/2021 06:00:00 - 06/10/2021 07:00:00","BZN|SE4","Without Sequence","112.01","",""
"06/10/2021 07:00:00 - 06/10/2021 08:00:00","BZN|SE4","Without Sequence","112.70","",""
"06/10/2021 08:00:00 - 06/10/2021 09:00:00","BZN|SE4","Without Sequence","113.27","",""
"06/10/2021 09:00:00 - 06/10/2021 10:00:00","BZN|SE4","Without Sequence","112.94","",""
"06/10/2021 10:00:00 - 06/10/2021 11:00:00","BZN|SE4","Without Sequence","118.66","",""
"06/10/2021 11:00:00 - 06/10/2021 12:00:00","BZN|SE4","Without Sequence","109.46","",""
"06/10/2021 12:00:00 - 06/10/2021 13:00:00","BZN|SE4","Without Sequence","110.09","",""
"06/10/2021 13:00:00 - 06/10/2021 14:00:00","BZN|SE4","Without Sequence","110.42","",""
"06/10/2021 14:00:00 - 06/10/2021 15:00:00","BZN|SE4","Without Sequence","110.50","",""
"06/10/2021 15:00:00 - 06/10/2021 16:00:00","BZN|SE4","Without Sequence","111.88","",""
"06/10/2021 16:00:00 - 06/10/2021 17:00:00","BZN|SE4","Without Sequence","199.36","",""
"06/10/2021 17:00:00 - 06/10/2021 18:00:00","BZN|SE4","Without Sequence","283.99","",""
"06/10/2021 18:00:00 - 06/10/2021 19:00:00","BZN|SE4","Without Sequence","205.07","",""
"06/10/2021 19:00:00 - 06/10/2021 20:00:00","BZN|SE4","Without Sequence","165.06","",""
"06/10/2021 20:00:00 - 06/10/2021 21:00:00","BZN|SE4","Without Sequence","113.24","",""
"06/10/2021 21:00:00 - 06/10/2021 22:00:00","BZN|SE4","Without Sequence","70.06","",""
"06/10/2021 22:00:00 - 06/10/2021 23:00:00","BZN|SE4","Without Sequence","97.34","",""
"06/10/2021 23:00:00 - 07/10/2021 00:00:00","BZN|SE4","Without Sequence","95.25","",""
"07/10/2021 00:00:00 - 07/10/2021 01:00:00","BZN|SE4","Without Sequence","94.23","",""
"07/10/2021 01:00:00 - 07/10/2021 02:00:00","BZN|SE4","Without Sequence","96.16","",""
"07/10/2021 02:00:00 - 07/10/2021 03:00:00","BZN|SE4","Without Sequence","96.68","",""
"07/10/2021 03:00:00 - 07/10/2021 04:00:00","BZN|SE4","Without Sequence","98.25","",""
"07/10/2021 04:00:00 - 07/10/2021 05:00:00","BZN|SE4","Without Sequence","302.61","",""
"07/10/2021 05:00:00 - 07/10/2021 06:00:00","BZN|SE4","Without Sequence","347.54","",""
"07/10/2021 06:00:00 - 07/10/2021 07:00:00","BZN|SE4","Without Sequence","299.93","",""
"07/10/2021 07:00:00 - 07/10/2021 08:00:00","BZN|SE4","Without Sequence","299.14","",""
"07/10/2021 08:00:00 - 07/10/2021 09:00:00","BZN|SE4","Without Sequence","292.80","",""
"07/10/2021 09:00:00 - 07/10/2021 10:00:00","BZN|SE4","Without Sequence","292.73","",""
"07/10/2021 10:00:00 - 07/10/2021 11:00:00","BZN|SE4","Without Sequence","289.30","",""
"07/10/2021 11:00:00 - 07/10/2021 12:00:00","BZN|SE4","Without Sequence","280.11","",""
"07/10/2021 12:00:00 - 07/10/2021 13:00:00","BZN|SE4","Without Sequence","273.30","",""
"07/10/2021 13:00:00 - 07/10/2021 14:00:00","BZN|SE4","Without Sequence","273.28","",""
"07/10/2021 14:00:00 - 07/10/2021 15:00:00","BZN|SE4","Without Sequence","255.09","",""
"07/10/2021 15:00:00 - 07/10/2021 16:00:00","BZN|SE4","Without Sequence","255.07","",""
"07/10/2021 16:00:00 - 07/10/2021 17:00:00","BZN|SE4","Without Sequence","299.09","",""
"07/10/2021 17:00:00 - 07/10/2021 18:00:00","BZN|SE4","Without Sequence","299.78","",""
"07/10/2021 18:00:00 - 07/10/2021 19:00:00","BZN|SE4","Without Sequence","229.22","",""
"07/10/2021 19:00:00 - 07/10/2021 20:00:00","BZN|SE4","Without Sequence","205.07","",""
"07/10/2021 20:00:00 - 07/10/2021 21:00:00","BZN|SE4","Without Sequence","125.46","",""
"07/10/2021 21:00:00 - 07/10/2021 22:00:00","BZN|SE4","Without Sequence","93.35","",""
"07/10/2021 22:00:00 - 07/10/2021 23:00:00","BZN|SE4","Without Sequence","99.08","",""
"07/10/2021 23:00:00 - 08/10/2021 00:00:00","BZN|SE4","Without Sequence","96.82","",""
"08/10/2021 00:00:00 - 08/10/2021 01:00:00","BZN|SE4","Without Sequence","96.41","",""
"08/10/2021 01:00:00 - 08/10/2021 02:00:00","BZN|SE4","Without Sequence","94.69","",""
"08/10/2021 02:00:00 - 08/10/2021 03:00:00","BZN|SE4","Without Sequence","96.94","",""
"08/10/2021 03:00:00 - 08/10/2021 04:00:00","BZN|SE4","Without Sequence","102.38","",""
"08/10/2021 04:00:00 - 08/10/2021 05:00:00","BZN|SE4","Without Sequence","227.86","",""
"08/10/2021 05:00:00 - 08/10/2021 06:00:00","BZN|SE4","Without Sequence","262.93","",""
"08/10/2021 06:00:00 - 08/10/2021 07:00:00","BZN|SE4","Without Sequence","284.43","",""
"08/10/2021 07:00:00 - 08/10/2021 08:00:00","BZN|SE4","Without Sequence","253.76","",""
"08/10/2021 08:00:00 - 08/10/2021 09:00:00","BZN|SE4","Without Sequence","230.24","",""
"08/10/2021 09:00:00 - 08/10/2021 10:00:00","BZN|SE4","Without Sequence","211.32","",""
"08/10/2021 10:00:00 - 08/10/2021 11:00:00","BZN|SE4","Without Sequence","187.98","",""
"08/10/2021 11:00:00 - 08/10/2021 12:00:00","BZN|SE4","Without Sequence","165.53","",""
"08/10/2021 12:00:00 - 08/10/2021 13:00:00","BZN|SE4","Without Sequence","156.64","",""
"08/10/2021 13:00:00 - 08/10/2021 14:00:00","BZN|SE4","Without Sequence","164.72","",""
"08/10/2021 14:00:00 - 08/10/2021 15:00:00","BZN|SE4","Without Sequence","192.30","",""
"08/10/2021 15:00:00 - 08/10/2021 16:00:00","BZN|SE4","Without Sequence","223.52","",""
"08/10/2021 16:00:00 - 08/10/2021 17:00:00","BZN|SE4","Without Sequence","246.74","",""
"08/10/2021 17:00:00 - 08/10/2021 18:00:00","BZN|SE4","Without Sequence","247.15","",""
"08/10/2021 18:00:00 - 08/10/2021 19:00:00","BZN|SE4","Without Sequence","196.90","",""
"08/10/2021 19:00:00 - 08/10/2021 20:00:00","BZN|SE4","Without Sequence","189.55","",""
"08/10/2021 20:00:00 - 08/10/2021 21:00:00","BZN|SE4","Without Sequence","121.10","",""
"08/10/2021 21:00:00 - 08/10/2021 22:00:00","BZN|SE4","Without Sequence","103.50","",""
"08/10/2021 22:00:00 - 08/10/2021 23:00:00","BZN|SE4","Without Sequence","46.97","",""
"08/10/2021 23:00:00 - 09/10/2021 00:00:00","BZN|SE4","Without Sequence","47.39","",""
"09/10/2021 00:00:00 - 09/10/2021 01:00:00","BZN|SE4","Without Sequence","46.99","",""
"09/10/2021 01:00:00 - 09/10/2021 02:00:00","BZN|SE4","Without Sequence","48.13","",""
"09/10/2021 02:00:00 - 09/10/2021 03:00:00","BZN|SE4","Without Sequence","49.74","",""
"09/10/2021 03:00:00 - 09/10/2021 04:00:00","BZN|SE4","Without Sequence","50.15","",""
"09/10/2021 04:00:00 - 09/10/2021 05:00:00","BZN|SE4","Without Sequence","108.72","",""
"09/10/2021 05:00:00 - 09/10/2021 06:00:00","BZN|SE4","Without Sequence","163.88","",""
"09/10/2021 06:00:00 - 09/10/2021 07:00:00","BZN|SE4","Without Sequence","178.87","",""
"09/10/2021 07:00:00 - 09/10/2021 08:00:00","BZN|SE4","Without Sequence","156.59","",""
"09/10/2021 08:00:00 - 09/10/2021 09:00:00","BZN|SE4","Without Sequence","121.02","",""
"09/10/2021 09:00:00 - 09/10/2021 10:00:00","BZN|SE4","Without Sequence","100.81","",""
"09/10/2021 10:00:00 - 09/10/2021 11:00:00","BZN|SE4","Without Sequence","78.70","",""
"09/10/2021 11:00:00 - 09/10/2021 12:00:00","BZN|SE4","Without Sequence","70.44","",""
"09/10/2021 12:00:00 - 09/10/2021 13:00:00","BZN|SE4","Without Sequence","70.50","",""
"09/10/2021 13:00:00 - 09/10/2021 14:00:00","BZN|SE4","Without Sequence","91.56","",""
"09/10/2021 14:00:00 - 09/10/2021 15:00:00","BZN|SE4","Without Sequence","115.24","",""
"09/10/2021 15:00:00 - 09/10/2021 16:00:00","BZN|SE4","Without Sequence","156.56","",""
"09/10/2021 16:00:00 - 09/10/2021 17:00:00","BZN|SE4","Without Sequence","200.05","",""
"09/10/2021 17:00:00 - 09/10/2021 18:00:00","BZN|SE4","Without Sequence","189.58","",""
"09/10/2021 18:00:00 - 09/10/2021 19:00:00","BZN|SE4","Without Sequence","167.43","",""
"09/10/2021 19:00:00 - 09/10/2021 20:00:00","BZN|SE4","Without Sequence","108.67","",""
"09/10/2021 20:00:00 - 09/10/2021 21:00:00","BZN|SE4","Without Sequence","45.86","",""
"09/10/2021 21:00:00 - 09/10/2021 22:00:00","BZN|SE4","Without Sequence","37.75","",""
"09/10/2021 22:00:00 - 09/10/2021 23:00:00","BZN|SE4","Without Sequence","22.52","",""
"09/10/2021 23:00:00 - 10/10/2021 00:00:00","BZN|SE4","Without Sequence","19.54","",""
"10/10/2021 00:00:00 - 10/10/2021 01:00:00","BZN|SE4","Without Sequence","17.58","",""
"10/10/2021 01:00:00 - 10/10/2021 02:00:00","BZN|SE4","Without Sequence","17.07","",""
"10/10/2021 02:00:00 - 10/10/2021 03:00:00","BZN|SE4","Without Sequence","17.14","",""
"10/10/2021 03:00:00 - 10/10/2021 04:00:00","BZN|SE4","Without Sequence","18.51","",""
"10/10/2021 04:00:00 - 10/10/2021 05:00:00","BZN|SE4","Without Sequence","21.71","",""
"10/10/2021 05:00:00 - 10/10/2021 06:00:00","BZN|SE4","Without Sequence","24.70","",""
"10/10/2021 06:00:00 - 10/10/2021 07:00:00","BZN|SE4","Without Sequence","36.93","",""
"10/10/2021 07:00:00 - 10/10/2021 08:00:00","BZN|SE4","Without Sequence","90.15","",""
"10/10/2021 08:00:00 - 10/10/2021 09:00:00","BZN|SE4","Without Sequence","90.69","",""
"10/10/2021 09:00:00 - 10/10/2021 10:00:00","BZN|SE4","Without Sequence","47.31","",""
"10/10/2021 10:00:00 - 10/10/2021 11:00:00","BZN|SE4","Without Sequence","45.75","",""
"10/10/2021 11:00:00 - 10/10/2021 12:00:00","BZN|SE4","Without Sequence","42.79","",""
"10/10/2021 12:00:00 - 10/10/2021 13:00:00","BZN|SE4","Without Sequence","41.46","",""
"10/10/2021 13:00:00 - 10/10/2021 14:00:00","BZN|SE4","Without Sequence","41.91","",""
"10/10/2021 14:00:00 - 10/10/2021 15:00:00","BZN|SE4","Without Sequence","44.73","",""
"10/10/2021 15:00:00 - 10/10/2021 16:00:00","BZN|SE4","Without Sequence","47.46","",""
"10/10/2021 16:00:00 - 10/10/2021 17:00:00","BZN|SE4","Without Sequence","101.27","",""
"10/10/2021 17:00:00 - 10/10/2021 18:00:00","BZN|SE4","Without Sequence","47.63","",""
"10/10/2021 18:00:00 - 10/10/2021 19:00:00","BZN|SE4","Without Sequence","43.86","",""
"10/10/2021 19:00:00 - 10/10/2021 20:00:00","BZN|SE4","Without Sequence","37.64","",""
"10/10/2021 20:00:00 - 10/10/2021 21:00:00","BZN|SE4","Without Sequence","29.56","",""
"10/10/2021 21:00:00 - 10/10/2021 22:00:00","BZN|SE4","Without Sequence","21.92","",""
"10/10/2021 22:00:00 - 10/10/2021 23:00:00","BZN|SE4","Without Sequence","19.43","",""
"10/10/2021 23:00:00 - 11/10/2021 00:00:00","BZN|SE4","Without Sequence","17.12","",""
"11/10/2021 00:00:00 - 11/10/2021 01:00:00","BZN|SE4","Without Sequence","16.23","",""
"11/10/2021 01:00:00 - 11/10/2021 02:00:00","BZN|SE4","Without Sequence","16.97","",""
"11/10/2021 02:00:00 - 11/10/2021 03:00:00","BZN|SE4","Without Sequence","20.41","",""
"11/10/2021 03:00:00 - 11/10/2021 04:00:00","BZN|SE4","Without Sequence","35.11","",""
"11/10/2021 04:00:00 - 11/10/2021 05:00:00","BZN|SE4","Without Sequence","166.49","",""
"11/10/2021 05:00:00 - 11/10/2021 06:00:00","BZN|SE4","Without Sequence","206.16","",""
"11/10/2021 06:00:00 - 11/10/2021 07:00:00","BZN|SE4","Without Sequence","171.29","",""
"11/10/2021 07:00:00 - 11/10/2021 08:00:00","BZN|SE4","Without Sequence","120.56","",""
"11/10/2021 08:00:00 - 11/10/2021 09:00:00","BZN|SE4","Without Sequence","116.30","",""
"11/10/2021 09:00:00 - 11/10/2021 10:00:00","BZN|SE4","Without Sequence","109.71","",""
"11/10/2021 10:00:00 - 11/10/2021 11:00:00","BZN|SE4","Without Sequence","107.37","",""
"11/10/2021 11:00:00 - 11/10/2021 12:00:00","BZN|SE4","Without Sequence","101.88","",""
"11/10/2021 12:00:00 - 11/10/2021 13:00:00","BZN|SE4","Without Sequence","98.96","",""
"11/10/2021 13:00:00 - 11/10/2021 14:00:00","BZN|SE4","Without Sequence","101.20","",""
"11/10/2021 14:00:00 - 11/10/2021 15:00:00","BZN|SE4","Without Sequence","103.44","",""
"11/10/2021 15:00:00 - 11/10/2021 16:00:00","BZN|SE4","Without Sequence","110.44","",""
"11/10/2021 16:00:00 - 11/10/2021 17:00:00","BZN|SE4","Without Sequence","116.70","",""
"11/10/2021 17:00:00 - 11/10/2021 18:00:00","BZN|SE4","Without Sequence","116.80","",""
"11/10/2021 18:00:00 - 11/10/2021 19:00:00","BZN|SE4","Without Sequence","110.35","",""
"11/10/2021 19:00:00 - 11/10/2021 20:00:00","BZN|SE4","Without Sequence","106.02","",""
"11/10/2021 20:00:00 - 11/10/2021 21:00:00","BZN|SE4","Without Sequence","79.89","",""
"11/10/2021 21:00:00 - 11/10/2021 22:00:00","BZN|SE4","Without Sequence","41.54","",""
"11/10/2021 22:00:00 - 11/10/2021 23:00:00","BZN|SE4","Without Sequence","35.84","",""
"11/10/2021 23:00:00 - 12/10/2021 00:00:00","BZN|SE4","Without Sequence","33.12","",""
"12/10/2021 00:00:00 - 12/10/2021 01:00:00","BZN|SE4","Without Sequence","31.83","",""
"12/10/2021 01:00:00 - 12/10/2021 02:00:00","BZN|SE4","Without Sequence","30.15","",""
"12/10/2021 02:00:00 - 12/10/2021 03:00:00","BZN|SE4","Without Sequence","36.02","",""
"12/10/2021 03:00:00 - 12/10/2021 04:00:00","BZN|SE4","Without Sequence","76.25","",""
"12/10/2021 04:00:00 - 12/10/2021 05:00:00","BZN|SE4","Without Sequence","111.85","",""
"12/10/2021 05:00:00 - 12/10/2021 06:00:00","BZN|SE4","Without Sequence","175.80","",""
"12/10/2021 06:00:00 - 12/10/2021 07:00:00","BZN|SE4","Without Sequence","188.44","",""
"12/10/2021 07:00:00 - 12/10/2021 08:00:00","BZN|SE4","Without Sequence","203.48","",""
"12/10/2021 08:00:00 - 12/10/2021 09:00:00","BZN|SE4","Without Sequence","197.96","",""
"12/10/2021 09:00:00 - 12/10/2021 10:00:00","BZN|SE4","Without Sequence","165.00","",""
"12/10/2021 10:00:00 - 12/10/2021 11:00:00","BZN|SE4","Without Sequence","128.17","",""
"12/10/2021 11:00:00 - 12/10/2021 12:00:00","BZN|SE4","Without Sequence","123.01","",""
"12/10/2021 12:00:00 - 12/10/2021 13:00:00","BZN|SE4","Without Sequence","122.31","",""
"12/10/2021 13:00:00 - 12/10/2021 14:00:00","BZN|SE4","Without Sequence","128.13","",""
"12/10/2021 14:00:00 - 12/10/2021 15:00:00","BZN|SE4","Without Sequence","145.78","",""
"12/10/2021 15:00:00 - 12/10/2021 16:00:00","BZN|SE4","Without Sequence","175.74","",""
"12/10/2021 16:00:00 - 12/10/2021 17:00:00","BZN|SE4","Without Sequence","229.79","",""
"12/10/2021 17:00:00 - 12/10/2021 18:00:00","BZN|SE4","Without Sequence","175.77","",""
"12/10/2021 18:00:00 - 12/10/2021 19:00:00","BZN|SE4","Without Sequence","175.32","",""
"12/10/2021 19:00:00 - 12/10/2021 20:00:00","BZN|SE4","Without Sequence","140.00","",""
"12/10/2021 20:00:00 - 12/10/2021 21:00:00","BZN|SE4","Without Sequence","112.92","",""
"12/10/2021 21:00:00 - 12/10/2021 22:00:00","BZN|SE4","Without Sequence","86.74","",""
"12/10/2021 22:00:00 - 12/10/2021 23:00:00","BZN|SE4","Without Sequence","39.16","",""
"12/10/2021 23:00:00 - 13/10/2021 00:00:00","BZN|SE4","Without Sequence","40.39","",""
"13/10/2021 00:00:00 - 13/10/2021 01:00:00","BZN|SE4","Without Sequence","37.94","",""
"13/10/2021 01:00:00 - 13/10/2021 02:00:00","BZN|SE4","Without Sequence","48.50","",""
"13/10/2021 02:00:00 - 13/10/2021 03:00:00","BZN|SE4","Without Sequence","92.89","",""
"13/10/2021 03:00:00 - 13/10/2021 04:00:00","BZN|SE4","Without Sequence","100.09","",""
"13/10/2021 04:00:00 - 13/10/2021 05:00:00","BZN|SE4","Without Sequence","171.36","",""
"13/10/2021 05:00:00 - 13/10/2021 06:00:00","BZN|SE4","Without Sequence","223.80","",""
"13/10/2021 06:00:00 - 13/10/2021 07:00:00","BZN|SE4","Without Sequence","250.59","",""
"13/10/2021 07:00:00 - 13/10/2021 08:00:00","BZN|SE4","Without Sequence","238.97","",""
"13/10/2021 08:00:00 - 13/10/2021 09:00:00","BZN|SE4","Without Sequence","211.31","",""
"13/10/2021 09:00:00 - 13/10/2021 10:00:00","BZN|SE4","Without Sequence","195.56","",""
"13/10/2021 10:00:00 - 13/10/2021 11:00:00","BZN|SE4","Without Sequence","189.75","",""
"13/10/2021 11:00:00 - 13/10/2021 12:00:00","BZN|SE4","Without Sequence","168.74","",""
"13/10/2021 12:00:00 - 13/10/2021 13:00:00","BZN|SE4","Without Sequence","165.42","",""
"13/10/2021 13:00:00 - 13/10/2021 14:00:00","BZN|SE4","Without Sequence","167.60","",""
"13/10/2021 14:00:00 - 13/10/2021 15:00:00","BZN|SE4","Without Sequence","185.35","",""
"13/10/2021 15:00:00 - 13/10/2021 16:00:00","BZN|SE4","Without Sequence","213.96","",""
"13/10/2021 16:00:00 - 13/10/2021 17:00:00","BZN|SE4","Without Sequence","246.99","",""
"13/10/2021 17:00:00 - 13/10/2021 18:00:00","BZN|SE4","Without Sequence","280.41","",""
"13/10/2021 18:00:00 - 13/10/2021 19:00:00","BZN|SE4","Without Sequence","199.94","",""
"13/10/2021 19:00:00 - 13/10/2021 20:00:00","BZN|SE4","Without Sequence","170.54","",""
"13/10/2021 20:00:00 - 13/10/2021 21:00:00","BZN|SE4","Without Sequence","118.72","",""
"13/10/2021 21:00:00 - 13/10/2021 22:00:00","BZN|SE4","Without Sequence","105.99","",""
"13/10/2021 22:00:00 - 13/10/2021 23:00:00","BZN|SE4","Without Sequence","99.90","",""
"13/10/2021 23:00:00 - 14/10/2021 00:00:00","BZN|SE4","Without Sequence","99.32","",""
"14/10/2021 00:00:00 - 14/10/2021 01:00:00","BZN|SE4","Without Sequence","41.11","",""
"14/10/2021 01:00:00 - 14/10/2021 02:00:00","BZN|SE4","Without Sequence","33.65","",""
"14/10/2021 02:00:00 - 14/10/2021 03:00:00","BZN|SE4","Without Sequence","41.25","",""
"14/10/2021 03:00:00 - 14/10/2021 04:00:00","BZN|SE4","Without Sequence","77.07","",""
"14/10/2021 04:00:00 - 14/10/2021 05:00:00","BZN|SE4","Without Sequence","135.23","",""
"14/10/2021 05:00:00 - 14/10/2021 06:00:00","BZN|SE4","Without Sequence","235.05","",""
"14/10/2021 06:00:00 - 14/10/2021 07:00:00","BZN|SE4","Without Sequence","260.00","",""
"14/10/2021 07:00:00 - 14/10/2021 08:00:00","BZN|SE4","Without Sequence","239.12","",""
"14/10/2021 08:00:00 - 14/10/2021 09:00:00","BZN|SE4","Without Sequence","217.21","",""
"14/10/2021 09:00:00 - 14/10/2021 10:00:00","BZN|SE4","Without Sequence","157.10","",""
"14/10/2021 10:00:00 - 14/10/2021 11:00:00","BZN|SE4","Without Sequence","108.14","",""
"14/10/2021 11:00:00 - 14/10/2021 12:00:00","BZN|SE4","Without Sequence","103.82","",""
"14/10/2021 12:00:00 - 14/10/2021 13:00:00","BZN|SE4","Without Sequence","98.89","",""
"14/10/2021 13:00:00 - 14/10/2021 14:00:00","BZN|SE4","Without Sequence","98.28","",""
"14/10/2021 14:00:00 - 14/10/2021 15:00:00","BZN|SE4","Without Sequence","97.01","",""
"14/10/2021 15:00:00 - 14/10/2021 16:00:00","BZN|SE4","Without Sequence","101.51","",""
"14/10/2021 16:00:00 - 14/10/2021 17:00:00","BZN|SE4","Without Sequence","98.38","",""
"14/10/2021 17:00:00 - 14/10/2021 18:00:00","BZN|SE4","Without Sequence","92.58","",""
"14/10/2021 18:00:00 - 14/10/2021 19:00:00","BZN|SE4","Without Sequence","30.31","",""
"14/10/2021 19:00:00 - 14/10/2021 20:00:00","BZN|SE4","Without Sequence","20.61","",""
"14/10/2021 20:00:00 - 14/10/2021 21:00:00","BZN|SE4","Without Sequence","14.81","",""
"14/10/2021 21:00:00 - 14/10/2021 22:00:00","BZN|SE4","Without Sequence","4.20","",""
"14/10/2021 22:00:00 - 14/10/2021 23:00:00","BZN|SE4","Without Sequence","2.25","",""
"14/10/2021 23:00:00 - 15/10/2021 00:00:00","BZN|SE4","Without Sequence","1.78","",""
"15/10/2021 00:00:00 - 15/10/2021 01:00:00","BZN|SE4","Without Sequence","2.30","",""
"15/10/2021 01:00:00 - 15/10/2021 02:00:00","BZN|SE4","Without Sequence","2.80","",""
"15/10/2021 02:00:00 - 15/10/2021 03:00:00","BZN|SE4","Without Sequence","3.53","",""
"15/10/2021 03:00:00 - 15/10/2021 04:00:00","BZN|SE4","Without Sequence","12.72","",""
"15/10/2021 04:00:00 - 15/10/2021 05:00:00","BZN|SE4","Without Sequence","17.83","",""
"15/10/2021 05:00:00 - 15/10/2021 06:00:00","BZN|SE4","Without Sequence","66.93","",""
"15/10/2021 06:00:00 - 15/10/2021 07:00:00","BZN|SE4","Without Sequence","90.91","",""
"15/10/2021 07:00:00 - 15/10/2021 08:00:00","BZN|SE4","Without Sequence","90.01","",""
"15/10/2021 08:00:00 - 15/10/2021 09:00:00","BZN|SE4","Without Sequence","77.66","",""
"15/10/2021 09:00:00 - 15/10/2021 10:00:00","BZN|SE4","Without Sequence","69.20","",""
"15/10/2021 10:00:00 - 15/10/2021 11:00:00","BZN|SE4","Without Sequence","57.43","",""
"15/10/2021 11:00:00 - 15/10/2021 12:00:00","BZN|SE4","Without Sequence","27.00","",""
"15/10/2021 12:00:00 - 15/10/2021 13:00:00","BZN|SE4","Without Sequence","8.85","",""
"15/10/2021 13:00:00 - 15/10/2021 14:00:00","BZN|SE4","Without Sequence","7.95","",""
"15/10/2021 14:00:00 - 15/10/2021 15:00:00","BZN|SE4","Without Sequence","66.95","",""
"15/10/2021 15:00:00 - 15/10/2021 16:00:00","BZN|SE4","Without Sequence","91.72","",""
"15/10/2021 16:00:00 - 15/10/2021 17:00:00","BZN|SE4","Without Sequence","99.04","",""
"15/10/2021 17:00:00 - 15/10/2021 18:00:00","BZN|SE4","Without Sequence","99.11","",""
"15/10/2021 18:00:00 - 15/10/2021 19:00:00","BZN|SE4","Without Sequence","51.89","",""
"15/10/2021 19:00:00 - 15/10/2021 20:00:00","BZN|SE4","Without Sequence","20.90","",""
"15/10/2021 20:00:00 - 15/10/2021 21:00:00","BZN|SE4","Without Sequence","4.92","",""
"15/10/2021 21:00:00 - 15/10/2021 22:00:00","BZN|SE4","Without Sequence","4.17","",""
"15/10/2021 22:00:00 - 15/10/2021 23:00:00","BZN|SE4","Without Sequence","8.39","",""
"15/10/2021 23:00:00 - 16/10/2021 00:00:00","BZN|SE4","Without Sequence","5.03","",""
"16/10/2021 00:00:00 - 16/10/2021 01:00:00","BZN|SE4","Without Sequence","4.70","",""
"16/10/2021 01:00:00 - 16/10/2021 02:00:00","BZN|SE4","Without Sequence","4.37","",""
"16/10/2021 02:00:00 - 16/10/2021 03:00:00","BZN|SE4","Without Sequence","4.86","",""
"16/10/2021 03:00:00 - 16/10/2021 04:00:00","BZN|SE4","Without Sequence","7.18","",""
"16/10/2021 04:00:00 - 16/10/2021 05:00:00","BZN|SE4","Without Sequence","5.06","",""
"16/10/2021 05:00:00 - 16/10/2021 06:00:00","BZN|SE4","Without Sequence","9.07","",""
"16/10/2021 06:00:00 - 16/10/2021 07:00:00","BZN|SE4","Without Sequence","9.96","",""
"16/10/2021 07:00:00 - 16/10/2021 08:00:00","BZN|SE4","Without Sequence","15.16","",""
"16/10/2021 08:00:00 - 16/10/2021 09:00:00","BZN|SE4","Without Sequence","11.72","",""
"16/10/2021 09:00:00 - 16/10/2021 10:00:00","BZN|SE4","Without Sequence","4.89","",""
"16/10/2021 10:00:00 - 16/10/2021 11:00:00","BZN|SE4","Without Sequence","3.92","",""
"16/10/2021 11:00:00 - 16/10/2021 12:00:00","BZN|SE4","Without Sequence","3.53","",""
"16/10/2021 12:00:00 - 16/10/2021 13:00:00","BZN|SE4","Without Sequence","3.40","",""
"16/10/2021 13:00:00 - 16/10/2021 14:00:00","BZN|SE4","Without Sequence","3.60","",""
"16/10/2021 14:00:00 - 16/10/2021 15:00:00","BZN|SE4","Without Sequence","4.64","",""
"16/10/2021 15:00:00 - 16/10/2021 16:00:00","BZN|SE4","Without Sequence","15.54","",""
"16/10/2021 16:00:00 - 16/10/2021 17:00:00","BZN|SE4","Without Sequence","40.09","",""
"16/10/2021 17:00:00 - 16/10/2021 18:00:00","BZN|SE4","Without Sequence","26.93","",""
"16/10/2021 18:00:00 - 16/10/2021 19:00:00","BZN|SE4","Without Sequence","8.28","",""
"16/10/2021 19:00:00 - 16/10/2021 20:00:00","BZN|SE4","Without Sequence","4.96","",""
"16/10/2021 20:00:00 - 16/10/2021 21:00:00","BZN|SE4","Without Sequence","8.19","",""
"16/10/2021 21:00:00 - 16/10/2021 22:00:00","BZN|SE4","Without Sequence","4.88","",""
"16/10/2021 22:00:00 - 16/10/2021 23:00:00","BZN|SE4","Without Sequence","5.09","",""
"16/10/2021 23:00:00 - 17/10/2021 00:00:00","BZN|SE4","Without Sequence","5.31","",""
"17/10/2021 00:00:00 - 17/10/2021 01:00:00","BZN|SE4","Without Sequence","5.62","",""
"17/10/2021 01:00:00 - 17/10/2021 02:00:00","BZN|SE4","Without Sequence","4.70","",""
"17/10/2021 02:00:00 - 17/10/2021 03:00:00","BZN|SE4","Without Sequence","8.13","",""
"17/10/2021 03:00:00 - 17/10/2021 04:00:00","BZN|SE4","Without Sequence","11.96","",""
"17/10/2021 04:00:00 - 17/10/2021 05:00:00","BZN|SE4","Without Sequence","12.84","",""
"17/10/2021 05:00:00 - 17/10/2021 06:00:00","BZN|SE4","Without Sequence","38.42","",""
"17/10/2021 06:00:00 - 17/10/2021 07:00:00","BZN|SE4","Without Sequence","87.60","",""
"17/10/2021 07:00:00 - 17/10/2021 08:00:00","BZN|SE4","Without Sequence","89.43","",""
"17/10/2021 08:00:00 - 17/10/2021 09:00:00","BZN|SE4","Without Sequence","91.40","",""
"17/10/2021 09:00:00 - 17/10/2021 10:00:00","BZN|SE4","Without Sequence","89.09","",""
"17/10/2021 10:00:00 - 17/10/2021 11:00:00","BZN|SE4","Without Sequence","84.06","",""
"17/10/2021 11:00:00 - 17/10/2021 12:00:00","BZN|SE4","Without Sequence","77.96","",""
"17/10/2021 12:00:00 - 17/10/2021 13:00:00","BZN|SE4","Without Sequence","84.01","",""
"17/10/2021 13:00:00 - 17/10/2021 14:00:00","BZN|SE4","Without Sequence","89.09","",""
"17/10/2021 14:00:00 - 17/10/2021 15:00:00","BZN|SE4","Without Sequence","96.04","",""
"17/10/2021 15:00:00 - 17/10/2021 16:00:00","BZN|SE4","Without Sequence","112.02","",""
"17/10/2021 16:00:00 - 17/10/2021 17:00:00","BZN|SE4","Without Sequence","136.72","",""
"17/10/2021 17:00:00 - 17/10/2021 18:00:00","BZN|SE4","Without Sequence","153.42","",""
"17/10/2021 18:00:00 - 17/10/2021 19:00:00","BZN|SE4","Without Sequence","132.66","",""
"17/10/2021 19:00:00 - 17/10/2021 20:00:00","BZN|SE4","Without Sequence","109.80","",""
"17/10/2021 20:00:00 - 17/10/2021 21:00:00","BZN|SE4","Without Sequence","94.82","",""
"17/10/2021 21:00:00 - 17/10/2021 22:00:00","BZN|SE4","Without Sequence","43.39","",""
"17/10/2021 22:00:00 - 17/10/2021 23:00:00","BZN|SE4","Without Sequence","73.33","",""
"17/10/2021 23:00:00 - 18/10/2021 00:00:00","BZN|SE4","Without Sequence","20.91","",""
"18/10/2021 00:00:00 - 18/10/2021 01:00:00","BZN|SE4","Without Sequence","14.99","",""
"18/10/2021 01:00:00 - 18/10/2021 02:00:00","BZN|SE4","Without Sequence","15.48","",""
"18/10/2021 02:00:00 - 18/10/2021 03:00:00","BZN|SE4","Without Sequence","89.84","",""
"18/10/2021 03:00:00 - 18/10/2021 04:00:00","BZN|SE4","Without Sequence","96.49","",""
"18/10/2021 04:00:00 - 18/10/2021 05:00:00","BZN|SE4","Without Sequence","211.40","",""
"18/10/2021 05:00:00 - 18/10/2021 06:00:00","BZN|SE4","Without Sequence","251.93","",""
"18/10/2021 06:00:00 - 18/10/2021 07:00:00","BZN|SE4","Without Sequence","261.88","",""
"18/10/2021 07:00:00 - 18/10/2021 08:00:00","BZN|SE4","Without Sequence","244.49","",""
"18/10/2021 08:00:00 - 18/10/2021 09:00:00","BZN|SE4","Without Sequence","210.81","",""
"18/10/2021 09:00:00 - 18/10/2021 10:00:00","BZN|SE4","Without Sequence","180.02","",""
"18/10/2021 10:00:00 - 18/10/2021 11:00:00","BZN|SE4","Without Sequence","175.68","",""
"18/10/2021 11:00:00 - 18/10/2021 12:00:00","BZN|SE4","Without Sequence","162.79","",""
"18/10/2021 12:00:00 - 18/10/2021 13:00:00","BZN|SE4","Without Sequence","169.57","",""
"18/10/2021 13:00:00 - 18/10/2021 14:00:00","BZN|SE4","Without Sequence","170.09","",""
"18/10/2021 14:00:00 - 18/10/2021 15:00:00","BZN|SE4","Without Sequence","168.38","",""
"18/10/2021 15:00:00 - 18/10/2021 16:00:00","BZN|SE4","Without Sequence","183.74","",""
"18/10/2021 16:00:00 - 18/10/2021 17:00:00","BZN|SE4","Without Sequence","246.90","",""
"18/10/2021 17:00:00 - 18/10/2021 18:00:00","BZN|SE4","Without Sequence","199.95","",""
"18/10/2021 18:00:00 - 18/10/2021 19:00:00","BZN|SE4","Without Sequence","144.04","",""
"18/10/2021 19:00:00 - 18/10/2021 20:00:00","BZN|SE4","Without Sequence","123.25","",""
"18/10/2021 20:00:00 - 18/10/2021 21:00:00","BZN|SE4","Without Sequence","113.34","",""
"18/10/2021 21:00:00 - 18/10/2021 22:00:00","BZN|SE4","Without Sequence","101.89","",""
"18/10/2021 22:00:00 - 18/10/2021 23:00:00","BZN|SE4","Without Sequence","96.95","",""
"18/10/2021 23:00:00 - 19/10/2021 00:00:00","BZN|SE4","Without Sequence","93.45","",""
"19/10/2021 00:00:00 - 19/10/2021 01:00:00","BZN|SE4","Without Sequence","92.82","",""
"19/10/2021 01:00:00 - 19/10/2021 02:00:00","BZN|SE4","Without Sequence","85.96","",""
"19/10/2021 02:00:00 - 19/10/2021 03:00:00","BZN|SE4","Without Sequence","92.95","",""
"19/10/2021 03:00:00 - 19/10/2021 04:00:00","BZN|SE4","Without Sequence","102.50","",""
"19/10/2021 04:00:00 - 19/10/2021 05:00:00","BZN|SE4","Without Sequence","136.70","",""
"19/10/2021 05:00:00 - 19/10/2021 06:00:00","BZN|SE4","Without Sequence","199.95","",""
"19/10/2021 06:00:00 - 19/10/2021 07:00:00","BZN|SE4","Without Sequence","230.02","",""
"19/10/2021 07:00:00 - 19/10/2021 08:00:00","BZN|SE4","Without Sequence","219.31","",""
"19/10/2021 08:00:00 - 19/10/2021 09:00:00","BZN|SE4","Without Sequence","209.40","",""
"19/10/2021 09:00:00 - 19/10/2021 10:00:00","BZN|SE4","Without Sequence","194.63","",""
"19/10/2021 10:00:00 - 19/10/2021 11:00:00","BZN|SE4","Without Sequence","194.85","",""
"19/10/2021 11:00:00 - 19/10/2021 12:00:00","BZN|SE4","Without Sequence","184.16","",""
"19/10/2021 12:00:00 - 19/10/2021 13:00:00","BZN|SE4","Without Sequence","180.30","",""
"19/10/2021 13:00:00 - 19/10/2021 14:00:00","BZN|SE4","Without Sequence","167.48","",""
"19/10/2021 14:00:00 - 19/10/2021 15:00:00","BZN|SE4","Without Sequence","167.96","",""
"19/10/2021 15:00:00 - 19/10/2021 16:00:00","BZN|SE4","Without Sequence","179.10","",""
"19/10/2021 16:00:00 - 19/10/2021 17:00:00","BZN|SE4","Without Sequence","180.37","",""
"19/10/2021 17:00:00 - 19/10/2021 18:00:00","BZN|SE4","Without Sequence","154.78","",""
"19/10/2021 18:00:00 - 19/10/2021 19:00:00","BZN|SE4","Without Sequence","111.20","",""
"19/10/2021 19:00:00 - 19/10/2021 20:00:00","BZN|SE4","Without Sequence","94.98","",""
"19/10/2021 20:00:00 - 19/10/2021 21:00:00","BZN|SE4","Without Sequence","67.70","",""
"19/10/2021 21:00:00 - 19/10/2021 22:00:00","BZN|SE4","Without Sequence","16.97","",""
"19/10/2021 22:00:00 - 19/10/2021 23:00:00","BZN|SE4","Without Sequence","14.04","",""
"19/10/2021 23:00:00 - 20/10/2021 00:00:00","BZN|SE4","Without Sequence","5.65","",""
"20/10/2021 00:00:00 - 20/10/2021 01:00:00","BZN|SE4","Without Sequence","4.02","",""
"20/10/2021 01:00:00 - 20/10/2021 02:00:00","BZN|SE4","Without Sequence","0.09","",""
"20/10/2021 02:00:00 - 20/10/2021 03:00:00","BZN|SE4","Without Sequence","0.15","",""
"20/10/2021 03:00:00 - 20/10/2021 04:00:00","BZN|SE4","Without Sequence","13.73","",""
"20/10/2021 04:00:00 - 20/10/2021 05:00:00","BZN|SE4","Without Sequence","16.15","",""
"20/10/2021 05:00:00 - 20/10/2021 06:00:00","BZN|SE4","Without Sequence","78.46","",""
"20/10/2021 06:00:00 - 20/10/2021 07:00:00","BZN|SE4","Without Sequence","97.92","",""
"20/10/2021 07:00:00 - 20/10/2021 08:00:00","BZN|SE4","Without Sequence","67.06","",""
"20/10/2021 08:00:00 - 20/10/2021 09:00:00","BZN|SE4","Without Sequence","59.85","",""
"20/10/2021 09:00:00 - 20/10/2021 10:00:00","BZN|SE4","Without Sequence","54.73","",""
"20/10/2021 10:00:00 - 20/10/2021 11:00:00","BZN|SE4","Without Sequence","46.94","",""
"20/10/2021 11:00:00 - 20/10/2021 12:00:00","BZN|SE4","Without Sequence","43.01","",""
"20/10/2021 12:00:00 - 20/10/2021 13:00:00","BZN|SE4","Without Sequence","30.95","",""
"20/10/2021 13:00:00 - 20/10/2021 14:00:00","BZN|SE4","Without Sequence","39.85","",""
"20/10/2021 14:00:00 - 20/10/2021 15:00:00","BZN|SE4","Without Sequence","42.48","",""
"20/10/2021 15:00:00 - 20/10/2021 16:00:00","BZN|SE4","Without Sequence","78.41","",""
"20/10/2021 16:00:00 - 20/10/2021 17:00:00","BZN|SE4","Without Sequence","93.13","",""
"20/10/2021 17:00:00 - 20/10/2021 18:00:00","BZN|SE4","Without Sequence","84.98","",""
"20/10/2021 18:00:00 - 20/10/2021 19:00:00","BZN|SE4","Without Sequence","17.58","",""
"20/10/2021 19:00:00 - 20/10/2021 20:00:00","BZN|SE4","Without Sequence","16.55","",""
"20/10/2021 20:00:00 - 20/10/2021 21:00:00","BZN|SE4","Without Sequence","15.95","",""
"20/10/2021 21:00:00 - 20/10/2021 22:00:00","BZN|SE4","Without Sequence","14.76","",""
"20/10/2021 22:00:00 - 20/10/2021 23:00:00","BZN|SE4","Without Sequence","10.07","",""
"20/10/2021 23:00:00 - 21/10/2021 00:00:00","BZN|SE4","Without Sequence","11.12","",""
"21/10/2021 00:00:00 - 21/10/2021 01:00:00","BZN|SE4","Without Sequence","11.66","",""
"21/10/2021 01:00:00 - 21/10/2021 02:00:00","BZN|SE4","Without Sequence","12.82","",""
"21/10/2021 02:00:00 - 21/10/2021 03:00:00","BZN|SE4","Without Sequence","14.88","",""
"21/10/2021 03:00:00 - 21/10/2021 04:00:00","BZN|SE4","Without Sequence","17.88","",""
"21/10/2021 04:00:00 - 21/10/2021 05:00:00","BZN|SE4","Without Sequence","21.00","",""
"21/10/2021 05:00:00 - 21/10/2021 06:00:00","BZN|SE4","Without Sequence","96.00","",""
"21/10/2021 06:00:00 - 21/10/2021 07:00:00","BZN|SE4","Without Sequence","105.49","",""
"21/10/2021 07:00:00 - 21/10/2021 08:00:00","BZN|SE4","Without Sequence","103.42","",""
"21/10/2021 08:00:00 - 21/10/2021 09:00:00","BZN|SE4","Without Sequence","89.66","",""
"21/10/2021 09:00:00 - 21/10/2021 10:00:00","BZN|SE4","Without Sequence","77.05","",""
"21/10/2021 10:00:00 - 21/10/2021 11:00:00","BZN|SE4","Without Sequence","52.28","",""
"21/10/2021 11:00:00 - 21/10/2021 12:00:00","BZN|SE4","Without Sequence","30.00","",""
"21/10/2021 12:00:00 - 21/10/2021 13:00:00","BZN|SE4","Without Sequence","18.90","",""
"21/10/2021 13:00:00 - 21/10/2021 14:00:00","BZN|SE4","Without Sequence","30.02","",""
"21/10/2021 14:00:00 - 21/10/2021 15:00:00","BZN|SE4","Without Sequence","49.04","",""
"21/10/2021 15:00:00 - 21/10/2021 16:00:00","BZN|SE4","Without Sequence","64.91","",""
"21/10/2021 16:00:00 - 21/10/2021 17:00:00","BZN|SE4","Without Sequence","93.69","",""
"21/10/2021 17:00:00 - 21/10/2021 18:00:00","BZN|SE4","Without Sequence","90.53","",""
"21/10/2021 18:00:00 - 21/10/2021 19:00:00","BZN|SE4","Without Sequence","67.29","",""
"21/10/2021 19:00:00 - 21/10/2021 20:00:00","BZN|SE4","Without Sequence","14.81","",""
"21/10/2021 20:00:00 - 21/10/2021 21:00:00","BZN|SE4","Without Sequence","13.64","",""
"21/10/2021 21:00:00 - 21/10/2021 22:00:00","BZN|SE4","Without Sequence","10.07","",""
"21/10/2021 22:00:00 - 21/10/2021 23:00:00","BZN|SE4","Without Sequence","4.25","",""
"21/10/2021 23:00:00 - 22/10/2021 00:00:00","BZN|SE4","Without Sequence","4.08","",""
"22/10/2021 00:00:00 - 22/10/2021 01:00:00","BZN|SE4","Without Sequence","3.06","",""
"22/10/2021 01:00:00 - 22/10/2021 02:00:00","BZN|SE4","Without Sequence","2.50","",""
"22/10/2021 02:00:00 - 22/10/2021 03:00:00","BZN|SE4","Without Sequence","3.94","",""
"22/10/2021 03:00:00 - 22/10/2021 04:00:00","BZN|SE4","Without Sequence","5.08","",""
"22/10/2021 04:00:00 - 22/10/2021 05:00:00","BZN|SE4","Without Sequence","14.50","",""
"22/10/2021 05:00:00 - 22/10/2021 06:00:00","BZN|SE4","Without Sequence","86.65","",""
"22/10/2021 06:00:00 - 22/10/2021 07:00:00","BZN|SE4","Without Sequence","92.20","",""
"22/10/2021 07:00:00 - 22/10/2021 08:00:00","BZN|SE4","Without Sequence","89.39","",""
"22/10/2021 08:00:00 - 22/10/2021 09:00:00","BZN|SE4","Without Sequence","68.56","",""
"22/10/2021 09:00:00 - 22/10/2021 10:00:00","BZN|SE4","Without Sequence","55.24","",""
"22/10/2021 10:00:00 - 22/10/2021 11:00:00","BZN|SE4","Without Sequence","44.06","",""
"22/10/2021 11:00:00 - 22/10/2021 12:00:00","BZN|SE4","Without Sequence","24.46","",""
"22/10/2021 12:00:00 - 22/10/2021 13:00:00","BZN|SE4","Without Sequence","23.22","",""
"22/10/2021 13:00:00 - 22/10/2021 14:00:00","BZN|SE4","Without Sequence","30.08","",""
"22/10/2021 14:00:00 - 22/10/2021 15:00:00","BZN|SE4","Without Sequence","54.95","",""
"22/10/2021 15:00:00 - 22/10/2021 16:00:00","BZN|SE4","Without Sequence","82.66","",""
"22/10/2021 16:00:00 - 22/10/2021 17:00:00","BZN|SE4","Without Sequence","92.04","",""
"22/10/2021 17:00:00 - 22/10/2021 18:00:00","BZN|SE4","Without Sequence","89.73","",""
"22/10/2021 18:00:00 - 22/10/2021 19:00:00","BZN|SE4","Without Sequence","30.00","",""
"22/10/2021 19:00:00 - 22/10/2021 20:00:00","BZN|SE4","Without Sequence","18.28","",""
"22/10/2021 20:00:00 - 22/10/2021 21:00:00","BZN|SE4","Without Sequence","13.90","",""
"22/10/2021 21:00:00 - 22/10/2021 22:00:00","BZN|SE4","Without Sequence","11.75","",""
"22/10/2021 22:00:00 - 22/10/2021 23:00:00","BZN|SE4","Without Sequence","12.85","",""
"22/10/2021 23:00:00 - 23/10/2021 00:00:00","BZN|SE4","Without Sequence","12.21","",""
"23/10/2021 00:00:00 - 23/10/2021 01:00:00","BZN|SE4","Without Sequence","12.00","",""
"23/10/2021 01:00:00 - 23/10/2021 02:00:00","BZN|SE4","Without Sequence","12.58","",""
"23/10/2021 02:00:00 - 23/10/2021 03:00:00","BZN|SE4","Without Sequence","13.30","",""
"23/10/2021 03:00:00 - 23/10/2021 04:00:00","BZN|SE4","Without Sequence","14.44","",""
"23/10/2021 04:00:00 - 23/10/2021 05:00:00","BZN|SE4","Without Sequence","14.85","",""
"23/10/2021 05:00:00 - 23/10/2021 06:00:00","BZN|SE4","Without Sequence","15.65","",""
"23/10/2021 06:00:00 - 23/10/2021 07:00:00","BZN|SE4","Without Sequence","25.60","",""
"23/10/2021 07:00:00 - 23/10/2021 08:00:00","BZN|SE4","Without Sequence","88.05","",""
"23/10/2021 08:00:00 - 23/10/2021 09:00:00","BZN|SE4","Without Sequence","94.75","",""
"23/10/2021 09:00:00 - 23/10/2021 10:00:00","BZN|SE4","Without Sequence","91.21","",""
"23/10/2021 10:00:00 - 23/10/2021 11:00:00","BZN|SE4","Without Sequence","85.88","",""
"23/10/2021 11:00:00 - 23/10/2021 12:00:00","BZN|SE4","Without Sequence","84.93","",""
"23/10/2021 12:00:00 - 23/10/2021 13:00:00","BZN|SE4","Without Sequence","85.61","",""
"23/10/2021 13:00:00 - 23/10/2021 14:00:00","BZN|SE4","Without Sequence","85.60","",""
"23/10/2021 14:00:00 - 23/10/2021 15:00:00","BZN|SE4","Without Sequence","112.90","",""
"23/10/2021 15:00:00 - 23/10/2021 16:00:00","BZN|SE4","Without Sequence","132.65","",""
"23/10/2021 16:00:00 - 23/10/2021 17:00:00","BZN|SE4","Without Sequence","194.35","",""
"23/10/2021 17:00:00 - 23/10/2021 18:00:00","BZN|SE4","Without Sequence","172.72","",""
"23/10/2021 18:00:00 - 23/10/2021 19:00:00","BZN|SE4","Without Sequence","154.89","",""
"23/10/2021 19:00:00 - 23/10/2021 20:00:00","BZN|SE4","Without Sequence","123.17","",""
"23/10/2021 20:00:00 - 23/10/2021 21:00:00","BZN|SE4","Without Sequence","110.06","",""
"23/10/2021 21:00:00 - 23/10/2021 22:00:00","BZN|SE4","Without Sequence","94.97","",""
"23/10/2021 22:00:00 - 23/10/2021 23:00:00","BZN|SE4","Without Sequence","56.42","",""
"23/10/2021 23:00:00 - 24/10/2021 00:00:00","BZN|SE4","Without Sequence","67.21","",""
"24/10/2021 00:00:00 - 24/10/2021 01:00:00","BZN|SE4","Without Sequence","65.61","",""
"24/10/2021 01:00:00 - 24/10/2021 02:00:00","BZN|SE4","Without Sequence","65.51","",""
"24/10/2021 02:00:00 - 24/10/2021 03:00:00","BZN|SE4","Without Sequence","65.62","",""
"24/10/2021 03:00:00 - 24/10/2021 04:00:00","BZN|SE4","Without Sequence","70.60","",""
"24/10/2021 04:00:00 - 24/10/2021 05:00:00","BZN|SE4","Without Sequence","69.65","",""
"24/10/2021 05:00:00 - 24/10/2021 06:00:00","BZN|SE4","Without Sequence","70.99","",""
"24/10/2021 06:00:00 - 24/10/2021 07:00:00","BZN|SE4","Without Sequence","73.80","",""
"24/10/2021 07:00:00 - 24/10/2021 08:00:00","BZN|SE4","Without Sequence","81.45","",""
"24/10/2021 08:00:00 - 24/10/2021 09:00:00","BZN|SE4","Without Sequence","80.91","",""
"24/10/2021 09:00:00 - 24/10/2021 10:00:00","BZN|SE4","Without Sequence","77.68","",""
"24/10/2021 10:00:00 - 24/10/2021 11:00:00","BZN|SE4","Without Sequence","26.89","",""
"24/10/2021 11:00:00 - 24/10/2021 12:00:00","BZN|SE4","Without Sequence","21.97","",""
"24/10/2021 12:00:00 - 24/10/2021 13:00:00","BZN|SE4","Without Sequence","20.53","",""
"24/10/2021 13:00:00 - 24/10/2021 14:00:00","BZN|SE4","Without Sequence","18.14","",""
"24/10/2021 14:00:00 - 24/10/2021 15:00:00","BZN|SE4","Without Sequence","87.28","",""
"24/10/2021 15:00:00 - 24/10/2021 16:00:00","BZN|SE4","Without Sequence","103.97","",""
"24/10/2021 16:00:00 - 24/10/2021 17:00:00","BZN|SE4","Without Sequence","100.77","",""
"24/10/2021 17:00:00 - 24/10/2021 18:00:00","BZN|SE4","Without Sequence","99.43","",""
"24/10/2021 18:00:00 - 24/10/2021 19:00:00","BZN|SE4","Without Sequence","96.91","",""
"24/10/2021 19:00:00 - 24/10/2021 20:00:00","BZN|SE4","Without Sequence","66.98","",""
"24/10/2021 20:00:00 - 24/10/2021 21:00:00","BZN|SE4","Without Sequence","14.42","",""
"24/10/2021 21:00:00 - 24/10/2021 22:00:00","BZN|SE4","Without Sequence","12.79","",""
"24/10/2021 22:00:00 - 24/10/2021 23:00:00","BZN|SE4","Without Sequence","13.91","",""
"24/10/2021 23:00:00 - 25/10/2021 00:00:00","BZN|SE4","Without Sequence","14.18","",""
"25/10/2021 00:00:00 - 25/10/2021 01:00:00","BZN|SE4","Without Sequence","14.20","",""
"25/10/2021 01:00:00 - 25/10/2021 02:00:00","BZN|SE4","Without Sequence","14.25","",""
"25/10/2021 02:00:00 - 25/10/2021 03:00:00","BZN|SE4","Without Sequence","14.86","",""
"25/10/2021 03:00:00 - 25/10/2021 04:00:00","BZN|SE4","Without Sequence","80.00","",""
"25/10/2021 04:00:00 - 25/10/2021 05:00:00","BZN|SE4","Without Sequence","97.80","",""
"25/10/2021 05:00:00 - 25/10/2021 06:00:00","BZN|SE4","Without Sequence","130.00","",""
"25/10/2021 06:00:00 - 25/10/2021 07:00:00","BZN|SE4","Without Sequence","130.01","",""
"25/10/2021 07:00:00 - 25/10/2021 08:00:00","BZN|SE4","Without Sequence","118.35","",""
"25/10/2021 08:00:00 - 25/10/2021 09:00:00","BZN|SE4","Without Sequence","111.94","",""
"25/10/2021 09:00:00 - 25/10/2021 10:00:00","BZN|SE4","Without Sequence","110.99","",""
"25/10/2021 10:00:00 - 25/10/2021 11:00:00","BZN|SE4","Without Sequence","110.89","",""
"25/10/2021 11:00:00 - 25/10/2021 12:00:00","BZN|SE4","Without Sequence","104.80","",""
"25/10/2021 12:00:00 - 25/10/2021 13:00:00","BZN|SE4","Without Sequence","110.87","",""
"25/10/2021 13:00:00 - 25/10/2021 14:00:00","BZN|SE4","Without Sequence","115.20","",""
"25/10/2021 14:00:00 - 25/10/2021 15:00:00","BZN|SE4","Without Sequence","128.25","",""
"25/10/2021 15:00:00 - 25/10/2021 16:00:00","BZN|SE4","Without Sequence","150.05","",""
"25/10/2021 16:00:00 - 25/10/2021 17:00:00","BZN|SE4","Without Sequence","205.62","",""
"25/10/2021 17:00:00 - 25/10/2021 18:00:00","BZN|SE4","Without Sequence","150.05","",""
"25/10/2021 18:00:00 - 25/10/2021 19:00:00","BZN|SE4","Without Sequence","104.14","",""
"25/10/2021 19:00:00 - 25/10/2021 20:00:00","BZN|SE4","Without Sequence","101.82","",""
"25/10/2021 20:00:00 - 25/10/2021 21:00:00","BZN|SE4","Without Sequence","96.73","",""
"25/10/2021 21:00:00 - 25/10/2021 22:00:00","BZN|SE4","Without Sequence","70.10","",""
"25/10/2021 22:00:00 - 25/10/2021 23:00:00","BZN|SE4","Without Sequence","75.05","",""
"25/10/2021 23:00:00 - 26/10/2021 00:00:00","BZN|SE4","Without Sequence","67.07","",""
"26/10/2021 00:00:00 - 26/10/2021 01:00:00","BZN|SE4","Without Sequence","67.02","",""
"26/10/2021 01:00:00 - 26/10/2021 02:00:00","BZN|SE4","Without Sequence","75.02","",""
"26/10/2021 02:00:00 - 26/10/2021 03:00:00","BZN|SE4","Without Sequence","75.07","",""
"26/10/2021 03:00:00 - 26/10/2021 04:00:00","BZN|SE4","Without Sequence","92.02","",""
"26/10/2021 04:00:00 - 26/10/2021 05:00:00","BZN|SE4","Without Sequence","108.91","",""
"26/10/2021 05:00:00 - 26/10/2021 06:00:00","BZN|SE4","Without Sequence","230.05","",""
"26/10/2021 06:00:00 - 26/10/2021 07:00:00","BZN|SE4","Without Sequence","240.01","",""
"26/10/2021 07:00:00 - 26/10/2021 08:00:00","BZN|SE4","Without Sequence","229.42","",""
"26/10/2021 08:00:00 - 26/10/2021 09:00:00","BZN|SE4","Without Sequence","214.62","",""
"26/10/2021 09:00:00 - 26/10/2021 10:00:00","BZN|SE4","Without Sequence","207.13","",""
"26/10/2021 10:00:00 - 26/10/2021 11:00:00","BZN|SE4","Without Sequence","192.30","",""
"26/10/2021 11:00:00 - 26/10/2021 12:00:00","BZN|SE4","Without Sequence","107.93","",""
"26/10/2021 12:00:00 - 26/10/2021 13:00:00","BZN|SE4","Without Sequence","105.58","",""
"26/10/2021 13:00:00 - 26/10/2021 14:00:00","BZN|SE4","Without Sequence","103.72","",""
"26/10/2021 14:00:00 - 26/10/2021 15:00:00","BZN|SE4","Without Sequence","105.37","",""
"26/10/2021 15:00:00 - 26/10/2021 16:00:00","BZN|SE4","Without Sequence","210.92","",""
"26/10/2021 16:00:00 - 26/10/2021 17:00:00","BZN|SE4","Without Sequence","230.09","",""
"26/10/2021 17:00:00 - 26/10/2021 18:00:00","BZN|SE4","Without Sequence","205.50","",""
"26/10/2021 18:00:00 - 26/10/2021 19:00:00","BZN|SE4","Without Sequence","103.81","",""
"26/10/2021 19:00:00 - 26/10/2021 20:00:00","BZN|SE4","Without Sequence","103.50","",""
"26/10/2021 20:00:00 - 26/10/2021 21:00:00","BZN|SE4","Without Sequence","77.80","",""
"26/10/2021 21:00:00 - 26/10/2021 22:00:00","BZN|SE4","Without Sequence","65.10","",""
"26/10/2021 22:00:00 - 26/10/2021 23:00:00","BZN|SE4","Without Sequence","17.21","",""
"26/10/2021 23:00:00 - 27/10/2021 00:00:00","BZN|SE4","Without Sequence","16.90","",""
"27/10/2021 00:00:00 - 27/10/2021 01:00:00","BZN|SE4","Without Sequence","15.02","",""
"27/10/2021 01:00:00 - 27/10/2021 02:00:00","BZN|SE4","Without Sequence","13.19","",""
"27/10/2021 02:00:00 - 27/10/2021 03:00:00","BZN|SE4","Without Sequence","12.38","",""
"27/10/2021 03:00:00 - 27/10/2021 04:00:00","BZN|SE4","Without Sequence","12.71","",""
"27/10/2021 04:00:00 - 27/10/2021 05:00:00","BZN|SE4","Without Sequence","14.02","",""
"27/10/2021 05:00:00 - 27/10/2021 06:00:00","BZN|SE4","Without Sequence","67.00","",""
"27/10/2021 06:00:00 - 27/10/2021 07:00:00","BZN|SE4","Without Sequence","67.03","",""
"27/10/2021 07:00:00 - 27/10/2021 08:00:00","BZN|SE4","Without Sequence","63.13","",""
"27/10/2021 08:00:00 - 27/10/2021 09:00:00","BZN|SE4","Without Sequence","30.79","",""
"27/10/2021 09:00:00 - 27/10/2021 10:00:00","BZN|SE4","Without Sequence","25.07","",""
"27/10/2021 10:00:00 - 27/10/2021 11:00:00","BZN|SE4","Without Sequence","16.98","",""
"27/10/2021 11:00:00 - 27/10/2021 12:00:00","BZN|SE4","Without Sequence","16.51","",""
"27/10/2021 12:00:00 - 27/10/2021 13:00:00","BZN|SE4","Without Sequence","15.03","",""
"27/10/2021 13:00:00 - 27/10/2021 14:00:00","BZN|SE4","Without Sequence","14.83","",""
"27/10/2021 14:00:00 - 27/10/2021 15:00:00","BZN|SE4","Without Sequence","14.95","",""
"27/10/2021 15:00:00 - 27/10/2021 16:00:00","BZN|SE4","Without Sequence","67.30","",""
"27/10/2021 16:00:00 - 27/10/2021 17:00:00","BZN|SE4","Without Sequence","73.22","",""
"27/10/2021 17:00:00 - 27/10/2021 18:00:00","BZN|SE4","Without Sequence","67.06","",""
"27/10/2021 18:00:00 - 27/10/2021 19:00:00","BZN|SE4","Without Sequence","15.08","",""
"27/10/2021 19:00:00 - 27/10/2021 20:00:00","BZN|SE4","Without Sequence","13.78","",""
"27/10/2021 20:00:00 - 27/10/2021 21:00:00","BZN|SE4","Without Sequence","11.90","",""
"27/10/2021 21:00:00 - 27/10/2021 22:00:00","BZN|SE4","Without Sequence","6.75","",""
"27/10/2021 22:00:00 - 27/10/2021 23:00:00","BZN|SE4","Without Sequence","11.85","",""
"27/10/2021 23:00:00 - 28/10/2021 00:00:00","BZN|SE4","Without Sequence","7.73","",""
"28/10/2021 00:00:00 - 28/10/2021 01:00:00","BZN|SE4","Without Sequence","7.34","",""
"28/10/2021 01:00:00 - 28/10/2021 02:00:00","BZN|SE4","Without Sequence","9.50","",""
"28/10/2021 02:00:00 - 28/10/2021 03:00:00","BZN|SE4","Without Sequence","10.32","",""
"28/10/2021 03:00:00 - 28/10/2021 04:00:00","BZN|SE4","Without Sequence","13.28","",""
"28/10/2021 04:00:00 - 28/10/2021 05:00:00","BZN|SE4","Without Sequence","57.57","",""
"28/10/2021 05:00:00 - 28/10/2021 06:00:00","BZN|SE4","Without Sequence","78.30","",""
"28/10/2021 06:00:00 - 28/10/2021 07:00:00","BZN|SE4","Without Sequence","80.45","",""
"28/10/2021 07:00:00 - 28/10/2021 08:00:00","BZN|SE4","Without Sequence","78.43","",""
"28/10/2021 08:00:00 - 28/10/2021 09:00:00","BZN|SE4","Without Sequence","78.10","",""
"28/10/2021 09:00:00 - 28/10/2021 10:00:00","BZN|SE4","Without Sequence","77.84","",""
"28/10/2021 10:00:00 - 28/10/2021 11:00:00","BZN|SE4","Without Sequence","77.45","",""
"28/10/2021 11:00:00 - 28/10/2021 12:00:00","BZN|SE4","Without Sequence","77.30","",""
"28/10/2021 12:00:00 - 28/10/2021 13:00:00","BZN|SE4","Without Sequence","77.45","",""
"28/10/2021 13:00:00 - 28/10/2021 14:00:00","BZN|SE4","Without Sequence","77.71","",""
"28/10/2021 14:00:00 - 28/10/2021 15:00:00","BZN|SE4","Without Sequence","78.41","",""
"28/10/2021 15:00:00 - 28/10/2021 16:00:00","BZN|SE4","Without Sequence","88.62","",""
"28/10/2021 16:00:00 - 28/10/2021 17:00:00","BZN|SE4","Without Sequence","89.50","",""
"28/10/2021 17:00:00 - 28/10/2021 18:00:00","BZN|SE4","Without Sequence","84.71","",""
"28/10/2021 18:00:00 - 28/10/2021 19:00:00","BZN|SE4","Without Sequence","77.83","",""
"28/10/2021 19:00:00 - 28/10/2021 20:00:00","BZN|SE4","Without Sequence","25.09","",""
"28/10/2021 20:00:00 - 28/10/2021 21:00:00","BZN|SE4","Without Sequence","13.99","",""
"28/10/2021 21:00:00 - 28/10/2021 22:00:00","BZN|SE4","Without Sequence","12.11","",""
"28/10/2021 22:00:00 - 28/10/2021 23:00:00","BZN|SE4","Without Sequence","13.09","",""
"28/10/2021 23:00:00 - 29/10/2021 00:00:00","BZN|SE4","Without Sequence","12.18","",""
"29/10/2021 00:00:00 - 29/10/2021 01:00:00","BZN|SE4","Without Sequence","11.64","",""
"29/10/2021 01:00:00 - 29/10/2021 02:00:00","BZN|SE4","Without Sequence","11.33","",""
"29/10/2021 02:00:00 - 29/10/2021 03:00:00","BZN|SE4","Without Sequence","11.90","",""
"29/10/2021 03:00:00 - 29/10/2021 04:00:00","BZN|SE4","Without Sequence","29.84","",""
"29/10/2021 04:00:00 - 29/10/2021 05:00:00","BZN|SE4","Without Sequence","77.46","",""
"29/10/2021 05:00:00 - 29/10/2021 06:00:00","BZN|SE4","Without Sequence","106.23","",""
"29/10/2021 06:00:00 - 29/10/2021 07:00:00","BZN|SE4","Without Sequence","117.18","",""
"29/10/2021 07:00:00 - 29/10/2021 08:00:00","BZN|SE4","Without Sequence","92.64","",""
"29/10/2021 08:00:00 - 29/10/2021 09:00:00","BZN|SE4","Without Sequence","97.79","",""
"29/10/2021 09:00:00 - 29/10/2021 10:00:00","BZN|SE4","Without Sequence","88.59","",""
"29/10/2021 10:00:00 - 29/10/2021 11:00:00","BZN|SE4","Without Sequence","84.63","",""
"29/10/2021 11:00:00 - 29/10/2021 12:00:00","BZN|SE4","Without Sequence","80.82","",""
"29/10/2021 12:00:00 - 29/10/2021 13:00:00","BZN|SE4","Without Sequence","79.89","",""
"29/10/2021 13:00:00 - 29/10/2021 14:00:00","BZN|SE4","Without Sequence","80.42","",""
"29/10/2021 14:00:00 - 29/10/2021 15:00:00","BZN|SE4","Without Sequence","81.36","",""
"29/10/2021 15:00:00 - 29/10/2021 16:00:00","BZN|SE4","Without Sequence","86.77","",""
"29/10/2021 16:00:00 - 29/10/2021 17:00:00","BZN|SE4","Without Sequence","98.37","",""
"29/10/2021 17:00:00 - 29/10/2021 18:00:00","BZN|SE4","Without Sequence","88.71","",""
"29/10/2021 18:00:00 - 29/10/2021 19:00:00","BZN|SE4","Without Sequence","81.42","",""
"29/10/2021 19:00:00 - 29/10/2021 20:00:00","BZN|SE4","Without Sequence","21.07","",""
"29/10/2021 20:00:00 - 29/10/2021 21:00:00","BZN|SE4","Without Sequence","14.95","",""
"29/10/2021 21:00:00 - 29/10/2021 22:00:00","BZN|SE4","Without Sequence","12.98","",""
"29/10/2021 22:00:00 - 29/10/2021 23:00:00","BZN|SE4","Without Sequence","12.15","",""
"29/10/2021 23:00:00 - 30/10/2021 00:00:00","BZN|SE4","Without Sequence","12.81","",""
"30/10/2021 00:00:00 - 30/10/2021 01:00:00","BZN|SE4","Without Sequence","11.89","",""
"30/10/2021 01:00:00 - 30/10/2021 02:00:00","BZN|SE4","Without Sequence","11.97","",""
"30/10/2021 02:00:00 - 30/10/2021 03:00:00","BZN|SE4","Without Sequence","12.29","",""
"30/10/2021 03:00:00 - 30/10/2021 04:00:00","BZN|SE4","Without Sequence","12.78","",""
"30/10/2021 04:00:00 - 30/10/2021 05:00:00","BZN|SE4","Without Sequence","79.35","",""
"30/10/2021 05:00:00 - 30/10/2021 06:00:00","BZN|SE4","Without Sequence","82.10","",""
"30/10/2021 06:00:00 - 30/10/2021 07:00:00","BZN|SE4","Without Sequence","114.83","",""
"30/10/2021 07:00:00 - 30/10/2021 08:00:00","BZN|SE4","Without Sequence","114.08","",""
"30/10/2021 08:00:00 - 30/10/2021 09:00:00","BZN|SE4","Without Sequence","106.41","",""
"30/10/2021 09:00:00 - 30/10/2021 10:00:00","BZN|SE4","Without Sequence","98.88","",""
"30/10/2021 10:00:00 - 30/10/2021 11:00:00","BZN|SE4","Without Sequence","79.12","",""
"30/10/2021 11:00:00 - 30/10/2021 12:00:00","BZN|SE4","Without Sequence","76.67","",""
"30/10/2021 12:00:00 - 30/10/2021 13:00:00","BZN|SE4","Without Sequence","69.86","",""
"30/10/2021 13:00:00 - 30/10/2021 14:00:00","BZN|SE4","Without Sequence","69.87","",""
"30/10/2021 14:00:00 - 30/10/2021 15:00:00","BZN|SE4","Without Sequence","77.28","",""
"30/10/2021 15:00:00 - 30/10/2021 16:00:00","BZN|SE4","Without Sequence","75.30","",""
"30/10/2021 16:00:00 - 30/10/2021 17:00:00","BZN|SE4","Without Sequence","80.17","",""
"30/10/2021 17:00:00 - 30/10/2021 18:00:00","BZN|SE4","Without Sequence","76.36","",""
"30/10/2021 18:00:00 - 30/10/2021 19:00:00","BZN|SE4","Without Sequence","68.11","",""
"30/10/2021 19:00:00 - 30/10/2021 20:00:00","BZN|SE4","Without Sequence","22.81","",""
"30/10/2021 20:00:00 - 30/10/2021 21:00:00","BZN|SE4","Without Sequence","13.18","",""
"30/10/2021 21:00:00 - 30/10/2021 22:00:00","BZN|SE4","Without Sequence","11.50","",""
"30/10/2021 22:00:00 - 30/10/2021 23:00:00","BZN|SE4","Without Sequence","14.51","",""
"30/10/2021 23:00:00 - 31/10/2021 00:00:00","BZN|SE4","Without Sequence","14.44","",""
"31/10/2021 00:00:00 - 31/10/2021 01:00:00","BZN|SE4","Without Sequence","13.67","",""
"31/10/2021 01:00:00 - 31/10/2021 02:00:00","BZN|SE4","Without Sequence","13.09","",""
"31/10/2021 02:00:00 - 31/10/2021 03:00:00","BZN|SE4","Without Sequence","13.15","",""
"31/10/2021 03:00:00 - 31/10/2021 04:00:00","BZN|SE4","Without Sequence","13.09","",""
"31/10/2021 04:00:00 - 31/10/2021 05:00:00","BZN|SE4","Without Sequence","13.36","",""
"31/10/2021 05:00:00 - 31/10/2021 06:00:00","BZN|SE4","Without Sequence","11.57","",""
"31/10/2021 06:00:00 - 31/10/2021 07:00:00","BZN|SE4","Without Sequence","16.51","",""
"31/10/2021 07:00:00 - 31/10/2021 08:00:00","BZN|SE4","Without Sequence","20.58","",""
"31/10/2021 08:00:00 - 31/10/2021 09:00:00","BZN|SE4","Without Sequence","69.99","",""
"31/10/2021 09:00:00 - 31/10/2021 10:00:00","BZN|SE4","Without Sequence","64.99","",""
"31/10/2021 10:00:00 - 31/10/2021 11:00:00","BZN|SE4","Without Sequence","64.91","",""
"31/10/2021 11:00:00 - 31/10/2021 12:00:00","BZN|SE4","Without Sequence","61.66","",""
"31/10/2021 12:00:00 - 31/10/2021 13:00:00","BZN|SE4","Without Sequence","56.12","",""
"31/10/2021 13:00:00 - 31/10/2021 14:00:00","BZN|SE4","Without Sequence","56.15","",""
"31/10/2021 14:00:00 - 31/10/2021 15:00:00","BZN|SE4","Without Sequence","63.10","",""
"31/10/2021 15:00:00 - 31/10/2021 16:00:00","BZN|SE4","Without Sequence","69.92","",""
"31/10/2021 16:00:00 - 31/10/2021 17:00:00","BZN|SE4","Without Sequence","79.13","",""
"31/10/2021 17:00:00 - 31/10/2021 18:00:00","BZN|SE4","Without Sequence","74.54","",""
"31/10/2021 18:00:00 - 31/10/2021 19:00:00","BZN|SE4","Without Sequence","60.06","",""
"31/10/2021 19:00:00 - 31/10/2021 20:00:00","BZN|SE4","Without Sequence","36.25","",""
"31/10/2021 20:00:00 - 31/10/2021 21:00:00","BZN|SE4","Without Sequence","17.95","",""
"31/10/2021 21:00:00 - 31/10/2021 22:00:00","BZN|SE4","Without Sequence","16.54","",""
"31/10/2021 22:00:00 - 31/10/2021 23:00:00","BZN|SE4","Without Sequence","14.98","",""
"31/10/2021 23:00:00 - 01/11/2021 00:00:00","BZN|SE4","Without Sequence","13.94","",""
"01/11/2021 00:00:00 - 01/11/2021 01:00:00","BZN|SE4","Without Sequence","13.13","",""
"01/11/2021 01:00:00 - 01/11/2021 02:00:00","BZN|SE4","Without Sequence","13.18","",""
"01/11/2021 02:00:00 - 01/11/2021 03:00:00","BZN|SE4","Without Sequence","14.00","",""
"01/11/2021 03:00:00 - 01/11/2021 04:00:00","BZN|SE4","Without Sequence","14.45","",""
"01/11/2021 04:00:00 - 01/11/2021 05:00:00","BZN|SE4","Without Sequence","16.69","",""
"01/11/2021 05:00:00 - 01/11/2021 06:00:00","BZN|SE4","Without Sequence","19.97","",""
"01/11/2021 06:00:00 - 01/11/2021 07:00:00","BZN|SE4","Without Sequence","75.30","",""
"01/11/2021 07:00:00 - 01/11/2021 08:00:00","BZN|SE4","Without Sequence","86.24","",""
"01/11/2021 08:00:00 - 01/11/2021 09:00:00","BZN|SE4","Without Sequence","83.10","",""
"01/11/2021 09:00:00 - 01/11/2021 10:00:00","BZN|SE4","Without Sequence","80.19","",""
"01/11/2021 10:00:00 - 01/11/2021 11:00:00","BZN|SE4","Without Sequence","75.81","",""
"01/11/2021 11:00:00 - 01/11/2021 12:00:00","BZN|SE4","Without Sequence","76.45","",""
"01/11/2021 12:00:00 - 01/11/2021 13:00:00","BZN|SE4","Without Sequence","77.97","",""
"01/11/2021 13:00:00 - 01/11/2021 14:00:00","BZN|SE4","Without Sequence","79.56","",""
"01/11/2021 14:00:00 - 01/11/2021 15:00:00","BZN|SE4","Without Sequence","84.26","",""
"01/11/2021 15:00:00 - 01/11/2021 16:00:00","BZN|SE4","Without Sequence","84.86","",""
"01/11/2021 16:00:00 - 01/11/2021 17:00:00","BZN|SE4","Without Sequence","94.75","",""
"01/11/2021 17:00:00 - 01/11/2021 18:00:00","BZN|SE4","Without Sequence","92.52","",""
"01/11/2021 18:00:00 - 01/11/2021 19:00:00","BZN|SE4","Without Sequence","84.20","",""
"01/11/2021 19:00:00 - 01/11/2021 20:00:00","BZN|SE4","Without Sequence","79.92","",""
"01/11/2021 20:00:00 - 01/11/2021 21:00:00","BZN|SE4","Without Sequence","76.42","",""
"01/11/2021 21:00:00 - 01/11/2021 22:00:00","BZN|SE4","Without Sequence","58.39","",""
"01/11/2021 22:00:00 - 01/11/2021 23:00:00","BZN|SE4","Without Sequence","60.07","",""
"01/11/2021 23:00:00 - 02/11/2021 00:00:00","BZN|SE4","Without Sequence","6.63","",""
"02/11/2021 00:00:00 - 02/11/2021 01:00:00","BZN|SE4","Without Sequence","3.65","",""
"02/11/2021 01:00:00 - 02/11/2021 02:00:00","BZN|SE4","Without Sequence","4.18","",""
"02/11/2021 02:00:00 - 02/11/2021 03:00:00","BZN|SE4","Without Sequence","3.43","",""
"02/11/2021 03:00:00 - 02/11/2021 04:00:00","BZN|SE4","Without Sequence","7.77","",""
"02/11/2021 04:00:00 - 02/11/2021 05:00:00","BZN|SE4","Without Sequence","13.02","",""
"02/11/2021 05:00:00 - 02/11/2021 06:00:00","BZN|SE4","Without Sequence","109.02","",""
"02/11/2021 06:00:00 - 02/11/2021 07:00:00","BZN|SE4","Without Sequence","130.04","",""
"02/11/2021 07:00:00 - 02/11/2021 08:00:00","BZN|SE4","Without Sequence","130.02","",""
"02/11/2021 08:00:00 - 02/11/2021 09:00:00","BZN|SE4","Without Sequence","133.89","",""
"02/11/2021 09:00:00 - 02/11/2021 10:00:00","BZN|SE4","Without Sequence","132.64","",""
"02/11/2021 10:00:00 - 02/11/2021 11:00:00","BZN|SE4","Without Sequence","130.05","",""
"02/11/2021 11:00:00 - 02/11/2021 12:00:00","BZN|SE4","Without Sequence","133.25","",""
"02/11/2021 12:00:00 - 02/11/2021 13:00:00","BZN|SE4","Without Sequence","133.37","",""
"02/11/2021 13:00:00 - 02/11/2021 14:00:00","BZN|SE4","Without Sequence","131.20","",""
"02/11/2021 14:00:00 - 02/11/2021 15:00:00","BZN|SE4","Without Sequence","132.49","",""
"02/11/2021 15:00:00 - 02/11/2021 16:00:00","BZN|SE4","Without Sequence","126.31","",""
"02/11/2021 16:00:00 - 02/11/2021 17:00:00","BZN|SE4","Without Sequence","133.11","",""
"02/11/2021 17:00:00 - 02/11/2021 18:00:00","BZN|SE4","Without Sequence","130.07","",""
"02/11/2021 18:00:00 - 02/11/2021 19:00:00","BZN|SE4","Without Sequence","130.04","",""
"02/11/2021 19:00:00 - 02/11/2021 20:00:00","BZN|SE4","Without Sequence","106.15","",""
"02/11/2021 20:00:00 - 02/11/2021 21:00:00","BZN|SE4","Without Sequence","87.93","",""
"02/11/2021 21:00:00 - 02/11/2021 22:00:00","BZN|SE4","Without Sequence","19.15","",""
"02/11/2021 22:00:00 - 02/11/2021 23:00:00","BZN|SE4","Without Sequence","16.63","",""
"02/11/2021 23:00:00 - 03/11/2021 00:00:00","BZN|SE4","Without Sequence","45.05","",""
"03/11/2021 00:00:00 - 03/11/2021 01:00:00","BZN|SE4","Without Sequence","15.57","",""
"03/11/2021 01:00:00 - 03/11/2021 02:00:00","BZN|SE4","Without Sequence","14.96","",""
"03/11/2021 02:00:00 - 03/11/2021 03:00:00","BZN|SE4","Without Sequence","15.24","",""
"03/11/2021 03:00:00 - 03/11/2021 04:00:00","BZN|SE4","Without Sequence","73.49","",""
"03/11/2021 04:00:00 - 03/11/2021 05:00:00","BZN|SE4","Without Sequence","77.90","",""
"03/11/2021 05:00:00 - 03/11/2021 06:00:00","BZN|SE4","Without Sequence","114.74","",""
"03/11/2021 06:00:00 - 03/11/2021 07:00:00","BZN|SE4","Without Sequence","127.96","",""
"03/11/2021 07:00:00 - 03/11/2021 08:00:00","BZN|SE4","Without Sequence","150.06","",""
"03/11/2021 08:00:00 - 03/11/2021 09:00:00","BZN|SE4","Without Sequence","141.74","",""
"03/11/2021 09:00:00 - 03/11/2021 10:00:00","BZN|SE4","Without Sequence","133.77","",""
"03/11/2021 10:00:00 - 03/11/2021 11:00:00","BZN|SE4","Without Sequence","138.47","",""
"03/11/2021 11:00:00 - 03/11/2021 12:00:00","BZN|SE4","Without Sequence","136.27","",""
"03/11/2021 12:00:00 - 03/11/2021 13:00:00","BZN|SE4","Without Sequence","130.13","",""
"03/11/2021 13:00:00 - 03/11/2021 14:00:00","BZN|SE4","Without Sequence","130.13","",""
"03/11/2021 14:00:00 - 03/11/2021 15:00:00","BZN|SE4","Without Sequence","138.50","",""
"03/11/2021 15:00:00 - 03/11/2021 16:00:00","BZN|SE4","Without Sequence","165.14","",""
"03/11/2021 16:00:00 - 03/11/2021 17:00:00","BZN|SE4","Without Sequence","165.12","",""
"03/11/2021 17:00:00 - 03/11/2021 18:00:00","BZN|SE4","Without Sequence","138.47","",""
"03/11/2021 18:00:00 - 03/11/2021 19:00:00","BZN|SE4","Without Sequence","138.46","",""
"03/11/2021 19:00:00 - 03/11/2021 20:00:00","BZN|SE4","Without Sequence","104.59","",""
"03/11/2021 20:00:00 - 03/11/2021 21:00:00","BZN|SE4","Without Sequence","89.20","",""
"03/11/2021 21:00:00 - 03/11/2021 22:00:00","BZN|SE4","Without Sequence","45.06","",""
"03/11/2021 22:00:00 - 03/11/2021 23:00:00","BZN|SE4","Without Sequence","45.07","",""
"03/11/2021 23:00:00 - 04/11/2021 00:00:00","BZN|SE4","Without Sequence","50.09","",""
"04/11/2021 00:00:00 - 04/11/2021 01:00:00","BZN|SE4","Without Sequence","62.79","",""
"04/11/2021 01:00:00 - 04/11/2021 02:00:00","BZN|SE4","Without Sequence","55.05","",""
"04/11/2021 02:00:00 - 04/11/2021 03:00:00","BZN|SE4","Without Sequence","55.04","",""
"04/11/2021 03:00:00 - 04/11/2021 04:00:00","BZN|SE4","Without Sequence","59.91","",""
"04/11/2021 04:00:00 - 04/11/2021 05:00:00","BZN|SE4","Without Sequence","73.41","",""
"04/11/2021 05:00:00 - 04/11/2021 06:00:00","BZN|SE4","Without Sequence","122.87","",""
"04/11/2021 06:00:00 - 04/11/2021 07:00:00","BZN|SE4","Without Sequence","119.38","",""
"04/11/2021 07:00:00 - 04/11/2021 08:00:00","BZN|SE4","Without Sequence","140.73","",""
"04/11/2021 08:00:00 - 04/11/2021 09:00:00","BZN|SE4","Without Sequence","140.70","",""
"04/11/2021 09:00:00 - 04/11/2021 10:00:00","BZN|SE4","Without Sequence","140.79","",""
"04/11/2021 10:00:00 - 04/11/2021 11:00:00","BZN|SE4","Without Sequence","140.70","",""
"04/11/2021 11:00:00 - 04/11/2021 12:00:00","BZN|SE4","Without Sequence","140.74","",""
"04/11/2021 12:00:00 - 04/11/2021 13:00:00","BZN|SE4","Without Sequence","111.12","",""
"04/11/2021 13:00:00 - 04/11/2021 14:00:00","BZN|SE4","Without Sequence","107.77","",""
"04/11/2021 14:00:00 - 04/11/2021 15:00:00","BZN|SE4","Without Sequence","111.79","",""
"04/11/2021 15:00:00 - 04/11/2021 16:00:00","BZN|SE4","Without Sequence","125.04","",""
"04/11/2021 16:00:00 - 04/11/2021 17:00:00","BZN|SE4","Without Sequence","127.24","",""
"04/11/2021 17:00:00 - 04/11/2021 18:00:00","BZN|SE4","Without Sequence","117.21","",""
"04/11/2021 18:00:00 - 04/11/2021 19:00:00","BZN|SE4","Without Sequence","102.29","",""
"04/11/2021 19:00:00 - 04/11/2021 20:00:00","BZN|SE4","Without Sequence","86.35","",""
"04/11/2021 20:00:00 - 04/11/2021 21:00:00","BZN|SE4","Without Sequence","83.72","",""
"04/11/2021 21:00:00 - 04/11/2021 22:00:00","BZN|SE4","Without Sequence","30.68","",""
"04/11/2021 22:00:00 - 04/11/2021 23:00:00","BZN|SE4","Without Sequence","18.82","",""
"04/11/2021 23:00:00 - 05/11/2021 00:00:00","BZN|SE4","Without Sequence","16.16","",""
"05/11/2021 00:00:00 - 05/11/2021 01:00:00","BZN|SE4","Without Sequence","14.95","",""
"05/11/2021 01:00:00 - 05/11/2021 02:00:00","BZN|SE4","Without Sequence","14.68","",""
"05/11/2021 02:00:00 - 05/11/2021 03:00:00","BZN|SE4","Without Sequence","14.90","",""
"05/11/2021 03:00:00 - 05/11/2021 04:00:00","BZN|SE4","Without Sequence","15.24","",""
"05/11/2021 04:00:00 - 05/11/2021 05:00:00","BZN|SE4","Without Sequence","18.82","",""
"05/11/2021 05:00:00 - 05/11/2021 06:00:00","BZN|SE4","Without Sequence","73.33","",""
"05/11/2021 06:00:00 - 05/11/2021 07:00:00","BZN|SE4","Without Sequence","100.21","",""
"05/11/2021 07:00:00 - 05/11/2021 08:00:00","BZN|SE4","Without Sequence","102.41","",""
"05/11/2021 08:00:00 - 05/11/2021 09:00:00","BZN|SE4","Without Sequence","100.53","",""
"05/11/2021 09:00:00 - 05/11/2021 10:00:00","BZN|SE4","Without Sequence","97.25","",""
"05/11/2021 10:00:00 - 05/11/2021 11:00:00","BZN|SE4","Without Sequence","93.13","",""
"05/11/2021 11:00:00 - 05/11/2021 12:00:00","BZN|SE4","Without Sequence","87.55","",""
"05/11/2021 12:00:00 - 05/11/2021 13:00:00","BZN|SE4","Without Sequence","85.21","",""
"05/11/2021 13:00:00 - 05/11/2021 14:00:00","BZN|SE4","Without Sequence","83.04","",""
"05/11/2021 14:00:00 - 05/11/2021 15:00:00","BZN|SE4","Without Sequence","85.57","",""
"05/11/2021 15:00:00 - 05/11/2021 16:00:00","BZN|SE4","Without Sequence","87.91","",""
"05/11/2021 16:00:00 - 05/11/2021 17:00:00","BZN|SE4","Without Sequence","92.57","",""
"05/11/2021 17:00:00 - 05/11/2021 18:00:00","BZN|SE4","Without Sequence","90.02","",""
"05/11/2021 18:00:00 - 05/11/2021 19:00:00","BZN|SE4","Without Sequence","83.03","",""
"05/11/2021 19:00:00 - 05/11/2021 20:00:00","BZN|SE4","Without Sequence","14.88","",""
"05/11/2021 20:00:00 - 05/11/2021 21:00:00","BZN|SE4","Without Sequence","13.39","",""
"05/11/2021 21:00:00 - 05/11/2021 22:00:00","BZN|SE4","Without Sequence","12.23","",""
"05/11/2021 22:00:00 - 05/11/2021 23:00:00","BZN|SE4","Without Sequence","7.33","",""
"05/11/2021 23:00:00 - 06/11/2021 00:00:00","BZN|SE4","Without Sequence","3.41","",""
"06/11/2021 00:00:00 - 06/11/2021 01:00:00","BZN|SE4","Without Sequence","2.71","",""
"06/11/2021 01:00:00 - 06/11/2021 02:00:00","BZN|SE4","Without Sequence","1.82","",""
"06/11/2021 02:00:00 - 06/11/2021 03:00:00","BZN|SE4","Without Sequence","1.86","",""
"06/11/2021 03:00:00 - 06/11/2021 04:00:00","BZN|SE4","Without Sequence","2.06","",""
"06/11/2021 04:00:00 - 06/11/2021 05:00:00","BZN|SE4","Without Sequence","3.21","",""
"06/11/2021 05:00:00 - 06/11/2021 06:00:00","BZN|SE4","Without Sequence","2.78","",""
"06/11/2021 06:00:00 - 06/11/2021 07:00:00","BZN|SE4","Without Sequence","3.41","",""
"06/11/2021 07:00:00 - 06/11/2021 08:00:00","BZN|SE4","Without Sequence","4.85","",""
"06/11/2021 08:00:00 - 06/11/2021 09:00:00","BZN|SE4","Without Sequence","9.82","",""
"06/11/2021 09:00:00 - 06/11/2021 10:00:00","BZN|SE4","Without Sequence","11.17","",""
"06/11/2021 10:00:00 - 06/11/2021 11:00:00","BZN|SE4","Without Sequence","11.54","",""
"06/11/2021 11:00:00 - 06/11/2021 12:00:00","BZN|SE4","Without Sequence","11.77","",""
"06/11/2021 12:00:00 - 06/11/2021 13:00:00","BZN|SE4","Without Sequence","11.85","",""
"06/11/2021 13:00:00 - 06/11/2021 14:00:00","BZN|SE4","Without Sequence","12.64","",""
"06/11/2021 14:00:00 - 06/11/2021 15:00:00","BZN|SE4","Without Sequence","13.52","",""
"06/11/2021 15:00:00 - 06/11/2021 16:00:00","BZN|SE4","Without Sequence","75.09","",""
"06/11/2021 16:00:00 - 06/11/2021 17:00:00","BZN|SE4","Without Sequence","65.00","",""
"06/11/2021 17:00:00 - 06/11/2021 18:00:00","BZN|SE4","Without Sequence","34.36","",""
"06/11/2021 18:00:00 - 06/11/2021 19:00:00","BZN|SE4","Without Sequence","13.36","",""
"06/11/2021 19:00:00 - 06/11/2021 20:00:00","BZN|SE4","Without Sequence","12.76","",""
"06/11/2021 20:00:00 - 06/11/2021 21:00:00","BZN|SE4","Without Sequence","12.69","",""
"06/11/2021 21:00:00 - 06/11/2021 22:00:00","BZN|SE4","Without Sequence","11.89","",""
"06/11/2021 22:00:00 - 06/11/2021 23:00:00","BZN|SE4","Without Sequence","10.22","",""
"06/11/2021 23:00:00 - 07/11/2021 00:00:00","BZN|SE4","Without Sequence","6.73","",""
"07/11/2021 00:00:00 - 07/11/2021 01:00:00","BZN|SE4","Without Sequence","4.68","",""
"07/11/2021 01:00:00 - 07/11/2021 02:00:00","BZN|SE4","Without Sequence","3.44","",""
"07/11/2021 02:00:00 - 07/11/2021 03:00:00","BZN|SE4","Without Sequence","1.64","",""
"07/11/2021 03:00:00 - 07/11/2021 04:00:00","BZN|SE4","Without Sequence","1.47","",""
"07/11/2021 04:00:00 - 07/11/2021 05:00:00","BZN|SE4","Without Sequence","2.77","",""
"07/11/2021 05:00:00 - 07/11/2021 06:00:00","BZN|SE4","Without Sequence","3.28","",""
"07/11/2021 06:00:00 - 07/11/2021 07:00:00","BZN|SE4","Without Sequence","9.28","",""
"07/11/2021 07:00:00 - 07/11/2021 08:00:00","BZN|SE4","Without Sequence","10.86","",""
"07/11/2021 08:00:00 - 07/11/2021 09:00:00","BZN|SE4","Without Sequence","14.08","",""
"07/11/2021 09:00:00 - 07/11/2021 10:00:00","BZN|SE4","Without Sequence","12.64","",""
"07/11/2021 10:00:00 - 07/11/2021 11:00:00","BZN|SE4","Without Sequence","13.84","",""
"07/11/2021 11:00:00 - 07/11/2021 12:00:00","BZN|SE4","Without Sequence","14.14","",""
"07/11/2021 12:00:00 - 07/11/2021 13:00:00","BZN|SE4","Without Sequence","15.32","",""
"07/11/2021 13:00:00 - 07/11/2021 14:00:00","BZN|SE4","Without Sequence","15.92","",""
"07/11/2021 14:00:00 - 07/11/2021 15:00:00","BZN|SE4","Without Sequence","22.42","",""
"07/11/2021 15:00:00 - 07/11/2021 16:00:00","BZN|SE4","Without Sequence","73.11","",""
"07/11/2021 16:00:00 - 07/11/2021 17:00:00","BZN|SE4","Without Sequence","83.85","",""
"07/11/2021 17:00:00 - 07/11/2021 18:00:00","BZN|SE4","Without Sequence","78.91","",""
"07/11/2021 18:00:00 - 07/11/2021 19:00:00","BZN|SE4","Without Sequence","73.13","",""
"07/11/2021 19:00:00 - 07/11/2021 20:00:00","BZN|SE4","Without Sequence","73.06","",""
"07/11/2021 20:00:00 - 07/11/2021 21:00:00","BZN|SE4","Without Sequence","71.89","",""
"07/11/2021 21:00:00 - 07/11/2021 22:00:00","BZN|SE4","Without Sequence","15.99","",""
"07/11/2021 22:00:00 - 07/11/2021 23:00:00","BZN|SE4","Without Sequence","21.02","",""
"07/11/2021 23:00:00 - 08/11/2021 00:00:00","BZN|SE4","Without Sequence","15.40","",""
"08/11/2021 00:00:00 - 08/11/2021 01:00:00","BZN|SE4","Without Sequence","15.22","",""
"08/11/2021 01:00:00 - 08/11/2021 02:00:00","BZN|SE4","Without Sequence","15.24","",""
"08/11/2021 02:00:00 - 08/11/2021 03:00:00","BZN|SE4","Without Sequence","15.55","",""
"08/11/2021 03:00:00 - 08/11/2021 04:00:00","BZN|SE4","Without Sequence","59.46","",""
"08/11/2021 04:00:00 - 08/11/2021 05:00:00","BZN|SE4","Without Sequence","73.17","",""
"08/11/2021 05:00:00 - 08/11/2021 06:00:00","BZN|SE4","Without Sequence","109.02","",""
"08/11/2021 06:00:00 - 08/11/2021 07:00:00","BZN|SE4","Without Sequence","114.91","",""
"08/11/2021 07:00:00 - 08/11/2021 08:00:00","BZN|SE4","Without Sequence","130.66","",""
"08/11/2021 08:00:00 - 08/11/2021 09:00:00","BZN|SE4","Without Sequence","130.66","",""
"08/11/2021 09:00:00 - 08/11/2021 10:00:00","BZN|SE4","Without Sequence","125.06","",""
"08/11/2021 10:00:00 - 08/11/2021 11:00:00","BZN|SE4","Without Sequence","155.02","",""
"08/11/2021 11:00:00 - 08/11/2021 12:00:00","BZN|SE4","Without Sequence","157.00","",""
"08/11/2021 12:00:00 - 08/11/2021 13:00:00","BZN|SE4","Without Sequence","209.43","",""
"08/11/2021 13:00:00 - 08/11/2021 14:00:00","BZN|SE4","Without Sequence","207.85","",""
"08/11/2021 14:00:00 - 08/11/2021 15:00:00","BZN|SE4","Without Sequence","214.80","",""
"08/11/2021 15:00:00 - 08/11/2021 16:00:00","BZN|SE4","Without Sequence","224.09","",""
"08/11/2021 16:00:00 - 08/11/2021 17:00:00","BZN|SE4","Without Sequence","283.39","",""
"08/11/2021 17:00:00 - 08/11/2021 18:00:00","BZN|SE4","Without Sequence","292.70","",""
"08/11/2021 18:00:00 - 08/11/2021 19:00:00","BZN|SE4","Without Sequence","263.52","",""
"08/11/2021 19:00:00 - 08/11/2021 20:00:00","BZN|SE4","Without Sequence","216.87","",""
"08/11/2021 20:00:00 - 08/11/2021 21:00:00","BZN|SE4","Without Sequence","147.21","",""
"08/11/2021 21:00:00 - 08/11/2021 22:00:00","BZN|SE4","Without Sequence","120.36","",""
"08/11/2021 22:00:00 - 08/11/2021 23:00:00","BZN|SE4","Without Sequence","119.77","",""
"08/11/2021 23:00:00 - 09/11/2021 00:00:00","BZN|SE4","Without Sequence","97.94","",""
"09/11/2021 00:00:00 - 09/11/2021 01:00:00","BZN|SE4","Without Sequence","87.31","",""
"09/11/2021 01:00:00 - 09/11/2021 02:00:00","BZN|SE4","Without Sequence","85.22","",""
"09/11/2021 02:00:00 - 09/11/2021 03:00:00","BZN|SE4","Without Sequence","82.80","",""
"09/11/2021 03:00:00 - 09/11/2021 04:00:00","BZN|SE4","Without Sequence","81.14","",""
"09/11/2021 04:00:00 - 09/11/2021 05:00:00","BZN|SE4","Without Sequence","82.14","",""
"09/11/2021 05:00:00 - 09/11/2021 06:00:00","BZN|SE4","Without Sequence","134.93","",""
"09/11/2021 06:00:00 - 09/11/2021 07:00:00","BZN|SE4","Without Sequence","183.09","",""
"09/11/2021 07:00:00 - 09/11/2021 08:00:00","BZN|SE4","Without Sequence","183.06","",""
"09/11/2021 08:00:00 - 09/11/2021 09:00:00","BZN|SE4","Without Sequence","118.68","",""
"09/11/2021 09:00:00 - 09/11/2021 10:00:00","BZN|SE4","Without Sequence","87.02","",""
"09/11/2021 10:00:00 - 09/11/2021 11:00:00","BZN|SE4","Without Sequence","82.24","",""
"09/11/2021 11:00:00 - 09/11/2021 12:00:00","BZN|SE4","Without Sequence","80.32","",""
"09/11/2021 12:00:00 - 09/11/2021 13:00:00","BZN|SE4","Without Sequence","79.38","",""
"09/11/2021 13:00:00 - 09/11/2021 14:00:00","BZN|SE4","Without Sequence","79.16","",""
"09/11/2021 14:00:00 - 09/11/2021 15:00:00","BZN|SE4","Without Sequence","79.36","",""
"09/11/2021 15:00:00 - 09/11/2021 16:00:00","BZN|SE4","Without Sequence","81.78","",""
"09/11/2021 16:00:00 - 09/11/2021 17:00:00","BZN|SE4","Without Sequence","82.97","",""
"09/11/2021 17:00:00 - 09/11/2021 18:00:00","BZN|SE4","Without Sequence","81.71","",""
"09/11/2021 18:00:00 - 09/11/2021 19:00:00","BZN|SE4","Without Sequence","25.51","",""
"09/11/2021 19:00:00 - 09/11/2021 20:00:00","BZN|SE4","Without Sequence","13.68","",""
"09/11/2021 20:00:00 - 09/11/2021 21:00:00","BZN|SE4","Without Sequence","14.01","",""
"09/11/2021 21:00:00 - 09/11/2021 22:00:00","BZN|SE4","Without Sequence","11.75","",""
"09/11/2021 22:00:00 - 09/11/2021 23:00:00","BZN|SE4","Without Sequence","6.48","",""
"09/11/2021 23:00:00 - 10/11/2021 00:00:00","BZN|SE4","Without Sequence","3.92","",""
"10/11/2021 00:00:00 - 10/11/2021 01:00:00","BZN|SE4","Without Sequence","3.90","",""
"10/11/2021 01:00:00 - 10/11/2021 02:00:00","BZN|SE4","Without Sequence","3.81","",""
"10/11/2021 02:00:00 - 10/11/2021 03:00:00","BZN|SE4","Without Sequence","3.99","",""
"10/11/2021 03:00:00 - 10/11/2021 04:00:00","BZN|SE4","Without Sequence","4.92","",""
"10/11/2021 04:00:00 - 10/11/2021 05:00:00","BZN|SE4","Without Sequence","9.69","",""
"10/11/2021 05:00:00 - 10/11/2021 06:00:00","BZN|SE4","Without Sequence","79.50","",""
"10/11/2021 06:00:00 - 10/11/2021 07:00:00","BZN|SE4","Without Sequence","126.88","",""
"10/11/2021 07:00:00 - 10/11/2021 08:00:00","BZN|SE4","Without Sequence","143.61","",""
"10/11/2021 08:00:00 - 10/11/2021 09:00:00","BZN|SE4","Without Sequence","123.75","",""
"10/11/2021 09:00:00 - 10/11/2021 10:00:00","BZN|SE4","Without Sequence","120.68","",""
"10/11/2021 10:00:00 - 10/11/2021 11:00:00","BZN|SE4","Without Sequence","146.60","",""
"10/11/2021 11:00:00 - 10/11/2021 12:00:00","BZN|SE4","Without Sequence","150.51","",""
"10/11/2021 12:00:00 - 10/11/2021 13:00:00","BZN|SE4","Without Sequence","164.78","",""
"10/11/2021 13:00:00 - 10/11/2021 14:00:00","BZN|SE4","Without Sequence","155.96","",""
"10/11/2021 14:00:00 - 10/11/2021 15:00:00","BZN|SE4","Without Sequence","169.63","",""
"10/11/2021 15:00:00 - 10/11/2021 16:00:00","BZN|SE4","Without Sequence","155.95","",""
"10/11/2021 16:00:00 - 10/11/2021 17:00:00","BZN|SE4","Without Sequence","193.72","",""
"10/11/2021 17:00:00 - 10/11/2021 18:00:00","BZN|SE4","Without Sequence","155.94","",""
"10/11/2021 18:00:00 - 10/11/2021 19:00:00","BZN|SE4","Without Sequence","155.97","",""
"10/11/2021 19:00:00 - 10/11/2021 20:00:00","BZN|SE4","Without Sequence","165.21","",""
"10/11/2021 20:00:00 - 10/11/2021 21:00:00","BZN|SE4","Without Sequence","111.04","",""
"10/11/2021 21:00:00 - 10/11/2021 22:00:00","BZN|SE4","Without Sequence","109.54","",""
"10/11/2021 22:00:00 - 10/11/2021 23:00:00","BZN|SE4","Without Sequence","94.23","",""
"10/11/2021 23:00:00 - 11/11/2021 00:00:00","BZN|SE4","Without Sequence","96.26","",""
"11/11/2021 00:00:00 - 11/11/2021 01:00:00","BZN|SE4","Without Sequence","94.08","",""
"11/11/2021 01:00:00 - 11/11/2021 02:00:00","BZN|SE4","Without Sequence","88.95","",""
"11/11/2021 02:00:00 - 11/11/2021 03:00:00","BZN|SE4","Without Sequence","86.40","",""
"11/11/2021 03:00:00 - 11/11/2021 04:00:00","BZN|SE4","Without Sequence","83.27","",""
"11/11/2021 04:00:00 - 11/11/2021 05:00:00","BZN|SE4","Without Sequence","90.04","",""
"11/11/2021 05:00:00 - 11/11/2021 06:00:00","BZN|SE4","Without Sequence","100.04","",""
"11/11/2021 06:00:00 - 11/11/2021 07:00:00","BZN|SE4","Without Sequence","125.54","",""
"11/11/2021 07:00:00 - 11/11/2021 08:00:00","BZN|SE4","Without Sequence","149.80","",""
"11/11/2021 08:00:00 - 11/11/2021 09:00:00","BZN|SE4","Without Sequence","146.28","",""
"11/11/2021 09:00:00 - 11/11/2021 10:00:00","BZN|SE4","Without Sequence","143.52","",""
"11/11/2021 10:00:00 - 11/11/2021 11:00:00","BZN|SE4","Without Sequence","139.03","",""
"11/11/2021 11:00:00 - 11/11/2021 12:00:00","BZN|SE4","Without Sequence","145.09","",""
"11/11/2021 12:00:00 - 11/11/2021 13:00:00","BZN|SE4","Without Sequence","150.06","",""
"11/11/2021 13:00:00 - 11/11/2021 14:00:00","BZN|SE4","Without Sequence","151.70","",""
"11/11/2021 14:00:00 - 11/11/2021 15:00:00","BZN|SE4","Without Sequence","156.55","",""
"11/11/2021 15:00:00 - 11/11/2021 16:00:00","BZN|SE4","Without Sequence","162.22","",""
"11/11/2021 16:00:00 - 11/11/2021 17:00:00","BZN|SE4","Without Sequence","154.93","",""
"11/11/2021 17:00:00 - 11/11/2021 18:00:00","BZN|SE4","Without Sequence","156.53","",""
"11/11/2021 18:00:00 - 11/11/2021 19:00:00","BZN|SE4","Without Sequence","150.68","",""
"11/11/2021 19:00:00 - 11/11/2021 20:00:00","BZN|SE4","Without Sequence","141.52","",""
"11/11/2021 20:00:00 - 11/11/2021 21:00:00","BZN|SE4","Without Sequence","97.50","",""
"11/11/2021 21:00:00 - 11/11/2021 22:00:00","BZN|SE4","Without Sequence","55.02","",""
"11/11/2021 22:00:00 - 11/11/2021 23:00:00","BZN|SE4","Without Sequence","55.02","",""
"11/11/2021 23:00:00 - 12/11/2021 00:00:00","BZN|SE4","Without Sequence","91.93","",""
"12/11/2021 00:00:00 - 12/11/2021 01:00:00","BZN|SE4","Without Sequence","87.75","",""
"12/11/2021 01:00:00 - 12/11/2021 02:00:00","BZN|SE4","Without Sequence","86.89","",""
"12/11/2021 02:00:00 - 12/11/2021 03:00:00","BZN|SE4","Without Sequence","87.69","",""
"12/11/2021 03:00:00 - 12/11/2021 04:00:00","BZN|SE4","Without Sequence","101.10","",""
"12/11/2021 04:00:00 - 12/11/2021 05:00:00","BZN|SE4","Without Sequence","98.61","",""
"12/11/2021 05:00:00 - 12/11/2021 06:00:00","BZN|SE4","Without Sequence","176.26","",""
"12/11/2021 06:00:00 - 12/11/2021 07:00:00","BZN|SE4","Without Sequence","207.75","",""
"12/11/2021 07:00:00 - 12/11/2021 08:00:00","BZN|SE4","Without Sequence","209.61","",""
"12/11/2021 08:00:00 - 12/11/2021 09:00:00","BZN|SE4","Without Sequence","202.68","",""
"12/11/2021 09:00:00 - 12/11/2021 10:00:00","BZN|SE4","Without Sequence","182.00","",""
"12/11/2021 10:00:00 - 12/11/2021 11:00:00","BZN|SE4","Without Sequence","175.62","",""
"12/11/2021 11:00:00 - 12/11/2021 12:00:00","BZN|SE4","Without Sequence","160.74","",""
"12/11/2021 12:00:00 - 12/11/2021 13:00:00","BZN|SE4","Without Sequence","153.04","",""
"12/11/2021 13:00:00 - 12/11/2021 14:00:00","BZN|SE4","Without Sequence","152.79","",""
"12/11/2021 14:00:00 - 12/11/2021 15:00:00","BZN|SE4","Without Sequence","175.67","",""
"12/11/2021 15:00:00 - 12/11/2021 16:00:00","BZN|SE4","Without Sequence","180.65","",""
"12/11/2021 16:00:00 - 12/11/2021 17:00:00","BZN|SE4","Without Sequence","206.13","",""
"12/11/2021 17:00:00 - 12/11/2021 18:00:00","BZN|SE4","Without Sequence","125.07","",""
"12/11/2021 18:00:00 - 12/11/2021 19:00:00","BZN|SE4","Without Sequence","114.67","",""
"12/11/2021 19:00:00 - 12/11/2021 20:00:00","BZN|SE4","Without Sequence","89.49","",""
"12/11/2021 20:00:00 - 12/11/2021 21:00:00","BZN|SE4","Without Sequence","88.95","",""
"12/11/2021 21:00:00 - 12/11/2021 22:00:00","BZN|SE4","Without Sequence","85.70","",""
"12/11/2021 22:00:00 - 12/11/2021 23:00:00","BZN|SE4","Without Sequence","79.53","",""
"12/11/2021 23:00:00 - 13/11/2021 00:00:00","BZN|SE4","Without Sequence","79.42","",""
"13/11/2021 00:00:00 - 13/11/2021 01:00:00","BZN|SE4","Without Sequence","79.19","",""
"13/11/2021 01:00:00 - 13/11/2021 02:00:00","BZN|SE4","Without Sequence","79.02","",""
"13/11/2021 02:00:00 - 13/11/2021 03:00:00","BZN|SE4","Without Sequence","74.70","",""
"13/11/2021 03:00:00 - 13/11/2021 04:00:00","BZN|SE4","Without Sequence","74.74","",""
"13/11/2021 04:00:00 - 13/11/2021 05:00:00","BZN|SE4","Without Sequence","74.71","",""
"13/11/2021 05:00:00 - 13/11/2021 06:00:00","BZN|SE4","Without Sequence","74.75","",""
"13/11/2021 06:00:00 - 13/11/2021 07:00:00","BZN|SE4","Without Sequence","86.30","",""
"13/11/2021 07:00:00 - 13/11/2021 08:00:00","BZN|SE4","Without Sequence","123.43","",""
"13/11/2021 08:00:00 - 13/11/2021 09:00:00","BZN|SE4","Without Sequence","157.87","",""
"13/11/2021 09:00:00 - 13/11/2021 10:00:00","BZN|SE4","Without Sequence","169.72","",""
"13/11/2021 10:00:00 - 13/11/2021 11:00:00","BZN|SE4","Without Sequence","173.21","",""
"13/11/2021 11:00:00 - 13/11/2021 12:00:00","BZN|SE4","Without Sequence","173.24","",""
"13/11/2021 12:00:00 - 13/11/2021 13:00:00","BZN|SE4","Without Sequence","172.28","",""
"13/11/2021 13:00:00 - 13/11/2021 14:00:00","BZN|SE4","Without Sequence","172.28","",""
"13/11/2021 14:00:00 - 13/11/2021 15:00:00","BZN|SE4","Without Sequence","172.28","",""
"13/11/2021 15:00:00 - 13/11/2021 16:00:00","BZN|SE4","Without Sequence","176.27","",""
"13/11/2021 16:00:00 - 13/11/2021 17:00:00","BZN|SE4","Without Sequence","204.96","",""
"13/11/2021 17:00:00 - 13/11/2021 18:00:00","BZN|SE4","Without Sequence","214.72","",""
"13/11/2021 18:00:00 - 13/11/2021 19:00:00","BZN|SE4","Without Sequence","177.19","",""
"13/11/2021 19:00:00 - 13/11/2021 20:00:00","BZN|SE4","Without Sequence","121.40","",""
"13/11/2021 20:00:00 - 13/11/2021 21:00:00","BZN|SE4","Without Sequence","164.45","",""
"13/11/2021 21:00:00 - 13/11/2021 22:00:00","BZN|SE4","Without Sequence","120.87","",""
"13/11/2021 22:00:00 - 13/11/2021 23:00:00","BZN|SE4","Without Sequence","106.71","",""
"13/11/2021 23:00:00 - 14/11/2021 00:00:00","BZN|SE4","Without Sequence","90.03","",""
"14/11/2021 00:00:00 - 14/11/2021 01:00:00","BZN|SE4","Without Sequence","90.07","",""
"14/11/2021 01:00:00 - 14/11/2021 02:00:00","BZN|SE4","Without Sequence","90.04","",""
"14/11/2021 02:00:00 - 14/11/2021 03:00:00","BZN|SE4","Without Sequence","90.04","",""
"14/11/2021 03:00:00 - 14/11/2021 04:00:00","BZN|SE4","Without Sequence","90.06","",""
"14/11/2021 04:00:00 - 14/11/2021 05:00:00","BZN|SE4","Without Sequence","91.60","",""
"14/11/2021 05:00:00 - 14/11/2021 06:00:00","BZN|SE4","Without Sequence","94.53","",""
"14/11/2021 06:00:00 - 14/11/2021 07:00:00","BZN|SE4","Without Sequence","90.86","",""
"14/11/2021 07:00:00 - 14/11/2021 08:00:00","BZN|SE4","Without Sequence","105.59","",""
"14/11/2021 08:00:00 - 14/11/2021 09:00:00","BZN|SE4","Without Sequence","116.09","",""
"14/11/2021 09:00:00 - 14/11/2021 10:00:00","BZN|SE4","Without Sequence","126.43","",""
"14/11/2021 10:00:00 - 14/11/2021 11:00:00","BZN|SE4","Without Sequence","127.29","",""
"14/11/2021 11:00:00 - 14/11/2021 12:00:00","BZN|SE4","Without Sequence","128.79","",""
"14/11/2021 12:00:00 - 14/11/2021 13:00:00","BZN|SE4","Without Sequence","131.08","",""
"14/11/2021 13:00:00 - 14/11/2021 14:00:00","BZN|SE4","Without Sequence","132.40","",""
"14/11/2021 14:00:00 - 14/11/2021 15:00:00","BZN|SE4","Without Sequence","139.16","",""
"14/11/2021 15:00:00 - 14/11/2021 16:00:00","BZN|SE4","Without Sequence","162.68","",""
"14/11/2021 16:00:00 - 14/11/2021 17:00:00","BZN|SE4","Without Sequence","184.12","",""
"14/11/2021 17:00:00 - 14/11/2021 18:00:00","BZN|SE4","Without Sequence","153.78","",""
"14/11/2021 18:00:00 - 14/11/2021 19:00:00","BZN|SE4","Without Sequence","145.71","",""
"14/11/2021 19:00:00 - 14/11/2021 20:00:00","BZN|SE4","Without Sequence","130.95","",""
"14/11/2021 20:00:00 - 14/11/2021 21:00:00","BZN|SE4","Without Sequence","109.48","",""
"14/11/2021 21:00:00 - 14/11/2021 22:00:00","BZN|SE4","Without Sequence","97.02","",""
"14/11/2021 22:00:00 - 14/11/2021 23:00:00","BZN|SE4","Without Sequence","44.87","",""
"14/11/2021 23:00:00 - 15/11/2021 00:00:00","BZN|SE4","Without Sequence","14.22","",""
"15/11/2021 00:00:00 - 15/11/2021 01:00:00","BZN|SE4","Without Sequence","13.99","",""
"15/11/2021 01:00:00 - 15/11/2021 02:00:00","BZN|SE4","Without Sequence","13.66","",""
"15/11/2021 02:00:00 - 15/11/2021 03:00:00","BZN|SE4","Without Sequence","13.23","",""
"15/11/2021 03:00:00 - 15/11/2021 04:00:00","BZN|SE4","Without Sequence","50.01","",""
"15/11/2021 04:00:00 - 15/11/2021 05:00:00","BZN|SE4","Without Sequence","93.95","",""
"15/11/2021 05:00:00 - 15/11/2021 06:00:00","BZN|SE4","Without Sequence","125.00","",""
"15/11/2021 06:00:00 - 15/11/2021 07:00:00","BZN|SE4","Without Sequence","239.46","",""
"15/11/2021 07:00:00 - 15/11/2021 08:00:00","BZN|SE4","Without Sequence","255.89","",""
"15/11/2021 08:00:00 - 15/11/2021 09:00:00","BZN|SE4","Without Sequence","255.06","",""
"15/11/2021 09:00:00 - 15/11/2021 10:00:00","BZN|SE4","Without Sequence","219.88","",""
"15/11/2021 10:00:00 - 15/11/2021 11:00:00","BZN|SE4","Without Sequence","262.45","",""
"15/11/2021 11:00:00 - 15/11/2021 12:00:00","BZN|SE4","Without Sequence","253.82","",""
"15/11/2021 12:00:00 - 15/11/2021 13:00:00","BZN|SE4","Without Sequence","251.91","",""
"15/11/2021 13:00:00 - 15/11/2021 14:00:00","BZN|SE4","Without Sequence","261.73","",""
"15/11/2021 14:00:00 - 15/11/2021 15:00:00","BZN|SE4","Without Sequence","184.28","",""
"15/11/2021 15:00:00 - 15/11/2021 16:00:00","BZN|SE4","Without Sequence","205.84","",""
"15/11/2021 16:00:00 - 15/11/2021 17:00:00","BZN|SE4","Without Sequence","292.81","",""
"15/11/2021 17:00:00 - 15/11/2021 18:00:00","BZN|SE4","Without Sequence","192.04","",""
"15/11/2021 18:00:00 - 15/11/2021 19:00:00","BZN|SE4","Without Sequence","190.08","",""
"15/11/2021 19:00:00 - 15/11/2021 20:00:00","BZN|SE4","Without Sequence","184.29","",""
"15/11/2021 20:00:00 - 15/11/2021 21:00:00","BZN|SE4","Without Sequence","212.57","",""
"15/11/2021 21:00:00 - 15/11/2021 22:00:00","BZN|SE4","Without Sequence","120.59","",""
"15/11/2021 22:00:00 - 15/11/2021 23:00:00","BZN|SE4","Without Sequence","94.95","",""
"15/11/2021 23:00:00 - 16/11/2021 00:00:00","BZN|SE4","Without Sequence","111.46","",""
"16/11/2021 00:00:00 - 16/11/2021 01:00:00","BZN|SE4","Without Sequence","117.51","",""
"16/11/2021 01:00:00 - 16/11/2021 02:00:00","BZN|SE4","Without Sequence","114.40","",""
"16/11/2021 02:00:00 - 16/11/2021 03:00:00","BZN|SE4","Without Sequence","118.54","",""
"16/11/2021 03:00:00 - 16/11/2021 04:00:00","BZN|SE4","Without Sequence","123.58","",""
"16/11/2021 04:00:00 - 16/11/2021 05:00:00","BZN|SE4","Without Sequence","116.60","",""
"16/11/2021 05:00:00 - 16/11/2021 06:00:00","BZN|SE4","Without Sequence","215.06","",""
"16/11/2021 06:00:00 - 16/11/2021 07:00:00","BZN|SE4","Without Sequence","277.71","",""
"16/11/2021 07:00:00 - 16/11/2021 08:00:00","BZN|SE4","Without Sequence","273.34","",""
"16/11/2021 08:00:00 - 16/11/2021 09:00:00","BZN|SE4","Without Sequence","273.31","",""
"16/11/2021 09:00:00 - 16/11/2021 10:00:00","BZN|SE4","Without Sequence","267.42","",""
"16/11/2021 10:00:00 - 16/11/2021 11:00:00","BZN|SE4","Without Sequence","271.37","",""
"16/11/2021 11:00:00 - 16/11/2021 12:00:00","BZN|SE4","Without Sequence","280.00","",""
"16/11/2021 12:00:00 - 16/11/2021 13:00:00","BZN|SE4","Without Sequence","279.03","",""
"16/11/2021 13:00:00 - 16/11/2021 14:00:00","BZN|SE4","Without Sequence","279.09","",""
"16/11/2021 14:00:00 - 16/11/2021 15:00:00","BZN|SE4","Without Sequence","280.30","",""
"16/11/2021 15:00:00 - 16/11/2021 16:00:00","BZN|SE4","Without Sequence","280.03","",""
"16/11/2021 16:00:00 - 16/11/2021 17:00:00","BZN|SE4","Without Sequence","293.78","",""
"16/11/2021 17:00:00 - 16/11/2021 18:00:00","BZN|SE4","Without Sequence","289.86","",""
"16/11/2021 18:00:00 - 16/11/2021 19:00:00","BZN|SE4","Without Sequence","272.40","",""
"16/11/2021 19:00:00 - 16/11/2021 20:00:00","BZN|SE4","Without Sequence","244.00","",""
"16/11/2021 20:00:00 - 16/11/2021 21:00:00","BZN|SE4","Without Sequence","200.06","",""
"16/11/2021 21:00:00 - 16/11/2021 22:00:00","BZN|SE4","Without Sequence","160.80","",""
"16/11/2021 22:00:00 - 16/11/2021 23:00:00","BZN|SE4","Without Sequence","115.39","",""
"16/11/2021 23:00:00 - 17/11/2021 00:00:00","BZN|SE4","Without Sequence","115.79","",""
"17/11/2021 00:00:00 - 17/11/2021 01:00:00","BZN|SE4","Without Sequence","102.71","",""
"17/11/2021 01:00:00 - 17/11/2021 02:00:00","BZN|SE4","Without Sequence","92.26","",""
"17/11/2021 02:00:00 - 17/11/2021 03:00:00","BZN|SE4","Without Sequence","90.11","",""
"17/11/2021 03:00:00 - 17/11/2021 04:00:00","BZN|SE4","Without Sequence","90.37","",""
"17/11/2021 04:00:00 - 17/11/2021 05:00:00","BZN|SE4","Without Sequence","101.54","",""
"17/11/2021 05:00:00 - 17/11/2021 06:00:00","BZN|SE4","Without Sequence","176.66","",""
"17/11/2021 06:00:00 - 17/11/2021 07:00:00","BZN|SE4","Without Sequence","220.82","",""
"17/11/2021 07:00:00 - 17/11/2021 08:00:00","BZN|SE4","Without Sequence","226.48","",""
"17/11/2021 08:00:00 - 17/11/2021 09:00:00","BZN|SE4","Without Sequence","230.05","",""
"17/11/2021 09:00:00 - 17/11/2021 10:00:00","BZN|SE4","Without Sequence","157.92","",""
"17/11/2021 10:00:00 - 17/11/2021 11:00:00","BZN|SE4","Without Sequence","101.54","",""
"17/11/2021 11:00:00 - 17/11/2021 12:00:00","BZN|SE4","Without Sequence","93.82","",""
"17/11/2021 12:00:00 - 17/11/2021 13:00:00","BZN|SE4","Without Sequence","92.46","",""
"17/11/2021 13:00:00 - 17/11/2021 14:00:00","BZN|SE4","Without Sequence","91.89","",""
"17/11/2021 14:00:00 - 17/11/2021 15:00:00","BZN|SE4","Without Sequence","92.63","",""
"17/11/2021 15:00:00 - 17/11/2021 16:00:00","BZN|SE4","Without Sequence","94.75","",""
"17/11/2021 16:00:00 - 17/11/2021 17:00:00","BZN|SE4","Without Sequence","101.59","",""
"17/11/2021 17:00:00 - 17/11/2021 18:00:00","BZN|SE4","Without Sequence","101.54","",""
"17/11/2021 18:00:00 - 17/11/2021 19:00:00","BZN|SE4","Without Sequence","82.99","",""
"17/11/2021 19:00:00 - 17/11/2021 20:00:00","BZN|SE4","Without Sequence","61.15","",""
"17/11/2021 20:00:00 - 17/11/2021 21:00:00","BZN|SE4","Without Sequence","18.22","",""
"17/11/2021 21:00:00 - 17/11/2021 22:00:00","BZN|SE4","Without Sequence","14.75","",""
"17/11/2021 22:00:00 - 17/11/2021 23:00:00","BZN|SE4","Without Sequence","13.18","",""
"17/11/2021 23:00:00 - 18/11/2021 00:00:00","BZN|SE4","Without Sequence","13.25","",""
"18/11/2021 00:00:00 - 18/11/2021 01:00:00","BZN|SE4","Without Sequence","12.42","",""
"18/11/2021 01:00:00 - 18/11/2021 02:00:00","BZN|SE4","Without Sequence","12.07","",""
"18/11/2021 02:00:00 - 18/11/2021 03:00:00","BZN|SE4","Without Sequence","12.01","",""
"18/11/2021 03:00:00 - 18/11/2021 04:00:00","BZN|SE4","Without Sequence","12.38","",""
"18/11/2021 04:00:00 - 18/11/2021 05:00:00","BZN|SE4","Without Sequence","12.98","",""
"18/11/2021 05:00:00 - 18/11/2021 06:00:00","BZN|SE4","Without Sequence","85.87","",""
"18/11/2021 06:00:00 - 18/11/2021 07:00:00","BZN|SE4","Without Sequence","111.67","",""
"18/11/2021 07:00:00 - 18/11/2021 08:00:00","BZN|SE4","Without Sequence","106.89","",""
"18/11/2021 08:00:00 - 18/11/2021 09:00:00","BZN|SE4","Without Sequence","102.54","",""
"18/11/2021 09:00:00 - 18/11/2021 10:00:00","BZN|SE4","Without Sequence","99.72","",""
"18/11/2021 10:00:00 - 18/11/2021 11:00:00","BZN|SE4","Without Sequence","93.78","",""
"18/11/2021 11:00:00 - 18/11/2021 12:00:00","BZN|SE4","Without Sequence","88.35","",""
"18/11/2021 12:00:00 - 18/11/2021 13:00:00","BZN|SE4","Without Sequence","90.10","",""
"18/11/2021 13:00:00 - 18/11/2021 14:00:00","BZN|SE4","Without Sequence","87.04","",""
"18/11/2021 14:00:00 - 18/11/2021 15:00:00","BZN|SE4","Without Sequence","88.16","",""
"18/11/2021 15:00:00 - 18/11/2021 16:00:00","BZN|SE4","Without Sequence","90.06","",""
"18/11/2021 16:00:00 - 18/11/2021 17:00:00","BZN|SE4","Without Sequence","89.76","",""
"18/11/2021 17:00:00 - 18/11/2021 18:00:00","BZN|SE4","Without Sequence","86.14","",""
"18/11/2021 18:00:00 - 18/11/2021 19:00:00","BZN|SE4","Without Sequence","21.97","",""
"18/11/2021 19:00:00 - 18/11/2021 20:00:00","BZN|SE4","Without Sequence","14.06","",""
"18/11/2021 20:00:00 - 18/11/2021 21:00:00","BZN|SE4","Without Sequence","13.62","",""
"18/11/2021 21:00:00 - 18/11/2021 22:00:00","BZN|SE4","Without Sequence","12.35","",""
"18/11/2021 22:00:00 - 18/11/2021 23:00:00","BZN|SE4","Without Sequence","12.18","",""
"18/11/2021 23:00:00 - 19/11/2021 00:00:00","BZN|SE4","Without Sequence","12.36","",""
"19/11/2021 00:00:00 - 19/11/2021 01:00:00","BZN|SE4","Without Sequence","12.53","",""
"19/11/2021 01:00:00 - 19/11/2021 02:00:00","BZN|SE4","Without Sequence","12.64","",""
"19/11/2021 02:00:00 - 19/11/2021 03:00:00","BZN|SE4","Without Sequence","12.76","",""
"19/11/2021 03:00:00 - 19/11/2021 04:00:00","BZN|SE4","Without Sequence","13.36","",""
"19/11/2021 04:00:00 - 19/11/2021 05:00:00","BZN|SE4","Without Sequence","13.93","",""
"19/11/2021 05:00:00 - 19/11/2021 06:00:00","BZN|SE4","Without Sequence","14.33","",""
"19/11/2021 06:00:00 - 19/11/2021 07:00:00","BZN|SE4","Without Sequence","44.91","",""
"19/11/2021 07:00:00 - 19/11/2021 08:00:00","BZN|SE4","Without Sequence","48.37","",""
"19/11/2021 08:00:00 - 19/11/2021 09:00:00","BZN|SE4","Without Sequence","15.13","",""
"19/11/2021 09:00:00 - 19/11/2021 10:00:00","BZN|SE4","Without Sequence","14.82","",""
"19/11/2021 10:00:00 - 19/11/2021 11:00:00","BZN|SE4","Without Sequence","14.37","",""
"19/11/2021 11:00:00 - 19/11/2021 12:00:00","BZN|SE4","Without Sequence","14.19","",""
"19/11/2021 12:00:00 - 19/11/2021 13:00:00","BZN|SE4","Without Sequence","13.45","",""
"19/11/2021 13:00:00 - 19/11/2021 14:00:00","BZN|SE4","Without Sequence","12.89","",""
"19/11/2021 14:00:00 - 19/11/2021 15:00:00","BZN|SE4","Without Sequence","12.70","",""
"19/11/2021 15:00:00 - 19/11/2021 16:00:00","BZN|SE4","Without Sequence","12.73","",""
"19/11/2021 16:00:00 - 19/11/2021 17:00:00","BZN|SE4","Without Sequence","12.67","",""
"19/11/2021 17:00:00 - 19/11/2021 18:00:00","BZN|SE4","Without Sequence","12.27","",""
"19/11/2021 18:00:00 - 19/11/2021 19:00:00","BZN|SE4","Without Sequence","11.39","",""
"19/11/2021 19:00:00 - 19/11/2021 20:00:00","BZN|SE4","Without Sequence","10.19","",""
"19/11/2021 20:00:00 - 19/11/2021 21:00:00","BZN|SE4","Without Sequence","9.09","",""
"19/11/2021 21:00:00 - 19/11/2021 22:00:00","BZN|SE4","Without Sequence","4.96","",""
"19/11/2021 22:00:00 - 19/11/2021 23:00:00","BZN|SE4","Without Sequence","2.93","",""
"19/11/2021 23:00:00 - 20/11/2021 00:00:00","BZN|SE4","Without Sequence","5.01","",""
"20/11/2021 00:00:00 - 20/11/2021 01:00:00","BZN|SE4","Without Sequence","3.98","",""
"20/11/2021 01:00:00 - 20/11/2021 02:00:00","BZN|SE4","Without Sequence","3.47","",""
"20/11/2021 02:00:00 - 20/11/2021 03:00:00","BZN|SE4","Without Sequence","4.37","",""
"20/11/2021 03:00:00 - 20/11/2021 04:00:00","BZN|SE4","Without Sequence","9.31","",""
"20/11/2021 04:00:00 - 20/11/2021 05:00:00","BZN|SE4","Without Sequence","10.34","",""
"20/11/2021 05:00:00 - 20/11/2021 06:00:00","BZN|SE4","Without Sequence","10.69","",""
"20/11/2021 06:00:00 - 20/11/2021 07:00:00","BZN|SE4","Without Sequence","11.97","",""
"20/11/2021 07:00:00 - 20/11/2021 08:00:00","BZN|SE4","Without Sequence","12.93","",""
"20/11/2021 08:00:00 - 20/11/2021 09:00:00","BZN|SE4","Without Sequence","14.04","",""
"20/11/2021 09:00:00 - 20/11/2021 10:00:00","BZN|SE4","Without Sequence","87.89","",""
"20/11/2021 10:00:00 - 20/11/2021 11:00:00","BZN|SE4","Without Sequence","87.24","",""
"20/11/2021 11:00:00 - 20/11/2021 12:00:00","BZN|SE4","Without Sequence","86.59","",""
"20/11/2021 12:00:00 - 20/11/2021 13:00:00","BZN|SE4","Without Sequence","86.23","",""
"20/11/2021 13:00:00 - 20/11/2021 14:00:00","BZN|SE4","Without Sequence","86.34","",""
"20/11/2021 14:00:00 - 20/11/2021 15:00:00","BZN|SE4","Without Sequence","86.55","",""
"20/11/2021 15:00:00 - 20/11/2021 16:00:00","BZN|SE4","Without Sequence","88.19","",""
"20/11/2021 16:00:00 - 20/11/2021 17:00:00","BZN|SE4","Without Sequence","47.30","",""
"20/11/2021 17:00:00 - 20/11/2021 18:00:00","BZN|SE4","Without Sequence","26.19","",""
"20/11/2021 18:00:00 - 20/11/2021 19:00:00","BZN|SE4","Without Sequence","15.45","",""
"20/11/2021 19:00:00 - 20/11/2021 20:00:00","BZN|SE4","Without Sequence","14.18","",""
"20/11/2021 20:00:00 - 20/11/2021 21:00:00","BZN|SE4","Without Sequence","14.18","",""
"20/11/2021 21:00:00 - 20/11/2021 22:00:00","BZN|SE4","Without Sequence","14.07","",""
"20/11/2021 22:00:00 - 20/11/2021 23:00:00","BZN|SE4","Without Sequence","12.92","",""
"20/11/2021 23:00:00 - 21/11/2021 00:00:00","BZN|SE4","Without Sequence","13.56","",""
"21/11/2021 00:00:00 - 21/11/2021 01:00:00","BZN|SE4","Without Sequence","13.72","",""
"21/11/2021 01:00:00 - 21/11/2021 02:00:00","BZN|SE4","Without Sequence","13.71","",""
"21/11/2021 02:00:00 - 21/11/2021 03:00:00","BZN|SE4","Without Sequence","13.81","",""
"21/11/2021 03:00:00 - 21/11/2021 04:00:00","BZN|SE4","Without Sequence","13.96","",""
"21/11/2021 04:00:00 - 21/11/2021 05:00:00","BZN|SE4","Without Sequence","14.23","",""
"21/11/2021 05:00:00 - 21/11/2021 06:00:00","BZN|SE4","Without Sequence","14.34","",""
"21/11/2021 06:00:00 - 21/11/2021 07:00:00","BZN|SE4","Without Sequence","14.57","",""
"21/11/2021 07:00:00 - 21/11/2021 08:00:00","BZN|SE4","Without Sequence","21.91","",""
"21/11/2021 08:00:00 - 21/11/2021 09:00:00","BZN|SE4","Without Sequence","50.90","",""
"21/11/2021 09:00:00 - 21/11/2021 10:00:00","BZN|SE4","Without Sequence","75.82","",""
"21/11/2021 10:00:00 - 21/11/2021 11:00:00","BZN|SE4","Without Sequence","95.16","",""
"21/11/2021 11:00:00 - 21/11/2021 12:00:00","BZN|SE4","Without Sequence","91.78","",""
"21/11/2021 12:00:00 - 21/11/2021 13:00:00","BZN|SE4","Without Sequence","91.66","",""
"21/11/2021 13:00:00 - 21/11/2021 14:00:00","BZN|SE4","Without Sequence","97.23","",""
"21/11/2021 14:00:00 - 21/11/2021 15:00:00","BZN|SE4","Without Sequence","99.59","",""
"21/11/2021 15:00:00 - 21/11/2021 16:00:00","BZN|SE4","Without Sequence","110.85","",""
"21/11/2021 16:00:00 - 21/11/2021 17:00:00","BZN|SE4","Without Sequence","116.81","",""
"21/11/2021 17:00:00 - 21/11/2021 18:00:00","BZN|SE4","Without Sequence","103.83","",""
"21/11/2021 18:00:00 - 21/11/2021 19:00:00","BZN|SE4","Without Sequence","99.85","",""
"21/11/2021 19:00:00 - 21/11/2021 20:00:00","BZN|SE4","Without Sequence","101.52","",""
"21/11/2021 20:00:00 - 21/11/2021 21:00:00","BZN|SE4","Without Sequence","99.61","",""
"21/11/2021 21:00:00 - 21/11/2021 22:00:00","BZN|SE4","Without Sequence","98.61","",""
"21/11/2021 22:00:00 - 21/11/2021 23:00:00","BZN|SE4","Without Sequence","79.20","",""
"21/11/2021 23:00:00 - 22/11/2021 00:00:00","BZN|SE4","Without Sequence","100.45","",""
"22/11/2021 00:00:00 - 22/11/2021 01:00:00","BZN|SE4","Without Sequence","92.84","",""
"22/11/2021 01:00:00 - 22/11/2021 02:00:00","BZN|SE4","Without Sequence","90.00","",""
"22/11/2021 02:00:00 - 22/11/2021 03:00:00","BZN|SE4","Without Sequence","93.92","",""
"22/11/2021 03:00:00 - 22/11/2021 04:00:00","BZN|SE4","Without Sequence","104.17","",""
"22/11/2021 04:00:00 - 22/11/2021 05:00:00","BZN|SE4","Without Sequence","108.86","",""
"22/11/2021 05:00:00 - 22/11/2021 06:00:00","BZN|SE4","Without Sequence","234.02","",""
"22/11/2021 06:00:00 - 22/11/2021 07:00:00","BZN|SE4","Without Sequence","282.61","",""
"22/11/2021 07:00:00 - 22/11/2021 08:00:00","BZN|SE4","Without Sequence","269.91","",""
"22/11/2021 08:00:00 - 22/11/2021 09:00:00","BZN|SE4","Without Sequence","230.02","",""
"22/11/2021 09:00:00 - 22/11/2021 10:00:00","BZN|SE4","Without Sequence","174.20","",""
"22/11/2021 10:00:00 - 22/11/2021 11:00:00","BZN|SE4","Without Sequence","166.52","",""
"22/11/2021 11:00:00 - 22/11/2021 12:00:00","BZN|SE4","Without Sequence","115.56","",""
"22/11/2021 12:00:00 - 22/11/2021 13:00:00","BZN|SE4","Without Sequence","111.75","",""
"22/11/2021 13:00:00 - 22/11/2021 14:00:00","BZN|SE4","Without Sequence","111.23","",""
"22/11/2021 14:00:00 - 22/11/2021 15:00:00","BZN|SE4","Without Sequence","111.44","",""
"22/11/2021 15:00:00 - 22/11/2021 16:00:00","BZN|SE4","Without Sequence","112.37","",""
"22/11/2021 16:00:00 - 22/11/2021 17:00:00","BZN|SE4","Without Sequence","111.63","",""
"22/11/2021 17:00:00 - 22/11/2021 18:00:00","BZN|SE4","Without Sequence","108.67","",""
"22/11/2021 18:00:00 - 22/11/2021 19:00:00","BZN|SE4","Without Sequence","107.30","",""
"22/11/2021 19:00:00 - 22/11/2021 20:00:00","BZN|SE4","Without Sequence","98.05","",""
"22/11/2021 20:00:00 - 22/11/2021 21:00:00","BZN|SE4","Without Sequence","94.97","",""
"22/11/2021 21:00:00 - 22/11/2021 22:00:00","BZN|SE4","Without Sequence","88.53","",""
"22/11/2021 22:00:00 - 22/11/2021 23:00:00","BZN|SE4","Without Sequence","44.99","",""
"22/11/2021 23:00:00 - 23/11/2021 00:00:00","BZN|SE4","Without Sequence","16.38","",""
"23/11/2021 00:00:00 - 23/11/2021 01:00:00","BZN|SE4","Without Sequence","16.44","",""
"23/11/2021 01:00:00 - 23/11/2021 02:00:00","BZN|SE4","Without Sequence","17.96","",""
"23/11/2021 02:00:00 - 23/11/2021 03:00:00","BZN|SE4","Without Sequence","20.10","",""
"23/11/2021 03:00:00 - 23/11/2021 04:00:00","BZN|SE4","Without Sequence","47.68","",""
"23/11/2021 04:00:00 - 23/11/2021 05:00:00","BZN|SE4","Without Sequence","90.07","",""
"23/11/2021 05:00:00 - 23/11/2021 06:00:00","BZN|SE4","Without Sequence","121.46","",""
"23/11/2021 06:00:00 - 23/11/2021 07:00:00","BZN|SE4","Without Sequence","185.89","",""
"23/11/2021 07:00:00 - 23/11/2021 08:00:00","BZN|SE4","Without Sequence","248.73","",""
"23/11/2021 08:00:00 - 23/11/2021 09:00:00","BZN|SE4","Without Sequence","230.03","",""
"23/11/2021 09:00:00 - 23/11/2021 10:00:00","BZN|SE4","Without Sequence","200.00","",""
"23/11/2021 10:00:00 - 23/11/2021 11:00:00","BZN|SE4","Without Sequence","224.96","",""
"23/11/2021 11:00:00 - 23/11/2021 12:00:00","BZN|SE4","Without Sequence","209.02","",""
"23/11/2021 12:00:00 - 23/11/2021 13:00:00","BZN|SE4","Without Sequence","180.08","",""
"23/11/2021 13:00:00 - 23/11/2021 14:00:00","BZN|SE4","Without Sequence","160.10","",""
"23/11/2021 14:00:00 - 23/11/2021 15:00:00","BZN|SE4","Without Sequence","160.06","",""
"23/11/2021 15:00:00 - 23/11/2021 16:00:00","BZN|SE4","Without Sequence","162.92","",""
"23/11/2021 16:00:00 - 23/11/2021 17:00:00","BZN|SE4","Without Sequence","148.06","",""
"23/11/2021 17:00:00 - 23/11/2021 18:00:00","BZN|SE4","Without Sequence","114.57","",""
"23/11/2021 18:00:00 - 23/11/2021 19:00:00","BZN|SE4","Without Sequence","109.38","",""
"23/11/2021 19:00:00 - 23/11/2021 20:00:00","BZN|SE4","Without Sequence","97.50","",""
"23/11/2021 20:00:00 - 23/11/2021 21:00:00","BZN|SE4","Without Sequence","92.61","",""
"23/11/2021 21:00:00 - 23/11/2021 22:00:00","BZN|SE4","Without Sequence","61.52","",""
"23/11/2021 22:00:00 - 23/11/2021 23:00:00","BZN|SE4","Without Sequence","14.92","",""
"23/11/2021 23:00:00 - 24/11/2021 00:00:00","BZN|SE4","Without Sequence","13.35","",""
"24/11/2021 00:00:00 - 24/11/2021 01:00:00","BZN|SE4","Without Sequence","13.36","",""
"24/11/2021 01:00:00 - 24/11/2021 02:00:00","BZN|SE4","Without Sequence","13.54","",""
"24/11/2021 02:00:00 - 24/11/2021 03:00:00","BZN|SE4","Without Sequence","14.92","",""
"24/11/2021 03:00:00 - 24/11/2021 04:00:00","BZN|SE4","Without Sequence","16.10","",""
"24/11/2021 04:00:00 - 24/11/2021 05:00:00","BZN|SE4","Without Sequence","19.79","",""
"24/11/2021 05:00:00 - 24/11/2021 06:00:00","BZN|SE4","Without Sequence","72.04","",""
"24/11/2021 06:00:00 - 24/11/2021 07:00:00","BZN|SE4","Without Sequence","114.88","",""
"24/11/2021 07:00:00 - 24/11/2021 08:00:00","BZN|SE4","Without Sequence","117.94","",""
"24/11/2021 08:00:00 - 24/11/2021 09:00:00","BZN|SE4","Without Sequence","118.36","",""
"24/11/2021 09:00:00 - 24/11/2021 10:00:00","BZN|SE4","Without Sequence","118.68","",""
"24/11/2021 10:00:00 - 24/11/2021 11:00:00","BZN|SE4","Without Sequence","140.05","",""
"24/11/2021 11:00:00 - 24/11/2021 12:00:00","BZN|SE4","Without Sequence","140.01","",""
"24/11/2021 12:00:00 - 24/11/2021 13:00:00","BZN|SE4","Without Sequence","116.94","",""
"24/11/2021 13:00:00 - 24/11/2021 14:00:00","BZN|SE4","Without Sequence","116.00","",""
"24/11/2021 14:00:00 - 24/11/2021 15:00:00","BZN|SE4","Without Sequence","124.63","",""
"24/11/2021 15:00:00 - 24/11/2021 16:00:00","BZN|SE4","Without Sequence","149.95","",""
"24/11/2021 16:00:00 - 24/11/2021 17:00:00","BZN|SE4","Without Sequence","119.94","",""
"24/11/2021 17:00:00 - 24/11/2021 18:00:00","BZN|SE4","Without Sequence","115.32","",""
"24/11/2021 18:00:00 - 24/11/2021 19:00:00","BZN|SE4","Without Sequence","112.92","",""
"24/11/2021 19:00:00 - 24/11/2021 20:00:00","BZN|SE4","Without Sequence","105.46","",""
"24/11/2021 20:00:00 - 24/11/2021 21:00:00","BZN|SE4","Without Sequence","101.83","",""
"24/11/2021 21:00:00 - 24/11/2021 22:00:00","BZN|SE4","Without Sequence","29.15","",""
"24/11/2021 22:00:00 - 24/11/2021 23:00:00","BZN|SE4","Without Sequence","27.45","",""
"24/11/2021 23:00:00 - 25/11/2021 00:00:00","BZN|SE4","Without Sequence","25.78","",""
"25/11/2021 00:00:00 - 25/11/2021 01:00:00","BZN|SE4","Without Sequence","24.55","",""
"25/11/2021 01:00:00 - 25/11/2021 02:00:00","BZN|SE4","Without Sequence","23.85","",""
"25/11/2021 02:00:00 - 25/11/2021 03:00:00","BZN|SE4","Without Sequence","23.86","",""
"25/11/2021 03:00:00 - 25/11/2021 04:00:00","BZN|SE4","Without Sequence","27.25","",""
"25/11/2021 04:00:00 - 25/11/2021 05:00:00","BZN|SE4","Without Sequence","34.38","",""
"25/11/2021 05:00:00 - 25/11/2021 06:00:00","BZN|SE4","Without Sequence","98.94","",""
"25/11/2021 06:00:00 - 25/11/2021 07:00:00","BZN|SE4","Without Sequence","120.80","",""
"25/11/2021 07:00:00 - 25/11/2021 08:00:00","BZN|SE4","Without Sequence","153.93","",""
"25/11/2021 08:00:00 - 25/11/2021 09:00:00","BZN|SE4","Without Sequence","153.17","",""
"25/11/2021 09:00:00 - 25/11/2021 10:00:00","BZN|SE4","Without Sequence","139.02","",""
"25/11/2021 10:00:00 - 25/11/2021 11:00:00","BZN|SE4","Without Sequence","139.08","",""
"25/11/2021 11:00:00 - 25/11/2021 12:00:00","BZN|SE4","Without Sequence","118.26","",""
"25/11/2021 12:00:00 - 25/11/2021 13:00:00","BZN|SE4","Without Sequence","116.87","",""
"25/11/2021 13:00:00 - 25/11/2021 14:00:00","BZN|SE4","Without Sequence","117.57","",""
"25/11/2021 14:00:00 - 25/11/2021 15:00:00","BZN|SE4","Without Sequence","118.77","",""
"25/11/2021 15:00:00 - 25/11/2021 16:00:00","BZN|SE4","Without Sequence","148.95","",""
"25/11/2021 16:00:00 - 25/11/2021 17:00:00","BZN|SE4","Without Sequence","208.94","",""
"25/11/2021 17:00:00 - 25/11/2021 18:00:00","BZN|SE4","Without Sequence","149.94","",""
"25/11/2021 18:00:00 - 25/11/2021 19:00:00","BZN|SE4","Without Sequence","126.72","",""
"25/11/2021 19:00:00 - 25/11/2021 20:00:00","BZN|SE4","Without Sequence","114.66","",""
"25/11/2021 20:00:00 - 25/11/2021 21:00:00","BZN|SE4","Without Sequence","110.41","",""
"25/11/2021 21:00:00 - 25/11/2021 22:00:00","BZN|SE4","Without Sequence","105.85","",""
"25/11/2021 22:00:00 - 25/11/2021 23:00:00","BZN|SE4","Without Sequence","87.84","",""
"25/11/2021 23:00:00 - 26/11/2021 00:00:00","BZN|SE4","Without Sequence","98.61","",""
"26/11/2021 00:00:00 - 26/11/2021 01:00:00","BZN|SE4","Without Sequence","87.26","",""
"26/11/2021 01:00:00 - 26/11/2021 02:00:00","BZN|SE4","Without Sequence","89.15","",""
"26/11/2021 02:00:00 - 26/11/2021 03:00:00","BZN|SE4","Without Sequence","90.69","",""
"26/11/2021 03:00:00 - 26/11/2021 04:00:00","BZN|SE4","Without Sequence","104.90","",""
"26/11/2021 04:00:00 - 26/11/2021 05:00:00","BZN|SE4","Without Sequence","115.22","",""
"26/11/2021 05:00:00 - 26/11/2021 06:00:00","BZN|SE4","Without Sequence","208.18","",""
"26/11/2021 06:00:00 - 26/11/2021 07:00:00","BZN|SE4","Without Sequence","262.62","",""
"26/11/2021 07:00:00 - 26/11/2021 08:00:00","BZN|SE4","Without Sequence","282.05","",""
"26/11/2021 08:00:00 - 26/11/2021 09:00:00","BZN|SE4","Without Sequence","259.97","",""
"26/11/2021 09:00:00 - 26/11/2021 10:00:00","BZN|SE4","Without Sequence","235.91","",""
"26/11/2021 10:00:00 - 26/11/2021 11:00:00","BZN|SE4","Without Sequence","195.40","",""
"26/11/2021 11:00:00 - 26/11/2021 12:00:00","BZN|SE4","Without Sequence","201.91","",""
"26/11/2021 12:00:00 - 26/11/2021 13:00:00","BZN|SE4","Without Sequence","174.90","",""
"26/11/2021 13:00:00 - 26/11/2021 14:00:00","BZN|SE4","Without Sequence","169.75","",""
"26/11/2021 14:00:00 - 26/11/2021 15:00:00","BZN|SE4","Without Sequence","165.49","",""
"26/11/2021 15:00:00 - 26/11/2021 16:00:00","BZN|SE4","Without Sequence","186.79","",""
"26/11/2021 16:00:00 - 26/11/2021 17:00:00","BZN|SE4","Without Sequence","220.46","",""
"26/11/2021 17:00:00 - 26/11/2021 18:00:00","BZN|SE4","Without Sequence","155.42","",""
"26/11/2021 18:00:00 - 26/11/2021 19:00:00","BZN|SE4","Without Sequence","144.93","",""
"26/11/2021 19:00:00 - 26/11/2021 20:00:00","BZN|SE4","Without Sequence","114.01","",""
"26/11/2021 20:00:00 - 26/11/2021 21:00:00","BZN|SE4","Without Sequence","113.95","",""
"26/11/2021 21:00:00 - 26/11/2021 22:00:00","BZN|SE4","Without Sequence","111.43","",""
"26/11/2021 22:00:00 - 26/11/2021 23:00:00","BZN|SE4","Without Sequence","105.73","",""
"26/11/2021 23:00:00 - 27/11/2021 00:00:00","BZN|SE4","Without Sequence","126.96","",""
"27/11/2021 00:00:00 - 27/11/2021 01:00:00","BZN|SE4","Without Sequence","120.24","",""
"27/11/2021 01:00:00 - 27/11/2021 02:00:00","BZN|SE4","Without Sequence","118.41","",""
"27/11/2021 02:00:00 - 27/11/2021 03:00:00","BZN|SE4","Without Sequence","117.99","",""
"27/11/2021 03:00:00 - 27/11/2021 04:00:00","BZN|SE4","Without Sequence","119.58","",""
"27/11/2021 04:00:00 - 27/11/2021 05:00:00","BZN|SE4","Without Sequence","121.20","",""
"27/11/2021 05:00:00 - 27/11/2021 06:00:00","BZN|SE4","Without Sequence","117.15","",""
"27/11/2021 06:00:00 - 27/11/2021 07:00:00","BZN|SE4","Without Sequence","128.40","",""
"27/11/2021 07:00:00 - 27/11/2021 08:00:00","BZN|SE4","Without Sequence","159.01","",""
"27/11/2021 08:00:00 - 27/11/2021 09:00:00","BZN|SE4","Without Sequence","213.83","",""
"27/11/2021 09:00:00 - 27/11/2021 10:00:00","BZN|SE4","Without Sequence","216.80","",""
"27/11/2021 10:00:00 - 27/11/2021 11:00:00","BZN|SE4","Without Sequence","180.10","",""
"27/11/2021 11:00:00 - 27/11/2021 12:00:00","BZN|SE4","Without Sequence","213.58","",""
"27/11/2021 12:00:00 - 27/11/2021 13:00:00","BZN|SE4","Without Sequence","210.84","",""
"27/11/2021 13:00:00 - 27/11/2021 14:00:00","BZN|SE4","Without Sequence","218.90","",""
"27/11/2021 14:00:00 - 27/11/2021 15:00:00","BZN|SE4","Without Sequence","225.00","",""
"27/11/2021 15:00:00 - 27/11/2021 16:00:00","BZN|SE4","Without Sequence","227.38","",""
"27/11/2021 16:00:00 - 27/11/2021 17:00:00","BZN|SE4","Without Sequence","270.80","",""
"27/11/2021 17:00:00 - 27/11/2021 18:00:00","BZN|SE4","Without Sequence","250.00","",""
"27/11/2021 18:00:00 - 27/11/2021 19:00:00","BZN|SE4","Without Sequence","214.03","",""
"27/11/2021 19:00:00 - 27/11/2021 20:00:00","BZN|SE4","Without Sequence","184.10","",""
"27/11/2021 20:00:00 - 27/11/2021 21:00:00","BZN|SE4","Without Sequence","200.00","",""
"27/11/2021 21:00:00 - 27/11/2021 22:00:00","BZN|SE4","Without Sequence","127.69","",""
"27/11/2021 22:00:00 - 27/11/2021 23:00:00","BZN|SE4","Without Sequence","119.96","",""
"27/11/2021 23:00:00 - 28/11/2021 00:00:00","BZN|SE4","Without Sequence","176.78","",""
"28/11/2021 00:00:00 - 28/11/2021 01:00:00","BZN|SE4","Without Sequence","140.10","",""
"28/11/2021 01:00:00 - 28/11/2021 02:00:00","BZN|SE4","Without Sequence","138.55","",""
"28/11/2021 02:00:00 - 28/11/2021 03:00:00","BZN|SE4","Without Sequence","136.14","",""
"28/11/2021 03:00:00 - 28/11/2021 04:00:00","BZN|SE4","Without Sequence","140.01","",""
"28/11/2021 04:00:00 - 28/11/2021 05:00:00","BZN|SE4","Without Sequence","168.92","",""
"28/11/2021 05:00:00 - 28/11/2021 06:00:00","BZN|SE4","Without Sequence","163.68","",""
"28/11/2021 06:00:00 - 28/11/2021 07:00:00","BZN|SE4","Without Sequence","158.76","",""
"28/11/2021 07:00:00 - 28/11/2021 08:00:00","BZN|SE4","Without Sequence","181.53","",""
"28/11/2021 08:00:00 - 28/11/2021 09:00:00","BZN|SE4","Without Sequence","199.99","",""
"28/11/2021 09:00:00 - 28/11/2021 10:00:00","BZN|SE4","Without Sequence","203.01","",""
"28/11/2021 10:00:00 - 28/11/2021 11:00:00","BZN|SE4","Without Sequence","209.76","",""
"28/11/2021 11:00:00 - 28/11/2021 12:00:00","BZN|SE4","Without Sequence","210.07","",""
"28/11/2021 12:00:00 - 28/11/2021 13:00:00","BZN|SE4","Without Sequence","198.28","",""
"28/11/2021 13:00:00 - 28/11/2021 14:00:00","BZN|SE4","Without Sequence","198.34","",""
"28/11/2021 14:00:00 - 28/11/2021 15:00:00","BZN|SE4","Without Sequence","205.11","",""
"28/11/2021 15:00:00 - 28/11/2021 16:00:00","BZN|SE4","Without Sequence","217.03","",""
"28/11/2021 16:00:00 - 28/11/2021 17:00:00","BZN|SE4","Without Sequence","245.13","",""
"28/11/2021 17:00:00 - 28/11/2021 18:00:00","BZN|SE4","Without Sequence","247.94","",""
"28/11/2021 18:00:00 - 28/11/2021 19:00:00","BZN|SE4","Without Sequence","238.15","",""
"28/11/2021 19:00:00 - 28/11/2021 20:00:00","BZN|SE4","Without Sequence","211.43","",""
"28/11/2021 20:00:00 - 28/11/2021 21:00:00","BZN|SE4","Without Sequence","189.04","",""
"28/11/2021 21:00:00 - 28/11/2021 22:00:00","BZN|SE4","Without Sequence","192.33","",""
"28/11/2021 22:00:00 - 28/11/2021 23:00:00","BZN|SE4","Without Sequence","144.17","",""
"28/11/2021 23:00:00 - 29/11/2021 00:00:00","BZN|SE4","Without Sequence","150.89","",""
"29/11/2021 00:00:00 - 29/11/2021 01:00:00","BZN|SE4","Without Sequence","146.92","",""
"29/11/2021 01:00:00 - 29/11/2021 02:00:00","BZN|SE4","Without Sequence","137.04","",""
"29/11/2021 02:00:00 - 29/11/2021 03:00:00","BZN|SE4","Without Sequence","133.37","",""
"29/11/2021 03:00:00 - 29/11/2021 04:00:00","BZN|SE4","Without Sequence","139.95","",""
"29/11/2021 04:00:00 - 29/11/2021 05:00:00","BZN|SE4","Without Sequence","152.60","",""
"29/11/2021 05:00:00 - 29/11/2021 06:00:00","BZN|SE4","Without Sequence","215.76","",""
"29/11/2021 06:00:00 - 29/11/2021 07:00:00","BZN|SE4","Without Sequence","289.44","",""
"29/11/2021 07:00:00 - 29/11/2021 08:00:00","BZN|SE4","Without Sequence","331.14","",""
"29/11/2021 08:00:00 - 29/11/2021 09:00:00","BZN|SE4","Without Sequence","320.09","",""
"29/11/2021 09:00:00 - 29/11/2021 10:00:00","BZN|SE4","Without Sequence","295.83","",""
"29/11/2021 10:00:00 - 29/11/2021 11:00:00","BZN|SE4","Without Sequence","298.54","",""
"29/11/2021 11:00:00 - 29/11/2021 12:00:00","BZN|SE4","Without Sequence","299.03","",""
"29/11/2021 12:00:00 - 29/11/2021 13:00:00","BZN|SE4","Without Sequence","329.20","",""
"29/11/2021 13:00:00 - 29/11/2021 14:00:00","BZN|SE4","Without Sequence","342.77","",""
"29/11/2021 14:00:00 - 29/11/2021 15:00:00","BZN|SE4","Without Sequence","352.11","",""
"29/11/2021 15:00:00 - 29/11/2021 16:00:00","BZN|SE4","Without Sequence","360.00","",""
"29/11/2021 16:00:00 - 29/11/2021 17:00:00","BZN|SE4","Without Sequence","421.87","",""
"29/11/2021 17:00:00 - 29/11/2021 18:00:00","BZN|SE4","Without Sequence","410.13","",""
"29/11/2021 18:00:00 - 29/11/2021 19:00:00","BZN|SE4","Without Sequence","355.06","",""
"29/11/2021 19:00:00 - 29/11/2021 20:00:00","BZN|SE4","Without Sequence","310.16","",""
"29/11/2021 20:00:00 - 29/11/2021 21:00:00","BZN|SE4","Without Sequence","229.05","",""
"29/11/2021 21:00:00 - 29/11/2021 22:00:00","BZN|SE4","Without Sequence","183.92","",""
"29/11/2021 22:00:00 - 29/11/2021 23:00:00","BZN|SE4","Without Sequence","130.05","",""
"29/11/2021 23:00:00 - 30/11/2021 00:00:00","BZN|SE4","Without Sequence","119.03","",""
"30/11/2021 00:00:00 - 30/11/2021 01:00:00","BZN|SE4","Without Sequence","100.51","",""
"30/11/2021 01:00:00 - 30/11/2021 02:00:00","BZN|SE4","Without Sequence","91.93","",""
"30/11/2021 02:00:00 - 30/11/2021 03:00:00","BZN|SE4","Without Sequence","77.80","",""
"30/11/2021 03:00:00 - 30/11/2021 04:00:00","BZN|SE4","Without Sequence","91.01","",""
"30/11/2021 04:00:00 - 30/11/2021 05:00:00","BZN|SE4","Without Sequence","101.61","",""
"30/11/2021 05:00:00 - 30/11/2021 06:00:00","BZN|SE4","Without Sequence","112.25","",""
"30/11/2021 06:00:00 - 30/11/2021 07:00:00","BZN|SE4","Without Sequence","144.98","",""
"30/11/2021 07:00:00 - 30/11/2021 08:00:00","BZN|SE4","Without Sequence","210.04","",""
"30/11/2021 08:00:00 - 30/11/2021 09:00:00","BZN|SE4","Without Sequence","159.86","",""
"30/11/2021 09:00:00 - 30/11/2021 10:00:00","BZN|SE4","Without Sequence","177.24","",""
"30/11/2021 10:00:00 - 30/11/2021 11:00:00","BZN|SE4","Without Sequence","171.24","",""
"30/11/2021 11:00:00 - 30/11/2021 12:00:00","BZN|SE4","Without Sequence","167.56","",""
"30/11/2021 12:00:00 - 30/11/2021 13:00:00","BZN|SE4","Without Sequence","172.76","",""
"30/11/2021 13:00:00 - 30/11/2021 14:00:00","BZN|SE4","Without Sequence","189.04","",""
"30/11/2021 14:00:00 - 30/11/2021 15:00:00","BZN|SE4","Without Sequence","250.07","",""
"30/11/2021 15:00:00 - 30/11/2021 16:00:00","BZN|SE4","Without Sequence","271.67","",""
"30/11/2021 16:00:00 - 30/11/2021 17:00:00","BZN|SE4","Without Sequence","264.12","",""
"30/11/2021 17:00:00 - 30/11/2021 18:00:00","BZN|SE4","Without Sequence","228.92","",""
"30/11/2021 18:00:00 - 30/11/2021 19:00:00","BZN|SE4","Without Sequence","232.60","",""
"30/11/2021 19:00:00 - 30/11/2021 20:00:00","BZN|SE4","Without Sequence","215.06","",""
"30/11/2021 20:00:00 - 30/11/2021 21:00:00","BZN|SE4","Without Sequence","171.89","",""
"30/11/2021 21:00:00 - 30/11/2021 22:00:00","BZN|SE4","Without Sequence","142.39","",""
"30/11/2021 22:00:00 - 30/11/2021 23:00:00","BZN|SE4","Without Sequence","123.89","",""
"30/11/2021 23:00:00 - 01/12/2021 00:00:00","BZN|SE4","Without Sequence","127.25","",""
"01/12/2021 00:00:00 - 01/12/2021 01:00:00","BZN|SE4","Without Sequence","107.00","",""
"01/12/2021 01:00:00 - 01/12/2021 02:00:00","BZN|SE4","Without Sequence","97.39","",""
"01/12/2021 02:00:00 - 01/12/2021 03:00:00","BZN|SE4","Without Sequence","93.97","",""
"01/12/2021 03:00:00 - 01/12/2021 04:00:00","BZN|SE4","Without Sequence","96.94","",""
"01/12/2021 04:00:00 - 01/12/2021 05:00:00","BZN|SE4","Without Sequence","111.11","",""
"01/12/2021 05:00:00 - 01/12/2021 06:00:00","BZN|SE4","Without Sequence","119.52","",""
"01/12/2021 06:00:00 - 01/12/2021 07:00:00","BZN|SE4","Without Sequence","181.47","",""
"01/12/2021 07:00:00 - 01/12/2021 08:00:00","BZN|SE4","Without Sequence","212.01","",""
"01/12/2021 08:00:00 - 01/12/2021 09:00:00","BZN|SE4","Without Sequence","209.08","",""
"01/12/2021 09:00:00 - 01/12/2021 10:00:00","BZN|SE4","Without Sequence","149.77","",""
"01/12/2021 10:00:00 - 01/12/2021 11:00:00","BZN|SE4","Without Sequence","120.82","",""
"01/12/2021 11:00:00 - 01/12/2021 12:00:00","BZN|SE4","Without Sequence","119.35","",""
"01/12/2021 12:00:00 - 01/12/2021 13:00:00","BZN|SE4","Without Sequence","119.47","",""
"01/12/2021 13:00:00 - 01/12/2021 14:00:00","BZN|SE4","Without Sequence","119.82","",""
"01/12/2021 14:00:00 - 01/12/2021 15:00:00","BZN|SE4","Without Sequence","119.96","",""
"01/12/2021 15:00:00 - 01/12/2021 16:00:00","BZN|SE4","Without Sequence","121.88","",""
"01/12/2021 16:00:00 - 01/12/2021 17:00:00","BZN|SE4","Without Sequence","121.73","",""
"01/12/2021 17:00:00 - 01/12/2021 18:00:00","BZN|SE4","Without Sequence","120.81","",""
"01/12/2021 18:00:00 - 01/12/2021 19:00:00","BZN|SE4","Without Sequence","118.45","",""
"01/12/2021 19:00:00 - 01/12/2021 20:00:00","BZN|SE4","Without Sequence","120.93","",""
"01/12/2021 20:00:00 - 01/12/2021 21:00:00","BZN|SE4","Without Sequence","113.10","",""
"01/12/2021 21:00:00 - 01/12/2021 22:00:00","BZN|SE4","Without Sequence","86.56","",""
"01/12/2021 22:00:00 - 01/12/2021 23:00:00","BZN|SE4","Without Sequence","71.17","",""
"01/12/2021 23:00:00 - 02/12/2021 00:00:00","BZN|SE4","Without Sequence","39.18","",""
"02/12/2021 00:00:00 - 02/12/2021 01:00:00","BZN|SE4","Without Sequence","29.61","",""
"02/12/2021 01:00:00 - 02/12/2021 02:00:00","BZN|SE4","Without Sequence","37.08","",""
"02/12/2021 02:00:00 - 02/12/2021 03:00:00","BZN|SE4","Without Sequence","63.76","",""
"02/12/2021 03:00:00 - 02/12/2021 04:00:00","BZN|SE4","Without Sequence","76.15","",""
"02/12/2021 04:00:00 - 02/12/2021 05:00:00","BZN|SE4","Without Sequence","92.63","",""
"02/12/2021 05:00:00 - 02/12/2021 06:00:00","BZN|SE4","Without Sequence","132.05","",""
"02/12/2021 06:00:00 - 02/12/2021 07:00:00","BZN|SE4","Without Sequence","152.83","",""
"02/12/2021 07:00:00 - 02/12/2021 08:00:00","BZN|SE4","Without Sequence","200.10","",""
"02/12/2021 08:00:00 - 02/12/2021 09:00:00","BZN|SE4","Without Sequence","199.54","",""
"02/12/2021 09:00:00 - 02/12/2021 10:00:00","BZN|SE4","Without Sequence","196.48","",""
"02/12/2021 10:00:00 - 02/12/2021 11:00:00","BZN|SE4","Without Sequence","221.44","",""
"02/12/2021 11:00:00 - 02/12/2021 12:00:00","BZN|SE4","Without Sequence","217.52","",""
"02/12/2021 12:00:00 - 02/12/2021 13:00:00","BZN|SE4","Without Sequence","226.37","",""
"02/12/2021 13:00:00 - 02/12/2021 14:00:00","BZN|SE4","Without Sequence","251.90","",""
"02/12/2021 14:00:00 - 02/12/2021 15:00:00","BZN|SE4","Without Sequence","297.64","",""
"02/12/2021 15:00:00 - 02/12/2021 16:00:00","BZN|SE4","Without Sequence","319.95","",""
"02/12/2021 16:00:00 - 02/12/2021 17:00:00","BZN|SE4","Without Sequence","346.46","",""
"02/12/2021 17:00:00 - 02/12/2021 18:00:00","BZN|SE4","Without Sequence","298.54","",""
"02/12/2021 18:00:00 - 02/12/2021 19:00:00","BZN|SE4","Without Sequence","219.00","",""
"02/12/2021 19:00:00 - 02/12/2021 20:00:00","BZN|SE4","Without Sequence","172.05","",""
"02/12/2021 20:00:00 - 02/12/2021 21:00:00","BZN|SE4","Without Sequence","156.14","",""
"02/12/2021 21:00:00 - 02/12/2021 22:00:00","BZN|SE4","Without Sequence","146.37","",""
"02/12/2021 22:00:00 - 02/12/2021 23:00:00","BZN|SE4","Without Sequence","127.09","",""
"02/12/2021 23:00:00 - 03/12/2021 00:00:00","BZN|SE4","Without Sequence","141.25","",""
"03/12/2021 00:00:00 - 03/12/2021 01:00:00","BZN|SE4","Without Sequence","124.99","",""
"03/12/2021 01:00:00 - 03/12/2021 02:00:00","BZN|SE4","Without Sequence","118.09","",""
"03/12/2021 02:00:00 - 03/12/2021 03:00:00","BZN|SE4","Without Sequence","111.39","",""
"03/12/2021 03:00:00 - 03/12/2021 04:00:00","BZN|SE4","Without Sequence","115.02","",""
"03/12/2021 04:00:00 - 03/12/2021 05:00:00","BZN|SE4","Without Sequence","130.73","",""
"03/12/2021 05:00:00 - 03/12/2021 06:00:00","BZN|SE4","Without Sequence","169.95","",""
"03/12/2021 06:00:00 - 03/12/2021 07:00:00","BZN|SE4","Without Sequence","248.03","",""
"03/12/2021 07:00:00 - 03/12/2021 08:00:00","BZN|SE4","Without Sequence","256.41","",""
"03/12/2021 08:00:00 - 03/12/2021 09:00:00","BZN|SE4","Without Sequence","259.99","",""
"03/12/2021 09:00:00 - 03/12/2021 10:00:00","BZN|SE4","Without Sequence","247.63","",""
"03/12/2021 10:00:00 - 03/12/2021 11:00:00","BZN|SE4","Without Sequence","230.05","",""
"03/12/2021 11:00:00 - 03/12/2021 12:00:00","BZN|SE4","Without Sequence","230.01","",""
"03/12/2021 12:00:00 - 03/12/2021 13:00:00","BZN|SE4","Without Sequence","228.28","",""
"03/12/2021 13:00:00 - 03/12/2021 14:00:00","BZN|SE4","Without Sequence","141.63","",""
"03/12/2021 14:00:00 - 03/12/2021 15:00:00","BZN|SE4","Without Sequence","180.10","",""
"03/12/2021 15:00:00 - 03/12/2021 16:00:00","BZN|SE4","Without Sequence","228.23","",""
"03/12/2021 16:00:00 - 03/12/2021 17:00:00","BZN|SE4","Without Sequence","174.21","",""
"03/12/2021 17:00:00 - 03/12/2021 18:00:00","BZN|SE4","Without Sequence","138.25","",""
"03/12/2021 18:00:00 - 03/12/2021 19:00:00","BZN|SE4","Without Sequence","130.30","",""
"03/12/2021 19:00:00 - 03/12/2021 20:00:00","BZN|SE4","Without Sequence","118.05","",""
"03/12/2021 20:00:00 - 03/12/2021 21:00:00","BZN|SE4","Without Sequence","116.71","",""
"03/12/2021 21:00:00 - 03/12/2021 22:00:00","BZN|SE4","Without Sequence","119.59","",""
"03/12/2021 22:00:00 - 03/12/2021 23:00:00","BZN|SE4","Without Sequence","106.48","",""
"03/12/2021 23:00:00 - 04/12/2021 00:00:00","BZN|SE4","Without Sequence","110.00","",""
"04/12/2021 00:00:00 - 04/12/2021 01:00:00","BZN|SE4","Without Sequence","105.21","",""
"04/12/2021 01:00:00 - 04/12/2021 02:00:00","BZN|SE4","Without Sequence","102.37","",""
"04/12/2021 02:00:00 - 04/12/2021 03:00:00","BZN|SE4","Without Sequence","98.31","",""
"04/12/2021 03:00:00 - 04/12/2021 04:00:00","BZN|SE4","Without Sequence","93.92","",""
"04/12/2021 04:00:00 - 04/12/2021 05:00:00","BZN|SE4","Without Sequence","103.61","",""
"04/12/2021 05:00:00 - 04/12/2021 06:00:00","BZN|SE4","Without Sequence","129.92","",""
"04/12/2021 06:00:00 - 04/12/2021 07:00:00","BZN|SE4","Without Sequence","128.30","",""
"04/12/2021 07:00:00 - 04/12/2021 08:00:00","BZN|SE4","Without Sequence","147.64","",""
"04/12/2021 08:00:00 - 04/12/2021 09:00:00","BZN|SE4","Without Sequence","215.92","",""
"04/12/2021 09:00:00 - 04/12/2021 10:00:00","BZN|SE4","Without Sequence","230.00","",""
"04/12/2021 10:00:00 - 04/12/2021 11:00:00","BZN|SE4","Without Sequence","220.10","",""
"04/12/2021 11:00:00 - 04/12/2021 12:00:00","BZN|SE4","Without Sequence","222.45","",""
"04/12/2021 12:00:00 - 04/12/2021 13:00:00","BZN|SE4","Without Sequence","210.06","",""
"04/12/2021 13:00:00 - 04/12/2021 14:00:00","BZN|SE4","Without Sequence","213.48","",""
"04/12/2021 14:00:00 - 04/12/2021 15:00:00","BZN|SE4","Without Sequence","210.00","",""
"04/12/2021 15:00:00 - 04/12/2021 16:00:00","BZN|SE4","Without Sequence","222.00","",""
"04/12/2021 16:00:00 - 04/12/2021 17:00:00","BZN|SE4","Without Sequence","243.05","",""
"04/12/2021 17:00:00 - 04/12/2021 18:00:00","BZN|SE4","Without Sequence","212.87","",""
"04/12/2021 18:00:00 - 04/12/2021 19:00:00","BZN|SE4","Without Sequence","161.59","",""
"04/12/2021 19:00:00 - 04/12/2021 20:00:00","BZN|SE4","Without Sequence","133.21","",""
"04/12/2021 20:00:00 - 04/12/2021 21:00:00","BZN|SE4","Without Sequence","129.57","",""
"04/12/2021 21:00:00 - 04/12/2021 22:00:00","BZN|SE4","Without Sequence","125.71","",""
"04/12/2021 22:00:00 - 04/12/2021 23:00:00","BZN|SE4","Without Sequence","116.99","",""
"04/12/2021 23:00:00 - 05/12/2021 00:00:00","BZN|SE4","Without Sequence","87.39","",""
"05/12/2021 00:00:00 - 05/12/2021 01:00:00","BZN|SE4","Without Sequence","87.92","",""
"05/12/2021 01:00:00 - 05/12/2021 02:00:00","BZN|SE4","Without Sequence","84.63","",""
"05/12/2021 02:00:00 - 05/12/2021 03:00:00","BZN|SE4","Without Sequence","80.99","",""
"05/12/2021 03:00:00 - 05/12/2021 04:00:00","BZN|SE4","Without Sequence","80.92","",""
"05/12/2021 04:00:00 - 05/12/2021 05:00:00","BZN|SE4","Without Sequence","84.77","",""
"05/12/2021 05:00:00 - 05/12/2021 06:00:00","BZN|SE4","Without Sequence","80.97","",""
"05/12/2021 06:00:00 - 05/12/2021 07:00:00","BZN|SE4","Without Sequence","91.90","",""
"05/12/2021 07:00:00 - 05/12/2021 08:00:00","BZN|SE4","Without Sequence","100.05","",""
"05/12/2021 08:00:00 - 05/12/2021 09:00:00","BZN|SE4","Without Sequence","118.52","",""
"05/12/2021 09:00:00 - 05/12/2021 10:00:00","BZN|SE4","Without Sequence","128.45","",""
"05/12/2021 10:00:00 - 05/12/2021 11:00:00","BZN|SE4","Without Sequence","128.60","",""
"05/12/2021 11:00:00 - 05/12/2021 12:00:00","BZN|SE4","Without Sequence","129.55","",""
"05/12/2021 12:00:00 - 05/12/2021 13:00:00","BZN|SE4","Without Sequence","129.59","",""
"05/12/2021 13:00:00 - 05/12/2021 14:00:00","BZN|SE4","Without Sequence","130.66","",""
"05/12/2021 14:00:00 - 05/12/2021 15:00:00","BZN|SE4","Without Sequence","133.87","",""
"05/12/2021 15:00:00 - 05/12/2021 16:00:00","BZN|SE4","Without Sequence","223.57","",""
"05/12/2021 16:00:00 - 05/12/2021 17:00:00","BZN|SE4","Without Sequence","250.74","",""
"05/12/2021 17:00:00 - 05/12/2021 18:00:00","BZN|SE4","Without Sequence","253.76","",""
"05/12/2021 18:00:00 - 05/12/2021 19:00:00","BZN|SE4","Without Sequence","215.68","",""
"05/12/2021 19:00:00 - 05/12/2021 20:00:00","BZN|SE4","Without Sequence","156.59","",""
"05/12/2021 20:00:00 - 05/12/2021 21:00:00","BZN|SE4","Without Sequence","148.74","",""
"05/12/2021 21:00:00 - 05/12/2021 22:00:00","BZN|SE4","Without Sequence","141.84","",""
"05/12/2021 22:00:00 - 05/12/2021 23:00:00","BZN|SE4","Without Sequence","129.59","",""
"05/12/2021 23:00:00 - 06/12/2021 00:00:00","BZN|SE4","Without Sequence","129.06","",""
"06/12/2021 00:00:00 - 06/12/2021 01:00:00","BZN|SE4","Without Sequence","126.91","",""
"06/12/2021 01:00:00 - 06/12/2021 02:00:00","BZN|SE4","Without Sequence","125.92","",""
"06/12/2021 02:00:00 - 06/12/2021 03:00:00","BZN|SE4","Without Sequence","129.48","",""
"06/12/2021 03:00:00 - 06/12/2021 04:00:00","BZN|SE4","Without Sequence","136.62","",""
"06/12/2021 04:00:00 - 06/12/2021 05:00:00","BZN|SE4","Without Sequence","177.58","",""
"06/12/2021 05:00:00 - 06/12/2021 06:00:00","BZN|SE4","Without Sequence","263.39","",""
"06/12/2021 06:00:00 - 06/12/2021 07:00:00","BZN|SE4","Without Sequence","348.10","",""
"06/12/2021 07:00:00 - 06/12/2021 08:00:00","BZN|SE4","Without Sequence","371.54","",""
"06/12/2021 08:00:00 - 06/12/2021 09:00:00","BZN|SE4","Without Sequence","363.67","",""
"06/12/2021 09:00:00 - 06/12/2021 10:00:00","BZN|SE4","Without Sequence","360.00","",""
"06/12/2021 10:00:00 - 06/12/2021 11:00:00","BZN|SE4","Without Sequence","353.01","",""
"06/12/2021 11:00:00 - 06/12/2021 12:00:00","BZN|SE4","Without Sequence","339.87","",""
"06/12/2021 12:00:00 - 06/12/2021 13:00:00","BZN|SE4","Without Sequence","322.88","",""
"06/12/2021 13:00:00 - 06/12/2021 14:00:00","BZN|SE4","Without Sequence","322.67","",""
"06/12/2021 14:00:00 - 06/12/2021 15:00:00","BZN|SE4","Without Sequence","456.77","",""
"06/12/2021 15:00:00 - 06/12/2021 16:00:00","BZN|SE4","Without Sequence","626.06","",""
"06/12/2021 16:00:00 - 06/12/2021 17:00:00","BZN|SE4","Without Sequence","520.69","",""
"06/12/2021 17:00:00 - 06/12/2021 18:00:00","BZN|SE4","Without Sequence","350.05","",""
"06/12/2021 18:00:00 - 06/12/2021 19:00:00","BZN|SE4","Without Sequence","317.34","",""
"06/12/2021 19:00:00 - 06/12/2021 20:00:00","BZN|SE4","Without Sequence","263.17","",""
"06/12/2021 20:00:00 - 06/12/2021 21:00:00","BZN|SE4","Without Sequence","199.00","",""
"06/12/2021 21:00:00 - 06/12/2021 22:00:00","BZN|SE4","Without Sequence","195.50","",""
"06/12/2021 22:00:00 - 06/12/2021 23:00:00","BZN|SE4","Without Sequence","162.10","",""
"06/12/2021 23:00:00 - 07/12/2021 00:00:00","BZN|SE4","Without Sequence","131.45","",""
"07/12/2021 00:00:00 - 07/12/2021 01:00:00","BZN|SE4","Without Sequence","119.95","",""
"07/12/2021 01:00:00 - 07/12/2021 02:00:00","BZN|SE4","Without Sequence","114.90","",""
"07/12/2021 02:00:00 - 07/12/2021 03:00:00","BZN|SE4","Without Sequence","114.61","",""
"07/12/2021 03:00:00 - 07/12/2021 04:00:00","BZN|SE4","Without Sequence","131.01","",""
"07/12/2021 04:00:00 - 07/12/2021 05:00:00","BZN|SE4","Without Sequence","145.45","",""
"07/12/2021 05:00:00 - 07/12/2021 06:00:00","BZN|SE4","Without Sequence","210.06","",""
"07/12/2021 06:00:00 - 07/12/2021 07:00:00","BZN|SE4","Without Sequence","289.18","",""
"07/12/2021 07:00:00 - 07/12/2021 08:00:00","BZN|SE4","Without Sequence","449.94","",""
"07/12/2021 08:00:00 - 07/12/2021 09:00:00","BZN|SE4","Without Sequence","395.00","",""
"07/12/2021 09:00:00 - 07/12/2021 10:00:00","BZN|SE4","Without Sequence","331.40","",""
"07/12/2021 10:00:00 - 07/12/2021 11:00:00","BZN|SE4","Without Sequence","331.59","",""
"07/12/2021 11:00:00 - 07/12/2021 12:00:00","BZN|SE4","Without Sequence","307.01","",""
"07/12/2021 12:00:00 - 07/12/2021 13:00:00","BZN|SE4","Without Sequence","287.05","",""
"07/12/2021 13:00:00 - 07/12/2021 14:00:00","BZN|SE4","Without Sequence","294.27","",""
"07/12/2021 14:00:00 - 07/12/2021 15:00:00","BZN|SE4","Without Sequence","307.40","",""
"07/12/2021 15:00:00 - 07/12/2021 16:00:00","BZN|SE4","Without Sequence","364.36","",""
"07/12/2021 16:00:00 - 07/12/2021 17:00:00","BZN|SE4","Without Sequence","298.68","",""
"07/12/2021 17:00:00 - 07/12/2021 18:00:00","BZN|SE4","Without Sequence","292.00","",""
"07/12/2021 18:00:00 - 07/12/2021 19:00:00","BZN|SE4","Without Sequence","285.93","",""
"07/12/2021 19:00:00 - 07/12/2021 20:00:00","BZN|SE4","Without Sequence","198.35","",""
"07/12/2021 20:00:00 - 07/12/2021 21:00:00","BZN|SE4","Without Sequence","177.43","",""
"07/12/2021 21:00:00 - 07/12/2021 22:00:00","BZN|SE4","Without Sequence","122.53","",""
"07/12/2021 22:00:00 - 07/12/2021 23:00:00","BZN|SE4","Without Sequence","91.36","",""
"07/12/2021 23:00:00 - 08/12/2021 00:00:00","BZN|SE4","Without Sequence","85.46","",""
"08/12/2021 00:00:00 - 08/12/2021 01:00:00","BZN|SE4","Without Sequence","77.64","",""
"08/12/2021 01:00:00 - 08/12/2021 02:00:00","BZN|SE4","Without Sequence","69.96","",""
"08/12/2021 02:00:00 - 08/12/2021 03:00:00","BZN|SE4","Without Sequence","66.08","",""
"08/12/2021 03:00:00 - 08/12/2021 04:00:00","BZN|SE4","Without Sequence","79.95","",""
"08/12/2021 04:00:00 - 08/12/2021 05:00:00","BZN|SE4","Without Sequence","92.02","",""
"08/12/2021 05:00:00 - 08/12/2021 06:00:00","BZN|SE4","Without Sequence","117.46","",""
"08/12/2021 06:00:00 - 08/12/2021 07:00:00","BZN|SE4","Without Sequence","174.28","",""
"08/12/2021 07:00:00 - 08/12/2021 08:00:00","BZN|SE4","Without Sequence","227.96","",""
"08/12/2021 08:00:00 - 08/12/2021 09:00:00","BZN|SE4","Without Sequence","222.92","",""
"08/12/2021 09:00:00 - 08/12/2021 10:00:00","BZN|SE4","Without Sequence","201.96","",""
"08/12/2021 10:00:00 - 08/12/2021 11:00:00","BZN|SE4","Without Sequence","204.59","",""
"08/12/2021 11:00:00 - 08/12/2021 12:00:00","BZN|SE4","Without Sequence","209.51","",""
"08/12/2021 12:00:00 - 08/12/2021 13:00:00","BZN|SE4","Without Sequence","214.73","",""
"08/12/2021 13:00:00 - 08/12/2021 14:00:00","BZN|SE4","Without Sequence","234.31","",""
"08/12/2021 14:00:00 - 08/12/2021 15:00:00","BZN|SE4","Without Sequence","247.19","",""
"08/12/2021 15:00:00 - 08/12/2021 16:00:00","BZN|SE4","Without Sequence","261.54","",""
"08/12/2021 16:00:00 - 08/12/2021 17:00:00","BZN|SE4","Without Sequence","292.00","",""
"08/12/2021 17:00:00 - 08/12/2021 18:00:00","BZN|SE4","Without Sequence","260.09","",""
"08/12/2021 18:00:00 - 08/12/2021 19:00:00","BZN|SE4","Without Sequence","245.95","",""
"08/12/2021 19:00:00 - 08/12/2021 20:00:00","BZN|SE4","Without Sequence","151.40","",""
"08/12/2021 20:00:00 - 08/12/2021 21:00:00","BZN|SE4","Without Sequence","135.60","",""
"08/12/2021 21:00:00 - 08/12/2021 22:00:00","BZN|SE4","Without Sequence","130.38","",""
"08/12/2021 22:00:00 - 08/12/2021 23:00:00","BZN|SE4","Without Sequence","124.02","",""
"08/12/2021 23:00:00 - 09/12/2021 00:00:00","BZN|SE4","Without Sequence","117.02","",""
"09/12/2021 00:00:00 - 09/12/2021 01:00:00","BZN|SE4","Without Sequence","114.49","",""
"09/12/2021 01:00:00 - 09/12/2021 02:00:00","BZN|SE4","Without Sequence","114.01","",""
"09/12/2021 02:00:00 - 09/12/2021 03:00:00","BZN|SE4","Without Sequence","114.54","",""
"09/12/2021 03:00:00 - 09/12/2021 04:00:00","BZN|SE4","Without Sequence","115.69","",""
"09/12/2021 04:00:00 - 09/12/2021 05:00:00","BZN|SE4","Without Sequence","125.28","",""
"09/12/2021 05:00:00 - 09/12/2021 06:00:00","BZN|SE4","Without Sequence","241.73","",""
"09/12/2021 06:00:00 - 09/12/2021 07:00:00","BZN|SE4","Without Sequence","308.20","",""
"09/12/2021 07:00:00 - 09/12/2021 08:00:00","BZN|SE4","Without Sequence","338.29","",""
"09/12/2021 08:00:00 - 09/12/2021 09:00:00","BZN|SE4","Without Sequence","346.20","",""
"09/12/2021 09:00:00 - 09/12/2021 10:00:00","BZN|SE4","Without Sequence","338.99","",""
"09/12/2021 10:00:00 - 09/12/2021 11:00:00","BZN|SE4","Without Sequence","340.00","",""
"09/12/2021 11:00:00 - 09/12/2021 12:00:00","BZN|SE4","Without Sequence","335.64","",""
"09/12/2021 12:00:00 - 09/12/2021 13:00:00","BZN|SE4","Without Sequence","334.51","",""
"09/12/2021 13:00:00 - 09/12/2021 14:00:00","BZN|SE4","Without Sequence","342.19","",""
"09/12/2021 14:00:00 - 09/12/2021 15:00:00","BZN|SE4","Without Sequence","343.00","",""
"09/12/2021 15:00:00 - 09/12/2021 16:00:00","BZN|SE4","Without Sequence","349.21","",""
"09/12/2021 16:00:00 - 09/12/2021 17:00:00","BZN|SE4","Without Sequence","355.69","",""
"09/12/2021 17:00:00 - 09/12/2021 18:00:00","BZN|SE4","Without Sequence","345.00","",""
"09/12/2021 18:00:00 - 09/12/2021 19:00:00","BZN|SE4","Without Sequence","316.30","",""
"09/12/2021 19:00:00 - 09/12/2021 20:00:00","BZN|SE4","Without Sequence","260.60","",""
"09/12/2021 20:00:00 - 09/12/2021 21:00:00","BZN|SE4","Without Sequence","214.72","",""
"09/12/2021 21:00:00 - 09/12/2021 22:00:00","BZN|SE4","Without Sequence","169.87","",""
"09/12/2021 22:00:00 - 09/12/2021 23:00:00","BZN|SE4","Without Sequence","147.17","",""
"09/12/2021 23:00:00 - 10/12/2021 00:00:00","BZN|SE4","Without Sequence","162.34","",""
"10/12/2021 00:00:00 - 10/12/2021 01:00:00","BZN|SE4","Without Sequence","151.52","",""
"10/12/2021 01:00:00 - 10/12/2021 02:00:00","BZN|SE4","Without Sequence","139.94","",""
"10/12/2021 02:00:00 - 10/12/2021 03:00:00","BZN|SE4","Without Sequence","140.70","",""
"10/12/2021 03:00:00 - 10/12/2021 04:00:00","BZN|SE4","Without Sequence","151.29","",""
"10/12/2021 04:00:00 - 10/12/2021 05:00:00","BZN|SE4","Without Sequence","169.31","",""
"10/12/2021 05:00:00 - 10/12/2021 06:00:00","BZN|SE4","Without Sequence","237.98","",""
"10/12/2021 06:00:00 - 10/12/2021 07:00:00","BZN|SE4","Without Sequence","282.83","",""
"10/12/2021 07:00:00 - 10/12/2021 08:00:00","BZN|SE4","Without Sequence","299.50","",""
"10/12/2021 08:00:00 - 10/12/2021 09:00:00","BZN|SE4","Without Sequence","290.81","",""
"10/12/2021 09:00:00 - 10/12/2021 10:00:00","BZN|SE4","Without Sequence","282.78","",""
"10/12/2021 10:00:00 - 10/12/2021 11:00:00","BZN|SE4","Without Sequence","266.49","",""
"10/12/2021 11:00:00 - 10/12/2021 12:00:00","BZN|SE4","Without Sequence","250.79","",""
"10/12/2021 12:00:00 - 10/12/2021 13:00:00","BZN|SE4","Without Sequence","245.10","",""
"10/12/2021 13:00:00 - 10/12/2021 14:00:00","BZN|SE4","Without Sequence","242.85","",""
"10/12/2021 14:00:00 - 10/12/2021 15:00:00","BZN|SE4","Without Sequence","254.61","",""
"10/12/2021 15:00:00 - 10/12/2021 16:00:00","BZN|SE4","Without Sequence","274.76","",""
"10/12/2021 16:00:00 - 10/12/2021 17:00:00","BZN|SE4","Without Sequence","300.04","",""
"10/12/2021 17:00:00 - 10/12/2021 18:00:00","BZN|SE4","Without Sequence","297.35","",""
"10/12/2021 18:00:00 - 10/12/2021 19:00:00","BZN|SE4","Without Sequence","265.41","",""
"10/12/2021 19:00:00 - 10/12/2021 20:00:00","BZN|SE4","Without Sequence","248.46","",""
"10/12/2021 20:00:00 - 10/12/2021 21:00:00","BZN|SE4","Without Sequence","228.66","",""
"10/12/2021 21:00:00 - 10/12/2021 22:00:00","BZN|SE4","Without Sequence","227.78","",""
"10/12/2021 22:00:00 - 10/12/2021 23:00:00","BZN|SE4","Without Sequence","160.09","",""
"10/12/2021 23:00:00 - 11/12/2021 00:00:00","BZN|SE4","Without Sequence","135.31","",""
"11/12/2021 00:00:00 - 11/12/2021 01:00:00","BZN|SE4","Without Sequence","151.96","",""
"11/12/2021 01:00:00 - 11/12/2021 02:00:00","BZN|SE4","Without Sequence","175.61","",""
"11/12/2021 02:00:00 - 11/12/2021 03:00:00","BZN|SE4","Without Sequence","173.39","",""
"11/12/2021 03:00:00 - 11/12/2021 04:00:00","BZN|SE4","Without Sequence","170.83","",""
"11/12/2021 04:00:00 - 11/12/2021 05:00:00","BZN|SE4","Without Sequence","191.30","",""
"11/12/2021 05:00:00 - 11/12/2021 06:00:00","BZN|SE4","Without Sequence","214.79","",""
"11/12/2021 06:00:00 - 11/12/2021 07:00:00","BZN|SE4","Without Sequence","238.05","",""
"11/12/2021 07:00:00 - 11/12/2021 08:00:00","BZN|SE4","Without Sequence","266.62","",""
"11/12/2021 08:00:00 - 11/12/2021 09:00:00","BZN|SE4","Without Sequence","287.90","",""
"11/12/2021 09:00:00 - 11/12/2021 10:00:00","BZN|SE4","Without Sequence","284.07","",""
"11/12/2021 10:00:00 - 11/12/2021 11:00:00","BZN|SE4","Without Sequence","287.08","",""
"11/12/2021 11:00:00 - 11/12/2021 12:00:00","BZN|SE4","Without Sequence","285.47","",""
"11/12/2021 12:00:00 - 11/12/2021 13:00:00","BZN|SE4","Without Sequence","247.42","",""
"11/12/2021 13:00:00 - 11/12/2021 14:00:00","BZN|SE4","Without Sequence","235.30","",""
"11/12/2021 14:00:00 - 11/12/2021 15:00:00","BZN|SE4","Without Sequence","247.07","",""
"11/12/2021 15:00:00 - 11/12/2021 16:00:00","BZN|SE4","Without Sequence","263.73","",""
"11/12/2021 16:00:00 - 11/12/2021 17:00:00","BZN|SE4","Without Sequence","281.59","",""
"11/12/2021 17:00:00 - 11/12/2021 18:00:00","BZN|SE4","Without Sequence","274.19","",""
"11/12/2021 18:00:00 - 11/12/2021 19:00:00","BZN|SE4","Without Sequence","223.26","",""
"11/12/2021 19:00:00 - 11/12/2021 20:00:00","BZN|SE4","Without Sequence","218.04","",""
"11/12/2021 20:00:00 - 11/12/2021 21:00:00","BZN|SE4","Without Sequence","193.61","",""
"11/12/2021 21:00:00 - 11/12/2021 22:00:00","BZN|SE4","Without Sequence","160.55","",""
"11/12/2021 22:00:00 - 11/12/2021 23:00:00","BZN|SE4","Without Sequence","130.01","",""
"11/12/2021 23:00:00 - 12/12/2021 00:00:00","BZN|SE4","Without Sequence","132.95","",""
"12/12/2021 00:00:00 - 12/12/2021 01:00:00","BZN|SE4","Without Sequence","120.49","",""
"12/12/2021 01:00:00 - 12/12/2021 02:00:00","BZN|SE4","Without Sequence","114.17","",""
"12/12/2021 02:00:00 - 12/12/2021 03:00:00","BZN|SE4","Without Sequence","109.92","",""
"12/12/2021 03:00:00 - 12/12/2021 04:00:00","BZN|SE4","Without Sequence","106.98","",""
"12/12/2021 04:00:00 - 12/12/2021 05:00:00","BZN|SE4","Without Sequence","105.90","",""
"12/12/2021 05:00:00 - 12/12/2021 06:00:00","BZN|SE4","Without Sequence","105.94","",""
"12/12/2021 06:00:00 - 12/12/2021 07:00:00","BZN|SE4","Without Sequence","108.27","",""
"12/12/2021 07:00:00 - 12/12/2021 08:00:00","BZN|SE4","Without Sequence","118.36","",""
"12/12/2021 08:00:00 - 12/12/2021 09:00:00","BZN|SE4","Without Sequence","133.55","",""
"12/12/2021 09:00:00 - 12/12/2021 10:00:00","BZN|SE4","Without Sequence","170.81","",""
"12/12/2021 10:00:00 - 12/12/2021 11:00:00","BZN|SE4","Without Sequence","200.08","",""
"12/12/2021 11:00:00 - 12/12/2021 12:00:00","BZN|SE4","Without Sequence","200.08","",""
"12/12/2021 12:00:00 - 12/12/2021 13:00:00","BZN|SE4","Without Sequence","191.13","",""
"12/12/2021 13:00:00 - 12/12/2021 14:00:00","BZN|SE4","Without Sequence","204.57","",""
"12/12/2021 14:00:00 - 12/12/2021 15:00:00","BZN|SE4","Without Sequence","231.08","",""
"12/12/2021 15:00:00 - 12/12/2021 16:00:00","BZN|SE4","Without Sequence","253.33","",""
"12/12/2021 16:00:00 - 12/12/2021 17:00:00","BZN|SE4","Without Sequence","282.00","",""
"12/12/2021 17:00:00 - 12/12/2021 18:00:00","BZN|SE4","Without Sequence","287.56","",""
"12/12/2021 18:00:00 - 12/12/2021 19:00:00","BZN|SE4","Without Sequence","262.20","",""
"12/12/2021 19:00:00 - 12/12/2021 20:00:00","BZN|SE4","Without Sequence","259.41","",""
"12/12/2021 20:00:00 - 12/12/2021 21:00:00","BZN|SE4","Without Sequence","228.02","",""
"12/12/2021 21:00:00 - 12/12/2021 22:00:00","BZN|SE4","Without Sequence","228.71","",""
"12/12/2021 22:00:00 - 12/12/2021 23:00:00","BZN|SE4","Without Sequence","178.42","",""
"12/12/2021 23:00:00 - 13/12/2021 00:00:00","BZN|SE4","Without Sequence","131.97","",""
"13/12/2021 00:00:00 - 13/12/2021 01:00:00","BZN|SE4","Without Sequence","130.94","",""
"13/12/2021 01:00:00 - 13/12/2021 02:00:00","BZN|SE4","Without Sequence","127.05","",""
"13/12/2021 02:00:00 - 13/12/2021 03:00:00","BZN|SE4","Without Sequence","125.47","",""
"13/12/2021 03:00:00 - 13/12/2021 04:00:00","BZN|SE4","Without Sequence","130.54","",""
"13/12/2021 04:00:00 - 13/12/2021 05:00:00","BZN|SE4","Without Sequence","145.87","",""
"13/12/2021 05:00:00 - 13/12/2021 06:00:00","BZN|SE4","Without Sequence","269.20","",""
"13/12/2021 06:00:00 - 13/12/2021 07:00:00","BZN|SE4","Without Sequence","306.08","",""
"13/12/2021 07:00:00 - 13/12/2021 08:00:00","BZN|SE4","Without Sequence","317.20","",""
"13/12/2021 08:00:00 - 13/12/2021 09:00:00","BZN|SE4","Without Sequence","325.19","",""
"13/12/2021 09:00:00 - 13/12/2021 10:00:00","BZN|SE4","Without Sequence","319.00","",""
"13/12/2021 10:00:00 - 13/12/2021 11:00:00","BZN|SE4","Without Sequence","317.13","",""
"13/12/2021 11:00:00 - 13/12/2021 12:00:00","BZN|SE4","Without Sequence","312.95","",""
"13/12/2021 12:00:00 - 13/12/2021 13:00:00","BZN|SE4","Without Sequence","290.09","",""
"13/12/2021 13:00:00 - 13/12/2021 14:00:00","BZN|SE4","Without Sequence","278.00","",""
"13/12/2021 14:00:00 - 13/12/2021 15:00:00","BZN|SE4","Without Sequence","299.95","",""
"13/12/2021 15:00:00 - 13/12/2021 16:00:00","BZN|SE4","Without Sequence","299.98","",""
"13/12/2021 16:00:00 - 13/12/2021 17:00:00","BZN|SE4","Without Sequence","345.24","",""
"13/12/2021 17:00:00 - 13/12/2021 18:00:00","BZN|SE4","Without Sequence","260.08","",""
"13/12/2021 18:00:00 - 13/12/2021 19:00:00","BZN|SE4","Without Sequence","260.02","",""
"13/12/2021 19:00:00 - 13/12/2021 20:00:00","BZN|SE4","Without Sequence","133.00","",""
"13/12/2021 20:00:00 - 13/12/2021 21:00:00","BZN|SE4","Without Sequence","135.38","",""
"13/12/2021 21:00:00 - 13/12/2021 22:00:00","BZN|SE4","Without Sequence","126.87","",""
"13/12/2021 22:00:00 - 13/12/2021 23:00:00","BZN|SE4","Without Sequence","47.08","",""
"13/12/2021 23:00:00 - 14/12/2021 00:00:00","BZN|SE4","Without Sequence","38.73","",""
"14/12/2021 00:00:00 - 14/12/2021 01:00:00","BZN|SE4","Without Sequence","36.02","",""
"14/12/2021 01:00:00 - 14/12/2021 02:00:00","BZN|SE4","Without Sequence","35.25","",""
"14/12/2021 02:00:00 - 14/12/2021 03:00:00","BZN|SE4","Without Sequence","35.30","",""
"14/12/2021 03:00:00 - 14/12/2021 04:00:00","BZN|SE4","Without Sequence","36.74","",""
"14/12/2021 04:00:00 - 14/12/2021 05:00:00","BZN|SE4","Without Sequence","109.84","",""
"14/12/2021 05:00:00 - 14/12/2021 06:00:00","BZN|SE4","Without Sequence","137.72","",""
"14/12/2021 06:00:00 - 14/12/2021 07:00:00","BZN|SE4","Without Sequence","217.93","",""
"14/12/2021 07:00:00 - 14/12/2021 08:00:00","BZN|SE4","Without Sequence","299.99","",""
"14/12/2021 08:00:00 - 14/12/2021 09:00:00","BZN|SE4","Without Sequence","309.25","",""
"14/12/2021 09:00:00 - 14/12/2021 10:00:00","BZN|SE4","Without Sequence","280.08","",""
"14/12/2021 10:00:00 - 14/12/2021 11:00:00","BZN|SE4","Without Sequence","330.23","",""
"14/12/2021 11:00:00 - 14/12/2021 12:00:00","BZN|SE4","Without Sequence","299.17","",""
"14/12/2021 12:00:00 - 14/12/2021 13:00:00","BZN|SE4","Without Sequence","304.00","",""
"14/12/2021 13:00:00 - 14/12/2021 14:00:00","BZN|SE4","Without Sequence","312.53","",""
"14/12/2021 14:00:00 - 14/12/2021 15:00:00","BZN|SE4","Without Sequence","351.65","",""
"14/12/2021 15:00:00 - 14/12/2021 16:00:00","BZN|SE4","Without Sequence","370.88","",""
"14/12/2021 16:00:00 - 14/12/2021 17:00:00","BZN|SE4","Without Sequence","390.40","",""
"14/12/2021 17:00:00 - 14/12/2021 18:00:00","BZN|SE4","Without Sequence","376.05","",""
"14/12/2021 18:00:00 - 14/12/2021 19:00:00","BZN|SE4","Without Sequence","351.28","",""
"14/12/2021 19:00:00 - 14/12/2021 20:00:00","BZN|SE4","Without Sequence","135.80","",""
"14/12/2021 20:00:00 - 14/12/2021 21:00:00","BZN|SE4","Without Sequence","176.41","",""
"14/12/2021 21:00:00 - 14/12/2021 22:00:00","BZN|SE4","Without Sequence","123.79","",""
"14/12/2021 22:00:00 - 14/12/2021 23:00:00","BZN|SE4","Without Sequence","52.61","",""
"14/12/2021 23:00:00 - 15/12/2021 00:00:00","BZN|SE4","Without Sequence","20.61","",""
"15/12/2021 00:00:00 - 15/12/2021 01:00:00","BZN|SE4","Without Sequence","19.12","",""
"15/12/2021 01:00:00 - 15/12/2021 02:00:00","BZN|SE4","Without Sequence","16.61","",""
"15/12/2021 02:00:00 - 15/12/2021 03:00:00","BZN|SE4","Without Sequence","14.98","",""
"15/12/2021 03:00:00 - 15/12/2021 04:00:00","BZN|SE4","Without Sequence","15.95","",""
"15/12/2021 04:00:00 - 15/12/2021 05:00:00","BZN|SE4","Without Sequence","23.07","",""
"15/12/2021 05:00:00 - 15/12/2021 06:00:00","BZN|SE4","Without Sequence","38.58","",""
"15/12/2021 06:00:00 - 15/12/2021 07:00:00","BZN|SE4","Without Sequence","119.94","",""
"15/12/2021 07:00:00 - 15/12/2021 08:00:00","BZN|SE4","Without Sequence","129.96","",""
"15/12/2021 08:00:00 - 15/12/2021 09:00:00","BZN|SE4","Without Sequence","122.81","",""
"15/12/2021 09:00:00 - 15/12/2021 10:00:00","BZN|SE4","Without Sequence","129.28","",""
"15/12/2021 10:00:00 - 15/12/2021 11:00:00","BZN|SE4","Without Sequence","128.98","",""
"15/12/2021 11:00:00 - 15/12/2021 12:00:00","BZN|SE4","Without Sequence","128.15","",""
"15/12/2021 12:00:00 - 15/12/2021 13:00:00","BZN|SE4","Without Sequence","128.11","",""
"15/12/2021 13:00:00 - 15/12/2021 14:00:00","BZN|SE4","Without Sequence","128.12","",""
"15/12/2021 14:00:00 - 15/12/2021 15:00:00","BZN|SE4","Without Sequence","133.96","",""
"15/12/2021 15:00:00 - 15/12/2021 16:00:00","BZN|SE4","Without Sequence","134.19","",""
"15/12/2021 16:00:00 - 15/12/2021 17:00:00","BZN|SE4","Without Sequence","134.01","",""
"15/12/2021 17:00:00 - 15/12/2021 18:00:00","BZN|SE4","Without Sequence","128.13","",""
"15/12/2021 18:00:00 - 15/12/2021 19:00:00","BZN|SE4","Without Sequence","107.93","",""
"15/12/2021 19:00:00 - 15/12/2021 20:00:00","BZN|SE4","Without Sequence","38.89","",""
"15/12/2021 20:00:00 - 15/12/2021 21:00:00","BZN|SE4","Without Sequence","21.70","",""
"15/12/2021 21:00:00 - 15/12/2021 22:00:00","BZN|SE4","Without Sequence","19.83","",""
"15/12/2021 22:00:00 - 15/12/2021 23:00:00","BZN|SE4","Without Sequence","14.97","",""
"15/12/2021 23:00:00 - 16/12/2021 00:00:00","BZN|SE4","Without Sequence","15.08","",""
"16/12/2021 00:00:00 - 16/12/2021 01:00:00","BZN|SE4","Without Sequence","14.31","",""
"16/12/2021 01:00:00 - 16/12/2021 02:00:00","BZN|SE4","Without Sequence","14.02","",""
"16/12/2021 02:00:00 - 16/12/2021 03:00:00","BZN|SE4","Without Sequence","14.96","",""
"16/12/2021 03:00:00 - 16/12/2021 04:00:00","BZN|SE4","Without Sequence","16.91","",""
"16/12/2021 04:00:00 - 16/12/2021 05:00:00","BZN|SE4","Without Sequence","19.96","",""
"16/12/2021 05:00:00 - 16/12/2021 06:00:00","BZN|SE4","Without Sequence","18.84","",""
"16/12/2021 06:00:00 - 16/12/2021 07:00:00","BZN|SE4","Without Sequence","224.14","",""
"16/12/2021 07:00:00 - 16/12/2021 08:00:00","BZN|SE4","Without Sequence","174.91","",""
"16/12/2021 08:00:00 - 16/12/2021 09:00:00","BZN|SE4","Without Sequence","152.91","",""
"16/12/2021 09:00:00 - 16/12/2021 10:00:00","BZN|SE4","Without Sequence","202.15","",""
"16/12/2021 10:00:00 - 16/12/2021 11:00:00","BZN|SE4","Without Sequence","163.56","",""
"16/12/2021 11:00:00 - 16/12/2021 12:00:00","BZN|SE4","Without Sequence","160.68","",""
"16/12/2021 12:00:00 - 16/12/2021 13:00:00","BZN|SE4","Without Sequence","157.83","",""
"16/12/2021 13:00:00 - 16/12/2021 14:00:00","BZN|SE4","Without Sequence","158.08","",""
"16/12/2021 14:00:00 - 16/12/2021 15:00:00","BZN|SE4","Without Sequence","162.75","",""
"16/12/2021 15:00:00 - 16/12/2021 16:00:00","BZN|SE4","Without Sequence","166.47","",""
"16/12/2021 16:00:00 - 16/12/2021 17:00:00","BZN|SE4","Without Sequence","180.09","",""
"16/12/2021 17:00:00 - 16/12/2021 18:00:00","BZN|SE4","Without Sequence","180.26","",""
"16/12/2021 18:00:00 - 16/12/2021 19:00:00","BZN|SE4","Without Sequence","166.51","",""
"16/12/2021 19:00:00 - 16/12/2021 20:00:00","BZN|SE4","Without Sequence","128.65","",""
"16/12/2021 20:00:00 - 16/12/2021 21:00:00","BZN|SE4","Without Sequence","119.02","",""
"16/12/2021 21:00:00 - 16/12/2021 22:00:00","BZN|SE4","Without Sequence","102.93","",""
"16/12/2021 22:00:00 - 16/12/2021 23:00:00","BZN|SE4","Without Sequence","19.95","",""
"16/12/2021 23:00:00 - 17/12/2021 00:00:00","BZN|SE4","Without Sequence","19.36","",""
"17/12/2021 00:00:00 - 17/12/2021 01:00:00","BZN|SE4","Without Sequence","19.06","",""
"17/12/2021 01:00:00 - 17/12/2021 02:00:00","BZN|SE4","Without Sequence","19.15","",""
"17/12/2021 02:00:00 - 17/12/2021 03:00:00","BZN|SE4","Without Sequence","18.79","",""
"17/12/2021 03:00:00 - 17/12/2021 04:00:00","BZN|SE4","Without Sequence","21.10","",""
"17/12/2021 04:00:00 - 17/12/2021 05:00:00","BZN|SE4","Without Sequence","70.00","",""
"17/12/2021 05:00:00 - 17/12/2021 06:00:00","BZN|SE4","Without Sequence","208.71","",""
"17/12/2021 06:00:00 - 17/12/2021 07:00:00","BZN|SE4","Without Sequence","225.04","",""
"17/12/2021 07:00:00 - 17/12/2021 08:00:00","BZN|SE4","Without Sequence","379.94","",""
"17/12/2021 08:00:00 - 17/12/2021 09:00:00","BZN|SE4","Without Sequence","311.30","",""
"17/12/2021 09:00:00 - 17/12/2021 10:00:00","BZN|SE4","Without Sequence","256.34","",""
"17/12/2021 10:00:00 - 17/12/2021 11:00:00","BZN|SE4","Without Sequence","255.06","",""
"17/12/2021 11:00:00 - 17/12/2021 12:00:00","BZN|SE4","Without Sequence","200.86","",""
"17/12/2021 12:00:00 - 17/12/2021 13:00:00","BZN|SE4","Without Sequence","197.68","",""
"17/12/2021 13:00:00 - 17/12/2021 14:00:00","BZN|SE4","Without Sequence","204.02","",""
"17/12/2021 14:00:00 - 17/12/2021 15:00:00","BZN|SE4","Without Sequence","244.93","",""
"17/12/2021 15:00:00 - 17/12/2021 16:00:00","BZN|SE4","Without Sequence","280.22","",""
"17/12/2021 16:00:00 - 17/12/2021 17:00:00","BZN|SE4","Without Sequence","274.02","",""
"17/12/2021 17:00:00 - 17/12/2021 18:00:00","BZN|SE4","Without Sequence","275.35","",""
"17/12/2021 18:00:00 - 17/12/2021 19:00:00","BZN|SE4","Without Sequence","225.03","",""
"17/12/2021 19:00:00 - 17/12/2021 20:00:00","BZN|SE4","Without Sequence","195.00","",""
"17/12/2021 20:00:00 - 17/12/2021 21:00:00","BZN|SE4","Without Sequence","222.96","",""
"17/12/2021 21:00:00 - 17/12/2021 22:00:00","BZN|SE4","Without Sequence","171.04","",""
"17/12/2021 22:00:00 - 17/12/2021 23:00:00","BZN|SE4","Without Sequence","160.08","",""
"17/12/2021 23:00:00 - 18/12/2021 00:00:00","BZN|SE4","Without Sequence","176.92","",""
"18/12/2021 00:00:00 - 18/12/2021 01:00:00","BZN|SE4","Without Sequence","104.99","",""
"18/12/2021 01:00:00 - 18/12/2021 02:00:00","BZN|SE4","Without Sequence","19.83","",""
"18/12/2021 02:00:00 - 18/12/2021 03:00:00","BZN|SE4","Without Sequence","19.58","",""
"18/12/2021 03:00:00 - 18/12/2021 04:00:00","BZN|SE4","Without Sequence","19.94","",""
"18/12/2021 04:00:00 - 18/12/2021 05:00:00","BZN|SE4","Without Sequence","21.06","",""
"18/12/2021 05:00:00 - 18/12/2021 06:00:00","BZN|SE4","Without Sequence","37.93","",""
"18/12/2021 06:00:00 - 18/12/2021 07:00:00","BZN|SE4","Without Sequence","99.17","",""
"18/12/2021 07:00:00 - 18/12/2021 08:00:00","BZN|SE4","Without Sequence","136.45","",""
"18/12/2021 08:00:00 - 18/12/2021 09:00:00","BZN|SE4","Without Sequence","159.05","",""
"18/12/2021 09:00:00 - 18/12/2021 10:00:00","BZN|SE4","Without Sequence","166.69","",""
"18/12/2021 10:00:00 - 18/12/2021 11:00:00","BZN|SE4","Without Sequence","162.99","",""
"18/12/2021 11:00:00 - 18/12/2021 12:00:00","BZN|SE4","Without Sequence","149.78","",""
"18/12/2021 12:00:00 - 18/12/2021 13:00:00","BZN|SE4","Without Sequence","133.61","",""
"18/12/2021 13:00:00 - 18/12/2021 14:00:00","BZN|SE4","Without Sequence","133.57","",""
"18/12/2021 14:00:00 - 18/12/2021 15:00:00","BZN|SE4","Without Sequence","140.31","",""
"18/12/2021 15:00:00 - 18/12/2021 16:00:00","BZN|SE4","Without Sequence","153.09","",""
"18/12/2021 16:00:00 - 18/12/2021 17:00:00","BZN|SE4","Without Sequence","154.76","",""
"18/12/2021 17:00:00 - 18/12/2021 18:00:00","BZN|SE4","Without Sequence","149.98","",""
"18/12/2021 18:00:00 - 18/12/2021 19:00:00","BZN|SE4","Without Sequence","119.92","",""
"18/12/2021 19:00:00 - 18/12/2021 20:00:00","BZN|SE4","Without Sequence","74.96","",""
"18/12/2021 20:00:00 - 18/12/2021 21:00:00","BZN|SE4","Without Sequence","42.79","",""
"18/12/2021 21:00:00 - 18/12/2021 22:00:00","BZN|SE4","Without Sequence","19.16","",""
"18/12/2021 22:00:00 - 18/12/2021 23:00:00","BZN|SE4","Without Sequence","16.03","",""
"18/12/2021 23:00:00 - 19/12/2021 00:00:00","BZN|SE4","Without Sequence","15.01","",""
"19/12/2021 00:00:00 - 19/12/2021 01:00:00","BZN|SE4","Without Sequence","13.75","",""
"19/12/2021 01:00:00 - 19/12/2021 02:00:00","BZN|SE4","Without Sequence","14.00","",""
"19/12/2021 02:00:00 - 19/12/2021 03:00:00","BZN|SE4","Without Sequence","14.88","",""
"19/12/2021 03:00:00 - 19/12/2021 04:00:00","BZN|SE4","Without Sequence","15.03","",""
"19/12/2021 04:00:00 - 19/12/2021 05:00:00","BZN|SE4","Without Sequence","15.34","",""
"19/12/2021 05:00:00 - 19/12/2021 06:00:00","BZN|SE4","Without Sequence","15.17","",""
"19/12/2021 06:00:00 - 19/12/2021 07:00:00","BZN|SE4","Without Sequence","17.36","",""
"19/12/2021 07:00:00 - 19/12/2021 08:00:00","BZN|SE4","Without Sequence","20.43","",""
"19/12/2021 08:00:00 - 19/12/2021 09:00:00","BZN|SE4","Without Sequence","22.92","",""
"19/12/2021 09:00:00 - 19/12/2021 10:00:00","BZN|SE4","Without Sequence","59.90","",""
"19/12/2021 10:00:00 - 19/12/2021 11:00:00","BZN|SE4","Without Sequence","80.21","",""
"19/12/2021 11:00:00 - 19/12/2021 12:00:00","BZN|SE4","Without Sequence","54.99","",""
"19/12/2021 12:00:00 - 19/12/2021 13:00:00","BZN|SE4","Without Sequence","59.95","",""
"19/12/2021 13:00:00 - 19/12/2021 14:00:00","BZN|SE4","Without Sequence","85.60","",""
"19/12/2021 14:00:00 - 19/12/2021 15:00:00","BZN|SE4","Without Sequence","99.99","",""
"19/12/2021 15:00:00 - 19/12/2021 16:00:00","BZN|SE4","Without Sequence","133.78","",""
"19/12/2021 16:00:00 - 19/12/2021 17:00:00","BZN|SE4","Without Sequence","170.68","",""
"19/12/2021 17:00:00 - 19/12/2021 18:00:00","BZN|SE4","Without Sequence","174.50","",""
"19/12/2021 18:00:00 - 19/12/2021 19:00:00","BZN|SE4","Without Sequence","173.73","",""
"19/12/2021 19:00:00 - 19/12/2021 20:00:00","BZN|SE4","Without Sequence","125.89","",""
"19/12/2021 20:00:00 - 19/12/2021 21:00:00","BZN|SE4","Without Sequence","108.50","",""
"19/12/2021 21:00:00 - 19/12/2021 22:00:00","BZN|SE4","Without Sequence","94.64","",""
"19/12/2021 22:00:00 - 19/12/2021 23:00:00","BZN|SE4","Without Sequence","28.77","",""
"19/12/2021 23:00:00 - 20/12/2021 00:00:00","BZN|SE4","Without Sequence","34.91","",""
"20/12/2021 00:00:00 - 20/12/2021 01:00:00","BZN|SE4","Without Sequence","34.08","",""
"20/12/2021 01:00:00 - 20/12/2021 02:00:00","BZN|SE4","Without Sequence","34.89","",""
"20/12/2021 02:00:00 - 20/12/2021 03:00:00","BZN|SE4","Without Sequence","37.93","",""
"20/12/2021 03:00:00 - 20/12/2021 04:00:00","BZN|SE4","Without Sequence","93.50","",""
"20/12/2021 04:00:00 - 20/12/2021 05:00:00","BZN|SE4","Without Sequence","134.95","",""
"20/12/2021 05:00:00 - 20/12/2021 06:00:00","BZN|SE4","Without Sequence","225.98","",""
"20/12/2021 06:00:00 - 20/12/2021 07:00:00","BZN|SE4","Without Sequence","387.43","",""
"20/12/2021 07:00:00 - 20/12/2021 08:00:00","BZN|SE4","Without Sequence","425.95","",""
"20/12/2021 08:00:00 - 20/12/2021 09:00:00","BZN|SE4","Without Sequence","400.19","",""
"20/12/2021 09:00:00 - 20/12/2021 10:00:00","BZN|SE4","Without Sequence","364.81","",""
"20/12/2021 10:00:00 - 20/12/2021 11:00:00","BZN|SE4","Without Sequence","353.30","",""
"20/12/2021 11:00:00 - 20/12/2021 12:00:00","BZN|SE4","Without Sequence","325.10","",""
"20/12/2021 12:00:00 - 20/12/2021 13:00:00","BZN|SE4","Without Sequence","359.51","",""
"20/12/2021 13:00:00 - 20/12/2021 14:00:00","BZN|SE4","Without Sequence","404.92","",""
"20/12/2021 14:00:00 - 20/12/2021 15:00:00","BZN|SE4","Without Sequence","428.82","",""
"20/12/2021 15:00:00 - 20/12/2021 16:00:00","BZN|SE4","Without Sequence","439.97","",""
"20/12/2021 16:00:00 - 20/12/2021 17:00:00","BZN|SE4","Without Sequence","460.08","",""
"20/12/2021 17:00:00 - 20/12/2021 18:00:00","BZN|SE4","Without Sequence","465.98","",""
"20/12/2021 18:00:00 - 20/12/2021 19:00:00","BZN|SE4","Without Sequence","442.73","",""
"20/12/2021 19:00:00 - 20/12/2021 20:00:00","BZN|SE4","Without Sequence","424.00","",""
"20/12/2021 20:00:00 - 20/12/2021 21:00:00","BZN|SE4","Without Sequence","364.23","",""
"20/12/2021 21:00:00 - 20/12/2021 22:00:00","BZN|SE4","Without Sequence","332.81","",""
"20/12/2021 22:00:00 - 20/12/2021 23:00:00","BZN|SE4","Without Sequence","216.21","",""
"20/12/2021 23:00:00 - 21/12/2021 00:00:00","BZN|SE4","Without Sequence","233.67","",""
"21/12/2021 00:00:00 - 21/12/2021 01:00:00","BZN|SE4","Without Sequence","208.73","",""
"21/12/2021 01:00:00 - 21/12/2021 02:00:00","BZN|SE4","Without Sequence","203.13","",""
"21/12/2021 02:00:00 - 21/12/2021 03:00:00","BZN|SE4","Without Sequence","201.13","",""
"21/12/2021 03:00:00 - 21/12/2021 04:00:00","BZN|SE4","Without Sequence","221.81","",""
"21/12/2021 04:00:00 - 21/12/2021 05:00:00","BZN|SE4","Without Sequence","315.03","",""
"21/12/2021 05:00:00 - 21/12/2021 06:00:00","BZN|SE4","Without Sequence","399.98","",""
"21/12/2021 06:00:00 - 21/12/2021 07:00:00","BZN|SE4","Without Sequence","471.02","",""
"21/12/2021 07:00:00 - 21/12/2021 08:00:00","BZN|SE4","Without Sequence","510.02","",""
"21/12/2021 08:00:00 - 21/12/2021 09:00:00","BZN|SE4","Without Sequence","513.58","",""
"21/12/2021 09:00:00 - 21/12/2021 10:00:00","BZN|SE4","Without Sequence","503.39","",""
"21/12/2021 10:00:00 - 21/12/2021 11:00:00","BZN|SE4","Without Sequence","480.00","",""
"21/12/2021 11:00:00 - 21/12/2021 12:00:00","BZN|SE4","Without Sequence","457.26","",""
"21/12/2021 12:00:00 - 21/12/2021 13:00:00","BZN|SE4","Without Sequence","460.00","",""
"21/12/2021 13:00:00 - 21/12/2021 14:00:00","BZN|SE4","Without Sequence","476.21","",""
"21/12/2021 14:00:00 - 21/12/2021 15:00:00","BZN|SE4","Without Sequence","505.13","",""
"21/12/2021 15:00:00 - 21/12/2021 16:00:00","BZN|SE4","Without Sequence","539.91","",""
"21/12/2021 16:00:00 - 21/12/2021 17:00:00","BZN|SE4","Without Sequence","620.00","",""
"21/12/2021 17:00:00 - 21/12/2021 18:00:00","BZN|SE4","Without Sequence","600.10","",""
"21/12/2021 18:00:00 - 21/12/2021 19:00:00","BZN|SE4","Without Sequence","520.00","",""
"21/12/2021 19:00:00 - 21/12/2021 20:00:00","BZN|SE4","Without Sequence","470.59","",""
"21/12/2021 20:00:00 - 21/12/2021 21:00:00","BZN|SE4","Without Sequence","408.25","",""
"21/12/2021 21:00:00 - 21/12/2021 22:00:00","BZN|SE4","Without Sequence","342.63","",""
"21/12/2021 22:00:00 - 21/12/2021 23:00:00","BZN|SE4","Without Sequence","261.97","",""
"21/12/2021 23:00:00 - 22/12/2021 00:00:00","BZN|SE4","Without Sequence","227.97","",""
"22/12/2021 00:00:00 - 22/12/2021 01:00:00","BZN|SE4","Without Sequence","213.43","",""
"22/12/2021 01:00:00 - 22/12/2021 02:00:00","BZN|SE4","Without Sequence","210.09","",""
"22/12/2021 02:00:00 - 22/12/2021 03:00:00","BZN|SE4","Without Sequence","213.87","",""
"22/12/2021 03:00:00 - 22/12/2021 04:00:00","BZN|SE4","Without Sequence","226.96","",""
"22/12/2021 04:00:00 - 22/12/2021 05:00:00","BZN|SE4","Without Sequence","307.44","",""
"22/12/2021 05:00:00 - 22/12/2021 06:00:00","BZN|SE4","Without Sequence","419.46","",""
"22/12/2021 06:00:00 - 22/12/2021 07:00:00","BZN|SE4","Without Sequence","505.34","",""
"22/12/2021 07:00:00 - 22/12/2021 08:00:00","BZN|SE4","Without Sequence","520.59","",""
"22/12/2021 08:00:00 - 22/12/2021 09:00:00","BZN|SE4","Without Sequence","506.93","",""
"22/12/2021 09:00:00 - 22/12/2021 10:00:00","BZN|SE4","Without Sequence","485.51","",""
"22/12/2021 10:00:00 - 22/12/2021 11:00:00","BZN|SE4","Without Sequence","429.25","",""
"22/12/2021 11:00:00 - 22/12/2021 12:00:00","BZN|SE4","Without Sequence","395.69","",""
"22/12/2021 12:00:00 - 22/12/2021 13:00:00","BZN|SE4","Without Sequence","400.54","",""
"22/12/2021 13:00:00 - 22/12/2021 14:00:00","BZN|SE4","Without Sequence","471.13","",""
"22/12/2021 14:00:00 - 22/12/2021 15:00:00","BZN|SE4","Without Sequence","499.43","",""
"22/12/2021 15:00:00 - 22/12/2021 16:00:00","BZN|SE4","Without Sequence","505.50","",""
"22/12/2021 16:00:00 - 22/12/2021 17:00:00","BZN|SE4","Without Sequence","529.20","",""
"22/12/2021 17:00:00 - 22/12/2021 18:00:00","BZN|SE4","Without Sequence","503.71","",""
"22/12/2021 18:00:00 - 22/12/2021 19:00:00","BZN|SE4","Without Sequence","450.28","",""
"22/12/2021 19:00:00 - 22/12/2021 20:00:00","BZN|SE4","Without Sequence","370.34","",""
"22/12/2021 20:00:00 - 22/12/2021 21:00:00","BZN|SE4","Without Sequence","283.92","",""
"22/12/2021 21:00:00 - 22/12/2021 22:00:00","BZN|SE4","Without Sequence","255.05","",""
"22/12/2021 22:00:00 - 22/12/2021 23:00:00","BZN|SE4","Without Sequence","202.45","",""
"22/12/2021 23:00:00 - 23/12/2021 00:00:00","BZN|SE4","Without Sequence","226.51","",""
"23/12/2021 00:00:00 - 23/12/2021 01:00:00","BZN|SE4","Without Sequence","191.40","",""
"23/12/2021 01:00:00 - 23/12/2021 02:00:00","BZN|SE4","Without Sequence","190.91","",""
"23/12/2021 02:00:00 - 23/12/2021 03:00:00","BZN|SE4","Without Sequence","191.91","",""
"23/12/2021 03:00:00 - 23/12/2021 04:00:00","BZN|SE4","Without Sequence","191.45","",""
"23/12/2021 04:00:00 - 23/12/2021 05:00:00","BZN|SE4","Without Sequence","205.39","",""
"23/12/2021 05:00:00 - 23/12/2021 06:00:00","BZN|SE4","Without Sequence","229.98","",""
"23/12/2021 06:00:00 - 23/12/2021 07:00:00","BZN|SE4","Without Sequence","350.04","",""
"23/12/2021 07:00:00 - 23/12/2021 08:00:00","BZN|SE4","Without Sequence","377.01","",""
"23/12/2021 08:00:00 - 23/12/2021 09:00:00","BZN|SE4","Without Sequence","299.99","",""
"23/12/2021 09:00:00 - 23/12/2021 10:00:00","BZN|SE4","Without Sequence","312.44","",""
"23/12/2021 10:00:00 - 23/12/2021 11:00:00","BZN|SE4","Without Sequence","370.88","",""
"23/12/2021 11:00:00 - 23/12/2021 12:00:00","BZN|SE4","Without Sequence","338.59","",""
"23/12/2021 12:00:00 - 23/12/2021 13:00:00","BZN|SE4","Without Sequence","293.05","",""
"23/12/2021 13:00:00 - 23/12/2021 14:00:00","BZN|SE4","Without Sequence","292.13","",""
"23/12/2021 14:00:00 - 23/12/2021 15:00:00","BZN|SE4","Without Sequence","299.45","",""
"23/12/2021 15:00:00 - 23/12/2021 16:00:00","BZN|SE4","Without Sequence","341.60","",""
"23/12/2021 16:00:00 - 23/12/2021 17:00:00","BZN|SE4","Without Sequence","346.52","",""
"23/12/2021 17:00:00 - 23/12/2021 18:00:00","BZN|SE4","Without Sequence","287.90","",""
"23/12/2021 18:00:00 - 23/12/2021 19:00:00","BZN|SE4","Without Sequence","225.51","",""
"23/12/2021 19:00:00 - 23/12/2021 20:00:00","BZN|SE4","Without Sequence","206.79","",""
"23/12/2021 20:00:00 - 23/12/2021 21:00:00","BZN|SE4","Without Sequence","150.50","",""
"23/12/2021 21:00:00 - 23/12/2021 22:00:00","BZN|SE4","Without Sequence","138.30","",""
"23/12/2021 22:00:00 - 23/12/2021 23:00:00","BZN|SE4","Without Sequence","98.85","",""
"23/12/2021 23:00:00 - 24/12/2021 00:00:00","BZN|SE4","Without Sequence","107.42","",""
"24/12/2021 00:00:00 - 24/12/2021 01:00:00","BZN|SE4","Without Sequence","96.14","",""
"24/12/2021 01:00:00 - 24/12/2021 02:00:00","BZN|SE4","Without Sequence","89.29","",""
"24/12/2021 02:00:00 - 24/12/2021 03:00:00","BZN|SE4","Without Sequence","81.78","",""
"24/12/2021 03:00:00 - 24/12/2021 04:00:00","BZN|SE4","Without Sequence","85.80","",""
"24/12/2021 04:00:00 - 24/12/2021 05:00:00","BZN|SE4","Without Sequence","100.08","",""
"24/12/2021 05:00:00 - 24/12/2021 06:00:00","BZN|SE4","Without Sequence","86.74","",""
"24/12/2021 06:00:00 - 24/12/2021 07:00:00","BZN|SE4","Without Sequence","115.94","",""
"24/12/2021 07:00:00 - 24/12/2021 08:00:00","BZN|SE4","Without Sequence","146.68","",""
"24/12/2021 08:00:00 - 24/12/2021 09:00:00","BZN|SE4","Without Sequence","189.83","",""
"24/12/2021 09:00:00 - 24/12/2021 10:00:00","BZN|SE4","Without Sequence","189.90","",""
"24/12/2021 10:00:00 - 24/12/2021 11:00:00","BZN|SE4","Without Sequence","179.91","",""
"24/12/2021 11:00:00 - 24/12/2021 12:00:00","BZN|SE4","Without Sequence","189.96","",""
"24/12/2021 12:00:00 - 24/12/2021 13:00:00","BZN|SE4","Without Sequence","164.15","",""
"24/12/2021 13:00:00 - 24/12/2021 14:00:00","BZN|SE4","Without Sequence","150.96","",""
"24/12/2021 14:00:00 - 24/12/2021 15:00:00","BZN|SE4","Without Sequence","185.23","",""
"24/12/2021 15:00:00 - 24/12/2021 16:00:00","BZN|SE4","Without Sequence","218.74","",""
"24/12/2021 16:00:00 - 24/12/2021 17:00:00","BZN|SE4","Without Sequence","183.87","",""
"24/12/2021 17:00:00 - 24/12/2021 18:00:00","BZN|SE4","Without Sequence","160.17","",""
"24/12/2021 18:00:00 - 24/12/2021 19:00:00","BZN|SE4","Without Sequence","144.02","",""
"24/12/2021 19:00:00 - 24/12/2021 20:00:00","BZN|SE4","Without Sequence","121.38","",""
"24/12/2021 20:00:00 - 24/12/2021 21:00:00","BZN|SE4","Without Sequence","140.45","",""
"24/12/2021 21:00:00 - 24/12/2021 22:00:00","BZN|SE4","Without Sequence","110.10","",""
"24/12/2021 22:00:00 - 24/12/2021 23:00:00","BZN|SE4","Without Sequence","107.84","",""
"24/12/2021 23:00:00 - 25/12/2021 00:00:00","BZN|SE4","Without Sequence","89.22","",""
"25/12/2021 00:00:00 - 25/12/2021 01:00:00","BZN|SE4","Without Sequence","77.17","",""
"25/12/2021 01:00:00 - 25/12/2021 02:00:00","BZN|SE4","Without Sequence","68.25","",""
"25/12/2021 02:00:00 - 25/12/2021 03:00:00","BZN|SE4","Without Sequence","74.82","",""
"25/12/2021 03:00:00 - 25/12/2021 04:00:00","BZN|SE4","Without Sequence","80.02","",""
"25/12/2021 04:00:00 - 25/12/2021 05:00:00","BZN|SE4","Without Sequence","81.28","",""
"25/12/2021 05:00:00 - 25/12/2021 06:00:00","BZN|SE4","Without Sequence","91.63","",""
"25/12/2021 06:00:00 - 25/12/2021 07:00:00","BZN|SE4","Without Sequence","119.49","",""
"25/12/2021 07:00:00 - 25/12/2021 08:00:00","BZN|SE4","Without Sequence","130.46","",""
"25/12/2021 08:00:00 - 25/12/2021 09:00:00","BZN|SE4","Without Sequence","150.06","",""
"25/12/2021 09:00:00 - 25/12/2021 10:00:00","BZN|SE4","Without Sequence","179.94","",""
"25/12/2021 10:00:00 - 25/12/2021 11:00:00","BZN|SE4","Without Sequence","171.42","",""
"25/12/2021 11:00:00 - 25/12/2021 12:00:00","BZN|SE4","Without Sequence","150.01","",""
"25/12/2021 12:00:00 - 25/12/2021 13:00:00","BZN|SE4","Without Sequence","150.95","",""
"25/12/2021 13:00:00 - 25/12/2021 14:00:00","BZN|SE4","Without Sequence","141.86","",""
"25/12/2021 14:00:00 - 25/12/2021 15:00:00","BZN|SE4","Without Sequence","159.75","",""
"25/12/2021 15:00:00 - 25/12/2021 16:00:00","BZN|SE4","Without Sequence","166.20","",""
"25/12/2021 16:00:00 - 25/12/2021 17:00:00","BZN|SE4","Without Sequence","204.22","",""
"25/12/2021 17:00:00 - 25/12/2021 18:00:00","BZN|SE4","Without Sequence","159.09","",""
"25/12/2021 18:00:00 - 25/12/2021 19:00:00","BZN|SE4","Without Sequence","142.49","",""
"25/12/2021 19:00:00 - 25/12/2021 20:00:00","BZN|SE4","Without Sequence","130.36","",""
"25/12/2021 20:00:00 - 25/12/2021 21:00:00","BZN|SE4","Without Sequence","151.36","",""
"25/12/2021 21:00:00 - 25/12/2021 22:00:00","BZN|SE4","Without Sequence","129.96","",""
"25/12/2021 22:00:00 - 25/12/2021 23:00:00","BZN|SE4","Without Sequence","95.17","",""
"25/12/2021 23:00:00 - 26/12/2021 00:00:00","BZN|SE4","Without Sequence","97.20","",""
"26/12/2021 00:00:00 - 26/12/2021 01:00:00","BZN|SE4","Without Sequence","93.16","",""
"26/12/2021 01:00:00 - 26/12/2021 02:00:00","BZN|SE4","Without Sequence","91.55","",""
"26/12/2021 02:00:00 - 26/12/2021 03:00:00","BZN|SE4","Without Sequence","91.58","",""
"26/12/2021 03:00:00 - 26/12/2021 04:00:00","BZN|SE4","Without Sequence","93.19","",""
"26/12/2021 04:00:00 - 26/12/2021 05:00:00","BZN|SE4","Without Sequence","100.00","",""
"26/12/2021 05:00:00 - 26/12/2021 06:00:00","BZN|SE4","Without Sequence","100.08","",""
"26/12/2021 06:00:00 - 26/12/2021 07:00:00","BZN|SE4","Without Sequence","141.45","",""
"26/12/2021 07:00:00 - 26/12/2021 08:00:00","BZN|SE4","Without Sequence","170.20","",""
"26/12/2021 08:00:00 - 26/12/2021 09:00:00","BZN|SE4","Without Sequence","185.94","",""
"26/12/2021 09:00:00 - 26/12/2021 10:00:00","BZN|SE4","Without Sequence","199.35","",""
"26/12/2021 10:00:00 - 26/12/2021 11:00:00","BZN|SE4","Without Sequence","202.81","",""
"26/12/2021 11:00:00 - 26/12/2021 12:00:00","BZN|SE4","Without Sequence","199.40","",""
"26/12/2021 12:00:00 - 26/12/2021 13:00:00","BZN|SE4","Without Sequence","193.73","",""
"26/12/2021 13:00:00 - 26/12/2021 14:00:00","BZN|SE4","Without Sequence","193.30","",""
"26/12/2021 14:00:00 - 26/12/2021 15:00:00","BZN|SE4","Without Sequence","193.39","",""
"26/12/2021 15:00:00 - 26/12/2021 16:00:00","BZN|SE4","Without Sequence","195.65","",""
"26/12/2021 16:00:00 - 26/12/2021 17:00:00","BZN|SE4","Without Sequence","217.55","",""
"26/12/2021 17:00:00 - 26/12/2021 18:00:00","BZN|SE4","Without Sequence","210.58","",""
"26/12/2021 18:00:00 - 26/12/2021 19:00:00","BZN|SE4","Without Sequence","207.75","",""
"26/12/2021 19:00:00 - 26/12/2021 20:00:00","BZN|SE4","Without Sequence","190.69","",""
"26/12/2021 20:00:00 - 26/12/2021 21:00:00","BZN|SE4","Without Sequence","155.49","",""
"26/12/2021 21:00:00 - 26/12/2021 22:00:00","BZN|SE4","Without Sequence","144.90","",""
"26/12/2021 22:00:00 - 26/12/2021 23:00:00","BZN|SE4","Without Sequence","100.08","",""
"26/12/2021 23:00:00 - 27/12/2021 00:00:00","BZN|SE4","Without Sequence","95.79","",""
"27/12/2021 00:00:00 - 27/12/2021 01:00:00","BZN|SE4","Without Sequence","86.23","",""
"27/12/2021 01:00:00 - 27/12/2021 02:00:00","BZN|SE4","Without Sequence","81.36","",""
"27/12/2021 02:00:00 - 27/12/2021 03:00:00","BZN|SE4","Without Sequence","78.96","",""
"27/12/2021 03:00:00 - 27/12/2021 04:00:00","BZN|SE4","Without Sequence","76.04","",""
"27/12/2021 04:00:00 - 27/12/2021 05:00:00","BZN|SE4","Without Sequence","97.53","",""
"27/12/2021 05:00:00 - 27/12/2021 06:00:00","BZN|SE4","Without Sequence","110.05","",""
"27/12/2021 06:00:00 - 27/12/2021 07:00:00","BZN|SE4","Without Sequence","134.11","",""
"27/12/2021 07:00:00 - 27/12/2021 08:00:00","BZN|SE4","Without Sequence","165.61","",""
"27/12/2021 08:00:00 - 27/12/2021 09:00:00","BZN|SE4","Without Sequence","199.97","",""
"27/12/2021 09:00:00 - 27/12/2021 10:00:00","BZN|SE4","Without Sequence","204.97","",""
"27/12/2021 10:00:00 - 27/12/2021 11:00:00","BZN|SE4","Without Sequence","200.12","",""
"27/12/2021 11:00:00 - 27/12/2021 12:00:00","BZN|SE4","Without Sequence","210.04","",""
"27/12/2021 12:00:00 - 27/12/2021 13:00:00","BZN|SE4","Without Sequence","200.18","",""
"27/12/2021 13:00:00 - 27/12/2021 14:00:00","BZN|SE4","Without Sequence","188.43","",""
"27/12/2021 14:00:00 - 27/12/2021 15:00:00","BZN|SE4","Without Sequence","188.43","",""
"27/12/2021 15:00:00 - 27/12/2021 16:00:00","BZN|SE4","Without Sequence","186.19","",""
"27/12/2021 16:00:00 - 27/12/2021 17:00:00","BZN|SE4","Without Sequence","205.00","",""
"27/12/2021 17:00:00 - 27/12/2021 18:00:00","BZN|SE4","Without Sequence","207.10","",""
"27/12/2021 18:00:00 - 27/12/2021 19:00:00","BZN|SE4","Without Sequence","196.05","",""
"27/12/2021 19:00:00 - 27/12/2021 20:00:00","BZN|SE4","Without Sequence","161.33","",""
"27/12/2021 20:00:00 - 27/12/2021 21:00:00","BZN|SE4","Without Sequence","111.05","",""
"27/12/2021 21:00:00 - 27/12/2021 22:00:00","BZN|SE4","Without Sequence","113.05","",""
"27/12/2021 22:00:00 - 27/12/2021 23:00:00","BZN|SE4","Without Sequence","87.00","",""
"27/12/2021 23:00:00 - 28/12/2021 00:00:00","BZN|SE4","Without Sequence","74.40","",""
"28/12/2021 00:00:00 - 28/12/2021 01:00:00","BZN|SE4","Without Sequence","59.99","",""
"28/12/2021 01:00:00 - 28/12/2021 02:00:00","BZN|SE4","Without Sequence","46.92","",""
"28/12/2021 02:00:00 - 28/12/2021 03:00:00","BZN|SE4","Without Sequence","37.11","",""
"28/12/2021 03:00:00 - 28/12/2021 04:00:00","BZN|SE4","Without Sequence","38.79","",""
"28/12/2021 04:00:00 - 28/12/2021 05:00:00","BZN|SE4","Without Sequence","48.60","",""
"28/12/2021 05:00:00 - 28/12/2021 06:00:00","BZN|SE4","Without Sequence","75.59","",""
"28/12/2021 06:00:00 - 28/12/2021 07:00:00","BZN|SE4","Without Sequence","101.96","",""
"28/12/2021 07:00:00 - 28/12/2021 08:00:00","BZN|SE4","Without Sequence","122.23","",""
"28/12/2021 08:00:00 - 28/12/2021 09:00:00","BZN|SE4","Without Sequence","142.96","",""
"28/12/2021 09:00:00 - 28/12/2021 10:00:00","BZN|SE4","Without Sequence","142.16","",""
"28/12/2021 10:00:00 - 28/12/2021 11:00:00","BZN|SE4","Without Sequence","135.16","",""
"28/12/2021 11:00:00 - 28/12/2021 12:00:00","BZN|SE4","Without Sequence","126.59","",""
"28/12/2021 12:00:00 - 28/12/2021 13:00:00","BZN|SE4","Without Sequence","118.20","",""
"28/12/2021 13:00:00 - 28/12/2021 14:00:00","BZN|SE4","Without Sequence","126.89","",""
"28/12/2021 14:00:00 - 28/12/2021 15:00:00","BZN|SE4","Without Sequence","145.61","",""
"28/12/2021 15:00:00 - 28/12/2021 16:00:00","BZN|SE4","Without Sequence","144.90","",""
"28/12/2021 16:00:00 - 28/12/2021 17:00:00","BZN|SE4","Without Sequence","145.00","",""
"28/12/2021 17:00:00 - 28/12/2021 18:00:00","BZN|SE4","Without Sequence","150.06","",""
"28/12/2021 18:00:00 - 28/12/2021 19:00:00","BZN|SE4","Without Sequence","149.89","",""
"28/12/2021 19:00:00 - 28/12/2021 20:00:00","BZN|SE4","Without Sequence","139.09","",""
"28/12/2021 20:00:00 - 28/12/2021 21:00:00","BZN|SE4","Without Sequence","125.22","",""
"28/12/2021 21:00:00 - 28/12/2021 22:00:00","BZN|SE4","Without Sequence","127.68","",""
"28/12/2021 22:00:00 - 28/12/2021 23:00:00","BZN|SE4","Without Sequence","110.08","",""
"28/12/2021 23:00:00 - 29/12/2021 00:00:00","BZN|SE4","Without Sequence","109.37","",""
"29/12/2021 00:00:00 - 29/12/2021 01:00:00","BZN|SE4","Without Sequence","91.04","",""
"29/12/2021 01:00:00 - 29/12/2021 02:00:00","BZN|SE4","Without Sequence","92.11","",""
"29/12/2021 02:00:00 - 29/12/2021 03:00:00","BZN|SE4","Without Sequence","90.82","",""
"29/12/2021 03:00:00 - 29/12/2021 04:00:00","BZN|SE4","Without Sequence","94.01","",""
"29/12/2021 04:00:00 - 29/12/2021 05:00:00","BZN|SE4","Without Sequence","117.63","",""
"29/12/2021 05:00:00 - 29/12/2021 06:00:00","BZN|SE4","Without Sequence","139.98","",""
"29/12/2021 06:00:00 - 29/12/2021 07:00:00","BZN|SE4","Without Sequence","188.00","",""
"29/12/2021 07:00:00 - 29/12/2021 08:00:00","BZN|SE4","Without Sequence","200.00","",""
"29/12/2021 08:00:00 - 29/12/2021 09:00:00","BZN|SE4","Without Sequence","203.45","",""
"29/12/2021 09:00:00 - 29/12/2021 10:00:00","BZN|SE4","Without Sequence","204.20","",""
"29/12/2021 10:00:00 - 29/12/2021 11:00:00","BZN|SE4","Without Sequence","204.38","",""
"29/12/2021 11:00:00 - 29/12/2021 12:00:00","BZN|SE4","Without Sequence","205.61","",""
"29/12/2021 12:00:00 - 29/12/2021 13:00:00","BZN|SE4","Without Sequence","205.62","",""
"29/12/2021 13:00:00 - 29/12/2021 14:00:00","BZN|SE4","Without Sequence","205.70","",""
"29/12/2021 14:00:00 - 29/12/2021 15:00:00","BZN|SE4","Without Sequence","200.00","",""
"29/12/2021 15:00:00 - 29/12/2021 16:00:00","BZN|SE4","Without Sequence","195.99","",""
"29/12/2021 16:00:00 - 29/12/2021 17:00:00","BZN|SE4","Without Sequence","203.44","",""
"29/12/2021 17:00:00 - 29/12/2021 18:00:00","BZN|SE4","Without Sequence","183.93","",""
"29/12/2021 18:00:00 - 29/12/2021 19:00:00","BZN|SE4","Without Sequence","163.63","",""
"29/12/2021 19:00:00 - 29/12/2021 20:00:00","BZN|SE4","Without Sequence","130.06","",""
"29/12/2021 20:00:00 - 29/12/2021 21:00:00","BZN|SE4","Without Sequence","108.64","",""
"29/12/2021 21:00:00 - 29/12/2021 22:00:00","BZN|SE4","Without Sequence","106.34","",""
"29/12/2021 22:00:00 - 29/12/2021 23:00:00","BZN|SE4","Without Sequence","83.35","",""
"29/12/2021 23:00:00 - 30/12/2021 00:00:00","BZN|SE4","Without Sequence","73.08","",""
"30/12/2021 00:00:00 - 30/12/2021 01:00:00","BZN|SE4","Without Sequence","47.86","",""
"30/12/2021 01:00:00 - 30/12/2021 02:00:00","BZN|SE4","Without Sequence","33.12","",""
"30/12/2021 02:00:00 - 30/12/2021 03:00:00","BZN|SE4","Without Sequence","25.79","",""
"30/12/2021 03:00:00 - 30/12/2021 04:00:00","BZN|SE4","Without Sequence","27.84","",""
"30/12/2021 04:00:00 - 30/12/2021 05:00:00","BZN|SE4","Without Sequence","42.06","",""
"30/12/2021 05:00:00 - 30/12/2021 06:00:00","BZN|SE4","Without Sequence","54.57","",""
"30/12/2021 06:00:00 - 30/12/2021 07:00:00","BZN|SE4","Without Sequence","97.26","",""
"30/12/2021 07:00:00 - 30/12/2021 08:00:00","BZN|SE4","Without Sequence","103.37","",""
"30/12/2021 08:00:00 - 30/12/2021 09:00:00","BZN|SE4","Without Sequence","93.60","",""
"30/12/2021 09:00:00 - 30/12/2021 10:00:00","BZN|SE4","Without Sequence","98.06","",""
"30/12/2021 10:00:00 - 30/12/2021 11:00:00","BZN|SE4","Without Sequence","95.55","",""
"30/12/2021 11:00:00 - 30/12/2021 12:00:00","BZN|SE4","Without Sequence","97.23","",""
"30/12/2021 12:00:00 - 30/12/2021 13:00:00","BZN|SE4","Without Sequence","88.75","",""
"30/12/2021 13:00:00 - 30/12/2021 14:00:00","BZN|SE4","Without Sequence","81.70","",""
"30/12/2021 14:00:00 - 30/12/2021 15:00:00","BZN|SE4","Without Sequence","75.44","",""
"30/12/2021 15:00:00 - 30/12/2021 16:00:00","BZN|SE4","Without Sequence","81.92","",""
"30/12/2021 16:00:00 - 30/12/2021 17:00:00","BZN|SE4","Without Sequence","91.98","",""
"30/12/2021 17:00:00 - 30/12/2021 18:00:00","BZN|SE4","Without Sequence","89.98","",""
"30/12/2021 18:00:00 - 30/12/2021 19:00:00","BZN|SE4","Without Sequence","80.00","",""
"30/12/2021 19:00:00 - 30/12/2021 20:00:00","BZN|SE4","Without Sequence","54.59","",""
"30/12/2021 20:00:00 - 30/12/2021 21:00:00","BZN|SE4","Without Sequence","55.00","",""
"30/12/2021 21:00:00 - 30/12/2021 22:00:00","BZN|SE4","Without Sequence","53.50","",""
"30/12/2021 22:00:00 - 30/12/2021 23:00:00","BZN|SE4","Without Sequence","50.13","",""
"30/12/2021 23:00:00 - 31/12/2021 00:00:00","BZN|SE4","Without Sequence","30.04","",""
"31/12/2021 00:00:00 - 31/12/2021 01:00:00","BZN|SE4","Without Sequence","26.15","",""
"31/12/2021 01:00:00 - 31/12/2021 02:00:00","BZN|SE4","Without Sequence","25.12","",""
"31/12/2021 02:00:00 - 31/12/2021 03:00:00","BZN|SE4","Without Sequence","24.01","",""
"31/12/2021 03:00:00 - 31/12/2021 04:00:00","BZN|SE4","Without Sequence","24.81","",""
"31/12/2021 04:00:00 - 31/12/2021 05:00:00","BZN|SE4","Without Sequence","24.43","",""
"31/12/2021 05:00:00 - 31/12/2021 06:00:00","BZN|SE4","Without Sequence","27.18","",""
"31/12/2021 06:00:00 - 31/12/2021 07:00:00","BZN|SE4","Without Sequence","30.34","",""
"31/12/2021 07:00:00 - 31/12/2021 08:00:00","BZN|SE4","Without Sequence","32.64","",""
"31/12/2021 08:00:00 - 31/12/2021 09:00:00","BZN|SE4","Without Sequence","35.22","",""
"31/12/2021 09:00:00 - 31/12/2021 10:00:00","BZN|SE4","Without Sequence","39.16","",""
"31/12/2021 10:00:00 - 31/12/2021 11:00:00","BZN|SE4","Without Sequence","45.42","",""
"31/12/2021 11:00:00 - 31/12/2021 12:00:00","BZN|SE4","Without Sequence","50.45","",""
"31/12/2021 12:00:00 - 31/12/2021 13:00:00","BZN|SE4","Without Sequence","51.64","",""
"31/12/2021 13:00:00 - 31/12/2021 14:00:00","BZN|SE4","Without Sequence","52.92","",""
"31/12/2021 14:00:00 - 31/12/2021 15:00:00","BZN|SE4","Without Sequence","55.36","",""
"31/12/2021 15:00:00 - 31/12/2021 16:00:00","BZN|SE4","Without Sequence","95.06","",""
"31/12/2021 16:00:00 - 31/12/2021 17:00:00","BZN|SE4","Without Sequence","105.07","",""
"31/12/2021 17:00:00 - 31/12/2021 18:00:00","BZN|SE4","Without Sequence","94.78","",""
"31/12/2021 18:00:00 - 31/12/2021 19:00:00","BZN|SE4","Without Sequence","48.01","",""
"31/12/2021 19:00:00 - 31/12/2021 20:00:00","BZN|SE4","Without Sequence","33.96","",""
"31/12/2021 20:00:00 - 31/12/2021 21:00:00","BZN|SE4","Without Sequence","33.08","",""
"31/12/2021 21:00:00 - 31/12/2021 22:00:00","BZN|SE4","Without Sequence","32.34","",""
"31/12/2021 22:00:00 - 31/12/2021 23:00:00","BZN|SE4","Without Sequence","29.76","",""
"31/12/2021 23:00:00 - 01/01/2022 00:00:00","BZN|SE4","Without Sequence","46.60","",""
