"MTU (UTC)","Area","Sequence","Day-ahead Price (EUR/MWh)","Intraday Period (UTC)","Intraday Price (EUR/MWh)"
"01/01/2023 00:00:00 - 01/01/2023 01:00:00","BZN|PL","Without Sequence","5.75","",""
"01/01/2023 01:00:00 - 01/01/2023 02:00:00","BZN|PL","Without Sequence","5.27","",""
"01/01/2023 02:00:00 - 01/01/2023 03:00:00","BZN|PL","Without Sequence","5.74","",""
"01/01/2023 03:00:00 - 01/01/2023 04:00:00","BZN|PL","Without Sequence","5.22","",""
"01/01/2023 04:00:00 - 01/01/2023 05:00:00","BZN|PL","Without Sequence","6.14","",""
"01/01/2023 05:00:00 - 01/01/2023 06:00:00","BZN|PL","Without Sequence","5.31","",""
"01/01/2023 06:00:00 - 01/01/2023 07:00:00","BZN|PL","Without Sequence","5.99","",""
"01/01/2023 07:00:00 - 01/01/2023 08:00:00","BZN|PL","Without Sequence","6.63","",""
"01/01/2023 08:00:00 - 01/01/2023 09:00:00","BZN|PL","Without Sequence","6.64","",""
"01/01/2023 09:00:00 - 01/01/2023 10:00:00","BZN|PL","Without Sequence","5.17","",""
"01/01/2023 10:00:00 - 01/01/2023 11:00:00","BZN|PL","Without Sequence","8.53","",""
"01/01/2023 11:00:00 - 01/01/2023 12:00:00","BZN|PL","Without Sequence","10.72","",""
"01/01/2023 12:00:00 - 01/01/2023 13:00:00","BZN|PL","Without Sequence","14.06","",""
"01/01/2023 13:00:00 - 01/01/2023 14:00:00","BZN|PL","Without Sequence","56.41","",""
"01/01/2023 14:00:00 - 01/01/2023 15:00:00","BZN|PL","Without Sequence","91.66","",""
"01/01/2023 15:00:00 - 01/01/2023 16:00:00","BZN|PL","Without Sequence","97.81","",""
"01/01/2023 16:00:00 - 01/01/2023 17:00:00","BZN|PL","Without Sequence","102.08","",""
"01/01/2023 17:00:00 - 01/01/2023 18:00:00","BZN|PL","Without Sequence","106.34","",""
"01/01/2023 18:00:00 - 01/01/2023 19:00:00","BZN|PL","Without Sequence","108.73","",""
"01/01/2023 19:00:00 - 01/01/2023 20:00:00","BZN|PL","Without Sequence","106.65","",""
"01/01/2023 20:00:00 - 01/01/2023 21:00:00","BZN|PL","Without Sequence","107.42","",""
"01/01/2023 21:00:00 - 01/01/2023 22:00:00","BZN|PL","Without Sequence","103.81","",""
"01/01/2023 22:00:00 - 01/01/2023 23:00:00","BZN|PL","Without Sequence","90.35","",""
"01/01/2023 23:00:00 - 02/01/2023 00:00:00","BZN|PL","Without Sequence","96.87","",""
"02/01/2023 00:00:00 - 02/01/2023 01:00:00","BZN|PL","Without Sequence","96.07","",""
"02/01/2023 01:00:00 - 02/01/2023 02:00:00","BZN|PL","Without Sequence","94.80","",""
"02/01/2023 02:00:00 - 02/01/2023 03:00:00","BZN|PL","Without Sequence","94.86","",""
"02/01/2023 03:00:00 - 02/01/2023 04:00:00","BZN|PL","Without Sequence","96.87","",""
"02/01/2023 04:00:00 - 02/01/2023 05:00:00","BZN|PL","Without Sequence","96.99","",""
"02/01/2023 05:00:00 - 02/01/2023 06:00:00","BZN|PL","Without Sequence","140.48","",""
"02/01/2023 06:00:00 - 02/01/2023 07:00:00","BZN|PL","Without Sequence","140.64","",""
"02/01/2023 07:00:00 - 02/01/2023 08:00:00","BZN|PL","Without Sequence","145.98","",""
"02/01/2023 08:00:00 - 02/01/2023 09:00:00","BZN|PL","Without Sequence","147.05","",""
"02/01/2023 09:00:00 - 02/01/2023 10:00:00","BZN|PL","Without Sequence","145.61","",""
"02/01/2023 10:00:00 - 02/01/2023 11:00:00","BZN|PL","Without Sequence","143.35","",""
"02/01/2023 11:00:00 - 02/01/2023 12:00:00","BZN|PL","Without Sequence","144.38","",""
"02/01/2023 12:00:00 - 02/01/2023 13:00:00","BZN|PL","Without Sequence","143.76","",""
"02/01/2023 13:00:00 - 02/01/2023 14:00:00","BZN|PL","Without Sequence","146.09","",""
"02/01/2023 14:00:00 - 02/01/2023 15:00:00","BZN|PL","Without Sequence","145.86","",""
"02/01/2023 15:00:00 - 02/01/2023 16:00:00","BZN|PL","Without Sequence","146.63","",""
"02/01/2023 16:00:00 - 02/01/2023 17:00:00","BZN|PL","Without Sequence","145.28","",""
"02/01/2023 17:00:00 - 02/01/2023 18:00:00","BZN|PL","Without Sequence","145.43","",""
"02/01/2023 18:00:00 - 02/01/2023 19:00:00","BZN|PL","Without Sequence","145.54","",""
"02/01/2023 19:00:00 - 02/01/2023 20:00:00","BZN|PL","Without Sequence","147.23","",""
"02/01/2023 20:00:00 - 02/01/2023 21:00:00","BZN|PL","Without Sequence","141.67","",""
"02/01/2023 21:00:00 - 02/01/2023 22:00:00","BZN|PL","Without Sequence","137.54","",""
"02/01/2023 22:00:00 - 02/01/2023 23:00:00","BZN|PL","Without Sequence","124.22","",""
"02/01/2023 23:00:00 - 03/01/2023 00:00:00","BZN|PL","Without Sequence","130.01","",""
"03/01/2023 00:00:00 - 03/01/2023 01:00:00","BZN|PL","Without Sequence","120.00","",""
"03/01/2023 01:00:00 - 03/01/2023 02:00:00","BZN|PL","Without Sequence","118.76","",""
"03/01/2023 02:00:00 - 03/01/2023 03:00:00","BZN|PL","Without Sequence","115.00","",""
"03/01/2023 03:00:00 - 03/01/2023 04:00:00","BZN|PL","Without Sequence","113.63","",""
"03/01/2023 04:00:00 - 03/01/2023 05:00:00","BZN|PL","Without Sequence","116.27","",""
"03/01/2023 05:00:00 - 03/01/2023 06:00:00","BZN|PL","Without Sequence","138.92","",""
"03/01/2023 06:00:00 - 03/01/2023 07:00:00","BZN|PL","Without Sequence","140.83","",""
"03/01/2023 07:00:00 - 03/01/2023 08:00:00","BZN|PL","Without Sequence","142.20","",""
"03/01/2023 08:00:00 - 03/01/2023 09:00:00","BZN|PL","Without Sequence","141.56","",""
"03/01/2023 09:00:00 - 03/01/2023 10:00:00","BZN|PL","Without Sequence","143.34","",""
"03/01/2023 10:00:00 - 03/01/2023 11:00:00","BZN|PL","Without Sequence","141.65","",""
"03/01/2023 11:00:00 - 03/01/2023 12:00:00","BZN|PL","Without Sequence","143.34","",""
"03/01/2023 12:00:00 - 03/01/2023 13:00:00","BZN|PL","Without Sequence","141.59","",""
"03/01/2023 13:00:00 - 03/01/2023 14:00:00","BZN|PL","Without Sequence","141.58","",""
"03/01/2023 14:00:00 - 03/01/2023 15:00:00","BZN|PL","Without Sequence","170.74","",""
"03/01/2023 15:00:00 - 03/01/2023 16:00:00","BZN|PL","Without Sequence","167.72","",""
"03/01/2023 16:00:00 - 03/01/2023 17:00:00","BZN|PL","Without Sequence","167.97","",""
"03/01/2023 17:00:00 - 03/01/2023 18:00:00","BZN|PL","Without Sequence","159.96","",""
"03/01/2023 18:00:00 - 03/01/2023 19:00:00","BZN|PL","Without Sequence","160.99","",""
"03/01/2023 19:00:00 - 03/01/2023 20:00:00","BZN|PL","Without Sequence","149.62","",""
"03/01/2023 20:00:00 - 03/01/2023 21:00:00","BZN|PL","Without Sequence","143.07","",""
"03/01/2023 21:00:00 - 03/01/2023 22:00:00","BZN|PL","Without Sequence","132.52","",""
"03/01/2023 22:00:00 - 03/01/2023 23:00:00","BZN|PL","Without Sequence","128.25","",""
"03/01/2023 23:00:00 - 04/01/2023 00:00:00","BZN|PL","Without Sequence","130.34","",""
"04/01/2023 00:00:00 - 04/01/2023 01:00:00","BZN|PL","Without Sequence","121.78","",""
"04/01/2023 01:00:00 - 04/01/2023 02:00:00","BZN|PL","Without Sequence","128.19","",""
"04/01/2023 02:00:00 - 04/01/2023 03:00:00","BZN|PL","Without Sequence","121.78","",""
"04/01/2023 03:00:00 - 04/01/2023 04:00:00","BZN|PL","Without Sequence","122.94","",""
"04/01/2023 04:00:00 - 04/01/2023 05:00:00","BZN|PL","Without Sequence","128.20","",""
"04/01/2023 05:00:00 - 04/01/2023 06:00:00","BZN|PL","Without Sequence","138.87","",""
"04/01/2023 06:00:00 - 04/01/2023 07:00:00","BZN|PL","Without Sequence","143.03","",""
"04/01/2023 07:00:00 - 04/01/2023 08:00:00","BZN|PL","Without Sequence","142.51","",""
"04/01/2023 08:00:00 - 04/01/2023 09:00:00","BZN|PL","Without Sequence","141.59","",""
"04/01/2023 09:00:00 - 04/01/2023 10:00:00","BZN|PL","Without Sequence","139.31","",""
"04/01/2023 10:00:00 - 04/01/2023 11:00:00","BZN|PL","Without Sequence","138.88","",""
"04/01/2023 11:00:00 - 04/01/2023 12:00:00","BZN|PL","Without Sequence","135.80","",""
"04/01/2023 12:00:00 - 04/01/2023 13:00:00","BZN|PL","Without Sequence","136.74","",""
"04/01/2023 13:00:00 - 04/01/2023 14:00:00","BZN|PL","Without Sequence","130.08","",""
"04/01/2023 14:00:00 - 04/01/2023 15:00:00","BZN|PL","Without Sequence","130.05","",""
"04/01/2023 15:00:00 - 04/01/2023 16:00:00","BZN|PL","Without Sequence","141.03","",""
"04/01/2023 16:00:00 - 04/01/2023 17:00:00","BZN|PL","Without Sequence","141.47","",""
"04/01/2023 17:00:00 - 04/01/2023 18:00:00","BZN|PL","Without Sequence","141.04","",""
"04/01/2023 18:00:00 - 04/01/2023 19:00:00","BZN|PL","Without Sequence","141.47","",""
"04/01/2023 19:00:00 - 04/01/2023 20:00:00","BZN|PL","Without Sequence","127.10","",""
"04/01/2023 20:00:00 - 04/01/2023 21:00:00","BZN|PL","Without Sequence","127.96","",""
"04/01/2023 21:00:00 - 04/01/2023 22:00:00","BZN|PL","Without Sequence","117.27","",""
"04/01/2023 22:00:00 - 04/01/2023 23:00:00","BZN|PL","Without Sequence","88.88","",""
"04/01/2023 23:00:00 - 05/01/2023 00:00:00","BZN|PL","Without Sequence","86.16","",""
"05/01/2023 00:00:00 - 05/01/2023 01:00:00","BZN|PL","Without Sequence","76.62","",""
"05/01/2023 01:00:00 - 05/01/2023 02:00:00","BZN|PL","Without Sequence","63.17","",""
"05/01/2023 02:00:00 - 05/01/2023 03:00:00","BZN|PL","Without Sequence","70.48","",""
"05/01/2023 03:00:00 - 05/01/2023 04:00:00","BZN|PL","Without Sequence","59.72","",""
"05/01/2023 04:00:00 - 05/01/2023 05:00:00","BZN|PL","Without Sequence","75.23","",""
"05/01/2023 05:00:00 - 05/01/2023 06:00:00","BZN|PL","Without Sequence","97.28","",""
"05/01/2023 06:00:00 - 05/01/2023 07:00:00","BZN|PL","Without Sequence","111.11","",""
"05/01/2023 07:00:00 - 05/01/2023 08:00:00","BZN|PL","Without Sequence","117.82","",""
"05/01/2023 08:00:00 - 05/01/2023 09:00:00","BZN|PL","Without Sequence","117.99","",""
"05/01/2023 09:00:00 - 05/01/2023 10:00:00","BZN|PL","Without Sequence","107.37","",""
"05/01/2023 10:00:00 - 05/01/2023 11:00:00","BZN|PL","Without Sequence","114.56","",""
"05/01/2023 11:00:00 - 05/01/2023 12:00:00","BZN|PL","Without Sequence","108.79","",""
"05/01/2023 12:00:00 - 05/01/2023 13:00:00","BZN|PL","Without Sequence","128.50","",""
"05/01/2023 13:00:00 - 05/01/2023 14:00:00","BZN|PL","Without Sequence","126.30","",""
"05/01/2023 14:00:00 - 05/01/2023 15:00:00","BZN|PL","Without Sequence","132.78","",""
"05/01/2023 15:00:00 - 05/01/2023 16:00:00","BZN|PL","Without Sequence","133.95","",""
"05/01/2023 16:00:00 - 05/01/2023 17:00:00","BZN|PL","Without Sequence","137.25","",""
"05/01/2023 17:00:00 - 05/01/2023 18:00:00","BZN|PL","Without Sequence","135.91","",""
"05/01/2023 18:00:00 - 05/01/2023 19:00:00","BZN|PL","Without Sequence","137.05","",""
"05/01/2023 19:00:00 - 05/01/2023 20:00:00","BZN|PL","Without Sequence","128.49","",""
"05/01/2023 20:00:00 - 05/01/2023 21:00:00","BZN|PL","Without Sequence","132.76","",""
"05/01/2023 21:00:00 - 05/01/2023 22:00:00","BZN|PL","Without Sequence","131.69","",""
"05/01/2023 22:00:00 - 05/01/2023 23:00:00","BZN|PL","Without Sequence","127.00","",""
"05/01/2023 23:00:00 - 06/01/2023 00:00:00","BZN|PL","Without Sequence","100.92","",""
"06/01/2023 00:00:00 - 06/01/2023 01:00:00","BZN|PL","Without Sequence","101.10","",""
"06/01/2023 01:00:00 - 06/01/2023 02:00:00","BZN|PL","Without Sequence","96.73","",""
"06/01/2023 02:00:00 - 06/01/2023 03:00:00","BZN|PL","Without Sequence","93.85","",""
"06/01/2023 03:00:00 - 06/01/2023 04:00:00","BZN|PL","Without Sequence","85.82","",""
"06/01/2023 04:00:00 - 06/01/2023 05:00:00","BZN|PL","Without Sequence","98.11","",""
"06/01/2023 05:00:00 - 06/01/2023 06:00:00","BZN|PL","Without Sequence","96.29","",""
"06/01/2023 06:00:00 - 06/01/2023 07:00:00","BZN|PL","Without Sequence","103.31","",""
"06/01/2023 07:00:00 - 06/01/2023 08:00:00","BZN|PL","Without Sequence","99.94","",""
"06/01/2023 08:00:00 - 06/01/2023 09:00:00","BZN|PL","Without Sequence","108.76","",""
"06/01/2023 09:00:00 - 06/01/2023 10:00:00","BZN|PL","Without Sequence","101.65","",""
"06/01/2023 10:00:00 - 06/01/2023 11:00:00","BZN|PL","Without Sequence","106.20","",""
"06/01/2023 11:00:00 - 06/01/2023 12:00:00","BZN|PL","Without Sequence","100.57","",""
"06/01/2023 12:00:00 - 06/01/2023 13:00:00","BZN|PL","Without Sequence","106.79","",""
"06/01/2023 13:00:00 - 06/01/2023 14:00:00","BZN|PL","Without Sequence","101.92","",""
"06/01/2023 14:00:00 - 06/01/2023 15:00:00","BZN|PL","Without Sequence","103.21","",""
"06/01/2023 15:00:00 - 06/01/2023 16:00:00","BZN|PL","Without Sequence","103.27","",""
"06/01/2023 16:00:00 - 06/01/2023 17:00:00","BZN|PL","Without Sequence","109.44","",""
"06/01/2023 17:00:00 - 06/01/2023 18:00:00","BZN|PL","Without Sequence","101.77","",""
"06/01/2023 18:00:00 - 06/01/2023 19:00:00","BZN|PL","Without Sequence","104.27","",""
"06/01/2023 19:00:00 - 06/01/2023 20:00:00","BZN|PL","Without Sequence","100.67","",""
"06/01/2023 20:00:00 - 06/01/2023 21:00:00","BZN|PL","Without Sequence","103.33","",""
"06/01/2023 21:00:00 - 06/01/2023 22:00:00","BZN|PL","Without Sequence","95.98","",""
"06/01/2023 22:00:00 - 06/01/2023 23:00:00","BZN|PL","Without Sequence","97.74","",""
"06/01/2023 23:00:00 - 07/01/2023 00:00:00","BZN|PL","Without Sequence","103.27","",""
"07/01/2023 00:00:00 - 07/01/2023 01:00:00","BZN|PL","Without Sequence","104.71","",""
"07/01/2023 01:00:00 - 07/01/2023 02:00:00","BZN|PL","Without Sequence","99.45","",""
"07/01/2023 02:00:00 - 07/01/2023 03:00:00","BZN|PL","Without Sequence","103.78","",""
"07/01/2023 03:00:00 - 07/01/2023 04:00:00","BZN|PL","Without Sequence","102.58","",""
"07/01/2023 04:00:00 - 07/01/2023 05:00:00","BZN|PL","Without Sequence","105.14","",""
"07/01/2023 05:00:00 - 07/01/2023 06:00:00","BZN|PL","Without Sequence","104.71","",""
"07/01/2023 06:00:00 - 07/01/2023 07:00:00","BZN|PL","Without Sequence","117.26","",""
"07/01/2023 07:00:00 - 07/01/2023 08:00:00","BZN|PL","Without Sequence","128.43","",""
"07/01/2023 08:00:00 - 07/01/2023 09:00:00","BZN|PL","Without Sequence","137.07","",""
"07/01/2023 09:00:00 - 07/01/2023 10:00:00","BZN|PL","Without Sequence","126.68","",""
"07/01/2023 10:00:00 - 07/01/2023 11:00:00","BZN|PL","Without Sequence","137.83","",""
"07/01/2023 11:00:00 - 07/01/2023 12:00:00","BZN|PL","Without Sequence","121.52","",""
"07/01/2023 12:00:00 - 07/01/2023 13:00:00","BZN|PL","Without Sequence","134.12","",""
"07/01/2023 13:00:00 - 07/01/2023 14:00:00","BZN|PL","Without Sequence","130.39","",""
"07/01/2023 14:00:00 - 07/01/2023 15:00:00","BZN|PL","Without Sequence","139.85","",""
"07/01/2023 15:00:00 - 07/01/2023 16:00:00","BZN|PL","Without Sequence","161.63","",""
"07/01/2023 16:00:00 - 07/01/2023 17:00:00","BZN|PL","Without Sequence","166.25","",""
"07/01/2023 17:00:00 - 07/01/2023 18:00:00","BZN|PL","Without Sequence","157.58","",""
"07/01/2023 18:00:00 - 07/01/2023 19:00:00","BZN|PL","Without Sequence","155.96","",""
"07/01/2023 19:00:00 - 07/01/2023 20:00:00","BZN|PL","Without Sequence","131.19","",""
"07/01/2023 20:00:00 - 07/01/2023 21:00:00","BZN|PL","Without Sequence","109.71","",""
"07/01/2023 21:00:00 - 07/01/2023 22:00:00","BZN|PL","Without Sequence","100.74","",""
"07/01/2023 22:00:00 - 07/01/2023 23:00:00","BZN|PL","Without Sequence","95.59","",""
"07/01/2023 23:00:00 - 08/01/2023 00:00:00","BZN|PL","Without Sequence","85.62","",""
"08/01/2023 00:00:00 - 08/01/2023 01:00:00","BZN|PL","Without Sequence","76.05","",""
"08/01/2023 01:00:00 - 08/01/2023 02:00:00","BZN|PL","Without Sequence","69.19","",""
"08/01/2023 02:00:00 - 08/01/2023 03:00:00","BZN|PL","Without Sequence","67.02","",""
"08/01/2023 03:00:00 - 08/01/2023 04:00:00","BZN|PL","Without Sequence","68.38","",""
"08/01/2023 04:00:00 - 08/01/2023 05:00:00","BZN|PL","Without Sequence","69.52","",""
"08/01/2023 05:00:00 - 08/01/2023 06:00:00","BZN|PL","Without Sequence","74.91","",""
"08/01/2023 06:00:00 - 08/01/2023 07:00:00","BZN|PL","Without Sequence","82.59","",""
"08/01/2023 07:00:00 - 08/01/2023 08:00:00","BZN|PL","Without Sequence","84.34","",""
"08/01/2023 08:00:00 - 08/01/2023 09:00:00","BZN|PL","Without Sequence","95.76","",""
"08/01/2023 09:00:00 - 08/01/2023 10:00:00","BZN|PL","Without Sequence","98.53","",""
"08/01/2023 10:00:00 - 08/01/2023 11:00:00","BZN|PL","Without Sequence","102.04","",""
"08/01/2023 11:00:00 - 08/01/2023 12:00:00","BZN|PL","Without Sequence","99.86","",""
"08/01/2023 12:00:00 - 08/01/2023 13:00:00","BZN|PL","Without Sequence","98.29","",""
"08/01/2023 13:00:00 - 08/01/2023 14:00:00","BZN|PL","Without Sequence","98.85","",""
"08/01/2023 14:00:00 - 08/01/2023 15:00:00","BZN|PL","Without Sequence","100.57","",""
"08/01/2023 15:00:00 - 08/01/2023 16:00:00","BZN|PL","Without Sequence","106.85","",""
"08/01/2023 16:00:00 - 08/01/2023 17:00:00","BZN|PL","Without Sequence","108.47","",""
"08/01/2023 17:00:00 - 08/01/2023 18:00:00","BZN|PL","Without Sequence","107.17","",""
"08/01/2023 18:00:00 - 08/01/2023 19:00:00","BZN|PL","Without Sequence","106.11","",""
"08/01/2023 19:00:00 - 08/01/2023 20:00:00","BZN|PL","Without Sequence","106.64","",""
"08/01/2023 20:00:00 - 08/01/2023 21:00:00","BZN|PL","Without Sequence","105.27","",""
"08/01/2023 21:00:00 - 08/01/2023 22:00:00","BZN|PL","Without Sequence","100.15","",""
"08/01/2023 22:00:00 - 08/01/2023 23:00:00","BZN|PL","Without Sequence","91.42","",""
"08/01/2023 23:00:00 - 09/01/2023 00:00:00","BZN|PL","Without Sequence","95.39","",""
"09/01/2023 00:00:00 - 09/01/2023 01:00:00","BZN|PL","Without Sequence","93.81","",""
"09/01/2023 01:00:00 - 09/01/2023 02:00:00","BZN|PL","Without Sequence","90.82","",""
"09/01/2023 02:00:00 - 09/01/2023 03:00:00","BZN|PL","Without Sequence","93.83","",""
"09/01/2023 03:00:00 - 09/01/2023 04:00:00","BZN|PL","Without Sequence","91.97","",""
"09/01/2023 04:00:00 - 09/01/2023 05:00:00","BZN|PL","Without Sequence","95.77","",""
"09/01/2023 05:00:00 - 09/01/2023 06:00:00","BZN|PL","Without Sequence","149.57","",""
"09/01/2023 06:00:00 - 09/01/2023 07:00:00","BZN|PL","Without Sequence","168.40","",""
"09/01/2023 07:00:00 - 09/01/2023 08:00:00","BZN|PL","Without Sequence","180.00","",""
"09/01/2023 08:00:00 - 09/01/2023 09:00:00","BZN|PL","Without Sequence","180.12","",""
"09/01/2023 09:00:00 - 09/01/2023 10:00:00","BZN|PL","Without Sequence","176.46","",""
"09/01/2023 10:00:00 - 09/01/2023 11:00:00","BZN|PL","Without Sequence","178.87","",""
"09/01/2023 11:00:00 - 09/01/2023 12:00:00","BZN|PL","Without Sequence","182.71","",""
"09/01/2023 12:00:00 - 09/01/2023 13:00:00","BZN|PL","Without Sequence","189.11","",""
"09/01/2023 13:00:00 - 09/01/2023 14:00:00","BZN|PL","Without Sequence","183.30","",""
"09/01/2023 14:00:00 - 09/01/2023 15:00:00","BZN|PL","Without Sequence","177.51","",""
"09/01/2023 15:00:00 - 09/01/2023 16:00:00","BZN|PL","Without Sequence","189.11","",""
"09/01/2023 16:00:00 - 09/01/2023 17:00:00","BZN|PL","Without Sequence","185.49","",""
"09/01/2023 17:00:00 - 09/01/2023 18:00:00","BZN|PL","Without Sequence","182.18","",""
"09/01/2023 18:00:00 - 09/01/2023 19:00:00","BZN|PL","Without Sequence","187.17","",""
"09/01/2023 19:00:00 - 09/01/2023 20:00:00","BZN|PL","Without Sequence","172.79","",""
"09/01/2023 20:00:00 - 09/01/2023 21:00:00","BZN|PL","Without Sequence","143.18","",""
"09/01/2023 21:00:00 - 09/01/2023 22:00:00","BZN|PL","Without Sequence","133.54","",""
"09/01/2023 22:00:00 - 09/01/2023 23:00:00","BZN|PL","Without Sequence","116.06","",""
"09/01/2023 23:00:00 - 10/01/2023 00:00:00","BZN|PL","Without Sequence","133.76","",""
"10/01/2023 00:00:00 - 10/01/2023 01:00:00","BZN|PL","Without Sequence","129.97","",""
"10/01/2023 01:00:00 - 10/01/2023 02:00:00","BZN|PL","Without Sequence","128.58","",""
"10/01/2023 02:00:00 - 10/01/2023 03:00:00","BZN|PL","Without Sequence","134.20","",""
"10/01/2023 03:00:00 - 10/01/2023 04:00:00","BZN|PL","Without Sequence","128.07","",""
"10/01/2023 04:00:00 - 10/01/2023 05:00:00","BZN|PL","Without Sequence","135.17","",""
"10/01/2023 05:00:00 - 10/01/2023 06:00:00","BZN|PL","Without Sequence","152.39","",""
"10/01/2023 06:00:00 - 10/01/2023 07:00:00","BZN|PL","Without Sequence","195.11","",""
"10/01/2023 07:00:00 - 10/01/2023 08:00:00","BZN|PL","Without Sequence","195.05","",""
"10/01/2023 08:00:00 - 10/01/2023 09:00:00","BZN|PL","Without Sequence","196.15","",""
"10/01/2023 09:00:00 - 10/01/2023 10:00:00","BZN|PL","Without Sequence","194.83","",""
"10/01/2023 10:00:00 - 10/01/2023 11:00:00","BZN|PL","Without Sequence","195.45","",""
"10/01/2023 11:00:00 - 10/01/2023 12:00:00","BZN|PL","Without Sequence","195.11","",""
"10/01/2023 12:00:00 - 10/01/2023 13:00:00","BZN|PL","Without Sequence","195.81","",""
"10/01/2023 13:00:00 - 10/01/2023 14:00:00","BZN|PL","Without Sequence","196.02","",""
"10/01/2023 14:00:00 - 10/01/2023 15:00:00","BZN|PL","Without Sequence","196.78","",""
"10/01/2023 15:00:00 - 10/01/2023 16:00:00","BZN|PL","Without Sequence","199.06","",""
"10/01/2023 16:00:00 - 10/01/2023 17:00:00","BZN|PL","Without Sequence","199.94","",""
"10/01/2023 17:00:00 - 10/01/2023 18:00:00","BZN|PL","Without Sequence","198.41","",""
"10/01/2023 18:00:00 - 10/01/2023 19:00:00","BZN|PL","Without Sequence","199.47","",""
"10/01/2023 19:00:00 - 10/01/2023 20:00:00","BZN|PL","Without Sequence","195.04","",""
"10/01/2023 20:00:00 - 10/01/2023 21:00:00","BZN|PL","Without Sequence","166.65","",""
"10/01/2023 21:00:00 - 10/01/2023 22:00:00","BZN|PL","Without Sequence","159.56","",""
"10/01/2023 22:00:00 - 10/01/2023 23:00:00","BZN|PL","Without Sequence","126.84","",""
"10/01/2023 23:00:00 - 11/01/2023 00:00:00","BZN|PL","Without Sequence","121.42","",""
"11/01/2023 00:00:00 - 11/01/2023 01:00:00","BZN|PL","Without Sequence","115.03","",""
"11/01/2023 01:00:00 - 11/01/2023 02:00:00","BZN|PL","Without Sequence","96.09","",""
"11/01/2023 02:00:00 - 11/01/2023 03:00:00","BZN|PL","Without Sequence","92.42","",""
"11/01/2023 03:00:00 - 11/01/2023 04:00:00","BZN|PL","Without Sequence","92.38","",""
"11/01/2023 04:00:00 - 11/01/2023 05:00:00","BZN|PL","Without Sequence","107.36","",""
"11/01/2023 05:00:00 - 11/01/2023 06:00:00","BZN|PL","Without Sequence","128.05","",""
"11/01/2023 06:00:00 - 11/01/2023 07:00:00","BZN|PL","Without Sequence","138.27","",""
"11/01/2023 07:00:00 - 11/01/2023 08:00:00","BZN|PL","Without Sequence","149.90","",""
"11/01/2023 08:00:00 - 11/01/2023 09:00:00","BZN|PL","Without Sequence","145.89","",""
"11/01/2023 09:00:00 - 11/01/2023 10:00:00","BZN|PL","Without Sequence","148.86","",""
"11/01/2023 10:00:00 - 11/01/2023 11:00:00","BZN|PL","Without Sequence","142.71","",""
"11/01/2023 11:00:00 - 11/01/2023 12:00:00","BZN|PL","Without Sequence","147.62","",""
"11/01/2023 12:00:00 - 11/01/2023 13:00:00","BZN|PL","Without Sequence","147.61","",""
"11/01/2023 13:00:00 - 11/01/2023 14:00:00","BZN|PL","Without Sequence","148.92","",""
"11/01/2023 14:00:00 - 11/01/2023 15:00:00","BZN|PL","Without Sequence","153.38","",""
"11/01/2023 15:00:00 - 11/01/2023 16:00:00","BZN|PL","Without Sequence","158.86","",""
"11/01/2023 16:00:00 - 11/01/2023 17:00:00","BZN|PL","Without Sequence","159.85","",""
"11/01/2023 17:00:00 - 11/01/2023 18:00:00","BZN|PL","Without Sequence","156.72","",""
"11/01/2023 18:00:00 - 11/01/2023 19:00:00","BZN|PL","Without Sequence","160.65","",""
"11/01/2023 19:00:00 - 11/01/2023 20:00:00","BZN|PL","Without Sequence","157.62","",""
"11/01/2023 20:00:00 - 11/01/2023 21:00:00","BZN|PL","Without Sequence","140.56","",""
"11/01/2023 21:00:00 - 11/01/2023 22:00:00","BZN|PL","Without Sequence","138.14","",""
"11/01/2023 22:00:00 - 11/01/2023 23:00:00","BZN|PL","Without Sequence","127.77","",""
"11/01/2023 23:00:00 - 12/01/2023 00:00:00","BZN|PL","Without Sequence","102.08","",""
"12/01/2023 00:00:00 - 12/01/2023 01:00:00","BZN|PL","Without Sequence","99.79","",""
"12/01/2023 01:00:00 - 12/01/2023 02:00:00","BZN|PL","Without Sequence","99.44","",""
"12/01/2023 02:00:00 - 12/01/2023 03:00:00","BZN|PL","Without Sequence","98.11","",""
"12/01/2023 03:00:00 - 12/01/2023 04:00:00","BZN|PL","Without Sequence","97.83","",""
"12/01/2023 04:00:00 - 12/01/2023 05:00:00","BZN|PL","Without Sequence","103.09","",""
"12/01/2023 05:00:00 - 12/01/2023 06:00:00","BZN|PL","Without Sequence","125.05","",""
"12/01/2023 06:00:00 - 12/01/2023 07:00:00","BZN|PL","Without Sequence","138.68","",""
"12/01/2023 07:00:00 - 12/01/2023 08:00:00","BZN|PL","Without Sequence","140.56","",""
"12/01/2023 08:00:00 - 12/01/2023 09:00:00","BZN|PL","Without Sequence","135.83","",""
"12/01/2023 09:00:00 - 12/01/2023 10:00:00","BZN|PL","Without Sequence","113.08","",""
"12/01/2023 10:00:00 - 12/01/2023 11:00:00","BZN|PL","Without Sequence","113.08","",""
"12/01/2023 11:00:00 - 12/01/2023 12:00:00","BZN|PL","Without Sequence","113.08","",""
"12/01/2023 12:00:00 - 12/01/2023 13:00:00","BZN|PL","Without Sequence","125.54","",""
"12/01/2023 13:00:00 - 12/01/2023 14:00:00","BZN|PL","Without Sequence","131.11","",""
"12/01/2023 14:00:00 - 12/01/2023 15:00:00","BZN|PL","Without Sequence","130.22","",""
"12/01/2023 15:00:00 - 12/01/2023 16:00:00","BZN|PL","Without Sequence","140.82","",""
"12/01/2023 16:00:00 - 12/01/2023 17:00:00","BZN|PL","Without Sequence","138.69","",""
"12/01/2023 17:00:00 - 12/01/2023 18:00:00","BZN|PL","Without Sequence","128.02","",""
"12/01/2023 18:00:00 - 12/01/2023 19:00:00","BZN|PL","Without Sequence","141.81","",""
"12/01/2023 19:00:00 - 12/01/2023 20:00:00","BZN|PL","Without Sequence","137.18","",""
"12/01/2023 20:00:00 - 12/01/2023 21:00:00","BZN|PL","Without Sequence","116.06","",""
"12/01/2023 21:00:00 - 12/01/2023 22:00:00","BZN|PL","Without Sequence","107.38","",""
"12/01/2023 22:00:00 - 12/01/2023 23:00:00","BZN|PL","Without Sequence","97.84","",""
"12/01/2023 23:00:00 - 13/01/2023 00:00:00","BZN|PL","Without Sequence","95.48","",""
"13/01/2023 00:00:00 - 13/01/2023 01:00:00","BZN|PL","Without Sequence","91.87","",""
"13/01/2023 01:00:00 - 13/01/2023 02:00:00","BZN|PL","Without Sequence","77.80","",""
"13/01/2023 02:00:00 - 13/01/2023 03:00:00","BZN|PL","Without Sequence","84.17","",""
"13/01/2023 03:00:00 - 13/01/2023 04:00:00","BZN|PL","Without Sequence","75.75","",""
"13/01/2023 04:00:00 - 13/01/2023 05:00:00","BZN|PL","Without Sequence","95.49","",""
"13/01/2023 05:00:00 - 13/01/2023 06:00:00","BZN|PL","Without Sequence","102.28","",""
"13/01/2023 06:00:00 - 13/01/2023 07:00:00","BZN|PL","Without Sequence","128.55","",""
"13/01/2023 07:00:00 - 13/01/2023 08:00:00","BZN|PL","Without Sequence","136.38","",""
"13/01/2023 08:00:00 - 13/01/2023 09:00:00","BZN|PL","Without Sequence","138.51","",""
"13/01/2023 09:00:00 - 13/01/2023 10:00:00","BZN|PL","Without Sequence","138.51","",""
"13/01/2023 10:00:00 - 13/01/2023 11:00:00","BZN|PL","Without Sequence","138.52","",""
"13/01/2023 11:00:00 - 13/01/2023 12:00:00","BZN|PL","Without Sequence","148.42","",""
"13/01/2023 12:00:00 - 13/01/2023 13:00:00","BZN|PL","Without Sequence","149.17","",""
"13/01/2023 13:00:00 - 13/01/2023 14:00:00","BZN|PL","Without Sequence","147.20","",""
"13/01/2023 14:00:00 - 13/01/2023 15:00:00","BZN|PL","Without Sequence","144.90","",""
"13/01/2023 15:00:00 - 13/01/2023 16:00:00","BZN|PL","Without Sequence","142.23","",""
"13/01/2023 16:00:00 - 13/01/2023 17:00:00","BZN|PL","Without Sequence","151.44","",""
"13/01/2023 17:00:00 - 13/01/2023 18:00:00","BZN|PL","Without Sequence","149.19","",""
"13/01/2023 18:00:00 - 13/01/2023 19:00:00","BZN|PL","Without Sequence","149.18","",""
"13/01/2023 19:00:00 - 13/01/2023 20:00:00","BZN|PL","Without Sequence","137.24","",""
"13/01/2023 20:00:00 - 13/01/2023 21:00:00","BZN|PL","Without Sequence","101.41","",""
"13/01/2023 21:00:00 - 13/01/2023 22:00:00","BZN|PL","Without Sequence","102.05","",""
"13/01/2023 22:00:00 - 13/01/2023 23:00:00","BZN|PL","Without Sequence","96.25","",""
"13/01/2023 23:00:00 - 14/01/2023 00:00:00","BZN|PL","Without Sequence","86.04","",""
"14/01/2023 00:00:00 - 14/01/2023 01:00:00","BZN|PL","Without Sequence","80.99","",""
"14/01/2023 01:00:00 - 14/01/2023 02:00:00","BZN|PL","Without Sequence","70.32","",""
"14/01/2023 02:00:00 - 14/01/2023 03:00:00","BZN|PL","Without Sequence","72.47","",""
"14/01/2023 03:00:00 - 14/01/2023 04:00:00","BZN|PL","Without Sequence","72.19","",""
"14/01/2023 04:00:00 - 14/01/2023 05:00:00","BZN|PL","Without Sequence","80.44","",""
"14/01/2023 05:00:00 - 14/01/2023 06:00:00","BZN|PL","Without Sequence","94.17","",""
"14/01/2023 06:00:00 - 14/01/2023 07:00:00","BZN|PL","Without Sequence","96.86","",""
"14/01/2023 07:00:00 - 14/01/2023 08:00:00","BZN|PL","Without Sequence","97.51","",""
"14/01/2023 08:00:00 - 14/01/2023 09:00:00","BZN|PL","Without Sequence","97.51","",""
"14/01/2023 09:00:00 - 14/01/2023 10:00:00","BZN|PL","Without Sequence","97.51","",""
"14/01/2023 10:00:00 - 14/01/2023 11:00:00","BZN|PL","Without Sequence","102.11","",""
"14/01/2023 11:00:00 - 14/01/2023 12:00:00","BZN|PL","Without Sequence","97.51","",""
"14/01/2023 12:00:00 - 14/01/2023 13:00:00","BZN|PL","Without Sequence","102.31","",""
"14/01/2023 13:00:00 - 14/01/2023 14:00:00","BZN|PL","Without Sequence","102.11","",""
"14/01/2023 14:00:00 - 14/01/2023 15:00:00","BZN|PL","Without Sequence","102.10","",""
"14/01/2023 15:00:00 - 14/01/2023 16:00:00","BZN|PL","Without Sequence","102.10","",""
"14/01/2023 16:00:00 - 14/01/2023 17:00:00","BZN|PL","Without Sequence","112.86","",""
"14/01/2023 17:00:00 - 14/01/2023 18:00:00","BZN|PL","Without Sequence","102.11","",""
"14/01/2023 18:00:00 - 14/01/2023 19:00:00","BZN|PL","Without Sequence","97.51","",""
"14/01/2023 19:00:00 - 14/01/2023 20:00:00","BZN|PL","Without Sequence","97.51","",""
"14/01/2023 20:00:00 - 14/01/2023 21:00:00","BZN|PL","Without Sequence","96.91","",""
"14/01/2023 21:00:00 - 14/01/2023 22:00:00","BZN|PL","Without Sequence","85.06","",""
"14/01/2023 22:00:00 - 14/01/2023 23:00:00","BZN|PL","Without Sequence","70.35","",""
"14/01/2023 23:00:00 - 15/01/2023 00:00:00","BZN|PL","Without Sequence","27.40","",""
"15/01/2023 00:00:00 - 15/01/2023 01:00:00","BZN|PL","Without Sequence","27.23","",""
"15/01/2023 01:00:00 - 15/01/2023 02:00:00","BZN|PL","Without Sequence","24.52","",""
"15/01/2023 02:00:00 - 15/01/2023 03:00:00","BZN|PL","Without Sequence","24.54","",""
"15/01/2023 03:00:00 - 15/01/2023 04:00:00","BZN|PL","Without Sequence","24.55","",""
"15/01/2023 04:00:00 - 15/01/2023 05:00:00","BZN|PL","Without Sequence","28.55","",""
"15/01/2023 05:00:00 - 15/01/2023 06:00:00","BZN|PL","Without Sequence","28.79","",""
"15/01/2023 06:00:00 - 15/01/2023 07:00:00","BZN|PL","Without Sequence","41.75","",""
"15/01/2023 07:00:00 - 15/01/2023 08:00:00","BZN|PL","Without Sequence","58.67","",""
"15/01/2023 08:00:00 - 15/01/2023 09:00:00","BZN|PL","Without Sequence","87.24","",""
"15/01/2023 09:00:00 - 15/01/2023 10:00:00","BZN|PL","Without Sequence","87.26","",""
"15/01/2023 10:00:00 - 15/01/2023 11:00:00","BZN|PL","Without Sequence","93.63","",""
"15/01/2023 11:00:00 - 15/01/2023 12:00:00","BZN|PL","Without Sequence","93.63","",""
"15/01/2023 12:00:00 - 15/01/2023 13:00:00","BZN|PL","Without Sequence","95.19","",""
"15/01/2023 13:00:00 - 15/01/2023 14:00:00","BZN|PL","Without Sequence","95.26","",""
"15/01/2023 14:00:00 - 15/01/2023 15:00:00","BZN|PL","Without Sequence","95.21","",""
"15/01/2023 15:00:00 - 15/01/2023 16:00:00","BZN|PL","Without Sequence","89.61","",""
"15/01/2023 16:00:00 - 15/01/2023 17:00:00","BZN|PL","Without Sequence","95.28","",""
"15/01/2023 17:00:00 - 15/01/2023 18:00:00","BZN|PL","Without Sequence","95.22","",""
"15/01/2023 18:00:00 - 15/01/2023 19:00:00","BZN|PL","Without Sequence","95.28","",""
"15/01/2023 19:00:00 - 15/01/2023 20:00:00","BZN|PL","Without Sequence","95.12","",""
"15/01/2023 20:00:00 - 15/01/2023 21:00:00","BZN|PL","Without Sequence","91.49","",""
"15/01/2023 21:00:00 - 15/01/2023 22:00:00","BZN|PL","Without Sequence","82.42","",""
"15/01/2023 22:00:00 - 15/01/2023 23:00:00","BZN|PL","Without Sequence","67.25","",""
"15/01/2023 23:00:00 - 16/01/2023 00:00:00","BZN|PL","Without Sequence","72.55","",""
"16/01/2023 00:00:00 - 16/01/2023 01:00:00","BZN|PL","Without Sequence","72.61","",""
"16/01/2023 01:00:00 - 16/01/2023 02:00:00","BZN|PL","Without Sequence","70.21","",""
"16/01/2023 02:00:00 - 16/01/2023 03:00:00","BZN|PL","Without Sequence","74.14","",""
"16/01/2023 03:00:00 - 16/01/2023 04:00:00","BZN|PL","Without Sequence","75.39","",""
"16/01/2023 04:00:00 - 16/01/2023 05:00:00","BZN|PL","Without Sequence","87.00","",""
"16/01/2023 05:00:00 - 16/01/2023 06:00:00","BZN|PL","Without Sequence","126.42","",""
"16/01/2023 06:00:00 - 16/01/2023 07:00:00","BZN|PL","Without Sequence","167.47","",""
"16/01/2023 07:00:00 - 16/01/2023 08:00:00","BZN|PL","Without Sequence","165.09","",""
"16/01/2023 08:00:00 - 16/01/2023 09:00:00","BZN|PL","Without Sequence","170.00","",""
"16/01/2023 09:00:00 - 16/01/2023 10:00:00","BZN|PL","Without Sequence","157.88","",""
"16/01/2023 10:00:00 - 16/01/2023 11:00:00","BZN|PL","Without Sequence","155.01","",""
"16/01/2023 11:00:00 - 16/01/2023 12:00:00","BZN|PL","Without Sequence","152.62","",""
"16/01/2023 12:00:00 - 16/01/2023 13:00:00","BZN|PL","Without Sequence","155.73","",""
"16/01/2023 13:00:00 - 16/01/2023 14:00:00","BZN|PL","Without Sequence","159.91","",""
"16/01/2023 14:00:00 - 16/01/2023 15:00:00","BZN|PL","Without Sequence","173.87","",""
"16/01/2023 15:00:00 - 16/01/2023 16:00:00","BZN|PL","Without Sequence","159.91","",""
"16/01/2023 16:00:00 - 16/01/2023 17:00:00","BZN|PL","Without Sequence","166.79","",""
"16/01/2023 17:00:00 - 16/01/2023 18:00:00","BZN|PL","Without Sequence","156.28","",""
"16/01/2023 18:00:00 - 16/01/2023 19:00:00","BZN|PL","Without Sequence","145.69","",""
"16/01/2023 19:00:00 - 16/01/2023 20:00:00","BZN|PL","Without Sequence","127.86","",""
"16/01/2023 20:00:00 - 16/01/2023 21:00:00","BZN|PL","Without Sequence","121.59","",""
"16/01/2023 21:00:00 - 16/01/2023 22:00:00","BZN|PL","Without Sequence","117.05","",""
"16/01/2023 22:00:00 - 16/01/2023 23:00:00","BZN|PL","Without Sequence","99.65","",""
"16/01/2023 23:00:00 - 17/01/2023 00:00:00","BZN|PL","Without Sequence","95.85","",""
"17/01/2023 00:00:00 - 17/01/2023 01:00:00","BZN|PL","Without Sequence","93.57","",""
"17/01/2023 01:00:00 - 17/01/2023 02:00:00","BZN|PL","Without Sequence","90.95","",""
"17/01/2023 02:00:00 - 17/01/2023 03:00:00","BZN|PL","Without Sequence","90.79","",""
"17/01/2023 03:00:00 - 17/01/2023 04:00:00","BZN|PL","Without Sequence","92.35","",""
"17/01/2023 04:00:00 - 17/01/2023 05:00:00","BZN|PL","Without Sequence","97.79","",""
"17/01/2023 05:00:00 - 17/01/2023 06:00:00","BZN|PL","Without Sequence","120.60","",""
"17/01/2023 06:00:00 - 17/01/2023 07:00:00","BZN|PL","Without Sequence","148.70","",""
"17/01/2023 07:00:00 - 17/01/2023 08:00:00","BZN|PL","Without Sequence","150.37","",""
"17/01/2023 08:00:00 - 17/01/2023 09:00:00","BZN|PL","Without Sequence","148.94","",""
"17/01/2023 09:00:00 - 17/01/2023 10:00:00","BZN|PL","Without Sequence","129.67","",""
"17/01/2023 10:00:00 - 17/01/2023 11:00:00","BZN|PL","Without Sequence","128.24","",""
"17/01/2023 11:00:00 - 17/01/2023 12:00:00","BZN|PL","Without Sequence","124.73","",""
"17/01/2023 12:00:00 - 17/01/2023 13:00:00","BZN|PL","Without Sequence","132.08","",""
"17/01/2023 13:00:00 - 17/01/2023 14:00:00","BZN|PL","Without Sequence","148.94","",""
"17/01/2023 14:00:00 - 17/01/2023 15:00:00","BZN|PL","Without Sequence","165.95","",""
"17/01/2023 15:00:00 - 17/01/2023 16:00:00","BZN|PL","Without Sequence","180.80","",""
"17/01/2023 16:00:00 - 17/01/2023 17:00:00","BZN|PL","Without Sequence","186.39","",""
"17/01/2023 17:00:00 - 17/01/2023 18:00:00","BZN|PL","Without Sequence","180.64","",""
"17/01/2023 18:00:00 - 17/01/2023 19:00:00","BZN|PL","Without Sequence","178.11","",""
"17/01/2023 19:00:00 - 17/01/2023 20:00:00","BZN|PL","Without Sequence","156.56","",""
"17/01/2023 20:00:00 - 17/01/2023 21:00:00","BZN|PL","Without Sequence","147.90","",""
"17/01/2023 21:00:00 - 17/01/2023 22:00:00","BZN|PL","Without Sequence","142.25","",""
"17/01/2023 22:00:00 - 17/01/2023 23:00:00","BZN|PL","Without Sequence","129.34","",""
"17/01/2023 23:00:00 - 18/01/2023 00:00:00","BZN|PL","Without Sequence","128.26","",""
"18/01/2023 00:00:00 - 18/01/2023 01:00:00","BZN|PL","Without Sequence","126.69","",""
"18/01/2023 01:00:00 - 18/01/2023 02:00:00","BZN|PL","Without Sequence","119.84","",""
"18/01/2023 02:00:00 - 18/01/2023 03:00:00","BZN|PL","Without Sequence","122.98","",""
"18/01/2023 03:00:00 - 18/01/2023 04:00:00","BZN|PL","Without Sequence","123.20","",""
"18/01/2023 04:00:00 - 18/01/2023 05:00:00","BZN|PL","Without Sequence","127.69","",""
"18/01/2023 05:00:00 - 18/01/2023 06:00:00","BZN|PL","Without Sequence","150.93","",""
"18/01/2023 06:00:00 - 18/01/2023 07:00:00","BZN|PL","Without Sequence","170.46","",""
"18/01/2023 07:00:00 - 18/01/2023 08:00:00","BZN|PL","Without Sequence","189.74","",""
"18/01/2023 08:00:00 - 18/01/2023 09:00:00","BZN|PL","Without Sequence","185.15","",""
"18/01/2023 09:00:00 - 18/01/2023 10:00:00","BZN|PL","Without Sequence","166.35","",""
"18/01/2023 10:00:00 - 18/01/2023 11:00:00","BZN|PL","Without Sequence","158.61","",""
"18/01/2023 11:00:00 - 18/01/2023 12:00:00","BZN|PL","Without Sequence","146.61","",""
"18/01/2023 12:00:00 - 18/01/2023 13:00:00","BZN|PL","Without Sequence","158.12","",""
"18/01/2023 13:00:00 - 18/01/2023 14:00:00","BZN|PL","Without Sequence","150.10","",""
"18/01/2023 14:00:00 - 18/01/2023 15:00:00","BZN|PL","Without Sequence","157.51","",""
"18/01/2023 15:00:00 - 18/01/2023 16:00:00","BZN|PL","Without Sequence","162.71","",""
"18/01/2023 16:00:00 - 18/01/2023 17:00:00","BZN|PL","Without Sequence","165.04","",""
"18/01/2023 17:00:00 - 18/01/2023 18:00:00","BZN|PL","Without Sequence","161.23","",""
"18/01/2023 18:00:00 - 18/01/2023 19:00:00","BZN|PL","Without Sequence","159.22","",""
"18/01/2023 19:00:00 - 18/01/2023 20:00:00","BZN|PL","Without Sequence","139.67","",""
"18/01/2023 20:00:00 - 18/01/2023 21:00:00","BZN|PL","Without Sequence","136.21","",""
"18/01/2023 21:00:00 - 18/01/2023 22:00:00","BZN|PL","Without Sequence","143.23","",""
"18/01/2023 22:00:00 - 18/01/2023 23:00:00","BZN|PL","Without Sequence","134.29","",""
"18/01/2023 23:00:00 - 19/01/2023 00:00:00","BZN|PL","Without Sequence","137.93","",""
"19/01/2023 00:00:00 - 19/01/2023 01:00:00","BZN|PL","Without Sequence","135.60","",""
"19/01/2023 01:00:00 - 19/01/2023 02:00:00","BZN|PL","Without Sequence","139.54","",""
"19/01/2023 02:00:00 - 19/01/2023 03:00:00","BZN|PL","Without Sequence","138.75","",""
"19/01/2023 03:00:00 - 19/01/2023 04:00:00","BZN|PL","Without Sequence","131.79","",""
"19/01/2023 04:00:00 - 19/01/2023 05:00:00","BZN|PL","Without Sequence","138.06","",""
"19/01/2023 05:00:00 - 19/01/2023 06:00:00","BZN|PL","Without Sequence","165.78","",""
"19/01/2023 06:00:00 - 19/01/2023 07:00:00","BZN|PL","Without Sequence","181.36","",""
"19/01/2023 07:00:00 - 19/01/2023 08:00:00","BZN|PL","Without Sequence","193.08","",""
"19/01/2023 08:00:00 - 19/01/2023 09:00:00","BZN|PL","Without Sequence","193.14","",""
"19/01/2023 09:00:00 - 19/01/2023 10:00:00","BZN|PL","Without Sequence","189.26","",""
"19/01/2023 10:00:00 - 19/01/2023 11:00:00","BZN|PL","Without Sequence","192.91","",""
"19/01/2023 11:00:00 - 19/01/2023 12:00:00","BZN|PL","Without Sequence","186.48","",""
"19/01/2023 12:00:00 - 19/01/2023 13:00:00","BZN|PL","Without Sequence","193.25","",""
"19/01/2023 13:00:00 - 19/01/2023 14:00:00","BZN|PL","Without Sequence","193.73","",""
"19/01/2023 14:00:00 - 19/01/2023 15:00:00","BZN|PL","Without Sequence","185.37","",""
"19/01/2023 15:00:00 - 19/01/2023 16:00:00","BZN|PL","Without Sequence","186.89","",""
"19/01/2023 16:00:00 - 19/01/2023 17:00:00","BZN|PL","Without Sequence","193.52","",""
"19/01/2023 17:00:00 - 19/01/2023 18:00:00","BZN|PL","Without Sequence","191.75","",""
"19/01/2023 18:00:00 - 19/01/2023 19:00:00","BZN|PL","Without Sequence","191.81","",""
"19/01/2023 19:00:00 - 19/01/2023 20:00:00","BZN|PL","Without Sequence","176.24","",""
"19/01/2023 20:00:00 - 19/01/2023 21:00:00","BZN|PL","Without Sequence","159.06","",""
"19/01/2023 21:00:00 - 19/01/2023 22:00:00","BZN|PL","Without Sequence","151.15","",""
"19/01/2023 22:00:00 - 19/01/2023 23:00:00","BZN|PL","Without Sequence","134.86","",""
"19/01/2023 23:00:00 - 20/01/2023 00:00:00","BZN|PL","Without Sequence","136.93","",""
"20/01/2023 00:00:00 - 20/01/2023 01:00:00","BZN|PL","Without Sequence","138.22","",""
"20/01/2023 01:00:00 - 20/01/2023 02:00:00","BZN|PL","Without Sequence","144.33","",""
"20/01/2023 02:00:00 - 20/01/2023 03:00:00","BZN|PL","Without Sequence","144.43","",""
"20/01/2023 03:00:00 - 20/01/2023 04:00:00","BZN|PL","Without Sequence","142.95","",""
"20/01/2023 04:00:00 - 20/01/2023 05:00:00","BZN|PL","Without Sequence","145.79","",""
"20/01/2023 05:00:00 - 20/01/2023 06:00:00","BZN|PL","Without Sequence","177.01","",""
"20/01/2023 06:00:00 - 20/01/2023 07:00:00","BZN|PL","Without Sequence","201.92","",""
"20/01/2023 07:00:00 - 20/01/2023 08:00:00","BZN|PL","Without Sequence","211.44","",""
"20/01/2023 08:00:00 - 20/01/2023 09:00:00","BZN|PL","Without Sequence","210.82","",""
"20/01/2023 09:00:00 - 20/01/2023 10:00:00","BZN|PL","Without Sequence","205.47","",""
"20/01/2023 10:00:00 - 20/01/2023 11:00:00","BZN|PL","Without Sequence","202.85","",""
"20/01/2023 11:00:00 - 20/01/2023 12:00:00","BZN|PL","Without Sequence","191.42","",""
"20/01/2023 12:00:00 - 20/01/2023 13:00:00","BZN|PL","Without Sequence","183.49","",""
"20/01/2023 13:00:00 - 20/01/2023 14:00:00","BZN|PL","Without Sequence","184.65","",""
"20/01/2023 14:00:00 - 20/01/2023 15:00:00","BZN|PL","Without Sequence","192.00","",""
"20/01/2023 15:00:00 - 20/01/2023 16:00:00","BZN|PL","Without Sequence","200.00","",""
"20/01/2023 16:00:00 - 20/01/2023 17:00:00","BZN|PL","Without Sequence","208.22","",""
"20/01/2023 17:00:00 - 20/01/2023 18:00:00","BZN|PL","Without Sequence","202.35","",""
"20/01/2023 18:00:00 - 20/01/2023 19:00:00","BZN|PL","Without Sequence","199.42","",""
"20/01/2023 19:00:00 - 20/01/2023 20:00:00","BZN|PL","Without Sequence","171.48","",""
"20/01/2023 20:00:00 - 20/01/2023 21:00:00","BZN|PL","Without Sequence","157.11","",""
"20/01/2023 21:00:00 - 20/01/2023 22:00:00","BZN|PL","Without Sequence","151.00","",""
"20/01/2023 22:00:00 - 20/01/2023 23:00:00","BZN|PL","Without Sequence","138.08","",""
"20/01/2023 23:00:00 - 21/01/2023 00:00:00","BZN|PL","Without Sequence","123.40","",""
"21/01/2023 00:00:00 - 21/01/2023 01:00:00","BZN|PL","Without Sequence","109.99","",""
"21/01/2023 01:00:00 - 21/01/2023 02:00:00","BZN|PL","Without Sequence","104.99","",""
"21/01/2023 02:00:00 - 21/01/2023 03:00:00","BZN|PL","Without Sequence","97.57","",""
"21/01/2023 03:00:00 - 21/01/2023 04:00:00","BZN|PL","Without Sequence","103.04","",""
"21/01/2023 04:00:00 - 21/01/2023 05:00:00","BZN|PL","Without Sequence","98.75","",""
"21/01/2023 05:00:00 - 21/01/2023 06:00:00","BZN|PL","Without Sequence","102.71","",""
"21/01/2023 06:00:00 - 21/01/2023 07:00:00","BZN|PL","Without Sequence","107.65","",""
"21/01/2023 07:00:00 - 21/01/2023 08:00:00","BZN|PL","Without Sequence","115.58","",""
"21/01/2023 08:00:00 - 21/01/2023 09:00:00","BZN|PL","Without Sequence","110.09","",""
"21/01/2023 09:00:00 - 21/01/2023 10:00:00","BZN|PL","Without Sequence","111.07","",""
"21/01/2023 10:00:00 - 21/01/2023 11:00:00","BZN|PL","Without Sequence","112.19","",""
"21/01/2023 11:00:00 - 21/01/2023 12:00:00","BZN|PL","Without Sequence","112.20","",""
"21/01/2023 12:00:00 - 21/01/2023 13:00:00","BZN|PL","Without Sequence","112.00","",""
"21/01/2023 13:00:00 - 21/01/2023 14:00:00","BZN|PL","Without Sequence","115.58","",""
"21/01/2023 14:00:00 - 21/01/2023 15:00:00","BZN|PL","Without Sequence","116.64","",""
"21/01/2023 15:00:00 - 21/01/2023 16:00:00","BZN|PL","Without Sequence","125.14","",""
"21/01/2023 16:00:00 - 21/01/2023 17:00:00","BZN|PL","Without Sequence","124.02","",""
"21/01/2023 17:00:00 - 21/01/2023 18:00:00","BZN|PL","Without Sequence","121.89","",""
"21/01/2023 18:00:00 - 21/01/2023 19:00:00","BZN|PL","Without Sequence","114.29","",""
"21/01/2023 19:00:00 - 21/01/2023 20:00:00","BZN|PL","Without Sequence","114.53","",""
"21/01/2023 20:00:00 - 21/01/2023 21:00:00","BZN|PL","Without Sequence","113.99","",""
"21/01/2023 21:00:00 - 21/01/2023 22:00:00","BZN|PL","Without Sequence","124.71","",""
"21/01/2023 22:00:00 - 21/01/2023 23:00:00","BZN|PL","Without Sequence","108.91","",""
"21/01/2023 23:00:00 - 22/01/2023 00:00:00","BZN|PL","Without Sequence","115.54","",""
"22/01/2023 00:00:00 - 22/01/2023 01:00:00","BZN|PL","Without Sequence","109.65","",""
"22/01/2023 01:00:00 - 22/01/2023 02:00:00","BZN|PL","Without Sequence","107.56","",""
"22/01/2023 02:00:00 - 22/01/2023 03:00:00","BZN|PL","Without Sequence","106.30","",""
"22/01/2023 03:00:00 - 22/01/2023 04:00:00","BZN|PL","Without Sequence","107.63","",""
"22/01/2023 04:00:00 - 22/01/2023 05:00:00","BZN|PL","Without Sequence","110.90","",""
"22/01/2023 05:00:00 - 22/01/2023 06:00:00","BZN|PL","Without Sequence","111.82","",""
"22/01/2023 06:00:00 - 22/01/2023 07:00:00","BZN|PL","Without Sequence","114.77","",""
"22/01/2023 07:00:00 - 22/01/2023 08:00:00","BZN|PL","Without Sequence","127.77","",""
"22/01/2023 08:00:00 - 22/01/2023 09:00:00","BZN|PL","Without Sequence","138.68","",""
"22/01/2023 09:00:00 - 22/01/2023 10:00:00","BZN|PL","Without Sequence","145.78","",""
"22/01/2023 10:00:00 - 22/01/2023 11:00:00","BZN|PL","Without Sequence","155.42","",""
"22/01/2023 11:00:00 - 22/01/2023 12:00:00","BZN|PL","Without Sequence","157.11","",""
"22/01/2023 12:00:00 - 22/01/2023 13:00:00","BZN|PL","Without Sequence","142.98","",""
"22/01/2023 13:00:00 - 22/01/2023 14:00:00","BZN|PL","Without Sequence","151.67","",""
"22/01/2023 14:00:00 - 22/01/2023 15:00:00","BZN|PL","Without Sequence","154.22","",""
"22/01/2023 15:00:00 - 22/01/2023 16:00:00","BZN|PL","Without Sequence","165.64","",""
"22/01/2023 16:00:00 - 22/01/2023 17:00:00","BZN|PL","Without Sequence","178.78","",""
"22/01/2023 17:00:00 - 22/01/2023 18:00:00","BZN|PL","Without Sequence","168.35","",""
"22/01/2023 18:00:00 - 22/01/2023 19:00:00","BZN|PL","Without Sequence","161.54","",""
"22/01/2023 19:00:00 - 22/01/2023 20:00:00","BZN|PL","Without Sequence","165.87","",""
"22/01/2023 20:00:00 - 22/01/2023 21:00:00","BZN|PL","Without Sequence","135.90","",""
"22/01/2023 21:00:00 - 22/01/2023 22:00:00","BZN|PL","Without Sequence","157.35","",""
"22/01/2023 22:00:00 - 22/01/2023 23:00:00","BZN|PL","Without Sequence","135.65","",""
"22/01/2023 23:00:00 - 23/01/2023 00:00:00","BZN|PL","Without Sequence","150.87","",""
"23/01/2023 00:00:00 - 23/01/2023 01:00:00","BZN|PL","Without Sequence","147.04","",""
"23/01/2023 01:00:00 - 23/01/2023 02:00:00","BZN|PL","Without Sequence","152.14","",""
"23/01/2023 02:00:00 - 23/01/2023 03:00:00","BZN|PL","Without Sequence","150.59","",""
"23/01/2023 03:00:00 - 23/01/2023 04:00:00","BZN|PL","Without Sequence","152.44","",""
"23/01/2023 04:00:00 - 23/01/2023 05:00:00","BZN|PL","Without Sequence","148.63","",""
"23/01/2023 05:00:00 - 23/01/2023 06:00:00","BZN|PL","Without Sequence","190.40","",""
"23/01/2023 06:00:00 - 23/01/2023 07:00:00","BZN|PL","Without Sequence","191.10","",""
"23/01/2023 07:00:00 - 23/01/2023 08:00:00","BZN|PL","Without Sequence","209.74","",""
"23/01/2023 08:00:00 - 23/01/2023 09:00:00","BZN|PL","Without Sequence","209.97","",""
"23/01/2023 09:00:00 - 23/01/2023 10:00:00","BZN|PL","Without Sequence","209.26","",""
"23/01/2023 10:00:00 - 23/01/2023 11:00:00","BZN|PL","Without Sequence","203.31","",""
"23/01/2023 11:00:00 - 23/01/2023 12:00:00","BZN|PL","Without Sequence","202.71","",""
"23/01/2023 12:00:00 - 23/01/2023 13:00:00","BZN|PL","Without Sequence","202.17","",""
"23/01/2023 13:00:00 - 23/01/2023 14:00:00","BZN|PL","Without Sequence","201.72","",""
"23/01/2023 14:00:00 - 23/01/2023 15:00:00","BZN|PL","Without Sequence","198.48","",""
"23/01/2023 15:00:00 - 23/01/2023 16:00:00","BZN|PL","Without Sequence","203.28","",""
"23/01/2023 16:00:00 - 23/01/2023 17:00:00","BZN|PL","Without Sequence","202.61","",""
"23/01/2023 17:00:00 - 23/01/2023 18:00:00","BZN|PL","Without Sequence","202.60","",""
"23/01/2023 18:00:00 - 23/01/2023 19:00:00","BZN|PL","Without Sequence","193.90","",""
"23/01/2023 19:00:00 - 23/01/2023 20:00:00","BZN|PL","Without Sequence","194.00","",""
"23/01/2023 20:00:00 - 23/01/2023 21:00:00","BZN|PL","Without Sequence","175.16","",""
"23/01/2023 21:00:00 - 23/01/2023 22:00:00","BZN|PL","Without Sequence","168.79","",""
"23/01/2023 22:00:00 - 23/01/2023 23:00:00","BZN|PL","Without Sequence","147.51","",""
"23/01/2023 23:00:00 - 24/01/2023 00:00:00","BZN|PL","Without Sequence","164.85","",""
"24/01/2023 00:00:00 - 24/01/2023 01:00:00","BZN|PL","Without Sequence","160.26","",""
"24/01/2023 01:00:00 - 24/01/2023 02:00:00","BZN|PL","Without Sequence","157.41","",""
"24/01/2023 02:00:00 - 24/01/2023 03:00:00","BZN|PL","Without Sequence","156.58","",""
"24/01/2023 03:00:00 - 24/01/2023 04:00:00","BZN|PL","Without Sequence","159.40","",""
"24/01/2023 04:00:00 - 24/01/2023 05:00:00","BZN|PL","Without Sequence","165.92","",""
"24/01/2023 05:00:00 - 24/01/2023 06:00:00","BZN|PL","Without Sequence","183.61","",""
"24/01/2023 06:00:00 - 24/01/2023 07:00:00","BZN|PL","Without Sequence","201.22","",""
"24/01/2023 07:00:00 - 24/01/2023 08:00:00","BZN|PL","Without Sequence","205.69","",""
"24/01/2023 08:00:00 - 24/01/2023 09:00:00","BZN|PL","Without Sequence","205.56","",""
"24/01/2023 09:00:00 - 24/01/2023 10:00:00","BZN|PL","Without Sequence","202.45","",""
"24/01/2023 10:00:00 - 24/01/2023 11:00:00","BZN|PL","Without Sequence","202.81","",""
"24/01/2023 11:00:00 - 24/01/2023 12:00:00","BZN|PL","Without Sequence","202.47","",""
"24/01/2023 12:00:00 - 24/01/2023 13:00:00","BZN|PL","Without Sequence","202.77","",""
"24/01/2023 13:00:00 - 24/01/2023 14:00:00","BZN|PL","Without Sequence","202.33","",""
"24/01/2023 14:00:00 - 24/01/2023 15:00:00","BZN|PL","Without Sequence","202.46","",""
"24/01/2023 15:00:00 - 24/01/2023 16:00:00","BZN|PL","Without Sequence","203.34","",""
"24/01/2023 16:00:00 - 24/01/2023 17:00:00","BZN|PL","Without Sequence","202.54","",""
"24/01/2023 17:00:00 - 24/01/2023 18:00:00","BZN|PL","Without Sequence","202.33","",""
"24/01/2023 18:00:00 - 24/01/2023 19:00:00","BZN|PL","Without Sequence","202.27","",""
"24/01/2023 19:00:00 - 24/01/2023 20:00:00","BZN|PL","Without Sequence","190.90","",""
"24/01/2023 20:00:00 - 24/01/2023 21:00:00","BZN|PL","Without Sequence","175.86","",""
"24/01/2023 21:00:00 - 24/01/2023 22:00:00","BZN|PL","Without Sequence","170.64","",""
"24/01/2023 22:00:00 - 24/01/2023 23:00:00","BZN|PL","Without Sequence","163.27","",""
"24/01/2023 23:00:00 - 25/01/2023 00:00:00","BZN|PL","Without Sequence","152.86","",""
"25/01/2023 00:00:00 - 25/01/2023 01:00:00","BZN|PL","Without Sequence","152.29","",""
"25/01/2023 01:00:00 - 25/01/2023 02:00:00","BZN|PL","Without Sequence","156.24","",""
"25/01/2023 02:00:00 - 25/01/2023 03:00:00","BZN|PL","Without Sequence","157.70","",""
"25/01/2023 03:00:00 - 25/01/2023 04:00:00","BZN|PL","Without Sequence","160.62","",""
"25/01/2023 04:00:00 - 25/01/2023 05:00:00","BZN|PL","Without Sequence","150.53","",""
"25/01/2023 05:00:00 - 25/01/2023 06:00:00","BZN|PL","Without Sequence","171.24","",""
"25/01/2023 06:00:00 - 25/01/2023 07:00:00","BZN|PL","Without Sequence","185.20","",""
"25/01/2023 07:00:00 - 25/01/2023 08:00:00","BZN|PL","Without Sequence","199.42","",""
"25/01/2023 08:00:00 - 25/01/2023 09:00:00","BZN|PL","Without Sequence","195.78","",""
"25/01/2023 09:00:00 - 25/01/2023 10:00:00","BZN|PL","Without Sequence","192.05","",""
"25/01/2023 10:00:00 - 25/01/2023 11:00:00","BZN|PL","Without Sequence","189.82","",""
"25/01/2023 11:00:00 - 25/01/2023 12:00:00","BZN|PL","Without Sequence","193.20","",""
"25/01/2023 12:00:00 - 25/01/2023 13:00:00","BZN|PL","Without Sequence","185.20","",""
"25/01/2023 13:00:00 - 25/01/2023 14:00:00","BZN|PL","Without Sequence","191.80","",""
"25/01/2023 14:00:00 - 25/01/2023 15:00:00","BZN|PL","Without Sequence","193.01","",""
"25/01/2023 15:00:00 - 25/01/2023 16:00:00","BZN|PL","Without Sequence","197.96","",""
"25/01/2023 16:00:00 - 25/01/2023 17:00:00","BZN|PL","Without Sequence","196.72","",""
"25/01/2023 17:00:00 - 25/01/2023 18:00:00","BZN|PL","Without Sequence","195.82","",""
"25/01/2023 18:00:00 - 25/01/2023 19:00:00","BZN|PL","Without Sequence","189.07","",""
"25/01/2023 19:00:00 - 25/01/2023 20:00:00","BZN|PL","Without Sequence","176.26","",""
"25/01/2023 20:00:00 - 25/01/2023 21:00:00","BZN|PL","Without Sequence","167.48","",""
"25/01/2023 21:00:00 - 25/01/2023 22:00:00","BZN|PL","Without Sequence","164.85","",""
"25/01/2023 22:00:00 - 25/01/2023 23:00:00","BZN|PL","Without Sequence","154.65","",""
"25/01/2023 23:00:00 - 26/01/2023 00:00:00","BZN|PL","Without Sequence","150.00","",""
"26/01/2023 00:00:00 - 26/01/2023 01:00:00","BZN|PL","Without Sequence","141.17","",""
"26/01/2023 01:00:00 - 26/01/2023 02:00:00","BZN|PL","Without Sequence","144.44","",""
"26/01/2023 02:00:00 - 26/01/2023 03:00:00","BZN|PL","Without Sequence","138.56","",""
"26/01/2023 03:00:00 - 26/01/2023 04:00:00","BZN|PL","Without Sequence","149.92","",""
"26/01/2023 04:00:00 - 26/01/2023 05:00:00","BZN|PL","Without Sequence","142.32","",""
"26/01/2023 05:00:00 - 26/01/2023 06:00:00","BZN|PL","Without Sequence","165.55","",""
"26/01/2023 06:00:00 - 26/01/2023 07:00:00","BZN|PL","Without Sequence","186.88","",""
"26/01/2023 07:00:00 - 26/01/2023 08:00:00","BZN|PL","Without Sequence","198.85","",""
"26/01/2023 08:00:00 - 26/01/2023 09:00:00","BZN|PL","Without Sequence","197.55","",""
"26/01/2023 09:00:00 - 26/01/2023 10:00:00","BZN|PL","Without Sequence","194.97","",""
"26/01/2023 10:00:00 - 26/01/2023 11:00:00","BZN|PL","Without Sequence","195.48","",""
"26/01/2023 11:00:00 - 26/01/2023 12:00:00","BZN|PL","Without Sequence","180.53","",""
"26/01/2023 12:00:00 - 26/01/2023 13:00:00","BZN|PL","Without Sequence","182.74","",""
"26/01/2023 13:00:00 - 26/01/2023 14:00:00","BZN|PL","Without Sequence","179.74","",""
"26/01/2023 14:00:00 - 26/01/2023 15:00:00","BZN|PL","Without Sequence","180.12","",""
"26/01/2023 15:00:00 - 26/01/2023 16:00:00","BZN|PL","Without Sequence","197.50","",""
"26/01/2023 16:00:00 - 26/01/2023 17:00:00","BZN|PL","Without Sequence","186.20","",""
"26/01/2023 17:00:00 - 26/01/2023 18:00:00","BZN|PL","Without Sequence","194.33","",""
"26/01/2023 18:00:00 - 26/01/2023 19:00:00","BZN|PL","Without Sequence","187.27","",""
"26/01/2023 19:00:00 - 26/01/2023 20:00:00","BZN|PL","Without Sequence","173.48","",""
"26/01/2023 20:00:00 - 26/01/2023 21:00:00","BZN|PL","Without Sequence","154.74","",""
"26/01/2023 21:00:00 - 26/01/2023 22:00:00","BZN|PL","Without Sequence","156.27","",""
"26/01/2023 22:00:00 - 26/01/2023 23:00:00","BZN|PL","Without Sequence","137.57","",""
"26/01/2023 23:00:00 - 27/01/2023 00:00:00","BZN|PL","Without Sequence","150.03","",""
"27/01/2023 00:00:00 - 27/01/2023 01:00:00","BZN|PL","Without Sequence","151.41","",""
"27/01/2023 01:00:00 - 27/01/2023 02:00:00","BZN|PL","Without Sequence","147.20","",""
"27/01/2023 02:00:00 - 27/01/2023 03:00:00","BZN|PL","Without Sequence","145.80","",""
"27/01/2023 03:00:00 - 27/01/2023 04:00:00","BZN|PL","Without Sequence","145.80","",""
"27/01/2023 04:00:00 - 27/01/2023 05:00:00","BZN|PL","Without Sequence","136.39","",""
"27/01/2023 05:00:00 - 27/01/2023 06:00:00","BZN|PL","Without Sequence","154.50","",""
"27/01/2023 06:00:00 - 27/01/2023 07:00:00","BZN|PL","Without Sequence","175.43","",""
"27/01/2023 07:00:00 - 27/01/2023 08:00:00","BZN|PL","Without Sequence","180.95","",""
"27/01/2023 08:00:00 - 27/01/2023 09:00:00","BZN|PL","Without Sequence","181.77","",""
"27/01/2023 09:00:00 - 27/01/2023 10:00:00","BZN|PL","Without Sequence","181.77","",""
"27/01/2023 10:00:00 - 27/01/2023 11:00:00","BZN|PL","Without Sequence","180.94","",""
"27/01/2023 11:00:00 - 27/01/2023 12:00:00","BZN|PL","Without Sequence","183.06","",""
"27/01/2023 12:00:00 - 27/01/2023 13:00:00","BZN|PL","Without Sequence","180.00","",""
"27/01/2023 13:00:00 - 27/01/2023 14:00:00","BZN|PL","Without Sequence","181.50","",""
"27/01/2023 14:00:00 - 27/01/2023 15:00:00","BZN|PL","Without Sequence","185.00","",""
"27/01/2023 15:00:00 - 27/01/2023 16:00:00","BZN|PL","Without Sequence","185.47","",""
"27/01/2023 16:00:00 - 27/01/2023 17:00:00","BZN|PL","Without Sequence","190.25","",""
"27/01/2023 17:00:00 - 27/01/2023 18:00:00","BZN|PL","Without Sequence","190.25","",""
"27/01/2023 18:00:00 - 27/01/2023 19:00:00","BZN|PL","Without Sequence","183.90","",""
"27/01/2023 19:00:00 - 27/01/2023 20:00:00","BZN|PL","Without Sequence","175.44","",""
"27/01/2023 20:00:00 - 27/01/2023 21:00:00","BZN|PL","Without Sequence","165.09","",""
"27/01/2023 21:00:00 - 27/01/2023 22:00:00","BZN|PL","Without Sequence","158.20","",""
"27/01/2023 22:00:00 - 27/01/2023 23:00:00","BZN|PL","Without Sequence","139.85","",""
"27/01/2023 23:00:00 - 28/01/2023 00:00:00","BZN|PL","Without Sequence","139.90","",""
"28/01/2023 00:00:00 - 28/01/2023 01:00:00","BZN|PL","Without Sequence","136.15","",""
"28/01/2023 01:00:00 - 28/01/2023 02:00:00","BZN|PL","Without Sequence","134.52","",""
"28/01/2023 02:00:00 - 28/01/2023 03:00:00","BZN|PL","Without Sequence","134.40","",""
"28/01/2023 03:00:00 - 28/01/2023 04:00:00","BZN|PL","Without Sequence","127.43","",""
"28/01/2023 04:00:00 - 28/01/2023 05:00:00","BZN|PL","Without Sequence","123.21","",""
"28/01/2023 05:00:00 - 28/01/2023 06:00:00","BZN|PL","Without Sequence","131.48","",""
"28/01/2023 06:00:00 - 28/01/2023 07:00:00","BZN|PL","Without Sequence","137.31","",""
"28/01/2023 07:00:00 - 28/01/2023 08:00:00","BZN|PL","Without Sequence","145.43","",""
"28/01/2023 08:00:00 - 28/01/2023 09:00:00","BZN|PL","Without Sequence","160.41","",""
"28/01/2023 09:00:00 - 28/01/2023 10:00:00","BZN|PL","Without Sequence","161.84","",""
"28/01/2023 10:00:00 - 28/01/2023 11:00:00","BZN|PL","Without Sequence","157.67","",""
"28/01/2023 11:00:00 - 28/01/2023 12:00:00","BZN|PL","Without Sequence","161.63","",""
"28/01/2023 12:00:00 - 28/01/2023 13:00:00","BZN|PL","Without Sequence","170.56","",""
"28/01/2023 13:00:00 - 28/01/2023 14:00:00","BZN|PL","Without Sequence","142.22","",""
"28/01/2023 14:00:00 - 28/01/2023 15:00:00","BZN|PL","Without Sequence","147.12","",""
"28/01/2023 15:00:00 - 28/01/2023 16:00:00","BZN|PL","Without Sequence","154.27","",""
"28/01/2023 16:00:00 - 28/01/2023 17:00:00","BZN|PL","Without Sequence","164.93","",""
"28/01/2023 17:00:00 - 28/01/2023 18:00:00","BZN|PL","Without Sequence","174.99","",""
"28/01/2023 18:00:00 - 28/01/2023 19:00:00","BZN|PL","Without Sequence","164.72","",""
"28/01/2023 19:00:00 - 28/01/2023 20:00:00","BZN|PL","Without Sequence","150.57","",""
"28/01/2023 20:00:00 - 28/01/2023 21:00:00","BZN|PL","Without Sequence","146.24","",""
"28/01/2023 21:00:00 - 28/01/2023 22:00:00","BZN|PL","Without Sequence","139.44","",""
"28/01/2023 22:00:00 - 28/01/2023 23:00:00","BZN|PL","Without Sequence","118.91","",""
"28/01/2023 23:00:00 - 29/01/2023 00:00:00","BZN|PL","Without Sequence","111.32","",""
"29/01/2023 00:00:00 - 29/01/2023 01:00:00","BZN|PL","Without Sequence","113.02","",""
"29/01/2023 01:00:00 - 29/01/2023 02:00:00","BZN|PL","Without Sequence","116.88","",""
"29/01/2023 02:00:00 - 29/01/2023 03:00:00","BZN|PL","Without Sequence","111.34","",""
"29/01/2023 03:00:00 - 29/01/2023 04:00:00","BZN|PL","Without Sequence","114.77","",""
"29/01/2023 04:00:00 - 29/01/2023 05:00:00","BZN|PL","Without Sequence","114.52","",""
"29/01/2023 05:00:00 - 29/01/2023 06:00:00","BZN|PL","Without Sequence","116.89","",""
"29/01/2023 06:00:00 - 29/01/2023 07:00:00","BZN|PL","Without Sequence","113.02","",""
"29/01/2023 07:00:00 - 29/01/2023 08:00:00","BZN|PL","Without Sequence","118.04","",""
"29/01/2023 08:00:00 - 29/01/2023 09:00:00","BZN|PL","Without Sequence","120.70","",""
"29/01/2023 09:00:00 - 29/01/2023 10:00:00","BZN|PL","Without Sequence","123.24","",""
"29/01/2023 10:00:00 - 29/01/2023 11:00:00","BZN|PL","Without Sequence","123.29","",""
"29/01/2023 11:00:00 - 29/01/2023 12:00:00","BZN|PL","Without Sequence","114.85","",""
"29/01/2023 12:00:00 - 29/01/2023 13:00:00","BZN|PL","Without Sequence","110.64","",""
"29/01/2023 13:00:00 - 29/01/2023 14:00:00","BZN|PL","Without Sequence","111.32","",""
"29/01/2023 14:00:00 - 29/01/2023 15:00:00","BZN|PL","Without Sequence","110.49","",""
"29/01/2023 15:00:00 - 29/01/2023 16:00:00","BZN|PL","Without Sequence","110.47","",""
"29/01/2023 16:00:00 - 29/01/2023 17:00:00","BZN|PL","Without Sequence","111.32","",""
"29/01/2023 17:00:00 - 29/01/2023 18:00:00","BZN|PL","Without Sequence","110.15","",""
"29/01/2023 18:00:00 - 29/01/2023 19:00:00","BZN|PL","Without Sequence","107.06","",""
"29/01/2023 19:00:00 - 29/01/2023 20:00:00","BZN|PL","Without Sequence","108.46","",""
"29/01/2023 20:00:00 - 29/01/2023 21:00:00","BZN|PL","Without Sequence","107.40","",""
"29/01/2023 21:00:00 - 29/01/2023 22:00:00","BZN|PL","Without Sequence","100.06","",""
"29/01/2023 22:00:00 - 29/01/2023 23:00:00","BZN|PL","Without Sequence","85.29","",""
"29/01/2023 23:00:00 - 30/01/2023 00:00:00","BZN|PL","Without Sequence","63.54","",""
"30/01/2023 00:00:00 - 30/01/2023 01:00:00","BZN|PL","Without Sequence","53.08","",""
"30/01/2023 01:00:00 - 30/01/2023 02:00:00","BZN|PL","Without Sequence","48.27","",""
"30/01/2023 02:00:00 - 30/01/2023 03:00:00","BZN|PL","Without Sequence","44.48","",""
"30/01/2023 03:00:00 - 30/01/2023 04:00:00","BZN|PL","Without Sequence","55.04","",""
"30/01/2023 04:00:00 - 30/01/2023 05:00:00","BZN|PL","Without Sequence","76.53","",""
"30/01/2023 05:00:00 - 30/01/2023 06:00:00","BZN|PL","Without Sequence","106.29","",""
"30/01/2023 06:00:00 - 30/01/2023 07:00:00","BZN|PL","Without Sequence","107.25","",""
"30/01/2023 07:00:00 - 30/01/2023 08:00:00","BZN|PL","Without Sequence","109.09","",""
"30/01/2023 08:00:00 - 30/01/2023 09:00:00","BZN|PL","Without Sequence","117.08","",""
"30/01/2023 09:00:00 - 30/01/2023 10:00:00","BZN|PL","Without Sequence","119.29","",""
"30/01/2023 10:00:00 - 30/01/2023 11:00:00","BZN|PL","Without Sequence","119.35","",""
"30/01/2023 11:00:00 - 30/01/2023 12:00:00","BZN|PL","Without Sequence","119.95","",""
"30/01/2023 12:00:00 - 30/01/2023 13:00:00","BZN|PL","Without Sequence","117.00","",""
"30/01/2023 13:00:00 - 30/01/2023 14:00:00","BZN|PL","Without Sequence","111.39","",""
"30/01/2023 14:00:00 - 30/01/2023 15:00:00","BZN|PL","Without Sequence","112.33","",""
"30/01/2023 15:00:00 - 30/01/2023 16:00:00","BZN|PL","Without Sequence","108.57","",""
"30/01/2023 16:00:00 - 30/01/2023 17:00:00","BZN|PL","Without Sequence","111.02","",""
"30/01/2023 17:00:00 - 30/01/2023 18:00:00","BZN|PL","Without Sequence","115.96","",""
"30/01/2023 18:00:00 - 30/01/2023 19:00:00","BZN|PL","Without Sequence","109.05","",""
"30/01/2023 19:00:00 - 30/01/2023 20:00:00","BZN|PL","Without Sequence","110.44","",""
"30/01/2023 20:00:00 - 30/01/2023 21:00:00","BZN|PL","Without Sequence","108.85","",""
"30/01/2023 21:00:00 - 30/01/2023 22:00:00","BZN|PL","Without Sequence","108.06","",""
"30/01/2023 22:00:00 - 30/01/2023 23:00:00","BZN|PL","Without Sequence","91.18","",""
"30/01/2023 23:00:00 - 31/01/2023 00:00:00","BZN|PL","Without Sequence","89.78","",""
"31/01/2023 00:00:00 - 31/01/2023 01:00:00","BZN|PL","Without Sequence","95.51","",""
"31/01/2023 01:00:00 - 31/01/2023 02:00:00","BZN|PL","Without Sequence","94.46","",""
"31/01/2023 02:00:00 - 31/01/2023 03:00:00","BZN|PL","Without Sequence","94.47","",""
"31/01/2023 03:00:00 - 31/01/2023 04:00:00","BZN|PL","Without Sequence","96.55","",""
"31/01/2023 04:00:00 - 31/01/2023 05:00:00","BZN|PL","Without Sequence","104.17","",""
"31/01/2023 05:00:00 - 31/01/2023 06:00:00","BZN|PL","Without Sequence","107.19","",""
"31/01/2023 06:00:00 - 31/01/2023 07:00:00","BZN|PL","Without Sequence","110.31","",""
"31/01/2023 07:00:00 - 31/01/2023 08:00:00","BZN|PL","Without Sequence","115.57","",""
"31/01/2023 08:00:00 - 31/01/2023 09:00:00","BZN|PL","Without Sequence","121.40","",""
"31/01/2023 09:00:00 - 31/01/2023 10:00:00","BZN|PL","Without Sequence","116.74","",""
"31/01/2023 10:00:00 - 31/01/2023 11:00:00","BZN|PL","Without Sequence","116.92","",""
"31/01/2023 11:00:00 - 31/01/2023 12:00:00","BZN|PL","Without Sequence","116.87","",""
"31/01/2023 12:00:00 - 31/01/2023 13:00:00","BZN|PL","Without Sequence","117.41","",""
"31/01/2023 13:00:00 - 31/01/2023 14:00:00","BZN|PL","Without Sequence","124.22","",""
"31/01/2023 14:00:00 - 31/01/2023 15:00:00","BZN|PL","Without Sequence","126.30","",""
"31/01/2023 15:00:00 - 31/01/2023 16:00:00","BZN|PL","Without Sequence","127.35","",""
"31/01/2023 16:00:00 - 31/01/2023 17:00:00","BZN|PL","Without Sequence","127.33","",""
"31/01/2023 17:00:00 - 31/01/2023 18:00:00","BZN|PL","Without Sequence","117.84","",""
"31/01/2023 18:00:00 - 31/01/2023 19:00:00","BZN|PL","Without Sequence","112.44","",""
"31/01/2023 19:00:00 - 31/01/2023 20:00:00","BZN|PL","Without Sequence","108.98","",""
"31/01/2023 20:00:00 - 31/01/2023 21:00:00","BZN|PL","Without Sequence","100.60","",""
"31/01/2023 21:00:00 - 31/01/2023 22:00:00","BZN|PL","Without Sequence","103.65","",""
"31/01/2023 22:00:00 - 31/01/2023 23:00:00","BZN|PL","Without Sequence","87.09","",""
"31/01/2023 23:00:00 - 01/02/2023 00:00:00","BZN|PL","Without Sequence","85.00","",""
"01/02/2023 00:00:00 - 01/02/2023 01:00:00","BZN|PL","Without Sequence","69.12","",""
"01/02/2023 01:00:00 - 01/02/2023 02:00:00","BZN|PL","Without Sequence","69.09","",""
"01/02/2023 02:00:00 - 01/02/2023 03:00:00","BZN|PL","Without Sequence","71.03","",""
"01/02/2023 03:00:00 - 01/02/2023 04:00:00","BZN|PL","Without Sequence","80.52","",""
"01/02/2023 04:00:00 - 01/02/2023 05:00:00","BZN|PL","Without Sequence","93.46","",""
"01/02/2023 05:00:00 - 01/02/2023 06:00:00","BZN|PL","Without Sequence","110.57","",""
"01/02/2023 06:00:00 - 01/02/2023 07:00:00","BZN|PL","Without Sequence","110.46","",""
"01/02/2023 07:00:00 - 01/02/2023 08:00:00","BZN|PL","Without Sequence","110.52","",""
"01/02/2023 08:00:00 - 01/02/2023 09:00:00","BZN|PL","Without Sequence","111.07","",""
"01/02/2023 09:00:00 - 01/02/2023 10:00:00","BZN|PL","Without Sequence","110.95","",""
"01/02/2023 10:00:00 - 01/02/2023 11:00:00","BZN|PL","Without Sequence","111.74","",""
"01/02/2023 11:00:00 - 01/02/2023 12:00:00","BZN|PL","Without Sequence","111.75","",""
"01/02/2023 12:00:00 - 01/02/2023 13:00:00","BZN|PL","Without Sequence","110.91","",""
"01/02/2023 13:00:00 - 01/02/2023 14:00:00","BZN|PL","Without Sequence","110.96","",""
"01/02/2023 14:00:00 - 01/02/2023 15:00:00","BZN|PL","Without Sequence","111.00","",""
"01/02/2023 15:00:00 - 01/02/2023 16:00:00","BZN|PL","Without Sequence","111.65","",""
"01/02/2023 16:00:00 - 01/02/2023 17:00:00","BZN|PL","Without Sequence","111.96","",""
"01/02/2023 17:00:00 - 01/02/2023 18:00:00","BZN|PL","Without Sequence","111.90","",""
"01/02/2023 18:00:00 - 01/02/2023 19:00:00","BZN|PL","Without Sequence","111.75","",""
"01/02/2023 19:00:00 - 01/02/2023 20:00:00","BZN|PL","Without Sequence","111.97","",""
"01/02/2023 20:00:00 - 01/02/2023 21:00:00","BZN|PL","Without Sequence","110.46","",""
"01/02/2023 21:00:00 - 01/02/2023 22:00:00","BZN|PL","Without Sequence","110.51","",""
"01/02/2023 22:00:00 - 01/02/2023 23:00:00","BZN|PL","Without Sequence","104.96","",""
"01/02/2023 23:00:00 - 02/02/2023 00:00:00","BZN|PL","Without Sequence","92.36","",""
"02/02/2023 00:00:00 - 02/02/2023 01:00:00","BZN|PL","Without Sequence","92.25","",""
"02/02/2023 01:00:00 - 02/02/2023 02:00:00","BZN|PL","Without Sequence","90.71","",""
"02/02/2023 02:00:00 - 02/02/2023 03:00:00","BZN|PL","Without Sequence","92.22","",""
"02/02/2023 03:00:00 - 02/02/2023 04:00:00","BZN|PL","Without Sequence","92.37","",""
"02/02/2023 04:00:00 - 02/02/2023 05:00:00","BZN|PL","Without Sequence","101.62","",""
"02/02/2023 05:00:00 - 02/02/2023 06:00:00","BZN|PL","Without Sequence","114.56","",""
"02/02/2023 06:00:00 - 02/02/2023 07:00:00","BZN|PL","Without Sequence","113.04","",""
"02/02/2023 07:00:00 - 02/02/2023 08:00:00","BZN|PL","Without Sequence","128.10","",""
"02/02/2023 08:00:00 - 02/02/2023 09:00:00","BZN|PL","Without Sequence","132.27","",""
"02/02/2023 09:00:00 - 02/02/2023 10:00:00","BZN|PL","Without Sequence","129.69","",""
"02/02/2023 10:00:00 - 02/02/2023 11:00:00","BZN|PL","Without Sequence","128.05","",""
"02/02/2023 11:00:00 - 02/02/2023 12:00:00","BZN|PL","Without Sequence","131.17","",""
"02/02/2023 12:00:00 - 02/02/2023 13:00:00","BZN|PL","Without Sequence","132.36","",""
"02/02/2023 13:00:00 - 02/02/2023 14:00:00","BZN|PL","Without Sequence","134.38","",""
"02/02/2023 14:00:00 - 02/02/2023 15:00:00","BZN|PL","Without Sequence","143.41","",""
"02/02/2023 15:00:00 - 02/02/2023 16:00:00","BZN|PL","Without Sequence","156.15","",""
"02/02/2023 16:00:00 - 02/02/2023 17:00:00","BZN|PL","Without Sequence","160.41","",""
"02/02/2023 17:00:00 - 02/02/2023 18:00:00","BZN|PL","Without Sequence","157.21","",""
"02/02/2023 18:00:00 - 02/02/2023 19:00:00","BZN|PL","Without Sequence","162.41","",""
"02/02/2023 19:00:00 - 02/02/2023 20:00:00","BZN|PL","Without Sequence","156.80","",""
"02/02/2023 20:00:00 - 02/02/2023 21:00:00","BZN|PL","Without Sequence","148.85","",""
"02/02/2023 21:00:00 - 02/02/2023 22:00:00","BZN|PL","Without Sequence","137.70","",""
"02/02/2023 22:00:00 - 02/02/2023 23:00:00","BZN|PL","Without Sequence","124.47","",""
"02/02/2023 23:00:00 - 03/02/2023 00:00:00","BZN|PL","Without Sequence","123.16","",""
"03/02/2023 00:00:00 - 03/02/2023 01:00:00","BZN|PL","Without Sequence","126.45","",""
"03/02/2023 01:00:00 - 03/02/2023 02:00:00","BZN|PL","Without Sequence","128.57","",""
"03/02/2023 02:00:00 - 03/02/2023 03:00:00","BZN|PL","Without Sequence","128.50","",""
"03/02/2023 03:00:00 - 03/02/2023 04:00:00","BZN|PL","Without Sequence","126.44","",""
"03/02/2023 04:00:00 - 03/02/2023 05:00:00","BZN|PL","Without Sequence","126.44","",""
"03/02/2023 05:00:00 - 03/02/2023 06:00:00","BZN|PL","Without Sequence","148.66","",""
"03/02/2023 06:00:00 - 03/02/2023 07:00:00","BZN|PL","Without Sequence","160.65","",""
"03/02/2023 07:00:00 - 03/02/2023 08:00:00","BZN|PL","Without Sequence","164.89","",""
"03/02/2023 08:00:00 - 03/02/2023 09:00:00","BZN|PL","Without Sequence","159.58","",""
"03/02/2023 09:00:00 - 03/02/2023 10:00:00","BZN|PL","Without Sequence","145.50","",""
"03/02/2023 10:00:00 - 03/02/2023 11:00:00","BZN|PL","Without Sequence","149.35","",""
"03/02/2023 11:00:00 - 03/02/2023 12:00:00","BZN|PL","Without Sequence","145.56","",""
"03/02/2023 12:00:00 - 03/02/2023 13:00:00","BZN|PL","Without Sequence","141.66","",""
"03/02/2023 13:00:00 - 03/02/2023 14:00:00","BZN|PL","Without Sequence","135.08","",""
"03/02/2023 14:00:00 - 03/02/2023 15:00:00","BZN|PL","Without Sequence","132.65","",""
"03/02/2023 15:00:00 - 03/02/2023 16:00:00","BZN|PL","Without Sequence","145.55","",""
"03/02/2023 16:00:00 - 03/02/2023 17:00:00","BZN|PL","Without Sequence","144.36","",""
"03/02/2023 17:00:00 - 03/02/2023 18:00:00","BZN|PL","Without Sequence","138.14","",""
"03/02/2023 18:00:00 - 03/02/2023 19:00:00","BZN|PL","Without Sequence","141.47","",""
"03/02/2023 19:00:00 - 03/02/2023 20:00:00","BZN|PL","Without Sequence","132.65","",""
"03/02/2023 20:00:00 - 03/02/2023 21:00:00","BZN|PL","Without Sequence","118.58","",""
"03/02/2023 21:00:00 - 03/02/2023 22:00:00","BZN|PL","Without Sequence","119.25","",""
"03/02/2023 22:00:00 - 03/02/2023 23:00:00","BZN|PL","Without Sequence","119.44","",""
"03/02/2023 23:00:00 - 04/02/2023 00:00:00","BZN|PL","Without Sequence","91.68","",""
"04/02/2023 00:00:00 - 04/02/2023 01:00:00","BZN|PL","Without Sequence","98.31","",""
"04/02/2023 01:00:00 - 04/02/2023 02:00:00","BZN|PL","Without Sequence","103.08","",""
"04/02/2023 02:00:00 - 04/02/2023 03:00:00","BZN|PL","Without Sequence","118.31","",""
"04/02/2023 03:00:00 - 04/02/2023 04:00:00","BZN|PL","Without Sequence","120.08","",""
"04/02/2023 04:00:00 - 04/02/2023 05:00:00","BZN|PL","Without Sequence","120.69","",""
"04/02/2023 05:00:00 - 04/02/2023 06:00:00","BZN|PL","Without Sequence","123.66","",""
"04/02/2023 06:00:00 - 04/02/2023 07:00:00","BZN|PL","Without Sequence","130.99","",""
"04/02/2023 07:00:00 - 04/02/2023 08:00:00","BZN|PL","Without Sequence","134.06","",""
"04/02/2023 08:00:00 - 04/02/2023 09:00:00","BZN|PL","Without Sequence","142.85","",""
"04/02/2023 09:00:00 - 04/02/2023 10:00:00","BZN|PL","Without Sequence","141.78","",""
"04/02/2023 10:00:00 - 04/02/2023 11:00:00","BZN|PL","Without Sequence","135.55","",""
"04/02/2023 11:00:00 - 04/02/2023 12:00:00","BZN|PL","Without Sequence","136.45","",""
"04/02/2023 12:00:00 - 04/02/2023 13:00:00","BZN|PL","Without Sequence","133.37","",""
"04/02/2023 13:00:00 - 04/02/2023 14:00:00","BZN|PL","Without Sequence","134.09","",""
"04/02/2023 14:00:00 - 04/02/2023 15:00:00","BZN|PL","Without Sequence","141.61","",""
"04/02/2023 15:00:00 - 04/02/2023 16:00:00","BZN|PL","Without Sequence","147.12","",""
"04/02/2023 16:00:00 - 04/02/2023 17:00:00","BZN|PL","Without Sequence","153.51","",""
"04/02/2023 17:00:00 - 04/02/2023 18:00:00","BZN|PL","Without Sequence","153.50","",""
"04/02/2023 18:00:00 - 04/02/2023 19:00:00","BZN|PL","Without Sequence","153.51","",""
"04/02/2023 19:00:00 - 04/02/2023 20:00:00","BZN|PL","Without Sequence","149.03","",""
"04/02/2023 20:00:00 - 04/02/2023 21:00:00","BZN|PL","Without Sequence","142.85","",""
"04/02/2023 21:00:00 - 04/02/2023 22:00:00","BZN|PL","Without Sequence","136.47","",""
"04/02/2023 22:00:00 - 04/02/2023 23:00:00","BZN|PL","Without Sequence","118.29","",""
"04/02/2023 23:00:00 - 05/02/2023 00:00:00","BZN|PL","Without Sequence","120.14","",""
"05/02/2023 00:00:00 - 05/02/2023 01:00:00","BZN|PL","Without Sequence","116.41","",""
"05/02/2023 01:00:00 - 05/02/2023 02:00:00","BZN|PL","Without Sequence","114.02","",""
"05/02/2023 02:00:00 - 05/02/2023 03:00:00","BZN|PL","Without Sequence","124.75","",""
"05/02/2023 03:00:00 - 05/02/2023 04:00:00","BZN|PL","Without Sequence","124.07","",""
"05/02/2023 04:00:00 - 05/02/2023 05:00:00","BZN|PL","Without Sequence","114.02","",""
"05/02/2023 05:00:00 - 05/02/2023 06:00:00","BZN|PL","Without Sequence","115.90","",""
"05/02/2023 06:00:00 - 05/02/2023 07:00:00","BZN|PL","Without Sequence","116.42","",""
"05/02/2023 07:00:00 - 05/02/2023 08:00:00","BZN|PL","Without Sequence","120.81","",""
"05/02/2023 08:00:00 - 05/02/2023 09:00:00","BZN|PL","Without Sequence","118.06","",""
"05/02/2023 09:00:00 - 05/02/2023 10:00:00","BZN|PL","Without Sequence","117.32","",""
"05/02/2023 10:00:00 - 05/02/2023 11:00:00","BZN|PL","Without Sequence","121.94","",""
"05/02/2023 11:00:00 - 05/02/2023 12:00:00","BZN|PL","Without Sequence","115.94","",""
"05/02/2023 12:00:00 - 05/02/2023 13:00:00","BZN|PL","Without Sequence","106.95","",""
"05/02/2023 13:00:00 - 05/02/2023 14:00:00","BZN|PL","Without Sequence","109.69","",""
"05/02/2023 14:00:00 - 05/02/2023 15:00:00","BZN|PL","Without Sequence","116.44","",""
"05/02/2023 15:00:00 - 05/02/2023 16:00:00","BZN|PL","Without Sequence","160.47","",""
"05/02/2023 16:00:00 - 05/02/2023 17:00:00","BZN|PL","Without Sequence","159.61","",""
"05/02/2023 17:00:00 - 05/02/2023 18:00:00","BZN|PL","Without Sequence","171.81","",""
"05/02/2023 18:00:00 - 05/02/2023 19:00:00","BZN|PL","Without Sequence","171.81","",""
"05/02/2023 19:00:00 - 05/02/2023 20:00:00","BZN|PL","Without Sequence","166.52","",""
"05/02/2023 20:00:00 - 05/02/2023 21:00:00","BZN|PL","Without Sequence","153.75","",""
"05/02/2023 21:00:00 - 05/02/2023 22:00:00","BZN|PL","Without Sequence","155.89","",""
"05/02/2023 22:00:00 - 05/02/2023 23:00:00","BZN|PL","Without Sequence","144.18","",""
"05/02/2023 23:00:00 - 06/02/2023 00:00:00","BZN|PL","Without Sequence","146.66","",""
"06/02/2023 00:00:00 - 06/02/2023 01:00:00","BZN|PL","Without Sequence","143.73","",""
"06/02/2023 01:00:00 - 06/02/2023 02:00:00","BZN|PL","Without Sequence","148.02","",""
"06/02/2023 02:00:00 - 06/02/2023 03:00:00","BZN|PL","Without Sequence","144.58","",""
"06/02/2023 03:00:00 - 06/02/2023 04:00:00","BZN|PL","Without Sequence","137.25","",""
"06/02/2023 04:00:00 - 06/02/2023 05:00:00","BZN|PL","Without Sequence","148.93","",""
"06/02/2023 05:00:00 - 06/02/2023 06:00:00","BZN|PL","Without Sequence","175.81","",""
"06/02/2023 06:00:00 - 06/02/2023 07:00:00","BZN|PL","Without Sequence","200.65","",""
"06/02/2023 07:00:00 - 06/02/2023 08:00:00","BZN|PL","Without Sequence","213.39","",""
"06/02/2023 08:00:00 - 06/02/2023 09:00:00","BZN|PL","Without Sequence","201.24","",""
"06/02/2023 09:00:00 - 06/02/2023 10:00:00","BZN|PL","Without Sequence","185.22","",""
"06/02/2023 10:00:00 - 06/02/2023 11:00:00","BZN|PL","Without Sequence","179.88","",""
"06/02/2023 11:00:00 - 06/02/2023 12:00:00","BZN|PL","Without Sequence","169.13","",""
"06/02/2023 12:00:00 - 06/02/2023 13:00:00","BZN|PL","Without Sequence","159.28","",""
"06/02/2023 13:00:00 - 06/02/2023 14:00:00","BZN|PL","Without Sequence","163.44","",""
"06/02/2023 14:00:00 - 06/02/2023 15:00:00","BZN|PL","Without Sequence","169.63","",""
"06/02/2023 15:00:00 - 06/02/2023 16:00:00","BZN|PL","Without Sequence","181.80","",""
"06/02/2023 16:00:00 - 06/02/2023 17:00:00","BZN|PL","Without Sequence","198.94","",""
"06/02/2023 17:00:00 - 06/02/2023 18:00:00","BZN|PL","Without Sequence","213.50","",""
"06/02/2023 18:00:00 - 06/02/2023 19:00:00","BZN|PL","Without Sequence","205.38","",""
"06/02/2023 19:00:00 - 06/02/2023 20:00:00","BZN|PL","Without Sequence","186.21","",""
"06/02/2023 20:00:00 - 06/02/2023 21:00:00","BZN|PL","Without Sequence","166.57","",""
"06/02/2023 21:00:00 - 06/02/2023 22:00:00","BZN|PL","Without Sequence","159.90","",""
"06/02/2023 22:00:00 - 06/02/2023 23:00:00","BZN|PL","Without Sequence","154.00","",""
"06/02/2023 23:00:00 - 07/02/2023 00:00:00","BZN|PL","Without Sequence","149.50","",""
"07/02/2023 00:00:00 - 07/02/2023 01:00:00","BZN|PL","Without Sequence","153.69","",""
"07/02/2023 01:00:00 - 07/02/2023 02:00:00","BZN|PL","Without Sequence","156.80","",""
"07/02/2023 02:00:00 - 07/02/2023 03:00:00","BZN|PL","Without Sequence","154.67","",""
"07/02/2023 03:00:00 - 07/02/2023 04:00:00","BZN|PL","Without Sequence","149.84","",""
"07/02/2023 04:00:00 - 07/02/2023 05:00:00","BZN|PL","Without Sequence","157.57","",""
"07/02/2023 05:00:00 - 07/02/2023 06:00:00","BZN|PL","Without Sequence","170.54","",""
"07/02/2023 06:00:00 - 07/02/2023 07:00:00","BZN|PL","Without Sequence","197.45","",""
"07/02/2023 07:00:00 - 07/02/2023 08:00:00","BZN|PL","Without Sequence","214.50","",""
"07/02/2023 08:00:00 - 07/02/2023 09:00:00","BZN|PL","Without Sequence","192.05","",""
"07/02/2023 09:00:00 - 07/02/2023 10:00:00","BZN|PL","Without Sequence","173.34","",""
"07/02/2023 10:00:00 - 07/02/2023 11:00:00","BZN|PL","Without Sequence","172.51","",""
"07/02/2023 11:00:00 - 07/02/2023 12:00:00","BZN|PL","Without Sequence","173.95","",""
"07/02/2023 12:00:00 - 07/02/2023 13:00:00","BZN|PL","Without Sequence","180.09","",""
"07/02/2023 13:00:00 - 07/02/2023 14:00:00","BZN|PL","Without Sequence","180.09","",""
"07/02/2023 14:00:00 - 07/02/2023 15:00:00","BZN|PL","Without Sequence","172.28","",""
"07/02/2023 15:00:00 - 07/02/2023 16:00:00","BZN|PL","Without Sequence","189.98","",""
"07/02/2023 16:00:00 - 07/02/2023 17:00:00","BZN|PL","Without Sequence","216.31","",""
"07/02/2023 17:00:00 - 07/02/2023 18:00:00","BZN|PL","Without Sequence","214.50","",""
"07/02/2023 18:00:00 - 07/02/2023 19:00:00","BZN|PL","Without Sequence","216.20","",""
"07/02/2023 19:00:00 - 07/02/2023 20:00:00","BZN|PL","Without Sequence","198.99","",""
"07/02/2023 20:00:00 - 07/02/2023 21:00:00","BZN|PL","Without Sequence","175.83","",""
"07/02/2023 21:00:00 - 07/02/2023 22:00:00","BZN|PL","Without Sequence","173.69","",""
"07/02/2023 22:00:00 - 07/02/2023 23:00:00","BZN|PL","Without Sequence","163.30","",""
"07/02/2023 23:00:00 - 08/02/2023 00:00:00","BZN|PL","Without Sequence","160.21","",""
"08/02/2023 00:00:00 - 08/02/2023 01:00:00","BZN|PL","Without Sequence","155.30","",""
"08/02/2023 01:00:00 - 08/02/2023 02:00:00","BZN|PL","Without Sequence","157.75","",""
"08/02/2023 02:00:00 - 08/02/2023 03:00:00","BZN|PL","Without Sequence","154.86","",""
"08/02/2023 03:00:00 - 08/02/2023 04:00:00","BZN|PL","Without Sequence","153.67","",""
"08/02/2023 04:00:00 - 08/02/2023 05:00:00","BZN|PL","Without Sequence","157.68","",""
"08/02/2023 05:00:00 - 08/02/2023 06:00:00","BZN|PL","Without Sequence","171.55","",""
"08/02/2023 06:00:00 - 08/02/2023 07:00:00","BZN|PL","Without Sequence","191.55","",""
"08/02/2023 07:00:00 - 08/02/2023 08:00:00","BZN|PL","Without Sequence","197.86","",""
"08/02/2023 08:00:00 - 08/02/2023 09:00:00","BZN|PL","Without Sequence","179.12","",""
"08/02/2023 09:00:00 - 08/02/2023 10:00:00","BZN|PL","Without Sequence","140.40","",""
"08/02/2023 10:00:00 - 08/02/2023 11:00:00","BZN|PL","Without Sequence","147.44","",""
"08/02/2023 11:00:00 - 08/02/2023 12:00:00","BZN|PL","Without Sequence","148.03","",""
"08/02/2023 12:00:00 - 08/02/2023 13:00:00","BZN|PL","Without Sequence","151.43","",""
"08/02/2023 13:00:00 - 08/02/2023 14:00:00","BZN|PL","Without Sequence","163.97","",""
"08/02/2023 14:00:00 - 08/02/2023 15:00:00","BZN|PL","Without Sequence","166.27","",""
"08/02/2023 15:00:00 - 08/02/2023 16:00:00","BZN|PL","Without Sequence","182.90","",""
"08/02/2023 16:00:00 - 08/02/2023 17:00:00","BZN|PL","Without Sequence","183.99","",""
"08/02/2023 17:00:00 - 08/02/2023 18:00:00","BZN|PL","Without Sequence","189.21","",""
"08/02/2023 18:00:00 - 08/02/2023 19:00:00","BZN|PL","Without Sequence","181.76","",""
"08/02/2023 19:00:00 - 08/02/2023 20:00:00","BZN|PL","Without Sequence","175.14","",""
"08/02/2023 20:00:00 - 08/02/2023 21:00:00","BZN|PL","Without Sequence","157.87","",""
"08/02/2023 21:00:00 - 08/02/2023 22:00:00","BZN|PL","Without Sequence","157.87","",""
"08/02/2023 22:00:00 - 08/02/2023 23:00:00","BZN|PL","Without Sequence","144.45","",""
"08/02/2023 23:00:00 - 09/02/2023 00:00:00","BZN|PL","Without Sequence","126.56","",""
"09/02/2023 00:00:00 - 09/02/2023 01:00:00","BZN|PL","Without Sequence","123.08","",""
"09/02/2023 01:00:00 - 09/02/2023 02:00:00","BZN|PL","Without Sequence","119.70","",""
"09/02/2023 02:00:00 - 09/02/2023 03:00:00","BZN|PL","Without Sequence","119.29","",""
"09/02/2023 03:00:00 - 09/02/2023 04:00:00","BZN|PL","Without Sequence","124.34","",""
"09/02/2023 04:00:00 - 09/02/2023 05:00:00","BZN|PL","Without Sequence","137.33","",""
"09/02/2023 05:00:00 - 09/02/2023 06:00:00","BZN|PL","Without Sequence","149.11","",""
"09/02/2023 06:00:00 - 09/02/2023 07:00:00","BZN|PL","Without Sequence","163.97","",""
"09/02/2023 07:00:00 - 09/02/2023 08:00:00","BZN|PL","Without Sequence","161.24","",""
"09/02/2023 08:00:00 - 09/02/2023 09:00:00","BZN|PL","Without Sequence","153.83","",""
"09/02/2023 09:00:00 - 09/02/2023 10:00:00","BZN|PL","Without Sequence","128.63","",""
"09/02/2023 10:00:00 - 09/02/2023 11:00:00","BZN|PL","Without Sequence","126.80","",""
"09/02/2023 11:00:00 - 09/02/2023 12:00:00","BZN|PL","Without Sequence","126.26","",""
"09/02/2023 12:00:00 - 09/02/2023 13:00:00","BZN|PL","Without Sequence","128.63","",""
"09/02/2023 13:00:00 - 09/02/2023 14:00:00","BZN|PL","Without Sequence","135.25","",""
"09/02/2023 14:00:00 - 09/02/2023 15:00:00","BZN|PL","Without Sequence","154.70","",""
"09/02/2023 15:00:00 - 09/02/2023 16:00:00","BZN|PL","Without Sequence","167.58","",""
"09/02/2023 16:00:00 - 09/02/2023 17:00:00","BZN|PL","Without Sequence","168.81","",""
"09/02/2023 17:00:00 - 09/02/2023 18:00:00","BZN|PL","Without Sequence","168.71","",""
"09/02/2023 18:00:00 - 09/02/2023 19:00:00","BZN|PL","Without Sequence","168.71","",""
"09/02/2023 19:00:00 - 09/02/2023 20:00:00","BZN|PL","Without Sequence","157.43","",""
"09/02/2023 20:00:00 - 09/02/2023 21:00:00","BZN|PL","Without Sequence","133.13","",""
"09/02/2023 21:00:00 - 09/02/2023 22:00:00","BZN|PL","Without Sequence","131.32","",""
"09/02/2023 22:00:00 - 09/02/2023 23:00:00","BZN|PL","Without Sequence","112.00","",""
"09/02/2023 23:00:00 - 10/02/2023 00:00:00","BZN|PL","Without Sequence","104.67","",""
"10/02/2023 00:00:00 - 10/02/2023 01:00:00","BZN|PL","Without Sequence","103.46","",""
"10/02/2023 01:00:00 - 10/02/2023 02:00:00","BZN|PL","Without Sequence","102.46","",""
"10/02/2023 02:00:00 - 10/02/2023 03:00:00","BZN|PL","Without Sequence","102.52","",""
"10/02/2023 03:00:00 - 10/02/2023 04:00:00","BZN|PL","Without Sequence","102.50","",""
"10/02/2023 04:00:00 - 10/02/2023 05:00:00","BZN|PL","Without Sequence","107.46","",""
"10/02/2023 05:00:00 - 10/02/2023 06:00:00","BZN|PL","Without Sequence","134.11","",""
"10/02/2023 06:00:00 - 10/02/2023 07:00:00","BZN|PL","Without Sequence","147.80","",""
"10/02/2023 07:00:00 - 10/02/2023 08:00:00","BZN|PL","Without Sequence","147.75","",""
"10/02/2023 08:00:00 - 10/02/2023 09:00:00","BZN|PL","Without Sequence","142.76","",""
"10/02/2023 09:00:00 - 10/02/2023 10:00:00","BZN|PL","Without Sequence","129.80","",""
"10/02/2023 10:00:00 - 10/02/2023 11:00:00","BZN|PL","Without Sequence","131.97","",""
"10/02/2023 11:00:00 - 10/02/2023 12:00:00","BZN|PL","Without Sequence","126.16","",""
"10/02/2023 12:00:00 - 10/02/2023 13:00:00","BZN|PL","Without Sequence","135.35","",""
"10/02/2023 13:00:00 - 10/02/2023 14:00:00","BZN|PL","Without Sequence","137.21","",""
"10/02/2023 14:00:00 - 10/02/2023 15:00:00","BZN|PL","Without Sequence","158.30","",""
"10/02/2023 15:00:00 - 10/02/2023 16:00:00","BZN|PL","Without Sequence","162.14","",""
"10/02/2023 16:00:00 - 10/02/2023 17:00:00","BZN|PL","Without Sequence","167.37","",""
"10/02/2023 17:00:00 - 10/02/2023 18:00:00","BZN|PL","Without Sequence","162.53","",""
"10/02/2023 18:00:00 - 10/02/2023 19:00:00","BZN|PL","Without Sequence","166.50","",""
"10/02/2023 19:00:00 - 10/02/2023 20:00:00","BZN|PL","Without Sequence","156.17","",""
"10/02/2023 20:00:00 - 10/02/2023 21:00:00","BZN|PL","Without Sequence","130.86","",""
"10/02/2023 21:00:00 - 10/02/2023 22:00:00","BZN|PL","Without Sequence","115.63","",""
"10/02/2023 22:00:00 - 10/02/2023 23:00:00","BZN|PL","Without Sequence","105.74","",""
"10/02/2023 23:00:00 - 11/02/2023 00:00:00","BZN|PL","Without Sequence","103.97","",""
"11/02/2023 00:00:00 - 11/02/2023 01:00:00","BZN|PL","Without Sequence","102.00","",""
"11/02/2023 01:00:00 - 11/02/2023 02:00:00","BZN|PL","Without Sequence","98.74","",""
"11/02/2023 02:00:00 - 11/02/2023 03:00:00","BZN|PL","Without Sequence","98.76","",""
"11/02/2023 03:00:00 - 11/02/2023 04:00:00","BZN|PL","Without Sequence","96.00","",""
"11/02/2023 04:00:00 - 11/02/2023 05:00:00","BZN|PL","Without Sequence","94.22","",""
"11/02/2023 05:00:00 - 11/02/2023 06:00:00","BZN|PL","Without Sequence","90.05","",""
"11/02/2023 06:00:00 - 11/02/2023 07:00:00","BZN|PL","Without Sequence","92.36","",""
"11/02/2023 07:00:00 - 11/02/2023 08:00:00","BZN|PL","Without Sequence","103.03","",""
"11/02/2023 08:00:00 - 11/02/2023 09:00:00","BZN|PL","Without Sequence","113.04","",""
"11/02/2023 09:00:00 - 11/02/2023 10:00:00","BZN|PL","Without Sequence","106.83","",""
"11/02/2023 10:00:00 - 11/02/2023 11:00:00","BZN|PL","Without Sequence","105.73","",""
"11/02/2023 11:00:00 - 11/02/2023 12:00:00","BZN|PL","Without Sequence","114.38","",""
"11/02/2023 12:00:00 - 11/02/2023 13:00:00","BZN|PL","Without Sequence","114.11","",""
"11/02/2023 13:00:00 - 11/02/2023 14:00:00","BZN|PL","Without Sequence","114.54","",""
"11/02/2023 14:00:00 - 11/02/2023 15:00:00","BZN|PL","Without Sequence","114.78","",""
"11/02/2023 15:00:00 - 11/02/2023 16:00:00","BZN|PL","Without Sequence","113.25","",""
"11/02/2023 16:00:00 - 11/02/2023 17:00:00","BZN|PL","Without Sequence","133.75","",""
"11/02/2023 17:00:00 - 11/02/2023 18:00:00","BZN|PL","Without Sequence","138.19","",""
"11/02/2023 18:00:00 - 11/02/2023 19:00:00","BZN|PL","Without Sequence","142.35","",""
"11/02/2023 19:00:00 - 11/02/2023 20:00:00","BZN|PL","Without Sequence","140.92","",""
"11/02/2023 20:00:00 - 11/02/2023 21:00:00","BZN|PL","Without Sequence","139.23","",""
"11/02/2023 21:00:00 - 11/02/2023 22:00:00","BZN|PL","Without Sequence","144.34","",""
"11/02/2023 22:00:00 - 11/02/2023 23:00:00","BZN|PL","Without Sequence","124.50","",""
"11/02/2023 23:00:00 - 12/02/2023 00:00:00","BZN|PL","Without Sequence","130.83","",""
"12/02/2023 00:00:00 - 12/02/2023 01:00:00","BZN|PL","Without Sequence","126.09","",""
"12/02/2023 01:00:00 - 12/02/2023 02:00:00","BZN|PL","Without Sequence","131.82","",""
"12/02/2023 02:00:00 - 12/02/2023 03:00:00","BZN|PL","Without Sequence","127.92","",""
"12/02/2023 03:00:00 - 12/02/2023 04:00:00","BZN|PL","Without Sequence","125.29","",""
"12/02/2023 04:00:00 - 12/02/2023 05:00:00","BZN|PL","Without Sequence","125.07","",""
"12/02/2023 05:00:00 - 12/02/2023 06:00:00","BZN|PL","Without Sequence","126.08","",""
"12/02/2023 06:00:00 - 12/02/2023 07:00:00","BZN|PL","Without Sequence","128.98","",""
"12/02/2023 07:00:00 - 12/02/2023 08:00:00","BZN|PL","Without Sequence","149.40","",""
"12/02/2023 08:00:00 - 12/02/2023 09:00:00","BZN|PL","Without Sequence","144.83","",""
"12/02/2023 09:00:00 - 12/02/2023 10:00:00","BZN|PL","Without Sequence","145.56","",""
"12/02/2023 10:00:00 - 12/02/2023 11:00:00","BZN|PL","Without Sequence","140.07","",""
"12/02/2023 11:00:00 - 12/02/2023 12:00:00","BZN|PL","Without Sequence","129.89","",""
"12/02/2023 12:00:00 - 12/02/2023 13:00:00","BZN|PL","Without Sequence","120.00","",""
"12/02/2023 13:00:00 - 12/02/2023 14:00:00","BZN|PL","Without Sequence","120.00","",""
"12/02/2023 14:00:00 - 12/02/2023 15:00:00","BZN|PL","Without Sequence","124.63","",""
"12/02/2023 15:00:00 - 12/02/2023 16:00:00","BZN|PL","Without Sequence","135.16","",""
"12/02/2023 16:00:00 - 12/02/2023 17:00:00","BZN|PL","Without Sequence","158.54","",""
"12/02/2023 17:00:00 - 12/02/2023 18:00:00","BZN|PL","Without Sequence","163.25","",""
"12/02/2023 18:00:00 - 12/02/2023 19:00:00","BZN|PL","Without Sequence","164.49","",""
"12/02/2023 19:00:00 - 12/02/2023 20:00:00","BZN|PL","Without Sequence","160.72","",""
"12/02/2023 20:00:00 - 12/02/2023 21:00:00","BZN|PL","Without Sequence","148.17","",""
"12/02/2023 21:00:00 - 12/02/2023 22:00:00","BZN|PL","Without Sequence","136.32","",""
"12/02/2023 22:00:00 - 12/02/2023 23:00:00","BZN|PL","Without Sequence","116.99","",""
"12/02/2023 23:00:00 - 13/02/2023 00:00:00","BZN|PL","Without Sequence","127.04","",""
"13/02/2023 00:00:00 - 13/02/2023 01:00:00","BZN|PL","Without Sequence","125.71","",""
"13/02/2023 01:00:00 - 13/02/2023 02:00:00","BZN|PL","Without Sequence","125.70","",""
"13/02/2023 02:00:00 - 13/02/2023 03:00:00","BZN|PL","Without Sequence","129.04","",""
"13/02/2023 03:00:00 - 13/02/2023 04:00:00","BZN|PL","Without Sequence","125.95","",""
"13/02/2023 04:00:00 - 13/02/2023 05:00:00","BZN|PL","Without Sequence","125.92","",""
"13/02/2023 05:00:00 - 13/02/2023 06:00:00","BZN|PL","Without Sequence","138.96","",""
"13/02/2023 06:00:00 - 13/02/2023 07:00:00","BZN|PL","Without Sequence","163.51","",""
"13/02/2023 07:00:00 - 13/02/2023 08:00:00","BZN|PL","Without Sequence","166.61","",""
"13/02/2023 08:00:00 - 13/02/2023 09:00:00","BZN|PL","Without Sequence","157.14","",""
"13/02/2023 09:00:00 - 13/02/2023 10:00:00","BZN|PL","Without Sequence","146.88","",""
"13/02/2023 10:00:00 - 13/02/2023 11:00:00","BZN|PL","Without Sequence","144.76","",""
"13/02/2023 11:00:00 - 13/02/2023 12:00:00","BZN|PL","Without Sequence","142.27","",""
"13/02/2023 12:00:00 - 13/02/2023 13:00:00","BZN|PL","Without Sequence","139.48","",""
"13/02/2023 13:00:00 - 13/02/2023 14:00:00","BZN|PL","Without Sequence","143.69","",""
"13/02/2023 14:00:00 - 13/02/2023 15:00:00","BZN|PL","Without Sequence","156.92","",""
"13/02/2023 15:00:00 - 13/02/2023 16:00:00","BZN|PL","Without Sequence","166.39","",""
"13/02/2023 16:00:00 - 13/02/2023 17:00:00","BZN|PL","Without Sequence","166.57","",""
"13/02/2023 17:00:00 - 13/02/2023 18:00:00","BZN|PL","Without Sequence","162.38","",""
"13/02/2023 18:00:00 - 13/02/2023 19:00:00","BZN|PL","Without Sequence","165.27","",""
"13/02/2023 19:00:00 - 13/02/2023 20:00:00","BZN|PL","Without Sequence","161.32","",""
"13/02/2023 20:00:00 - 13/02/2023 21:00:00","BZN|PL","Without Sequence","153.99","",""
"13/02/2023 21:00:00 - 13/02/2023 22:00:00","BZN|PL","Without Sequence","150.70","",""
"13/02/2023 22:00:00 - 13/02/2023 23:00:00","BZN|PL","Without Sequence","140.40","",""
"13/02/2023 23:00:00 - 14/02/2023 00:00:00","BZN|PL","Without Sequence","135.62","",""
"14/02/2023 00:00:00 - 14/02/2023 01:00:00","BZN|PL","Without Sequence","132.32","",""
"14/02/2023 01:00:00 - 14/02/2023 02:00:00","BZN|PL","Without Sequence","132.16","",""
"14/02/2023 02:00:00 - 14/02/2023 03:00:00","BZN|PL","Without Sequence","135.83","",""
"14/02/2023 03:00:00 - 14/02/2023 04:00:00","BZN|PL","Without Sequence","141.89","",""
"14/02/2023 04:00:00 - 14/02/2023 05:00:00","BZN|PL","Without Sequence","146.07","",""
"14/02/2023 05:00:00 - 14/02/2023 06:00:00","BZN|PL","Without Sequence","168.68","",""
"14/02/2023 06:00:00 - 14/02/2023 07:00:00","BZN|PL","Without Sequence","190.98","",""
"14/02/2023 07:00:00 - 14/02/2023 08:00:00","BZN|PL","Without Sequence","204.77","",""
"14/02/2023 08:00:00 - 14/02/2023 09:00:00","BZN|PL","Without Sequence","180.60","",""
"14/02/2023 09:00:00 - 14/02/2023 10:00:00","BZN|PL","Without Sequence","166.50","",""
"14/02/2023 10:00:00 - 14/02/2023 11:00:00","BZN|PL","Without Sequence","151.49","",""
"14/02/2023 11:00:00 - 14/02/2023 12:00:00","BZN|PL","Without Sequence","141.06","",""
"14/02/2023 12:00:00 - 14/02/2023 13:00:00","BZN|PL","Without Sequence","151.48","",""
"14/02/2023 13:00:00 - 14/02/2023 14:00:00","BZN|PL","Without Sequence","161.56","",""
"14/02/2023 14:00:00 - 14/02/2023 15:00:00","BZN|PL","Without Sequence","168.87","",""
"14/02/2023 15:00:00 - 14/02/2023 16:00:00","BZN|PL","Without Sequence","184.69","",""
"14/02/2023 16:00:00 - 14/02/2023 17:00:00","BZN|PL","Without Sequence","182.90","",""
"14/02/2023 17:00:00 - 14/02/2023 18:00:00","BZN|PL","Without Sequence","199.99","",""
"14/02/2023 18:00:00 - 14/02/2023 19:00:00","BZN|PL","Without Sequence","192.97","",""
"14/02/2023 19:00:00 - 14/02/2023 20:00:00","BZN|PL","Without Sequence","175.81","",""
"14/02/2023 20:00:00 - 14/02/2023 21:00:00","BZN|PL","Without Sequence","160.09","",""
"14/02/2023 21:00:00 - 14/02/2023 22:00:00","BZN|PL","Without Sequence","151.03","",""
"14/02/2023 22:00:00 - 14/02/2023 23:00:00","BZN|PL","Without Sequence","141.73","",""
"14/02/2023 23:00:00 - 15/02/2023 00:00:00","BZN|PL","Without Sequence","140.19","",""
"15/02/2023 00:00:00 - 15/02/2023 01:00:00","BZN|PL","Without Sequence","138.85","",""
"15/02/2023 01:00:00 - 15/02/2023 02:00:00","BZN|PL","Without Sequence","145.11","",""
"15/02/2023 02:00:00 - 15/02/2023 03:00:00","BZN|PL","Without Sequence","145.10","",""
"15/02/2023 03:00:00 - 15/02/2023 04:00:00","BZN|PL","Without Sequence","145.50","",""
"15/02/2023 04:00:00 - 15/02/2023 05:00:00","BZN|PL","Without Sequence","162.64","",""
"15/02/2023 05:00:00 - 15/02/2023 06:00:00","BZN|PL","Without Sequence","169.04","",""
"15/02/2023 06:00:00 - 15/02/2023 07:00:00","BZN|PL","Without Sequence","185.00","",""
"15/02/2023 07:00:00 - 15/02/2023 08:00:00","BZN|PL","Without Sequence","188.76","",""
"15/02/2023 08:00:00 - 15/02/2023 09:00:00","BZN|PL","Without Sequence","171.22","",""
"15/02/2023 09:00:00 - 15/02/2023 10:00:00","BZN|PL","Without Sequence","157.18","",""
"15/02/2023 10:00:00 - 15/02/2023 11:00:00","BZN|PL","Without Sequence","150.33","",""
"15/02/2023 11:00:00 - 15/02/2023 12:00:00","BZN|PL","Without Sequence","155.01","",""
"15/02/2023 12:00:00 - 15/02/2023 13:00:00","BZN|PL","Without Sequence","150.34","",""
"15/02/2023 13:00:00 - 15/02/2023 14:00:00","BZN|PL","Without Sequence","162.86","",""
"15/02/2023 14:00:00 - 15/02/2023 15:00:00","BZN|PL","Without Sequence","170.30","",""
"15/02/2023 15:00:00 - 15/02/2023 16:00:00","BZN|PL","Without Sequence","183.73","",""
"15/02/2023 16:00:00 - 15/02/2023 17:00:00","BZN|PL","Without Sequence","191.05","",""
"15/02/2023 17:00:00 - 15/02/2023 18:00:00","BZN|PL","Without Sequence","189.53","",""
"15/02/2023 18:00:00 - 15/02/2023 19:00:00","BZN|PL","Without Sequence","189.99","",""
"15/02/2023 19:00:00 - 15/02/2023 20:00:00","BZN|PL","Without Sequence","179.19","",""
"15/02/2023 20:00:00 - 15/02/2023 21:00:00","BZN|PL","Without Sequence","161.88","",""
"15/02/2023 21:00:00 - 15/02/2023 22:00:00","BZN|PL","Without Sequence","159.71","",""
"15/02/2023 22:00:00 - 15/02/2023 23:00:00","BZN|PL","Without Sequence","146.85","",""
"15/02/2023 23:00:00 - 16/02/2023 00:00:00","BZN|PL","Without Sequence","139.61","",""
"16/02/2023 00:00:00 - 16/02/2023 01:00:00","BZN|PL","Without Sequence","136.53","",""
"16/02/2023 01:00:00 - 16/02/2023 02:00:00","BZN|PL","Without Sequence","135.09","",""
"16/02/2023 02:00:00 - 16/02/2023 03:00:00","BZN|PL","Without Sequence","133.31","",""
"16/02/2023 03:00:00 - 16/02/2023 04:00:00","BZN|PL","Without Sequence","137.52","",""
"16/02/2023 04:00:00 - 16/02/2023 05:00:00","BZN|PL","Without Sequence","142.79","",""
"16/02/2023 05:00:00 - 16/02/2023 06:00:00","BZN|PL","Without Sequence","154.32","",""
"16/02/2023 06:00:00 - 16/02/2023 07:00:00","BZN|PL","Without Sequence","162.51","",""
"16/02/2023 07:00:00 - 16/02/2023 08:00:00","BZN|PL","Without Sequence","164.81","",""
"16/02/2023 08:00:00 - 16/02/2023 09:00:00","BZN|PL","Without Sequence","158.52","",""
"16/02/2023 09:00:00 - 16/02/2023 10:00:00","BZN|PL","Without Sequence","146.67","",""
"16/02/2023 10:00:00 - 16/02/2023 11:00:00","BZN|PL","Without Sequence","138.70","",""
"16/02/2023 11:00:00 - 16/02/2023 12:00:00","BZN|PL","Without Sequence","129.48","",""
"16/02/2023 12:00:00 - 16/02/2023 13:00:00","BZN|PL","Without Sequence","133.21","",""
"16/02/2023 13:00:00 - 16/02/2023 14:00:00","BZN|PL","Without Sequence","144.85","",""
"16/02/2023 14:00:00 - 16/02/2023 15:00:00","BZN|PL","Without Sequence","160.14","",""
"16/02/2023 15:00:00 - 16/02/2023 16:00:00","BZN|PL","Without Sequence","161.67","",""
"16/02/2023 16:00:00 - 16/02/2023 17:00:00","BZN|PL","Without Sequence","162.84","",""
"16/02/2023 17:00:00 - 16/02/2023 18:00:00","BZN|PL","Without Sequence","160.63","",""
"16/02/2023 18:00:00 - 16/02/2023 19:00:00","BZN|PL","Without Sequence","159.55","",""
"16/02/2023 19:00:00 - 16/02/2023 20:00:00","BZN|PL","Without Sequence","162.80","",""
"16/02/2023 20:00:00 - 16/02/2023 21:00:00","BZN|PL","Without Sequence","148.03","",""
"16/02/2023 21:00:00 - 16/02/2023 22:00:00","BZN|PL","Without Sequence","141.74","",""
"16/02/2023 22:00:00 - 16/02/2023 23:00:00","BZN|PL","Without Sequence","139.21","",""
"16/02/2023 23:00:00 - 17/02/2023 00:00:00","BZN|PL","Without Sequence","132.27","",""
"17/02/2023 00:00:00 - 17/02/2023 01:00:00","BZN|PL","Without Sequence","127.84","",""
"17/02/2023 01:00:00 - 17/02/2023 02:00:00","BZN|PL","Without Sequence","135.30","",""
"17/02/2023 02:00:00 - 17/02/2023 03:00:00","BZN|PL","Without Sequence","136.19","",""
"17/02/2023 03:00:00 - 17/02/2023 04:00:00","BZN|PL","Without Sequence","135.90","",""
"17/02/2023 04:00:00 - 17/02/2023 05:00:00","BZN|PL","Without Sequence","145.43","",""
"17/02/2023 05:00:00 - 17/02/2023 06:00:00","BZN|PL","Without Sequence","154.02","",""
"17/02/2023 06:00:00 - 17/02/2023 07:00:00","BZN|PL","Without Sequence","158.52","",""
"17/02/2023 07:00:00 - 17/02/2023 08:00:00","BZN|PL","Without Sequence","157.27","",""
"17/02/2023 08:00:00 - 17/02/2023 09:00:00","BZN|PL","Without Sequence","156.29","",""
"17/02/2023 09:00:00 - 17/02/2023 10:00:00","BZN|PL","Without Sequence","152.95","",""
"17/02/2023 10:00:00 - 17/02/2023 11:00:00","BZN|PL","Without Sequence","159.23","",""
"17/02/2023 11:00:00 - 17/02/2023 12:00:00","BZN|PL","Without Sequence","146.67","",""
"17/02/2023 12:00:00 - 17/02/2023 13:00:00","BZN|PL","Without Sequence","141.62","",""
"17/02/2023 13:00:00 - 17/02/2023 14:00:00","BZN|PL","Without Sequence","139.03","",""
"17/02/2023 14:00:00 - 17/02/2023 15:00:00","BZN|PL","Without Sequence","137.25","",""
"17/02/2023 15:00:00 - 17/02/2023 16:00:00","BZN|PL","Without Sequence","137.26","",""
"17/02/2023 16:00:00 - 17/02/2023 17:00:00","BZN|PL","Without Sequence","141.22","",""
"17/02/2023 17:00:00 - 17/02/2023 18:00:00","BZN|PL","Without Sequence","124.67","",""
"17/02/2023 18:00:00 - 17/02/2023 19:00:00","BZN|PL","Without Sequence","128.85","",""
"17/02/2023 19:00:00 - 17/02/2023 20:00:00","BZN|PL","Without Sequence","119.43","",""
"17/02/2023 20:00:00 - 17/02/2023 21:00:00","BZN|PL","Without Sequence","105.27","",""
"17/02/2023 21:00:00 - 17/02/2023 22:00:00","BZN|PL","Without Sequence","107.16","",""
"17/02/2023 22:00:00 - 17/02/2023 23:00:00","BZN|PL","Without Sequence","90.80","",""
"17/02/2023 23:00:00 - 18/02/2023 00:00:00","BZN|PL","Without Sequence","93.11","",""
"18/02/2023 00:00:00 - 18/02/2023 01:00:00","BZN|PL","Without Sequence","86.01","",""
"18/02/2023 01:00:00 - 18/02/2023 02:00:00","BZN|PL","Without Sequence","82.27","",""
"18/02/2023 02:00:00 - 18/02/2023 03:00:00","BZN|PL","Without Sequence","74.46","",""
"18/02/2023 03:00:00 - 18/02/2023 04:00:00","BZN|PL","Without Sequence","74.37","",""
"18/02/2023 04:00:00 - 18/02/2023 05:00:00","BZN|PL","Without Sequence","77.45","",""
"18/02/2023 05:00:00 - 18/02/2023 06:00:00","BZN|PL","Without Sequence","86.04","",""
"18/02/2023 06:00:00 - 18/02/2023 07:00:00","BZN|PL","Without Sequence","89.51","",""
"18/02/2023 07:00:00 - 18/02/2023 08:00:00","BZN|PL","Without Sequence","93.73","",""
"18/02/2023 08:00:00 - 18/02/2023 09:00:00","BZN|PL","Without Sequence","100.19","",""
"18/02/2023 09:00:00 - 18/02/2023 10:00:00","BZN|PL","Without Sequence","99.45","",""
"18/02/2023 10:00:00 - 18/02/2023 11:00:00","BZN|PL","Without Sequence","100.44","",""
"18/02/2023 11:00:00 - 18/02/2023 12:00:00","BZN|PL","Without Sequence","94.37","",""
"18/02/2023 12:00:00 - 18/02/2023 13:00:00","BZN|PL","Without Sequence","102.55","",""
"18/02/2023 13:00:00 - 18/02/2023 14:00:00","BZN|PL","Without Sequence","104.74","",""
"18/02/2023 14:00:00 - 18/02/2023 15:00:00","BZN|PL","Without Sequence","108.73","",""
"18/02/2023 15:00:00 - 18/02/2023 16:00:00","BZN|PL","Without Sequence","109.18","",""
"18/02/2023 16:00:00 - 18/02/2023 17:00:00","BZN|PL","Without Sequence","109.84","",""
"18/02/2023 17:00:00 - 18/02/2023 18:00:00","BZN|PL","Without Sequence","108.78","",""
"18/02/2023 18:00:00 - 18/02/2023 19:00:00","BZN|PL","Without Sequence","109.52","",""
"18/02/2023 19:00:00 - 18/02/2023 20:00:00","BZN|PL","Without Sequence","108.68","",""
"18/02/2023 20:00:00 - 18/02/2023 21:00:00","BZN|PL","Without Sequence","106.57","",""
"18/02/2023 21:00:00 - 18/02/2023 22:00:00","BZN|PL","Without Sequence","107.99","",""
"18/02/2023 22:00:00 - 18/02/2023 23:00:00","BZN|PL","Without Sequence","108.39","",""
"18/02/2023 23:00:00 - 19/02/2023 00:00:00","BZN|PL","Without Sequence","103.89","",""
"19/02/2023 00:00:00 - 19/02/2023 01:00:00","BZN|PL","Without Sequence","102.06","",""
"19/02/2023 01:00:00 - 19/02/2023 02:00:00","BZN|PL","Without Sequence","96.86","",""
"19/02/2023 02:00:00 - 19/02/2023 03:00:00","BZN|PL","Without Sequence","93.72","",""
"19/02/2023 03:00:00 - 19/02/2023 04:00:00","BZN|PL","Without Sequence","95.14","",""
"19/02/2023 04:00:00 - 19/02/2023 05:00:00","BZN|PL","Without Sequence","99.20","",""
"19/02/2023 05:00:00 - 19/02/2023 06:00:00","BZN|PL","Without Sequence","102.31","",""
"19/02/2023 06:00:00 - 19/02/2023 07:00:00","BZN|PL","Without Sequence","103.02","",""
"19/02/2023 07:00:00 - 19/02/2023 08:00:00","BZN|PL","Without Sequence","110.61","",""
"19/02/2023 08:00:00 - 19/02/2023 09:00:00","BZN|PL","Without Sequence","114.51","",""
"19/02/2023 09:00:00 - 19/02/2023 10:00:00","BZN|PL","Without Sequence","106.81","",""
"19/02/2023 10:00:00 - 19/02/2023 11:00:00","BZN|PL","Without Sequence","96.42","",""
"19/02/2023 11:00:00 - 19/02/2023 12:00:00","BZN|PL","Without Sequence","90.48","",""
"19/02/2023 12:00:00 - 19/02/2023 13:00:00","BZN|PL","Without Sequence","100.23","",""
"19/02/2023 13:00:00 - 19/02/2023 14:00:00","BZN|PL","Without Sequence","92.48","",""
"19/02/2023 14:00:00 - 19/02/2023 15:00:00","BZN|PL","Without Sequence","103.00","",""
"19/02/2023 15:00:00 - 19/02/2023 16:00:00","BZN|PL","Without Sequence","107.21","",""
"19/02/2023 16:00:00 - 19/02/2023 17:00:00","BZN|PL","Without Sequence","123.57","",""
"19/02/2023 17:00:00 - 19/02/2023 18:00:00","BZN|PL","Without Sequence","129.39","",""
"19/02/2023 18:00:00 - 19/02/2023 19:00:00","BZN|PL","Without Sequence","128.81","",""
"19/02/2023 19:00:00 - 19/02/2023 20:00:00","BZN|PL","Without Sequence","115.37","",""
"19/02/2023 20:00:00 - 19/02/2023 21:00:00","BZN|PL","Without Sequence","112.23","",""
"19/02/2023 21:00:00 - 19/02/2023 22:00:00","BZN|PL","Without Sequence","104.72","",""
"19/02/2023 22:00:00 - 19/02/2023 23:00:00","BZN|PL","Without Sequence","92.53","",""
"19/02/2023 23:00:00 - 20/02/2023 00:00:00","BZN|PL","Without Sequence","79.59","",""
"20/02/2023 00:00:00 - 20/02/2023 01:00:00","BZN|PL","Without Sequence","77.40","",""
"20/02/2023 01:00:00 - 20/02/2023 02:00:00","BZN|PL","Without Sequence","79.59","",""
"20/02/2023 02:00:00 - 20/02/2023 03:00:00","BZN|PL","Without Sequence","78.56","",""
"20/02/2023 03:00:00 - 20/02/2023 04:00:00","BZN|PL","Without Sequence","79.60","",""
"20/02/2023 04:00:00 - 20/02/2023 05:00:00","BZN|PL","Without Sequence","87.98","",""
"20/02/2023 05:00:00 - 20/02/2023 06:00:00","BZN|PL","Without Sequence","107.13","",""
"20/02/2023 06:00:00 - 20/02/2023 07:00:00","BZN|PL","Without Sequence","113.77","",""
"20/02/2023 07:00:00 - 20/02/2023 08:00:00","BZN|PL","Without Sequence","115.18","",""
"20/02/2023 08:00:00 - 20/02/2023 09:00:00","BZN|PL","Without Sequence","109.86","",""
"20/02/2023 09:00:00 - 20/02/2023 10:00:00","BZN|PL","Without Sequence","107.09","",""
"20/02/2023 10:00:00 - 20/02/2023 11:00:00","BZN|PL","Without Sequence","106.66","",""
"20/02/2023 11:00:00 - 20/02/2023 12:00:00","BZN|PL","Without Sequence","105.56","",""
"20/02/2023 12:00:00 - 20/02/2023 13:00:00","BZN|PL","Without Sequence","104.72","",""
"20/02/2023 13:00:00 - 20/02/2023 14:00:00","BZN|PL","Without Sequence","100.06","",""
"20/02/2023 14:00:00 - 20/02/2023 15:00:00","BZN|PL","Without Sequence","94.89","",""
"20/02/2023 15:00:00 - 20/02/2023 16:00:00","BZN|PL","Without Sequence","104.71","",""
"20/02/2023 16:00:00 - 20/02/2023 17:00:00","BZN|PL","Without Sequence","105.56","",""
"20/02/2023 17:00:00 - 20/02/2023 18:00:00","BZN|PL","Without Sequence","105.56","",""
"20/02/2023 18:00:00 - 20/02/2023 19:00:00","BZN|PL","Without Sequence","105.79","",""
"20/02/2023 19:00:00 - 20/02/2023 20:00:00","BZN|PL","Without Sequence","101.61","",""
"20/02/2023 20:00:00 - 20/02/2023 21:00:00","BZN|PL","Without Sequence","91.11","",""
"20/02/2023 21:00:00 - 20/02/2023 22:00:00","BZN|PL","Without Sequence","91.26","",""
"20/02/2023 22:00:00 - 20/02/2023 23:00:00","BZN|PL","Without Sequence","79.00","",""
"20/02/2023 23:00:00 - 21/02/2023 00:00:00","BZN|PL","Without Sequence","45.01","",""
"21/02/2023 00:00:00 - 21/02/2023 01:00:00","BZN|PL","Without Sequence","42.84","",""
"21/02/2023 01:00:00 - 21/02/2023 02:00:00","BZN|PL","Without Sequence","42.84","",""
"21/02/2023 02:00:00 - 21/02/2023 03:00:00","BZN|PL","Without Sequence","44.66","",""
"21/02/2023 03:00:00 - 21/02/2023 04:00:00","BZN|PL","Without Sequence","61.03","",""
"21/02/2023 04:00:00 - 21/02/2023 05:00:00","BZN|PL","Without Sequence","89.84","",""
"21/02/2023 05:00:00 - 21/02/2023 06:00:00","BZN|PL","Without Sequence","110.47","",""
"21/02/2023 06:00:00 - 21/02/2023 07:00:00","BZN|PL","Without Sequence","114.68","",""
"21/02/2023 07:00:00 - 21/02/2023 08:00:00","BZN|PL","Without Sequence","117.43","",""
"21/02/2023 08:00:00 - 21/02/2023 09:00:00","BZN|PL","Without Sequence","119.76","",""
"21/02/2023 09:00:00 - 21/02/2023 10:00:00","BZN|PL","Without Sequence","114.68","",""
"21/02/2023 10:00:00 - 21/02/2023 11:00:00","BZN|PL","Without Sequence","104.49","",""
"21/02/2023 11:00:00 - 21/02/2023 12:00:00","BZN|PL","Without Sequence","102.80","",""
"21/02/2023 12:00:00 - 21/02/2023 13:00:00","BZN|PL","Without Sequence","108.18","",""
"21/02/2023 13:00:00 - 21/02/2023 14:00:00","BZN|PL","Without Sequence","113.80","",""
"21/02/2023 14:00:00 - 21/02/2023 15:00:00","BZN|PL","Without Sequence","130.56","",""
"21/02/2023 15:00:00 - 21/02/2023 16:00:00","BZN|PL","Without Sequence","142.78","",""
"21/02/2023 16:00:00 - 21/02/2023 17:00:00","BZN|PL","Without Sequence","164.85","",""
"21/02/2023 17:00:00 - 21/02/2023 18:00:00","BZN|PL","Without Sequence","173.00","",""
"21/02/2023 18:00:00 - 21/02/2023 19:00:00","BZN|PL","Without Sequence","173.02","",""
"21/02/2023 19:00:00 - 21/02/2023 20:00:00","BZN|PL","Without Sequence","168.35","",""
"21/02/2023 20:00:00 - 21/02/2023 21:00:00","BZN|PL","Without Sequence","158.80","",""
"21/02/2023 21:00:00 - 21/02/2023 22:00:00","BZN|PL","Without Sequence","153.20","",""
"21/02/2023 22:00:00 - 21/02/2023 23:00:00","BZN|PL","Without Sequence","142.58","",""
"21/02/2023 23:00:00 - 22/02/2023 00:00:00","BZN|PL","Without Sequence","139.90","",""
"22/02/2023 00:00:00 - 22/02/2023 01:00:00","BZN|PL","Without Sequence","136.94","",""
"22/02/2023 01:00:00 - 22/02/2023 02:00:00","BZN|PL","Without Sequence","137.00","",""
"22/02/2023 02:00:00 - 22/02/2023 03:00:00","BZN|PL","Without Sequence","135.09","",""
"22/02/2023 03:00:00 - 22/02/2023 04:00:00","BZN|PL","Without Sequence","131.17","",""
"22/02/2023 04:00:00 - 22/02/2023 05:00:00","BZN|PL","Without Sequence","152.73","",""
"22/02/2023 05:00:00 - 22/02/2023 06:00:00","BZN|PL","Without Sequence","166.42","",""
"22/02/2023 06:00:00 - 22/02/2023 07:00:00","BZN|PL","Without Sequence","173.13","",""
"22/02/2023 07:00:00 - 22/02/2023 08:00:00","BZN|PL","Without Sequence","176.34","",""
"22/02/2023 08:00:00 - 22/02/2023 09:00:00","BZN|PL","Without Sequence","164.55","",""
"22/02/2023 09:00:00 - 22/02/2023 10:00:00","BZN|PL","Without Sequence","152.75","",""
"22/02/2023 10:00:00 - 22/02/2023 11:00:00","BZN|PL","Without Sequence","138.34","",""
"22/02/2023 11:00:00 - 22/02/2023 12:00:00","BZN|PL","Without Sequence","142.38","",""
"22/02/2023 12:00:00 - 22/02/2023 13:00:00","BZN|PL","Without Sequence","147.44","",""
"22/02/2023 13:00:00 - 22/02/2023 14:00:00","BZN|PL","Without Sequence","149.99","",""
"22/02/2023 14:00:00 - 22/02/2023 15:00:00","BZN|PL","Without Sequence","163.11","",""
"22/02/2023 15:00:00 - 22/02/2023 16:00:00","BZN|PL","Without Sequence","164.45","",""
"22/02/2023 16:00:00 - 22/02/2023 17:00:00","BZN|PL","Without Sequence","165.01","",""
"22/02/2023 17:00:00 - 22/02/2023 18:00:00","BZN|PL","Without Sequence","175.00","",""
"22/02/2023 18:00:00 - 22/02/2023 19:00:00","BZN|PL","Without Sequence","172.73","",""
"22/02/2023 19:00:00 - 22/02/2023 20:00:00","BZN|PL","Without Sequence","162.06","",""
"22/02/2023 20:00:00 - 22/02/2023 21:00:00","BZN|PL","Without Sequence","154.02","",""
"22/02/2023 21:00:00 - 22/02/2023 22:00:00","BZN|PL","Without Sequence","147.21","",""
"22/02/2023 22:00:00 - 22/02/2023 23:00:00","BZN|PL","Without Sequence","126.52","",""
"22/02/2023 23:00:00 - 23/02/2023 00:00:00","BZN|PL","Without Sequence","128.12","",""
"23/02/2023 00:00:00 - 23/02/2023 01:00:00","BZN|PL","Without Sequence","124.14","",""
"23/02/2023 01:00:00 - 23/02/2023 02:00:00","BZN|PL","Without Sequence","124.14","",""
"23/02/2023 02:00:00 - 23/02/2023 03:00:00","BZN|PL","Without Sequence","124.13","",""
"23/02/2023 03:00:00 - 23/02/2023 04:00:00","BZN|PL","Without Sequence","124.50","",""
"23/02/2023 04:00:00 - 23/02/2023 05:00:00","BZN|PL","Without Sequence","128.35","",""
"23/02/2023 05:00:00 - 23/02/2023 06:00:00","BZN|PL","Without Sequence","153.98","",""
"23/02/2023 06:00:00 - 23/02/2023 07:00:00","BZN|PL","Without Sequence","170.00","",""
"23/02/2023 07:00:00 - 23/02/2023 08:00:00","BZN|PL","Without Sequence","173.81","",""
"23/02/2023 08:00:00 - 23/02/2023 09:00:00","BZN|PL","Without Sequence","169.36","",""
"23/02/2023 09:00:00 - 23/02/2023 10:00:00","BZN|PL","Without Sequence","154.02","",""
"23/02/2023 10:00:00 - 23/02/2023 11:00:00","BZN|PL","Without Sequence","151.33","",""
"23/02/2023 11:00:00 - 23/02/2023 12:00:00","BZN|PL","Without Sequence","143.10","",""
"23/02/2023 12:00:00 - 23/02/2023 13:00:00","BZN|PL","Without Sequence","141.03","",""
"23/02/2023 13:00:00 - 23/02/2023 14:00:00","BZN|PL","Without Sequence","147.46","",""
"23/02/2023 14:00:00 - 23/02/2023 15:00:00","BZN|PL","Without Sequence","156.08","",""
"23/02/2023 15:00:00 - 23/02/2023 16:00:00","BZN|PL","Without Sequence","164.11","",""
"23/02/2023 16:00:00 - 23/02/2023 17:00:00","BZN|PL","Without Sequence","168.30","",""
"23/02/2023 17:00:00 - 23/02/2023 18:00:00","BZN|PL","Without Sequence","165.22","",""
"23/02/2023 18:00:00 - 23/02/2023 19:00:00","BZN|PL","Without Sequence","165.00","",""
"23/02/2023 19:00:00 - 23/02/2023 20:00:00","BZN|PL","Without Sequence","157.81","",""
"23/02/2023 20:00:00 - 23/02/2023 21:00:00","BZN|PL","Without Sequence","151.14","",""
"23/02/2023 21:00:00 - 23/02/2023 22:00:00","BZN|PL","Without Sequence","151.50","",""
"23/02/2023 22:00:00 - 23/02/2023 23:00:00","BZN|PL","Without Sequence","138.55","",""
"23/02/2023 23:00:00 - 24/02/2023 00:00:00","BZN|PL","Without Sequence","129.33","",""
"24/02/2023 00:00:00 - 24/02/2023 01:00:00","BZN|PL","Without Sequence","118.13","",""
"24/02/2023 01:00:00 - 24/02/2023 02:00:00","BZN|PL","Without Sequence","118.85","",""
"24/02/2023 02:00:00 - 24/02/2023 03:00:00","BZN|PL","Without Sequence","121.99","",""
"24/02/2023 03:00:00 - 24/02/2023 04:00:00","BZN|PL","Without Sequence","119.43","",""
"24/02/2023 04:00:00 - 24/02/2023 05:00:00","BZN|PL","Without Sequence","139.84","",""
"24/02/2023 05:00:00 - 24/02/2023 06:00:00","BZN|PL","Without Sequence","149.32","",""
"24/02/2023 06:00:00 - 24/02/2023 07:00:00","BZN|PL","Without Sequence","156.19","",""
"24/02/2023 07:00:00 - 24/02/2023 08:00:00","BZN|PL","Without Sequence","155.74","",""
"24/02/2023 08:00:00 - 24/02/2023 09:00:00","BZN|PL","Without Sequence","157.73","",""
"24/02/2023 09:00:00 - 24/02/2023 10:00:00","BZN|PL","Without Sequence","155.63","",""
"24/02/2023 10:00:00 - 24/02/2023 11:00:00","BZN|PL","Without Sequence","153.42","",""
"24/02/2023 11:00:00 - 24/02/2023 12:00:00","BZN|PL","Without Sequence","153.76","",""
"24/02/2023 12:00:00 - 24/02/2023 13:00:00","BZN|PL","Without Sequence","151.80","",""
"24/02/2023 13:00:00 - 24/02/2023 14:00:00","BZN|PL","Without Sequence","155.01","",""
"24/02/2023 14:00:00 - 24/02/2023 15:00:00","BZN|PL","Without Sequence","154.77","",""
"24/02/2023 15:00:00 - 24/02/2023 16:00:00","BZN|PL","Without Sequence","149.99","",""
"24/02/2023 16:00:00 - 24/02/2023 17:00:00","BZN|PL","Without Sequence","164.03","",""
"24/02/2023 17:00:00 - 24/02/2023 18:00:00","BZN|PL","Without Sequence","163.00","",""
"24/02/2023 18:00:00 - 24/02/2023 19:00:00","BZN|PL","Without Sequence","161.14","",""
"24/02/2023 19:00:00 - 24/02/2023 20:00:00","BZN|PL","Without Sequence","152.80","",""
"24/02/2023 20:00:00 - 24/02/2023 21:00:00","BZN|PL","Without Sequence","138.80","",""
"24/02/2023 21:00:00 - 24/02/2023 22:00:00","BZN|PL","Without Sequence","144.06","",""
"24/02/2023 22:00:00 - 24/02/2023 23:00:00","BZN|PL","Without Sequence","119.78","",""
"24/02/2023 23:00:00 - 25/02/2023 00:00:00","BZN|PL","Without Sequence","121.65","",""
"25/02/2023 00:00:00 - 25/02/2023 01:00:00","BZN|PL","Without Sequence","118.99","",""
"25/02/2023 01:00:00 - 25/02/2023 02:00:00","BZN|PL","Without Sequence","120.51","",""
"25/02/2023 02:00:00 - 25/02/2023 03:00:00","BZN|PL","Without Sequence","119.67","",""
"25/02/2023 03:00:00 - 25/02/2023 04:00:00","BZN|PL","Without Sequence","119.38","",""
"25/02/2023 04:00:00 - 25/02/2023 05:00:00","BZN|PL","Without Sequence","118.96","",""
"25/02/2023 05:00:00 - 25/02/2023 06:00:00","BZN|PL","Without Sequence","116.35","",""
"25/02/2023 06:00:00 - 25/02/2023 07:00:00","BZN|PL","Without Sequence","116.50","",""
"25/02/2023 07:00:00 - 25/02/2023 08:00:00","BZN|PL","Without Sequence","121.18","",""
"25/02/2023 08:00:00 - 25/02/2023 09:00:00","BZN|PL","Without Sequence","122.55","",""
"25/02/2023 09:00:00 - 25/02/2023 10:00:00","BZN|PL","Without Sequence","122.72","",""
"25/02/2023 10:00:00 - 25/02/2023 11:00:00","BZN|PL","Without Sequence","122.55","",""
"25/02/2023 11:00:00 - 25/02/2023 12:00:00","BZN|PL","Without Sequence","118.96","",""
"25/02/2023 12:00:00 - 25/02/2023 13:00:00","BZN|PL","Without Sequence","118.95","",""
"25/02/2023 13:00:00 - 25/02/2023 14:00:00","BZN|PL","Without Sequence","119.67","",""
"25/02/2023 14:00:00 - 25/02/2023 15:00:00","BZN|PL","Without Sequence","119.02","",""
"25/02/2023 15:00:00 - 25/02/2023 16:00:00","BZN|PL","Without Sequence","110.01","",""
"25/02/2023 16:00:00 - 25/02/2023 17:00:00","BZN|PL","Without Sequence","121.86","",""
"25/02/2023 17:00:00 - 25/02/2023 18:00:00","BZN|PL","Without Sequence","117.12","",""
"25/02/2023 18:00:00 - 25/02/2023 19:00:00","BZN|PL","Without Sequence","119.27","",""
"25/02/2023 19:00:00 - 25/02/2023 20:00:00","BZN|PL","Without Sequence","109.80","",""
"25/02/2023 20:00:00 - 25/02/2023 21:00:00","BZN|PL","Without Sequence","108.01","",""
"25/02/2023 21:00:00 - 25/02/2023 22:00:00","BZN|PL","Without Sequence","107.66","",""
"25/02/2023 22:00:00 - 25/02/2023 23:00:00","BZN|PL","Without Sequence","99.00","",""
"25/02/2023 23:00:00 - 26/02/2023 00:00:00","BZN|PL","Without Sequence","104.53","",""
"26/02/2023 00:00:00 - 26/02/2023 01:00:00","BZN|PL","Without Sequence","99.90","",""
"26/02/2023 01:00:00 - 26/02/2023 02:00:00","BZN|PL","Without Sequence","100.54","",""
"26/02/2023 02:00:00 - 26/02/2023 03:00:00","BZN|PL","Without Sequence","103.89","",""
"26/02/2023 03:00:00 - 26/02/2023 04:00:00","BZN|PL","Without Sequence","102.44","",""
"26/02/2023 04:00:00 - 26/02/2023 05:00:00","BZN|PL","Without Sequence","104.24","",""
"26/02/2023 05:00:00 - 26/02/2023 06:00:00","BZN|PL","Without Sequence","107.04","",""
"26/02/2023 06:00:00 - 26/02/2023 07:00:00","BZN|PL","Without Sequence","111.32","",""
"26/02/2023 07:00:00 - 26/02/2023 08:00:00","BZN|PL","Without Sequence","99.94","",""
"26/02/2023 08:00:00 - 26/02/2023 09:00:00","BZN|PL","Without Sequence","98.88","",""
"26/02/2023 09:00:00 - 26/02/2023 10:00:00","BZN|PL","Without Sequence","104.24","",""
"26/02/2023 10:00:00 - 26/02/2023 11:00:00","BZN|PL","Without Sequence","104.24","",""
"26/02/2023 11:00:00 - 26/02/2023 12:00:00","BZN|PL","Without Sequence","103.67","",""
"26/02/2023 12:00:00 - 26/02/2023 13:00:00","BZN|PL","Without Sequence","98.97","",""
"26/02/2023 13:00:00 - 26/02/2023 14:00:00","BZN|PL","Without Sequence","104.27","",""
"26/02/2023 14:00:00 - 26/02/2023 15:00:00","BZN|PL","Without Sequence","117.70","",""
"26/02/2023 15:00:00 - 26/02/2023 16:00:00","BZN|PL","Without Sequence","120.58","",""
"26/02/2023 16:00:00 - 26/02/2023 17:00:00","BZN|PL","Without Sequence","142.67","",""
"26/02/2023 17:00:00 - 26/02/2023 18:00:00","BZN|PL","Without Sequence","153.70","",""
"26/02/2023 18:00:00 - 26/02/2023 19:00:00","BZN|PL","Without Sequence","156.91","",""
"26/02/2023 19:00:00 - 26/02/2023 20:00:00","BZN|PL","Without Sequence","153.64","",""
"26/02/2023 20:00:00 - 26/02/2023 21:00:00","BZN|PL","Without Sequence","141.64","",""
"26/02/2023 21:00:00 - 26/02/2023 22:00:00","BZN|PL","Without Sequence","138.29","",""
"26/02/2023 22:00:00 - 26/02/2023 23:00:00","BZN|PL","Without Sequence","132.98","",""
"26/02/2023 23:00:00 - 27/02/2023 00:00:00","BZN|PL","Without Sequence","140.59","",""
"27/02/2023 00:00:00 - 27/02/2023 01:00:00","BZN|PL","Without Sequence","131.77","",""
"27/02/2023 01:00:00 - 27/02/2023 02:00:00","BZN|PL","Without Sequence","130.73","",""
"27/02/2023 02:00:00 - 27/02/2023 03:00:00","BZN|PL","Without Sequence","130.13","",""
"27/02/2023 03:00:00 - 27/02/2023 04:00:00","BZN|PL","Without Sequence","135.39","",""
"27/02/2023 04:00:00 - 27/02/2023 05:00:00","BZN|PL","Without Sequence","139.83","",""
"27/02/2023 05:00:00 - 27/02/2023 06:00:00","BZN|PL","Without Sequence","164.26","",""
"27/02/2023 06:00:00 - 27/02/2023 07:00:00","BZN|PL","Without Sequence","186.66","",""
"27/02/2023 07:00:00 - 27/02/2023 08:00:00","BZN|PL","Without Sequence","182.38","",""
"27/02/2023 08:00:00 - 27/02/2023 09:00:00","BZN|PL","Without Sequence","160.09","",""
"27/02/2023 09:00:00 - 27/02/2023 10:00:00","BZN|PL","Without Sequence","148.27","",""
"27/02/2023 10:00:00 - 27/02/2023 11:00:00","BZN|PL","Without Sequence","139.52","",""
"27/02/2023 11:00:00 - 27/02/2023 12:00:00","BZN|PL","Without Sequence","138.83","",""
"27/02/2023 12:00:00 - 27/02/2023 13:00:00","BZN|PL","Without Sequence","135.48","",""
"27/02/2023 13:00:00 - 27/02/2023 14:00:00","BZN|PL","Without Sequence","131.47","",""
"27/02/2023 14:00:00 - 27/02/2023 15:00:00","BZN|PL","Without Sequence","132.17","",""
"27/02/2023 15:00:00 - 27/02/2023 16:00:00","BZN|PL","Without Sequence","153.45","",""
"27/02/2023 16:00:00 - 27/02/2023 17:00:00","BZN|PL","Without Sequence","170.73","",""
"27/02/2023 17:00:00 - 27/02/2023 18:00:00","BZN|PL","Without Sequence","190.01","",""
"27/02/2023 18:00:00 - 27/02/2023 19:00:00","BZN|PL","Without Sequence","194.71","",""
"27/02/2023 19:00:00 - 27/02/2023 20:00:00","BZN|PL","Without Sequence","174.49","",""
"27/02/2023 20:00:00 - 27/02/2023 21:00:00","BZN|PL","Without Sequence","160.30","",""
"27/02/2023 21:00:00 - 27/02/2023 22:00:00","BZN|PL","Without Sequence","153.46","",""
"27/02/2023 22:00:00 - 27/02/2023 23:00:00","BZN|PL","Without Sequence","149.46","",""
"27/02/2023 23:00:00 - 28/02/2023 00:00:00","BZN|PL","Without Sequence","137.76","",""
"28/02/2023 00:00:00 - 28/02/2023 01:00:00","BZN|PL","Without Sequence","143.79","",""
"28/02/2023 01:00:00 - 28/02/2023 02:00:00","BZN|PL","Without Sequence","139.94","",""
"28/02/2023 02:00:00 - 28/02/2023 03:00:00","BZN|PL","Without Sequence","140.97","",""
"28/02/2023 03:00:00 - 28/02/2023 04:00:00","BZN|PL","Without Sequence","145.41","",""
"28/02/2023 04:00:00 - 28/02/2023 05:00:00","BZN|PL","Without Sequence","143.08","",""
"28/02/2023 05:00:00 - 28/02/2023 06:00:00","BZN|PL","Without Sequence","165.34","",""
"28/02/2023 06:00:00 - 28/02/2023 07:00:00","BZN|PL","Without Sequence","177.99","",""
"28/02/2023 07:00:00 - 28/02/2023 08:00:00","BZN|PL","Without Sequence","178.92","",""
"28/02/2023 08:00:00 - 28/02/2023 09:00:00","BZN|PL","Without Sequence","147.88","",""
"28/02/2023 09:00:00 - 28/02/2023 10:00:00","BZN|PL","Without Sequence","127.25","",""
"28/02/2023 10:00:00 - 28/02/2023 11:00:00","BZN|PL","Without Sequence","121.85","",""
"28/02/2023 11:00:00 - 28/02/2023 12:00:00","BZN|PL","Without Sequence","121.79","",""
"28/02/2023 12:00:00 - 28/02/2023 13:00:00","BZN|PL","Without Sequence","122.41","",""
"28/02/2023 13:00:00 - 28/02/2023 14:00:00","BZN|PL","Without Sequence","124.70","",""
"28/02/2023 14:00:00 - 28/02/2023 15:00:00","BZN|PL","Without Sequence","137.13","",""
"28/02/2023 15:00:00 - 28/02/2023 16:00:00","BZN|PL","Without Sequence","155.02","",""
"28/02/2023 16:00:00 - 28/02/2023 17:00:00","BZN|PL","Without Sequence","173.13","",""
"28/02/2023 17:00:00 - 28/02/2023 18:00:00","BZN|PL","Without Sequence","193.87","",""
"28/02/2023 18:00:00 - 28/02/2023 19:00:00","BZN|PL","Without Sequence","193.97","",""
"28/02/2023 19:00:00 - 28/02/2023 20:00:00","BZN|PL","Without Sequence","174.85","",""
"28/02/2023 20:00:00 - 28/02/2023 21:00:00","BZN|PL","Without Sequence","158.89","",""
"28/02/2023 21:00:00 - 28/02/2023 22:00:00","BZN|PL","Without Sequence","154.19","",""
"28/02/2023 22:00:00 - 28/02/2023 23:00:00","BZN|PL","Without Sequence","143.03","",""
"28/02/2023 23:00:00 - 01/03/2023 00:00:00","BZN|PL","Without Sequence","134.13","",""
"01/03/2023 00:00:00 - 01/03/2023 01:00:00","BZN|PL","Without Sequence","133.53","",""
"01/03/2023 01:00:00 - 01/03/2023 02:00:00","BZN|PL","Without Sequence","133.54","",""
"01/03/2023 02:00:00 - 01/03/2023 03:00:00","BZN|PL","Without Sequence","135.67","",""
"01/03/2023 03:00:00 - 01/03/2023 04:00:00","BZN|PL","Without Sequence","133.53","",""
"01/03/2023 04:00:00 - 01/03/2023 05:00:00","BZN|PL","Without Sequence","141.40","",""
"01/03/2023 05:00:00 - 01/03/2023 06:00:00","BZN|PL","Without Sequence","163.49","",""
"01/03/2023 06:00:00 - 01/03/2023 07:00:00","BZN|PL","Without Sequence","176.15","",""
"01/03/2023 07:00:00 - 01/03/2023 08:00:00","BZN|PL","Without Sequence","175.95","",""
"01/03/2023 08:00:00 - 01/03/2023 09:00:00","BZN|PL","Without Sequence","152.90","",""
"01/03/2023 09:00:00 - 01/03/2023 10:00:00","BZN|PL","Without Sequence","134.59","",""
"01/03/2023 10:00:00 - 01/03/2023 11:00:00","BZN|PL","Without Sequence","127.93","",""
"01/03/2023 11:00:00 - 01/03/2023 12:00:00","BZN|PL","Without Sequence","128.52","",""
"01/03/2023 12:00:00 - 01/03/2023 13:00:00","BZN|PL","Without Sequence","127.05","",""
"01/03/2023 13:00:00 - 01/03/2023 14:00:00","BZN|PL","Without Sequence","133.52","",""
"01/03/2023 14:00:00 - 01/03/2023 15:00:00","BZN|PL","Without Sequence","142.03","",""
"01/03/2023 15:00:00 - 01/03/2023 16:00:00","BZN|PL","Without Sequence","165.88","",""
"01/03/2023 16:00:00 - 01/03/2023 17:00:00","BZN|PL","Without Sequence","180.15","",""
"01/03/2023 17:00:00 - 01/03/2023 18:00:00","BZN|PL","Without Sequence","190.86","",""
"01/03/2023 18:00:00 - 01/03/2023 19:00:00","BZN|PL","Without Sequence","190.65","",""
"01/03/2023 19:00:00 - 01/03/2023 20:00:00","BZN|PL","Without Sequence","180.35","",""
"01/03/2023 20:00:00 - 01/03/2023 21:00:00","BZN|PL","Without Sequence","166.39","",""
"01/03/2023 21:00:00 - 01/03/2023 22:00:00","BZN|PL","Without Sequence","158.89","",""
"01/03/2023 22:00:00 - 01/03/2023 23:00:00","BZN|PL","Without Sequence","147.31","",""
"01/03/2023 23:00:00 - 02/03/2023 00:00:00","BZN|PL","Without Sequence","146.94","",""
"02/03/2023 00:00:00 - 02/03/2023 01:00:00","BZN|PL","Without Sequence","141.92","",""
"02/03/2023 01:00:00 - 02/03/2023 02:00:00","BZN|PL","Without Sequence","146.95","",""
"02/03/2023 02:00:00 - 02/03/2023 03:00:00","BZN|PL","Without Sequence","146.87","",""
"02/03/2023 03:00:00 - 02/03/2023 04:00:00","BZN|PL","Without Sequence","134.20","",""
"02/03/2023 04:00:00 - 02/03/2023 05:00:00","BZN|PL","Without Sequence","155.72","",""
"02/03/2023 05:00:00 - 02/03/2023 06:00:00","BZN|PL","Without Sequence","172.53","",""
"02/03/2023 06:00:00 - 02/03/2023 07:00:00","BZN|PL","Without Sequence","181.04","",""
"02/03/2023 07:00:00 - 02/03/2023 08:00:00","BZN|PL","Without Sequence","183.24","",""
"02/03/2023 08:00:00 - 02/03/2023 09:00:00","BZN|PL","Without Sequence","160.24","",""
"02/03/2023 09:00:00 - 02/03/2023 10:00:00","BZN|PL","Without Sequence","142.67","",""
"02/03/2023 10:00:00 - 02/03/2023 11:00:00","BZN|PL","Without Sequence","129.49","",""
"02/03/2023 11:00:00 - 02/03/2023 12:00:00","BZN|PL","Without Sequence","129.93","",""
"02/03/2023 12:00:00 - 02/03/2023 13:00:00","BZN|PL","Without Sequence","129.03","",""
"02/03/2023 13:00:00 - 02/03/2023 14:00:00","BZN|PL","Without Sequence","132.77","",""
"02/03/2023 14:00:00 - 02/03/2023 15:00:00","BZN|PL","Without Sequence","152.79","",""
"02/03/2023 15:00:00 - 02/03/2023 16:00:00","BZN|PL","Without Sequence","172.51","",""
"02/03/2023 16:00:00 - 02/03/2023 17:00:00","BZN|PL","Without Sequence","183.17","",""
"02/03/2023 17:00:00 - 02/03/2023 18:00:00","BZN|PL","Without Sequence","189.57","",""
"02/03/2023 18:00:00 - 02/03/2023 19:00:00","BZN|PL","Without Sequence","187.44","",""
"02/03/2023 19:00:00 - 02/03/2023 20:00:00","BZN|PL","Without Sequence","183.19","",""
"02/03/2023 20:00:00 - 02/03/2023 21:00:00","BZN|PL","Without Sequence","165.21","",""
"02/03/2023 21:00:00 - 02/03/2023 22:00:00","BZN|PL","Without Sequence","164.17","",""
"02/03/2023 22:00:00 - 02/03/2023 23:00:00","BZN|PL","Without Sequence","140.92","",""
"02/03/2023 23:00:00 - 03/03/2023 00:00:00","BZN|PL","Without Sequence","140.64","",""
"03/03/2023 00:00:00 - 03/03/2023 01:00:00","BZN|PL","Without Sequence","130.91","",""
"03/03/2023 01:00:00 - 03/03/2023 02:00:00","BZN|PL","Without Sequence","131.19","",""
"03/03/2023 02:00:00 - 03/03/2023 03:00:00","BZN|PL","Without Sequence","129.77","",""
"03/03/2023 03:00:00 - 03/03/2023 04:00:00","BZN|PL","Without Sequence","129.22","",""
"03/03/2023 04:00:00 - 03/03/2023 05:00:00","BZN|PL","Without Sequence","136.04","",""
"03/03/2023 05:00:00 - 03/03/2023 06:00:00","BZN|PL","Without Sequence","162.19","",""
"03/03/2023 06:00:00 - 03/03/2023 07:00:00","BZN|PL","Without Sequence","174.01","",""
"03/03/2023 07:00:00 - 03/03/2023 08:00:00","BZN|PL","Without Sequence","174.06","",""
"03/03/2023 08:00:00 - 03/03/2023 09:00:00","BZN|PL","Without Sequence","168.78","",""
"03/03/2023 09:00:00 - 03/03/2023 10:00:00","BZN|PL","Without Sequence","130.33","",""
"03/03/2023 10:00:00 - 03/03/2023 11:00:00","BZN|PL","Without Sequence","118.19","",""
"03/03/2023 11:00:00 - 03/03/2023 12:00:00","BZN|PL","Without Sequence","120.76","",""
"03/03/2023 12:00:00 - 03/03/2023 13:00:00","BZN|PL","Without Sequence","118.20","",""
"03/03/2023 13:00:00 - 03/03/2023 14:00:00","BZN|PL","Without Sequence","111.28","",""
"03/03/2023 14:00:00 - 03/03/2023 15:00:00","BZN|PL","Without Sequence","121.30","",""
"03/03/2023 15:00:00 - 03/03/2023 16:00:00","BZN|PL","Without Sequence","149.56","",""
"03/03/2023 16:00:00 - 03/03/2023 17:00:00","BZN|PL","Without Sequence","166.57","",""
"03/03/2023 17:00:00 - 03/03/2023 18:00:00","BZN|PL","Without Sequence","165.00","",""
"03/03/2023 18:00:00 - 03/03/2023 19:00:00","BZN|PL","Without Sequence","153.89","",""
"03/03/2023 19:00:00 - 03/03/2023 20:00:00","BZN|PL","Without Sequence","130.68","",""
"03/03/2023 20:00:00 - 03/03/2023 21:00:00","BZN|PL","Without Sequence","114.69","",""
"03/03/2023 21:00:00 - 03/03/2023 22:00:00","BZN|PL","Without Sequence","110.20","",""
"03/03/2023 22:00:00 - 03/03/2023 23:00:00","BZN|PL","Without Sequence","103.47","",""
"03/03/2023 23:00:00 - 04/03/2023 00:00:00","BZN|PL","Without Sequence","85.07","",""
"04/03/2023 00:00:00 - 04/03/2023 01:00:00","BZN|PL","Without Sequence","85.07","",""
"04/03/2023 01:00:00 - 04/03/2023 02:00:00","BZN|PL","Without Sequence","87.59","",""
"04/03/2023 02:00:00 - 04/03/2023 03:00:00","BZN|PL","Without Sequence","90.00","",""
"04/03/2023 03:00:00 - 04/03/2023 04:00:00","BZN|PL","Without Sequence","89.58","",""
"04/03/2023 04:00:00 - 04/03/2023 05:00:00","BZN|PL","Without Sequence","87.51","",""
"04/03/2023 05:00:00 - 04/03/2023 06:00:00","BZN|PL","Without Sequence","90.14","",""
"04/03/2023 06:00:00 - 04/03/2023 07:00:00","BZN|PL","Without Sequence","95.49","",""
"04/03/2023 07:00:00 - 04/03/2023 08:00:00","BZN|PL","Without Sequence","103.16","",""
"04/03/2023 08:00:00 - 04/03/2023 09:00:00","BZN|PL","Without Sequence","105.14","",""
"04/03/2023 09:00:00 - 04/03/2023 10:00:00","BZN|PL","Without Sequence","91.86","",""
"04/03/2023 10:00:00 - 04/03/2023 11:00:00","BZN|PL","Without Sequence","91.35","",""
"04/03/2023 11:00:00 - 04/03/2023 12:00:00","BZN|PL","Without Sequence","95.84","",""
"04/03/2023 12:00:00 - 04/03/2023 13:00:00","BZN|PL","Without Sequence","93.27","",""
"04/03/2023 13:00:00 - 04/03/2023 14:00:00","BZN|PL","Without Sequence","96.76","",""
"04/03/2023 14:00:00 - 04/03/2023 15:00:00","BZN|PL","Without Sequence","103.01","",""
"04/03/2023 15:00:00 - 04/03/2023 16:00:00","BZN|PL","Without Sequence","111.23","",""
"04/03/2023 16:00:00 - 04/03/2023 17:00:00","BZN|PL","Without Sequence","140.00","",""
"04/03/2023 17:00:00 - 04/03/2023 18:00:00","BZN|PL","Without Sequence","148.02","",""
"04/03/2023 18:00:00 - 04/03/2023 19:00:00","BZN|PL","Without Sequence","148.01","",""
"04/03/2023 19:00:00 - 04/03/2023 20:00:00","BZN|PL","Without Sequence","140.57","",""
"04/03/2023 20:00:00 - 04/03/2023 21:00:00","BZN|PL","Without Sequence","120.51","",""
"04/03/2023 21:00:00 - 04/03/2023 22:00:00","BZN|PL","Without Sequence","112.53","",""
"04/03/2023 22:00:00 - 04/03/2023 23:00:00","BZN|PL","Without Sequence","105.81","",""
"04/03/2023 23:00:00 - 05/03/2023 00:00:00","BZN|PL","Without Sequence","110.48","",""
"05/03/2023 00:00:00 - 05/03/2023 01:00:00","BZN|PL","Without Sequence","103.08","",""
"05/03/2023 01:00:00 - 05/03/2023 02:00:00","BZN|PL","Without Sequence","102.10","",""
"05/03/2023 02:00:00 - 05/03/2023 03:00:00","BZN|PL","Without Sequence","103.99","",""
"05/03/2023 03:00:00 - 05/03/2023 04:00:00","BZN|PL","Without Sequence","101.23","",""
"05/03/2023 04:00:00 - 05/03/2023 05:00:00","BZN|PL","Without Sequence","102.12","",""
"05/03/2023 05:00:00 - 05/03/2023 06:00:00","BZN|PL","Without Sequence","101.46","",""
"05/03/2023 06:00:00 - 05/03/2023 07:00:00","BZN|PL","Without Sequence","105.78","",""
"05/03/2023 07:00:00 - 05/03/2023 08:00:00","BZN|PL","Without Sequence","108.08","",""
"05/03/2023 08:00:00 - 05/03/2023 09:00:00","BZN|PL","Without Sequence","107.73","",""
"05/03/2023 09:00:00 - 05/03/2023 10:00:00","BZN|PL","Without Sequence","104.61","",""
"05/03/2023 10:00:00 - 05/03/2023 11:00:00","BZN|PL","Without Sequence","107.37","",""
"05/03/2023 11:00:00 - 05/03/2023 12:00:00","BZN|PL","Without Sequence","106.83","",""
"05/03/2023 12:00:00 - 05/03/2023 13:00:00","BZN|PL","Without Sequence","109.43","",""
"05/03/2023 13:00:00 - 05/03/2023 14:00:00","BZN|PL","Without Sequence","108.66","",""
"05/03/2023 14:00:00 - 05/03/2023 15:00:00","BZN|PL","Without Sequence","113.81","",""
"05/03/2023 15:00:00 - 05/03/2023 16:00:00","BZN|PL","Without Sequence","115.36","",""
"05/03/2023 16:00:00 - 05/03/2023 17:00:00","BZN|PL","Without Sequence","145.14","",""
"05/03/2023 17:00:00 - 05/03/2023 18:00:00","BZN|PL","Without Sequence","166.47","",""
"05/03/2023 18:00:00 - 05/03/2023 19:00:00","BZN|PL","Without Sequence","170.14","",""
"05/03/2023 19:00:00 - 05/03/2023 20:00:00","BZN|PL","Without Sequence","156.39","",""
"05/03/2023 20:00:00 - 05/03/2023 21:00:00","BZN|PL","Without Sequence","152.79","",""
"05/03/2023 21:00:00 - 05/03/2023 22:00:00","BZN|PL","Without Sequence","141.41","",""
"05/03/2023 22:00:00 - 05/03/2023 23:00:00","BZN|PL","Without Sequence","117.72","",""
"05/03/2023 23:00:00 - 06/03/2023 00:00:00","BZN|PL","Without Sequence","130.60","",""
"06/03/2023 00:00:00 - 06/03/2023 01:00:00","BZN|PL","Without Sequence","123.28","",""
"06/03/2023 01:00:00 - 06/03/2023 02:00:00","BZN|PL","Without Sequence","122.54","",""
"06/03/2023 02:00:00 - 06/03/2023 03:00:00","BZN|PL","Without Sequence","122.54","",""
"06/03/2023 03:00:00 - 06/03/2023 04:00:00","BZN|PL","Without Sequence","122.41","",""
"06/03/2023 04:00:00 - 06/03/2023 05:00:00","BZN|PL","Without Sequence","137.55","",""
"06/03/2023 05:00:00 - 06/03/2023 06:00:00","BZN|PL","Without Sequence","159.80","",""
"06/03/2023 06:00:00 - 06/03/2023 07:00:00","BZN|PL","Without Sequence","183.75","",""
"06/03/2023 07:00:00 - 06/03/2023 08:00:00","BZN|PL","Without Sequence","186.96","",""
"06/03/2023 08:00:00 - 06/03/2023 09:00:00","BZN|PL","Without Sequence","174.80","",""
"06/03/2023 09:00:00 - 06/03/2023 10:00:00","BZN|PL","Without Sequence","170.26","",""
"06/03/2023 10:00:00 - 06/03/2023 11:00:00","BZN|PL","Without Sequence","160.84","",""
"06/03/2023 11:00:00 - 06/03/2023 12:00:00","BZN|PL","Without Sequence","151.09","",""
"06/03/2023 12:00:00 - 06/03/2023 13:00:00","BZN|PL","Without Sequence","145.82","",""
"06/03/2023 13:00:00 - 06/03/2023 14:00:00","BZN|PL","Without Sequence","145.08","",""
"06/03/2023 14:00:00 - 06/03/2023 15:00:00","BZN|PL","Without Sequence","154.13","",""
"06/03/2023 15:00:00 - 06/03/2023 16:00:00","BZN|PL","Without Sequence","157.74","",""
"06/03/2023 16:00:00 - 06/03/2023 17:00:00","BZN|PL","Without Sequence","162.03","",""
"06/03/2023 17:00:00 - 06/03/2023 18:00:00","BZN|PL","Without Sequence","184.87","",""
"06/03/2023 18:00:00 - 06/03/2023 19:00:00","BZN|PL","Without Sequence","176.81","",""
"06/03/2023 19:00:00 - 06/03/2023 20:00:00","BZN|PL","Without Sequence","149.99","",""
"06/03/2023 20:00:00 - 06/03/2023 21:00:00","BZN|PL","Without Sequence","133.60","",""
"06/03/2023 21:00:00 - 06/03/2023 22:00:00","BZN|PL","Without Sequence","120.65","",""
"06/03/2023 22:00:00 - 06/03/2023 23:00:00","BZN|PL","Without Sequence","111.45","",""
"06/03/2023 23:00:00 - 07/03/2023 00:00:00","BZN|PL","Without Sequence","128.71","",""
"07/03/2023 00:00:00 - 07/03/2023 01:00:00","BZN|PL","Without Sequence","120.07","",""
"07/03/2023 01:00:00 - 07/03/2023 02:00:00","BZN|PL","Without Sequence","117.22","",""
"07/03/2023 02:00:00 - 07/03/2023 03:00:00","BZN|PL","Without Sequence","116.89","",""
"07/03/2023 03:00:00 - 07/03/2023 04:00:00","BZN|PL","Without Sequence","117.21","",""
"07/03/2023 04:00:00 - 07/03/2023 05:00:00","BZN|PL","Without Sequence","127.40","",""
"07/03/2023 05:00:00 - 07/03/2023 06:00:00","BZN|PL","Without Sequence","139.13","",""
"07/03/2023 06:00:00 - 07/03/2023 07:00:00","BZN|PL","Without Sequence","136.68","",""
"07/03/2023 07:00:00 - 07/03/2023 08:00:00","BZN|PL","Without Sequence","130.09","",""
"07/03/2023 08:00:00 - 07/03/2023 09:00:00","BZN|PL","Without Sequence","117.03","",""
"07/03/2023 09:00:00 - 07/03/2023 10:00:00","BZN|PL","Without Sequence","111.37","",""
"07/03/2023 10:00:00 - 07/03/2023 11:00:00","BZN|PL","Without Sequence","111.10","",""
"07/03/2023 11:00:00 - 07/03/2023 12:00:00","BZN|PL","Without Sequence","107.27","",""
"07/03/2023 12:00:00 - 07/03/2023 13:00:00","BZN|PL","Without Sequence","107.72","",""
"07/03/2023 13:00:00 - 07/03/2023 14:00:00","BZN|PL","Without Sequence","107.97","",""
"07/03/2023 14:00:00 - 07/03/2023 15:00:00","BZN|PL","Without Sequence","112.34","",""
"07/03/2023 15:00:00 - 07/03/2023 16:00:00","BZN|PL","Without Sequence","117.66","",""
"07/03/2023 16:00:00 - 07/03/2023 17:00:00","BZN|PL","Without Sequence","145.14","",""
"07/03/2023 17:00:00 - 07/03/2023 18:00:00","BZN|PL","Without Sequence","149.49","",""
"07/03/2023 18:00:00 - 07/03/2023 19:00:00","BZN|PL","Without Sequence","129.23","",""
"07/03/2023 19:00:00 - 07/03/2023 20:00:00","BZN|PL","Without Sequence","147.66","",""
"07/03/2023 20:00:00 - 07/03/2023 21:00:00","BZN|PL","Without Sequence","120.05","",""
"07/03/2023 21:00:00 - 07/03/2023 22:00:00","BZN|PL","Without Sequence","116.21","",""
"07/03/2023 22:00:00 - 07/03/2023 23:00:00","BZN|PL","Without Sequence","109.30","",""
"07/03/2023 23:00:00 - 08/03/2023 00:00:00","BZN|PL","Without Sequence","102.63","",""
"08/03/2023 00:00:00 - 08/03/2023 01:00:00","BZN|PL","Without Sequence","102.41","",""
"08/03/2023 01:00:00 - 08/03/2023 02:00:00","BZN|PL","Without Sequence","107.27","",""
"08/03/2023 02:00:00 - 08/03/2023 03:00:00","BZN|PL","Without Sequence","111.00","",""
"08/03/2023 03:00:00 - 08/03/2023 04:00:00","BZN|PL","Without Sequence","111.00","",""
"08/03/2023 04:00:00 - 08/03/2023 05:00:00","BZN|PL","Without Sequence","118.23","",""
"08/03/2023 05:00:00 - 08/03/2023 06:00:00","BZN|PL","Without Sequence","140.68","",""
"08/03/2023 06:00:00 - 08/03/2023 07:00:00","BZN|PL","Without Sequence","158.53","",""
"08/03/2023 07:00:00 - 08/03/2023 08:00:00","BZN|PL","Without Sequence","172.23","",""
"08/03/2023 08:00:00 - 08/03/2023 09:00:00","BZN|PL","Without Sequence","163.08","",""
"08/03/2023 09:00:00 - 08/03/2023 10:00:00","BZN|PL","Without Sequence","153.44","",""
"08/03/2023 10:00:00 - 08/03/2023 11:00:00","BZN|PL","Without Sequence","144.18","",""
"08/03/2023 11:00:00 - 08/03/2023 12:00:00","BZN|PL","Without Sequence","137.18","",""
"08/03/2023 12:00:00 - 08/03/2023 13:00:00","BZN|PL","Without Sequence","135.10","",""
"08/03/2023 13:00:00 - 08/03/2023 14:00:00","BZN|PL","Without Sequence","138.59","",""
"08/03/2023 14:00:00 - 08/03/2023 15:00:00","BZN|PL","Without Sequence","141.79","",""
"08/03/2023 15:00:00 - 08/03/2023 16:00:00","BZN|PL","Without Sequence","144.71","",""
"08/03/2023 16:00:00 - 08/03/2023 17:00:00","BZN|PL","Without Sequence","153.08","",""
"08/03/2023 17:00:00 - 08/03/2023 18:00:00","BZN|PL","Without Sequence","166.89","",""
"08/03/2023 18:00:00 - 08/03/2023 19:00:00","BZN|PL","Without Sequence","170.02","",""
"08/03/2023 19:00:00 - 08/03/2023 20:00:00","BZN|PL","Without Sequence","153.77","",""
"08/03/2023 20:00:00 - 08/03/2023 21:00:00","BZN|PL","Without Sequence","149.55","",""
"08/03/2023 21:00:00 - 08/03/2023 22:00:00","BZN|PL","Without Sequence","139.71","",""
"08/03/2023 22:00:00 - 08/03/2023 23:00:00","BZN|PL","Without Sequence","119.00","",""
"08/03/2023 23:00:00 - 09/03/2023 00:00:00","BZN|PL","Without Sequence","113.66","",""
"09/03/2023 00:00:00 - 09/03/2023 01:00:00","BZN|PL","Without Sequence","119.88","",""
"09/03/2023 01:00:00 - 09/03/2023 02:00:00","BZN|PL","Without Sequence","120.84","",""
"09/03/2023 02:00:00 - 09/03/2023 03:00:00","BZN|PL","Without Sequence","120.81","",""
"09/03/2023 03:00:00 - 09/03/2023 04:00:00","BZN|PL","Without Sequence","120.52","",""
"09/03/2023 04:00:00 - 09/03/2023 05:00:00","BZN|PL","Without Sequence","118.72","",""
"09/03/2023 05:00:00 - 09/03/2023 06:00:00","BZN|PL","Without Sequence","137.94","",""
"09/03/2023 06:00:00 - 09/03/2023 07:00:00","BZN|PL","Without Sequence","158.09","",""
"09/03/2023 07:00:00 - 09/03/2023 08:00:00","BZN|PL","Without Sequence","164.14","",""
"09/03/2023 08:00:00 - 09/03/2023 09:00:00","BZN|PL","Without Sequence","156.01","",""
"09/03/2023 09:00:00 - 09/03/2023 10:00:00","BZN|PL","Without Sequence","144.58","",""
"09/03/2023 10:00:00 - 09/03/2023 11:00:00","BZN|PL","Without Sequence","133.65","",""
"09/03/2023 11:00:00 - 09/03/2023 12:00:00","BZN|PL","Without Sequence","123.45","",""
"09/03/2023 12:00:00 - 09/03/2023 13:00:00","BZN|PL","Without Sequence","117.79","",""
"09/03/2023 13:00:00 - 09/03/2023 14:00:00","BZN|PL","Without Sequence","117.79","",""
"09/03/2023 14:00:00 - 09/03/2023 15:00:00","BZN|PL","Without Sequence","147.23","",""
"09/03/2023 15:00:00 - 09/03/2023 16:00:00","BZN|PL","Without Sequence","164.75","",""
"09/03/2023 16:00:00 - 09/03/2023 17:00:00","BZN|PL","Without Sequence","171.41","",""
"09/03/2023 17:00:00 - 09/03/2023 18:00:00","BZN|PL","Without Sequence","171.12","",""
"09/03/2023 18:00:00 - 09/03/2023 19:00:00","BZN|PL","Without Sequence","174.53","",""
"09/03/2023 19:00:00 - 09/03/2023 20:00:00","BZN|PL","Without Sequence","174.35","",""
"09/03/2023 20:00:00 - 09/03/2023 21:00:00","BZN|PL","Without Sequence","145.08","",""
"09/03/2023 21:00:00 - 09/03/2023 22:00:00","BZN|PL","Without Sequence","123.82","",""
"09/03/2023 22:00:00 - 09/03/2023 23:00:00","BZN|PL","Without Sequence","109.70","",""
"09/03/2023 23:00:00 - 10/03/2023 00:00:00","BZN|PL","Without Sequence","122.74","",""
"10/03/2023 00:00:00 - 10/03/2023 01:00:00","BZN|PL","Without Sequence","120.68","",""
"10/03/2023 01:00:00 - 10/03/2023 02:00:00","BZN|PL","Without Sequence","121.54","",""
"10/03/2023 02:00:00 - 10/03/2023 03:00:00","BZN|PL","Without Sequence","121.68","",""
"10/03/2023 03:00:00 - 10/03/2023 04:00:00","BZN|PL","Without Sequence","120.39","",""
"10/03/2023 04:00:00 - 10/03/2023 05:00:00","BZN|PL","Without Sequence","121.71","",""
"10/03/2023 05:00:00 - 10/03/2023 06:00:00","BZN|PL","Without Sequence","135.54","",""
"10/03/2023 06:00:00 - 10/03/2023 07:00:00","BZN|PL","Without Sequence","144.77","",""
"10/03/2023 07:00:00 - 10/03/2023 08:00:00","BZN|PL","Without Sequence","140.91","",""
"10/03/2023 08:00:00 - 10/03/2023 09:00:00","BZN|PL","Without Sequence","136.61","",""
"10/03/2023 09:00:00 - 10/03/2023 10:00:00","BZN|PL","Without Sequence","131.89","",""
"10/03/2023 10:00:00 - 10/03/2023 11:00:00","BZN|PL","Without Sequence","125.10","",""
"10/03/2023 11:00:00 - 10/03/2023 12:00:00","BZN|PL","Without Sequence","116.87","",""
"10/03/2023 12:00:00 - 10/03/2023 13:00:00","BZN|PL","Without Sequence","114.04","",""
"10/03/2023 13:00:00 - 10/03/2023 14:00:00","BZN|PL","Without Sequence","128.17","",""
"10/03/2023 14:00:00 - 10/03/2023 15:00:00","BZN|PL","Without Sequence","143.21","",""
"10/03/2023 15:00:00 - 10/03/2023 16:00:00","BZN|PL","Without Sequence","160.14","",""
"10/03/2023 16:00:00 - 10/03/2023 17:00:00","BZN|PL","Without Sequence","166.50","",""
"10/03/2023 17:00:00 - 10/03/2023 18:00:00","BZN|PL","Without Sequence","168.77","",""
"10/03/2023 18:00:00 - 10/03/2023 19:00:00","BZN|PL","Without Sequence","168.71","",""
"10/03/2023 19:00:00 - 10/03/2023 20:00:00","BZN|PL","Without Sequence","156.85","",""
"10/03/2023 20:00:00 - 10/03/2023 21:00:00","BZN|PL","Without Sequence","147.52","",""
"10/03/2023 21:00:00 - 10/03/2023 22:00:00","BZN|PL","Without Sequence","140.77","",""
"10/03/2023 22:00:00 - 10/03/2023 23:00:00","BZN|PL","Without Sequence","131.70","",""
"10/03/2023 23:00:00 - 11/03/2023 00:00:00","BZN|PL","Without Sequence","121.76","",""
"11/03/2023 00:00:00 - 11/03/2023 01:00:00","BZN|PL","Without Sequence","121.46","",""
"11/03/2023 01:00:00 - 11/03/2023 02:00:00","BZN|PL","Without Sequence","112.20","",""
"11/03/2023 02:00:00 - 11/03/2023 03:00:00","BZN|PL","Without Sequence","105.49","",""
"11/03/2023 03:00:00 - 11/03/2023 04:00:00","BZN|PL","Without Sequence","102.08","",""
"11/03/2023 04:00:00 - 11/03/2023 05:00:00","BZN|PL","Without Sequence","98.23","",""
"11/03/2023 05:00:00 - 11/03/2023 06:00:00","BZN|PL","Without Sequence","104.24","",""
"11/03/2023 06:00:00 - 11/03/2023 07:00:00","BZN|PL","Without Sequence","111.10","",""
"11/03/2023 07:00:00 - 11/03/2023 08:00:00","BZN|PL","Without Sequence","110.33","",""
"11/03/2023 08:00:00 - 11/03/2023 09:00:00","BZN|PL","Without Sequence","98.27","",""
"11/03/2023 09:00:00 - 11/03/2023 10:00:00","BZN|PL","Without Sequence","106.80","",""
"11/03/2023 10:00:00 - 11/03/2023 11:00:00","BZN|PL","Without Sequence","96.12","",""
"11/03/2023 11:00:00 - 11/03/2023 12:00:00","BZN|PL","Without Sequence","96.12","",""
"11/03/2023 12:00:00 - 11/03/2023 13:00:00","BZN|PL","Without Sequence","95.21","",""
"11/03/2023 13:00:00 - 11/03/2023 14:00:00","BZN|PL","Without Sequence","94.80","",""
"11/03/2023 14:00:00 - 11/03/2023 15:00:00","BZN|PL","Without Sequence","95.21","",""
"11/03/2023 15:00:00 - 11/03/2023 16:00:00","BZN|PL","Without Sequence","102.46","",""
"11/03/2023 16:00:00 - 11/03/2023 17:00:00","BZN|PL","Without Sequence","128.05","",""
"11/03/2023 17:00:00 - 11/03/2023 18:00:00","BZN|PL","Without Sequence","133.85","",""
"11/03/2023 18:00:00 - 11/03/2023 19:00:00","BZN|PL","Without Sequence","133.83","",""
"11/03/2023 19:00:00 - 11/03/2023 20:00:00","BZN|PL","Without Sequence","127.78","",""
"11/03/2023 20:00:00 - 11/03/2023 21:00:00","BZN|PL","Without Sequence","119.96","",""
"11/03/2023 21:00:00 - 11/03/2023 22:00:00","BZN|PL","Without Sequence","116.85","",""
"11/03/2023 22:00:00 - 11/03/2023 23:00:00","BZN|PL","Without Sequence","101.49","",""
"11/03/2023 23:00:00 - 12/03/2023 00:00:00","BZN|PL","Without Sequence","100.75","",""
"12/03/2023 00:00:00 - 12/03/2023 01:00:00","BZN|PL","Without Sequence","82.04","",""
"12/03/2023 01:00:00 - 12/03/2023 02:00:00","BZN|PL","Without Sequence","77.78","",""
"12/03/2023 02:00:00 - 12/03/2023 03:00:00","BZN|PL","Without Sequence","71.52","",""
"12/03/2023 03:00:00 - 12/03/2023 04:00:00","BZN|PL","Without Sequence","71.50","",""
"12/03/2023 04:00:00 - 12/03/2023 05:00:00","BZN|PL","Without Sequence","74.51","",""
"12/03/2023 05:00:00 - 12/03/2023 06:00:00","BZN|PL","Without Sequence","68.37","",""
"12/03/2023 06:00:00 - 12/03/2023 07:00:00","BZN|PL","Without Sequence","66.04","",""
"12/03/2023 07:00:00 - 12/03/2023 08:00:00","BZN|PL","Without Sequence","81.76","",""
"12/03/2023 08:00:00 - 12/03/2023 09:00:00","BZN|PL","Without Sequence","78.53","",""
"12/03/2023 09:00:00 - 12/03/2023 10:00:00","BZN|PL","Without Sequence","66.18","",""
"12/03/2023 10:00:00 - 12/03/2023 11:00:00","BZN|PL","Without Sequence","66.11","",""
"12/03/2023 11:00:00 - 12/03/2023 12:00:00","BZN|PL","Without Sequence","66.12","",""
"12/03/2023 12:00:00 - 12/03/2023 13:00:00","BZN|PL","Without Sequence","67.31","",""
"12/03/2023 13:00:00 - 12/03/2023 14:00:00","BZN|PL","Without Sequence","70.40","",""
"12/03/2023 14:00:00 - 12/03/2023 15:00:00","BZN|PL","Without Sequence","91.01","",""
"12/03/2023 15:00:00 - 12/03/2023 16:00:00","BZN|PL","Without Sequence","125.22","",""
"12/03/2023 16:00:00 - 12/03/2023 17:00:00","BZN|PL","Without Sequence","135.51","",""
"12/03/2023 17:00:00 - 12/03/2023 18:00:00","BZN|PL","Without Sequence","135.83","",""
"12/03/2023 18:00:00 - 12/03/2023 19:00:00","BZN|PL","Without Sequence","141.04","",""
"12/03/2023 19:00:00 - 12/03/2023 20:00:00","BZN|PL","Without Sequence","129.97","",""
"12/03/2023 20:00:00 - 12/03/2023 21:00:00","BZN|PL","Without Sequence","120.73","",""
"12/03/2023 21:00:00 - 12/03/2023 22:00:00","BZN|PL","Without Sequence","127.44","",""
"12/03/2023 22:00:00 - 12/03/2023 23:00:00","BZN|PL","Without Sequence","127.79","",""
"12/03/2023 23:00:00 - 13/03/2023 00:00:00","BZN|PL","Without Sequence","108.98","",""
"13/03/2023 00:00:00 - 13/03/2023 01:00:00","BZN|PL","Without Sequence","100.75","",""
"13/03/2023 01:00:00 - 13/03/2023 02:00:00","BZN|PL","Without Sequence","94.21","",""
"13/03/2023 02:00:00 - 13/03/2023 03:00:00","BZN|PL","Without Sequence","94.02","",""
"13/03/2023 03:00:00 - 13/03/2023 04:00:00","BZN|PL","Without Sequence","98.29","",""
"13/03/2023 04:00:00 - 13/03/2023 05:00:00","BZN|PL","Without Sequence","110.34","",""
"13/03/2023 05:00:00 - 13/03/2023 06:00:00","BZN|PL","Without Sequence","127.79","",""
"13/03/2023 06:00:00 - 13/03/2023 07:00:00","BZN|PL","Without Sequence","127.43","",""
"13/03/2023 07:00:00 - 13/03/2023 08:00:00","BZN|PL","Without Sequence","127.87","",""
"13/03/2023 08:00:00 - 13/03/2023 09:00:00","BZN|PL","Without Sequence","123.02","",""
"13/03/2023 09:00:00 - 13/03/2023 10:00:00","BZN|PL","Without Sequence","108.67","",""
"13/03/2023 10:00:00 - 13/03/2023 11:00:00","BZN|PL","Without Sequence","112.18","",""
"13/03/2023 11:00:00 - 13/03/2023 12:00:00","BZN|PL","Without Sequence","106.94","",""
"13/03/2023 12:00:00 - 13/03/2023 13:00:00","BZN|PL","Without Sequence","110.47","",""
"13/03/2023 13:00:00 - 13/03/2023 14:00:00","BZN|PL","Without Sequence","109.50","",""
"13/03/2023 14:00:00 - 13/03/2023 15:00:00","BZN|PL","Without Sequence","111.86","",""
"13/03/2023 15:00:00 - 13/03/2023 16:00:00","BZN|PL","Without Sequence","111.62","",""
"13/03/2023 16:00:00 - 13/03/2023 17:00:00","BZN|PL","Without Sequence","127.85","",""
"13/03/2023 17:00:00 - 13/03/2023 18:00:00","BZN|PL","Without Sequence","122.88","",""
"13/03/2023 18:00:00 - 13/03/2023 19:00:00","BZN|PL","Without Sequence","123.99","",""
"13/03/2023 19:00:00 - 13/03/2023 20:00:00","BZN|PL","Without Sequence","127.43","",""
"13/03/2023 20:00:00 - 13/03/2023 21:00:00","BZN|PL","Without Sequence","108.97","",""
"13/03/2023 21:00:00 - 13/03/2023 22:00:00","BZN|PL","Without Sequence","112.26","",""
"13/03/2023 22:00:00 - 13/03/2023 23:00:00","BZN|PL","Without Sequence","99.91","",""
"13/03/2023 23:00:00 - 14/03/2023 00:00:00","BZN|PL","Without Sequence","74.56","",""
"14/03/2023 00:00:00 - 14/03/2023 01:00:00","BZN|PL","Without Sequence","74.47","",""
"14/03/2023 01:00:00 - 14/03/2023 02:00:00","BZN|PL","Without Sequence","74.43","",""
"14/03/2023 02:00:00 - 14/03/2023 03:00:00","BZN|PL","Without Sequence","74.51","",""
"14/03/2023 03:00:00 - 14/03/2023 04:00:00","BZN|PL","Without Sequence","83.19","",""
"14/03/2023 04:00:00 - 14/03/2023 05:00:00","BZN|PL","Without Sequence","95.06","",""
"14/03/2023 05:00:00 - 14/03/2023 06:00:00","BZN|PL","Without Sequence","105.75","",""
"14/03/2023 06:00:00 - 14/03/2023 07:00:00","BZN|PL","Without Sequence","105.96","",""
"14/03/2023 07:00:00 - 14/03/2023 08:00:00","BZN|PL","Without Sequence","105.92","",""
"14/03/2023 08:00:00 - 14/03/2023 09:00:00","BZN|PL","Without Sequence","89.86","",""
"14/03/2023 09:00:00 - 14/03/2023 10:00:00","BZN|PL","Without Sequence","76.69","",""
"14/03/2023 10:00:00 - 14/03/2023 11:00:00","BZN|PL","Without Sequence","60.94","",""
"14/03/2023 11:00:00 - 14/03/2023 12:00:00","BZN|PL","Without Sequence","53.26","",""
"14/03/2023 12:00:00 - 14/03/2023 13:00:00","BZN|PL","Without Sequence","62.97","",""
"14/03/2023 13:00:00 - 14/03/2023 14:00:00","BZN|PL","Without Sequence","75.79","",""
"14/03/2023 14:00:00 - 14/03/2023 15:00:00","BZN|PL","Without Sequence","96.86","",""
"14/03/2023 15:00:00 - 14/03/2023 16:00:00","BZN|PL","Without Sequence","111.91","",""
"14/03/2023 16:00:00 - 14/03/2023 17:00:00","BZN|PL","Without Sequence","126.21","",""
"14/03/2023 17:00:00 - 14/03/2023 18:00:00","BZN|PL","Without Sequence","132.10","",""
"14/03/2023 18:00:00 - 14/03/2023 19:00:00","BZN|PL","Without Sequence","150.57","",""
"14/03/2023 19:00:00 - 14/03/2023 20:00:00","BZN|PL","Without Sequence","132.10","",""
"14/03/2023 20:00:00 - 14/03/2023 21:00:00","BZN|PL","Without Sequence","121.17","",""
"14/03/2023 21:00:00 - 14/03/2023 22:00:00","BZN|PL","Without Sequence","116.39","",""
"14/03/2023 22:00:00 - 14/03/2023 23:00:00","BZN|PL","Without Sequence","106.80","",""
"14/03/2023 23:00:00 - 15/03/2023 00:00:00","BZN|PL","Without Sequence","103.14","",""
"15/03/2023 00:00:00 - 15/03/2023 01:00:00","BZN|PL","Without Sequence","102.82","",""
"15/03/2023 01:00:00 - 15/03/2023 02:00:00","BZN|PL","Without Sequence","102.24","",""
"15/03/2023 02:00:00 - 15/03/2023 03:00:00","BZN|PL","Without Sequence","101.55","",""
"15/03/2023 03:00:00 - 15/03/2023 04:00:00","BZN|PL","Without Sequence","101.68","",""
"15/03/2023 04:00:00 - 15/03/2023 05:00:00","BZN|PL","Without Sequence","116.97","",""
"15/03/2023 05:00:00 - 15/03/2023 06:00:00","BZN|PL","Without Sequence","137.20","",""
"15/03/2023 06:00:00 - 15/03/2023 07:00:00","BZN|PL","Without Sequence","139.73","",""
"15/03/2023 07:00:00 - 15/03/2023 08:00:00","BZN|PL","Without Sequence","147.69","",""
"15/03/2023 08:00:00 - 15/03/2023 09:00:00","BZN|PL","Without Sequence","123.25","",""
"15/03/2023 09:00:00 - 15/03/2023 10:00:00","BZN|PL","Without Sequence","105.04","",""
"15/03/2023 10:00:00 - 15/03/2023 11:00:00","BZN|PL","Without Sequence","101.36","",""
"15/03/2023 11:00:00 - 15/03/2023 12:00:00","BZN|PL","Without Sequence","94.73","",""
"15/03/2023 12:00:00 - 15/03/2023 13:00:00","BZN|PL","Without Sequence","98.07","",""
"15/03/2023 13:00:00 - 15/03/2023 14:00:00","BZN|PL","Without Sequence","98.56","",""
"15/03/2023 14:00:00 - 15/03/2023 15:00:00","BZN|PL","Without Sequence","104.35","",""
"15/03/2023 15:00:00 - 15/03/2023 16:00:00","BZN|PL","Without Sequence","124.05","",""
"15/03/2023 16:00:00 - 15/03/2023 17:00:00","BZN|PL","Without Sequence","150.80","",""
"15/03/2023 17:00:00 - 15/03/2023 18:00:00","BZN|PL","Without Sequence","182.30","",""
"15/03/2023 18:00:00 - 15/03/2023 19:00:00","BZN|PL","Without Sequence","199.30","",""
"15/03/2023 19:00:00 - 15/03/2023 20:00:00","BZN|PL","Without Sequence","169.60","",""
"15/03/2023 20:00:00 - 15/03/2023 21:00:00","BZN|PL","Without Sequence","147.36","",""
"15/03/2023 21:00:00 - 15/03/2023 22:00:00","BZN|PL","Without Sequence","139.35","",""
"15/03/2023 22:00:00 - 15/03/2023 23:00:00","BZN|PL","Without Sequence","127.63","",""
"15/03/2023 23:00:00 - 16/03/2023 00:00:00","BZN|PL","Without Sequence","117.39","",""
"16/03/2023 00:00:00 - 16/03/2023 01:00:00","BZN|PL","Without Sequence","116.88","",""
"16/03/2023 01:00:00 - 16/03/2023 02:00:00","BZN|PL","Without Sequence","116.85","",""
"16/03/2023 02:00:00 - 16/03/2023 03:00:00","BZN|PL","Without Sequence","116.86","",""
"16/03/2023 03:00:00 - 16/03/2023 04:00:00","BZN|PL","Without Sequence","116.97","",""
"16/03/2023 04:00:00 - 16/03/2023 05:00:00","BZN|PL","Without Sequence","117.91","",""
"16/03/2023 05:00:00 - 16/03/2023 06:00:00","BZN|PL","Without Sequence","130.31","",""
"16/03/2023 06:00:00 - 16/03/2023 07:00:00","BZN|PL","Without Sequence","142.35","",""
"16/03/2023 07:00:00 - 16/03/2023 08:00:00","BZN|PL","Without Sequence","138.03","",""
"16/03/2023 08:00:00 - 16/03/2023 09:00:00","BZN|PL","Without Sequence","117.12","",""
"16/03/2023 09:00:00 - 16/03/2023 10:00:00","BZN|PL","Without Sequence","103.20","",""
"16/03/2023 10:00:00 - 16/03/2023 11:00:00","BZN|PL","Without Sequence","93.44","",""
"16/03/2023 11:00:00 - 16/03/2023 12:00:00","BZN|PL","Without Sequence","95.78","",""
"16/03/2023 12:00:00 - 16/03/2023 13:00:00","BZN|PL","Without Sequence","105.17","",""
"16/03/2023 13:00:00 - 16/03/2023 14:00:00","BZN|PL","Without Sequence","111.51","",""
"16/03/2023 14:00:00 - 16/03/2023 15:00:00","BZN|PL","Without Sequence","116.36","",""
"16/03/2023 15:00:00 - 16/03/2023 16:00:00","BZN|PL","Without Sequence","138.10","",""
"16/03/2023 16:00:00 - 16/03/2023 17:00:00","BZN|PL","Without Sequence","169.10","",""
"16/03/2023 17:00:00 - 16/03/2023 18:00:00","BZN|PL","Without Sequence","179.72","",""
"16/03/2023 18:00:00 - 16/03/2023 19:00:00","BZN|PL","Without Sequence","183.36","",""
"16/03/2023 19:00:00 - 16/03/2023 20:00:00","BZN|PL","Without Sequence","173.35","",""
"16/03/2023 20:00:00 - 16/03/2023 21:00:00","BZN|PL","Without Sequence","149.78","",""
"16/03/2023 21:00:00 - 16/03/2023 22:00:00","BZN|PL","Without Sequence","128.58","",""
"16/03/2023 22:00:00 - 16/03/2023 23:00:00","BZN|PL","Without Sequence","117.00","",""
"16/03/2023 23:00:00 - 17/03/2023 00:00:00","BZN|PL","Without Sequence","108.56","",""
"17/03/2023 00:00:00 - 17/03/2023 01:00:00","BZN|PL","Without Sequence","109.28","",""
"17/03/2023 01:00:00 - 17/03/2023 02:00:00","BZN|PL","Without Sequence","109.51","",""
"17/03/2023 02:00:00 - 17/03/2023 03:00:00","BZN|PL","Without Sequence","109.43","",""
"17/03/2023 03:00:00 - 17/03/2023 04:00:00","BZN|PL","Without Sequence","109.52","",""
"17/03/2023 04:00:00 - 17/03/2023 05:00:00","BZN|PL","Without Sequence","109.47","",""
"17/03/2023 05:00:00 - 17/03/2023 06:00:00","BZN|PL","Without Sequence","112.59","",""
"17/03/2023 06:00:00 - 17/03/2023 07:00:00","BZN|PL","Without Sequence","113.89","",""
"17/03/2023 07:00:00 - 17/03/2023 08:00:00","BZN|PL","Without Sequence","105.24","",""
"17/03/2023 08:00:00 - 17/03/2023 09:00:00","BZN|PL","Without Sequence","88.83","",""
"17/03/2023 09:00:00 - 17/03/2023 10:00:00","BZN|PL","Without Sequence","77.72","",""
"17/03/2023 10:00:00 - 17/03/2023 11:00:00","BZN|PL","Without Sequence","73.41","",""
"17/03/2023 11:00:00 - 17/03/2023 12:00:00","BZN|PL","Without Sequence","73.27","",""
"17/03/2023 12:00:00 - 17/03/2023 13:00:00","BZN|PL","Without Sequence","74.48","",""
"17/03/2023 13:00:00 - 17/03/2023 14:00:00","BZN|PL","Without Sequence","86.25","",""
"17/03/2023 14:00:00 - 17/03/2023 15:00:00","BZN|PL","Without Sequence","99.03","",""
"17/03/2023 15:00:00 - 17/03/2023 16:00:00","BZN|PL","Without Sequence","109.54","",""
"17/03/2023 16:00:00 - 17/03/2023 17:00:00","BZN|PL","Without Sequence","123.30","",""
"17/03/2023 17:00:00 - 17/03/2023 18:00:00","BZN|PL","Without Sequence","125.69","",""
"17/03/2023 18:00:00 - 17/03/2023 19:00:00","BZN|PL","Without Sequence","125.49","",""
"17/03/2023 19:00:00 - 17/03/2023 20:00:00","BZN|PL","Without Sequence","114.52","",""
"17/03/2023 20:00:00 - 17/03/2023 21:00:00","BZN|PL","Without Sequence","106.37","",""
"17/03/2023 21:00:00 - 17/03/2023 22:00:00","BZN|PL","Without Sequence","106.59","",""
"17/03/2023 22:00:00 - 17/03/2023 23:00:00","BZN|PL","Without Sequence","101.11","",""
"17/03/2023 23:00:00 - 18/03/2023 00:00:00","BZN|PL","Without Sequence","106.63","",""
"18/03/2023 00:00:00 - 18/03/2023 01:00:00","BZN|PL","Without Sequence","98.67","",""
"18/03/2023 01:00:00 - 18/03/2023 02:00:00","BZN|PL","Without Sequence","96.90","",""
"18/03/2023 02:00:00 - 18/03/2023 03:00:00","BZN|PL","Without Sequence","95.00","",""
"18/03/2023 03:00:00 - 18/03/2023 04:00:00","BZN|PL","Without Sequence","96.18","",""
"18/03/2023 04:00:00 - 18/03/2023 05:00:00","BZN|PL","Without Sequence","99.80","",""
"18/03/2023 05:00:00 - 18/03/2023 06:00:00","BZN|PL","Without Sequence","103.50","",""
"18/03/2023 06:00:00 - 18/03/2023 07:00:00","BZN|PL","Without Sequence","105.43","",""
"18/03/2023 07:00:00 - 18/03/2023 08:00:00","BZN|PL","Without Sequence","93.26","",""
"18/03/2023 08:00:00 - 18/03/2023 09:00:00","BZN|PL","Without Sequence","95.78","",""
"18/03/2023 09:00:00 - 18/03/2023 10:00:00","BZN|PL","Without Sequence","90.30","",""
"18/03/2023 10:00:00 - 18/03/2023 11:00:00","BZN|PL","Without Sequence","87.92","",""
"18/03/2023 11:00:00 - 18/03/2023 12:00:00","BZN|PL","Without Sequence","89.69","",""
"18/03/2023 12:00:00 - 18/03/2023 13:00:00","BZN|PL","Without Sequence","95.99","",""
"18/03/2023 13:00:00 - 18/03/2023 14:00:00","BZN|PL","Without Sequence","107.54","",""
"18/03/2023 14:00:00 - 18/03/2023 15:00:00","BZN|PL","Without Sequence","112.27","",""
"18/03/2023 15:00:00 - 18/03/2023 16:00:00","BZN|PL","Without Sequence","116.83","",""
"18/03/2023 16:00:00 - 18/03/2023 17:00:00","BZN|PL","Without Sequence","130.74","",""
"18/03/2023 17:00:00 - 18/03/2023 18:00:00","BZN|PL","Without Sequence","144.00","",""
"18/03/2023 18:00:00 - 18/03/2023 19:00:00","BZN|PL","Without Sequence","143.94","",""
"18/03/2023 19:00:00 - 18/03/2023 20:00:00","BZN|PL","Without Sequence","138.30","",""
"18/03/2023 20:00:00 - 18/03/2023 21:00:00","BZN|PL","Without Sequence","132.92","",""
"18/03/2023 21:00:00 - 18/03/2023 22:00:00","BZN|PL","Without Sequence","129.95","",""
"18/03/2023 22:00:00 - 18/03/2023 23:00:00","BZN|PL","Without Sequence","118.46","",""
"18/03/2023 23:00:00 - 19/03/2023 00:00:00","BZN|PL","Without Sequence","110.03","",""
"19/03/2023 00:00:00 - 19/03/2023 01:00:00","BZN|PL","Without Sequence","106.00","",""
"19/03/2023 01:00:00 - 19/03/2023 02:00:00","BZN|PL","Without Sequence","107.38","",""
"19/03/2023 02:00:00 - 19/03/2023 03:00:00","BZN|PL","Without Sequence","107.35","",""
"19/03/2023 03:00:00 - 19/03/2023 04:00:00","BZN|PL","Without Sequence","103.30","",""
"19/03/2023 04:00:00 - 19/03/2023 05:00:00","BZN|PL","Without Sequence","107.05","",""
"19/03/2023 05:00:00 - 19/03/2023 06:00:00","BZN|PL","Without Sequence","108.24","",""
"19/03/2023 06:00:00 - 19/03/2023 07:00:00","BZN|PL","Without Sequence","108.22","",""
"19/03/2023 07:00:00 - 19/03/2023 08:00:00","BZN|PL","Without Sequence","101.44","",""
"19/03/2023 08:00:00 - 19/03/2023 09:00:00","BZN|PL","Without Sequence","102.26","",""
"19/03/2023 09:00:00 - 19/03/2023 10:00:00","BZN|PL","Without Sequence","94.83","",""
"19/03/2023 10:00:00 - 19/03/2023 11:00:00","BZN|PL","Without Sequence","94.63","",""
"19/03/2023 11:00:00 - 19/03/2023 12:00:00","BZN|PL","Without Sequence","94.98","",""
"19/03/2023 12:00:00 - 19/03/2023 13:00:00","BZN|PL","Without Sequence","94.04","",""
"19/03/2023 13:00:00 - 19/03/2023 14:00:00","BZN|PL","Without Sequence","97.07","",""
"19/03/2023 14:00:00 - 19/03/2023 15:00:00","BZN|PL","Without Sequence","108.33","",""
"19/03/2023 15:00:00 - 19/03/2023 16:00:00","BZN|PL","Without Sequence","112.41","",""
"19/03/2023 16:00:00 - 19/03/2023 17:00:00","BZN|PL","Without Sequence","133.17","",""
"19/03/2023 17:00:00 - 19/03/2023 18:00:00","BZN|PL","Without Sequence","145.00","",""
"19/03/2023 18:00:00 - 19/03/2023 19:00:00","BZN|PL","Without Sequence","152.91","",""
"19/03/2023 19:00:00 - 19/03/2023 20:00:00","BZN|PL","Without Sequence","144.71","",""
"19/03/2023 20:00:00 - 19/03/2023 21:00:00","BZN|PL","Without Sequence","135.27","",""
"19/03/2023 21:00:00 - 19/03/2023 22:00:00","BZN|PL","Without Sequence","132.90","",""
"19/03/2023 22:00:00 - 19/03/2023 23:00:00","BZN|PL","Without Sequence","114.09","",""
"19/03/2023 23:00:00 - 20/03/2023 00:00:00","BZN|PL","Without Sequence","124.00","",""
"20/03/2023 00:00:00 - 20/03/2023 01:00:00","BZN|PL","Without Sequence","114.94","",""
"20/03/2023 01:00:00 - 20/03/2023 02:00:00","BZN|PL","Without Sequence","113.06","",""
"20/03/2023 02:00:00 - 20/03/2023 03:00:00","BZN|PL","Without Sequence","114.95","",""
"20/03/2023 03:00:00 - 20/03/2023 04:00:00","BZN|PL","Without Sequence","112.55","",""
"20/03/2023 04:00:00 - 20/03/2023 05:00:00","BZN|PL","Without Sequence","127.05","",""
"20/03/2023 05:00:00 - 20/03/2023 06:00:00","BZN|PL","Without Sequence","157.53","",""
"20/03/2023 06:00:00 - 20/03/2023 07:00:00","BZN|PL","Without Sequence","165.41","",""
"20/03/2023 07:00:00 - 20/03/2023 08:00:00","BZN|PL","Without Sequence","154.47","",""
"20/03/2023 08:00:00 - 20/03/2023 09:00:00","BZN|PL","Without Sequence","137.56","",""
"20/03/2023 09:00:00 - 20/03/2023 10:00:00","BZN|PL","Without Sequence","122.75","",""
"20/03/2023 10:00:00 - 20/03/2023 11:00:00","BZN|PL","Without Sequence","115.79","",""
"20/03/2023 11:00:00 - 20/03/2023 12:00:00","BZN|PL","Without Sequence","108.03","",""
"20/03/2023 12:00:00 - 20/03/2023 13:00:00","BZN|PL","Without Sequence","108.06","",""
"20/03/2023 13:00:00 - 20/03/2023 14:00:00","BZN|PL","Without Sequence","112.95","",""
"20/03/2023 14:00:00 - 20/03/2023 15:00:00","BZN|PL","Without Sequence","115.56","",""
"20/03/2023 15:00:00 - 20/03/2023 16:00:00","BZN|PL","Without Sequence","126.15","",""
"20/03/2023 16:00:00 - 20/03/2023 17:00:00","BZN|PL","Without Sequence","159.85","",""
"20/03/2023 17:00:00 - 20/03/2023 18:00:00","BZN|PL","Without Sequence","152.89","",""
"20/03/2023 18:00:00 - 20/03/2023 19:00:00","BZN|PL","Without Sequence","165.47","",""
"20/03/2023 19:00:00 - 20/03/2023 20:00:00","BZN|PL","Without Sequence","152.36","",""
"20/03/2023 20:00:00 - 20/03/2023 21:00:00","BZN|PL","Without Sequence","141.91","",""
"20/03/2023 21:00:00 - 20/03/2023 22:00:00","BZN|PL","Without Sequence","135.35","",""
"20/03/2023 22:00:00 - 20/03/2023 23:00:00","BZN|PL","Without Sequence","128.04","",""
"20/03/2023 23:00:00 - 21/03/2023 00:00:00","BZN|PL","Without Sequence","120.79","",""
"21/03/2023 00:00:00 - 21/03/2023 01:00:00","BZN|PL","Without Sequence","112.28","",""
"21/03/2023 01:00:00 - 21/03/2023 02:00:00","BZN|PL","Without Sequence","115.30","",""
"21/03/2023 02:00:00 - 21/03/2023 03:00:00","BZN|PL","Without Sequence","108.65","",""
"21/03/2023 03:00:00 - 21/03/2023 04:00:00","BZN|PL","Without Sequence","110.00","",""
"21/03/2023 04:00:00 - 21/03/2023 05:00:00","BZN|PL","Without Sequence","118.21","",""
"21/03/2023 05:00:00 - 21/03/2023 06:00:00","BZN|PL","Without Sequence","143.41","",""
"21/03/2023 06:00:00 - 21/03/2023 07:00:00","BZN|PL","Without Sequence","153.88","",""
"21/03/2023 07:00:00 - 21/03/2023 08:00:00","BZN|PL","Without Sequence","153.88","",""
"21/03/2023 08:00:00 - 21/03/2023 09:00:00","BZN|PL","Without Sequence","138.16","",""
"21/03/2023 09:00:00 - 21/03/2023 10:00:00","BZN|PL","Without Sequence","120.02","",""
"21/03/2023 10:00:00 - 21/03/2023 11:00:00","BZN|PL","Without Sequence","124.24","",""
"21/03/2023 11:00:00 - 21/03/2023 12:00:00","BZN|PL","Without Sequence","127.32","",""
"21/03/2023 12:00:00 - 21/03/2023 13:00:00","BZN|PL","Without Sequence","128.40","",""
"21/03/2023 13:00:00 - 21/03/2023 14:00:00","BZN|PL","Without Sequence","128.40","",""
"21/03/2023 14:00:00 - 21/03/2023 15:00:00","BZN|PL","Without Sequence","134.70","",""
"21/03/2023 15:00:00 - 21/03/2023 16:00:00","BZN|PL","Without Sequence","159.41","",""
"21/03/2023 16:00:00 - 21/03/2023 17:00:00","BZN|PL","Without Sequence","169.74","",""
"21/03/2023 17:00:00 - 21/03/2023 18:00:00","BZN|PL","Without Sequence","175.22","",""
"21/03/2023 18:00:00 - 21/03/2023 19:00:00","BZN|PL","Without Sequence","174.06","",""
"21/03/2023 19:00:00 - 21/03/2023 20:00:00","BZN|PL","Without Sequence","168.38","",""
"21/03/2023 20:00:00 - 21/03/2023 21:00:00","BZN|PL","Without Sequence","148.51","",""
"21/03/2023 21:00:00 - 21/03/2023 22:00:00","BZN|PL","Without Sequence","115.88","",""
"21/03/2023 22:00:00 - 21/03/2023 23:00:00","BZN|PL","Without Sequence","106.11","",""
"21/03/2023 23:00:00 - 22/03/2023 00:00:00","BZN|PL","Without Sequence","115.34","",""
"22/03/2023 00:00:00 - 22/03/2023 01:00:00","BZN|PL","Without Sequence","112.38","",""
"22/03/2023 01:00:00 - 22/03/2023 02:00:00","BZN|PL","Without Sequence","112.08","",""
"22/03/2023 02:00:00 - 22/03/2023 03:00:00","BZN|PL","Without Sequence","111.62","",""
"22/03/2023 03:00:00 - 22/03/2023 04:00:00","BZN|PL","Without Sequence","112.44","",""
"22/03/2023 04:00:00 - 22/03/2023 05:00:00","BZN|PL","Without Sequence","107.11","",""
"22/03/2023 05:00:00 - 22/03/2023 06:00:00","BZN|PL","Without Sequence","113.49","",""
"22/03/2023 06:00:00 - 22/03/2023 07:00:00","BZN|PL","Without Sequence","112.80","",""
"22/03/2023 07:00:00 - 22/03/2023 08:00:00","BZN|PL","Without Sequence","112.77","",""
"22/03/2023 08:00:00 - 22/03/2023 09:00:00","BZN|PL","Without Sequence","104.29","",""
"22/03/2023 09:00:00 - 22/03/2023 10:00:00","BZN|PL","Without Sequence","111.60","",""
"22/03/2023 10:00:00 - 22/03/2023 11:00:00","BZN|PL","Without Sequence","112.01","",""
"22/03/2023 11:00:00 - 22/03/2023 12:00:00","BZN|PL","Without Sequence","112.08","",""
"22/03/2023 12:00:00 - 22/03/2023 13:00:00","BZN|PL","Without Sequence","112.52","",""
"22/03/2023 13:00:00 - 22/03/2023 14:00:00","BZN|PL","Without Sequence","112.12","",""
"22/03/2023 14:00:00 - 22/03/2023 15:00:00","BZN|PL","Without Sequence","121.57","",""
"22/03/2023 15:00:00 - 22/03/2023 16:00:00","BZN|PL","Without Sequence","123.92","",""
"22/03/2023 16:00:00 - 22/03/2023 17:00:00","BZN|PL","Without Sequence","149.00","",""
"22/03/2023 17:00:00 - 22/03/2023 18:00:00","BZN|PL","Without Sequence","151.88","",""
"22/03/2023 18:00:00 - 22/03/2023 19:00:00","BZN|PL","Without Sequence","143.46","",""
"22/03/2023 19:00:00 - 22/03/2023 20:00:00","BZN|PL","Without Sequence","129.12","",""
"22/03/2023 20:00:00 - 22/03/2023 21:00:00","BZN|PL","Without Sequence","112.22","",""
"22/03/2023 21:00:00 - 22/03/2023 22:00:00","BZN|PL","Without Sequence","106.43","",""
"22/03/2023 22:00:00 - 22/03/2023 23:00:00","BZN|PL","Without Sequence","112.02","",""
"22/03/2023 23:00:00 - 23/03/2023 00:00:00","BZN|PL","Without Sequence","106.91","",""
"23/03/2023 00:00:00 - 23/03/2023 01:00:00","BZN|PL","Without Sequence","101.35","",""
"23/03/2023 01:00:00 - 23/03/2023 02:00:00","BZN|PL","Without Sequence","99.27","",""
"23/03/2023 02:00:00 - 23/03/2023 03:00:00","BZN|PL","Without Sequence","102.33","",""
"23/03/2023 03:00:00 - 23/03/2023 04:00:00","BZN|PL","Without Sequence","109.05","",""
"23/03/2023 04:00:00 - 23/03/2023 05:00:00","BZN|PL","Without Sequence","112.02","",""
"23/03/2023 05:00:00 - 23/03/2023 06:00:00","BZN|PL","Without Sequence","112.59","",""
"23/03/2023 06:00:00 - 23/03/2023 07:00:00","BZN|PL","Without Sequence","109.83","",""
"23/03/2023 07:00:00 - 23/03/2023 08:00:00","BZN|PL","Without Sequence","106.22","",""
"23/03/2023 08:00:00 - 23/03/2023 09:00:00","BZN|PL","Without Sequence","106.76","",""
"23/03/2023 09:00:00 - 23/03/2023 10:00:00","BZN|PL","Without Sequence","100.19","",""
"23/03/2023 10:00:00 - 23/03/2023 11:00:00","BZN|PL","Without Sequence","97.44","",""
"23/03/2023 11:00:00 - 23/03/2023 12:00:00","BZN|PL","Without Sequence","97.15","",""
"23/03/2023 12:00:00 - 23/03/2023 13:00:00","BZN|PL","Without Sequence","97.23","",""
"23/03/2023 13:00:00 - 23/03/2023 14:00:00","BZN|PL","Without Sequence","104.04","",""
"23/03/2023 14:00:00 - 23/03/2023 15:00:00","BZN|PL","Without Sequence","111.85","",""
"23/03/2023 15:00:00 - 23/03/2023 16:00:00","BZN|PL","Without Sequence","113.23","",""
"23/03/2023 16:00:00 - 23/03/2023 17:00:00","BZN|PL","Without Sequence","121.21","",""
"23/03/2023 17:00:00 - 23/03/2023 18:00:00","BZN|PL","Without Sequence","135.13","",""
"23/03/2023 18:00:00 - 23/03/2023 19:00:00","BZN|PL","Without Sequence","143.04","",""
"23/03/2023 19:00:00 - 23/03/2023 20:00:00","BZN|PL","Without Sequence","125.73","",""
"23/03/2023 20:00:00 - 23/03/2023 21:00:00","BZN|PL","Without Sequence","121.66","",""
"23/03/2023 21:00:00 - 23/03/2023 22:00:00","BZN|PL","Without Sequence","111.46","",""
"23/03/2023 22:00:00 - 23/03/2023 23:00:00","BZN|PL","Without Sequence","111.49","",""
"23/03/2023 23:00:00 - 24/03/2023 00:00:00","BZN|PL","Without Sequence","112.82","",""
"24/03/2023 00:00:00 - 24/03/2023 01:00:00","BZN|PL","Without Sequence","108.88","",""
"24/03/2023 01:00:00 - 24/03/2023 02:00:00","BZN|PL","Without Sequence","106.70","",""
"24/03/2023 02:00:00 - 24/03/2023 03:00:00","BZN|PL","Without Sequence","105.42","",""
"24/03/2023 03:00:00 - 24/03/2023 04:00:00","BZN|PL","Without Sequence","112.84","",""
"24/03/2023 04:00:00 - 24/03/2023 05:00:00","BZN|PL","Without Sequence","106.89","",""
"24/03/2023 05:00:00 - 24/03/2023 06:00:00","BZN|PL","Without Sequence","112.04","",""
"24/03/2023 06:00:00 - 24/03/2023 07:00:00","BZN|PL","Without Sequence","113.24","",""
"24/03/2023 07:00:00 - 24/03/2023 08:00:00","BZN|PL","Without Sequence","108.04","",""
"24/03/2023 08:00:00 - 24/03/2023 09:00:00","BZN|PL","Without Sequence","105.91","",""
"24/03/2023 09:00:00 - 24/03/2023 10:00:00","BZN|PL","Without Sequence","101.05","",""
"24/03/2023 10:00:00 - 24/03/2023 11:00:00","BZN|PL","Without Sequence","94.97","",""
"24/03/2023 11:00:00 - 24/03/2023 12:00:00","BZN|PL","Without Sequence","94.97","",""
"24/03/2023 12:00:00 - 24/03/2023 13:00:00","BZN|PL","Without Sequence","99.81","",""
"24/03/2023 13:00:00 - 24/03/2023 14:00:00","BZN|PL","Without Sequence","99.88","",""
"24/03/2023 14:00:00 - 24/03/2023 15:00:00","BZN|PL","Without Sequence","107.16","",""
"24/03/2023 15:00:00 - 24/03/2023 16:00:00","BZN|PL","Without Sequence","110.55","",""
"24/03/2023 16:00:00 - 24/03/2023 17:00:00","BZN|PL","Without Sequence","106.72","",""
"24/03/2023 17:00:00 - 24/03/2023 18:00:00","BZN|PL","Without Sequence","112.02","",""
"24/03/2023 18:00:00 - 24/03/2023 19:00:00","BZN|PL","Without Sequence","116.23","",""
"24/03/2023 19:00:00 - 24/03/2023 20:00:00","BZN|PL","Without Sequence","107.71","",""
"24/03/2023 20:00:00 - 24/03/2023 21:00:00","BZN|PL","Without Sequence","104.37","",""
"24/03/2023 21:00:00 - 24/03/2023 22:00:00","BZN|PL","Without Sequence","113.19","",""
"24/03/2023 22:00:00 - 24/03/2023 23:00:00","BZN|PL","Without Sequence","109.70","",""
"24/03/2023 23:00:00 - 25/03/2023 00:00:00","BZN|PL","Without Sequence","104.51","",""
"25/03/2023 00:00:00 - 25/03/2023 01:00:00","BZN|PL","Without Sequence","103.07","",""
"25/03/2023 01:00:00 - 25/03/2023 02:00:00","BZN|PL","Without Sequence","107.05","",""
"25/03/2023 02:00:00 - 25/03/2023 03:00:00","BZN|PL","Without Sequence","105.67","",""
"25/03/2023 03:00:00 - 25/03/2023 04:00:00","BZN|PL","Without Sequence","108.98","",""
"25/03/2023 04:00:00 - 25/03/2023 05:00:00","BZN|PL","Without Sequence","109.28","",""
"25/03/2023 05:00:00 - 25/03/2023 06:00:00","BZN|PL","Without Sequence","106.63","",""
"25/03/2023 06:00:00 - 25/03/2023 07:00:00","BZN|PL","Without Sequence","105.13","",""
"25/03/2023 07:00:00 - 25/03/2023 08:00:00","BZN|PL","Without Sequence","103.85","",""
"25/03/2023 08:00:00 - 25/03/2023 09:00:00","BZN|PL","Without Sequence","108.47","",""
"25/03/2023 09:00:00 - 25/03/2023 10:00:00","BZN|PL","Without Sequence","109.35","",""
"25/03/2023 10:00:00 - 25/03/2023 11:00:00","BZN|PL","Without Sequence","108.47","",""
"25/03/2023 11:00:00 - 25/03/2023 12:00:00","BZN|PL","Without Sequence","108.11","",""
"25/03/2023 12:00:00 - 25/03/2023 13:00:00","BZN|PL","Without Sequence","107.52","",""
"25/03/2023 13:00:00 - 25/03/2023 14:00:00","BZN|PL","Without Sequence","103.36","",""
"25/03/2023 14:00:00 - 25/03/2023 15:00:00","BZN|PL","Without Sequence","101.16","",""
"25/03/2023 15:00:00 - 25/03/2023 16:00:00","BZN|PL","Without Sequence","108.80","",""
"25/03/2023 16:00:00 - 25/03/2023 17:00:00","BZN|PL","Without Sequence","106.65","",""
"25/03/2023 17:00:00 - 25/03/2023 18:00:00","BZN|PL","Without Sequence","110.62","",""
"25/03/2023 18:00:00 - 25/03/2023 19:00:00","BZN|PL","Without Sequence","116.48","",""
"25/03/2023 19:00:00 - 25/03/2023 20:00:00","BZN|PL","Without Sequence","118.74","",""
"25/03/2023 20:00:00 - 25/03/2023 21:00:00","BZN|PL","Without Sequence","111.04","",""
"25/03/2023 21:00:00 - 25/03/2023 22:00:00","BZN|PL","Without Sequence","109.09","",""
"25/03/2023 22:00:00 - 25/03/2023 23:00:00","BZN|PL","Without Sequence","95.59","",""
"25/03/2023 23:00:00 - 26/03/2023 00:00:00","BZN|PL","Without Sequence","74.46","",""
"26/03/2023 00:00:00 - 26/03/2023 01:00:00","BZN|PL","Without Sequence","48.56","",""
"26/03/2023 01:00:00 - 26/03/2023 02:00:00","BZN|PL","Without Sequence","42.96","",""
"26/03/2023 02:00:00 - 26/03/2023 03:00:00","BZN|PL","Without Sequence","53.31","",""
"26/03/2023 03:00:00 - 26/03/2023 04:00:00","BZN|PL","Without Sequence","53.32","",""
"26/03/2023 04:00:00 - 26/03/2023 05:00:00","BZN|PL","Without Sequence","63.49","",""
"26/03/2023 05:00:00 - 26/03/2023 06:00:00","BZN|PL","Without Sequence","73.09","",""
"26/03/2023 06:00:00 - 26/03/2023 07:00:00","BZN|PL","Without Sequence","63.89","",""
"26/03/2023 07:00:00 - 26/03/2023 08:00:00","BZN|PL","Without Sequence","77.25","",""
"26/03/2023 08:00:00 - 26/03/2023 09:00:00","BZN|PL","Without Sequence","70.65","",""
"26/03/2023 09:00:00 - 26/03/2023 10:00:00","BZN|PL","Without Sequence","72.82","",""
"26/03/2023 10:00:00 - 26/03/2023 11:00:00","BZN|PL","Without Sequence","46.37","",""
"26/03/2023 11:00:00 - 26/03/2023 12:00:00","BZN|PL","Without Sequence","43.30","",""
"26/03/2023 12:00:00 - 26/03/2023 13:00:00","BZN|PL","Without Sequence","44.25","",""
"26/03/2023 13:00:00 - 26/03/2023 14:00:00","BZN|PL","Without Sequence","43.08","",""
"26/03/2023 14:00:00 - 26/03/2023 15:00:00","BZN|PL","Without Sequence","55.78","",""
"26/03/2023 15:00:00 - 26/03/2023 16:00:00","BZN|PL","Without Sequence","98.30","",""
"26/03/2023 16:00:00 - 26/03/2023 17:00:00","BZN|PL","Without Sequence","108.90","",""
"26/03/2023 17:00:00 - 26/03/2023 18:00:00","BZN|PL","Without Sequence","117.86","",""
"26/03/2023 18:00:00 - 26/03/2023 19:00:00","BZN|PL","Without Sequence","112.59","",""
"26/03/2023 19:00:00 - 26/03/2023 20:00:00","BZN|PL","Without Sequence","104.63","",""
"26/03/2023 20:00:00 - 26/03/2023 21:00:00","BZN|PL","Without Sequence","99.42","",""
"26/03/2023 21:00:00 - 26/03/2023 22:00:00","BZN|PL","Without Sequence","94.64","",""
"26/03/2023 22:00:00 - 26/03/2023 23:00:00","BZN|PL","Without Sequence","109.16","",""
"26/03/2023 23:00:00 - 27/03/2023 00:00:00","BZN|PL","Without Sequence","108.90","",""
"27/03/2023 00:00:00 - 27/03/2023 01:00:00","BZN|PL","Without Sequence","108.80","",""
"27/03/2023 01:00:00 - 27/03/2023 02:00:00","BZN|PL","Without Sequence","108.81","",""
"27/03/2023 02:00:00 - 27/03/2023 03:00:00","BZN|PL","Without Sequence","108.80","",""
"27/03/2023 03:00:00 - 27/03/2023 04:00:00","BZN|PL","Without Sequence","108.33","",""
"27/03/2023 04:00:00 - 27/03/2023 05:00:00","BZN|PL","Without Sequence","119.21","",""
"27/03/2023 05:00:00 - 27/03/2023 06:00:00","BZN|PL","Without Sequence","142.99","",""
"27/03/2023 06:00:00 - 27/03/2023 07:00:00","BZN|PL","Without Sequence","150.43","",""
"27/03/2023 07:00:00 - 27/03/2023 08:00:00","BZN|PL","Without Sequence","121.59","",""
"27/03/2023 08:00:00 - 27/03/2023 09:00:00","BZN|PL","Without Sequence","110.15","",""
"27/03/2023 09:00:00 - 27/03/2023 10:00:00","BZN|PL","Without Sequence","108.91","",""
"27/03/2023 10:00:00 - 27/03/2023 11:00:00","BZN|PL","Without Sequence","108.55","",""
"27/03/2023 11:00:00 - 27/03/2023 12:00:00","BZN|PL","Without Sequence","108.79","",""
"27/03/2023 12:00:00 - 27/03/2023 13:00:00","BZN|PL","Without Sequence","108.80","",""
"27/03/2023 13:00:00 - 27/03/2023 14:00:00","BZN|PL","Without Sequence","106.66","",""
"27/03/2023 14:00:00 - 27/03/2023 15:00:00","BZN|PL","Without Sequence","107.81","",""
"27/03/2023 15:00:00 - 27/03/2023 16:00:00","BZN|PL","Without Sequence","106.92","",""
"27/03/2023 16:00:00 - 27/03/2023 17:00:00","BZN|PL","Without Sequence","109.65","",""
"27/03/2023 17:00:00 - 27/03/2023 18:00:00","BZN|PL","Without Sequence","127.03","",""
"27/03/2023 18:00:00 - 27/03/2023 19:00:00","BZN|PL","Without Sequence","127.93","",""
"27/03/2023 19:00:00 - 27/03/2023 20:00:00","BZN|PL","Without Sequence","108.30","",""
"27/03/2023 20:00:00 - 27/03/2023 21:00:00","BZN|PL","Without Sequence","105.93","",""
"27/03/2023 21:00:00 - 27/03/2023 22:00:00","BZN|PL","Without Sequence","105.93","",""
"27/03/2023 22:00:00 - 27/03/2023 23:00:00","BZN|PL","Without Sequence","109.99","",""
"27/03/2023 23:00:00 - 28/03/2023 00:00:00","BZN|PL","Without Sequence","109.83","",""
"28/03/2023 00:00:00 - 28/03/2023 01:00:00","BZN|PL","Without Sequence","109.77","",""
"28/03/2023 01:00:00 - 28/03/2023 02:00:00","BZN|PL","Without Sequence","106.79","",""
"28/03/2023 02:00:00 - 28/03/2023 03:00:00","BZN|PL","Without Sequence","107.04","",""
"28/03/2023 03:00:00 - 28/03/2023 04:00:00","BZN|PL","Without Sequence","110.01","",""
"28/03/2023 04:00:00 - 28/03/2023 05:00:00","BZN|PL","Without Sequence","124.35","",""
"28/03/2023 05:00:00 - 28/03/2023 06:00:00","BZN|PL","Without Sequence","112.61","",""
"28/03/2023 06:00:00 - 28/03/2023 07:00:00","BZN|PL","Without Sequence","109.74","",""
"28/03/2023 07:00:00 - 28/03/2023 08:00:00","BZN|PL","Without Sequence","109.77","",""
"28/03/2023 08:00:00 - 28/03/2023 09:00:00","BZN|PL","Without Sequence","86.40","",""
"28/03/2023 09:00:00 - 28/03/2023 10:00:00","BZN|PL","Without Sequence","84.92","",""
"28/03/2023 10:00:00 - 28/03/2023 11:00:00","BZN|PL","Without Sequence","84.87","",""
"28/03/2023 11:00:00 - 28/03/2023 12:00:00","BZN|PL","Without Sequence","91.93","",""
"28/03/2023 12:00:00 - 28/03/2023 13:00:00","BZN|PL","Without Sequence","89.14","",""
"28/03/2023 13:00:00 - 28/03/2023 14:00:00","BZN|PL","Without Sequence","94.60","",""
"28/03/2023 14:00:00 - 28/03/2023 15:00:00","BZN|PL","Without Sequence","97.72","",""
"28/03/2023 15:00:00 - 28/03/2023 16:00:00","BZN|PL","Without Sequence","108.59","",""
"28/03/2023 16:00:00 - 28/03/2023 17:00:00","BZN|PL","Without Sequence","136.87","",""
"28/03/2023 17:00:00 - 28/03/2023 18:00:00","BZN|PL","Without Sequence","138.70","",""
"28/03/2023 18:00:00 - 28/03/2023 19:00:00","BZN|PL","Without Sequence","146.47","",""
"28/03/2023 19:00:00 - 28/03/2023 20:00:00","BZN|PL","Without Sequence","131.96","",""
"28/03/2023 20:00:00 - 28/03/2023 21:00:00","BZN|PL","Without Sequence","127.11","",""
"28/03/2023 21:00:00 - 28/03/2023 22:00:00","BZN|PL","Without Sequence","110.94","",""
"28/03/2023 22:00:00 - 28/03/2023 23:00:00","BZN|PL","Without Sequence","116.41","",""
"28/03/2023 23:00:00 - 29/03/2023 00:00:00","BZN|PL","Without Sequence","110.93","",""
"29/03/2023 00:00:00 - 29/03/2023 01:00:00","BZN|PL","Without Sequence","110.66","",""
"29/03/2023 01:00:00 - 29/03/2023 02:00:00","BZN|PL","Without Sequence","110.66","",""
"29/03/2023 02:00:00 - 29/03/2023 03:00:00","BZN|PL","Without Sequence","111.95","",""
"29/03/2023 03:00:00 - 29/03/2023 04:00:00","BZN|PL","Without Sequence","120.04","",""
"29/03/2023 04:00:00 - 29/03/2023 05:00:00","BZN|PL","Without Sequence","134.56","",""
"29/03/2023 05:00:00 - 29/03/2023 06:00:00","BZN|PL","Without Sequence","144.13","",""
"29/03/2023 06:00:00 - 29/03/2023 07:00:00","BZN|PL","Without Sequence","140.94","",""
"29/03/2023 07:00:00 - 29/03/2023 08:00:00","BZN|PL","Without Sequence","132.40","",""
"29/03/2023 08:00:00 - 29/03/2023 09:00:00","BZN|PL","Without Sequence","126.91","",""
"29/03/2023 09:00:00 - 29/03/2023 10:00:00","BZN|PL","Without Sequence","115.36","",""
"29/03/2023 10:00:00 - 29/03/2023 11:00:00","BZN|PL","Without Sequence","110.74","",""
"29/03/2023 11:00:00 - 29/03/2023 12:00:00","BZN|PL","Without Sequence","105.60","",""
"29/03/2023 12:00:00 - 29/03/2023 13:00:00","BZN|PL","Without Sequence","101.55","",""
"29/03/2023 13:00:00 - 29/03/2023 14:00:00","BZN|PL","Without Sequence","104.94","",""
"29/03/2023 14:00:00 - 29/03/2023 15:00:00","BZN|PL","Without Sequence","107.82","",""
"29/03/2023 15:00:00 - 29/03/2023 16:00:00","BZN|PL","Without Sequence","128.15","",""
"29/03/2023 16:00:00 - 29/03/2023 17:00:00","BZN|PL","Without Sequence","145.11","",""
"29/03/2023 17:00:00 - 29/03/2023 18:00:00","BZN|PL","Without Sequence","160.95","",""
"29/03/2023 18:00:00 - 29/03/2023 19:00:00","BZN|PL","Without Sequence","160.88","",""
"29/03/2023 19:00:00 - 29/03/2023 20:00:00","BZN|PL","Without Sequence","138.59","",""
"29/03/2023 20:00:00 - 29/03/2023 21:00:00","BZN|PL","Without Sequence","134.32","",""
"29/03/2023 21:00:00 - 29/03/2023 22:00:00","BZN|PL","Without Sequence","123.43","",""
"29/03/2023 22:00:00 - 29/03/2023 23:00:00","BZN|PL","Without Sequence","112.16","",""
"29/03/2023 23:00:00 - 30/03/2023 00:00:00","BZN|PL","Without Sequence","111.79","",""
"30/03/2023 00:00:00 - 30/03/2023 01:00:00","BZN|PL","Without Sequence","111.83","",""
"30/03/2023 01:00:00 - 30/03/2023 02:00:00","BZN|PL","Without Sequence","111.86","",""
"30/03/2023 02:00:00 - 30/03/2023 03:00:00","BZN|PL","Without Sequence","111.87","",""
"30/03/2023 03:00:00 - 30/03/2023 04:00:00","BZN|PL","Without Sequence","111.84","",""
"30/03/2023 04:00:00 - 30/03/2023 05:00:00","BZN|PL","Without Sequence","128.22","",""
"30/03/2023 05:00:00 - 30/03/2023 06:00:00","BZN|PL","Without Sequence","133.47","",""
"30/03/2023 06:00:00 - 30/03/2023 07:00:00","BZN|PL","Without Sequence","129.30","",""
"30/03/2023 07:00:00 - 30/03/2023 08:00:00","BZN|PL","Without Sequence","122.83","",""
"30/03/2023 08:00:00 - 30/03/2023 09:00:00","BZN|PL","Without Sequence","124.34","",""
"30/03/2023 09:00:00 - 30/03/2023 10:00:00","BZN|PL","Without Sequence","132.88","",""
"30/03/2023 10:00:00 - 30/03/2023 11:00:00","BZN|PL","Without Sequence","132.42","",""
"30/03/2023 11:00:00 - 30/03/2023 12:00:00","BZN|PL","Without Sequence","127.29","",""
"30/03/2023 12:00:00 - 30/03/2023 13:00:00","BZN|PL","Without Sequence","111.85","",""
"30/03/2023 13:00:00 - 30/03/2023 14:00:00","BZN|PL","Without Sequence","111.17","",""
"30/03/2023 14:00:00 - 30/03/2023 15:00:00","BZN|PL","Without Sequence","112.83","",""
"30/03/2023 15:00:00 - 30/03/2023 16:00:00","BZN|PL","Without Sequence","128.00","",""
"30/03/2023 16:00:00 - 30/03/2023 17:00:00","BZN|PL","Without Sequence","132.29","",""
"30/03/2023 17:00:00 - 30/03/2023 18:00:00","BZN|PL","Without Sequence","133.40","",""
"30/03/2023 18:00:00 - 30/03/2023 19:00:00","BZN|PL","Without Sequence","136.53","",""
"30/03/2023 19:00:00 - 30/03/2023 20:00:00","BZN|PL","Without Sequence","117.34","",""
"30/03/2023 20:00:00 - 30/03/2023 21:00:00","BZN|PL","Without Sequence","121.35","",""
"30/03/2023 21:00:00 - 30/03/2023 22:00:00","BZN|PL","Without Sequence","111.49","",""
"30/03/2023 22:00:00 - 30/03/2023 23:00:00","BZN|PL","Without Sequence","108.49","",""
"30/03/2023 23:00:00 - 31/03/2023 00:00:00","BZN|PL","Without Sequence","106.27","",""
"31/03/2023 00:00:00 - 31/03/2023 01:00:00","BZN|PL","Without Sequence","105.48","",""
"31/03/2023 01:00:00 - 31/03/2023 02:00:00","BZN|PL","Without Sequence","106.86","",""
"31/03/2023 02:00:00 - 31/03/2023 03:00:00","BZN|PL","Without Sequence","109.07","",""
"31/03/2023 03:00:00 - 31/03/2023 04:00:00","BZN|PL","Without Sequence","124.38","",""
"31/03/2023 04:00:00 - 31/03/2023 05:00:00","BZN|PL","Without Sequence","126.99","",""
"31/03/2023 05:00:00 - 31/03/2023 06:00:00","BZN|PL","Without Sequence","132.65","",""
"31/03/2023 06:00:00 - 31/03/2023 07:00:00","BZN|PL","Without Sequence","137.51","",""
"31/03/2023 07:00:00 - 31/03/2023 08:00:00","BZN|PL","Without Sequence","132.40","",""
"31/03/2023 08:00:00 - 31/03/2023 09:00:00","BZN|PL","Without Sequence","125.16","",""
"31/03/2023 09:00:00 - 31/03/2023 10:00:00","BZN|PL","Without Sequence","123.52","",""
"31/03/2023 10:00:00 - 31/03/2023 11:00:00","BZN|PL","Without Sequence","123.52","",""
"31/03/2023 11:00:00 - 31/03/2023 12:00:00","BZN|PL","Without Sequence","124.28","",""
"31/03/2023 12:00:00 - 31/03/2023 13:00:00","BZN|PL","Without Sequence","123.51","",""
"31/03/2023 13:00:00 - 31/03/2023 14:00:00","BZN|PL","Without Sequence","128.13","",""
"31/03/2023 14:00:00 - 31/03/2023 15:00:00","BZN|PL","Without Sequence","135.05","",""
"31/03/2023 15:00:00 - 31/03/2023 16:00:00","BZN|PL","Without Sequence","136.50","",""
"31/03/2023 16:00:00 - 31/03/2023 17:00:00","BZN|PL","Without Sequence","146.37","",""
"31/03/2023 17:00:00 - 31/03/2023 18:00:00","BZN|PL","Without Sequence","157.99","",""
"31/03/2023 18:00:00 - 31/03/2023 19:00:00","BZN|PL","Without Sequence","159.49","",""
"31/03/2023 19:00:00 - 31/03/2023 20:00:00","BZN|PL","Without Sequence","121.22","",""
"31/03/2023 20:00:00 - 31/03/2023 21:00:00","BZN|PL","Without Sequence","133.52","",""
"31/03/2023 21:00:00 - 31/03/2023 22:00:00","BZN|PL","Without Sequence","124.73","",""
"31/03/2023 22:00:00 - 31/03/2023 23:00:00","BZN|PL","Without Sequence","125.37","",""
"31/03/2023 23:00:00 - 01/04/2023 00:00:00","BZN|PL","Without Sequence","125.39","",""
"01/04/2023 00:00:00 - 01/04/2023 01:00:00","BZN|PL","Without Sequence","125.40","",""
"01/04/2023 01:00:00 - 01/04/2023 02:00:00","BZN|PL","Without Sequence","125.70","",""
"01/04/2023 02:00:00 - 01/04/2023 03:00:00","BZN|PL","Without Sequence","125.66","",""
"01/04/2023 03:00:00 - 01/04/2023 04:00:00","BZN|PL","Without Sequence","125.75","",""
"01/04/2023 04:00:00 - 01/04/2023 05:00:00","BZN|PL","Without Sequence","125.71","",""
"01/04/2023 05:00:00 - 01/04/2023 06:00:00","BZN|PL","Without Sequence","125.75","",""
"01/04/2023 06:00:00 - 01/04/2023 07:00:00","BZN|PL","Without Sequence","125.74","",""
"01/04/2023 07:00:00 - 01/04/2023 08:00:00","BZN|PL","Without Sequence","124.96","",""
"01/04/2023 08:00:00 - 01/04/2023 09:00:00","BZN|PL","Without Sequence","117.53","",""
"01/04/2023 09:00:00 - 01/04/2023 10:00:00","BZN|PL","Without Sequence","108.97","",""
"01/04/2023 10:00:00 - 01/04/2023 11:00:00","BZN|PL","Without Sequence","109.43","",""
"01/04/2023 11:00:00 - 01/04/2023 12:00:00","BZN|PL","Without Sequence","116.73","",""
"01/04/2023 12:00:00 - 01/04/2023 13:00:00","BZN|PL","Without Sequence","118.54","",""
"01/04/2023 13:00:00 - 01/04/2023 14:00:00","BZN|PL","Without Sequence","122.95","",""
"01/04/2023 14:00:00 - 01/04/2023 15:00:00","BZN|PL","Without Sequence","125.71","",""
"01/04/2023 15:00:00 - 01/04/2023 16:00:00","BZN|PL","Without Sequence","124.88","",""
"01/04/2023 16:00:00 - 01/04/2023 17:00:00","BZN|PL","Without Sequence","125.40","",""
"01/04/2023 17:00:00 - 01/04/2023 18:00:00","BZN|PL","Without Sequence","125.37","",""
"01/04/2023 18:00:00 - 01/04/2023 19:00:00","BZN|PL","Without Sequence","125.76","",""
"01/04/2023 19:00:00 - 01/04/2023 20:00:00","BZN|PL","Without Sequence","125.69","",""
"01/04/2023 20:00:00 - 01/04/2023 21:00:00","BZN|PL","Without Sequence","125.39","",""
"01/04/2023 21:00:00 - 01/04/2023 22:00:00","BZN|PL","Without Sequence","106.42","",""
"01/04/2023 22:00:00 - 01/04/2023 23:00:00","BZN|PL","Without Sequence","96.28","",""
"01/04/2023 23:00:00 - 02/04/2023 00:00:00","BZN|PL","Without Sequence","89.98","",""
"02/04/2023 00:00:00 - 02/04/2023 01:00:00","BZN|PL","Without Sequence","89.06","",""
"02/04/2023 01:00:00 - 02/04/2023 02:00:00","BZN|PL","Without Sequence","87.29","",""
"02/04/2023 02:00:00 - 02/04/2023 03:00:00","BZN|PL","Without Sequence","85.00","",""
"02/04/2023 03:00:00 - 02/04/2023 04:00:00","BZN|PL","Without Sequence","83.53","",""
"02/04/2023 04:00:00 - 02/04/2023 05:00:00","BZN|PL","Without Sequence","77.05","",""
"02/04/2023 05:00:00 - 02/04/2023 06:00:00","BZN|PL","Without Sequence","81.30","",""
"02/04/2023 06:00:00 - 02/04/2023 07:00:00","BZN|PL","Without Sequence","83.12","",""
"02/04/2023 07:00:00 - 02/04/2023 08:00:00","BZN|PL","Without Sequence","91.86","",""
"02/04/2023 08:00:00 - 02/04/2023 09:00:00","BZN|PL","Without Sequence","88.70","",""
"02/04/2023 09:00:00 - 02/04/2023 10:00:00","BZN|PL","Without Sequence","64.16","",""
"02/04/2023 10:00:00 - 02/04/2023 11:00:00","BZN|PL","Without Sequence","56.14","",""
"02/04/2023 11:00:00 - 02/04/2023 12:00:00","BZN|PL","Without Sequence","47.46","",""
"02/04/2023 12:00:00 - 02/04/2023 13:00:00","BZN|PL","Without Sequence","40.09","",""
"02/04/2023 13:00:00 - 02/04/2023 14:00:00","BZN|PL","Without Sequence","36.36","",""
"02/04/2023 14:00:00 - 02/04/2023 15:00:00","BZN|PL","Without Sequence","42.87","",""
"02/04/2023 15:00:00 - 02/04/2023 16:00:00","BZN|PL","Without Sequence","59.82","",""
"02/04/2023 16:00:00 - 02/04/2023 17:00:00","BZN|PL","Without Sequence","100.41","",""
"02/04/2023 17:00:00 - 02/04/2023 18:00:00","BZN|PL","Without Sequence","107.03","",""
"02/04/2023 18:00:00 - 02/04/2023 19:00:00","BZN|PL","Without Sequence","111.23","",""
"02/04/2023 19:00:00 - 02/04/2023 20:00:00","BZN|PL","Without Sequence","109.72","",""
"02/04/2023 20:00:00 - 02/04/2023 21:00:00","BZN|PL","Without Sequence","110.55","",""
"02/04/2023 21:00:00 - 02/04/2023 22:00:00","BZN|PL","Without Sequence","109.01","",""
"02/04/2023 22:00:00 - 02/04/2023 23:00:00","BZN|PL","Without Sequence","98.63","",""
"02/04/2023 23:00:00 - 03/04/2023 00:00:00","BZN|PL","Without Sequence","100.14","",""
"03/04/2023 00:00:00 - 03/04/2023 01:00:00","BZN|PL","Without Sequence","98.84","",""
"03/04/2023 01:00:00 - 03/04/2023 02:00:00","BZN|PL","Without Sequence","98.73","",""
"03/04/2023 02:00:00 - 03/04/2023 03:00:00","BZN|PL","Without Sequence","106.94","",""
"03/04/2023 03:00:00 - 03/04/2023 04:00:00","BZN|PL","Without Sequence","121.71","",""
"03/04/2023 04:00:00 - 03/04/2023 05:00:00","BZN|PL","Without Sequence","138.25","",""
"03/04/2023 05:00:00 - 03/04/2023 06:00:00","BZN|PL","Without Sequence","131.37","",""
"03/04/2023 06:00:00 - 03/04/2023 07:00:00","BZN|PL","Without Sequence","144.56","",""
"03/04/2023 07:00:00 - 03/04/2023 08:00:00","BZN|PL","Without Sequence","111.85","",""
"03/04/2023 08:00:00 - 03/04/2023 09:00:00","BZN|PL","Without Sequence","108.11","",""
"03/04/2023 09:00:00 - 03/04/2023 10:00:00","BZN|PL","Without Sequence","111.23","",""
"03/04/2023 10:00:00 - 03/04/2023 11:00:00","BZN|PL","Without Sequence","109.15","",""
"03/04/2023 11:00:00 - 03/04/2023 12:00:00","BZN|PL","Without Sequence","112.59","",""
"03/04/2023 12:00:00 - 03/04/2023 13:00:00","BZN|PL","Without Sequence","118.74","",""
"03/04/2023 13:00:00 - 03/04/2023 14:00:00","BZN|PL","Without Sequence","121.28","",""
"03/04/2023 14:00:00 - 03/04/2023 15:00:00","BZN|PL","Without Sequence","120.14","",""
"03/04/2023 15:00:00 - 03/04/2023 16:00:00","BZN|PL","Without Sequence","116.69","",""
"03/04/2023 16:00:00 - 03/04/2023 17:00:00","BZN|PL","Without Sequence","133.77","",""
"03/04/2023 17:00:00 - 03/04/2023 18:00:00","BZN|PL","Without Sequence","158.11","",""
"03/04/2023 18:00:00 - 03/04/2023 19:00:00","BZN|PL","Without Sequence","153.23","",""
"03/04/2023 19:00:00 - 03/04/2023 20:00:00","BZN|PL","Without Sequence","138.09","",""
"03/04/2023 20:00:00 - 03/04/2023 21:00:00","BZN|PL","Without Sequence","131.10","",""
"03/04/2023 21:00:00 - 03/04/2023 22:00:00","BZN|PL","Without Sequence","113.12","",""
"03/04/2023 22:00:00 - 03/04/2023 23:00:00","BZN|PL","Without Sequence","122.72","",""
"03/04/2023 23:00:00 - 04/04/2023 00:00:00","BZN|PL","Without Sequence","126.32","",""
"04/04/2023 00:00:00 - 04/04/2023 01:00:00","BZN|PL","Without Sequence","124.64","",""
"04/04/2023 01:00:00 - 04/04/2023 02:00:00","BZN|PL","Without Sequence","126.88","",""
"04/04/2023 02:00:00 - 04/04/2023 03:00:00","BZN|PL","Without Sequence","117.93","",""
"04/04/2023 03:00:00 - 04/04/2023 04:00:00","BZN|PL","Without Sequence","121.91","",""
"04/04/2023 04:00:00 - 04/04/2023 05:00:00","BZN|PL","Without Sequence","148.34","",""
"04/04/2023 05:00:00 - 04/04/2023 06:00:00","BZN|PL","Without Sequence","174.79","",""
"04/04/2023 06:00:00 - 04/04/2023 07:00:00","BZN|PL","Without Sequence","166.91","",""
"04/04/2023 07:00:00 - 04/04/2023 08:00:00","BZN|PL","Without Sequence","132.49","",""
"04/04/2023 08:00:00 - 04/04/2023 09:00:00","BZN|PL","Without Sequence","118.40","",""
"04/04/2023 09:00:00 - 04/04/2023 10:00:00","BZN|PL","Without Sequence","112.02","",""
"04/04/2023 10:00:00 - 04/04/2023 11:00:00","BZN|PL","Without Sequence","109.60","",""
"04/04/2023 11:00:00 - 04/04/2023 12:00:00","BZN|PL","Without Sequence","108.28","",""
"04/04/2023 12:00:00 - 04/04/2023 13:00:00","BZN|PL","Without Sequence","107.31","",""
"04/04/2023 13:00:00 - 04/04/2023 14:00:00","BZN|PL","Without Sequence","108.71","",""
"04/04/2023 14:00:00 - 04/04/2023 15:00:00","BZN|PL","Without Sequence","112.73","",""
"04/04/2023 15:00:00 - 04/04/2023 16:00:00","BZN|PL","Without Sequence","122.00","",""
"04/04/2023 16:00:00 - 04/04/2023 17:00:00","BZN|PL","Without Sequence","147.10","",""
"04/04/2023 17:00:00 - 04/04/2023 18:00:00","BZN|PL","Without Sequence","180.00","",""
"04/04/2023 18:00:00 - 04/04/2023 19:00:00","BZN|PL","Without Sequence","177.32","",""
"04/04/2023 19:00:00 - 04/04/2023 20:00:00","BZN|PL","Without Sequence","155.57","",""
"04/04/2023 20:00:00 - 04/04/2023 21:00:00","BZN|PL","Without Sequence","141.24","",""
"04/04/2023 21:00:00 - 04/04/2023 22:00:00","BZN|PL","Without Sequence","130.81","",""
"04/04/2023 22:00:00 - 04/04/2023 23:00:00","BZN|PL","Without Sequence","131.66","",""
"04/04/2023 23:00:00 - 05/04/2023 00:00:00","BZN|PL","Without Sequence","131.15","",""
"05/04/2023 00:00:00 - 05/04/2023 01:00:00","BZN|PL","Without Sequence","132.54","",""
"05/04/2023 01:00:00 - 05/04/2023 02:00:00","BZN|PL","Without Sequence","133.04","",""
"05/04/2023 02:00:00 - 05/04/2023 03:00:00","BZN|PL","Without Sequence","129.70","",""
"05/04/2023 03:00:00 - 05/04/2023 04:00:00","BZN|PL","Without Sequence","139.21","",""
"05/04/2023 04:00:00 - 05/04/2023 05:00:00","BZN|PL","Without Sequence","166.73","",""
"05/04/2023 05:00:00 - 05/04/2023 06:00:00","BZN|PL","Without Sequence","201.91","",""
"05/04/2023 06:00:00 - 05/04/2023 07:00:00","BZN|PL","Without Sequence","179.38","",""
"05/04/2023 07:00:00 - 05/04/2023 08:00:00","BZN|PL","Without Sequence","138.89","",""
"05/04/2023 08:00:00 - 05/04/2023 09:00:00","BZN|PL","Without Sequence","121.33","",""
"05/04/2023 09:00:00 - 05/04/2023 10:00:00","BZN|PL","Without Sequence","115.73","",""
"05/04/2023 10:00:00 - 05/04/2023 11:00:00","BZN|PL","Without Sequence","113.50","",""
"05/04/2023 11:00:00 - 05/04/2023 12:00:00","BZN|PL","Without Sequence","113.68","",""
"05/04/2023 12:00:00 - 05/04/2023 13:00:00","BZN|PL","Without Sequence","113.68","",""
"05/04/2023 13:00:00 - 05/04/2023 14:00:00","BZN|PL","Without Sequence","118.63","",""
"05/04/2023 14:00:00 - 05/04/2023 15:00:00","BZN|PL","Without Sequence","121.67","",""
"05/04/2023 15:00:00 - 05/04/2023 16:00:00","BZN|PL","Without Sequence","136.08","",""
"05/04/2023 16:00:00 - 05/04/2023 17:00:00","BZN|PL","Without Sequence","156.81","",""
"05/04/2023 17:00:00 - 05/04/2023 18:00:00","BZN|PL","Without Sequence","199.56","",""
"05/04/2023 18:00:00 - 05/04/2023 19:00:00","BZN|PL","Without Sequence","192.34","",""
"05/04/2023 19:00:00 - 05/04/2023 20:00:00","BZN|PL","Without Sequence","164.98","",""
"05/04/2023 20:00:00 - 05/04/2023 21:00:00","BZN|PL","Without Sequence","151.39","",""
"05/04/2023 21:00:00 - 05/04/2023 22:00:00","BZN|PL","Without Sequence","139.13","",""
"05/04/2023 22:00:00 - 05/04/2023 23:00:00","BZN|PL","Without Sequence","135.54","",""
"05/04/2023 23:00:00 - 06/04/2023 00:00:00","BZN|PL","Without Sequence","133.14","",""
"06/04/2023 00:00:00 - 06/04/2023 01:00:00","BZN|PL","Without Sequence","132.95","",""
"06/04/2023 01:00:00 - 06/04/2023 02:00:00","BZN|PL","Without Sequence","133.19","",""
"06/04/2023 02:00:00 - 06/04/2023 03:00:00","BZN|PL","Without Sequence","133.45","",""
"06/04/2023 03:00:00 - 06/04/2023 04:00:00","BZN|PL","Without Sequence","133.76","",""
"06/04/2023 04:00:00 - 06/04/2023 05:00:00","BZN|PL","Without Sequence","142.51","",""
"06/04/2023 05:00:00 - 06/04/2023 06:00:00","BZN|PL","Without Sequence","161.63","",""
"06/04/2023 06:00:00 - 06/04/2023 07:00:00","BZN|PL","Without Sequence","151.88","",""
"06/04/2023 07:00:00 - 06/04/2023 08:00:00","BZN|PL","Without Sequence","120.09","",""
"06/04/2023 08:00:00 - 06/04/2023 09:00:00","BZN|PL","Without Sequence","118.24","",""
"06/04/2023 09:00:00 - 06/04/2023 10:00:00","BZN|PL","Without Sequence","116.26","",""
"06/04/2023 10:00:00 - 06/04/2023 11:00:00","BZN|PL","Without Sequence","116.78","",""
"06/04/2023 11:00:00 - 06/04/2023 12:00:00","BZN|PL","Without Sequence","121.70","",""
"06/04/2023 12:00:00 - 06/04/2023 13:00:00","BZN|PL","Without Sequence","123.83","",""
"06/04/2023 13:00:00 - 06/04/2023 14:00:00","BZN|PL","Without Sequence","129.62","",""
"06/04/2023 14:00:00 - 06/04/2023 15:00:00","BZN|PL","Without Sequence","124.09","",""
"06/04/2023 15:00:00 - 06/04/2023 16:00:00","BZN|PL","Without Sequence","128.67","",""
"06/04/2023 16:00:00 - 06/04/2023 17:00:00","BZN|PL","Without Sequence","140.00","",""
"06/04/2023 17:00:00 - 06/04/2023 18:00:00","BZN|PL","Without Sequence","161.71","",""
"06/04/2023 18:00:00 - 06/04/2023 19:00:00","BZN|PL","Without Sequence","150.56","",""
"06/04/2023 19:00:00 - 06/04/2023 20:00:00","BZN|PL","Without Sequence","131.64","",""
"06/04/2023 20:00:00 - 06/04/2023 21:00:00","BZN|PL","Without Sequence","133.53","",""
"06/04/2023 21:00:00 - 06/04/2023 22:00:00","BZN|PL","Without Sequence","131.53","",""
"06/04/2023 22:00:00 - 06/04/2023 23:00:00","BZN|PL","Without Sequence","129.40","",""
"06/04/2023 23:00:00 - 07/04/2023 00:00:00","BZN|PL","Without Sequence","131.58","",""
"07/04/2023 00:00:00 - 07/04/2023 01:00:00","BZN|PL","Without Sequence","128.33","",""
"07/04/2023 01:00:00 - 07/04/2023 02:00:00","BZN|PL","Without Sequence","128.05","",""
"07/04/2023 02:00:00 - 07/04/2023 03:00:00","BZN|PL","Without Sequence","131.44","",""
"07/04/2023 03:00:00 - 07/04/2023 04:00:00","BZN|PL","Without Sequence","130.09","",""
"07/04/2023 04:00:00 - 07/04/2023 05:00:00","BZN|PL","Without Sequence","135.73","",""
"07/04/2023 05:00:00 - 07/04/2023 06:00:00","BZN|PL","Without Sequence","131.70","",""
"07/04/2023 06:00:00 - 07/04/2023 07:00:00","BZN|PL","Without Sequence","128.82","",""
"07/04/2023 07:00:00 - 07/04/2023 08:00:00","BZN|PL","Without Sequence","134.94","",""
"07/04/2023 08:00:00 - 07/04/2023 09:00:00","BZN|PL","Without Sequence","132.21","",""
"07/04/2023 09:00:00 - 07/04/2023 10:00:00","BZN|PL","Without Sequence","133.23","",""
"07/04/2023 10:00:00 - 07/04/2023 11:00:00","BZN|PL","Without Sequence","132.94","",""
"07/04/2023 11:00:00 - 07/04/2023 12:00:00","BZN|PL","Without Sequence","133.46","",""
"07/04/2023 12:00:00 - 07/04/2023 13:00:00","BZN|PL","Without Sequence","133.40","",""
"07/04/2023 13:00:00 - 07/04/2023 14:00:00","BZN|PL","Without Sequence","132.63","",""
"07/04/2023 14:00:00 - 07/04/2023 15:00:00","BZN|PL","Without Sequence","133.13","",""
"07/04/2023 15:00:00 - 07/04/2023 16:00:00","BZN|PL","Without Sequence","136.49","",""
"07/04/2023 16:00:00 - 07/04/2023 17:00:00","BZN|PL","Without Sequence","138.65","",""
"07/04/2023 17:00:00 - 07/04/2023 18:00:00","BZN|PL","Without Sequence","140.37","",""
"07/04/2023 18:00:00 - 07/04/2023 19:00:00","BZN|PL","Without Sequence","148.22","",""
"07/04/2023 19:00:00 - 07/04/2023 20:00:00","BZN|PL","Without Sequence","136.44","",""
"07/04/2023 20:00:00 - 07/04/2023 21:00:00","BZN|PL","Without Sequence","137.02","",""
"07/04/2023 21:00:00 - 07/04/2023 22:00:00","BZN|PL","Without Sequence","132.39","",""
"07/04/2023 22:00:00 - 07/04/2023 23:00:00","BZN|PL","Without Sequence","131.85","",""
"07/04/2023 23:00:00 - 08/04/2023 00:00:00","BZN|PL","Without Sequence","130.17","",""
"08/04/2023 00:00:00 - 08/04/2023 01:00:00","BZN|PL","Without Sequence","130.16","",""
"08/04/2023 01:00:00 - 08/04/2023 02:00:00","BZN|PL","Without Sequence","129.18","",""
"08/04/2023 02:00:00 - 08/04/2023 03:00:00","BZN|PL","Without Sequence","130.17","",""
"08/04/2023 03:00:00 - 08/04/2023 04:00:00","BZN|PL","Without Sequence","128.88","",""
"08/04/2023 04:00:00 - 08/04/2023 05:00:00","BZN|PL","Without Sequence","127.15","",""
"08/04/2023 05:00:00 - 08/04/2023 06:00:00","BZN|PL","Without Sequence","132.32","",""
"08/04/2023 06:00:00 - 08/04/2023 07:00:00","BZN|PL","Without Sequence","133.37","",""
"08/04/2023 07:00:00 - 08/04/2023 08:00:00","BZN|PL","Without Sequence","132.31","",""
"08/04/2023 08:00:00 - 08/04/2023 09:00:00","BZN|PL","Without Sequence","132.49","",""
"08/04/2023 09:00:00 - 08/04/2023 10:00:00","BZN|PL","Without Sequence","132.01","",""
"08/04/2023 10:00:00 - 08/04/2023 11:00:00","BZN|PL","Without Sequence","128.04","",""
"08/04/2023 11:00:00 - 08/04/2023 12:00:00","BZN|PL","Without Sequence","117.70","",""
"08/04/2023 12:00:00 - 08/04/2023 13:00:00","BZN|PL","Without Sequence","115.77","",""
"08/04/2023 13:00:00 - 08/04/2023 14:00:00","BZN|PL","Without Sequence","116.03","",""
"08/04/2023 14:00:00 - 08/04/2023 15:00:00","BZN|PL","Without Sequence","125.90","",""
"08/04/2023 15:00:00 - 08/04/2023 16:00:00","BZN|PL","Without Sequence","132.32","",""
"08/04/2023 16:00:00 - 08/04/2023 17:00:00","BZN|PL","Without Sequence","125.85","",""
"08/04/2023 17:00:00 - 08/04/2023 18:00:00","BZN|PL","Without Sequence","145.99","",""
"08/04/2023 18:00:00 - 08/04/2023 19:00:00","BZN|PL","Without Sequence","145.11","",""
"08/04/2023 19:00:00 - 08/04/2023 20:00:00","BZN|PL","Without Sequence","137.31","",""
"08/04/2023 20:00:00 - 08/04/2023 21:00:00","BZN|PL","Without Sequence","134.90","",""
"08/04/2023 21:00:00 - 08/04/2023 22:00:00","BZN|PL","Without Sequence","126.98","",""
"08/04/2023 22:00:00 - 08/04/2023 23:00:00","BZN|PL","Without Sequence","127.99","",""
"08/04/2023 23:00:00 - 09/04/2023 00:00:00","BZN|PL","Without Sequence","117.86","",""
"09/04/2023 00:00:00 - 09/04/2023 01:00:00","BZN|PL","Without Sequence","119.83","",""
"09/04/2023 01:00:00 - 09/04/2023 02:00:00","BZN|PL","Without Sequence","117.99","",""
"09/04/2023 02:00:00 - 09/04/2023 03:00:00","BZN|PL","Without Sequence","118.24","",""
"09/04/2023 03:00:00 - 09/04/2023 04:00:00","BZN|PL","Without Sequence","117.86","",""
"09/04/2023 04:00:00 - 09/04/2023 05:00:00","BZN|PL","Without Sequence","120.00","",""
"09/04/2023 05:00:00 - 09/04/2023 06:00:00","BZN|PL","Without Sequence","118.90","",""
"09/04/2023 06:00:00 - 09/04/2023 07:00:00","BZN|PL","Without Sequence","122.98","",""
"09/04/2023 07:00:00 - 09/04/2023 08:00:00","BZN|PL","Without Sequence","112.21","",""
"09/04/2023 08:00:00 - 09/04/2023 09:00:00","BZN|PL","Without Sequence","100.00","",""
"09/04/2023 09:00:00 - 09/04/2023 10:00:00","BZN|PL","Without Sequence","96.16","",""
"09/04/2023 10:00:00 - 09/04/2023 11:00:00","BZN|PL","Without Sequence","98.30","",""
"09/04/2023 11:00:00 - 09/04/2023 12:00:00","BZN|PL","Without Sequence","96.17","",""
"09/04/2023 12:00:00 - 09/04/2023 13:00:00","BZN|PL","Without Sequence","95.42","",""
"09/04/2023 13:00:00 - 09/04/2023 14:00:00","BZN|PL","Without Sequence","96.17","",""
"09/04/2023 14:00:00 - 09/04/2023 15:00:00","BZN|PL","Without Sequence","102.59","",""
"09/04/2023 15:00:00 - 09/04/2023 16:00:00","BZN|PL","Without Sequence","113.26","",""
"09/04/2023 16:00:00 - 09/04/2023 17:00:00","BZN|PL","Without Sequence","124.45","",""
"09/04/2023 17:00:00 - 09/04/2023 18:00:00","BZN|PL","Without Sequence","129.97","",""
"09/04/2023 18:00:00 - 09/04/2023 19:00:00","BZN|PL","Without Sequence","133.46","",""
"09/04/2023 19:00:00 - 09/04/2023 20:00:00","BZN|PL","Without Sequence","126.39","",""
"09/04/2023 20:00:00 - 09/04/2023 21:00:00","BZN|PL","Without Sequence","115.00","",""
"09/04/2023 21:00:00 - 09/04/2023 22:00:00","BZN|PL","Without Sequence","106.94","",""
"09/04/2023 22:00:00 - 09/04/2023 23:00:00","BZN|PL","Without Sequence","116.12","",""
"09/04/2023 23:00:00 - 10/04/2023 00:00:00","BZN|PL","Without Sequence","113.90","",""
"10/04/2023 00:00:00 - 10/04/2023 01:00:00","BZN|PL","Without Sequence","112.43","",""
"10/04/2023 01:00:00 - 10/04/2023 02:00:00","BZN|PL","Without Sequence","113.90","",""
"10/04/2023 02:00:00 - 10/04/2023 03:00:00","BZN|PL","Without Sequence","114.98","",""
"10/04/2023 03:00:00 - 10/04/2023 04:00:00","BZN|PL","Without Sequence","113.90","",""
"10/04/2023 04:00:00 - 10/04/2023 05:00:00","BZN|PL","Without Sequence","111.99","",""
"10/04/2023 05:00:00 - 10/04/2023 06:00:00","BZN|PL","Without Sequence","111.98","",""
"10/04/2023 06:00:00 - 10/04/2023 07:00:00","BZN|PL","Without Sequence","108.90","",""
"10/04/2023 07:00:00 - 10/04/2023 08:00:00","BZN|PL","Without Sequence","98.29","",""
"10/04/2023 08:00:00 - 10/04/2023 09:00:00","BZN|PL","Without Sequence","89.95","",""
"10/04/2023 09:00:00 - 10/04/2023 10:00:00","BZN|PL","Without Sequence","80.75","",""
"10/04/2023 10:00:00 - 10/04/2023 11:00:00","BZN|PL","Without Sequence","74.97","",""
"10/04/2023 11:00:00 - 10/04/2023 12:00:00","BZN|PL","Without Sequence","80.14","",""
"10/04/2023 12:00:00 - 10/04/2023 13:00:00","BZN|PL","Without Sequence","94.22","",""
"10/04/2023 13:00:00 - 10/04/2023 14:00:00","BZN|PL","Without Sequence","97.92","",""
"10/04/2023 14:00:00 - 10/04/2023 15:00:00","BZN|PL","Without Sequence","106.86","",""
"10/04/2023 15:00:00 - 10/04/2023 16:00:00","BZN|PL","Without Sequence","117.54","",""
"10/04/2023 16:00:00 - 10/04/2023 17:00:00","BZN|PL","Without Sequence","126.10","",""
"10/04/2023 17:00:00 - 10/04/2023 18:00:00","BZN|PL","Without Sequence","128.28","",""
"10/04/2023 18:00:00 - 10/04/2023 19:00:00","BZN|PL","Without Sequence","130.38","",""
"10/04/2023 19:00:00 - 10/04/2023 20:00:00","BZN|PL","Without Sequence","121.83","",""
"10/04/2023 20:00:00 - 10/04/2023 21:00:00","BZN|PL","Without Sequence","117.55","",""
"10/04/2023 21:00:00 - 10/04/2023 22:00:00","BZN|PL","Without Sequence","115.25","",""
"10/04/2023 22:00:00 - 10/04/2023 23:00:00","BZN|PL","Without Sequence","108.98","",""
"10/04/2023 23:00:00 - 11/04/2023 00:00:00","BZN|PL","Without Sequence","106.25","",""
"11/04/2023 00:00:00 - 11/04/2023 01:00:00","BZN|PL","Without Sequence","96.36","",""
"11/04/2023 01:00:00 - 11/04/2023 02:00:00","BZN|PL","Without Sequence","96.28","",""
"11/04/2023 02:00:00 - 11/04/2023 03:00:00","BZN|PL","Without Sequence","96.34","",""
"11/04/2023 03:00:00 - 11/04/2023 04:00:00","BZN|PL","Without Sequence","106.26","",""
"11/04/2023 04:00:00 - 11/04/2023 05:00:00","BZN|PL","Without Sequence","126.43","",""
"11/04/2023 05:00:00 - 11/04/2023 06:00:00","BZN|PL","Without Sequence","132.20","",""
"11/04/2023 06:00:00 - 11/04/2023 07:00:00","BZN|PL","Without Sequence","132.79","",""
"11/04/2023 07:00:00 - 11/04/2023 08:00:00","BZN|PL","Without Sequence","122.93","",""
"11/04/2023 08:00:00 - 11/04/2023 09:00:00","BZN|PL","Without Sequence","119.66","",""
"11/04/2023 09:00:00 - 11/04/2023 10:00:00","BZN|PL","Without Sequence","117.53","",""
"11/04/2023 10:00:00 - 11/04/2023 11:00:00","BZN|PL","Without Sequence","122.07","",""
"11/04/2023 11:00:00 - 11/04/2023 12:00:00","BZN|PL","Without Sequence","131.30","",""
"11/04/2023 12:00:00 - 11/04/2023 13:00:00","BZN|PL","Without Sequence","131.78","",""
"11/04/2023 13:00:00 - 11/04/2023 14:00:00","BZN|PL","Without Sequence","132.09","",""
"11/04/2023 14:00:00 - 11/04/2023 15:00:00","BZN|PL","Without Sequence","131.92","",""
"11/04/2023 15:00:00 - 11/04/2023 16:00:00","BZN|PL","Without Sequence","132.10","",""
"11/04/2023 16:00:00 - 11/04/2023 17:00:00","BZN|PL","Without Sequence","130.80","",""
"11/04/2023 17:00:00 - 11/04/2023 18:00:00","BZN|PL","Without Sequence","162.46","",""
"11/04/2023 18:00:00 - 11/04/2023 19:00:00","BZN|PL","Without Sequence","165.38","",""
"11/04/2023 19:00:00 - 11/04/2023 20:00:00","BZN|PL","Without Sequence","141.39","",""
"11/04/2023 20:00:00 - 11/04/2023 21:00:00","BZN|PL","Without Sequence","130.80","",""
"11/04/2023 21:00:00 - 11/04/2023 22:00:00","BZN|PL","Without Sequence","111.00","",""
"11/04/2023 22:00:00 - 11/04/2023 23:00:00","BZN|PL","Without Sequence","128.19","",""
"11/04/2023 23:00:00 - 12/04/2023 00:00:00","BZN|PL","Without Sequence","131.09","",""
"12/04/2023 00:00:00 - 12/04/2023 01:00:00","BZN|PL","Without Sequence","132.47","",""
"12/04/2023 01:00:00 - 12/04/2023 02:00:00","BZN|PL","Without Sequence","128.45","",""
"12/04/2023 02:00:00 - 12/04/2023 03:00:00","BZN|PL","Without Sequence","127.12","",""
"12/04/2023 03:00:00 - 12/04/2023 04:00:00","BZN|PL","Without Sequence","125.97","",""
"12/04/2023 04:00:00 - 12/04/2023 05:00:00","BZN|PL","Without Sequence","160.27","",""
"12/04/2023 05:00:00 - 12/04/2023 06:00:00","BZN|PL","Without Sequence","179.49","",""
"12/04/2023 06:00:00 - 12/04/2023 07:00:00","BZN|PL","Without Sequence","163.47","",""
"12/04/2023 07:00:00 - 12/04/2023 08:00:00","BZN|PL","Without Sequence","153.12","",""
"12/04/2023 08:00:00 - 12/04/2023 09:00:00","BZN|PL","Without Sequence","143.15","",""
"12/04/2023 09:00:00 - 12/04/2023 10:00:00","BZN|PL","Without Sequence","135.69","",""
"12/04/2023 10:00:00 - 12/04/2023 11:00:00","BZN|PL","Without Sequence","134.37","",""
"12/04/2023 11:00:00 - 12/04/2023 12:00:00","BZN|PL","Without Sequence","133.25","",""
"12/04/2023 12:00:00 - 12/04/2023 13:00:00","BZN|PL","Without Sequence","132.84","",""
"12/04/2023 13:00:00 - 12/04/2023 14:00:00","BZN|PL","Without Sequence","134.96","",""
"12/04/2023 14:00:00 - 12/04/2023 15:00:00","BZN|PL","Without Sequence","136.76","",""
"12/04/2023 15:00:00 - 12/04/2023 16:00:00","BZN|PL","Without Sequence","146.80","",""
"12/04/2023 16:00:00 - 12/04/2023 17:00:00","BZN|PL","Without Sequence","149.58","",""
"12/04/2023 17:00:00 - 12/04/2023 18:00:00","BZN|PL","Without Sequence","175.21","",""
"12/04/2023 18:00:00 - 12/04/2023 19:00:00","BZN|PL","Without Sequence","173.91","",""
"12/04/2023 19:00:00 - 12/04/2023 20:00:00","BZN|PL","Without Sequence","133.29","",""
"12/04/2023 20:00:00 - 12/04/2023 21:00:00","BZN|PL","Without Sequence","128.22","",""
"12/04/2023 21:00:00 - 12/04/2023 22:00:00","BZN|PL","Without Sequence","128.18","",""
"12/04/2023 22:00:00 - 12/04/2023 23:00:00","BZN|PL","Without Sequence","132.20","",""
"12/04/2023 23:00:00 - 13/04/2023 00:00:00","BZN|PL","Without Sequence","130.73","",""
"13/04/2023 00:00:00 - 13/04/2023 01:00:00","BZN|PL","Without Sequence","130.52","",""
"13/04/2023 01:00:00 - 13/04/2023 02:00:00","BZN|PL","Without Sequence","129.44","",""
"13/04/2023 02:00:00 - 13/04/2023 03:00:00","BZN|PL","Without Sequence","133.27","",""
"13/04/2023 03:00:00 - 13/04/2023 04:00:00","BZN|PL","Without Sequence","133.28","",""
"13/04/2023 04:00:00 - 13/04/2023 05:00:00","BZN|PL","Without Sequence","171.29","",""
"13/04/2023 05:00:00 - 13/04/2023 06:00:00","BZN|PL","Without Sequence","173.57","",""
"13/04/2023 06:00:00 - 13/04/2023 07:00:00","BZN|PL","Without Sequence","160.70","",""
"13/04/2023 07:00:00 - 13/04/2023 08:00:00","BZN|PL","Without Sequence","149.87","",""
"13/04/2023 08:00:00 - 13/04/2023 09:00:00","BZN|PL","Without Sequence","138.56","",""
"13/04/2023 09:00:00 - 13/04/2023 10:00:00","BZN|PL","Without Sequence","144.09","",""
"13/04/2023 10:00:00 - 13/04/2023 11:00:00","BZN|PL","Without Sequence","142.21","",""
"13/04/2023 11:00:00 - 13/04/2023 12:00:00","BZN|PL","Without Sequence","134.33","",""
"13/04/2023 12:00:00 - 13/04/2023 13:00:00","BZN|PL","Without Sequence","130.29","",""
"13/04/2023 13:00:00 - 13/04/2023 14:00:00","BZN|PL","Without Sequence","133.33","",""
"13/04/2023 14:00:00 - 13/04/2023 15:00:00","BZN|PL","Without Sequence","145.30","",""
"13/04/2023 15:00:00 - 13/04/2023 16:00:00","BZN|PL","Without Sequence","162.61","",""
"13/04/2023 16:00:00 - 13/04/2023 17:00:00","BZN|PL","Without Sequence","166.88","",""
"13/04/2023 17:00:00 - 13/04/2023 18:00:00","BZN|PL","Without Sequence","171.24","",""
"13/04/2023 18:00:00 - 13/04/2023 19:00:00","BZN|PL","Without Sequence","180.73","",""
"13/04/2023 19:00:00 - 13/04/2023 20:00:00","BZN|PL","Without Sequence","159.61","",""
"13/04/2023 20:00:00 - 13/04/2023 21:00:00","BZN|PL","Without Sequence","138.79","",""
"13/04/2023 21:00:00 - 13/04/2023 22:00:00","BZN|PL","Without Sequence","131.43","",""
"13/04/2023 22:00:00 - 13/04/2023 23:00:00","BZN|PL","Without Sequence","125.98","",""
"13/04/2023 23:00:00 - 14/04/2023 00:00:00","BZN|PL","Without Sequence","124.73","",""
"14/04/2023 00:00:00 - 14/04/2023 01:00:00","BZN|PL","Without Sequence","132.45","",""
"14/04/2023 01:00:00 - 14/04/2023 02:00:00","BZN|PL","Without Sequence","132.44","",""
"14/04/2023 02:00:00 - 14/04/2023 03:00:00","BZN|PL","Without Sequence","126.86","",""
"14/04/2023 03:00:00 - 14/04/2023 04:00:00","BZN|PL","Without Sequence","127.40","",""
"14/04/2023 04:00:00 - 14/04/2023 05:00:00","BZN|PL","Without Sequence","144.74","",""
"14/04/2023 05:00:00 - 14/04/2023 06:00:00","BZN|PL","Without Sequence","172.22","",""
"14/04/2023 06:00:00 - 14/04/2023 07:00:00","BZN|PL","Without Sequence","172.01","",""
"14/04/2023 07:00:00 - 14/04/2023 08:00:00","BZN|PL","Without Sequence","151.24","",""
"14/04/2023 08:00:00 - 14/04/2023 09:00:00","BZN|PL","Without Sequence","134.27","",""
"14/04/2023 09:00:00 - 14/04/2023 10:00:00","BZN|PL","Without Sequence","124.89","",""
"14/04/2023 10:00:00 - 14/04/2023 11:00:00","BZN|PL","Without Sequence","123.75","",""
"14/04/2023 11:00:00 - 14/04/2023 12:00:00","BZN|PL","Without Sequence","124.70","",""
"14/04/2023 12:00:00 - 14/04/2023 13:00:00","BZN|PL","Without Sequence","124.70","",""
"14/04/2023 13:00:00 - 14/04/2023 14:00:00","BZN|PL","Without Sequence","124.72","",""
"14/04/2023 14:00:00 - 14/04/2023 15:00:00","BZN|PL","Without Sequence","124.67","",""
"14/04/2023 15:00:00 - 14/04/2023 16:00:00","BZN|PL","Without Sequence","123.67","",""
"14/04/2023 16:00:00 - 14/04/2023 17:00:00","BZN|PL","Without Sequence","138.16","",""
"14/04/2023 17:00:00 - 14/04/2023 18:00:00","BZN|PL","Without Sequence","150.60","",""
"14/04/2023 18:00:00 - 14/04/2023 19:00:00","BZN|PL","Without Sequence","151.35","",""
"14/04/2023 19:00:00 - 14/04/2023 20:00:00","BZN|PL","Without Sequence","136.47","",""
"14/04/2023 20:00:00 - 14/04/2023 21:00:00","BZN|PL","Without Sequence","129.40","",""
"14/04/2023 21:00:00 - 14/04/2023 22:00:00","BZN|PL","Without Sequence","120.29","",""
"14/04/2023 22:00:00 - 14/04/2023 23:00:00","BZN|PL","Without Sequence","123.90","",""
"14/04/2023 23:00:00 - 15/04/2023 00:00:00","BZN|PL","Without Sequence","112.00","",""
"15/04/2023 00:00:00 - 15/04/2023 01:00:00","BZN|PL","Without Sequence","114.38","",""
"15/04/2023 01:00:00 - 15/04/2023 02:00:00","BZN|PL","Without Sequence","108.00","",""
"15/04/2023 02:00:00 - 15/04/2023 03:00:00","BZN|PL","Without Sequence","105.14","",""
"15/04/2023 03:00:00 - 15/04/2023 04:00:00","BZN|PL","Without Sequence","103.55","",""
"15/04/2023 04:00:00 - 15/04/2023 05:00:00","BZN|PL","Without Sequence","105.56","",""
"15/04/2023 05:00:00 - 15/04/2023 06:00:00","BZN|PL","Without Sequence","111.79","",""
"15/04/2023 06:00:00 - 15/04/2023 07:00:00","BZN|PL","Without Sequence","118.38","",""
"15/04/2023 07:00:00 - 15/04/2023 08:00:00","BZN|PL","Without Sequence","117.42","",""
"15/04/2023 08:00:00 - 15/04/2023 09:00:00","BZN|PL","Without Sequence","118.13","",""
"15/04/2023 09:00:00 - 15/04/2023 10:00:00","BZN|PL","Without Sequence","121.98","",""
"15/04/2023 10:00:00 - 15/04/2023 11:00:00","BZN|PL","Without Sequence","118.56","",""
"15/04/2023 11:00:00 - 15/04/2023 12:00:00","BZN|PL","Without Sequence","130.46","",""
"15/04/2023 12:00:00 - 15/04/2023 13:00:00","BZN|PL","Without Sequence","132.42","",""
"15/04/2023 13:00:00 - 15/04/2023 14:00:00","BZN|PL","Without Sequence","132.44","",""
"15/04/2023 14:00:00 - 15/04/2023 15:00:00","BZN|PL","Without Sequence","133.05","",""
"15/04/2023 15:00:00 - 15/04/2023 16:00:00","BZN|PL","Without Sequence","129.14","",""
"15/04/2023 16:00:00 - 15/04/2023 17:00:00","BZN|PL","Without Sequence","133.02","",""
"15/04/2023 17:00:00 - 15/04/2023 18:00:00","BZN|PL","Without Sequence","133.01","",""
"15/04/2023 18:00:00 - 15/04/2023 19:00:00","BZN|PL","Without Sequence","134.51","",""
"15/04/2023 19:00:00 - 15/04/2023 20:00:00","BZN|PL","Without Sequence","127.80","",""
"15/04/2023 20:00:00 - 15/04/2023 21:00:00","BZN|PL","Without Sequence","127.71","",""
"15/04/2023 21:00:00 - 15/04/2023 22:00:00","BZN|PL","Without Sequence","122.96","",""
"15/04/2023 22:00:00 - 15/04/2023 23:00:00","BZN|PL","Without Sequence","111.55","",""
"15/04/2023 23:00:00 - 16/04/2023 00:00:00","BZN|PL","Without Sequence","115.17","",""
"16/04/2023 00:00:00 - 16/04/2023 01:00:00","BZN|PL","Without Sequence","114.27","",""
"16/04/2023 01:00:00 - 16/04/2023 02:00:00","BZN|PL","Without Sequence","114.29","",""
"16/04/2023 02:00:00 - 16/04/2023 03:00:00","BZN|PL","Without Sequence","115.19","",""
"16/04/2023 03:00:00 - 16/04/2023 04:00:00","BZN|PL","Without Sequence","115.73","",""
"16/04/2023 04:00:00 - 16/04/2023 05:00:00","BZN|PL","Without Sequence","115.17","",""
"16/04/2023 05:00:00 - 16/04/2023 06:00:00","BZN|PL","Without Sequence","115.18","",""
"16/04/2023 06:00:00 - 16/04/2023 07:00:00","BZN|PL","Without Sequence","113.34","",""
"16/04/2023 07:00:00 - 16/04/2023 08:00:00","BZN|PL","Without Sequence","114.68","",""
"16/04/2023 08:00:00 - 16/04/2023 09:00:00","BZN|PL","Without Sequence","111.11","",""
"16/04/2023 09:00:00 - 16/04/2023 10:00:00","BZN|PL","Without Sequence","107.83","",""
"16/04/2023 10:00:00 - 16/04/2023 11:00:00","BZN|PL","Without Sequence","104.05","",""
"16/04/2023 11:00:00 - 16/04/2023 12:00:00","BZN|PL","Without Sequence","102.57","",""
"16/04/2023 12:00:00 - 16/04/2023 13:00:00","BZN|PL","Without Sequence","101.46","",""
"16/04/2023 13:00:00 - 16/04/2023 14:00:00","BZN|PL","Without Sequence","103.64","",""
"16/04/2023 14:00:00 - 16/04/2023 15:00:00","BZN|PL","Without Sequence","115.18","",""
"16/04/2023 15:00:00 - 16/04/2023 16:00:00","BZN|PL","Without Sequence","132.08","",""
"16/04/2023 16:00:00 - 16/04/2023 17:00:00","BZN|PL","Without Sequence","131.54","",""
"16/04/2023 17:00:00 - 16/04/2023 18:00:00","BZN|PL","Without Sequence","132.88","",""
"16/04/2023 18:00:00 - 16/04/2023 19:00:00","BZN|PL","Without Sequence","140.00","",""
"16/04/2023 19:00:00 - 16/04/2023 20:00:00","BZN|PL","Without Sequence","135.00","",""
"16/04/2023 20:00:00 - 16/04/2023 21:00:00","BZN|PL","Without Sequence","129.97","",""
"16/04/2023 21:00:00 - 16/04/2023 22:00:00","BZN|PL","Without Sequence","125.35","",""
"16/04/2023 22:00:00 - 16/04/2023 23:00:00","BZN|PL","Without Sequence","130.97","",""
"16/04/2023 23:00:00 - 17/04/2023 00:00:00","BZN|PL","Without Sequence","129.88","",""
"17/04/2023 00:00:00 - 17/04/2023 01:00:00","BZN|PL","Without Sequence","127.23","",""
"17/04/2023 01:00:00 - 17/04/2023 02:00:00","BZN|PL","Without Sequence","127.68","",""
"17/04/2023 02:00:00 - 17/04/2023 03:00:00","BZN|PL","Without Sequence","130.03","",""
"17/04/2023 03:00:00 - 17/04/2023 04:00:00","BZN|PL","Without Sequence","132.63","",""
"17/04/2023 04:00:00 - 17/04/2023 05:00:00","BZN|PL","Without Sequence","143.11","",""
"17/04/2023 05:00:00 - 17/04/2023 06:00:00","BZN|PL","Without Sequence","171.78","",""
"17/04/2023 06:00:00 - 17/04/2023 07:00:00","BZN|PL","Without Sequence","172.98","",""
"17/04/2023 07:00:00 - 17/04/2023 08:00:00","BZN|PL","Without Sequence","163.47","",""
"17/04/2023 08:00:00 - 17/04/2023 09:00:00","BZN|PL","Without Sequence","136.40","",""
"17/04/2023 09:00:00 - 17/04/2023 10:00:00","BZN|PL","Without Sequence","133.01","",""
"17/04/2023 10:00:00 - 17/04/2023 11:00:00","BZN|PL","Without Sequence","132.94","",""
"17/04/2023 11:00:00 - 17/04/2023 12:00:00","BZN|PL","Without Sequence","132.96","",""
"17/04/2023 12:00:00 - 17/04/2023 13:00:00","BZN|PL","Without Sequence","133.18","",""
"17/04/2023 13:00:00 - 17/04/2023 14:00:00","BZN|PL","Without Sequence","133.18","",""
"17/04/2023 14:00:00 - 17/04/2023 15:00:00","BZN|PL","Without Sequence","134.00","",""
"17/04/2023 15:00:00 - 17/04/2023 16:00:00","BZN|PL","Without Sequence","134.27","",""
"17/04/2023 16:00:00 - 17/04/2023 17:00:00","BZN|PL","Without Sequence","129.38","",""
"17/04/2023 17:00:00 - 17/04/2023 18:00:00","BZN|PL","Without Sequence","143.61","",""
"17/04/2023 18:00:00 - 17/04/2023 19:00:00","BZN|PL","Without Sequence","142.78","",""
"17/04/2023 19:00:00 - 17/04/2023 20:00:00","BZN|PL","Without Sequence","134.25","",""
"17/04/2023 20:00:00 - 17/04/2023 21:00:00","BZN|PL","Without Sequence","132.98","",""
"17/04/2023 21:00:00 - 17/04/2023 22:00:00","BZN|PL","Without Sequence","132.90","",""
"17/04/2023 22:00:00 - 17/04/2023 23:00:00","BZN|PL","Without Sequence","129.40","",""
"17/04/2023 23:00:00 - 18/04/2023 00:00:00","BZN|PL","Without Sequence","120.63","",""
"18/04/2023 00:00:00 - 18/04/2023 01:00:00","BZN|PL","Without Sequence","118.29","",""
"18/04/2023 01:00:00 - 18/04/2023 02:00:00","BZN|PL","Without Sequence","118.09","",""
"18/04/2023 02:00:00 - 18/04/2023 03:00:00","BZN|PL","Without Sequence","124.25","",""
"18/04/2023 03:00:00 - 18/04/2023 04:00:00","BZN|PL","Without Sequence","129.66","",""
"18/04/2023 04:00:00 - 18/04/2023 05:00:00","BZN|PL","Without Sequence","132.66","",""
"18/04/2023 05:00:00 - 18/04/2023 06:00:00","BZN|PL","Without Sequence","140.27","",""
"18/04/2023 06:00:00 - 18/04/2023 07:00:00","BZN|PL","Without Sequence","154.88","",""
"18/04/2023 07:00:00 - 18/04/2023 08:00:00","BZN|PL","Without Sequence","136.58","",""
"18/04/2023 08:00:00 - 18/04/2023 09:00:00","BZN|PL","Without Sequence","134.65","",""
"18/04/2023 09:00:00 - 18/04/2023 10:00:00","BZN|PL","Without Sequence","130.29","",""
"18/04/2023 10:00:00 - 18/04/2023 11:00:00","BZN|PL","Without Sequence","127.10","",""
"18/04/2023 11:00:00 - 18/04/2023 12:00:00","BZN|PL","Without Sequence","127.00","",""
"18/04/2023 12:00:00 - 18/04/2023 13:00:00","BZN|PL","Without Sequence","125.20","",""
"18/04/2023 13:00:00 - 18/04/2023 14:00:00","BZN|PL","Without Sequence","128.10","",""
"18/04/2023 14:00:00 - 18/04/2023 15:00:00","BZN|PL","Without Sequence","132.60","",""
"18/04/2023 15:00:00 - 18/04/2023 16:00:00","BZN|PL","Without Sequence","133.59","",""
"18/04/2023 16:00:00 - 18/04/2023 17:00:00","BZN|PL","Without Sequence","134.25","",""
"18/04/2023 17:00:00 - 18/04/2023 18:00:00","BZN|PL","Without Sequence","130.46","",""
"18/04/2023 18:00:00 - 18/04/2023 19:00:00","BZN|PL","Without Sequence","135.08","",""
"18/04/2023 19:00:00 - 18/04/2023 20:00:00","BZN|PL","Without Sequence","133.71","",""
"18/04/2023 20:00:00 - 18/04/2023 21:00:00","BZN|PL","Without Sequence","130.21","",""
"18/04/2023 21:00:00 - 18/04/2023 22:00:00","BZN|PL","Without Sequence","124.84","",""
"18/04/2023 22:00:00 - 18/04/2023 23:00:00","BZN|PL","Without Sequence","118.74","",""
"18/04/2023 23:00:00 - 19/04/2023 00:00:00","BZN|PL","Without Sequence","111.22","",""
"19/04/2023 00:00:00 - 19/04/2023 01:00:00","BZN|PL","Without Sequence","107.76","",""
"19/04/2023 01:00:00 - 19/04/2023 02:00:00","BZN|PL","Without Sequence","107.75","",""
"19/04/2023 02:00:00 - 19/04/2023 03:00:00","BZN|PL","Without Sequence","111.23","",""
"19/04/2023 03:00:00 - 19/04/2023 04:00:00","BZN|PL","Without Sequence","115.53","",""
"19/04/2023 04:00:00 - 19/04/2023 05:00:00","BZN|PL","Without Sequence","131.88","",""
"19/04/2023 05:00:00 - 19/04/2023 06:00:00","BZN|PL","Without Sequence","134.98","",""
"19/04/2023 06:00:00 - 19/04/2023 07:00:00","BZN|PL","Without Sequence","136.43","",""
"19/04/2023 07:00:00 - 19/04/2023 08:00:00","BZN|PL","Without Sequence","131.54","",""
"19/04/2023 08:00:00 - 19/04/2023 09:00:00","BZN|PL","Without Sequence","130.78","",""
"19/04/2023 09:00:00 - 19/04/2023 10:00:00","BZN|PL","Without Sequence","130.78","",""
"19/04/2023 10:00:00 - 19/04/2023 11:00:00","BZN|PL","Without Sequence","131.31","",""
"19/04/2023 11:00:00 - 19/04/2023 12:00:00","BZN|PL","Without Sequence","131.93","",""
"19/04/2023 12:00:00 - 19/04/2023 13:00:00","BZN|PL","Without Sequence","131.91","",""
"19/04/2023 13:00:00 - 19/04/2023 14:00:00","BZN|PL","Without Sequence","131.74","",""
"19/04/2023 14:00:00 - 19/04/2023 15:00:00","BZN|PL","Without Sequence","131.74","",""
"19/04/2023 15:00:00 - 19/04/2023 16:00:00","BZN|PL","Without Sequence","131.94","",""
"19/04/2023 16:00:00 - 19/04/2023 17:00:00","BZN|PL","Without Sequence","130.77","",""
"19/04/2023 17:00:00 - 19/04/2023 18:00:00","BZN|PL","Without Sequence","137.60","",""
"19/04/2023 18:00:00 - 19/04/2023 19:00:00","BZN|PL","Without Sequence","144.04","",""
"19/04/2023 19:00:00 - 19/04/2023 20:00:00","BZN|PL","Without Sequence","132.18","",""
"19/04/2023 20:00:00 - 19/04/2023 21:00:00","BZN|PL","Without Sequence","131.73","",""
"19/04/2023 21:00:00 - 19/04/2023 22:00:00","BZN|PL","Without Sequence","130.86","",""
"19/04/2023 22:00:00 - 19/04/2023 23:00:00","BZN|PL","Without Sequence","122.03","",""
"19/04/2023 23:00:00 - 20/04/2023 00:00:00","BZN|PL","Without Sequence","119.32","",""
"20/04/2023 00:00:00 - 20/04/2023 01:00:00","BZN|PL","Without Sequence","119.49","",""
"20/04/2023 01:00:00 - 20/04/2023 02:00:00","BZN|PL","Without Sequence","120.74","",""
"20/04/2023 02:00:00 - 20/04/2023 03:00:00","BZN|PL","Without Sequence","125.26","",""
"20/04/2023 03:00:00 - 20/04/2023 04:00:00","BZN|PL","Without Sequence","129.75","",""
"20/04/2023 04:00:00 - 20/04/2023 05:00:00","BZN|PL","Without Sequence","136.16","",""
"20/04/2023 05:00:00 - 20/04/2023 06:00:00","BZN|PL","Without Sequence","144.48","",""
"20/04/2023 06:00:00 - 20/04/2023 07:00:00","BZN|PL","Without Sequence","144.68","",""
"20/04/2023 07:00:00 - 20/04/2023 08:00:00","BZN|PL","Without Sequence","135.32","",""
"20/04/2023 08:00:00 - 20/04/2023 09:00:00","BZN|PL","Without Sequence","130.08","",""
"20/04/2023 09:00:00 - 20/04/2023 10:00:00","BZN|PL","Without Sequence","118.71","",""
"20/04/2023 10:00:00 - 20/04/2023 11:00:00","BZN|PL","Without Sequence","117.79","",""
"20/04/2023 11:00:00 - 20/04/2023 12:00:00","BZN|PL","Without Sequence","117.72","",""
"20/04/2023 12:00:00 - 20/04/2023 13:00:00","BZN|PL","Without Sequence","114.33","",""
"20/04/2023 13:00:00 - 20/04/2023 14:00:00","BZN|PL","Without Sequence","118.71","",""
"20/04/2023 14:00:00 - 20/04/2023 15:00:00","BZN|PL","Without Sequence","129.50","",""
"20/04/2023 15:00:00 - 20/04/2023 16:00:00","BZN|PL","Without Sequence","132.50","",""
"20/04/2023 16:00:00 - 20/04/2023 17:00:00","BZN|PL","Without Sequence","133.16","",""
"20/04/2023 17:00:00 - 20/04/2023 18:00:00","BZN|PL","Without Sequence","152.17","",""
"20/04/2023 18:00:00 - 20/04/2023 19:00:00","BZN|PL","Without Sequence","161.43","",""
"20/04/2023 19:00:00 - 20/04/2023 20:00:00","BZN|PL","Without Sequence","136.22","",""
"20/04/2023 20:00:00 - 20/04/2023 21:00:00","BZN|PL","Without Sequence","130.13","",""
"20/04/2023 21:00:00 - 20/04/2023 22:00:00","BZN|PL","Without Sequence","128.64","",""
"20/04/2023 22:00:00 - 20/04/2023 23:00:00","BZN|PL","Without Sequence","117.26","",""
"20/04/2023 23:00:00 - 21/04/2023 00:00:00","BZN|PL","Without Sequence","114.90","",""
"21/04/2023 00:00:00 - 21/04/2023 01:00:00","BZN|PL","Without Sequence","114.90","",""
"21/04/2023 01:00:00 - 21/04/2023 02:00:00","BZN|PL","Without Sequence","114.90","",""
"21/04/2023 02:00:00 - 21/04/2023 03:00:00","BZN|PL","Without Sequence","119.67","",""
"21/04/2023 03:00:00 - 21/04/2023 04:00:00","BZN|PL","Without Sequence","130.09","",""
"21/04/2023 04:00:00 - 21/04/2023 05:00:00","BZN|PL","Without Sequence","134.08","",""
"21/04/2023 05:00:00 - 21/04/2023 06:00:00","BZN|PL","Without Sequence","135.55","",""
"21/04/2023 06:00:00 - 21/04/2023 07:00:00","BZN|PL","Without Sequence","135.16","",""
"21/04/2023 07:00:00 - 21/04/2023 08:00:00","BZN|PL","Without Sequence","124.65","",""
"21/04/2023 08:00:00 - 21/04/2023 09:00:00","BZN|PL","Without Sequence","106.49","",""
"21/04/2023 09:00:00 - 21/04/2023 10:00:00","BZN|PL","Without Sequence","105.40","",""
"21/04/2023 10:00:00 - 21/04/2023 11:00:00","BZN|PL","Without Sequence","104.45","",""
"21/04/2023 11:00:00 - 21/04/2023 12:00:00","BZN|PL","Without Sequence","106.02","",""
"21/04/2023 12:00:00 - 21/04/2023 13:00:00","BZN|PL","Without Sequence","106.59","",""
"21/04/2023 13:00:00 - 21/04/2023 14:00:00","BZN|PL","Without Sequence","113.45","",""
"21/04/2023 14:00:00 - 21/04/2023 15:00:00","BZN|PL","Without Sequence","124.99","",""
"21/04/2023 15:00:00 - 21/04/2023 16:00:00","BZN|PL","Without Sequence","133.68","",""
"21/04/2023 16:00:00 - 21/04/2023 17:00:00","BZN|PL","Without Sequence","136.66","",""
"21/04/2023 17:00:00 - 21/04/2023 18:00:00","BZN|PL","Without Sequence","151.75","",""
"21/04/2023 18:00:00 - 21/04/2023 19:00:00","BZN|PL","Without Sequence","163.74","",""
"21/04/2023 19:00:00 - 21/04/2023 20:00:00","BZN|PL","Without Sequence","138.65","",""
"21/04/2023 20:00:00 - 21/04/2023 21:00:00","BZN|PL","Without Sequence","133.71","",""
"21/04/2023 21:00:00 - 21/04/2023 22:00:00","BZN|PL","Without Sequence","126.82","",""
"21/04/2023 22:00:00 - 21/04/2023 23:00:00","BZN|PL","Without Sequence","122.27","",""
"21/04/2023 23:00:00 - 22/04/2023 00:00:00","BZN|PL","Without Sequence","127.03","",""
"22/04/2023 00:00:00 - 22/04/2023 01:00:00","BZN|PL","Without Sequence","127.30","",""
"22/04/2023 01:00:00 - 22/04/2023 02:00:00","BZN|PL","Without Sequence","126.77","",""
"22/04/2023 02:00:00 - 22/04/2023 03:00:00","BZN|PL","Without Sequence","124.87","",""
"22/04/2023 03:00:00 - 22/04/2023 04:00:00","BZN|PL","Without Sequence","121.70","",""
"22/04/2023 04:00:00 - 22/04/2023 05:00:00","BZN|PL","Without Sequence","119.44","",""
"22/04/2023 05:00:00 - 22/04/2023 06:00:00","BZN|PL","Without Sequence","116.19","",""
"22/04/2023 06:00:00 - 22/04/2023 07:00:00","BZN|PL","Without Sequence","104.41","",""
"22/04/2023 07:00:00 - 22/04/2023 08:00:00","BZN|PL","Without Sequence","98.81","",""
"22/04/2023 08:00:00 - 22/04/2023 09:00:00","BZN|PL","Without Sequence","93.25","",""
"22/04/2023 09:00:00 - 22/04/2023 10:00:00","BZN|PL","Without Sequence","98.42","",""
"22/04/2023 10:00:00 - 22/04/2023 11:00:00","BZN|PL","Without Sequence","96.77","",""
"22/04/2023 11:00:00 - 22/04/2023 12:00:00","BZN|PL","Without Sequence","101.78","",""
"22/04/2023 12:00:00 - 22/04/2023 13:00:00","BZN|PL","Without Sequence","100.72","",""
"22/04/2023 13:00:00 - 22/04/2023 14:00:00","BZN|PL","Without Sequence","101.85","",""
"22/04/2023 14:00:00 - 22/04/2023 15:00:00","BZN|PL","Without Sequence","105.40","",""
"22/04/2023 15:00:00 - 22/04/2023 16:00:00","BZN|PL","Without Sequence","125.36","",""
"22/04/2023 16:00:00 - 22/04/2023 17:00:00","BZN|PL","Without Sequence","113.73","",""
"22/04/2023 17:00:00 - 22/04/2023 18:00:00","BZN|PL","Without Sequence","136.70","",""
"22/04/2023 18:00:00 - 22/04/2023 19:00:00","BZN|PL","Without Sequence","142.41","",""
"22/04/2023 19:00:00 - 22/04/2023 20:00:00","BZN|PL","Without Sequence","129.47","",""
"22/04/2023 20:00:00 - 22/04/2023 21:00:00","BZN|PL","Without Sequence","130.33","",""
"22/04/2023 21:00:00 - 22/04/2023 22:00:00","BZN|PL","Without Sequence","119.43","",""
"22/04/2023 22:00:00 - 22/04/2023 23:00:00","BZN|PL","Without Sequence","106.78","",""
"22/04/2023 23:00:00 - 23/04/2023 00:00:00","BZN|PL","Without Sequence","100.09","",""
"23/04/2023 00:00:00 - 23/04/2023 01:00:00","BZN|PL","Without Sequence","94.80","",""
"23/04/2023 01:00:00 - 23/04/2023 02:00:00","BZN|PL","Without Sequence","89.20","",""
"23/04/2023 02:00:00 - 23/04/2023 03:00:00","BZN|PL","Without Sequence","86.49","",""
"23/04/2023 03:00:00 - 23/04/2023 04:00:00","BZN|PL","Without Sequence","88.34","",""
"23/04/2023 04:00:00 - 23/04/2023 05:00:00","BZN|PL","Without Sequence","89.41","",""
"23/04/2023 05:00:00 - 23/04/2023 06:00:00","BZN|PL","Without Sequence","88.57","",""
"23/04/2023 06:00:00 - 23/04/2023 07:00:00","BZN|PL","Without Sequence","90.19","",""
"23/04/2023 07:00:00 - 23/04/2023 08:00:00","BZN|PL","Without Sequence","71.59","",""
"23/04/2023 08:00:00 - 23/04/2023 09:00:00","BZN|PL","Without Sequence","67.81","",""
"23/04/2023 09:00:00 - 23/04/2023 10:00:00","BZN|PL","Without Sequence","48.20","",""
"23/04/2023 10:00:00 - 23/04/2023 11:00:00","BZN|PL","Without Sequence","36.07","",""
"23/04/2023 11:00:00 - 23/04/2023 12:00:00","BZN|PL","Without Sequence","21.68","",""
"23/04/2023 12:00:00 - 23/04/2023 13:00:00","BZN|PL","Without Sequence","24.01","",""
"23/04/2023 13:00:00 - 23/04/2023 14:00:00","BZN|PL","Without Sequence","43.47","",""
"23/04/2023 14:00:00 - 23/04/2023 15:00:00","BZN|PL","Without Sequence","92.08","",""
"23/04/2023 15:00:00 - 23/04/2023 16:00:00","BZN|PL","Without Sequence","118.86","",""
"23/04/2023 16:00:00 - 23/04/2023 17:00:00","BZN|PL","Without Sequence","127.99","",""
"23/04/2023 17:00:00 - 23/04/2023 18:00:00","BZN|PL","Without Sequence","131.79","",""
"23/04/2023 18:00:00 - 23/04/2023 19:00:00","BZN|PL","Without Sequence","136.30","",""
"23/04/2023 19:00:00 - 23/04/2023 20:00:00","BZN|PL","Without Sequence","125.02","",""
"23/04/2023 20:00:00 - 23/04/2023 21:00:00","BZN|PL","Without Sequence","116.95","",""
"23/04/2023 21:00:00 - 23/04/2023 22:00:00","BZN|PL","Without Sequence","123.30","",""
"23/04/2023 22:00:00 - 23/04/2023 23:00:00","BZN|PL","Without Sequence","125.03","",""
"23/04/2023 23:00:00 - 24/04/2023 00:00:00","BZN|PL","Without Sequence","117.74","",""
"24/04/2023 00:00:00 - 24/04/2023 01:00:00","BZN|PL","Without Sequence","117.73","",""
"24/04/2023 01:00:00 - 24/04/2023 02:00:00","BZN|PL","Without Sequence","117.73","",""
"24/04/2023 02:00:00 - 24/04/2023 03:00:00","BZN|PL","Without Sequence","120.16","",""
"24/04/2023 03:00:00 - 24/04/2023 04:00:00","BZN|PL","Without Sequence","121.23","",""
"24/04/2023 04:00:00 - 24/04/2023 05:00:00","BZN|PL","Without Sequence","127.07","",""
"24/04/2023 05:00:00 - 24/04/2023 06:00:00","BZN|PL","Without Sequence","133.80","",""
"24/04/2023 06:00:00 - 24/04/2023 07:00:00","BZN|PL","Without Sequence","135.00","",""
"24/04/2023 07:00:00 - 24/04/2023 08:00:00","BZN|PL","Without Sequence","129.00","",""
"24/04/2023 08:00:00 - 24/04/2023 09:00:00","BZN|PL","Without Sequence","127.99","",""
"24/04/2023 09:00:00 - 24/04/2023 10:00:00","BZN|PL","Without Sequence","127.89","",""
"24/04/2023 10:00:00 - 24/04/2023 11:00:00","BZN|PL","Without Sequence","128.00","",""
"24/04/2023 11:00:00 - 24/04/2023 12:00:00","BZN|PL","Without Sequence","128.00","",""
"24/04/2023 12:00:00 - 24/04/2023 13:00:00","BZN|PL","Without Sequence","125.40","",""
"24/04/2023 13:00:00 - 24/04/2023 14:00:00","BZN|PL","Without Sequence","126.86","",""
"24/04/2023 14:00:00 - 24/04/2023 15:00:00","BZN|PL","Without Sequence","122.10","",""
"24/04/2023 15:00:00 - 24/04/2023 16:00:00","BZN|PL","Without Sequence","120.18","",""
"24/04/2023 16:00:00 - 24/04/2023 17:00:00","BZN|PL","Without Sequence","122.35","",""
"24/04/2023 17:00:00 - 24/04/2023 18:00:00","BZN|PL","Without Sequence","134.57","",""
"24/04/2023 18:00:00 - 24/04/2023 19:00:00","BZN|PL","Without Sequence","135.97","",""
"24/04/2023 19:00:00 - 24/04/2023 20:00:00","BZN|PL","Without Sequence","132.67","",""
"24/04/2023 20:00:00 - 24/04/2023 21:00:00","BZN|PL","Without Sequence","127.05","",""
"24/04/2023 21:00:00 - 24/04/2023 22:00:00","BZN|PL","Without Sequence","127.76","",""
"24/04/2023 22:00:00 - 24/04/2023 23:00:00","BZN|PL","Without Sequence","121.84","",""
"24/04/2023 23:00:00 - 25/04/2023 00:00:00","BZN|PL","Without Sequence","115.95","",""
"25/04/2023 00:00:00 - 25/04/2023 01:00:00","BZN|PL","Without Sequence","112.91","",""
"25/04/2023 01:00:00 - 25/04/2023 02:00:00","BZN|PL","Without Sequence","113.80","",""
"25/04/2023 02:00:00 - 25/04/2023 03:00:00","BZN|PL","Without Sequence","119.95","",""
"25/04/2023 03:00:00 - 25/04/2023 04:00:00","BZN|PL","Without Sequence","119.35","",""
"25/04/2023 04:00:00 - 25/04/2023 05:00:00","BZN|PL","Without Sequence","127.08","",""
"25/04/2023 05:00:00 - 25/04/2023 06:00:00","BZN|PL","Without Sequence","134.10","",""
"25/04/2023 06:00:00 - 25/04/2023 07:00:00","BZN|PL","Without Sequence","134.93","",""
"25/04/2023 07:00:00 - 25/04/2023 08:00:00","BZN|PL","Without Sequence","126.61","",""
"25/04/2023 08:00:00 - 25/04/2023 09:00:00","BZN|PL","Without Sequence","127.73","",""
"25/04/2023 09:00:00 - 25/04/2023 10:00:00","BZN|PL","Without Sequence","128.49","",""
"25/04/2023 10:00:00 - 25/04/2023 11:00:00","BZN|PL","Without Sequence","127.21","",""
"25/04/2023 11:00:00 - 25/04/2023 12:00:00","BZN|PL","Without Sequence","125.08","",""
"25/04/2023 12:00:00 - 25/04/2023 13:00:00","BZN|PL","Without Sequence","126.60","",""
"25/04/2023 13:00:00 - 25/04/2023 14:00:00","BZN|PL","Without Sequence","127.06","",""
"25/04/2023 14:00:00 - 25/04/2023 15:00:00","BZN|PL","Without Sequence","117.17","",""
"25/04/2023 15:00:00 - 25/04/2023 16:00:00","BZN|PL","Without Sequence","113.81","",""
"25/04/2023 16:00:00 - 25/04/2023 17:00:00","BZN|PL","Without Sequence","126.61","",""
"25/04/2023 17:00:00 - 25/04/2023 18:00:00","BZN|PL","Without Sequence","132.85","",""
"25/04/2023 18:00:00 - 25/04/2023 19:00:00","BZN|PL","Without Sequence","144.16","",""
"25/04/2023 19:00:00 - 25/04/2023 20:00:00","BZN|PL","Without Sequence","133.47","",""
"25/04/2023 20:00:00 - 25/04/2023 21:00:00","BZN|PL","Without Sequence","125.51","",""
"25/04/2023 21:00:00 - 25/04/2023 22:00:00","BZN|PL","Without Sequence","115.94","",""
"25/04/2023 22:00:00 - 25/04/2023 23:00:00","BZN|PL","Without Sequence","105.93","",""
"25/04/2023 23:00:00 - 26/04/2023 00:00:00","BZN|PL","Without Sequence","99.98","",""
"26/04/2023 00:00:00 - 26/04/2023 01:00:00","BZN|PL","Without Sequence","97.89","",""
"26/04/2023 01:00:00 - 26/04/2023 02:00:00","BZN|PL","Without Sequence","96.81","",""
"26/04/2023 02:00:00 - 26/04/2023 03:00:00","BZN|PL","Without Sequence","97.90","",""
"26/04/2023 03:00:00 - 26/04/2023 04:00:00","BZN|PL","Without Sequence","104.43","",""
"26/04/2023 04:00:00 - 26/04/2023 05:00:00","BZN|PL","Without Sequence","125.16","",""
"26/04/2023 05:00:00 - 26/04/2023 06:00:00","BZN|PL","Without Sequence","128.66","",""
"26/04/2023 06:00:00 - 26/04/2023 07:00:00","BZN|PL","Without Sequence","126.12","",""
"26/04/2023 07:00:00 - 26/04/2023 08:00:00","BZN|PL","Without Sequence","98.07","",""
"26/04/2023 08:00:00 - 26/04/2023 09:00:00","BZN|PL","Without Sequence","92.33","",""
"26/04/2023 09:00:00 - 26/04/2023 10:00:00","BZN|PL","Without Sequence","98.06","",""
"26/04/2023 10:00:00 - 26/04/2023 11:00:00","BZN|PL","Without Sequence","93.56","",""
"26/04/2023 11:00:00 - 26/04/2023 12:00:00","BZN|PL","Without Sequence","98.65","",""
"26/04/2023 12:00:00 - 26/04/2023 13:00:00","BZN|PL","Without Sequence","97.52","",""
"26/04/2023 13:00:00 - 26/04/2023 14:00:00","BZN|PL","Without Sequence","96.52","",""
"26/04/2023 14:00:00 - 26/04/2023 15:00:00","BZN|PL","Without Sequence","101.22","",""
"26/04/2023 15:00:00 - 26/04/2023 16:00:00","BZN|PL","Without Sequence","112.38","",""
"26/04/2023 16:00:00 - 26/04/2023 17:00:00","BZN|PL","Without Sequence","128.02","",""
"26/04/2023 17:00:00 - 26/04/2023 18:00:00","BZN|PL","Without Sequence","147.82","",""
"26/04/2023 18:00:00 - 26/04/2023 19:00:00","BZN|PL","Without Sequence","154.97","",""
"26/04/2023 19:00:00 - 26/04/2023 20:00:00","BZN|PL","Without Sequence","145.88","",""
"26/04/2023 20:00:00 - 26/04/2023 21:00:00","BZN|PL","Without Sequence","129.58","",""
"26/04/2023 21:00:00 - 26/04/2023 22:00:00","BZN|PL","Without Sequence","122.12","",""
"26/04/2023 22:00:00 - 26/04/2023 23:00:00","BZN|PL","Without Sequence","121.81","",""
"26/04/2023 23:00:00 - 27/04/2023 00:00:00","BZN|PL","Without Sequence","114.33","",""
"27/04/2023 00:00:00 - 27/04/2023 01:00:00","BZN|PL","Without Sequence","111.34","",""
"27/04/2023 01:00:00 - 27/04/2023 02:00:00","BZN|PL","Without Sequence","112.20","",""
"27/04/2023 02:00:00 - 27/04/2023 03:00:00","BZN|PL","Without Sequence","118.65","",""
"27/04/2023 03:00:00 - 27/04/2023 04:00:00","BZN|PL","Without Sequence","114.50","",""
"27/04/2023 04:00:00 - 27/04/2023 05:00:00","BZN|PL","Without Sequence","127.03","",""
"27/04/2023 05:00:00 - 27/04/2023 06:00:00","BZN|PL","Without Sequence","130.69","",""
"27/04/2023 06:00:00 - 27/04/2023 07:00:00","BZN|PL","Without Sequence","127.08","",""
"27/04/2023 07:00:00 - 27/04/2023 08:00:00","BZN|PL","Without Sequence","110.38","",""
"27/04/2023 08:00:00 - 27/04/2023 09:00:00","BZN|PL","Without Sequence","113.05","",""
"27/04/2023 09:00:00 - 27/04/2023 10:00:00","BZN|PL","Without Sequence","113.29","",""
"27/04/2023 10:00:00 - 27/04/2023 11:00:00","BZN|PL","Without Sequence","114.58","",""
"27/04/2023 11:00:00 - 27/04/2023 12:00:00","BZN|PL","Without Sequence","108.89","",""
"27/04/2023 12:00:00 - 27/04/2023 13:00:00","BZN|PL","Without Sequence","104.12","",""
"27/04/2023 13:00:00 - 27/04/2023 14:00:00","BZN|PL","Without Sequence","103.13","",""
"27/04/2023 14:00:00 - 27/04/2023 15:00:00","BZN|PL","Without Sequence","103.48","",""
"27/04/2023 15:00:00 - 27/04/2023 16:00:00","BZN|PL","Without Sequence","108.95","",""
"27/04/2023 16:00:00 - 27/04/2023 17:00:00","BZN|PL","Without Sequence","125.73","",""
"27/04/2023 17:00:00 - 27/04/2023 18:00:00","BZN|PL","Without Sequence","152.84","",""
"27/04/2023 18:00:00 - 27/04/2023 19:00:00","BZN|PL","Without Sequence","161.28","",""
"27/04/2023 19:00:00 - 27/04/2023 20:00:00","BZN|PL","Without Sequence","140.91","",""
"27/04/2023 20:00:00 - 27/04/2023 21:00:00","BZN|PL","Without Sequence","126.34","",""
"27/04/2023 21:00:00 - 27/04/2023 22:00:00","BZN|PL","Without Sequence","103.49","",""
"27/04/2023 22:00:00 - 27/04/2023 23:00:00","BZN|PL","Without Sequence","121.05","",""
"27/04/2023 23:00:00 - 28/04/2023 00:00:00","BZN|PL","Without Sequence","120.02","",""
"28/04/2023 00:00:00 - 28/04/2023 01:00:00","BZN|PL","Without Sequence","121.29","",""
"28/04/2023 01:00:00 - 28/04/2023 02:00:00","BZN|PL","Without Sequence","119.85","",""
"28/04/2023 02:00:00 - 28/04/2023 03:00:00","BZN|PL","Without Sequence","122.03","",""
"28/04/2023 03:00:00 - 28/04/2023 04:00:00","BZN|PL","Without Sequence","124.69","",""
"28/04/2023 04:00:00 - 28/04/2023 05:00:00","BZN|PL","Without Sequence","125.02","",""
"28/04/2023 05:00:00 - 28/04/2023 06:00:00","BZN|PL","Without Sequence","124.07","",""
"28/04/2023 06:00:00 - 28/04/2023 07:00:00","BZN|PL","Without Sequence","128.14","",""
"28/04/2023 07:00:00 - 28/04/2023 08:00:00","BZN|PL","Without Sequence","122.70","",""
"28/04/2023 08:00:00 - 28/04/2023 09:00:00","BZN|PL","Without Sequence","114.41","",""
"28/04/2023 09:00:00 - 28/04/2023 10:00:00","BZN|PL","Without Sequence","111.05","",""
"28/04/2023 10:00:00 - 28/04/2023 11:00:00","BZN|PL","Without Sequence","113.74","",""
"28/04/2023 11:00:00 - 28/04/2023 12:00:00","BZN|PL","Without Sequence","113.29","",""
"28/04/2023 12:00:00 - 28/04/2023 13:00:00","BZN|PL","Without Sequence","108.53","",""
"28/04/2023 13:00:00 - 28/04/2023 14:00:00","BZN|PL","Without Sequence","123.99","",""
"28/04/2023 14:00:00 - 28/04/2023 15:00:00","BZN|PL","Without Sequence","124.00","",""
"28/04/2023 15:00:00 - 28/04/2023 16:00:00","BZN|PL","Without Sequence","124.00","",""
"28/04/2023 16:00:00 - 28/04/2023 17:00:00","BZN|PL","Without Sequence","115.57","",""
"28/04/2023 17:00:00 - 28/04/2023 18:00:00","BZN|PL","Without Sequence","132.82","",""
"28/04/2023 18:00:00 - 28/04/2023 19:00:00","BZN|PL","Without Sequence","141.60","",""
"28/04/2023 19:00:00 - 28/04/2023 20:00:00","BZN|PL","Without Sequence","124.34","",""
"28/04/2023 20:00:00 - 28/04/2023 21:00:00","BZN|PL","Without Sequence","122.81","",""
"28/04/2023 21:00:00 - 28/04/2023 22:00:00","BZN|PL","Without Sequence","119.81","",""
"28/04/2023 22:00:00 - 28/04/2023 23:00:00","BZN|PL","Without Sequence","120.68","",""
"28/04/2023 23:00:00 - 29/04/2023 00:00:00","BZN|PL","Without Sequence","118.47","",""
"29/04/2023 00:00:00 - 29/04/2023 01:00:00","BZN|PL","Without Sequence","118.77","",""
"29/04/2023 01:00:00 - 29/04/2023 02:00:00","BZN|PL","Without Sequence","120.41","",""
"29/04/2023 02:00:00 - 29/04/2023 03:00:00","BZN|PL","Without Sequence","119.85","",""
"29/04/2023 03:00:00 - 29/04/2023 04:00:00","BZN|PL","Without Sequence","120.05","",""
"29/04/2023 04:00:00 - 29/04/2023 05:00:00","BZN|PL","Without Sequence","124.22","",""
"29/04/2023 05:00:00 - 29/04/2023 06:00:00","BZN|PL","Without Sequence","120.51","",""
"29/04/2023 06:00:00 - 29/04/2023 07:00:00","BZN|PL","Without Sequence","120.25","",""
"29/04/2023 07:00:00 - 29/04/2023 08:00:00","BZN|PL","Without Sequence","124.32","",""
"29/04/2023 08:00:00 - 29/04/2023 09:00:00","BZN|PL","Without Sequence","124.56","",""
"29/04/2023 09:00:00 - 29/04/2023 10:00:00","BZN|PL","Without Sequence","126.78","",""
"29/04/2023 10:00:00 - 29/04/2023 11:00:00","BZN|PL","Without Sequence","125.96","",""
"29/04/2023 11:00:00 - 29/04/2023 12:00:00","BZN|PL","Without Sequence","126.44","",""
"29/04/2023 12:00:00 - 29/04/2023 13:00:00","BZN|PL","Without Sequence","126.38","",""
"29/04/2023 13:00:00 - 29/04/2023 14:00:00","BZN|PL","Without Sequence","124.32","",""
"29/04/2023 14:00:00 - 29/04/2023 15:00:00","BZN|PL","Without Sequence","124.29","",""
"29/04/2023 15:00:00 - 29/04/2023 16:00:00","BZN|PL","Without Sequence","124.70","",""
"29/04/2023 16:00:00 - 29/04/2023 17:00:00","BZN|PL","Without Sequence","109.15","",""
"29/04/2023 17:00:00 - 29/04/2023 18:00:00","BZN|PL","Without Sequence","118.29","",""
"29/04/2023 18:00:00 - 29/04/2023 19:00:00","BZN|PL","Without Sequence","135.04","",""
"29/04/2023 19:00:00 - 29/04/2023 20:00:00","BZN|PL","Without Sequence","126.37","",""
"29/04/2023 20:00:00 - 29/04/2023 21:00:00","BZN|PL","Without Sequence","115.57","",""
"29/04/2023 21:00:00 - 29/04/2023 22:00:00","BZN|PL","Without Sequence","121.71","",""
"29/04/2023 22:00:00 - 29/04/2023 23:00:00","BZN|PL","Without Sequence","99.28","",""
"29/04/2023 23:00:00 - 30/04/2023 00:00:00","BZN|PL","Without Sequence","91.09","",""
"30/04/2023 00:00:00 - 30/04/2023 01:00:00","BZN|PL","Without Sequence","88.38","",""
"30/04/2023 01:00:00 - 30/04/2023 02:00:00","BZN|PL","Without Sequence","85.59","",""
"30/04/2023 02:00:00 - 30/04/2023 03:00:00","BZN|PL","Without Sequence","85.33","",""
"30/04/2023 03:00:00 - 30/04/2023 04:00:00","BZN|PL","Without Sequence","88.00","",""
"30/04/2023 04:00:00 - 30/04/2023 05:00:00","BZN|PL","Without Sequence","86.28","",""
"30/04/2023 05:00:00 - 30/04/2023 06:00:00","BZN|PL","Without Sequence","82.00","",""
"30/04/2023 06:00:00 - 30/04/2023 07:00:00","BZN|PL","Without Sequence","75.00","",""
"30/04/2023 07:00:00 - 30/04/2023 08:00:00","BZN|PL","Without Sequence","49.93","",""
"30/04/2023 08:00:00 - 30/04/2023 09:00:00","BZN|PL","Without Sequence","27.70","",""
"30/04/2023 09:00:00 - 30/04/2023 10:00:00","BZN|PL","Without Sequence","13.49","",""
"30/04/2023 10:00:00 - 30/04/2023 11:00:00","BZN|PL","Without Sequence","8.98","",""
"30/04/2023 11:00:00 - 30/04/2023 12:00:00","BZN|PL","Without Sequence","9.95","",""
"30/04/2023 12:00:00 - 30/04/2023 13:00:00","BZN|PL","Without Sequence","7.99","",""
"30/04/2023 13:00:00 - 30/04/2023 14:00:00","BZN|PL","Without Sequence","12.65","",""
"30/04/2023 14:00:00 - 30/04/2023 15:00:00","BZN|PL","Without Sequence","25.10","",""
"30/04/2023 15:00:00 - 30/04/2023 16:00:00","BZN|PL","Without Sequence","91.24","",""
"30/04/2023 16:00:00 - 30/04/2023 17:00:00","BZN|PL","Without Sequence","122.16","",""
"30/04/2023 17:00:00 - 30/04/2023 18:00:00","BZN|PL","Without Sequence","120.53","",""
"30/04/2023 18:00:00 - 30/04/2023 19:00:00","BZN|PL","Without Sequence","123.61","",""
"30/04/2023 19:00:00 - 30/04/2023 20:00:00","BZN|PL","Without Sequence","122.20","",""
"30/04/2023 20:00:00 - 30/04/2023 21:00:00","BZN|PL","Without Sequence","117.12","",""
"30/04/2023 21:00:00 - 30/04/2023 22:00:00","BZN|PL","Without Sequence","108.71","",""
"30/04/2023 22:00:00 - 30/04/2023 23:00:00","BZN|PL","Without Sequence","109.90","",""
"30/04/2023 23:00:00 - 01/05/2023 00:00:00","BZN|PL","Without Sequence","99.90","",""
"01/05/2023 00:00:00 - 01/05/2023 01:00:00","BZN|PL","Without Sequence","95.49","",""
"01/05/2023 01:00:00 - 01/05/2023 02:00:00","BZN|PL","Without Sequence","89.97","",""
"01/05/2023 02:00:00 - 01/05/2023 03:00:00","BZN|PL","Without Sequence","87.30","",""
"01/05/2023 03:00:00 - 01/05/2023 04:00:00","BZN|PL","Without Sequence","88.00","",""
"01/05/2023 04:00:00 - 01/05/2023 05:00:00","BZN|PL","Without Sequence","87.08","",""
"01/05/2023 05:00:00 - 01/05/2023 06:00:00","BZN|PL","Without Sequence","84.46","",""
"01/05/2023 06:00:00 - 01/05/2023 07:00:00","BZN|PL","Without Sequence","65.55","",""
"01/05/2023 07:00:00 - 01/05/2023 08:00:00","BZN|PL","Without Sequence","50.09","",""
"01/05/2023 08:00:00 - 01/05/2023 09:00:00","BZN|PL","Without Sequence","49.43","",""
"01/05/2023 09:00:00 - 01/05/2023 10:00:00","BZN|PL","Without Sequence","44.25","",""
"01/05/2023 10:00:00 - 01/05/2023 11:00:00","BZN|PL","Without Sequence","41.90","",""
"01/05/2023 11:00:00 - 01/05/2023 12:00:00","BZN|PL","Without Sequence","34.24","",""
"01/05/2023 12:00:00 - 01/05/2023 13:00:00","BZN|PL","Without Sequence","29.91","",""
"01/05/2023 13:00:00 - 01/05/2023 14:00:00","BZN|PL","Without Sequence","40.20","",""
"01/05/2023 14:00:00 - 01/05/2023 15:00:00","BZN|PL","Without Sequence","74.77","",""
"01/05/2023 15:00:00 - 01/05/2023 16:00:00","BZN|PL","Without Sequence","92.88","",""
"01/05/2023 16:00:00 - 01/05/2023 17:00:00","BZN|PL","Without Sequence","114.59","",""
"01/05/2023 17:00:00 - 01/05/2023 18:00:00","BZN|PL","Without Sequence","123.75","",""
"01/05/2023 18:00:00 - 01/05/2023 19:00:00","BZN|PL","Without Sequence","125.75","",""
"01/05/2023 19:00:00 - 01/05/2023 20:00:00","BZN|PL","Without Sequence","121.39","",""
"01/05/2023 20:00:00 - 01/05/2023 21:00:00","BZN|PL","Without Sequence","117.90","",""
"01/05/2023 21:00:00 - 01/05/2023 22:00:00","BZN|PL","Without Sequence","111.04","",""
"01/05/2023 22:00:00 - 01/05/2023 23:00:00","BZN|PL","Without Sequence","98.48","",""
"01/05/2023 23:00:00 - 02/05/2023 00:00:00","BZN|PL","Without Sequence","85.60","",""
"02/05/2023 00:00:00 - 02/05/2023 01:00:00","BZN|PL","Without Sequence","83.30","",""
"02/05/2023 01:00:00 - 02/05/2023 02:00:00","BZN|PL","Without Sequence","80.90","",""
"02/05/2023 02:00:00 - 02/05/2023 03:00:00","BZN|PL","Without Sequence","81.22","",""
"02/05/2023 03:00:00 - 02/05/2023 04:00:00","BZN|PL","Without Sequence","90.39","",""
"02/05/2023 04:00:00 - 02/05/2023 05:00:00","BZN|PL","Without Sequence","111.06","",""
"02/05/2023 05:00:00 - 02/05/2023 06:00:00","BZN|PL","Without Sequence","123.34","",""
"02/05/2023 06:00:00 - 02/05/2023 07:00:00","BZN|PL","Without Sequence","130.57","",""
"02/05/2023 07:00:00 - 02/05/2023 08:00:00","BZN|PL","Without Sequence","122.34","",""
"02/05/2023 08:00:00 - 02/05/2023 09:00:00","BZN|PL","Without Sequence","112.89","",""
"02/05/2023 09:00:00 - 02/05/2023 10:00:00","BZN|PL","Without Sequence","108.96","",""
"02/05/2023 10:00:00 - 02/05/2023 11:00:00","BZN|PL","Without Sequence","98.46","",""
"02/05/2023 11:00:00 - 02/05/2023 12:00:00","BZN|PL","Without Sequence","94.72","",""
"02/05/2023 12:00:00 - 02/05/2023 13:00:00","BZN|PL","Without Sequence","99.24","",""
"02/05/2023 13:00:00 - 02/05/2023 14:00:00","BZN|PL","Without Sequence","89.86","",""
"02/05/2023 14:00:00 - 02/05/2023 15:00:00","BZN|PL","Without Sequence","87.20","",""
"02/05/2023 15:00:00 - 02/05/2023 16:00:00","BZN|PL","Without Sequence","94.43","",""
"02/05/2023 16:00:00 - 02/05/2023 17:00:00","BZN|PL","Without Sequence","117.38","",""
"02/05/2023 17:00:00 - 02/05/2023 18:00:00","BZN|PL","Without Sequence","130.00","",""
"02/05/2023 18:00:00 - 02/05/2023 19:00:00","BZN|PL","Without Sequence","142.86","",""
"02/05/2023 19:00:00 - 02/05/2023 20:00:00","BZN|PL","Without Sequence","133.69","",""
"02/05/2023 20:00:00 - 02/05/2023 21:00:00","BZN|PL","Without Sequence","124.02","",""
"02/05/2023 21:00:00 - 02/05/2023 22:00:00","BZN|PL","Without Sequence","116.13","",""
"02/05/2023 22:00:00 - 02/05/2023 23:00:00","BZN|PL","Without Sequence","112.78","",""
"02/05/2023 23:00:00 - 03/05/2023 00:00:00","BZN|PL","Without Sequence","106.05","",""
"03/05/2023 00:00:00 - 03/05/2023 01:00:00","BZN|PL","Without Sequence","104.98","",""
"03/05/2023 01:00:00 - 03/05/2023 02:00:00","BZN|PL","Without Sequence","106.54","",""
"03/05/2023 02:00:00 - 03/05/2023 03:00:00","BZN|PL","Without Sequence","107.07","",""
"03/05/2023 03:00:00 - 03/05/2023 04:00:00","BZN|PL","Without Sequence","111.03","",""
"03/05/2023 04:00:00 - 03/05/2023 05:00:00","BZN|PL","Without Sequence","124.70","",""
"03/05/2023 05:00:00 - 03/05/2023 06:00:00","BZN|PL","Without Sequence","132.05","",""
"03/05/2023 06:00:00 - 03/05/2023 07:00:00","BZN|PL","Without Sequence","125.10","",""
"03/05/2023 07:00:00 - 03/05/2023 08:00:00","BZN|PL","Without Sequence","110.10","",""
"03/05/2023 08:00:00 - 03/05/2023 09:00:00","BZN|PL","Without Sequence","91.16","",""
"03/05/2023 09:00:00 - 03/05/2023 10:00:00","BZN|PL","Without Sequence","84.16","",""
"03/05/2023 10:00:00 - 03/05/2023 11:00:00","BZN|PL","Without Sequence","77.60","",""
"03/05/2023 11:00:00 - 03/05/2023 12:00:00","BZN|PL","Without Sequence","77.85","",""
"03/05/2023 12:00:00 - 03/05/2023 13:00:00","BZN|PL","Without Sequence","78.64","",""
"03/05/2023 13:00:00 - 03/05/2023 14:00:00","BZN|PL","Without Sequence","82.97","",""
"03/05/2023 14:00:00 - 03/05/2023 15:00:00","BZN|PL","Without Sequence","94.71","",""
"03/05/2023 15:00:00 - 03/05/2023 16:00:00","BZN|PL","Without Sequence","99.38","",""
"03/05/2023 16:00:00 - 03/05/2023 17:00:00","BZN|PL","Without Sequence","122.86","",""
"03/05/2023 17:00:00 - 03/05/2023 18:00:00","BZN|PL","Without Sequence","139.41","",""
"03/05/2023 18:00:00 - 03/05/2023 19:00:00","BZN|PL","Without Sequence","169.53","",""
"03/05/2023 19:00:00 - 03/05/2023 20:00:00","BZN|PL","Without Sequence","131.72","",""
"03/05/2023 20:00:00 - 03/05/2023 21:00:00","BZN|PL","Without Sequence","120.15","",""
"03/05/2023 21:00:00 - 03/05/2023 22:00:00","BZN|PL","Without Sequence","113.27","",""
"03/05/2023 22:00:00 - 03/05/2023 23:00:00","BZN|PL","Without Sequence","121.34","",""
"03/05/2023 23:00:00 - 04/05/2023 00:00:00","BZN|PL","Without Sequence","118.07","",""
"04/05/2023 00:00:00 - 04/05/2023 01:00:00","BZN|PL","Without Sequence","118.07","",""
"04/05/2023 01:00:00 - 04/05/2023 02:00:00","BZN|PL","Without Sequence","118.60","",""
"04/05/2023 02:00:00 - 04/05/2023 03:00:00","BZN|PL","Without Sequence","119.62","",""
"04/05/2023 03:00:00 - 04/05/2023 04:00:00","BZN|PL","Without Sequence","123.97","",""
"04/05/2023 04:00:00 - 04/05/2023 05:00:00","BZN|PL","Without Sequence","131.07","",""
"04/05/2023 05:00:00 - 04/05/2023 06:00:00","BZN|PL","Without Sequence","129.76","",""
"04/05/2023 06:00:00 - 04/05/2023 07:00:00","BZN|PL","Without Sequence","119.90","",""
"04/05/2023 07:00:00 - 04/05/2023 08:00:00","BZN|PL","Without Sequence","104.42","",""
"04/05/2023 08:00:00 - 04/05/2023 09:00:00","BZN|PL","Without Sequence","90.00","",""
"04/05/2023 09:00:00 - 04/05/2023 10:00:00","BZN|PL","Without Sequence","79.60","",""
"04/05/2023 10:00:00 - 04/05/2023 11:00:00","BZN|PL","Without Sequence","84.45","",""
"04/05/2023 11:00:00 - 04/05/2023 12:00:00","BZN|PL","Without Sequence","90.11","",""
"04/05/2023 12:00:00 - 04/05/2023 13:00:00","BZN|PL","Without Sequence","94.02","",""
"04/05/2023 13:00:00 - 04/05/2023 14:00:00","BZN|PL","Without Sequence","96.28","",""
"04/05/2023 14:00:00 - 04/05/2023 15:00:00","BZN|PL","Without Sequence","106.14","",""
"04/05/2023 15:00:00 - 04/05/2023 16:00:00","BZN|PL","Without Sequence","123.63","",""
"04/05/2023 16:00:00 - 04/05/2023 17:00:00","BZN|PL","Without Sequence","131.57","",""
"04/05/2023 17:00:00 - 04/05/2023 18:00:00","BZN|PL","Without Sequence","146.07","",""
"04/05/2023 18:00:00 - 04/05/2023 19:00:00","BZN|PL","Without Sequence","156.47","",""
"04/05/2023 19:00:00 - 04/05/2023 20:00:00","BZN|PL","Without Sequence","133.23","",""
"04/05/2023 20:00:00 - 04/05/2023 21:00:00","BZN|PL","Without Sequence","125.47","",""
"04/05/2023 21:00:00 - 04/05/2023 22:00:00","BZN|PL","Without Sequence","114.50","",""
"04/05/2023 22:00:00 - 04/05/2023 23:00:00","BZN|PL","Without Sequence","109.02","",""
"04/05/2023 23:00:00 - 05/05/2023 00:00:00","BZN|PL","Without Sequence","109.02","",""
"05/05/2023 00:00:00 - 05/05/2023 01:00:00","BZN|PL","Without Sequence","110.36","",""
"05/05/2023 01:00:00 - 05/05/2023 02:00:00","BZN|PL","Without Sequence","110.36","",""
"05/05/2023 02:00:00 - 05/05/2023 03:00:00","BZN|PL","Without Sequence","112.08","",""
"05/05/2023 03:00:00 - 05/05/2023 04:00:00","BZN|PL","Without Sequence","109.17","",""
"05/05/2023 04:00:00 - 05/05/2023 05:00:00","BZN|PL","Without Sequence","117.99","",""
"05/05/2023 05:00:00 - 05/05/2023 06:00:00","BZN|PL","Without Sequence","113.75","",""
"05/05/2023 06:00:00 - 05/05/2023 07:00:00","BZN|PL","Without Sequence","110.84","",""
"05/05/2023 07:00:00 - 05/05/2023 08:00:00","BZN|PL","Without Sequence","98.04","",""
"05/05/2023 08:00:00 - 05/05/2023 09:00:00","BZN|PL","Without Sequence","90.98","",""
"05/05/2023 09:00:00 - 05/05/2023 10:00:00","BZN|PL","Without Sequence","82.39","",""
"05/05/2023 10:00:00 - 05/05/2023 11:00:00","BZN|PL","Without Sequence","79.39","",""
"05/05/2023 11:00:00 - 05/05/2023 12:00:00","BZN|PL","Without Sequence","77.05","",""
"05/05/2023 12:00:00 - 05/05/2023 13:00:00","BZN|PL","Without Sequence","78.90","",""
"05/05/2023 13:00:00 - 05/05/2023 14:00:00","BZN|PL","Without Sequence","81.08","",""
"05/05/2023 14:00:00 - 05/05/2023 15:00:00","BZN|PL","Without Sequence","91.16","",""
"05/05/2023 15:00:00 - 05/05/2023 16:00:00","BZN|PL","Without Sequence","100.00","",""
"05/05/2023 16:00:00 - 05/05/2023 17:00:00","BZN|PL","Without Sequence","114.89","",""
"05/05/2023 17:00:00 - 05/05/2023 18:00:00","BZN|PL","Without Sequence","120.54","",""
"05/05/2023 18:00:00 - 05/05/2023 19:00:00","BZN|PL","Without Sequence","121.81","",""
"05/05/2023 19:00:00 - 05/05/2023 20:00:00","BZN|PL","Without Sequence","120.29","",""
"05/05/2023 20:00:00 - 05/05/2023 21:00:00","BZN|PL","Without Sequence","115.56","",""
"05/05/2023 21:00:00 - 05/05/2023 22:00:00","BZN|PL","Without Sequence","104.31","",""
"05/05/2023 22:00:00 - 05/05/2023 23:00:00","BZN|PL","Without Sequence","106.71","",""
"05/05/2023 23:00:00 - 06/05/2023 00:00:00","BZN|PL","Without Sequence","99.62","",""
"06/05/2023 00:00:00 - 06/05/2023 01:00:00","BZN|PL","Without Sequence","95.71","",""
"06/05/2023 01:00:00 - 06/05/2023 02:00:00","BZN|PL","Without Sequence","91.70","",""
"06/05/2023 02:00:00 - 06/05/2023 03:00:00","BZN|PL","Without Sequence","89.93","",""
"06/05/2023 03:00:00 - 06/05/2023 04:00:00","BZN|PL","Without Sequence","91.70","",""
"06/05/2023 04:00:00 - 06/05/2023 05:00:00","BZN|PL","Without Sequence","97.20","",""
"06/05/2023 05:00:00 - 06/05/2023 06:00:00","BZN|PL","Without Sequence","99.02","",""
"06/05/2023 06:00:00 - 06/05/2023 07:00:00","BZN|PL","Without Sequence","95.13","",""
"06/05/2023 07:00:00 - 06/05/2023 08:00:00","BZN|PL","Without Sequence","93.28","",""
"06/05/2023 08:00:00 - 06/05/2023 09:00:00","BZN|PL","Without Sequence","82.53","",""
"06/05/2023 09:00:00 - 06/05/2023 10:00:00","BZN|PL","Without Sequence","94.71","",""
"06/05/2023 10:00:00 - 06/05/2023 11:00:00","BZN|PL","Without Sequence","93.88","",""
"06/05/2023 11:00:00 - 06/05/2023 12:00:00","BZN|PL","Without Sequence","95.61","",""
"06/05/2023 12:00:00 - 06/05/2023 13:00:00","BZN|PL","Without Sequence","94.82","",""
"06/05/2023 13:00:00 - 06/05/2023 14:00:00","BZN|PL","Without Sequence","98.08","",""
"06/05/2023 14:00:00 - 06/05/2023 15:00:00","BZN|PL","Without Sequence","102.44","",""
"06/05/2023 15:00:00 - 06/05/2023 16:00:00","BZN|PL","Without Sequence","108.94","",""
"06/05/2023 16:00:00 - 06/05/2023 17:00:00","BZN|PL","Without Sequence","112.78","",""
"06/05/2023 17:00:00 - 06/05/2023 18:00:00","BZN|PL","Without Sequence","109.77","",""
"06/05/2023 18:00:00 - 06/05/2023 19:00:00","BZN|PL","Without Sequence","111.96","",""
"06/05/2023 19:00:00 - 06/05/2023 20:00:00","BZN|PL","Without Sequence","108.71","",""
"06/05/2023 20:00:00 - 06/05/2023 21:00:00","BZN|PL","Without Sequence","103.12","",""
"06/05/2023 21:00:00 - 06/05/2023 22:00:00","BZN|PL","Without Sequence","92.38","",""
"06/05/2023 22:00:00 - 06/05/2023 23:00:00","BZN|PL","Without Sequence","93.87","",""
"06/05/2023 23:00:00 - 07/05/2023 00:00:00","BZN|PL","Without Sequence","86.45","",""
"07/05/2023 00:00:00 - 07/05/2023 01:00:00","BZN|PL","Without Sequence","82.49","",""
"07/05/2023 01:00:00 - 07/05/2023 02:00:00","BZN|PL","Without Sequence","83.50","",""
"07/05/2023 02:00:00 - 07/05/2023 03:00:00","BZN|PL","Without Sequence","82.93","",""
"07/05/2023 03:00:00 - 07/05/2023 04:00:00","BZN|PL","Without Sequence","83.88","",""
"07/05/2023 04:00:00 - 07/05/2023 05:00:00","BZN|PL","Without Sequence","82.40","",""
"07/05/2023 05:00:00 - 07/05/2023 06:00:00","BZN|PL","Without Sequence","81.90","",""
"07/05/2023 06:00:00 - 07/05/2023 07:00:00","BZN|PL","Without Sequence","80.64","",""
"07/05/2023 07:00:00 - 07/05/2023 08:00:00","BZN|PL","Without Sequence","67.72","",""
"07/05/2023 08:00:00 - 07/05/2023 09:00:00","BZN|PL","Without Sequence","58.98","",""
"07/05/2023 09:00:00 - 07/05/2023 10:00:00","BZN|PL","Without Sequence","50.23","",""
"07/05/2023 10:00:00 - 07/05/2023 11:00:00","BZN|PL","Without Sequence","50.42","",""
"07/05/2023 11:00:00 - 07/05/2023 12:00:00","BZN|PL","Without Sequence","50.44","",""
"07/05/2023 12:00:00 - 07/05/2023 13:00:00","BZN|PL","Without Sequence","50.42","",""
"07/05/2023 13:00:00 - 07/05/2023 14:00:00","BZN|PL","Without Sequence","53.73","",""
"07/05/2023 14:00:00 - 07/05/2023 15:00:00","BZN|PL","Without Sequence","61.33","",""
"07/05/2023 15:00:00 - 07/05/2023 16:00:00","BZN|PL","Without Sequence","86.28","",""
"07/05/2023 16:00:00 - 07/05/2023 17:00:00","BZN|PL","Without Sequence","95.22","",""
"07/05/2023 17:00:00 - 07/05/2023 18:00:00","BZN|PL","Without Sequence","101.51","",""
"07/05/2023 18:00:00 - 07/05/2023 19:00:00","BZN|PL","Without Sequence","112.69","",""
"07/05/2023 19:00:00 - 07/05/2023 20:00:00","BZN|PL","Without Sequence","105.80","",""
"07/05/2023 20:00:00 - 07/05/2023 21:00:00","BZN|PL","Without Sequence","100.76","",""
"07/05/2023 21:00:00 - 07/05/2023 22:00:00","BZN|PL","Without Sequence","96.22","",""
"07/05/2023 22:00:00 - 07/05/2023 23:00:00","BZN|PL","Without Sequence","99.92","",""
"07/05/2023 23:00:00 - 08/05/2023 00:00:00","BZN|PL","Without Sequence","97.88","",""
"08/05/2023 00:00:00 - 08/05/2023 01:00:00","BZN|PL","Without Sequence","97.84","",""
"08/05/2023 01:00:00 - 08/05/2023 02:00:00","BZN|PL","Without Sequence","99.58","",""
"08/05/2023 02:00:00 - 08/05/2023 03:00:00","BZN|PL","Without Sequence","106.83","",""
"08/05/2023 03:00:00 - 08/05/2023 04:00:00","BZN|PL","Without Sequence","109.26","",""
"08/05/2023 04:00:00 - 08/05/2023 05:00:00","BZN|PL","Without Sequence","117.97","",""
"08/05/2023 05:00:00 - 08/05/2023 06:00:00","BZN|PL","Without Sequence","118.58","",""
"08/05/2023 06:00:00 - 08/05/2023 07:00:00","BZN|PL","Without Sequence","110.97","",""
"08/05/2023 07:00:00 - 08/05/2023 08:00:00","BZN|PL","Without Sequence","100.01","",""
"08/05/2023 08:00:00 - 08/05/2023 09:00:00","BZN|PL","Without Sequence","91.69","",""
"08/05/2023 09:00:00 - 08/05/2023 10:00:00","BZN|PL","Without Sequence","81.75","",""
"08/05/2023 10:00:00 - 08/05/2023 11:00:00","BZN|PL","Without Sequence","80.82","",""
"08/05/2023 11:00:00 - 08/05/2023 12:00:00","BZN|PL","Without Sequence","77.73","",""
"08/05/2023 12:00:00 - 08/05/2023 13:00:00","BZN|PL","Without Sequence","81.63","",""
"08/05/2023 13:00:00 - 08/05/2023 14:00:00","BZN|PL","Without Sequence","95.01","",""
"08/05/2023 14:00:00 - 08/05/2023 15:00:00","BZN|PL","Without Sequence","107.06","",""
"08/05/2023 15:00:00 - 08/05/2023 16:00:00","BZN|PL","Without Sequence","122.34","",""
"08/05/2023 16:00:00 - 08/05/2023 17:00:00","BZN|PL","Without Sequence","123.14","",""
"08/05/2023 17:00:00 - 08/05/2023 18:00:00","BZN|PL","Without Sequence","134.03","",""
"08/05/2023 18:00:00 - 08/05/2023 19:00:00","BZN|PL","Without Sequence","148.47","",""
"08/05/2023 19:00:00 - 08/05/2023 20:00:00","BZN|PL","Without Sequence","121.99","",""
"08/05/2023 20:00:00 - 08/05/2023 21:00:00","BZN|PL","Without Sequence","112.97","",""
"08/05/2023 21:00:00 - 08/05/2023 22:00:00","BZN|PL","Without Sequence","99.53","",""
"08/05/2023 22:00:00 - 08/05/2023 23:00:00","BZN|PL","Without Sequence","111.73","",""
"08/05/2023 23:00:00 - 09/05/2023 00:00:00","BZN|PL","Without Sequence","103.07","",""
"09/05/2023 00:00:00 - 09/05/2023 01:00:00","BZN|PL","Without Sequence","103.00","",""
"09/05/2023 01:00:00 - 09/05/2023 02:00:00","BZN|PL","Without Sequence","103.17","",""
"09/05/2023 02:00:00 - 09/05/2023 03:00:00","BZN|PL","Without Sequence","107.35","",""
"09/05/2023 03:00:00 - 09/05/2023 04:00:00","BZN|PL","Without Sequence","109.54","",""
"09/05/2023 04:00:00 - 09/05/2023 05:00:00","BZN|PL","Without Sequence","115.53","",""
"09/05/2023 05:00:00 - 09/05/2023 06:00:00","BZN|PL","Without Sequence","121.00","",""
"09/05/2023 06:00:00 - 09/05/2023 07:00:00","BZN|PL","Without Sequence","117.88","",""
"09/05/2023 07:00:00 - 09/05/2023 08:00:00","BZN|PL","Without Sequence","104.74","",""
"09/05/2023 08:00:00 - 09/05/2023 09:00:00","BZN|PL","Without Sequence","88.11","",""
"09/05/2023 09:00:00 - 09/05/2023 10:00:00","BZN|PL","Without Sequence","78.91","",""
"09/05/2023 10:00:00 - 09/05/2023 11:00:00","BZN|PL","Without Sequence","67.58","",""
"09/05/2023 11:00:00 - 09/05/2023 12:00:00","BZN|PL","Without Sequence","61.78","",""
"09/05/2023 12:00:00 - 09/05/2023 13:00:00","BZN|PL","Without Sequence","63.53","",""
"09/05/2023 13:00:00 - 09/05/2023 14:00:00","BZN|PL","Without Sequence","81.38","",""
"09/05/2023 14:00:00 - 09/05/2023 15:00:00","BZN|PL","Without Sequence","84.44","",""
"09/05/2023 15:00:00 - 09/05/2023 16:00:00","BZN|PL","Without Sequence","100.06","",""
"09/05/2023 16:00:00 - 09/05/2023 17:00:00","BZN|PL","Without Sequence","115.70","",""
"09/05/2023 17:00:00 - 09/05/2023 18:00:00","BZN|PL","Without Sequence","123.38","",""
"09/05/2023 18:00:00 - 09/05/2023 19:00:00","BZN|PL","Without Sequence","124.06","",""
"09/05/2023 19:00:00 - 09/05/2023 20:00:00","BZN|PL","Without Sequence","112.83","",""
"09/05/2023 20:00:00 - 09/05/2023 21:00:00","BZN|PL","Without Sequence","109.58","",""
"09/05/2023 21:00:00 - 09/05/2023 22:00:00","BZN|PL","Without Sequence","93.29","",""
"09/05/2023 22:00:00 - 09/05/2023 23:00:00","BZN|PL","Without Sequence","92.11","",""
"09/05/2023 23:00:00 - 10/05/2023 00:00:00","BZN|PL","Without Sequence","89.57","",""
"10/05/2023 00:00:00 - 10/05/2023 01:00:00","BZN|PL","Without Sequence","88.38","",""
"10/05/2023 01:00:00 - 10/05/2023 02:00:00","BZN|PL","Without Sequence","86.19","",""
"10/05/2023 02:00:00 - 10/05/2023 03:00:00","BZN|PL","Without Sequence","87.66","",""
"10/05/2023 03:00:00 - 10/05/2023 04:00:00","BZN|PL","Without Sequence","89.75","",""
"10/05/2023 04:00:00 - 10/05/2023 05:00:00","BZN|PL","Without Sequence","98.39","",""
"10/05/2023 05:00:00 - 10/05/2023 06:00:00","BZN|PL","Without Sequence","95.06","",""
"10/05/2023 06:00:00 - 10/05/2023 07:00:00","BZN|PL","Without Sequence","92.53","",""
"10/05/2023 07:00:00 - 10/05/2023 08:00:00","BZN|PL","Without Sequence","91.06","",""
"10/05/2023 08:00:00 - 10/05/2023 09:00:00","BZN|PL","Without Sequence","76.37","",""
"10/05/2023 09:00:00 - 10/05/2023 10:00:00","BZN|PL","Without Sequence","55.87","",""
"10/05/2023 10:00:00 - 10/05/2023 11:00:00","BZN|PL","Without Sequence","54.81","",""
"10/05/2023 11:00:00 - 10/05/2023 12:00:00","BZN|PL","Without Sequence","61.30","",""
"10/05/2023 12:00:00 - 10/05/2023 13:00:00","BZN|PL","Without Sequence","60.06","",""
"10/05/2023 13:00:00 - 10/05/2023 14:00:00","BZN|PL","Without Sequence","69.08","",""
"10/05/2023 14:00:00 - 10/05/2023 15:00:00","BZN|PL","Without Sequence","85.38","",""
"10/05/2023 15:00:00 - 10/05/2023 16:00:00","BZN|PL","Without Sequence","103.35","",""
"10/05/2023 16:00:00 - 10/05/2023 17:00:00","BZN|PL","Without Sequence","109.46","",""
"10/05/2023 17:00:00 - 10/05/2023 18:00:00","BZN|PL","Without Sequence","107.72","",""
"10/05/2023 18:00:00 - 10/05/2023 19:00:00","BZN|PL","Without Sequence","107.61","",""
"10/05/2023 19:00:00 - 10/05/2023 20:00:00","BZN|PL","Without Sequence","109.46","",""
"10/05/2023 20:00:00 - 10/05/2023 21:00:00","BZN|PL","Without Sequence","108.26","",""
"10/05/2023 21:00:00 - 10/05/2023 22:00:00","BZN|PL","Without Sequence","97.42","",""
"10/05/2023 22:00:00 - 10/05/2023 23:00:00","BZN|PL","Without Sequence","100.00","",""
"10/05/2023 23:00:00 - 11/05/2023 00:00:00","BZN|PL","Without Sequence","96.94","",""
"11/05/2023 00:00:00 - 11/05/2023 01:00:00","BZN|PL","Without Sequence","96.00","",""
"11/05/2023 01:00:00 - 11/05/2023 02:00:00","BZN|PL","Without Sequence","96.32","",""
"11/05/2023 02:00:00 - 11/05/2023 03:00:00","BZN|PL","Without Sequence","97.12","",""
"11/05/2023 03:00:00 - 11/05/2023 04:00:00","BZN|PL","Without Sequence","101.96","",""
"11/05/2023 04:00:00 - 11/05/2023 05:00:00","BZN|PL","Without Sequence","105.62","",""
"11/05/2023 05:00:00 - 11/05/2023 06:00:00","BZN|PL","Without Sequence","106.99","",""
"11/05/2023 06:00:00 - 11/05/2023 07:00:00","BZN|PL","Without Sequence","99.74","",""
"11/05/2023 07:00:00 - 11/05/2023 08:00:00","BZN|PL","Without Sequence","113.37","",""
"11/05/2023 08:00:00 - 11/05/2023 09:00:00","BZN|PL","Without Sequence","85.37","",""
"11/05/2023 09:00:00 - 11/05/2023 10:00:00","BZN|PL","Without Sequence","89.99","",""
"11/05/2023 10:00:00 - 11/05/2023 11:00:00","BZN|PL","Without Sequence","91.54","",""
"11/05/2023 11:00:00 - 11/05/2023 12:00:00","BZN|PL","Without Sequence","99.40","",""
"11/05/2023 12:00:00 - 11/05/2023 13:00:00","BZN|PL","Without Sequence","99.01","",""
"11/05/2023 13:00:00 - 11/05/2023 14:00:00","BZN|PL","Without Sequence","96.81","",""
"11/05/2023 14:00:00 - 11/05/2023 15:00:00","BZN|PL","Without Sequence","103.40","",""
"11/05/2023 15:00:00 - 11/05/2023 16:00:00","BZN|PL","Without Sequence","115.10","",""
"11/05/2023 16:00:00 - 11/05/2023 17:00:00","BZN|PL","Without Sequence","119.74","",""
"11/05/2023 17:00:00 - 11/05/2023 18:00:00","BZN|PL","Without Sequence","124.56","",""
"11/05/2023 18:00:00 - 11/05/2023 19:00:00","BZN|PL","Without Sequence","134.23","",""
"11/05/2023 19:00:00 - 11/05/2023 20:00:00","BZN|PL","Without Sequence","122.12","",""
"11/05/2023 20:00:00 - 11/05/2023 21:00:00","BZN|PL","Without Sequence","113.99","",""
"11/05/2023 21:00:00 - 11/05/2023 22:00:00","BZN|PL","Without Sequence","101.66","",""
"11/05/2023 22:00:00 - 11/05/2023 23:00:00","BZN|PL","Without Sequence","98.53","",""
"11/05/2023 23:00:00 - 12/05/2023 00:00:00","BZN|PL","Without Sequence","95.22","",""
"12/05/2023 00:00:00 - 12/05/2023 01:00:00","BZN|PL","Without Sequence","94.77","",""
"12/05/2023 01:00:00 - 12/05/2023 02:00:00","BZN|PL","Without Sequence","95.17","",""
"12/05/2023 02:00:00 - 12/05/2023 03:00:00","BZN|PL","Without Sequence","94.96","",""
"12/05/2023 03:00:00 - 12/05/2023 04:00:00","BZN|PL","Without Sequence","98.83","",""
"12/05/2023 04:00:00 - 12/05/2023 05:00:00","BZN|PL","Without Sequence","115.62","",""
"12/05/2023 05:00:00 - 12/05/2023 06:00:00","BZN|PL","Without Sequence","121.38","",""
"12/05/2023 06:00:00 - 12/05/2023 07:00:00","BZN|PL","Without Sequence","103.94","",""
"12/05/2023 07:00:00 - 12/05/2023 08:00:00","BZN|PL","Without Sequence","110.58","",""
"12/05/2023 08:00:00 - 12/05/2023 09:00:00","BZN|PL","Without Sequence","82.48","",""
"12/05/2023 09:00:00 - 12/05/2023 10:00:00","BZN|PL","Without Sequence","66.75","",""
"12/05/2023 10:00:00 - 12/05/2023 11:00:00","BZN|PL","Without Sequence","52.87","",""
"12/05/2023 11:00:00 - 12/05/2023 12:00:00","BZN|PL","Without Sequence","54.86","",""
"12/05/2023 12:00:00 - 12/05/2023 13:00:00","BZN|PL","Without Sequence","53.08","",""
"12/05/2023 13:00:00 - 12/05/2023 14:00:00","BZN|PL","Without Sequence","57.50","",""
"12/05/2023 14:00:00 - 12/05/2023 15:00:00","BZN|PL","Without Sequence","84.04","",""
"12/05/2023 15:00:00 - 12/05/2023 16:00:00","BZN|PL","Without Sequence","98.41","",""
"12/05/2023 16:00:00 - 12/05/2023 17:00:00","BZN|PL","Without Sequence","119.70","",""
"12/05/2023 17:00:00 - 12/05/2023 18:00:00","BZN|PL","Without Sequence","128.21","",""
"12/05/2023 18:00:00 - 12/05/2023 19:00:00","BZN|PL","Without Sequence","129.95","",""
"12/05/2023 19:00:00 - 12/05/2023 20:00:00","BZN|PL","Without Sequence","123.84","",""
"12/05/2023 20:00:00 - 12/05/2023 21:00:00","BZN|PL","Without Sequence","113.26","",""
"12/05/2023 21:00:00 - 12/05/2023 22:00:00","BZN|PL","Without Sequence","103.94","",""
"12/05/2023 22:00:00 - 12/05/2023 23:00:00","BZN|PL","Without Sequence","104.91","",""
"12/05/2023 23:00:00 - 13/05/2023 00:00:00","BZN|PL","Without Sequence","102.14","",""
"13/05/2023 00:00:00 - 13/05/2023 01:00:00","BZN|PL","Without Sequence","100.00","",""
"13/05/2023 01:00:00 - 13/05/2023 02:00:00","BZN|PL","Without Sequence","99.57","",""
"13/05/2023 02:00:00 - 13/05/2023 03:00:00","BZN|PL","Without Sequence","100.49","",""
"13/05/2023 03:00:00 - 13/05/2023 04:00:00","BZN|PL","Without Sequence","97.23","",""
"13/05/2023 04:00:00 - 13/05/2023 05:00:00","BZN|PL","Without Sequence","99.19","",""
"13/05/2023 05:00:00 - 13/05/2023 06:00:00","BZN|PL","Without Sequence","97.94","",""
"13/05/2023 06:00:00 - 13/05/2023 07:00:00","BZN|PL","Without Sequence","98.07","",""
"13/05/2023 07:00:00 - 13/05/2023 08:00:00","BZN|PL","Without Sequence","90.24","",""
"13/05/2023 08:00:00 - 13/05/2023 09:00:00","BZN|PL","Without Sequence","73.60","",""
"13/05/2023 09:00:00 - 13/05/2023 10:00:00","BZN|PL","Without Sequence","50.69","",""
"13/05/2023 10:00:00 - 13/05/2023 11:00:00","BZN|PL","Without Sequence","53.25","",""
"13/05/2023 11:00:00 - 13/05/2023 12:00:00","BZN|PL","Without Sequence","53.30","",""
"13/05/2023 12:00:00 - 13/05/2023 13:00:00","BZN|PL","Without Sequence","58.31","",""
"13/05/2023 13:00:00 - 13/05/2023 14:00:00","BZN|PL","Without Sequence","79.48","",""
"13/05/2023 14:00:00 - 13/05/2023 15:00:00","BZN|PL","Without Sequence","96.43","",""
"13/05/2023 15:00:00 - 13/05/2023 16:00:00","BZN|PL","Without Sequence","119.00","",""
"13/05/2023 16:00:00 - 13/05/2023 17:00:00","BZN|PL","Without Sequence","121.32","",""
"13/05/2023 17:00:00 - 13/05/2023 18:00:00","BZN|PL","Without Sequence","118.02","",""
"13/05/2023 18:00:00 - 13/05/2023 19:00:00","BZN|PL","Without Sequence","121.40","",""
"13/05/2023 19:00:00 - 13/05/2023 20:00:00","BZN|PL","Without Sequence","118.03","",""
"13/05/2023 20:00:00 - 13/05/2023 21:00:00","BZN|PL","Without Sequence","110.22","",""
"13/05/2023 21:00:00 - 13/05/2023 22:00:00","BZN|PL","Without Sequence","105.78","",""
"13/05/2023 22:00:00 - 13/05/2023 23:00:00","BZN|PL","Without Sequence","102.37","",""
"13/05/2023 23:00:00 - 14/05/2023 00:00:00","BZN|PL","Without Sequence","105.06","",""
"14/05/2023 00:00:00 - 14/05/2023 01:00:00","BZN|PL","Without Sequence","105.15","",""
"14/05/2023 01:00:00 - 14/05/2023 02:00:00","BZN|PL","Without Sequence","107.34","",""
"14/05/2023 02:00:00 - 14/05/2023 03:00:00","BZN|PL","Without Sequence","106.35","",""
"14/05/2023 03:00:00 - 14/05/2023 04:00:00","BZN|PL","Without Sequence","97.09","",""
"14/05/2023 04:00:00 - 14/05/2023 05:00:00","BZN|PL","Without Sequence","96.20","",""
"14/05/2023 05:00:00 - 14/05/2023 06:00:00","BZN|PL","Without Sequence","91.92","",""
"14/05/2023 06:00:00 - 14/05/2023 07:00:00","BZN|PL","Without Sequence","77.95","",""
"14/05/2023 07:00:00 - 14/05/2023 08:00:00","BZN|PL","Without Sequence","54.90","",""
"14/05/2023 08:00:00 - 14/05/2023 09:00:00","BZN|PL","Without Sequence","25.09","",""
"14/05/2023 09:00:00 - 14/05/2023 10:00:00","BZN|PL","Without Sequence","13.89","",""
"14/05/2023 10:00:00 - 14/05/2023 11:00:00","BZN|PL","Without Sequence","10.74","",""
"14/05/2023 11:00:00 - 14/05/2023 12:00:00","BZN|PL","Without Sequence","10.57","",""
"14/05/2023 12:00:00 - 14/05/2023 13:00:00","BZN|PL","Without Sequence","11.06","",""
"14/05/2023 13:00:00 - 14/05/2023 14:00:00","BZN|PL","Without Sequence","17.31","",""
"14/05/2023 14:00:00 - 14/05/2023 15:00:00","BZN|PL","Without Sequence","57.67","",""
"14/05/2023 15:00:00 - 14/05/2023 16:00:00","BZN|PL","Without Sequence","96.15","",""
"14/05/2023 16:00:00 - 14/05/2023 17:00:00","BZN|PL","Without Sequence","105.63","",""
"14/05/2023 17:00:00 - 14/05/2023 18:00:00","BZN|PL","Without Sequence","115.23","",""
"14/05/2023 18:00:00 - 14/05/2023 19:00:00","BZN|PL","Without Sequence","126.13","",""
"14/05/2023 19:00:00 - 14/05/2023 20:00:00","BZN|PL","Without Sequence","126.62","",""
"14/05/2023 20:00:00 - 14/05/2023 21:00:00","BZN|PL","Without Sequence","118.42","",""
"14/05/2023 21:00:00 - 14/05/2023 22:00:00","BZN|PL","Without Sequence","107.52","",""
"14/05/2023 22:00:00 - 14/05/2023 23:00:00","BZN|PL","Without Sequence","116.19","",""
"14/05/2023 23:00:00 - 15/05/2023 00:00:00","BZN|PL","Without Sequence","107.79","",""
"15/05/2023 00:00:00 - 15/05/2023 01:00:00","BZN|PL","Without Sequence","108.36","",""
"15/05/2023 01:00:00 - 15/05/2023 02:00:00","BZN|PL","Without Sequence","108.36","",""
"15/05/2023 02:00:00 - 15/05/2023 03:00:00","BZN|PL","Without Sequence","110.75","",""
"15/05/2023 03:00:00 - 15/05/2023 04:00:00","BZN|PL","Without Sequence","122.51","",""
"15/05/2023 04:00:00 - 15/05/2023 05:00:00","BZN|PL","Without Sequence","143.08","",""
"15/05/2023 05:00:00 - 15/05/2023 06:00:00","BZN|PL","Without Sequence","164.74","",""
"15/05/2023 06:00:00 - 15/05/2023 07:00:00","BZN|PL","Without Sequence","151.42","",""
"15/05/2023 07:00:00 - 15/05/2023 08:00:00","BZN|PL","Without Sequence","126.03","",""
"15/05/2023 08:00:00 - 15/05/2023 09:00:00","BZN|PL","Without Sequence","129.16","",""
"15/05/2023 09:00:00 - 15/05/2023 10:00:00","BZN|PL","Without Sequence","126.62","",""
"15/05/2023 10:00:00 - 15/05/2023 11:00:00","BZN|PL","Without Sequence","122.95","",""
"15/05/2023 11:00:00 - 15/05/2023 12:00:00","BZN|PL","Without Sequence","122.32","",""
"15/05/2023 12:00:00 - 15/05/2023 13:00:00","BZN|PL","Without Sequence","122.93","",""
"15/05/2023 13:00:00 - 15/05/2023 14:00:00","BZN|PL","Without Sequence","128.80","",""
"15/05/2023 14:00:00 - 15/05/2023 15:00:00","BZN|PL","Without Sequence","129.46","",""
"15/05/2023 15:00:00 - 15/05/2023 16:00:00","BZN|PL","Without Sequence","129.53","",""
"15/05/2023 16:00:00 - 15/05/2023 17:00:00","BZN|PL","Without Sequence","133.61","",""
"15/05/2023 17:00:00 - 15/05/2023 18:00:00","BZN|PL","Without Sequence","153.30","",""
"15/05/2023 18:00:00 - 15/05/2023 19:00:00","BZN|PL","Without Sequence","161.49","",""
"15/05/2023 19:00:00 - 15/05/2023 20:00:00","BZN|PL","Without Sequence","146.00","",""
"15/05/2023 20:00:00 - 15/05/2023 21:00:00","BZN|PL","Without Sequence","126.15","",""
"15/05/2023 21:00:00 - 15/05/2023 22:00:00","BZN|PL","Without Sequence","112.81","",""
"15/05/2023 22:00:00 - 15/05/2023 23:00:00","BZN|PL","Without Sequence","113.24","",""
"15/05/2023 23:00:00 - 16/05/2023 00:00:00","BZN|PL","Without Sequence","111.08","",""
"16/05/2023 00:00:00 - 16/05/2023 01:00:00","BZN|PL","Without Sequence","109.42","",""
"16/05/2023 01:00:00 - 16/05/2023 02:00:00","BZN|PL","Without Sequence","110.65","",""
"16/05/2023 02:00:00 - 16/05/2023 03:00:00","BZN|PL","Without Sequence","109.01","",""
"16/05/2023 03:00:00 - 16/05/2023 04:00:00","BZN|PL","Without Sequence","110.86","",""
"16/05/2023 04:00:00 - 16/05/2023 05:00:00","BZN|PL","Without Sequence","116.64","",""
"16/05/2023 05:00:00 - 16/05/2023 06:00:00","BZN|PL","Without Sequence","118.91","",""
"16/05/2023 06:00:00 - 16/05/2023 07:00:00","BZN|PL","Without Sequence","119.54","",""
"16/05/2023 07:00:00 - 16/05/2023 08:00:00","BZN|PL","Without Sequence","110.36","",""
"16/05/2023 08:00:00 - 16/05/2023 09:00:00","BZN|PL","Without Sequence","94.64","",""
"16/05/2023 09:00:00 - 16/05/2023 10:00:00","BZN|PL","Without Sequence","99.66","",""
"16/05/2023 10:00:00 - 16/05/2023 11:00:00","BZN|PL","Without Sequence","98.81","",""
"16/05/2023 11:00:00 - 16/05/2023 12:00:00","BZN|PL","Without Sequence","108.80","",""
"16/05/2023 12:00:00 - 16/05/2023 13:00:00","BZN|PL","Without Sequence","123.56","",""
"16/05/2023 13:00:00 - 16/05/2023 14:00:00","BZN|PL","Without Sequence","124.41","",""
"16/05/2023 14:00:00 - 16/05/2023 15:00:00","BZN|PL","Without Sequence","111.77","",""
"16/05/2023 15:00:00 - 16/05/2023 16:00:00","BZN|PL","Without Sequence","124.51","",""
"16/05/2023 16:00:00 - 16/05/2023 17:00:00","BZN|PL","Without Sequence","144.32","",""
"16/05/2023 17:00:00 - 16/05/2023 18:00:00","BZN|PL","Without Sequence","161.16","",""
"16/05/2023 18:00:00 - 16/05/2023 19:00:00","BZN|PL","Without Sequence","165.28","",""
"16/05/2023 19:00:00 - 16/05/2023 20:00:00","BZN|PL","Without Sequence","157.16","",""
"16/05/2023 20:00:00 - 16/05/2023 21:00:00","BZN|PL","Without Sequence","122.12","",""
"16/05/2023 21:00:00 - 16/05/2023 22:00:00","BZN|PL","Without Sequence","108.58","",""
"16/05/2023 22:00:00 - 16/05/2023 23:00:00","BZN|PL","Without Sequence","111.99","",""
"16/05/2023 23:00:00 - 17/05/2023 00:00:00","BZN|PL","Without Sequence","113.67","",""
"17/05/2023 00:00:00 - 17/05/2023 01:00:00","BZN|PL","Without Sequence","111.72","",""
"17/05/2023 01:00:00 - 17/05/2023 02:00:00","BZN|PL","Without Sequence","112.63","",""
"17/05/2023 02:00:00 - 17/05/2023 03:00:00","BZN|PL","Without Sequence","112.53","",""
"17/05/2023 03:00:00 - 17/05/2023 04:00:00","BZN|PL","Without Sequence","109.19","",""
"17/05/2023 04:00:00 - 17/05/2023 05:00:00","BZN|PL","Without Sequence","114.68","",""
"17/05/2023 05:00:00 - 17/05/2023 06:00:00","BZN|PL","Without Sequence","131.84","",""
"17/05/2023 06:00:00 - 17/05/2023 07:00:00","BZN|PL","Without Sequence","123.30","",""
"17/05/2023 07:00:00 - 17/05/2023 08:00:00","BZN|PL","Without Sequence","124.94","",""
"17/05/2023 08:00:00 - 17/05/2023 09:00:00","BZN|PL","Without Sequence","115.43","",""
"17/05/2023 09:00:00 - 17/05/2023 10:00:00","BZN|PL","Without Sequence","124.57","",""
"17/05/2023 10:00:00 - 17/05/2023 11:00:00","BZN|PL","Without Sequence","123.56","",""
"17/05/2023 11:00:00 - 17/05/2023 12:00:00","BZN|PL","Without Sequence","123.50","",""
"17/05/2023 12:00:00 - 17/05/2023 13:00:00","BZN|PL","Without Sequence","123.46","",""
"17/05/2023 13:00:00 - 17/05/2023 14:00:00","BZN|PL","Without Sequence","123.47","",""
"17/05/2023 14:00:00 - 17/05/2023 15:00:00","BZN|PL","Without Sequence","118.11","",""
"17/05/2023 15:00:00 - 17/05/2023 16:00:00","BZN|PL","Without Sequence","110.99","",""
"17/05/2023 16:00:00 - 17/05/2023 17:00:00","BZN|PL","Without Sequence","109.19","",""
"17/05/2023 17:00:00 - 17/05/2023 18:00:00","BZN|PL","Without Sequence","125.53","",""
"17/05/2023 18:00:00 - 17/05/2023 19:00:00","BZN|PL","Without Sequence","142.73","",""
"17/05/2023 19:00:00 - 17/05/2023 20:00:00","BZN|PL","Without Sequence","138.54","",""
"17/05/2023 20:00:00 - 17/05/2023 21:00:00","BZN|PL","Without Sequence","111.00","",""
"17/05/2023 21:00:00 - 17/05/2023 22:00:00","BZN|PL","Without Sequence","114.76","",""
"17/05/2023 22:00:00 - 17/05/2023 23:00:00","BZN|PL","Without Sequence","116.41","",""
"17/05/2023 23:00:00 - 18/05/2023 00:00:00","BZN|PL","Without Sequence","120.24","",""
"18/05/2023 00:00:00 - 18/05/2023 01:00:00","BZN|PL","Without Sequence","118.81","",""
"18/05/2023 01:00:00 - 18/05/2023 02:00:00","BZN|PL","Without Sequence","121.04","",""
"18/05/2023 02:00:00 - 18/05/2023 03:00:00","BZN|PL","Without Sequence","116.85","",""
"18/05/2023 03:00:00 - 18/05/2023 04:00:00","BZN|PL","Without Sequence","118.13","",""
"18/05/2023 04:00:00 - 18/05/2023 05:00:00","BZN|PL","Without Sequence","128.10","",""
"18/05/2023 05:00:00 - 18/05/2023 06:00:00","BZN|PL","Without Sequence","137.95","",""
"18/05/2023 06:00:00 - 18/05/2023 07:00:00","BZN|PL","Without Sequence","129.01","",""
"18/05/2023 07:00:00 - 18/05/2023 08:00:00","BZN|PL","Without Sequence","129.59","",""
"18/05/2023 08:00:00 - 18/05/2023 09:00:00","BZN|PL","Without Sequence","124.59","",""
"18/05/2023 09:00:00 - 18/05/2023 10:00:00","BZN|PL","Without Sequence","114.00","",""
"18/05/2023 10:00:00 - 18/05/2023 11:00:00","BZN|PL","Without Sequence","126.65","",""
"18/05/2023 11:00:00 - 18/05/2023 12:00:00","BZN|PL","Without Sequence","126.65","",""
"18/05/2023 12:00:00 - 18/05/2023 13:00:00","BZN|PL","Without Sequence","116.88","",""
"18/05/2023 13:00:00 - 18/05/2023 14:00:00","BZN|PL","Without Sequence","114.57","",""
"18/05/2023 14:00:00 - 18/05/2023 15:00:00","BZN|PL","Without Sequence","126.84","",""
"18/05/2023 15:00:00 - 18/05/2023 16:00:00","BZN|PL","Without Sequence","126.93","",""
"18/05/2023 16:00:00 - 18/05/2023 17:00:00","BZN|PL","Without Sequence","129.27","",""
"18/05/2023 17:00:00 - 18/05/2023 18:00:00","BZN|PL","Without Sequence","135.05","",""
"18/05/2023 18:00:00 - 18/05/2023 19:00:00","BZN|PL","Without Sequence","150.17","",""
"18/05/2023 19:00:00 - 18/05/2023 20:00:00","BZN|PL","Without Sequence","122.48","",""
"18/05/2023 20:00:00 - 18/05/2023 21:00:00","BZN|PL","Without Sequence","126.66","",""
"18/05/2023 21:00:00 - 18/05/2023 22:00:00","BZN|PL","Without Sequence","117.00","",""
"18/05/2023 22:00:00 - 18/05/2023 23:00:00","BZN|PL","Without Sequence","119.17","",""
"18/05/2023 23:00:00 - 19/05/2023 00:00:00","BZN|PL","Without Sequence","119.19","",""
"19/05/2023 00:00:00 - 19/05/2023 01:00:00","BZN|PL","Without Sequence","120.12","",""
"19/05/2023 01:00:00 - 19/05/2023 02:00:00","BZN|PL","Without Sequence","119.20","",""
"19/05/2023 02:00:00 - 19/05/2023 03:00:00","BZN|PL","Without Sequence","120.94","",""
"19/05/2023 03:00:00 - 19/05/2023 04:00:00","BZN|PL","Without Sequence","121.23","",""
"19/05/2023 04:00:00 - 19/05/2023 05:00:00","BZN|PL","Without Sequence","143.21","",""
"19/05/2023 05:00:00 - 19/05/2023 06:00:00","BZN|PL","Without Sequence","152.46","",""
"19/05/2023 06:00:00 - 19/05/2023 07:00:00","BZN|PL","Without Sequence","151.60","",""
"19/05/2023 07:00:00 - 19/05/2023 08:00:00","BZN|PL","Without Sequence","145.42","",""
"19/05/2023 08:00:00 - 19/05/2023 09:00:00","BZN|PL","Without Sequence","136.61","",""
"19/05/2023 09:00:00 - 19/05/2023 10:00:00","BZN|PL","Without Sequence","150.06","",""
"19/05/2023 10:00:00 - 19/05/2023 11:00:00","BZN|PL","Without Sequence","147.25","",""
"19/05/2023 11:00:00 - 19/05/2023 12:00:00","BZN|PL","Without Sequence","145.48","",""
"19/05/2023 12:00:00 - 19/05/2023 13:00:00","BZN|PL","Without Sequence","139.66","",""
"19/05/2023 13:00:00 - 19/05/2023 14:00:00","BZN|PL","Without Sequence","136.61","",""
"19/05/2023 14:00:00 - 19/05/2023 15:00:00","BZN|PL","Without Sequence","129.99","",""
"19/05/2023 15:00:00 - 19/05/2023 16:00:00","BZN|PL","Without Sequence","110.31","",""
"19/05/2023 16:00:00 - 19/05/2023 17:00:00","BZN|PL","Without Sequence","115.75","",""
"19/05/2023 17:00:00 - 19/05/2023 18:00:00","BZN|PL","Without Sequence","141.72","",""
"19/05/2023 18:00:00 - 19/05/2023 19:00:00","BZN|PL","Without Sequence","162.95","",""
"19/05/2023 19:00:00 - 19/05/2023 20:00:00","BZN|PL","Without Sequence","140.25","",""
"19/05/2023 20:00:00 - 19/05/2023 21:00:00","BZN|PL","Without Sequence","115.10","",""
"19/05/2023 21:00:00 - 19/05/2023 22:00:00","BZN|PL","Without Sequence","117.58","",""
"19/05/2023 22:00:00 - 19/05/2023 23:00:00","BZN|PL","Without Sequence","118.02","",""
"19/05/2023 23:00:00 - 20/05/2023 00:00:00","BZN|PL","Without Sequence","111.69","",""
"20/05/2023 00:00:00 - 20/05/2023 01:00:00","BZN|PL","Without Sequence","111.14","",""
"20/05/2023 01:00:00 - 20/05/2023 02:00:00","BZN|PL","Without Sequence","110.59","",""
"20/05/2023 02:00:00 - 20/05/2023 03:00:00","BZN|PL","Without Sequence","109.93","",""
"20/05/2023 03:00:00 - 20/05/2023 04:00:00","BZN|PL","Without Sequence","107.94","",""
"20/05/2023 04:00:00 - 20/05/2023 05:00:00","BZN|PL","Without Sequence","112.63","",""
"20/05/2023 05:00:00 - 20/05/2023 06:00:00","BZN|PL","Without Sequence","121.16","",""
"20/05/2023 06:00:00 - 20/05/2023 07:00:00","BZN|PL","Without Sequence","126.08","",""
"20/05/2023 07:00:00 - 20/05/2023 08:00:00","BZN|PL","Without Sequence","125.06","",""
"20/05/2023 08:00:00 - 20/05/2023 09:00:00","BZN|PL","Without Sequence","110.61","",""
"20/05/2023 09:00:00 - 20/05/2023 10:00:00","BZN|PL","Without Sequence","110.17","",""
"20/05/2023 10:00:00 - 20/05/2023 11:00:00","BZN|PL","Without Sequence","103.53","",""
"20/05/2023 11:00:00 - 20/05/2023 12:00:00","BZN|PL","Without Sequence","99.14","",""
"20/05/2023 12:00:00 - 20/05/2023 13:00:00","BZN|PL","Without Sequence","99.14","",""
"20/05/2023 13:00:00 - 20/05/2023 14:00:00","BZN|PL","Without Sequence","100.01","",""
"20/05/2023 14:00:00 - 20/05/2023 15:00:00","BZN|PL","Without Sequence","111.31","",""
"20/05/2023 15:00:00 - 20/05/2023 16:00:00","BZN|PL","Without Sequence","123.37","",""
"20/05/2023 16:00:00 - 20/05/2023 17:00:00","BZN|PL","Without Sequence","126.09","",""
"20/05/2023 17:00:00 - 20/05/2023 18:00:00","BZN|PL","Without Sequence","127.77","",""
"20/05/2023 18:00:00 - 20/05/2023 19:00:00","BZN|PL","Without Sequence","126.08","",""
"20/05/2023 19:00:00 - 20/05/2023 20:00:00","BZN|PL","Without Sequence","127.72","",""
"20/05/2023 20:00:00 - 20/05/2023 21:00:00","BZN|PL","Without Sequence","121.16","",""
"20/05/2023 21:00:00 - 20/05/2023 22:00:00","BZN|PL","Without Sequence","114.59","",""
"20/05/2023 22:00:00 - 20/05/2023 23:00:00","BZN|PL","Without Sequence","98.90","",""
"20/05/2023 23:00:00 - 21/05/2023 00:00:00","BZN|PL","Without Sequence","88.66","",""
"21/05/2023 00:00:00 - 21/05/2023 01:00:00","BZN|PL","Without Sequence","87.04","",""
"21/05/2023 01:00:00 - 21/05/2023 02:00:00","BZN|PL","Without Sequence","87.04","",""
"21/05/2023 02:00:00 - 21/05/2023 03:00:00","BZN|PL","Without Sequence","87.95","",""
"21/05/2023 03:00:00 - 21/05/2023 04:00:00","BZN|PL","Without Sequence","86.25","",""
"21/05/2023 04:00:00 - 21/05/2023 05:00:00","BZN|PL","Without Sequence","87.24","",""
"21/05/2023 05:00:00 - 21/05/2023 06:00:00","BZN|PL","Without Sequence","84.77","",""
"21/05/2023 06:00:00 - 21/05/2023 07:00:00","BZN|PL","Without Sequence","70.03","",""
"21/05/2023 07:00:00 - 21/05/2023 08:00:00","BZN|PL","Without Sequence","37.16","",""
"21/05/2023 08:00:00 - 21/05/2023 09:00:00","BZN|PL","Without Sequence","20.68","",""
"21/05/2023 09:00:00 - 21/05/2023 10:00:00","BZN|PL","Without Sequence","12.14","",""
"21/05/2023 10:00:00 - 21/05/2023 11:00:00","BZN|PL","Without Sequence","7.56","",""
"21/05/2023 11:00:00 - 21/05/2023 12:00:00","BZN|PL","Without Sequence","8.82","",""
"21/05/2023 12:00:00 - 21/05/2023 13:00:00","BZN|PL","Without Sequence","13.78","",""
"21/05/2023 13:00:00 - 21/05/2023 14:00:00","BZN|PL","Without Sequence","21.99","",""
"21/05/2023 14:00:00 - 21/05/2023 15:00:00","BZN|PL","Without Sequence","39.34","",""
"21/05/2023 15:00:00 - 21/05/2023 16:00:00","BZN|PL","Without Sequence","88.05","",""
"21/05/2023 16:00:00 - 21/05/2023 17:00:00","BZN|PL","Without Sequence","99.32","",""
"21/05/2023 17:00:00 - 21/05/2023 18:00:00","BZN|PL","Without Sequence","99.15","",""
"21/05/2023 18:00:00 - 21/05/2023 19:00:00","BZN|PL","Without Sequence","92.91","",""
"21/05/2023 19:00:00 - 21/05/2023 20:00:00","BZN|PL","Without Sequence","91.00","",""
"21/05/2023 20:00:00 - 21/05/2023 21:00:00","BZN|PL","Without Sequence","89.94","",""
"21/05/2023 21:00:00 - 21/05/2023 22:00:00","BZN|PL","Without Sequence","93.01","",""
"21/05/2023 22:00:00 - 21/05/2023 23:00:00","BZN|PL","Without Sequence","103.52","",""
"21/05/2023 23:00:00 - 22/05/2023 00:00:00","BZN|PL","Without Sequence","103.47","",""
"22/05/2023 00:00:00 - 22/05/2023 01:00:00","BZN|PL","Without Sequence","103.55","",""
"22/05/2023 01:00:00 - 22/05/2023 02:00:00","BZN|PL","Without Sequence","106.78","",""
"22/05/2023 02:00:00 - 22/05/2023 03:00:00","BZN|PL","Without Sequence","105.69","",""
"22/05/2023 03:00:00 - 22/05/2023 04:00:00","BZN|PL","Without Sequence","106.78","",""
"22/05/2023 04:00:00 - 22/05/2023 05:00:00","BZN|PL","Without Sequence","118.74","",""
"22/05/2023 05:00:00 - 22/05/2023 06:00:00","BZN|PL","Without Sequence","125.48","",""
"22/05/2023 06:00:00 - 22/05/2023 07:00:00","BZN|PL","Without Sequence","123.32","",""
"22/05/2023 07:00:00 - 22/05/2023 08:00:00","BZN|PL","Without Sequence","116.85","",""
"22/05/2023 08:00:00 - 22/05/2023 09:00:00","BZN|PL","Without Sequence","101.92","",""
"22/05/2023 09:00:00 - 22/05/2023 10:00:00","BZN|PL","Without Sequence","99.18","",""
"22/05/2023 10:00:00 - 22/05/2023 11:00:00","BZN|PL","Without Sequence","97.98","",""
"22/05/2023 11:00:00 - 22/05/2023 12:00:00","BZN|PL","Without Sequence","97.98","",""
"22/05/2023 12:00:00 - 22/05/2023 13:00:00","BZN|PL","Without Sequence","110.27","",""
"22/05/2023 13:00:00 - 22/05/2023 14:00:00","BZN|PL","Without Sequence","112.11","",""
"22/05/2023 14:00:00 - 22/05/2023 15:00:00","BZN|PL","Without Sequence","121.11","",""
"22/05/2023 15:00:00 - 22/05/2023 16:00:00","BZN|PL","Without Sequence","123.30","",""
"22/05/2023 16:00:00 - 22/05/2023 17:00:00","BZN|PL","Without Sequence","118.76","",""
"22/05/2023 17:00:00 - 22/05/2023 18:00:00","BZN|PL","Without Sequence","149.21","",""
"22/05/2023 18:00:00 - 22/05/2023 19:00:00","BZN|PL","Without Sequence","164.52","",""
"22/05/2023 19:00:00 - 22/05/2023 20:00:00","BZN|PL","Without Sequence","144.05","",""
"22/05/2023 20:00:00 - 22/05/2023 21:00:00","BZN|PL","Without Sequence","121.31","",""
"22/05/2023 21:00:00 - 22/05/2023 22:00:00","BZN|PL","Without Sequence","112.36","",""
"22/05/2023 22:00:00 - 22/05/2023 23:00:00","BZN|PL","Without Sequence","109.23","",""
"22/05/2023 23:00:00 - 23/05/2023 00:00:00","BZN|PL","Without Sequence","109.23","",""
"23/05/2023 00:00:00 - 23/05/2023 01:00:00","BZN|PL","Without Sequence","110.34","",""
"23/05/2023 01:00:00 - 23/05/2023 02:00:00","BZN|PL","Without Sequence","110.34","",""
"23/05/2023 02:00:00 - 23/05/2023 03:00:00","BZN|PL","Without Sequence","108.13","",""
"23/05/2023 03:00:00 - 23/05/2023 04:00:00","BZN|PL","Without Sequence","108.13","",""
"23/05/2023 04:00:00 - 23/05/2023 05:00:00","BZN|PL","Without Sequence","121.46","",""
"23/05/2023 05:00:00 - 23/05/2023 06:00:00","BZN|PL","Without Sequence","120.94","",""
"23/05/2023 06:00:00 - 23/05/2023 07:00:00","BZN|PL","Without Sequence","120.27","",""
"23/05/2023 07:00:00 - 23/05/2023 08:00:00","BZN|PL","Without Sequence","118.59","",""
"23/05/2023 08:00:00 - 23/05/2023 09:00:00","BZN|PL","Without Sequence","110.33","",""
"23/05/2023 09:00:00 - 23/05/2023 10:00:00","BZN|PL","Without Sequence","110.46","",""
"23/05/2023 10:00:00 - 23/05/2023 11:00:00","BZN|PL","Without Sequence","110.43","",""
"23/05/2023 11:00:00 - 23/05/2023 12:00:00","BZN|PL","Without Sequence","113.48","",""
"23/05/2023 12:00:00 - 23/05/2023 13:00:00","BZN|PL","Without Sequence","120.55","",""
"23/05/2023 13:00:00 - 23/05/2023 14:00:00","BZN|PL","Without Sequence","121.43","",""
"23/05/2023 14:00:00 - 23/05/2023 15:00:00","BZN|PL","Without Sequence","123.50","",""
"23/05/2023 15:00:00 - 23/05/2023 16:00:00","BZN|PL","Without Sequence","136.82","",""
"23/05/2023 16:00:00 - 23/05/2023 17:00:00","BZN|PL","Without Sequence","158.89","",""
"23/05/2023 17:00:00 - 23/05/2023 18:00:00","BZN|PL","Without Sequence","167.53","",""
"23/05/2023 18:00:00 - 23/05/2023 19:00:00","BZN|PL","Without Sequence","167.74","",""
"23/05/2023 19:00:00 - 23/05/2023 20:00:00","BZN|PL","Without Sequence","162.40","",""
"23/05/2023 20:00:00 - 23/05/2023 21:00:00","BZN|PL","Without Sequence","130.03","",""
"23/05/2023 21:00:00 - 23/05/2023 22:00:00","BZN|PL","Without Sequence","120.55","",""
"23/05/2023 22:00:00 - 23/05/2023 23:00:00","BZN|PL","Without Sequence","116.42","",""
"23/05/2023 23:00:00 - 24/05/2023 00:00:00","BZN|PL","Without Sequence","115.81","",""
"24/05/2023 00:00:00 - 24/05/2023 01:00:00","BZN|PL","Without Sequence","117.76","",""
"24/05/2023 01:00:00 - 24/05/2023 02:00:00","BZN|PL","Without Sequence","117.29","",""
"24/05/2023 02:00:00 - 24/05/2023 03:00:00","BZN|PL","Without Sequence","115.12","",""
"24/05/2023 03:00:00 - 24/05/2023 04:00:00","BZN|PL","Without Sequence","115.66","",""
"24/05/2023 04:00:00 - 24/05/2023 05:00:00","BZN|PL","Without Sequence","122.28","",""
"24/05/2023 05:00:00 - 24/05/2023 06:00:00","BZN|PL","Without Sequence","144.52","",""
"24/05/2023 06:00:00 - 24/05/2023 07:00:00","BZN|PL","Without Sequence","151.19","",""
"24/05/2023 07:00:00 - 24/05/2023 08:00:00","BZN|PL","Without Sequence","148.96","",""
"24/05/2023 08:00:00 - 24/05/2023 09:00:00","BZN|PL","Without Sequence","135.86","",""
"24/05/2023 09:00:00 - 24/05/2023 10:00:00","BZN|PL","Without Sequence","139.58","",""
"24/05/2023 10:00:00 - 24/05/2023 11:00:00","BZN|PL","Without Sequence","135.63","",""
"24/05/2023 11:00:00 - 24/05/2023 12:00:00","BZN|PL","Without Sequence","130.07","",""
"24/05/2023 12:00:00 - 24/05/2023 13:00:00","BZN|PL","Without Sequence","127.02","",""
"24/05/2023 13:00:00 - 24/05/2023 14:00:00","BZN|PL","Without Sequence","122.28","",""
"24/05/2023 14:00:00 - 24/05/2023 15:00:00","BZN|PL","Without Sequence","130.00","",""
"24/05/2023 15:00:00 - 24/05/2023 16:00:00","BZN|PL","Without Sequence","151.19","",""
"24/05/2023 16:00:00 - 24/05/2023 17:00:00","BZN|PL","Without Sequence","163.76","",""
"24/05/2023 17:00:00 - 24/05/2023 18:00:00","BZN|PL","Without Sequence","171.20","",""
"24/05/2023 18:00:00 - 24/05/2023 19:00:00","BZN|PL","Without Sequence","189.00","",""
"24/05/2023 19:00:00 - 24/05/2023 20:00:00","BZN|PL","Without Sequence","171.31","",""
"24/05/2023 20:00:00 - 24/05/2023 21:00:00","BZN|PL","Without Sequence","152.82","",""
"24/05/2023 21:00:00 - 24/05/2023 22:00:00","BZN|PL","Without Sequence","113.17","",""
"24/05/2023 22:00:00 - 24/05/2023 23:00:00","BZN|PL","Without Sequence","110.28","",""
"24/05/2023 23:00:00 - 25/05/2023 00:00:00","BZN|PL","Without Sequence","111.68","",""
"25/05/2023 00:00:00 - 25/05/2023 01:00:00","BZN|PL","Without Sequence","113.30","",""
"25/05/2023 01:00:00 - 25/05/2023 02:00:00","BZN|PL","Without Sequence","113.64","",""
"25/05/2023 02:00:00 - 25/05/2023 03:00:00","BZN|PL","Without Sequence","111.61","",""
"25/05/2023 03:00:00 - 25/05/2023 04:00:00","BZN|PL","Without Sequence","111.54","",""
"25/05/2023 04:00:00 - 25/05/2023 05:00:00","BZN|PL","Without Sequence","122.53","",""
"25/05/2023 05:00:00 - 25/05/2023 06:00:00","BZN|PL","Without Sequence","162.65","",""
"25/05/2023 06:00:00 - 25/05/2023 07:00:00","BZN|PL","Without Sequence","162.70","",""
"25/05/2023 07:00:00 - 25/05/2023 08:00:00","BZN|PL","Without Sequence","128.30","",""
"25/05/2023 08:00:00 - 25/05/2023 09:00:00","BZN|PL","Without Sequence","116.15","",""
"25/05/2023 09:00:00 - 25/05/2023 10:00:00","BZN|PL","Without Sequence","117.06","",""
"25/05/2023 10:00:00 - 25/05/2023 11:00:00","BZN|PL","Without Sequence","117.06","",""
"25/05/2023 11:00:00 - 25/05/2023 12:00:00","BZN|PL","Without Sequence","117.04","",""
"25/05/2023 12:00:00 - 25/05/2023 13:00:00","BZN|PL","Without Sequence","116.97","",""
"25/05/2023 13:00:00 - 25/05/2023 14:00:00","BZN|PL","Without Sequence","118.63","",""
"25/05/2023 14:00:00 - 25/05/2023 15:00:00","BZN|PL","Without Sequence","131.44","",""
"25/05/2023 15:00:00 - 25/05/2023 16:00:00","BZN|PL","Without Sequence","144.70","",""
"25/05/2023 16:00:00 - 25/05/2023 17:00:00","BZN|PL","Without Sequence","162.87","",""
"25/05/2023 17:00:00 - 25/05/2023 18:00:00","BZN|PL","Without Sequence","164.85","",""
"25/05/2023 18:00:00 - 25/05/2023 19:00:00","BZN|PL","Without Sequence","167.09","",""
"25/05/2023 19:00:00 - 25/05/2023 20:00:00","BZN|PL","Without Sequence","159.74","",""
"25/05/2023 20:00:00 - 25/05/2023 21:00:00","BZN|PL","Without Sequence","107.67","",""
"25/05/2023 21:00:00 - 25/05/2023 22:00:00","BZN|PL","Without Sequence","109.16","",""
"25/05/2023 22:00:00 - 25/05/2023 23:00:00","BZN|PL","Without Sequence","104.33","",""
"25/05/2023 23:00:00 - 26/05/2023 00:00:00","BZN|PL","Without Sequence","104.34","",""
"26/05/2023 00:00:00 - 26/05/2023 01:00:00","BZN|PL","Without Sequence","107.49","",""
"26/05/2023 01:00:00 - 26/05/2023 02:00:00","BZN|PL","Without Sequence","107.86","",""
"26/05/2023 02:00:00 - 26/05/2023 03:00:00","BZN|PL","Without Sequence","107.66","",""
"26/05/2023 03:00:00 - 26/05/2023 04:00:00","BZN|PL","Without Sequence","104.34","",""
"26/05/2023 04:00:00 - 26/05/2023 05:00:00","BZN|PL","Without Sequence","111.02","",""
"26/05/2023 05:00:00 - 26/05/2023 06:00:00","BZN|PL","Without Sequence","118.71","",""
"26/05/2023 06:00:00 - 26/05/2023 07:00:00","BZN|PL","Without Sequence","118.00","",""
"26/05/2023 07:00:00 - 26/05/2023 08:00:00","BZN|PL","Without Sequence","116.84","",""
"26/05/2023 08:00:00 - 26/05/2023 09:00:00","BZN|PL","Without Sequence","84.35","",""
"26/05/2023 09:00:00 - 26/05/2023 10:00:00","BZN|PL","Without Sequence","79.38","",""
"26/05/2023 10:00:00 - 26/05/2023 11:00:00","BZN|PL","Without Sequence","77.70","",""
"26/05/2023 11:00:00 - 26/05/2023 12:00:00","BZN|PL","Without Sequence","76.08","",""
"26/05/2023 12:00:00 - 26/05/2023 13:00:00","BZN|PL","Without Sequence","75.15","",""
"26/05/2023 13:00:00 - 26/05/2023 14:00:00","BZN|PL","Without Sequence","82.29","",""
"26/05/2023 14:00:00 - 26/05/2023 15:00:00","BZN|PL","Without Sequence","110.96","",""
"26/05/2023 15:00:00 - 26/05/2023 16:00:00","BZN|PL","Without Sequence","116.87","",""
"26/05/2023 16:00:00 - 26/05/2023 17:00:00","BZN|PL","Without Sequence","145.32","",""
"26/05/2023 17:00:00 - 26/05/2023 18:00:00","BZN|PL","Without Sequence","160.00","",""
"26/05/2023 18:00:00 - 26/05/2023 19:00:00","BZN|PL","Without Sequence","160.04","",""
"26/05/2023 19:00:00 - 26/05/2023 20:00:00","BZN|PL","Without Sequence","155.58","",""
"26/05/2023 20:00:00 - 26/05/2023 21:00:00","BZN|PL","Without Sequence","101.62","",""
"26/05/2023 21:00:00 - 26/05/2023 22:00:00","BZN|PL","Without Sequence","92.50","",""
"26/05/2023 22:00:00 - 26/05/2023 23:00:00","BZN|PL","Without Sequence","98.12","",""
"26/05/2023 23:00:00 - 27/05/2023 00:00:00","BZN|PL","Without Sequence","99.42","",""
"27/05/2023 00:00:00 - 27/05/2023 01:00:00","BZN|PL","Without Sequence","104.80","",""
"27/05/2023 01:00:00 - 27/05/2023 02:00:00","BZN|PL","Without Sequence","104.10","",""
"27/05/2023 02:00:00 - 27/05/2023 03:00:00","BZN|PL","Without Sequence","102.68","",""
"27/05/2023 03:00:00 - 27/05/2023 04:00:00","BZN|PL","Without Sequence","99.99","",""
"27/05/2023 04:00:00 - 27/05/2023 05:00:00","BZN|PL","Without Sequence","111.93","",""
"27/05/2023 05:00:00 - 27/05/2023 06:00:00","BZN|PL","Without Sequence","112.53","",""
"27/05/2023 06:00:00 - 27/05/2023 07:00:00","BZN|PL","Without Sequence","110.39","",""
"27/05/2023 07:00:00 - 27/05/2023 08:00:00","BZN|PL","Without Sequence","77.06","",""
"27/05/2023 08:00:00 - 27/05/2023 09:00:00","BZN|PL","Without Sequence","70.50","",""
"27/05/2023 09:00:00 - 27/05/2023 10:00:00","BZN|PL","Without Sequence","50.87","",""
"27/05/2023 10:00:00 - 27/05/2023 11:00:00","BZN|PL","Without Sequence","40.97","",""
"27/05/2023 11:00:00 - 27/05/2023 12:00:00","BZN|PL","Without Sequence","40.26","",""
"27/05/2023 12:00:00 - 27/05/2023 13:00:00","BZN|PL","Without Sequence","45.32","",""
"27/05/2023 13:00:00 - 27/05/2023 14:00:00","BZN|PL","Without Sequence","66.87","",""
"27/05/2023 14:00:00 - 27/05/2023 15:00:00","BZN|PL","Without Sequence","103.69","",""
"27/05/2023 15:00:00 - 27/05/2023 16:00:00","BZN|PL","Without Sequence","110.42","",""
"27/05/2023 16:00:00 - 27/05/2023 17:00:00","BZN|PL","Without Sequence","122.66","",""
"27/05/2023 17:00:00 - 27/05/2023 18:00:00","BZN|PL","Without Sequence","140.58","",""
"27/05/2023 18:00:00 - 27/05/2023 19:00:00","BZN|PL","Without Sequence","146.26","",""
"27/05/2023 19:00:00 - 27/05/2023 20:00:00","BZN|PL","Without Sequence","125.85","",""
"27/05/2023 20:00:00 - 27/05/2023 21:00:00","BZN|PL","Without Sequence","100.18","",""
"27/05/2023 21:00:00 - 27/05/2023 22:00:00","BZN|PL","Without Sequence","94.71","",""
"27/05/2023 22:00:00 - 27/05/2023 23:00:00","BZN|PL","Without Sequence","87.09","",""
"27/05/2023 23:00:00 - 28/05/2023 00:00:00","BZN|PL","Without Sequence","84.00","",""
"28/05/2023 00:00:00 - 28/05/2023 01:00:00","BZN|PL","Without Sequence","81.92","",""
"28/05/2023 01:00:00 - 28/05/2023 02:00:00","BZN|PL","Without Sequence","77.87","",""
"28/05/2023 02:00:00 - 28/05/2023 03:00:00","BZN|PL","Without Sequence","77.86","",""
"28/05/2023 03:00:00 - 28/05/2023 04:00:00","BZN|PL","Without Sequence","74.64","",""
"28/05/2023 04:00:00 - 28/05/2023 05:00:00","BZN|PL","Without Sequence","77.13","",""
"28/05/2023 05:00:00 - 28/05/2023 06:00:00","BZN|PL","Without Sequence","70.14","",""
"28/05/2023 06:00:00 - 28/05/2023 07:00:00","BZN|PL","Without Sequence","44.12","",""
"28/05/2023 07:00:00 - 28/05/2023 08:00:00","BZN|PL","Without Sequence","13.32","",""
"28/05/2023 08:00:00 - 28/05/2023 09:00:00","BZN|PL","Without Sequence","11.16","",""
"28/05/2023 09:00:00 - 28/05/2023 10:00:00","BZN|PL","Without Sequence","9.16","",""
"28/05/2023 10:00:00 - 28/05/2023 11:00:00","BZN|PL","Without Sequence","6.59","",""
"28/05/2023 11:00:00 - 28/05/2023 12:00:00","BZN|PL","Without Sequence","9.64","",""
"28/05/2023 12:00:00 - 28/05/2023 13:00:00","BZN|PL","Without Sequence","11.18","",""
"28/05/2023 13:00:00 - 28/05/2023 14:00:00","BZN|PL","Without Sequence","17.69","",""
"28/05/2023 14:00:00 - 28/05/2023 15:00:00","BZN|PL","Without Sequence","57.28","",""
"28/05/2023 15:00:00 - 28/05/2023 16:00:00","BZN|PL","Without Sequence","99.33","",""
"28/05/2023 16:00:00 - 28/05/2023 17:00:00","BZN|PL","Without Sequence","105.23","",""
"28/05/2023 17:00:00 - 28/05/2023 18:00:00","BZN|PL","Without Sequence","105.43","",""
"28/05/2023 18:00:00 - 28/05/2023 19:00:00","BZN|PL","Without Sequence","105.42","",""
"28/05/2023 19:00:00 - 28/05/2023 20:00:00","BZN|PL","Without Sequence","99.34","",""
"28/05/2023 20:00:00 - 28/05/2023 21:00:00","BZN|PL","Without Sequence","85.22","",""
"28/05/2023 21:00:00 - 28/05/2023 22:00:00","BZN|PL","Without Sequence","69.50","",""
"28/05/2023 22:00:00 - 28/05/2023 23:00:00","BZN|PL","Without Sequence","103.57","",""
"28/05/2023 23:00:00 - 29/05/2023 00:00:00","BZN|PL","Without Sequence","104.28","",""
"29/05/2023 00:00:00 - 29/05/2023 01:00:00","BZN|PL","Without Sequence","103.44","",""
"29/05/2023 01:00:00 - 29/05/2023 02:00:00","BZN|PL","Without Sequence","103.45","",""
"29/05/2023 02:00:00 - 29/05/2023 03:00:00","BZN|PL","Without Sequence","103.54","",""
"29/05/2023 03:00:00 - 29/05/2023 04:00:00","BZN|PL","Without Sequence","97.62","",""
"29/05/2023 04:00:00 - 29/05/2023 05:00:00","BZN|PL","Without Sequence","121.28","",""
"29/05/2023 05:00:00 - 29/05/2023 06:00:00","BZN|PL","Without Sequence","130.22","",""
"29/05/2023 06:00:00 - 29/05/2023 07:00:00","BZN|PL","Without Sequence","115.67","",""
"29/05/2023 07:00:00 - 29/05/2023 08:00:00","BZN|PL","Without Sequence","104.99","",""
"29/05/2023 08:00:00 - 29/05/2023 09:00:00","BZN|PL","Without Sequence","99.15","",""
"29/05/2023 09:00:00 - 29/05/2023 10:00:00","BZN|PL","Without Sequence","98.22","",""
"29/05/2023 10:00:00 - 29/05/2023 11:00:00","BZN|PL","Without Sequence","99.01","",""
"29/05/2023 11:00:00 - 29/05/2023 12:00:00","BZN|PL","Without Sequence","103.21","",""
"29/05/2023 12:00:00 - 29/05/2023 13:00:00","BZN|PL","Without Sequence","104.90","",""
"29/05/2023 13:00:00 - 29/05/2023 14:00:00","BZN|PL","Without Sequence","101.34","",""
"29/05/2023 14:00:00 - 29/05/2023 15:00:00","BZN|PL","Without Sequence","104.52","",""
"29/05/2023 15:00:00 - 29/05/2023 16:00:00","BZN|PL","Without Sequence","126.27","",""
"29/05/2023 16:00:00 - 29/05/2023 17:00:00","BZN|PL","Without Sequence","152.55","",""
"29/05/2023 17:00:00 - 29/05/2023 18:00:00","BZN|PL","Without Sequence","150.03","",""
"29/05/2023 18:00:00 - 29/05/2023 19:00:00","BZN|PL","Without Sequence","147.18","",""
"29/05/2023 19:00:00 - 29/05/2023 20:00:00","BZN|PL","Without Sequence","140.74","",""
"29/05/2023 20:00:00 - 29/05/2023 21:00:00","BZN|PL","Without Sequence","104.50","",""
"29/05/2023 21:00:00 - 29/05/2023 22:00:00","BZN|PL","Without Sequence","77.27","",""
"29/05/2023 22:00:00 - 29/05/2023 23:00:00","BZN|PL","Without Sequence","104.01","",""
"29/05/2023 23:00:00 - 30/05/2023 00:00:00","BZN|PL","Without Sequence","72.53","",""
"30/05/2023 00:00:00 - 30/05/2023 01:00:00","BZN|PL","Without Sequence","74.56","",""
"30/05/2023 01:00:00 - 30/05/2023 02:00:00","BZN|PL","Without Sequence","80.92","",""
"30/05/2023 02:00:00 - 30/05/2023 03:00:00","BZN|PL","Without Sequence","75.94","",""
"30/05/2023 03:00:00 - 30/05/2023 04:00:00","BZN|PL","Without Sequence","84.49","",""
"30/05/2023 04:00:00 - 30/05/2023 05:00:00","BZN|PL","Without Sequence","109.12","",""
"30/05/2023 05:00:00 - 30/05/2023 06:00:00","BZN|PL","Without Sequence","124.84","",""
"30/05/2023 06:00:00 - 30/05/2023 07:00:00","BZN|PL","Without Sequence","121.51","",""
"30/05/2023 07:00:00 - 30/05/2023 08:00:00","BZN|PL","Without Sequence","110.25","",""
"30/05/2023 08:00:00 - 30/05/2023 09:00:00","BZN|PL","Without Sequence","103.77","",""
"30/05/2023 09:00:00 - 30/05/2023 10:00:00","BZN|PL","Without Sequence","100.44","",""
"30/05/2023 10:00:00 - 30/05/2023 11:00:00","BZN|PL","Without Sequence","97.96","",""
"30/05/2023 11:00:00 - 30/05/2023 12:00:00","BZN|PL","Without Sequence","100.44","",""
"30/05/2023 12:00:00 - 30/05/2023 13:00:00","BZN|PL","Without Sequence","98.07","",""
"30/05/2023 13:00:00 - 30/05/2023 14:00:00","BZN|PL","Without Sequence","108.72","",""
"30/05/2023 14:00:00 - 30/05/2023 15:00:00","BZN|PL","Without Sequence","106.12","",""
"30/05/2023 15:00:00 - 30/05/2023 16:00:00","BZN|PL","Without Sequence","100.93","",""
"30/05/2023 16:00:00 - 30/05/2023 17:00:00","BZN|PL","Without Sequence","122.65","",""
"30/05/2023 17:00:00 - 30/05/2023 18:00:00","BZN|PL","Without Sequence","138.10","",""
"30/05/2023 18:00:00 - 30/05/2023 19:00:00","BZN|PL","Without Sequence","153.57","",""
"30/05/2023 19:00:00 - 30/05/2023 20:00:00","BZN|PL","Without Sequence","134.45","",""
"30/05/2023 20:00:00 - 30/05/2023 21:00:00","BZN|PL","Without Sequence","127.03","",""
"30/05/2023 21:00:00 - 30/05/2023 22:00:00","BZN|PL","Without Sequence","108.98","",""
"30/05/2023 22:00:00 - 30/05/2023 23:00:00","BZN|PL","Without Sequence","106.00","",""
"30/05/2023 23:00:00 - 31/05/2023 00:00:00","BZN|PL","Without Sequence","98.86","",""
"31/05/2023 00:00:00 - 31/05/2023 01:00:00","BZN|PL","Without Sequence","90.07","",""
"31/05/2023 01:00:00 - 31/05/2023 02:00:00","BZN|PL","Without Sequence","97.26","",""
"31/05/2023 02:00:00 - 31/05/2023 03:00:00","BZN|PL","Without Sequence","88.57","",""
"31/05/2023 03:00:00 - 31/05/2023 04:00:00","BZN|PL","Without Sequence","91.69","",""
"31/05/2023 04:00:00 - 31/05/2023 05:00:00","BZN|PL","Without Sequence","127.56","",""
"31/05/2023 05:00:00 - 31/05/2023 06:00:00","BZN|PL","Without Sequence","144.03","",""
"31/05/2023 06:00:00 - 31/05/2023 07:00:00","BZN|PL","Without Sequence","137.61","",""
"31/05/2023 07:00:00 - 31/05/2023 08:00:00","BZN|PL","Without Sequence","116.17","",""
"31/05/2023 08:00:00 - 31/05/2023 09:00:00","BZN|PL","Without Sequence","91.46","",""
"31/05/2023 09:00:00 - 31/05/2023 10:00:00","BZN|PL","Without Sequence","85.36","",""
"31/05/2023 10:00:00 - 31/05/2023 11:00:00","BZN|PL","Without Sequence","80.01","",""
"31/05/2023 11:00:00 - 31/05/2023 12:00:00","BZN|PL","Without Sequence","80.01","",""
"31/05/2023 12:00:00 - 31/05/2023 13:00:00","BZN|PL","Without Sequence","86.42","",""
"31/05/2023 13:00:00 - 31/05/2023 14:00:00","BZN|PL","Without Sequence","104.68","",""
"31/05/2023 14:00:00 - 31/05/2023 15:00:00","BZN|PL","Without Sequence","111.57","",""
"31/05/2023 15:00:00 - 31/05/2023 16:00:00","BZN|PL","Without Sequence","131.25","",""
"31/05/2023 16:00:00 - 31/05/2023 17:00:00","BZN|PL","Without Sequence","143.54","",""
"31/05/2023 17:00:00 - 31/05/2023 18:00:00","BZN|PL","Without Sequence","153.38","",""
"31/05/2023 18:00:00 - 31/05/2023 19:00:00","BZN|PL","Without Sequence","149.21","",""
"31/05/2023 19:00:00 - 31/05/2023 20:00:00","BZN|PL","Without Sequence","153.59","",""
"31/05/2023 20:00:00 - 31/05/2023 21:00:00","BZN|PL","Without Sequence","152.49","",""
"31/05/2023 21:00:00 - 31/05/2023 22:00:00","BZN|PL","Without Sequence","126.18","",""
"31/05/2023 22:00:00 - 31/05/2023 23:00:00","BZN|PL","Without Sequence","87.08","",""
"31/05/2023 23:00:00 - 01/06/2023 00:00:00","BZN|PL","Without Sequence","85.85","",""
"01/06/2023 00:00:00 - 01/06/2023 01:00:00","BZN|PL","Without Sequence","88.07","",""
"01/06/2023 01:00:00 - 01/06/2023 02:00:00","BZN|PL","Without Sequence","88.30","",""
"01/06/2023 02:00:00 - 01/06/2023 03:00:00","BZN|PL","Without Sequence","88.12","",""
"01/06/2023 03:00:00 - 01/06/2023 04:00:00","BZN|PL","Without Sequence","82.55","",""
"01/06/2023 04:00:00 - 01/06/2023 05:00:00","BZN|PL","Without Sequence","96.26","",""
"01/06/2023 05:00:00 - 01/06/2023 06:00:00","BZN|PL","Without Sequence","107.88","",""
"01/06/2023 06:00:00 - 01/06/2023 07:00:00","BZN|PL","Without Sequence","99.07","",""
"01/06/2023 07:00:00 - 01/06/2023 08:00:00","BZN|PL","Without Sequence","87.30","",""
"01/06/2023 08:00:00 - 01/06/2023 09:00:00","BZN|PL","Without Sequence","68.19","",""
"01/06/2023 09:00:00 - 01/06/2023 10:00:00","BZN|PL","Without Sequence","59.92","",""
"01/06/2023 10:00:00 - 01/06/2023 11:00:00","BZN|PL","Without Sequence","59.17","",""
"01/06/2023 11:00:00 - 01/06/2023 12:00:00","BZN|PL","Without Sequence","60.44","",""
"01/06/2023 12:00:00 - 01/06/2023 13:00:00","BZN|PL","Without Sequence","57.59","",""
"01/06/2023 13:00:00 - 01/06/2023 14:00:00","BZN|PL","Without Sequence","77.04","",""
"01/06/2023 14:00:00 - 01/06/2023 15:00:00","BZN|PL","Without Sequence","102.62","",""
"01/06/2023 15:00:00 - 01/06/2023 16:00:00","BZN|PL","Without Sequence","96.99","",""
"01/06/2023 16:00:00 - 01/06/2023 17:00:00","BZN|PL","Without Sequence","122.84","",""
"01/06/2023 17:00:00 - 01/06/2023 18:00:00","BZN|PL","Without Sequence","119.94","",""
"01/06/2023 18:00:00 - 01/06/2023 19:00:00","BZN|PL","Without Sequence","128.36","",""
"01/06/2023 19:00:00 - 01/06/2023 20:00:00","BZN|PL","Without Sequence","121.32","",""
"01/06/2023 20:00:00 - 01/06/2023 21:00:00","BZN|PL","Without Sequence","128.88","",""
"01/06/2023 21:00:00 - 01/06/2023 22:00:00","BZN|PL","Without Sequence","111.39","",""
"01/06/2023 22:00:00 - 01/06/2023 23:00:00","BZN|PL","Without Sequence","83.59","",""
"01/06/2023 23:00:00 - 02/06/2023 00:00:00","BZN|PL","Without Sequence","81.62","",""
"02/06/2023 00:00:00 - 02/06/2023 01:00:00","BZN|PL","Without Sequence","83.23","",""
"02/06/2023 01:00:00 - 02/06/2023 02:00:00","BZN|PL","Without Sequence","82.71","",""
"02/06/2023 02:00:00 - 02/06/2023 03:00:00","BZN|PL","Without Sequence","82.02","",""
"02/06/2023 03:00:00 - 02/06/2023 04:00:00","BZN|PL","Without Sequence","89.64","",""
"02/06/2023 04:00:00 - 02/06/2023 05:00:00","BZN|PL","Without Sequence","115.94","",""
"02/06/2023 05:00:00 - 02/06/2023 06:00:00","BZN|PL","Without Sequence","118.44","",""
"02/06/2023 06:00:00 - 02/06/2023 07:00:00","BZN|PL","Without Sequence","93.89","",""
"02/06/2023 07:00:00 - 02/06/2023 08:00:00","BZN|PL","Without Sequence","86.96","",""
"02/06/2023 08:00:00 - 02/06/2023 09:00:00","BZN|PL","Without Sequence","72.09","",""
"02/06/2023 09:00:00 - 02/06/2023 10:00:00","BZN|PL","Without Sequence","63.15","",""
"02/06/2023 10:00:00 - 02/06/2023 11:00:00","BZN|PL","Without Sequence","56.06","",""
"02/06/2023 11:00:00 - 02/06/2023 12:00:00","BZN|PL","Without Sequence","52.14","",""
"02/06/2023 12:00:00 - 02/06/2023 13:00:00","BZN|PL","Without Sequence","52.15","",""
"02/06/2023 13:00:00 - 02/06/2023 14:00:00","BZN|PL","Without Sequence","55.39","",""
"02/06/2023 14:00:00 - 02/06/2023 15:00:00","BZN|PL","Without Sequence","77.12","",""
"02/06/2023 15:00:00 - 02/06/2023 16:00:00","BZN|PL","Without Sequence","85.37","",""
"02/06/2023 16:00:00 - 02/06/2023 17:00:00","BZN|PL","Without Sequence","108.15","",""
"02/06/2023 17:00:00 - 02/06/2023 18:00:00","BZN|PL","Without Sequence","112.22","",""
"02/06/2023 18:00:00 - 02/06/2023 19:00:00","BZN|PL","Without Sequence","118.19","",""
"02/06/2023 19:00:00 - 02/06/2023 20:00:00","BZN|PL","Without Sequence","110.21","",""
"02/06/2023 20:00:00 - 02/06/2023 21:00:00","BZN|PL","Without Sequence","94.95","",""
"02/06/2023 21:00:00 - 02/06/2023 22:00:00","BZN|PL","Without Sequence","85.06","",""
"02/06/2023 22:00:00 - 02/06/2023 23:00:00","BZN|PL","Without Sequence","86.37","",""
"02/06/2023 23:00:00 - 03/06/2023 00:00:00","BZN|PL","Without Sequence","81.91","",""
"03/06/2023 00:00:00 - 03/06/2023 01:00:00","BZN|PL","Without Sequence","81.93","",""
"03/06/2023 01:00:00 - 03/06/2023 02:00:00","BZN|PL","Without Sequence","82.55","",""
"03/06/2023 02:00:00 - 03/06/2023 03:00:00","BZN|PL","Without Sequence","84.44","",""
"03/06/2023 03:00:00 - 03/06/2023 04:00:00","BZN|PL","Without Sequence","86.49","",""
"03/06/2023 04:00:00 - 03/06/2023 05:00:00","BZN|PL","Without Sequence","97.45","",""
"03/06/2023 05:00:00 - 03/06/2023 06:00:00","BZN|PL","Without Sequence","99.69","",""
"03/06/2023 06:00:00 - 03/06/2023 07:00:00","BZN|PL","Without Sequence","86.25","",""
"03/06/2023 07:00:00 - 03/06/2023 08:00:00","BZN|PL","Without Sequence","59.97","",""
"03/06/2023 08:00:00 - 03/06/2023 09:00:00","BZN|PL","Without Sequence","55.35","",""
"03/06/2023 09:00:00 - 03/06/2023 10:00:00","BZN|PL","Without Sequence","43.10","",""
"03/06/2023 10:00:00 - 03/06/2023 11:00:00","BZN|PL","Without Sequence","44.28","",""
"03/06/2023 11:00:00 - 03/06/2023 12:00:00","BZN|PL","Without Sequence","44.35","",""
"03/06/2023 12:00:00 - 03/06/2023 13:00:00","BZN|PL","Without Sequence","42.91","",""
"03/06/2023 13:00:00 - 03/06/2023 14:00:00","BZN|PL","Without Sequence","64.21","",""
"03/06/2023 14:00:00 - 03/06/2023 15:00:00","BZN|PL","Without Sequence","78.52","",""
"03/06/2023 15:00:00 - 03/06/2023 16:00:00","BZN|PL","Without Sequence","101.91","",""
"03/06/2023 16:00:00 - 03/06/2023 17:00:00","BZN|PL","Without Sequence","105.50","",""
"03/06/2023 17:00:00 - 03/06/2023 18:00:00","BZN|PL","Without Sequence","112.27","",""
"03/06/2023 18:00:00 - 03/06/2023 19:00:00","BZN|PL","Without Sequence","109.88","",""
"03/06/2023 19:00:00 - 03/06/2023 20:00:00","BZN|PL","Without Sequence","104.65","",""
"03/06/2023 20:00:00 - 03/06/2023 21:00:00","BZN|PL","Without Sequence","98.09","",""
"03/06/2023 21:00:00 - 03/06/2023 22:00:00","BZN|PL","Without Sequence","81.17","",""
"03/06/2023 22:00:00 - 03/06/2023 23:00:00","BZN|PL","Without Sequence","81.98","",""
"03/06/2023 23:00:00 - 04/06/2023 00:00:00","BZN|PL","Without Sequence","78.27","",""
"04/06/2023 00:00:00 - 04/06/2023 01:00:00","BZN|PL","Without Sequence","77.83","",""
"04/06/2023 01:00:00 - 04/06/2023 02:00:00","BZN|PL","Without Sequence","77.83","",""
"04/06/2023 02:00:00 - 04/06/2023 03:00:00","BZN|PL","Without Sequence","75.82","",""
"04/06/2023 03:00:00 - 04/06/2023 04:00:00","BZN|PL","Without Sequence","75.04","",""
"04/06/2023 04:00:00 - 04/06/2023 05:00:00","BZN|PL","Without Sequence","78.48","",""
"04/06/2023 05:00:00 - 04/06/2023 06:00:00","BZN|PL","Without Sequence","75.32","",""
"04/06/2023 06:00:00 - 04/06/2023 07:00:00","BZN|PL","Without Sequence","50.81","",""
"04/06/2023 07:00:00 - 04/06/2023 08:00:00","BZN|PL","Without Sequence","21.84","",""
"04/06/2023 08:00:00 - 04/06/2023 09:00:00","BZN|PL","Without Sequence","9.99","",""
"04/06/2023 09:00:00 - 04/06/2023 10:00:00","BZN|PL","Without Sequence","6.66","",""
"04/06/2023 10:00:00 - 04/06/2023 11:00:00","BZN|PL","Without Sequence","6.67","",""
"04/06/2023 11:00:00 - 04/06/2023 12:00:00","BZN|PL","Without Sequence","6.68","",""
"04/06/2023 12:00:00 - 04/06/2023 13:00:00","BZN|PL","Without Sequence","6.85","",""
"04/06/2023 13:00:00 - 04/06/2023 14:00:00","BZN|PL","Without Sequence","11.22","",""
"04/06/2023 14:00:00 - 04/06/2023 15:00:00","BZN|PL","Without Sequence","33.43","",""
"04/06/2023 15:00:00 - 04/06/2023 16:00:00","BZN|PL","Without Sequence","82.92","",""
"04/06/2023 16:00:00 - 04/06/2023 17:00:00","BZN|PL","Without Sequence","90.91","",""
"04/06/2023 17:00:00 - 04/06/2023 18:00:00","BZN|PL","Without Sequence","99.19","",""
"04/06/2023 18:00:00 - 04/06/2023 19:00:00","BZN|PL","Without Sequence","113.42","",""
"04/06/2023 19:00:00 - 04/06/2023 20:00:00","BZN|PL","Without Sequence","108.35","",""
"04/06/2023 20:00:00 - 04/06/2023 21:00:00","BZN|PL","Without Sequence","99.00","",""
"04/06/2023 21:00:00 - 04/06/2023 22:00:00","BZN|PL","Without Sequence","102.46","",""
"04/06/2023 22:00:00 - 04/06/2023 23:00:00","BZN|PL","Without Sequence","100.90","",""
"04/06/2023 23:00:00 - 05/06/2023 00:00:00","BZN|PL","Without Sequence","101.19","",""
"05/06/2023 00:00:00 - 05/06/2023 01:00:00","BZN|PL","Without Sequence","101.20","",""
"05/06/2023 01:00:00 - 05/06/2023 02:00:00","BZN|PL","Without Sequence","101.20","",""
"05/06/2023 02:00:00 - 05/06/2023 03:00:00","BZN|PL","Without Sequence","100.07","",""
"05/06/2023 03:00:00 - 05/06/2023 04:00:00","BZN|PL","Without Sequence","100.16","",""
"05/06/2023 04:00:00 - 05/06/2023 05:00:00","BZN|PL","Without Sequence","114.45","",""
"05/06/2023 05:00:00 - 05/06/2023 06:00:00","BZN|PL","Without Sequence","122.08","",""
"05/06/2023 06:00:00 - 05/06/2023 07:00:00","BZN|PL","Without Sequence","111.16","",""
"05/06/2023 07:00:00 - 05/06/2023 08:00:00","BZN|PL","Without Sequence","97.09","",""
"05/06/2023 08:00:00 - 05/06/2023 09:00:00","BZN|PL","Without Sequence","85.19","",""
"05/06/2023 09:00:00 - 05/06/2023 10:00:00","BZN|PL","Without Sequence","80.98","",""
"05/06/2023 10:00:00 - 05/06/2023 11:00:00","BZN|PL","Without Sequence","83.22","",""
"05/06/2023 11:00:00 - 05/06/2023 12:00:00","BZN|PL","Without Sequence","85.04","",""
"05/06/2023 12:00:00 - 05/06/2023 13:00:00","BZN|PL","Without Sequence","95.62","",""
"05/06/2023 13:00:00 - 05/06/2023 14:00:00","BZN|PL","Without Sequence","102.38","",""
"05/06/2023 14:00:00 - 05/06/2023 15:00:00","BZN|PL","Without Sequence","100.27","",""
"05/06/2023 15:00:00 - 05/06/2023 16:00:00","BZN|PL","Without Sequence","118.95","",""
"05/06/2023 16:00:00 - 05/06/2023 17:00:00","BZN|PL","Without Sequence","147.73","",""
"05/06/2023 17:00:00 - 05/06/2023 18:00:00","BZN|PL","Without Sequence","152.07","",""
"05/06/2023 18:00:00 - 05/06/2023 19:00:00","BZN|PL","Without Sequence","154.41","",""
"05/06/2023 19:00:00 - 05/06/2023 20:00:00","BZN|PL","Without Sequence","152.94","",""
"05/06/2023 20:00:00 - 05/06/2023 21:00:00","BZN|PL","Without Sequence","150.12","",""
"05/06/2023 21:00:00 - 05/06/2023 22:00:00","BZN|PL","Without Sequence","126.79","",""
"05/06/2023 22:00:00 - 05/06/2023 23:00:00","BZN|PL","Without Sequence","104.30","",""
"05/06/2023 23:00:00 - 06/06/2023 00:00:00","BZN|PL","Without Sequence","98.29","",""
"06/06/2023 00:00:00 - 06/06/2023 01:00:00","BZN|PL","Without Sequence","96.43","",""
"06/06/2023 01:00:00 - 06/06/2023 02:00:00","BZN|PL","Without Sequence","93.63","",""
"06/06/2023 02:00:00 - 06/06/2023 03:00:00","BZN|PL","Without Sequence","91.36","",""
"06/06/2023 03:00:00 - 06/06/2023 04:00:00","BZN|PL","Without Sequence","96.41","",""
"06/06/2023 04:00:00 - 06/06/2023 05:00:00","BZN|PL","Without Sequence","141.50","",""
"06/06/2023 05:00:00 - 06/06/2023 06:00:00","BZN|PL","Without Sequence","144.15","",""
"06/06/2023 06:00:00 - 06/06/2023 07:00:00","BZN|PL","Without Sequence","122.35","",""
"06/06/2023 07:00:00 - 06/06/2023 08:00:00","BZN|PL","Without Sequence","106.45","",""
"06/06/2023 08:00:00 - 06/06/2023 09:00:00","BZN|PL","Without Sequence","101.30","",""
"06/06/2023 09:00:00 - 06/06/2023 10:00:00","BZN|PL","Without Sequence","101.27","",""
"06/06/2023 10:00:00 - 06/06/2023 11:00:00","BZN|PL","Without Sequence","102.37","",""
"06/06/2023 11:00:00 - 06/06/2023 12:00:00","BZN|PL","Without Sequence","102.44","",""
"06/06/2023 12:00:00 - 06/06/2023 13:00:00","BZN|PL","Without Sequence","106.31","",""
"06/06/2023 13:00:00 - 06/06/2023 14:00:00","BZN|PL","Without Sequence","109.44","",""
"06/06/2023 14:00:00 - 06/06/2023 15:00:00","BZN|PL","Without Sequence","117.14","",""
"06/06/2023 15:00:00 - 06/06/2023 16:00:00","BZN|PL","Without Sequence","126.53","",""
"06/06/2023 16:00:00 - 06/06/2023 17:00:00","BZN|PL","Without Sequence","105.58","",""
"06/06/2023 17:00:00 - 06/06/2023 18:00:00","BZN|PL","Without Sequence","132.34","",""
"06/06/2023 18:00:00 - 06/06/2023 19:00:00","BZN|PL","Without Sequence","150.95","",""
"06/06/2023 19:00:00 - 06/06/2023 20:00:00","BZN|PL","Without Sequence","124.99","",""
"06/06/2023 20:00:00 - 06/06/2023 21:00:00","BZN|PL","Without Sequence","153.11","",""
"06/06/2023 21:00:00 - 06/06/2023 22:00:00","BZN|PL","Without Sequence","122.81","",""
"06/06/2023 22:00:00 - 06/06/2023 23:00:00","BZN|PL","Without Sequence","99.94","",""
"06/06/2023 23:00:00 - 07/06/2023 00:00:00","BZN|PL","Without Sequence","91.24","",""
"07/06/2023 00:00:00 - 07/06/2023 01:00:00","BZN|PL","Without Sequence","88.90","",""
"07/06/2023 01:00:00 - 07/06/2023 02:00:00","BZN|PL","Without Sequence","89.34","",""
"07/06/2023 02:00:00 - 07/06/2023 03:00:00","BZN|PL","Without Sequence","89.24","",""
"07/06/2023 03:00:00 - 07/06/2023 04:00:00","BZN|PL","Without Sequence","95.55","",""
"07/06/2023 04:00:00 - 07/06/2023 05:00:00","BZN|PL","Without Sequence","127.66","",""
"07/06/2023 05:00:00 - 07/06/2023 06:00:00","BZN|PL","Without Sequence","141.66","",""
"07/06/2023 06:00:00 - 07/06/2023 07:00:00","BZN|PL","Without Sequence","137.53","",""
"07/06/2023 07:00:00 - 07/06/2023 08:00:00","BZN|PL","Without Sequence","125.73","",""
"07/06/2023 08:00:00 - 07/06/2023 09:00:00","BZN|PL","Without Sequence","105.28","",""
"07/06/2023 09:00:00 - 07/06/2023 10:00:00","BZN|PL","Without Sequence","95.95","",""
"07/06/2023 10:00:00 - 07/06/2023 11:00:00","BZN|PL","Without Sequence","95.94","",""
"07/06/2023 11:00:00 - 07/06/2023 12:00:00","BZN|PL","Without Sequence","104.24","",""
"07/06/2023 12:00:00 - 07/06/2023 13:00:00","BZN|PL","Without Sequence","105.26","",""
"07/06/2023 13:00:00 - 07/06/2023 14:00:00","BZN|PL","Without Sequence","105.17","",""
"07/06/2023 14:00:00 - 07/06/2023 15:00:00","BZN|PL","Without Sequence","104.84","",""
"07/06/2023 15:00:00 - 07/06/2023 16:00:00","BZN|PL","Without Sequence","115.91","",""
"07/06/2023 16:00:00 - 07/06/2023 17:00:00","BZN|PL","Without Sequence","119.67","",""
"07/06/2023 17:00:00 - 07/06/2023 18:00:00","BZN|PL","Without Sequence","137.60","",""
"07/06/2023 18:00:00 - 07/06/2023 19:00:00","BZN|PL","Without Sequence","146.48","",""
"07/06/2023 19:00:00 - 07/06/2023 20:00:00","BZN|PL","Without Sequence","137.13","",""
"07/06/2023 20:00:00 - 07/06/2023 21:00:00","BZN|PL","Without Sequence","123.99","",""
"07/06/2023 21:00:00 - 07/06/2023 22:00:00","BZN|PL","Without Sequence","111.24","",""
"07/06/2023 22:00:00 - 07/06/2023 23:00:00","BZN|PL","Without Sequence","93.93","",""
"07/06/2023 23:00:00 - 08/06/2023 00:00:00","BZN|PL","Without Sequence","89.26","",""
"08/06/2023 00:00:00 - 08/06/2023 01:00:00","BZN|PL","Without Sequence","94.00","",""
"08/06/2023 01:00:00 - 08/06/2023 02:00:00","BZN|PL","Without Sequence","95.14","",""
"08/06/2023 02:00:00 - 08/06/2023 03:00:00","BZN|PL","Without Sequence","97.81","",""
"08/06/2023 03:00:00 - 08/06/2023 04:00:00","BZN|PL","Without Sequence","100.56","",""
"08/06/2023 04:00:00 - 08/06/2023 05:00:00","BZN|PL","Without Sequence","93.40","",""
"08/06/2023 05:00:00 - 08/06/2023 06:00:00","BZN|PL","Without Sequence","93.27","",""
"08/06/2023 06:00:00 - 08/06/2023 07:00:00","BZN|PL","Without Sequence","91.40","",""
"08/06/2023 07:00:00 - 08/06/2023 08:00:00","BZN|PL","Without Sequence","83.78","",""
"08/06/2023 08:00:00 - 08/06/2023 09:00:00","BZN|PL","Without Sequence","74.64","",""
"08/06/2023 09:00:00 - 08/06/2023 10:00:00","BZN|PL","Without Sequence","68.50","",""
"08/06/2023 10:00:00 - 08/06/2023 11:00:00","BZN|PL","Without Sequence","64.22","",""
"08/06/2023 11:00:00 - 08/06/2023 12:00:00","BZN|PL","Without Sequence","63.91","",""
"08/06/2023 12:00:00 - 08/06/2023 13:00:00","BZN|PL","Without Sequence","64.06","",""
"08/06/2023 13:00:00 - 08/06/2023 14:00:00","BZN|PL","Without Sequence","67.93","",""
"08/06/2023 14:00:00 - 08/06/2023 15:00:00","BZN|PL","Without Sequence","74.73","",""
"08/06/2023 15:00:00 - 08/06/2023 16:00:00","BZN|PL","Without Sequence","102.52","",""
"08/06/2023 16:00:00 - 08/06/2023 17:00:00","BZN|PL","Without Sequence","100.46","",""
"08/06/2023 17:00:00 - 08/06/2023 18:00:00","BZN|PL","Without Sequence","102.00","",""
"08/06/2023 18:00:00 - 08/06/2023 19:00:00","BZN|PL","Without Sequence","113.14","",""
"08/06/2023 19:00:00 - 08/06/2023 20:00:00","BZN|PL","Without Sequence","104.80","",""
"08/06/2023 20:00:00 - 08/06/2023 21:00:00","BZN|PL","Without Sequence","96.58","",""
"08/06/2023 21:00:00 - 08/06/2023 22:00:00","BZN|PL","Without Sequence","94.69","",""
"08/06/2023 22:00:00 - 08/06/2023 23:00:00","BZN|PL","Without Sequence","95.00","",""
"08/06/2023 23:00:00 - 09/06/2023 00:00:00","BZN|PL","Without Sequence","99.52","",""
"09/06/2023 00:00:00 - 09/06/2023 01:00:00","BZN|PL","Without Sequence","102.81","",""
"09/06/2023 01:00:00 - 09/06/2023 02:00:00","BZN|PL","Without Sequence","102.81","",""
"09/06/2023 02:00:00 - 09/06/2023 03:00:00","BZN|PL","Without Sequence","101.23","",""
"09/06/2023 03:00:00 - 09/06/2023 04:00:00","BZN|PL","Without Sequence","91.76","",""
"09/06/2023 04:00:00 - 09/06/2023 05:00:00","BZN|PL","Without Sequence","102.82","",""
"09/06/2023 05:00:00 - 09/06/2023 06:00:00","BZN|PL","Without Sequence","103.97","",""
"09/06/2023 06:00:00 - 09/06/2023 07:00:00","BZN|PL","Without Sequence","103.94","",""
"09/06/2023 07:00:00 - 09/06/2023 08:00:00","BZN|PL","Without Sequence","105.59","",""
"09/06/2023 08:00:00 - 09/06/2023 09:00:00","BZN|PL","Without Sequence","92.87","",""
"09/06/2023 09:00:00 - 09/06/2023 10:00:00","BZN|PL","Without Sequence","82.47","",""
"09/06/2023 10:00:00 - 09/06/2023 11:00:00","BZN|PL","Without Sequence","75.99","",""
"09/06/2023 11:00:00 - 09/06/2023 12:00:00","BZN|PL","Without Sequence","78.23","",""
"09/06/2023 12:00:00 - 09/06/2023 13:00:00","BZN|PL","Without Sequence","78.21","",""
"09/06/2023 13:00:00 - 09/06/2023 14:00:00","BZN|PL","Without Sequence","91.63","",""
"09/06/2023 14:00:00 - 09/06/2023 15:00:00","BZN|PL","Without Sequence","104.18","",""
"09/06/2023 15:00:00 - 09/06/2023 16:00:00","BZN|PL","Without Sequence","104.28","",""
"09/06/2023 16:00:00 - 09/06/2023 17:00:00","BZN|PL","Without Sequence","103.85","",""
"09/06/2023 17:00:00 - 09/06/2023 18:00:00","BZN|PL","Without Sequence","104.12","",""
"09/06/2023 18:00:00 - 09/06/2023 19:00:00","BZN|PL","Without Sequence","106.45","",""
"09/06/2023 19:00:00 - 09/06/2023 20:00:00","BZN|PL","Without Sequence","104.12","",""
"09/06/2023 20:00:00 - 09/06/2023 21:00:00","BZN|PL","Without Sequence","97.48","",""
"09/06/2023 21:00:00 - 09/06/2023 22:00:00","BZN|PL","Without Sequence","86.00","",""
"09/06/2023 22:00:00 - 09/06/2023 23:00:00","BZN|PL","Without Sequence","91.11","",""
"09/06/2023 23:00:00 - 10/06/2023 00:00:00","BZN|PL","Without Sequence","88.64","",""
"10/06/2023 00:00:00 - 10/06/2023 01:00:00","BZN|PL","Without Sequence","91.65","",""
"10/06/2023 01:00:00 - 10/06/2023 02:00:00","BZN|PL","Without Sequence","97.61","",""
"10/06/2023 02:00:00 - 10/06/2023 03:00:00","BZN|PL","Without Sequence","100.60","",""
"10/06/2023 03:00:00 - 10/06/2023 04:00:00","BZN|PL","Without Sequence","89.44","",""
"10/06/2023 04:00:00 - 10/06/2023 05:00:00","BZN|PL","Without Sequence","81.73","",""
"10/06/2023 05:00:00 - 10/06/2023 06:00:00","BZN|PL","Without Sequence","85.00","",""
"10/06/2023 06:00:00 - 10/06/2023 07:00:00","BZN|PL","Without Sequence","89.50","",""
"10/06/2023 07:00:00 - 10/06/2023 08:00:00","BZN|PL","Without Sequence","86.29","",""
"10/06/2023 08:00:00 - 10/06/2023 09:00:00","BZN|PL","Without Sequence","43.08","",""
"10/06/2023 09:00:00 - 10/06/2023 10:00:00","BZN|PL","Without Sequence","46.79","",""
"10/06/2023 10:00:00 - 10/06/2023 11:00:00","BZN|PL","Without Sequence","40.03","",""
"10/06/2023 11:00:00 - 10/06/2023 12:00:00","BZN|PL","Without Sequence","38.84","",""
"10/06/2023 12:00:00 - 10/06/2023 13:00:00","BZN|PL","Without Sequence","26.37","",""
"10/06/2023 13:00:00 - 10/06/2023 14:00:00","BZN|PL","Without Sequence","40.01","",""
"10/06/2023 14:00:00 - 10/06/2023 15:00:00","BZN|PL","Without Sequence","52.11","",""
"10/06/2023 15:00:00 - 10/06/2023 16:00:00","BZN|PL","Without Sequence","65.95","",""
"10/06/2023 16:00:00 - 10/06/2023 17:00:00","BZN|PL","Without Sequence","96.25","",""
"10/06/2023 17:00:00 - 10/06/2023 18:00:00","BZN|PL","Without Sequence","86.16","",""
"10/06/2023 18:00:00 - 10/06/2023 19:00:00","BZN|PL","Without Sequence","91.68","",""
"10/06/2023 19:00:00 - 10/06/2023 20:00:00","BZN|PL","Without Sequence","88.40","",""
"10/06/2023 20:00:00 - 10/06/2023 21:00:00","BZN|PL","Without Sequence","88.49","",""
"10/06/2023 21:00:00 - 10/06/2023 22:00:00","BZN|PL","Without Sequence","81.95","",""
"10/06/2023 22:00:00 - 10/06/2023 23:00:00","BZN|PL","Without Sequence","66.46","",""
"10/06/2023 23:00:00 - 11/06/2023 00:00:00","BZN|PL","Without Sequence","76.42","",""
"11/06/2023 00:00:00 - 11/06/2023 01:00:00","BZN|PL","Without Sequence","71.57","",""
"11/06/2023 01:00:00 - 11/06/2023 02:00:00","BZN|PL","Without Sequence","69.67","",""
"11/06/2023 02:00:00 - 11/06/2023 03:00:00","BZN|PL","Without Sequence","48.03","",""
"11/06/2023 03:00:00 - 11/06/2023 04:00:00","BZN|PL","Without Sequence","39.44","",""
"11/06/2023 04:00:00 - 11/06/2023 05:00:00","BZN|PL","Without Sequence","48.77","",""
"11/06/2023 05:00:00 - 11/06/2023 06:00:00","BZN|PL","Without Sequence","46.65","",""
"11/06/2023 06:00:00 - 11/06/2023 07:00:00","BZN|PL","Without Sequence","28.44","",""
"11/06/2023 07:00:00 - 11/06/2023 08:00:00","BZN|PL","Without Sequence","15.90","",""
"11/06/2023 08:00:00 - 11/06/2023 09:00:00","BZN|PL","Without Sequence","0.02","",""
"11/06/2023 09:00:00 - 11/06/2023 10:00:00","BZN|PL","Without Sequence","-1.27","",""
"11/06/2023 10:00:00 - 11/06/2023 11:00:00","BZN|PL","Without Sequence","-3.46","",""
"11/06/2023 11:00:00 - 11/06/2023 12:00:00","BZN|PL","Without Sequence","-5.06","",""
"11/06/2023 12:00:00 - 11/06/2023 13:00:00","BZN|PL","Without Sequence","-5.09","",""
"11/06/2023 13:00:00 - 11/06/2023 14:00:00","BZN|PL","Without Sequence","-5.24","",""
"11/06/2023 14:00:00 - 11/06/2023 15:00:00","BZN|PL","Without Sequence","6.77","",""
"11/06/2023 15:00:00 - 11/06/2023 16:00:00","BZN|PL","Without Sequence","44.93","",""
"11/06/2023 16:00:00 - 11/06/2023 17:00:00","BZN|PL","Without Sequence","83.82","",""
"11/06/2023 17:00:00 - 11/06/2023 18:00:00","BZN|PL","Without Sequence","99.91","",""
"11/06/2023 18:00:00 - 11/06/2023 19:00:00","BZN|PL","Without Sequence","106.94","",""
"11/06/2023 19:00:00 - 11/06/2023 20:00:00","BZN|PL","Without Sequence","103.56","",""
"11/06/2023 20:00:00 - 11/06/2023 21:00:00","BZN|PL","Without Sequence","97.93","",""
"11/06/2023 21:00:00 - 11/06/2023 22:00:00","BZN|PL","Without Sequence","89.78","",""
"11/06/2023 22:00:00 - 11/06/2023 23:00:00","BZN|PL","Without Sequence","94.33","",""
"11/06/2023 23:00:00 - 12/06/2023 00:00:00","BZN|PL","Without Sequence","91.58","",""
"12/06/2023 00:00:00 - 12/06/2023 01:00:00","BZN|PL","Without Sequence","92.45","",""
"12/06/2023 01:00:00 - 12/06/2023 02:00:00","BZN|PL","Without Sequence","94.90","",""
"12/06/2023 02:00:00 - 12/06/2023 03:00:00","BZN|PL","Without Sequence","98.93","",""
"12/06/2023 03:00:00 - 12/06/2023 04:00:00","BZN|PL","Without Sequence","96.66","",""
"12/06/2023 04:00:00 - 12/06/2023 05:00:00","BZN|PL","Without Sequence","108.23","",""
"12/06/2023 05:00:00 - 12/06/2023 06:00:00","BZN|PL","Without Sequence","124.75","",""
"12/06/2023 06:00:00 - 12/06/2023 07:00:00","BZN|PL","Without Sequence","124.39","",""
"12/06/2023 07:00:00 - 12/06/2023 08:00:00","BZN|PL","Without Sequence","106.01","",""
"12/06/2023 08:00:00 - 12/06/2023 09:00:00","BZN|PL","Without Sequence","91.54","",""
"12/06/2023 09:00:00 - 12/06/2023 10:00:00","BZN|PL","Without Sequence","89.29","",""
"12/06/2023 10:00:00 - 12/06/2023 11:00:00","BZN|PL","Without Sequence","90.94","",""
"12/06/2023 11:00:00 - 12/06/2023 12:00:00","BZN|PL","Without Sequence","92.69","",""
"12/06/2023 12:00:00 - 12/06/2023 13:00:00","BZN|PL","Without Sequence","96.20","",""
"12/06/2023 13:00:00 - 12/06/2023 14:00:00","BZN|PL","Without Sequence","101.44","",""
"12/06/2023 14:00:00 - 12/06/2023 15:00:00","BZN|PL","Without Sequence","95.03","",""
"12/06/2023 15:00:00 - 12/06/2023 16:00:00","BZN|PL","Without Sequence","101.44","",""
"12/06/2023 16:00:00 - 12/06/2023 17:00:00","BZN|PL","Without Sequence","138.60","",""
"12/06/2023 17:00:00 - 12/06/2023 18:00:00","BZN|PL","Without Sequence","143.68","",""
"12/06/2023 18:00:00 - 12/06/2023 19:00:00","BZN|PL","Without Sequence","143.40","",""
"12/06/2023 19:00:00 - 12/06/2023 20:00:00","BZN|PL","Without Sequence","116.93","",""
"12/06/2023 20:00:00 - 12/06/2023 21:00:00","BZN|PL","Without Sequence","107.00","",""
"12/06/2023 21:00:00 - 12/06/2023 22:00:00","BZN|PL","Without Sequence","98.10","",""
"12/06/2023 22:00:00 - 12/06/2023 23:00:00","BZN|PL","Without Sequence","94.29","",""
"12/06/2023 23:00:00 - 13/06/2023 00:00:00","BZN|PL","Without Sequence","93.72","",""
"13/06/2023 00:00:00 - 13/06/2023 01:00:00","BZN|PL","Without Sequence","94.66","",""
"13/06/2023 01:00:00 - 13/06/2023 02:00:00","BZN|PL","Without Sequence","92.30","",""
"13/06/2023 02:00:00 - 13/06/2023 03:00:00","BZN|PL","Without Sequence","93.71","",""
"13/06/2023 03:00:00 - 13/06/2023 04:00:00","BZN|PL","Without Sequence","94.59","",""
"13/06/2023 04:00:00 - 13/06/2023 05:00:00","BZN|PL","Without Sequence","113.26","",""
"13/06/2023 05:00:00 - 13/06/2023 06:00:00","BZN|PL","Without Sequence","147.49","",""
"13/06/2023 06:00:00 - 13/06/2023 07:00:00","BZN|PL","Without Sequence","160.44","",""
"13/06/2023 07:00:00 - 13/06/2023 08:00:00","BZN|PL","Without Sequence","161.71","",""
"13/06/2023 08:00:00 - 13/06/2023 09:00:00","BZN|PL","Without Sequence","157.39","",""
"13/06/2023 09:00:00 - 13/06/2023 10:00:00","BZN|PL","Without Sequence","150.64","",""
"13/06/2023 10:00:00 - 13/06/2023 11:00:00","BZN|PL","Without Sequence","149.10","",""
"13/06/2023 11:00:00 - 13/06/2023 12:00:00","BZN|PL","Without Sequence","146.13","",""
"13/06/2023 12:00:00 - 13/06/2023 13:00:00","BZN|PL","Without Sequence","136.25","",""
"13/06/2023 13:00:00 - 13/06/2023 14:00:00","BZN|PL","Without Sequence","161.74","",""
"13/06/2023 14:00:00 - 13/06/2023 15:00:00","BZN|PL","Without Sequence","146.49","",""
"13/06/2023 15:00:00 - 13/06/2023 16:00:00","BZN|PL","Without Sequence","151.97","",""
"13/06/2023 16:00:00 - 13/06/2023 17:00:00","BZN|PL","Without Sequence","161.71","",""
"13/06/2023 17:00:00 - 13/06/2023 18:00:00","BZN|PL","Without Sequence","161.14","",""
"13/06/2023 18:00:00 - 13/06/2023 19:00:00","BZN|PL","Without Sequence","159.95","",""
"13/06/2023 19:00:00 - 13/06/2023 20:00:00","BZN|PL","Without Sequence","162.04","",""
"13/06/2023 20:00:00 - 13/06/2023 21:00:00","BZN|PL","Without Sequence","147.78","",""
"13/06/2023 21:00:00 - 13/06/2023 22:00:00","BZN|PL","Without Sequence","116.94","",""
"13/06/2023 22:00:00 - 13/06/2023 23:00:00","BZN|PL","Without Sequence","97.25","",""
"13/06/2023 23:00:00 - 14/06/2023 00:00:00","BZN|PL","Without Sequence","102.25","",""
"14/06/2023 00:00:00 - 14/06/2023 01:00:00","BZN|PL","Without Sequence","105.58","",""
"14/06/2023 01:00:00 - 14/06/2023 02:00:00","BZN|PL","Without Sequence","104.12","",""
"14/06/2023 02:00:00 - 14/06/2023 03:00:00","BZN|PL","Without Sequence","96.14","",""
"14/06/2023 03:00:00 - 14/06/2023 04:00:00","BZN|PL","Without Sequence","98.14","",""
"14/06/2023 04:00:00 - 14/06/2023 05:00:00","BZN|PL","Without Sequence","126.93","",""
"14/06/2023 05:00:00 - 14/06/2023 06:00:00","BZN|PL","Without Sequence","136.99","",""
"14/06/2023 06:00:00 - 14/06/2023 07:00:00","BZN|PL","Without Sequence","128.00","",""
"14/06/2023 07:00:00 - 14/06/2023 08:00:00","BZN|PL","Without Sequence","103.32","",""
"14/06/2023 08:00:00 - 14/06/2023 09:00:00","BZN|PL","Without Sequence","106.06","",""
"14/06/2023 09:00:00 - 14/06/2023 10:00:00","BZN|PL","Without Sequence","117.09","",""
"14/06/2023 10:00:00 - 14/06/2023 11:00:00","BZN|PL","Without Sequence","117.12","",""
"14/06/2023 11:00:00 - 14/06/2023 12:00:00","BZN|PL","Without Sequence","120.55","",""
"14/06/2023 12:00:00 - 14/06/2023 13:00:00","BZN|PL","Without Sequence","113.99","",""
"14/06/2023 13:00:00 - 14/06/2023 14:00:00","BZN|PL","Without Sequence","120.94","",""
"14/06/2023 14:00:00 - 14/06/2023 15:00:00","BZN|PL","Without Sequence","124.02","",""
"14/06/2023 15:00:00 - 14/06/2023 16:00:00","BZN|PL","Without Sequence","116.43","",""
"14/06/2023 16:00:00 - 14/06/2023 17:00:00","BZN|PL","Without Sequence","119.98","",""
"14/06/2023 17:00:00 - 14/06/2023 18:00:00","BZN|PL","Without Sequence","142.07","",""
"14/06/2023 18:00:00 - 14/06/2023 19:00:00","BZN|PL","Without Sequence","152.79","",""
"14/06/2023 19:00:00 - 14/06/2023 20:00:00","BZN|PL","Without Sequence","144.30","",""
"14/06/2023 20:00:00 - 14/06/2023 21:00:00","BZN|PL","Without Sequence","119.77","",""
"14/06/2023 21:00:00 - 14/06/2023 22:00:00","BZN|PL","Without Sequence","108.70","",""
"14/06/2023 22:00:00 - 14/06/2023 23:00:00","BZN|PL","Without Sequence","107.12","",""
"14/06/2023 23:00:00 - 15/06/2023 00:00:00","BZN|PL","Without Sequence","102.77","",""
"15/06/2023 00:00:00 - 15/06/2023 01:00:00","BZN|PL","Without Sequence","100.62","",""
"15/06/2023 01:00:00 - 15/06/2023 02:00:00","BZN|PL","Without Sequence","101.24","",""
"15/06/2023 02:00:00 - 15/06/2023 03:00:00","BZN|PL","Without Sequence","100.37","",""
"15/06/2023 03:00:00 - 15/06/2023 04:00:00","BZN|PL","Without Sequence","113.38","",""
"15/06/2023 04:00:00 - 15/06/2023 05:00:00","BZN|PL","Without Sequence","159.99","",""
"15/06/2023 05:00:00 - 15/06/2023 06:00:00","BZN|PL","Without Sequence","166.10","",""
"15/06/2023 06:00:00 - 15/06/2023 07:00:00","BZN|PL","Without Sequence","140.07","",""
"15/06/2023 07:00:00 - 15/06/2023 08:00:00","BZN|PL","Without Sequence","130.50","",""
"15/06/2023 08:00:00 - 15/06/2023 09:00:00","BZN|PL","Without Sequence","107.52","",""
"15/06/2023 09:00:00 - 15/06/2023 10:00:00","BZN|PL","Without Sequence","116.94","",""
"15/06/2023 10:00:00 - 15/06/2023 11:00:00","BZN|PL","Without Sequence","116.45","",""
"15/06/2023 11:00:00 - 15/06/2023 12:00:00","BZN|PL","Without Sequence","117.21","",""
"15/06/2023 12:00:00 - 15/06/2023 13:00:00","BZN|PL","Without Sequence","116.92","",""
"15/06/2023 13:00:00 - 15/06/2023 14:00:00","BZN|PL","Without Sequence","103.17","",""
"15/06/2023 14:00:00 - 15/06/2023 15:00:00","BZN|PL","Without Sequence","119.10","",""
"15/06/2023 15:00:00 - 15/06/2023 16:00:00","BZN|PL","Without Sequence","131.90","",""
"15/06/2023 16:00:00 - 15/06/2023 17:00:00","BZN|PL","Without Sequence","152.87","",""
"15/06/2023 17:00:00 - 15/06/2023 18:00:00","BZN|PL","Without Sequence","160.04","",""
"15/06/2023 18:00:00 - 15/06/2023 19:00:00","BZN|PL","Without Sequence","179.22","",""
"15/06/2023 19:00:00 - 15/06/2023 20:00:00","BZN|PL","Without Sequence","172.31","",""
"15/06/2023 20:00:00 - 15/06/2023 21:00:00","BZN|PL","Without Sequence","150.76","",""
"15/06/2023 21:00:00 - 15/06/2023 22:00:00","BZN|PL","Without Sequence","125.31","",""
"15/06/2023 22:00:00 - 15/06/2023 23:00:00","BZN|PL","Without Sequence","126.16","",""
"15/06/2023 23:00:00 - 16/06/2023 00:00:00","BZN|PL","Without Sequence","121.78","",""
"16/06/2023 00:00:00 - 16/06/2023 01:00:00","BZN|PL","Without Sequence","115.72","",""
"16/06/2023 01:00:00 - 16/06/2023 02:00:00","BZN|PL","Without Sequence","112.84","",""
"16/06/2023 02:00:00 - 16/06/2023 03:00:00","BZN|PL","Without Sequence","113.20","",""
"16/06/2023 03:00:00 - 16/06/2023 04:00:00","BZN|PL","Without Sequence","117.95","",""
"16/06/2023 04:00:00 - 16/06/2023 05:00:00","BZN|PL","Without Sequence","142.90","",""
"16/06/2023 05:00:00 - 16/06/2023 06:00:00","BZN|PL","Without Sequence","154.88","",""
"16/06/2023 06:00:00 - 16/06/2023 07:00:00","BZN|PL","Without Sequence","167.76","",""
"16/06/2023 07:00:00 - 16/06/2023 08:00:00","BZN|PL","Without Sequence","144.51","",""
"16/06/2023 08:00:00 - 16/06/2023 09:00:00","BZN|PL","Without Sequence","131.95","",""
"16/06/2023 09:00:00 - 16/06/2023 10:00:00","BZN|PL","Without Sequence","122.15","",""
"16/06/2023 10:00:00 - 16/06/2023 11:00:00","BZN|PL","Without Sequence","120.77","",""
"16/06/2023 11:00:00 - 16/06/2023 12:00:00","BZN|PL","Without Sequence","125.28","",""
"16/06/2023 12:00:00 - 16/06/2023 13:00:00","BZN|PL","Without Sequence","127.43","",""
"16/06/2023 13:00:00 - 16/06/2023 14:00:00","BZN|PL","Without Sequence","144.71","",""
"16/06/2023 14:00:00 - 16/06/2023 15:00:00","BZN|PL","Without Sequence","144.21","",""
"16/06/2023 15:00:00 - 16/06/2023 16:00:00","BZN|PL","Without Sequence","151.20","",""
"16/06/2023 16:00:00 - 16/06/2023 17:00:00","BZN|PL","Without Sequence","157.39","",""
"16/06/2023 17:00:00 - 16/06/2023 18:00:00","BZN|PL","Without Sequence","164.85","",""
"16/06/2023 18:00:00 - 16/06/2023 19:00:00","BZN|PL","Without Sequence","175.23","",""
"16/06/2023 19:00:00 - 16/06/2023 20:00:00","BZN|PL","Without Sequence","170.58","",""
"16/06/2023 20:00:00 - 16/06/2023 21:00:00","BZN|PL","Without Sequence","164.55","",""
"16/06/2023 21:00:00 - 16/06/2023 22:00:00","BZN|PL","Without Sequence","145.53","",""
"16/06/2023 22:00:00 - 16/06/2023 23:00:00","BZN|PL","Without Sequence","130.81","",""
"16/06/2023 23:00:00 - 17/06/2023 00:00:00","BZN|PL","Without Sequence","132.60","",""
"17/06/2023 00:00:00 - 17/06/2023 01:00:00","BZN|PL","Without Sequence","134.24","",""
"17/06/2023 01:00:00 - 17/06/2023 02:00:00","BZN|PL","Without Sequence","129.02","",""
"17/06/2023 02:00:00 - 17/06/2023 03:00:00","BZN|PL","Without Sequence","127.20","",""
"17/06/2023 03:00:00 - 17/06/2023 04:00:00","BZN|PL","Without Sequence","129.62","",""
"17/06/2023 04:00:00 - 17/06/2023 05:00:00","BZN|PL","Without Sequence","116.79","",""
"17/06/2023 05:00:00 - 17/06/2023 06:00:00","BZN|PL","Without Sequence","130.72","",""
"17/06/2023 06:00:00 - 17/06/2023 07:00:00","BZN|PL","Without Sequence","138.05","",""
"17/06/2023 07:00:00 - 17/06/2023 08:00:00","BZN|PL","Without Sequence","138.25","",""
"17/06/2023 08:00:00 - 17/06/2023 09:00:00","BZN|PL","Without Sequence","120.97","",""
"17/06/2023 09:00:00 - 17/06/2023 10:00:00","BZN|PL","Without Sequence","116.64","",""
"17/06/2023 10:00:00 - 17/06/2023 11:00:00","BZN|PL","Without Sequence","116.32","",""
"17/06/2023 11:00:00 - 17/06/2023 12:00:00","BZN|PL","Without Sequence","116.06","",""
"17/06/2023 12:00:00 - 17/06/2023 13:00:00","BZN|PL","Without Sequence","116.01","",""
"17/06/2023 13:00:00 - 17/06/2023 14:00:00","BZN|PL","Without Sequence","116.67","",""
"17/06/2023 14:00:00 - 17/06/2023 15:00:00","BZN|PL","Without Sequence","124.83","",""
"17/06/2023 15:00:00 - 17/06/2023 16:00:00","BZN|PL","Without Sequence","134.63","",""
"17/06/2023 16:00:00 - 17/06/2023 17:00:00","BZN|PL","Without Sequence","140.32","",""
"17/06/2023 17:00:00 - 17/06/2023 18:00:00","BZN|PL","Without Sequence","154.11","",""
"17/06/2023 18:00:00 - 17/06/2023 19:00:00","BZN|PL","Without Sequence","156.93","",""
"17/06/2023 19:00:00 - 17/06/2023 20:00:00","BZN|PL","Without Sequence","154.75","",""
"17/06/2023 20:00:00 - 17/06/2023 21:00:00","BZN|PL","Without Sequence","146.27","",""
"17/06/2023 21:00:00 - 17/06/2023 22:00:00","BZN|PL","Without Sequence","136.65","",""
"17/06/2023 22:00:00 - 17/06/2023 23:00:00","BZN|PL","Without Sequence","129.05","",""
"17/06/2023 23:00:00 - 18/06/2023 00:00:00","BZN|PL","Without Sequence","118.58","",""
"18/06/2023 00:00:00 - 18/06/2023 01:00:00","BZN|PL","Without Sequence","111.23","",""
"18/06/2023 01:00:00 - 18/06/2023 02:00:00","BZN|PL","Without Sequence","122.85","",""
"18/06/2023 02:00:00 - 18/06/2023 03:00:00","BZN|PL","Without Sequence","120.09","",""
"18/06/2023 03:00:00 - 18/06/2023 04:00:00","BZN|PL","Without Sequence","118.50","",""
"18/06/2023 04:00:00 - 18/06/2023 05:00:00","BZN|PL","Without Sequence","117.66","",""
"18/06/2023 05:00:00 - 18/06/2023 06:00:00","BZN|PL","Without Sequence","115.79","",""
"18/06/2023 06:00:00 - 18/06/2023 07:00:00","BZN|PL","Without Sequence","110.93","",""
"18/06/2023 07:00:00 - 18/06/2023 08:00:00","BZN|PL","Without Sequence","110.94","",""
"18/06/2023 08:00:00 - 18/06/2023 09:00:00","BZN|PL","Without Sequence","100.46","",""
"18/06/2023 09:00:00 - 18/06/2023 10:00:00","BZN|PL","Without Sequence","95.25","",""
"18/06/2023 10:00:00 - 18/06/2023 11:00:00","BZN|PL","Without Sequence","100.46","",""
"18/06/2023 11:00:00 - 18/06/2023 12:00:00","BZN|PL","Without Sequence","100.64","",""
"18/06/2023 12:00:00 - 18/06/2023 13:00:00","BZN|PL","Without Sequence","102.70","",""
"18/06/2023 13:00:00 - 18/06/2023 14:00:00","BZN|PL","Without Sequence","109.62","",""
"18/06/2023 14:00:00 - 18/06/2023 15:00:00","BZN|PL","Without Sequence","115.94","",""
"18/06/2023 15:00:00 - 18/06/2023 16:00:00","BZN|PL","Without Sequence","129.81","",""
"18/06/2023 16:00:00 - 18/06/2023 17:00:00","BZN|PL","Without Sequence","154.25","",""
"18/06/2023 17:00:00 - 18/06/2023 18:00:00","BZN|PL","Without Sequence","157.33","",""
"18/06/2023 18:00:00 - 18/06/2023 19:00:00","BZN|PL","Without Sequence","158.98","",""
"18/06/2023 19:00:00 - 18/06/2023 20:00:00","BZN|PL","Without Sequence","143.61","",""
"18/06/2023 20:00:00 - 18/06/2023 21:00:00","BZN|PL","Without Sequence","138.83","",""
"18/06/2023 21:00:00 - 18/06/2023 22:00:00","BZN|PL","Without Sequence","117.88","",""
"18/06/2023 22:00:00 - 18/06/2023 23:00:00","BZN|PL","Without Sequence","109.40","",""
"18/06/2023 23:00:00 - 19/06/2023 00:00:00","BZN|PL","Without Sequence","116.88","",""
"19/06/2023 00:00:00 - 19/06/2023 01:00:00","BZN|PL","Without Sequence","116.88","",""
"19/06/2023 01:00:00 - 19/06/2023 02:00:00","BZN|PL","Without Sequence","141.50","",""
"19/06/2023 02:00:00 - 19/06/2023 03:00:00","BZN|PL","Without Sequence","134.90","",""
"19/06/2023 03:00:00 - 19/06/2023 04:00:00","BZN|PL","Without Sequence","148.48","",""
"19/06/2023 04:00:00 - 19/06/2023 05:00:00","BZN|PL","Without Sequence","167.29","",""
"19/06/2023 05:00:00 - 19/06/2023 06:00:00","BZN|PL","Without Sequence","167.30","",""
"19/06/2023 06:00:00 - 19/06/2023 07:00:00","BZN|PL","Without Sequence","166.70","",""
"19/06/2023 07:00:00 - 19/06/2023 08:00:00","BZN|PL","Without Sequence","141.92","",""
"19/06/2023 08:00:00 - 19/06/2023 09:00:00","BZN|PL","Without Sequence","115.79","",""
"19/06/2023 09:00:00 - 19/06/2023 10:00:00","BZN|PL","Without Sequence","115.79","",""
"19/06/2023 10:00:00 - 19/06/2023 11:00:00","BZN|PL","Without Sequence","115.80","",""
"19/06/2023 11:00:00 - 19/06/2023 12:00:00","BZN|PL","Without Sequence","115.79","",""
"19/06/2023 12:00:00 - 19/06/2023 13:00:00","BZN|PL","Without Sequence","116.93","",""
"19/06/2023 13:00:00 - 19/06/2023 14:00:00","BZN|PL","Without Sequence","150.47","",""
"19/06/2023 14:00:00 - 19/06/2023 15:00:00","BZN|PL","Without Sequence","166.76","",""
"19/06/2023 15:00:00 - 19/06/2023 16:00:00","BZN|PL","Without Sequence","168.17","",""
"19/06/2023 16:00:00 - 19/06/2023 17:00:00","BZN|PL","Without Sequence","183.16","",""
"19/06/2023 17:00:00 - 19/06/2023 18:00:00","BZN|PL","Without Sequence","181.26","",""
"19/06/2023 18:00:00 - 19/06/2023 19:00:00","BZN|PL","Without Sequence","196.72","",""
"19/06/2023 19:00:00 - 19/06/2023 20:00:00","BZN|PL","Without Sequence","177.42","",""
"19/06/2023 20:00:00 - 19/06/2023 21:00:00","BZN|PL","Without Sequence","149.89","",""
"19/06/2023 21:00:00 - 19/06/2023 22:00:00","BZN|PL","Without Sequence","137.77","",""
"19/06/2023 22:00:00 - 19/06/2023 23:00:00","BZN|PL","Without Sequence","129.39","",""
"19/06/2023 23:00:00 - 20/06/2023 00:00:00","BZN|PL","Without Sequence","112.49","",""
"20/06/2023 00:00:00 - 20/06/2023 01:00:00","BZN|PL","Without Sequence","133.88","",""
"20/06/2023 01:00:00 - 20/06/2023 02:00:00","BZN|PL","Without Sequence","134.77","",""
"20/06/2023 02:00:00 - 20/06/2023 03:00:00","BZN|PL","Without Sequence","130.22","",""
"20/06/2023 03:00:00 - 20/06/2023 04:00:00","BZN|PL","Without Sequence","117.96","",""
"20/06/2023 04:00:00 - 20/06/2023 05:00:00","BZN|PL","Without Sequence","163.10","",""
"20/06/2023 05:00:00 - 20/06/2023 06:00:00","BZN|PL","Without Sequence","162.95","",""
"20/06/2023 06:00:00 - 20/06/2023 07:00:00","BZN|PL","Without Sequence","165.55","",""
"20/06/2023 07:00:00 - 20/06/2023 08:00:00","BZN|PL","Without Sequence","163.16","",""
"20/06/2023 08:00:00 - 20/06/2023 09:00:00","BZN|PL","Without Sequence","125.93","",""
"20/06/2023 09:00:00 - 20/06/2023 10:00:00","BZN|PL","Without Sequence","123.69","",""
"20/06/2023 10:00:00 - 20/06/2023 11:00:00","BZN|PL","Without Sequence","121.45","",""
"20/06/2023 11:00:00 - 20/06/2023 12:00:00","BZN|PL","Without Sequence","125.92","",""
"20/06/2023 12:00:00 - 20/06/2023 13:00:00","BZN|PL","Without Sequence","134.95","",""
"20/06/2023 13:00:00 - 20/06/2023 14:00:00","BZN|PL","Without Sequence","165.75","",""
"20/06/2023 14:00:00 - 20/06/2023 15:00:00","BZN|PL","Without Sequence","166.62","",""
"20/06/2023 15:00:00 - 20/06/2023 16:00:00","BZN|PL","Without Sequence","167.13","",""
"20/06/2023 16:00:00 - 20/06/2023 17:00:00","BZN|PL","Without Sequence","166.21","",""
"20/06/2023 17:00:00 - 20/06/2023 18:00:00","BZN|PL","Without Sequence","161.89","",""
"20/06/2023 18:00:00 - 20/06/2023 19:00:00","BZN|PL","Without Sequence","165.08","",""
"20/06/2023 19:00:00 - 20/06/2023 20:00:00","BZN|PL","Without Sequence","167.10","",""
"20/06/2023 20:00:00 - 20/06/2023 21:00:00","BZN|PL","Without Sequence","168.76","",""
"20/06/2023 21:00:00 - 20/06/2023 22:00:00","BZN|PL","Without Sequence","163.07","",""
"20/06/2023 22:00:00 - 20/06/2023 23:00:00","BZN|PL","Without Sequence","128.32","",""
"20/06/2023 23:00:00 - 21/06/2023 00:00:00","BZN|PL","Without Sequence","128.26","",""
"21/06/2023 00:00:00 - 21/06/2023 01:00:00","BZN|PL","Without Sequence","128.25","",""
"21/06/2023 01:00:00 - 21/06/2023 02:00:00","BZN|PL","Without Sequence","126.23","",""
"21/06/2023 02:00:00 - 21/06/2023 03:00:00","BZN|PL","Without Sequence","129.52","",""
"21/06/2023 03:00:00 - 21/06/2023 04:00:00","BZN|PL","Without Sequence","126.54","",""
"21/06/2023 04:00:00 - 21/06/2023 05:00:00","BZN|PL","Without Sequence","147.89","",""
"21/06/2023 05:00:00 - 21/06/2023 06:00:00","BZN|PL","Without Sequence","175.56","",""
"21/06/2023 06:00:00 - 21/06/2023 07:00:00","BZN|PL","Without Sequence","177.77","",""
"21/06/2023 07:00:00 - 21/06/2023 08:00:00","BZN|PL","Without Sequence","169.26","",""
"21/06/2023 08:00:00 - 21/06/2023 09:00:00","BZN|PL","Without Sequence","168.85","",""
"21/06/2023 09:00:00 - 21/06/2023 10:00:00","BZN|PL","Without Sequence","168.83","",""
"21/06/2023 10:00:00 - 21/06/2023 11:00:00","BZN|PL","Without Sequence","168.83","",""
"21/06/2023 11:00:00 - 21/06/2023 12:00:00","BZN|PL","Without Sequence","168.86","",""
"21/06/2023 12:00:00 - 21/06/2023 13:00:00","BZN|PL","Without Sequence","168.83","",""
"21/06/2023 13:00:00 - 21/06/2023 14:00:00","BZN|PL","Without Sequence","168.95","",""
"21/06/2023 14:00:00 - 21/06/2023 15:00:00","BZN|PL","Without Sequence","149.97","",""
"21/06/2023 15:00:00 - 21/06/2023 16:00:00","BZN|PL","Without Sequence","171.29","",""
"21/06/2023 16:00:00 - 21/06/2023 17:00:00","BZN|PL","Without Sequence","199.94","",""
"21/06/2023 17:00:00 - 21/06/2023 18:00:00","BZN|PL","Without Sequence","213.76","",""
"21/06/2023 18:00:00 - 21/06/2023 19:00:00","BZN|PL","Without Sequence","190.69","",""
"21/06/2023 19:00:00 - 21/06/2023 20:00:00","BZN|PL","Without Sequence","180.91","",""
"21/06/2023 20:00:00 - 21/06/2023 21:00:00","BZN|PL","Without Sequence","155.06","",""
"21/06/2023 21:00:00 - 21/06/2023 22:00:00","BZN|PL","Without Sequence","135.20","",""
"21/06/2023 22:00:00 - 21/06/2023 23:00:00","BZN|PL","Without Sequence","133.55","",""
"21/06/2023 23:00:00 - 22/06/2023 00:00:00","BZN|PL","Without Sequence","129.44","",""
"22/06/2023 00:00:00 - 22/06/2023 01:00:00","BZN|PL","Without Sequence","134.83","",""
"22/06/2023 01:00:00 - 22/06/2023 02:00:00","BZN|PL","Without Sequence","128.78","",""
"22/06/2023 02:00:00 - 22/06/2023 03:00:00","BZN|PL","Without Sequence","126.07","",""
"22/06/2023 03:00:00 - 22/06/2023 04:00:00","BZN|PL","Without Sequence","132.83","",""
"22/06/2023 04:00:00 - 22/06/2023 05:00:00","BZN|PL","Without Sequence","177.76","",""
"22/06/2023 05:00:00 - 22/06/2023 06:00:00","BZN|PL","Without Sequence","202.58","",""
"22/06/2023 06:00:00 - 22/06/2023 07:00:00","BZN|PL","Without Sequence","202.58","",""
"22/06/2023 07:00:00 - 22/06/2023 08:00:00","BZN|PL","Without Sequence","184.57","",""
"22/06/2023 08:00:00 - 22/06/2023 09:00:00","BZN|PL","Without Sequence","167.28","",""
"22/06/2023 09:00:00 - 22/06/2023 10:00:00","BZN|PL","Without Sequence","167.40","",""
"22/06/2023 10:00:00 - 22/06/2023 11:00:00","BZN|PL","Without Sequence","167.07","",""
"22/06/2023 11:00:00 - 22/06/2023 12:00:00","BZN|PL","Without Sequence","167.10","",""
"22/06/2023 12:00:00 - 22/06/2023 13:00:00","BZN|PL","Without Sequence","167.47","",""
"22/06/2023 13:00:00 - 22/06/2023 14:00:00","BZN|PL","Without Sequence","182.85","",""
"22/06/2023 14:00:00 - 22/06/2023 15:00:00","BZN|PL","Without Sequence","168.82","",""
"22/06/2023 15:00:00 - 22/06/2023 16:00:00","BZN|PL","Without Sequence","200.00","",""
"22/06/2023 16:00:00 - 22/06/2023 17:00:00","BZN|PL","Without Sequence","211.51","",""
"22/06/2023 17:00:00 - 22/06/2023 18:00:00","BZN|PL","Without Sequence","209.53","",""
"22/06/2023 18:00:00 - 22/06/2023 19:00:00","BZN|PL","Without Sequence","211.21","",""
"22/06/2023 19:00:00 - 22/06/2023 20:00:00","BZN|PL","Without Sequence","202.58","",""
"22/06/2023 20:00:00 - 22/06/2023 21:00:00","BZN|PL","Without Sequence","166.94","",""
"22/06/2023 21:00:00 - 22/06/2023 22:00:00","BZN|PL","Without Sequence","121.56","",""
"22/06/2023 22:00:00 - 22/06/2023 23:00:00","BZN|PL","Without Sequence","124.03","",""
"22/06/2023 23:00:00 - 23/06/2023 00:00:00","BZN|PL","Without Sequence","140.81","",""
"23/06/2023 00:00:00 - 23/06/2023 01:00:00","BZN|PL","Without Sequence","140.99","",""
"23/06/2023 01:00:00 - 23/06/2023 02:00:00","BZN|PL","Without Sequence","135.31","",""
"23/06/2023 02:00:00 - 23/06/2023 03:00:00","BZN|PL","Without Sequence","141.39","",""
"23/06/2023 03:00:00 - 23/06/2023 04:00:00","BZN|PL","Without Sequence","135.27","",""
"23/06/2023 04:00:00 - 23/06/2023 05:00:00","BZN|PL","Without Sequence","164.72","",""
"23/06/2023 05:00:00 - 23/06/2023 06:00:00","BZN|PL","Without Sequence","144.98","",""
"23/06/2023 06:00:00 - 23/06/2023 07:00:00","BZN|PL","Without Sequence","147.89","",""
"23/06/2023 07:00:00 - 23/06/2023 08:00:00","BZN|PL","Without Sequence","135.56","",""
"23/06/2023 08:00:00 - 23/06/2023 09:00:00","BZN|PL","Without Sequence","140.97","",""
"23/06/2023 09:00:00 - 23/06/2023 10:00:00","BZN|PL","Without Sequence","150.56","",""
"23/06/2023 10:00:00 - 23/06/2023 11:00:00","BZN|PL","Without Sequence","163.18","",""
"23/06/2023 11:00:00 - 23/06/2023 12:00:00","BZN|PL","Without Sequence","151.40","",""
"23/06/2023 12:00:00 - 23/06/2023 13:00:00","BZN|PL","Without Sequence","152.37","",""
"23/06/2023 13:00:00 - 23/06/2023 14:00:00","BZN|PL","Without Sequence","153.78","",""
"23/06/2023 14:00:00 - 23/06/2023 15:00:00","BZN|PL","Without Sequence","164.73","",""
"23/06/2023 15:00:00 - 23/06/2023 16:00:00","BZN|PL","Without Sequence","165.11","",""
"23/06/2023 16:00:00 - 23/06/2023 17:00:00","BZN|PL","Without Sequence","149.16","",""
"23/06/2023 17:00:00 - 23/06/2023 18:00:00","BZN|PL","Without Sequence","142.07","",""
"23/06/2023 18:00:00 - 23/06/2023 19:00:00","BZN|PL","Without Sequence","137.10","",""
"23/06/2023 19:00:00 - 23/06/2023 20:00:00","BZN|PL","Without Sequence","135.11","",""
"23/06/2023 20:00:00 - 23/06/2023 21:00:00","BZN|PL","Without Sequence","146.58","",""
"23/06/2023 21:00:00 - 23/06/2023 22:00:00","BZN|PL","Without Sequence","131.99","",""
"23/06/2023 22:00:00 - 23/06/2023 23:00:00","BZN|PL","Without Sequence","121.53","",""
"23/06/2023 23:00:00 - 24/06/2023 00:00:00","BZN|PL","Without Sequence","120.41","",""
"24/06/2023 00:00:00 - 24/06/2023 01:00:00","BZN|PL","Without Sequence","133.41","",""
"24/06/2023 01:00:00 - 24/06/2023 02:00:00","BZN|PL","Without Sequence","132.51","",""
"24/06/2023 02:00:00 - 24/06/2023 03:00:00","BZN|PL","Without Sequence","129.58","",""
"24/06/2023 03:00:00 - 24/06/2023 04:00:00","BZN|PL","Without Sequence","132.61","",""
"24/06/2023 04:00:00 - 24/06/2023 05:00:00","BZN|PL","Without Sequence","121.54","",""
"24/06/2023 05:00:00 - 24/06/2023 06:00:00","BZN|PL","Without Sequence","97.99","",""
"24/06/2023 06:00:00 - 24/06/2023 07:00:00","BZN|PL","Without Sequence","101.30","",""
"24/06/2023 07:00:00 - 24/06/2023 08:00:00","BZN|PL","Without Sequence","124.49","",""
"24/06/2023 08:00:00 - 24/06/2023 09:00:00","BZN|PL","Without Sequence","128.40","",""
"24/06/2023 09:00:00 - 24/06/2023 10:00:00","BZN|PL","Without Sequence","150.81","",""
"24/06/2023 10:00:00 - 24/06/2023 11:00:00","BZN|PL","Without Sequence","148.37","",""
"24/06/2023 11:00:00 - 24/06/2023 12:00:00","BZN|PL","Without Sequence","144.34","",""
"24/06/2023 12:00:00 - 24/06/2023 13:00:00","BZN|PL","Without Sequence","122.07","",""
"24/06/2023 13:00:00 - 24/06/2023 14:00:00","BZN|PL","Without Sequence","140.23","",""
"24/06/2023 14:00:00 - 24/06/2023 15:00:00","BZN|PL","Without Sequence","137.21","",""
"24/06/2023 15:00:00 - 24/06/2023 16:00:00","BZN|PL","Without Sequence","135.49","",""
"24/06/2023 16:00:00 - 24/06/2023 17:00:00","BZN|PL","Without Sequence","149.49","",""
"24/06/2023 17:00:00 - 24/06/2023 18:00:00","BZN|PL","Without Sequence","146.15","",""
"24/06/2023 18:00:00 - 24/06/2023 19:00:00","BZN|PL","Without Sequence","140.89","",""
"24/06/2023 19:00:00 - 24/06/2023 20:00:00","BZN|PL","Without Sequence","149.61","",""
"24/06/2023 20:00:00 - 24/06/2023 21:00:00","BZN|PL","Without Sequence","157.97","",""
"24/06/2023 21:00:00 - 24/06/2023 22:00:00","BZN|PL","Without Sequence","142.16","",""
"24/06/2023 22:00:00 - 24/06/2023 23:00:00","BZN|PL","Without Sequence","120.73","",""
"24/06/2023 23:00:00 - 25/06/2023 00:00:00","BZN|PL","Without Sequence","112.89","",""
"25/06/2023 00:00:00 - 25/06/2023 01:00:00","BZN|PL","Without Sequence","123.38","",""
"25/06/2023 01:00:00 - 25/06/2023 02:00:00","BZN|PL","Without Sequence","126.28","",""
"25/06/2023 02:00:00 - 25/06/2023 03:00:00","BZN|PL","Without Sequence","122.55","",""
"25/06/2023 03:00:00 - 25/06/2023 04:00:00","BZN|PL","Without Sequence","127.08","",""
"25/06/2023 04:00:00 - 25/06/2023 05:00:00","BZN|PL","Without Sequence","121.76","",""
"25/06/2023 05:00:00 - 25/06/2023 06:00:00","BZN|PL","Without Sequence","114.23","",""
"25/06/2023 06:00:00 - 25/06/2023 07:00:00","BZN|PL","Without Sequence","114.23","",""
"25/06/2023 07:00:00 - 25/06/2023 08:00:00","BZN|PL","Without Sequence","85.95","",""
"25/06/2023 08:00:00 - 25/06/2023 09:00:00","BZN|PL","Without Sequence","56.27","",""
"25/06/2023 09:00:00 - 25/06/2023 10:00:00","BZN|PL","Without Sequence","64.26","",""
"25/06/2023 10:00:00 - 25/06/2023 11:00:00","BZN|PL","Without Sequence","67.73","",""
"25/06/2023 11:00:00 - 25/06/2023 12:00:00","BZN|PL","Without Sequence","63.57","",""
"25/06/2023 12:00:00 - 25/06/2023 13:00:00","BZN|PL","Without Sequence","64.26","",""
"25/06/2023 13:00:00 - 25/06/2023 14:00:00","BZN|PL","Without Sequence","83.75","",""
"25/06/2023 14:00:00 - 25/06/2023 15:00:00","BZN|PL","Without Sequence","112.74","",""
"25/06/2023 15:00:00 - 25/06/2023 16:00:00","BZN|PL","Without Sequence","155.98","",""
"25/06/2023 16:00:00 - 25/06/2023 17:00:00","BZN|PL","Without Sequence","164.80","",""
"25/06/2023 17:00:00 - 25/06/2023 18:00:00","BZN|PL","Without Sequence","163.08","",""
"25/06/2023 18:00:00 - 25/06/2023 19:00:00","BZN|PL","Without Sequence","163.46","",""
"25/06/2023 19:00:00 - 25/06/2023 20:00:00","BZN|PL","Without Sequence","164.85","",""
"25/06/2023 20:00:00 - 25/06/2023 21:00:00","BZN|PL","Without Sequence","145.06","",""
"25/06/2023 21:00:00 - 25/06/2023 22:00:00","BZN|PL","Without Sequence","119.00","",""
"25/06/2023 22:00:00 - 25/06/2023 23:00:00","BZN|PL","Without Sequence","151.09","",""
"25/06/2023 23:00:00 - 26/06/2023 00:00:00","BZN|PL","Without Sequence","149.87","",""
"26/06/2023 00:00:00 - 26/06/2023 01:00:00","BZN|PL","Without Sequence","150.86","",""
"26/06/2023 01:00:00 - 26/06/2023 02:00:00","BZN|PL","Without Sequence","149.89","",""
"26/06/2023 02:00:00 - 26/06/2023 03:00:00","BZN|PL","Without Sequence","146.71","",""
"26/06/2023 03:00:00 - 26/06/2023 04:00:00","BZN|PL","Without Sequence","157.84","",""
"26/06/2023 04:00:00 - 26/06/2023 05:00:00","BZN|PL","Without Sequence","181.02","",""
"26/06/2023 05:00:00 - 26/06/2023 06:00:00","BZN|PL","Without Sequence","180.43","",""
"26/06/2023 06:00:00 - 26/06/2023 07:00:00","BZN|PL","Without Sequence","167.35","",""
"26/06/2023 07:00:00 - 26/06/2023 08:00:00","BZN|PL","Without Sequence","157.90","",""
"26/06/2023 08:00:00 - 26/06/2023 09:00:00","BZN|PL","Without Sequence","127.40","",""
"26/06/2023 09:00:00 - 26/06/2023 10:00:00","BZN|PL","Without Sequence","125.75","",""
"26/06/2023 10:00:00 - 26/06/2023 11:00:00","BZN|PL","Without Sequence","127.45","",""
"26/06/2023 11:00:00 - 26/06/2023 12:00:00","BZN|PL","Without Sequence","127.49","",""
"26/06/2023 12:00:00 - 26/06/2023 13:00:00","BZN|PL","Without Sequence","127.52","",""
"26/06/2023 13:00:00 - 26/06/2023 14:00:00","BZN|PL","Without Sequence","157.84","",""
"26/06/2023 14:00:00 - 26/06/2023 15:00:00","BZN|PL","Without Sequence","167.51","",""
"26/06/2023 15:00:00 - 26/06/2023 16:00:00","BZN|PL","Without Sequence","171.19","",""
"26/06/2023 16:00:00 - 26/06/2023 17:00:00","BZN|PL","Without Sequence","197.47","",""
"26/06/2023 17:00:00 - 26/06/2023 18:00:00","BZN|PL","Without Sequence","203.13","",""
"26/06/2023 18:00:00 - 26/06/2023 19:00:00","BZN|PL","Without Sequence","216.47","",""
"26/06/2023 19:00:00 - 26/06/2023 20:00:00","BZN|PL","Without Sequence","198.42","",""
"26/06/2023 20:00:00 - 26/06/2023 21:00:00","BZN|PL","Without Sequence","164.32","",""
"26/06/2023 21:00:00 - 26/06/2023 22:00:00","BZN|PL","Without Sequence","143.93","",""
"26/06/2023 22:00:00 - 26/06/2023 23:00:00","BZN|PL","Without Sequence","134.03","",""
"26/06/2023 23:00:00 - 27/06/2023 00:00:00","BZN|PL","Without Sequence","119.18","",""
"27/06/2023 00:00:00 - 27/06/2023 01:00:00","BZN|PL","Without Sequence","129.83","",""
"27/06/2023 01:00:00 - 27/06/2023 02:00:00","BZN|PL","Without Sequence","125.51","",""
"27/06/2023 02:00:00 - 27/06/2023 03:00:00","BZN|PL","Without Sequence","116.07","",""
"27/06/2023 03:00:00 - 27/06/2023 04:00:00","BZN|PL","Without Sequence","111.46","",""
"27/06/2023 04:00:00 - 27/06/2023 05:00:00","BZN|PL","Without Sequence","115.29","",""
"27/06/2023 05:00:00 - 27/06/2023 06:00:00","BZN|PL","Without Sequence","130.00","",""
"27/06/2023 06:00:00 - 27/06/2023 07:00:00","BZN|PL","Without Sequence","127.24","",""
"27/06/2023 07:00:00 - 27/06/2023 08:00:00","BZN|PL","Without Sequence","102.57","",""
"27/06/2023 08:00:00 - 27/06/2023 09:00:00","BZN|PL","Without Sequence","91.27","",""
"27/06/2023 09:00:00 - 27/06/2023 10:00:00","BZN|PL","Without Sequence","87.49","",""
"27/06/2023 10:00:00 - 27/06/2023 11:00:00","BZN|PL","Without Sequence","88.12","",""
"27/06/2023 11:00:00 - 27/06/2023 12:00:00","BZN|PL","Without Sequence","100.71","",""
"27/06/2023 12:00:00 - 27/06/2023 13:00:00","BZN|PL","Without Sequence","102.90","",""
"27/06/2023 13:00:00 - 27/06/2023 14:00:00","BZN|PL","Without Sequence","102.61","",""
"27/06/2023 14:00:00 - 27/06/2023 15:00:00","BZN|PL","Without Sequence","108.99","",""
"27/06/2023 15:00:00 - 27/06/2023 16:00:00","BZN|PL","Without Sequence","132.19","",""
"27/06/2023 16:00:00 - 27/06/2023 17:00:00","BZN|PL","Without Sequence","156.89","",""
"27/06/2023 17:00:00 - 27/06/2023 18:00:00","BZN|PL","Without Sequence","157.78","",""
"27/06/2023 18:00:00 - 27/06/2023 19:00:00","BZN|PL","Without Sequence","159.21","",""
"27/06/2023 19:00:00 - 27/06/2023 20:00:00","BZN|PL","Without Sequence","155.65","",""
"27/06/2023 20:00:00 - 27/06/2023 21:00:00","BZN|PL","Without Sequence","156.11","",""
"27/06/2023 21:00:00 - 27/06/2023 22:00:00","BZN|PL","Without Sequence","132.19","",""
"27/06/2023 22:00:00 - 27/06/2023 23:00:00","BZN|PL","Without Sequence","105.64","",""
"27/06/2023 23:00:00 - 28/06/2023 00:00:00","BZN|PL","Without Sequence","103.24","",""
"28/06/2023 00:00:00 - 28/06/2023 01:00:00","BZN|PL","Without Sequence","105.63","",""
"28/06/2023 01:00:00 - 28/06/2023 02:00:00","BZN|PL","Without Sequence","105.64","",""
"28/06/2023 02:00:00 - 28/06/2023 03:00:00","BZN|PL","Without Sequence","100.29","",""
"28/06/2023 03:00:00 - 28/06/2023 04:00:00","BZN|PL","Without Sequence","96.78","",""
"28/06/2023 04:00:00 - 28/06/2023 05:00:00","BZN|PL","Without Sequence","116.04","",""
"28/06/2023 05:00:00 - 28/06/2023 06:00:00","BZN|PL","Without Sequence","131.50","",""
"28/06/2023 06:00:00 - 28/06/2023 07:00:00","BZN|PL","Without Sequence","127.92","",""
"28/06/2023 07:00:00 - 28/06/2023 08:00:00","BZN|PL","Without Sequence","129.05","",""
"28/06/2023 08:00:00 - 28/06/2023 09:00:00","BZN|PL","Without Sequence","117.38","",""
"28/06/2023 09:00:00 - 28/06/2023 10:00:00","BZN|PL","Without Sequence","133.18","",""
"28/06/2023 10:00:00 - 28/06/2023 11:00:00","BZN|PL","Without Sequence","134.54","",""
"28/06/2023 11:00:00 - 28/06/2023 12:00:00","BZN|PL","Without Sequence","133.06","",""
"28/06/2023 12:00:00 - 28/06/2023 13:00:00","BZN|PL","Without Sequence","121.96","",""
"28/06/2023 13:00:00 - 28/06/2023 14:00:00","BZN|PL","Without Sequence","134.54","",""
"28/06/2023 14:00:00 - 28/06/2023 15:00:00","BZN|PL","Without Sequence","125.58","",""
"28/06/2023 15:00:00 - 28/06/2023 16:00:00","BZN|PL","Without Sequence","119.54","",""
"28/06/2023 16:00:00 - 28/06/2023 17:00:00","BZN|PL","Without Sequence","138.87","",""
"28/06/2023 17:00:00 - 28/06/2023 18:00:00","BZN|PL","Without Sequence","161.49","",""
"28/06/2023 18:00:00 - 28/06/2023 19:00:00","BZN|PL","Without Sequence","166.37","",""
"28/06/2023 19:00:00 - 28/06/2023 20:00:00","BZN|PL","Without Sequence","157.60","",""
"28/06/2023 20:00:00 - 28/06/2023 21:00:00","BZN|PL","Without Sequence","161.72","",""
"28/06/2023 21:00:00 - 28/06/2023 22:00:00","BZN|PL","Without Sequence","133.19","",""
"28/06/2023 22:00:00 - 28/06/2023 23:00:00","BZN|PL","Without Sequence","119.46","",""
"28/06/2023 23:00:00 - 29/06/2023 00:00:00","BZN|PL","Without Sequence","111.31","",""
"29/06/2023 00:00:00 - 29/06/2023 01:00:00","BZN|PL","Without Sequence","112.22","",""
"29/06/2023 01:00:00 - 29/06/2023 02:00:00","BZN|PL","Without Sequence","112.33","",""
"29/06/2023 02:00:00 - 29/06/2023 03:00:00","BZN|PL","Without Sequence","112.10","",""
"29/06/2023 03:00:00 - 29/06/2023 04:00:00","BZN|PL","Without Sequence","111.30","",""
"29/06/2023 04:00:00 - 29/06/2023 05:00:00","BZN|PL","Without Sequence","123.98","",""
"29/06/2023 05:00:00 - 29/06/2023 06:00:00","BZN|PL","Without Sequence","130.65","",""
"29/06/2023 06:00:00 - 29/06/2023 07:00:00","BZN|PL","Without Sequence","130.31","",""
"29/06/2023 07:00:00 - 29/06/2023 08:00:00","BZN|PL","Without Sequence","116.39","",""
"29/06/2023 08:00:00 - 29/06/2023 09:00:00","BZN|PL","Without Sequence","111.30","",""
"29/06/2023 09:00:00 - 29/06/2023 10:00:00","BZN|PL","Without Sequence","107.28","",""
"29/06/2023 10:00:00 - 29/06/2023 11:00:00","BZN|PL","Without Sequence","107.62","",""
"29/06/2023 11:00:00 - 29/06/2023 12:00:00","BZN|PL","Without Sequence","107.63","",""
"29/06/2023 12:00:00 - 29/06/2023 13:00:00","BZN|PL","Without Sequence","107.61","",""
"29/06/2023 13:00:00 - 29/06/2023 14:00:00","BZN|PL","Without Sequence","114.49","",""
"29/06/2023 14:00:00 - 29/06/2023 15:00:00","BZN|PL","Without Sequence","116.86","",""
"29/06/2023 15:00:00 - 29/06/2023 16:00:00","BZN|PL","Without Sequence","134.23","",""
"29/06/2023 16:00:00 - 29/06/2023 17:00:00","BZN|PL","Without Sequence","161.41","",""
"29/06/2023 17:00:00 - 29/06/2023 18:00:00","BZN|PL","Without Sequence","168.16","",""
"29/06/2023 18:00:00 - 29/06/2023 19:00:00","BZN|PL","Without Sequence","174.50","",""
"29/06/2023 19:00:00 - 29/06/2023 20:00:00","BZN|PL","Without Sequence","171.38","",""
"29/06/2023 20:00:00 - 29/06/2023 21:00:00","BZN|PL","Without Sequence","163.40","",""
"29/06/2023 21:00:00 - 29/06/2023 22:00:00","BZN|PL","Without Sequence","142.35","",""
"29/06/2023 22:00:00 - 29/06/2023 23:00:00","BZN|PL","Without Sequence","119.31","",""
"29/06/2023 23:00:00 - 30/06/2023 00:00:00","BZN|PL","Without Sequence","103.65","",""
"30/06/2023 00:00:00 - 30/06/2023 01:00:00","BZN|PL","Without Sequence","103.37","",""
"30/06/2023 01:00:00 - 30/06/2023 02:00:00","BZN|PL","Without Sequence","105.55","",""
"30/06/2023 02:00:00 - 30/06/2023 03:00:00","BZN|PL","Without Sequence","105.56","",""
"30/06/2023 03:00:00 - 30/06/2023 04:00:00","BZN|PL","Without Sequence","111.35","",""
"30/06/2023 04:00:00 - 30/06/2023 05:00:00","BZN|PL","Without Sequence","134.17","",""
"30/06/2023 05:00:00 - 30/06/2023 06:00:00","BZN|PL","Without Sequence","138.09","",""
"30/06/2023 06:00:00 - 30/06/2023 07:00:00","BZN|PL","Without Sequence","156.39","",""
"30/06/2023 07:00:00 - 30/06/2023 08:00:00","BZN|PL","Without Sequence","152.58","",""
"30/06/2023 08:00:00 - 30/06/2023 09:00:00","BZN|PL","Without Sequence","161.78","",""
"30/06/2023 09:00:00 - 30/06/2023 10:00:00","BZN|PL","Without Sequence","162.18","",""
"30/06/2023 10:00:00 - 30/06/2023 11:00:00","BZN|PL","Without Sequence","162.17","",""
"30/06/2023 11:00:00 - 30/06/2023 12:00:00","BZN|PL","Without Sequence","162.18","",""
"30/06/2023 12:00:00 - 30/06/2023 13:00:00","BZN|PL","Without Sequence","162.15","",""
"30/06/2023 13:00:00 - 30/06/2023 14:00:00","BZN|PL","Without Sequence","146.50","",""
"30/06/2023 14:00:00 - 30/06/2023 15:00:00","BZN|PL","Without Sequence","143.15","",""
"30/06/2023 15:00:00 - 30/06/2023 16:00:00","BZN|PL","Without Sequence","149.67","",""
"30/06/2023 16:00:00 - 30/06/2023 17:00:00","BZN|PL","Without Sequence","162.60","",""
"30/06/2023 17:00:00 - 30/06/2023 18:00:00","BZN|PL","Without Sequence","165.53","",""
"30/06/2023 18:00:00 - 30/06/2023 19:00:00","BZN|PL","Without Sequence","165.89","",""
"30/06/2023 19:00:00 - 30/06/2023 20:00:00","BZN|PL","Without Sequence","164.51","",""
"30/06/2023 20:00:00 - 30/06/2023 21:00:00","BZN|PL","Without Sequence","162.60","",""
"30/06/2023 21:00:00 - 30/06/2023 22:00:00","BZN|PL","Without Sequence","134.71","",""
"30/06/2023 22:00:00 - 30/06/2023 23:00:00","BZN|PL","Without Sequence","134.85","",""
"30/06/2023 23:00:00 - 01/07/2023 00:00:00","BZN|PL","Without Sequence","132.53","",""
"01/07/2023 00:00:00 - 01/07/2023 01:00:00","BZN|PL","Without Sequence","115.64","",""
"01/07/2023 01:00:00 - 01/07/2023 02:00:00","BZN|PL","Without Sequence","119.07","",""
"01/07/2023 02:00:00 - 01/07/2023 03:00:00","BZN|PL","Without Sequence","110.81","",""
"01/07/2023 03:00:00 - 01/07/2023 04:00:00","BZN|PL","Without Sequence","110.83","",""
"01/07/2023 04:00:00 - 01/07/2023 05:00:00","BZN|PL","Without Sequence","111.74","",""
"01/07/2023 05:00:00 - 01/07/2023 06:00:00","BZN|PL","Without Sequence","111.21","",""
"01/07/2023 06:00:00 - 01/07/2023 07:00:00","BZN|PL","Without Sequence","113.61","",""
"01/07/2023 07:00:00 - 01/07/2023 08:00:00","BZN|PL","Without Sequence","123.51","",""
"01/07/2023 08:00:00 - 01/07/2023 09:00:00","BZN|PL","Without Sequence","132.20","",""
"01/07/2023 09:00:00 - 01/07/2023 10:00:00","BZN|PL","Without Sequence","123.49","",""
"01/07/2023 10:00:00 - 01/07/2023 11:00:00","BZN|PL","Without Sequence","109.60","",""
"01/07/2023 11:00:00 - 01/07/2023 12:00:00","BZN|PL","Without Sequence","108.90","",""
"01/07/2023 12:00:00 - 01/07/2023 13:00:00","BZN|PL","Without Sequence","110.83","",""
"01/07/2023 13:00:00 - 01/07/2023 14:00:00","BZN|PL","Without Sequence","110.81","",""
"01/07/2023 14:00:00 - 01/07/2023 15:00:00","BZN|PL","Without Sequence","110.23","",""
"01/07/2023 15:00:00 - 01/07/2023 16:00:00","BZN|PL","Without Sequence","132.45","",""
"01/07/2023 16:00:00 - 01/07/2023 17:00:00","BZN|PL","Without Sequence","148.20","",""
"01/07/2023 17:00:00 - 01/07/2023 18:00:00","BZN|PL","Without Sequence","150.35","",""
"01/07/2023 18:00:00 - 01/07/2023 19:00:00","BZN|PL","Without Sequence","147.16","",""
"01/07/2023 19:00:00 - 01/07/2023 20:00:00","BZN|PL","Without Sequence","135.83","",""
"01/07/2023 20:00:00 - 01/07/2023 21:00:00","BZN|PL","Without Sequence","124.06","",""
"01/07/2023 21:00:00 - 01/07/2023 22:00:00","BZN|PL","Without Sequence","96.44","",""
"01/07/2023 22:00:00 - 01/07/2023 23:00:00","BZN|PL","Without Sequence","86.56","",""
"01/07/2023 23:00:00 - 02/07/2023 00:00:00","BZN|PL","Without Sequence","78.70","",""
"02/07/2023 00:00:00 - 02/07/2023 01:00:00","BZN|PL","Without Sequence","84.33","",""
"02/07/2023 01:00:00 - 02/07/2023 02:00:00","BZN|PL","Without Sequence","86.55","",""
"02/07/2023 02:00:00 - 02/07/2023 03:00:00","BZN|PL","Without Sequence","60.49","",""
"02/07/2023 03:00:00 - 02/07/2023 04:00:00","BZN|PL","Without Sequence","49.46","",""
"02/07/2023 04:00:00 - 02/07/2023 05:00:00","BZN|PL","Without Sequence","49.46","",""
"02/07/2023 05:00:00 - 02/07/2023 06:00:00","BZN|PL","Without Sequence","33.71","",""
"02/07/2023 06:00:00 - 02/07/2023 07:00:00","BZN|PL","Without Sequence","13.49","",""
"02/07/2023 07:00:00 - 02/07/2023 08:00:00","BZN|PL","Without Sequence","3.87","",""
"02/07/2023 08:00:00 - 02/07/2023 09:00:00","BZN|PL","Without Sequence","4.48","",""
"02/07/2023 09:00:00 - 02/07/2023 10:00:00","BZN|PL","Without Sequence","5.12","",""
"02/07/2023 10:00:00 - 02/07/2023 11:00:00","BZN|PL","Without Sequence","4.49","",""
"02/07/2023 11:00:00 - 02/07/2023 12:00:00","BZN|PL","Without Sequence","4.50","",""
"02/07/2023 12:00:00 - 02/07/2023 13:00:00","BZN|PL","Without Sequence","4.50","",""
"02/07/2023 13:00:00 - 02/07/2023 14:00:00","BZN|PL","Without Sequence","4.48","",""
"02/07/2023 14:00:00 - 02/07/2023 15:00:00","BZN|PL","Without Sequence","2.74","",""
"02/07/2023 15:00:00 - 02/07/2023 16:00:00","BZN|PL","Without Sequence","6.81","",""
"02/07/2023 16:00:00 - 02/07/2023 17:00:00","BZN|PL","Without Sequence","45.18","",""
"02/07/2023 17:00:00 - 02/07/2023 18:00:00","BZN|PL","Without Sequence","91.26","",""
"02/07/2023 18:00:00 - 02/07/2023 19:00:00","BZN|PL","Without Sequence","94.54","",""
"02/07/2023 19:00:00 - 02/07/2023 20:00:00","BZN|PL","Without Sequence","94.44","",""
"02/07/2023 20:00:00 - 02/07/2023 21:00:00","BZN|PL","Without Sequence","94.90","",""
"02/07/2023 21:00:00 - 02/07/2023 22:00:00","BZN|PL","Without Sequence","86.08","",""
"02/07/2023 22:00:00 - 02/07/2023 23:00:00","BZN|PL","Without Sequence","69.70","",""
"02/07/2023 23:00:00 - 03/07/2023 00:00:00","BZN|PL","Without Sequence","50.33","",""
"03/07/2023 00:00:00 - 03/07/2023 01:00:00","BZN|PL","Without Sequence","48.46","",""
"03/07/2023 01:00:00 - 03/07/2023 02:00:00","BZN|PL","Without Sequence","48.44","",""
"03/07/2023 02:00:00 - 03/07/2023 03:00:00","BZN|PL","Without Sequence","48.44","",""
"03/07/2023 03:00:00 - 03/07/2023 04:00:00","BZN|PL","Without Sequence","57.51","",""
"03/07/2023 04:00:00 - 03/07/2023 05:00:00","BZN|PL","Without Sequence","96.78","",""
"03/07/2023 05:00:00 - 03/07/2023 06:00:00","BZN|PL","Without Sequence","110.89","",""
"03/07/2023 06:00:00 - 03/07/2023 07:00:00","BZN|PL","Without Sequence","104.91","",""
"03/07/2023 07:00:00 - 03/07/2023 08:00:00","BZN|PL","Without Sequence","48.38","",""
"03/07/2023 08:00:00 - 03/07/2023 09:00:00","BZN|PL","Without Sequence","44.97","",""
"03/07/2023 09:00:00 - 03/07/2023 10:00:00","BZN|PL","Without Sequence","51.05","",""
"03/07/2023 10:00:00 - 03/07/2023 11:00:00","BZN|PL","Without Sequence","40.46","",""
"03/07/2023 11:00:00 - 03/07/2023 12:00:00","BZN|PL","Without Sequence","57.11","",""
"03/07/2023 12:00:00 - 03/07/2023 13:00:00","BZN|PL","Without Sequence","42.55","",""
"03/07/2023 13:00:00 - 03/07/2023 14:00:00","BZN|PL","Without Sequence","49.48","",""
"03/07/2023 14:00:00 - 03/07/2023 15:00:00","BZN|PL","Without Sequence","79.25","",""
"03/07/2023 15:00:00 - 03/07/2023 16:00:00","BZN|PL","Without Sequence","104.54","",""
"03/07/2023 16:00:00 - 03/07/2023 17:00:00","BZN|PL","Without Sequence","149.51","",""
"03/07/2023 17:00:00 - 03/07/2023 18:00:00","BZN|PL","Without Sequence","162.37","",""
"03/07/2023 18:00:00 - 03/07/2023 19:00:00","BZN|PL","Without Sequence","163.39","",""
"03/07/2023 19:00:00 - 03/07/2023 20:00:00","BZN|PL","Without Sequence","162.36","",""
"03/07/2023 20:00:00 - 03/07/2023 21:00:00","BZN|PL","Without Sequence","148.82","",""
"03/07/2023 21:00:00 - 03/07/2023 22:00:00","BZN|PL","Without Sequence","132.65","",""
"03/07/2023 22:00:00 - 03/07/2023 23:00:00","BZN|PL","Without Sequence","134.37","",""
"03/07/2023 23:00:00 - 04/07/2023 00:00:00","BZN|PL","Without Sequence","128.17","",""
"04/07/2023 00:00:00 - 04/07/2023 01:00:00","BZN|PL","Without Sequence","115.37","",""
"04/07/2023 01:00:00 - 04/07/2023 02:00:00","BZN|PL","Without Sequence","113.95","",""
"04/07/2023 02:00:00 - 04/07/2023 03:00:00","BZN|PL","Without Sequence","109.89","",""
"04/07/2023 03:00:00 - 04/07/2023 04:00:00","BZN|PL","Without Sequence","101.22","",""
"04/07/2023 04:00:00 - 04/07/2023 05:00:00","BZN|PL","Without Sequence","116.09","",""
"04/07/2023 05:00:00 - 04/07/2023 06:00:00","BZN|PL","Without Sequence","119.97","",""
"04/07/2023 06:00:00 - 04/07/2023 07:00:00","BZN|PL","Without Sequence","113.29","",""
"04/07/2023 07:00:00 - 04/07/2023 08:00:00","BZN|PL","Without Sequence","73.88","",""
"04/07/2023 08:00:00 - 04/07/2023 09:00:00","BZN|PL","Without Sequence","50.74","",""
"04/07/2023 09:00:00 - 04/07/2023 10:00:00","BZN|PL","Without Sequence","50.66","",""
"04/07/2023 10:00:00 - 04/07/2023 11:00:00","BZN|PL","Without Sequence","50.69","",""
"04/07/2023 11:00:00 - 04/07/2023 12:00:00","BZN|PL","Without Sequence","50.63","",""
"04/07/2023 12:00:00 - 04/07/2023 13:00:00","BZN|PL","Without Sequence","60.86","",""
"04/07/2023 13:00:00 - 04/07/2023 14:00:00","BZN|PL","Without Sequence","56.42","",""
"04/07/2023 14:00:00 - 04/07/2023 15:00:00","BZN|PL","Without Sequence","107.51","",""
"04/07/2023 15:00:00 - 04/07/2023 16:00:00","BZN|PL","Without Sequence","113.29","",""
"04/07/2023 16:00:00 - 04/07/2023 17:00:00","BZN|PL","Without Sequence","165.14","",""
"04/07/2023 17:00:00 - 04/07/2023 18:00:00","BZN|PL","Without Sequence","166.41","",""
"04/07/2023 18:00:00 - 04/07/2023 19:00:00","BZN|PL","Without Sequence","183.55","",""
"04/07/2023 19:00:00 - 04/07/2023 20:00:00","BZN|PL","Without Sequence","182.73","",""
"04/07/2023 20:00:00 - 04/07/2023 21:00:00","BZN|PL","Without Sequence","165.16","",""
"04/07/2023 21:00:00 - 04/07/2023 22:00:00","BZN|PL","Without Sequence","165.14","",""
"04/07/2023 22:00:00 - 04/07/2023 23:00:00","BZN|PL","Without Sequence","126.12","",""
"04/07/2023 23:00:00 - 05/07/2023 00:00:00","BZN|PL","Without Sequence","118.74","",""
"05/07/2023 00:00:00 - 05/07/2023 01:00:00","BZN|PL","Without Sequence","120.62","",""
"05/07/2023 01:00:00 - 05/07/2023 02:00:00","BZN|PL","Without Sequence","114.38","",""
"05/07/2023 02:00:00 - 05/07/2023 03:00:00","BZN|PL","Without Sequence","112.45","",""
"05/07/2023 03:00:00 - 05/07/2023 04:00:00","BZN|PL","Without Sequence","124.32","",""
"05/07/2023 04:00:00 - 05/07/2023 05:00:00","BZN|PL","Without Sequence","147.40","",""
"05/07/2023 05:00:00 - 05/07/2023 06:00:00","BZN|PL","Without Sequence","151.42","",""
"05/07/2023 06:00:00 - 05/07/2023 07:00:00","BZN|PL","Without Sequence","155.04","",""
"05/07/2023 07:00:00 - 05/07/2023 08:00:00","BZN|PL","Without Sequence","135.70","",""
"05/07/2023 08:00:00 - 05/07/2023 09:00:00","BZN|PL","Without Sequence","111.68","",""
"05/07/2023 09:00:00 - 05/07/2023 10:00:00","BZN|PL","Without Sequence","104.21","",""
"05/07/2023 10:00:00 - 05/07/2023 11:00:00","BZN|PL","Without Sequence","103.96","",""
"05/07/2023 11:00:00 - 05/07/2023 12:00:00","BZN|PL","Without Sequence","104.20","",""
"05/07/2023 12:00:00 - 05/07/2023 13:00:00","BZN|PL","Without Sequence","111.82","",""
"05/07/2023 13:00:00 - 05/07/2023 14:00:00","BZN|PL","Without Sequence","117.96","",""
"05/07/2023 14:00:00 - 05/07/2023 15:00:00","BZN|PL","Without Sequence","139.41","",""
"05/07/2023 15:00:00 - 05/07/2023 16:00:00","BZN|PL","Without Sequence","162.66","",""
"05/07/2023 16:00:00 - 05/07/2023 17:00:00","BZN|PL","Without Sequence","163.03","",""
"05/07/2023 17:00:00 - 05/07/2023 18:00:00","BZN|PL","Without Sequence","163.55","",""
"05/07/2023 18:00:00 - 05/07/2023 19:00:00","BZN|PL","Without Sequence","162.91","",""
"05/07/2023 19:00:00 - 05/07/2023 20:00:00","BZN|PL","Without Sequence","155.30","",""
"05/07/2023 20:00:00 - 05/07/2023 21:00:00","BZN|PL","Without Sequence","152.16","",""
"05/07/2023 21:00:00 - 05/07/2023 22:00:00","BZN|PL","Without Sequence","117.41","",""
"05/07/2023 22:00:00 - 05/07/2023 23:00:00","BZN|PL","Without Sequence","101.95","",""
"05/07/2023 23:00:00 - 06/07/2023 00:00:00","BZN|PL","Without Sequence","112.26","",""
"06/07/2023 00:00:00 - 06/07/2023 01:00:00","BZN|PL","Without Sequence","115.91","",""
"06/07/2023 01:00:00 - 06/07/2023 02:00:00","BZN|PL","Without Sequence","115.84","",""
"06/07/2023 02:00:00 - 06/07/2023 03:00:00","BZN|PL","Without Sequence","110.03","",""
"06/07/2023 03:00:00 - 06/07/2023 04:00:00","BZN|PL","Without Sequence","102.67","",""
"06/07/2023 04:00:00 - 06/07/2023 05:00:00","BZN|PL","Without Sequence","132.68","",""
"06/07/2023 05:00:00 - 06/07/2023 06:00:00","BZN|PL","Without Sequence","145.02","",""
"06/07/2023 06:00:00 - 06/07/2023 07:00:00","BZN|PL","Without Sequence","143.52","",""
"06/07/2023 07:00:00 - 06/07/2023 08:00:00","BZN|PL","Without Sequence","152.19","",""
"06/07/2023 08:00:00 - 06/07/2023 09:00:00","BZN|PL","Without Sequence","135.02","",""
"06/07/2023 09:00:00 - 06/07/2023 10:00:00","BZN|PL","Without Sequence","119.28","",""
"06/07/2023 10:00:00 - 06/07/2023 11:00:00","BZN|PL","Without Sequence","117.03","",""
"06/07/2023 11:00:00 - 06/07/2023 12:00:00","BZN|PL","Without Sequence","117.00","",""
"06/07/2023 12:00:00 - 06/07/2023 13:00:00","BZN|PL","Without Sequence","116.97","",""
"06/07/2023 13:00:00 - 06/07/2023 14:00:00","BZN|PL","Without Sequence","118.31","",""
"06/07/2023 14:00:00 - 06/07/2023 15:00:00","BZN|PL","Without Sequence","112.46","",""
"06/07/2023 15:00:00 - 06/07/2023 16:00:00","BZN|PL","Without Sequence","157.94","",""
"06/07/2023 16:00:00 - 06/07/2023 17:00:00","BZN|PL","Without Sequence","128.77","",""
"06/07/2023 17:00:00 - 06/07/2023 18:00:00","BZN|PL","Without Sequence","157.16","",""
"06/07/2023 18:00:00 - 06/07/2023 19:00:00","BZN|PL","Without Sequence","182.19","",""
"06/07/2023 19:00:00 - 06/07/2023 20:00:00","BZN|PL","Without Sequence","181.87","",""
"06/07/2023 20:00:00 - 06/07/2023 21:00:00","BZN|PL","Without Sequence","166.84","",""
"06/07/2023 21:00:00 - 06/07/2023 22:00:00","BZN|PL","Without Sequence","143.84","",""
"06/07/2023 22:00:00 - 06/07/2023 23:00:00","BZN|PL","Without Sequence","114.00","",""
"06/07/2023 23:00:00 - 07/07/2023 00:00:00","BZN|PL","Without Sequence","103.75","",""
"07/07/2023 00:00:00 - 07/07/2023 01:00:00","BZN|PL","Without Sequence","97.60","",""
"07/07/2023 01:00:00 - 07/07/2023 02:00:00","BZN|PL","Without Sequence","95.59","",""
"07/07/2023 02:00:00 - 07/07/2023 03:00:00","BZN|PL","Without Sequence","97.07","",""
"07/07/2023 03:00:00 - 07/07/2023 04:00:00","BZN|PL","Without Sequence","101.25","",""
"07/07/2023 04:00:00 - 07/07/2023 05:00:00","BZN|PL","Without Sequence","132.90","",""
"07/07/2023 05:00:00 - 07/07/2023 06:00:00","BZN|PL","Without Sequence","152.26","",""
"07/07/2023 06:00:00 - 07/07/2023 07:00:00","BZN|PL","Without Sequence","159.65","",""
"07/07/2023 07:00:00 - 07/07/2023 08:00:00","BZN|PL","Without Sequence","145.15","",""
"07/07/2023 08:00:00 - 07/07/2023 09:00:00","BZN|PL","Without Sequence","103.76","",""
"07/07/2023 09:00:00 - 07/07/2023 10:00:00","BZN|PL","Without Sequence","105.91","",""
"07/07/2023 10:00:00 - 07/07/2023 11:00:00","BZN|PL","Without Sequence","105.07","",""
"07/07/2023 11:00:00 - 07/07/2023 12:00:00","BZN|PL","Without Sequence","104.04","",""
"07/07/2023 12:00:00 - 07/07/2023 13:00:00","BZN|PL","Without Sequence","105.27","",""
"07/07/2023 13:00:00 - 07/07/2023 14:00:00","BZN|PL","Without Sequence","112.68","",""
"07/07/2023 14:00:00 - 07/07/2023 15:00:00","BZN|PL","Without Sequence","128.49","",""
"07/07/2023 15:00:00 - 07/07/2023 16:00:00","BZN|PL","Without Sequence","159.61","",""
"07/07/2023 16:00:00 - 07/07/2023 17:00:00","BZN|PL","Without Sequence","120.48","",""
"07/07/2023 17:00:00 - 07/07/2023 18:00:00","BZN|PL","Without Sequence","145.24","",""
"07/07/2023 18:00:00 - 07/07/2023 19:00:00","BZN|PL","Without Sequence","171.12","",""
"07/07/2023 19:00:00 - 07/07/2023 20:00:00","BZN|PL","Without Sequence","138.94","",""
"07/07/2023 20:00:00 - 07/07/2023 21:00:00","BZN|PL","Without Sequence","126.92","",""
"07/07/2023 21:00:00 - 07/07/2023 22:00:00","BZN|PL","Without Sequence","149.26","",""
"07/07/2023 22:00:00 - 07/07/2023 23:00:00","BZN|PL","Without Sequence","100.59","",""
"07/07/2023 23:00:00 - 08/07/2023 00:00:00","BZN|PL","Without Sequence","92.71","",""
"08/07/2023 00:00:00 - 08/07/2023 01:00:00","BZN|PL","Without Sequence","89.97","",""
"08/07/2023 01:00:00 - 08/07/2023 02:00:00","BZN|PL","Without Sequence","86.86","",""
"08/07/2023 02:00:00 - 08/07/2023 03:00:00","BZN|PL","Without Sequence","88.43","",""
"08/07/2023 03:00:00 - 08/07/2023 04:00:00","BZN|PL","Without Sequence","88.23","",""
"08/07/2023 04:00:00 - 08/07/2023 05:00:00","BZN|PL","Without Sequence","92.23","",""
"08/07/2023 05:00:00 - 08/07/2023 06:00:00","BZN|PL","Without Sequence","100.29","",""
"08/07/2023 06:00:00 - 08/07/2023 07:00:00","BZN|PL","Without Sequence","106.36","",""
"08/07/2023 07:00:00 - 08/07/2023 08:00:00","BZN|PL","Without Sequence","100.54","",""
"08/07/2023 08:00:00 - 08/07/2023 09:00:00","BZN|PL","Without Sequence","97.01","",""
"08/07/2023 09:00:00 - 08/07/2023 10:00:00","BZN|PL","Without Sequence","85.67","",""
"08/07/2023 10:00:00 - 08/07/2023 11:00:00","BZN|PL","Without Sequence","84.76","",""
"08/07/2023 11:00:00 - 08/07/2023 12:00:00","BZN|PL","Without Sequence","72.72","",""
"08/07/2023 12:00:00 - 08/07/2023 13:00:00","BZN|PL","Without Sequence","74.85","",""
"08/07/2023 13:00:00 - 08/07/2023 14:00:00","BZN|PL","Without Sequence","78.25","",""
"08/07/2023 14:00:00 - 08/07/2023 15:00:00","BZN|PL","Without Sequence","109.16","",""
"08/07/2023 15:00:00 - 08/07/2023 16:00:00","BZN|PL","Without Sequence","89.47","",""
"08/07/2023 16:00:00 - 08/07/2023 17:00:00","BZN|PL","Without Sequence","107.30","",""
"08/07/2023 17:00:00 - 08/07/2023 18:00:00","BZN|PL","Without Sequence","121.11","",""
"08/07/2023 18:00:00 - 08/07/2023 19:00:00","BZN|PL","Without Sequence","128.76","",""
"08/07/2023 19:00:00 - 08/07/2023 20:00:00","BZN|PL","Without Sequence","132.86","",""
"08/07/2023 20:00:00 - 08/07/2023 21:00:00","BZN|PL","Without Sequence","129.74","",""
"08/07/2023 21:00:00 - 08/07/2023 22:00:00","BZN|PL","Without Sequence","115.92","",""
"08/07/2023 22:00:00 - 08/07/2023 23:00:00","BZN|PL","Without Sequence","109.44","",""
"08/07/2023 23:00:00 - 09/07/2023 00:00:00","BZN|PL","Without Sequence","109.44","",""
"09/07/2023 00:00:00 - 09/07/2023 01:00:00","BZN|PL","Without Sequence","101.82","",""
"09/07/2023 01:00:00 - 09/07/2023 02:00:00","BZN|PL","Without Sequence","110.20","",""
"09/07/2023 02:00:00 - 09/07/2023 03:00:00","BZN|PL","Without Sequence","109.81","",""
"09/07/2023 03:00:00 - 09/07/2023 04:00:00","BZN|PL","Without Sequence","109.44","",""
"09/07/2023 04:00:00 - 09/07/2023 05:00:00","BZN|PL","Without Sequence","109.43","",""
"09/07/2023 05:00:00 - 09/07/2023 06:00:00","BZN|PL","Without Sequence","89.47","",""
"09/07/2023 06:00:00 - 09/07/2023 07:00:00","BZN|PL","Without Sequence","86.86","",""
"09/07/2023 07:00:00 - 09/07/2023 08:00:00","BZN|PL","Without Sequence","77.32","",""
"09/07/2023 08:00:00 - 09/07/2023 09:00:00","BZN|PL","Without Sequence","60.29","",""
"09/07/2023 09:00:00 - 09/07/2023 10:00:00","BZN|PL","Without Sequence","50.23","",""
"09/07/2023 10:00:00 - 09/07/2023 11:00:00","BZN|PL","Without Sequence","45.11","",""
"09/07/2023 11:00:00 - 09/07/2023 12:00:00","BZN|PL","Without Sequence","36.28","",""
"09/07/2023 12:00:00 - 09/07/2023 13:00:00","BZN|PL","Without Sequence","43.97","",""
"09/07/2023 13:00:00 - 09/07/2023 14:00:00","BZN|PL","Without Sequence","54.02","",""
"09/07/2023 14:00:00 - 09/07/2023 15:00:00","BZN|PL","Without Sequence","73.35","",""
"09/07/2023 15:00:00 - 09/07/2023 16:00:00","BZN|PL","Without Sequence","110.23","",""
"09/07/2023 16:00:00 - 09/07/2023 17:00:00","BZN|PL","Without Sequence","111.04","",""
"09/07/2023 17:00:00 - 09/07/2023 18:00:00","BZN|PL","Without Sequence","134.42","",""
"09/07/2023 18:00:00 - 09/07/2023 19:00:00","BZN|PL","Without Sequence","135.46","",""
"09/07/2023 19:00:00 - 09/07/2023 20:00:00","BZN|PL","Without Sequence","134.10","",""
"09/07/2023 20:00:00 - 09/07/2023 21:00:00","BZN|PL","Without Sequence","132.12","",""
"09/07/2023 21:00:00 - 09/07/2023 22:00:00","BZN|PL","Without Sequence","119.60","",""
"09/07/2023 22:00:00 - 09/07/2023 23:00:00","BZN|PL","Without Sequence","112.49","",""
"09/07/2023 23:00:00 - 10/07/2023 00:00:00","BZN|PL","Without Sequence","104.41","",""
"10/07/2023 00:00:00 - 10/07/2023 01:00:00","BZN|PL","Without Sequence","107.77","",""
"10/07/2023 01:00:00 - 10/07/2023 02:00:00","BZN|PL","Without Sequence","107.87","",""
"10/07/2023 02:00:00 - 10/07/2023 03:00:00","BZN|PL","Without Sequence","107.75","",""
"10/07/2023 03:00:00 - 10/07/2023 04:00:00","BZN|PL","Without Sequence","105.13","",""
"10/07/2023 04:00:00 - 10/07/2023 05:00:00","BZN|PL","Without Sequence","121.38","",""
"10/07/2023 05:00:00 - 10/07/2023 06:00:00","BZN|PL","Without Sequence","132.64","",""
"10/07/2023 06:00:00 - 10/07/2023 07:00:00","BZN|PL","Without Sequence","134.27","",""
"10/07/2023 07:00:00 - 10/07/2023 08:00:00","BZN|PL","Without Sequence","117.95","",""
"10/07/2023 08:00:00 - 10/07/2023 09:00:00","BZN|PL","Without Sequence","106.44","",""
"10/07/2023 09:00:00 - 10/07/2023 10:00:00","BZN|PL","Without Sequence","109.93","",""
"10/07/2023 10:00:00 - 10/07/2023 11:00:00","BZN|PL","Without Sequence","108.51","",""
"10/07/2023 11:00:00 - 10/07/2023 12:00:00","BZN|PL","Without Sequence","106.89","",""
"10/07/2023 12:00:00 - 10/07/2023 13:00:00","BZN|PL","Without Sequence","109.93","",""
"10/07/2023 13:00:00 - 10/07/2023 14:00:00","BZN|PL","Without Sequence","124.19","",""
"10/07/2023 14:00:00 - 10/07/2023 15:00:00","BZN|PL","Without Sequence","145.25","",""
"10/07/2023 15:00:00 - 10/07/2023 16:00:00","BZN|PL","Without Sequence","161.19","",""
"10/07/2023 16:00:00 - 10/07/2023 17:00:00","BZN|PL","Without Sequence","161.31","",""
"10/07/2023 17:00:00 - 10/07/2023 18:00:00","BZN|PL","Without Sequence","165.49","",""
"10/07/2023 18:00:00 - 10/07/2023 19:00:00","BZN|PL","Without Sequence","175.92","",""
"10/07/2023 19:00:00 - 10/07/2023 20:00:00","BZN|PL","Without Sequence","176.62","",""
"10/07/2023 20:00:00 - 10/07/2023 21:00:00","BZN|PL","Without Sequence","162.79","",""
"10/07/2023 21:00:00 - 10/07/2023 22:00:00","BZN|PL","Without Sequence","133.70","",""
"10/07/2023 22:00:00 - 10/07/2023 23:00:00","BZN|PL","Without Sequence","124.41","",""
"10/07/2023 23:00:00 - 11/07/2023 00:00:00","BZN|PL","Without Sequence","115.64","",""
"11/07/2023 00:00:00 - 11/07/2023 01:00:00","BZN|PL","Without Sequence","105.25","",""
"11/07/2023 01:00:00 - 11/07/2023 02:00:00","BZN|PL","Without Sequence","108.07","",""
"11/07/2023 02:00:00 - 11/07/2023 03:00:00","BZN|PL","Without Sequence","116.68","",""
"11/07/2023 03:00:00 - 11/07/2023 04:00:00","BZN|PL","Without Sequence","111.60","",""
"11/07/2023 04:00:00 - 11/07/2023 05:00:00","BZN|PL","Without Sequence","123.44","",""
"11/07/2023 05:00:00 - 11/07/2023 06:00:00","BZN|PL","Without Sequence","130.34","",""
"11/07/2023 06:00:00 - 11/07/2023 07:00:00","BZN|PL","Without Sequence","132.39","",""
"11/07/2023 07:00:00 - 11/07/2023 08:00:00","BZN|PL","Without Sequence","129.69","",""
"11/07/2023 08:00:00 - 11/07/2023 09:00:00","BZN|PL","Without Sequence","112.58","",""
"11/07/2023 09:00:00 - 11/07/2023 10:00:00","BZN|PL","Without Sequence","111.49","",""
"11/07/2023 10:00:00 - 11/07/2023 11:00:00","BZN|PL","Without Sequence","111.37","",""
"11/07/2023 11:00:00 - 11/07/2023 12:00:00","BZN|PL","Without Sequence","111.62","",""
"11/07/2023 12:00:00 - 11/07/2023 13:00:00","BZN|PL","Without Sequence","111.40","",""
"11/07/2023 13:00:00 - 11/07/2023 14:00:00","BZN|PL","Without Sequence","129.72","",""
"11/07/2023 14:00:00 - 11/07/2023 15:00:00","BZN|PL","Without Sequence","138.79","",""
"11/07/2023 15:00:00 - 11/07/2023 16:00:00","BZN|PL","Without Sequence","161.82","",""
"11/07/2023 16:00:00 - 11/07/2023 17:00:00","BZN|PL","Without Sequence","171.83","",""
"11/07/2023 17:00:00 - 11/07/2023 18:00:00","BZN|PL","Without Sequence","172.90","",""
"11/07/2023 18:00:00 - 11/07/2023 19:00:00","BZN|PL","Without Sequence","179.49","",""
"11/07/2023 19:00:00 - 11/07/2023 20:00:00","BZN|PL","Without Sequence","166.01","",""
"11/07/2023 20:00:00 - 11/07/2023 21:00:00","BZN|PL","Without Sequence","161.61","",""
"11/07/2023 21:00:00 - 11/07/2023 22:00:00","BZN|PL","Without Sequence","120.75","",""
"11/07/2023 22:00:00 - 11/07/2023 23:00:00","BZN|PL","Without Sequence","134.99","",""
"11/07/2023 23:00:00 - 12/07/2023 00:00:00","BZN|PL","Without Sequence","129.54","",""
"12/07/2023 00:00:00 - 12/07/2023 01:00:00","BZN|PL","Without Sequence","128.24","",""
"12/07/2023 01:00:00 - 12/07/2023 02:00:00","BZN|PL","Without Sequence","123.95","",""
"12/07/2023 02:00:00 - 12/07/2023 03:00:00","BZN|PL","Without Sequence","123.73","",""
"12/07/2023 03:00:00 - 12/07/2023 04:00:00","BZN|PL","Without Sequence","123.41","",""
"12/07/2023 04:00:00 - 12/07/2023 05:00:00","BZN|PL","Without Sequence","139.47","",""
"12/07/2023 05:00:00 - 12/07/2023 06:00:00","BZN|PL","Without Sequence","130.05","",""
"12/07/2023 06:00:00 - 12/07/2023 07:00:00","BZN|PL","Without Sequence","157.49","",""
"12/07/2023 07:00:00 - 12/07/2023 08:00:00","BZN|PL","Without Sequence","156.19","",""
"12/07/2023 08:00:00 - 12/07/2023 09:00:00","BZN|PL","Without Sequence","130.56","",""
"12/07/2023 09:00:00 - 12/07/2023 10:00:00","BZN|PL","Without Sequence","123.72","",""
"12/07/2023 10:00:00 - 12/07/2023 11:00:00","BZN|PL","Without Sequence","139.71","",""
"12/07/2023 11:00:00 - 12/07/2023 12:00:00","BZN|PL","Without Sequence","140.97","",""
"12/07/2023 12:00:00 - 12/07/2023 13:00:00","BZN|PL","Without Sequence","130.63","",""
"12/07/2023 13:00:00 - 12/07/2023 14:00:00","BZN|PL","Without Sequence","139.49","",""
"12/07/2023 14:00:00 - 12/07/2023 15:00:00","BZN|PL","Without Sequence","130.88","",""
"12/07/2023 15:00:00 - 12/07/2023 16:00:00","BZN|PL","Without Sequence","160.86","",""
"12/07/2023 16:00:00 - 12/07/2023 17:00:00","BZN|PL","Without Sequence","163.19","",""
"12/07/2023 17:00:00 - 12/07/2023 18:00:00","BZN|PL","Without Sequence","174.56","",""
"12/07/2023 18:00:00 - 12/07/2023 19:00:00","BZN|PL","Without Sequence","165.24","",""
"12/07/2023 19:00:00 - 12/07/2023 20:00:00","BZN|PL","Without Sequence","161.13","",""
"12/07/2023 20:00:00 - 12/07/2023 21:00:00","BZN|PL","Without Sequence","146.23","",""
"12/07/2023 21:00:00 - 12/07/2023 22:00:00","BZN|PL","Without Sequence","121.80","",""
"12/07/2023 22:00:00 - 12/07/2023 23:00:00","BZN|PL","Without Sequence","109.20","",""
"12/07/2023 23:00:00 - 13/07/2023 00:00:00","BZN|PL","Without Sequence","101.97","",""
"13/07/2023 00:00:00 - 13/07/2023 01:00:00","BZN|PL","Without Sequence","96.31","",""
"13/07/2023 01:00:00 - 13/07/2023 02:00:00","BZN|PL","Without Sequence","96.72","",""
"13/07/2023 02:00:00 - 13/07/2023 03:00:00","BZN|PL","Without Sequence","96.10","",""
"13/07/2023 03:00:00 - 13/07/2023 04:00:00","BZN|PL","Without Sequence","101.43","",""
"13/07/2023 04:00:00 - 13/07/2023 05:00:00","BZN|PL","Without Sequence","139.46","",""
"13/07/2023 05:00:00 - 13/07/2023 06:00:00","BZN|PL","Without Sequence","161.62","",""
"13/07/2023 06:00:00 - 13/07/2023 07:00:00","BZN|PL","Without Sequence","162.34","",""
"13/07/2023 07:00:00 - 13/07/2023 08:00:00","BZN|PL","Without Sequence","157.65","",""
"13/07/2023 08:00:00 - 13/07/2023 09:00:00","BZN|PL","Without Sequence","157.41","",""
"13/07/2023 09:00:00 - 13/07/2023 10:00:00","BZN|PL","Without Sequence","153.29","",""
"13/07/2023 10:00:00 - 13/07/2023 11:00:00","BZN|PL","Without Sequence","142.83","",""
"13/07/2023 11:00:00 - 13/07/2023 12:00:00","BZN|PL","Without Sequence","151.23","",""
"13/07/2023 12:00:00 - 13/07/2023 13:00:00","BZN|PL","Without Sequence","152.04","",""
"13/07/2023 13:00:00 - 13/07/2023 14:00:00","BZN|PL","Without Sequence","157.46","",""
"13/07/2023 14:00:00 - 13/07/2023 15:00:00","BZN|PL","Without Sequence","151.01","",""
"13/07/2023 15:00:00 - 13/07/2023 16:00:00","BZN|PL","Without Sequence","161.55","",""
"13/07/2023 16:00:00 - 13/07/2023 17:00:00","BZN|PL","Without Sequence","164.76","",""
"13/07/2023 17:00:00 - 13/07/2023 18:00:00","BZN|PL","Without Sequence","166.46","",""
"13/07/2023 18:00:00 - 13/07/2023 19:00:00","BZN|PL","Without Sequence","165.58","",""
"13/07/2023 19:00:00 - 13/07/2023 20:00:00","BZN|PL","Without Sequence","161.60","",""
"13/07/2023 20:00:00 - 13/07/2023 21:00:00","BZN|PL","Without Sequence","147.33","",""
"13/07/2023 21:00:00 - 13/07/2023 22:00:00","BZN|PL","Without Sequence","117.72","",""
"13/07/2023 22:00:00 - 13/07/2023 23:00:00","BZN|PL","Without Sequence","123.87","",""
"13/07/2023 23:00:00 - 14/07/2023 00:00:00","BZN|PL","Without Sequence","103.12","",""
"14/07/2023 00:00:00 - 14/07/2023 01:00:00","BZN|PL","Without Sequence","110.33","",""
"14/07/2023 01:00:00 - 14/07/2023 02:00:00","BZN|PL","Without Sequence","110.33","",""
"14/07/2023 02:00:00 - 14/07/2023 03:00:00","BZN|PL","Without Sequence","110.32","",""
"14/07/2023 03:00:00 - 14/07/2023 04:00:00","BZN|PL","Without Sequence","99.34","",""
"14/07/2023 04:00:00 - 14/07/2023 05:00:00","BZN|PL","Without Sequence","153.13","",""
"14/07/2023 05:00:00 - 14/07/2023 06:00:00","BZN|PL","Without Sequence","155.81","",""
"14/07/2023 06:00:00 - 14/07/2023 07:00:00","BZN|PL","Without Sequence","158.66","",""
"14/07/2023 07:00:00 - 14/07/2023 08:00:00","BZN|PL","Without Sequence","116.28","",""
"14/07/2023 08:00:00 - 14/07/2023 09:00:00","BZN|PL","Without Sequence","101.32","",""
"14/07/2023 09:00:00 - 14/07/2023 10:00:00","BZN|PL","Without Sequence","99.24","",""
"14/07/2023 10:00:00 - 14/07/2023 11:00:00","BZN|PL","Without Sequence","100.21","",""
"14/07/2023 11:00:00 - 14/07/2023 12:00:00","BZN|PL","Without Sequence","101.32","",""
"14/07/2023 12:00:00 - 14/07/2023 13:00:00","BZN|PL","Without Sequence","101.50","",""
"14/07/2023 13:00:00 - 14/07/2023 14:00:00","BZN|PL","Without Sequence","106.09","",""
"14/07/2023 14:00:00 - 14/07/2023 15:00:00","BZN|PL","Without Sequence","121.85","",""
"14/07/2023 15:00:00 - 14/07/2023 16:00:00","BZN|PL","Without Sequence","160.81","",""
"14/07/2023 16:00:00 - 14/07/2023 17:00:00","BZN|PL","Without Sequence","161.17","",""
"14/07/2023 17:00:00 - 14/07/2023 18:00:00","BZN|PL","Without Sequence","167.82","",""
"14/07/2023 18:00:00 - 14/07/2023 19:00:00","BZN|PL","Without Sequence","160.85","",""
"14/07/2023 19:00:00 - 14/07/2023 20:00:00","BZN|PL","Without Sequence","147.81","",""
"14/07/2023 20:00:00 - 14/07/2023 21:00:00","BZN|PL","Without Sequence","159.98","",""
"14/07/2023 21:00:00 - 14/07/2023 22:00:00","BZN|PL","Without Sequence","112.59","",""
"14/07/2023 22:00:00 - 14/07/2023 23:00:00","BZN|PL","Without Sequence","119.12","",""
"14/07/2023 23:00:00 - 15/07/2023 00:00:00","BZN|PL","Without Sequence","113.33","",""
"15/07/2023 00:00:00 - 15/07/2023 01:00:00","BZN|PL","Without Sequence","109.79","",""
"15/07/2023 01:00:00 - 15/07/2023 02:00:00","BZN|PL","Without Sequence","116.03","",""
"15/07/2023 02:00:00 - 15/07/2023 03:00:00","BZN|PL","Without Sequence","117.74","",""
"15/07/2023 03:00:00 - 15/07/2023 04:00:00","BZN|PL","Without Sequence","122.87","",""
"15/07/2023 04:00:00 - 15/07/2023 05:00:00","BZN|PL","Without Sequence","107.41","",""
"15/07/2023 05:00:00 - 15/07/2023 06:00:00","BZN|PL","Without Sequence","109.72","",""
"15/07/2023 06:00:00 - 15/07/2023 07:00:00","BZN|PL","Without Sequence","108.81","",""
"15/07/2023 07:00:00 - 15/07/2023 08:00:00","BZN|PL","Without Sequence","98.46","",""
"15/07/2023 08:00:00 - 15/07/2023 09:00:00","BZN|PL","Without Sequence","71.96","",""
"15/07/2023 09:00:00 - 15/07/2023 10:00:00","BZN|PL","Without Sequence","67.49","",""
"15/07/2023 10:00:00 - 15/07/2023 11:00:00","BZN|PL","Without Sequence","69.79","",""
"15/07/2023 11:00:00 - 15/07/2023 12:00:00","BZN|PL","Without Sequence","69.86","",""
"15/07/2023 12:00:00 - 15/07/2023 13:00:00","BZN|PL","Without Sequence","69.83","",""
"15/07/2023 13:00:00 - 15/07/2023 14:00:00","BZN|PL","Without Sequence","72.06","",""
"15/07/2023 14:00:00 - 15/07/2023 15:00:00","BZN|PL","Without Sequence","107.48","",""
"15/07/2023 15:00:00 - 15/07/2023 16:00:00","BZN|PL","Without Sequence","122.34","",""
"15/07/2023 16:00:00 - 15/07/2023 17:00:00","BZN|PL","Without Sequence","122.29","",""
"15/07/2023 17:00:00 - 15/07/2023 18:00:00","BZN|PL","Without Sequence","119.00","",""
"15/07/2023 18:00:00 - 15/07/2023 19:00:00","BZN|PL","Without Sequence","110.30","",""
"15/07/2023 19:00:00 - 15/07/2023 20:00:00","BZN|PL","Without Sequence","122.64","",""
"15/07/2023 20:00:00 - 15/07/2023 21:00:00","BZN|PL","Without Sequence","123.49","",""
"15/07/2023 21:00:00 - 15/07/2023 22:00:00","BZN|PL","Without Sequence","115.82","",""
"15/07/2023 22:00:00 - 15/07/2023 23:00:00","BZN|PL","Without Sequence","88.56","",""
"15/07/2023 23:00:00 - 16/07/2023 00:00:00","BZN|PL","Without Sequence","65.32","",""
"16/07/2023 00:00:00 - 16/07/2023 01:00:00","BZN|PL","Without Sequence","47.14","",""
"16/07/2023 01:00:00 - 16/07/2023 02:00:00","BZN|PL","Without Sequence","56.12","",""
"16/07/2023 02:00:00 - 16/07/2023 03:00:00","BZN|PL","Without Sequence","35.91","",""
"16/07/2023 03:00:00 - 16/07/2023 04:00:00","BZN|PL","Without Sequence","26.94","",""
"16/07/2023 04:00:00 - 16/07/2023 05:00:00","BZN|PL","Without Sequence","25.41","",""
"16/07/2023 05:00:00 - 16/07/2023 06:00:00","BZN|PL","Without Sequence","11.22","",""
"16/07/2023 06:00:00 - 16/07/2023 07:00:00","BZN|PL","Without Sequence","16.83","",""
"16/07/2023 07:00:00 - 16/07/2023 08:00:00","BZN|PL","Without Sequence","11.29","",""
"16/07/2023 08:00:00 - 16/07/2023 09:00:00","BZN|PL","Without Sequence","13.27","",""
"16/07/2023 09:00:00 - 16/07/2023 10:00:00","BZN|PL","Without Sequence","16.84","",""
"16/07/2023 10:00:00 - 16/07/2023 11:00:00","BZN|PL","Without Sequence","26.21","",""
"16/07/2023 11:00:00 - 16/07/2023 12:00:00","BZN|PL","Without Sequence","40.42","",""
"16/07/2023 12:00:00 - 16/07/2023 13:00:00","BZN|PL","Without Sequence","49.49","",""
"16/07/2023 13:00:00 - 16/07/2023 14:00:00","BZN|PL","Without Sequence","59.15","",""
"16/07/2023 14:00:00 - 16/07/2023 15:00:00","BZN|PL","Without Sequence","88.15","",""
"16/07/2023 15:00:00 - 16/07/2023 16:00:00","BZN|PL","Without Sequence","109.80","",""
"16/07/2023 16:00:00 - 16/07/2023 17:00:00","BZN|PL","Without Sequence","124.55","",""
"16/07/2023 17:00:00 - 16/07/2023 18:00:00","BZN|PL","Without Sequence","131.39","",""
"16/07/2023 18:00:00 - 16/07/2023 19:00:00","BZN|PL","Without Sequence","147.69","",""
"16/07/2023 19:00:00 - 16/07/2023 20:00:00","BZN|PL","Without Sequence","147.57","",""
"16/07/2023 20:00:00 - 16/07/2023 21:00:00","BZN|PL","Without Sequence","129.37","",""
"16/07/2023 21:00:00 - 16/07/2023 22:00:00","BZN|PL","Without Sequence","127.20","",""
"16/07/2023 22:00:00 - 16/07/2023 23:00:00","BZN|PL","Without Sequence","108.99","",""
"16/07/2023 23:00:00 - 17/07/2023 00:00:00","BZN|PL","Without Sequence","110.17","",""
"17/07/2023 00:00:00 - 17/07/2023 01:00:00","BZN|PL","Without Sequence","111.90","",""
"17/07/2023 01:00:00 - 17/07/2023 02:00:00","BZN|PL","Without Sequence","110.70","",""
"17/07/2023 02:00:00 - 17/07/2023 03:00:00","BZN|PL","Without Sequence","111.96","",""
"17/07/2023 03:00:00 - 17/07/2023 04:00:00","BZN|PL","Without Sequence","109.79","",""
"17/07/2023 04:00:00 - 17/07/2023 05:00:00","BZN|PL","Without Sequence","142.54","",""
"17/07/2023 05:00:00 - 17/07/2023 06:00:00","BZN|PL","Without Sequence","161.17","",""
"17/07/2023 06:00:00 - 17/07/2023 07:00:00","BZN|PL","Without Sequence","161.09","",""
"17/07/2023 07:00:00 - 17/07/2023 08:00:00","BZN|PL","Without Sequence","157.14","",""
"17/07/2023 08:00:00 - 17/07/2023 09:00:00","BZN|PL","Without Sequence","119.93","",""
"17/07/2023 09:00:00 - 17/07/2023 10:00:00","BZN|PL","Without Sequence","111.72","",""
"17/07/2023 10:00:00 - 17/07/2023 11:00:00","BZN|PL","Without Sequence","110.92","",""
"17/07/2023 11:00:00 - 17/07/2023 12:00:00","BZN|PL","Without Sequence","110.66","",""
"17/07/2023 12:00:00 - 17/07/2023 13:00:00","BZN|PL","Without Sequence","111.38","",""
"17/07/2023 13:00:00 - 17/07/2023 14:00:00","BZN|PL","Without Sequence","113.35","",""
"17/07/2023 14:00:00 - 17/07/2023 15:00:00","BZN|PL","Without Sequence","139.40","",""
"17/07/2023 15:00:00 - 17/07/2023 16:00:00","BZN|PL","Without Sequence","162.14","",""
"17/07/2023 16:00:00 - 17/07/2023 17:00:00","BZN|PL","Without Sequence","168.42","",""
"17/07/2023 17:00:00 - 17/07/2023 18:00:00","BZN|PL","Without Sequence","179.72","",""
"17/07/2023 18:00:00 - 17/07/2023 19:00:00","BZN|PL","Without Sequence","176.68","",""
"17/07/2023 19:00:00 - 17/07/2023 20:00:00","BZN|PL","Without Sequence","180.68","",""
"17/07/2023 20:00:00 - 17/07/2023 21:00:00","BZN|PL","Without Sequence","162.19","",""
"17/07/2023 21:00:00 - 17/07/2023 22:00:00","BZN|PL","Without Sequence","134.77","",""
"17/07/2023 22:00:00 - 17/07/2023 23:00:00","BZN|PL","Without Sequence","111.37","",""
"17/07/2023 23:00:00 - 18/07/2023 00:00:00","BZN|PL","Without Sequence","103.55","",""
"18/07/2023 00:00:00 - 18/07/2023 01:00:00","BZN|PL","Without Sequence","101.11","",""
"18/07/2023 01:00:00 - 18/07/2023 02:00:00","BZN|PL","Without Sequence","108.15","",""
"18/07/2023 02:00:00 - 18/07/2023 03:00:00","BZN|PL","Without Sequence","105.49","",""
"18/07/2023 03:00:00 - 18/07/2023 04:00:00","BZN|PL","Without Sequence","97.03","",""
"18/07/2023 04:00:00 - 18/07/2023 05:00:00","BZN|PL","Without Sequence","103.83","",""
"18/07/2023 05:00:00 - 18/07/2023 06:00:00","BZN|PL","Without Sequence","114.37","",""
"18/07/2023 06:00:00 - 18/07/2023 07:00:00","BZN|PL","Without Sequence","110.00","",""
"18/07/2023 07:00:00 - 18/07/2023 08:00:00","BZN|PL","Without Sequence","93.97","",""
"18/07/2023 08:00:00 - 18/07/2023 09:00:00","BZN|PL","Without Sequence","83.96","",""
"18/07/2023 09:00:00 - 18/07/2023 10:00:00","BZN|PL","Without Sequence","79.52","",""
"18/07/2023 10:00:00 - 18/07/2023 11:00:00","BZN|PL","Without Sequence","81.09","",""
"18/07/2023 11:00:00 - 18/07/2023 12:00:00","BZN|PL","Without Sequence","85.48","",""
"18/07/2023 12:00:00 - 18/07/2023 13:00:00","BZN|PL","Without Sequence","91.36","",""
"18/07/2023 13:00:00 - 18/07/2023 14:00:00","BZN|PL","Without Sequence","100.99","",""
"18/07/2023 14:00:00 - 18/07/2023 15:00:00","BZN|PL","Without Sequence","112.21","",""
"18/07/2023 15:00:00 - 18/07/2023 16:00:00","BZN|PL","Without Sequence","150.66","",""
"18/07/2023 16:00:00 - 18/07/2023 17:00:00","BZN|PL","Without Sequence","149.98","",""
"18/07/2023 17:00:00 - 18/07/2023 18:00:00","BZN|PL","Without Sequence","175.07","",""
"18/07/2023 18:00:00 - 18/07/2023 19:00:00","BZN|PL","Without Sequence","188.80","",""
"18/07/2023 19:00:00 - 18/07/2023 20:00:00","BZN|PL","Without Sequence","174.95","",""
"18/07/2023 20:00:00 - 18/07/2023 21:00:00","BZN|PL","Without Sequence","139.26","",""
"18/07/2023 21:00:00 - 18/07/2023 22:00:00","BZN|PL","Without Sequence","146.03","",""
"18/07/2023 22:00:00 - 18/07/2023 23:00:00","BZN|PL","Without Sequence","108.11","",""
"18/07/2023 23:00:00 - 19/07/2023 00:00:00","BZN|PL","Without Sequence","105.62","",""
"19/07/2023 00:00:00 - 19/07/2023 01:00:00","BZN|PL","Without Sequence","97.25","",""
"19/07/2023 01:00:00 - 19/07/2023 02:00:00","BZN|PL","Without Sequence","99.18","",""
"19/07/2023 02:00:00 - 19/07/2023 03:00:00","BZN|PL","Without Sequence","106.71","",""
"19/07/2023 03:00:00 - 19/07/2023 04:00:00","BZN|PL","Without Sequence","112.87","",""
"19/07/2023 04:00:00 - 19/07/2023 05:00:00","BZN|PL","Without Sequence","148.08","",""
"19/07/2023 05:00:00 - 19/07/2023 06:00:00","BZN|PL","Without Sequence","161.93","",""
"19/07/2023 06:00:00 - 19/07/2023 07:00:00","BZN|PL","Without Sequence","161.98","",""
"19/07/2023 07:00:00 - 19/07/2023 08:00:00","BZN|PL","Without Sequence","157.83","",""
"19/07/2023 08:00:00 - 19/07/2023 09:00:00","BZN|PL","Without Sequence","129.60","",""
"19/07/2023 09:00:00 - 19/07/2023 10:00:00","BZN|PL","Without Sequence","123.97","",""
"19/07/2023 10:00:00 - 19/07/2023 11:00:00","BZN|PL","Without Sequence","135.23","",""
"19/07/2023 11:00:00 - 19/07/2023 12:00:00","BZN|PL","Without Sequence","125.08","",""
"19/07/2023 12:00:00 - 19/07/2023 13:00:00","BZN|PL","Without Sequence","120.57","",""
"19/07/2023 13:00:00 - 19/07/2023 14:00:00","BZN|PL","Without Sequence","149.69","",""
"19/07/2023 14:00:00 - 19/07/2023 15:00:00","BZN|PL","Without Sequence","142.01","",""
"19/07/2023 15:00:00 - 19/07/2023 16:00:00","BZN|PL","Without Sequence","157.96","",""
"19/07/2023 16:00:00 - 19/07/2023 17:00:00","BZN|PL","Without Sequence","162.04","",""
"19/07/2023 17:00:00 - 19/07/2023 18:00:00","BZN|PL","Without Sequence","171.49","",""
"19/07/2023 18:00:00 - 19/07/2023 19:00:00","BZN|PL","Without Sequence","180.56","",""
"19/07/2023 19:00:00 - 19/07/2023 20:00:00","BZN|PL","Without Sequence","169.76","",""
"19/07/2023 20:00:00 - 19/07/2023 21:00:00","BZN|PL","Without Sequence","162.28","",""
"19/07/2023 21:00:00 - 19/07/2023 22:00:00","BZN|PL","Without Sequence","143.12","",""
"19/07/2023 22:00:00 - 19/07/2023 23:00:00","BZN|PL","Without Sequence","117.12","",""
"19/07/2023 23:00:00 - 20/07/2023 00:00:00","BZN|PL","Without Sequence","110.78","",""
"20/07/2023 00:00:00 - 20/07/2023 01:00:00","BZN|PL","Without Sequence","110.08","",""
"20/07/2023 01:00:00 - 20/07/2023 02:00:00","BZN|PL","Without Sequence","106.23","",""
"20/07/2023 02:00:00 - 20/07/2023 03:00:00","BZN|PL","Without Sequence","102.10","",""
"20/07/2023 03:00:00 - 20/07/2023 04:00:00","BZN|PL","Without Sequence","110.11","",""
"20/07/2023 04:00:00 - 20/07/2023 05:00:00","BZN|PL","Without Sequence","146.69","",""
"20/07/2023 05:00:00 - 20/07/2023 06:00:00","BZN|PL","Without Sequence","160.36","",""
"20/07/2023 06:00:00 - 20/07/2023 07:00:00","BZN|PL","Without Sequence","162.30","",""
"20/07/2023 07:00:00 - 20/07/2023 08:00:00","BZN|PL","Without Sequence","156.48","",""
"20/07/2023 08:00:00 - 20/07/2023 09:00:00","BZN|PL","Without Sequence","141.54","",""
"20/07/2023 09:00:00 - 20/07/2023 10:00:00","BZN|PL","Without Sequence","129.14","",""
"20/07/2023 10:00:00 - 20/07/2023 11:00:00","BZN|PL","Without Sequence","108.28","",""
"20/07/2023 11:00:00 - 20/07/2023 12:00:00","BZN|PL","Without Sequence","103.62","",""
"20/07/2023 12:00:00 - 20/07/2023 13:00:00","BZN|PL","Without Sequence","106.97","",""
"20/07/2023 13:00:00 - 20/07/2023 14:00:00","BZN|PL","Without Sequence","110.56","",""
"20/07/2023 14:00:00 - 20/07/2023 15:00:00","BZN|PL","Without Sequence","110.70","",""
"20/07/2023 15:00:00 - 20/07/2023 16:00:00","BZN|PL","Without Sequence","134.77","",""
"20/07/2023 16:00:00 - 20/07/2023 17:00:00","BZN|PL","Without Sequence","162.18","",""
"20/07/2023 17:00:00 - 20/07/2023 18:00:00","BZN|PL","Without Sequence","151.61","",""
"20/07/2023 18:00:00 - 20/07/2023 19:00:00","BZN|PL","Without Sequence","163.95","",""
"20/07/2023 19:00:00 - 20/07/2023 20:00:00","BZN|PL","Without Sequence","157.59","",""
"20/07/2023 20:00:00 - 20/07/2023 21:00:00","BZN|PL","Without Sequence","159.53","",""
"20/07/2023 21:00:00 - 20/07/2023 22:00:00","BZN|PL","Without Sequence","128.91","",""
"20/07/2023 22:00:00 - 20/07/2023 23:00:00","BZN|PL","Without Sequence","102.99","",""
"20/07/2023 23:00:00 - 21/07/2023 00:00:00","BZN|PL","Without Sequence","99.53","",""
"21/07/2023 00:00:00 - 21/07/2023 01:00:00","BZN|PL","Without Sequence","96.84","",""
"21/07/2023 01:00:00 - 21/07/2023 02:00:00","BZN|PL","Without Sequence","95.46","",""
"21/07/2023 02:00:00 - 21/07/2023 03:00:00","BZN|PL","Without Sequence","98.14","",""
"21/07/2023 03:00:00 - 21/07/2023 04:00:00","BZN|PL","Without Sequence","101.42","",""
"21/07/2023 04:00:00 - 21/07/2023 05:00:00","BZN|PL","Without Sequence","157.19","",""
"21/07/2023 05:00:00 - 21/07/2023 06:00:00","BZN|PL","Without Sequence","163.83","",""
"21/07/2023 06:00:00 - 21/07/2023 07:00:00","BZN|PL","Without Sequence","162.76","",""
"21/07/2023 07:00:00 - 21/07/2023 08:00:00","BZN|PL","Without Sequence","159.35","",""
"21/07/2023 08:00:00 - 21/07/2023 09:00:00","BZN|PL","Without Sequence","118.94","",""
"21/07/2023 09:00:00 - 21/07/2023 10:00:00","BZN|PL","Without Sequence","106.62","",""
"21/07/2023 10:00:00 - 21/07/2023 11:00:00","BZN|PL","Without Sequence","109.88","",""
"21/07/2023 11:00:00 - 21/07/2023 12:00:00","BZN|PL","Without Sequence","132.41","",""
"21/07/2023 12:00:00 - 21/07/2023 13:00:00","BZN|PL","Without Sequence","112.68","",""
"21/07/2023 13:00:00 - 21/07/2023 14:00:00","BZN|PL","Without Sequence","149.28","",""
"21/07/2023 14:00:00 - 21/07/2023 15:00:00","BZN|PL","Without Sequence","164.30","",""
"21/07/2023 15:00:00 - 21/07/2023 16:00:00","BZN|PL","Without Sequence","165.33","",""
"21/07/2023 16:00:00 - 21/07/2023 17:00:00","BZN|PL","Without Sequence","171.01","",""
"21/07/2023 17:00:00 - 21/07/2023 18:00:00","BZN|PL","Without Sequence","168.88","",""
"21/07/2023 18:00:00 - 21/07/2023 19:00:00","BZN|PL","Without Sequence","168.54","",""
"21/07/2023 19:00:00 - 21/07/2023 20:00:00","BZN|PL","Without Sequence","168.33","",""
"21/07/2023 20:00:00 - 21/07/2023 21:00:00","BZN|PL","Without Sequence","157.17","",""
"21/07/2023 21:00:00 - 21/07/2023 22:00:00","BZN|PL","Without Sequence","134.75","",""
"21/07/2023 22:00:00 - 21/07/2023 23:00:00","BZN|PL","Without Sequence","118.07","",""
"21/07/2023 23:00:00 - 22/07/2023 00:00:00","BZN|PL","Without Sequence","110.35","",""
"22/07/2023 00:00:00 - 22/07/2023 01:00:00","BZN|PL","Without Sequence","96.45","",""
"22/07/2023 01:00:00 - 22/07/2023 02:00:00","BZN|PL","Without Sequence","98.50","",""
"22/07/2023 02:00:00 - 22/07/2023 03:00:00","BZN|PL","Without Sequence","93.82","",""
"22/07/2023 03:00:00 - 22/07/2023 04:00:00","BZN|PL","Without Sequence","96.56","",""
"22/07/2023 04:00:00 - 22/07/2023 05:00:00","BZN|PL","Without Sequence","114.66","",""
"22/07/2023 05:00:00 - 22/07/2023 06:00:00","BZN|PL","Without Sequence","103.98","",""
"22/07/2023 06:00:00 - 22/07/2023 07:00:00","BZN|PL","Without Sequence","114.60","",""
"22/07/2023 07:00:00 - 22/07/2023 08:00:00","BZN|PL","Without Sequence","92.93","",""
"22/07/2023 08:00:00 - 22/07/2023 09:00:00","BZN|PL","Without Sequence","60.80","",""
"22/07/2023 09:00:00 - 22/07/2023 10:00:00","BZN|PL","Without Sequence","46.56","",""
"22/07/2023 10:00:00 - 22/07/2023 11:00:00","BZN|PL","Without Sequence","45.12","",""
"22/07/2023 11:00:00 - 22/07/2023 12:00:00","BZN|PL","Without Sequence","26.95","",""
"22/07/2023 12:00:00 - 22/07/2023 13:00:00","BZN|PL","Without Sequence","42.24","",""
"22/07/2023 13:00:00 - 22/07/2023 14:00:00","BZN|PL","Without Sequence","48.21","",""
"22/07/2023 14:00:00 - 22/07/2023 15:00:00","BZN|PL","Without Sequence","59.60","",""
"22/07/2023 15:00:00 - 22/07/2023 16:00:00","BZN|PL","Without Sequence","112.57","",""
"22/07/2023 16:00:00 - 22/07/2023 17:00:00","BZN|PL","Without Sequence","115.80","",""
"22/07/2023 17:00:00 - 22/07/2023 18:00:00","BZN|PL","Without Sequence","129.28","",""
"22/07/2023 18:00:00 - 22/07/2023 19:00:00","BZN|PL","Without Sequence","140.41","",""
"22/07/2023 19:00:00 - 22/07/2023 20:00:00","BZN|PL","Without Sequence","133.25","",""
"22/07/2023 20:00:00 - 22/07/2023 21:00:00","BZN|PL","Without Sequence","121.62","",""
"22/07/2023 21:00:00 - 22/07/2023 22:00:00","BZN|PL","Without Sequence","107.42","",""
"22/07/2023 22:00:00 - 22/07/2023 23:00:00","BZN|PL","Without Sequence","112.11","",""
"22/07/2023 23:00:00 - 23/07/2023 00:00:00","BZN|PL","Without Sequence","84.98","",""
"23/07/2023 00:00:00 - 23/07/2023 01:00:00","BZN|PL","Without Sequence","75.37","",""
"23/07/2023 01:00:00 - 23/07/2023 02:00:00","BZN|PL","Without Sequence","78.72","",""
"23/07/2023 02:00:00 - 23/07/2023 03:00:00","BZN|PL","Without Sequence","67.51","",""
"23/07/2023 03:00:00 - 23/07/2023 04:00:00","BZN|PL","Without Sequence","75.25","",""
"23/07/2023 04:00:00 - 23/07/2023 05:00:00","BZN|PL","Without Sequence","69.55","",""
"23/07/2023 05:00:00 - 23/07/2023 06:00:00","BZN|PL","Without Sequence","70.91","",""
"23/07/2023 06:00:00 - 23/07/2023 07:00:00","BZN|PL","Without Sequence","72.41","",""
"23/07/2023 07:00:00 - 23/07/2023 08:00:00","BZN|PL","Without Sequence","70.17","",""
"23/07/2023 08:00:00 - 23/07/2023 09:00:00","BZN|PL","Without Sequence","85.19","",""
"23/07/2023 09:00:00 - 23/07/2023 10:00:00","BZN|PL","Without Sequence","74.00","",""
"23/07/2023 10:00:00 - 23/07/2023 11:00:00","BZN|PL","Without Sequence","75.08","",""
"23/07/2023 11:00:00 - 23/07/2023 12:00:00","BZN|PL","Without Sequence","78.03","",""
"23/07/2023 12:00:00 - 23/07/2023 13:00:00","BZN|PL","Without Sequence","78.03","",""
"23/07/2023 13:00:00 - 23/07/2023 14:00:00","BZN|PL","Without Sequence","78.59","",""
"23/07/2023 14:00:00 - 23/07/2023 15:00:00","BZN|PL","Without Sequence","92.35","",""
"23/07/2023 15:00:00 - 23/07/2023 16:00:00","BZN|PL","Without Sequence","112.14","",""
"23/07/2023 16:00:00 - 23/07/2023 17:00:00","BZN|PL","Without Sequence","113.76","",""
"23/07/2023 17:00:00 - 23/07/2023 18:00:00","BZN|PL","Without Sequence","107.85","",""
"23/07/2023 18:00:00 - 23/07/2023 19:00:00","BZN|PL","Without Sequence","119.02","",""
"23/07/2023 19:00:00 - 23/07/2023 20:00:00","BZN|PL","Without Sequence","121.19","",""
"23/07/2023 20:00:00 - 23/07/2023 21:00:00","BZN|PL","Without Sequence","110.72","",""
"23/07/2023 21:00:00 - 23/07/2023 22:00:00","BZN|PL","Without Sequence","102.65","",""
"23/07/2023 22:00:00 - 23/07/2023 23:00:00","BZN|PL","Without Sequence","112.32","",""
"23/07/2023 23:00:00 - 24/07/2023 00:00:00","BZN|PL","Without Sequence","99.73","",""
"24/07/2023 00:00:00 - 24/07/2023 01:00:00","BZN|PL","Without Sequence","95.94","",""
"24/07/2023 01:00:00 - 24/07/2023 02:00:00","BZN|PL","Without Sequence","95.92","",""
"24/07/2023 02:00:00 - 24/07/2023 03:00:00","BZN|PL","Without Sequence","95.98","",""
"24/07/2023 03:00:00 - 24/07/2023 04:00:00","BZN|PL","Without Sequence","100.91","",""
"24/07/2023 04:00:00 - 24/07/2023 05:00:00","BZN|PL","Without Sequence","119.81","",""
"24/07/2023 05:00:00 - 24/07/2023 06:00:00","BZN|PL","Without Sequence","137.57","",""
"24/07/2023 06:00:00 - 24/07/2023 07:00:00","BZN|PL","Without Sequence","154.08","",""
"24/07/2023 07:00:00 - 24/07/2023 08:00:00","BZN|PL","Without Sequence","120.31","",""
"24/07/2023 08:00:00 - 24/07/2023 09:00:00","BZN|PL","Without Sequence","117.71","",""
"24/07/2023 09:00:00 - 24/07/2023 10:00:00","BZN|PL","Without Sequence","115.74","",""
"24/07/2023 10:00:00 - 24/07/2023 11:00:00","BZN|PL","Without Sequence","111.91","",""
"24/07/2023 11:00:00 - 24/07/2023 12:00:00","BZN|PL","Without Sequence","115.69","",""
"24/07/2023 12:00:00 - 24/07/2023 13:00:00","BZN|PL","Without Sequence","115.79","",""
"24/07/2023 13:00:00 - 24/07/2023 14:00:00","BZN|PL","Without Sequence","124.67","",""
"24/07/2023 14:00:00 - 24/07/2023 15:00:00","BZN|PL","Without Sequence","156.33","",""
"24/07/2023 15:00:00 - 24/07/2023 16:00:00","BZN|PL","Without Sequence","167.09","",""
"24/07/2023 16:00:00 - 24/07/2023 17:00:00","BZN|PL","Without Sequence","172.12","",""
"24/07/2023 17:00:00 - 24/07/2023 18:00:00","BZN|PL","Without Sequence","187.18","",""
"24/07/2023 18:00:00 - 24/07/2023 19:00:00","BZN|PL","Without Sequence","178.24","",""
"24/07/2023 19:00:00 - 24/07/2023 20:00:00","BZN|PL","Without Sequence","171.19","",""
"24/07/2023 20:00:00 - 24/07/2023 21:00:00","BZN|PL","Without Sequence","163.43","",""
"24/07/2023 21:00:00 - 24/07/2023 22:00:00","BZN|PL","Without Sequence","118.86","",""
"24/07/2023 22:00:00 - 24/07/2023 23:00:00","BZN|PL","Without Sequence","125.81","",""
"24/07/2023 23:00:00 - 25/07/2023 00:00:00","BZN|PL","Without Sequence","117.05","",""
"25/07/2023 00:00:00 - 25/07/2023 01:00:00","BZN|PL","Without Sequence","117.16","",""
"25/07/2023 01:00:00 - 25/07/2023 02:00:00","BZN|PL","Without Sequence","115.64","",""
"25/07/2023 02:00:00 - 25/07/2023 03:00:00","BZN|PL","Without Sequence","117.14","",""
"25/07/2023 03:00:00 - 25/07/2023 04:00:00","BZN|PL","Without Sequence","115.52","",""
"25/07/2023 04:00:00 - 25/07/2023 05:00:00","BZN|PL","Without Sequence","134.69","",""
"25/07/2023 05:00:00 - 25/07/2023 06:00:00","BZN|PL","Without Sequence","146.76","",""
"25/07/2023 06:00:00 - 25/07/2023 07:00:00","BZN|PL","Without Sequence","149.02","",""
"25/07/2023 07:00:00 - 25/07/2023 08:00:00","BZN|PL","Without Sequence","144.20","",""
"25/07/2023 08:00:00 - 25/07/2023 09:00:00","BZN|PL","Without Sequence","115.50","",""
"25/07/2023 09:00:00 - 25/07/2023 10:00:00","BZN|PL","Without Sequence","115.51","",""
"25/07/2023 10:00:00 - 25/07/2023 11:00:00","BZN|PL","Without Sequence","115.38","",""
"25/07/2023 11:00:00 - 25/07/2023 12:00:00","BZN|PL","Without Sequence","115.63","",""
"25/07/2023 12:00:00 - 25/07/2023 13:00:00","BZN|PL","Without Sequence","125.69","",""
"25/07/2023 13:00:00 - 25/07/2023 14:00:00","BZN|PL","Without Sequence","157.27","",""
"25/07/2023 14:00:00 - 25/07/2023 15:00:00","BZN|PL","Without Sequence","152.73","",""
"25/07/2023 15:00:00 - 25/07/2023 16:00:00","BZN|PL","Without Sequence","157.12","",""
"25/07/2023 16:00:00 - 25/07/2023 17:00:00","BZN|PL","Without Sequence","164.66","",""
"25/07/2023 17:00:00 - 25/07/2023 18:00:00","BZN|PL","Without Sequence","168.32","",""
"25/07/2023 18:00:00 - 25/07/2023 19:00:00","BZN|PL","Without Sequence","168.34","",""
"25/07/2023 19:00:00 - 25/07/2023 20:00:00","BZN|PL","Without Sequence","165.86","",""
"25/07/2023 20:00:00 - 25/07/2023 21:00:00","BZN|PL","Without Sequence","162.89","",""
"25/07/2023 21:00:00 - 25/07/2023 22:00:00","BZN|PL","Without Sequence","151.64","",""
"25/07/2023 22:00:00 - 25/07/2023 23:00:00","BZN|PL","Without Sequence","97.96","",""
"25/07/2023 23:00:00 - 26/07/2023 00:00:00","BZN|PL","Without Sequence","90.32","",""
"26/07/2023 00:00:00 - 26/07/2023 01:00:00","BZN|PL","Without Sequence","96.56","",""
"26/07/2023 01:00:00 - 26/07/2023 02:00:00","BZN|PL","Without Sequence","99.23","",""
"26/07/2023 02:00:00 - 26/07/2023 03:00:00","BZN|PL","Without Sequence","99.55","",""
"26/07/2023 03:00:00 - 26/07/2023 04:00:00","BZN|PL","Without Sequence","96.49","",""
"26/07/2023 04:00:00 - 26/07/2023 05:00:00","BZN|PL","Without Sequence","113.34","",""
"26/07/2023 05:00:00 - 26/07/2023 06:00:00","BZN|PL","Without Sequence","131.82","",""
"26/07/2023 06:00:00 - 26/07/2023 07:00:00","BZN|PL","Without Sequence","148.33","",""
"26/07/2023 07:00:00 - 26/07/2023 08:00:00","BZN|PL","Without Sequence","134.86","",""
"26/07/2023 08:00:00 - 26/07/2023 09:00:00","BZN|PL","Without Sequence","126.18","",""
"26/07/2023 09:00:00 - 26/07/2023 10:00:00","BZN|PL","Without Sequence","127.89","",""
"26/07/2023 10:00:00 - 26/07/2023 11:00:00","BZN|PL","Without Sequence","144.22","",""
"26/07/2023 11:00:00 - 26/07/2023 12:00:00","BZN|PL","Without Sequence","126.19","",""
"26/07/2023 12:00:00 - 26/07/2023 13:00:00","BZN|PL","Without Sequence","124.43","",""
"26/07/2023 13:00:00 - 26/07/2023 14:00:00","BZN|PL","Without Sequence","146.59","",""
"26/07/2023 14:00:00 - 26/07/2023 15:00:00","BZN|PL","Without Sequence","144.67","",""
"26/07/2023 15:00:00 - 26/07/2023 16:00:00","BZN|PL","Without Sequence","155.39","",""
"26/07/2023 16:00:00 - 26/07/2023 17:00:00","BZN|PL","Without Sequence","161.91","",""
"26/07/2023 17:00:00 - 26/07/2023 18:00:00","BZN|PL","Without Sequence","147.37","",""
"26/07/2023 18:00:00 - 26/07/2023 19:00:00","BZN|PL","Without Sequence","159.06","",""
"26/07/2023 19:00:00 - 26/07/2023 20:00:00","BZN|PL","Without Sequence","152.80","",""
"26/07/2023 20:00:00 - 26/07/2023 21:00:00","BZN|PL","Without Sequence","149.71","",""
"26/07/2023 21:00:00 - 26/07/2023 22:00:00","BZN|PL","Without Sequence","106.72","",""
"26/07/2023 22:00:00 - 26/07/2023 23:00:00","BZN|PL","Without Sequence","98.36","",""
"26/07/2023 23:00:00 - 27/07/2023 00:00:00","BZN|PL","Without Sequence","95.42","",""
"27/07/2023 00:00:00 - 27/07/2023 01:00:00","BZN|PL","Without Sequence","101.58","",""
"27/07/2023 01:00:00 - 27/07/2023 02:00:00","BZN|PL","Without Sequence","102.55","",""
"27/07/2023 02:00:00 - 27/07/2023 03:00:00","BZN|PL","Without Sequence","101.65","",""
"27/07/2023 03:00:00 - 27/07/2023 04:00:00","BZN|PL","Without Sequence","101.52","",""
"27/07/2023 04:00:00 - 27/07/2023 05:00:00","BZN|PL","Without Sequence","139.37","",""
"27/07/2023 05:00:00 - 27/07/2023 06:00:00","BZN|PL","Without Sequence","161.63","",""
"27/07/2023 06:00:00 - 27/07/2023 07:00:00","BZN|PL","Without Sequence","163.90","",""
"27/07/2023 07:00:00 - 27/07/2023 08:00:00","BZN|PL","Without Sequence","122.87","",""
"27/07/2023 08:00:00 - 27/07/2023 09:00:00","BZN|PL","Without Sequence","106.14","",""
"27/07/2023 09:00:00 - 27/07/2023 10:00:00","BZN|PL","Without Sequence","103.47","",""
"27/07/2023 10:00:00 - 27/07/2023 11:00:00","BZN|PL","Without Sequence","101.73","",""
"27/07/2023 11:00:00 - 27/07/2023 12:00:00","BZN|PL","Without Sequence","109.95","",""
"27/07/2023 12:00:00 - 27/07/2023 13:00:00","BZN|PL","Without Sequence","116.10","",""
"27/07/2023 13:00:00 - 27/07/2023 14:00:00","BZN|PL","Without Sequence","116.05","",""
"27/07/2023 14:00:00 - 27/07/2023 15:00:00","BZN|PL","Without Sequence","124.25","",""
"27/07/2023 15:00:00 - 27/07/2023 16:00:00","BZN|PL","Without Sequence","163.75","",""
"27/07/2023 16:00:00 - 27/07/2023 17:00:00","BZN|PL","Without Sequence","160.35","",""
"27/07/2023 17:00:00 - 27/07/2023 18:00:00","BZN|PL","Without Sequence","155.54","",""
"27/07/2023 18:00:00 - 27/07/2023 19:00:00","BZN|PL","Without Sequence","161.07","",""
"27/07/2023 19:00:00 - 27/07/2023 20:00:00","BZN|PL","Without Sequence","167.38","",""
"27/07/2023 20:00:00 - 27/07/2023 21:00:00","BZN|PL","Without Sequence","157.82","",""
"27/07/2023 21:00:00 - 27/07/2023 22:00:00","BZN|PL","Without Sequence","112.96","",""
"27/07/2023 22:00:00 - 27/07/2023 23:00:00","BZN|PL","Without Sequence","91.45","",""
"27/07/2023 23:00:00 - 28/07/2023 00:00:00","BZN|PL","Without Sequence","91.44","",""
"28/07/2023 00:00:00 - 28/07/2023 01:00:00","BZN|PL","Without Sequence","93.21","",""
"28/07/2023 01:00:00 - 28/07/2023 02:00:00","BZN|PL","Without Sequence","91.72","",""
"28/07/2023 02:00:00 - 28/07/2023 03:00:00","BZN|PL","Without Sequence","94.96","",""
"28/07/2023 03:00:00 - 28/07/2023 04:00:00","BZN|PL","Without Sequence","91.15","",""
"28/07/2023 04:00:00 - 28/07/2023 05:00:00","BZN|PL","Without Sequence","102.91","",""
"28/07/2023 05:00:00 - 28/07/2023 06:00:00","BZN|PL","Without Sequence","111.21","",""
"28/07/2023 06:00:00 - 28/07/2023 07:00:00","BZN|PL","Without Sequence","132.28","",""
"28/07/2023 07:00:00 - 28/07/2023 08:00:00","BZN|PL","Without Sequence","149.59","",""
"28/07/2023 08:00:00 - 28/07/2023 09:00:00","BZN|PL","Without Sequence","141.36","",""
"28/07/2023 09:00:00 - 28/07/2023 10:00:00","BZN|PL","Without Sequence","152.66","",""
"28/07/2023 10:00:00 - 28/07/2023 11:00:00","BZN|PL","Without Sequence","147.18","",""
"28/07/2023 11:00:00 - 28/07/2023 12:00:00","BZN|PL","Without Sequence","147.00","",""
"28/07/2023 12:00:00 - 28/07/2023 13:00:00","BZN|PL","Without Sequence","132.74","",""
"28/07/2023 13:00:00 - 28/07/2023 14:00:00","BZN|PL","Without Sequence","130.14","",""
"28/07/2023 14:00:00 - 28/07/2023 15:00:00","BZN|PL","Without Sequence","124.42","",""
"28/07/2023 15:00:00 - 28/07/2023 16:00:00","BZN|PL","Without Sequence","132.27","",""
"28/07/2023 16:00:00 - 28/07/2023 17:00:00","BZN|PL","Without Sequence","158.83","",""
"28/07/2023 17:00:00 - 28/07/2023 18:00:00","BZN|PL","Without Sequence","161.52","",""
"28/07/2023 18:00:00 - 28/07/2023 19:00:00","BZN|PL","Without Sequence","165.07","",""
"28/07/2023 19:00:00 - 28/07/2023 20:00:00","BZN|PL","Without Sequence","158.79","",""
"28/07/2023 20:00:00 - 28/07/2023 21:00:00","BZN|PL","Without Sequence","131.16","",""
"28/07/2023 21:00:00 - 28/07/2023 22:00:00","BZN|PL","Without Sequence","102.57","",""
"28/07/2023 22:00:00 - 28/07/2023 23:00:00","BZN|PL","Without Sequence","104.61","",""
"28/07/2023 23:00:00 - 29/07/2023 00:00:00","BZN|PL","Without Sequence","99.57","",""
"29/07/2023 00:00:00 - 29/07/2023 01:00:00","BZN|PL","Without Sequence","102.96","",""
"29/07/2023 01:00:00 - 29/07/2023 02:00:00","BZN|PL","Without Sequence","102.04","",""
"29/07/2023 02:00:00 - 29/07/2023 03:00:00","BZN|PL","Without Sequence","100.19","",""
"29/07/2023 03:00:00 - 29/07/2023 04:00:00","BZN|PL","Without Sequence","101.62","",""
"29/07/2023 04:00:00 - 29/07/2023 05:00:00","BZN|PL","Without Sequence","112.55","",""
"29/07/2023 05:00:00 - 29/07/2023 06:00:00","BZN|PL","Without Sequence","112.74","",""
"29/07/2023 06:00:00 - 29/07/2023 07:00:00","BZN|PL","Without Sequence","112.86","",""
"29/07/2023 07:00:00 - 29/07/2023 08:00:00","BZN|PL","Without Sequence","112.58","",""
"29/07/2023 08:00:00 - 29/07/2023 09:00:00","BZN|PL","Without Sequence","101.60","",""
"29/07/2023 09:00:00 - 29/07/2023 10:00:00","BZN|PL","Without Sequence","101.60","",""
"29/07/2023 10:00:00 - 29/07/2023 11:00:00","BZN|PL","Without Sequence","98.17","",""
"29/07/2023 11:00:00 - 29/07/2023 12:00:00","BZN|PL","Without Sequence","101.60","",""
"29/07/2023 12:00:00 - 29/07/2023 13:00:00","BZN|PL","Without Sequence","98.57","",""
"29/07/2023 13:00:00 - 29/07/2023 14:00:00","BZN|PL","Without Sequence","112.56","",""
"29/07/2023 14:00:00 - 29/07/2023 15:00:00","BZN|PL","Without Sequence","114.29","",""
"29/07/2023 15:00:00 - 29/07/2023 16:00:00","BZN|PL","Without Sequence","135.88","",""
"29/07/2023 16:00:00 - 29/07/2023 17:00:00","BZN|PL","Without Sequence","139.96","",""
"29/07/2023 17:00:00 - 29/07/2023 18:00:00","BZN|PL","Without Sequence","141.64","",""
"29/07/2023 18:00:00 - 29/07/2023 19:00:00","BZN|PL","Without Sequence","146.52","",""
"29/07/2023 19:00:00 - 29/07/2023 20:00:00","BZN|PL","Without Sequence","141.72","",""
"29/07/2023 20:00:00 - 29/07/2023 21:00:00","BZN|PL","Without Sequence","118.63","",""
"29/07/2023 21:00:00 - 29/07/2023 22:00:00","BZN|PL","Without Sequence","94.24","",""
"29/07/2023 22:00:00 - 29/07/2023 23:00:00","BZN|PL","Without Sequence","101.93","",""
"29/07/2023 23:00:00 - 30/07/2023 00:00:00","BZN|PL","Without Sequence","74.90","",""
"30/07/2023 00:00:00 - 30/07/2023 01:00:00","BZN|PL","Without Sequence","78.77","",""
"30/07/2023 01:00:00 - 30/07/2023 02:00:00","BZN|PL","Without Sequence","77.44","",""
"30/07/2023 02:00:00 - 30/07/2023 03:00:00","BZN|PL","Without Sequence","78.57","",""
"30/07/2023 03:00:00 - 30/07/2023 04:00:00","BZN|PL","Without Sequence","77.01","",""
"30/07/2023 04:00:00 - 30/07/2023 05:00:00","BZN|PL","Without Sequence","70.80","",""
"30/07/2023 05:00:00 - 30/07/2023 06:00:00","BZN|PL","Without Sequence","49.83","",""
"30/07/2023 06:00:00 - 30/07/2023 07:00:00","BZN|PL","Without Sequence","40.75","",""
"30/07/2023 07:00:00 - 30/07/2023 08:00:00","BZN|PL","Without Sequence","21.92","",""
"30/07/2023 08:00:00 - 30/07/2023 09:00:00","BZN|PL","Without Sequence","15.97","",""
"30/07/2023 09:00:00 - 30/07/2023 10:00:00","BZN|PL","Without Sequence","40.13","",""
"30/07/2023 10:00:00 - 30/07/2023 11:00:00","BZN|PL","Without Sequence","22.87","",""
"30/07/2023 11:00:00 - 30/07/2023 12:00:00","BZN|PL","Without Sequence","34.08","",""
"30/07/2023 12:00:00 - 30/07/2023 13:00:00","BZN|PL","Without Sequence","40.77","",""
"30/07/2023 13:00:00 - 30/07/2023 14:00:00","BZN|PL","Without Sequence","29.45","",""
"30/07/2023 14:00:00 - 30/07/2023 15:00:00","BZN|PL","Without Sequence","49.83","",""
"30/07/2023 15:00:00 - 30/07/2023 16:00:00","BZN|PL","Without Sequence","105.86","",""
"30/07/2023 16:00:00 - 30/07/2023 17:00:00","BZN|PL","Without Sequence","120.09","",""
"30/07/2023 17:00:00 - 30/07/2023 18:00:00","BZN|PL","Without Sequence","124.59","",""
"30/07/2023 18:00:00 - 30/07/2023 19:00:00","BZN|PL","Without Sequence","129.96","",""
"30/07/2023 19:00:00 - 30/07/2023 20:00:00","BZN|PL","Without Sequence","129.67","",""
"30/07/2023 20:00:00 - 30/07/2023 21:00:00","BZN|PL","Without Sequence","105.79","",""
"30/07/2023 21:00:00 - 30/07/2023 22:00:00","BZN|PL","Without Sequence","102.33","",""
"30/07/2023 22:00:00 - 30/07/2023 23:00:00","BZN|PL","Without Sequence","111.53","",""
"30/07/2023 23:00:00 - 31/07/2023 00:00:00","BZN|PL","Without Sequence","111.99","",""
"31/07/2023 00:00:00 - 31/07/2023 01:00:00","BZN|PL","Without Sequence","111.79","",""
"31/07/2023 01:00:00 - 31/07/2023 02:00:00","BZN|PL","Without Sequence","111.95","",""
"31/07/2023 02:00:00 - 31/07/2023 03:00:00","BZN|PL","Without Sequence","112.05","",""
"31/07/2023 03:00:00 - 31/07/2023 04:00:00","BZN|PL","Without Sequence","111.78","",""
"31/07/2023 04:00:00 - 31/07/2023 05:00:00","BZN|PL","Without Sequence","108.72","",""
"31/07/2023 05:00:00 - 31/07/2023 06:00:00","BZN|PL","Without Sequence","122.52","",""
"31/07/2023 06:00:00 - 31/07/2023 07:00:00","BZN|PL","Without Sequence","151.76","",""
"31/07/2023 07:00:00 - 31/07/2023 08:00:00","BZN|PL","Without Sequence","152.01","",""
"31/07/2023 08:00:00 - 31/07/2023 09:00:00","BZN|PL","Without Sequence","112.93","",""
"31/07/2023 09:00:00 - 31/07/2023 10:00:00","BZN|PL","Without Sequence","112.09","",""
"31/07/2023 10:00:00 - 31/07/2023 11:00:00","BZN|PL","Without Sequence","112.02","",""
"31/07/2023 11:00:00 - 31/07/2023 12:00:00","BZN|PL","Without Sequence","112.02","",""
"31/07/2023 12:00:00 - 31/07/2023 13:00:00","BZN|PL","Without Sequence","112.30","",""
"31/07/2023 13:00:00 - 31/07/2023 14:00:00","BZN|PL","Without Sequence","113.26","",""
"31/07/2023 14:00:00 - 31/07/2023 15:00:00","BZN|PL","Without Sequence","126.78","",""
"31/07/2023 15:00:00 - 31/07/2023 16:00:00","BZN|PL","Without Sequence","155.98","",""
"31/07/2023 16:00:00 - 31/07/2023 17:00:00","BZN|PL","Without Sequence","163.81","",""
"31/07/2023 17:00:00 - 31/07/2023 18:00:00","BZN|PL","Without Sequence","160.36","",""
"31/07/2023 18:00:00 - 31/07/2023 19:00:00","BZN|PL","Without Sequence","163.58","",""
"31/07/2023 19:00:00 - 31/07/2023 20:00:00","BZN|PL","Without Sequence","163.63","",""
"31/07/2023 20:00:00 - 31/07/2023 21:00:00","BZN|PL","Without Sequence","113.33","",""
"31/07/2023 21:00:00 - 31/07/2023 22:00:00","BZN|PL","Without Sequence","100.66","",""
"31/07/2023 22:00:00 - 31/07/2023 23:00:00","BZN|PL","Without Sequence","111.27","",""
"31/07/2023 23:00:00 - 01/08/2023 00:00:00","BZN|PL","Without Sequence","103.18","",""
"01/08/2023 00:00:00 - 01/08/2023 01:00:00","BZN|PL","Without Sequence","102.11","",""
"01/08/2023 01:00:00 - 01/08/2023 02:00:00","BZN|PL","Without Sequence","102.15","",""
"01/08/2023 02:00:00 - 01/08/2023 03:00:00","BZN|PL","Without Sequence","102.29","",""
"01/08/2023 03:00:00 - 01/08/2023 04:00:00","BZN|PL","Without Sequence","101.98","",""
"01/08/2023 04:00:00 - 01/08/2023 05:00:00","BZN|PL","Without Sequence","98.89","",""
"01/08/2023 05:00:00 - 01/08/2023 06:00:00","BZN|PL","Without Sequence","96.33","",""
"01/08/2023 06:00:00 - 01/08/2023 07:00:00","BZN|PL","Without Sequence","104.98","",""
"01/08/2023 07:00:00 - 01/08/2023 08:00:00","BZN|PL","Without Sequence","114.19","",""
"01/08/2023 08:00:00 - 01/08/2023 09:00:00","BZN|PL","Without Sequence","113.30","",""
"01/08/2023 09:00:00 - 01/08/2023 10:00:00","BZN|PL","Without Sequence","114.84","",""
"01/08/2023 10:00:00 - 01/08/2023 11:00:00","BZN|PL","Without Sequence","112.96","",""
"01/08/2023 11:00:00 - 01/08/2023 12:00:00","BZN|PL","Without Sequence","102.16","",""
"01/08/2023 12:00:00 - 01/08/2023 13:00:00","BZN|PL","Without Sequence","108.07","",""
"01/08/2023 13:00:00 - 01/08/2023 14:00:00","BZN|PL","Without Sequence","122.41","",""
"01/08/2023 14:00:00 - 01/08/2023 15:00:00","BZN|PL","Without Sequence","134.85","",""
"01/08/2023 15:00:00 - 01/08/2023 16:00:00","BZN|PL","Without Sequence","142.17","",""
"01/08/2023 16:00:00 - 01/08/2023 17:00:00","BZN|PL","Without Sequence","151.54","",""
"01/08/2023 17:00:00 - 01/08/2023 18:00:00","BZN|PL","Without Sequence","154.32","",""
"01/08/2023 18:00:00 - 01/08/2023 19:00:00","BZN|PL","Without Sequence","154.82","",""
"01/08/2023 19:00:00 - 01/08/2023 20:00:00","BZN|PL","Without Sequence","150.39","",""
"01/08/2023 20:00:00 - 01/08/2023 21:00:00","BZN|PL","Without Sequence","113.41","",""
"01/08/2023 21:00:00 - 01/08/2023 22:00:00","BZN|PL","Without Sequence","112.49","",""
"01/08/2023 22:00:00 - 01/08/2023 23:00:00","BZN|PL","Without Sequence","101.75","",""
"01/08/2023 23:00:00 - 02/08/2023 00:00:00","BZN|PL","Without Sequence","101.89","",""
"02/08/2023 00:00:00 - 02/08/2023 01:00:00","BZN|PL","Without Sequence","92.73","",""
"02/08/2023 01:00:00 - 02/08/2023 02:00:00","BZN|PL","Without Sequence","92.73","",""
"02/08/2023 02:00:00 - 02/08/2023 03:00:00","BZN|PL","Without Sequence","99.74","",""
"02/08/2023 03:00:00 - 02/08/2023 04:00:00","BZN|PL","Without Sequence","92.72","",""
"02/08/2023 04:00:00 - 02/08/2023 05:00:00","BZN|PL","Without Sequence","101.75","",""
"02/08/2023 05:00:00 - 02/08/2023 06:00:00","BZN|PL","Without Sequence","107.16","",""
"02/08/2023 06:00:00 - 02/08/2023 07:00:00","BZN|PL","Without Sequence","100.82","",""
"02/08/2023 07:00:00 - 02/08/2023 08:00:00","BZN|PL","Without Sequence","87.30","",""
"02/08/2023 08:00:00 - 02/08/2023 09:00:00","BZN|PL","Without Sequence","78.27","",""
"02/08/2023 09:00:00 - 02/08/2023 10:00:00","BZN|PL","Without Sequence","71.22","",""
"02/08/2023 10:00:00 - 02/08/2023 11:00:00","BZN|PL","Without Sequence","71.22","",""
"02/08/2023 11:00:00 - 02/08/2023 12:00:00","BZN|PL","Without Sequence","81.64","",""
"02/08/2023 12:00:00 - 02/08/2023 13:00:00","BZN|PL","Without Sequence","81.41","",""
"02/08/2023 13:00:00 - 02/08/2023 14:00:00","BZN|PL","Without Sequence","93.39","",""
"02/08/2023 14:00:00 - 02/08/2023 15:00:00","BZN|PL","Without Sequence","101.77","",""
"02/08/2023 15:00:00 - 02/08/2023 16:00:00","BZN|PL","Without Sequence","92.15","",""
"02/08/2023 16:00:00 - 02/08/2023 17:00:00","BZN|PL","Without Sequence","111.29","",""
"02/08/2023 17:00:00 - 02/08/2023 18:00:00","BZN|PL","Without Sequence","111.08","",""
"02/08/2023 18:00:00 - 02/08/2023 19:00:00","BZN|PL","Without Sequence","117.74","",""
"02/08/2023 19:00:00 - 02/08/2023 20:00:00","BZN|PL","Without Sequence","102.22","",""
"02/08/2023 20:00:00 - 02/08/2023 21:00:00","BZN|PL","Without Sequence","99.71","",""
"02/08/2023 21:00:00 - 02/08/2023 22:00:00","BZN|PL","Without Sequence","93.88","",""
"02/08/2023 22:00:00 - 02/08/2023 23:00:00","BZN|PL","Without Sequence","65.65","",""
"02/08/2023 23:00:00 - 03/08/2023 00:00:00","BZN|PL","Without Sequence","45.05","",""
"03/08/2023 00:00:00 - 03/08/2023 01:00:00","BZN|PL","Without Sequence","38.26","",""
"03/08/2023 01:00:00 - 03/08/2023 02:00:00","BZN|PL","Without Sequence","38.26","",""
"03/08/2023 02:00:00 - 03/08/2023 03:00:00","BZN|PL","Without Sequence","38.26","",""
"03/08/2023 03:00:00 - 03/08/2023 04:00:00","BZN|PL","Without Sequence","38.61","",""
"03/08/2023 04:00:00 - 03/08/2023 05:00:00","BZN|PL","Without Sequence","83.87","",""
"03/08/2023 05:00:00 - 03/08/2023 06:00:00","BZN|PL","Without Sequence","74.27","",""
"03/08/2023 06:00:00 - 03/08/2023 07:00:00","BZN|PL","Without Sequence","74.79","",""
"03/08/2023 07:00:00 - 03/08/2023 08:00:00","BZN|PL","Without Sequence","65.25","",""
"03/08/2023 08:00:00 - 03/08/2023 09:00:00","BZN|PL","Without Sequence","40.52","",""
"03/08/2023 09:00:00 - 03/08/2023 10:00:00","BZN|PL","Without Sequence","43.89","",""
"03/08/2023 10:00:00 - 03/08/2023 11:00:00","BZN|PL","Without Sequence","47.72","",""
"03/08/2023 11:00:00 - 03/08/2023 12:00:00","BZN|PL","Without Sequence","49.26","",""
"03/08/2023 12:00:00 - 03/08/2023 13:00:00","BZN|PL","Without Sequence","50.64","",""
"03/08/2023 13:00:00 - 03/08/2023 14:00:00","BZN|PL","Without Sequence","57.63","",""
"03/08/2023 14:00:00 - 03/08/2023 15:00:00","BZN|PL","Without Sequence","52.25","",""
"03/08/2023 15:00:00 - 03/08/2023 16:00:00","BZN|PL","Without Sequence","72.81","",""
"03/08/2023 16:00:00 - 03/08/2023 17:00:00","BZN|PL","Without Sequence","83.27","",""
"03/08/2023 17:00:00 - 03/08/2023 18:00:00","BZN|PL","Without Sequence","84.32","",""
"03/08/2023 18:00:00 - 03/08/2023 19:00:00","BZN|PL","Without Sequence","94.28","",""
"03/08/2023 19:00:00 - 03/08/2023 20:00:00","BZN|PL","Without Sequence","96.78","",""
"03/08/2023 20:00:00 - 03/08/2023 21:00:00","BZN|PL","Without Sequence","94.09","",""
"03/08/2023 21:00:00 - 03/08/2023 22:00:00","BZN|PL","Without Sequence","87.61","",""
"03/08/2023 22:00:00 - 03/08/2023 23:00:00","BZN|PL","Without Sequence","90.72","",""
"03/08/2023 23:00:00 - 04/08/2023 00:00:00","BZN|PL","Without Sequence","87.58","",""
"04/08/2023 00:00:00 - 04/08/2023 01:00:00","BZN|PL","Without Sequence","87.62","",""
"04/08/2023 01:00:00 - 04/08/2023 02:00:00","BZN|PL","Without Sequence","89.75","",""
"04/08/2023 02:00:00 - 04/08/2023 03:00:00","BZN|PL","Without Sequence","91.91","",""
"04/08/2023 03:00:00 - 04/08/2023 04:00:00","BZN|PL","Without Sequence","87.61","",""
"04/08/2023 04:00:00 - 04/08/2023 05:00:00","BZN|PL","Without Sequence","106.36","",""
"04/08/2023 05:00:00 - 04/08/2023 06:00:00","BZN|PL","Without Sequence","122.41","",""
"04/08/2023 06:00:00 - 04/08/2023 07:00:00","BZN|PL","Without Sequence","119.48","",""
"04/08/2023 07:00:00 - 04/08/2023 08:00:00","BZN|PL","Without Sequence","103.84","",""
"04/08/2023 08:00:00 - 04/08/2023 09:00:00","BZN|PL","Without Sequence","106.72","",""
"04/08/2023 09:00:00 - 04/08/2023 10:00:00","BZN|PL","Without Sequence","106.81","",""
"04/08/2023 10:00:00 - 04/08/2023 11:00:00","BZN|PL","Without Sequence","106.81","",""
"04/08/2023 11:00:00 - 04/08/2023 12:00:00","BZN|PL","Without Sequence","106.75","",""
"04/08/2023 12:00:00 - 04/08/2023 13:00:00","BZN|PL","Without Sequence","105.57","",""
"04/08/2023 13:00:00 - 04/08/2023 14:00:00","BZN|PL","Without Sequence","90.83","",""
"04/08/2023 14:00:00 - 04/08/2023 15:00:00","BZN|PL","Without Sequence","85.52","",""
"04/08/2023 15:00:00 - 04/08/2023 16:00:00","BZN|PL","Without Sequence","94.73","",""
"04/08/2023 16:00:00 - 04/08/2023 17:00:00","BZN|PL","Without Sequence","144.64","",""
"04/08/2023 17:00:00 - 04/08/2023 18:00:00","BZN|PL","Without Sequence","159.17","",""
"04/08/2023 18:00:00 - 04/08/2023 19:00:00","BZN|PL","Without Sequence","162.61","",""
"04/08/2023 19:00:00 - 04/08/2023 20:00:00","BZN|PL","Without Sequence","158.47","",""
"04/08/2023 20:00:00 - 04/08/2023 21:00:00","BZN|PL","Without Sequence","155.65","",""
"04/08/2023 21:00:00 - 04/08/2023 22:00:00","BZN|PL","Without Sequence","127.73","",""
"04/08/2023 22:00:00 - 04/08/2023 23:00:00","BZN|PL","Without Sequence","101.55","",""
"04/08/2023 23:00:00 - 05/08/2023 00:00:00","BZN|PL","Without Sequence","94.90","",""
"05/08/2023 00:00:00 - 05/08/2023 01:00:00","BZN|PL","Without Sequence","96.42","",""
"05/08/2023 01:00:00 - 05/08/2023 02:00:00","BZN|PL","Without Sequence","100.16","",""
"05/08/2023 02:00:00 - 05/08/2023 03:00:00","BZN|PL","Without Sequence","101.31","",""
"05/08/2023 03:00:00 - 05/08/2023 04:00:00","BZN|PL","Without Sequence","97.08","",""
"05/08/2023 04:00:00 - 05/08/2023 05:00:00","BZN|PL","Without Sequence","94.55","",""
"05/08/2023 05:00:00 - 05/08/2023 06:00:00","BZN|PL","Without Sequence","93.86","",""
"05/08/2023 06:00:00 - 05/08/2023 07:00:00","BZN|PL","Without Sequence","93.00","",""
"05/08/2023 07:00:00 - 05/08/2023 08:00:00","BZN|PL","Without Sequence","89.52","",""
"05/08/2023 08:00:00 - 05/08/2023 09:00:00","BZN|PL","Without Sequence","90.28","",""
"05/08/2023 09:00:00 - 05/08/2023 10:00:00","BZN|PL","Without Sequence","96.39","",""
"05/08/2023 10:00:00 - 05/08/2023 11:00:00","BZN|PL","Without Sequence","107.52","",""
"05/08/2023 11:00:00 - 05/08/2023 12:00:00","BZN|PL","Without Sequence","108.23","",""
"05/08/2023 12:00:00 - 05/08/2023 13:00:00","BZN|PL","Without Sequence","108.05","",""
"05/08/2023 13:00:00 - 05/08/2023 14:00:00","BZN|PL","Without Sequence","108.09","",""
"05/08/2023 14:00:00 - 05/08/2023 15:00:00","BZN|PL","Without Sequence","107.69","",""
"05/08/2023 15:00:00 - 05/08/2023 16:00:00","BZN|PL","Without Sequence","98.03","",""
"05/08/2023 16:00:00 - 05/08/2023 17:00:00","BZN|PL","Without Sequence","112.20","",""
"05/08/2023 17:00:00 - 05/08/2023 18:00:00","BZN|PL","Without Sequence","126.86","",""
"05/08/2023 18:00:00 - 05/08/2023 19:00:00","BZN|PL","Without Sequence","134.82","",""
"05/08/2023 19:00:00 - 05/08/2023 20:00:00","BZN|PL","Without Sequence","109.91","",""
"05/08/2023 20:00:00 - 05/08/2023 21:00:00","BZN|PL","Without Sequence","99.89","",""
"05/08/2023 21:00:00 - 05/08/2023 22:00:00","BZN|PL","Without Sequence","98.03","",""
"05/08/2023 22:00:00 - 05/08/2023 23:00:00","BZN|PL","Without Sequence","88.83","",""
"05/08/2023 23:00:00 - 06/08/2023 00:00:00","BZN|PL","Without Sequence","78.86","",""
"06/08/2023 00:00:00 - 06/08/2023 01:00:00","BZN|PL","Without Sequence","69.27","",""
"06/08/2023 01:00:00 - 06/08/2023 02:00:00","BZN|PL","Without Sequence","67.74","",""
"06/08/2023 02:00:00 - 06/08/2023 03:00:00","BZN|PL","Without Sequence","59.91","",""
"06/08/2023 03:00:00 - 06/08/2023 04:00:00","BZN|PL","Without Sequence","56.42","",""
"06/08/2023 04:00:00 - 06/08/2023 05:00:00","BZN|PL","Without Sequence","56.32","",""
"06/08/2023 05:00:00 - 06/08/2023 06:00:00","BZN|PL","Without Sequence","62.12","",""
"06/08/2023 06:00:00 - 06/08/2023 07:00:00","BZN|PL","Without Sequence","62.22","",""
"06/08/2023 07:00:00 - 06/08/2023 08:00:00","BZN|PL","Without Sequence","77.19","",""
"06/08/2023 08:00:00 - 06/08/2023 09:00:00","BZN|PL","Without Sequence","76.58","",""
"06/08/2023 09:00:00 - 06/08/2023 10:00:00","BZN|PL","Without Sequence","66.77","",""
"06/08/2023 10:00:00 - 06/08/2023 11:00:00","BZN|PL","Without Sequence","69.21","",""
"06/08/2023 11:00:00 - 06/08/2023 12:00:00","BZN|PL","Without Sequence","72.00","",""
"06/08/2023 12:00:00 - 06/08/2023 13:00:00","BZN|PL","Without Sequence","78.83","",""
"06/08/2023 13:00:00 - 06/08/2023 14:00:00","BZN|PL","Without Sequence","78.84","",""
"06/08/2023 14:00:00 - 06/08/2023 15:00:00","BZN|PL","Without Sequence","92.07","",""
"06/08/2023 15:00:00 - 06/08/2023 16:00:00","BZN|PL","Without Sequence","98.35","",""
"06/08/2023 16:00:00 - 06/08/2023 17:00:00","BZN|PL","Without Sequence","95.24","",""
"06/08/2023 17:00:00 - 06/08/2023 18:00:00","BZN|PL","Without Sequence","90.08","",""
"06/08/2023 18:00:00 - 06/08/2023 19:00:00","BZN|PL","Without Sequence","83.02","",""
"06/08/2023 19:00:00 - 06/08/2023 20:00:00","BZN|PL","Without Sequence","83.92","",""
"06/08/2023 20:00:00 - 06/08/2023 21:00:00","BZN|PL","Without Sequence","86.55","",""
"06/08/2023 21:00:00 - 06/08/2023 22:00:00","BZN|PL","Without Sequence","65.55","",""
"06/08/2023 22:00:00 - 06/08/2023 23:00:00","BZN|PL","Without Sequence","53.70","",""
"06/08/2023 23:00:00 - 07/08/2023 00:00:00","BZN|PL","Without Sequence","43.92","",""
"07/08/2023 00:00:00 - 07/08/2023 01:00:00","BZN|PL","Without Sequence","41.04","",""
"07/08/2023 01:00:00 - 07/08/2023 02:00:00","BZN|PL","Without Sequence","41.04","",""
"07/08/2023 02:00:00 - 07/08/2023 03:00:00","BZN|PL","Without Sequence","41.04","",""
"07/08/2023 03:00:00 - 07/08/2023 04:00:00","BZN|PL","Without Sequence","40.94","",""
"07/08/2023 04:00:00 - 07/08/2023 05:00:00","BZN|PL","Without Sequence","66.22","",""
"07/08/2023 05:00:00 - 07/08/2023 06:00:00","BZN|PL","Without Sequence","72.38","",""
"07/08/2023 06:00:00 - 07/08/2023 07:00:00","BZN|PL","Without Sequence","69.84","",""
"07/08/2023 07:00:00 - 07/08/2023 08:00:00","BZN|PL","Without Sequence","78.86","",""
"07/08/2023 08:00:00 - 07/08/2023 09:00:00","BZN|PL","Without Sequence","86.78","",""
"07/08/2023 09:00:00 - 07/08/2023 10:00:00","BZN|PL","Without Sequence","86.84","",""
"07/08/2023 10:00:00 - 07/08/2023 11:00:00","BZN|PL","Without Sequence","85.09","",""
"07/08/2023 11:00:00 - 07/08/2023 12:00:00","BZN|PL","Without Sequence","84.45","",""
"07/08/2023 12:00:00 - 07/08/2023 13:00:00","BZN|PL","Without Sequence","86.15","",""
"07/08/2023 13:00:00 - 07/08/2023 14:00:00","BZN|PL","Without Sequence","86.77","",""
"07/08/2023 14:00:00 - 07/08/2023 15:00:00","BZN|PL","Without Sequence","85.13","",""
"07/08/2023 15:00:00 - 07/08/2023 16:00:00","BZN|PL","Without Sequence","77.70","",""
"07/08/2023 16:00:00 - 07/08/2023 17:00:00","BZN|PL","Without Sequence","78.96","",""
"07/08/2023 17:00:00 - 07/08/2023 18:00:00","BZN|PL","Without Sequence","78.83","",""
"07/08/2023 18:00:00 - 07/08/2023 19:00:00","BZN|PL","Without Sequence","90.12","",""
"07/08/2023 19:00:00 - 07/08/2023 20:00:00","BZN|PL","Without Sequence","73.70","",""
"07/08/2023 20:00:00 - 07/08/2023 21:00:00","BZN|PL","Without Sequence","69.73","",""
"07/08/2023 21:00:00 - 07/08/2023 22:00:00","BZN|PL","Without Sequence","44.02","",""
"07/08/2023 22:00:00 - 07/08/2023 23:00:00","BZN|PL","Without Sequence","14.69","",""
"07/08/2023 23:00:00 - 08/08/2023 00:00:00","BZN|PL","Without Sequence","11.54","",""
"08/08/2023 00:00:00 - 08/08/2023 01:00:00","BZN|PL","Without Sequence","11.36","",""
"08/08/2023 01:00:00 - 08/08/2023 02:00:00","BZN|PL","Without Sequence","11.38","",""
"08/08/2023 02:00:00 - 08/08/2023 03:00:00","BZN|PL","Without Sequence","12.43","",""
"08/08/2023 03:00:00 - 08/08/2023 04:00:00","BZN|PL","Without Sequence","11.82","",""
"08/08/2023 04:00:00 - 08/08/2023 05:00:00","BZN|PL","Without Sequence","30.71","",""
"08/08/2023 05:00:00 - 08/08/2023 06:00:00","BZN|PL","Without Sequence","14.86","",""
"08/08/2023 06:00:00 - 08/08/2023 07:00:00","BZN|PL","Without Sequence","22.56","",""
"08/08/2023 07:00:00 - 08/08/2023 08:00:00","BZN|PL","Without Sequence","22.70","",""
"08/08/2023 08:00:00 - 08/08/2023 09:00:00","BZN|PL","Without Sequence","18.05","",""
"08/08/2023 09:00:00 - 08/08/2023 10:00:00","BZN|PL","Without Sequence","20.23","",""
"08/08/2023 10:00:00 - 08/08/2023 11:00:00","BZN|PL","Without Sequence","22.24","",""
"08/08/2023 11:00:00 - 08/08/2023 12:00:00","BZN|PL","Without Sequence","22.58","",""
"08/08/2023 12:00:00 - 08/08/2023 13:00:00","BZN|PL","Without Sequence","18.06","",""
"08/08/2023 13:00:00 - 08/08/2023 14:00:00","BZN|PL","Without Sequence","27.10","",""
"08/08/2023 14:00:00 - 08/08/2023 15:00:00","BZN|PL","Without Sequence","50.84","",""
"08/08/2023 15:00:00 - 08/08/2023 16:00:00","BZN|PL","Without Sequence","71.13","",""
"08/08/2023 16:00:00 - 08/08/2023 17:00:00","BZN|PL","Without Sequence","90.82","",""
"08/08/2023 17:00:00 - 08/08/2023 18:00:00","BZN|PL","Without Sequence","95.14","",""
"08/08/2023 18:00:00 - 08/08/2023 19:00:00","BZN|PL","Without Sequence","97.33","",""
"08/08/2023 19:00:00 - 08/08/2023 20:00:00","BZN|PL","Without Sequence","90.88","",""
"08/08/2023 20:00:00 - 08/08/2023 21:00:00","BZN|PL","Without Sequence","87.15","",""
"08/08/2023 21:00:00 - 08/08/2023 22:00:00","BZN|PL","Without Sequence","59.44","",""
"08/08/2023 22:00:00 - 08/08/2023 23:00:00","BZN|PL","Without Sequence","83.41","",""
"08/08/2023 23:00:00 - 09/08/2023 00:00:00","BZN|PL","Without Sequence","80.93","",""
"09/08/2023 00:00:00 - 09/08/2023 01:00:00","BZN|PL","Without Sequence","80.95","",""
"09/08/2023 01:00:00 - 09/08/2023 02:00:00","BZN|PL","Without Sequence","80.90","",""
"09/08/2023 02:00:00 - 09/08/2023 03:00:00","BZN|PL","Without Sequence","79.63","",""
"09/08/2023 03:00:00 - 09/08/2023 04:00:00","BZN|PL","Without Sequence","83.95","",""
"09/08/2023 04:00:00 - 09/08/2023 05:00:00","BZN|PL","Without Sequence","98.16","",""
"09/08/2023 05:00:00 - 09/08/2023 06:00:00","BZN|PL","Without Sequence","105.70","",""
"09/08/2023 06:00:00 - 09/08/2023 07:00:00","BZN|PL","Without Sequence","106.44","",""
"09/08/2023 07:00:00 - 09/08/2023 08:00:00","BZN|PL","Without Sequence","97.90","",""
"09/08/2023 08:00:00 - 09/08/2023 09:00:00","BZN|PL","Without Sequence","95.18","",""
"09/08/2023 09:00:00 - 09/08/2023 10:00:00","BZN|PL","Without Sequence","91.28","",""
"09/08/2023 10:00:00 - 09/08/2023 11:00:00","BZN|PL","Without Sequence","102.99","",""
"09/08/2023 11:00:00 - 09/08/2023 12:00:00","BZN|PL","Without Sequence","105.51","",""
"09/08/2023 12:00:00 - 09/08/2023 13:00:00","BZN|PL","Without Sequence","105.22","",""
"09/08/2023 13:00:00 - 09/08/2023 14:00:00","BZN|PL","Without Sequence","102.87","",""
"09/08/2023 14:00:00 - 09/08/2023 15:00:00","BZN|PL","Without Sequence","110.57","",""
"09/08/2023 15:00:00 - 09/08/2023 16:00:00","BZN|PL","Without Sequence","129.72","",""
"09/08/2023 16:00:00 - 09/08/2023 17:00:00","BZN|PL","Without Sequence","138.23","",""
"09/08/2023 17:00:00 - 09/08/2023 18:00:00","BZN|PL","Without Sequence","124.00","",""
"09/08/2023 18:00:00 - 09/08/2023 19:00:00","BZN|PL","Without Sequence","146.62","",""
"09/08/2023 19:00:00 - 09/08/2023 20:00:00","BZN|PL","Without Sequence","135.38","",""
"09/08/2023 20:00:00 - 09/08/2023 21:00:00","BZN|PL","Without Sequence","122.47","",""
"09/08/2023 21:00:00 - 09/08/2023 22:00:00","BZN|PL","Without Sequence","106.91","",""
"09/08/2023 22:00:00 - 09/08/2023 23:00:00","BZN|PL","Without Sequence","96.27","",""
"09/08/2023 23:00:00 - 10/08/2023 00:00:00","BZN|PL","Without Sequence","94.48","",""
"10/08/2023 00:00:00 - 10/08/2023 01:00:00","BZN|PL","Without Sequence","95.14","",""
"10/08/2023 01:00:00 - 10/08/2023 02:00:00","BZN|PL","Without Sequence","95.14","",""
"10/08/2023 02:00:00 - 10/08/2023 03:00:00","BZN|PL","Without Sequence","94.81","",""
"10/08/2023 03:00:00 - 10/08/2023 04:00:00","BZN|PL","Without Sequence","97.50","",""
"10/08/2023 04:00:00 - 10/08/2023 05:00:00","BZN|PL","Without Sequence","118.77","",""
"10/08/2023 05:00:00 - 10/08/2023 06:00:00","BZN|PL","Without Sequence","159.63","",""
"10/08/2023 06:00:00 - 10/08/2023 07:00:00","BZN|PL","Without Sequence","133.47","",""
"10/08/2023 07:00:00 - 10/08/2023 08:00:00","BZN|PL","Without Sequence","123.29","",""
"10/08/2023 08:00:00 - 10/08/2023 09:00:00","BZN|PL","Without Sequence","95.32","",""
"10/08/2023 09:00:00 - 10/08/2023 10:00:00","BZN|PL","Without Sequence","93.51","",""
"10/08/2023 10:00:00 - 10/08/2023 11:00:00","BZN|PL","Without Sequence","94.61","",""
"10/08/2023 11:00:00 - 10/08/2023 12:00:00","BZN|PL","Without Sequence","94.61","",""
"10/08/2023 12:00:00 - 10/08/2023 13:00:00","BZN|PL","Without Sequence","95.32","",""
"10/08/2023 13:00:00 - 10/08/2023 14:00:00","BZN|PL","Without Sequence","107.18","",""
"10/08/2023 14:00:00 - 10/08/2023 15:00:00","BZN|PL","Without Sequence","105.51","",""
"10/08/2023 15:00:00 - 10/08/2023 16:00:00","BZN|PL","Without Sequence","131.24","",""
"10/08/2023 16:00:00 - 10/08/2023 17:00:00","BZN|PL","Without Sequence","145.15","",""
"10/08/2023 17:00:00 - 10/08/2023 18:00:00","BZN|PL","Without Sequence","160.13","",""
"10/08/2023 18:00:00 - 10/08/2023 19:00:00","BZN|PL","Without Sequence","162.49","",""
"10/08/2023 19:00:00 - 10/08/2023 20:00:00","BZN|PL","Without Sequence","155.91","",""
"10/08/2023 20:00:00 - 10/08/2023 21:00:00","BZN|PL","Without Sequence","141.20","",""
"10/08/2023 21:00:00 - 10/08/2023 22:00:00","BZN|PL","Without Sequence","126.12","",""
"10/08/2023 22:00:00 - 10/08/2023 23:00:00","BZN|PL","Without Sequence","109.91","",""
"10/08/2023 23:00:00 - 11/08/2023 00:00:00","BZN|PL","Without Sequence","106.28","",""
"11/08/2023 00:00:00 - 11/08/2023 01:00:00","BZN|PL","Without Sequence","104.79","",""
"11/08/2023 01:00:00 - 11/08/2023 02:00:00","BZN|PL","Without Sequence","104.80","",""
"11/08/2023 02:00:00 - 11/08/2023 03:00:00","BZN|PL","Without Sequence","104.80","",""
"11/08/2023 03:00:00 - 11/08/2023 04:00:00","BZN|PL","Without Sequence","105.93","",""
"11/08/2023 04:00:00 - 11/08/2023 05:00:00","BZN|PL","Without Sequence","121.50","",""
"11/08/2023 05:00:00 - 11/08/2023 06:00:00","BZN|PL","Without Sequence","127.71","",""
"11/08/2023 06:00:00 - 11/08/2023 07:00:00","BZN|PL","Without Sequence","109.45","",""
"11/08/2023 07:00:00 - 11/08/2023 08:00:00","BZN|PL","Without Sequence","107.61","",""
"11/08/2023 08:00:00 - 11/08/2023 09:00:00","BZN|PL","Without Sequence","104.56","",""
"11/08/2023 09:00:00 - 11/08/2023 10:00:00","BZN|PL","Without Sequence","104.54","",""
"11/08/2023 10:00:00 - 11/08/2023 11:00:00","BZN|PL","Without Sequence","104.56","",""
"11/08/2023 11:00:00 - 11/08/2023 12:00:00","BZN|PL","Without Sequence","104.30","",""
"11/08/2023 12:00:00 - 11/08/2023 13:00:00","BZN|PL","Without Sequence","104.80","",""
"11/08/2023 13:00:00 - 11/08/2023 14:00:00","BZN|PL","Without Sequence","106.28","",""
"11/08/2023 14:00:00 - 11/08/2023 15:00:00","BZN|PL","Without Sequence","109.44","",""
"11/08/2023 15:00:00 - 11/08/2023 16:00:00","BZN|PL","Without Sequence","109.14","",""
"11/08/2023 16:00:00 - 11/08/2023 17:00:00","BZN|PL","Without Sequence","124.10","",""
"11/08/2023 17:00:00 - 11/08/2023 18:00:00","BZN|PL","Without Sequence","139.69","",""
"11/08/2023 18:00:00 - 11/08/2023 19:00:00","BZN|PL","Without Sequence","152.20","",""
"11/08/2023 19:00:00 - 11/08/2023 20:00:00","BZN|PL","Without Sequence","135.56","",""
"11/08/2023 20:00:00 - 11/08/2023 21:00:00","BZN|PL","Without Sequence","117.48","",""
"11/08/2023 21:00:00 - 11/08/2023 22:00:00","BZN|PL","Without Sequence","104.75","",""
"11/08/2023 22:00:00 - 11/08/2023 23:00:00","BZN|PL","Without Sequence","103.54","",""
"11/08/2023 23:00:00 - 12/08/2023 00:00:00","BZN|PL","Without Sequence","97.91","",""
"12/08/2023 00:00:00 - 12/08/2023 01:00:00","BZN|PL","Without Sequence","97.09","",""
"12/08/2023 01:00:00 - 12/08/2023 02:00:00","BZN|PL","Without Sequence","94.67","",""
"12/08/2023 02:00:00 - 12/08/2023 03:00:00","BZN|PL","Without Sequence","93.91","",""
"12/08/2023 03:00:00 - 12/08/2023 04:00:00","BZN|PL","Without Sequence","93.44","",""
"12/08/2023 04:00:00 - 12/08/2023 05:00:00","BZN|PL","Without Sequence","88.59","",""
"12/08/2023 05:00:00 - 12/08/2023 06:00:00","BZN|PL","Without Sequence","89.75","",""
"12/08/2023 06:00:00 - 12/08/2023 07:00:00","BZN|PL","Without Sequence","93.45","",""
"12/08/2023 07:00:00 - 12/08/2023 08:00:00","BZN|PL","Without Sequence","79.37","",""
"12/08/2023 08:00:00 - 12/08/2023 09:00:00","BZN|PL","Without Sequence","58.45","",""
"12/08/2023 09:00:00 - 12/08/2023 10:00:00","BZN|PL","Without Sequence","48.90","",""
"12/08/2023 10:00:00 - 12/08/2023 11:00:00","BZN|PL","Without Sequence","48.84","",""
"12/08/2023 11:00:00 - 12/08/2023 12:00:00","BZN|PL","Without Sequence","48.86","",""
"12/08/2023 12:00:00 - 12/08/2023 13:00:00","BZN|PL","Without Sequence","48.88","",""
"12/08/2023 13:00:00 - 12/08/2023 14:00:00","BZN|PL","Without Sequence","56.10","",""
"12/08/2023 14:00:00 - 12/08/2023 15:00:00","BZN|PL","Without Sequence","96.20","",""
"12/08/2023 15:00:00 - 12/08/2023 16:00:00","BZN|PL","Without Sequence","106.39","",""
"12/08/2023 16:00:00 - 12/08/2023 17:00:00","BZN|PL","Without Sequence","105.77","",""
"12/08/2023 17:00:00 - 12/08/2023 18:00:00","BZN|PL","Without Sequence","106.47","",""
"12/08/2023 18:00:00 - 12/08/2023 19:00:00","BZN|PL","Without Sequence","110.23","",""
"12/08/2023 19:00:00 - 12/08/2023 20:00:00","BZN|PL","Without Sequence","108.46","",""
"12/08/2023 20:00:00 - 12/08/2023 21:00:00","BZN|PL","Without Sequence","107.53","",""
"12/08/2023 21:00:00 - 12/08/2023 22:00:00","BZN|PL","Without Sequence","97.99","",""
"12/08/2023 22:00:00 - 12/08/2023 23:00:00","BZN|PL","Without Sequence","90.10","",""
"12/08/2023 23:00:00 - 13/08/2023 00:00:00","BZN|PL","Without Sequence","82.83","",""
"13/08/2023 00:00:00 - 13/08/2023 01:00:00","BZN|PL","Without Sequence","78.80","",""
"13/08/2023 01:00:00 - 13/08/2023 02:00:00","BZN|PL","Without Sequence","79.68","",""
"13/08/2023 02:00:00 - 13/08/2023 03:00:00","BZN|PL","Without Sequence","79.69","",""
"13/08/2023 03:00:00 - 13/08/2023 04:00:00","BZN|PL","Without Sequence","79.68","",""
"13/08/2023 04:00:00 - 13/08/2023 05:00:00","BZN|PL","Without Sequence","75.79","",""
"13/08/2023 05:00:00 - 13/08/2023 06:00:00","BZN|PL","Without Sequence","62.54","",""
"13/08/2023 06:00:00 - 13/08/2023 07:00:00","BZN|PL","Without Sequence","48.72","",""
"13/08/2023 07:00:00 - 13/08/2023 08:00:00","BZN|PL","Without Sequence","47.23","",""
"13/08/2023 08:00:00 - 13/08/2023 09:00:00","BZN|PL","Without Sequence","34.00","",""
"13/08/2023 09:00:00 - 13/08/2023 10:00:00","BZN|PL","Without Sequence","27.84","",""
"13/08/2023 10:00:00 - 13/08/2023 11:00:00","BZN|PL","Without Sequence","29.38","",""
"13/08/2023 11:00:00 - 13/08/2023 12:00:00","BZN|PL","Without Sequence","31.12","",""
"13/08/2023 12:00:00 - 13/08/2023 13:00:00","BZN|PL","Without Sequence","47.53","",""
"13/08/2023 13:00:00 - 13/08/2023 14:00:00","BZN|PL","Without Sequence","49.99","",""
"13/08/2023 14:00:00 - 13/08/2023 15:00:00","BZN|PL","Without Sequence","87.24","",""
"13/08/2023 15:00:00 - 13/08/2023 16:00:00","BZN|PL","Without Sequence","107.52","",""
"13/08/2023 16:00:00 - 13/08/2023 17:00:00","BZN|PL","Without Sequence","107.51","",""
"13/08/2023 17:00:00 - 13/08/2023 18:00:00","BZN|PL","Without Sequence","107.36","",""
"13/08/2023 18:00:00 - 13/08/2023 19:00:00","BZN|PL","Without Sequence","109.96","",""
"13/08/2023 19:00:00 - 13/08/2023 20:00:00","BZN|PL","Without Sequence","109.69","",""
"13/08/2023 20:00:00 - 13/08/2023 21:00:00","BZN|PL","Without Sequence","107.97","",""
"13/08/2023 21:00:00 - 13/08/2023 22:00:00","BZN|PL","Without Sequence","104.91","",""
"13/08/2023 22:00:00 - 13/08/2023 23:00:00","BZN|PL","Without Sequence","107.58","",""
"13/08/2023 23:00:00 - 14/08/2023 00:00:00","BZN|PL","Without Sequence","107.77","",""
"14/08/2023 00:00:00 - 14/08/2023 01:00:00","BZN|PL","Without Sequence","107.54","",""
"14/08/2023 01:00:00 - 14/08/2023 02:00:00","BZN|PL","Without Sequence","106.89","",""
"14/08/2023 02:00:00 - 14/08/2023 03:00:00","BZN|PL","Without Sequence","107.56","",""
"14/08/2023 03:00:00 - 14/08/2023 04:00:00","BZN|PL","Without Sequence","104.93","",""
"14/08/2023 04:00:00 - 14/08/2023 05:00:00","BZN|PL","Without Sequence","101.99","",""
"14/08/2023 05:00:00 - 14/08/2023 06:00:00","BZN|PL","Without Sequence","103.70","",""
"14/08/2023 06:00:00 - 14/08/2023 07:00:00","BZN|PL","Without Sequence","101.38","",""
"14/08/2023 07:00:00 - 14/08/2023 08:00:00","BZN|PL","Without Sequence","89.36","",""
"14/08/2023 08:00:00 - 14/08/2023 09:00:00","BZN|PL","Without Sequence","65.89","",""
"14/08/2023 09:00:00 - 14/08/2023 10:00:00","BZN|PL","Without Sequence","64.29","",""
"14/08/2023 10:00:00 - 14/08/2023 11:00:00","BZN|PL","Without Sequence","63.34","",""
"14/08/2023 11:00:00 - 14/08/2023 12:00:00","BZN|PL","Without Sequence","64.23","",""
"14/08/2023 12:00:00 - 14/08/2023 13:00:00","BZN|PL","Without Sequence","67.49","",""
"14/08/2023 13:00:00 - 14/08/2023 14:00:00","BZN|PL","Without Sequence","94.95","",""
"14/08/2023 14:00:00 - 14/08/2023 15:00:00","BZN|PL","Without Sequence","107.57","",""
"14/08/2023 15:00:00 - 14/08/2023 16:00:00","BZN|PL","Without Sequence","107.59","",""
"14/08/2023 16:00:00 - 14/08/2023 17:00:00","BZN|PL","Without Sequence","120.89","",""
"14/08/2023 17:00:00 - 14/08/2023 18:00:00","BZN|PL","Without Sequence","145.12","",""
"14/08/2023 18:00:00 - 14/08/2023 19:00:00","BZN|PL","Without Sequence","146.70","",""
"14/08/2023 19:00:00 - 14/08/2023 20:00:00","BZN|PL","Without Sequence","130.48","",""
"14/08/2023 20:00:00 - 14/08/2023 21:00:00","BZN|PL","Without Sequence","110.99","",""
"14/08/2023 21:00:00 - 14/08/2023 22:00:00","BZN|PL","Without Sequence","106.44","",""
"14/08/2023 22:00:00 - 14/08/2023 23:00:00","BZN|PL","Without Sequence","99.60","",""
"14/08/2023 23:00:00 - 15/08/2023 00:00:00","BZN|PL","Without Sequence","101.23","",""
"15/08/2023 00:00:00 - 15/08/2023 01:00:00","BZN|PL","Without Sequence","92.57","",""
"15/08/2023 01:00:00 - 15/08/2023 02:00:00","BZN|PL","Without Sequence","94.00","",""
"15/08/2023 02:00:00 - 15/08/2023 03:00:00","BZN|PL","Without Sequence","93.32","",""
"15/08/2023 03:00:00 - 15/08/2023 04:00:00","BZN|PL","Without Sequence","87.93","",""
"15/08/2023 04:00:00 - 15/08/2023 05:00:00","BZN|PL","Without Sequence","78.91","",""
"15/08/2023 05:00:00 - 15/08/2023 06:00:00","BZN|PL","Without Sequence","78.91","",""
"15/08/2023 06:00:00 - 15/08/2023 07:00:00","BZN|PL","Without Sequence","67.84","",""
"15/08/2023 07:00:00 - 15/08/2023 08:00:00","BZN|PL","Without Sequence","63.12","",""
"15/08/2023 08:00:00 - 15/08/2023 09:00:00","BZN|PL","Without Sequence","34.03","",""
"15/08/2023 09:00:00 - 15/08/2023 10:00:00","BZN|PL","Without Sequence","33.93","",""
"15/08/2023 10:00:00 - 15/08/2023 11:00:00","BZN|PL","Without Sequence","28.62","",""
"15/08/2023 11:00:00 - 15/08/2023 12:00:00","BZN|PL","Without Sequence","22.89","",""
"15/08/2023 12:00:00 - 15/08/2023 13:00:00","BZN|PL","Without Sequence","23.54","",""
"15/08/2023 13:00:00 - 15/08/2023 14:00:00","BZN|PL","Without Sequence","45.85","",""
"15/08/2023 14:00:00 - 15/08/2023 15:00:00","BZN|PL","Without Sequence","70.26","",""
"15/08/2023 15:00:00 - 15/08/2023 16:00:00","BZN|PL","Without Sequence","102.39","",""
"15/08/2023 16:00:00 - 15/08/2023 17:00:00","BZN|PL","Without Sequence","107.78","",""
"15/08/2023 17:00:00 - 15/08/2023 18:00:00","BZN|PL","Without Sequence","109.40","",""
"15/08/2023 18:00:00 - 15/08/2023 19:00:00","BZN|PL","Without Sequence","109.51","",""
"15/08/2023 19:00:00 - 15/08/2023 20:00:00","BZN|PL","Without Sequence","109.53","",""
"15/08/2023 20:00:00 - 15/08/2023 21:00:00","BZN|PL","Without Sequence","108.39","",""
"15/08/2023 21:00:00 - 15/08/2023 22:00:00","BZN|PL","Without Sequence","107.89","",""
"15/08/2023 22:00:00 - 15/08/2023 23:00:00","BZN|PL","Without Sequence","107.11","",""
"15/08/2023 23:00:00 - 16/08/2023 00:00:00","BZN|PL","Without Sequence","107.41","",""
"16/08/2023 00:00:00 - 16/08/2023 01:00:00","BZN|PL","Without Sequence","107.41","",""
"16/08/2023 01:00:00 - 16/08/2023 02:00:00","BZN|PL","Without Sequence","107.46","",""
"16/08/2023 02:00:00 - 16/08/2023 03:00:00","BZN|PL","Without Sequence","107.47","",""
"16/08/2023 03:00:00 - 16/08/2023 04:00:00","BZN|PL","Without Sequence","107.13","",""
"16/08/2023 04:00:00 - 16/08/2023 05:00:00","BZN|PL","Without Sequence","110.07","",""
"16/08/2023 05:00:00 - 16/08/2023 06:00:00","BZN|PL","Without Sequence","110.02","",""
"16/08/2023 06:00:00 - 16/08/2023 07:00:00","BZN|PL","Without Sequence","109.40","",""
"16/08/2023 07:00:00 - 16/08/2023 08:00:00","BZN|PL","Without Sequence","108.54","",""
"16/08/2023 08:00:00 - 16/08/2023 09:00:00","BZN|PL","Without Sequence","103.64","",""
"16/08/2023 09:00:00 - 16/08/2023 10:00:00","BZN|PL","Without Sequence","103.85","",""
"16/08/2023 10:00:00 - 16/08/2023 11:00:00","BZN|PL","Without Sequence","104.59","",""
"16/08/2023 11:00:00 - 16/08/2023 12:00:00","BZN|PL","Without Sequence","106.53","",""
"16/08/2023 12:00:00 - 16/08/2023 13:00:00","BZN|PL","Without Sequence","107.38","",""
"16/08/2023 13:00:00 - 16/08/2023 14:00:00","BZN|PL","Without Sequence","107.51","",""
"16/08/2023 14:00:00 - 16/08/2023 15:00:00","BZN|PL","Without Sequence","108.50","",""
"16/08/2023 15:00:00 - 16/08/2023 16:00:00","BZN|PL","Without Sequence","116.15","",""
"16/08/2023 16:00:00 - 16/08/2023 17:00:00","BZN|PL","Without Sequence","131.15","",""
"16/08/2023 17:00:00 - 16/08/2023 18:00:00","BZN|PL","Without Sequence","156.03","",""
"16/08/2023 18:00:00 - 16/08/2023 19:00:00","BZN|PL","Without Sequence","159.35","",""
"16/08/2023 19:00:00 - 16/08/2023 20:00:00","BZN|PL","Without Sequence","136.10","",""
"16/08/2023 20:00:00 - 16/08/2023 21:00:00","BZN|PL","Without Sequence","124.08","",""
"16/08/2023 21:00:00 - 16/08/2023 22:00:00","BZN|PL","Without Sequence","107.50","",""
"16/08/2023 22:00:00 - 16/08/2023 23:00:00","BZN|PL","Without Sequence","104.88","",""
"16/08/2023 23:00:00 - 17/08/2023 00:00:00","BZN|PL","Without Sequence","104.01","",""
"17/08/2023 00:00:00 - 17/08/2023 01:00:00","BZN|PL","Without Sequence","107.97","",""
"17/08/2023 01:00:00 - 17/08/2023 02:00:00","BZN|PL","Without Sequence","105.00","",""
"17/08/2023 02:00:00 - 17/08/2023 03:00:00","BZN|PL","Without Sequence","102.88","",""
"17/08/2023 03:00:00 - 17/08/2023 04:00:00","BZN|PL","Without Sequence","101.34","",""
"17/08/2023 04:00:00 - 17/08/2023 05:00:00","BZN|PL","Without Sequence","124.49","",""
"17/08/2023 05:00:00 - 17/08/2023 06:00:00","BZN|PL","Without Sequence","136.43","",""
"17/08/2023 06:00:00 - 17/08/2023 07:00:00","BZN|PL","Without Sequence","135.07","",""
"17/08/2023 07:00:00 - 17/08/2023 08:00:00","BZN|PL","Without Sequence","117.13","",""
"17/08/2023 08:00:00 - 17/08/2023 09:00:00","BZN|PL","Without Sequence","110.58","",""
"17/08/2023 09:00:00 - 17/08/2023 10:00:00","BZN|PL","Without Sequence","109.92","",""
"17/08/2023 10:00:00 - 17/08/2023 11:00:00","BZN|PL","Without Sequence","109.88","",""
"17/08/2023 11:00:00 - 17/08/2023 12:00:00","BZN|PL","Without Sequence","109.89","",""
"17/08/2023 12:00:00 - 17/08/2023 13:00:00","BZN|PL","Without Sequence","109.87","",""
"17/08/2023 13:00:00 - 17/08/2023 14:00:00","BZN|PL","Without Sequence","109.86","",""
"17/08/2023 14:00:00 - 17/08/2023 15:00:00","BZN|PL","Without Sequence","112.07","",""
"17/08/2023 15:00:00 - 17/08/2023 16:00:00","BZN|PL","Without Sequence","112.92","",""
"17/08/2023 16:00:00 - 17/08/2023 17:00:00","BZN|PL","Without Sequence","130.49","",""
"17/08/2023 17:00:00 - 17/08/2023 18:00:00","BZN|PL","Without Sequence","150.20","",""
"17/08/2023 18:00:00 - 17/08/2023 19:00:00","BZN|PL","Without Sequence","148.96","",""
"17/08/2023 19:00:00 - 17/08/2023 20:00:00","BZN|PL","Without Sequence","129.77","",""
"17/08/2023 20:00:00 - 17/08/2023 21:00:00","BZN|PL","Without Sequence","116.63","",""
"17/08/2023 21:00:00 - 17/08/2023 22:00:00","BZN|PL","Without Sequence","108.05","",""
"17/08/2023 22:00:00 - 17/08/2023 23:00:00","BZN|PL","Without Sequence","105.06","",""
"17/08/2023 23:00:00 - 18/08/2023 00:00:00","BZN|PL","Without Sequence","101.40","",""
"18/08/2023 00:00:00 - 18/08/2023 01:00:00","BZN|PL","Without Sequence","100.77","",""
"18/08/2023 01:00:00 - 18/08/2023 02:00:00","BZN|PL","Without Sequence","100.66","",""
"18/08/2023 02:00:00 - 18/08/2023 03:00:00","BZN|PL","Without Sequence","100.82","",""
"18/08/2023 03:00:00 - 18/08/2023 04:00:00","BZN|PL","Without Sequence","103.33","",""
"18/08/2023 04:00:00 - 18/08/2023 05:00:00","BZN|PL","Without Sequence","119.32","",""
"18/08/2023 05:00:00 - 18/08/2023 06:00:00","BZN|PL","Without Sequence","137.61","",""
"18/08/2023 06:00:00 - 18/08/2023 07:00:00","BZN|PL","Without Sequence","123.02","",""
"18/08/2023 07:00:00 - 18/08/2023 08:00:00","BZN|PL","Without Sequence","115.25","",""
"18/08/2023 08:00:00 - 18/08/2023 09:00:00","BZN|PL","Without Sequence","110.96","",""
"18/08/2023 09:00:00 - 18/08/2023 10:00:00","BZN|PL","Without Sequence","110.51","",""
"18/08/2023 10:00:00 - 18/08/2023 11:00:00","BZN|PL","Without Sequence","110.16","",""
"18/08/2023 11:00:00 - 18/08/2023 12:00:00","BZN|PL","Without Sequence","110.59","",""
"18/08/2023 12:00:00 - 18/08/2023 13:00:00","BZN|PL","Without Sequence","110.57","",""
"18/08/2023 13:00:00 - 18/08/2023 14:00:00","BZN|PL","Without Sequence","99.82","",""
"18/08/2023 14:00:00 - 18/08/2023 15:00:00","BZN|PL","Without Sequence","102.77","",""
"18/08/2023 15:00:00 - 18/08/2023 16:00:00","BZN|PL","Without Sequence","113.36","",""
"18/08/2023 16:00:00 - 18/08/2023 17:00:00","BZN|PL","Without Sequence","134.43","",""
"18/08/2023 17:00:00 - 18/08/2023 18:00:00","BZN|PL","Without Sequence","158.52","",""
"18/08/2023 18:00:00 - 18/08/2023 19:00:00","BZN|PL","Without Sequence","155.35","",""
"18/08/2023 19:00:00 - 18/08/2023 20:00:00","BZN|PL","Without Sequence","127.38","",""
"18/08/2023 20:00:00 - 18/08/2023 21:00:00","BZN|PL","Without Sequence","109.05","",""
"18/08/2023 21:00:00 - 18/08/2023 22:00:00","BZN|PL","Without Sequence","110.54","",""
"18/08/2023 22:00:00 - 18/08/2023 23:00:00","BZN|PL","Without Sequence","109.74","",""
"18/08/2023 23:00:00 - 19/08/2023 00:00:00","BZN|PL","Without Sequence","105.77","",""
"19/08/2023 00:00:00 - 19/08/2023 01:00:00","BZN|PL","Without Sequence","108.19","",""
"19/08/2023 01:00:00 - 19/08/2023 02:00:00","BZN|PL","Without Sequence","109.45","",""
"19/08/2023 02:00:00 - 19/08/2023 03:00:00","BZN|PL","Without Sequence","108.26","",""
"19/08/2023 03:00:00 - 19/08/2023 04:00:00","BZN|PL","Without Sequence","104.96","",""
"19/08/2023 04:00:00 - 19/08/2023 05:00:00","BZN|PL","Without Sequence","104.76","",""
"19/08/2023 05:00:00 - 19/08/2023 06:00:00","BZN|PL","Without Sequence","110.32","",""
"19/08/2023 06:00:00 - 19/08/2023 07:00:00","BZN|PL","Without Sequence","111.12","",""
"19/08/2023 07:00:00 - 19/08/2023 08:00:00","BZN|PL","Without Sequence","105.07","",""
"19/08/2023 08:00:00 - 19/08/2023 09:00:00","BZN|PL","Without Sequence","75.89","",""
"19/08/2023 09:00:00 - 19/08/2023 10:00:00","BZN|PL","Without Sequence","74.07","",""
"19/08/2023 10:00:00 - 19/08/2023 11:00:00","BZN|PL","Without Sequence","72.39","",""
"19/08/2023 11:00:00 - 19/08/2023 12:00:00","BZN|PL","Without Sequence","72.72","",""
"19/08/2023 12:00:00 - 19/08/2023 13:00:00","BZN|PL","Without Sequence","75.92","",""
"19/08/2023 13:00:00 - 19/08/2023 14:00:00","BZN|PL","Without Sequence","101.14","",""
"19/08/2023 14:00:00 - 19/08/2023 15:00:00","BZN|PL","Without Sequence","111.14","",""
"19/08/2023 15:00:00 - 19/08/2023 16:00:00","BZN|PL","Without Sequence","111.05","",""
"19/08/2023 16:00:00 - 19/08/2023 17:00:00","BZN|PL","Without Sequence","115.51","",""
"19/08/2023 17:00:00 - 19/08/2023 18:00:00","BZN|PL","Without Sequence","131.87","",""
"19/08/2023 18:00:00 - 19/08/2023 19:00:00","BZN|PL","Without Sequence","134.75","",""
"19/08/2023 19:00:00 - 19/08/2023 20:00:00","BZN|PL","Without Sequence","132.61","",""
"19/08/2023 20:00:00 - 19/08/2023 21:00:00","BZN|PL","Without Sequence","123.71","",""
"19/08/2023 21:00:00 - 19/08/2023 22:00:00","BZN|PL","Without Sequence","112.54","",""
"19/08/2023 22:00:00 - 19/08/2023 23:00:00","BZN|PL","Without Sequence","113.99","",""
"19/08/2023 23:00:00 - 20/08/2023 00:00:00","BZN|PL","Without Sequence","110.59","",""
"20/08/2023 00:00:00 - 20/08/2023 01:00:00","BZN|PL","Without Sequence","105.17","",""
"20/08/2023 01:00:00 - 20/08/2023 02:00:00","BZN|PL","Without Sequence","105.04","",""
"20/08/2023 02:00:00 - 20/08/2023 03:00:00","BZN|PL","Without Sequence","103.26","",""
"20/08/2023 03:00:00 - 20/08/2023 04:00:00","BZN|PL","Without Sequence","105.12","",""
"20/08/2023 04:00:00 - 20/08/2023 05:00:00","BZN|PL","Without Sequence","105.23","",""
"20/08/2023 05:00:00 - 20/08/2023 06:00:00","BZN|PL","Without Sequence","99.69","",""
"20/08/2023 06:00:00 - 20/08/2023 07:00:00","BZN|PL","Without Sequence","98.99","",""
"20/08/2023 07:00:00 - 20/08/2023 08:00:00","BZN|PL","Without Sequence","86.62","",""
"20/08/2023 08:00:00 - 20/08/2023 09:00:00","BZN|PL","Without Sequence","74.14","",""
"20/08/2023 09:00:00 - 20/08/2023 10:00:00","BZN|PL","Without Sequence","54.24","",""
"20/08/2023 10:00:00 - 20/08/2023 11:00:00","BZN|PL","Without Sequence","52.11","",""
"20/08/2023 11:00:00 - 20/08/2023 12:00:00","BZN|PL","Without Sequence","57.46","",""
"20/08/2023 12:00:00 - 20/08/2023 13:00:00","BZN|PL","Without Sequence","60.52","",""
"20/08/2023 13:00:00 - 20/08/2023 14:00:00","BZN|PL","Without Sequence","68.84","",""
"20/08/2023 14:00:00 - 20/08/2023 15:00:00","BZN|PL","Without Sequence","97.22","",""
"20/08/2023 15:00:00 - 20/08/2023 16:00:00","BZN|PL","Without Sequence","110.45","",""
"20/08/2023 16:00:00 - 20/08/2023 17:00:00","BZN|PL","Without Sequence","112.00","",""
"20/08/2023 17:00:00 - 20/08/2023 18:00:00","BZN|PL","Without Sequence","120.83","",""
"20/08/2023 18:00:00 - 20/08/2023 19:00:00","BZN|PL","Without Sequence","134.49","",""
"20/08/2023 19:00:00 - 20/08/2023 20:00:00","BZN|PL","Without Sequence","134.26","",""
"20/08/2023 20:00:00 - 20/08/2023 21:00:00","BZN|PL","Without Sequence","125.12","",""
"20/08/2023 21:00:00 - 20/08/2023 22:00:00","BZN|PL","Without Sequence","111.95","",""
"20/08/2023 22:00:00 - 20/08/2023 23:00:00","BZN|PL","Without Sequence","111.95","",""
"20/08/2023 23:00:00 - 21/08/2023 00:00:00","BZN|PL","Without Sequence","110.57","",""
"21/08/2023 00:00:00 - 21/08/2023 01:00:00","BZN|PL","Without Sequence","110.56","",""
"21/08/2023 01:00:00 - 21/08/2023 02:00:00","BZN|PL","Without Sequence","110.56","",""
"21/08/2023 02:00:00 - 21/08/2023 03:00:00","BZN|PL","Without Sequence","107.47","",""
"21/08/2023 03:00:00 - 21/08/2023 04:00:00","BZN|PL","Without Sequence","106.17","",""
"21/08/2023 04:00:00 - 21/08/2023 05:00:00","BZN|PL","Without Sequence","136.21","",""
"21/08/2023 05:00:00 - 21/08/2023 06:00:00","BZN|PL","Without Sequence","143.15","",""
"21/08/2023 06:00:00 - 21/08/2023 07:00:00","BZN|PL","Without Sequence","133.47","",""
"21/08/2023 07:00:00 - 21/08/2023 08:00:00","BZN|PL","Without Sequence","114.81","",""
"21/08/2023 08:00:00 - 21/08/2023 09:00:00","BZN|PL","Without Sequence","109.77","",""
"21/08/2023 09:00:00 - 21/08/2023 10:00:00","BZN|PL","Without Sequence","110.20","",""
"21/08/2023 10:00:00 - 21/08/2023 11:00:00","BZN|PL","Without Sequence","107.53","",""
"21/08/2023 11:00:00 - 21/08/2023 12:00:00","BZN|PL","Without Sequence","108.67","",""
"21/08/2023 12:00:00 - 21/08/2023 13:00:00","BZN|PL","Without Sequence","107.51","",""
"21/08/2023 13:00:00 - 21/08/2023 14:00:00","BZN|PL","Without Sequence","107.97","",""
"21/08/2023 14:00:00 - 21/08/2023 15:00:00","BZN|PL","Without Sequence","108.42","",""
"21/08/2023 15:00:00 - 21/08/2023 16:00:00","BZN|PL","Without Sequence","119.07","",""
"21/08/2023 16:00:00 - 21/08/2023 17:00:00","BZN|PL","Without Sequence","144.47","",""
"21/08/2023 17:00:00 - 21/08/2023 18:00:00","BZN|PL","Without Sequence","187.71","",""
"21/08/2023 18:00:00 - 21/08/2023 19:00:00","BZN|PL","Without Sequence","201.12","",""
"21/08/2023 19:00:00 - 21/08/2023 20:00:00","BZN|PL","Without Sequence","169.00","",""
"21/08/2023 20:00:00 - 21/08/2023 21:00:00","BZN|PL","Without Sequence","136.01","",""
"21/08/2023 21:00:00 - 21/08/2023 22:00:00","BZN|PL","Without Sequence","115.00","",""
"21/08/2023 22:00:00 - 21/08/2023 23:00:00","BZN|PL","Without Sequence","113.69","",""
"21/08/2023 23:00:00 - 22/08/2023 00:00:00","BZN|PL","Without Sequence","104.91","",""
"22/08/2023 00:00:00 - 22/08/2023 01:00:00","BZN|PL","Without Sequence","104.95","",""
"22/08/2023 01:00:00 - 22/08/2023 02:00:00","BZN|PL","Without Sequence","104.94","",""
"22/08/2023 02:00:00 - 22/08/2023 03:00:00","BZN|PL","Without Sequence","105.84","",""
"22/08/2023 03:00:00 - 22/08/2023 04:00:00","BZN|PL","Without Sequence","112.39","",""
"22/08/2023 04:00:00 - 22/08/2023 05:00:00","BZN|PL","Without Sequence","135.63","",""
"22/08/2023 05:00:00 - 22/08/2023 06:00:00","BZN|PL","Without Sequence","149.83","",""
"22/08/2023 06:00:00 - 22/08/2023 07:00:00","BZN|PL","Without Sequence","136.92","",""
"22/08/2023 07:00:00 - 22/08/2023 08:00:00","BZN|PL","Without Sequence","115.91","",""
"22/08/2023 08:00:00 - 22/08/2023 09:00:00","BZN|PL","Without Sequence","111.46","",""
"22/08/2023 09:00:00 - 22/08/2023 10:00:00","BZN|PL","Without Sequence","111.31","",""
"22/08/2023 10:00:00 - 22/08/2023 11:00:00","BZN|PL","Without Sequence","111.32","",""
"22/08/2023 11:00:00 - 22/08/2023 12:00:00","BZN|PL","Without Sequence","111.50","",""
"22/08/2023 12:00:00 - 22/08/2023 13:00:00","BZN|PL","Without Sequence","112.11","",""
"22/08/2023 13:00:00 - 22/08/2023 14:00:00","BZN|PL","Without Sequence","123.03","",""
"22/08/2023 14:00:00 - 22/08/2023 15:00:00","BZN|PL","Without Sequence","149.98","",""
"22/08/2023 15:00:00 - 22/08/2023 16:00:00","BZN|PL","Without Sequence","159.08","",""
"22/08/2023 16:00:00 - 22/08/2023 17:00:00","BZN|PL","Without Sequence","170.07","",""
"22/08/2023 17:00:00 - 22/08/2023 18:00:00","BZN|PL","Without Sequence","202.27","",""
"22/08/2023 18:00:00 - 22/08/2023 19:00:00","BZN|PL","Without Sequence","210.07","",""
"22/08/2023 19:00:00 - 22/08/2023 20:00:00","BZN|PL","Without Sequence","172.45","",""
"22/08/2023 20:00:00 - 22/08/2023 21:00:00","BZN|PL","Without Sequence","145.80","",""
"22/08/2023 21:00:00 - 22/08/2023 22:00:00","BZN|PL","Without Sequence","127.60","",""
"22/08/2023 22:00:00 - 22/08/2023 23:00:00","BZN|PL","Without Sequence","123.89","",""
"22/08/2023 23:00:00 - 23/08/2023 00:00:00","BZN|PL","Without Sequence","112.67","",""
"23/08/2023 00:00:00 - 23/08/2023 01:00:00","BZN|PL","Without Sequence","109.90","",""
"23/08/2023 01:00:00 - 23/08/2023 02:00:00","BZN|PL","Without Sequence","106.40","",""
"23/08/2023 02:00:00 - 23/08/2023 03:00:00","BZN|PL","Without Sequence","110.14","",""
"23/08/2023 03:00:00 - 23/08/2023 04:00:00","BZN|PL","Without Sequence","115.26","",""
"23/08/2023 04:00:00 - 23/08/2023 05:00:00","BZN|PL","Without Sequence","140.96","",""
"23/08/2023 05:00:00 - 23/08/2023 06:00:00","BZN|PL","Without Sequence","151.35","",""
"23/08/2023 06:00:00 - 23/08/2023 07:00:00","BZN|PL","Without Sequence","132.01","",""
"23/08/2023 07:00:00 - 23/08/2023 08:00:00","BZN|PL","Without Sequence","112.39","",""
"23/08/2023 08:00:00 - 23/08/2023 09:00:00","BZN|PL","Without Sequence","114.12","",""
"23/08/2023 09:00:00 - 23/08/2023 10:00:00","BZN|PL","Without Sequence","112.37","",""
"23/08/2023 10:00:00 - 23/08/2023 11:00:00","BZN|PL","Without Sequence","113.12","",""
"23/08/2023 11:00:00 - 23/08/2023 12:00:00","BZN|PL","Without Sequence","112.17","",""
"23/08/2023 12:00:00 - 23/08/2023 13:00:00","BZN|PL","Without Sequence","114.11","",""
"23/08/2023 13:00:00 - 23/08/2023 14:00:00","BZN|PL","Without Sequence","123.13","",""
"23/08/2023 14:00:00 - 23/08/2023 15:00:00","BZN|PL","Without Sequence","136.03","",""
"23/08/2023 15:00:00 - 23/08/2023 16:00:00","BZN|PL","Without Sequence","159.14","",""
"23/08/2023 16:00:00 - 23/08/2023 17:00:00","BZN|PL","Without Sequence","207.21","",""
"23/08/2023 17:00:00 - 23/08/2023 18:00:00","BZN|PL","Without Sequence","211.35","",""
"23/08/2023 18:00:00 - 23/08/2023 19:00:00","BZN|PL","Without Sequence","212.65","",""
"23/08/2023 19:00:00 - 23/08/2023 20:00:00","BZN|PL","Without Sequence","211.79","",""
"23/08/2023 20:00:00 - 23/08/2023 21:00:00","BZN|PL","Without Sequence","172.82","",""
"23/08/2023 21:00:00 - 23/08/2023 22:00:00","BZN|PL","Without Sequence","138.67","",""
"23/08/2023 22:00:00 - 23/08/2023 23:00:00","BZN|PL","Without Sequence","133.82","",""
"23/08/2023 23:00:00 - 24/08/2023 00:00:00","BZN|PL","Without Sequence","124.95","",""
"24/08/2023 00:00:00 - 24/08/2023 01:00:00","BZN|PL","Without Sequence","118.05","",""
"24/08/2023 01:00:00 - 24/08/2023 02:00:00","BZN|PL","Without Sequence","114.17","",""
"24/08/2023 02:00:00 - 24/08/2023 03:00:00","BZN|PL","Without Sequence","120.41","",""
"24/08/2023 03:00:00 - 24/08/2023 04:00:00","BZN|PL","Without Sequence","132.89","",""
"24/08/2023 04:00:00 - 24/08/2023 05:00:00","BZN|PL","Without Sequence","162.65","",""
"24/08/2023 05:00:00 - 24/08/2023 06:00:00","BZN|PL","Without Sequence","164.19","",""
"24/08/2023 06:00:00 - 24/08/2023 07:00:00","BZN|PL","Without Sequence","151.70","",""
"24/08/2023 07:00:00 - 24/08/2023 08:00:00","BZN|PL","Without Sequence","131.46","",""
"24/08/2023 08:00:00 - 24/08/2023 09:00:00","BZN|PL","Without Sequence","114.71","",""
"24/08/2023 09:00:00 - 24/08/2023 10:00:00","BZN|PL","Without Sequence","109.43","",""
"24/08/2023 10:00:00 - 24/08/2023 11:00:00","BZN|PL","Without Sequence","110.29","",""
"24/08/2023 11:00:00 - 24/08/2023 12:00:00","BZN|PL","Without Sequence","113.90","",""
"24/08/2023 12:00:00 - 24/08/2023 13:00:00","BZN|PL","Without Sequence","120.13","",""
"24/08/2023 13:00:00 - 24/08/2023 14:00:00","BZN|PL","Without Sequence","126.51","",""
"24/08/2023 14:00:00 - 24/08/2023 15:00:00","BZN|PL","Without Sequence","157.61","",""
"24/08/2023 15:00:00 - 24/08/2023 16:00:00","BZN|PL","Without Sequence","176.81","",""
"24/08/2023 16:00:00 - 24/08/2023 17:00:00","BZN|PL","Without Sequence","209.61","",""
"24/08/2023 17:00:00 - 24/08/2023 18:00:00","BZN|PL","Without Sequence","211.96","",""
"24/08/2023 18:00:00 - 24/08/2023 19:00:00","BZN|PL","Without Sequence","216.18","",""
"24/08/2023 19:00:00 - 24/08/2023 20:00:00","BZN|PL","Without Sequence","204.37","",""
"24/08/2023 20:00:00 - 24/08/2023 21:00:00","BZN|PL","Without Sequence","163.73","",""
"24/08/2023 21:00:00 - 24/08/2023 22:00:00","BZN|PL","Without Sequence","133.84","",""
"24/08/2023 22:00:00 - 24/08/2023 23:00:00","BZN|PL","Without Sequence","105.24","",""
"24/08/2023 23:00:00 - 25/08/2023 00:00:00","BZN|PL","Without Sequence","108.98","",""
"25/08/2023 00:00:00 - 25/08/2023 01:00:00","BZN|PL","Without Sequence","118.07","",""
"25/08/2023 01:00:00 - 25/08/2023 02:00:00","BZN|PL","Without Sequence","118.04","",""
"25/08/2023 02:00:00 - 25/08/2023 03:00:00","BZN|PL","Without Sequence","118.21","",""
"25/08/2023 03:00:00 - 25/08/2023 04:00:00","BZN|PL","Without Sequence","106.49","",""
"25/08/2023 04:00:00 - 25/08/2023 05:00:00","BZN|PL","Without Sequence","124.22","",""
"25/08/2023 05:00:00 - 25/08/2023 06:00:00","BZN|PL","Without Sequence","135.12","",""
"25/08/2023 06:00:00 - 25/08/2023 07:00:00","BZN|PL","Without Sequence","137.73","",""
"25/08/2023 07:00:00 - 25/08/2023 08:00:00","BZN|PL","Without Sequence","129.03","",""
"25/08/2023 08:00:00 - 25/08/2023 09:00:00","BZN|PL","Without Sequence","116.67","",""
"25/08/2023 09:00:00 - 25/08/2023 10:00:00","BZN|PL","Without Sequence","110.55","",""
"25/08/2023 10:00:00 - 25/08/2023 11:00:00","BZN|PL","Without Sequence","108.14","",""
"25/08/2023 11:00:00 - 25/08/2023 12:00:00","BZN|PL","Without Sequence","108.64","",""
"25/08/2023 12:00:00 - 25/08/2023 13:00:00","BZN|PL","Without Sequence","119.20","",""
"25/08/2023 13:00:00 - 25/08/2023 14:00:00","BZN|PL","Without Sequence","145.30","",""
"25/08/2023 14:00:00 - 25/08/2023 15:00:00","BZN|PL","Without Sequence","146.41","",""
"25/08/2023 15:00:00 - 25/08/2023 16:00:00","BZN|PL","Without Sequence","170.12","",""
"25/08/2023 16:00:00 - 25/08/2023 17:00:00","BZN|PL","Without Sequence","205.23","",""
"25/08/2023 17:00:00 - 25/08/2023 18:00:00","BZN|PL","Without Sequence","209.45","",""
"25/08/2023 18:00:00 - 25/08/2023 19:00:00","BZN|PL","Without Sequence","203.87","",""
"25/08/2023 19:00:00 - 25/08/2023 20:00:00","BZN|PL","Without Sequence","184.72","",""
"25/08/2023 20:00:00 - 25/08/2023 21:00:00","BZN|PL","Without Sequence","143.94","",""
"25/08/2023 21:00:00 - 25/08/2023 22:00:00","BZN|PL","Without Sequence","115.87","",""
"25/08/2023 22:00:00 - 25/08/2023 23:00:00","BZN|PL","Without Sequence","109.90","",""
"25/08/2023 23:00:00 - 26/08/2023 00:00:00","BZN|PL","Without Sequence","104.10","",""
"26/08/2023 00:00:00 - 26/08/2023 01:00:00","BZN|PL","Without Sequence","101.91","",""
"26/08/2023 01:00:00 - 26/08/2023 02:00:00","BZN|PL","Without Sequence","99.52","",""
"26/08/2023 02:00:00 - 26/08/2023 03:00:00","BZN|PL","Without Sequence","98.45","",""
"26/08/2023 03:00:00 - 26/08/2023 04:00:00","BZN|PL","Without Sequence","98.45","",""
"26/08/2023 04:00:00 - 26/08/2023 05:00:00","BZN|PL","Without Sequence","95.48","",""
"26/08/2023 05:00:00 - 26/08/2023 06:00:00","BZN|PL","Without Sequence","96.50","",""
"26/08/2023 06:00:00 - 26/08/2023 07:00:00","BZN|PL","Without Sequence","106.54","",""
"26/08/2023 07:00:00 - 26/08/2023 08:00:00","BZN|PL","Without Sequence","107.61","",""
"26/08/2023 08:00:00 - 26/08/2023 09:00:00","BZN|PL","Without Sequence","100.82","",""
"26/08/2023 09:00:00 - 26/08/2023 10:00:00","BZN|PL","Without Sequence","97.03","",""
"26/08/2023 10:00:00 - 26/08/2023 11:00:00","BZN|PL","Without Sequence","95.13","",""
"26/08/2023 11:00:00 - 26/08/2023 12:00:00","BZN|PL","Without Sequence","95.29","",""
"26/08/2023 12:00:00 - 26/08/2023 13:00:00","BZN|PL","Without Sequence","95.22","",""
"26/08/2023 13:00:00 - 26/08/2023 14:00:00","BZN|PL","Without Sequence","101.85","",""
"26/08/2023 14:00:00 - 26/08/2023 15:00:00","BZN|PL","Without Sequence","111.98","",""
"26/08/2023 15:00:00 - 26/08/2023 16:00:00","BZN|PL","Without Sequence","134.41","",""
"26/08/2023 16:00:00 - 26/08/2023 17:00:00","BZN|PL","Without Sequence","169.63","",""
"26/08/2023 17:00:00 - 26/08/2023 18:00:00","BZN|PL","Without Sequence","170.68","",""
"26/08/2023 18:00:00 - 26/08/2023 19:00:00","BZN|PL","Without Sequence","167.80","",""
"26/08/2023 19:00:00 - 26/08/2023 20:00:00","BZN|PL","Without Sequence","141.77","",""
"26/08/2023 20:00:00 - 26/08/2023 21:00:00","BZN|PL","Without Sequence","122.98","",""
"26/08/2023 21:00:00 - 26/08/2023 22:00:00","BZN|PL","Without Sequence","110.63","",""
"26/08/2023 22:00:00 - 26/08/2023 23:00:00","BZN|PL","Without Sequence","102.39","",""
"26/08/2023 23:00:00 - 27/08/2023 00:00:00","BZN|PL","Without Sequence","98.68","",""
"27/08/2023 00:00:00 - 27/08/2023 01:00:00","BZN|PL","Without Sequence","96.78","",""
"27/08/2023 01:00:00 - 27/08/2023 02:00:00","BZN|PL","Without Sequence","95.74","",""
"27/08/2023 02:00:00 - 27/08/2023 03:00:00","BZN|PL","Without Sequence","98.60","",""
"27/08/2023 03:00:00 - 27/08/2023 04:00:00","BZN|PL","Without Sequence","97.46","",""
"27/08/2023 04:00:00 - 27/08/2023 05:00:00","BZN|PL","Without Sequence","98.74","",""
"27/08/2023 05:00:00 - 27/08/2023 06:00:00","BZN|PL","Without Sequence","105.32","",""
"27/08/2023 06:00:00 - 27/08/2023 07:00:00","BZN|PL","Without Sequence","106.67","",""
"27/08/2023 07:00:00 - 27/08/2023 08:00:00","BZN|PL","Without Sequence","106.67","",""
"27/08/2023 08:00:00 - 27/08/2023 09:00:00","BZN|PL","Without Sequence","106.68","",""
"27/08/2023 09:00:00 - 27/08/2023 10:00:00","BZN|PL","Without Sequence","106.67","",""
"27/08/2023 10:00:00 - 27/08/2023 11:00:00","BZN|PL","Without Sequence","106.67","",""
"27/08/2023 11:00:00 - 27/08/2023 12:00:00","BZN|PL","Without Sequence","106.66","",""
"27/08/2023 12:00:00 - 27/08/2023 13:00:00","BZN|PL","Without Sequence","106.73","",""
"27/08/2023 13:00:00 - 27/08/2023 14:00:00","BZN|PL","Without Sequence","106.81","",""
"27/08/2023 14:00:00 - 27/08/2023 15:00:00","BZN|PL","Without Sequence","101.02","",""
"27/08/2023 15:00:00 - 27/08/2023 16:00:00","BZN|PL","Without Sequence","106.57","",""
"27/08/2023 16:00:00 - 27/08/2023 17:00:00","BZN|PL","Without Sequence","124.03","",""
"27/08/2023 17:00:00 - 27/08/2023 18:00:00","BZN|PL","Without Sequence","145.68","",""
"27/08/2023 18:00:00 - 27/08/2023 19:00:00","BZN|PL","Without Sequence","153.49","",""
"27/08/2023 19:00:00 - 27/08/2023 20:00:00","BZN|PL","Without Sequence","133.28","",""
"27/08/2023 20:00:00 - 27/08/2023 21:00:00","BZN|PL","Without Sequence","119.00","",""
"27/08/2023 21:00:00 - 27/08/2023 22:00:00","BZN|PL","Without Sequence","102.99","",""
"27/08/2023 22:00:00 - 27/08/2023 23:00:00","BZN|PL","Without Sequence","100.41","",""
"27/08/2023 23:00:00 - 28/08/2023 00:00:00","BZN|PL","Without Sequence","95.68","",""
"28/08/2023 00:00:00 - 28/08/2023 01:00:00","BZN|PL","Without Sequence","92.55","",""
"28/08/2023 01:00:00 - 28/08/2023 02:00:00","BZN|PL","Without Sequence","90.42","",""
"28/08/2023 02:00:00 - 28/08/2023 03:00:00","BZN|PL","Without Sequence","93.01","",""
"28/08/2023 03:00:00 - 28/08/2023 04:00:00","BZN|PL","Without Sequence","93.00","",""
"28/08/2023 04:00:00 - 28/08/2023 05:00:00","BZN|PL","Without Sequence","111.24","",""
"28/08/2023 05:00:00 - 28/08/2023 06:00:00","BZN|PL","Without Sequence","141.75","",""
"28/08/2023 06:00:00 - 28/08/2023 07:00:00","BZN|PL","Without Sequence","145.64","",""
"28/08/2023 07:00:00 - 28/08/2023 08:00:00","BZN|PL","Without Sequence","133.17","",""
"28/08/2023 08:00:00 - 28/08/2023 09:00:00","BZN|PL","Without Sequence","123.42","",""
"28/08/2023 09:00:00 - 28/08/2023 10:00:00","BZN|PL","Without Sequence","124.73","",""
"28/08/2023 10:00:00 - 28/08/2023 11:00:00","BZN|PL","Without Sequence","134.60","",""
"28/08/2023 11:00:00 - 28/08/2023 12:00:00","BZN|PL","Without Sequence","145.75","",""
"28/08/2023 12:00:00 - 28/08/2023 13:00:00","BZN|PL","Without Sequence","134.64","",""
"28/08/2023 13:00:00 - 28/08/2023 14:00:00","BZN|PL","Without Sequence","145.81","",""
"28/08/2023 14:00:00 - 28/08/2023 15:00:00","BZN|PL","Without Sequence","164.69","",""
"28/08/2023 15:00:00 - 28/08/2023 16:00:00","BZN|PL","Without Sequence","179.25","",""
"28/08/2023 16:00:00 - 28/08/2023 17:00:00","BZN|PL","Without Sequence","180.34","",""
"28/08/2023 17:00:00 - 28/08/2023 18:00:00","BZN|PL","Without Sequence","208.52","",""
"28/08/2023 18:00:00 - 28/08/2023 19:00:00","BZN|PL","Without Sequence","203.92","",""
"28/08/2023 19:00:00 - 28/08/2023 20:00:00","BZN|PL","Without Sequence","146.68","",""
"28/08/2023 20:00:00 - 28/08/2023 21:00:00","BZN|PL","Without Sequence","123.72","",""
"28/08/2023 21:00:00 - 28/08/2023 22:00:00","BZN|PL","Without Sequence","107.94","",""
"28/08/2023 22:00:00 - 28/08/2023 23:00:00","BZN|PL","Without Sequence","114.30","",""
"28/08/2023 23:00:00 - 29/08/2023 00:00:00","BZN|PL","Without Sequence","122.72","",""
"29/08/2023 00:00:00 - 29/08/2023 01:00:00","BZN|PL","Without Sequence","115.11","",""
"29/08/2023 01:00:00 - 29/08/2023 02:00:00","BZN|PL","Without Sequence","115.75","",""
"29/08/2023 02:00:00 - 29/08/2023 03:00:00","BZN|PL","Without Sequence","113.77","",""
"29/08/2023 03:00:00 - 29/08/2023 04:00:00","BZN|PL","Without Sequence","111.84","",""
"29/08/2023 04:00:00 - 29/08/2023 05:00:00","BZN|PL","Without Sequence","121.47","",""
"29/08/2023 05:00:00 - 29/08/2023 06:00:00","BZN|PL","Without Sequence","145.35","",""
"29/08/2023 06:00:00 - 29/08/2023 07:00:00","BZN|PL","Without Sequence","154.52","",""
"29/08/2023 07:00:00 - 29/08/2023 08:00:00","BZN|PL","Without Sequence","150.16","",""
"29/08/2023 08:00:00 - 29/08/2023 09:00:00","BZN|PL","Without Sequence","131.19","",""
"29/08/2023 09:00:00 - 29/08/2023 10:00:00","BZN|PL","Without Sequence","116.53","",""
"29/08/2023 10:00:00 - 29/08/2023 11:00:00","BZN|PL","Without Sequence","110.93","",""
"29/08/2023 11:00:00 - 29/08/2023 12:00:00","BZN|PL","Without Sequence","107.48","",""
"29/08/2023 12:00:00 - 29/08/2023 13:00:00","BZN|PL","Without Sequence","113.18","",""
"29/08/2023 13:00:00 - 29/08/2023 14:00:00","BZN|PL","Without Sequence","133.00","",""
"29/08/2023 14:00:00 - 29/08/2023 15:00:00","BZN|PL","Without Sequence","141.40","",""
"29/08/2023 15:00:00 - 29/08/2023 16:00:00","BZN|PL","Without Sequence","162.11","",""
"29/08/2023 16:00:00 - 29/08/2023 17:00:00","BZN|PL","Without Sequence","161.93","",""
"29/08/2023 17:00:00 - 29/08/2023 18:00:00","BZN|PL","Without Sequence","182.19","",""
"29/08/2023 18:00:00 - 29/08/2023 19:00:00","BZN|PL","Without Sequence","176.65","",""
"29/08/2023 19:00:00 - 29/08/2023 20:00:00","BZN|PL","Without Sequence","136.68","",""
"29/08/2023 20:00:00 - 29/08/2023 21:00:00","BZN|PL","Without Sequence","122.08","",""
"29/08/2023 21:00:00 - 29/08/2023 22:00:00","BZN|PL","Without Sequence","102.81","",""
"29/08/2023 22:00:00 - 29/08/2023 23:00:00","BZN|PL","Without Sequence","100.12","",""
"29/08/2023 23:00:00 - 30/08/2023 00:00:00","BZN|PL","Without Sequence","105.14","",""
"30/08/2023 00:00:00 - 30/08/2023 01:00:00","BZN|PL","Without Sequence","109.58","",""
"30/08/2023 01:00:00 - 30/08/2023 02:00:00","BZN|PL","Without Sequence","107.08","",""
"30/08/2023 02:00:00 - 30/08/2023 03:00:00","BZN|PL","Without Sequence","103.18","",""
"30/08/2023 03:00:00 - 30/08/2023 04:00:00","BZN|PL","Without Sequence","97.43","",""
"30/08/2023 04:00:00 - 30/08/2023 05:00:00","BZN|PL","Without Sequence","127.16","",""
"30/08/2023 05:00:00 - 30/08/2023 06:00:00","BZN|PL","Without Sequence","143.23","",""
"30/08/2023 06:00:00 - 30/08/2023 07:00:00","BZN|PL","Without Sequence","140.81","",""
"30/08/2023 07:00:00 - 30/08/2023 08:00:00","BZN|PL","Without Sequence","124.90","",""
"30/08/2023 08:00:00 - 30/08/2023 09:00:00","BZN|PL","Without Sequence","114.37","",""
"30/08/2023 09:00:00 - 30/08/2023 10:00:00","BZN|PL","Without Sequence","123.04","",""
"30/08/2023 10:00:00 - 30/08/2023 11:00:00","BZN|PL","Without Sequence","118.16","",""
"30/08/2023 11:00:00 - 30/08/2023 12:00:00","BZN|PL","Without Sequence","112.97","",""
"30/08/2023 12:00:00 - 30/08/2023 13:00:00","BZN|PL","Without Sequence","113.17","",""
"30/08/2023 13:00:00 - 30/08/2023 14:00:00","BZN|PL","Without Sequence","125.14","",""
"30/08/2023 14:00:00 - 30/08/2023 15:00:00","BZN|PL","Without Sequence","146.09","",""
"30/08/2023 15:00:00 - 30/08/2023 16:00:00","BZN|PL","Without Sequence","143.17","",""
"30/08/2023 16:00:00 - 30/08/2023 17:00:00","BZN|PL","Without Sequence","144.09","",""
"30/08/2023 17:00:00 - 30/08/2023 18:00:00","BZN|PL","Without Sequence","182.25","",""
"30/08/2023 18:00:00 - 30/08/2023 19:00:00","BZN|PL","Without Sequence","174.49","",""
"30/08/2023 19:00:00 - 30/08/2023 20:00:00","BZN|PL","Without Sequence","138.11","",""
"30/08/2023 20:00:00 - 30/08/2023 21:00:00","BZN|PL","Without Sequence","119.49","",""
"30/08/2023 21:00:00 - 30/08/2023 22:00:00","BZN|PL","Without Sequence","107.50","",""
"30/08/2023 22:00:00 - 30/08/2023 23:00:00","BZN|PL","Without Sequence","96.38","",""
"30/08/2023 23:00:00 - 31/08/2023 00:00:00","BZN|PL","Without Sequence","91.76","",""
"31/08/2023 00:00:00 - 31/08/2023 01:00:00","BZN|PL","Without Sequence","91.43","",""
"31/08/2023 01:00:00 - 31/08/2023 02:00:00","BZN|PL","Without Sequence","91.70","",""
"31/08/2023 02:00:00 - 31/08/2023 03:00:00","BZN|PL","Without Sequence","100.47","",""
"31/08/2023 03:00:00 - 31/08/2023 04:00:00","BZN|PL","Without Sequence","103.29","",""
"31/08/2023 04:00:00 - 31/08/2023 05:00:00","BZN|PL","Without Sequence","134.38","",""
"31/08/2023 05:00:00 - 31/08/2023 06:00:00","BZN|PL","Without Sequence","149.91","",""
"31/08/2023 06:00:00 - 31/08/2023 07:00:00","BZN|PL","Without Sequence","158.77","",""
"31/08/2023 07:00:00 - 31/08/2023 08:00:00","BZN|PL","Without Sequence","140.89","",""
"31/08/2023 08:00:00 - 31/08/2023 09:00:00","BZN|PL","Without Sequence","119.27","",""
"31/08/2023 09:00:00 - 31/08/2023 10:00:00","BZN|PL","Without Sequence","100.71","",""
"31/08/2023 10:00:00 - 31/08/2023 11:00:00","BZN|PL","Without Sequence","100.69","",""
"31/08/2023 11:00:00 - 31/08/2023 12:00:00","BZN|PL","Without Sequence","96.71","",""
"31/08/2023 12:00:00 - 31/08/2023 13:00:00","BZN|PL","Without Sequence","100.74","",""
"31/08/2023 13:00:00 - 31/08/2023 14:00:00","BZN|PL","Without Sequence","102.96","",""
"31/08/2023 14:00:00 - 31/08/2023 15:00:00","BZN|PL","Without Sequence","115.42","",""
"31/08/2023 15:00:00 - 31/08/2023 16:00:00","BZN|PL","Without Sequence","137.61","",""
"31/08/2023 16:00:00 - 31/08/2023 17:00:00","BZN|PL","Without Sequence","156.80","",""
"31/08/2023 17:00:00 - 31/08/2023 18:00:00","BZN|PL","Without Sequence","169.03","",""
"31/08/2023 18:00:00 - 31/08/2023 19:00:00","BZN|PL","Without Sequence","164.30","",""
"31/08/2023 19:00:00 - 31/08/2023 20:00:00","BZN|PL","Without Sequence","135.57","",""
"31/08/2023 20:00:00 - 31/08/2023 21:00:00","BZN|PL","Without Sequence","107.42","",""
"31/08/2023 21:00:00 - 31/08/2023 22:00:00","BZN|PL","Without Sequence","96.89","",""
"31/08/2023 22:00:00 - 31/08/2023 23:00:00","BZN|PL","Without Sequence","100.74","",""
"31/08/2023 23:00:00 - 01/09/2023 00:00:00","BZN|PL","Without Sequence","99.78","",""
"01/09/2023 00:00:00 - 01/09/2023 01:00:00","BZN|PL","Without Sequence","93.29","",""
"01/09/2023 01:00:00 - 01/09/2023 02:00:00","BZN|PL","Without Sequence","93.25","",""
"01/09/2023 02:00:00 - 01/09/2023 03:00:00","BZN|PL","Without Sequence","93.23","",""
"01/09/2023 03:00:00 - 01/09/2023 04:00:00","BZN|PL","Without Sequence","104.10","",""
"01/09/2023 04:00:00 - 01/09/2023 05:00:00","BZN|PL","Without Sequence","112.09","",""
"01/09/2023 05:00:00 - 01/09/2023 06:00:00","BZN|PL","Without Sequence","123.62","",""
"01/09/2023 06:00:00 - 01/09/2023 07:00:00","BZN|PL","Without Sequence","126.32","",""
"01/09/2023 07:00:00 - 01/09/2023 08:00:00","BZN|PL","Without Sequence","108.83","",""
"01/09/2023 08:00:00 - 01/09/2023 09:00:00","BZN|PL","Without Sequence","99.77","",""
"01/09/2023 09:00:00 - 01/09/2023 10:00:00","BZN|PL","Without Sequence","96.52","",""
"01/09/2023 10:00:00 - 01/09/2023 11:00:00","BZN|PL","Without Sequence","92.02","",""
"01/09/2023 11:00:00 - 01/09/2023 12:00:00","BZN|PL","Without Sequence","88.90","",""
"01/09/2023 12:00:00 - 01/09/2023 13:00:00","BZN|PL","Without Sequence","88.82","",""
"01/09/2023 13:00:00 - 01/09/2023 14:00:00","BZN|PL","Without Sequence","99.64","",""
"01/09/2023 14:00:00 - 01/09/2023 15:00:00","BZN|PL","Without Sequence","106.75","",""
"01/09/2023 15:00:00 - 01/09/2023 16:00:00","BZN|PL","Without Sequence","120.93","",""
"01/09/2023 16:00:00 - 01/09/2023 17:00:00","BZN|PL","Without Sequence","163.61","",""
"01/09/2023 17:00:00 - 01/09/2023 18:00:00","BZN|PL","Without Sequence","199.14","",""
"01/09/2023 18:00:00 - 01/09/2023 19:00:00","BZN|PL","Without Sequence","180.43","",""
"01/09/2023 19:00:00 - 01/09/2023 20:00:00","BZN|PL","Without Sequence","135.03","",""
"01/09/2023 20:00:00 - 01/09/2023 21:00:00","BZN|PL","Without Sequence","118.56","",""
"01/09/2023 21:00:00 - 01/09/2023 22:00:00","BZN|PL","Without Sequence","114.65","",""
"01/09/2023 22:00:00 - 01/09/2023 23:00:00","BZN|PL","Without Sequence","116.33","",""
"01/09/2023 23:00:00 - 02/09/2023 00:00:00","BZN|PL","Without Sequence","106.50","",""
"02/09/2023 00:00:00 - 02/09/2023 01:00:00","BZN|PL","Without Sequence","106.29","",""
"02/09/2023 01:00:00 - 02/09/2023 02:00:00","BZN|PL","Without Sequence","106.47","",""
"02/09/2023 02:00:00 - 02/09/2023 03:00:00","BZN|PL","Without Sequence","106.50","",""
"02/09/2023 03:00:00 - 02/09/2023 04:00:00","BZN|PL","Without Sequence","107.64","",""
"02/09/2023 04:00:00 - 02/09/2023 05:00:00","BZN|PL","Without Sequence","107.13","",""
"02/09/2023 05:00:00 - 02/09/2023 06:00:00","BZN|PL","Without Sequence","101.09","",""
"02/09/2023 06:00:00 - 02/09/2023 07:00:00","BZN|PL","Without Sequence","106.39","",""
"02/09/2023 07:00:00 - 02/09/2023 08:00:00","BZN|PL","Without Sequence","94.58","",""
"02/09/2023 08:00:00 - 02/09/2023 09:00:00","BZN|PL","Without Sequence","89.77","",""
"02/09/2023 09:00:00 - 02/09/2023 10:00:00","BZN|PL","Without Sequence","79.90","",""
"02/09/2023 10:00:00 - 02/09/2023 11:00:00","BZN|PL","Without Sequence","76.00","",""
"02/09/2023 11:00:00 - 02/09/2023 12:00:00","BZN|PL","Without Sequence","73.73","",""
"02/09/2023 12:00:00 - 02/09/2023 13:00:00","BZN|PL","Without Sequence","73.75","",""
"02/09/2023 13:00:00 - 02/09/2023 14:00:00","BZN|PL","Without Sequence","92.94","",""
"02/09/2023 14:00:00 - 02/09/2023 15:00:00","BZN|PL","Without Sequence","106.77","",""
"02/09/2023 15:00:00 - 02/09/2023 16:00:00","BZN|PL","Without Sequence","121.56","",""
"02/09/2023 16:00:00 - 02/09/2023 17:00:00","BZN|PL","Without Sequence","134.41","",""
"02/09/2023 17:00:00 - 02/09/2023 18:00:00","BZN|PL","Without Sequence","127.51","",""
"02/09/2023 18:00:00 - 02/09/2023 19:00:00","BZN|PL","Without Sequence","133.06","",""
"02/09/2023 19:00:00 - 02/09/2023 20:00:00","BZN|PL","Without Sequence","130.19","",""
"02/09/2023 20:00:00 - 02/09/2023 21:00:00","BZN|PL","Without Sequence","105.64","",""
"02/09/2023 21:00:00 - 02/09/2023 22:00:00","BZN|PL","Without Sequence","97.34","",""
"02/09/2023 22:00:00 - 02/09/2023 23:00:00","BZN|PL","Without Sequence","105.28","",""
"02/09/2023 23:00:00 - 03/09/2023 00:00:00","BZN|PL","Without Sequence","101.01","",""
"03/09/2023 00:00:00 - 03/09/2023 01:00:00","BZN|PL","Without Sequence","101.37","",""
"03/09/2023 01:00:00 - 03/09/2023 02:00:00","BZN|PL","Without Sequence","100.80","",""
"03/09/2023 02:00:00 - 03/09/2023 03:00:00","BZN|PL","Without Sequence","99.80","",""
"03/09/2023 03:00:00 - 03/09/2023 04:00:00","BZN|PL","Without Sequence","98.31","",""
"03/09/2023 04:00:00 - 03/09/2023 05:00:00","BZN|PL","Without Sequence","100.80","",""
"03/09/2023 05:00:00 - 03/09/2023 06:00:00","BZN|PL","Without Sequence","106.18","",""
"03/09/2023 06:00:00 - 03/09/2023 07:00:00","BZN|PL","Without Sequence","106.17","",""
"03/09/2023 07:00:00 - 03/09/2023 08:00:00","BZN|PL","Without Sequence","90.67","",""
"03/09/2023 08:00:00 - 03/09/2023 09:00:00","BZN|PL","Without Sequence","65.52","",""
"03/09/2023 09:00:00 - 03/09/2023 10:00:00","BZN|PL","Without Sequence","51.59","",""
"03/09/2023 10:00:00 - 03/09/2023 11:00:00","BZN|PL","Without Sequence","50.62","",""
"03/09/2023 11:00:00 - 03/09/2023 12:00:00","BZN|PL","Without Sequence","33.60","",""
"03/09/2023 12:00:00 - 03/09/2023 13:00:00","BZN|PL","Without Sequence","29.12","",""
"03/09/2023 13:00:00 - 03/09/2023 14:00:00","BZN|PL","Without Sequence","50.59","",""
"03/09/2023 14:00:00 - 03/09/2023 15:00:00","BZN|PL","Without Sequence","71.03","",""
"03/09/2023 15:00:00 - 03/09/2023 16:00:00","BZN|PL","Without Sequence","101.00","",""
"03/09/2023 16:00:00 - 03/09/2023 17:00:00","BZN|PL","Without Sequence","109.24","",""
"03/09/2023 17:00:00 - 03/09/2023 18:00:00","BZN|PL","Without Sequence","124.30","",""
"03/09/2023 18:00:00 - 03/09/2023 19:00:00","BZN|PL","Without Sequence","137.40","",""
"03/09/2023 19:00:00 - 03/09/2023 20:00:00","BZN|PL","Without Sequence","118.94","",""
"03/09/2023 20:00:00 - 03/09/2023 21:00:00","BZN|PL","Without Sequence","109.59","",""
"03/09/2023 21:00:00 - 03/09/2023 22:00:00","BZN|PL","Without Sequence","100.98","",""
"03/09/2023 22:00:00 - 03/09/2023 23:00:00","BZN|PL","Without Sequence","106.22","",""
"03/09/2023 23:00:00 - 04/09/2023 00:00:00","BZN|PL","Without Sequence","106.29","",""
"04/09/2023 00:00:00 - 04/09/2023 01:00:00","BZN|PL","Without Sequence","106.60","",""
"04/09/2023 01:00:00 - 04/09/2023 02:00:00","BZN|PL","Without Sequence","106.60","",""
"04/09/2023 02:00:00 - 04/09/2023 03:00:00","BZN|PL","Without Sequence","106.25","",""
"04/09/2023 03:00:00 - 04/09/2023 04:00:00","BZN|PL","Without Sequence","101.64","",""
"04/09/2023 04:00:00 - 04/09/2023 05:00:00","BZN|PL","Without Sequence","133.01","",""
"04/09/2023 05:00:00 - 04/09/2023 06:00:00","BZN|PL","Without Sequence","145.59","",""
"04/09/2023 06:00:00 - 04/09/2023 07:00:00","BZN|PL","Without Sequence","129.50","",""
"04/09/2023 07:00:00 - 04/09/2023 08:00:00","BZN|PL","Without Sequence","109.36","",""
"04/09/2023 08:00:00 - 04/09/2023 09:00:00","BZN|PL","Without Sequence","106.34","",""
"04/09/2023 09:00:00 - 04/09/2023 10:00:00","BZN|PL","Without Sequence","106.65","",""
"04/09/2023 10:00:00 - 04/09/2023 11:00:00","BZN|PL","Without Sequence","106.31","",""
"04/09/2023 11:00:00 - 04/09/2023 12:00:00","BZN|PL","Without Sequence","106.40","",""
"04/09/2023 12:00:00 - 04/09/2023 13:00:00","BZN|PL","Without Sequence","106.68","",""
"04/09/2023 13:00:00 - 04/09/2023 14:00:00","BZN|PL","Without Sequence","107.27","",""
"04/09/2023 14:00:00 - 04/09/2023 15:00:00","BZN|PL","Without Sequence","109.46","",""
"04/09/2023 15:00:00 - 04/09/2023 16:00:00","BZN|PL","Without Sequence","156.80","",""
"04/09/2023 16:00:00 - 04/09/2023 17:00:00","BZN|PL","Without Sequence","170.08","",""
"04/09/2023 17:00:00 - 04/09/2023 18:00:00","BZN|PL","Without Sequence","197.12","",""
"04/09/2023 18:00:00 - 04/09/2023 19:00:00","BZN|PL","Without Sequence","186.78","",""
"04/09/2023 19:00:00 - 04/09/2023 20:00:00","BZN|PL","Without Sequence","162.04","",""
"04/09/2023 20:00:00 - 04/09/2023 21:00:00","BZN|PL","Without Sequence","122.40","",""
"04/09/2023 21:00:00 - 04/09/2023 22:00:00","BZN|PL","Without Sequence","107.15","",""
"04/09/2023 22:00:00 - 04/09/2023 23:00:00","BZN|PL","Without Sequence","94.32","",""
"04/09/2023 23:00:00 - 05/09/2023 00:00:00","BZN|PL","Without Sequence","91.66","",""
"05/09/2023 00:00:00 - 05/09/2023 01:00:00","BZN|PL","Without Sequence","94.35","",""
"05/09/2023 01:00:00 - 05/09/2023 02:00:00","BZN|PL","Without Sequence","94.33","",""
"05/09/2023 02:00:00 - 05/09/2023 03:00:00","BZN|PL","Without Sequence","92.01","",""
"05/09/2023 03:00:00 - 05/09/2023 04:00:00","BZN|PL","Without Sequence","95.33","",""
"05/09/2023 04:00:00 - 05/09/2023 05:00:00","BZN|PL","Without Sequence","118.85","",""
"05/09/2023 05:00:00 - 05/09/2023 06:00:00","BZN|PL","Without Sequence","125.86","",""
"05/09/2023 06:00:00 - 05/09/2023 07:00:00","BZN|PL","Without Sequence","117.93","",""
"05/09/2023 07:00:00 - 05/09/2023 08:00:00","BZN|PL","Without Sequence","97.78","",""
"05/09/2023 08:00:00 - 05/09/2023 09:00:00","BZN|PL","Without Sequence","88.00","",""
"05/09/2023 09:00:00 - 05/09/2023 10:00:00","BZN|PL","Without Sequence","81.85","",""
"05/09/2023 10:00:00 - 05/09/2023 11:00:00","BZN|PL","Without Sequence","80.44","",""
"05/09/2023 11:00:00 - 05/09/2023 12:00:00","BZN|PL","Without Sequence","80.55","",""
"05/09/2023 12:00:00 - 05/09/2023 13:00:00","BZN|PL","Without Sequence","82.91","",""
"05/09/2023 13:00:00 - 05/09/2023 14:00:00","BZN|PL","Without Sequence","100.68","",""
"05/09/2023 14:00:00 - 05/09/2023 15:00:00","BZN|PL","Without Sequence","94.04","",""
"05/09/2023 15:00:00 - 05/09/2023 16:00:00","BZN|PL","Without Sequence","130.82","",""
"05/09/2023 16:00:00 - 05/09/2023 17:00:00","BZN|PL","Without Sequence","155.63","",""
"05/09/2023 17:00:00 - 05/09/2023 18:00:00","BZN|PL","Without Sequence","183.40","",""
"05/09/2023 18:00:00 - 05/09/2023 19:00:00","BZN|PL","Without Sequence","155.28","",""
"05/09/2023 19:00:00 - 05/09/2023 20:00:00","BZN|PL","Without Sequence","121.95","",""
"05/09/2023 20:00:00 - 05/09/2023 21:00:00","BZN|PL","Without Sequence","107.61","",""
"05/09/2023 21:00:00 - 05/09/2023 22:00:00","BZN|PL","Without Sequence","96.03","",""
"05/09/2023 22:00:00 - 05/09/2023 23:00:00","BZN|PL","Without Sequence","88.89","",""
"05/09/2023 23:00:00 - 06/09/2023 00:00:00","BZN|PL","Without Sequence","85.52","",""
"06/09/2023 00:00:00 - 06/09/2023 01:00:00","BZN|PL","Without Sequence","91.28","",""
"06/09/2023 01:00:00 - 06/09/2023 02:00:00","BZN|PL","Without Sequence","91.63","",""
"06/09/2023 02:00:00 - 06/09/2023 03:00:00","BZN|PL","Without Sequence","92.23","",""
"06/09/2023 03:00:00 - 06/09/2023 04:00:00","BZN|PL","Without Sequence","102.38","",""
"06/09/2023 04:00:00 - 06/09/2023 05:00:00","BZN|PL","Without Sequence","121.26","",""
"06/09/2023 05:00:00 - 06/09/2023 06:00:00","BZN|PL","Without Sequence","141.83","",""
"06/09/2023 06:00:00 - 06/09/2023 07:00:00","BZN|PL","Without Sequence","119.19","",""
"06/09/2023 07:00:00 - 06/09/2023 08:00:00","BZN|PL","Without Sequence","97.73","",""
"06/09/2023 08:00:00 - 06/09/2023 09:00:00","BZN|PL","Without Sequence","88.65","",""
"06/09/2023 09:00:00 - 06/09/2023 10:00:00","BZN|PL","Without Sequence","82.10","",""
"06/09/2023 10:00:00 - 06/09/2023 11:00:00","BZN|PL","Without Sequence","75.18","",""
"06/09/2023 11:00:00 - 06/09/2023 12:00:00","BZN|PL","Without Sequence","82.14","",""
"06/09/2023 12:00:00 - 06/09/2023 13:00:00","BZN|PL","Without Sequence","83.71","",""
"06/09/2023 13:00:00 - 06/09/2023 14:00:00","BZN|PL","Without Sequence","104.56","",""
"06/09/2023 14:00:00 - 06/09/2023 15:00:00","BZN|PL","Without Sequence","95.97","",""
"06/09/2023 15:00:00 - 06/09/2023 16:00:00","BZN|PL","Without Sequence","108.75","",""
"06/09/2023 16:00:00 - 06/09/2023 17:00:00","BZN|PL","Without Sequence","149.48","",""
"06/09/2023 17:00:00 - 06/09/2023 18:00:00","BZN|PL","Without Sequence","189.53","",""
"06/09/2023 18:00:00 - 06/09/2023 19:00:00","BZN|PL","Without Sequence","166.04","",""
"06/09/2023 19:00:00 - 06/09/2023 20:00:00","BZN|PL","Without Sequence","123.13","",""
"06/09/2023 20:00:00 - 06/09/2023 21:00:00","BZN|PL","Without Sequence","105.50","",""
"06/09/2023 21:00:00 - 06/09/2023 22:00:00","BZN|PL","Without Sequence","95.72","",""
"06/09/2023 22:00:00 - 06/09/2023 23:00:00","BZN|PL","Without Sequence","95.42","",""
"06/09/2023 23:00:00 - 07/09/2023 00:00:00","BZN|PL","Without Sequence","91.37","",""
"07/09/2023 00:00:00 - 07/09/2023 01:00:00","BZN|PL","Without Sequence","89.19","",""
"07/09/2023 01:00:00 - 07/09/2023 02:00:00","BZN|PL","Without Sequence","87.97","",""
"07/09/2023 02:00:00 - 07/09/2023 03:00:00","BZN|PL","Without Sequence","87.44","",""
"07/09/2023 03:00:00 - 07/09/2023 04:00:00","BZN|PL","Without Sequence","91.91","",""
"07/09/2023 04:00:00 - 07/09/2023 05:00:00","BZN|PL","Without Sequence","115.28","",""
"07/09/2023 05:00:00 - 07/09/2023 06:00:00","BZN|PL","Without Sequence","130.00","",""
"07/09/2023 06:00:00 - 07/09/2023 07:00:00","BZN|PL","Without Sequence","113.68","",""
"07/09/2023 07:00:00 - 07/09/2023 08:00:00","BZN|PL","Without Sequence","103.52","",""
"07/09/2023 08:00:00 - 07/09/2023 09:00:00","BZN|PL","Without Sequence","84.53","",""
"07/09/2023 09:00:00 - 07/09/2023 10:00:00","BZN|PL","Without Sequence","70.61","",""
"07/09/2023 10:00:00 - 07/09/2023 11:00:00","BZN|PL","Without Sequence","69.35","",""
"07/09/2023 11:00:00 - 07/09/2023 12:00:00","BZN|PL","Without Sequence","66.04","",""
"07/09/2023 12:00:00 - 07/09/2023 13:00:00","BZN|PL","Without Sequence","85.56","",""
"07/09/2023 13:00:00 - 07/09/2023 14:00:00","BZN|PL","Without Sequence","104.93","",""
"07/09/2023 14:00:00 - 07/09/2023 15:00:00","BZN|PL","Without Sequence","104.84","",""
"07/09/2023 15:00:00 - 07/09/2023 16:00:00","BZN|PL","Without Sequence","103.14","",""
"07/09/2023 16:00:00 - 07/09/2023 17:00:00","BZN|PL","Without Sequence","155.47","",""
"07/09/2023 17:00:00 - 07/09/2023 18:00:00","BZN|PL","Without Sequence","167.27","",""
"07/09/2023 18:00:00 - 07/09/2023 19:00:00","BZN|PL","Without Sequence","147.59","",""
"07/09/2023 19:00:00 - 07/09/2023 20:00:00","BZN|PL","Without Sequence","118.00","",""
"07/09/2023 20:00:00 - 07/09/2023 21:00:00","BZN|PL","Without Sequence","101.40","",""
"07/09/2023 21:00:00 - 07/09/2023 22:00:00","BZN|PL","Without Sequence","91.60","",""
"07/09/2023 22:00:00 - 07/09/2023 23:00:00","BZN|PL","Without Sequence","84.62","",""
"07/09/2023 23:00:00 - 08/09/2023 00:00:00","BZN|PL","Without Sequence","81.52","",""
"08/09/2023 00:00:00 - 08/09/2023 01:00:00","BZN|PL","Without Sequence","82.06","",""
"08/09/2023 01:00:00 - 08/09/2023 02:00:00","BZN|PL","Without Sequence","82.10","",""
"08/09/2023 02:00:00 - 08/09/2023 03:00:00","BZN|PL","Without Sequence","87.16","",""
"08/09/2023 03:00:00 - 08/09/2023 04:00:00","BZN|PL","Without Sequence","93.26","",""
"08/09/2023 04:00:00 - 08/09/2023 05:00:00","BZN|PL","Without Sequence","113.16","",""
"08/09/2023 05:00:00 - 08/09/2023 06:00:00","BZN|PL","Without Sequence","133.49","",""
"08/09/2023 06:00:00 - 08/09/2023 07:00:00","BZN|PL","Without Sequence","121.88","",""
"08/09/2023 07:00:00 - 08/09/2023 08:00:00","BZN|PL","Without Sequence","100.31","",""
"08/09/2023 08:00:00 - 08/09/2023 09:00:00","BZN|PL","Without Sequence","86.51","",""
"08/09/2023 09:00:00 - 08/09/2023 10:00:00","BZN|PL","Without Sequence","82.48","",""
"08/09/2023 10:00:00 - 08/09/2023 11:00:00","BZN|PL","Without Sequence","75.45","",""
"08/09/2023 11:00:00 - 08/09/2023 12:00:00","BZN|PL","Without Sequence","70.99","",""
"08/09/2023 12:00:00 - 08/09/2023 13:00:00","BZN|PL","Without Sequence","72.60","",""
"08/09/2023 13:00:00 - 08/09/2023 14:00:00","BZN|PL","Without Sequence","89.31","",""
"08/09/2023 14:00:00 - 08/09/2023 15:00:00","BZN|PL","Without Sequence","95.28","",""
"08/09/2023 15:00:00 - 08/09/2023 16:00:00","BZN|PL","Without Sequence","147.99","",""
"08/09/2023 16:00:00 - 08/09/2023 17:00:00","BZN|PL","Without Sequence","169.82","",""
"08/09/2023 17:00:00 - 08/09/2023 18:00:00","BZN|PL","Without Sequence","204.48","",""
"08/09/2023 18:00:00 - 08/09/2023 19:00:00","BZN|PL","Without Sequence","193.70","",""
"08/09/2023 19:00:00 - 08/09/2023 20:00:00","BZN|PL","Without Sequence","138.85","",""
"08/09/2023 20:00:00 - 08/09/2023 21:00:00","BZN|PL","Without Sequence","113.93","",""
"08/09/2023 21:00:00 - 08/09/2023 22:00:00","BZN|PL","Without Sequence","105.98","",""
"08/09/2023 22:00:00 - 08/09/2023 23:00:00","BZN|PL","Without Sequence","105.20","",""
"08/09/2023 23:00:00 - 09/09/2023 00:00:00","BZN|PL","Without Sequence","102.47","",""
"09/09/2023 00:00:00 - 09/09/2023 01:00:00","BZN|PL","Without Sequence","100.01","",""
"09/09/2023 01:00:00 - 09/09/2023 02:00:00","BZN|PL","Without Sequence","102.80","",""
"09/09/2023 02:00:00 - 09/09/2023 03:00:00","BZN|PL","Without Sequence","102.85","",""
"09/09/2023 03:00:00 - 09/09/2023 04:00:00","BZN|PL","Without Sequence","103.01","",""
"09/09/2023 04:00:00 - 09/09/2023 05:00:00","BZN|PL","Without Sequence","103.79","",""
"09/09/2023 05:00:00 - 09/09/2023 06:00:00","BZN|PL","Without Sequence","103.97","",""
"09/09/2023 06:00:00 - 09/09/2023 07:00:00","BZN|PL","Without Sequence","102.89","",""
"09/09/2023 07:00:00 - 09/09/2023 08:00:00","BZN|PL","Without Sequence","102.85","",""
"09/09/2023 08:00:00 - 09/09/2023 09:00:00","BZN|PL","Without Sequence","97.51","",""
"09/09/2023 09:00:00 - 09/09/2023 10:00:00","BZN|PL","Without Sequence","90.60","",""
"09/09/2023 10:00:00 - 09/09/2023 11:00:00","BZN|PL","Without Sequence","86.43","",""
"09/09/2023 11:00:00 - 09/09/2023 12:00:00","BZN|PL","Without Sequence","86.55","",""
"09/09/2023 12:00:00 - 09/09/2023 13:00:00","BZN|PL","Without Sequence","88.96","",""
"09/09/2023 13:00:00 - 09/09/2023 14:00:00","BZN|PL","Without Sequence","102.80","",""
"09/09/2023 14:00:00 - 09/09/2023 15:00:00","BZN|PL","Without Sequence","103.38","",""
"09/09/2023 15:00:00 - 09/09/2023 16:00:00","BZN|PL","Without Sequence","117.06","",""
"09/09/2023 16:00:00 - 09/09/2023 17:00:00","BZN|PL","Without Sequence","134.47","",""
"09/09/2023 17:00:00 - 09/09/2023 18:00:00","BZN|PL","Without Sequence","153.90","",""
"09/09/2023 18:00:00 - 09/09/2023 19:00:00","BZN|PL","Without Sequence","156.02","",""
"09/09/2023 19:00:00 - 09/09/2023 20:00:00","BZN|PL","Without Sequence","131.78","",""
"09/09/2023 20:00:00 - 09/09/2023 21:00:00","BZN|PL","Without Sequence","110.90","",""
"09/09/2023 21:00:00 - 09/09/2023 22:00:00","BZN|PL","Without Sequence","103.16","",""
"09/09/2023 22:00:00 - 09/09/2023 23:00:00","BZN|PL","Without Sequence","105.85","",""
"09/09/2023 23:00:00 - 10/09/2023 00:00:00","BZN|PL","Without Sequence","103.96","",""
"10/09/2023 00:00:00 - 10/09/2023 01:00:00","BZN|PL","Without Sequence","103.37","",""
"10/09/2023 01:00:00 - 10/09/2023 02:00:00","BZN|PL","Without Sequence","100.28","",""
"10/09/2023 02:00:00 - 10/09/2023 03:00:00","BZN|PL","Without Sequence","95.60","",""
"10/09/2023 03:00:00 - 10/09/2023 04:00:00","BZN|PL","Without Sequence","97.86","",""
"10/09/2023 04:00:00 - 10/09/2023 05:00:00","BZN|PL","Without Sequence","98.71","",""
"10/09/2023 05:00:00 - 10/09/2023 06:00:00","BZN|PL","Without Sequence","97.11","",""
"10/09/2023 06:00:00 - 10/09/2023 07:00:00","BZN|PL","Without Sequence","93.27","",""
"10/09/2023 07:00:00 - 10/09/2023 08:00:00","BZN|PL","Without Sequence","52.70","",""
"10/09/2023 08:00:00 - 10/09/2023 09:00:00","BZN|PL","Without Sequence","48.24","",""
"10/09/2023 09:00:00 - 10/09/2023 10:00:00","BZN|PL","Without Sequence","18.00","",""
"10/09/2023 10:00:00 - 10/09/2023 11:00:00","BZN|PL","Without Sequence","8.28","",""
"10/09/2023 11:00:00 - 10/09/2023 12:00:00","BZN|PL","Without Sequence","4.68","",""
"10/09/2023 12:00:00 - 10/09/2023 13:00:00","BZN|PL","Without Sequence","7.65","",""
"10/09/2023 13:00:00 - 10/09/2023 14:00:00","BZN|PL","Without Sequence","45.96","",""
"10/09/2023 14:00:00 - 10/09/2023 15:00:00","BZN|PL","Without Sequence","103.52","",""
"10/09/2023 15:00:00 - 10/09/2023 16:00:00","BZN|PL","Without Sequence","100.21","",""
"10/09/2023 16:00:00 - 10/09/2023 17:00:00","BZN|PL","Without Sequence","130.46","",""
"10/09/2023 17:00:00 - 10/09/2023 18:00:00","BZN|PL","Without Sequence","152.15","",""
"10/09/2023 18:00:00 - 10/09/2023 19:00:00","BZN|PL","Without Sequence","152.19","",""
"10/09/2023 19:00:00 - 10/09/2023 20:00:00","BZN|PL","Without Sequence","131.57","",""
"10/09/2023 20:00:00 - 10/09/2023 21:00:00","BZN|PL","Without Sequence","113.93","",""
"10/09/2023 21:00:00 - 10/09/2023 22:00:00","BZN|PL","Without Sequence","100.86","",""
"10/09/2023 22:00:00 - 10/09/2023 23:00:00","BZN|PL","Without Sequence","105.00","",""
"10/09/2023 23:00:00 - 11/09/2023 00:00:00","BZN|PL","Without Sequence","103.90","",""
"11/09/2023 00:00:00 - 11/09/2023 01:00:00","BZN|PL","Without Sequence","103.93","",""
"11/09/2023 01:00:00 - 11/09/2023 02:00:00","BZN|PL","Without Sequence","103.89","",""
"11/09/2023 02:00:00 - 11/09/2023 03:00:00","BZN|PL","Without Sequence","103.83","",""
"11/09/2023 03:00:00 - 11/09/2023 04:00:00","BZN|PL","Without Sequence","103.87","",""
"11/09/2023 04:00:00 - 11/09/2023 05:00:00","BZN|PL","Without Sequence","145.64","",""
"11/09/2023 05:00:00 - 11/09/2023 06:00:00","BZN|PL","Without Sequence","178.53","",""
"11/09/2023 06:00:00 - 11/09/2023 07:00:00","BZN|PL","Without Sequence","136.44","",""
"11/09/2023 07:00:00 - 11/09/2023 08:00:00","BZN|PL","Without Sequence","108.64","",""
"11/09/2023 08:00:00 - 11/09/2023 09:00:00","BZN|PL","Without Sequence","99.81","",""
"11/09/2023 09:00:00 - 11/09/2023 10:00:00","BZN|PL","Without Sequence","97.71","",""
"11/09/2023 10:00:00 - 11/09/2023 11:00:00","BZN|PL","Without Sequence","102.23","",""
"11/09/2023 11:00:00 - 11/09/2023 12:00:00","BZN|PL","Without Sequence","103.83","",""
"11/09/2023 12:00:00 - 11/09/2023 13:00:00","BZN|PL","Without Sequence","103.90","",""
"11/09/2023 13:00:00 - 11/09/2023 14:00:00","BZN|PL","Without Sequence","104.05","",""
"11/09/2023 14:00:00 - 11/09/2023 15:00:00","BZN|PL","Without Sequence","105.36","",""
"11/09/2023 15:00:00 - 11/09/2023 16:00:00","BZN|PL","Without Sequence","152.01","",""
"11/09/2023 16:00:00 - 11/09/2023 17:00:00","BZN|PL","Without Sequence","195.43","",""
"11/09/2023 17:00:00 - 11/09/2023 18:00:00","BZN|PL","Without Sequence","212.12","",""
"11/09/2023 18:00:00 - 11/09/2023 19:00:00","BZN|PL","Without Sequence","214.96","",""
"11/09/2023 19:00:00 - 11/09/2023 20:00:00","BZN|PL","Without Sequence","193.36","",""
"11/09/2023 20:00:00 - 11/09/2023 21:00:00","BZN|PL","Without Sequence","147.24","",""
"11/09/2023 21:00:00 - 11/09/2023 22:00:00","BZN|PL","Without Sequence","119.94","",""
"11/09/2023 22:00:00 - 11/09/2023 23:00:00","BZN|PL","Without Sequence","106.23","",""
"11/09/2023 23:00:00 - 12/09/2023 00:00:00","BZN|PL","Without Sequence","104.53","",""
"12/09/2023 00:00:00 - 12/09/2023 01:00:00","BZN|PL","Without Sequence","105.24","",""
"12/09/2023 01:00:00 - 12/09/2023 02:00:00","BZN|PL","Without Sequence","104.75","",""
"12/09/2023 02:00:00 - 12/09/2023 03:00:00","BZN|PL","Without Sequence","105.72","",""
"12/09/2023 03:00:00 - 12/09/2023 04:00:00","BZN|PL","Without Sequence","115.55","",""
"12/09/2023 04:00:00 - 12/09/2023 05:00:00","BZN|PL","Without Sequence","151.97","",""
"12/09/2023 05:00:00 - 12/09/2023 06:00:00","BZN|PL","Without Sequence","190.73","",""
"12/09/2023 06:00:00 - 12/09/2023 07:00:00","BZN|PL","Without Sequence","146.39","",""
"12/09/2023 07:00:00 - 12/09/2023 08:00:00","BZN|PL","Without Sequence","123.22","",""
"12/09/2023 08:00:00 - 12/09/2023 09:00:00","BZN|PL","Without Sequence","108.44","",""
"12/09/2023 09:00:00 - 12/09/2023 10:00:00","BZN|PL","Without Sequence","101.59","",""
"12/09/2023 10:00:00 - 12/09/2023 11:00:00","BZN|PL","Without Sequence","96.52","",""
"12/09/2023 11:00:00 - 12/09/2023 12:00:00","BZN|PL","Without Sequence","93.86","",""
"12/09/2023 12:00:00 - 12/09/2023 13:00:00","BZN|PL","Without Sequence","97.10","",""
"12/09/2023 13:00:00 - 12/09/2023 14:00:00","BZN|PL","Without Sequence","101.59","",""
"12/09/2023 14:00:00 - 12/09/2023 15:00:00","BZN|PL","Without Sequence","111.87","",""
"12/09/2023 15:00:00 - 12/09/2023 16:00:00","BZN|PL","Without Sequence","168.69","",""
"12/09/2023 16:00:00 - 12/09/2023 17:00:00","BZN|PL","Without Sequence","187.01","",""
"12/09/2023 17:00:00 - 12/09/2023 18:00:00","BZN|PL","Without Sequence","194.63","",""
"12/09/2023 18:00:00 - 12/09/2023 19:00:00","BZN|PL","Without Sequence","184.40","",""
"12/09/2023 19:00:00 - 12/09/2023 20:00:00","BZN|PL","Without Sequence","136.62","",""
"12/09/2023 20:00:00 - 12/09/2023 21:00:00","BZN|PL","Without Sequence","136.45","",""
"12/09/2023 21:00:00 - 12/09/2023 22:00:00","BZN|PL","Without Sequence","93.77","",""
"12/09/2023 22:00:00 - 12/09/2023 23:00:00","BZN|PL","Without Sequence","106.45","",""
"12/09/2023 23:00:00 - 13/09/2023 00:00:00","BZN|PL","Without Sequence","99.90","",""
"13/09/2023 00:00:00 - 13/09/2023 01:00:00","BZN|PL","Without Sequence","100.48","",""
"13/09/2023 01:00:00 - 13/09/2023 02:00:00","BZN|PL","Without Sequence","100.98","",""
"13/09/2023 02:00:00 - 13/09/2023 03:00:00","BZN|PL","Without Sequence","102.02","",""
"13/09/2023 03:00:00 - 13/09/2023 04:00:00","BZN|PL","Without Sequence","105.82","",""
"13/09/2023 04:00:00 - 13/09/2023 05:00:00","BZN|PL","Without Sequence","137.35","",""
"13/09/2023 05:00:00 - 13/09/2023 06:00:00","BZN|PL","Without Sequence","139.91","",""
"13/09/2023 06:00:00 - 13/09/2023 07:00:00","BZN|PL","Without Sequence","137.72","",""
"13/09/2023 07:00:00 - 13/09/2023 08:00:00","BZN|PL","Without Sequence","124.91","",""
"13/09/2023 08:00:00 - 13/09/2023 09:00:00","BZN|PL","Without Sequence","103.21","",""
"13/09/2023 09:00:00 - 13/09/2023 10:00:00","BZN|PL","Without Sequence","100.51","",""
"13/09/2023 10:00:00 - 13/09/2023 11:00:00","BZN|PL","Without Sequence","100.62","",""
"13/09/2023 11:00:00 - 13/09/2023 12:00:00","BZN|PL","Without Sequence","100.93","",""
"13/09/2023 12:00:00 - 13/09/2023 13:00:00","BZN|PL","Without Sequence","100.76","",""
"13/09/2023 13:00:00 - 13/09/2023 14:00:00","BZN|PL","Without Sequence","100.78","",""
"13/09/2023 14:00:00 - 13/09/2023 15:00:00","BZN|PL","Without Sequence","111.92","",""
"13/09/2023 15:00:00 - 13/09/2023 16:00:00","BZN|PL","Without Sequence","141.00","",""
"13/09/2023 16:00:00 - 13/09/2023 17:00:00","BZN|PL","Without Sequence","152.40","",""
"13/09/2023 17:00:00 - 13/09/2023 18:00:00","BZN|PL","Without Sequence","160.45","",""
"13/09/2023 18:00:00 - 13/09/2023 19:00:00","BZN|PL","Without Sequence","142.00","",""
"13/09/2023 19:00:00 - 13/09/2023 20:00:00","BZN|PL","Without Sequence","122.79","",""
"13/09/2023 20:00:00 - 13/09/2023 21:00:00","BZN|PL","Without Sequence","106.41","",""
"13/09/2023 21:00:00 - 13/09/2023 22:00:00","BZN|PL","Without Sequence","98.07","",""
"13/09/2023 22:00:00 - 13/09/2023 23:00:00","BZN|PL","Without Sequence","96.30","",""
"13/09/2023 23:00:00 - 14/09/2023 00:00:00","BZN|PL","Without Sequence","94.80","",""
"14/09/2023 00:00:00 - 14/09/2023 01:00:00","BZN|PL","Without Sequence","98.06","",""
"14/09/2023 01:00:00 - 14/09/2023 02:00:00","BZN|PL","Without Sequence","99.34","",""
"14/09/2023 02:00:00 - 14/09/2023 03:00:00","BZN|PL","Without Sequence","97.58","",""
"14/09/2023 03:00:00 - 14/09/2023 04:00:00","BZN|PL","Without Sequence","103.99","",""
"14/09/2023 04:00:00 - 14/09/2023 05:00:00","BZN|PL","Without Sequence","139.88","",""
"14/09/2023 05:00:00 - 14/09/2023 06:00:00","BZN|PL","Without Sequence","172.48","",""
"14/09/2023 06:00:00 - 14/09/2023 07:00:00","BZN|PL","Without Sequence","155.09","",""
"14/09/2023 07:00:00 - 14/09/2023 08:00:00","BZN|PL","Without Sequence","118.08","",""
"14/09/2023 08:00:00 - 14/09/2023 09:00:00","BZN|PL","Without Sequence","96.82","",""
"14/09/2023 09:00:00 - 14/09/2023 10:00:00","BZN|PL","Without Sequence","98.81","",""
"14/09/2023 10:00:00 - 14/09/2023 11:00:00","BZN|PL","Without Sequence","98.31","",""
"14/09/2023 11:00:00 - 14/09/2023 12:00:00","BZN|PL","Without Sequence","99.57","",""
"14/09/2023 12:00:00 - 14/09/2023 13:00:00","BZN|PL","Without Sequence","102.19","",""
"14/09/2023 13:00:00 - 14/09/2023 14:00:00","BZN|PL","Without Sequence","96.14","",""
"14/09/2023 14:00:00 - 14/09/2023 15:00:00","BZN|PL","Without Sequence","98.29","",""
"14/09/2023 15:00:00 - 14/09/2023 16:00:00","BZN|PL","Without Sequence","145.92","",""
"14/09/2023 16:00:00 - 14/09/2023 17:00:00","BZN|PL","Without Sequence","173.01","",""
"14/09/2023 17:00:00 - 14/09/2023 18:00:00","BZN|PL","Without Sequence","190.61","",""
"14/09/2023 18:00:00 - 14/09/2023 19:00:00","BZN|PL","Without Sequence","185.80","",""
"14/09/2023 19:00:00 - 14/09/2023 20:00:00","BZN|PL","Without Sequence","134.88","",""
"14/09/2023 20:00:00 - 14/09/2023 21:00:00","BZN|PL","Without Sequence","114.14","",""
"14/09/2023 21:00:00 - 14/09/2023 22:00:00","BZN|PL","Without Sequence","99.37","",""
"14/09/2023 22:00:00 - 14/09/2023 23:00:00","BZN|PL","Without Sequence","100.89","",""
"14/09/2023 23:00:00 - 15/09/2023 00:00:00","BZN|PL","Without Sequence","97.01","",""
"15/09/2023 00:00:00 - 15/09/2023 01:00:00","BZN|PL","Without Sequence","96.30","",""
"15/09/2023 01:00:00 - 15/09/2023 02:00:00","BZN|PL","Without Sequence","96.37","",""
"15/09/2023 02:00:00 - 15/09/2023 03:00:00","BZN|PL","Without Sequence","97.03","",""
"15/09/2023 03:00:00 - 15/09/2023 04:00:00","BZN|PL","Without Sequence","115.26","",""
"15/09/2023 04:00:00 - 15/09/2023 05:00:00","BZN|PL","Without Sequence","145.52","",""
"15/09/2023 05:00:00 - 15/09/2023 06:00:00","BZN|PL","Without Sequence","152.93","",""
"15/09/2023 06:00:00 - 15/09/2023 07:00:00","BZN|PL","Without Sequence","131.41","",""
"15/09/2023 07:00:00 - 15/09/2023 08:00:00","BZN|PL","Without Sequence","104.38","",""
"15/09/2023 08:00:00 - 15/09/2023 09:00:00","BZN|PL","Without Sequence","93.58","",""
"15/09/2023 09:00:00 - 15/09/2023 10:00:00","BZN|PL","Without Sequence","92.72","",""
"15/09/2023 10:00:00 - 15/09/2023 11:00:00","BZN|PL","Without Sequence","91.82","",""
"15/09/2023 11:00:00 - 15/09/2023 12:00:00","BZN|PL","Without Sequence","92.78","",""
"15/09/2023 12:00:00 - 15/09/2023 13:00:00","BZN|PL","Without Sequence","97.23","",""
"15/09/2023 13:00:00 - 15/09/2023 14:00:00","BZN|PL","Without Sequence","105.34","",""
"15/09/2023 14:00:00 - 15/09/2023 15:00:00","BZN|PL","Without Sequence","118.83","",""
"15/09/2023 15:00:00 - 15/09/2023 16:00:00","BZN|PL","Without Sequence","156.66","",""
"15/09/2023 16:00:00 - 15/09/2023 17:00:00","BZN|PL","Without Sequence","158.60","",""
"15/09/2023 17:00:00 - 15/09/2023 18:00:00","BZN|PL","Without Sequence","190.14","",""
"15/09/2023 18:00:00 - 15/09/2023 19:00:00","BZN|PL","Without Sequence","162.96","",""
"15/09/2023 19:00:00 - 15/09/2023 20:00:00","BZN|PL","Without Sequence","122.02","",""
"15/09/2023 20:00:00 - 15/09/2023 21:00:00","BZN|PL","Without Sequence","102.54","",""
"15/09/2023 21:00:00 - 15/09/2023 22:00:00","BZN|PL","Without Sequence","95.77","",""
"15/09/2023 22:00:00 - 15/09/2023 23:00:00","BZN|PL","Without Sequence","99.19","",""
"15/09/2023 23:00:00 - 16/09/2023 00:00:00","BZN|PL","Without Sequence","103.56","",""
"16/09/2023 00:00:00 - 16/09/2023 01:00:00","BZN|PL","Without Sequence","104.09","",""
"16/09/2023 01:00:00 - 16/09/2023 02:00:00","BZN|PL","Without Sequence","104.08","",""
"16/09/2023 02:00:00 - 16/09/2023 03:00:00","BZN|PL","Without Sequence","104.08","",""
"16/09/2023 03:00:00 - 16/09/2023 04:00:00","BZN|PL","Without Sequence","104.02","",""
"16/09/2023 04:00:00 - 16/09/2023 05:00:00","BZN|PL","Without Sequence","101.34","",""
"16/09/2023 05:00:00 - 16/09/2023 06:00:00","BZN|PL","Without Sequence","105.81","",""
"16/09/2023 06:00:00 - 16/09/2023 07:00:00","BZN|PL","Without Sequence","103.58","",""
"16/09/2023 07:00:00 - 16/09/2023 08:00:00","BZN|PL","Without Sequence","90.79","",""
"16/09/2023 08:00:00 - 16/09/2023 09:00:00","BZN|PL","Without Sequence","79.00","",""
"16/09/2023 09:00:00 - 16/09/2023 10:00:00","BZN|PL","Without Sequence","64.97","",""
"16/09/2023 10:00:00 - 16/09/2023 11:00:00","BZN|PL","Without Sequence","54.48","",""
"16/09/2023 11:00:00 - 16/09/2023 12:00:00","BZN|PL","Without Sequence","32.44","",""
"16/09/2023 12:00:00 - 16/09/2023 13:00:00","BZN|PL","Without Sequence","34.40","",""
"16/09/2023 13:00:00 - 16/09/2023 14:00:00","BZN|PL","Without Sequence","74.46","",""
"16/09/2023 14:00:00 - 16/09/2023 15:00:00","BZN|PL","Without Sequence","101.40","",""
"16/09/2023 15:00:00 - 16/09/2023 16:00:00","BZN|PL","Without Sequence","108.89","",""
"16/09/2023 16:00:00 - 16/09/2023 17:00:00","BZN|PL","Without Sequence","132.05","",""
"16/09/2023 17:00:00 - 16/09/2023 18:00:00","BZN|PL","Without Sequence","158.27","",""
"16/09/2023 18:00:00 - 16/09/2023 19:00:00","BZN|PL","Without Sequence","140.25","",""
"16/09/2023 19:00:00 - 16/09/2023 20:00:00","BZN|PL","Without Sequence","117.28","",""
"16/09/2023 20:00:00 - 16/09/2023 21:00:00","BZN|PL","Without Sequence","105.03","",""
"16/09/2023 21:00:00 - 16/09/2023 22:00:00","BZN|PL","Without Sequence","99.80","",""
"16/09/2023 22:00:00 - 16/09/2023 23:00:00","BZN|PL","Without Sequence","108.99","",""
"16/09/2023 23:00:00 - 17/09/2023 00:00:00","BZN|PL","Without Sequence","104.35","",""
"17/09/2023 00:00:00 - 17/09/2023 01:00:00","BZN|PL","Without Sequence","103.81","",""
"17/09/2023 01:00:00 - 17/09/2023 02:00:00","BZN|PL","Without Sequence","99.17","",""
"17/09/2023 02:00:00 - 17/09/2023 03:00:00","BZN|PL","Without Sequence","99.02","",""
"17/09/2023 03:00:00 - 17/09/2023 04:00:00","BZN|PL","Without Sequence","98.16","",""
"17/09/2023 04:00:00 - 17/09/2023 05:00:00","BZN|PL","Without Sequence","97.85","",""
"17/09/2023 05:00:00 - 17/09/2023 06:00:00","BZN|PL","Without Sequence","101.99","",""
"17/09/2023 06:00:00 - 17/09/2023 07:00:00","BZN|PL","Without Sequence","103.50","",""
"17/09/2023 07:00:00 - 17/09/2023 08:00:00","BZN|PL","Without Sequence","82.36","",""
"17/09/2023 08:00:00 - 17/09/2023 09:00:00","BZN|PL","Without Sequence","69.64","",""
"17/09/2023 09:00:00 - 17/09/2023 10:00:00","BZN|PL","Without Sequence","39.73","",""
"17/09/2023 10:00:00 - 17/09/2023 11:00:00","BZN|PL","Without Sequence","41.40","",""
"17/09/2023 11:00:00 - 17/09/2023 12:00:00","BZN|PL","Without Sequence","23.43","",""
"17/09/2023 12:00:00 - 17/09/2023 13:00:00","BZN|PL","Without Sequence","57.40","",""
"17/09/2023 13:00:00 - 17/09/2023 14:00:00","BZN|PL","Without Sequence","79.85","",""
"17/09/2023 14:00:00 - 17/09/2023 15:00:00","BZN|PL","Without Sequence","103.90","",""
"17/09/2023 15:00:00 - 17/09/2023 16:00:00","BZN|PL","Without Sequence","115.60","",""
"17/09/2023 16:00:00 - 17/09/2023 17:00:00","BZN|PL","Without Sequence","131.41","",""
"17/09/2023 17:00:00 - 17/09/2023 18:00:00","BZN|PL","Without Sequence","150.19","",""
"17/09/2023 18:00:00 - 17/09/2023 19:00:00","BZN|PL","Without Sequence","136.43","",""
"17/09/2023 19:00:00 - 17/09/2023 20:00:00","BZN|PL","Without Sequence","118.25","",""
"17/09/2023 20:00:00 - 17/09/2023 21:00:00","BZN|PL","Without Sequence","108.91","",""
"17/09/2023 21:00:00 - 17/09/2023 22:00:00","BZN|PL","Without Sequence","99.18","",""
"17/09/2023 22:00:00 - 17/09/2023 23:00:00","BZN|PL","Without Sequence","103.65","",""
"17/09/2023 23:00:00 - 18/09/2023 00:00:00","BZN|PL","Without Sequence","103.98","",""
"18/09/2023 00:00:00 - 18/09/2023 01:00:00","BZN|PL","Without Sequence","103.62","",""
"18/09/2023 01:00:00 - 18/09/2023 02:00:00","BZN|PL","Without Sequence","103.61","",""
"18/09/2023 02:00:00 - 18/09/2023 03:00:00","BZN|PL","Without Sequence","103.57","",""
"18/09/2023 03:00:00 - 18/09/2023 04:00:00","BZN|PL","Without Sequence","92.17","",""
"18/09/2023 04:00:00 - 18/09/2023 05:00:00","BZN|PL","Without Sequence","116.77","",""
"18/09/2023 05:00:00 - 18/09/2023 06:00:00","BZN|PL","Without Sequence","134.13","",""
"18/09/2023 06:00:00 - 18/09/2023 07:00:00","BZN|PL","Without Sequence","116.84","",""
"18/09/2023 07:00:00 - 18/09/2023 08:00:00","BZN|PL","Without Sequence","104.50","",""
"18/09/2023 08:00:00 - 18/09/2023 09:00:00","BZN|PL","Without Sequence","90.65","",""
"18/09/2023 09:00:00 - 18/09/2023 10:00:00","BZN|PL","Without Sequence","74.30","",""
"18/09/2023 10:00:00 - 18/09/2023 11:00:00","BZN|PL","Without Sequence","77.05","",""
"18/09/2023 11:00:00 - 18/09/2023 12:00:00","BZN|PL","Without Sequence","81.47","",""
"18/09/2023 12:00:00 - 18/09/2023 13:00:00","BZN|PL","Without Sequence","89.14","",""
"18/09/2023 13:00:00 - 18/09/2023 14:00:00","BZN|PL","Without Sequence","94.88","",""
"18/09/2023 14:00:00 - 18/09/2023 15:00:00","BZN|PL","Without Sequence","103.49","",""
"18/09/2023 15:00:00 - 18/09/2023 16:00:00","BZN|PL","Without Sequence","131.58","",""
"18/09/2023 16:00:00 - 18/09/2023 17:00:00","BZN|PL","Without Sequence","145.56","",""
"18/09/2023 17:00:00 - 18/09/2023 18:00:00","BZN|PL","Without Sequence","163.20","",""
"18/09/2023 18:00:00 - 18/09/2023 19:00:00","BZN|PL","Without Sequence","131.47","",""
"18/09/2023 19:00:00 - 18/09/2023 20:00:00","BZN|PL","Without Sequence","108.31","",""
"18/09/2023 20:00:00 - 18/09/2023 21:00:00","BZN|PL","Without Sequence","93.08","",""
"18/09/2023 21:00:00 - 18/09/2023 22:00:00","BZN|PL","Without Sequence","103.52","",""
"18/09/2023 22:00:00 - 18/09/2023 23:00:00","BZN|PL","Without Sequence","62.19","",""
"18/09/2023 23:00:00 - 19/09/2023 00:00:00","BZN|PL","Without Sequence","65.16","",""
"19/09/2023 00:00:00 - 19/09/2023 01:00:00","BZN|PL","Without Sequence","64.67","",""
"19/09/2023 01:00:00 - 19/09/2023 02:00:00","BZN|PL","Without Sequence","65.98","",""
"19/09/2023 02:00:00 - 19/09/2023 03:00:00","BZN|PL","Without Sequence","66.93","",""
"19/09/2023 03:00:00 - 19/09/2023 04:00:00","BZN|PL","Without Sequence","88.27","",""
"19/09/2023 04:00:00 - 19/09/2023 05:00:00","BZN|PL","Without Sequence","131.68","",""
"19/09/2023 05:00:00 - 19/09/2023 06:00:00","BZN|PL","Without Sequence","140.14","",""
"19/09/2023 06:00:00 - 19/09/2023 07:00:00","BZN|PL","Without Sequence","131.50","",""
"19/09/2023 07:00:00 - 19/09/2023 08:00:00","BZN|PL","Without Sequence","102.23","",""
"19/09/2023 08:00:00 - 19/09/2023 09:00:00","BZN|PL","Without Sequence","102.31","",""
"19/09/2023 09:00:00 - 19/09/2023 10:00:00","BZN|PL","Without Sequence","95.74","",""
"19/09/2023 10:00:00 - 19/09/2023 11:00:00","BZN|PL","Without Sequence","94.86","",""
"19/09/2023 11:00:00 - 19/09/2023 12:00:00","BZN|PL","Without Sequence","77.49","",""
"19/09/2023 12:00:00 - 19/09/2023 13:00:00","BZN|PL","Without Sequence","73.80","",""
"19/09/2023 13:00:00 - 19/09/2023 14:00:00","BZN|PL","Without Sequence","85.15","",""
"19/09/2023 14:00:00 - 19/09/2023 15:00:00","BZN|PL","Without Sequence","102.43","",""
"19/09/2023 15:00:00 - 19/09/2023 16:00:00","BZN|PL","Without Sequence","141.05","",""
"19/09/2023 16:00:00 - 19/09/2023 17:00:00","BZN|PL","Without Sequence","151.91","",""
"19/09/2023 17:00:00 - 19/09/2023 18:00:00","BZN|PL","Without Sequence","170.10","",""
"19/09/2023 18:00:00 - 19/09/2023 19:00:00","BZN|PL","Without Sequence","165.51","",""
"19/09/2023 19:00:00 - 19/09/2023 20:00:00","BZN|PL","Without Sequence","145.51","",""
"19/09/2023 20:00:00 - 19/09/2023 21:00:00","BZN|PL","Without Sequence","103.93","",""
"19/09/2023 21:00:00 - 19/09/2023 22:00:00","BZN|PL","Without Sequence","85.15","",""
"19/09/2023 22:00:00 - 19/09/2023 23:00:00","BZN|PL","Without Sequence","96.82","",""
"19/09/2023 23:00:00 - 20/09/2023 00:00:00","BZN|PL","Without Sequence","88.61","",""
"20/09/2023 00:00:00 - 20/09/2023 01:00:00","BZN|PL","Without Sequence","84.29","",""
"20/09/2023 01:00:00 - 20/09/2023 02:00:00","BZN|PL","Without Sequence","84.97","",""
"20/09/2023 02:00:00 - 20/09/2023 03:00:00","BZN|PL","Without Sequence","88.37","",""
"20/09/2023 03:00:00 - 20/09/2023 04:00:00","BZN|PL","Without Sequence","100.76","",""
"20/09/2023 04:00:00 - 20/09/2023 05:00:00","BZN|PL","Without Sequence","124.77","",""
"20/09/2023 05:00:00 - 20/09/2023 06:00:00","BZN|PL","Without Sequence","105.18","",""
"20/09/2023 06:00:00 - 20/09/2023 07:00:00","BZN|PL","Without Sequence","102.74","",""
"20/09/2023 07:00:00 - 20/09/2023 08:00:00","BZN|PL","Without Sequence","100.75","",""
"20/09/2023 08:00:00 - 20/09/2023 09:00:00","BZN|PL","Without Sequence","91.16","",""
"20/09/2023 09:00:00 - 20/09/2023 10:00:00","BZN|PL","Without Sequence","85.00","",""
"20/09/2023 10:00:00 - 20/09/2023 11:00:00","BZN|PL","Without Sequence","88.27","",""
"20/09/2023 11:00:00 - 20/09/2023 12:00:00","BZN|PL","Without Sequence","88.62","",""
"20/09/2023 12:00:00 - 20/09/2023 13:00:00","BZN|PL","Without Sequence","90.31","",""
"20/09/2023 13:00:00 - 20/09/2023 14:00:00","BZN|PL","Without Sequence","100.72","",""
"20/09/2023 14:00:00 - 20/09/2023 15:00:00","BZN|PL","Without Sequence","127.77","",""
"20/09/2023 15:00:00 - 20/09/2023 16:00:00","BZN|PL","Without Sequence","157.87","",""
"20/09/2023 16:00:00 - 20/09/2023 17:00:00","BZN|PL","Without Sequence","172.12","",""
"20/09/2023 17:00:00 - 20/09/2023 18:00:00","BZN|PL","Without Sequence","189.60","",""
"20/09/2023 18:00:00 - 20/09/2023 19:00:00","BZN|PL","Without Sequence","179.02","",""
"20/09/2023 19:00:00 - 20/09/2023 20:00:00","BZN|PL","Without Sequence","148.86","",""
"20/09/2023 20:00:00 - 20/09/2023 21:00:00","BZN|PL","Without Sequence","107.57","",""
"20/09/2023 21:00:00 - 20/09/2023 22:00:00","BZN|PL","Without Sequence","98.29","",""
"20/09/2023 22:00:00 - 20/09/2023 23:00:00","BZN|PL","Without Sequence","99.66","",""
"20/09/2023 23:00:00 - 21/09/2023 00:00:00","BZN|PL","Without Sequence","100.97","",""
"21/09/2023 00:00:00 - 21/09/2023 01:00:00","BZN|PL","Without Sequence","96.55","",""
"21/09/2023 01:00:00 - 21/09/2023 02:00:00","BZN|PL","Without Sequence","96.51","",""
"21/09/2023 02:00:00 - 21/09/2023 03:00:00","BZN|PL","Without Sequence","99.92","",""
"21/09/2023 03:00:00 - 21/09/2023 04:00:00","BZN|PL","Without Sequence","101.02","",""
"21/09/2023 04:00:00 - 21/09/2023 05:00:00","BZN|PL","Without Sequence","103.30","",""
"21/09/2023 05:00:00 - 21/09/2023 06:00:00","BZN|PL","Without Sequence","104.79","",""
"21/09/2023 06:00:00 - 21/09/2023 07:00:00","BZN|PL","Without Sequence","103.58","",""
"21/09/2023 07:00:00 - 21/09/2023 08:00:00","BZN|PL","Without Sequence","103.25","",""
"21/09/2023 08:00:00 - 21/09/2023 09:00:00","BZN|PL","Without Sequence","93.15","",""
"21/09/2023 09:00:00 - 21/09/2023 10:00:00","BZN|PL","Without Sequence","78.84","",""
"21/09/2023 10:00:00 - 21/09/2023 11:00:00","BZN|PL","Without Sequence","75.19","",""
"21/09/2023 11:00:00 - 21/09/2023 12:00:00","BZN|PL","Without Sequence","74.22","",""
"21/09/2023 12:00:00 - 21/09/2023 13:00:00","BZN|PL","Without Sequence","82.41","",""
"21/09/2023 13:00:00 - 21/09/2023 14:00:00","BZN|PL","Without Sequence","93.80","",""
"21/09/2023 14:00:00 - 21/09/2023 15:00:00","BZN|PL","Without Sequence","105.78","",""
"21/09/2023 15:00:00 - 21/09/2023 16:00:00","BZN|PL","Without Sequence","122.66","",""
"21/09/2023 16:00:00 - 21/09/2023 17:00:00","BZN|PL","Without Sequence","121.30","",""
"21/09/2023 17:00:00 - 21/09/2023 18:00:00","BZN|PL","Without Sequence","139.93","",""
"21/09/2023 18:00:00 - 21/09/2023 19:00:00","BZN|PL","Without Sequence","118.29","",""
"21/09/2023 19:00:00 - 21/09/2023 20:00:00","BZN|PL","Without Sequence","107.41","",""
"21/09/2023 20:00:00 - 21/09/2023 21:00:00","BZN|PL","Without Sequence","100.10","",""
"21/09/2023 21:00:00 - 21/09/2023 22:00:00","BZN|PL","Without Sequence","94.75","",""
"21/09/2023 22:00:00 - 21/09/2023 23:00:00","BZN|PL","Without Sequence","88.31","",""
"21/09/2023 23:00:00 - 22/09/2023 00:00:00","BZN|PL","Without Sequence","87.16","",""
"22/09/2023 00:00:00 - 22/09/2023 01:00:00","BZN|PL","Without Sequence","85.61","",""
"22/09/2023 01:00:00 - 22/09/2023 02:00:00","BZN|PL","Without Sequence","84.29","",""
"22/09/2023 02:00:00 - 22/09/2023 03:00:00","BZN|PL","Without Sequence","85.19","",""
"22/09/2023 03:00:00 - 22/09/2023 04:00:00","BZN|PL","Without Sequence","88.90","",""
"22/09/2023 04:00:00 - 22/09/2023 05:00:00","BZN|PL","Without Sequence","108.40","",""
"22/09/2023 05:00:00 - 22/09/2023 06:00:00","BZN|PL","Without Sequence","108.26","",""
"22/09/2023 06:00:00 - 22/09/2023 07:00:00","BZN|PL","Without Sequence","105.59","",""
"22/09/2023 07:00:00 - 22/09/2023 08:00:00","BZN|PL","Without Sequence","107.18","",""
"22/09/2023 08:00:00 - 22/09/2023 09:00:00","BZN|PL","Without Sequence","99.64","",""
"22/09/2023 09:00:00 - 22/09/2023 10:00:00","BZN|PL","Without Sequence","90.93","",""
"22/09/2023 10:00:00 - 22/09/2023 11:00:00","BZN|PL","Without Sequence","86.43","",""
"22/09/2023 11:00:00 - 22/09/2023 12:00:00","BZN|PL","Without Sequence","97.35","",""
"22/09/2023 12:00:00 - 22/09/2023 13:00:00","BZN|PL","Without Sequence","106.41","",""
"22/09/2023 13:00:00 - 22/09/2023 14:00:00","BZN|PL","Without Sequence","98.52","",""
"22/09/2023 14:00:00 - 22/09/2023 15:00:00","BZN|PL","Without Sequence","108.08","",""
"22/09/2023 15:00:00 - 22/09/2023 16:00:00","BZN|PL","Without Sequence","150.02","",""
"22/09/2023 16:00:00 - 22/09/2023 17:00:00","BZN|PL","Without Sequence","135.10","",""
"22/09/2023 17:00:00 - 22/09/2023 18:00:00","BZN|PL","Without Sequence","158.20","",""
"22/09/2023 18:00:00 - 22/09/2023 19:00:00","BZN|PL","Without Sequence","139.57","",""
"22/09/2023 19:00:00 - 22/09/2023 20:00:00","BZN|PL","Without Sequence","123.98","",""
"22/09/2023 20:00:00 - 22/09/2023 21:00:00","BZN|PL","Without Sequence","105.93","",""
"22/09/2023 21:00:00 - 22/09/2023 22:00:00","BZN|PL","Without Sequence","103.06","",""
"22/09/2023 22:00:00 - 22/09/2023 23:00:00","BZN|PL","Without Sequence","109.04","",""
"22/09/2023 23:00:00 - 23/09/2023 00:00:00","BZN|PL","Without Sequence","101.27","",""
"23/09/2023 00:00:00 - 23/09/2023 01:00:00","BZN|PL","Without Sequence","103.13","",""
"23/09/2023 01:00:00 - 23/09/2023 02:00:00","BZN|PL","Without Sequence","103.28","",""
"23/09/2023 02:00:00 - 23/09/2023 03:00:00","BZN|PL","Without Sequence","103.73","",""
"23/09/2023 03:00:00 - 23/09/2023 04:00:00","BZN|PL","Without Sequence","100.35","",""
"23/09/2023 04:00:00 - 23/09/2023 05:00:00","BZN|PL","Without Sequence","98.88","",""
"23/09/2023 05:00:00 - 23/09/2023 06:00:00","BZN|PL","Without Sequence","107.20","",""
"23/09/2023 06:00:00 - 23/09/2023 07:00:00","BZN|PL","Without Sequence","109.99","",""
"23/09/2023 07:00:00 - 23/09/2023 08:00:00","BZN|PL","Without Sequence","106.47","",""
"23/09/2023 08:00:00 - 23/09/2023 09:00:00","BZN|PL","Without Sequence","107.99","",""
"23/09/2023 09:00:00 - 23/09/2023 10:00:00","BZN|PL","Without Sequence","105.17","",""
"23/09/2023 10:00:00 - 23/09/2023 11:00:00","BZN|PL","Without Sequence","105.06","",""
"23/09/2023 11:00:00 - 23/09/2023 12:00:00","BZN|PL","Without Sequence","105.12","",""
"23/09/2023 12:00:00 - 23/09/2023 13:00:00","BZN|PL","Without Sequence","105.09","",""
"23/09/2023 13:00:00 - 23/09/2023 14:00:00","BZN|PL","Without Sequence","105.98","",""
"23/09/2023 14:00:00 - 23/09/2023 15:00:00","BZN|PL","Without Sequence","108.55","",""
"23/09/2023 15:00:00 - 23/09/2023 16:00:00","BZN|PL","Without Sequence","132.76","",""
"23/09/2023 16:00:00 - 23/09/2023 17:00:00","BZN|PL","Without Sequence","136.40","",""
"23/09/2023 17:00:00 - 23/09/2023 18:00:00","BZN|PL","Without Sequence","155.97","",""
"23/09/2023 18:00:00 - 23/09/2023 19:00:00","BZN|PL","Without Sequence","145.00","",""
"23/09/2023 19:00:00 - 23/09/2023 20:00:00","BZN|PL","Without Sequence","117.91","",""
"23/09/2023 20:00:00 - 23/09/2023 21:00:00","BZN|PL","Without Sequence","106.92","",""
"23/09/2023 21:00:00 - 23/09/2023 22:00:00","BZN|PL","Without Sequence","100.09","",""
"23/09/2023 22:00:00 - 23/09/2023 23:00:00","BZN|PL","Without Sequence","98.71","",""
"23/09/2023 23:00:00 - 24/09/2023 00:00:00","BZN|PL","Without Sequence","87.24","",""
"24/09/2023 00:00:00 - 24/09/2023 01:00:00","BZN|PL","Without Sequence","88.40","",""
"24/09/2023 01:00:00 - 24/09/2023 02:00:00","BZN|PL","Without Sequence","98.04","",""
"24/09/2023 02:00:00 - 24/09/2023 03:00:00","BZN|PL","Without Sequence","98.04","",""
"24/09/2023 03:00:00 - 24/09/2023 04:00:00","BZN|PL","Without Sequence","89.63","",""
"24/09/2023 04:00:00 - 24/09/2023 05:00:00","BZN|PL","Without Sequence","93.01","",""
"24/09/2023 05:00:00 - 24/09/2023 06:00:00","BZN|PL","Without Sequence","93.60","",""
"24/09/2023 06:00:00 - 24/09/2023 07:00:00","BZN|PL","Without Sequence","90.06","",""
"24/09/2023 07:00:00 - 24/09/2023 08:00:00","BZN|PL","Without Sequence","87.44","",""
"24/09/2023 08:00:00 - 24/09/2023 09:00:00","BZN|PL","Without Sequence","91.20","",""
"24/09/2023 09:00:00 - 24/09/2023 10:00:00","BZN|PL","Without Sequence","84.73","",""
"24/09/2023 10:00:00 - 24/09/2023 11:00:00","BZN|PL","Without Sequence","86.12","",""
"24/09/2023 11:00:00 - 24/09/2023 12:00:00","BZN|PL","Without Sequence","90.41","",""
"24/09/2023 12:00:00 - 24/09/2023 13:00:00","BZN|PL","Without Sequence","102.75","",""
"24/09/2023 13:00:00 - 24/09/2023 14:00:00","BZN|PL","Without Sequence","107.25","",""
"24/09/2023 14:00:00 - 24/09/2023 15:00:00","BZN|PL","Without Sequence","107.20","",""
"24/09/2023 15:00:00 - 24/09/2023 16:00:00","BZN|PL","Without Sequence","111.55","",""
"24/09/2023 16:00:00 - 24/09/2023 17:00:00","BZN|PL","Without Sequence","141.21","",""
"24/09/2023 17:00:00 - 24/09/2023 18:00:00","BZN|PL","Without Sequence","157.29","",""
"24/09/2023 18:00:00 - 24/09/2023 19:00:00","BZN|PL","Without Sequence","134.98","",""
"24/09/2023 19:00:00 - 24/09/2023 20:00:00","BZN|PL","Without Sequence","105.00","",""
"24/09/2023 20:00:00 - 24/09/2023 21:00:00","BZN|PL","Without Sequence","98.03","",""
"24/09/2023 21:00:00 - 24/09/2023 22:00:00","BZN|PL","Without Sequence","105.05","",""
"24/09/2023 22:00:00 - 24/09/2023 23:00:00","BZN|PL","Without Sequence","105.57","",""
"24/09/2023 23:00:00 - 25/09/2023 00:00:00","BZN|PL","Without Sequence","101.34","",""
"25/09/2023 00:00:00 - 25/09/2023 01:00:00","BZN|PL","Without Sequence","101.08","",""
"25/09/2023 01:00:00 - 25/09/2023 02:00:00","BZN|PL","Without Sequence","100.39","",""
"25/09/2023 02:00:00 - 25/09/2023 03:00:00","BZN|PL","Without Sequence","102.30","",""
"25/09/2023 03:00:00 - 25/09/2023 04:00:00","BZN|PL","Without Sequence","105.70","",""
"25/09/2023 04:00:00 - 25/09/2023 05:00:00","BZN|PL","Without Sequence","122.93","",""
"25/09/2023 05:00:00 - 25/09/2023 06:00:00","BZN|PL","Without Sequence","139.15","",""
"25/09/2023 06:00:00 - 25/09/2023 07:00:00","BZN|PL","Without Sequence","147.52","",""
"25/09/2023 07:00:00 - 25/09/2023 08:00:00","BZN|PL","Without Sequence","130.40","",""
"25/09/2023 08:00:00 - 25/09/2023 09:00:00","BZN|PL","Without Sequence","107.32","",""
"25/09/2023 09:00:00 - 25/09/2023 10:00:00","BZN|PL","Without Sequence","107.21","",""
"25/09/2023 10:00:00 - 25/09/2023 11:00:00","BZN|PL","Without Sequence","107.35","",""
"25/09/2023 11:00:00 - 25/09/2023 12:00:00","BZN|PL","Without Sequence","107.55","",""
"25/09/2023 12:00:00 - 25/09/2023 13:00:00","BZN|PL","Without Sequence","108.91","",""
"25/09/2023 13:00:00 - 25/09/2023 14:00:00","BZN|PL","Without Sequence","131.07","",""
"25/09/2023 14:00:00 - 25/09/2023 15:00:00","BZN|PL","Without Sequence","162.93","",""
"25/09/2023 15:00:00 - 25/09/2023 16:00:00","BZN|PL","Without Sequence","155.22","",""
"25/09/2023 16:00:00 - 25/09/2023 17:00:00","BZN|PL","Without Sequence","196.00","",""
"25/09/2023 17:00:00 - 25/09/2023 18:00:00","BZN|PL","Without Sequence","199.09","",""
"25/09/2023 18:00:00 - 25/09/2023 19:00:00","BZN|PL","Without Sequence","196.25","",""
"25/09/2023 19:00:00 - 25/09/2023 20:00:00","BZN|PL","Without Sequence","136.14","",""
"25/09/2023 20:00:00 - 25/09/2023 21:00:00","BZN|PL","Without Sequence","123.07","",""
"25/09/2023 21:00:00 - 25/09/2023 22:00:00","BZN|PL","Without Sequence","110.95","",""
"25/09/2023 22:00:00 - 25/09/2023 23:00:00","BZN|PL","Without Sequence","110.85","",""
"25/09/2023 23:00:00 - 26/09/2023 00:00:00","BZN|PL","Without Sequence","107.99","",""
"26/09/2023 00:00:00 - 26/09/2023 01:00:00","BZN|PL","Without Sequence","104.93","",""
"26/09/2023 01:00:00 - 26/09/2023 02:00:00","BZN|PL","Without Sequence","104.58","",""
"26/09/2023 02:00:00 - 26/09/2023 03:00:00","BZN|PL","Without Sequence","104.43","",""
"26/09/2023 03:00:00 - 26/09/2023 04:00:00","BZN|PL","Without Sequence","107.99","",""
"26/09/2023 04:00:00 - 26/09/2023 05:00:00","BZN|PL","Without Sequence","150.72","",""
"26/09/2023 05:00:00 - 26/09/2023 06:00:00","BZN|PL","Without Sequence","174.89","",""
"26/09/2023 06:00:00 - 26/09/2023 07:00:00","BZN|PL","Without Sequence","159.56","",""
"26/09/2023 07:00:00 - 26/09/2023 08:00:00","BZN|PL","Without Sequence","116.62","",""
"26/09/2023 08:00:00 - 26/09/2023 09:00:00","BZN|PL","Without Sequence","100.41","",""
"26/09/2023 09:00:00 - 26/09/2023 10:00:00","BZN|PL","Without Sequence","92.98","",""
"26/09/2023 10:00:00 - 26/09/2023 11:00:00","BZN|PL","Without Sequence","91.67","",""
"26/09/2023 11:00:00 - 26/09/2023 12:00:00","BZN|PL","Without Sequence","91.69","",""
"26/09/2023 12:00:00 - 26/09/2023 13:00:00","BZN|PL","Without Sequence","91.58","",""
"26/09/2023 13:00:00 - 26/09/2023 14:00:00","BZN|PL","Without Sequence","98.02","",""
"26/09/2023 14:00:00 - 26/09/2023 15:00:00","BZN|PL","Without Sequence","104.51","",""
"26/09/2023 15:00:00 - 26/09/2023 16:00:00","BZN|PL","Without Sequence","135.26","",""
"26/09/2023 16:00:00 - 26/09/2023 17:00:00","BZN|PL","Without Sequence","177.08","",""
"26/09/2023 17:00:00 - 26/09/2023 18:00:00","BZN|PL","Without Sequence","189.23","",""
"26/09/2023 18:00:00 - 26/09/2023 19:00:00","BZN|PL","Without Sequence","160.34","",""
"26/09/2023 19:00:00 - 26/09/2023 20:00:00","BZN|PL","Without Sequence","126.27","",""
"26/09/2023 20:00:00 - 26/09/2023 21:00:00","BZN|PL","Without Sequence","108.06","",""
"26/09/2023 21:00:00 - 26/09/2023 22:00:00","BZN|PL","Without Sequence","101.28","",""
"26/09/2023 22:00:00 - 26/09/2023 23:00:00","BZN|PL","Without Sequence","105.51","",""
"26/09/2023 23:00:00 - 27/09/2023 00:00:00","BZN|PL","Without Sequence","102.00","",""
"27/09/2023 00:00:00 - 27/09/2023 01:00:00","BZN|PL","Without Sequence","102.95","",""
"27/09/2023 01:00:00 - 27/09/2023 02:00:00","BZN|PL","Without Sequence","104.94","",""
"27/09/2023 02:00:00 - 27/09/2023 03:00:00","BZN|PL","Without Sequence","100.81","",""
"27/09/2023 03:00:00 - 27/09/2023 04:00:00","BZN|PL","Without Sequence","108.49","",""
"27/09/2023 04:00:00 - 27/09/2023 05:00:00","BZN|PL","Without Sequence","141.17","",""
"27/09/2023 05:00:00 - 27/09/2023 06:00:00","BZN|PL","Without Sequence","173.58","",""
"27/09/2023 06:00:00 - 27/09/2023 07:00:00","BZN|PL","Without Sequence","153.29","",""
"27/09/2023 07:00:00 - 27/09/2023 08:00:00","BZN|PL","Without Sequence","120.37","",""
"27/09/2023 08:00:00 - 27/09/2023 09:00:00","BZN|PL","Without Sequence","102.33","",""
"27/09/2023 09:00:00 - 27/09/2023 10:00:00","BZN|PL","Without Sequence","93.26","",""
"27/09/2023 10:00:00 - 27/09/2023 11:00:00","BZN|PL","Without Sequence","90.20","",""
"27/09/2023 11:00:00 - 27/09/2023 12:00:00","BZN|PL","Without Sequence","87.39","",""
"27/09/2023 12:00:00 - 27/09/2023 13:00:00","BZN|PL","Without Sequence","93.28","",""
"27/09/2023 13:00:00 - 27/09/2023 14:00:00","BZN|PL","Without Sequence","93.48","",""
"27/09/2023 14:00:00 - 27/09/2023 15:00:00","BZN|PL","Without Sequence","129.22","",""
"27/09/2023 15:00:00 - 27/09/2023 16:00:00","BZN|PL","Without Sequence","158.47","",""
"27/09/2023 16:00:00 - 27/09/2023 17:00:00","BZN|PL","Without Sequence","191.90","",""
"27/09/2023 17:00:00 - 27/09/2023 18:00:00","BZN|PL","Without Sequence","191.99","",""
"27/09/2023 18:00:00 - 27/09/2023 19:00:00","BZN|PL","Without Sequence","141.55","",""
"27/09/2023 19:00:00 - 27/09/2023 20:00:00","BZN|PL","Without Sequence","107.79","",""
"27/09/2023 20:00:00 - 27/09/2023 21:00:00","BZN|PL","Without Sequence","96.38","",""
"27/09/2023 21:00:00 - 27/09/2023 22:00:00","BZN|PL","Without Sequence","93.22","",""
"27/09/2023 22:00:00 - 27/09/2023 23:00:00","BZN|PL","Without Sequence","88.02","",""
"27/09/2023 23:00:00 - 28/09/2023 00:00:00","BZN|PL","Without Sequence","83.32","",""
"28/09/2023 00:00:00 - 28/09/2023 01:00:00","BZN|PL","Without Sequence","72.35","",""
"28/09/2023 01:00:00 - 28/09/2023 02:00:00","BZN|PL","Without Sequence","72.26","",""
"28/09/2023 02:00:00 - 28/09/2023 03:00:00","BZN|PL","Without Sequence","79.57","",""
"28/09/2023 03:00:00 - 28/09/2023 04:00:00","BZN|PL","Without Sequence","91.41","",""
"28/09/2023 04:00:00 - 28/09/2023 05:00:00","BZN|PL","Without Sequence","114.95","",""
"28/09/2023 05:00:00 - 28/09/2023 06:00:00","BZN|PL","Without Sequence","123.44","",""
"28/09/2023 06:00:00 - 28/09/2023 07:00:00","BZN|PL","Without Sequence","129.56","",""
"28/09/2023 07:00:00 - 28/09/2023 08:00:00","BZN|PL","Without Sequence","110.85","",""
"28/09/2023 08:00:00 - 28/09/2023 09:00:00","BZN|PL","Without Sequence","93.36","",""
"28/09/2023 09:00:00 - 28/09/2023 10:00:00","BZN|PL","Without Sequence","88.56","",""
"28/09/2023 10:00:00 - 28/09/2023 11:00:00","BZN|PL","Without Sequence","66.61","",""
"28/09/2023 11:00:00 - 28/09/2023 12:00:00","BZN|PL","Without Sequence","69.88","",""
"28/09/2023 12:00:00 - 28/09/2023 13:00:00","BZN|PL","Without Sequence","87.70","",""
"28/09/2023 13:00:00 - 28/09/2023 14:00:00","BZN|PL","Without Sequence","102.88","",""
"28/09/2023 14:00:00 - 28/09/2023 15:00:00","BZN|PL","Without Sequence","108.52","",""
"28/09/2023 15:00:00 - 28/09/2023 16:00:00","BZN|PL","Without Sequence","149.28","",""
"28/09/2023 16:00:00 - 28/09/2023 17:00:00","BZN|PL","Without Sequence","179.47","",""
"28/09/2023 17:00:00 - 28/09/2023 18:00:00","BZN|PL","Without Sequence","191.87","",""
"28/09/2023 18:00:00 - 28/09/2023 19:00:00","BZN|PL","Without Sequence","156.45","",""
"28/09/2023 19:00:00 - 28/09/2023 20:00:00","BZN|PL","Without Sequence","128.18","",""
"28/09/2023 20:00:00 - 28/09/2023 21:00:00","BZN|PL","Without Sequence","118.08","",""
"28/09/2023 21:00:00 - 28/09/2023 22:00:00","BZN|PL","Without Sequence","110.69","",""
"28/09/2023 22:00:00 - 28/09/2023 23:00:00","BZN|PL","Without Sequence","108.50","",""
"28/09/2023 23:00:00 - 29/09/2023 00:00:00","BZN|PL","Without Sequence","97.61","",""
"29/09/2023 00:00:00 - 29/09/2023 01:00:00","BZN|PL","Without Sequence","94.24","",""
"29/09/2023 01:00:00 - 29/09/2023 02:00:00","BZN|PL","Without Sequence","90.56","",""
"29/09/2023 02:00:00 - 29/09/2023 03:00:00","BZN|PL","Without Sequence","93.35","",""
"29/09/2023 03:00:00 - 29/09/2023 04:00:00","BZN|PL","Without Sequence","99.50","",""
"29/09/2023 04:00:00 - 29/09/2023 05:00:00","BZN|PL","Without Sequence","127.69","",""
"29/09/2023 05:00:00 - 29/09/2023 06:00:00","BZN|PL","Without Sequence","138.00","",""
"29/09/2023 06:00:00 - 29/09/2023 07:00:00","BZN|PL","Without Sequence","130.05","",""
"29/09/2023 07:00:00 - 29/09/2023 08:00:00","BZN|PL","Without Sequence","106.95","",""
"29/09/2023 08:00:00 - 29/09/2023 09:00:00","BZN|PL","Without Sequence","92.07","",""
"29/09/2023 09:00:00 - 29/09/2023 10:00:00","BZN|PL","Without Sequence","87.37","",""
"29/09/2023 10:00:00 - 29/09/2023 11:00:00","BZN|PL","Without Sequence","82.05","",""
"29/09/2023 11:00:00 - 29/09/2023 12:00:00","BZN|PL","Without Sequence","72.44","",""
"29/09/2023 12:00:00 - 29/09/2023 13:00:00","BZN|PL","Without Sequence","77.04","",""
"29/09/2023 13:00:00 - 29/09/2023 14:00:00","BZN|PL","Without Sequence","94.09","",""
"29/09/2023 14:00:00 - 29/09/2023 15:00:00","BZN|PL","Without Sequence","107.00","",""
"29/09/2023 15:00:00 - 29/09/2023 16:00:00","BZN|PL","Without Sequence","136.94","",""
"29/09/2023 16:00:00 - 29/09/2023 17:00:00","BZN|PL","Without Sequence","148.05","",""
"29/09/2023 17:00:00 - 29/09/2023 18:00:00","BZN|PL","Without Sequence","148.07","",""
"29/09/2023 18:00:00 - 29/09/2023 19:00:00","BZN|PL","Without Sequence","137.88","",""
"29/09/2023 19:00:00 - 29/09/2023 20:00:00","BZN|PL","Without Sequence","113.40","",""
"29/09/2023 20:00:00 - 29/09/2023 21:00:00","BZN|PL","Without Sequence","106.57","",""
"29/09/2023 21:00:00 - 29/09/2023 22:00:00","BZN|PL","Without Sequence","101.07","",""
"29/09/2023 22:00:00 - 29/09/2023 23:00:00","BZN|PL","Without Sequence","106.61","",""
"29/09/2023 23:00:00 - 30/09/2023 00:00:00","BZN|PL","Without Sequence","106.62","",""
"30/09/2023 00:00:00 - 30/09/2023 01:00:00","BZN|PL","Without Sequence","106.57","",""
"30/09/2023 01:00:00 - 30/09/2023 02:00:00","BZN|PL","Without Sequence","102.84","",""
"30/09/2023 02:00:00 - 30/09/2023 03:00:00","BZN|PL","Without Sequence","101.92","",""
"30/09/2023 03:00:00 - 30/09/2023 04:00:00","BZN|PL","Without Sequence","104.70","",""
"30/09/2023 04:00:00 - 30/09/2023 05:00:00","BZN|PL","Without Sequence","106.57","",""
"30/09/2023 05:00:00 - 30/09/2023 06:00:00","BZN|PL","Without Sequence","108.91","",""
"30/09/2023 06:00:00 - 30/09/2023 07:00:00","BZN|PL","Without Sequence","108.25","",""
"30/09/2023 07:00:00 - 30/09/2023 08:00:00","BZN|PL","Without Sequence","106.64","",""
"30/09/2023 08:00:00 - 30/09/2023 09:00:00","BZN|PL","Without Sequence","87.63","",""
"30/09/2023 09:00:00 - 30/09/2023 10:00:00","BZN|PL","Without Sequence","70.78","",""
"30/09/2023 10:00:00 - 30/09/2023 11:00:00","BZN|PL","Without Sequence","55.03","",""
"30/09/2023 11:00:00 - 30/09/2023 12:00:00","BZN|PL","Without Sequence","51.78","",""
"30/09/2023 12:00:00 - 30/09/2023 13:00:00","BZN|PL","Without Sequence","64.68","",""
"30/09/2023 13:00:00 - 30/09/2023 14:00:00","BZN|PL","Without Sequence","85.03","",""
"30/09/2023 14:00:00 - 30/09/2023 15:00:00","BZN|PL","Without Sequence","106.53","",""
"30/09/2023 15:00:00 - 30/09/2023 16:00:00","BZN|PL","Without Sequence","107.81","",""
"30/09/2023 16:00:00 - 30/09/2023 17:00:00","BZN|PL","Without Sequence","127.20","",""
"30/09/2023 17:00:00 - 30/09/2023 18:00:00","BZN|PL","Without Sequence","135.29","",""
"30/09/2023 18:00:00 - 30/09/2023 19:00:00","BZN|PL","Without Sequence","127.76","",""
"30/09/2023 19:00:00 - 30/09/2023 20:00:00","BZN|PL","Without Sequence","111.91","",""
"30/09/2023 20:00:00 - 30/09/2023 21:00:00","BZN|PL","Without Sequence","107.40","",""
"30/09/2023 21:00:00 - 30/09/2023 22:00:00","BZN|PL","Without Sequence","101.04","",""
"30/09/2023 22:00:00 - 30/09/2023 23:00:00","BZN|PL","Without Sequence","102.73","",""
"30/09/2023 23:00:00 - 01/10/2023 00:00:00","BZN|PL","Without Sequence","94.14","",""
"01/10/2023 00:00:00 - 01/10/2023 01:00:00","BZN|PL","Without Sequence","88.60","",""
"01/10/2023 01:00:00 - 01/10/2023 02:00:00","BZN|PL","Without Sequence","88.67","",""
"01/10/2023 02:00:00 - 01/10/2023 03:00:00","BZN|PL","Without Sequence","86.26","",""
"01/10/2023 03:00:00 - 01/10/2023 04:00:00","BZN|PL","Without Sequence","85.15","",""
"01/10/2023 04:00:00 - 01/10/2023 05:00:00","BZN|PL","Without Sequence","84.79","",""
"01/10/2023 05:00:00 - 01/10/2023 06:00:00","BZN|PL","Without Sequence","88.08","",""
"01/10/2023 06:00:00 - 01/10/2023 07:00:00","BZN|PL","Without Sequence","82.10","",""
"01/10/2023 07:00:00 - 01/10/2023 08:00:00","BZN|PL","Without Sequence","66.01","",""
"01/10/2023 08:00:00 - 01/10/2023 09:00:00","BZN|PL","Without Sequence","53.99","",""
"01/10/2023 09:00:00 - 01/10/2023 10:00:00","BZN|PL","Without Sequence","38.86","",""
"01/10/2023 10:00:00 - 01/10/2023 11:00:00","BZN|PL","Without Sequence","46.66","",""
"01/10/2023 11:00:00 - 01/10/2023 12:00:00","BZN|PL","Without Sequence","64.73","",""
"01/10/2023 12:00:00 - 01/10/2023 13:00:00","BZN|PL","Without Sequence","64.94","",""
"01/10/2023 13:00:00 - 01/10/2023 14:00:00","BZN|PL","Without Sequence","77.21","",""
"01/10/2023 14:00:00 - 01/10/2023 15:00:00","BZN|PL","Without Sequence","76.32","",""
"01/10/2023 15:00:00 - 01/10/2023 16:00:00","BZN|PL","Without Sequence","101.49","",""
"01/10/2023 16:00:00 - 01/10/2023 17:00:00","BZN|PL","Without Sequence","120.06","",""
"01/10/2023 17:00:00 - 01/10/2023 18:00:00","BZN|PL","Without Sequence","130.00","",""
"01/10/2023 18:00:00 - 01/10/2023 19:00:00","BZN|PL","Without Sequence","130.00","",""
"01/10/2023 19:00:00 - 01/10/2023 20:00:00","BZN|PL","Without Sequence","115.16","",""
"01/10/2023 20:00:00 - 01/10/2023 21:00:00","BZN|PL","Without Sequence","106.62","",""
"01/10/2023 21:00:00 - 01/10/2023 22:00:00","BZN|PL","Without Sequence","99.97","",""
"01/10/2023 22:00:00 - 01/10/2023 23:00:00","BZN|PL","Without Sequence","97.10","",""
"01/10/2023 23:00:00 - 02/10/2023 00:00:00","BZN|PL","Without Sequence","97.29","",""
"02/10/2023 00:00:00 - 02/10/2023 01:00:00","BZN|PL","Without Sequence","96.45","",""
"02/10/2023 01:00:00 - 02/10/2023 02:00:00","BZN|PL","Without Sequence","97.14","",""
"02/10/2023 02:00:00 - 02/10/2023 03:00:00","BZN|PL","Without Sequence","98.19","",""
"02/10/2023 03:00:00 - 02/10/2023 04:00:00","BZN|PL","Without Sequence","99.33","",""
"02/10/2023 04:00:00 - 02/10/2023 05:00:00","BZN|PL","Without Sequence","125.30","",""
"02/10/2023 05:00:00 - 02/10/2023 06:00:00","BZN|PL","Without Sequence","144.81","",""
"02/10/2023 06:00:00 - 02/10/2023 07:00:00","BZN|PL","Without Sequence","144.50","",""
"02/10/2023 07:00:00 - 02/10/2023 08:00:00","BZN|PL","Without Sequence","127.99","",""
"02/10/2023 08:00:00 - 02/10/2023 09:00:00","BZN|PL","Without Sequence","105.37","",""
"02/10/2023 09:00:00 - 02/10/2023 10:00:00","BZN|PL","Without Sequence","103.65","",""
"02/10/2023 10:00:00 - 02/10/2023 11:00:00","BZN|PL","Without Sequence","105.32","",""
"02/10/2023 11:00:00 - 02/10/2023 12:00:00","BZN|PL","Without Sequence","103.17","",""
"02/10/2023 12:00:00 - 02/10/2023 13:00:00","BZN|PL","Without Sequence","95.89","",""
"02/10/2023 13:00:00 - 02/10/2023 14:00:00","BZN|PL","Without Sequence","98.11","",""
"02/10/2023 14:00:00 - 02/10/2023 15:00:00","BZN|PL","Without Sequence","122.57","",""
"02/10/2023 15:00:00 - 02/10/2023 16:00:00","BZN|PL","Without Sequence","141.72","",""
"02/10/2023 16:00:00 - 02/10/2023 17:00:00","BZN|PL","Without Sequence","183.60","",""
"02/10/2023 17:00:00 - 02/10/2023 18:00:00","BZN|PL","Without Sequence","192.28","",""
"02/10/2023 18:00:00 - 02/10/2023 19:00:00","BZN|PL","Without Sequence","160.07","",""
"02/10/2023 19:00:00 - 02/10/2023 20:00:00","BZN|PL","Without Sequence","120.00","",""
"02/10/2023 20:00:00 - 02/10/2023 21:00:00","BZN|PL","Without Sequence","106.96","",""
"02/10/2023 21:00:00 - 02/10/2023 22:00:00","BZN|PL","Without Sequence","100.00","",""
"02/10/2023 22:00:00 - 02/10/2023 23:00:00","BZN|PL","Without Sequence","97.58","",""
"02/10/2023 23:00:00 - 03/10/2023 00:00:00","BZN|PL","Without Sequence","93.42","",""
"03/10/2023 00:00:00 - 03/10/2023 01:00:00","BZN|PL","Without Sequence","102.04","",""
"03/10/2023 01:00:00 - 03/10/2023 02:00:00","BZN|PL","Without Sequence","97.72","",""
"03/10/2023 02:00:00 - 03/10/2023 03:00:00","BZN|PL","Without Sequence","90.81","",""
"03/10/2023 03:00:00 - 03/10/2023 04:00:00","BZN|PL","Without Sequence","98.53","",""
"03/10/2023 04:00:00 - 03/10/2023 05:00:00","BZN|PL","Without Sequence","104.35","",""
"03/10/2023 05:00:00 - 03/10/2023 06:00:00","BZN|PL","Without Sequence","100.26","",""
"03/10/2023 06:00:00 - 03/10/2023 07:00:00","BZN|PL","Without Sequence","93.64","",""
"03/10/2023 07:00:00 - 03/10/2023 08:00:00","BZN|PL","Without Sequence","54.25","",""
"03/10/2023 08:00:00 - 03/10/2023 09:00:00","BZN|PL","Without Sequence","13.02","",""
"03/10/2023 09:00:00 - 03/10/2023 10:00:00","BZN|PL","Without Sequence","11.98","",""
"03/10/2023 10:00:00 - 03/10/2023 11:00:00","BZN|PL","Without Sequence","-0.83","",""
"03/10/2023 11:00:00 - 03/10/2023 12:00:00","BZN|PL","Without Sequence","-1.78","",""
"03/10/2023 12:00:00 - 03/10/2023 13:00:00","BZN|PL","Without Sequence","13.00","",""
"03/10/2023 13:00:00 - 03/10/2023 14:00:00","BZN|PL","Without Sequence","13.02","",""
"03/10/2023 14:00:00 - 03/10/2023 15:00:00","BZN|PL","Without Sequence","39.07","",""
"03/10/2023 15:00:00 - 03/10/2023 16:00:00","BZN|PL","Without Sequence","90.81","",""
"03/10/2023 16:00:00 - 03/10/2023 17:00:00","BZN|PL","Without Sequence","100.26","",""
"03/10/2023 17:00:00 - 03/10/2023 18:00:00","BZN|PL","Without Sequence","96.56","",""
"03/10/2023 18:00:00 - 03/10/2023 19:00:00","BZN|PL","Without Sequence","89.11","",""
"03/10/2023 19:00:00 - 03/10/2023 20:00:00","BZN|PL","Without Sequence","25.82","",""
"03/10/2023 20:00:00 - 03/10/2023 21:00:00","BZN|PL","Without Sequence","60.43","",""
"03/10/2023 21:00:00 - 03/10/2023 22:00:00","BZN|PL","Without Sequence","10.21","",""
"03/10/2023 22:00:00 - 03/10/2023 23:00:00","BZN|PL","Without Sequence","1.03","",""
"03/10/2023 23:00:00 - 04/10/2023 00:00:00","BZN|PL","Without Sequence","1.48","",""
"04/10/2023 00:00:00 - 04/10/2023 01:00:00","BZN|PL","Without Sequence","2.04","",""
"04/10/2023 01:00:00 - 04/10/2023 02:00:00","BZN|PL","Without Sequence","1.07","",""
"04/10/2023 02:00:00 - 04/10/2023 03:00:00","BZN|PL","Without Sequence","7.64","",""
"04/10/2023 03:00:00 - 04/10/2023 04:00:00","BZN|PL","Without Sequence","31.11","",""
"04/10/2023 04:00:00 - 04/10/2023 05:00:00","BZN|PL","Without Sequence","94.28","",""
"04/10/2023 05:00:00 - 04/10/2023 06:00:00","BZN|PL","Without Sequence","88.63","",""
"04/10/2023 06:00:00 - 04/10/2023 07:00:00","BZN|PL","Without Sequence","100.22","",""
"04/10/2023 07:00:00 - 04/10/2023 08:00:00","BZN|PL","Without Sequence","100.15","",""
"04/10/2023 08:00:00 - 04/10/2023 09:00:00","BZN|PL","Without Sequence","72.54","",""
"04/10/2023 09:00:00 - 04/10/2023 10:00:00","BZN|PL","Without Sequence","58.59","",""
"04/10/2023 10:00:00 - 04/10/2023 11:00:00","BZN|PL","Without Sequence","30.33","",""
"04/10/2023 11:00:00 - 04/10/2023 12:00:00","BZN|PL","Without Sequence","20.55","",""
"04/10/2023 12:00:00 - 04/10/2023 13:00:00","BZN|PL","Without Sequence","29.14","",""
"04/10/2023 13:00:00 - 04/10/2023 14:00:00","BZN|PL","Without Sequence","57.52","",""
"04/10/2023 14:00:00 - 04/10/2023 15:00:00","BZN|PL","Without Sequence","85.44","",""
"04/10/2023 15:00:00 - 04/10/2023 16:00:00","BZN|PL","Without Sequence","100.12","",""
"04/10/2023 16:00:00 - 04/10/2023 17:00:00","BZN|PL","Without Sequence","111.67","",""
"04/10/2023 17:00:00 - 04/10/2023 18:00:00","BZN|PL","Without Sequence","127.81","",""
"04/10/2023 18:00:00 - 04/10/2023 19:00:00","BZN|PL","Without Sequence","118.04","",""
"04/10/2023 19:00:00 - 04/10/2023 20:00:00","BZN|PL","Without Sequence","88.53","",""
"04/10/2023 20:00:00 - 04/10/2023 21:00:00","BZN|PL","Without Sequence","85.59","",""
"04/10/2023 21:00:00 - 04/10/2023 22:00:00","BZN|PL","Without Sequence","77.59","",""
"04/10/2023 22:00:00 - 04/10/2023 23:00:00","BZN|PL","Without Sequence","70.64","",""
"04/10/2023 23:00:00 - 05/10/2023 00:00:00","BZN|PL","Without Sequence","60.84","",""
"05/10/2023 00:00:00 - 05/10/2023 01:00:00","BZN|PL","Without Sequence","57.50","",""
"05/10/2023 01:00:00 - 05/10/2023 02:00:00","BZN|PL","Without Sequence","61.91","",""
"05/10/2023 02:00:00 - 05/10/2023 03:00:00","BZN|PL","Without Sequence","60.87","",""
"05/10/2023 03:00:00 - 05/10/2023 04:00:00","BZN|PL","Without Sequence","75.72","",""
"05/10/2023 04:00:00 - 05/10/2023 05:00:00","BZN|PL","Without Sequence","98.67","",""
"05/10/2023 05:00:00 - 05/10/2023 06:00:00","BZN|PL","Without Sequence","97.14","",""
"05/10/2023 06:00:00 - 05/10/2023 07:00:00","BZN|PL","Without Sequence","104.80","",""
"05/10/2023 07:00:00 - 05/10/2023 08:00:00","BZN|PL","Without Sequence","107.11","",""
"05/10/2023 08:00:00 - 05/10/2023 09:00:00","BZN|PL","Without Sequence","87.33","",""
"05/10/2023 09:00:00 - 05/10/2023 10:00:00","BZN|PL","Without Sequence","79.35","",""
"05/10/2023 10:00:00 - 05/10/2023 11:00:00","BZN|PL","Without Sequence","74.99","",""
"05/10/2023 11:00:00 - 05/10/2023 12:00:00","BZN|PL","Without Sequence","76.01","",""
"05/10/2023 12:00:00 - 05/10/2023 13:00:00","BZN|PL","Without Sequence","80.03","",""
"05/10/2023 13:00:00 - 05/10/2023 14:00:00","BZN|PL","Without Sequence","83.69","",""
"05/10/2023 14:00:00 - 05/10/2023 15:00:00","BZN|PL","Without Sequence","98.45","",""
"05/10/2023 15:00:00 - 05/10/2023 16:00:00","BZN|PL","Without Sequence","100.10","",""
"05/10/2023 16:00:00 - 05/10/2023 17:00:00","BZN|PL","Without Sequence","112.36","",""
"05/10/2023 17:00:00 - 05/10/2023 18:00:00","BZN|PL","Without Sequence","114.50","",""
"05/10/2023 18:00:00 - 05/10/2023 19:00:00","BZN|PL","Without Sequence","116.68","",""
"05/10/2023 19:00:00 - 05/10/2023 20:00:00","BZN|PL","Without Sequence","108.93","",""
"05/10/2023 20:00:00 - 05/10/2023 21:00:00","BZN|PL","Without Sequence","100.98","",""
"05/10/2023 21:00:00 - 05/10/2023 22:00:00","BZN|PL","Without Sequence","94.58","",""
"05/10/2023 22:00:00 - 05/10/2023 23:00:00","BZN|PL","Without Sequence","96.75","",""
"05/10/2023 23:00:00 - 06/10/2023 00:00:00","BZN|PL","Without Sequence","93.57","",""
"06/10/2023 00:00:00 - 06/10/2023 01:00:00","BZN|PL","Without Sequence","90.60","",""
"06/10/2023 01:00:00 - 06/10/2023 02:00:00","BZN|PL","Without Sequence","89.11","",""
"06/10/2023 02:00:00 - 06/10/2023 03:00:00","BZN|PL","Without Sequence","101.10","",""
"06/10/2023 03:00:00 - 06/10/2023 04:00:00","BZN|PL","Without Sequence","104.52","",""
"06/10/2023 04:00:00 - 06/10/2023 05:00:00","BZN|PL","Without Sequence","131.98","",""
"06/10/2023 05:00:00 - 06/10/2023 06:00:00","BZN|PL","Without Sequence","136.98","",""
"06/10/2023 06:00:00 - 06/10/2023 07:00:00","BZN|PL","Without Sequence","122.88","",""
"06/10/2023 07:00:00 - 06/10/2023 08:00:00","BZN|PL","Without Sequence","104.39","",""
"06/10/2023 08:00:00 - 06/10/2023 09:00:00","BZN|PL","Without Sequence","103.50","",""
"06/10/2023 09:00:00 - 06/10/2023 10:00:00","BZN|PL","Without Sequence","101.10","",""
"06/10/2023 10:00:00 - 06/10/2023 11:00:00","BZN|PL","Without Sequence","90.18","",""
"06/10/2023 11:00:00 - 06/10/2023 12:00:00","BZN|PL","Without Sequence","88.63","",""
"06/10/2023 12:00:00 - 06/10/2023 13:00:00","BZN|PL","Without Sequence","90.23","",""
"06/10/2023 13:00:00 - 06/10/2023 14:00:00","BZN|PL","Without Sequence","93.46","",""
"06/10/2023 14:00:00 - 06/10/2023 15:00:00","BZN|PL","Without Sequence","101.96","",""
"06/10/2023 15:00:00 - 06/10/2023 16:00:00","BZN|PL","Without Sequence","104.00","",""
"06/10/2023 16:00:00 - 06/10/2023 17:00:00","BZN|PL","Without Sequence","96.75","",""
"06/10/2023 17:00:00 - 06/10/2023 18:00:00","BZN|PL","Without Sequence","96.76","",""
"06/10/2023 18:00:00 - 06/10/2023 19:00:00","BZN|PL","Without Sequence","93.49","",""
"06/10/2023 19:00:00 - 06/10/2023 20:00:00","BZN|PL","Without Sequence","77.56","",""
"06/10/2023 20:00:00 - 06/10/2023 21:00:00","BZN|PL","Without Sequence","60.88","",""
"06/10/2023 21:00:00 - 06/10/2023 22:00:00","BZN|PL","Without Sequence","28.25","",""
"06/10/2023 22:00:00 - 06/10/2023 23:00:00","BZN|PL","Without Sequence","-9.13","",""
"06/10/2023 23:00:00 - 07/10/2023 00:00:00","BZN|PL","Without Sequence","-6.53","",""
"07/10/2023 00:00:00 - 07/10/2023 01:00:00","BZN|PL","Without Sequence","-7.18","",""
"07/10/2023 01:00:00 - 07/10/2023 02:00:00","BZN|PL","Without Sequence","-9.85","",""
"07/10/2023 02:00:00 - 07/10/2023 03:00:00","BZN|PL","Without Sequence","-3.48","",""
"07/10/2023 03:00:00 - 07/10/2023 04:00:00","BZN|PL","Without Sequence","-8.73","",""
"07/10/2023 04:00:00 - 07/10/2023 05:00:00","BZN|PL","Without Sequence","-10.25","",""
"07/10/2023 05:00:00 - 07/10/2023 06:00:00","BZN|PL","Without Sequence","7.17","",""
"07/10/2023 06:00:00 - 07/10/2023 07:00:00","BZN|PL","Without Sequence","43.16","",""
"07/10/2023 07:00:00 - 07/10/2023 08:00:00","BZN|PL","Without Sequence","47.89","",""
"07/10/2023 08:00:00 - 07/10/2023 09:00:00","BZN|PL","Without Sequence","47.00","",""
"07/10/2023 09:00:00 - 07/10/2023 10:00:00","BZN|PL","Without Sequence","19.31","",""
"07/10/2023 10:00:00 - 07/10/2023 11:00:00","BZN|PL","Without Sequence","10.16","",""
"07/10/2023 11:00:00 - 07/10/2023 12:00:00","BZN|PL","Without Sequence","0.22","",""
"07/10/2023 12:00:00 - 07/10/2023 13:00:00","BZN|PL","Without Sequence","1.00","",""
"07/10/2023 13:00:00 - 07/10/2023 14:00:00","BZN|PL","Without Sequence","27.91","",""
"07/10/2023 14:00:00 - 07/10/2023 15:00:00","BZN|PL","Without Sequence","73.99","",""
"07/10/2023 15:00:00 - 07/10/2023 16:00:00","BZN|PL","Without Sequence","86.44","",""
"07/10/2023 16:00:00 - 07/10/2023 17:00:00","BZN|PL","Without Sequence","99.41","",""
"07/10/2023 17:00:00 - 07/10/2023 18:00:00","BZN|PL","Without Sequence","102.24","",""
"07/10/2023 18:00:00 - 07/10/2023 19:00:00","BZN|PL","Without Sequence","100.00","",""
"07/10/2023 19:00:00 - 07/10/2023 20:00:00","BZN|PL","Without Sequence","83.99","",""
"07/10/2023 20:00:00 - 07/10/2023 21:00:00","BZN|PL","Without Sequence","76.19","",""
"07/10/2023 21:00:00 - 07/10/2023 22:00:00","BZN|PL","Without Sequence","72.00","",""
"07/10/2023 22:00:00 - 07/10/2023 23:00:00","BZN|PL","Without Sequence","83.97","",""
"07/10/2023 23:00:00 - 08/10/2023 00:00:00","BZN|PL","Without Sequence","71.17","",""
"08/10/2023 00:00:00 - 08/10/2023 01:00:00","BZN|PL","Without Sequence","70.54","",""
"08/10/2023 01:00:00 - 08/10/2023 02:00:00","BZN|PL","Without Sequence","70.67","",""
"08/10/2023 02:00:00 - 08/10/2023 03:00:00","BZN|PL","Without Sequence","71.81","",""
"08/10/2023 03:00:00 - 08/10/2023 04:00:00","BZN|PL","Without Sequence","77.09","",""
"08/10/2023 04:00:00 - 08/10/2023 05:00:00","BZN|PL","Without Sequence","83.51","",""
"08/10/2023 05:00:00 - 08/10/2023 06:00:00","BZN|PL","Without Sequence","98.65","",""
"08/10/2023 06:00:00 - 08/10/2023 07:00:00","BZN|PL","Without Sequence","53.36","",""
"08/10/2023 07:00:00 - 08/10/2023 08:00:00","BZN|PL","Without Sequence","43.54","",""
"08/10/2023 08:00:00 - 08/10/2023 09:00:00","BZN|PL","Without Sequence","43.40","",""
"08/10/2023 09:00:00 - 08/10/2023 10:00:00","BZN|PL","Without Sequence","43.43","",""
"08/10/2023 10:00:00 - 08/10/2023 11:00:00","BZN|PL","Without Sequence","21.75","",""
"08/10/2023 11:00:00 - 08/10/2023 12:00:00","BZN|PL","Without Sequence","27.85","",""
"08/10/2023 12:00:00 - 08/10/2023 13:00:00","BZN|PL","Without Sequence","43.38","",""
"08/10/2023 13:00:00 - 08/10/2023 14:00:00","BZN|PL","Without Sequence","69.89","",""
"08/10/2023 14:00:00 - 08/10/2023 15:00:00","BZN|PL","Without Sequence","82.75","",""
"08/10/2023 15:00:00 - 08/10/2023 16:00:00","BZN|PL","Without Sequence","100.02","",""
"08/10/2023 16:00:00 - 08/10/2023 17:00:00","BZN|PL","Without Sequence","98.09","",""
"08/10/2023 17:00:00 - 08/10/2023 18:00:00","BZN|PL","Without Sequence","107.44","",""
"08/10/2023 18:00:00 - 08/10/2023 19:00:00","BZN|PL","Without Sequence","107.18","",""
"08/10/2023 19:00:00 - 08/10/2023 20:00:00","BZN|PL","Without Sequence","99.64","",""
"08/10/2023 20:00:00 - 08/10/2023 21:00:00","BZN|PL","Without Sequence","99.50","",""
"08/10/2023 21:00:00 - 08/10/2023 22:00:00","BZN|PL","Without Sequence","96.34","",""
"08/10/2023 22:00:00 - 08/10/2023 23:00:00","BZN|PL","Without Sequence","99.21","",""
"08/10/2023 23:00:00 - 09/10/2023 00:00:00","BZN|PL","Without Sequence","99.32","",""
"09/10/2023 00:00:00 - 09/10/2023 01:00:00","BZN|PL","Without Sequence","98.77","",""
"09/10/2023 01:00:00 - 09/10/2023 02:00:00","BZN|PL","Without Sequence","98.80","",""
"09/10/2023 02:00:00 - 09/10/2023 03:00:00","BZN|PL","Without Sequence","102.35","",""
"09/10/2023 03:00:00 - 09/10/2023 04:00:00","BZN|PL","Without Sequence","103.42","",""
"09/10/2023 04:00:00 - 09/10/2023 05:00:00","BZN|PL","Without Sequence","132.39","",""
"09/10/2023 05:00:00 - 09/10/2023 06:00:00","BZN|PL","Without Sequence","169.15","",""
"09/10/2023 06:00:00 - 09/10/2023 07:00:00","BZN|PL","Without Sequence","169.07","",""
"09/10/2023 07:00:00 - 09/10/2023 08:00:00","BZN|PL","Without Sequence","143.34","",""
"09/10/2023 08:00:00 - 09/10/2023 09:00:00","BZN|PL","Without Sequence","118.07","",""
"09/10/2023 09:00:00 - 09/10/2023 10:00:00","BZN|PL","Without Sequence","105.80","",""
"09/10/2023 10:00:00 - 09/10/2023 11:00:00","BZN|PL","Without Sequence","111.20","",""
"09/10/2023 11:00:00 - 09/10/2023 12:00:00","BZN|PL","Without Sequence","105.44","",""
"09/10/2023 12:00:00 - 09/10/2023 13:00:00","BZN|PL","Without Sequence","107.77","",""
"09/10/2023 13:00:00 - 09/10/2023 14:00:00","BZN|PL","Without Sequence","131.78","",""
"09/10/2023 14:00:00 - 09/10/2023 15:00:00","BZN|PL","Without Sequence","168.76","",""
"09/10/2023 15:00:00 - 09/10/2023 16:00:00","BZN|PL","Without Sequence","178.50","",""
"09/10/2023 16:00:00 - 09/10/2023 17:00:00","BZN|PL","Without Sequence","190.14","",""
"09/10/2023 17:00:00 - 09/10/2023 18:00:00","BZN|PL","Without Sequence","194.27","",""
"09/10/2023 18:00:00 - 09/10/2023 19:00:00","BZN|PL","Without Sequence","184.50","",""
"09/10/2023 19:00:00 - 09/10/2023 20:00:00","BZN|PL","Without Sequence","146.80","",""
"09/10/2023 20:00:00 - 09/10/2023 21:00:00","BZN|PL","Without Sequence","120.00","",""
"09/10/2023 21:00:00 - 09/10/2023 22:00:00","BZN|PL","Without Sequence","112.70","",""
"09/10/2023 22:00:00 - 09/10/2023 23:00:00","BZN|PL","Without Sequence","104.00","",""
"09/10/2023 23:00:00 - 10/10/2023 00:00:00","BZN|PL","Without Sequence","100.60","",""
"10/10/2023 00:00:00 - 10/10/2023 01:00:00","BZN|PL","Without Sequence","99.90","",""
"10/10/2023 01:00:00 - 10/10/2023 02:00:00","BZN|PL","Without Sequence","99.52","",""
"10/10/2023 02:00:00 - 10/10/2023 03:00:00","BZN|PL","Without Sequence","98.27","",""
"10/10/2023 03:00:00 - 10/10/2023 04:00:00","BZN|PL","Without Sequence","112.46","",""
"10/10/2023 04:00:00 - 10/10/2023 05:00:00","BZN|PL","Without Sequence","150.60","",""
"10/10/2023 05:00:00 - 10/10/2023 06:00:00","BZN|PL","Without Sequence","169.30","",""
"10/10/2023 06:00:00 - 10/10/2023 07:00:00","BZN|PL","Without Sequence","169.19","",""
"10/10/2023 07:00:00 - 10/10/2023 08:00:00","BZN|PL","Without Sequence","141.92","",""
"10/10/2023 08:00:00 - 10/10/2023 09:00:00","BZN|PL","Without Sequence","117.08","",""
"10/10/2023 09:00:00 - 10/10/2023 10:00:00","BZN|PL","Without Sequence","111.63","",""
"10/10/2023 10:00:00 - 10/10/2023 11:00:00","BZN|PL","Without Sequence","106.52","",""
"10/10/2023 11:00:00 - 10/10/2023 12:00:00","BZN|PL","Without Sequence","104.64","",""
"10/10/2023 12:00:00 - 10/10/2023 13:00:00","BZN|PL","Without Sequence","105.17","",""
"10/10/2023 13:00:00 - 10/10/2023 14:00:00","BZN|PL","Without Sequence","127.65","",""
"10/10/2023 14:00:00 - 10/10/2023 15:00:00","BZN|PL","Without Sequence","142.50","",""
"10/10/2023 15:00:00 - 10/10/2023 16:00:00","BZN|PL","Without Sequence","160.90","",""
"10/10/2023 16:00:00 - 10/10/2023 17:00:00","BZN|PL","Without Sequence","176.95","",""
"10/10/2023 17:00:00 - 10/10/2023 18:00:00","BZN|PL","Without Sequence","180.11","",""
"10/10/2023 18:00:00 - 10/10/2023 19:00:00","BZN|PL","Without Sequence","169.28","",""
"10/10/2023 19:00:00 - 10/10/2023 20:00:00","BZN|PL","Without Sequence","119.31","",""
"10/10/2023 20:00:00 - 10/10/2023 21:00:00","BZN|PL","Without Sequence","98.83","",""
"10/10/2023 21:00:00 - 10/10/2023 22:00:00","BZN|PL","Without Sequence","89.56","",""
"10/10/2023 22:00:00 - 10/10/2023 23:00:00","BZN|PL","Without Sequence","88.58","",""
"10/10/2023 23:00:00 - 11/10/2023 00:00:00","BZN|PL","Without Sequence","82.27","",""
"11/10/2023 00:00:00 - 11/10/2023 01:00:00","BZN|PL","Without Sequence","71.30","",""
"11/10/2023 01:00:00 - 11/10/2023 02:00:00","BZN|PL","Without Sequence","65.82","",""
"11/10/2023 02:00:00 - 11/10/2023 03:00:00","BZN|PL","Without Sequence","65.82","",""
"11/10/2023 03:00:00 - 11/10/2023 04:00:00","BZN|PL","Without Sequence","77.77","",""
"11/10/2023 04:00:00 - 11/10/2023 05:00:00","BZN|PL","Without Sequence","99.91","",""
"11/10/2023 05:00:00 - 11/10/2023 06:00:00","BZN|PL","Without Sequence","109.69","",""
"11/10/2023 06:00:00 - 11/10/2023 07:00:00","BZN|PL","Without Sequence","119.65","",""
"11/10/2023 07:00:00 - 11/10/2023 08:00:00","BZN|PL","Without Sequence","99.70","",""
"11/10/2023 08:00:00 - 11/10/2023 09:00:00","BZN|PL","Without Sequence","54.83","",""
"11/10/2023 09:00:00 - 11/10/2023 10:00:00","BZN|PL","Without Sequence","48.19","",""
"11/10/2023 10:00:00 - 11/10/2023 11:00:00","BZN|PL","Without Sequence","47.42","",""
"11/10/2023 11:00:00 - 11/10/2023 12:00:00","BZN|PL","Without Sequence","42.16","",""
"11/10/2023 12:00:00 - 11/10/2023 13:00:00","BZN|PL","Without Sequence","47.09","",""
"11/10/2023 13:00:00 - 11/10/2023 14:00:00","BZN|PL","Without Sequence","48.23","",""
"11/10/2023 14:00:00 - 11/10/2023 15:00:00","BZN|PL","Without Sequence","90.01","",""
"11/10/2023 15:00:00 - 11/10/2023 16:00:00","BZN|PL","Without Sequence","100.92","",""
"11/10/2023 16:00:00 - 11/10/2023 17:00:00","BZN|PL","Without Sequence","105.14","",""
"11/10/2023 17:00:00 - 11/10/2023 18:00:00","BZN|PL","Without Sequence","112.53","",""
"11/10/2023 18:00:00 - 11/10/2023 19:00:00","BZN|PL","Without Sequence","107.47","",""
"11/10/2023 19:00:00 - 11/10/2023 20:00:00","BZN|PL","Without Sequence","93.05","",""
"11/10/2023 20:00:00 - 11/10/2023 21:00:00","BZN|PL","Without Sequence","99.24","",""
"11/10/2023 21:00:00 - 11/10/2023 22:00:00","BZN|PL","Without Sequence","87.81","",""
"11/10/2023 22:00:00 - 11/10/2023 23:00:00","BZN|PL","Without Sequence","64.28","",""
"11/10/2023 23:00:00 - 12/10/2023 00:00:00","BZN|PL","Without Sequence","66.89","",""
"12/10/2023 00:00:00 - 12/10/2023 01:00:00","BZN|PL","Without Sequence","63.00","",""
"12/10/2023 01:00:00 - 12/10/2023 02:00:00","BZN|PL","Without Sequence","85.03","",""
"12/10/2023 02:00:00 - 12/10/2023 03:00:00","BZN|PL","Without Sequence","89.04","",""
"12/10/2023 03:00:00 - 12/10/2023 04:00:00","BZN|PL","Without Sequence","102.60","",""
"12/10/2023 04:00:00 - 12/10/2023 05:00:00","BZN|PL","Without Sequence","126.50","",""
"12/10/2023 05:00:00 - 12/10/2023 06:00:00","BZN|PL","Without Sequence","133.88","",""
"12/10/2023 06:00:00 - 12/10/2023 07:00:00","BZN|PL","Without Sequence","148.39","",""
"12/10/2023 07:00:00 - 12/10/2023 08:00:00","BZN|PL","Without Sequence","135.95","",""
"12/10/2023 08:00:00 - 12/10/2023 09:00:00","BZN|PL","Without Sequence","112.89","",""
"12/10/2023 09:00:00 - 12/10/2023 10:00:00","BZN|PL","Without Sequence","107.75","",""
"12/10/2023 10:00:00 - 12/10/2023 11:00:00","BZN|PL","Without Sequence","110.67","",""
"12/10/2023 11:00:00 - 12/10/2023 12:00:00","BZN|PL","Without Sequence","104.29","",""
"12/10/2023 12:00:00 - 12/10/2023 13:00:00","BZN|PL","Without Sequence","108.38","",""
"12/10/2023 13:00:00 - 12/10/2023 14:00:00","BZN|PL","Without Sequence","120.00","",""
"12/10/2023 14:00:00 - 12/10/2023 15:00:00","BZN|PL","Without Sequence","125.29","",""
"12/10/2023 15:00:00 - 12/10/2023 16:00:00","BZN|PL","Without Sequence","128.50","",""
"12/10/2023 16:00:00 - 12/10/2023 17:00:00","BZN|PL","Without Sequence","143.69","",""
"12/10/2023 17:00:00 - 12/10/2023 18:00:00","BZN|PL","Without Sequence","166.72","",""
"12/10/2023 18:00:00 - 12/10/2023 19:00:00","BZN|PL","Without Sequence","152.80","",""
"12/10/2023 19:00:00 - 12/10/2023 20:00:00","BZN|PL","Without Sequence","129.36","",""
"12/10/2023 20:00:00 - 12/10/2023 21:00:00","BZN|PL","Without Sequence","123.50","",""
"12/10/2023 21:00:00 - 12/10/2023 22:00:00","BZN|PL","Without Sequence","109.84","",""
"12/10/2023 22:00:00 - 12/10/2023 23:00:00","BZN|PL","Without Sequence","123.99","",""
"12/10/2023 23:00:00 - 13/10/2023 00:00:00","BZN|PL","Without Sequence","115.00","",""
"13/10/2023 00:00:00 - 13/10/2023 01:00:00","BZN|PL","Without Sequence","107.14","",""
"13/10/2023 01:00:00 - 13/10/2023 02:00:00","BZN|PL","Without Sequence","101.40","",""
"13/10/2023 02:00:00 - 13/10/2023 03:00:00","BZN|PL","Without Sequence","101.93","",""
"13/10/2023 03:00:00 - 13/10/2023 04:00:00","BZN|PL","Without Sequence","109.36","",""
"13/10/2023 04:00:00 - 13/10/2023 05:00:00","BZN|PL","Without Sequence","134.68","",""
"13/10/2023 05:00:00 - 13/10/2023 06:00:00","BZN|PL","Without Sequence","141.60","",""
"13/10/2023 06:00:00 - 13/10/2023 07:00:00","BZN|PL","Without Sequence","138.90","",""
"13/10/2023 07:00:00 - 13/10/2023 08:00:00","BZN|PL","Without Sequence","121.34","",""
"13/10/2023 08:00:00 - 13/10/2023 09:00:00","BZN|PL","Without Sequence","100.34","",""
"13/10/2023 09:00:00 - 13/10/2023 10:00:00","BZN|PL","Without Sequence","100.23","",""
"13/10/2023 10:00:00 - 13/10/2023 11:00:00","BZN|PL","Without Sequence","83.96","",""
"13/10/2023 11:00:00 - 13/10/2023 12:00:00","BZN|PL","Without Sequence","64.17","",""
"13/10/2023 12:00:00 - 13/10/2023 13:00:00","BZN|PL","Without Sequence","75.16","",""
"13/10/2023 13:00:00 - 13/10/2023 14:00:00","BZN|PL","Without Sequence","100.82","",""
"13/10/2023 14:00:00 - 13/10/2023 15:00:00","BZN|PL","Without Sequence","101.88","",""
"13/10/2023 15:00:00 - 13/10/2023 16:00:00","BZN|PL","Without Sequence","106.00","",""
"13/10/2023 16:00:00 - 13/10/2023 17:00:00","BZN|PL","Without Sequence","104.15","",""
"13/10/2023 17:00:00 - 13/10/2023 18:00:00","BZN|PL","Without Sequence","109.21","",""
"13/10/2023 18:00:00 - 13/10/2023 19:00:00","BZN|PL","Without Sequence","97.08","",""
"13/10/2023 19:00:00 - 13/10/2023 20:00:00","BZN|PL","Without Sequence","39.05","",""
"13/10/2023 20:00:00 - 13/10/2023 21:00:00","BZN|PL","Without Sequence","33.09","",""
"13/10/2023 21:00:00 - 13/10/2023 22:00:00","BZN|PL","Without Sequence","21.04","",""
"13/10/2023 22:00:00 - 13/10/2023 23:00:00","BZN|PL","Without Sequence","10.46","",""
"13/10/2023 23:00:00 - 14/10/2023 00:00:00","BZN|PL","Without Sequence","9.14","",""
"14/10/2023 00:00:00 - 14/10/2023 01:00:00","BZN|PL","Without Sequence","9.01","",""
"14/10/2023 01:00:00 - 14/10/2023 02:00:00","BZN|PL","Without Sequence","9.16","",""
"14/10/2023 02:00:00 - 14/10/2023 03:00:00","BZN|PL","Without Sequence","5.45","",""
"14/10/2023 03:00:00 - 14/10/2023 04:00:00","BZN|PL","Without Sequence","8.83","",""
"14/10/2023 04:00:00 - 14/10/2023 05:00:00","BZN|PL","Without Sequence","1.77","",""
"14/10/2023 05:00:00 - 14/10/2023 06:00:00","BZN|PL","Without Sequence","10.56","",""
"14/10/2023 06:00:00 - 14/10/2023 07:00:00","BZN|PL","Without Sequence","10.53","",""
"14/10/2023 07:00:00 - 14/10/2023 08:00:00","BZN|PL","Without Sequence","38.27","",""
"14/10/2023 08:00:00 - 14/10/2023 09:00:00","BZN|PL","Without Sequence","27.49","",""
"14/10/2023 09:00:00 - 14/10/2023 10:00:00","BZN|PL","Without Sequence","15.69","",""
"14/10/2023 10:00:00 - 14/10/2023 11:00:00","BZN|PL","Without Sequence","14.87","",""
"14/10/2023 11:00:00 - 14/10/2023 12:00:00","BZN|PL","Without Sequence","6.81","",""
"14/10/2023 12:00:00 - 14/10/2023 13:00:00","BZN|PL","Without Sequence","15.95","",""
"14/10/2023 13:00:00 - 14/10/2023 14:00:00","BZN|PL","Without Sequence","15.49","",""
"14/10/2023 14:00:00 - 14/10/2023 15:00:00","BZN|PL","Without Sequence","33.32","",""
"14/10/2023 15:00:00 - 14/10/2023 16:00:00","BZN|PL","Without Sequence","55.18","",""
"14/10/2023 16:00:00 - 14/10/2023 17:00:00","BZN|PL","Without Sequence","97.00","",""
"14/10/2023 17:00:00 - 14/10/2023 18:00:00","BZN|PL","Without Sequence","82.61","",""
"14/10/2023 18:00:00 - 14/10/2023 19:00:00","BZN|PL","Without Sequence","64.18","",""
"14/10/2023 19:00:00 - 14/10/2023 20:00:00","BZN|PL","Without Sequence","59.42","",""
"14/10/2023 20:00:00 - 14/10/2023 21:00:00","BZN|PL","Without Sequence","55.92","",""
"14/10/2023 21:00:00 - 14/10/2023 22:00:00","BZN|PL","Without Sequence","33.28","",""
"14/10/2023 22:00:00 - 14/10/2023 23:00:00","BZN|PL","Without Sequence","-4.37","",""
"14/10/2023 23:00:00 - 15/10/2023 00:00:00","BZN|PL","Without Sequence","-4.40","",""
"15/10/2023 00:00:00 - 15/10/2023 01:00:00","BZN|PL","Without Sequence","-4.43","",""
"15/10/2023 01:00:00 - 15/10/2023 02:00:00","BZN|PL","Without Sequence","-1.08","",""
"15/10/2023 02:00:00 - 15/10/2023 03:00:00","BZN|PL","Without Sequence","-4.33","",""
"15/10/2023 03:00:00 - 15/10/2023 04:00:00","BZN|PL","Without Sequence","0.04","",""
"15/10/2023 04:00:00 - 15/10/2023 05:00:00","BZN|PL","Without Sequence","-0.75","",""
"15/10/2023 05:00:00 - 15/10/2023 06:00:00","BZN|PL","Without Sequence","-3.01","",""
"15/10/2023 06:00:00 - 15/10/2023 07:00:00","BZN|PL","Without Sequence","-2.61","",""
"15/10/2023 07:00:00 - 15/10/2023 08:00:00","BZN|PL","Without Sequence","-5.52","",""
"15/10/2023 08:00:00 - 15/10/2023 09:00:00","BZN|PL","Without Sequence","-7.06","",""
"15/10/2023 09:00:00 - 15/10/2023 10:00:00","BZN|PL","Without Sequence","-8.82","",""
"15/10/2023 10:00:00 - 15/10/2023 11:00:00","BZN|PL","Without Sequence","-7.54","",""
"15/10/2023 11:00:00 - 15/10/2023 12:00:00","BZN|PL","Without Sequence","-3.06","",""
"15/10/2023 12:00:00 - 15/10/2023 13:00:00","BZN|PL","Without Sequence","-2.61","",""
"15/10/2023 13:00:00 - 15/10/2023 14:00:00","BZN|PL","Without Sequence","-5.21","",""
"15/10/2023 14:00:00 - 15/10/2023 15:00:00","BZN|PL","Without Sequence","-0.59","",""
"15/10/2023 15:00:00 - 15/10/2023 16:00:00","BZN|PL","Without Sequence","39.43","",""
"15/10/2023 16:00:00 - 15/10/2023 17:00:00","BZN|PL","Without Sequence","84.77","",""
"15/10/2023 17:00:00 - 15/10/2023 18:00:00","BZN|PL","Without Sequence","100.41","",""
"15/10/2023 18:00:00 - 15/10/2023 19:00:00","BZN|PL","Without Sequence","85.02","",""
"15/10/2023 19:00:00 - 15/10/2023 20:00:00","BZN|PL","Without Sequence","91.49","",""
"15/10/2023 20:00:00 - 15/10/2023 21:00:00","BZN|PL","Without Sequence","72.55","",""
"15/10/2023 21:00:00 - 15/10/2023 22:00:00","BZN|PL","Without Sequence","44.85","",""
"15/10/2023 22:00:00 - 15/10/2023 23:00:00","BZN|PL","Without Sequence","64.69","",""
"15/10/2023 23:00:00 - 16/10/2023 00:00:00","BZN|PL","Without Sequence","55.95","",""
"16/10/2023 00:00:00 - 16/10/2023 01:00:00","BZN|PL","Without Sequence","57.31","",""
"16/10/2023 01:00:00 - 16/10/2023 02:00:00","BZN|PL","Without Sequence","46.48","",""
"16/10/2023 02:00:00 - 16/10/2023 03:00:00","BZN|PL","Without Sequence","69.42","",""
"16/10/2023 03:00:00 - 16/10/2023 04:00:00","BZN|PL","Without Sequence","97.65","",""
"16/10/2023 04:00:00 - 16/10/2023 05:00:00","BZN|PL","Without Sequence","139.56","",""
"16/10/2023 05:00:00 - 16/10/2023 06:00:00","BZN|PL","Without Sequence","128.97","",""
"16/10/2023 06:00:00 - 16/10/2023 07:00:00","BZN|PL","Without Sequence","142.85","",""
"16/10/2023 07:00:00 - 16/10/2023 08:00:00","BZN|PL","Without Sequence","143.50","",""
"16/10/2023 08:00:00 - 16/10/2023 09:00:00","BZN|PL","Without Sequence","117.00","",""
"16/10/2023 09:00:00 - 16/10/2023 10:00:00","BZN|PL","Without Sequence","105.44","",""
"16/10/2023 10:00:00 - 16/10/2023 11:00:00","BZN|PL","Without Sequence","103.47","",""
"16/10/2023 11:00:00 - 16/10/2023 12:00:00","BZN|PL","Without Sequence","94.79","",""
"16/10/2023 12:00:00 - 16/10/2023 13:00:00","BZN|PL","Without Sequence","109.49","",""
"16/10/2023 13:00:00 - 16/10/2023 14:00:00","BZN|PL","Without Sequence","116.75","",""
"16/10/2023 14:00:00 - 16/10/2023 15:00:00","BZN|PL","Without Sequence","138.96","",""
"16/10/2023 15:00:00 - 16/10/2023 16:00:00","BZN|PL","Without Sequence","154.51","",""
"16/10/2023 16:00:00 - 16/10/2023 17:00:00","BZN|PL","Without Sequence","175.91","",""
"16/10/2023 17:00:00 - 16/10/2023 18:00:00","BZN|PL","Without Sequence","182.03","",""
"16/10/2023 18:00:00 - 16/10/2023 19:00:00","BZN|PL","Without Sequence","161.22","",""
"16/10/2023 19:00:00 - 16/10/2023 20:00:00","BZN|PL","Without Sequence","147.26","",""
"16/10/2023 20:00:00 - 16/10/2023 21:00:00","BZN|PL","Without Sequence","135.20","",""
"16/10/2023 21:00:00 - 16/10/2023 22:00:00","BZN|PL","Without Sequence","119.22","",""
"16/10/2023 22:00:00 - 16/10/2023 23:00:00","BZN|PL","Without Sequence","127.58","",""
"16/10/2023 23:00:00 - 17/10/2023 00:00:00","BZN|PL","Without Sequence","114.04","",""
"17/10/2023 00:00:00 - 17/10/2023 01:00:00","BZN|PL","Without Sequence","113.52","",""
"17/10/2023 01:00:00 - 17/10/2023 02:00:00","BZN|PL","Without Sequence","115.95","",""
"17/10/2023 02:00:00 - 17/10/2023 03:00:00","BZN|PL","Without Sequence","111.32","",""
"17/10/2023 03:00:00 - 17/10/2023 04:00:00","BZN|PL","Without Sequence","121.65","",""
"17/10/2023 04:00:00 - 17/10/2023 05:00:00","BZN|PL","Without Sequence","156.26","",""
"17/10/2023 05:00:00 - 17/10/2023 06:00:00","BZN|PL","Without Sequence","176.40","",""
"17/10/2023 06:00:00 - 17/10/2023 07:00:00","BZN|PL","Without Sequence","176.42","",""
"17/10/2023 07:00:00 - 17/10/2023 08:00:00","BZN|PL","Without Sequence","159.11","",""
"17/10/2023 08:00:00 - 17/10/2023 09:00:00","BZN|PL","Without Sequence","134.58","",""
"17/10/2023 09:00:00 - 17/10/2023 10:00:00","BZN|PL","Without Sequence","111.41","",""
"17/10/2023 10:00:00 - 17/10/2023 11:00:00","BZN|PL","Without Sequence","107.05","",""
"17/10/2023 11:00:00 - 17/10/2023 12:00:00","BZN|PL","Without Sequence","108.53","",""
"17/10/2023 12:00:00 - 17/10/2023 13:00:00","BZN|PL","Without Sequence","111.74","",""
"17/10/2023 13:00:00 - 17/10/2023 14:00:00","BZN|PL","Without Sequence","122.19","",""
"17/10/2023 14:00:00 - 17/10/2023 15:00:00","BZN|PL","Without Sequence","155.34","",""
"17/10/2023 15:00:00 - 17/10/2023 16:00:00","BZN|PL","Without Sequence","174.29","",""
"17/10/2023 16:00:00 - 17/10/2023 17:00:00","BZN|PL","Without Sequence","176.55","",""
"17/10/2023 17:00:00 - 17/10/2023 18:00:00","BZN|PL","Without Sequence","174.18","",""
"17/10/2023 18:00:00 - 17/10/2023 19:00:00","BZN|PL","Without Sequence","160.82","",""
"17/10/2023 19:00:00 - 17/10/2023 20:00:00","BZN|PL","Without Sequence","140.13","",""
"17/10/2023 20:00:00 - 17/10/2023 21:00:00","BZN|PL","Without Sequence","126.55","",""
"17/10/2023 21:00:00 - 17/10/2023 22:00:00","BZN|PL","Without Sequence","103.58","",""
"17/10/2023 22:00:00 - 17/10/2023 23:00:00","BZN|PL","Without Sequence","91.84","",""
"17/10/2023 23:00:00 - 18/10/2023 00:00:00","BZN|PL","Without Sequence","92.49","",""
"18/10/2023 00:00:00 - 18/10/2023 01:00:00","BZN|PL","Without Sequence","92.48","",""
"18/10/2023 01:00:00 - 18/10/2023 02:00:00","BZN|PL","Without Sequence","94.84","",""
"18/10/2023 02:00:00 - 18/10/2023 03:00:00","BZN|PL","Without Sequence","98.11","",""
"18/10/2023 03:00:00 - 18/10/2023 04:00:00","BZN|PL","Without Sequence","100.96","",""
"18/10/2023 04:00:00 - 18/10/2023 05:00:00","BZN|PL","Without Sequence","126.20","",""
"18/10/2023 05:00:00 - 18/10/2023 06:00:00","BZN|PL","Without Sequence","152.28","",""
"18/10/2023 06:00:00 - 18/10/2023 07:00:00","BZN|PL","Without Sequence","140.87","",""
"18/10/2023 07:00:00 - 18/10/2023 08:00:00","BZN|PL","Without Sequence","115.66","",""
"18/10/2023 08:00:00 - 18/10/2023 09:00:00","BZN|PL","Without Sequence","84.58","",""
"18/10/2023 09:00:00 - 18/10/2023 10:00:00","BZN|PL","Without Sequence","76.92","",""
"18/10/2023 10:00:00 - 18/10/2023 11:00:00","BZN|PL","Without Sequence","70.09","",""
"18/10/2023 11:00:00 - 18/10/2023 12:00:00","BZN|PL","Without Sequence","67.83","",""
"18/10/2023 12:00:00 - 18/10/2023 13:00:00","BZN|PL","Without Sequence","84.82","",""
"18/10/2023 13:00:00 - 18/10/2023 14:00:00","BZN|PL","Without Sequence","99.77","",""
"18/10/2023 14:00:00 - 18/10/2023 15:00:00","BZN|PL","Without Sequence","146.46","",""
"18/10/2023 15:00:00 - 18/10/2023 16:00:00","BZN|PL","Without Sequence","161.26","",""
"18/10/2023 16:00:00 - 18/10/2023 17:00:00","BZN|PL","Without Sequence","166.17","",""
"18/10/2023 17:00:00 - 18/10/2023 18:00:00","BZN|PL","Without Sequence","166.43","",""
"18/10/2023 18:00:00 - 18/10/2023 19:00:00","BZN|PL","Without Sequence","161.29","",""
"18/10/2023 19:00:00 - 18/10/2023 20:00:00","BZN|PL","Without Sequence","143.66","",""
"18/10/2023 20:00:00 - 18/10/2023 21:00:00","BZN|PL","Without Sequence","111.34","",""
"18/10/2023 21:00:00 - 18/10/2023 22:00:00","BZN|PL","Without Sequence","87.63","",""
"18/10/2023 22:00:00 - 18/10/2023 23:00:00","BZN|PL","Without Sequence","89.83","",""
"18/10/2023 23:00:00 - 19/10/2023 00:00:00","BZN|PL","Without Sequence","91.79","",""
"19/10/2023 00:00:00 - 19/10/2023 01:00:00","BZN|PL","Without Sequence","86.81","",""
"19/10/2023 01:00:00 - 19/10/2023 02:00:00","BZN|PL","Without Sequence","85.78","",""
"19/10/2023 02:00:00 - 19/10/2023 03:00:00","BZN|PL","Without Sequence","86.17","",""
"19/10/2023 03:00:00 - 19/10/2023 04:00:00","BZN|PL","Without Sequence","91.20","",""
"19/10/2023 04:00:00 - 19/10/2023 05:00:00","BZN|PL","Without Sequence","119.41","",""
"19/10/2023 05:00:00 - 19/10/2023 06:00:00","BZN|PL","Without Sequence","136.12","",""
"19/10/2023 06:00:00 - 19/10/2023 07:00:00","BZN|PL","Without Sequence","136.52","",""
"19/10/2023 07:00:00 - 19/10/2023 08:00:00","BZN|PL","Without Sequence","127.00","",""
"19/10/2023 08:00:00 - 19/10/2023 09:00:00","BZN|PL","Without Sequence","110.72","",""
"19/10/2023 09:00:00 - 19/10/2023 10:00:00","BZN|PL","Without Sequence","111.41","",""
"19/10/2023 10:00:00 - 19/10/2023 11:00:00","BZN|PL","Without Sequence","106.23","",""
"19/10/2023 11:00:00 - 19/10/2023 12:00:00","BZN|PL","Without Sequence","107.20","",""
"19/10/2023 12:00:00 - 19/10/2023 13:00:00","BZN|PL","Without Sequence","113.59","",""
"19/10/2023 13:00:00 - 19/10/2023 14:00:00","BZN|PL","Without Sequence","123.58","",""
"19/10/2023 14:00:00 - 19/10/2023 15:00:00","BZN|PL","Without Sequence","134.25","",""
"19/10/2023 15:00:00 - 19/10/2023 16:00:00","BZN|PL","Without Sequence","135.36","",""
"19/10/2023 16:00:00 - 19/10/2023 17:00:00","BZN|PL","Without Sequence","135.97","",""
"19/10/2023 17:00:00 - 19/10/2023 18:00:00","BZN|PL","Without Sequence","127.43","",""
"19/10/2023 18:00:00 - 19/10/2023 19:00:00","BZN|PL","Without Sequence","116.42","",""
"19/10/2023 19:00:00 - 19/10/2023 20:00:00","BZN|PL","Without Sequence","89.19","",""
"19/10/2023 20:00:00 - 19/10/2023 21:00:00","BZN|PL","Without Sequence","97.03","",""
"19/10/2023 21:00:00 - 19/10/2023 22:00:00","BZN|PL","Without Sequence","80.90","",""
"19/10/2023 22:00:00 - 19/10/2023 23:00:00","BZN|PL","Without Sequence","77.07","",""
"19/10/2023 23:00:00 - 20/10/2023 00:00:00","BZN|PL","Without Sequence","65.54","",""
"20/10/2023 00:00:00 - 20/10/2023 01:00:00","BZN|PL","Without Sequence","61.86","",""
"20/10/2023 01:00:00 - 20/10/2023 02:00:00","BZN|PL","Without Sequence","61.90","",""
"20/10/2023 02:00:00 - 20/10/2023 03:00:00","BZN|PL","Without Sequence","61.98","",""
"20/10/2023 03:00:00 - 20/10/2023 04:00:00","BZN|PL","Without Sequence","65.66","",""
"20/10/2023 04:00:00 - 20/10/2023 05:00:00","BZN|PL","Without Sequence","95.26","",""
"20/10/2023 05:00:00 - 20/10/2023 06:00:00","BZN|PL","Without Sequence","98.62","",""
"20/10/2023 06:00:00 - 20/10/2023 07:00:00","BZN|PL","Without Sequence","98.09","",""
"20/10/2023 07:00:00 - 20/10/2023 08:00:00","BZN|PL","Without Sequence","98.74","",""
"20/10/2023 08:00:00 - 20/10/2023 09:00:00","BZN|PL","Without Sequence","99.68","",""
"20/10/2023 09:00:00 - 20/10/2023 10:00:00","BZN|PL","Without Sequence","98.29","",""
"20/10/2023 10:00:00 - 20/10/2023 11:00:00","BZN|PL","Without Sequence","98.35","",""
"20/10/2023 11:00:00 - 20/10/2023 12:00:00","BZN|PL","Without Sequence","94.73","",""
"20/10/2023 12:00:00 - 20/10/2023 13:00:00","BZN|PL","Without Sequence","92.93","",""
"20/10/2023 13:00:00 - 20/10/2023 14:00:00","BZN|PL","Without Sequence","95.32","",""
"20/10/2023 14:00:00 - 20/10/2023 15:00:00","BZN|PL","Without Sequence","95.32","",""
"20/10/2023 15:00:00 - 20/10/2023 16:00:00","BZN|PL","Without Sequence","88.46","",""
"20/10/2023 16:00:00 - 20/10/2023 17:00:00","BZN|PL","Without Sequence","88.45","",""
"20/10/2023 17:00:00 - 20/10/2023 18:00:00","BZN|PL","Without Sequence","85.50","",""
"20/10/2023 18:00:00 - 20/10/2023 19:00:00","BZN|PL","Without Sequence","81.70","",""
"20/10/2023 19:00:00 - 20/10/2023 20:00:00","BZN|PL","Without Sequence","73.35","",""
"20/10/2023 20:00:00 - 20/10/2023 21:00:00","BZN|PL","Without Sequence","69.54","",""
"20/10/2023 21:00:00 - 20/10/2023 22:00:00","BZN|PL","Without Sequence","56.13","",""
"20/10/2023 22:00:00 - 20/10/2023 23:00:00","BZN|PL","Without Sequence","53.10","",""
"20/10/2023 23:00:00 - 21/10/2023 00:00:00","BZN|PL","Without Sequence","42.74","",""
"21/10/2023 00:00:00 - 21/10/2023 01:00:00","BZN|PL","Without Sequence","40.31","",""
"21/10/2023 01:00:00 - 21/10/2023 02:00:00","BZN|PL","Without Sequence","44.78","",""
"21/10/2023 02:00:00 - 21/10/2023 03:00:00","BZN|PL","Without Sequence","44.77","",""
"21/10/2023 03:00:00 - 21/10/2023 04:00:00","BZN|PL","Without Sequence","55.98","",""
"21/10/2023 04:00:00 - 21/10/2023 05:00:00","BZN|PL","Without Sequence","77.83","",""
"21/10/2023 05:00:00 - 21/10/2023 06:00:00","BZN|PL","Without Sequence","95.45","",""
"21/10/2023 06:00:00 - 21/10/2023 07:00:00","BZN|PL","Without Sequence","95.43","",""
"21/10/2023 07:00:00 - 21/10/2023 08:00:00","BZN|PL","Without Sequence","95.81","",""
"21/10/2023 08:00:00 - 21/10/2023 09:00:00","BZN|PL","Without Sequence","98.52","",""
"21/10/2023 09:00:00 - 21/10/2023 10:00:00","BZN|PL","Without Sequence","95.42","",""
"21/10/2023 10:00:00 - 21/10/2023 11:00:00","BZN|PL","Without Sequence","93.89","",""
"21/10/2023 11:00:00 - 21/10/2023 12:00:00","BZN|PL","Without Sequence","95.42","",""
"21/10/2023 12:00:00 - 21/10/2023 13:00:00","BZN|PL","Without Sequence","99.97","",""
"21/10/2023 13:00:00 - 21/10/2023 14:00:00","BZN|PL","Without Sequence","98.14","",""
"21/10/2023 14:00:00 - 21/10/2023 15:00:00","BZN|PL","Without Sequence","101.07","",""
"21/10/2023 15:00:00 - 21/10/2023 16:00:00","BZN|PL","Without Sequence","112.25","",""
"21/10/2023 16:00:00 - 21/10/2023 17:00:00","BZN|PL","Without Sequence","130.77","",""
"21/10/2023 17:00:00 - 21/10/2023 18:00:00","BZN|PL","Without Sequence","118.56","",""
"21/10/2023 18:00:00 - 21/10/2023 19:00:00","BZN|PL","Without Sequence","112.17","",""
"21/10/2023 19:00:00 - 21/10/2023 20:00:00","BZN|PL","Without Sequence","100.78","",""
"21/10/2023 20:00:00 - 21/10/2023 21:00:00","BZN|PL","Without Sequence","95.76","",""
"21/10/2023 21:00:00 - 21/10/2023 22:00:00","BZN|PL","Without Sequence","95.43","",""
"21/10/2023 22:00:00 - 21/10/2023 23:00:00","BZN|PL","Without Sequence","95.69","",""
"21/10/2023 23:00:00 - 22/10/2023 00:00:00","BZN|PL","Without Sequence","95.72","",""
"22/10/2023 00:00:00 - 22/10/2023 01:00:00","BZN|PL","Without Sequence","95.66","",""
"22/10/2023 01:00:00 - 22/10/2023 02:00:00","BZN|PL","Without Sequence","95.65","",""
"22/10/2023 02:00:00 - 22/10/2023 03:00:00","BZN|PL","Without Sequence","95.64","",""
"22/10/2023 03:00:00 - 22/10/2023 04:00:00","BZN|PL","Without Sequence","95.69","",""
"22/10/2023 04:00:00 - 22/10/2023 05:00:00","BZN|PL","Without Sequence","95.67","",""
"22/10/2023 05:00:00 - 22/10/2023 06:00:00","BZN|PL","Without Sequence","95.62","",""
"22/10/2023 06:00:00 - 22/10/2023 07:00:00","BZN|PL","Without Sequence","95.74","",""
"22/10/2023 07:00:00 - 22/10/2023 08:00:00","BZN|PL","Without Sequence","95.71","",""
"22/10/2023 08:00:00 - 22/10/2023 09:00:00","BZN|PL","Without Sequence","93.14","",""
"22/10/2023 09:00:00 - 22/10/2023 10:00:00","BZN|PL","Without Sequence","76.70","",""
"22/10/2023 10:00:00 - 22/10/2023 11:00:00","BZN|PL","Without Sequence","76.73","",""
"22/10/2023 11:00:00 - 22/10/2023 12:00:00","BZN|PL","Without Sequence","78.57","",""
"22/10/2023 12:00:00 - 22/10/2023 13:00:00","BZN|PL","Without Sequence","78.69","",""
"22/10/2023 13:00:00 - 22/10/2023 14:00:00","BZN|PL","Without Sequence","81.37","",""
"22/10/2023 14:00:00 - 22/10/2023 15:00:00","BZN|PL","Without Sequence","95.74","",""
"22/10/2023 15:00:00 - 22/10/2023 16:00:00","BZN|PL","Without Sequence","112.36","",""
"22/10/2023 16:00:00 - 22/10/2023 17:00:00","BZN|PL","Without Sequence","124.67","",""
"22/10/2023 17:00:00 - 22/10/2023 18:00:00","BZN|PL","Without Sequence","138.67","",""
"22/10/2023 18:00:00 - 22/10/2023 19:00:00","BZN|PL","Without Sequence","124.69","",""
"22/10/2023 19:00:00 - 22/10/2023 20:00:00","BZN|PL","Without Sequence","112.47","",""
"22/10/2023 20:00:00 - 22/10/2023 21:00:00","BZN|PL","Without Sequence","102.18","",""
"22/10/2023 21:00:00 - 22/10/2023 22:00:00","BZN|PL","Without Sequence","95.69","",""
"22/10/2023 22:00:00 - 22/10/2023 23:00:00","BZN|PL","Without Sequence","95.71","",""
"22/10/2023 23:00:00 - 23/10/2023 00:00:00","BZN|PL","Without Sequence","99.77","",""
"23/10/2023 00:00:00 - 23/10/2023 01:00:00","BZN|PL","Without Sequence","101.28","",""
"23/10/2023 01:00:00 - 23/10/2023 02:00:00","BZN|PL","Without Sequence","100.06","",""
"23/10/2023 02:00:00 - 23/10/2023 03:00:00","BZN|PL","Without Sequence","98.61","",""
"23/10/2023 03:00:00 - 23/10/2023 04:00:00","BZN|PL","Without Sequence","105.13","",""
"23/10/2023 04:00:00 - 23/10/2023 05:00:00","BZN|PL","Without Sequence","143.66","",""
"23/10/2023 05:00:00 - 23/10/2023 06:00:00","BZN|PL","Without Sequence","152.87","",""
"23/10/2023 06:00:00 - 23/10/2023 07:00:00","BZN|PL","Without Sequence","157.11","",""
"23/10/2023 07:00:00 - 23/10/2023 08:00:00","BZN|PL","Without Sequence","151.55","",""
"23/10/2023 08:00:00 - 23/10/2023 09:00:00","BZN|PL","Without Sequence","128.07","",""
"23/10/2023 09:00:00 - 23/10/2023 10:00:00","BZN|PL","Without Sequence","109.03","",""
"23/10/2023 10:00:00 - 23/10/2023 11:00:00","BZN|PL","Without Sequence","102.26","",""
"23/10/2023 11:00:00 - 23/10/2023 12:00:00","BZN|PL","Without Sequence","103.22","",""
"23/10/2023 12:00:00 - 23/10/2023 13:00:00","BZN|PL","Without Sequence","107.00","",""
"23/10/2023 13:00:00 - 23/10/2023 14:00:00","BZN|PL","Without Sequence","129.23","",""
"23/10/2023 14:00:00 - 23/10/2023 15:00:00","BZN|PL","Without Sequence","142.43","",""
"23/10/2023 15:00:00 - 23/10/2023 16:00:00","BZN|PL","Without Sequence","163.07","",""
"23/10/2023 16:00:00 - 23/10/2023 17:00:00","BZN|PL","Without Sequence","177.51","",""
"23/10/2023 17:00:00 - 23/10/2023 18:00:00","BZN|PL","Without Sequence","173.60","",""
"23/10/2023 18:00:00 - 23/10/2023 19:00:00","BZN|PL","Without Sequence","171.54","",""
"23/10/2023 19:00:00 - 23/10/2023 20:00:00","BZN|PL","Without Sequence","150.39","",""
"23/10/2023 20:00:00 - 23/10/2023 21:00:00","BZN|PL","Without Sequence","132.43","",""
"23/10/2023 21:00:00 - 23/10/2023 22:00:00","BZN|PL","Without Sequence","102.84","",""
"23/10/2023 22:00:00 - 23/10/2023 23:00:00","BZN|PL","Without Sequence","101.33","",""
"23/10/2023 23:00:00 - 24/10/2023 00:00:00","BZN|PL","Without Sequence","101.94","",""
"24/10/2023 00:00:00 - 24/10/2023 01:00:00","BZN|PL","Without Sequence","102.28","",""
"24/10/2023 01:00:00 - 24/10/2023 02:00:00","BZN|PL","Without Sequence","102.28","",""
"24/10/2023 02:00:00 - 24/10/2023 03:00:00","BZN|PL","Without Sequence","98.96","",""
"24/10/2023 03:00:00 - 24/10/2023 04:00:00","BZN|PL","Without Sequence","101.38","",""
"24/10/2023 04:00:00 - 24/10/2023 05:00:00","BZN|PL","Without Sequence","143.68","",""
"24/10/2023 05:00:00 - 24/10/2023 06:00:00","BZN|PL","Without Sequence","162.87","",""
"24/10/2023 06:00:00 - 24/10/2023 07:00:00","BZN|PL","Without Sequence","141.64","",""
"24/10/2023 07:00:00 - 24/10/2023 08:00:00","BZN|PL","Without Sequence","136.35","",""
"24/10/2023 08:00:00 - 24/10/2023 09:00:00","BZN|PL","Without Sequence","128.37","",""
"24/10/2023 09:00:00 - 24/10/2023 10:00:00","BZN|PL","Without Sequence","125.00","",""
"24/10/2023 10:00:00 - 24/10/2023 11:00:00","BZN|PL","Without Sequence","118.99","",""
"24/10/2023 11:00:00 - 24/10/2023 12:00:00","BZN|PL","Without Sequence","112.54","",""
"24/10/2023 12:00:00 - 24/10/2023 13:00:00","BZN|PL","Without Sequence","114.76","",""
"24/10/2023 13:00:00 - 24/10/2023 14:00:00","BZN|PL","Without Sequence","135.13","",""
"24/10/2023 14:00:00 - 24/10/2023 15:00:00","BZN|PL","Without Sequence","143.43","",""
"24/10/2023 15:00:00 - 24/10/2023 16:00:00","BZN|PL","Without Sequence","156.82","",""
"24/10/2023 16:00:00 - 24/10/2023 17:00:00","BZN|PL","Without Sequence","162.91","",""
"24/10/2023 17:00:00 - 24/10/2023 18:00:00","BZN|PL","Without Sequence","156.67","",""
"24/10/2023 18:00:00 - 24/10/2023 19:00:00","BZN|PL","Without Sequence","133.45","",""
"24/10/2023 19:00:00 - 24/10/2023 20:00:00","BZN|PL","Without Sequence","119.31","",""
"24/10/2023 20:00:00 - 24/10/2023 21:00:00","BZN|PL","Without Sequence","114.10","",""
"24/10/2023 21:00:00 - 24/10/2023 22:00:00","BZN|PL","Without Sequence","102.78","",""
"24/10/2023 22:00:00 - 24/10/2023 23:00:00","BZN|PL","Without Sequence","99.07","",""
"24/10/2023 23:00:00 - 25/10/2023 00:00:00","BZN|PL","Without Sequence","94.56","",""
"25/10/2023 00:00:00 - 25/10/2023 01:00:00","BZN|PL","Without Sequence","89.45","",""
"25/10/2023 01:00:00 - 25/10/2023 02:00:00","BZN|PL","Without Sequence","86.06","",""
"25/10/2023 02:00:00 - 25/10/2023 03:00:00","BZN|PL","Without Sequence","87.85","",""
"25/10/2023 03:00:00 - 25/10/2023 04:00:00","BZN|PL","Without Sequence","95.62","",""
"25/10/2023 04:00:00 - 25/10/2023 05:00:00","BZN|PL","Without Sequence","124.32","",""
"25/10/2023 05:00:00 - 25/10/2023 06:00:00","BZN|PL","Without Sequence","150.58","",""
"25/10/2023 06:00:00 - 25/10/2023 07:00:00","BZN|PL","Without Sequence","154.52","",""
"25/10/2023 07:00:00 - 25/10/2023 08:00:00","BZN|PL","Without Sequence","144.23","",""
"25/10/2023 08:00:00 - 25/10/2023 09:00:00","BZN|PL","Without Sequence","129.94","",""
"25/10/2023 09:00:00 - 25/10/2023 10:00:00","BZN|PL","Without Sequence","124.92","",""
"25/10/2023 10:00:00 - 25/10/2023 11:00:00","BZN|PL","Without Sequence","119.03","",""
"25/10/2023 11:00:00 - 25/10/2023 12:00:00","BZN|PL","Without Sequence","115.59","",""
"25/10/2023 12:00:00 - 25/10/2023 13:00:00","BZN|PL","Without Sequence","123.57","",""
"25/10/2023 13:00:00 - 25/10/2023 14:00:00","BZN|PL","Without Sequence","138.97","",""
"25/10/2023 14:00:00 - 25/10/2023 15:00:00","BZN|PL","Without Sequence","145.67","",""
"25/10/2023 15:00:00 - 25/10/2023 16:00:00","BZN|PL","Without Sequence","152.68","",""
"25/10/2023 16:00:00 - 25/10/2023 17:00:00","BZN|PL","Without Sequence","156.54","",""
"25/10/2023 17:00:00 - 25/10/2023 18:00:00","BZN|PL","Without Sequence","159.43","",""
"25/10/2023 18:00:00 - 25/10/2023 19:00:00","BZN|PL","Without Sequence","149.82","",""
"25/10/2023 19:00:00 - 25/10/2023 20:00:00","BZN|PL","Without Sequence","138.90","",""
"25/10/2023 20:00:00 - 25/10/2023 21:00:00","BZN|PL","Without Sequence","120.06","",""
"25/10/2023 21:00:00 - 25/10/2023 22:00:00","BZN|PL","Without Sequence","112.80","",""
"25/10/2023 22:00:00 - 25/10/2023 23:00:00","BZN|PL","Without Sequence","89.71","",""
"25/10/2023 23:00:00 - 26/10/2023 00:00:00","BZN|PL","Without Sequence","90.17","",""
"26/10/2023 00:00:00 - 26/10/2023 01:00:00","BZN|PL","Without Sequence","91.05","",""
"26/10/2023 01:00:00 - 26/10/2023 02:00:00","BZN|PL","Without Sequence","90.94","",""
"26/10/2023 02:00:00 - 26/10/2023 03:00:00","BZN|PL","Without Sequence","90.03","",""
"26/10/2023 03:00:00 - 26/10/2023 04:00:00","BZN|PL","Without Sequence","100.00","",""
"26/10/2023 04:00:00 - 26/10/2023 05:00:00","BZN|PL","Without Sequence","146.86","",""
"26/10/2023 05:00:00 - 26/10/2023 06:00:00","BZN|PL","Without Sequence","155.48","",""
"26/10/2023 06:00:00 - 26/10/2023 07:00:00","BZN|PL","Without Sequence","157.44","",""
"26/10/2023 07:00:00 - 26/10/2023 08:00:00","BZN|PL","Without Sequence","149.00","",""
"26/10/2023 08:00:00 - 26/10/2023 09:00:00","BZN|PL","Without Sequence","146.37","",""
"26/10/2023 09:00:00 - 26/10/2023 10:00:00","BZN|PL","Without Sequence","140.00","",""
"26/10/2023 10:00:00 - 26/10/2023 11:00:00","BZN|PL","Without Sequence","131.11","",""
"26/10/2023 11:00:00 - 26/10/2023 12:00:00","BZN|PL","Without Sequence","120.09","",""
"26/10/2023 12:00:00 - 26/10/2023 13:00:00","BZN|PL","Without Sequence","119.60","",""
"26/10/2023 13:00:00 - 26/10/2023 14:00:00","BZN|PL","Without Sequence","134.17","",""
"26/10/2023 14:00:00 - 26/10/2023 15:00:00","BZN|PL","Without Sequence","141.09","",""
"26/10/2023 15:00:00 - 26/10/2023 16:00:00","BZN|PL","Without Sequence","147.59","",""
"26/10/2023 16:00:00 - 26/10/2023 17:00:00","BZN|PL","Without Sequence","160.35","",""
"26/10/2023 17:00:00 - 26/10/2023 18:00:00","BZN|PL","Without Sequence","150.17","",""
"26/10/2023 18:00:00 - 26/10/2023 19:00:00","BZN|PL","Without Sequence","152.98","",""
"26/10/2023 19:00:00 - 26/10/2023 20:00:00","BZN|PL","Without Sequence","127.16","",""
"26/10/2023 20:00:00 - 26/10/2023 21:00:00","BZN|PL","Without Sequence","117.06","",""
"26/10/2023 21:00:00 - 26/10/2023 22:00:00","BZN|PL","Without Sequence","104.85","",""
"26/10/2023 22:00:00 - 26/10/2023 23:00:00","BZN|PL","Without Sequence","104.56","",""
"26/10/2023 23:00:00 - 27/10/2023 00:00:00","BZN|PL","Without Sequence","97.19","",""
"27/10/2023 00:00:00 - 27/10/2023 01:00:00","BZN|PL","Without Sequence","94.04","",""
"27/10/2023 01:00:00 - 27/10/2023 02:00:00","BZN|PL","Without Sequence","93.79","",""
"27/10/2023 02:00:00 - 27/10/2023 03:00:00","BZN|PL","Without Sequence","95.76","",""
"27/10/2023 03:00:00 - 27/10/2023 04:00:00","BZN|PL","Without Sequence","103.41","",""
"27/10/2023 04:00:00 - 27/10/2023 05:00:00","BZN|PL","Without Sequence","155.57","",""
"27/10/2023 05:00:00 - 27/10/2023 06:00:00","BZN|PL","Without Sequence","161.10","",""
"27/10/2023 06:00:00 - 27/10/2023 07:00:00","BZN|PL","Without Sequence","156.65","",""
"27/10/2023 07:00:00 - 27/10/2023 08:00:00","BZN|PL","Without Sequence","152.70","",""
"27/10/2023 08:00:00 - 27/10/2023 09:00:00","BZN|PL","Without Sequence","144.06","",""
"27/10/2023 09:00:00 - 27/10/2023 10:00:00","BZN|PL","Without Sequence","136.12","",""
"27/10/2023 10:00:00 - 27/10/2023 11:00:00","BZN|PL","Without Sequence","129.02","",""
"27/10/2023 11:00:00 - 27/10/2023 12:00:00","BZN|PL","Without Sequence","139.18","",""
"27/10/2023 12:00:00 - 27/10/2023 13:00:00","BZN|PL","Without Sequence","147.68","",""
"27/10/2023 13:00:00 - 27/10/2023 14:00:00","BZN|PL","Without Sequence","148.51","",""
"27/10/2023 14:00:00 - 27/10/2023 15:00:00","BZN|PL","Without Sequence","155.57","",""
"27/10/2023 15:00:00 - 27/10/2023 16:00:00","BZN|PL","Without Sequence","160.49","",""
"27/10/2023 16:00:00 - 27/10/2023 17:00:00","BZN|PL","Without Sequence","158.70","",""
"27/10/2023 17:00:00 - 27/10/2023 18:00:00","BZN|PL","Without Sequence","155.34","",""
"27/10/2023 18:00:00 - 27/10/2023 19:00:00","BZN|PL","Without Sequence","142.42","",""
"27/10/2023 19:00:00 - 27/10/2023 20:00:00","BZN|PL","Without Sequence","112.82","",""
"27/10/2023 20:00:00 - 27/10/2023 21:00:00","BZN|PL","Without Sequence","100.91","",""
"27/10/2023 21:00:00 - 27/10/2023 22:00:00","BZN|PL","Without Sequence","93.70","",""
"27/10/2023 22:00:00 - 27/10/2023 23:00:00","BZN|PL","Without Sequence","86.93","",""
"27/10/2023 23:00:00 - 28/10/2023 00:00:00","BZN|PL","Without Sequence","92.04","",""
"28/10/2023 00:00:00 - 28/10/2023 01:00:00","BZN|PL","Without Sequence","95.70","",""
"28/10/2023 01:00:00 - 28/10/2023 02:00:00","BZN|PL","Without Sequence","98.92","",""
"28/10/2023 02:00:00 - 28/10/2023 03:00:00","BZN|PL","Without Sequence","98.83","",""
"28/10/2023 03:00:00 - 28/10/2023 04:00:00","BZN|PL","Without Sequence","92.23","",""
"28/10/2023 04:00:00 - 28/10/2023 05:00:00","BZN|PL","Without Sequence","80.27","",""
"28/10/2023 05:00:00 - 28/10/2023 06:00:00","BZN|PL","Without Sequence","98.14","",""
"28/10/2023 06:00:00 - 28/10/2023 07:00:00","BZN|PL","Without Sequence","117.88","",""
"28/10/2023 07:00:00 - 28/10/2023 08:00:00","BZN|PL","Without Sequence","117.90","",""
"28/10/2023 08:00:00 - 28/10/2023 09:00:00","BZN|PL","Without Sequence","117.85","",""
"28/10/2023 09:00:00 - 28/10/2023 10:00:00","BZN|PL","Without Sequence","115.20","",""
"28/10/2023 10:00:00 - 28/10/2023 11:00:00","BZN|PL","Without Sequence","111.49","",""
"28/10/2023 11:00:00 - 28/10/2023 12:00:00","BZN|PL","Without Sequence","104.86","",""
"28/10/2023 12:00:00 - 28/10/2023 13:00:00","BZN|PL","Without Sequence","95.25","",""
"28/10/2023 13:00:00 - 28/10/2023 14:00:00","BZN|PL","Without Sequence","92.98","",""
"28/10/2023 14:00:00 - 28/10/2023 15:00:00","BZN|PL","Without Sequence","111.23","",""
"28/10/2023 15:00:00 - 28/10/2023 16:00:00","BZN|PL","Without Sequence","145.74","",""
"28/10/2023 16:00:00 - 28/10/2023 17:00:00","BZN|PL","Without Sequence","151.62","",""
"28/10/2023 17:00:00 - 28/10/2023 18:00:00","BZN|PL","Without Sequence","151.65","",""
"28/10/2023 18:00:00 - 28/10/2023 19:00:00","BZN|PL","Without Sequence","150.70","",""
"28/10/2023 19:00:00 - 28/10/2023 20:00:00","BZN|PL","Without Sequence","113.33","",""
"28/10/2023 20:00:00 - 28/10/2023 21:00:00","BZN|PL","Without Sequence","92.27","",""
"28/10/2023 21:00:00 - 28/10/2023 22:00:00","BZN|PL","Without Sequence","88.91","",""
"28/10/2023 22:00:00 - 28/10/2023 23:00:00","BZN|PL","Without Sequence","83.68","",""
"28/10/2023 23:00:00 - 29/10/2023 00:00:00","BZN|PL","Without Sequence","70.24","",""
"29/10/2023 00:00:00 - 29/10/2023 01:00:00","BZN|PL","Without Sequence","28.36","",""
"29/10/2023 01:00:00 - 29/10/2023 02:00:00","BZN|PL","Without Sequence","51.17","",""
"29/10/2023 02:00:00 - 29/10/2023 03:00:00","BZN|PL","Without Sequence","65.92","",""
"29/10/2023 03:00:00 - 29/10/2023 04:00:00","BZN|PL","Without Sequence","47.50","",""
"29/10/2023 04:00:00 - 29/10/2023 05:00:00","BZN|PL","Without Sequence","55.95","",""
"29/10/2023 05:00:00 - 29/10/2023 06:00:00","BZN|PL","Without Sequence","61.55","",""
"29/10/2023 06:00:00 - 29/10/2023 07:00:00","BZN|PL","Without Sequence","44.50","",""
"29/10/2023 07:00:00 - 29/10/2023 08:00:00","BZN|PL","Without Sequence","24.74","",""
"29/10/2023 08:00:00 - 29/10/2023 09:00:00","BZN|PL","Without Sequence","30.23","",""
"29/10/2023 09:00:00 - 29/10/2023 10:00:00","BZN|PL","Without Sequence","23.34","",""
"29/10/2023 10:00:00 - 29/10/2023 11:00:00","BZN|PL","Without Sequence","23.70","",""
"29/10/2023 11:00:00 - 29/10/2023 12:00:00","BZN|PL","Without Sequence","23.40","",""
"29/10/2023 12:00:00 - 29/10/2023 13:00:00","BZN|PL","Without Sequence","22.42","",""
"29/10/2023 13:00:00 - 29/10/2023 14:00:00","BZN|PL","Without Sequence","22.97","",""
"29/10/2023 14:00:00 - 29/10/2023 15:00:00","BZN|PL","Without Sequence","58.02","",""
"29/10/2023 15:00:00 - 29/10/2023 16:00:00","BZN|PL","Without Sequence","90.73","",""
"29/10/2023 16:00:00 - 29/10/2023 17:00:00","BZN|PL","Without Sequence","91.45","",""
"29/10/2023 17:00:00 - 29/10/2023 18:00:00","BZN|PL","Without Sequence","58.69","",""
"29/10/2023 18:00:00 - 29/10/2023 19:00:00","BZN|PL","Without Sequence","66.23","",""
"29/10/2023 19:00:00 - 29/10/2023 20:00:00","BZN|PL","Without Sequence","54.63","",""
"29/10/2023 20:00:00 - 29/10/2023 21:00:00","BZN|PL","Without Sequence","34.30","",""
"29/10/2023 21:00:00 - 29/10/2023 22:00:00","BZN|PL","Without Sequence","42.17","",""
"29/10/2023 22:00:00 - 29/10/2023 23:00:00","BZN|PL","Without Sequence","29.05","",""
"29/10/2023 23:00:00 - 30/10/2023 00:00:00","BZN|PL","Without Sequence","13.74","",""
"30/10/2023 00:00:00 - 30/10/2023 01:00:00","BZN|PL","Without Sequence","9.14","",""
"30/10/2023 01:00:00 - 30/10/2023 02:00:00","BZN|PL","Without Sequence","8.36","",""
"30/10/2023 02:00:00 - 30/10/2023 03:00:00","BZN|PL","Without Sequence","10.02","",""
"30/10/2023 03:00:00 - 30/10/2023 04:00:00","BZN|PL","Without Sequence","18.80","",""
"30/10/2023 04:00:00 - 30/10/2023 05:00:00","BZN|PL","Without Sequence","37.44","",""
"30/10/2023 05:00:00 - 30/10/2023 06:00:00","BZN|PL","Without Sequence","77.65","",""
"30/10/2023 06:00:00 - 30/10/2023 07:00:00","BZN|PL","Without Sequence","97.30","",""
"30/10/2023 07:00:00 - 30/10/2023 08:00:00","BZN|PL","Without Sequence","111.00","",""
"30/10/2023 08:00:00 - 30/10/2023 09:00:00","BZN|PL","Without Sequence","103.00","",""
"30/10/2023 09:00:00 - 30/10/2023 10:00:00","BZN|PL","Without Sequence","90.00","",""
"30/10/2023 10:00:00 - 30/10/2023 11:00:00","BZN|PL","Without Sequence","96.17","",""
"30/10/2023 11:00:00 - 30/10/2023 12:00:00","BZN|PL","Without Sequence","102.54","",""
"30/10/2023 12:00:00 - 30/10/2023 13:00:00","BZN|PL","Without Sequence","114.62","",""
"30/10/2023 13:00:00 - 30/10/2023 14:00:00","BZN|PL","Without Sequence","123.98","",""
"30/10/2023 14:00:00 - 30/10/2023 15:00:00","BZN|PL","Without Sequence","139.45","",""
"30/10/2023 15:00:00 - 30/10/2023 16:00:00","BZN|PL","Without Sequence","150.30","",""
"30/10/2023 16:00:00 - 30/10/2023 17:00:00","BZN|PL","Without Sequence","165.84","",""
"30/10/2023 17:00:00 - 30/10/2023 18:00:00","BZN|PL","Without Sequence","166.61","",""
"30/10/2023 18:00:00 - 30/10/2023 19:00:00","BZN|PL","Without Sequence","150.13","",""
"30/10/2023 19:00:00 - 30/10/2023 20:00:00","BZN|PL","Without Sequence","128.74","",""
"30/10/2023 20:00:00 - 30/10/2023 21:00:00","BZN|PL","Without Sequence","116.87","",""
"30/10/2023 21:00:00 - 30/10/2023 22:00:00","BZN|PL","Without Sequence","113.57","",""
"30/10/2023 22:00:00 - 30/10/2023 23:00:00","BZN|PL","Without Sequence","94.74","",""
"30/10/2023 23:00:00 - 31/10/2023 00:00:00","BZN|PL","Without Sequence","86.05","",""
"31/10/2023 00:00:00 - 31/10/2023 01:00:00","BZN|PL","Without Sequence","79.20","",""
"31/10/2023 01:00:00 - 31/10/2023 02:00:00","BZN|PL","Without Sequence","76.78","",""
"31/10/2023 02:00:00 - 31/10/2023 03:00:00","BZN|PL","Without Sequence","78.57","",""
"31/10/2023 03:00:00 - 31/10/2023 04:00:00","BZN|PL","Without Sequence","80.24","",""
"31/10/2023 04:00:00 - 31/10/2023 05:00:00","BZN|PL","Without Sequence","88.17","",""
"31/10/2023 05:00:00 - 31/10/2023 06:00:00","BZN|PL","Without Sequence","92.60","",""
"31/10/2023 06:00:00 - 31/10/2023 07:00:00","BZN|PL","Without Sequence","110.50","",""
"31/10/2023 07:00:00 - 31/10/2023 08:00:00","BZN|PL","Without Sequence","109.77","",""
"31/10/2023 08:00:00 - 31/10/2023 09:00:00","BZN|PL","Without Sequence","101.60","",""
"31/10/2023 09:00:00 - 31/10/2023 10:00:00","BZN|PL","Without Sequence","93.76","",""
"31/10/2023 10:00:00 - 31/10/2023 11:00:00","BZN|PL","Without Sequence","94.92","",""
"31/10/2023 11:00:00 - 31/10/2023 12:00:00","BZN|PL","Without Sequence","94.25","",""
"31/10/2023 12:00:00 - 31/10/2023 13:00:00","BZN|PL","Without Sequence","94.13","",""
"31/10/2023 13:00:00 - 31/10/2023 14:00:00","BZN|PL","Without Sequence","101.60","",""
"31/10/2023 14:00:00 - 31/10/2023 15:00:00","BZN|PL","Without Sequence","116.52","",""
"31/10/2023 15:00:00 - 31/10/2023 16:00:00","BZN|PL","Without Sequence","116.74","",""
"31/10/2023 16:00:00 - 31/10/2023 17:00:00","BZN|PL","Without Sequence","118.87","",""
"31/10/2023 17:00:00 - 31/10/2023 18:00:00","BZN|PL","Without Sequence","117.23","",""
"31/10/2023 18:00:00 - 31/10/2023 19:00:00","BZN|PL","Without Sequence","110.92","",""
"31/10/2023 19:00:00 - 31/10/2023 20:00:00","BZN|PL","Without Sequence","112.71","",""
"31/10/2023 20:00:00 - 31/10/2023 21:00:00","BZN|PL","Without Sequence","103.38","",""
"31/10/2023 21:00:00 - 31/10/2023 22:00:00","BZN|PL","Without Sequence","105.08","",""
"31/10/2023 22:00:00 - 31/10/2023 23:00:00","BZN|PL","Without Sequence","93.77","",""
"31/10/2023 23:00:00 - 01/11/2023 00:00:00","BZN|PL","Without Sequence","65.25","",""
"01/11/2023 00:00:00 - 01/11/2023 01:00:00","BZN|PL","Without Sequence","62.67","",""
"01/11/2023 01:00:00 - 01/11/2023 02:00:00","BZN|PL","Without Sequence","57.88","",""
"01/11/2023 02:00:00 - 01/11/2023 03:00:00","BZN|PL","Without Sequence","58.54","",""
"01/11/2023 03:00:00 - 01/11/2023 04:00:00","BZN|PL","Without Sequence","56.68","",""
"01/11/2023 04:00:00 - 01/11/2023 05:00:00","BZN|PL","Without Sequence","63.72","",""
"01/11/2023 05:00:00 - 01/11/2023 06:00:00","BZN|PL","Without Sequence","73.55","",""
"01/11/2023 06:00:00 - 01/11/2023 07:00:00","BZN|PL","Without Sequence","83.66","",""
"01/11/2023 07:00:00 - 01/11/2023 08:00:00","BZN|PL","Without Sequence","86.37","",""
"01/11/2023 08:00:00 - 01/11/2023 09:00:00","BZN|PL","Without Sequence","69.23","",""
"01/11/2023 09:00:00 - 01/11/2023 10:00:00","BZN|PL","Without Sequence","58.17","",""
"01/11/2023 10:00:00 - 01/11/2023 11:00:00","BZN|PL","Without Sequence","50.88","",""
"01/11/2023 11:00:00 - 01/11/2023 12:00:00","BZN|PL","Without Sequence","47.64","",""
"01/11/2023 12:00:00 - 01/11/2023 13:00:00","BZN|PL","Without Sequence","51.18","",""
"01/11/2023 13:00:00 - 01/11/2023 14:00:00","BZN|PL","Without Sequence","82.39","",""
"01/11/2023 14:00:00 - 01/11/2023 15:00:00","BZN|PL","Without Sequence","85.69","",""
"01/11/2023 15:00:00 - 01/11/2023 16:00:00","BZN|PL","Without Sequence","88.74","",""
"01/11/2023 16:00:00 - 01/11/2023 17:00:00","BZN|PL","Without Sequence","80.69","",""
"01/11/2023 17:00:00 - 01/11/2023 18:00:00","BZN|PL","Without Sequence","79.56","",""
"01/11/2023 18:00:00 - 01/11/2023 19:00:00","BZN|PL","Without Sequence","77.15","",""
"01/11/2023 19:00:00 - 01/11/2023 20:00:00","BZN|PL","Without Sequence","53.15","",""
"01/11/2023 20:00:00 - 01/11/2023 21:00:00","BZN|PL","Without Sequence","62.85","",""
"01/11/2023 21:00:00 - 01/11/2023 22:00:00","BZN|PL","Without Sequence","38.20","",""
"01/11/2023 22:00:00 - 01/11/2023 23:00:00","BZN|PL","Without Sequence","28.26","",""
"01/11/2023 23:00:00 - 02/11/2023 00:00:00","BZN|PL","Without Sequence","49.47","",""
"02/11/2023 00:00:00 - 02/11/2023 01:00:00","BZN|PL","Without Sequence","37.11","",""
"02/11/2023 01:00:00 - 02/11/2023 02:00:00","BZN|PL","Without Sequence","31.47","",""
"02/11/2023 02:00:00 - 02/11/2023 03:00:00","BZN|PL","Without Sequence","32.60","",""
"02/11/2023 03:00:00 - 02/11/2023 04:00:00","BZN|PL","Without Sequence","37.11","",""
"02/11/2023 04:00:00 - 02/11/2023 05:00:00","BZN|PL","Without Sequence","49.48","",""
"02/11/2023 05:00:00 - 02/11/2023 06:00:00","BZN|PL","Without Sequence","90.40","",""
"02/11/2023 06:00:00 - 02/11/2023 07:00:00","BZN|PL","Without Sequence","90.94","",""
"02/11/2023 07:00:00 - 02/11/2023 08:00:00","BZN|PL","Without Sequence","85.44","",""
"02/11/2023 08:00:00 - 02/11/2023 09:00:00","BZN|PL","Without Sequence","71.66","",""
"02/11/2023 09:00:00 - 02/11/2023 10:00:00","BZN|PL","Without Sequence","57.59","",""
"02/11/2023 10:00:00 - 02/11/2023 11:00:00","BZN|PL","Without Sequence","59.22","",""
"02/11/2023 11:00:00 - 02/11/2023 12:00:00","BZN|PL","Without Sequence","57.26","",""
"02/11/2023 12:00:00 - 02/11/2023 13:00:00","BZN|PL","Without Sequence","56.38","",""
"02/11/2023 13:00:00 - 02/11/2023 14:00:00","BZN|PL","Without Sequence","70.24","",""
"02/11/2023 14:00:00 - 02/11/2023 15:00:00","BZN|PL","Without Sequence","91.07","",""
"02/11/2023 15:00:00 - 02/11/2023 16:00:00","BZN|PL","Without Sequence","90.41","",""
"02/11/2023 16:00:00 - 02/11/2023 17:00:00","BZN|PL","Without Sequence","90.78","",""
"02/11/2023 17:00:00 - 02/11/2023 18:00:00","BZN|PL","Without Sequence","91.24","",""
"02/11/2023 18:00:00 - 02/11/2023 19:00:00","BZN|PL","Without Sequence","90.69","",""
"02/11/2023 19:00:00 - 02/11/2023 20:00:00","BZN|PL","Without Sequence","84.81","",""
"02/11/2023 20:00:00 - 02/11/2023 21:00:00","BZN|PL","Without Sequence","74.20","",""
"02/11/2023 21:00:00 - 02/11/2023 22:00:00","BZN|PL","Without Sequence","72.27","",""
"02/11/2023 22:00:00 - 02/11/2023 23:00:00","BZN|PL","Without Sequence","57.04","",""
"02/11/2023 23:00:00 - 03/11/2023 00:00:00","BZN|PL","Without Sequence","48.15","",""
"03/11/2023 00:00:00 - 03/11/2023 01:00:00","BZN|PL","Without Sequence","48.78","",""
"03/11/2023 01:00:00 - 03/11/2023 02:00:00","BZN|PL","Without Sequence","48.25","",""
"03/11/2023 02:00:00 - 03/11/2023 03:00:00","BZN|PL","Without Sequence","48.15","",""
"03/11/2023 03:00:00 - 03/11/2023 04:00:00","BZN|PL","Without Sequence","49.33","",""
"03/11/2023 04:00:00 - 03/11/2023 05:00:00","BZN|PL","Without Sequence","49.33","",""
"03/11/2023 05:00:00 - 03/11/2023 06:00:00","BZN|PL","Without Sequence","88.82","",""
"03/11/2023 06:00:00 - 03/11/2023 07:00:00","BZN|PL","Without Sequence","88.82","",""
"03/11/2023 07:00:00 - 03/11/2023 08:00:00","BZN|PL","Without Sequence","92.76","",""
"03/11/2023 08:00:00 - 03/11/2023 09:00:00","BZN|PL","Without Sequence","89.59","",""
"03/11/2023 09:00:00 - 03/11/2023 10:00:00","BZN|PL","Without Sequence","87.44","",""
"03/11/2023 10:00:00 - 03/11/2023 11:00:00","BZN|PL","Without Sequence","88.87","",""
"03/11/2023 11:00:00 - 03/11/2023 12:00:00","BZN|PL","Without Sequence","89.05","",""
"03/11/2023 12:00:00 - 03/11/2023 13:00:00","BZN|PL","Without Sequence","89.69","",""
"03/11/2023 13:00:00 - 03/11/2023 14:00:00","BZN|PL","Without Sequence","99.12","",""
"03/11/2023 14:00:00 - 03/11/2023 15:00:00","BZN|PL","Without Sequence","102.91","",""
"03/11/2023 15:00:00 - 03/11/2023 16:00:00","BZN|PL","Without Sequence","101.40","",""
"03/11/2023 16:00:00 - 03/11/2023 17:00:00","BZN|PL","Without Sequence","106.94","",""
"03/11/2023 17:00:00 - 03/11/2023 18:00:00","BZN|PL","Without Sequence","102.32","",""
"03/11/2023 18:00:00 - 03/11/2023 19:00:00","BZN|PL","Without Sequence","100.94","",""
"03/11/2023 19:00:00 - 03/11/2023 20:00:00","BZN|PL","Without Sequence","89.67","",""
"03/11/2023 20:00:00 - 03/11/2023 21:00:00","BZN|PL","Without Sequence","78.47","",""
"03/11/2023 21:00:00 - 03/11/2023 22:00:00","BZN|PL","Without Sequence","88.81","",""
"03/11/2023 22:00:00 - 03/11/2023 23:00:00","BZN|PL","Without Sequence","81.88","",""
"03/11/2023 23:00:00 - 04/11/2023 00:00:00","BZN|PL","Without Sequence","45.72","",""
"04/11/2023 00:00:00 - 04/11/2023 01:00:00","BZN|PL","Without Sequence","35.90","",""
"04/11/2023 01:00:00 - 04/11/2023 02:00:00","BZN|PL","Without Sequence","30.00","",""
"04/11/2023 02:00:00 - 04/11/2023 03:00:00","BZN|PL","Without Sequence","30.32","",""
"04/11/2023 03:00:00 - 04/11/2023 04:00:00","BZN|PL","Without Sequence","29.08","",""
"04/11/2023 04:00:00 - 04/11/2023 05:00:00","BZN|PL","Without Sequence","33.51","",""
"04/11/2023 05:00:00 - 04/11/2023 06:00:00","BZN|PL","Without Sequence","29.86","",""
"04/11/2023 06:00:00 - 04/11/2023 07:00:00","BZN|PL","Without Sequence","45.57","",""
"04/11/2023 07:00:00 - 04/11/2023 08:00:00","BZN|PL","Without Sequence","56.06","",""
"04/11/2023 08:00:00 - 04/11/2023 09:00:00","BZN|PL","Without Sequence","53.81","",""
"04/11/2023 09:00:00 - 04/11/2023 10:00:00","BZN|PL","Without Sequence","28.52","",""
"04/11/2023 10:00:00 - 04/11/2023 11:00:00","BZN|PL","Without Sequence","27.10","",""
"04/11/2023 11:00:00 - 04/11/2023 12:00:00","BZN|PL","Without Sequence","32.62","",""
"04/11/2023 12:00:00 - 04/11/2023 13:00:00","BZN|PL","Without Sequence","55.32","",""
"04/11/2023 13:00:00 - 04/11/2023 14:00:00","BZN|PL","Without Sequence","89.83","",""
"04/11/2023 14:00:00 - 04/11/2023 15:00:00","BZN|PL","Without Sequence","87.56","",""
"04/11/2023 15:00:00 - 04/11/2023 16:00:00","BZN|PL","Without Sequence","89.76","",""
"04/11/2023 16:00:00 - 04/11/2023 17:00:00","BZN|PL","Without Sequence","89.80","",""
"04/11/2023 17:00:00 - 04/11/2023 18:00:00","BZN|PL","Without Sequence","90.62","",""
"04/11/2023 18:00:00 - 04/11/2023 19:00:00","BZN|PL","Without Sequence","90.67","",""
"04/11/2023 19:00:00 - 04/11/2023 20:00:00","BZN|PL","Without Sequence","87.80","",""
"04/11/2023 20:00:00 - 04/11/2023 21:00:00","BZN|PL","Without Sequence","56.06","",""
"04/11/2023 21:00:00 - 04/11/2023 22:00:00","BZN|PL","Without Sequence","29.15","",""
"04/11/2023 22:00:00 - 04/11/2023 23:00:00","BZN|PL","Without Sequence","19.65","",""
"04/11/2023 23:00:00 - 05/11/2023 00:00:00","BZN|PL","Without Sequence","24.74","",""
"05/11/2023 00:00:00 - 05/11/2023 01:00:00","BZN|PL","Without Sequence","20.24","",""
"05/11/2023 01:00:00 - 05/11/2023 02:00:00","BZN|PL","Without Sequence","15.74","",""
"05/11/2023 02:00:00 - 05/11/2023 03:00:00","BZN|PL","Without Sequence","15.75","",""
"05/11/2023 03:00:00 - 05/11/2023 04:00:00","BZN|PL","Without Sequence","15.75","",""
"05/11/2023 04:00:00 - 05/11/2023 05:00:00","BZN|PL","Without Sequence","22.67","",""
"05/11/2023 05:00:00 - 05/11/2023 06:00:00","BZN|PL","Without Sequence","16.86","",""
"05/11/2023 06:00:00 - 05/11/2023 07:00:00","BZN|PL","Without Sequence","12.56","",""
"05/11/2023 07:00:00 - 05/11/2023 08:00:00","BZN|PL","Without Sequence","21.53","",""
"05/11/2023 08:00:00 - 05/11/2023 09:00:00","BZN|PL","Without Sequence","25.43","",""
"05/11/2023 09:00:00 - 05/11/2023 10:00:00","BZN|PL","Without Sequence","51.49","",""
"05/11/2023 10:00:00 - 05/11/2023 11:00:00","BZN|PL","Without Sequence","56.78","",""
"05/11/2023 11:00:00 - 05/11/2023 12:00:00","BZN|PL","Without Sequence","71.31","",""
"05/11/2023 12:00:00 - 05/11/2023 13:00:00","BZN|PL","Without Sequence","90.41","",""
"05/11/2023 13:00:00 - 05/11/2023 14:00:00","BZN|PL","Without Sequence","83.99","",""
"05/11/2023 14:00:00 - 05/11/2023 15:00:00","BZN|PL","Without Sequence","82.12","",""
"05/11/2023 15:00:00 - 05/11/2023 16:00:00","BZN|PL","Without Sequence","84.07","",""
"05/11/2023 16:00:00 - 05/11/2023 17:00:00","BZN|PL","Without Sequence","87.56","",""
"05/11/2023 17:00:00 - 05/11/2023 18:00:00","BZN|PL","Without Sequence","83.94","",""
"05/11/2023 18:00:00 - 05/11/2023 19:00:00","BZN|PL","Without Sequence","71.95","",""
"05/11/2023 19:00:00 - 05/11/2023 20:00:00","BZN|PL","Without Sequence","65.21","",""
"05/11/2023 20:00:00 - 05/11/2023 21:00:00","BZN|PL","Without Sequence","44.98","",""
"05/11/2023 21:00:00 - 05/11/2023 22:00:00","BZN|PL","Without Sequence","42.48","",""
"05/11/2023 22:00:00 - 05/11/2023 23:00:00","BZN|PL","Without Sequence","30.95","",""
"05/11/2023 23:00:00 - 06/11/2023 00:00:00","BZN|PL","Without Sequence","12.54","",""
"06/11/2023 00:00:00 - 06/11/2023 01:00:00","BZN|PL","Without Sequence","16.64","",""
"06/11/2023 01:00:00 - 06/11/2023 02:00:00","BZN|PL","Without Sequence","12.81","",""
"06/11/2023 02:00:00 - 06/11/2023 03:00:00","BZN|PL","Without Sequence","11.33","",""
"06/11/2023 03:00:00 - 06/11/2023 04:00:00","BZN|PL","Without Sequence","11.24","",""
"06/11/2023 04:00:00 - 06/11/2023 05:00:00","BZN|PL","Without Sequence","16.93","",""
"06/11/2023 05:00:00 - 06/11/2023 06:00:00","BZN|PL","Without Sequence","77.35","",""
"06/11/2023 06:00:00 - 06/11/2023 07:00:00","BZN|PL","Without Sequence","89.94","",""
"06/11/2023 07:00:00 - 06/11/2023 08:00:00","BZN|PL","Without Sequence","90.42","",""
"06/11/2023 08:00:00 - 06/11/2023 09:00:00","BZN|PL","Without Sequence","72.84","",""
"06/11/2023 09:00:00 - 06/11/2023 10:00:00","BZN|PL","Without Sequence","59.63","",""
"06/11/2023 10:00:00 - 06/11/2023 11:00:00","BZN|PL","Without Sequence","56.48","",""
"06/11/2023 11:00:00 - 06/11/2023 12:00:00","BZN|PL","Without Sequence","58.05","",""
"06/11/2023 12:00:00 - 06/11/2023 13:00:00","BZN|PL","Without Sequence","66.98","",""
"06/11/2023 13:00:00 - 06/11/2023 14:00:00","BZN|PL","Without Sequence","78.79","",""
"06/11/2023 14:00:00 - 06/11/2023 15:00:00","BZN|PL","Without Sequence","90.49","",""
"06/11/2023 15:00:00 - 06/11/2023 16:00:00","BZN|PL","Without Sequence","90.43","",""
"06/11/2023 16:00:00 - 06/11/2023 17:00:00","BZN|PL","Without Sequence","90.71","",""
"06/11/2023 17:00:00 - 06/11/2023 18:00:00","BZN|PL","Without Sequence","90.49","",""
"06/11/2023 18:00:00 - 06/11/2023 19:00:00","BZN|PL","Without Sequence","90.64","",""
"06/11/2023 19:00:00 - 06/11/2023 20:00:00","BZN|PL","Without Sequence","90.45","",""
"06/11/2023 20:00:00 - 06/11/2023 21:00:00","BZN|PL","Without Sequence","90.52","",""
"06/11/2023 21:00:00 - 06/11/2023 22:00:00","BZN|PL","Without Sequence","85.95","",""
"06/11/2023 22:00:00 - 06/11/2023 23:00:00","BZN|PL","Without Sequence","83.98","",""
"06/11/2023 23:00:00 - 07/11/2023 00:00:00","BZN|PL","Without Sequence","74.96","",""
"07/11/2023 00:00:00 - 07/11/2023 01:00:00","BZN|PL","Without Sequence","68.57","",""
"07/11/2023 01:00:00 - 07/11/2023 02:00:00","BZN|PL","Without Sequence","68.97","",""
"07/11/2023 02:00:00 - 07/11/2023 03:00:00","BZN|PL","Without Sequence","68.01","",""
"07/11/2023 03:00:00 - 07/11/2023 04:00:00","BZN|PL","Without Sequence","70.25","",""
"07/11/2023 04:00:00 - 07/11/2023 05:00:00","BZN|PL","Without Sequence","79.42","",""
"07/11/2023 05:00:00 - 07/11/2023 06:00:00","BZN|PL","Without Sequence","95.10","",""
"07/11/2023 06:00:00 - 07/11/2023 07:00:00","BZN|PL","Without Sequence","112.01","",""
"07/11/2023 07:00:00 - 07/11/2023 08:00:00","BZN|PL","Without Sequence","124.95","",""
"07/11/2023 08:00:00 - 07/11/2023 09:00:00","BZN|PL","Without Sequence","109.27","",""
"07/11/2023 09:00:00 - 07/11/2023 10:00:00","BZN|PL","Without Sequence","97.42","",""
"07/11/2023 10:00:00 - 07/11/2023 11:00:00","BZN|PL","Without Sequence","89.03","",""
"07/11/2023 11:00:00 - 07/11/2023 12:00:00","BZN|PL","Without Sequence","86.21","",""
"07/11/2023 12:00:00 - 07/11/2023 13:00:00","BZN|PL","Without Sequence","88.79","",""
"07/11/2023 13:00:00 - 07/11/2023 14:00:00","BZN|PL","Without Sequence","100.50","",""
"07/11/2023 14:00:00 - 07/11/2023 15:00:00","BZN|PL","Without Sequence","115.37","",""
"07/11/2023 15:00:00 - 07/11/2023 16:00:00","BZN|PL","Without Sequence","126.73","",""
"07/11/2023 16:00:00 - 07/11/2023 17:00:00","BZN|PL","Without Sequence","128.88","",""
"07/11/2023 17:00:00 - 07/11/2023 18:00:00","BZN|PL","Without Sequence","124.98","",""
"07/11/2023 18:00:00 - 07/11/2023 19:00:00","BZN|PL","Without Sequence","124.87","",""
"07/11/2023 19:00:00 - 07/11/2023 20:00:00","BZN|PL","Without Sequence","111.47","",""
"07/11/2023 20:00:00 - 07/11/2023 21:00:00","BZN|PL","Without Sequence","92.32","",""
"07/11/2023 21:00:00 - 07/11/2023 22:00:00","BZN|PL","Without Sequence","89.01","",""
"07/11/2023 22:00:00 - 07/11/2023 23:00:00","BZN|PL","Without Sequence","75.20","",""
"07/11/2023 23:00:00 - 08/11/2023 00:00:00","BZN|PL","Without Sequence","77.61","",""
"08/11/2023 00:00:00 - 08/11/2023 01:00:00","BZN|PL","Without Sequence","75.60","",""
"08/11/2023 01:00:00 - 08/11/2023 02:00:00","BZN|PL","Without Sequence","75.21","",""
"08/11/2023 02:00:00 - 08/11/2023 03:00:00","BZN|PL","Without Sequence","75.21","",""
"08/11/2023 03:00:00 - 08/11/2023 04:00:00","BZN|PL","Without Sequence","78.25","",""
"08/11/2023 04:00:00 - 08/11/2023 05:00:00","BZN|PL","Without Sequence","79.70","",""
"08/11/2023 05:00:00 - 08/11/2023 06:00:00","BZN|PL","Without Sequence","93.17","",""
"08/11/2023 06:00:00 - 08/11/2023 07:00:00","BZN|PL","Without Sequence","109.46","",""
"08/11/2023 07:00:00 - 08/11/2023 08:00:00","BZN|PL","Without Sequence","111.47","",""
"08/11/2023 08:00:00 - 08/11/2023 09:00:00","BZN|PL","Without Sequence","95.45","",""
"08/11/2023 09:00:00 - 08/11/2023 10:00:00","BZN|PL","Without Sequence","84.95","",""
"08/11/2023 10:00:00 - 08/11/2023 11:00:00","BZN|PL","Without Sequence","88.65","",""
"08/11/2023 11:00:00 - 08/11/2023 12:00:00","BZN|PL","Without Sequence","89.73","",""
"08/11/2023 12:00:00 - 08/11/2023 13:00:00","BZN|PL","Without Sequence","81.92","",""
"08/11/2023 13:00:00 - 08/11/2023 14:00:00","BZN|PL","Without Sequence","96.20","",""
"08/11/2023 14:00:00 - 08/11/2023 15:00:00","BZN|PL","Without Sequence","104.47","",""
"08/11/2023 15:00:00 - 08/11/2023 16:00:00","BZN|PL","Without Sequence","123.97","",""
"08/11/2023 16:00:00 - 08/11/2023 17:00:00","BZN|PL","Without Sequence","117.88","",""
"08/11/2023 17:00:00 - 08/11/2023 18:00:00","BZN|PL","Without Sequence","119.19","",""
"08/11/2023 18:00:00 - 08/11/2023 19:00:00","BZN|PL","Without Sequence","118.01","",""
"08/11/2023 19:00:00 - 08/11/2023 20:00:00","BZN|PL","Without Sequence","108.38","",""
"08/11/2023 20:00:00 - 08/11/2023 21:00:00","BZN|PL","Without Sequence","92.50","",""
"08/11/2023 21:00:00 - 08/11/2023 22:00:00","BZN|PL","Without Sequence","83.07","",""
"08/11/2023 22:00:00 - 08/11/2023 23:00:00","BZN|PL","Without Sequence","75.53","",""
"08/11/2023 23:00:00 - 09/11/2023 00:00:00","BZN|PL","Without Sequence","70.37","",""
"09/11/2023 00:00:00 - 09/11/2023 01:00:00","BZN|PL","Without Sequence","70.37","",""
"09/11/2023 01:00:00 - 09/11/2023 02:00:00","BZN|PL","Without Sequence","69.79","",""
"09/11/2023 02:00:00 - 09/11/2023 03:00:00","BZN|PL","Without Sequence","72.68","",""
"09/11/2023 03:00:00 - 09/11/2023 04:00:00","BZN|PL","Without Sequence","74.64","",""
"09/11/2023 04:00:00 - 09/11/2023 05:00:00","BZN|PL","Without Sequence","83.66","",""
"09/11/2023 05:00:00 - 09/11/2023 06:00:00","BZN|PL","Without Sequence","91.74","",""
"09/11/2023 06:00:00 - 09/11/2023 07:00:00","BZN|PL","Without Sequence","105.88","",""
"09/11/2023 07:00:00 - 09/11/2023 08:00:00","BZN|PL","Without Sequence","115.43","",""
"09/11/2023 08:00:00 - 09/11/2023 09:00:00","BZN|PL","Without Sequence","109.65","",""
"09/11/2023 09:00:00 - 09/11/2023 10:00:00","BZN|PL","Without Sequence","100.08","",""
"09/11/2023 10:00:00 - 09/11/2023 11:00:00","BZN|PL","Without Sequence","95.00","",""
"09/11/2023 11:00:00 - 09/11/2023 12:00:00","BZN|PL","Without Sequence","90.16","",""
"09/11/2023 12:00:00 - 09/11/2023 13:00:00","BZN|PL","Without Sequence","92.32","",""
"09/11/2023 13:00:00 - 09/11/2023 14:00:00","BZN|PL","Without Sequence","100.61","",""
"09/11/2023 14:00:00 - 09/11/2023 15:00:00","BZN|PL","Without Sequence","116.54","",""
"09/11/2023 15:00:00 - 09/11/2023 16:00:00","BZN|PL","Without Sequence","117.65","",""
"09/11/2023 16:00:00 - 09/11/2023 17:00:00","BZN|PL","Without Sequence","106.02","",""
"09/11/2023 17:00:00 - 09/11/2023 18:00:00","BZN|PL","Without Sequence","104.90","",""
"09/11/2023 18:00:00 - 09/11/2023 19:00:00","BZN|PL","Without Sequence","105.85","",""
"09/11/2023 19:00:00 - 09/11/2023 20:00:00","BZN|PL","Without Sequence","96.01","",""
"09/11/2023 20:00:00 - 09/11/2023 21:00:00","BZN|PL","Without Sequence","83.71","",""
"09/11/2023 21:00:00 - 09/11/2023 22:00:00","BZN|PL","Without Sequence","84.04","",""
"09/11/2023 22:00:00 - 09/11/2023 23:00:00","BZN|PL","Without Sequence","74.36","",""
"09/11/2023 23:00:00 - 10/11/2023 00:00:00","BZN|PL","Without Sequence","58.56","",""
"10/11/2023 00:00:00 - 10/11/2023 01:00:00","BZN|PL","Without Sequence","59.68","",""
"10/11/2023 01:00:00 - 10/11/2023 02:00:00","BZN|PL","Without Sequence","53.74","",""
"10/11/2023 02:00:00 - 10/11/2023 03:00:00","BZN|PL","Without Sequence","48.36","",""
"10/11/2023 03:00:00 - 10/11/2023 04:00:00","BZN|PL","Without Sequence","50.00","",""
"10/11/2023 04:00:00 - 10/11/2023 05:00:00","BZN|PL","Without Sequence","58.57","",""
"10/11/2023 05:00:00 - 10/11/2023 06:00:00","BZN|PL","Without Sequence","88.55","",""
"10/11/2023 06:00:00 - 10/11/2023 07:00:00","BZN|PL","Without Sequence","93.13","",""
"10/11/2023 07:00:00 - 10/11/2023 08:00:00","BZN|PL","Without Sequence","113.00","",""
"10/11/2023 08:00:00 - 10/11/2023 09:00:00","BZN|PL","Without Sequence","104.99","",""
"10/11/2023 09:00:00 - 10/11/2023 10:00:00","BZN|PL","Without Sequence","94.59","",""
"10/11/2023 10:00:00 - 10/11/2023 11:00:00","BZN|PL","Without Sequence","91.64","",""
"10/11/2023 11:00:00 - 10/11/2023 12:00:00","BZN|PL","Without Sequence","97.49","",""
"10/11/2023 12:00:00 - 10/11/2023 13:00:00","BZN|PL","Without Sequence","114.93","",""
"10/11/2023 13:00:00 - 10/11/2023 14:00:00","BZN|PL","Without Sequence","128.38","",""
"10/11/2023 14:00:00 - 10/11/2023 15:00:00","BZN|PL","Without Sequence","122.84","",""
"10/11/2023 15:00:00 - 10/11/2023 16:00:00","BZN|PL","Without Sequence","128.35","",""
"10/11/2023 16:00:00 - 10/11/2023 17:00:00","BZN|PL","Without Sequence","126.68","",""
"10/11/2023 17:00:00 - 10/11/2023 18:00:00","BZN|PL","Without Sequence","123.87","",""
"10/11/2023 18:00:00 - 10/11/2023 19:00:00","BZN|PL","Without Sequence","123.58","",""
"10/11/2023 19:00:00 - 10/11/2023 20:00:00","BZN|PL","Without Sequence","112.93","",""
"10/11/2023 20:00:00 - 10/11/2023 21:00:00","BZN|PL","Without Sequence","105.10","",""
"10/11/2023 21:00:00 - 10/11/2023 22:00:00","BZN|PL","Without Sequence","103.97","",""
"10/11/2023 22:00:00 - 10/11/2023 23:00:00","BZN|PL","Without Sequence","93.20","",""
"10/11/2023 23:00:00 - 11/11/2023 00:00:00","BZN|PL","Without Sequence","87.30","",""
"11/11/2023 00:00:00 - 11/11/2023 01:00:00","BZN|PL","Without Sequence","85.89","",""
"11/11/2023 01:00:00 - 11/11/2023 02:00:00","BZN|PL","Without Sequence","85.88","",""
"11/11/2023 02:00:00 - 11/11/2023 03:00:00","BZN|PL","Without Sequence","83.21","",""
"11/11/2023 03:00:00 - 11/11/2023 04:00:00","BZN|PL","Without Sequence","82.71","",""
"11/11/2023 04:00:00 - 11/11/2023 05:00:00","BZN|PL","Without Sequence","85.44","",""
"11/11/2023 05:00:00 - 11/11/2023 06:00:00","BZN|PL","Without Sequence","86.30","",""
"11/11/2023 06:00:00 - 11/11/2023 07:00:00","BZN|PL","Without Sequence","88.00","",""
"11/11/2023 07:00:00 - 11/11/2023 08:00:00","BZN|PL","Without Sequence","92.00","",""
"11/11/2023 08:00:00 - 11/11/2023 09:00:00","BZN|PL","Without Sequence","94.89","",""
"11/11/2023 09:00:00 - 11/11/2023 10:00:00","BZN|PL","Without Sequence","91.28","",""
"11/11/2023 10:00:00 - 11/11/2023 11:00:00","BZN|PL","Without Sequence","90.22","",""
"11/11/2023 11:00:00 - 11/11/2023 12:00:00","BZN|PL","Without Sequence","87.94","",""
"11/11/2023 12:00:00 - 11/11/2023 13:00:00","BZN|PL","Without Sequence","87.80","",""
"11/11/2023 13:00:00 - 11/11/2023 14:00:00","BZN|PL","Without Sequence","91.50","",""
"11/11/2023 14:00:00 - 11/11/2023 15:00:00","BZN|PL","Without Sequence","102.87","",""
"11/11/2023 15:00:00 - 11/11/2023 16:00:00","BZN|PL","Without Sequence","115.27","",""
"11/11/2023 16:00:00 - 11/11/2023 17:00:00","BZN|PL","Without Sequence","126.53","",""
"11/11/2023 17:00:00 - 11/11/2023 18:00:00","BZN|PL","Without Sequence","124.70","",""
"11/11/2023 18:00:00 - 11/11/2023 19:00:00","BZN|PL","Without Sequence","124.47","",""
"11/11/2023 19:00:00 - 11/11/2023 20:00:00","BZN|PL","Without Sequence","113.51","",""
"11/11/2023 20:00:00 - 11/11/2023 21:00:00","BZN|PL","Without Sequence","102.58","",""
"11/11/2023 21:00:00 - 11/11/2023 22:00:00","BZN|PL","Without Sequence","92.38","",""
"11/11/2023 22:00:00 - 11/11/2023 23:00:00","BZN|PL","Without Sequence","87.41","",""
"11/11/2023 23:00:00 - 12/11/2023 00:00:00","BZN|PL","Without Sequence","88.16","",""
"12/11/2023 00:00:00 - 12/11/2023 01:00:00","BZN|PL","Without Sequence","85.36","",""
"12/11/2023 01:00:00 - 12/11/2023 02:00:00","BZN|PL","Without Sequence","84.26","",""
"12/11/2023 02:00:00 - 12/11/2023 03:00:00","BZN|PL","Without Sequence","82.77","",""
"12/11/2023 03:00:00 - 12/11/2023 04:00:00","BZN|PL","Without Sequence","82.17","",""
"12/11/2023 04:00:00 - 12/11/2023 05:00:00","BZN|PL","Without Sequence","86.02","",""
"12/11/2023 05:00:00 - 12/11/2023 06:00:00","BZN|PL","Without Sequence","85.55","",""
"12/11/2023 06:00:00 - 12/11/2023 07:00:00","BZN|PL","Without Sequence","85.89","",""
"12/11/2023 07:00:00 - 12/11/2023 08:00:00","BZN|PL","Without Sequence","87.26","",""
"12/11/2023 08:00:00 - 12/11/2023 09:00:00","BZN|PL","Without Sequence","89.75","",""
"12/11/2023 09:00:00 - 12/11/2023 10:00:00","BZN|PL","Without Sequence","88.58","",""
"12/11/2023 10:00:00 - 12/11/2023 11:00:00","BZN|PL","Without Sequence","86.48","",""
"12/11/2023 11:00:00 - 12/11/2023 12:00:00","BZN|PL","Without Sequence","88.09","",""
"12/11/2023 12:00:00 - 12/11/2023 13:00:00","BZN|PL","Without Sequence","88.22","",""
"12/11/2023 13:00:00 - 12/11/2023 14:00:00","BZN|PL","Without Sequence","92.59","",""
"12/11/2023 14:00:00 - 12/11/2023 15:00:00","BZN|PL","Without Sequence","108.69","",""
"12/11/2023 15:00:00 - 12/11/2023 16:00:00","BZN|PL","Without Sequence","122.59","",""
"12/11/2023 16:00:00 - 12/11/2023 17:00:00","BZN|PL","Without Sequence","133.03","",""
"12/11/2023 17:00:00 - 12/11/2023 18:00:00","BZN|PL","Without Sequence","130.89","",""
"12/11/2023 18:00:00 - 12/11/2023 19:00:00","BZN|PL","Without Sequence","124.07","",""
"12/11/2023 19:00:00 - 12/11/2023 20:00:00","BZN|PL","Without Sequence","114.35","",""
"12/11/2023 20:00:00 - 12/11/2023 21:00:00","BZN|PL","Without Sequence","107.33","",""
"12/11/2023 21:00:00 - 12/11/2023 22:00:00","BZN|PL","Without Sequence","100.14","",""
"12/11/2023 22:00:00 - 12/11/2023 23:00:00","BZN|PL","Without Sequence","88.02","",""
"12/11/2023 23:00:00 - 13/11/2023 00:00:00","BZN|PL","Without Sequence","91.26","",""
"13/11/2023 00:00:00 - 13/11/2023 01:00:00","BZN|PL","Without Sequence","86.82","",""
"13/11/2023 01:00:00 - 13/11/2023 02:00:00","BZN|PL","Without Sequence","87.00","",""
"13/11/2023 02:00:00 - 13/11/2023 03:00:00","BZN|PL","Without Sequence","86.94","",""
"13/11/2023 03:00:00 - 13/11/2023 04:00:00","BZN|PL","Without Sequence","88.04","",""
"13/11/2023 04:00:00 - 13/11/2023 05:00:00","BZN|PL","Without Sequence","91.83","",""
"13/11/2023 05:00:00 - 13/11/2023 06:00:00","BZN|PL","Without Sequence","112.98","",""
"13/11/2023 06:00:00 - 13/11/2023 07:00:00","BZN|PL","Without Sequence","129.41","",""
"13/11/2023 07:00:00 - 13/11/2023 08:00:00","BZN|PL","Without Sequence","132.97","",""
"13/11/2023 08:00:00 - 13/11/2023 09:00:00","BZN|PL","Without Sequence","131.54","",""
"13/11/2023 09:00:00 - 13/11/2023 10:00:00","BZN|PL","Without Sequence","121.14","",""
"13/11/2023 10:00:00 - 13/11/2023 11:00:00","BZN|PL","Without Sequence","121.61","",""
"13/11/2023 11:00:00 - 13/11/2023 12:00:00","BZN|PL","Without Sequence","119.52","",""
"13/11/2023 12:00:00 - 13/11/2023 13:00:00","BZN|PL","Without Sequence","116.77","",""
"13/11/2023 13:00:00 - 13/11/2023 14:00:00","BZN|PL","Without Sequence","136.62","",""
"13/11/2023 14:00:00 - 13/11/2023 15:00:00","BZN|PL","Without Sequence","138.41","",""
"13/11/2023 15:00:00 - 13/11/2023 16:00:00","BZN|PL","Without Sequence","153.37","",""
"13/11/2023 16:00:00 - 13/11/2023 17:00:00","BZN|PL","Without Sequence","147.69","",""
"13/11/2023 17:00:00 - 13/11/2023 18:00:00","BZN|PL","Without Sequence","143.25","",""
"13/11/2023 18:00:00 - 13/11/2023 19:00:00","BZN|PL","Without Sequence","135.79","",""
"13/11/2023 19:00:00 - 13/11/2023 20:00:00","BZN|PL","Without Sequence","121.16","",""
"13/11/2023 20:00:00 - 13/11/2023 21:00:00","BZN|PL","Without Sequence","87.36","",""
"13/11/2023 21:00:00 - 13/11/2023 22:00:00","BZN|PL","Without Sequence","78.53","",""
"13/11/2023 22:00:00 - 13/11/2023 23:00:00","BZN|PL","Without Sequence","74.57","",""
"13/11/2023 23:00:00 - 14/11/2023 00:00:00","BZN|PL","Without Sequence","65.49","",""
"14/11/2023 00:00:00 - 14/11/2023 01:00:00","BZN|PL","Without Sequence","63.92","",""
"14/11/2023 01:00:00 - 14/11/2023 02:00:00","BZN|PL","Without Sequence","59.20","",""
"14/11/2023 02:00:00 - 14/11/2023 03:00:00","BZN|PL","Without Sequence","58.92","",""
"14/11/2023 03:00:00 - 14/11/2023 04:00:00","BZN|PL","Without Sequence","66.41","",""
"14/11/2023 04:00:00 - 14/11/2023 05:00:00","BZN|PL","Without Sequence","78.88","",""
"14/11/2023 05:00:00 - 14/11/2023 06:00:00","BZN|PL","Without Sequence","96.81","",""
"14/11/2023 06:00:00 - 14/11/2023 07:00:00","BZN|PL","Without Sequence","101.42","",""
"14/11/2023 07:00:00 - 14/11/2023 08:00:00","BZN|PL","Without Sequence","98.63","",""
"14/11/2023 08:00:00 - 14/11/2023 09:00:00","BZN|PL","Without Sequence","90.14","",""
"14/11/2023 09:00:00 - 14/11/2023 10:00:00","BZN|PL","Without Sequence","81.03","",""
"14/11/2023 10:00:00 - 14/11/2023 11:00:00","BZN|PL","Without Sequence","75.50","",""
"14/11/2023 11:00:00 - 14/11/2023 12:00:00","BZN|PL","Without Sequence","82.26","",""
"14/11/2023 12:00:00 - 14/11/2023 13:00:00","BZN|PL","Without Sequence","89.68","",""
"14/11/2023 13:00:00 - 14/11/2023 14:00:00","BZN|PL","Without Sequence","93.18","",""
"14/11/2023 14:00:00 - 14/11/2023 15:00:00","BZN|PL","Without Sequence","110.43","",""
"14/11/2023 15:00:00 - 14/11/2023 16:00:00","BZN|PL","Without Sequence","112.68","",""
"14/11/2023 16:00:00 - 14/11/2023 17:00:00","BZN|PL","Without Sequence","111.10","",""
"14/11/2023 17:00:00 - 14/11/2023 18:00:00","BZN|PL","Without Sequence","110.16","",""
"14/11/2023 18:00:00 - 14/11/2023 19:00:00","BZN|PL","Without Sequence","116.51","",""
"14/11/2023 19:00:00 - 14/11/2023 20:00:00","BZN|PL","Without Sequence","99.15","",""
"14/11/2023 20:00:00 - 14/11/2023 21:00:00","BZN|PL","Without Sequence","88.14","",""
"14/11/2023 21:00:00 - 14/11/2023 22:00:00","BZN|PL","Without Sequence","89.25","",""
"14/11/2023 22:00:00 - 14/11/2023 23:00:00","BZN|PL","Without Sequence","85.50","",""
"14/11/2023 23:00:00 - 15/11/2023 00:00:00","BZN|PL","Without Sequence","81.10","",""
"15/11/2023 00:00:00 - 15/11/2023 01:00:00","BZN|PL","Without Sequence","76.42","",""
"15/11/2023 01:00:00 - 15/11/2023 02:00:00","BZN|PL","Without Sequence","72.90","",""
"15/11/2023 02:00:00 - 15/11/2023 03:00:00","BZN|PL","Without Sequence","70.69","",""
"15/11/2023 03:00:00 - 15/11/2023 04:00:00","BZN|PL","Without Sequence","74.45","",""
"15/11/2023 04:00:00 - 15/11/2023 05:00:00","BZN|PL","Without Sequence","75.22","",""
"15/11/2023 05:00:00 - 15/11/2023 06:00:00","BZN|PL","Without Sequence","98.69","",""
"15/11/2023 06:00:00 - 15/11/2023 07:00:00","BZN|PL","Without Sequence","122.19","",""
"15/11/2023 07:00:00 - 15/11/2023 08:00:00","BZN|PL","Without Sequence","128.59","",""
"15/11/2023 08:00:00 - 15/11/2023 09:00:00","BZN|PL","Without Sequence","121.29","",""
"15/11/2023 09:00:00 - 15/11/2023 10:00:00","BZN|PL","Without Sequence","112.02","",""
"15/11/2023 10:00:00 - 15/11/2023 11:00:00","BZN|PL","Without Sequence","99.28","",""
"15/11/2023 11:00:00 - 15/11/2023 12:00:00","BZN|PL","Without Sequence","96.61","",""
"15/11/2023 12:00:00 - 15/11/2023 13:00:00","BZN|PL","Without Sequence","100.08","",""
"15/11/2023 13:00:00 - 15/11/2023 14:00:00","BZN|PL","Without Sequence","104.79","",""
"15/11/2023 14:00:00 - 15/11/2023 15:00:00","BZN|PL","Without Sequence","121.21","",""
"15/11/2023 15:00:00 - 15/11/2023 16:00:00","BZN|PL","Without Sequence","122.96","",""
"15/11/2023 16:00:00 - 15/11/2023 17:00:00","BZN|PL","Without Sequence","127.84","",""
"15/11/2023 17:00:00 - 15/11/2023 18:00:00","BZN|PL","Without Sequence","129.90","",""
"15/11/2023 18:00:00 - 15/11/2023 19:00:00","BZN|PL","Without Sequence","121.08","",""
"15/11/2023 19:00:00 - 15/11/2023 20:00:00","BZN|PL","Without Sequence","109.90","",""
"15/11/2023 20:00:00 - 15/11/2023 21:00:00","BZN|PL","Without Sequence","97.50","",""
"15/11/2023 21:00:00 - 15/11/2023 22:00:00","BZN|PL","Without Sequence","91.66","",""
"15/11/2023 22:00:00 - 15/11/2023 23:00:00","BZN|PL","Without Sequence","84.21","",""
"15/11/2023 23:00:00 - 16/11/2023 00:00:00","BZN|PL","Without Sequence","85.47","",""
"16/11/2023 00:00:00 - 16/11/2023 01:00:00","BZN|PL","Without Sequence","88.25","",""
"16/11/2023 01:00:00 - 16/11/2023 02:00:00","BZN|PL","Without Sequence","88.28","",""
"16/11/2023 02:00:00 - 16/11/2023 03:00:00","BZN|PL","Without Sequence","88.28","",""
"16/11/2023 03:00:00 - 16/11/2023 04:00:00","BZN|PL","Without Sequence","86.15","",""
"16/11/2023 04:00:00 - 16/11/2023 05:00:00","BZN|PL","Without Sequence","92.27","",""
"16/11/2023 05:00:00 - 16/11/2023 06:00:00","BZN|PL","Without Sequence","125.41","",""
"16/11/2023 06:00:00 - 16/11/2023 07:00:00","BZN|PL","Without Sequence","126.90","",""
"16/11/2023 07:00:00 - 16/11/2023 08:00:00","BZN|PL","Without Sequence","129.99","",""
"16/11/2023 08:00:00 - 16/11/2023 09:00:00","BZN|PL","Without Sequence","128.59","",""
"16/11/2023 09:00:00 - 16/11/2023 10:00:00","BZN|PL","Without Sequence","120.10","",""
"16/11/2023 10:00:00 - 16/11/2023 11:00:00","BZN|PL","Without Sequence","116.62","",""
"16/11/2023 11:00:00 - 16/11/2023 12:00:00","BZN|PL","Without Sequence","122.63","",""
"16/11/2023 12:00:00 - 16/11/2023 13:00:00","BZN|PL","Without Sequence","129.54","",""
"16/11/2023 13:00:00 - 16/11/2023 14:00:00","BZN|PL","Without Sequence","142.74","",""
"16/11/2023 14:00:00 - 16/11/2023 15:00:00","BZN|PL","Without Sequence","159.04","",""
"16/11/2023 15:00:00 - 16/11/2023 16:00:00","BZN|PL","Without Sequence","159.36","",""
"16/11/2023 16:00:00 - 16/11/2023 17:00:00","BZN|PL","Without Sequence","164.94","",""
"16/11/2023 17:00:00 - 16/11/2023 18:00:00","BZN|PL","Without Sequence","143.93","",""
"16/11/2023 18:00:00 - 16/11/2023 19:00:00","BZN|PL","Without Sequence","126.14","",""
"16/11/2023 19:00:00 - 16/11/2023 20:00:00","BZN|PL","Without Sequence","121.17","",""
"16/11/2023 20:00:00 - 16/11/2023 21:00:00","BZN|PL","Without Sequence","115.00","",""
"16/11/2023 21:00:00 - 16/11/2023 22:00:00","BZN|PL","Without Sequence","110.20","",""
"16/11/2023 22:00:00 - 16/11/2023 23:00:00","BZN|PL","Without Sequence","100.85","",""
"16/11/2023 23:00:00 - 17/11/2023 00:00:00","BZN|PL","Without Sequence","106.00","",""
"17/11/2023 00:00:00 - 17/11/2023 01:00:00","BZN|PL","Without Sequence","100.00","",""
"17/11/2023 01:00:00 - 17/11/2023 02:00:00","BZN|PL","Without Sequence","101.04","",""
"17/11/2023 02:00:00 - 17/11/2023 03:00:00","BZN|PL","Without Sequence","99.97","",""
"17/11/2023 03:00:00 - 17/11/2023 04:00:00","BZN|PL","Without Sequence","96.81","",""
"17/11/2023 04:00:00 - 17/11/2023 05:00:00","BZN|PL","Without Sequence","103.20","",""
"17/11/2023 05:00:00 - 17/11/2023 06:00:00","BZN|PL","Without Sequence","121.16","",""
"17/11/2023 06:00:00 - 17/11/2023 07:00:00","BZN|PL","Without Sequence","131.03","",""
"17/11/2023 07:00:00 - 17/11/2023 08:00:00","BZN|PL","Without Sequence","141.92","",""
"17/11/2023 08:00:00 - 17/11/2023 09:00:00","BZN|PL","Without Sequence","134.75","",""
"17/11/2023 09:00:00 - 17/11/2023 10:00:00","BZN|PL","Without Sequence","128.08","",""
"17/11/2023 10:00:00 - 17/11/2023 11:00:00","BZN|PL","Without Sequence","125.35","",""
"17/11/2023 11:00:00 - 17/11/2023 12:00:00","BZN|PL","Without Sequence","121.52","",""
"17/11/2023 12:00:00 - 17/11/2023 13:00:00","BZN|PL","Without Sequence","127.93","",""
"17/11/2023 13:00:00 - 17/11/2023 14:00:00","BZN|PL","Without Sequence","123.91","",""
"17/11/2023 14:00:00 - 17/11/2023 15:00:00","BZN|PL","Without Sequence","129.99","",""
"17/11/2023 15:00:00 - 17/11/2023 16:00:00","BZN|PL","Without Sequence","137.04","",""
"17/11/2023 16:00:00 - 17/11/2023 17:00:00","BZN|PL","Without Sequence","146.32","",""
"17/11/2023 17:00:00 - 17/11/2023 18:00:00","BZN|PL","Without Sequence","147.67","",""
"17/11/2023 18:00:00 - 17/11/2023 19:00:00","BZN|PL","Without Sequence","139.08","",""
"17/11/2023 19:00:00 - 17/11/2023 20:00:00","BZN|PL","Without Sequence","128.14","",""
"17/11/2023 20:00:00 - 17/11/2023 21:00:00","BZN|PL","Without Sequence","119.92","",""
"17/11/2023 21:00:00 - 17/11/2023 22:00:00","BZN|PL","Without Sequence","117.12","",""
"17/11/2023 22:00:00 - 17/11/2023 23:00:00","BZN|PL","Without Sequence","105.35","",""
"17/11/2023 23:00:00 - 18/11/2023 00:00:00","BZN|PL","Without Sequence","110.56","",""
"18/11/2023 00:00:00 - 18/11/2023 01:00:00","BZN|PL","Without Sequence","98.13","",""
"18/11/2023 01:00:00 - 18/11/2023 02:00:00","BZN|PL","Without Sequence","96.92","",""
"18/11/2023 02:00:00 - 18/11/2023 03:00:00","BZN|PL","Without Sequence","92.73","",""
"18/11/2023 03:00:00 - 18/11/2023 04:00:00","BZN|PL","Without Sequence","92.70","",""
"18/11/2023 04:00:00 - 18/11/2023 05:00:00","BZN|PL","Without Sequence","92.57","",""
"18/11/2023 05:00:00 - 18/11/2023 06:00:00","BZN|PL","Without Sequence","86.74","",""
"18/11/2023 06:00:00 - 18/11/2023 07:00:00","BZN|PL","Without Sequence","92.08","",""
"18/11/2023 07:00:00 - 18/11/2023 08:00:00","BZN|PL","Without Sequence","100.95","",""
"18/11/2023 08:00:00 - 18/11/2023 09:00:00","BZN|PL","Without Sequence","98.15","",""
"18/11/2023 09:00:00 - 18/11/2023 10:00:00","BZN|PL","Without Sequence","98.85","",""
"18/11/2023 10:00:00 - 18/11/2023 11:00:00","BZN|PL","Without Sequence","102.89","",""
"18/11/2023 11:00:00 - 18/11/2023 12:00:00","BZN|PL","Without Sequence","99.29","",""
"18/11/2023 12:00:00 - 18/11/2023 13:00:00","BZN|PL","Without Sequence","97.47","",""
"18/11/2023 13:00:00 - 18/11/2023 14:00:00","BZN|PL","Without Sequence","97.06","",""
"18/11/2023 14:00:00 - 18/11/2023 15:00:00","BZN|PL","Without Sequence","132.38","",""
"18/11/2023 15:00:00 - 18/11/2023 16:00:00","BZN|PL","Without Sequence","144.19","",""
"18/11/2023 16:00:00 - 18/11/2023 17:00:00","BZN|PL","Without Sequence","145.20","",""
"18/11/2023 17:00:00 - 18/11/2023 18:00:00","BZN|PL","Without Sequence","141.64","",""
"18/11/2023 18:00:00 - 18/11/2023 19:00:00","BZN|PL","Without Sequence","139.71","",""
"18/11/2023 19:00:00 - 18/11/2023 20:00:00","BZN|PL","Without Sequence","125.53","",""
"18/11/2023 20:00:00 - 18/11/2023 21:00:00","BZN|PL","Without Sequence","95.10","",""
"18/11/2023 21:00:00 - 18/11/2023 22:00:00","BZN|PL","Without Sequence","88.56","",""
"18/11/2023 22:00:00 - 18/11/2023 23:00:00","BZN|PL","Without Sequence","89.20","",""
"18/11/2023 23:00:00 - 19/11/2023 00:00:00","BZN|PL","Without Sequence","83.17","",""
"19/11/2023 00:00:00 - 19/11/2023 01:00:00","BZN|PL","Without Sequence","76.15","",""
"19/11/2023 01:00:00 - 19/11/2023 02:00:00","BZN|PL","Without Sequence","74.52","",""
"19/11/2023 02:00:00 - 19/11/2023 03:00:00","BZN|PL","Without Sequence","72.93","",""
"19/11/2023 03:00:00 - 19/11/2023 04:00:00","BZN|PL","Without Sequence","69.27","",""
"19/11/2023 04:00:00 - 19/11/2023 05:00:00","BZN|PL","Without Sequence","68.37","",""
"19/11/2023 05:00:00 - 19/11/2023 06:00:00","BZN|PL","Without Sequence","72.70","",""
"19/11/2023 06:00:00 - 19/11/2023 07:00:00","BZN|PL","Without Sequence","73.11","",""
"19/11/2023 07:00:00 - 19/11/2023 08:00:00","BZN|PL","Without Sequence","75.21","",""
"19/11/2023 08:00:00 - 19/11/2023 09:00:00","BZN|PL","Without Sequence","85.91","",""
"19/11/2023 09:00:00 - 19/11/2023 10:00:00","BZN|PL","Without Sequence","87.74","",""
"19/11/2023 10:00:00 - 19/11/2023 11:00:00","BZN|PL","Without Sequence","88.43","",""
"19/11/2023 11:00:00 - 19/11/2023 12:00:00","BZN|PL","Without Sequence","88.48","",""
"19/11/2023 12:00:00 - 19/11/2023 13:00:00","BZN|PL","Without Sequence","85.00","",""
"19/11/2023 13:00:00 - 19/11/2023 14:00:00","BZN|PL","Without Sequence","82.12","",""
"19/11/2023 14:00:00 - 19/11/2023 15:00:00","BZN|PL","Without Sequence","88.46","",""
"19/11/2023 15:00:00 - 19/11/2023 16:00:00","BZN|PL","Without Sequence","96.29","",""
"19/11/2023 16:00:00 - 19/11/2023 17:00:00","BZN|PL","Without Sequence","100.28","",""
"19/11/2023 17:00:00 - 19/11/2023 18:00:00","BZN|PL","Without Sequence","103.19","",""
"19/11/2023 18:00:00 - 19/11/2023 19:00:00","BZN|PL","Without Sequence","102.39","",""
"19/11/2023 19:00:00 - 19/11/2023 20:00:00","BZN|PL","Without Sequence","89.14","",""
"19/11/2023 20:00:00 - 19/11/2023 21:00:00","BZN|PL","Without Sequence","88.57","",""
"19/11/2023 21:00:00 - 19/11/2023 22:00:00","BZN|PL","Without Sequence","88.05","",""
"19/11/2023 22:00:00 - 19/11/2023 23:00:00","BZN|PL","Without Sequence","80.05","",""
"19/11/2023 23:00:00 - 20/11/2023 00:00:00","BZN|PL","Without Sequence","68.30","",""
"20/11/2023 00:00:00 - 20/11/2023 01:00:00","BZN|PL","Without Sequence","62.68","",""
"20/11/2023 01:00:00 - 20/11/2023 02:00:00","BZN|PL","Without Sequence","59.91","",""
"20/11/2023 02:00:00 - 20/11/2023 03:00:00","BZN|PL","Without Sequence","59.42","",""
"20/11/2023 03:00:00 - 20/11/2023 04:00:00","BZN|PL","Without Sequence","73.97","",""
"20/11/2023 04:00:00 - 20/11/2023 05:00:00","BZN|PL","Without Sequence","80.43","",""
"20/11/2023 05:00:00 - 20/11/2023 06:00:00","BZN|PL","Without Sequence","112.80","",""
"20/11/2023 06:00:00 - 20/11/2023 07:00:00","BZN|PL","Without Sequence","143.07","",""
"20/11/2023 07:00:00 - 20/11/2023 08:00:00","BZN|PL","Without Sequence","144.41","",""
"20/11/2023 08:00:00 - 20/11/2023 09:00:00","BZN|PL","Without Sequence","138.19","",""
"20/11/2023 09:00:00 - 20/11/2023 10:00:00","BZN|PL","Without Sequence","125.33","",""
"20/11/2023 10:00:00 - 20/11/2023 11:00:00","BZN|PL","Without Sequence","128.35","",""
"20/11/2023 11:00:00 - 20/11/2023 12:00:00","BZN|PL","Without Sequence","128.34","",""
"20/11/2023 12:00:00 - 20/11/2023 13:00:00","BZN|PL","Without Sequence","128.35","",""
"20/11/2023 13:00:00 - 20/11/2023 14:00:00","BZN|PL","Without Sequence","138.21","",""
"20/11/2023 14:00:00 - 20/11/2023 15:00:00","BZN|PL","Without Sequence","148.13","",""
"20/11/2023 15:00:00 - 20/11/2023 16:00:00","BZN|PL","Without Sequence","159.49","",""
"20/11/2023 16:00:00 - 20/11/2023 17:00:00","BZN|PL","Without Sequence","147.00","",""
"20/11/2023 17:00:00 - 20/11/2023 18:00:00","BZN|PL","Without Sequence","139.98","",""
"20/11/2023 18:00:00 - 20/11/2023 19:00:00","BZN|PL","Without Sequence","133.31","",""
"20/11/2023 19:00:00 - 20/11/2023 20:00:00","BZN|PL","Without Sequence","121.05","",""
"20/11/2023 20:00:00 - 20/11/2023 21:00:00","BZN|PL","Without Sequence","107.01","",""
"20/11/2023 21:00:00 - 20/11/2023 22:00:00","BZN|PL","Without Sequence","108.05","",""
"20/11/2023 22:00:00 - 20/11/2023 23:00:00","BZN|PL","Without Sequence","97.70","",""
"20/11/2023 23:00:00 - 21/11/2023 00:00:00","BZN|PL","Without Sequence","102.75","",""
"21/11/2023 00:00:00 - 21/11/2023 01:00:00","BZN|PL","Without Sequence","98.20","",""
"21/11/2023 01:00:00 - 21/11/2023 02:00:00","BZN|PL","Without Sequence","96.30","",""
"21/11/2023 02:00:00 - 21/11/2023 03:00:00","BZN|PL","Without Sequence","98.25","",""
"21/11/2023 03:00:00 - 21/11/2023 04:00:00","BZN|PL","Without Sequence","95.78","",""
"21/11/2023 04:00:00 - 21/11/2023 05:00:00","BZN|PL","Without Sequence","100.41","",""
"21/11/2023 05:00:00 - 21/11/2023 06:00:00","BZN|PL","Without Sequence","131.53","",""
"21/11/2023 06:00:00 - 21/11/2023 07:00:00","BZN|PL","Without Sequence","136.08","",""
"21/11/2023 07:00:00 - 21/11/2023 08:00:00","BZN|PL","Without Sequence","142.59","",""
"21/11/2023 08:00:00 - 21/11/2023 09:00:00","BZN|PL","Without Sequence","137.19","",""
"21/11/2023 09:00:00 - 21/11/2023 10:00:00","BZN|PL","Without Sequence","135.00","",""
"21/11/2023 10:00:00 - 21/11/2023 11:00:00","BZN|PL","Without Sequence","134.90","",""
"21/11/2023 11:00:00 - 21/11/2023 12:00:00","BZN|PL","Without Sequence","139.79","",""
"21/11/2023 12:00:00 - 21/11/2023 13:00:00","BZN|PL","Without Sequence","139.78","",""
"21/11/2023 13:00:00 - 21/11/2023 14:00:00","BZN|PL","Without Sequence","140.45","",""
"21/11/2023 14:00:00 - 21/11/2023 15:00:00","BZN|PL","Without Sequence","149.10","",""
"21/11/2023 15:00:00 - 21/11/2023 16:00:00","BZN|PL","Without Sequence","149.39","",""
"21/11/2023 16:00:00 - 21/11/2023 17:00:00","BZN|PL","Without Sequence","146.65","",""
"21/11/2023 17:00:00 - 21/11/2023 18:00:00","BZN|PL","Without Sequence","142.08","",""
"21/11/2023 18:00:00 - 21/11/2023 19:00:00","BZN|PL","Without Sequence","132.35","",""
"21/11/2023 19:00:00 - 21/11/2023 20:00:00","BZN|PL","Without Sequence","124.79","",""
"21/11/2023 20:00:00 - 21/11/2023 21:00:00","BZN|PL","Without Sequence","110.52","",""
"21/11/2023 21:00:00 - 21/11/2023 22:00:00","BZN|PL","Without Sequence","110.91","",""
"21/11/2023 22:00:00 - 21/11/2023 23:00:00","BZN|PL","Without Sequence","98.04","",""
"21/11/2023 23:00:00 - 22/11/2023 00:00:00","BZN|PL","Without Sequence","98.00","",""
"22/11/2023 00:00:00 - 22/11/2023 01:00:00","BZN|PL","Without Sequence","95.01","",""
"22/11/2023 01:00:00 - 22/11/2023 02:00:00","BZN|PL","Without Sequence","95.01","",""
"22/11/2023 02:00:00 - 22/11/2023 03:00:00","BZN|PL","Without Sequence","93.39","",""
"22/11/2023 03:00:00 - 22/11/2023 04:00:00","BZN|PL","Without Sequence","92.48","",""
"22/11/2023 04:00:00 - 22/11/2023 05:00:00","BZN|PL","Without Sequence","94.75","",""
"22/11/2023 05:00:00 - 22/11/2023 06:00:00","BZN|PL","Without Sequence","119.93","",""
"22/11/2023 06:00:00 - 22/11/2023 07:00:00","BZN|PL","Without Sequence","152.54","",""
"22/11/2023 07:00:00 - 22/11/2023 08:00:00","BZN|PL","Without Sequence","160.53","",""
"22/11/2023 08:00:00 - 22/11/2023 09:00:00","BZN|PL","Without Sequence","133.24","",""
"22/11/2023 09:00:00 - 22/11/2023 10:00:00","BZN|PL","Without Sequence","128.74","",""
"22/11/2023 10:00:00 - 22/11/2023 11:00:00","BZN|PL","Without Sequence","138.98","",""
"22/11/2023 11:00:00 - 22/11/2023 12:00:00","BZN|PL","Without Sequence","137.52","",""
"22/11/2023 12:00:00 - 22/11/2023 13:00:00","BZN|PL","Without Sequence","128.52","",""
"22/11/2023 13:00:00 - 22/11/2023 14:00:00","BZN|PL","Without Sequence","139.43","",""
"22/11/2023 14:00:00 - 22/11/2023 15:00:00","BZN|PL","Without Sequence","160.45","",""
"22/11/2023 15:00:00 - 22/11/2023 16:00:00","BZN|PL","Without Sequence","162.39","",""
"22/11/2023 16:00:00 - 22/11/2023 17:00:00","BZN|PL","Without Sequence","138.82","",""
"22/11/2023 17:00:00 - 22/11/2023 18:00:00","BZN|PL","Without Sequence","129.89","",""
"22/11/2023 18:00:00 - 22/11/2023 19:00:00","BZN|PL","Without Sequence","121.50","",""
"22/11/2023 19:00:00 - 22/11/2023 20:00:00","BZN|PL","Without Sequence","106.33","",""
"22/11/2023 20:00:00 - 22/11/2023 21:00:00","BZN|PL","Without Sequence","90.22","",""
"22/11/2023 21:00:00 - 22/11/2023 22:00:00","BZN|PL","Without Sequence","90.53","",""
"22/11/2023 22:00:00 - 22/11/2023 23:00:00","BZN|PL","Without Sequence","74.50","",""
"22/11/2023 23:00:00 - 23/11/2023 00:00:00","BZN|PL","Without Sequence","64.97","",""
"23/11/2023 00:00:00 - 23/11/2023 01:00:00","BZN|PL","Without Sequence","46.05","",""
"23/11/2023 01:00:00 - 23/11/2023 02:00:00","BZN|PL","Without Sequence","41.12","",""
"23/11/2023 02:00:00 - 23/11/2023 03:00:00","BZN|PL","Without Sequence","30.13","",""
"23/11/2023 03:00:00 - 23/11/2023 04:00:00","BZN|PL","Without Sequence","37.23","",""
"23/11/2023 04:00:00 - 23/11/2023 05:00:00","BZN|PL","Without Sequence","46.25","",""
"23/11/2023 05:00:00 - 23/11/2023 06:00:00","BZN|PL","Without Sequence","86.89","",""
"23/11/2023 06:00:00 - 23/11/2023 07:00:00","BZN|PL","Without Sequence","85.77","",""
"23/11/2023 07:00:00 - 23/11/2023 08:00:00","BZN|PL","Without Sequence","86.94","",""
"23/11/2023 08:00:00 - 23/11/2023 09:00:00","BZN|PL","Without Sequence","87.67","",""
"23/11/2023 09:00:00 - 23/11/2023 10:00:00","BZN|PL","Without Sequence","87.58","",""
"23/11/2023 10:00:00 - 23/11/2023 11:00:00","BZN|PL","Without Sequence","88.16","",""
"23/11/2023 11:00:00 - 23/11/2023 12:00:00","BZN|PL","Without Sequence","88.00","",""
"23/11/2023 12:00:00 - 23/11/2023 13:00:00","BZN|PL","Without Sequence","87.17","",""
"23/11/2023 13:00:00 - 23/11/2023 14:00:00","BZN|PL","Without Sequence","87.44","",""
"23/11/2023 14:00:00 - 23/11/2023 15:00:00","BZN|PL","Without Sequence","87.38","",""
"23/11/2023 15:00:00 - 23/11/2023 16:00:00","BZN|PL","Without Sequence","87.44","",""
"23/11/2023 16:00:00 - 23/11/2023 17:00:00","BZN|PL","Without Sequence","87.25","",""
"23/11/2023 17:00:00 - 23/11/2023 18:00:00","BZN|PL","Without Sequence","87.31","",""
"23/11/2023 18:00:00 - 23/11/2023 19:00:00","BZN|PL","Without Sequence","87.59","",""
"23/11/2023 19:00:00 - 23/11/2023 20:00:00","BZN|PL","Without Sequence","86.82","",""
"23/11/2023 20:00:00 - 23/11/2023 21:00:00","BZN|PL","Without Sequence","67.83","",""
"23/11/2023 21:00:00 - 23/11/2023 22:00:00","BZN|PL","Without Sequence","61.44","",""
"23/11/2023 22:00:00 - 23/11/2023 23:00:00","BZN|PL","Without Sequence","54.03","",""
"23/11/2023 23:00:00 - 24/11/2023 00:00:00","BZN|PL","Without Sequence","31.83","",""
"24/11/2023 00:00:00 - 24/11/2023 01:00:00","BZN|PL","Without Sequence","27.59","",""
"24/11/2023 01:00:00 - 24/11/2023 02:00:00","BZN|PL","Without Sequence","18.42","",""
"24/11/2023 02:00:00 - 24/11/2023 03:00:00","BZN|PL","Without Sequence","22.10","",""
"24/11/2023 03:00:00 - 24/11/2023 04:00:00","BZN|PL","Without Sequence","26.21","",""
"24/11/2023 04:00:00 - 24/11/2023 05:00:00","BZN|PL","Without Sequence","38.24","",""
"24/11/2023 05:00:00 - 24/11/2023 06:00:00","BZN|PL","Without Sequence","87.75","",""
"24/11/2023 06:00:00 - 24/11/2023 07:00:00","BZN|PL","Without Sequence","87.68","",""
"24/11/2023 07:00:00 - 24/11/2023 08:00:00","BZN|PL","Without Sequence","88.54","",""
"24/11/2023 08:00:00 - 24/11/2023 09:00:00","BZN|PL","Without Sequence","87.65","",""
"24/11/2023 09:00:00 - 24/11/2023 10:00:00","BZN|PL","Without Sequence","87.80","",""
"24/11/2023 10:00:00 - 24/11/2023 11:00:00","BZN|PL","Without Sequence","87.72","",""
"24/11/2023 11:00:00 - 24/11/2023 12:00:00","BZN|PL","Without Sequence","87.78","",""
"24/11/2023 12:00:00 - 24/11/2023 13:00:00","BZN|PL","Without Sequence","88.58","",""
"24/11/2023 13:00:00 - 24/11/2023 14:00:00","BZN|PL","Without Sequence","104.20","",""
"24/11/2023 14:00:00 - 24/11/2023 15:00:00","BZN|PL","Without Sequence","113.34","",""
"24/11/2023 15:00:00 - 24/11/2023 16:00:00","BZN|PL","Without Sequence","121.41","",""
"24/11/2023 16:00:00 - 24/11/2023 17:00:00","BZN|PL","Without Sequence","120.38","",""
"24/11/2023 17:00:00 - 24/11/2023 18:00:00","BZN|PL","Without Sequence","118.61","",""
"24/11/2023 18:00:00 - 24/11/2023 19:00:00","BZN|PL","Without Sequence","120.36","",""
"24/11/2023 19:00:00 - 24/11/2023 20:00:00","BZN|PL","Without Sequence","118.61","",""
"24/11/2023 20:00:00 - 24/11/2023 21:00:00","BZN|PL","Without Sequence","100.29","",""
"24/11/2023 21:00:00 - 24/11/2023 22:00:00","BZN|PL","Without Sequence","89.18","",""
"24/11/2023 22:00:00 - 24/11/2023 23:00:00","BZN|PL","Without Sequence","87.72","",""
"24/11/2023 23:00:00 - 25/11/2023 00:00:00","BZN|PL","Without Sequence","78.07","",""
"25/11/2023 00:00:00 - 25/11/2023 01:00:00","BZN|PL","Without Sequence","76.35","",""
"25/11/2023 01:00:00 - 25/11/2023 02:00:00","BZN|PL","Without Sequence","72.94","",""
"25/11/2023 02:00:00 - 25/11/2023 03:00:00","BZN|PL","Without Sequence","71.80","",""
"25/11/2023 03:00:00 - 25/11/2023 04:00:00","BZN|PL","Without Sequence","69.99","",""
"25/11/2023 04:00:00 - 25/11/2023 05:00:00","BZN|PL","Without Sequence","74.19","",""
"25/11/2023 05:00:00 - 25/11/2023 06:00:00","BZN|PL","Without Sequence","79.81","",""
"25/11/2023 06:00:00 - 25/11/2023 07:00:00","BZN|PL","Without Sequence","87.08","",""
"25/11/2023 07:00:00 - 25/11/2023 08:00:00","BZN|PL","Without Sequence","94.29","",""
"25/11/2023 08:00:00 - 25/11/2023 09:00:00","BZN|PL","Without Sequence","100.93","",""
"25/11/2023 09:00:00 - 25/11/2023 10:00:00","BZN|PL","Without Sequence","101.00","",""
"25/11/2023 10:00:00 - 25/11/2023 11:00:00","BZN|PL","Without Sequence","100.99","",""
"25/11/2023 11:00:00 - 25/11/2023 12:00:00","BZN|PL","Without Sequence","106.57","",""
"25/11/2023 12:00:00 - 25/11/2023 13:00:00","BZN|PL","Without Sequence","110.91","",""
"25/11/2023 13:00:00 - 25/11/2023 14:00:00","BZN|PL","Without Sequence","95.72","",""
"25/11/2023 14:00:00 - 25/11/2023 15:00:00","BZN|PL","Without Sequence","101.80","",""
"25/11/2023 15:00:00 - 25/11/2023 16:00:00","BZN|PL","Without Sequence","115.42","",""
"25/11/2023 16:00:00 - 25/11/2023 17:00:00","BZN|PL","Without Sequence","124.10","",""
"25/11/2023 17:00:00 - 25/11/2023 18:00:00","BZN|PL","Without Sequence","125.82","",""
"25/11/2023 18:00:00 - 25/11/2023 19:00:00","BZN|PL","Without Sequence","127.19","",""
"25/11/2023 19:00:00 - 25/11/2023 20:00:00","BZN|PL","Without Sequence","121.12","",""
"25/11/2023 20:00:00 - 25/11/2023 21:00:00","BZN|PL","Without Sequence","114.30","",""
"25/11/2023 21:00:00 - 25/11/2023 22:00:00","BZN|PL","Without Sequence","108.88","",""
"25/11/2023 22:00:00 - 25/11/2023 23:00:00","BZN|PL","Without Sequence","93.82","",""
"25/11/2023 23:00:00 - 26/11/2023 00:00:00","BZN|PL","Without Sequence","90.64","",""
"26/11/2023 00:00:00 - 26/11/2023 01:00:00","BZN|PL","Without Sequence","82.15","",""
"26/11/2023 01:00:00 - 26/11/2023 02:00:00","BZN|PL","Without Sequence","75.52","",""
"26/11/2023 02:00:00 - 26/11/2023 03:00:00","BZN|PL","Without Sequence","73.43","",""
"26/11/2023 03:00:00 - 26/11/2023 04:00:00","BZN|PL","Without Sequence","75.83","",""
"26/11/2023 04:00:00 - 26/11/2023 05:00:00","BZN|PL","Without Sequence","75.38","",""
"26/11/2023 05:00:00 - 26/11/2023 06:00:00","BZN|PL","Without Sequence","79.08","",""
"26/11/2023 06:00:00 - 26/11/2023 07:00:00","BZN|PL","Without Sequence","89.01","",""
"26/11/2023 07:00:00 - 26/11/2023 08:00:00","BZN|PL","Without Sequence","92.17","",""
"26/11/2023 08:00:00 - 26/11/2023 09:00:00","BZN|PL","Without Sequence","91.21","",""
"26/11/2023 09:00:00 - 26/11/2023 10:00:00","BZN|PL","Without Sequence","91.78","",""
"26/11/2023 10:00:00 - 26/11/2023 11:00:00","BZN|PL","Without Sequence","91.78","",""
"26/11/2023 11:00:00 - 26/11/2023 12:00:00","BZN|PL","Without Sequence","98.11","",""
"26/11/2023 12:00:00 - 26/11/2023 13:00:00","BZN|PL","Without Sequence","101.98","",""
"26/11/2023 13:00:00 - 26/11/2023 14:00:00","BZN|PL","Without Sequence","115.10","",""
"26/11/2023 14:00:00 - 26/11/2023 15:00:00","BZN|PL","Without Sequence","123.26","",""
"26/11/2023 15:00:00 - 26/11/2023 16:00:00","BZN|PL","Without Sequence","134.15","",""
"26/11/2023 16:00:00 - 26/11/2023 17:00:00","BZN|PL","Without Sequence","143.45","",""
"26/11/2023 17:00:00 - 26/11/2023 18:00:00","BZN|PL","Without Sequence","146.94","",""
"26/11/2023 18:00:00 - 26/11/2023 19:00:00","BZN|PL","Without Sequence","143.14","",""
"26/11/2023 19:00:00 - 26/11/2023 20:00:00","BZN|PL","Without Sequence","135.91","",""
"26/11/2023 20:00:00 - 26/11/2023 21:00:00","BZN|PL","Without Sequence","122.41","",""
"26/11/2023 21:00:00 - 26/11/2023 22:00:00","BZN|PL","Without Sequence","118.99","",""
"26/11/2023 22:00:00 - 26/11/2023 23:00:00","BZN|PL","Without Sequence","101.06","",""
"26/11/2023 23:00:00 - 27/11/2023 00:00:00","BZN|PL","Without Sequence","96.18","",""
"27/11/2023 00:00:00 - 27/11/2023 01:00:00","BZN|PL","Without Sequence","91.17","",""
"27/11/2023 01:00:00 - 27/11/2023 02:00:00","BZN|PL","Without Sequence","89.90","",""
"27/11/2023 02:00:00 - 27/11/2023 03:00:00","BZN|PL","Without Sequence","88.82","",""
"27/11/2023 03:00:00 - 27/11/2023 04:00:00","BZN|PL","Without Sequence","87.91","",""
"27/11/2023 04:00:00 - 27/11/2023 05:00:00","BZN|PL","Without Sequence","94.09","",""
"27/11/2023 05:00:00 - 27/11/2023 06:00:00","BZN|PL","Without Sequence","122.01","",""
"27/11/2023 06:00:00 - 27/11/2023 07:00:00","BZN|PL","Without Sequence","138.92","",""
"27/11/2023 07:00:00 - 27/11/2023 08:00:00","BZN|PL","Without Sequence","144.99","",""
"27/11/2023 08:00:00 - 27/11/2023 09:00:00","BZN|PL","Without Sequence","139.41","",""
"27/11/2023 09:00:00 - 27/11/2023 10:00:00","BZN|PL","Without Sequence","138.00","",""
"27/11/2023 10:00:00 - 27/11/2023 11:00:00","BZN|PL","Without Sequence","136.94","",""
"27/11/2023 11:00:00 - 27/11/2023 12:00:00","BZN|PL","Without Sequence","133.97","",""
"27/11/2023 12:00:00 - 27/11/2023 13:00:00","BZN|PL","Without Sequence","132.67","",""
"27/11/2023 13:00:00 - 27/11/2023 14:00:00","BZN|PL","Without Sequence","145.10","",""
"27/11/2023 14:00:00 - 27/11/2023 15:00:00","BZN|PL","Without Sequence","163.42","",""
"27/11/2023 15:00:00 - 27/11/2023 16:00:00","BZN|PL","Without Sequence","169.68","",""
"27/11/2023 16:00:00 - 27/11/2023 17:00:00","BZN|PL","Without Sequence","160.21","",""
"27/11/2023 17:00:00 - 27/11/2023 18:00:00","BZN|PL","Without Sequence","150.54","",""
"27/11/2023 18:00:00 - 27/11/2023 19:00:00","BZN|PL","Without Sequence","150.78","",""
"27/11/2023 19:00:00 - 27/11/2023 20:00:00","BZN|PL","Without Sequence","150.31","",""
"27/11/2023 20:00:00 - 27/11/2023 21:00:00","BZN|PL","Without Sequence","116.84","",""
"27/11/2023 21:00:00 - 27/11/2023 22:00:00","BZN|PL","Without Sequence","94.74","",""
"27/11/2023 22:00:00 - 27/11/2023 23:00:00","BZN|PL","Without Sequence","85.07","",""
"27/11/2023 23:00:00 - 28/11/2023 00:00:00","BZN|PL","Without Sequence","78.05","",""
"28/11/2023 00:00:00 - 28/11/2023 01:00:00","BZN|PL","Without Sequence","86.23","",""
"28/11/2023 01:00:00 - 28/11/2023 02:00:00","BZN|PL","Without Sequence","88.43","",""
"28/11/2023 02:00:00 - 28/11/2023 03:00:00","BZN|PL","Without Sequence","90.40","",""
"28/11/2023 03:00:00 - 28/11/2023 04:00:00","BZN|PL","Without Sequence","89.13","",""
"28/11/2023 04:00:00 - 28/11/2023 05:00:00","BZN|PL","Without Sequence","82.66","",""
"28/11/2023 05:00:00 - 28/11/2023 06:00:00","BZN|PL","Without Sequence","120.54","",""
"28/11/2023 06:00:00 - 28/11/2023 07:00:00","BZN|PL","Without Sequence","142.02","",""
"28/11/2023 07:00:00 - 28/11/2023 08:00:00","BZN|PL","Without Sequence","149.38","",""
"28/11/2023 08:00:00 - 28/11/2023 09:00:00","BZN|PL","Without Sequence","146.95","",""
"28/11/2023 09:00:00 - 28/11/2023 10:00:00","BZN|PL","Without Sequence","139.73","",""
"28/11/2023 10:00:00 - 28/11/2023 11:00:00","BZN|PL","Without Sequence","142.15","",""
"28/11/2023 11:00:00 - 28/11/2023 12:00:00","BZN|PL","Without Sequence","139.24","",""
"28/11/2023 12:00:00 - 28/11/2023 13:00:00","BZN|PL","Without Sequence","141.21","",""
"28/11/2023 13:00:00 - 28/11/2023 14:00:00","BZN|PL","Without Sequence","144.60","",""
"28/11/2023 14:00:00 - 28/11/2023 15:00:00","BZN|PL","Without Sequence","150.00","",""
"28/11/2023 15:00:00 - 28/11/2023 16:00:00","BZN|PL","Without Sequence","164.01","",""
"28/11/2023 16:00:00 - 28/11/2023 17:00:00","BZN|PL","Without Sequence","161.70","",""
"28/11/2023 17:00:00 - 28/11/2023 18:00:00","BZN|PL","Without Sequence","165.87","",""
"28/11/2023 18:00:00 - 28/11/2023 19:00:00","BZN|PL","Without Sequence","159.10","",""
"28/11/2023 19:00:00 - 28/11/2023 20:00:00","BZN|PL","Without Sequence","138.85","",""
"28/11/2023 20:00:00 - 28/11/2023 21:00:00","BZN|PL","Without Sequence","125.44","",""
"28/11/2023 21:00:00 - 28/11/2023 22:00:00","BZN|PL","Without Sequence","115.85","",""
"28/11/2023 22:00:00 - 28/11/2023 23:00:00","BZN|PL","Without Sequence","105.62","",""
"28/11/2023 23:00:00 - 29/11/2023 00:00:00","BZN|PL","Without Sequence","101.57","",""
"29/11/2023 00:00:00 - 29/11/2023 01:00:00","BZN|PL","Without Sequence","108.68","",""
"29/11/2023 01:00:00 - 29/11/2023 02:00:00","BZN|PL","Without Sequence","109.40","",""
"29/11/2023 02:00:00 - 29/11/2023 03:00:00","BZN|PL","Without Sequence","109.27","",""
"29/11/2023 03:00:00 - 29/11/2023 04:00:00","BZN|PL","Without Sequence","107.80","",""
"29/11/2023 04:00:00 - 29/11/2023 05:00:00","BZN|PL","Without Sequence","97.72","",""
"29/11/2023 05:00:00 - 29/11/2023 06:00:00","BZN|PL","Without Sequence","141.77","",""
"29/11/2023 06:00:00 - 29/11/2023 07:00:00","BZN|PL","Without Sequence","149.47","",""
"29/11/2023 07:00:00 - 29/11/2023 08:00:00","BZN|PL","Without Sequence","159.12","",""
"29/11/2023 08:00:00 - 29/11/2023 09:00:00","BZN|PL","Without Sequence","159.47","",""
"29/11/2023 09:00:00 - 29/11/2023 10:00:00","BZN|PL","Without Sequence","158.39","",""
"29/11/2023 10:00:00 - 29/11/2023 11:00:00","BZN|PL","Without Sequence","160.51","",""
"29/11/2023 11:00:00 - 29/11/2023 12:00:00","BZN|PL","Without Sequence","156.49","",""
"29/11/2023 12:00:00 - 29/11/2023 13:00:00","BZN|PL","Without Sequence","148.72","",""
"29/11/2023 13:00:00 - 29/11/2023 14:00:00","BZN|PL","Without Sequence","151.75","",""
"29/11/2023 14:00:00 - 29/11/2023 15:00:00","BZN|PL","Without Sequence","168.00","",""
"29/11/2023 15:00:00 - 29/11/2023 16:00:00","BZN|PL","Without Sequence","178.64","",""
"29/11/2023 16:00:00 - 29/11/2023 17:00:00","BZN|PL","Without Sequence","165.99","",""
"29/11/2023 17:00:00 - 29/11/2023 18:00:00","BZN|PL","Without Sequence","163.78","",""
"29/11/2023 18:00:00 - 29/11/2023 19:00:00","BZN|PL","Without Sequence","164.40","",""
"29/11/2023 19:00:00 - 29/11/2023 20:00:00","BZN|PL","Without Sequence","161.00","",""
"29/11/2023 20:00:00 - 29/11/2023 21:00:00","BZN|PL","Without Sequence","139.01","",""
"29/11/2023 21:00:00 - 29/11/2023 22:00:00","BZN|PL","Without Sequence","128.50","",""
"29/11/2023 22:00:00 - 29/11/2023 23:00:00","BZN|PL","Without Sequence","114.27","",""
"29/11/2023 23:00:00 - 30/11/2023 00:00:00","BZN|PL","Without Sequence","104.79","",""
"30/11/2023 00:00:00 - 30/11/2023 01:00:00","BZN|PL","Without Sequence","104.52","",""
"30/11/2023 01:00:00 - 30/11/2023 02:00:00","BZN|PL","Without Sequence","102.20","",""
"30/11/2023 02:00:00 - 30/11/2023 03:00:00","BZN|PL","Without Sequence","101.50","",""
"30/11/2023 03:00:00 - 30/11/2023 04:00:00","BZN|PL","Without Sequence","102.43","",""
"30/11/2023 04:00:00 - 30/11/2023 05:00:00","BZN|PL","Without Sequence","106.30","",""
"30/11/2023 05:00:00 - 30/11/2023 06:00:00","BZN|PL","Without Sequence","129.41","",""
"30/11/2023 06:00:00 - 30/11/2023 07:00:00","BZN|PL","Without Sequence","168.09","",""
"30/11/2023 07:00:00 - 30/11/2023 08:00:00","BZN|PL","Without Sequence","196.14","",""
"30/11/2023 08:00:00 - 30/11/2023 09:00:00","BZN|PL","Without Sequence","184.26","",""
"30/11/2023 09:00:00 - 30/11/2023 10:00:00","BZN|PL","Without Sequence","167.31","",""
"30/11/2023 10:00:00 - 30/11/2023 11:00:00","BZN|PL","Without Sequence","176.48","",""
"30/11/2023 11:00:00 - 30/11/2023 12:00:00","BZN|PL","Without Sequence","177.15","",""
"30/11/2023 12:00:00 - 30/11/2023 13:00:00","BZN|PL","Without Sequence","182.25","",""
"30/11/2023 13:00:00 - 30/11/2023 14:00:00","BZN|PL","Without Sequence","193.21","",""
"30/11/2023 14:00:00 - 30/11/2023 15:00:00","BZN|PL","Without Sequence","180.11","",""
"30/11/2023 15:00:00 - 30/11/2023 16:00:00","BZN|PL","Without Sequence","191.37","",""
"30/11/2023 16:00:00 - 30/11/2023 17:00:00","BZN|PL","Without Sequence","184.55","",""
"30/11/2023 17:00:00 - 30/11/2023 18:00:00","BZN|PL","Without Sequence","181.99","",""
"30/11/2023 18:00:00 - 30/11/2023 19:00:00","BZN|PL","Without Sequence","173.00","",""
"30/11/2023 19:00:00 - 30/11/2023 20:00:00","BZN|PL","Without Sequence","154.72","",""
"30/11/2023 20:00:00 - 30/11/2023 21:00:00","BZN|PL","Without Sequence","133.05","",""
"30/11/2023 21:00:00 - 30/11/2023 22:00:00","BZN|PL","Without Sequence","125.88","",""
"30/11/2023 22:00:00 - 30/11/2023 23:00:00","BZN|PL","Without Sequence","115.09","",""
"30/11/2023 23:00:00 - 01/12/2023 00:00:00","BZN|PL","Without Sequence","106.91","",""
"01/12/2023 00:00:00 - 01/12/2023 01:00:00","BZN|PL","Without Sequence","107.47","",""
"01/12/2023 01:00:00 - 01/12/2023 02:00:00","BZN|PL","Without Sequence","110.91","",""
"01/12/2023 02:00:00 - 01/12/2023 03:00:00","BZN|PL","Without Sequence","109.68","",""
"01/12/2023 03:00:00 - 01/12/2023 04:00:00","BZN|PL","Without Sequence","103.30","",""
"01/12/2023 04:00:00 - 01/12/2023 05:00:00","BZN|PL","Without Sequence","102.94","",""
"01/12/2023 05:00:00 - 01/12/2023 06:00:00","BZN|PL","Without Sequence","120.83","",""
"01/12/2023 06:00:00 - 01/12/2023 07:00:00","BZN|PL","Without Sequence","152.97","",""
"01/12/2023 07:00:00 - 01/12/2023 08:00:00","BZN|PL","Without Sequence","173.55","",""
"01/12/2023 08:00:00 - 01/12/2023 09:00:00","BZN|PL","Without Sequence","168.39","",""
"01/12/2023 09:00:00 - 01/12/2023 10:00:00","BZN|PL","Without Sequence","164.67","",""
"01/12/2023 10:00:00 - 01/12/2023 11:00:00","BZN|PL","Without Sequence","166.43","",""
"01/12/2023 11:00:00 - 01/12/2023 12:00:00","BZN|PL","Without Sequence","167.01","",""
"01/12/2023 12:00:00 - 01/12/2023 13:00:00","BZN|PL","Without Sequence","170.58","",""
"01/12/2023 13:00:00 - 01/12/2023 14:00:00","BZN|PL","Without Sequence","173.51","",""
"01/12/2023 14:00:00 - 01/12/2023 15:00:00","BZN|PL","Without Sequence","176.38","",""
"01/12/2023 15:00:00 - 01/12/2023 16:00:00","BZN|PL","Without Sequence","175.01","",""
"01/12/2023 16:00:00 - 01/12/2023 17:00:00","BZN|PL","Without Sequence","176.17","",""
"01/12/2023 17:00:00 - 01/12/2023 18:00:00","BZN|PL","Without Sequence","173.55","",""
"01/12/2023 18:00:00 - 01/12/2023 19:00:00","BZN|PL","Without Sequence","170.21","",""
"01/12/2023 19:00:00 - 01/12/2023 20:00:00","BZN|PL","Without Sequence","143.46","",""
"01/12/2023 20:00:00 - 01/12/2023 21:00:00","BZN|PL","Without Sequence","125.81","",""
"01/12/2023 21:00:00 - 01/12/2023 22:00:00","BZN|PL","Without Sequence","120.45","",""
"01/12/2023 22:00:00 - 01/12/2023 23:00:00","BZN|PL","Without Sequence","108.80","",""
"01/12/2023 23:00:00 - 02/12/2023 00:00:00","BZN|PL","Without Sequence","102.35","",""
"02/12/2023 00:00:00 - 02/12/2023 01:00:00","BZN|PL","Without Sequence","97.76","",""
"02/12/2023 01:00:00 - 02/12/2023 02:00:00","BZN|PL","Without Sequence","97.65","",""
"02/12/2023 02:00:00 - 02/12/2023 03:00:00","BZN|PL","Without Sequence","94.29","",""
"02/12/2023 03:00:00 - 02/12/2023 04:00:00","BZN|PL","Without Sequence","93.48","",""
"02/12/2023 04:00:00 - 02/12/2023 05:00:00","BZN|PL","Without Sequence","95.72","",""
"02/12/2023 05:00:00 - 02/12/2023 06:00:00","BZN|PL","Without Sequence","96.55","",""
"02/12/2023 06:00:00 - 02/12/2023 07:00:00","BZN|PL","Without Sequence","103.30","",""
"02/12/2023 07:00:00 - 02/12/2023 08:00:00","BZN|PL","Without Sequence","120.34","",""
"02/12/2023 08:00:00 - 02/12/2023 09:00:00","BZN|PL","Without Sequence","128.02","",""
"02/12/2023 09:00:00 - 02/12/2023 10:00:00","BZN|PL","Without Sequence","131.02","",""
"02/12/2023 10:00:00 - 02/12/2023 11:00:00","BZN|PL","Without Sequence","127.38","",""
"02/12/2023 11:00:00 - 02/12/2023 12:00:00","BZN|PL","Without Sequence","122.07","",""
"02/12/2023 12:00:00 - 02/12/2023 13:00:00","BZN|PL","Without Sequence","114.58","",""
"02/12/2023 13:00:00 - 02/12/2023 14:00:00","BZN|PL","Without Sequence","118.52","",""
"02/12/2023 14:00:00 - 02/12/2023 15:00:00","BZN|PL","Without Sequence","123.52","",""
"02/12/2023 15:00:00 - 02/12/2023 16:00:00","BZN|PL","Without Sequence","129.79","",""
"02/12/2023 16:00:00 - 02/12/2023 17:00:00","BZN|PL","Without Sequence","140.22","",""
"02/12/2023 17:00:00 - 02/12/2023 18:00:00","BZN|PL","Without Sequence","138.00","",""
"02/12/2023 18:00:00 - 02/12/2023 19:00:00","BZN|PL","Without Sequence","128.06","",""
"02/12/2023 19:00:00 - 02/12/2023 20:00:00","BZN|PL","Without Sequence","119.58","",""
"02/12/2023 20:00:00 - 02/12/2023 21:00:00","BZN|PL","Without Sequence","108.23","",""
"02/12/2023 21:00:00 - 02/12/2023 22:00:00","BZN|PL","Without Sequence","97.36","",""
"02/12/2023 22:00:00 - 02/12/2023 23:00:00","BZN|PL","Without Sequence","92.00","",""
"02/12/2023 23:00:00 - 03/12/2023 00:00:00","BZN|PL","Without Sequence","93.20","",""
"03/12/2023 00:00:00 - 03/12/2023 01:00:00","BZN|PL","Without Sequence","86.31","",""
"03/12/2023 01:00:00 - 03/12/2023 02:00:00","BZN|PL","Without Sequence","81.49","",""
"03/12/2023 02:00:00 - 03/12/2023 03:00:00","BZN|PL","Without Sequence","82.42","",""
"03/12/2023 03:00:00 - 03/12/2023 04:00:00","BZN|PL","Without Sequence","80.93","",""
"03/12/2023 04:00:00 - 03/12/2023 05:00:00","BZN|PL","Without Sequence","85.06","",""
"03/12/2023 05:00:00 - 03/12/2023 06:00:00","BZN|PL","Without Sequence","85.15","",""
"03/12/2023 06:00:00 - 03/12/2023 07:00:00","BZN|PL","Without Sequence","86.41","",""
"03/12/2023 07:00:00 - 03/12/2023 08:00:00","BZN|PL","Without Sequence","97.02","",""
"03/12/2023 08:00:00 - 03/12/2023 09:00:00","BZN|PL","Without Sequence","100.15","",""
"03/12/2023 09:00:00 - 03/12/2023 10:00:00","BZN|PL","Without Sequence","104.96","",""
"03/12/2023 10:00:00 - 03/12/2023 11:00:00","BZN|PL","Without Sequence","105.07","",""
"03/12/2023 11:00:00 - 03/12/2023 12:00:00","BZN|PL","Without Sequence","102.91","",""
"03/12/2023 12:00:00 - 03/12/2023 13:00:00","BZN|PL","Without Sequence","100.00","",""
"03/12/2023 13:00:00 - 03/12/2023 14:00:00","BZN|PL","Without Sequence","105.68","",""
"03/12/2023 14:00:00 - 03/12/2023 15:00:00","BZN|PL","Without Sequence","115.00","",""
"03/12/2023 15:00:00 - 03/12/2023 16:00:00","BZN|PL","Without Sequence","122.20","",""
"03/12/2023 16:00:00 - 03/12/2023 17:00:00","BZN|PL","Without Sequence","127.90","",""
"03/12/2023 17:00:00 - 03/12/2023 18:00:00","BZN|PL","Without Sequence","129.05","",""
"03/12/2023 18:00:00 - 03/12/2023 19:00:00","BZN|PL","Without Sequence","126.07","",""
"03/12/2023 19:00:00 - 03/12/2023 20:00:00","BZN|PL","Without Sequence","112.33","",""
"03/12/2023 20:00:00 - 03/12/2023 21:00:00","BZN|PL","Without Sequence","100.00","",""
"03/12/2023 21:00:00 - 03/12/2023 22:00:00","BZN|PL","Without Sequence","99.09","",""
"03/12/2023 22:00:00 - 03/12/2023 23:00:00","BZN|PL","Without Sequence","89.00","",""
"03/12/2023 23:00:00 - 04/12/2023 00:00:00","BZN|PL","Without Sequence","93.86","",""
"04/12/2023 00:00:00 - 04/12/2023 01:00:00","BZN|PL","Without Sequence","89.81","",""
"04/12/2023 01:00:00 - 04/12/2023 02:00:00","BZN|PL","Without Sequence","88.02","",""
"04/12/2023 02:00:00 - 04/12/2023 03:00:00","BZN|PL","Without Sequence","85.38","",""
"04/12/2023 03:00:00 - 04/12/2023 04:00:00","BZN|PL","Without Sequence","85.83","",""
"04/12/2023 04:00:00 - 04/12/2023 05:00:00","BZN|PL","Without Sequence","97.74","",""
"04/12/2023 05:00:00 - 04/12/2023 06:00:00","BZN|PL","Without Sequence","117.28","",""
"04/12/2023 06:00:00 - 04/12/2023 07:00:00","BZN|PL","Without Sequence","139.13","",""
"04/12/2023 07:00:00 - 04/12/2023 08:00:00","BZN|PL","Without Sequence","149.32","",""
"04/12/2023 08:00:00 - 04/12/2023 09:00:00","BZN|PL","Without Sequence","150.96","",""
"04/12/2023 09:00:00 - 04/12/2023 10:00:00","BZN|PL","Without Sequence","140.36","",""
"04/12/2023 10:00:00 - 04/12/2023 11:00:00","BZN|PL","Without Sequence","135.77","",""
"04/12/2023 11:00:00 - 04/12/2023 12:00:00","BZN|PL","Without Sequence","126.68","",""
"04/12/2023 12:00:00 - 04/12/2023 13:00:00","BZN|PL","Without Sequence","142.69","",""
"04/12/2023 13:00:00 - 04/12/2023 14:00:00","BZN|PL","Without Sequence","151.62","",""
"04/12/2023 14:00:00 - 04/12/2023 15:00:00","BZN|PL","Without Sequence","153.53","",""
"04/12/2023 15:00:00 - 04/12/2023 16:00:00","BZN|PL","Without Sequence","153.35","",""
"04/12/2023 16:00:00 - 04/12/2023 17:00:00","BZN|PL","Without Sequence","147.80","",""
"04/12/2023 17:00:00 - 04/12/2023 18:00:00","BZN|PL","Without Sequence","146.19","",""
"04/12/2023 18:00:00 - 04/12/2023 19:00:00","BZN|PL","Without Sequence","140.54","",""
"04/12/2023 19:00:00 - 04/12/2023 20:00:00","BZN|PL","Without Sequence","126.58","",""
"04/12/2023 20:00:00 - 04/12/2023 21:00:00","BZN|PL","Without Sequence","105.55","",""
"04/12/2023 21:00:00 - 04/12/2023 22:00:00","BZN|PL","Without Sequence","100.00","",""
"04/12/2023 22:00:00 - 04/12/2023 23:00:00","BZN|PL","Without Sequence","91.76","",""
"04/12/2023 23:00:00 - 05/12/2023 00:00:00","BZN|PL","Without Sequence","90.85","",""
"05/12/2023 00:00:00 - 05/12/2023 01:00:00","BZN|PL","Without Sequence","88.01","",""
"05/12/2023 01:00:00 - 05/12/2023 02:00:00","BZN|PL","Without Sequence","85.73","",""
"05/12/2023 02:00:00 - 05/12/2023 03:00:00","BZN|PL","Without Sequence","83.62","",""
"05/12/2023 03:00:00 - 05/12/2023 04:00:00","BZN|PL","Without Sequence","84.71","",""
"05/12/2023 04:00:00 - 05/12/2023 05:00:00","BZN|PL","Without Sequence","91.02","",""
"05/12/2023 05:00:00 - 05/12/2023 06:00:00","BZN|PL","Without Sequence","110.73","",""
"05/12/2023 06:00:00 - 05/12/2023 07:00:00","BZN|PL","Without Sequence","131.69","",""
"05/12/2023 07:00:00 - 05/12/2023 08:00:00","BZN|PL","Without Sequence","145.31","",""
"05/12/2023 08:00:00 - 05/12/2023 09:00:00","BZN|PL","Without Sequence","146.69","",""
"05/12/2023 09:00:00 - 05/12/2023 10:00:00","BZN|PL","Without Sequence","146.05","",""
"05/12/2023 10:00:00 - 05/12/2023 11:00:00","BZN|PL","Without Sequence","144.91","",""
"05/12/2023 11:00:00 - 05/12/2023 12:00:00","BZN|PL","Without Sequence","146.17","",""
"05/12/2023 12:00:00 - 05/12/2023 13:00:00","BZN|PL","Without Sequence","146.74","",""
"05/12/2023 13:00:00 - 05/12/2023 14:00:00","BZN|PL","Without Sequence","147.04","",""
"05/12/2023 14:00:00 - 05/12/2023 15:00:00","BZN|PL","Without Sequence","146.50","",""
"05/12/2023 15:00:00 - 05/12/2023 16:00:00","BZN|PL","Without Sequence","144.96","",""
"05/12/2023 16:00:00 - 05/12/2023 17:00:00","BZN|PL","Without Sequence","141.31","",""
"05/12/2023 17:00:00 - 05/12/2023 18:00:00","BZN|PL","Without Sequence","142.02","",""
"05/12/2023 18:00:00 - 05/12/2023 19:00:00","BZN|PL","Without Sequence","141.02","",""
"05/12/2023 19:00:00 - 05/12/2023 20:00:00","BZN|PL","Without Sequence","128.63","",""
"05/12/2023 20:00:00 - 05/12/2023 21:00:00","BZN|PL","Without Sequence","117.83","",""
"05/12/2023 21:00:00 - 05/12/2023 22:00:00","BZN|PL","Without Sequence","111.55","",""
"05/12/2023 22:00:00 - 05/12/2023 23:00:00","BZN|PL","Without Sequence","103.28","",""
"05/12/2023 23:00:00 - 06/12/2023 00:00:00","BZN|PL","Without Sequence","94.97","",""
"06/12/2023 00:00:00 - 06/12/2023 01:00:00","BZN|PL","Without Sequence","93.10","",""
"06/12/2023 01:00:00 - 06/12/2023 02:00:00","BZN|PL","Without Sequence","92.57","",""
"06/12/2023 02:00:00 - 06/12/2023 03:00:00","BZN|PL","Without Sequence","90.96","",""
"06/12/2023 03:00:00 - 06/12/2023 04:00:00","BZN|PL","Without Sequence","90.59","",""
"06/12/2023 04:00:00 - 06/12/2023 05:00:00","BZN|PL","Without Sequence","93.89","",""
"06/12/2023 05:00:00 - 06/12/2023 06:00:00","BZN|PL","Without Sequence","111.70","",""
"06/12/2023 06:00:00 - 06/12/2023 07:00:00","BZN|PL","Without Sequence","131.52","",""
"06/12/2023 07:00:00 - 06/12/2023 08:00:00","BZN|PL","Without Sequence","147.38","",""
"06/12/2023 08:00:00 - 06/12/2023 09:00:00","BZN|PL","Without Sequence","147.97","",""
"06/12/2023 09:00:00 - 06/12/2023 10:00:00","BZN|PL","Without Sequence","148.90","",""
"06/12/2023 10:00:00 - 06/12/2023 11:00:00","BZN|PL","Without Sequence","146.29","",""
"06/12/2023 11:00:00 - 06/12/2023 12:00:00","BZN|PL","Without Sequence","147.13","",""
"06/12/2023 12:00:00 - 06/12/2023 13:00:00","BZN|PL","Without Sequence","144.50","",""
"06/12/2023 13:00:00 - 06/12/2023 14:00:00","BZN|PL","Without Sequence","142.29","",""
"06/12/2023 14:00:00 - 06/12/2023 15:00:00","BZN|PL","Without Sequence","143.99","",""
"06/12/2023 15:00:00 - 06/12/2023 16:00:00","BZN|PL","Without Sequence","151.95","",""
"06/12/2023 16:00:00 - 06/12/2023 17:00:00","BZN|PL","Without Sequence","149.01","",""
"06/12/2023 17:00:00 - 06/12/2023 18:00:00","BZN|PL","Without Sequence","144.41","",""
"06/12/2023 18:00:00 - 06/12/2023 19:00:00","BZN|PL","Without Sequence","139.15","",""
"06/12/2023 19:00:00 - 06/12/2023 20:00:00","BZN|PL","Without Sequence","129.91","",""
"06/12/2023 20:00:00 - 06/12/2023 21:00:00","BZN|PL","Without Sequence","115.68","",""
"06/12/2023 21:00:00 - 06/12/2023 22:00:00","BZN|PL","Without Sequence","107.33","",""
"06/12/2023 22:00:00 - 06/12/2023 23:00:00","BZN|PL","Without Sequence","100.44","",""
"06/12/2023 23:00:00 - 07/12/2023 00:00:00","BZN|PL","Without Sequence","99.20","",""
"07/12/2023 00:00:00 - 07/12/2023 01:00:00","BZN|PL","Without Sequence","97.85","",""
"07/12/2023 01:00:00 - 07/12/2023 02:00:00","BZN|PL","Without Sequence","96.86","",""
"07/12/2023 02:00:00 - 07/12/2023 03:00:00","BZN|PL","Without Sequence","91.81","",""
"07/12/2023 03:00:00 - 07/12/2023 04:00:00","BZN|PL","Without Sequence","89.92","",""
"07/12/2023 04:00:00 - 07/12/2023 05:00:00","BZN|PL","Without Sequence","94.53","",""
"07/12/2023 05:00:00 - 07/12/2023 06:00:00","BZN|PL","Without Sequence","116.90","",""
"07/12/2023 06:00:00 - 07/12/2023 07:00:00","BZN|PL","Without Sequence","132.03","",""
"07/12/2023 07:00:00 - 07/12/2023 08:00:00","BZN|PL","Without Sequence","150.00","",""
"07/12/2023 08:00:00 - 07/12/2023 09:00:00","BZN|PL","Without Sequence","137.70","",""
"07/12/2023 09:00:00 - 07/12/2023 10:00:00","BZN|PL","Without Sequence","134.36","",""
"07/12/2023 10:00:00 - 07/12/2023 11:00:00","BZN|PL","Without Sequence","138.17","",""
"07/12/2023 11:00:00 - 07/12/2023 12:00:00","BZN|PL","Without Sequence","140.64","",""
"07/12/2023 12:00:00 - 07/12/2023 13:00:00","BZN|PL","Without Sequence","138.35","",""
"07/12/2023 13:00:00 - 07/12/2023 14:00:00","BZN|PL","Without Sequence","138.08","",""
"07/12/2023 14:00:00 - 07/12/2023 15:00:00","BZN|PL","Without Sequence","138.02","",""
"07/12/2023 15:00:00 - 07/12/2023 16:00:00","BZN|PL","Without Sequence","152.86","",""
"07/12/2023 16:00:00 - 07/12/2023 17:00:00","BZN|PL","Without Sequence","149.28","",""
"07/12/2023 17:00:00 - 07/12/2023 18:00:00","BZN|PL","Without Sequence","153.02","",""
"07/12/2023 18:00:00 - 07/12/2023 19:00:00","BZN|PL","Without Sequence","159.09","",""
"07/12/2023 19:00:00 - 07/12/2023 20:00:00","BZN|PL","Without Sequence","150.15","",""
"07/12/2023 20:00:00 - 07/12/2023 21:00:00","BZN|PL","Without Sequence","127.48","",""
"07/12/2023 21:00:00 - 07/12/2023 22:00:00","BZN|PL","Without Sequence","119.35","",""
"07/12/2023 22:00:00 - 07/12/2023 23:00:00","BZN|PL","Without Sequence","87.08","",""
"07/12/2023 23:00:00 - 08/12/2023 00:00:00","BZN|PL","Without Sequence","87.87","",""
"08/12/2023 00:00:00 - 08/12/2023 01:00:00","BZN|PL","Without Sequence","92.33","",""
"08/12/2023 01:00:00 - 08/12/2023 02:00:00","BZN|PL","Without Sequence","92.33","",""
"08/12/2023 02:00:00 - 08/12/2023 03:00:00","BZN|PL","Without Sequence","92.09","",""
"08/12/2023 03:00:00 - 08/12/2023 04:00:00","BZN|PL","Without Sequence","90.12","",""
"08/12/2023 04:00:00 - 08/12/2023 05:00:00","BZN|PL","Without Sequence","91.90","",""
"08/12/2023 05:00:00 - 08/12/2023 06:00:00","BZN|PL","Without Sequence","123.24","",""
"08/12/2023 06:00:00 - 08/12/2023 07:00:00","BZN|PL","Without Sequence","143.55","",""
"08/12/2023 07:00:00 - 08/12/2023 08:00:00","BZN|PL","Without Sequence","140.00","",""
"08/12/2023 08:00:00 - 08/12/2023 09:00:00","BZN|PL","Without Sequence","131.57","",""
"08/12/2023 09:00:00 - 08/12/2023 10:00:00","BZN|PL","Without Sequence","124.32","",""
"08/12/2023 10:00:00 - 08/12/2023 11:00:00","BZN|PL","Without Sequence","128.05","",""
"08/12/2023 11:00:00 - 08/12/2023 12:00:00","BZN|PL","Without Sequence","130.42","",""
"08/12/2023 12:00:00 - 08/12/2023 13:00:00","BZN|PL","Without Sequence","138.56","",""
"08/12/2023 13:00:00 - 08/12/2023 14:00:00","BZN|PL","Without Sequence","132.65","",""
"08/12/2023 14:00:00 - 08/12/2023 15:00:00","BZN|PL","Without Sequence","129.37","",""
"08/12/2023 15:00:00 - 08/12/2023 16:00:00","BZN|PL","Without Sequence","136.21","",""
"08/12/2023 16:00:00 - 08/12/2023 17:00:00","BZN|PL","Without Sequence","129.24","",""
"08/12/2023 17:00:00 - 08/12/2023 18:00:00","BZN|PL","Without Sequence","118.60","",""
"08/12/2023 18:00:00 - 08/12/2023 19:00:00","BZN|PL","Without Sequence","134.43","",""
"08/12/2023 19:00:00 - 08/12/2023 20:00:00","BZN|PL","Without Sequence","115.41","",""
"08/12/2023 20:00:00 - 08/12/2023 21:00:00","BZN|PL","Without Sequence","101.12","",""
"08/12/2023 21:00:00 - 08/12/2023 22:00:00","BZN|PL","Without Sequence","101.58","",""
"08/12/2023 22:00:00 - 08/12/2023 23:00:00","BZN|PL","Without Sequence","90.58","",""
"08/12/2023 23:00:00 - 09/12/2023 00:00:00","BZN|PL","Without Sequence","97.39","",""
"09/12/2023 00:00:00 - 09/12/2023 01:00:00","BZN|PL","Without Sequence","89.29","",""
"09/12/2023 01:00:00 - 09/12/2023 02:00:00","BZN|PL","Without Sequence","86.74","",""
"09/12/2023 02:00:00 - 09/12/2023 03:00:00","BZN|PL","Without Sequence","85.75","",""
"09/12/2023 03:00:00 - 09/12/2023 04:00:00","BZN|PL","Without Sequence","86.66","",""
"09/12/2023 04:00:00 - 09/12/2023 05:00:00","BZN|PL","Without Sequence","92.32","",""
"09/12/2023 05:00:00 - 09/12/2023 06:00:00","BZN|PL","Without Sequence","86.56","",""
"09/12/2023 06:00:00 - 09/12/2023 07:00:00","BZN|PL","Without Sequence","92.33","",""
"09/12/2023 07:00:00 - 09/12/2023 08:00:00","BZN|PL","Without Sequence","110.79","",""
"09/12/2023 08:00:00 - 09/12/2023 09:00:00","BZN|PL","Without Sequence","124.93","",""
"09/12/2023 09:00:00 - 09/12/2023 10:00:00","BZN|PL","Without Sequence","124.65","",""
"09/12/2023 10:00:00 - 09/12/2023 11:00:00","BZN|PL","Without Sequence","136.33","",""
"09/12/2023 11:00:00 - 09/12/2023 12:00:00","BZN|PL","Without Sequence","128.50","",""
"09/12/2023 12:00:00 - 09/12/2023 13:00:00","BZN|PL","Without Sequence","137.78","",""
"09/12/2023 13:00:00 - 09/12/2023 14:00:00","BZN|PL","Without Sequence","138.53","",""
"09/12/2023 14:00:00 - 09/12/2023 15:00:00","BZN|PL","Without Sequence","140.83","",""
"09/12/2023 15:00:00 - 09/12/2023 16:00:00","BZN|PL","Without Sequence","132.73","",""
"09/12/2023 16:00:00 - 09/12/2023 17:00:00","BZN|PL","Without Sequence","132.73","",""
"09/12/2023 17:00:00 - 09/12/2023 18:00:00","BZN|PL","Without Sequence","137.72","",""
"09/12/2023 18:00:00 - 09/12/2023 19:00:00","BZN|PL","Without Sequence","136.19","",""
"09/12/2023 19:00:00 - 09/12/2023 20:00:00","BZN|PL","Without Sequence","121.56","",""
"09/12/2023 20:00:00 - 09/12/2023 21:00:00","BZN|PL","Without Sequence","91.17","",""
"09/12/2023 21:00:00 - 09/12/2023 22:00:00","BZN|PL","Without Sequence","82.58","",""
"09/12/2023 22:00:00 - 09/12/2023 23:00:00","BZN|PL","Without Sequence","61.35","",""
"09/12/2023 23:00:00 - 10/12/2023 00:00:00","BZN|PL","Without Sequence","64.56","",""
"10/12/2023 00:00:00 - 10/12/2023 01:00:00","BZN|PL","Without Sequence","62.19","",""
"10/12/2023 01:00:00 - 10/12/2023 02:00:00","BZN|PL","Without Sequence","57.13","",""
"10/12/2023 02:00:00 - 10/12/2023 03:00:00","BZN|PL","Without Sequence","60.45","",""
"10/12/2023 03:00:00 - 10/12/2023 04:00:00","BZN|PL","Without Sequence","62.12","",""
"10/12/2023 04:00:00 - 10/12/2023 05:00:00","BZN|PL","Without Sequence","64.09","",""
"10/12/2023 05:00:00 - 10/12/2023 06:00:00","BZN|PL","Without Sequence","68.53","",""
"10/12/2023 06:00:00 - 10/12/2023 07:00:00","BZN|PL","Without Sequence","71.32","",""
"10/12/2023 07:00:00 - 10/12/2023 08:00:00","BZN|PL","Without Sequence","81.26","",""
"10/12/2023 08:00:00 - 10/12/2023 09:00:00","BZN|PL","Without Sequence","82.62","",""
"10/12/2023 09:00:00 - 10/12/2023 10:00:00","BZN|PL","Without Sequence","88.37","",""
"10/12/2023 10:00:00 - 10/12/2023 11:00:00","BZN|PL","Without Sequence","94.39","",""
"10/12/2023 11:00:00 - 10/12/2023 12:00:00","BZN|PL","Without Sequence","90.45","",""
"10/12/2023 12:00:00 - 10/12/2023 13:00:00","BZN|PL","Without Sequence","91.14","",""
"10/12/2023 13:00:00 - 10/12/2023 14:00:00","BZN|PL","Without Sequence","98.90","",""
"10/12/2023 14:00:00 - 10/12/2023 15:00:00","BZN|PL","Without Sequence","99.62","",""
"10/12/2023 15:00:00 - 10/12/2023 16:00:00","BZN|PL","Without Sequence","103.84","",""
"10/12/2023 16:00:00 - 10/12/2023 17:00:00","BZN|PL","Without Sequence","99.64","",""
"10/12/2023 17:00:00 - 10/12/2023 18:00:00","BZN|PL","Without Sequence","99.70","",""
"10/12/2023 18:00:00 - 10/12/2023 19:00:00","BZN|PL","Without Sequence","99.29","",""
"10/12/2023 19:00:00 - 10/12/2023 20:00:00","BZN|PL","Without Sequence","98.30","",""
"10/12/2023 20:00:00 - 10/12/2023 21:00:00","BZN|PL","Without Sequence","89.28","",""
"10/12/2023 21:00:00 - 10/12/2023 22:00:00","BZN|PL","Without Sequence","78.29","",""
"10/12/2023 22:00:00 - 10/12/2023 23:00:00","BZN|PL","Without Sequence","81.24","",""
"10/12/2023 23:00:00 - 11/12/2023 00:00:00","BZN|PL","Without Sequence","49.31","",""
"11/12/2023 00:00:00 - 11/12/2023 01:00:00","BZN|PL","Without Sequence","46.25","",""
"11/12/2023 01:00:00 - 11/12/2023 02:00:00","BZN|PL","Without Sequence","46.15","",""
"11/12/2023 02:00:00 - 11/12/2023 03:00:00","BZN|PL","Without Sequence","45.55","",""
"11/12/2023 03:00:00 - 11/12/2023 04:00:00","BZN|PL","Without Sequence","50.23","",""
"11/12/2023 04:00:00 - 11/12/2023 05:00:00","BZN|PL","Without Sequence","77.72","",""
"11/12/2023 05:00:00 - 11/12/2023 06:00:00","BZN|PL","Without Sequence","85.74","",""
"11/12/2023 06:00:00 - 11/12/2023 07:00:00","BZN|PL","Without Sequence","117.44","",""
"11/12/2023 07:00:00 - 11/12/2023 08:00:00","BZN|PL","Without Sequence","119.76","",""
"11/12/2023 08:00:00 - 11/12/2023 09:00:00","BZN|PL","Without Sequence","127.28","",""
"11/12/2023 09:00:00 - 11/12/2023 10:00:00","BZN|PL","Without Sequence","126.92","",""
"11/12/2023 10:00:00 - 11/12/2023 11:00:00","BZN|PL","Without Sequence","131.50","",""
"11/12/2023 11:00:00 - 11/12/2023 12:00:00","BZN|PL","Without Sequence","132.71","",""
"11/12/2023 12:00:00 - 11/12/2023 13:00:00","BZN|PL","Without Sequence","132.11","",""
"11/12/2023 13:00:00 - 11/12/2023 14:00:00","BZN|PL","Without Sequence","132.68","",""
"11/12/2023 14:00:00 - 11/12/2023 15:00:00","BZN|PL","Without Sequence","135.29","",""
"11/12/2023 15:00:00 - 11/12/2023 16:00:00","BZN|PL","Without Sequence","142.17","",""
"11/12/2023 16:00:00 - 11/12/2023 17:00:00","BZN|PL","Without Sequence","139.15","",""
"11/12/2023 17:00:00 - 11/12/2023 18:00:00","BZN|PL","Without Sequence","126.91","",""
"11/12/2023 18:00:00 - 11/12/2023 19:00:00","BZN|PL","Without Sequence","129.94","",""
"11/12/2023 19:00:00 - 11/12/2023 20:00:00","BZN|PL","Without Sequence","124.85","",""
"11/12/2023 20:00:00 - 11/12/2023 21:00:00","BZN|PL","Without Sequence","118.83","",""
"11/12/2023 21:00:00 - 11/12/2023 22:00:00","BZN|PL","Without Sequence","98.72","",""
"11/12/2023 22:00:00 - 11/12/2023 23:00:00","BZN|PL","Without Sequence","86.89","",""
"11/12/2023 23:00:00 - 12/12/2023 00:00:00","BZN|PL","Without Sequence","88.78","",""
"12/12/2023 00:00:00 - 12/12/2023 01:00:00","BZN|PL","Without Sequence","87.06","",""
"12/12/2023 01:00:00 - 12/12/2023 02:00:00","BZN|PL","Without Sequence","85.62","",""
"12/12/2023 02:00:00 - 12/12/2023 03:00:00","BZN|PL","Without Sequence","84.42","",""
"12/12/2023 03:00:00 - 12/12/2023 04:00:00","BZN|PL","Without Sequence","86.62","",""
"12/12/2023 04:00:00 - 12/12/2023 05:00:00","BZN|PL","Without Sequence","89.03","",""
"12/12/2023 05:00:00 - 12/12/2023 06:00:00","BZN|PL","Without Sequence","118.64","",""
"12/12/2023 06:00:00 - 12/12/2023 07:00:00","BZN|PL","Without Sequence","143.76","",""
"12/12/2023 07:00:00 - 12/12/2023 08:00:00","BZN|PL","Without Sequence","148.71","",""
"12/12/2023 08:00:00 - 12/12/2023 09:00:00","BZN|PL","Without Sequence","146.59","",""
"12/12/2023 09:00:00 - 12/12/2023 10:00:00","BZN|PL","Without Sequence","143.88","",""
"12/12/2023 10:00:00 - 12/12/2023 11:00:00","BZN|PL","Without Sequence","144.28","",""
"12/12/2023 11:00:00 - 12/12/2023 12:00:00","BZN|PL","Without Sequence","146.42","",""
"12/12/2023 12:00:00 - 12/12/2023 13:00:00","BZN|PL","Without Sequence","145.84","",""
"12/12/2023 13:00:00 - 12/12/2023 14:00:00","BZN|PL","Without Sequence","149.81","",""
"12/12/2023 14:00:00 - 12/12/2023 15:00:00","BZN|PL","Without Sequence","155.35","",""
"12/12/2023 15:00:00 - 12/12/2023 16:00:00","BZN|PL","Without Sequence","153.30","",""
"12/12/2023 16:00:00 - 12/12/2023 17:00:00","BZN|PL","Without Sequence","153.31","",""
"12/12/2023 17:00:00 - 12/12/2023 18:00:00","BZN|PL","Without Sequence","152.95","",""
"12/12/2023 18:00:00 - 12/12/2023 19:00:00","BZN|PL","Without Sequence","151.68","",""
"12/12/2023 19:00:00 - 12/12/2023 20:00:00","BZN|PL","Without Sequence","147.02","",""
"12/12/2023 20:00:00 - 12/12/2023 21:00:00","BZN|PL","Without Sequence","127.94","",""
"12/12/2023 21:00:00 - 12/12/2023 22:00:00","BZN|PL","Without Sequence","110.94","",""
"12/12/2023 22:00:00 - 12/12/2023 23:00:00","BZN|PL","Without Sequence","97.78","",""
"12/12/2023 23:00:00 - 13/12/2023 00:00:00","BZN|PL","Without Sequence","87.83","",""
"13/12/2023 00:00:00 - 13/12/2023 01:00:00","BZN|PL","Without Sequence","85.06","",""
"13/12/2023 01:00:00 - 13/12/2023 02:00:00","BZN|PL","Without Sequence","88.38","",""
"13/12/2023 02:00:00 - 13/12/2023 03:00:00","BZN|PL","Without Sequence","88.74","",""
"13/12/2023 03:00:00 - 13/12/2023 04:00:00","BZN|PL","Without Sequence","86.01","",""
"13/12/2023 04:00:00 - 13/12/2023 05:00:00","BZN|PL","Without Sequence","84.30","",""
"13/12/2023 05:00:00 - 13/12/2023 06:00:00","BZN|PL","Without Sequence","116.42","",""
"13/12/2023 06:00:00 - 13/12/2023 07:00:00","BZN|PL","Without Sequence","137.19","",""
"13/12/2023 07:00:00 - 13/12/2023 08:00:00","BZN|PL","Without Sequence","142.61","",""
"13/12/2023 08:00:00 - 13/12/2023 09:00:00","BZN|PL","Without Sequence","142.61","",""
"13/12/2023 09:00:00 - 13/12/2023 10:00:00","BZN|PL","Without Sequence","145.85","",""
"13/12/2023 10:00:00 - 13/12/2023 11:00:00","BZN|PL","Without Sequence","146.15","",""
"13/12/2023 11:00:00 - 13/12/2023 12:00:00","BZN|PL","Without Sequence","146.51","",""
"13/12/2023 12:00:00 - 13/12/2023 13:00:00","BZN|PL","Without Sequence","138.93","",""
"13/12/2023 13:00:00 - 13/12/2023 14:00:00","BZN|PL","Without Sequence","132.45","",""
"13/12/2023 14:00:00 - 13/12/2023 15:00:00","BZN|PL","Without Sequence","132.25","",""
"13/12/2023 15:00:00 - 13/12/2023 16:00:00","BZN|PL","Without Sequence","142.04","",""
"13/12/2023 16:00:00 - 13/12/2023 17:00:00","BZN|PL","Without Sequence","138.95","",""
"13/12/2023 17:00:00 - 13/12/2023 18:00:00","BZN|PL","Without Sequence","132.95","",""
"13/12/2023 18:00:00 - 13/12/2023 19:00:00","BZN|PL","Without Sequence","129.91","",""
"13/12/2023 19:00:00 - 13/12/2023 20:00:00","BZN|PL","Without Sequence","112.67","",""
"13/12/2023 20:00:00 - 13/12/2023 21:00:00","BZN|PL","Without Sequence","90.88","",""
"13/12/2023 21:00:00 - 13/12/2023 22:00:00","BZN|PL","Without Sequence","92.35","",""
"13/12/2023 22:00:00 - 13/12/2023 23:00:00","BZN|PL","Without Sequence","87.47","",""
"13/12/2023 23:00:00 - 14/12/2023 00:00:00","BZN|PL","Without Sequence","79.63","",""
"14/12/2023 00:00:00 - 14/12/2023 01:00:00","BZN|PL","Without Sequence","79.64","",""
"14/12/2023 01:00:00 - 14/12/2023 02:00:00","BZN|PL","Without Sequence","77.33","",""
"14/12/2023 02:00:00 - 14/12/2023 03:00:00","BZN|PL","Without Sequence","78.61","",""
"14/12/2023 03:00:00 - 14/12/2023 04:00:00","BZN|PL","Without Sequence","78.54","",""
"14/12/2023 04:00:00 - 14/12/2023 05:00:00","BZN|PL","Without Sequence","82.39","",""
"14/12/2023 05:00:00 - 14/12/2023 06:00:00","BZN|PL","Without Sequence","99.96","",""
"14/12/2023 06:00:00 - 14/12/2023 07:00:00","BZN|PL","Without Sequence","121.32","",""
"14/12/2023 07:00:00 - 14/12/2023 08:00:00","BZN|PL","Without Sequence","129.61","",""
"14/12/2023 08:00:00 - 14/12/2023 09:00:00","BZN|PL","Without Sequence","126.98","",""
"14/12/2023 09:00:00 - 14/12/2023 10:00:00","BZN|PL","Without Sequence","125.14","",""
"14/12/2023 10:00:00 - 14/12/2023 11:00:00","BZN|PL","Without Sequence","126.09","",""
"14/12/2023 11:00:00 - 14/12/2023 12:00:00","BZN|PL","Without Sequence","118.38","",""
"14/12/2023 12:00:00 - 14/12/2023 13:00:00","BZN|PL","Without Sequence","122.74","",""
"14/12/2023 13:00:00 - 14/12/2023 14:00:00","BZN|PL","Without Sequence","124.66","",""
"14/12/2023 14:00:00 - 14/12/2023 15:00:00","BZN|PL","Without Sequence","128.72","",""
"14/12/2023 15:00:00 - 14/12/2023 16:00:00","BZN|PL","Without Sequence","143.14","",""
"14/12/2023 16:00:00 - 14/12/2023 17:00:00","BZN|PL","Without Sequence","131.24","",""
"14/12/2023 17:00:00 - 14/12/2023 18:00:00","BZN|PL","Without Sequence","126.98","",""
"14/12/2023 18:00:00 - 14/12/2023 19:00:00","BZN|PL","Without Sequence","122.37","",""
"14/12/2023 19:00:00 - 14/12/2023 20:00:00","BZN|PL","Without Sequence","109.89","",""
"14/12/2023 20:00:00 - 14/12/2023 21:00:00","BZN|PL","Without Sequence","96.20","",""
"14/12/2023 21:00:00 - 14/12/2023 22:00:00","BZN|PL","Without Sequence","94.46","",""
"14/12/2023 22:00:00 - 14/12/2023 23:00:00","BZN|PL","Without Sequence","85.57","",""
"14/12/2023 23:00:00 - 15/12/2023 00:00:00","BZN|PL","Without Sequence","86.55","",""
"15/12/2023 00:00:00 - 15/12/2023 01:00:00","BZN|PL","Without Sequence","83.29","",""
"15/12/2023 01:00:00 - 15/12/2023 02:00:00","BZN|PL","Without Sequence","82.25","",""
"15/12/2023 02:00:00 - 15/12/2023 03:00:00","BZN|PL","Without Sequence","82.32","",""
"15/12/2023 03:00:00 - 15/12/2023 04:00:00","BZN|PL","Without Sequence","79.53","",""
"15/12/2023 04:00:00 - 15/12/2023 05:00:00","BZN|PL","Without Sequence","80.41","",""
"15/12/2023 05:00:00 - 15/12/2023 06:00:00","BZN|PL","Without Sequence","95.97","",""
"15/12/2023 06:00:00 - 15/12/2023 07:00:00","BZN|PL","Without Sequence","114.68","",""
"15/12/2023 07:00:00 - 15/12/2023 08:00:00","BZN|PL","Without Sequence","121.50","",""
"15/12/2023 08:00:00 - 15/12/2023 09:00:00","BZN|PL","Without Sequence","121.86","",""
"15/12/2023 09:00:00 - 15/12/2023 10:00:00","BZN|PL","Without Sequence","109.97","",""
"15/12/2023 10:00:00 - 15/12/2023 11:00:00","BZN|PL","Without Sequence","106.07","",""
"15/12/2023 11:00:00 - 15/12/2023 12:00:00","BZN|PL","Without Sequence","104.09","",""
"15/12/2023 12:00:00 - 15/12/2023 13:00:00","BZN|PL","Without Sequence","99.51","",""
"15/12/2023 13:00:00 - 15/12/2023 14:00:00","BZN|PL","Without Sequence","106.09","",""
"15/12/2023 14:00:00 - 15/12/2023 15:00:00","BZN|PL","Without Sequence","122.97","",""
"15/12/2023 15:00:00 - 15/12/2023 16:00:00","BZN|PL","Without Sequence","127.73","",""
"15/12/2023 16:00:00 - 15/12/2023 17:00:00","BZN|PL","Without Sequence","109.77","",""
"15/12/2023 17:00:00 - 15/12/2023 18:00:00","BZN|PL","Without Sequence","113.53","",""
"15/12/2023 18:00:00 - 15/12/2023 19:00:00","BZN|PL","Without Sequence","106.74","",""
"15/12/2023 19:00:00 - 15/12/2023 20:00:00","BZN|PL","Without Sequence","93.36","",""
"15/12/2023 20:00:00 - 15/12/2023 21:00:00","BZN|PL","Without Sequence","88.36","",""
"15/12/2023 21:00:00 - 15/12/2023 22:00:00","BZN|PL","Without Sequence","86.77","",""
"15/12/2023 22:00:00 - 15/12/2023 23:00:00","BZN|PL","Without Sequence","82.26","",""
"15/12/2023 23:00:00 - 16/12/2023 00:00:00","BZN|PL","Without Sequence","69.65","",""
"16/12/2023 00:00:00 - 16/12/2023 01:00:00","BZN|PL","Without Sequence","64.39","",""
"16/12/2023 01:00:00 - 16/12/2023 02:00:00","BZN|PL","Without Sequence","60.37","",""
"16/12/2023 02:00:00 - 16/12/2023 03:00:00","BZN|PL","Without Sequence","58.00","",""
"16/12/2023 03:00:00 - 16/12/2023 04:00:00","BZN|PL","Without Sequence","54.10","",""
"16/12/2023 04:00:00 - 16/12/2023 05:00:00","BZN|PL","Without Sequence","58.06","",""
"16/12/2023 05:00:00 - 16/12/2023 06:00:00","BZN|PL","Without Sequence","73.46","",""
"16/12/2023 06:00:00 - 16/12/2023 07:00:00","BZN|PL","Without Sequence","79.42","",""
"16/12/2023 07:00:00 - 16/12/2023 08:00:00","BZN|PL","Without Sequence","79.89","",""
"16/12/2023 08:00:00 - 16/12/2023 09:00:00","BZN|PL","Without Sequence","83.15","",""
"16/12/2023 09:00:00 - 16/12/2023 10:00:00","BZN|PL","Without Sequence","81.88","",""
"16/12/2023 10:00:00 - 16/12/2023 11:00:00","BZN|PL","Without Sequence","79.45","",""
"16/12/2023 11:00:00 - 16/12/2023 12:00:00","BZN|PL","Without Sequence","77.36","",""
"16/12/2023 12:00:00 - 16/12/2023 13:00:00","BZN|PL","Without Sequence","73.58","",""
"16/12/2023 13:00:00 - 16/12/2023 14:00:00","BZN|PL","Without Sequence","79.45","",""
"16/12/2023 14:00:00 - 16/12/2023 15:00:00","BZN|PL","Without Sequence","80.44","",""
"16/12/2023 15:00:00 - 16/12/2023 16:00:00","BZN|PL","Without Sequence","86.07","",""
"16/12/2023 16:00:00 - 16/12/2023 17:00:00","BZN|PL","Without Sequence","84.15","",""
"16/12/2023 17:00:00 - 16/12/2023 18:00:00","BZN|PL","Without Sequence","83.83","",""
"16/12/2023 18:00:00 - 16/12/2023 19:00:00","BZN|PL","Without Sequence","80.16","",""
"16/12/2023 19:00:00 - 16/12/2023 20:00:00","BZN|PL","Without Sequence","75.20","",""
"16/12/2023 20:00:00 - 16/12/2023 21:00:00","BZN|PL","Without Sequence","62.27","",""
"16/12/2023 21:00:00 - 16/12/2023 22:00:00","BZN|PL","Without Sequence","51.54","",""
"16/12/2023 22:00:00 - 16/12/2023 23:00:00","BZN|PL","Without Sequence","50.98","",""
"16/12/2023 23:00:00 - 17/12/2023 00:00:00","BZN|PL","Without Sequence","42.32","",""
"17/12/2023 00:00:00 - 17/12/2023 01:00:00","BZN|PL","Without Sequence","36.59","",""
"17/12/2023 01:00:00 - 17/12/2023 02:00:00","BZN|PL","Without Sequence","26.67","",""
"17/12/2023 02:00:00 - 17/12/2023 03:00:00","BZN|PL","Without Sequence","26.56","",""
"17/12/2023 03:00:00 - 17/12/2023 04:00:00","BZN|PL","Without Sequence","25.97","",""
"17/12/2023 04:00:00 - 17/12/2023 05:00:00","BZN|PL","Without Sequence","28.38","",""
"17/12/2023 05:00:00 - 17/12/2023 06:00:00","BZN|PL","Without Sequence","35.61","",""
"17/12/2023 06:00:00 - 17/12/2023 07:00:00","BZN|PL","Without Sequence","39.92","",""
"17/12/2023 07:00:00 - 17/12/2023 08:00:00","BZN|PL","Without Sequence","56.54","",""
"17/12/2023 08:00:00 - 17/12/2023 09:00:00","BZN|PL","Without Sequence","59.17","",""
"17/12/2023 09:00:00 - 17/12/2023 10:00:00","BZN|PL","Without Sequence","54.43","",""
"17/12/2023 10:00:00 - 17/12/2023 11:00:00","BZN|PL","Without Sequence","49.00","",""
"17/12/2023 11:00:00 - 17/12/2023 12:00:00","BZN|PL","Without Sequence","43.71","",""
"17/12/2023 12:00:00 - 17/12/2023 13:00:00","BZN|PL","Without Sequence","46.32","",""
"17/12/2023 13:00:00 - 17/12/2023 14:00:00","BZN|PL","Without Sequence","62.96","",""
"17/12/2023 14:00:00 - 17/12/2023 15:00:00","BZN|PL","Without Sequence","65.41","",""
"17/12/2023 15:00:00 - 17/12/2023 16:00:00","BZN|PL","Without Sequence","67.08","",""
"17/12/2023 16:00:00 - 17/12/2023 17:00:00","BZN|PL","Without Sequence","65.27","",""
"17/12/2023 17:00:00 - 17/12/2023 18:00:00","BZN|PL","Without Sequence","64.09","",""
"17/12/2023 18:00:00 - 17/12/2023 19:00:00","BZN|PL","Without Sequence","64.86","",""
"17/12/2023 19:00:00 - 17/12/2023 20:00:00","BZN|PL","Without Sequence","60.21","",""
"17/12/2023 20:00:00 - 17/12/2023 21:00:00","BZN|PL","Without Sequence","57.93","",""
"17/12/2023 21:00:00 - 17/12/2023 22:00:00","BZN|PL","Without Sequence","49.47","",""
"17/12/2023 22:00:00 - 17/12/2023 23:00:00","BZN|PL","Without Sequence","34.45","",""
"17/12/2023 23:00:00 - 18/12/2023 00:00:00","BZN|PL","Without Sequence","42.81","",""
"18/12/2023 00:00:00 - 18/12/2023 01:00:00","BZN|PL","Without Sequence","32.60","",""
"18/12/2023 01:00:00 - 18/12/2023 02:00:00","BZN|PL","Without Sequence","35.85","",""
"18/12/2023 02:00:00 - 18/12/2023 03:00:00","BZN|PL","Without Sequence","37.62","",""
"18/12/2023 03:00:00 - 18/12/2023 04:00:00","BZN|PL","Without Sequence","40.52","",""
"18/12/2023 04:00:00 - 18/12/2023 05:00:00","BZN|PL","Without Sequence","44.20","",""
"18/12/2023 05:00:00 - 18/12/2023 06:00:00","BZN|PL","Without Sequence","79.21","",""
"18/12/2023 06:00:00 - 18/12/2023 07:00:00","BZN|PL","Without Sequence","83.36","",""
"18/12/2023 07:00:00 - 18/12/2023 08:00:00","BZN|PL","Without Sequence","94.94","",""
"18/12/2023 08:00:00 - 18/12/2023 09:00:00","BZN|PL","Without Sequence","96.20","",""
"18/12/2023 09:00:00 - 18/12/2023 10:00:00","BZN|PL","Without Sequence","89.03","",""
"18/12/2023 10:00:00 - 18/12/2023 11:00:00","BZN|PL","Without Sequence","81.17","",""
"18/12/2023 11:00:00 - 18/12/2023 12:00:00","BZN|PL","Without Sequence","80.00","",""
"18/12/2023 12:00:00 - 18/12/2023 13:00:00","BZN|PL","Without Sequence","81.03","",""
"18/12/2023 13:00:00 - 18/12/2023 14:00:00","BZN|PL","Without Sequence","89.96","",""
"18/12/2023 14:00:00 - 18/12/2023 15:00:00","BZN|PL","Without Sequence","97.07","",""
"18/12/2023 15:00:00 - 18/12/2023 16:00:00","BZN|PL","Without Sequence","100.68","",""
"18/12/2023 16:00:00 - 18/12/2023 17:00:00","BZN|PL","Without Sequence","104.20","",""
"18/12/2023 17:00:00 - 18/12/2023 18:00:00","BZN|PL","Without Sequence","97.15","",""
"18/12/2023 18:00:00 - 18/12/2023 19:00:00","BZN|PL","Without Sequence","98.41","",""
"18/12/2023 19:00:00 - 18/12/2023 20:00:00","BZN|PL","Without Sequence","85.79","",""
"18/12/2023 20:00:00 - 18/12/2023 21:00:00","BZN|PL","Without Sequence","79.32","",""
"18/12/2023 21:00:00 - 18/12/2023 22:00:00","BZN|PL","Without Sequence","77.35","",""
"18/12/2023 22:00:00 - 18/12/2023 23:00:00","BZN|PL","Without Sequence","52.63","",""
"18/12/2023 23:00:00 - 19/12/2023 00:00:00","BZN|PL","Without Sequence","50.70","",""
"19/12/2023 00:00:00 - 19/12/2023 01:00:00","BZN|PL","Without Sequence","48.03","",""
"19/12/2023 01:00:00 - 19/12/2023 02:00:00","BZN|PL","Without Sequence","47.02","",""
"19/12/2023 02:00:00 - 19/12/2023 03:00:00","BZN|PL","Without Sequence","54.45","",""
"19/12/2023 03:00:00 - 19/12/2023 04:00:00","BZN|PL","Without Sequence","53.12","",""
"19/12/2023 04:00:00 - 19/12/2023 05:00:00","BZN|PL","Without Sequence","60.04","",""
"19/12/2023 05:00:00 - 19/12/2023 06:00:00","BZN|PL","Without Sequence","78.51","",""
"19/12/2023 06:00:00 - 19/12/2023 07:00:00","BZN|PL","Without Sequence","80.73","",""
"19/12/2023 07:00:00 - 19/12/2023 08:00:00","BZN|PL","Without Sequence","86.07","",""
"19/12/2023 08:00:00 - 19/12/2023 09:00:00","BZN|PL","Without Sequence","91.94","",""
"19/12/2023 09:00:00 - 19/12/2023 10:00:00","BZN|PL","Without Sequence","86.10","",""
"19/12/2023 10:00:00 - 19/12/2023 11:00:00","BZN|PL","Without Sequence","80.14","",""
"19/12/2023 11:00:00 - 19/12/2023 12:00:00","BZN|PL","Without Sequence","79.16","",""
"19/12/2023 12:00:00 - 19/12/2023 13:00:00","BZN|PL","Without Sequence","81.08","",""
"19/12/2023 13:00:00 - 19/12/2023 14:00:00","BZN|PL","Without Sequence","82.11","",""
"19/12/2023 14:00:00 - 19/12/2023 15:00:00","BZN|PL","Without Sequence","85.47","",""
"19/12/2023 15:00:00 - 19/12/2023 16:00:00","BZN|PL","Without Sequence","87.53","",""
"19/12/2023 16:00:00 - 19/12/2023 17:00:00","BZN|PL","Without Sequence","88.91","",""
"19/12/2023 17:00:00 - 19/12/2023 18:00:00","BZN|PL","Without Sequence","88.84","",""
"19/12/2023 18:00:00 - 19/12/2023 19:00:00","BZN|PL","Without Sequence","87.98","",""
"19/12/2023 19:00:00 - 19/12/2023 20:00:00","BZN|PL","Without Sequence","81.08","",""
"19/12/2023 20:00:00 - 19/12/2023 21:00:00","BZN|PL","Without Sequence","77.29","",""
"19/12/2023 21:00:00 - 19/12/2023 22:00:00","BZN|PL","Without Sequence","78.08","",""
"19/12/2023 22:00:00 - 19/12/2023 23:00:00","BZN|PL","Without Sequence","69.27","",""
"19/12/2023 23:00:00 - 20/12/2023 00:00:00","BZN|PL","Without Sequence","59.99","",""
"20/12/2023 00:00:00 - 20/12/2023 01:00:00","BZN|PL","Without Sequence","62.83","",""
"20/12/2023 01:00:00 - 20/12/2023 02:00:00","BZN|PL","Without Sequence","62.92","",""
"20/12/2023 02:00:00 - 20/12/2023 03:00:00","BZN|PL","Without Sequence","63.46","",""
"20/12/2023 03:00:00 - 20/12/2023 04:00:00","BZN|PL","Without Sequence","71.08","",""
"20/12/2023 04:00:00 - 20/12/2023 05:00:00","BZN|PL","Without Sequence","73.07","",""
"20/12/2023 05:00:00 - 20/12/2023 06:00:00","BZN|PL","Without Sequence","82.63","",""
"20/12/2023 06:00:00 - 20/12/2023 07:00:00","BZN|PL","Without Sequence","84.16","",""
"20/12/2023 07:00:00 - 20/12/2023 08:00:00","BZN|PL","Without Sequence","90.06","",""
"20/12/2023 08:00:00 - 20/12/2023 09:00:00","BZN|PL","Without Sequence","86.85","",""
"20/12/2023 09:00:00 - 20/12/2023 10:00:00","BZN|PL","Without Sequence","83.87","",""
"20/12/2023 10:00:00 - 20/12/2023 11:00:00","BZN|PL","Without Sequence","82.51","",""
"20/12/2023 11:00:00 - 20/12/2023 12:00:00","BZN|PL","Without Sequence","83.10","",""
"20/12/2023 12:00:00 - 20/12/2023 13:00:00","BZN|PL","Without Sequence","83.54","",""
"20/12/2023 13:00:00 - 20/12/2023 14:00:00","BZN|PL","Without Sequence","82.27","",""
"20/12/2023 14:00:00 - 20/12/2023 15:00:00","BZN|PL","Without Sequence","82.88","",""
"20/12/2023 15:00:00 - 20/12/2023 16:00:00","BZN|PL","Without Sequence","83.00","",""
"20/12/2023 16:00:00 - 20/12/2023 17:00:00","BZN|PL","Without Sequence","82.18","",""
"20/12/2023 17:00:00 - 20/12/2023 18:00:00","BZN|PL","Without Sequence","79.93","",""
"20/12/2023 18:00:00 - 20/12/2023 19:00:00","BZN|PL","Without Sequence","80.19","",""
"20/12/2023 19:00:00 - 20/12/2023 20:00:00","BZN|PL","Without Sequence","75.14","",""
"20/12/2023 20:00:00 - 20/12/2023 21:00:00","BZN|PL","Without Sequence","63.67","",""
"20/12/2023 21:00:00 - 20/12/2023 22:00:00","BZN|PL","Without Sequence","61.42","",""
"20/12/2023 22:00:00 - 20/12/2023 23:00:00","BZN|PL","Without Sequence","54.92","",""
"20/12/2023 23:00:00 - 21/12/2023 00:00:00","BZN|PL","Without Sequence","45.24","",""
"21/12/2023 00:00:00 - 21/12/2023 01:00:00","BZN|PL","Without Sequence","46.54","",""
"21/12/2023 01:00:00 - 21/12/2023 02:00:00","BZN|PL","Without Sequence","45.24","",""
"21/12/2023 02:00:00 - 21/12/2023 03:00:00","BZN|PL","Without Sequence","44.11","",""
"21/12/2023 03:00:00 - 21/12/2023 04:00:00","BZN|PL","Without Sequence","51.21","",""
"21/12/2023 04:00:00 - 21/12/2023 05:00:00","BZN|PL","Without Sequence","67.44","",""
"21/12/2023 05:00:00 - 21/12/2023 06:00:00","BZN|PL","Without Sequence","84.08","",""
"21/12/2023 06:00:00 - 21/12/2023 07:00:00","BZN|PL","Without Sequence","84.07","",""
"21/12/2023 07:00:00 - 21/12/2023 08:00:00","BZN|PL","Without Sequence","84.12","",""
"21/12/2023 08:00:00 - 21/12/2023 09:00:00","BZN|PL","Without Sequence","84.04","",""
"21/12/2023 09:00:00 - 21/12/2023 10:00:00","BZN|PL","Without Sequence","84.07","",""
"21/12/2023 10:00:00 - 21/12/2023 11:00:00","BZN|PL","Without Sequence","84.04","",""
"21/12/2023 11:00:00 - 21/12/2023 12:00:00","BZN|PL","Without Sequence","84.12","",""
"21/12/2023 12:00:00 - 21/12/2023 13:00:00","BZN|PL","Without Sequence","84.13","",""
"21/12/2023 13:00:00 - 21/12/2023 14:00:00","BZN|PL","Without Sequence","84.14","",""
"21/12/2023 14:00:00 - 21/12/2023 15:00:00","BZN|PL","Without Sequence","84.16","",""
"21/12/2023 15:00:00 - 21/12/2023 16:00:00","BZN|PL","Without Sequence","84.19","",""
"21/12/2023 16:00:00 - 21/12/2023 17:00:00","BZN|PL","Without Sequence","84.14","",""
"21/12/2023 17:00:00 - 21/12/2023 18:00:00","BZN|PL","Without Sequence","78.48","",""
"21/12/2023 18:00:00 - 21/12/2023 19:00:00","BZN|PL","Without Sequence","75.95","",""
"21/12/2023 19:00:00 - 21/12/2023 20:00:00","BZN|PL","Without Sequence","66.48","",""
"21/12/2023 20:00:00 - 21/12/2023 21:00:00","BZN|PL","Without Sequence","57.25","",""
"21/12/2023 21:00:00 - 21/12/2023 22:00:00","BZN|PL","Without Sequence","57.25","",""
"21/12/2023 22:00:00 - 21/12/2023 23:00:00","BZN|PL","Without Sequence","46.15","",""
"21/12/2023 23:00:00 - 22/12/2023 00:00:00","BZN|PL","Without Sequence","18.43","",""
"22/12/2023 00:00:00 - 22/12/2023 01:00:00","BZN|PL","Without Sequence","16.13","",""
"22/12/2023 01:00:00 - 22/12/2023 02:00:00","BZN|PL","Without Sequence","16.13","",""
"22/12/2023 02:00:00 - 22/12/2023 03:00:00","BZN|PL","Without Sequence","16.13","",""
"22/12/2023 03:00:00 - 22/12/2023 04:00:00","BZN|PL","Without Sequence","17.28","",""
"22/12/2023 04:00:00 - 22/12/2023 05:00:00","BZN|PL","Without Sequence","26.54","",""
"22/12/2023 05:00:00 - 22/12/2023 06:00:00","BZN|PL","Without Sequence","46.07","",""
"22/12/2023 06:00:00 - 22/12/2023 07:00:00","BZN|PL","Without Sequence","45.92","",""
"22/12/2023 07:00:00 - 22/12/2023 08:00:00","BZN|PL","Without Sequence","55.12","",""
"22/12/2023 08:00:00 - 22/12/2023 09:00:00","BZN|PL","Without Sequence","48.15","",""
"22/12/2023 09:00:00 - 22/12/2023 10:00:00","BZN|PL","Without Sequence","45.88","",""
"22/12/2023 10:00:00 - 22/12/2023 11:00:00","BZN|PL","Without Sequence","45.97","",""
"22/12/2023 11:00:00 - 22/12/2023 12:00:00","BZN|PL","Without Sequence","46.04","",""
"22/12/2023 12:00:00 - 22/12/2023 13:00:00","BZN|PL","Without Sequence","54.14","",""
"22/12/2023 13:00:00 - 22/12/2023 14:00:00","BZN|PL","Without Sequence","52.96","",""
"22/12/2023 14:00:00 - 22/12/2023 15:00:00","BZN|PL","Without Sequence","57.57","",""
"22/12/2023 15:00:00 - 22/12/2023 16:00:00","BZN|PL","Without Sequence","57.57","",""
"22/12/2023 16:00:00 - 22/12/2023 17:00:00","BZN|PL","Without Sequence","57.57","",""
"22/12/2023 17:00:00 - 22/12/2023 18:00:00","BZN|PL","Without Sequence","52.95","",""
"22/12/2023 18:00:00 - 22/12/2023 19:00:00","BZN|PL","Without Sequence","54.14","",""
"22/12/2023 19:00:00 - 22/12/2023 20:00:00","BZN|PL","Without Sequence","52.95","",""
"22/12/2023 20:00:00 - 22/12/2023 21:00:00","BZN|PL","Without Sequence","27.55","",""
"22/12/2023 21:00:00 - 22/12/2023 22:00:00","BZN|PL","Without Sequence","30.41","",""
"22/12/2023 22:00:00 - 22/12/2023 23:00:00","BZN|PL","Without Sequence","13.81","",""
"22/12/2023 23:00:00 - 23/12/2023 00:00:00","BZN|PL","Without Sequence","5.92","",""
"23/12/2023 00:00:00 - 23/12/2023 01:00:00","BZN|PL","Without Sequence","0.12","",""
"23/12/2023 01:00:00 - 23/12/2023 02:00:00","BZN|PL","Without Sequence","0.10","",""
"23/12/2023 02:00:00 - 23/12/2023 03:00:00","BZN|PL","Without Sequence","0.04","",""
"23/12/2023 03:00:00 - 23/12/2023 04:00:00","BZN|PL","Without Sequence","0.02","",""
"23/12/2023 04:00:00 - 23/12/2023 05:00:00","BZN|PL","Without Sequence","0.02","",""
"23/12/2023 05:00:00 - 23/12/2023 06:00:00","BZN|PL","Without Sequence","0.22","",""
"23/12/2023 06:00:00 - 23/12/2023 07:00:00","BZN|PL","Without Sequence","7.43","",""
"23/12/2023 07:00:00 - 23/12/2023 08:00:00","BZN|PL","Without Sequence","20.00","",""
"23/12/2023 08:00:00 - 23/12/2023 09:00:00","BZN|PL","Without Sequence","42.08","",""
"23/12/2023 09:00:00 - 23/12/2023 10:00:00","BZN|PL","Without Sequence","42.02","",""
"23/12/2023 10:00:00 - 23/12/2023 11:00:00","BZN|PL","Without Sequence","46.21","",""
"23/12/2023 11:00:00 - 23/12/2023 12:00:00","BZN|PL","Without Sequence","47.58","",""
"23/12/2023 12:00:00 - 23/12/2023 13:00:00","BZN|PL","Without Sequence","49.25","",""
"23/12/2023 13:00:00 - 23/12/2023 14:00:00","BZN|PL","Without Sequence","51.61","",""
"23/12/2023 14:00:00 - 23/12/2023 15:00:00","BZN|PL","Without Sequence","54.14","",""
"23/12/2023 15:00:00 - 23/12/2023 16:00:00","BZN|PL","Without Sequence","60.59","",""
"23/12/2023 16:00:00 - 23/12/2023 17:00:00","BZN|PL","Without Sequence","69.09","",""
"23/12/2023 17:00:00 - 23/12/2023 18:00:00","BZN|PL","Without Sequence","66.11","",""
"23/12/2023 18:00:00 - 23/12/2023 19:00:00","BZN|PL","Without Sequence","61.92","",""
"23/12/2023 19:00:00 - 23/12/2023 20:00:00","BZN|PL","Without Sequence","52.61","",""
"23/12/2023 20:00:00 - 23/12/2023 21:00:00","BZN|PL","Without Sequence","40.94","",""
"23/12/2023 21:00:00 - 23/12/2023 22:00:00","BZN|PL","Without Sequence","26.57","",""
"23/12/2023 22:00:00 - 23/12/2023 23:00:00","BZN|PL","Without Sequence","12.73","",""
"23/12/2023 23:00:00 - 24/12/2023 00:00:00","BZN|PL","Without Sequence","16.30","",""
"24/12/2023 00:00:00 - 24/12/2023 01:00:00","BZN|PL","Without Sequence","5.76","",""
"24/12/2023 01:00:00 - 24/12/2023 02:00:00","BZN|PL","Without Sequence","11.47","",""
"24/12/2023 02:00:00 - 24/12/2023 03:00:00","BZN|PL","Without Sequence","11.98","",""
"24/12/2023 03:00:00 - 24/12/2023 04:00:00","BZN|PL","Without Sequence","16.59","",""
"24/12/2023 04:00:00 - 24/12/2023 05:00:00","BZN|PL","Without Sequence","16.59","",""
"24/12/2023 05:00:00 - 24/12/2023 06:00:00","BZN|PL","Without Sequence","31.99","",""
"24/12/2023 06:00:00 - 24/12/2023 07:00:00","BZN|PL","Without Sequence","46.09","",""
"24/12/2023 07:00:00 - 24/12/2023 08:00:00","BZN|PL","Without Sequence","51.85","",""
"24/12/2023 08:00:00 - 24/12/2023 09:00:00","BZN|PL","Without Sequence","57.68","",""
"24/12/2023 09:00:00 - 24/12/2023 10:00:00","BZN|PL","Without Sequence","59.44","",""
"24/12/2023 10:00:00 - 24/12/2023 11:00:00","BZN|PL","Without Sequence","69.65","",""
"24/12/2023 11:00:00 - 24/12/2023 12:00:00","BZN|PL","Without Sequence","69.31","",""
"24/12/2023 12:00:00 - 24/12/2023 13:00:00","BZN|PL","Without Sequence","68.45","",""
"24/12/2023 13:00:00 - 24/12/2023 14:00:00","BZN|PL","Without Sequence","67.45","",""
"24/12/2023 14:00:00 - 24/12/2023 15:00:00","BZN|PL","Without Sequence","66.23","",""
"24/12/2023 15:00:00 - 24/12/2023 16:00:00","BZN|PL","Without Sequence","66.85","",""
"24/12/2023 16:00:00 - 24/12/2023 17:00:00","BZN|PL","Without Sequence","39.55","",""
"24/12/2023 17:00:00 - 24/12/2023 18:00:00","BZN|PL","Without Sequence","23.06","",""
"24/12/2023 18:00:00 - 24/12/2023 19:00:00","BZN|PL","Without Sequence","11.51","",""
"24/12/2023 19:00:00 - 24/12/2023 20:00:00","BZN|PL","Without Sequence","6.91","",""
"24/12/2023 20:00:00 - 24/12/2023 21:00:00","BZN|PL","Without Sequence","5.16","",""
"24/12/2023 21:00:00 - 24/12/2023 22:00:00","BZN|PL","Without Sequence","11.52","",""
"24/12/2023 22:00:00 - 24/12/2023 23:00:00","BZN|PL","Without Sequence","6.36","",""
"24/12/2023 23:00:00 - 25/12/2023 00:00:00","BZN|PL","Without Sequence","-3.69","",""
"25/12/2023 00:00:00 - 25/12/2023 01:00:00","BZN|PL","Without Sequence","-6.22","",""
"25/12/2023 01:00:00 - 25/12/2023 02:00:00","BZN|PL","Without Sequence","-9.44","",""
"25/12/2023 02:00:00 - 25/12/2023 03:00:00","BZN|PL","Without Sequence","-12.14","",""
"25/12/2023 03:00:00 - 25/12/2023 04:00:00","BZN|PL","Without Sequence","-13.81","",""
"25/12/2023 04:00:00 - 25/12/2023 05:00:00","BZN|PL","Without Sequence","-8.70","",""
"25/12/2023 05:00:00 - 25/12/2023 06:00:00","BZN|PL","Without Sequence","-7.79","",""
"25/12/2023 06:00:00 - 25/12/2023 07:00:00","BZN|PL","Without Sequence","-5.78","",""
"25/12/2023 07:00:00 - 25/12/2023 08:00:00","BZN|PL","Without Sequence","-0.12","",""
"25/12/2023 08:00:00 - 25/12/2023 09:00:00","BZN|PL","Without Sequence","-0.76","",""
"25/12/2023 09:00:00 - 25/12/2023 10:00:00","BZN|PL","Without Sequence","-0.49","",""
"25/12/2023 10:00:00 - 25/12/2023 11:00:00","BZN|PL","Without Sequence","-0.02","",""
"25/12/2023 11:00:00 - 25/12/2023 12:00:00","BZN|PL","Without Sequence","-0.01","",""
"25/12/2023 12:00:00 - 25/12/2023 13:00:00","BZN|PL","Without Sequence","0.00","",""
"25/12/2023 13:00:00 - 25/12/2023 14:00:00","BZN|PL","Without Sequence","0.02","",""
"25/12/2023 14:00:00 - 25/12/2023 15:00:00","BZN|PL","Without Sequence","2.44","",""
"25/12/2023 15:00:00 - 25/12/2023 16:00:00","BZN|PL","Without Sequence","11.93","",""
"25/12/2023 16:00:00 - 25/12/2023 17:00:00","BZN|PL","Without Sequence","19.91","",""
"25/12/2023 17:00:00 - 25/12/2023 18:00:00","BZN|PL","Without Sequence","19.10","",""
"25/12/2023 18:00:00 - 25/12/2023 19:00:00","BZN|PL","Without Sequence","14.80","",""
"25/12/2023 19:00:00 - 25/12/2023 20:00:00","BZN|PL","Without Sequence","9.96","",""
"25/12/2023 20:00:00 - 25/12/2023 21:00:00","BZN|PL","Without Sequence","9.16","",""
"25/12/2023 21:00:00 - 25/12/2023 22:00:00","BZN|PL","Without Sequence","6.17","",""
"25/12/2023 22:00:00 - 25/12/2023 23:00:00","BZN|PL","Without Sequence","0.08","",""
"25/12/2023 23:00:00 - 26/12/2023 00:00:00","BZN|PL","Without Sequence","0.01","",""
"26/12/2023 00:00:00 - 26/12/2023 01:00:00","BZN|PL","Without Sequence","0.17","",""
"26/12/2023 01:00:00 - 26/12/2023 02:00:00","BZN|PL","Without Sequence","0.28","",""
"26/12/2023 02:00:00 - 26/12/2023 03:00:00","BZN|PL","Without Sequence","1.79","",""
"26/12/2023 03:00:00 - 26/12/2023 04:00:00","BZN|PL","Without Sequence","2.16","",""
"26/12/2023 04:00:00 - 26/12/2023 05:00:00","BZN|PL","Without Sequence","1.79","",""
"26/12/2023 05:00:00 - 26/12/2023 06:00:00","BZN|PL","Without Sequence","2.18","",""
"26/12/2023 06:00:00 - 26/12/2023 07:00:00","BZN|PL","Without Sequence","2.97","",""
"26/12/2023 07:00:00 - 26/12/2023 08:00:00","BZN|PL","Without Sequence","0.38","",""
"26/12/2023 08:00:00 - 26/12/2023 09:00:00","BZN|PL","Without Sequence","2.04","",""
"26/12/2023 09:00:00 - 26/12/2023 10:00:00","BZN|PL","Without Sequence","1.51","",""
"26/12/2023 10:00:00 - 26/12/2023 11:00:00","BZN|PL","Without Sequence","0.88","",""
"26/12/2023 11:00:00 - 26/12/2023 12:00:00","BZN|PL","Without Sequence","0.26","",""
"26/12/2023 12:00:00 - 26/12/2023 13:00:00","BZN|PL","Without Sequence","0.12","",""
"26/12/2023 13:00:00 - 26/12/2023 14:00:00","BZN|PL","Without Sequence","1.56","",""
"26/12/2023 14:00:00 - 26/12/2023 15:00:00","BZN|PL","Without Sequence","9.17","",""
"26/12/2023 15:00:00 - 26/12/2023 16:00:00","BZN|PL","Without Sequence","18.58","",""
"26/12/2023 16:00:00 - 26/12/2023 17:00:00","BZN|PL","Without Sequence","25.55","",""
"26/12/2023 17:00:00 - 26/12/2023 18:00:00","BZN|PL","Without Sequence","27.86","",""
"26/12/2023 18:00:00 - 26/12/2023 19:00:00","BZN|PL","Without Sequence","23.84","",""
"26/12/2023 19:00:00 - 26/12/2023 20:00:00","BZN|PL","Without Sequence","29.76","",""
"26/12/2023 20:00:00 - 26/12/2023 21:00:00","BZN|PL","Without Sequence","40.76","",""
"26/12/2023 21:00:00 - 26/12/2023 22:00:00","BZN|PL","Without Sequence","37.91","",""
"26/12/2023 22:00:00 - 26/12/2023 23:00:00","BZN|PL","Without Sequence","26.04","",""
"26/12/2023 23:00:00 - 27/12/2023 00:00:00","BZN|PL","Without Sequence","35.11","",""
"27/12/2023 00:00:00 - 27/12/2023 01:00:00","BZN|PL","Without Sequence","31.10","",""
"27/12/2023 01:00:00 - 27/12/2023 02:00:00","BZN|PL","Without Sequence","30.68","",""
"27/12/2023 02:00:00 - 27/12/2023 03:00:00","BZN|PL","Without Sequence","30.98","",""
"27/12/2023 03:00:00 - 27/12/2023 04:00:00","BZN|PL","Without Sequence","32.55","",""
"27/12/2023 04:00:00 - 27/12/2023 05:00:00","BZN|PL","Without Sequence","39.28","",""
"27/12/2023 05:00:00 - 27/12/2023 06:00:00","BZN|PL","Without Sequence","65.06","",""
"27/12/2023 06:00:00 - 27/12/2023 07:00:00","BZN|PL","Without Sequence","69.12","",""
"27/12/2023 07:00:00 - 27/12/2023 08:00:00","BZN|PL","Without Sequence","77.72","",""
"27/12/2023 08:00:00 - 27/12/2023 09:00:00","BZN|PL","Without Sequence","77.85","",""
"27/12/2023 09:00:00 - 27/12/2023 10:00:00","BZN|PL","Without Sequence","73.39","",""
"27/12/2023 10:00:00 - 27/12/2023 11:00:00","BZN|PL","Without Sequence","72.54","",""
"27/12/2023 11:00:00 - 27/12/2023 12:00:00","BZN|PL","Without Sequence","72.02","",""
"27/12/2023 12:00:00 - 27/12/2023 13:00:00","BZN|PL","Without Sequence","75.49","",""
"27/12/2023 13:00:00 - 27/12/2023 14:00:00","BZN|PL","Without Sequence","89.89","",""
"27/12/2023 14:00:00 - 27/12/2023 15:00:00","BZN|PL","Without Sequence","89.89","",""
"27/12/2023 15:00:00 - 27/12/2023 16:00:00","BZN|PL","Without Sequence","87.66","",""
"27/12/2023 16:00:00 - 27/12/2023 17:00:00","BZN|PL","Without Sequence","86.23","",""
"27/12/2023 17:00:00 - 27/12/2023 18:00:00","BZN|PL","Without Sequence","80.72","",""
"27/12/2023 18:00:00 - 27/12/2023 19:00:00","BZN|PL","Without Sequence","84.22","",""
"27/12/2023 19:00:00 - 27/12/2023 20:00:00","BZN|PL","Without Sequence","86.61","",""
"27/12/2023 20:00:00 - 27/12/2023 21:00:00","BZN|PL","Without Sequence","78.27","",""
"27/12/2023 21:00:00 - 27/12/2023 22:00:00","BZN|PL","Without Sequence","80.65","",""
"27/12/2023 22:00:00 - 27/12/2023 23:00:00","BZN|PL","Without Sequence","67.43","",""
"27/12/2023 23:00:00 - 28/12/2023 00:00:00","BZN|PL","Without Sequence","33.12","",""
"28/12/2023 00:00:00 - 28/12/2023 01:00:00","BZN|PL","Without Sequence","29.83","",""
"28/12/2023 01:00:00 - 28/12/2023 02:00:00","BZN|PL","Without Sequence","27.74","",""
"28/12/2023 02:00:00 - 28/12/2023 03:00:00","BZN|PL","Without Sequence","25.35","",""
"28/12/2023 03:00:00 - 28/12/2023 04:00:00","BZN|PL","Without Sequence","27.73","",""
"28/12/2023 04:00:00 - 28/12/2023 05:00:00","BZN|PL","Without Sequence","35.61","",""
"28/12/2023 05:00:00 - 28/12/2023 06:00:00","BZN|PL","Without Sequence","54.77","",""
"28/12/2023 06:00:00 - 28/12/2023 07:00:00","BZN|PL","Without Sequence","46.38","",""
"28/12/2023 07:00:00 - 28/12/2023 08:00:00","BZN|PL","Without Sequence","46.21","",""
"28/12/2023 08:00:00 - 28/12/2023 09:00:00","BZN|PL","Without Sequence","45.52","",""
"28/12/2023 09:00:00 - 28/12/2023 10:00:00","BZN|PL","Without Sequence","46.03","",""
"28/12/2023 10:00:00 - 28/12/2023 11:00:00","BZN|PL","Without Sequence","46.04","",""
"28/12/2023 11:00:00 - 28/12/2023 12:00:00","BZN|PL","Without Sequence","46.10","",""
"28/12/2023 12:00:00 - 28/12/2023 13:00:00","BZN|PL","Without Sequence","67.17","",""
"28/12/2023 13:00:00 - 28/12/2023 14:00:00","BZN|PL","Without Sequence","72.98","",""
"28/12/2023 14:00:00 - 28/12/2023 15:00:00","BZN|PL","Without Sequence","70.22","",""
"28/12/2023 15:00:00 - 28/12/2023 16:00:00","BZN|PL","Without Sequence","69.96","",""
"28/12/2023 16:00:00 - 28/12/2023 17:00:00","BZN|PL","Without Sequence","68.84","",""
"28/12/2023 17:00:00 - 28/12/2023 18:00:00","BZN|PL","Without Sequence","62.79","",""
"28/12/2023 18:00:00 - 28/12/2023 19:00:00","BZN|PL","Without Sequence","56.78","",""
"28/12/2023 19:00:00 - 28/12/2023 20:00:00","BZN|PL","Without Sequence","62.84","",""
"28/12/2023 20:00:00 - 28/12/2023 21:00:00","BZN|PL","Without Sequence","33.62","",""
"28/12/2023 21:00:00 - 28/12/2023 22:00:00","BZN|PL","Without Sequence","30.97","",""
"28/12/2023 22:00:00 - 28/12/2023 23:00:00","BZN|PL","Without Sequence","25.84","",""
"28/12/2023 23:00:00 - 29/12/2023 00:00:00","BZN|PL","Without Sequence","3.44","",""
"29/12/2023 00:00:00 - 29/12/2023 01:00:00","BZN|PL","Without Sequence","2.74","",""
"29/12/2023 01:00:00 - 29/12/2023 02:00:00","BZN|PL","Without Sequence","2.04","",""
"29/12/2023 02:00:00 - 29/12/2023 03:00:00","BZN|PL","Without Sequence","1.27","",""
"29/12/2023 03:00:00 - 29/12/2023 04:00:00","BZN|PL","Without Sequence","2.34","",""
"29/12/2023 04:00:00 - 29/12/2023 05:00:00","BZN|PL","Without Sequence","3.90","",""
"29/12/2023 05:00:00 - 29/12/2023 06:00:00","BZN|PL","Without Sequence","19.09","",""
"29/12/2023 06:00:00 - 29/12/2023 07:00:00","BZN|PL","Without Sequence","18.27","",""
"29/12/2023 07:00:00 - 29/12/2023 08:00:00","BZN|PL","Without Sequence","23.78","",""
"29/12/2023 08:00:00 - 29/12/2023 09:00:00","BZN|PL","Without Sequence","24.83","",""
"29/12/2023 09:00:00 - 29/12/2023 10:00:00","BZN|PL","Without Sequence","12.41","",""
"29/12/2023 10:00:00 - 29/12/2023 11:00:00","BZN|PL","Without Sequence","13.84","",""
"29/12/2023 11:00:00 - 29/12/2023 12:00:00","BZN|PL","Without Sequence","13.23","",""
"29/12/2023 12:00:00 - 29/12/2023 13:00:00","BZN|PL","Without Sequence","17.06","",""
"29/12/2023 13:00:00 - 29/12/2023 14:00:00","BZN|PL","Without Sequence","26.66","",""
"29/12/2023 14:00:00 - 29/12/2023 15:00:00","BZN|PL","Without Sequence","30.65","",""
"29/12/2023 15:00:00 - 29/12/2023 16:00:00","BZN|PL","Without Sequence","33.02","",""
"29/12/2023 16:00:00 - 29/12/2023 17:00:00","BZN|PL","Without Sequence","35.87","",""
"29/12/2023 17:00:00 - 29/12/2023 18:00:00","BZN|PL","Without Sequence","34.12","",""
"29/12/2023 18:00:00 - 29/12/2023 19:00:00","BZN|PL","Without Sequence","30.76","",""
"29/12/2023 19:00:00 - 29/12/2023 20:00:00","BZN|PL","Without Sequence","30.02","",""
"29/12/2023 20:00:00 - 29/12/2023 21:00:00","BZN|PL","Without Sequence","26.73","",""
"29/12/2023 21:00:00 - 29/12/2023 22:00:00","BZN|PL","Without Sequence","25.34","",""
"29/12/2023 22:00:00 - 29/12/2023 23:00:00","BZN|PL","Without Sequence","18.90","",""
"29/12/2023 23:00:00 - 30/12/2023 00:00:00","BZN|PL","Without Sequence","11.54","",""
"30/12/2023 00:00:00 - 30/12/2023 01:00:00","BZN|PL","Without Sequence","9.79","",""
"30/12/2023 01:00:00 - 30/12/2023 02:00:00","BZN|PL","Without Sequence","8.88","",""
"30/12/2023 02:00:00 - 30/12/2023 03:00:00","BZN|PL","Without Sequence","5.87","",""
"30/12/2023 03:00:00 - 30/12/2023 04:00:00","BZN|PL","Without Sequence","5.75","",""
"30/12/2023 04:00:00 - 30/12/2023 05:00:00","BZN|PL","Without Sequence","8.87","",""
"30/12/2023 05:00:00 - 30/12/2023 06:00:00","BZN|PL","Without Sequence","11.65","",""
"30/12/2023 06:00:00 - 30/12/2023 07:00:00","BZN|PL","Without Sequence","21.34","",""
"30/12/2023 07:00:00 - 30/12/2023 08:00:00","BZN|PL","Without Sequence","28.60","",""
"30/12/2023 08:00:00 - 30/12/2023 09:00:00","BZN|PL","Without Sequence","28.95","",""
"30/12/2023 09:00:00 - 30/12/2023 10:00:00","BZN|PL","Without Sequence","24.60","",""
"30/12/2023 10:00:00 - 30/12/2023 11:00:00","BZN|PL","Without Sequence","20.71","",""
"30/12/2023 11:00:00 - 30/12/2023 12:00:00","BZN|PL","Without Sequence","20.51","",""
"30/12/2023 12:00:00 - 30/12/2023 13:00:00","BZN|PL","Without Sequence","24.12","",""
"30/12/2023 13:00:00 - 30/12/2023 14:00:00","BZN|PL","Without Sequence","42.04","",""
"30/12/2023 14:00:00 - 30/12/2023 15:00:00","BZN|PL","Without Sequence","56.08","",""
"30/12/2023 15:00:00 - 30/12/2023 16:00:00","BZN|PL","Without Sequence","74.53","",""
"30/12/2023 16:00:00 - 30/12/2023 17:00:00","BZN|PL","Without Sequence","79.92","",""
"30/12/2023 17:00:00 - 30/12/2023 18:00:00","BZN|PL","Without Sequence","79.99","",""
"30/12/2023 18:00:00 - 30/12/2023 19:00:00","BZN|PL","Without Sequence","71.09","",""
"30/12/2023 19:00:00 - 30/12/2023 20:00:00","BZN|PL","Without Sequence","62.01","",""
"30/12/2023 20:00:00 - 30/12/2023 21:00:00","BZN|PL","Without Sequence","55.14","",""
"30/12/2023 21:00:00 - 30/12/2023 22:00:00","BZN|PL","Without Sequence","50.10","",""
"30/12/2023 22:00:00 - 30/12/2023 23:00:00","BZN|PL","Without Sequence","43.23","",""
"30/12/2023 23:00:00 - 31/12/2023 00:00:00","BZN|PL","Without Sequence","41.92","",""
"31/12/2023 00:00:00 - 31/12/2023 01:00:00","BZN|PL","Without Sequence","48.83","",""
"31/12/2023 01:00:00 - 31/12/2023 02:00:00","BZN|PL","Without Sequence","48.83","",""
"31/12/2023 02:00:00 - 31/12/2023 03:00:00","BZN|PL","Without Sequence","54.60","",""
"31/12/2023 03:00:00 - 31/12/2023 04:00:00","BZN|PL","Without Sequence","51.13","",""
"31/12/2023 04:00:00 - 31/12/2023 05:00:00","BZN|PL","Without Sequence","44.20","",""
"31/12/2023 05:00:00 - 31/12/2023 06:00:00","BZN|PL","Without Sequence","41.92","",""
"31/12/2023 06:00:00 - 31/12/2023 07:00:00","BZN|PL","Without Sequence","44.07","",""
"31/12/2023 07:00:00 - 31/12/2023 08:00:00","BZN|PL","Without Sequence","58.70","",""
"31/12/2023 08:00:00 - 31/12/2023 09:00:00","BZN|PL","Without Sequence","63.33","",""
"31/12/2023 09:00:00 - 31/12/2023 10:00:00","BZN|PL","Without Sequence","69.09","",""
"31/12/2023 10:00:00 - 31/12/2023 11:00:00","BZN|PL","Without Sequence","69.09","",""
"31/12/2023 11:00:00 - 31/12/2023 12:00:00","BZN|PL","Without Sequence","69.17","",""
"31/12/2023 12:00:00 - 31/12/2023 13:00:00","BZN|PL","Without Sequence","86.17","",""
"31/12/2023 13:00:00 - 31/12/2023 14:00:00","BZN|PL","Without Sequence","74.42","",""
"31/12/2023 14:00:00 - 31/12/2023 15:00:00","BZN|PL","Without Sequence","62.22","",""
"31/12/2023 15:00:00 - 31/12/2023 16:00:00","BZN|PL","Without Sequence","60.57","",""
"31/12/2023 16:00:00 - 31/12/2023 17:00:00","BZN|PL","Without Sequence","54.71","",""
"31/12/2023 17:00:00 - 31/12/2023 18:00:00","BZN|PL","Without Sequence","45.81","",""
"31/12/2023 18:00:00 - 31/12/2023 19:00:00","BZN|PL","Without Sequence","46.06","",""
"31/12/2023 19:00:00 - 31/12/2023 20:00:00","BZN|PL","Without Sequence","35.01","",""
"31/12/2023 20:00:00 - 31/12/2023 21:00:00","BZN|PL","Without Sequence","41.92","",""
"31/12/2023 21:00:00 - 31/12/2023 22:00:00","BZN|PL","Without Sequence","48.27","",""
"31/12/2023 22:00:00 - 31/12/2023 23:00:00","BZN|PL","Without Sequence","35.70","",""
"31/12/2023 23:00:00 - 01/01/2024 00:00:00","BZN|PL","Without Sequence","76.69","",""
