"MTU (UTC)","Area","Sequence","Day-ahead Price (EUR/MWh)","Intraday Period (UTC)","Intraday Price (EUR/MWh)"
"01/01/2023 00:00:00 - 01/01/2023 01:00:00","BZN|EE","Without Sequence","1.38","",""
"01/01/2023 01:00:00 - 01/01/2023 02:00:00","BZN|EE","Without Sequence","0.09","",""
"01/01/2023 02:00:00 - 01/01/2023 03:00:00","BZN|EE","Without Sequence","0.08","",""
"01/01/2023 03:00:00 - 01/01/2023 04:00:00","BZN|EE","Without Sequence","0.05","",""
"01/01/2023 04:00:00 - 01/01/2023 05:00:00","BZN|EE","Without Sequence","0.08","",""
"01/01/2023 05:00:00 - 01/01/2023 06:00:00","BZN|EE","Without Sequence","0.09","",""
"01/01/2023 06:00:00 - 01/01/2023 07:00:00","BZN|EE","Without Sequence","0.53","",""
"01/01/2023 07:00:00 - 01/01/2023 08:00:00","BZN|EE","Without Sequence","2.03","",""
"01/01/2023 08:00:00 - 01/01/2023 09:00:00","BZN|EE","Without Sequence","3.10","",""
"01/01/2023 09:00:00 - 01/01/2023 10:00:00","BZN|EE","Without Sequence","4.43","",""
"01/01/2023 10:00:00 - 01/01/2023 11:00:00","BZN|EE","Without Sequence","6.06","",""
"01/01/2023 11:00:00 - 01/01/2023 12:00:00","BZN|EE","Without Sequence","6.06","",""
"01/01/2023 12:00:00 - 01/01/2023 13:00:00","BZN|EE","Without Sequence","5.68","",""
"01/01/2023 13:00:00 - 01/01/2023 14:00:00","BZN|EE","Without Sequence","17.71","",""
"01/01/2023 14:00:00 - 01/01/2023 15:00:00","BZN|EE","Without Sequence","24.11","",""
"01/01/2023 15:00:00 - 01/01/2023 16:00:00","BZN|EE","Without Sequence","36.54","",""
"01/01/2023 16:00:00 - 01/01/2023 17:00:00","BZN|EE","Without Sequence","46.03","",""
"01/01/2023 17:00:00 - 01/01/2023 18:00:00","BZN|EE","Without Sequence","54.23","",""
"01/01/2023 18:00:00 - 01/01/2023 19:00:00","BZN|EE","Without Sequence","53.63","",""
"01/01/2023 19:00:00 - 01/01/2023 20:00:00","BZN|EE","Without Sequence","48.05","",""
"01/01/2023 20:00:00 - 01/01/2023 21:00:00","BZN|EE","Without Sequence","44.68","",""
"01/01/2023 21:00:00 - 01/01/2023 22:00:00","BZN|EE","Without Sequence","45.96","",""
"01/01/2023 22:00:00 - 01/01/2023 23:00:00","BZN|EE","Without Sequence","35.00","",""
"01/01/2023 23:00:00 - 02/01/2023 00:00:00","BZN|EE","Without Sequence","57.91","",""
"02/01/2023 00:00:00 - 02/01/2023 01:00:00","BZN|EE","Without Sequence","51.67","",""
"02/01/2023 01:00:00 - 02/01/2023 02:00:00","BZN|EE","Without Sequence","52.86","",""
"02/01/2023 02:00:00 - 02/01/2023 03:00:00","BZN|EE","Without Sequence","44.16","",""
"02/01/2023 03:00:00 - 02/01/2023 04:00:00","BZN|EE","Without Sequence","50.08","",""
"02/01/2023 04:00:00 - 02/01/2023 05:00:00","BZN|EE","Without Sequence","70.73","",""
"02/01/2023 05:00:00 - 02/01/2023 06:00:00","BZN|EE","Without Sequence","105.08","",""
"02/01/2023 06:00:00 - 02/01/2023 07:00:00","BZN|EE","Without Sequence","138.19","",""
"02/01/2023 07:00:00 - 02/01/2023 08:00:00","BZN|EE","Without Sequence","145.98","",""
"02/01/2023 08:00:00 - 02/01/2023 09:00:00","BZN|EE","Without Sequence","147.05","",""
"02/01/2023 09:00:00 - 02/01/2023 10:00:00","BZN|EE","Without Sequence","145.61","",""
"02/01/2023 10:00:00 - 02/01/2023 11:00:00","BZN|EE","Without Sequence","143.35","",""
"02/01/2023 11:00:00 - 02/01/2023 12:00:00","BZN|EE","Without Sequence","144.38","",""
"02/01/2023 12:00:00 - 02/01/2023 13:00:00","BZN|EE","Without Sequence","143.76","",""
"02/01/2023 13:00:00 - 02/01/2023 14:00:00","BZN|EE","Without Sequence","148.20","",""
"02/01/2023 14:00:00 - 02/01/2023 15:00:00","BZN|EE","Without Sequence","155.34","",""
"02/01/2023 15:00:00 - 02/01/2023 16:00:00","BZN|EE","Without Sequence","162.89","",""
"02/01/2023 16:00:00 - 02/01/2023 17:00:00","BZN|EE","Without Sequence","170.00","",""
"02/01/2023 17:00:00 - 02/01/2023 18:00:00","BZN|EE","Without Sequence","174.74","",""
"02/01/2023 18:00:00 - 02/01/2023 19:00:00","BZN|EE","Without Sequence","164.46","",""
"02/01/2023 19:00:00 - 02/01/2023 20:00:00","BZN|EE","Without Sequence","153.00","",""
"02/01/2023 20:00:00 - 02/01/2023 21:00:00","BZN|EE","Without Sequence","141.67","",""
"02/01/2023 21:00:00 - 02/01/2023 22:00:00","BZN|EE","Without Sequence","131.67","",""
"02/01/2023 22:00:00 - 02/01/2023 23:00:00","BZN|EE","Without Sequence","118.06","",""
"02/01/2023 23:00:00 - 03/01/2023 00:00:00","BZN|EE","Without Sequence","78.81","",""
"03/01/2023 00:00:00 - 03/01/2023 01:00:00","BZN|EE","Without Sequence","73.93","",""
"03/01/2023 01:00:00 - 03/01/2023 02:00:00","BZN|EE","Without Sequence","73.94","",""
"03/01/2023 02:00:00 - 03/01/2023 03:00:00","BZN|EE","Without Sequence","71.44","",""
"03/01/2023 03:00:00 - 03/01/2023 04:00:00","BZN|EE","Without Sequence","72.33","",""
"03/01/2023 04:00:00 - 03/01/2023 05:00:00","BZN|EE","Without Sequence","77.14","",""
"03/01/2023 05:00:00 - 03/01/2023 06:00:00","BZN|EE","Without Sequence","102.48","",""
"03/01/2023 06:00:00 - 03/01/2023 07:00:00","BZN|EE","Without Sequence","154.96","",""
"03/01/2023 07:00:00 - 03/01/2023 08:00:00","BZN|EE","Without Sequence","163.92","",""
"03/01/2023 08:00:00 - 03/01/2023 09:00:00","BZN|EE","Without Sequence","167.07","",""
"03/01/2023 09:00:00 - 03/01/2023 10:00:00","BZN|EE","Without Sequence","168.57","",""
"03/01/2023 10:00:00 - 03/01/2023 11:00:00","BZN|EE","Without Sequence","169.49","",""
"03/01/2023 11:00:00 - 03/01/2023 12:00:00","BZN|EE","Without Sequence","164.50","",""
"03/01/2023 12:00:00 - 03/01/2023 13:00:00","BZN|EE","Without Sequence","160.91","",""
"03/01/2023 13:00:00 - 03/01/2023 14:00:00","BZN|EE","Without Sequence","163.06","",""
"03/01/2023 14:00:00 - 03/01/2023 15:00:00","BZN|EE","Without Sequence","167.73","",""
"03/01/2023 15:00:00 - 03/01/2023 16:00:00","BZN|EE","Without Sequence","166.61","",""
"03/01/2023 16:00:00 - 03/01/2023 17:00:00","BZN|EE","Without Sequence","170.72","",""
"03/01/2023 17:00:00 - 03/01/2023 18:00:00","BZN|EE","Without Sequence","168.93","",""
"03/01/2023 18:00:00 - 03/01/2023 19:00:00","BZN|EE","Without Sequence","160.99","",""
"03/01/2023 19:00:00 - 03/01/2023 20:00:00","BZN|EE","Without Sequence","149.62","",""
"03/01/2023 20:00:00 - 03/01/2023 21:00:00","BZN|EE","Without Sequence","131.05","",""
"03/01/2023 21:00:00 - 03/01/2023 22:00:00","BZN|EE","Without Sequence","114.27","",""
"03/01/2023 22:00:00 - 03/01/2023 23:00:00","BZN|EE","Without Sequence","93.66","",""
"03/01/2023 23:00:00 - 04/01/2023 00:00:00","BZN|EE","Without Sequence","82.88","",""
"04/01/2023 00:00:00 - 04/01/2023 01:00:00","BZN|EE","Without Sequence","78.84","",""
"04/01/2023 01:00:00 - 04/01/2023 02:00:00","BZN|EE","Without Sequence","69.93","",""
"04/01/2023 02:00:00 - 04/01/2023 03:00:00","BZN|EE","Without Sequence","69.26","",""
"04/01/2023 03:00:00 - 04/01/2023 04:00:00","BZN|EE","Without Sequence","71.75","",""
"04/01/2023 04:00:00 - 04/01/2023 05:00:00","BZN|EE","Without Sequence","81.73","",""
"04/01/2023 05:00:00 - 04/01/2023 06:00:00","BZN|EE","Without Sequence","112.76","",""
"04/01/2023 06:00:00 - 04/01/2023 07:00:00","BZN|EE","Without Sequence","126.72","",""
"04/01/2023 07:00:00 - 04/01/2023 08:00:00","BZN|EE","Without Sequence","127.91","",""
"04/01/2023 08:00:00 - 04/01/2023 09:00:00","BZN|EE","Without Sequence","127.92","",""
"04/01/2023 09:00:00 - 04/01/2023 10:00:00","BZN|EE","Without Sequence","125.08","",""
"04/01/2023 10:00:00 - 04/01/2023 11:00:00","BZN|EE","Without Sequence","138.88","",""
"04/01/2023 11:00:00 - 04/01/2023 12:00:00","BZN|EE","Without Sequence","135.80","",""
"04/01/2023 12:00:00 - 04/01/2023 13:00:00","BZN|EE","Without Sequence","136.74","",""
"04/01/2023 13:00:00 - 04/01/2023 14:00:00","BZN|EE","Without Sequence","130.08","",""
"04/01/2023 14:00:00 - 04/01/2023 15:00:00","BZN|EE","Without Sequence","130.05","",""
"04/01/2023 15:00:00 - 04/01/2023 16:00:00","BZN|EE","Without Sequence","125.07","",""
"04/01/2023 16:00:00 - 04/01/2023 17:00:00","BZN|EE","Without Sequence","133.44","",""
"04/01/2023 17:00:00 - 04/01/2023 18:00:00","BZN|EE","Without Sequence","125.01","",""
"04/01/2023 18:00:00 - 04/01/2023 19:00:00","BZN|EE","Without Sequence","119.88","",""
"04/01/2023 19:00:00 - 04/01/2023 20:00:00","BZN|EE","Without Sequence","64.56","",""
"04/01/2023 20:00:00 - 04/01/2023 21:00:00","BZN|EE","Without Sequence","57.26","",""
"04/01/2023 21:00:00 - 04/01/2023 22:00:00","BZN|EE","Without Sequence","37.94","",""
"04/01/2023 22:00:00 - 04/01/2023 23:00:00","BZN|EE","Without Sequence","30.82","",""
"04/01/2023 23:00:00 - 05/01/2023 00:00:00","BZN|EE","Without Sequence","30.03","",""
"05/01/2023 00:00:00 - 05/01/2023 01:00:00","BZN|EE","Without Sequence","28.15","",""
"05/01/2023 01:00:00 - 05/01/2023 02:00:00","BZN|EE","Without Sequence","27.68","",""
"05/01/2023 02:00:00 - 05/01/2023 03:00:00","BZN|EE","Without Sequence","27.76","",""
"05/01/2023 03:00:00 - 05/01/2023 04:00:00","BZN|EE","Without Sequence","28.63","",""
"05/01/2023 04:00:00 - 05/01/2023 05:00:00","BZN|EE","Without Sequence","39.80","",""
"05/01/2023 05:00:00 - 05/01/2023 06:00:00","BZN|EE","Without Sequence","62.70","",""
"05/01/2023 06:00:00 - 05/01/2023 07:00:00","BZN|EE","Without Sequence","85.53","",""
"05/01/2023 07:00:00 - 05/01/2023 08:00:00","BZN|EE","Without Sequence","93.54","",""
"05/01/2023 08:00:00 - 05/01/2023 09:00:00","BZN|EE","Without Sequence","107.92","",""
"05/01/2023 09:00:00 - 05/01/2023 10:00:00","BZN|EE","Without Sequence","128.75","",""
"05/01/2023 10:00:00 - 05/01/2023 11:00:00","BZN|EE","Without Sequence","139.64","",""
"05/01/2023 11:00:00 - 05/01/2023 12:00:00","BZN|EE","Without Sequence","139.99","",""
"05/01/2023 12:00:00 - 05/01/2023 13:00:00","BZN|EE","Without Sequence","142.58","",""
"05/01/2023 13:00:00 - 05/01/2023 14:00:00","BZN|EE","Without Sequence","149.40","",""
"05/01/2023 14:00:00 - 05/01/2023 15:00:00","BZN|EE","Without Sequence","155.20","",""
"05/01/2023 15:00:00 - 05/01/2023 16:00:00","BZN|EE","Without Sequence","168.59","",""
"05/01/2023 16:00:00 - 05/01/2023 17:00:00","BZN|EE","Without Sequence","190.03","",""
"05/01/2023 17:00:00 - 05/01/2023 18:00:00","BZN|EE","Without Sequence","190.00","",""
"05/01/2023 18:00:00 - 05/01/2023 19:00:00","BZN|EE","Without Sequence","173.71","",""
"05/01/2023 19:00:00 - 05/01/2023 20:00:00","BZN|EE","Without Sequence","160.05","",""
"05/01/2023 20:00:00 - 05/01/2023 21:00:00","BZN|EE","Without Sequence","148.62","",""
"05/01/2023 21:00:00 - 05/01/2023 22:00:00","BZN|EE","Without Sequence","141.17","",""
"05/01/2023 22:00:00 - 05/01/2023 23:00:00","BZN|EE","Without Sequence","127.00","",""
"05/01/2023 23:00:00 - 06/01/2023 00:00:00","BZN|EE","Without Sequence","107.21","",""
"06/01/2023 00:00:00 - 06/01/2023 01:00:00","BZN|EE","Without Sequence","101.10","",""
"06/01/2023 01:00:00 - 06/01/2023 02:00:00","BZN|EE","Without Sequence","96.73","",""
"06/01/2023 02:00:00 - 06/01/2023 03:00:00","BZN|EE","Without Sequence","82.34","",""
"06/01/2023 03:00:00 - 06/01/2023 04:00:00","BZN|EE","Without Sequence","81.93","",""
"06/01/2023 04:00:00 - 06/01/2023 05:00:00","BZN|EE","Without Sequence","98.11","",""
"06/01/2023 05:00:00 - 06/01/2023 06:00:00","BZN|EE","Without Sequence","100.72","",""
"06/01/2023 06:00:00 - 06/01/2023 07:00:00","BZN|EE","Without Sequence","128.30","",""
"06/01/2023 07:00:00 - 06/01/2023 08:00:00","BZN|EE","Without Sequence","135.57","",""
"06/01/2023 08:00:00 - 06/01/2023 09:00:00","BZN|EE","Without Sequence","126.91","",""
"06/01/2023 09:00:00 - 06/01/2023 10:00:00","BZN|EE","Without Sequence","123.17","",""
"06/01/2023 10:00:00 - 06/01/2023 11:00:00","BZN|EE","Without Sequence","116.12","",""
"06/01/2023 11:00:00 - 06/01/2023 12:00:00","BZN|EE","Without Sequence","116.83","",""
"06/01/2023 12:00:00 - 06/01/2023 13:00:00","BZN|EE","Without Sequence","106.79","",""
"06/01/2023 13:00:00 - 06/01/2023 14:00:00","BZN|EE","Without Sequence","127.54","",""
"06/01/2023 14:00:00 - 06/01/2023 15:00:00","BZN|EE","Without Sequence","131.27","",""
"06/01/2023 15:00:00 - 06/01/2023 16:00:00","BZN|EE","Without Sequence","135.62","",""
"06/01/2023 16:00:00 - 06/01/2023 17:00:00","BZN|EE","Without Sequence","150.72","",""
"06/01/2023 17:00:00 - 06/01/2023 18:00:00","BZN|EE","Without Sequence","142.11","",""
"06/01/2023 18:00:00 - 06/01/2023 19:00:00","BZN|EE","Without Sequence","119.92","",""
"06/01/2023 19:00:00 - 06/01/2023 20:00:00","BZN|EE","Without Sequence","107.22","",""
"06/01/2023 20:00:00 - 06/01/2023 21:00:00","BZN|EE","Without Sequence","101.02","",""
"06/01/2023 21:00:00 - 06/01/2023 22:00:00","BZN|EE","Without Sequence","74.25","",""
"06/01/2023 22:00:00 - 06/01/2023 23:00:00","BZN|EE","Without Sequence","71.74","",""
"06/01/2023 23:00:00 - 07/01/2023 00:00:00","BZN|EE","Without Sequence","71.67","",""
"07/01/2023 00:00:00 - 07/01/2023 01:00:00","BZN|EE","Without Sequence","69.93","",""
"07/01/2023 01:00:00 - 07/01/2023 02:00:00","BZN|EE","Without Sequence","69.94","",""
"07/01/2023 02:00:00 - 07/01/2023 03:00:00","BZN|EE","Without Sequence","70.95","",""
"07/01/2023 03:00:00 - 07/01/2023 04:00:00","BZN|EE","Without Sequence","73.83","",""
"07/01/2023 04:00:00 - 07/01/2023 05:00:00","BZN|EE","Without Sequence","75.26","",""
"07/01/2023 05:00:00 - 07/01/2023 06:00:00","BZN|EE","Without Sequence","81.83","",""
"07/01/2023 06:00:00 - 07/01/2023 07:00:00","BZN|EE","Without Sequence","75.97","",""
"07/01/2023 07:00:00 - 07/01/2023 08:00:00","BZN|EE","Without Sequence","104.86","",""
"07/01/2023 08:00:00 - 07/01/2023 09:00:00","BZN|EE","Without Sequence","137.07","",""
"07/01/2023 09:00:00 - 07/01/2023 10:00:00","BZN|EE","Without Sequence","126.68","",""
"07/01/2023 10:00:00 - 07/01/2023 11:00:00","BZN|EE","Without Sequence","137.83","",""
"07/01/2023 11:00:00 - 07/01/2023 12:00:00","BZN|EE","Without Sequence","121.52","",""
"07/01/2023 12:00:00 - 07/01/2023 13:00:00","BZN|EE","Without Sequence","95.22","",""
"07/01/2023 13:00:00 - 07/01/2023 14:00:00","BZN|EE","Without Sequence","95.27","",""
"07/01/2023 14:00:00 - 07/01/2023 15:00:00","BZN|EE","Without Sequence","139.85","",""
"07/01/2023 15:00:00 - 07/01/2023 16:00:00","BZN|EE","Without Sequence","161.63","",""
"07/01/2023 16:00:00 - 07/01/2023 17:00:00","BZN|EE","Without Sequence","110.71","",""
"07/01/2023 17:00:00 - 07/01/2023 18:00:00","BZN|EE","Without Sequence","104.88","",""
"07/01/2023 18:00:00 - 07/01/2023 19:00:00","BZN|EE","Without Sequence","143.98","",""
"07/01/2023 19:00:00 - 07/01/2023 20:00:00","BZN|EE","Without Sequence","95.22","",""
"07/01/2023 20:00:00 - 07/01/2023 21:00:00","BZN|EE","Without Sequence","59.99","",""
"07/01/2023 21:00:00 - 07/01/2023 22:00:00","BZN|EE","Without Sequence","48.80","",""
"07/01/2023 22:00:00 - 07/01/2023 23:00:00","BZN|EE","Without Sequence","35.90","",""
"07/01/2023 23:00:00 - 08/01/2023 00:00:00","BZN|EE","Without Sequence","24.44","",""
"08/01/2023 00:00:00 - 08/01/2023 01:00:00","BZN|EE","Without Sequence","52.50","",""
"08/01/2023 01:00:00 - 08/01/2023 02:00:00","BZN|EE","Without Sequence","46.16","",""
"08/01/2023 02:00:00 - 08/01/2023 03:00:00","BZN|EE","Without Sequence","34.41","",""
"08/01/2023 03:00:00 - 08/01/2023 04:00:00","BZN|EE","Without Sequence","44.38","",""
"08/01/2023 04:00:00 - 08/01/2023 05:00:00","BZN|EE","Without Sequence","9.92","",""
"08/01/2023 05:00:00 - 08/01/2023 06:00:00","BZN|EE","Without Sequence","49.71","",""
"08/01/2023 06:00:00 - 08/01/2023 07:00:00","BZN|EE","Without Sequence","57.67","",""
"08/01/2023 07:00:00 - 08/01/2023 08:00:00","BZN|EE","Without Sequence","75.53","",""
"08/01/2023 08:00:00 - 08/01/2023 09:00:00","BZN|EE","Without Sequence","95.76","",""
"08/01/2023 09:00:00 - 08/01/2023 10:00:00","BZN|EE","Without Sequence","98.53","",""
"08/01/2023 10:00:00 - 08/01/2023 11:00:00","BZN|EE","Without Sequence","47.00","",""
"08/01/2023 11:00:00 - 08/01/2023 12:00:00","BZN|EE","Without Sequence","47.00","",""
"08/01/2023 12:00:00 - 08/01/2023 13:00:00","BZN|EE","Without Sequence","48.96","",""
"08/01/2023 13:00:00 - 08/01/2023 14:00:00","BZN|EE","Without Sequence","54.91","",""
"08/01/2023 14:00:00 - 08/01/2023 15:00:00","BZN|EE","Without Sequence","63.49","",""
"08/01/2023 15:00:00 - 08/01/2023 16:00:00","BZN|EE","Without Sequence","66.11","",""
"08/01/2023 16:00:00 - 08/01/2023 17:00:00","BZN|EE","Without Sequence","69.19","",""
"08/01/2023 17:00:00 - 08/01/2023 18:00:00","BZN|EE","Without Sequence","69.91","",""
"08/01/2023 18:00:00 - 08/01/2023 19:00:00","BZN|EE","Without Sequence","65.62","",""
"08/01/2023 19:00:00 - 08/01/2023 20:00:00","BZN|EE","Without Sequence","60.98","",""
"08/01/2023 20:00:00 - 08/01/2023 21:00:00","BZN|EE","Without Sequence","57.41","",""
"08/01/2023 21:00:00 - 08/01/2023 22:00:00","BZN|EE","Without Sequence","50.02","",""
"08/01/2023 22:00:00 - 08/01/2023 23:00:00","BZN|EE","Without Sequence","46.29","",""
"08/01/2023 23:00:00 - 09/01/2023 00:00:00","BZN|EE","Without Sequence","69.04","",""
"09/01/2023 00:00:00 - 09/01/2023 01:00:00","BZN|EE","Without Sequence","64.38","",""
"09/01/2023 01:00:00 - 09/01/2023 02:00:00","BZN|EE","Without Sequence","60.28","",""
"09/01/2023 02:00:00 - 09/01/2023 03:00:00","BZN|EE","Without Sequence","39.41","",""
"09/01/2023 03:00:00 - 09/01/2023 04:00:00","BZN|EE","Without Sequence","47.34","",""
"09/01/2023 04:00:00 - 09/01/2023 05:00:00","BZN|EE","Without Sequence","73.11","",""
"09/01/2023 05:00:00 - 09/01/2023 06:00:00","BZN|EE","Without Sequence","112.29","",""
"09/01/2023 06:00:00 - 09/01/2023 07:00:00","BZN|EE","Without Sequence","156.16","",""
"09/01/2023 07:00:00 - 09/01/2023 08:00:00","BZN|EE","Without Sequence","175.68","",""
"09/01/2023 08:00:00 - 09/01/2023 09:00:00","BZN|EE","Without Sequence","172.89","",""
"09/01/2023 09:00:00 - 09/01/2023 10:00:00","BZN|EE","Without Sequence","155.25","",""
"09/01/2023 10:00:00 - 09/01/2023 11:00:00","BZN|EE","Without Sequence","156.71","",""
"09/01/2023 11:00:00 - 09/01/2023 12:00:00","BZN|EE","Without Sequence","140.10","",""
"09/01/2023 12:00:00 - 09/01/2023 13:00:00","BZN|EE","Without Sequence","140.06","",""
"09/01/2023 13:00:00 - 09/01/2023 14:00:00","BZN|EE","Without Sequence","146.44","",""
"09/01/2023 14:00:00 - 09/01/2023 15:00:00","BZN|EE","Without Sequence","147.40","",""
"09/01/2023 15:00:00 - 09/01/2023 16:00:00","BZN|EE","Without Sequence","158.08","",""
"09/01/2023 16:00:00 - 09/01/2023 17:00:00","BZN|EE","Without Sequence","153.07","",""
"09/01/2023 17:00:00 - 09/01/2023 18:00:00","BZN|EE","Without Sequence","104.08","",""
"09/01/2023 18:00:00 - 09/01/2023 19:00:00","BZN|EE","Without Sequence","104.04","",""
"09/01/2023 19:00:00 - 09/01/2023 20:00:00","BZN|EE","Without Sequence","104.07","",""
"09/01/2023 20:00:00 - 09/01/2023 21:00:00","BZN|EE","Without Sequence","93.82","",""
"09/01/2023 21:00:00 - 09/01/2023 22:00:00","BZN|EE","Without Sequence","83.84","",""
"09/01/2023 22:00:00 - 09/01/2023 23:00:00","BZN|EE","Without Sequence","80.59","",""
"09/01/2023 23:00:00 - 10/01/2023 00:00:00","BZN|EE","Without Sequence","76.05","",""
"10/01/2023 00:00:00 - 10/01/2023 01:00:00","BZN|EE","Without Sequence","79.95","",""
"10/01/2023 01:00:00 - 10/01/2023 02:00:00","BZN|EE","Without Sequence","78.82","",""
"10/01/2023 02:00:00 - 10/01/2023 03:00:00","BZN|EE","Without Sequence","80.06","",""
"10/01/2023 03:00:00 - 10/01/2023 04:00:00","BZN|EE","Without Sequence","83.16","",""
"10/01/2023 04:00:00 - 10/01/2023 05:00:00","BZN|EE","Without Sequence","104.63","",""
"10/01/2023 05:00:00 - 10/01/2023 06:00:00","BZN|EE","Without Sequence","117.80","",""
"10/01/2023 06:00:00 - 10/01/2023 07:00:00","BZN|EE","Without Sequence","149.40","",""
"10/01/2023 07:00:00 - 10/01/2023 08:00:00","BZN|EE","Without Sequence","169.15","",""
"10/01/2023 08:00:00 - 10/01/2023 09:00:00","BZN|EE","Without Sequence","156.57","",""
"10/01/2023 09:00:00 - 10/01/2023 10:00:00","BZN|EE","Without Sequence","149.38","",""
"10/01/2023 10:00:00 - 10/01/2023 11:00:00","BZN|EE","Without Sequence","142.94","",""
"10/01/2023 11:00:00 - 10/01/2023 12:00:00","BZN|EE","Without Sequence","149.34","",""
"10/01/2023 12:00:00 - 10/01/2023 13:00:00","BZN|EE","Without Sequence","139.97","",""
"10/01/2023 13:00:00 - 10/01/2023 14:00:00","BZN|EE","Without Sequence","149.30","",""
"10/01/2023 14:00:00 - 10/01/2023 15:00:00","BZN|EE","Without Sequence","142.42","",""
"10/01/2023 15:00:00 - 10/01/2023 16:00:00","BZN|EE","Without Sequence","139.31","",""
"10/01/2023 16:00:00 - 10/01/2023 17:00:00","BZN|EE","Without Sequence","142.83","",""
"10/01/2023 17:00:00 - 10/01/2023 18:00:00","BZN|EE","Without Sequence","169.17","",""
"10/01/2023 18:00:00 - 10/01/2023 19:00:00","BZN|EE","Without Sequence","149.35","",""
"10/01/2023 19:00:00 - 10/01/2023 20:00:00","BZN|EE","Without Sequence","105.64","",""
"10/01/2023 20:00:00 - 10/01/2023 21:00:00","BZN|EE","Without Sequence","142.04","",""
"10/01/2023 21:00:00 - 10/01/2023 22:00:00","BZN|EE","Without Sequence","105.69","",""
"10/01/2023 22:00:00 - 10/01/2023 23:00:00","BZN|EE","Without Sequence","87.07","",""
"10/01/2023 23:00:00 - 11/01/2023 00:00:00","BZN|EE","Without Sequence","52.69","",""
"11/01/2023 00:00:00 - 11/01/2023 01:00:00","BZN|EE","Without Sequence","31.85","",""
"11/01/2023 01:00:00 - 11/01/2023 02:00:00","BZN|EE","Without Sequence","25.17","",""
"11/01/2023 02:00:00 - 11/01/2023 03:00:00","BZN|EE","Without Sequence","22.57","",""
"11/01/2023 03:00:00 - 11/01/2023 04:00:00","BZN|EE","Without Sequence","41.96","",""
"11/01/2023 04:00:00 - 11/01/2023 05:00:00","BZN|EE","Without Sequence","65.81","",""
"11/01/2023 05:00:00 - 11/01/2023 06:00:00","BZN|EE","Without Sequence","117.59","",""
"11/01/2023 06:00:00 - 11/01/2023 07:00:00","BZN|EE","Without Sequence","138.27","",""
"11/01/2023 07:00:00 - 11/01/2023 08:00:00","BZN|EE","Without Sequence","109.25","",""
"11/01/2023 08:00:00 - 11/01/2023 09:00:00","BZN|EE","Without Sequence","106.48","",""
"11/01/2023 09:00:00 - 11/01/2023 10:00:00","BZN|EE","Without Sequence","142.00","",""
"11/01/2023 10:00:00 - 11/01/2023 11:00:00","BZN|EE","Without Sequence","106.50","",""
"11/01/2023 11:00:00 - 11/01/2023 12:00:00","BZN|EE","Without Sequence","117.51","",""
"11/01/2023 12:00:00 - 11/01/2023 13:00:00","BZN|EE","Without Sequence","137.99","",""
"11/01/2023 13:00:00 - 11/01/2023 14:00:00","BZN|EE","Without Sequence","111.27","",""
"11/01/2023 14:00:00 - 11/01/2023 15:00:00","BZN|EE","Without Sequence","106.73","",""
"11/01/2023 15:00:00 - 11/01/2023 16:00:00","BZN|EE","Without Sequence","116.34","",""
"11/01/2023 16:00:00 - 11/01/2023 17:00:00","BZN|EE","Without Sequence","128.28","",""
"11/01/2023 17:00:00 - 11/01/2023 18:00:00","BZN|EE","Without Sequence","106.48","",""
"11/01/2023 18:00:00 - 11/01/2023 19:00:00","BZN|EE","Without Sequence","67.99","",""
"11/01/2023 19:00:00 - 11/01/2023 20:00:00","BZN|EE","Without Sequence","65.16","",""
"11/01/2023 20:00:00 - 11/01/2023 21:00:00","BZN|EE","Without Sequence","60.01","",""
"11/01/2023 21:00:00 - 11/01/2023 22:00:00","BZN|EE","Without Sequence","49.91","",""
"11/01/2023 22:00:00 - 11/01/2023 23:00:00","BZN|EE","Without Sequence","43.32","",""
"11/01/2023 23:00:00 - 12/01/2023 00:00:00","BZN|EE","Without Sequence","19.88","",""
"12/01/2023 00:00:00 - 12/01/2023 01:00:00","BZN|EE","Without Sequence","5.55","",""
"12/01/2023 01:00:00 - 12/01/2023 02:00:00","BZN|EE","Without Sequence","4.69","",""
"12/01/2023 02:00:00 - 12/01/2023 03:00:00","BZN|EE","Without Sequence","0.10","",""
"12/01/2023 03:00:00 - 12/01/2023 04:00:00","BZN|EE","Without Sequence","2.73","",""
"12/01/2023 04:00:00 - 12/01/2023 05:00:00","BZN|EE","Without Sequence","24.94","",""
"12/01/2023 05:00:00 - 12/01/2023 06:00:00","BZN|EE","Without Sequence","98.32","",""
"12/01/2023 06:00:00 - 12/01/2023 07:00:00","BZN|EE","Without Sequence","125.01","",""
"12/01/2023 07:00:00 - 12/01/2023 08:00:00","BZN|EE","Without Sequence","125.02","",""
"12/01/2023 08:00:00 - 12/01/2023 09:00:00","BZN|EE","Without Sequence","125.03","",""
"12/01/2023 09:00:00 - 12/01/2023 10:00:00","BZN|EE","Without Sequence","109.34","",""
"12/01/2023 10:00:00 - 12/01/2023 11:00:00","BZN|EE","Without Sequence","105.86","",""
"12/01/2023 11:00:00 - 12/01/2023 12:00:00","BZN|EE","Without Sequence","113.08","",""
"12/01/2023 12:00:00 - 12/01/2023 13:00:00","BZN|EE","Without Sequence","125.04","",""
"12/01/2023 13:00:00 - 12/01/2023 14:00:00","BZN|EE","Without Sequence","73.76","",""
"12/01/2023 14:00:00 - 12/01/2023 15:00:00","BZN|EE","Without Sequence","125.01","",""
"12/01/2023 15:00:00 - 12/01/2023 16:00:00","BZN|EE","Without Sequence","105.90","",""
"12/01/2023 16:00:00 - 12/01/2023 17:00:00","BZN|EE","Without Sequence","109.94","",""
"12/01/2023 17:00:00 - 12/01/2023 18:00:00","BZN|EE","Without Sequence","116.62","",""
"12/01/2023 18:00:00 - 12/01/2023 19:00:00","BZN|EE","Without Sequence","98.37","",""
"12/01/2023 19:00:00 - 12/01/2023 20:00:00","BZN|EE","Without Sequence","74.08","",""
"12/01/2023 20:00:00 - 12/01/2023 21:00:00","BZN|EE","Without Sequence","74.50","",""
"12/01/2023 21:00:00 - 12/01/2023 22:00:00","BZN|EE","Without Sequence","66.84","",""
"12/01/2023 22:00:00 - 12/01/2023 23:00:00","BZN|EE","Without Sequence","42.49","",""
"12/01/2023 23:00:00 - 13/01/2023 00:00:00","BZN|EE","Without Sequence","32.64","",""
"13/01/2023 00:00:00 - 13/01/2023 01:00:00","BZN|EE","Without Sequence","21.87","",""
"13/01/2023 01:00:00 - 13/01/2023 02:00:00","BZN|EE","Without Sequence","16.54","",""
"13/01/2023 02:00:00 - 13/01/2023 03:00:00","BZN|EE","Without Sequence","18.46","",""
"13/01/2023 03:00:00 - 13/01/2023 04:00:00","BZN|EE","Without Sequence","24.82","",""
"13/01/2023 04:00:00 - 13/01/2023 05:00:00","BZN|EE","Without Sequence","30.32","",""
"13/01/2023 05:00:00 - 13/01/2023 06:00:00","BZN|EE","Without Sequence","85.05","",""
"13/01/2023 06:00:00 - 13/01/2023 07:00:00","BZN|EE","Without Sequence","100.01","",""
"13/01/2023 07:00:00 - 13/01/2023 08:00:00","BZN|EE","Without Sequence","105.93","",""
"13/01/2023 08:00:00 - 13/01/2023 09:00:00","BZN|EE","Without Sequence","105.92","",""
"13/01/2023 09:00:00 - 13/01/2023 10:00:00","BZN|EE","Without Sequence","100.01","",""
"13/01/2023 10:00:00 - 13/01/2023 11:00:00","BZN|EE","Without Sequence","105.92","",""
"13/01/2023 11:00:00 - 13/01/2023 12:00:00","BZN|EE","Without Sequence","105.94","",""
"13/01/2023 12:00:00 - 13/01/2023 13:00:00","BZN|EE","Without Sequence","105.93","",""
"13/01/2023 13:00:00 - 13/01/2023 14:00:00","BZN|EE","Without Sequence","99.56","",""
"13/01/2023 14:00:00 - 13/01/2023 15:00:00","BZN|EE","Without Sequence","105.92","",""
"13/01/2023 15:00:00 - 13/01/2023 16:00:00","BZN|EE","Without Sequence","116.16","",""
"13/01/2023 16:00:00 - 13/01/2023 17:00:00","BZN|EE","Without Sequence","105.98","",""
"13/01/2023 17:00:00 - 13/01/2023 18:00:00","BZN|EE","Without Sequence","105.91","",""
"13/01/2023 18:00:00 - 13/01/2023 19:00:00","BZN|EE","Without Sequence","91.07","",""
"13/01/2023 19:00:00 - 13/01/2023 20:00:00","BZN|EE","Without Sequence","84.94","",""
"13/01/2023 20:00:00 - 13/01/2023 21:00:00","BZN|EE","Without Sequence","76.89","",""
"13/01/2023 21:00:00 - 13/01/2023 22:00:00","BZN|EE","Without Sequence","76.51","",""
"13/01/2023 22:00:00 - 13/01/2023 23:00:00","BZN|EE","Without Sequence","68.30","",""
"13/01/2023 23:00:00 - 14/01/2023 00:00:00","BZN|EE","Without Sequence","49.71","",""
"14/01/2023 00:00:00 - 14/01/2023 01:00:00","BZN|EE","Without Sequence","44.24","",""
"14/01/2023 01:00:00 - 14/01/2023 02:00:00","BZN|EE","Without Sequence","45.41","",""
"14/01/2023 02:00:00 - 14/01/2023 03:00:00","BZN|EE","Without Sequence","42.25","",""
"14/01/2023 03:00:00 - 14/01/2023 04:00:00","BZN|EE","Without Sequence","41.70","",""
"14/01/2023 04:00:00 - 14/01/2023 05:00:00","BZN|EE","Without Sequence","41.68","",""
"14/01/2023 05:00:00 - 14/01/2023 06:00:00","BZN|EE","Without Sequence","45.10","",""
"14/01/2023 06:00:00 - 14/01/2023 07:00:00","BZN|EE","Without Sequence","53.40","",""
"14/01/2023 07:00:00 - 14/01/2023 08:00:00","BZN|EE","Without Sequence","53.63","",""
"14/01/2023 08:00:00 - 14/01/2023 09:00:00","BZN|EE","Without Sequence","56.89","",""
"14/01/2023 09:00:00 - 14/01/2023 10:00:00","BZN|EE","Without Sequence","66.72","",""
"14/01/2023 10:00:00 - 14/01/2023 11:00:00","BZN|EE","Without Sequence","65.56","",""
"14/01/2023 11:00:00 - 14/01/2023 12:00:00","BZN|EE","Without Sequence","65.39","",""
"14/01/2023 12:00:00 - 14/01/2023 13:00:00","BZN|EE","Without Sequence","79.04","",""
"14/01/2023 13:00:00 - 14/01/2023 14:00:00","BZN|EE","Without Sequence","80.05","",""
"14/01/2023 14:00:00 - 14/01/2023 15:00:00","BZN|EE","Without Sequence","98.87","",""
"14/01/2023 15:00:00 - 14/01/2023 16:00:00","BZN|EE","Without Sequence","102.10","",""
"14/01/2023 16:00:00 - 14/01/2023 17:00:00","BZN|EE","Without Sequence","104.91","",""
"14/01/2023 17:00:00 - 14/01/2023 18:00:00","BZN|EE","Without Sequence","101.42","",""
"14/01/2023 18:00:00 - 14/01/2023 19:00:00","BZN|EE","Without Sequence","80.06","",""
"14/01/2023 19:00:00 - 14/01/2023 20:00:00","BZN|EE","Without Sequence","70.00","",""
"14/01/2023 20:00:00 - 14/01/2023 21:00:00","BZN|EE","Without Sequence","68.52","",""
"14/01/2023 21:00:00 - 14/01/2023 22:00:00","BZN|EE","Without Sequence","57.39","",""
"14/01/2023 22:00:00 - 14/01/2023 23:00:00","BZN|EE","Without Sequence","40.05","",""
"14/01/2023 23:00:00 - 15/01/2023 00:00:00","BZN|EE","Without Sequence","27.40","",""
"15/01/2023 00:00:00 - 15/01/2023 01:00:00","BZN|EE","Without Sequence","27.23","",""
"15/01/2023 01:00:00 - 15/01/2023 02:00:00","BZN|EE","Without Sequence","24.28","",""
"15/01/2023 02:00:00 - 15/01/2023 03:00:00","BZN|EE","Without Sequence","13.00","",""
"15/01/2023 03:00:00 - 15/01/2023 04:00:00","BZN|EE","Without Sequence","7.98","",""
"15/01/2023 04:00:00 - 15/01/2023 05:00:00","BZN|EE","Without Sequence","4.85","",""
"15/01/2023 05:00:00 - 15/01/2023 06:00:00","BZN|EE","Without Sequence","6.05","",""
"15/01/2023 06:00:00 - 15/01/2023 07:00:00","BZN|EE","Without Sequence","10.09","",""
"15/01/2023 07:00:00 - 15/01/2023 08:00:00","BZN|EE","Without Sequence","14.03","",""
"15/01/2023 08:00:00 - 15/01/2023 09:00:00","BZN|EE","Without Sequence","19.07","",""
"15/01/2023 09:00:00 - 15/01/2023 10:00:00","BZN|EE","Without Sequence","17.83","",""
"15/01/2023 10:00:00 - 15/01/2023 11:00:00","BZN|EE","Without Sequence","11.70","",""
"15/01/2023 11:00:00 - 15/01/2023 12:00:00","BZN|EE","Without Sequence","6.93","",""
"15/01/2023 12:00:00 - 15/01/2023 13:00:00","BZN|EE","Without Sequence","6.04","",""
"15/01/2023 13:00:00 - 15/01/2023 14:00:00","BZN|EE","Without Sequence","6.09","",""
"15/01/2023 14:00:00 - 15/01/2023 15:00:00","BZN|EE","Without Sequence","19.10","",""
"15/01/2023 15:00:00 - 15/01/2023 16:00:00","BZN|EE","Without Sequence","27.43","",""
"15/01/2023 16:00:00 - 15/01/2023 17:00:00","BZN|EE","Without Sequence","30.90","",""
"15/01/2023 17:00:00 - 15/01/2023 18:00:00","BZN|EE","Without Sequence","27.61","",""
"15/01/2023 18:00:00 - 15/01/2023 19:00:00","BZN|EE","Without Sequence","25.90","",""
"15/01/2023 19:00:00 - 15/01/2023 20:00:00","BZN|EE","Without Sequence","12.47","",""
"15/01/2023 20:00:00 - 15/01/2023 21:00:00","BZN|EE","Without Sequence","20.79","",""
"15/01/2023 21:00:00 - 15/01/2023 22:00:00","BZN|EE","Without Sequence","31.04","",""
"15/01/2023 22:00:00 - 15/01/2023 23:00:00","BZN|EE","Without Sequence","32.38","",""
"15/01/2023 23:00:00 - 16/01/2023 00:00:00","BZN|EE","Without Sequence","35.35","",""
"16/01/2023 00:00:00 - 16/01/2023 01:00:00","BZN|EE","Without Sequence","36.13","",""
"16/01/2023 01:00:00 - 16/01/2023 02:00:00","BZN|EE","Without Sequence","36.13","",""
"16/01/2023 02:00:00 - 16/01/2023 03:00:00","BZN|EE","Without Sequence","38.57","",""
"16/01/2023 03:00:00 - 16/01/2023 04:00:00","BZN|EE","Without Sequence","41.81","",""
"16/01/2023 04:00:00 - 16/01/2023 05:00:00","BZN|EE","Without Sequence","45.59","",""
"16/01/2023 05:00:00 - 16/01/2023 06:00:00","BZN|EE","Without Sequence","66.81","",""
"16/01/2023 06:00:00 - 16/01/2023 07:00:00","BZN|EE","Without Sequence","86.63","",""
"16/01/2023 07:00:00 - 16/01/2023 08:00:00","BZN|EE","Without Sequence","89.34","",""
"16/01/2023 08:00:00 - 16/01/2023 09:00:00","BZN|EE","Without Sequence","90.96","",""
"16/01/2023 09:00:00 - 16/01/2023 10:00:00","BZN|EE","Without Sequence","98.73","",""
"16/01/2023 10:00:00 - 16/01/2023 11:00:00","BZN|EE","Without Sequence","99.38","",""
"16/01/2023 11:00:00 - 16/01/2023 12:00:00","BZN|EE","Without Sequence","90.00","",""
"16/01/2023 12:00:00 - 16/01/2023 13:00:00","BZN|EE","Without Sequence","110.04","",""
"16/01/2023 13:00:00 - 16/01/2023 14:00:00","BZN|EE","Without Sequence","115.97","",""
"16/01/2023 14:00:00 - 16/01/2023 15:00:00","BZN|EE","Without Sequence","141.17","",""
"16/01/2023 15:00:00 - 16/01/2023 16:00:00","BZN|EE","Without Sequence","146.14","",""
"16/01/2023 16:00:00 - 16/01/2023 17:00:00","BZN|EE","Without Sequence","105.50","",""
"16/01/2023 17:00:00 - 16/01/2023 18:00:00","BZN|EE","Without Sequence","88.91","",""
"16/01/2023 18:00:00 - 16/01/2023 19:00:00","BZN|EE","Without Sequence","80.04","",""
"16/01/2023 19:00:00 - 16/01/2023 20:00:00","BZN|EE","Without Sequence","65.91","",""
"16/01/2023 20:00:00 - 16/01/2023 21:00:00","BZN|EE","Without Sequence","59.69","",""
"16/01/2023 21:00:00 - 16/01/2023 22:00:00","BZN|EE","Without Sequence","51.24","",""
"16/01/2023 22:00:00 - 16/01/2023 23:00:00","BZN|EE","Without Sequence","46.52","",""
"16/01/2023 23:00:00 - 17/01/2023 00:00:00","BZN|EE","Without Sequence","47.13","",""
"17/01/2023 00:00:00 - 17/01/2023 01:00:00","BZN|EE","Without Sequence","42.94","",""
"17/01/2023 01:00:00 - 17/01/2023 02:00:00","BZN|EE","Without Sequence","42.15","",""
"17/01/2023 02:00:00 - 17/01/2023 03:00:00","BZN|EE","Without Sequence","40.80","",""
"17/01/2023 03:00:00 - 17/01/2023 04:00:00","BZN|EE","Without Sequence","41.62","",""
"17/01/2023 04:00:00 - 17/01/2023 05:00:00","BZN|EE","Without Sequence","45.75","",""
"17/01/2023 05:00:00 - 17/01/2023 06:00:00","BZN|EE","Without Sequence","98.44","",""
"17/01/2023 06:00:00 - 17/01/2023 07:00:00","BZN|EE","Without Sequence","104.33","",""
"17/01/2023 07:00:00 - 17/01/2023 08:00:00","BZN|EE","Without Sequence","98.45","",""
"17/01/2023 08:00:00 - 17/01/2023 09:00:00","BZN|EE","Without Sequence","98.47","",""
"17/01/2023 09:00:00 - 17/01/2023 10:00:00","BZN|EE","Without Sequence","98.43","",""
"17/01/2023 10:00:00 - 17/01/2023 11:00:00","BZN|EE","Without Sequence","76.15","",""
"17/01/2023 11:00:00 - 17/01/2023 12:00:00","BZN|EE","Without Sequence","98.44","",""
"17/01/2023 12:00:00 - 17/01/2023 13:00:00","BZN|EE","Without Sequence","75.11","",""
"17/01/2023 13:00:00 - 17/01/2023 14:00:00","BZN|EE","Without Sequence","72.21","",""
"17/01/2023 14:00:00 - 17/01/2023 15:00:00","BZN|EE","Without Sequence","98.45","",""
"17/01/2023 15:00:00 - 17/01/2023 16:00:00","BZN|EE","Without Sequence","100.00","",""
"17/01/2023 16:00:00 - 17/01/2023 17:00:00","BZN|EE","Without Sequence","100.07","",""
"17/01/2023 17:00:00 - 17/01/2023 18:00:00","BZN|EE","Without Sequence","100.03","",""
"17/01/2023 18:00:00 - 17/01/2023 19:00:00","BZN|EE","Without Sequence","70.01","",""
"17/01/2023 19:00:00 - 17/01/2023 20:00:00","BZN|EE","Without Sequence","60.14","",""
"17/01/2023 20:00:00 - 17/01/2023 21:00:00","BZN|EE","Without Sequence","53.73","",""
"17/01/2023 21:00:00 - 17/01/2023 22:00:00","BZN|EE","Without Sequence","47.42","",""
"17/01/2023 22:00:00 - 17/01/2023 23:00:00","BZN|EE","Without Sequence","43.34","",""
"17/01/2023 23:00:00 - 18/01/2023 00:00:00","BZN|EE","Without Sequence","39.85","",""
"18/01/2023 00:00:00 - 18/01/2023 01:00:00","BZN|EE","Without Sequence","38.74","",""
"18/01/2023 01:00:00 - 18/01/2023 02:00:00","BZN|EE","Without Sequence","38.69","",""
"18/01/2023 02:00:00 - 18/01/2023 03:00:00","BZN|EE","Without Sequence","38.32","",""
"18/01/2023 03:00:00 - 18/01/2023 04:00:00","BZN|EE","Without Sequence","42.70","",""
"18/01/2023 04:00:00 - 18/01/2023 05:00:00","BZN|EE","Without Sequence","52.07","",""
"18/01/2023 05:00:00 - 18/01/2023 06:00:00","BZN|EE","Without Sequence","150.93","",""
"18/01/2023 06:00:00 - 18/01/2023 07:00:00","BZN|EE","Without Sequence","108.29","",""
"18/01/2023 07:00:00 - 18/01/2023 08:00:00","BZN|EE","Without Sequence","142.60","",""
"18/01/2023 08:00:00 - 18/01/2023 09:00:00","BZN|EE","Without Sequence","115.00","",""
"18/01/2023 09:00:00 - 18/01/2023 10:00:00","BZN|EE","Without Sequence","166.35","",""
"18/01/2023 10:00:00 - 18/01/2023 11:00:00","BZN|EE","Without Sequence","158.61","",""
"18/01/2023 11:00:00 - 18/01/2023 12:00:00","BZN|EE","Without Sequence","142.58","",""
"18/01/2023 12:00:00 - 18/01/2023 13:00:00","BZN|EE","Without Sequence","132.80","",""
"18/01/2023 13:00:00 - 18/01/2023 14:00:00","BZN|EE","Without Sequence","142.52","",""
"18/01/2023 14:00:00 - 18/01/2023 15:00:00","BZN|EE","Without Sequence","140.00","",""
"18/01/2023 15:00:00 - 18/01/2023 16:00:00","BZN|EE","Without Sequence","150.11","",""
"18/01/2023 16:00:00 - 18/01/2023 17:00:00","BZN|EE","Without Sequence","160.69","",""
"18/01/2023 17:00:00 - 18/01/2023 18:00:00","BZN|EE","Without Sequence","155.15","",""
"18/01/2023 18:00:00 - 18/01/2023 19:00:00","BZN|EE","Without Sequence","130.34","",""
"18/01/2023 19:00:00 - 18/01/2023 20:00:00","BZN|EE","Without Sequence","120.97","",""
"18/01/2023 20:00:00 - 18/01/2023 21:00:00","BZN|EE","Without Sequence","119.90","",""
"18/01/2023 21:00:00 - 18/01/2023 22:00:00","BZN|EE","Without Sequence","82.29","",""
"18/01/2023 22:00:00 - 18/01/2023 23:00:00","BZN|EE","Without Sequence","75.77","",""
"18/01/2023 23:00:00 - 19/01/2023 00:00:00","BZN|EE","Without Sequence","83.56","",""
"19/01/2023 00:00:00 - 19/01/2023 01:00:00","BZN|EE","Without Sequence","97.38","",""
"19/01/2023 01:00:00 - 19/01/2023 02:00:00","BZN|EE","Without Sequence","82.70","",""
"19/01/2023 02:00:00 - 19/01/2023 03:00:00","BZN|EE","Without Sequence","84.92","",""
"19/01/2023 03:00:00 - 19/01/2023 04:00:00","BZN|EE","Without Sequence","92.84","",""
"19/01/2023 04:00:00 - 19/01/2023 05:00:00","BZN|EE","Without Sequence","107.95","",""
"19/01/2023 05:00:00 - 19/01/2023 06:00:00","BZN|EE","Without Sequence","152.75","",""
"19/01/2023 06:00:00 - 19/01/2023 07:00:00","BZN|EE","Without Sequence","181.36","",""
"19/01/2023 07:00:00 - 19/01/2023 08:00:00","BZN|EE","Without Sequence","164.83","",""
"19/01/2023 08:00:00 - 19/01/2023 09:00:00","BZN|EE","Without Sequence","155.88","",""
"19/01/2023 09:00:00 - 19/01/2023 10:00:00","BZN|EE","Without Sequence","154.81","",""
"19/01/2023 10:00:00 - 19/01/2023 11:00:00","BZN|EE","Without Sequence","138.63","",""
"19/01/2023 11:00:00 - 19/01/2023 12:00:00","BZN|EE","Without Sequence","146.47","",""
"19/01/2023 12:00:00 - 19/01/2023 13:00:00","BZN|EE","Without Sequence","151.16","",""
"19/01/2023 13:00:00 - 19/01/2023 14:00:00","BZN|EE","Without Sequence","155.35","",""
"19/01/2023 14:00:00 - 19/01/2023 15:00:00","BZN|EE","Without Sequence","170.33","",""
"19/01/2023 15:00:00 - 19/01/2023 16:00:00","BZN|EE","Without Sequence","180.33","",""
"19/01/2023 16:00:00 - 19/01/2023 17:00:00","BZN|EE","Without Sequence","173.75","",""
"19/01/2023 17:00:00 - 19/01/2023 18:00:00","BZN|EE","Without Sequence","156.61","",""
"19/01/2023 18:00:00 - 19/01/2023 19:00:00","BZN|EE","Without Sequence","151.55","",""
"19/01/2023 19:00:00 - 19/01/2023 20:00:00","BZN|EE","Without Sequence","145.65","",""
"19/01/2023 20:00:00 - 19/01/2023 21:00:00","BZN|EE","Without Sequence","143.66","",""
"19/01/2023 21:00:00 - 19/01/2023 22:00:00","BZN|EE","Without Sequence","119.00","",""
"19/01/2023 22:00:00 - 19/01/2023 23:00:00","BZN|EE","Without Sequence","106.21","",""
"19/01/2023 23:00:00 - 20/01/2023 00:00:00","BZN|EE","Without Sequence","108.11","",""
"20/01/2023 00:00:00 - 20/01/2023 01:00:00","BZN|EE","Without Sequence","108.16","",""
"20/01/2023 01:00:00 - 20/01/2023 02:00:00","BZN|EE","Without Sequence","108.13","",""
"20/01/2023 02:00:00 - 20/01/2023 03:00:00","BZN|EE","Without Sequence","108.12","",""
"20/01/2023 03:00:00 - 20/01/2023 04:00:00","BZN|EE","Without Sequence","108.16","",""
"20/01/2023 04:00:00 - 20/01/2023 05:00:00","BZN|EE","Without Sequence","145.79","",""
"20/01/2023 05:00:00 - 20/01/2023 06:00:00","BZN|EE","Without Sequence","171.79","",""
"20/01/2023 06:00:00 - 20/01/2023 07:00:00","BZN|EE","Without Sequence","199.12","",""
"20/01/2023 07:00:00 - 20/01/2023 08:00:00","BZN|EE","Without Sequence","229.42","",""
"20/01/2023 08:00:00 - 20/01/2023 09:00:00","BZN|EE","Without Sequence","216.38","",""
"20/01/2023 09:00:00 - 20/01/2023 10:00:00","BZN|EE","Without Sequence","204.73","",""
"20/01/2023 10:00:00 - 20/01/2023 11:00:00","BZN|EE","Without Sequence","196.69","",""
"20/01/2023 11:00:00 - 20/01/2023 12:00:00","BZN|EE","Without Sequence","189.26","",""
"20/01/2023 12:00:00 - 20/01/2023 13:00:00","BZN|EE","Without Sequence","181.63","",""
"20/01/2023 13:00:00 - 20/01/2023 14:00:00","BZN|EE","Without Sequence","182.36","",""
"20/01/2023 14:00:00 - 20/01/2023 15:00:00","BZN|EE","Without Sequence","187.39","",""
"20/01/2023 15:00:00 - 20/01/2023 16:00:00","BZN|EE","Without Sequence","195.20","",""
"20/01/2023 16:00:00 - 20/01/2023 17:00:00","BZN|EE","Without Sequence","203.22","",""
"20/01/2023 17:00:00 - 20/01/2023 18:00:00","BZN|EE","Without Sequence","203.40","",""
"20/01/2023 18:00:00 - 20/01/2023 19:00:00","BZN|EE","Without Sequence","145.05","",""
"20/01/2023 19:00:00 - 20/01/2023 20:00:00","BZN|EE","Without Sequence","120.75","",""
"20/01/2023 20:00:00 - 20/01/2023 21:00:00","BZN|EE","Without Sequence","157.11","",""
"20/01/2023 21:00:00 - 20/01/2023 22:00:00","BZN|EE","Without Sequence","151.00","",""
"20/01/2023 22:00:00 - 20/01/2023 23:00:00","BZN|EE","Without Sequence","108.13","",""
"20/01/2023 23:00:00 - 21/01/2023 00:00:00","BZN|EE","Without Sequence","123.01","",""
"21/01/2023 00:00:00 - 21/01/2023 01:00:00","BZN|EE","Without Sequence","107.89","",""
"21/01/2023 01:00:00 - 21/01/2023 02:00:00","BZN|EE","Without Sequence","104.99","",""
"21/01/2023 02:00:00 - 21/01/2023 03:00:00","BZN|EE","Without Sequence","97.57","",""
"21/01/2023 03:00:00 - 21/01/2023 04:00:00","BZN|EE","Without Sequence","103.04","",""
"21/01/2023 04:00:00 - 21/01/2023 05:00:00","BZN|EE","Without Sequence","98.75","",""
"21/01/2023 05:00:00 - 21/01/2023 06:00:00","BZN|EE","Without Sequence","80.14","",""
"21/01/2023 06:00:00 - 21/01/2023 07:00:00","BZN|EE","Without Sequence","96.38","",""
"21/01/2023 07:00:00 - 21/01/2023 08:00:00","BZN|EE","Without Sequence","142.84","",""
"21/01/2023 08:00:00 - 21/01/2023 09:00:00","BZN|EE","Without Sequence","167.54","",""
"21/01/2023 09:00:00 - 21/01/2023 10:00:00","BZN|EE","Without Sequence","161.29","",""
"21/01/2023 10:00:00 - 21/01/2023 11:00:00","BZN|EE","Without Sequence","151.92","",""
"21/01/2023 11:00:00 - 21/01/2023 12:00:00","BZN|EE","Without Sequence","142.89","",""
"21/01/2023 12:00:00 - 21/01/2023 13:00:00","BZN|EE","Without Sequence","131.06","",""
"21/01/2023 13:00:00 - 21/01/2023 14:00:00","BZN|EE","Without Sequence","131.22","",""
"21/01/2023 14:00:00 - 21/01/2023 15:00:00","BZN|EE","Without Sequence","132.64","",""
"21/01/2023 15:00:00 - 21/01/2023 16:00:00","BZN|EE","Without Sequence","140.76","",""
"21/01/2023 16:00:00 - 21/01/2023 17:00:00","BZN|EE","Without Sequence","173.92","",""
"21/01/2023 17:00:00 - 21/01/2023 18:00:00","BZN|EE","Without Sequence","174.60","",""
"21/01/2023 18:00:00 - 21/01/2023 19:00:00","BZN|EE","Without Sequence","140.08","",""
"21/01/2023 19:00:00 - 21/01/2023 20:00:00","BZN|EE","Without Sequence","134.51","",""
"21/01/2023 20:00:00 - 21/01/2023 21:00:00","BZN|EE","Without Sequence","129.34","",""
"21/01/2023 21:00:00 - 21/01/2023 22:00:00","BZN|EE","Without Sequence","107.87","",""
"21/01/2023 22:00:00 - 21/01/2023 23:00:00","BZN|EE","Without Sequence","89.92","",""
"21/01/2023 23:00:00 - 22/01/2023 00:00:00","BZN|EE","Without Sequence","79.40","",""
"22/01/2023 00:00:00 - 22/01/2023 01:00:00","BZN|EE","Without Sequence","79.17","",""
"22/01/2023 01:00:00 - 22/01/2023 02:00:00","BZN|EE","Without Sequence","80.00","",""
"22/01/2023 02:00:00 - 22/01/2023 03:00:00","BZN|EE","Without Sequence","81.43","",""
"22/01/2023 03:00:00 - 22/01/2023 04:00:00","BZN|EE","Without Sequence","81.94","",""
"22/01/2023 04:00:00 - 22/01/2023 05:00:00","BZN|EE","Without Sequence","108.59","",""
"22/01/2023 05:00:00 - 22/01/2023 06:00:00","BZN|EE","Without Sequence","62.25","",""
"22/01/2023 06:00:00 - 22/01/2023 07:00:00","BZN|EE","Without Sequence","64.92","",""
"22/01/2023 07:00:00 - 22/01/2023 08:00:00","BZN|EE","Without Sequence","86.01","",""
"22/01/2023 08:00:00 - 22/01/2023 09:00:00","BZN|EE","Without Sequence","120.99","",""
"22/01/2023 09:00:00 - 22/01/2023 10:00:00","BZN|EE","Without Sequence","137.64","",""
"22/01/2023 10:00:00 - 22/01/2023 11:00:00","BZN|EE","Without Sequence","124.39","",""
"22/01/2023 11:00:00 - 22/01/2023 12:00:00","BZN|EE","Without Sequence","108.59","",""
"22/01/2023 12:00:00 - 22/01/2023 13:00:00","BZN|EE","Without Sequence","119.98","",""
"22/01/2023 13:00:00 - 22/01/2023 14:00:00","BZN|EE","Without Sequence","151.19","",""
"22/01/2023 14:00:00 - 22/01/2023 15:00:00","BZN|EE","Without Sequence","153.71","",""
"22/01/2023 15:00:00 - 22/01/2023 16:00:00","BZN|EE","Without Sequence","171.03","",""
"22/01/2023 16:00:00 - 22/01/2023 17:00:00","BZN|EE","Without Sequence","191.99","",""
"22/01/2023 17:00:00 - 22/01/2023 18:00:00","BZN|EE","Without Sequence","199.13","",""
"22/01/2023 18:00:00 - 22/01/2023 19:00:00","BZN|EE","Without Sequence","199.17","",""
"22/01/2023 19:00:00 - 22/01/2023 20:00:00","BZN|EE","Without Sequence","174.71","",""
"22/01/2023 20:00:00 - 22/01/2023 21:00:00","BZN|EE","Without Sequence","165.25","",""
"22/01/2023 21:00:00 - 22/01/2023 22:00:00","BZN|EE","Without Sequence","108.53","",""
"22/01/2023 22:00:00 - 22/01/2023 23:00:00","BZN|EE","Without Sequence","67.02","",""
"22/01/2023 23:00:00 - 23/01/2023 00:00:00","BZN|EE","Without Sequence","108.55","",""
"23/01/2023 00:00:00 - 23/01/2023 01:00:00","BZN|EE","Without Sequence","108.53","",""
"23/01/2023 01:00:00 - 23/01/2023 02:00:00","BZN|EE","Without Sequence","91.16","",""
"23/01/2023 02:00:00 - 23/01/2023 03:00:00","BZN|EE","Without Sequence","108.50","",""
"23/01/2023 03:00:00 - 23/01/2023 04:00:00","BZN|EE","Without Sequence","108.55","",""
"23/01/2023 04:00:00 - 23/01/2023 05:00:00","BZN|EE","Without Sequence","146.71","",""
"23/01/2023 05:00:00 - 23/01/2023 06:00:00","BZN|EE","Without Sequence","189.96","",""
"23/01/2023 06:00:00 - 23/01/2023 07:00:00","BZN|EE","Without Sequence","226.54","",""
"23/01/2023 07:00:00 - 23/01/2023 08:00:00","BZN|EE","Without Sequence","251.73","",""
"23/01/2023 08:00:00 - 23/01/2023 09:00:00","BZN|EE","Without Sequence","263.74","",""
"23/01/2023 09:00:00 - 23/01/2023 10:00:00","BZN|EE","Without Sequence","243.94","",""
"23/01/2023 10:00:00 - 23/01/2023 11:00:00","BZN|EE","Without Sequence","224.71","",""
"23/01/2023 11:00:00 - 23/01/2023 12:00:00","BZN|EE","Without Sequence","212.66","",""
"23/01/2023 12:00:00 - 23/01/2023 13:00:00","BZN|EE","Without Sequence","213.92","",""
"23/01/2023 13:00:00 - 23/01/2023 14:00:00","BZN|EE","Without Sequence","214.42","",""
"23/01/2023 14:00:00 - 23/01/2023 15:00:00","BZN|EE","Without Sequence","218.99","",""
"23/01/2023 15:00:00 - 23/01/2023 16:00:00","BZN|EE","Without Sequence","219.19","",""
"23/01/2023 16:00:00 - 23/01/2023 17:00:00","BZN|EE","Without Sequence","242.93","",""
"23/01/2023 17:00:00 - 23/01/2023 18:00:00","BZN|EE","Without Sequence","212.61","",""
"23/01/2023 18:00:00 - 23/01/2023 19:00:00","BZN|EE","Without Sequence","114.40","",""
"23/01/2023 19:00:00 - 23/01/2023 20:00:00","BZN|EE","Without Sequence","108.55","",""
"23/01/2023 20:00:00 - 23/01/2023 21:00:00","BZN|EE","Without Sequence","179.60","",""
"23/01/2023 21:00:00 - 23/01/2023 22:00:00","BZN|EE","Without Sequence","108.52","",""
"23/01/2023 22:00:00 - 23/01/2023 23:00:00","BZN|EE","Without Sequence","42.48","",""
"23/01/2023 23:00:00 - 24/01/2023 00:00:00","BZN|EE","Without Sequence","99.60","",""
"24/01/2023 00:00:00 - 24/01/2023 01:00:00","BZN|EE","Without Sequence","99.53","",""
"24/01/2023 01:00:00 - 24/01/2023 02:00:00","BZN|EE","Without Sequence","63.10","",""
"24/01/2023 02:00:00 - 24/01/2023 03:00:00","BZN|EE","Without Sequence","88.29","",""
"24/01/2023 03:00:00 - 24/01/2023 04:00:00","BZN|EE","Without Sequence","99.59","",""
"24/01/2023 04:00:00 - 24/01/2023 05:00:00","BZN|EE","Without Sequence","108.29","",""
"24/01/2023 05:00:00 - 24/01/2023 06:00:00","BZN|EE","Without Sequence","99.60","",""
"24/01/2023 06:00:00 - 24/01/2023 07:00:00","BZN|EE","Without Sequence","134.59","",""
"24/01/2023 07:00:00 - 24/01/2023 08:00:00","BZN|EE","Without Sequence","123.29","",""
"24/01/2023 08:00:00 - 24/01/2023 09:00:00","BZN|EE","Without Sequence","195.06","",""
"24/01/2023 09:00:00 - 24/01/2023 10:00:00","BZN|EE","Without Sequence","231.02","",""
"24/01/2023 10:00:00 - 24/01/2023 11:00:00","BZN|EE","Without Sequence","222.85","",""
"24/01/2023 11:00:00 - 24/01/2023 12:00:00","BZN|EE","Without Sequence","219.11","",""
"24/01/2023 12:00:00 - 24/01/2023 13:00:00","BZN|EE","Without Sequence","207.16","",""
"24/01/2023 13:00:00 - 24/01/2023 14:00:00","BZN|EE","Without Sequence","208.61","",""
"24/01/2023 14:00:00 - 24/01/2023 15:00:00","BZN|EE","Without Sequence","210.79","",""
"24/01/2023 15:00:00 - 24/01/2023 16:00:00","BZN|EE","Without Sequence","217.39","",""
"24/01/2023 16:00:00 - 24/01/2023 17:00:00","BZN|EE","Without Sequence","242.00","",""
"24/01/2023 17:00:00 - 24/01/2023 18:00:00","BZN|EE","Without Sequence","141.02","",""
"24/01/2023 18:00:00 - 24/01/2023 19:00:00","BZN|EE","Without Sequence","108.23","",""
"24/01/2023 19:00:00 - 24/01/2023 20:00:00","BZN|EE","Without Sequence","108.24","",""
"24/01/2023 20:00:00 - 24/01/2023 21:00:00","BZN|EE","Without Sequence","99.59","",""
"24/01/2023 21:00:00 - 24/01/2023 22:00:00","BZN|EE","Without Sequence","25.05","",""
"24/01/2023 22:00:00 - 24/01/2023 23:00:00","BZN|EE","Without Sequence","20.70","",""
"24/01/2023 23:00:00 - 25/01/2023 00:00:00","BZN|EE","Without Sequence","102.22","",""
"25/01/2023 00:00:00 - 25/01/2023 01:00:00","BZN|EE","Without Sequence","9.00","",""
"25/01/2023 01:00:00 - 25/01/2023 02:00:00","BZN|EE","Without Sequence","4.58","",""
"25/01/2023 02:00:00 - 25/01/2023 03:00:00","BZN|EE","Without Sequence","4.10","",""
"25/01/2023 03:00:00 - 25/01/2023 04:00:00","BZN|EE","Without Sequence","6.08","",""
"25/01/2023 04:00:00 - 25/01/2023 05:00:00","BZN|EE","Without Sequence","40.04","",""
"25/01/2023 05:00:00 - 25/01/2023 06:00:00","BZN|EE","Without Sequence","77.99","",""
"25/01/2023 06:00:00 - 25/01/2023 07:00:00","BZN|EE","Without Sequence","163.99","",""
"25/01/2023 07:00:00 - 25/01/2023 08:00:00","BZN|EE","Without Sequence","119.95","",""
"25/01/2023 08:00:00 - 25/01/2023 09:00:00","BZN|EE","Without Sequence","154.77","",""
"25/01/2023 09:00:00 - 25/01/2023 10:00:00","BZN|EE","Without Sequence","119.99","",""
"25/01/2023 10:00:00 - 25/01/2023 11:00:00","BZN|EE","Without Sequence","130.92","",""
"25/01/2023 11:00:00 - 25/01/2023 12:00:00","BZN|EE","Without Sequence","131.19","",""
"25/01/2023 12:00:00 - 25/01/2023 13:00:00","BZN|EE","Without Sequence","130.85","",""
"25/01/2023 13:00:00 - 25/01/2023 14:00:00","BZN|EE","Without Sequence","130.50","",""
"25/01/2023 14:00:00 - 25/01/2023 15:00:00","BZN|EE","Without Sequence","118.26","",""
"25/01/2023 15:00:00 - 25/01/2023 16:00:00","BZN|EE","Without Sequence","133.35","",""
"25/01/2023 16:00:00 - 25/01/2023 17:00:00","BZN|EE","Without Sequence","143.81","",""
"25/01/2023 17:00:00 - 25/01/2023 18:00:00","BZN|EE","Without Sequence","125.45","",""
"25/01/2023 18:00:00 - 25/01/2023 19:00:00","BZN|EE","Without Sequence","125.20","",""
"25/01/2023 19:00:00 - 25/01/2023 20:00:00","BZN|EE","Without Sequence","93.73","",""
"25/01/2023 20:00:00 - 25/01/2023 21:00:00","BZN|EE","Without Sequence","45.02","",""
"25/01/2023 21:00:00 - 25/01/2023 22:00:00","BZN|EE","Without Sequence","31.21","",""
"25/01/2023 22:00:00 - 25/01/2023 23:00:00","BZN|EE","Without Sequence","30.01","",""
"25/01/2023 23:00:00 - 26/01/2023 00:00:00","BZN|EE","Without Sequence","100.81","",""
"26/01/2023 00:00:00 - 26/01/2023 01:00:00","BZN|EE","Without Sequence","71.34","",""
"26/01/2023 01:00:00 - 26/01/2023 02:00:00","BZN|EE","Without Sequence","70.06","",""
"26/01/2023 02:00:00 - 26/01/2023 03:00:00","BZN|EE","Without Sequence","100.80","",""
"26/01/2023 03:00:00 - 26/01/2023 04:00:00","BZN|EE","Without Sequence","106.52","",""
"26/01/2023 04:00:00 - 26/01/2023 05:00:00","BZN|EE","Without Sequence","106.56","",""
"26/01/2023 05:00:00 - 26/01/2023 06:00:00","BZN|EE","Without Sequence","160.39","",""
"26/01/2023 06:00:00 - 26/01/2023 07:00:00","BZN|EE","Without Sequence","182.49","",""
"26/01/2023 07:00:00 - 26/01/2023 08:00:00","BZN|EE","Without Sequence","198.95","",""
"26/01/2023 08:00:00 - 26/01/2023 09:00:00","BZN|EE","Without Sequence","199.06","",""
"26/01/2023 09:00:00 - 26/01/2023 10:00:00","BZN|EE","Without Sequence","192.38","",""
"26/01/2023 10:00:00 - 26/01/2023 11:00:00","BZN|EE","Without Sequence","189.57","",""
"26/01/2023 11:00:00 - 26/01/2023 12:00:00","BZN|EE","Without Sequence","180.53","",""
"26/01/2023 12:00:00 - 26/01/2023 13:00:00","BZN|EE","Without Sequence","180.29","",""
"26/01/2023 13:00:00 - 26/01/2023 14:00:00","BZN|EE","Without Sequence","127.96","",""
"26/01/2023 14:00:00 - 26/01/2023 15:00:00","BZN|EE","Without Sequence","135.48","",""
"26/01/2023 15:00:00 - 26/01/2023 16:00:00","BZN|EE","Without Sequence","153.00","",""
"26/01/2023 16:00:00 - 26/01/2023 17:00:00","BZN|EE","Without Sequence","181.73","",""
"26/01/2023 17:00:00 - 26/01/2023 18:00:00","BZN|EE","Without Sequence","150.00","",""
"26/01/2023 18:00:00 - 26/01/2023 19:00:00","BZN|EE","Without Sequence","187.27","",""
"26/01/2023 19:00:00 - 26/01/2023 20:00:00","BZN|EE","Without Sequence","110.28","",""
"26/01/2023 20:00:00 - 26/01/2023 21:00:00","BZN|EE","Without Sequence","106.53","",""
"26/01/2023 21:00:00 - 26/01/2023 22:00:00","BZN|EE","Without Sequence","69.01","",""
"26/01/2023 22:00:00 - 26/01/2023 23:00:00","BZN|EE","Without Sequence","61.08","",""
"26/01/2023 23:00:00 - 27/01/2023 00:00:00","BZN|EE","Without Sequence","78.56","",""
"27/01/2023 00:00:00 - 27/01/2023 01:00:00","BZN|EE","Without Sequence","81.91","",""
"27/01/2023 01:00:00 - 27/01/2023 02:00:00","BZN|EE","Without Sequence","91.56","",""
"27/01/2023 02:00:00 - 27/01/2023 03:00:00","BZN|EE","Without Sequence","94.96","",""
"27/01/2023 03:00:00 - 27/01/2023 04:00:00","BZN|EE","Without Sequence","109.42","",""
"27/01/2023 04:00:00 - 27/01/2023 05:00:00","BZN|EE","Without Sequence","123.19","",""
"27/01/2023 05:00:00 - 27/01/2023 06:00:00","BZN|EE","Without Sequence","147.39","",""
"27/01/2023 06:00:00 - 27/01/2023 07:00:00","BZN|EE","Without Sequence","176.10","",""
"27/01/2023 07:00:00 - 27/01/2023 08:00:00","BZN|EE","Without Sequence","195.00","",""
"27/01/2023 08:00:00 - 27/01/2023 09:00:00","BZN|EE","Without Sequence","192.47","",""
"27/01/2023 09:00:00 - 27/01/2023 10:00:00","BZN|EE","Without Sequence","160.00","",""
"27/01/2023 10:00:00 - 27/01/2023 11:00:00","BZN|EE","Without Sequence","154.93","",""
"27/01/2023 11:00:00 - 27/01/2023 12:00:00","BZN|EE","Without Sequence","159.99","",""
"27/01/2023 12:00:00 - 27/01/2023 13:00:00","BZN|EE","Without Sequence","149.98","",""
"27/01/2023 13:00:00 - 27/01/2023 14:00:00","BZN|EE","Without Sequence","123.29","",""
"27/01/2023 14:00:00 - 27/01/2023 15:00:00","BZN|EE","Without Sequence","129.75","",""
"27/01/2023 15:00:00 - 27/01/2023 16:00:00","BZN|EE","Without Sequence","183.49","",""
"27/01/2023 16:00:00 - 27/01/2023 17:00:00","BZN|EE","Without Sequence","193.30","",""
"27/01/2023 17:00:00 - 27/01/2023 18:00:00","BZN|EE","Without Sequence","123.01","",""
"27/01/2023 18:00:00 - 27/01/2023 19:00:00","BZN|EE","Without Sequence","109.47","",""
"27/01/2023 19:00:00 - 27/01/2023 20:00:00","BZN|EE","Without Sequence","109.41","",""
"27/01/2023 20:00:00 - 27/01/2023 21:00:00","BZN|EE","Without Sequence","151.08","",""
"27/01/2023 21:00:00 - 27/01/2023 22:00:00","BZN|EE","Without Sequence","109.42","",""
"27/01/2023 22:00:00 - 27/01/2023 23:00:00","BZN|EE","Without Sequence","29.30","",""
"27/01/2023 23:00:00 - 28/01/2023 00:00:00","BZN|EE","Without Sequence","115.92","",""
"28/01/2023 00:00:00 - 28/01/2023 01:00:00","BZN|EE","Without Sequence","111.72","",""
"28/01/2023 01:00:00 - 28/01/2023 02:00:00","BZN|EE","Without Sequence","79.36","",""
"28/01/2023 02:00:00 - 28/01/2023 03:00:00","BZN|EE","Without Sequence","45.01","",""
"28/01/2023 03:00:00 - 28/01/2023 04:00:00","BZN|EE","Without Sequence","85.07","",""
"28/01/2023 04:00:00 - 28/01/2023 05:00:00","BZN|EE","Without Sequence","111.75","",""
"28/01/2023 05:00:00 - 28/01/2023 06:00:00","BZN|EE","Without Sequence","50.99","",""
"28/01/2023 06:00:00 - 28/01/2023 07:00:00","BZN|EE","Without Sequence","101.50","",""
"28/01/2023 07:00:00 - 28/01/2023 08:00:00","BZN|EE","Without Sequence","111.72","",""
"28/01/2023 08:00:00 - 28/01/2023 09:00:00","BZN|EE","Without Sequence","111.77","",""
"28/01/2023 09:00:00 - 28/01/2023 10:00:00","BZN|EE","Without Sequence","101.51","",""
"28/01/2023 10:00:00 - 28/01/2023 11:00:00","BZN|EE","Without Sequence","100.00","",""
"28/01/2023 11:00:00 - 28/01/2023 12:00:00","BZN|EE","Without Sequence","100.00","",""
"28/01/2023 12:00:00 - 28/01/2023 13:00:00","BZN|EE","Without Sequence","35.83","",""
"28/01/2023 13:00:00 - 28/01/2023 14:00:00","BZN|EE","Without Sequence","64.59","",""
"28/01/2023 14:00:00 - 28/01/2023 15:00:00","BZN|EE","Without Sequence","97.11","",""
"28/01/2023 15:00:00 - 28/01/2023 16:00:00","BZN|EE","Without Sequence","111.71","",""
"28/01/2023 16:00:00 - 28/01/2023 17:00:00","BZN|EE","Without Sequence","100.01","",""
"28/01/2023 17:00:00 - 28/01/2023 18:00:00","BZN|EE","Without Sequence","100.01","",""
"28/01/2023 18:00:00 - 28/01/2023 19:00:00","BZN|EE","Without Sequence","111.73","",""
"28/01/2023 19:00:00 - 28/01/2023 20:00:00","BZN|EE","Without Sequence","85.02","",""
"28/01/2023 20:00:00 - 28/01/2023 21:00:00","BZN|EE","Without Sequence","30.81","",""
"28/01/2023 21:00:00 - 28/01/2023 22:00:00","BZN|EE","Without Sequence","30.12","",""
"28/01/2023 22:00:00 - 28/01/2023 23:00:00","BZN|EE","Without Sequence","30.01","",""
"28/01/2023 23:00:00 - 29/01/2023 00:00:00","BZN|EE","Without Sequence","29.76","",""
"29/01/2023 00:00:00 - 29/01/2023 01:00:00","BZN|EE","Without Sequence","29.32","",""
"29/01/2023 01:00:00 - 29/01/2023 02:00:00","BZN|EE","Without Sequence","28.37","",""
"29/01/2023 02:00:00 - 29/01/2023 03:00:00","BZN|EE","Without Sequence","28.23","",""
"29/01/2023 03:00:00 - 29/01/2023 04:00:00","BZN|EE","Without Sequence","28.62","",""
"29/01/2023 04:00:00 - 29/01/2023 05:00:00","BZN|EE","Without Sequence","26.99","",""
"29/01/2023 05:00:00 - 29/01/2023 06:00:00","BZN|EE","Without Sequence","27.26","",""
"29/01/2023 06:00:00 - 29/01/2023 07:00:00","BZN|EE","Without Sequence","29.18","",""
"29/01/2023 07:00:00 - 29/01/2023 08:00:00","BZN|EE","Without Sequence","30.90","",""
"29/01/2023 08:00:00 - 29/01/2023 09:00:00","BZN|EE","Without Sequence","111.02","",""
"29/01/2023 09:00:00 - 29/01/2023 10:00:00","BZN|EE","Without Sequence","47.59","",""
"29/01/2023 10:00:00 - 29/01/2023 11:00:00","BZN|EE","Without Sequence","34.00","",""
"29/01/2023 11:00:00 - 29/01/2023 12:00:00","BZN|EE","Without Sequence","33.89","",""
"29/01/2023 12:00:00 - 29/01/2023 13:00:00","BZN|EE","Without Sequence","34.95","",""
"29/01/2023 13:00:00 - 29/01/2023 14:00:00","BZN|EE","Without Sequence","34.38","",""
"29/01/2023 14:00:00 - 29/01/2023 15:00:00","BZN|EE","Without Sequence","32.54","",""
"29/01/2023 15:00:00 - 29/01/2023 16:00:00","BZN|EE","Without Sequence","104.52","",""
"29/01/2023 16:00:00 - 29/01/2023 17:00:00","BZN|EE","Without Sequence","48.90","",""
"29/01/2023 17:00:00 - 29/01/2023 18:00:00","BZN|EE","Without Sequence","34.85","",""
"29/01/2023 18:00:00 - 29/01/2023 19:00:00","BZN|EE","Without Sequence","31.17","",""
"29/01/2023 19:00:00 - 29/01/2023 20:00:00","BZN|EE","Without Sequence","28.53","",""
"29/01/2023 20:00:00 - 29/01/2023 21:00:00","BZN|EE","Without Sequence","25.98","",""
"29/01/2023 21:00:00 - 29/01/2023 22:00:00","BZN|EE","Without Sequence","25.08","",""
"29/01/2023 22:00:00 - 29/01/2023 23:00:00","BZN|EE","Without Sequence","18.34","",""
"29/01/2023 23:00:00 - 30/01/2023 00:00:00","BZN|EE","Without Sequence","13.09","",""
"30/01/2023 00:00:00 - 30/01/2023 01:00:00","BZN|EE","Without Sequence","5.76","",""
"30/01/2023 01:00:00 - 30/01/2023 02:00:00","BZN|EE","Without Sequence","4.95","",""
"30/01/2023 02:00:00 - 30/01/2023 03:00:00","BZN|EE","Without Sequence","4.05","",""
"30/01/2023 03:00:00 - 30/01/2023 04:00:00","BZN|EE","Without Sequence","9.03","",""
"30/01/2023 04:00:00 - 30/01/2023 05:00:00","BZN|EE","Without Sequence","26.74","",""
"30/01/2023 05:00:00 - 30/01/2023 06:00:00","BZN|EE","Without Sequence","58.21","",""
"30/01/2023 06:00:00 - 30/01/2023 07:00:00","BZN|EE","Without Sequence","82.01","",""
"30/01/2023 07:00:00 - 30/01/2023 08:00:00","BZN|EE","Without Sequence","106.73","",""
"30/01/2023 08:00:00 - 30/01/2023 09:00:00","BZN|EE","Without Sequence","106.26","",""
"30/01/2023 09:00:00 - 30/01/2023 10:00:00","BZN|EE","Without Sequence","105.00","",""
"30/01/2023 10:00:00 - 30/01/2023 11:00:00","BZN|EE","Without Sequence","89.03","",""
"30/01/2023 11:00:00 - 30/01/2023 12:00:00","BZN|EE","Without Sequence","95.81","",""
"30/01/2023 12:00:00 - 30/01/2023 13:00:00","BZN|EE","Without Sequence","85.16","",""
"30/01/2023 13:00:00 - 30/01/2023 14:00:00","BZN|EE","Without Sequence","70.00","",""
"30/01/2023 14:00:00 - 30/01/2023 15:00:00","BZN|EE","Without Sequence","106.21","",""
"30/01/2023 15:00:00 - 30/01/2023 16:00:00","BZN|EE","Without Sequence","108.57","",""
"30/01/2023 16:00:00 - 30/01/2023 17:00:00","BZN|EE","Without Sequence","111.02","",""
"30/01/2023 17:00:00 - 30/01/2023 18:00:00","BZN|EE","Without Sequence","111.05","",""
"30/01/2023 18:00:00 - 30/01/2023 19:00:00","BZN|EE","Without Sequence","106.23","",""
"30/01/2023 19:00:00 - 30/01/2023 20:00:00","BZN|EE","Without Sequence","75.01","",""
"30/01/2023 20:00:00 - 30/01/2023 21:00:00","BZN|EE","Without Sequence","30.01","",""
"30/01/2023 21:00:00 - 30/01/2023 22:00:00","BZN|EE","Without Sequence","21.24","",""
"30/01/2023 22:00:00 - 30/01/2023 23:00:00","BZN|EE","Without Sequence","10.00","",""
"30/01/2023 23:00:00 - 31/01/2023 00:00:00","BZN|EE","Without Sequence","25.36","",""
"31/01/2023 00:00:00 - 31/01/2023 01:00:00","BZN|EE","Without Sequence","25.20","",""
"31/01/2023 01:00:00 - 31/01/2023 02:00:00","BZN|EE","Without Sequence","25.58","",""
"31/01/2023 02:00:00 - 31/01/2023 03:00:00","BZN|EE","Without Sequence","26.30","",""
"31/01/2023 03:00:00 - 31/01/2023 04:00:00","BZN|EE","Without Sequence","29.24","",""
"31/01/2023 04:00:00 - 31/01/2023 05:00:00","BZN|EE","Without Sequence","30.36","",""
"31/01/2023 05:00:00 - 31/01/2023 06:00:00","BZN|EE","Without Sequence","103.99","",""
"31/01/2023 06:00:00 - 31/01/2023 07:00:00","BZN|EE","Without Sequence","110.67","",""
"31/01/2023 07:00:00 - 31/01/2023 08:00:00","BZN|EE","Without Sequence","149.56","",""
"31/01/2023 08:00:00 - 31/01/2023 09:00:00","BZN|EE","Without Sequence","121.30","",""
"31/01/2023 09:00:00 - 31/01/2023 10:00:00","BZN|EE","Without Sequence","110.65","",""
"31/01/2023 10:00:00 - 31/01/2023 11:00:00","BZN|EE","Without Sequence","105.04","",""
"31/01/2023 11:00:00 - 31/01/2023 12:00:00","BZN|EE","Without Sequence","110.60","",""
"31/01/2023 12:00:00 - 31/01/2023 13:00:00","BZN|EE","Without Sequence","110.62","",""
"31/01/2023 13:00:00 - 31/01/2023 14:00:00","BZN|EE","Without Sequence","110.62","",""
"31/01/2023 14:00:00 - 31/01/2023 15:00:00","BZN|EE","Without Sequence","110.63","",""
"31/01/2023 15:00:00 - 31/01/2023 16:00:00","BZN|EE","Without Sequence","110.67","",""
"31/01/2023 16:00:00 - 31/01/2023 17:00:00","BZN|EE","Without Sequence","112.29","",""
"31/01/2023 17:00:00 - 31/01/2023 18:00:00","BZN|EE","Without Sequence","110.68","",""
"31/01/2023 18:00:00 - 31/01/2023 19:00:00","BZN|EE","Without Sequence","110.66","",""
"31/01/2023 19:00:00 - 31/01/2023 20:00:00","BZN|EE","Without Sequence","102.80","",""
"31/01/2023 20:00:00 - 31/01/2023 21:00:00","BZN|EE","Without Sequence","100.60","",""
"31/01/2023 21:00:00 - 31/01/2023 22:00:00","BZN|EE","Without Sequence","81.98","",""
"31/01/2023 22:00:00 - 31/01/2023 23:00:00","BZN|EE","Without Sequence","68.83","",""
"31/01/2023 23:00:00 - 01/02/2023 00:00:00","BZN|EE","Without Sequence","85.00","",""
"01/02/2023 00:00:00 - 01/02/2023 01:00:00","BZN|EE","Without Sequence","69.12","",""
"01/02/2023 01:00:00 - 01/02/2023 02:00:00","BZN|EE","Without Sequence","69.09","",""
"01/02/2023 02:00:00 - 01/02/2023 03:00:00","BZN|EE","Without Sequence","71.03","",""
"01/02/2023 03:00:00 - 01/02/2023 04:00:00","BZN|EE","Without Sequence","80.52","",""
"01/02/2023 04:00:00 - 01/02/2023 05:00:00","BZN|EE","Without Sequence","100.01","",""
"01/02/2023 05:00:00 - 01/02/2023 06:00:00","BZN|EE","Without Sequence","130.39","",""
"01/02/2023 06:00:00 - 01/02/2023 07:00:00","BZN|EE","Without Sequence","209.88","",""
"01/02/2023 07:00:00 - 01/02/2023 08:00:00","BZN|EE","Without Sequence","150.00","",""
"01/02/2023 08:00:00 - 01/02/2023 09:00:00","BZN|EE","Without Sequence","110.46","",""
"01/02/2023 09:00:00 - 01/02/2023 10:00:00","BZN|EE","Without Sequence","130.28","",""
"01/02/2023 10:00:00 - 01/02/2023 11:00:00","BZN|EE","Without Sequence","141.16","",""
"01/02/2023 11:00:00 - 01/02/2023 12:00:00","BZN|EE","Without Sequence","134.28","",""
"01/02/2023 12:00:00 - 01/02/2023 13:00:00","BZN|EE","Without Sequence","149.99","",""
"01/02/2023 13:00:00 - 01/02/2023 14:00:00","BZN|EE","Without Sequence","134.87","",""
"01/02/2023 14:00:00 - 01/02/2023 15:00:00","BZN|EE","Without Sequence","134.37","",""
"01/02/2023 15:00:00 - 01/02/2023 16:00:00","BZN|EE","Without Sequence","150.00","",""
"01/02/2023 16:00:00 - 01/02/2023 17:00:00","BZN|EE","Without Sequence","143.63","",""
"01/02/2023 17:00:00 - 01/02/2023 18:00:00","BZN|EE","Without Sequence","144.97","",""
"01/02/2023 18:00:00 - 01/02/2023 19:00:00","BZN|EE","Without Sequence","111.75","",""
"01/02/2023 19:00:00 - 01/02/2023 20:00:00","BZN|EE","Without Sequence","111.97","",""
"01/02/2023 20:00:00 - 01/02/2023 21:00:00","BZN|EE","Without Sequence","109.89","",""
"01/02/2023 21:00:00 - 01/02/2023 22:00:00","BZN|EE","Without Sequence","95.92","",""
"01/02/2023 22:00:00 - 01/02/2023 23:00:00","BZN|EE","Without Sequence","84.99","",""
"01/02/2023 23:00:00 - 02/02/2023 00:00:00","BZN|EE","Without Sequence","92.36","",""
"02/02/2023 00:00:00 - 02/02/2023 01:00:00","BZN|EE","Without Sequence","92.25","",""
"02/02/2023 01:00:00 - 02/02/2023 02:00:00","BZN|EE","Without Sequence","90.71","",""
"02/02/2023 02:00:00 - 02/02/2023 03:00:00","BZN|EE","Without Sequence","92.22","",""
"02/02/2023 03:00:00 - 02/02/2023 04:00:00","BZN|EE","Without Sequence","92.37","",""
"02/02/2023 04:00:00 - 02/02/2023 05:00:00","BZN|EE","Without Sequence","84.84","",""
"02/02/2023 05:00:00 - 02/02/2023 06:00:00","BZN|EE","Without Sequence","124.23","",""
"02/02/2023 06:00:00 - 02/02/2023 07:00:00","BZN|EE","Without Sequence","138.93","",""
"02/02/2023 07:00:00 - 02/02/2023 08:00:00","BZN|EE","Without Sequence","170.27","",""
"02/02/2023 08:00:00 - 02/02/2023 09:00:00","BZN|EE","Without Sequence","178.20","",""
"02/02/2023 09:00:00 - 02/02/2023 10:00:00","BZN|EE","Without Sequence","170.09","",""
"02/02/2023 10:00:00 - 02/02/2023 11:00:00","BZN|EE","Without Sequence","167.21","",""
"02/02/2023 11:00:00 - 02/02/2023 12:00:00","BZN|EE","Without Sequence","156.86","",""
"02/02/2023 12:00:00 - 02/02/2023 13:00:00","BZN|EE","Without Sequence","152.74","",""
"02/02/2023 13:00:00 - 02/02/2023 14:00:00","BZN|EE","Without Sequence","157.57","",""
"02/02/2023 14:00:00 - 02/02/2023 15:00:00","BZN|EE","Without Sequence","159.47","",""
"02/02/2023 15:00:00 - 02/02/2023 16:00:00","BZN|EE","Without Sequence","167.28","",""
"02/02/2023 16:00:00 - 02/02/2023 17:00:00","BZN|EE","Without Sequence","178.17","",""
"02/02/2023 17:00:00 - 02/02/2023 18:00:00","BZN|EE","Without Sequence","183.12","",""
"02/02/2023 18:00:00 - 02/02/2023 19:00:00","BZN|EE","Without Sequence","172.18","",""
"02/02/2023 19:00:00 - 02/02/2023 20:00:00","BZN|EE","Without Sequence","142.09","",""
"02/02/2023 20:00:00 - 02/02/2023 21:00:00","BZN|EE","Without Sequence","140.09","",""
"02/02/2023 21:00:00 - 02/02/2023 22:00:00","BZN|EE","Without Sequence","127.03","",""
"02/02/2023 22:00:00 - 02/02/2023 23:00:00","BZN|EE","Without Sequence","103.93","",""
"02/02/2023 23:00:00 - 03/02/2023 00:00:00","BZN|EE","Without Sequence","108.30","",""
"03/02/2023 00:00:00 - 03/02/2023 01:00:00","BZN|EE","Without Sequence","101.38","",""
"03/02/2023 01:00:00 - 03/02/2023 02:00:00","BZN|EE","Without Sequence","95.02","",""
"03/02/2023 02:00:00 - 03/02/2023 03:00:00","BZN|EE","Without Sequence","89.49","",""
"03/02/2023 03:00:00 - 03/02/2023 04:00:00","BZN|EE","Without Sequence","103.03","",""
"03/02/2023 04:00:00 - 03/02/2023 05:00:00","BZN|EE","Without Sequence","126.44","",""
"03/02/2023 05:00:00 - 03/02/2023 06:00:00","BZN|EE","Without Sequence","148.66","",""
"03/02/2023 06:00:00 - 03/02/2023 07:00:00","BZN|EE","Without Sequence","160.65","",""
"03/02/2023 07:00:00 - 03/02/2023 08:00:00","BZN|EE","Without Sequence","164.89","",""
"03/02/2023 08:00:00 - 03/02/2023 09:00:00","BZN|EE","Without Sequence","159.58","",""
"03/02/2023 09:00:00 - 03/02/2023 10:00:00","BZN|EE","Without Sequence","139.65","",""
"03/02/2023 10:00:00 - 03/02/2023 11:00:00","BZN|EE","Without Sequence","149.35","",""
"03/02/2023 11:00:00 - 03/02/2023 12:00:00","BZN|EE","Without Sequence","145.56","",""
"03/02/2023 12:00:00 - 03/02/2023 13:00:00","BZN|EE","Without Sequence","141.66","",""
"03/02/2023 13:00:00 - 03/02/2023 14:00:00","BZN|EE","Without Sequence","135.08","",""
"03/02/2023 14:00:00 - 03/02/2023 15:00:00","BZN|EE","Without Sequence","189.85","",""
"03/02/2023 15:00:00 - 03/02/2023 16:00:00","BZN|EE","Without Sequence","155.48","",""
"03/02/2023 16:00:00 - 03/02/2023 17:00:00","BZN|EE","Without Sequence","155.47","",""
"03/02/2023 17:00:00 - 03/02/2023 18:00:00","BZN|EE","Without Sequence","165.48","",""
"03/02/2023 18:00:00 - 03/02/2023 19:00:00","BZN|EE","Without Sequence","141.47","",""
"03/02/2023 19:00:00 - 03/02/2023 20:00:00","BZN|EE","Without Sequence","113.77","",""
"03/02/2023 20:00:00 - 03/02/2023 21:00:00","BZN|EE","Without Sequence","105.21","",""
"03/02/2023 21:00:00 - 03/02/2023 22:00:00","BZN|EE","Without Sequence","98.13","",""
"03/02/2023 22:00:00 - 03/02/2023 23:00:00","BZN|EE","Without Sequence","82.69","",""
"03/02/2023 23:00:00 - 04/02/2023 00:00:00","BZN|EE","Without Sequence","87.96","",""
"04/02/2023 00:00:00 - 04/02/2023 01:00:00","BZN|EE","Without Sequence","72.39","",""
"04/02/2023 01:00:00 - 04/02/2023 02:00:00","BZN|EE","Without Sequence","73.04","",""
"04/02/2023 02:00:00 - 04/02/2023 03:00:00","BZN|EE","Without Sequence","74.95","",""
"04/02/2023 03:00:00 - 04/02/2023 04:00:00","BZN|EE","Without Sequence","85.94","",""
"04/02/2023 04:00:00 - 04/02/2023 05:00:00","BZN|EE","Without Sequence","119.63","",""
"04/02/2023 05:00:00 - 04/02/2023 06:00:00","BZN|EE","Without Sequence","121.48","",""
"04/02/2023 06:00:00 - 04/02/2023 07:00:00","BZN|EE","Without Sequence","124.25","",""
"04/02/2023 07:00:00 - 04/02/2023 08:00:00","BZN|EE","Without Sequence","135.88","",""
"04/02/2023 08:00:00 - 04/02/2023 09:00:00","BZN|EE","Without Sequence","165.76","",""
"04/02/2023 09:00:00 - 04/02/2023 10:00:00","BZN|EE","Without Sequence","160.17","",""
"04/02/2023 10:00:00 - 04/02/2023 11:00:00","BZN|EE","Without Sequence","152.63","",""
"04/02/2023 11:00:00 - 04/02/2023 12:00:00","BZN|EE","Without Sequence","145.27","",""
"04/02/2023 12:00:00 - 04/02/2023 13:00:00","BZN|EE","Without Sequence","130.17","",""
"04/02/2023 13:00:00 - 04/02/2023 14:00:00","BZN|EE","Without Sequence","130.87","",""
"04/02/2023 14:00:00 - 04/02/2023 15:00:00","BZN|EE","Without Sequence","138.21","",""
"04/02/2023 15:00:00 - 04/02/2023 16:00:00","BZN|EE","Without Sequence","155.36","",""
"04/02/2023 16:00:00 - 04/02/2023 17:00:00","BZN|EE","Without Sequence","170.29","",""
"04/02/2023 17:00:00 - 04/02/2023 18:00:00","BZN|EE","Without Sequence","179.74","",""
"04/02/2023 18:00:00 - 04/02/2023 19:00:00","BZN|EE","Without Sequence","137.41","",""
"04/02/2023 19:00:00 - 04/02/2023 20:00:00","BZN|EE","Without Sequence","153.43","",""
"04/02/2023 20:00:00 - 04/02/2023 21:00:00","BZN|EE","Without Sequence","154.34","",""
"04/02/2023 21:00:00 - 04/02/2023 22:00:00","BZN|EE","Without Sequence","131.62","",""
"04/02/2023 22:00:00 - 04/02/2023 23:00:00","BZN|EE","Without Sequence","108.03","",""
"04/02/2023 23:00:00 - 05/02/2023 00:00:00","BZN|EE","Without Sequence","111.95","",""
"05/02/2023 00:00:00 - 05/02/2023 01:00:00","BZN|EE","Without Sequence","111.91","",""
"05/02/2023 01:00:00 - 05/02/2023 02:00:00","BZN|EE","Without Sequence","103.67","",""
"05/02/2023 02:00:00 - 05/02/2023 03:00:00","BZN|EE","Without Sequence","103.39","",""
"05/02/2023 03:00:00 - 05/02/2023 04:00:00","BZN|EE","Without Sequence","111.96","",""
"05/02/2023 04:00:00 - 05/02/2023 05:00:00","BZN|EE","Without Sequence","114.02","",""
"05/02/2023 05:00:00 - 05/02/2023 06:00:00","BZN|EE","Without Sequence","49.41","",""
"05/02/2023 06:00:00 - 05/02/2023 07:00:00","BZN|EE","Without Sequence","88.00","",""
"05/02/2023 07:00:00 - 05/02/2023 08:00:00","BZN|EE","Without Sequence","120.81","",""
"05/02/2023 08:00:00 - 05/02/2023 09:00:00","BZN|EE","Without Sequence","118.06","",""
"05/02/2023 09:00:00 - 05/02/2023 10:00:00","BZN|EE","Without Sequence","117.32","",""
"05/02/2023 10:00:00 - 05/02/2023 11:00:00","BZN|EE","Without Sequence","121.94","",""
"05/02/2023 11:00:00 - 05/02/2023 12:00:00","BZN|EE","Without Sequence","115.94","",""
"05/02/2023 12:00:00 - 05/02/2023 13:00:00","BZN|EE","Without Sequence","106.95","",""
"05/02/2023 13:00:00 - 05/02/2023 14:00:00","BZN|EE","Without Sequence","109.69","",""
"05/02/2023 14:00:00 - 05/02/2023 15:00:00","BZN|EE","Without Sequence","116.44","",""
"05/02/2023 15:00:00 - 05/02/2023 16:00:00","BZN|EE","Without Sequence","119.97","",""
"05/02/2023 16:00:00 - 05/02/2023 17:00:00","BZN|EE","Without Sequence","141.91","",""
"05/02/2023 17:00:00 - 05/02/2023 18:00:00","BZN|EE","Without Sequence","129.75","",""
"05/02/2023 18:00:00 - 05/02/2023 19:00:00","BZN|EE","Without Sequence","127.35","",""
"05/02/2023 19:00:00 - 05/02/2023 20:00:00","BZN|EE","Without Sequence","120.51","",""
"05/02/2023 20:00:00 - 05/02/2023 21:00:00","BZN|EE","Without Sequence","119.92","",""
"05/02/2023 21:00:00 - 05/02/2023 22:00:00","BZN|EE","Without Sequence","119.96","",""
"05/02/2023 22:00:00 - 05/02/2023 23:00:00","BZN|EE","Without Sequence","74.15","",""
"05/02/2023 23:00:00 - 06/02/2023 00:00:00","BZN|EE","Without Sequence","105.25","",""
"06/02/2023 00:00:00 - 06/02/2023 01:00:00","BZN|EE","Without Sequence","84.93","",""
"06/02/2023 01:00:00 - 06/02/2023 02:00:00","BZN|EE","Without Sequence","79.08","",""
"06/02/2023 02:00:00 - 06/02/2023 03:00:00","BZN|EE","Without Sequence","89.99","",""
"06/02/2023 03:00:00 - 06/02/2023 04:00:00","BZN|EE","Without Sequence","120.01","",""
"06/02/2023 04:00:00 - 06/02/2023 05:00:00","BZN|EE","Without Sequence","145.35","",""
"06/02/2023 05:00:00 - 06/02/2023 06:00:00","BZN|EE","Without Sequence","175.67","",""
"06/02/2023 06:00:00 - 06/02/2023 07:00:00","BZN|EE","Without Sequence","200.65","",""
"06/02/2023 07:00:00 - 06/02/2023 08:00:00","BZN|EE","Without Sequence","213.39","",""
"06/02/2023 08:00:00 - 06/02/2023 09:00:00","BZN|EE","Without Sequence","200.65","",""
"06/02/2023 09:00:00 - 06/02/2023 10:00:00","BZN|EE","Without Sequence","185.08","",""
"06/02/2023 10:00:00 - 06/02/2023 11:00:00","BZN|EE","Without Sequence","179.84","",""
"06/02/2023 11:00:00 - 06/02/2023 12:00:00","BZN|EE","Without Sequence","168.72","",""
"06/02/2023 12:00:00 - 06/02/2023 13:00:00","BZN|EE","Without Sequence","159.28","",""
"06/02/2023 13:00:00 - 06/02/2023 14:00:00","BZN|EE","Without Sequence","163.44","",""
"06/02/2023 14:00:00 - 06/02/2023 15:00:00","BZN|EE","Without Sequence","169.63","",""
"06/02/2023 15:00:00 - 06/02/2023 16:00:00","BZN|EE","Without Sequence","181.80","",""
"06/02/2023 16:00:00 - 06/02/2023 17:00:00","BZN|EE","Without Sequence","198.94","",""
"06/02/2023 17:00:00 - 06/02/2023 18:00:00","BZN|EE","Without Sequence","213.50","",""
"06/02/2023 18:00:00 - 06/02/2023 19:00:00","BZN|EE","Without Sequence","200.45","",""
"06/02/2023 19:00:00 - 06/02/2023 20:00:00","BZN|EE","Without Sequence","111.99","",""
"06/02/2023 20:00:00 - 06/02/2023 21:00:00","BZN|EE","Without Sequence","162.48","",""
"06/02/2023 21:00:00 - 06/02/2023 22:00:00","BZN|EE","Without Sequence","111.96","",""
"06/02/2023 22:00:00 - 06/02/2023 23:00:00","BZN|EE","Without Sequence","105.23","",""
"06/02/2023 23:00:00 - 07/02/2023 00:00:00","BZN|EE","Without Sequence","113.10","",""
"07/02/2023 00:00:00 - 07/02/2023 01:00:00","BZN|EE","Without Sequence","106.58","",""
"07/02/2023 01:00:00 - 07/02/2023 02:00:00","BZN|EE","Without Sequence","106.57","",""
"07/02/2023 02:00:00 - 07/02/2023 03:00:00","BZN|EE","Without Sequence","106.57","",""
"07/02/2023 03:00:00 - 07/02/2023 04:00:00","BZN|EE","Without Sequence","113.11","",""
"07/02/2023 04:00:00 - 07/02/2023 05:00:00","BZN|EE","Without Sequence","113.19","",""
"07/02/2023 05:00:00 - 07/02/2023 06:00:00","BZN|EE","Without Sequence","166.45","",""
"07/02/2023 06:00:00 - 07/02/2023 07:00:00","BZN|EE","Without Sequence","193.28","",""
"07/02/2023 07:00:00 - 07/02/2023 08:00:00","BZN|EE","Without Sequence","214.16","",""
"07/02/2023 08:00:00 - 07/02/2023 09:00:00","BZN|EE","Without Sequence","191.85","",""
"07/02/2023 09:00:00 - 07/02/2023 10:00:00","BZN|EE","Without Sequence","173.34","",""
"07/02/2023 10:00:00 - 07/02/2023 11:00:00","BZN|EE","Without Sequence","172.51","",""
"07/02/2023 11:00:00 - 07/02/2023 12:00:00","BZN|EE","Without Sequence","173.95","",""
"07/02/2023 12:00:00 - 07/02/2023 13:00:00","BZN|EE","Without Sequence","180.09","",""
"07/02/2023 13:00:00 - 07/02/2023 14:00:00","BZN|EE","Without Sequence","180.09","",""
"07/02/2023 14:00:00 - 07/02/2023 15:00:00","BZN|EE","Without Sequence","172.28","",""
"07/02/2023 15:00:00 - 07/02/2023 16:00:00","BZN|EE","Without Sequence","185.42","",""
"07/02/2023 16:00:00 - 07/02/2023 17:00:00","BZN|EE","Without Sequence","216.93","",""
"07/02/2023 17:00:00 - 07/02/2023 18:00:00","BZN|EE","Without Sequence","179.99","",""
"07/02/2023 18:00:00 - 07/02/2023 19:00:00","BZN|EE","Without Sequence","113.16","",""
"07/02/2023 19:00:00 - 07/02/2023 20:00:00","BZN|EE","Without Sequence","113.12","",""
"07/02/2023 20:00:00 - 07/02/2023 21:00:00","BZN|EE","Without Sequence","120.55","",""
"07/02/2023 21:00:00 - 07/02/2023 22:00:00","BZN|EE","Without Sequence","120.56","",""
"07/02/2023 22:00:00 - 07/02/2023 23:00:00","BZN|EE","Without Sequence","117.03","",""
"07/02/2023 23:00:00 - 08/02/2023 00:00:00","BZN|EE","Without Sequence","79.93","",""
"08/02/2023 00:00:00 - 08/02/2023 01:00:00","BZN|EE","Without Sequence","78.13","",""
"08/02/2023 01:00:00 - 08/02/2023 02:00:00","BZN|EE","Without Sequence","71.61","",""
"08/02/2023 02:00:00 - 08/02/2023 03:00:00","BZN|EE","Without Sequence","64.99","",""
"08/02/2023 03:00:00 - 08/02/2023 04:00:00","BZN|EE","Without Sequence","65.00","",""
"08/02/2023 04:00:00 - 08/02/2023 05:00:00","BZN|EE","Without Sequence","110.53","",""
"08/02/2023 05:00:00 - 08/02/2023 06:00:00","BZN|EE","Without Sequence","127.13","",""
"08/02/2023 06:00:00 - 08/02/2023 07:00:00","BZN|EE","Without Sequence","191.92","",""
"08/02/2023 07:00:00 - 08/02/2023 08:00:00","BZN|EE","Without Sequence","211.00","",""
"08/02/2023 08:00:00 - 08/02/2023 09:00:00","BZN|EE","Without Sequence","173.48","",""
"08/02/2023 09:00:00 - 08/02/2023 10:00:00","BZN|EE","Without Sequence","128.00","",""
"08/02/2023 10:00:00 - 08/02/2023 11:00:00","BZN|EE","Without Sequence","131.80","",""
"08/02/2023 11:00:00 - 08/02/2023 12:00:00","BZN|EE","Without Sequence","148.03","",""
"08/02/2023 12:00:00 - 08/02/2023 13:00:00","BZN|EE","Without Sequence","151.43","",""
"08/02/2023 13:00:00 - 08/02/2023 14:00:00","BZN|EE","Without Sequence","163.97","",""
"08/02/2023 14:00:00 - 08/02/2023 15:00:00","BZN|EE","Without Sequence","166.27","",""
"08/02/2023 15:00:00 - 08/02/2023 16:00:00","BZN|EE","Without Sequence","182.90","",""
"08/02/2023 16:00:00 - 08/02/2023 17:00:00","BZN|EE","Without Sequence","183.99","",""
"08/02/2023 17:00:00 - 08/02/2023 18:00:00","BZN|EE","Without Sequence","127.36","",""
"08/02/2023 18:00:00 - 08/02/2023 19:00:00","BZN|EE","Without Sequence","110.59","",""
"08/02/2023 19:00:00 - 08/02/2023 20:00:00","BZN|EE","Without Sequence","30.00","",""
"08/02/2023 20:00:00 - 08/02/2023 21:00:00","BZN|EE","Without Sequence","30.10","",""
"08/02/2023 21:00:00 - 08/02/2023 22:00:00","BZN|EE","Without Sequence","40.04","",""
"08/02/2023 22:00:00 - 08/02/2023 23:00:00","BZN|EE","Without Sequence","13.93","",""
"08/02/2023 23:00:00 - 09/02/2023 00:00:00","BZN|EE","Without Sequence","70.08","",""
"09/02/2023 00:00:00 - 09/02/2023 01:00:00","BZN|EE","Without Sequence","60.05","",""
"09/02/2023 01:00:00 - 09/02/2023 02:00:00","BZN|EE","Without Sequence","30.00","",""
"09/02/2023 02:00:00 - 09/02/2023 03:00:00","BZN|EE","Without Sequence","30.76","",""
"09/02/2023 03:00:00 - 09/02/2023 04:00:00","BZN|EE","Without Sequence","60.06","",""
"09/02/2023 04:00:00 - 09/02/2023 05:00:00","BZN|EE","Without Sequence","50.10","",""
"09/02/2023 05:00:00 - 09/02/2023 06:00:00","BZN|EE","Without Sequence","81.82","",""
"09/02/2023 06:00:00 - 09/02/2023 07:00:00","BZN|EE","Without Sequence","127.95","",""
"09/02/2023 07:00:00 - 09/02/2023 08:00:00","BZN|EE","Without Sequence","127.92","",""
"09/02/2023 08:00:00 - 09/02/2023 09:00:00","BZN|EE","Without Sequence","110.87","",""
"09/02/2023 09:00:00 - 09/02/2023 10:00:00","BZN|EE","Without Sequence","110.83","",""
"09/02/2023 10:00:00 - 09/02/2023 11:00:00","BZN|EE","Without Sequence","110.83","",""
"09/02/2023 11:00:00 - 09/02/2023 12:00:00","BZN|EE","Without Sequence","110.81","",""
"09/02/2023 12:00:00 - 09/02/2023 13:00:00","BZN|EE","Without Sequence","73.44","",""
"09/02/2023 13:00:00 - 09/02/2023 14:00:00","BZN|EE","Without Sequence","78.62","",""
"09/02/2023 14:00:00 - 09/02/2023 15:00:00","BZN|EE","Without Sequence","110.81","",""
"09/02/2023 15:00:00 - 09/02/2023 16:00:00","BZN|EE","Without Sequence","110.87","",""
"09/02/2023 16:00:00 - 09/02/2023 17:00:00","BZN|EE","Without Sequence","110.88","",""
"09/02/2023 17:00:00 - 09/02/2023 18:00:00","BZN|EE","Without Sequence","110.89","",""
"09/02/2023 18:00:00 - 09/02/2023 19:00:00","BZN|EE","Without Sequence","110.86","",""
"09/02/2023 19:00:00 - 09/02/2023 20:00:00","BZN|EE","Without Sequence","23.43","",""
"09/02/2023 20:00:00 - 09/02/2023 21:00:00","BZN|EE","Without Sequence","30.02","",""
"09/02/2023 21:00:00 - 09/02/2023 22:00:00","BZN|EE","Without Sequence","40.00","",""
"09/02/2023 22:00:00 - 09/02/2023 23:00:00","BZN|EE","Without Sequence","20.07","",""
"09/02/2023 23:00:00 - 10/02/2023 00:00:00","BZN|EE","Without Sequence","18.32","",""
"10/02/2023 00:00:00 - 10/02/2023 01:00:00","BZN|EE","Without Sequence","17.87","",""
"10/02/2023 01:00:00 - 10/02/2023 02:00:00","BZN|EE","Without Sequence","17.84","",""
"10/02/2023 02:00:00 - 10/02/2023 03:00:00","BZN|EE","Without Sequence","18.88","",""
"10/02/2023 03:00:00 - 10/02/2023 04:00:00","BZN|EE","Without Sequence","23.86","",""
"10/02/2023 04:00:00 - 10/02/2023 05:00:00","BZN|EE","Without Sequence","34.99","",""
"10/02/2023 05:00:00 - 10/02/2023 06:00:00","BZN|EE","Without Sequence","90.00","",""
"10/02/2023 06:00:00 - 10/02/2023 07:00:00","BZN|EE","Without Sequence","91.62","",""
"10/02/2023 07:00:00 - 10/02/2023 08:00:00","BZN|EE","Without Sequence","116.42","",""
"10/02/2023 08:00:00 - 10/02/2023 09:00:00","BZN|EE","Without Sequence","111.11","",""
"10/02/2023 09:00:00 - 10/02/2023 10:00:00","BZN|EE","Without Sequence","85.90","",""
"10/02/2023 10:00:00 - 10/02/2023 11:00:00","BZN|EE","Without Sequence","73.75","",""
"10/02/2023 11:00:00 - 10/02/2023 12:00:00","BZN|EE","Without Sequence","94.93","",""
"10/02/2023 12:00:00 - 10/02/2023 13:00:00","BZN|EE","Without Sequence","89.54","",""
"10/02/2023 13:00:00 - 10/02/2023 14:00:00","BZN|EE","Without Sequence","111.12","",""
"10/02/2023 14:00:00 - 10/02/2023 15:00:00","BZN|EE","Without Sequence","67.27","",""
"10/02/2023 15:00:00 - 10/02/2023 16:00:00","BZN|EE","Without Sequence","111.15","",""
"10/02/2023 16:00:00 - 10/02/2023 17:00:00","BZN|EE","Without Sequence","111.15","",""
"10/02/2023 17:00:00 - 10/02/2023 18:00:00","BZN|EE","Without Sequence","85.36","",""
"10/02/2023 18:00:00 - 10/02/2023 19:00:00","BZN|EE","Without Sequence","111.14","",""
"10/02/2023 19:00:00 - 10/02/2023 20:00:00","BZN|EE","Without Sequence","85.08","",""
"10/02/2023 20:00:00 - 10/02/2023 21:00:00","BZN|EE","Without Sequence","111.12","",""
"10/02/2023 21:00:00 - 10/02/2023 22:00:00","BZN|EE","Without Sequence","30.06","",""
"10/02/2023 22:00:00 - 10/02/2023 23:00:00","BZN|EE","Without Sequence","30.01","",""
"10/02/2023 23:00:00 - 11/02/2023 00:00:00","BZN|EE","Without Sequence","32.46","",""
"11/02/2023 00:00:00 - 11/02/2023 01:00:00","BZN|EE","Without Sequence","63.44","",""
"11/02/2023 01:00:00 - 11/02/2023 02:00:00","BZN|EE","Without Sequence","45.01","",""
"11/02/2023 02:00:00 - 11/02/2023 03:00:00","BZN|EE","Without Sequence","57.93","",""
"11/02/2023 03:00:00 - 11/02/2023 04:00:00","BZN|EE","Without Sequence","73.62","",""
"11/02/2023 04:00:00 - 11/02/2023 05:00:00","BZN|EE","Without Sequence","67.53","",""
"11/02/2023 05:00:00 - 11/02/2023 06:00:00","BZN|EE","Without Sequence","59.99","",""
"11/02/2023 06:00:00 - 11/02/2023 07:00:00","BZN|EE","Without Sequence","64.29","",""
"11/02/2023 07:00:00 - 11/02/2023 08:00:00","BZN|EE","Without Sequence","103.03","",""
"11/02/2023 08:00:00 - 11/02/2023 09:00:00","BZN|EE","Without Sequence","111.86","",""
"11/02/2023 09:00:00 - 11/02/2023 10:00:00","BZN|EE","Without Sequence","106.83","",""
"11/02/2023 10:00:00 - 11/02/2023 11:00:00","BZN|EE","Without Sequence","78.99","",""
"11/02/2023 11:00:00 - 11/02/2023 12:00:00","BZN|EE","Without Sequence","66.55","",""
"11/02/2023 12:00:00 - 11/02/2023 13:00:00","BZN|EE","Without Sequence","56.21","",""
"11/02/2023 13:00:00 - 11/02/2023 14:00:00","BZN|EE","Without Sequence","57.56","",""
"11/02/2023 14:00:00 - 11/02/2023 15:00:00","BZN|EE","Without Sequence","111.81","",""
"11/02/2023 15:00:00 - 11/02/2023 16:00:00","BZN|EE","Without Sequence","111.83","",""
"11/02/2023 16:00:00 - 11/02/2023 17:00:00","BZN|EE","Without Sequence","111.80","",""
"11/02/2023 17:00:00 - 11/02/2023 18:00:00","BZN|EE","Without Sequence","111.87","",""
"11/02/2023 18:00:00 - 11/02/2023 19:00:00","BZN|EE","Without Sequence","108.74","",""
"11/02/2023 19:00:00 - 11/02/2023 20:00:00","BZN|EE","Without Sequence","111.83","",""
"11/02/2023 20:00:00 - 11/02/2023 21:00:00","BZN|EE","Without Sequence","109.28","",""
"11/02/2023 21:00:00 - 11/02/2023 22:00:00","BZN|EE","Without Sequence","94.50","",""
"11/02/2023 22:00:00 - 11/02/2023 23:00:00","BZN|EE","Without Sequence","86.63","",""
"11/02/2023 23:00:00 - 12/02/2023 00:00:00","BZN|EE","Without Sequence","121.25","",""
"12/02/2023 00:00:00 - 12/02/2023 01:00:00","BZN|EE","Without Sequence","110.27","",""
"12/02/2023 01:00:00 - 12/02/2023 02:00:00","BZN|EE","Without Sequence","33.50","",""
"12/02/2023 02:00:00 - 12/02/2023 03:00:00","BZN|EE","Without Sequence","70.04","",""
"12/02/2023 03:00:00 - 12/02/2023 04:00:00","BZN|EE","Without Sequence","111.82","",""
"12/02/2023 04:00:00 - 12/02/2023 05:00:00","BZN|EE","Without Sequence","111.87","",""
"12/02/2023 05:00:00 - 12/02/2023 06:00:00","BZN|EE","Without Sequence","111.85","",""
"12/02/2023 06:00:00 - 12/02/2023 07:00:00","BZN|EE","Without Sequence","111.88","",""
"12/02/2023 07:00:00 - 12/02/2023 08:00:00","BZN|EE","Without Sequence","130.01","",""
"12/02/2023 08:00:00 - 12/02/2023 09:00:00","BZN|EE","Without Sequence","130.03","",""
"12/02/2023 09:00:00 - 12/02/2023 10:00:00","BZN|EE","Without Sequence","130.00","",""
"12/02/2023 10:00:00 - 12/02/2023 11:00:00","BZN|EE","Without Sequence","111.87","",""
"12/02/2023 11:00:00 - 12/02/2023 12:00:00","BZN|EE","Without Sequence","111.83","",""
"12/02/2023 12:00:00 - 12/02/2023 13:00:00","BZN|EE","Without Sequence","111.88","",""
"12/02/2023 13:00:00 - 12/02/2023 14:00:00","BZN|EE","Without Sequence","111.88","",""
"12/02/2023 14:00:00 - 12/02/2023 15:00:00","BZN|EE","Without Sequence","111.85","",""
"12/02/2023 15:00:00 - 12/02/2023 16:00:00","BZN|EE","Without Sequence","111.90","",""
"12/02/2023 16:00:00 - 12/02/2023 17:00:00","BZN|EE","Without Sequence","130.03","",""
"12/02/2023 17:00:00 - 12/02/2023 18:00:00","BZN|EE","Without Sequence","130.00","",""
"12/02/2023 18:00:00 - 12/02/2023 19:00:00","BZN|EE","Without Sequence","111.86","",""
"12/02/2023 19:00:00 - 12/02/2023 20:00:00","BZN|EE","Without Sequence","111.86","",""
"12/02/2023 20:00:00 - 12/02/2023 21:00:00","BZN|EE","Without Sequence","111.87","",""
"12/02/2023 21:00:00 - 12/02/2023 22:00:00","BZN|EE","Without Sequence","20.07","",""
"12/02/2023 22:00:00 - 12/02/2023 23:00:00","BZN|EE","Without Sequence","16.16","",""
"12/02/2023 23:00:00 - 13/02/2023 00:00:00","BZN|EE","Without Sequence","110.01","",""
"13/02/2023 00:00:00 - 13/02/2023 01:00:00","BZN|EE","Without Sequence","110.01","",""
"13/02/2023 01:00:00 - 13/02/2023 02:00:00","BZN|EE","Without Sequence","13.67","",""
"13/02/2023 02:00:00 - 13/02/2023 03:00:00","BZN|EE","Without Sequence","12.68","",""
"13/02/2023 03:00:00 - 13/02/2023 04:00:00","BZN|EE","Without Sequence","100.00","",""
"13/02/2023 04:00:00 - 13/02/2023 05:00:00","BZN|EE","Without Sequence","136.77","",""
"13/02/2023 05:00:00 - 13/02/2023 06:00:00","BZN|EE","Without Sequence","140.03","",""
"13/02/2023 06:00:00 - 13/02/2023 07:00:00","BZN|EE","Without Sequence","196.08","",""
"13/02/2023 07:00:00 - 13/02/2023 08:00:00","BZN|EE","Without Sequence","180.57","",""
"13/02/2023 08:00:00 - 13/02/2023 09:00:00","BZN|EE","Without Sequence","130.03","",""
"13/02/2023 09:00:00 - 13/02/2023 10:00:00","BZN|EE","Without Sequence","130.02","",""
"13/02/2023 10:00:00 - 13/02/2023 11:00:00","BZN|EE","Without Sequence","111.88","",""
"13/02/2023 11:00:00 - 13/02/2023 12:00:00","BZN|EE","Without Sequence","111.89","",""
"13/02/2023 12:00:00 - 13/02/2023 13:00:00","BZN|EE","Without Sequence","111.86","",""
"13/02/2023 13:00:00 - 13/02/2023 14:00:00","BZN|EE","Without Sequence","111.86","",""
"13/02/2023 14:00:00 - 13/02/2023 15:00:00","BZN|EE","Without Sequence","111.87","",""
"13/02/2023 15:00:00 - 13/02/2023 16:00:00","BZN|EE","Without Sequence","130.02","",""
"13/02/2023 16:00:00 - 13/02/2023 17:00:00","BZN|EE","Without Sequence","173.02","",""
"13/02/2023 17:00:00 - 13/02/2023 18:00:00","BZN|EE","Without Sequence","179.24","",""
"13/02/2023 18:00:00 - 13/02/2023 19:00:00","BZN|EE","Without Sequence","130.04","",""
"13/02/2023 19:00:00 - 13/02/2023 20:00:00","BZN|EE","Without Sequence","110.10","",""
"13/02/2023 20:00:00 - 13/02/2023 21:00:00","BZN|EE","Without Sequence","110.04","",""
"13/02/2023 21:00:00 - 13/02/2023 22:00:00","BZN|EE","Without Sequence","39.03","",""
"13/02/2023 22:00:00 - 13/02/2023 23:00:00","BZN|EE","Without Sequence","45.05","",""
"13/02/2023 23:00:00 - 14/02/2023 00:00:00","BZN|EE","Without Sequence","85.10","",""
"14/02/2023 00:00:00 - 14/02/2023 01:00:00","BZN|EE","Without Sequence","55.69","",""
"14/02/2023 01:00:00 - 14/02/2023 02:00:00","BZN|EE","Without Sequence","85.06","",""
"14/02/2023 02:00:00 - 14/02/2023 03:00:00","BZN|EE","Without Sequence","104.94","",""
"14/02/2023 03:00:00 - 14/02/2023 04:00:00","BZN|EE","Without Sequence","111.38","",""
"14/02/2023 04:00:00 - 14/02/2023 05:00:00","BZN|EE","Without Sequence","138.53","",""
"14/02/2023 05:00:00 - 14/02/2023 06:00:00","BZN|EE","Without Sequence","162.24","",""
"14/02/2023 06:00:00 - 14/02/2023 07:00:00","BZN|EE","Without Sequence","193.79","",""
"14/02/2023 07:00:00 - 14/02/2023 08:00:00","BZN|EE","Without Sequence","200.57","",""
"14/02/2023 08:00:00 - 14/02/2023 09:00:00","BZN|EE","Without Sequence","174.61","",""
"14/02/2023 09:00:00 - 14/02/2023 10:00:00","BZN|EE","Without Sequence","121.67","",""
"14/02/2023 10:00:00 - 14/02/2023 11:00:00","BZN|EE","Without Sequence","121.18","",""
"14/02/2023 11:00:00 - 14/02/2023 12:00:00","BZN|EE","Without Sequence","130.05","",""
"14/02/2023 12:00:00 - 14/02/2023 13:00:00","BZN|EE","Without Sequence","125.41","",""
"14/02/2023 13:00:00 - 14/02/2023 14:00:00","BZN|EE","Without Sequence","128.79","",""
"14/02/2023 14:00:00 - 14/02/2023 15:00:00","BZN|EE","Without Sequence","132.32","",""
"14/02/2023 15:00:00 - 14/02/2023 16:00:00","BZN|EE","Without Sequence","152.70","",""
"14/02/2023 16:00:00 - 14/02/2023 17:00:00","BZN|EE","Without Sequence","176.47","",""
"14/02/2023 17:00:00 - 14/02/2023 18:00:00","BZN|EE","Without Sequence","193.59","",""
"14/02/2023 18:00:00 - 14/02/2023 19:00:00","BZN|EE","Without Sequence","156.09","",""
"14/02/2023 19:00:00 - 14/02/2023 20:00:00","BZN|EE","Without Sequence","156.02","",""
"14/02/2023 20:00:00 - 14/02/2023 21:00:00","BZN|EE","Without Sequence","156.25","",""
"14/02/2023 21:00:00 - 14/02/2023 22:00:00","BZN|EE","Without Sequence","147.41","",""
"14/02/2023 22:00:00 - 14/02/2023 23:00:00","BZN|EE","Without Sequence","122.52","",""
"14/02/2023 23:00:00 - 15/02/2023 00:00:00","BZN|EE","Without Sequence","99.58","",""
"15/02/2023 00:00:00 - 15/02/2023 01:00:00","BZN|EE","Without Sequence","76.13","",""
"15/02/2023 01:00:00 - 15/02/2023 02:00:00","BZN|EE","Without Sequence","68.09","",""
"15/02/2023 02:00:00 - 15/02/2023 03:00:00","BZN|EE","Without Sequence","69.07","",""
"15/02/2023 03:00:00 - 15/02/2023 04:00:00","BZN|EE","Without Sequence","111.38","",""
"15/02/2023 04:00:00 - 15/02/2023 05:00:00","BZN|EE","Without Sequence","149.99","",""
"15/02/2023 05:00:00 - 15/02/2023 06:00:00","BZN|EE","Without Sequence","157.33","",""
"15/02/2023 06:00:00 - 15/02/2023 07:00:00","BZN|EE","Without Sequence","185.00","",""
"15/02/2023 07:00:00 - 15/02/2023 08:00:00","BZN|EE","Without Sequence","188.76","",""
"15/02/2023 08:00:00 - 15/02/2023 09:00:00","BZN|EE","Without Sequence","171.22","",""
"15/02/2023 09:00:00 - 15/02/2023 10:00:00","BZN|EE","Without Sequence","157.18","",""
"15/02/2023 10:00:00 - 15/02/2023 11:00:00","BZN|EE","Without Sequence","150.33","",""
"15/02/2023 11:00:00 - 15/02/2023 12:00:00","BZN|EE","Without Sequence","155.01","",""
"15/02/2023 12:00:00 - 15/02/2023 13:00:00","BZN|EE","Without Sequence","150.34","",""
"15/02/2023 13:00:00 - 15/02/2023 14:00:00","BZN|EE","Without Sequence","128.98","",""
"15/02/2023 14:00:00 - 15/02/2023 15:00:00","BZN|EE","Without Sequence","128.95","",""
"15/02/2023 15:00:00 - 15/02/2023 16:00:00","BZN|EE","Without Sequence","157.12","",""
"15/02/2023 16:00:00 - 15/02/2023 17:00:00","BZN|EE","Without Sequence","158.80","",""
"15/02/2023 17:00:00 - 15/02/2023 18:00:00","BZN|EE","Without Sequence","157.17","",""
"15/02/2023 18:00:00 - 15/02/2023 19:00:00","BZN|EE","Without Sequence","159.91","",""
"15/02/2023 19:00:00 - 15/02/2023 20:00:00","BZN|EE","Without Sequence","120.10","",""
"15/02/2023 20:00:00 - 15/02/2023 21:00:00","BZN|EE","Without Sequence","125.07","",""
"15/02/2023 21:00:00 - 15/02/2023 22:00:00","BZN|EE","Without Sequence","103.30","",""
"15/02/2023 22:00:00 - 15/02/2023 23:00:00","BZN|EE","Without Sequence","75.04","",""
"15/02/2023 23:00:00 - 16/02/2023 00:00:00","BZN|EE","Without Sequence","111.30","",""
"16/02/2023 00:00:00 - 16/02/2023 01:00:00","BZN|EE","Without Sequence","69.38","",""
"16/02/2023 01:00:00 - 16/02/2023 02:00:00","BZN|EE","Without Sequence","50.03","",""
"16/02/2023 02:00:00 - 16/02/2023 03:00:00","BZN|EE","Without Sequence","46.65","",""
"16/02/2023 03:00:00 - 16/02/2023 04:00:00","BZN|EE","Without Sequence","45.88","",""
"16/02/2023 04:00:00 - 16/02/2023 05:00:00","BZN|EE","Without Sequence","142.79","",""
"16/02/2023 05:00:00 - 16/02/2023 06:00:00","BZN|EE","Without Sequence","154.32","",""
"16/02/2023 06:00:00 - 16/02/2023 07:00:00","BZN|EE","Without Sequence","162.51","",""
"16/02/2023 07:00:00 - 16/02/2023 08:00:00","BZN|EE","Without Sequence","164.81","",""
"16/02/2023 08:00:00 - 16/02/2023 09:00:00","BZN|EE","Without Sequence","158.52","",""
"16/02/2023 09:00:00 - 16/02/2023 10:00:00","BZN|EE","Without Sequence","146.67","",""
"16/02/2023 10:00:00 - 16/02/2023 11:00:00","BZN|EE","Without Sequence","138.70","",""
"16/02/2023 11:00:00 - 16/02/2023 12:00:00","BZN|EE","Without Sequence","129.48","",""
"16/02/2023 12:00:00 - 16/02/2023 13:00:00","BZN|EE","Without Sequence","133.21","",""
"16/02/2023 13:00:00 - 16/02/2023 14:00:00","BZN|EE","Without Sequence","144.85","",""
"16/02/2023 14:00:00 - 16/02/2023 15:00:00","BZN|EE","Without Sequence","160.14","",""
"16/02/2023 15:00:00 - 16/02/2023 16:00:00","BZN|EE","Without Sequence","150.84","",""
"16/02/2023 16:00:00 - 16/02/2023 17:00:00","BZN|EE","Without Sequence","162.02","",""
"16/02/2023 17:00:00 - 16/02/2023 18:00:00","BZN|EE","Without Sequence","160.63","",""
"16/02/2023 18:00:00 - 16/02/2023 19:00:00","BZN|EE","Without Sequence","146.52","",""
"16/02/2023 19:00:00 - 16/02/2023 20:00:00","BZN|EE","Without Sequence","129.90","",""
"16/02/2023 20:00:00 - 16/02/2023 21:00:00","BZN|EE","Without Sequence","148.03","",""
"16/02/2023 21:00:00 - 16/02/2023 22:00:00","BZN|EE","Without Sequence","66.31","",""
"16/02/2023 22:00:00 - 16/02/2023 23:00:00","BZN|EE","Without Sequence","65.04","",""
"16/02/2023 23:00:00 - 17/02/2023 00:00:00","BZN|EE","Without Sequence","60.09","",""
"17/02/2023 00:00:00 - 17/02/2023 01:00:00","BZN|EE","Without Sequence","84.76","",""
"17/02/2023 01:00:00 - 17/02/2023 02:00:00","BZN|EE","Without Sequence","58.15","",""
"17/02/2023 02:00:00 - 17/02/2023 03:00:00","BZN|EE","Without Sequence","72.93","",""
"17/02/2023 03:00:00 - 17/02/2023 04:00:00","BZN|EE","Without Sequence","92.69","",""
"17/02/2023 04:00:00 - 17/02/2023 05:00:00","BZN|EE","Without Sequence","145.43","",""
"17/02/2023 05:00:00 - 17/02/2023 06:00:00","BZN|EE","Without Sequence","150.01","",""
"17/02/2023 06:00:00 - 17/02/2023 07:00:00","BZN|EE","Without Sequence","158.52","",""
"17/02/2023 07:00:00 - 17/02/2023 08:00:00","BZN|EE","Without Sequence","157.27","",""
"17/02/2023 08:00:00 - 17/02/2023 09:00:00","BZN|EE","Without Sequence","156.29","",""
"17/02/2023 09:00:00 - 17/02/2023 10:00:00","BZN|EE","Without Sequence","152.95","",""
"17/02/2023 10:00:00 - 17/02/2023 11:00:00","BZN|EE","Without Sequence","159.23","",""
"17/02/2023 11:00:00 - 17/02/2023 12:00:00","BZN|EE","Without Sequence","146.67","",""
"17/02/2023 12:00:00 - 17/02/2023 13:00:00","BZN|EE","Without Sequence","141.62","",""
"17/02/2023 13:00:00 - 17/02/2023 14:00:00","BZN|EE","Without Sequence","139.03","",""
"17/02/2023 14:00:00 - 17/02/2023 15:00:00","BZN|EE","Without Sequence","137.25","",""
"17/02/2023 15:00:00 - 17/02/2023 16:00:00","BZN|EE","Without Sequence","137.26","",""
"17/02/2023 16:00:00 - 17/02/2023 17:00:00","BZN|EE","Without Sequence","141.22","",""
"17/02/2023 17:00:00 - 17/02/2023 18:00:00","BZN|EE","Without Sequence","124.67","",""
"17/02/2023 18:00:00 - 17/02/2023 19:00:00","BZN|EE","Without Sequence","75.03","",""
"17/02/2023 19:00:00 - 17/02/2023 20:00:00","BZN|EE","Without Sequence","40.02","",""
"17/02/2023 20:00:00 - 17/02/2023 21:00:00","BZN|EE","Without Sequence","40.04","",""
"17/02/2023 21:00:00 - 17/02/2023 22:00:00","BZN|EE","Without Sequence","29.79","",""
"17/02/2023 22:00:00 - 17/02/2023 23:00:00","BZN|EE","Without Sequence","22.22","",""
"17/02/2023 23:00:00 - 18/02/2023 00:00:00","BZN|EE","Without Sequence","27.46","",""
"18/02/2023 00:00:00 - 18/02/2023 01:00:00","BZN|EE","Without Sequence","24.93","",""
"18/02/2023 01:00:00 - 18/02/2023 02:00:00","BZN|EE","Without Sequence","22.98","",""
"18/02/2023 02:00:00 - 18/02/2023 03:00:00","BZN|EE","Without Sequence","36.62","",""
"18/02/2023 03:00:00 - 18/02/2023 04:00:00","BZN|EE","Without Sequence","61.15","",""
"18/02/2023 04:00:00 - 18/02/2023 05:00:00","BZN|EE","Without Sequence","77.45","",""
"18/02/2023 05:00:00 - 18/02/2023 06:00:00","BZN|EE","Without Sequence","26.78","",""
"18/02/2023 06:00:00 - 18/02/2023 07:00:00","BZN|EE","Without Sequence","28.89","",""
"18/02/2023 07:00:00 - 18/02/2023 08:00:00","BZN|EE","Without Sequence","93.73","",""
"18/02/2023 08:00:00 - 18/02/2023 09:00:00","BZN|EE","Without Sequence","100.19","",""
"18/02/2023 09:00:00 - 18/02/2023 10:00:00","BZN|EE","Without Sequence","99.45","",""
"18/02/2023 10:00:00 - 18/02/2023 11:00:00","BZN|EE","Without Sequence","100.44","",""
"18/02/2023 11:00:00 - 18/02/2023 12:00:00","BZN|EE","Without Sequence","91.10","",""
"18/02/2023 12:00:00 - 18/02/2023 13:00:00","BZN|EE","Without Sequence","82.74","",""
"18/02/2023 13:00:00 - 18/02/2023 14:00:00","BZN|EE","Without Sequence","86.37","",""
"18/02/2023 14:00:00 - 18/02/2023 15:00:00","BZN|EE","Without Sequence","91.86","",""
"18/02/2023 15:00:00 - 18/02/2023 16:00:00","BZN|EE","Without Sequence","109.18","",""
"18/02/2023 16:00:00 - 18/02/2023 17:00:00","BZN|EE","Without Sequence","109.84","",""
"18/02/2023 17:00:00 - 18/02/2023 18:00:00","BZN|EE","Without Sequence","108.78","",""
"18/02/2023 18:00:00 - 18/02/2023 19:00:00","BZN|EE","Without Sequence","90.39","",""
"18/02/2023 19:00:00 - 18/02/2023 20:00:00","BZN|EE","Without Sequence","71.02","",""
"18/02/2023 20:00:00 - 18/02/2023 21:00:00","BZN|EE","Without Sequence","106.57","",""
"18/02/2023 21:00:00 - 18/02/2023 22:00:00","BZN|EE","Without Sequence","107.99","",""
"18/02/2023 22:00:00 - 18/02/2023 23:00:00","BZN|EE","Without Sequence","72.06","",""
"18/02/2023 23:00:00 - 19/02/2023 00:00:00","BZN|EE","Without Sequence","40.00","",""
"19/02/2023 00:00:00 - 19/02/2023 01:00:00","BZN|EE","Without Sequence","40.01","",""
"19/02/2023 01:00:00 - 19/02/2023 02:00:00","BZN|EE","Without Sequence","41.90","",""
"19/02/2023 02:00:00 - 19/02/2023 03:00:00","BZN|EE","Without Sequence","84.42","",""
"19/02/2023 03:00:00 - 19/02/2023 04:00:00","BZN|EE","Without Sequence","40.00","",""
"19/02/2023 04:00:00 - 19/02/2023 05:00:00","BZN|EE","Without Sequence","46.12","",""
"19/02/2023 05:00:00 - 19/02/2023 06:00:00","BZN|EE","Without Sequence","40.00","",""
"19/02/2023 06:00:00 - 19/02/2023 07:00:00","BZN|EE","Without Sequence","45.59","",""
"19/02/2023 07:00:00 - 19/02/2023 08:00:00","BZN|EE","Without Sequence","107.22","",""
"19/02/2023 08:00:00 - 19/02/2023 09:00:00","BZN|EE","Without Sequence","88.78","",""
"19/02/2023 09:00:00 - 19/02/2023 10:00:00","BZN|EE","Without Sequence","73.10","",""
"19/02/2023 10:00:00 - 19/02/2023 11:00:00","BZN|EE","Without Sequence","81.91","",""
"19/02/2023 11:00:00 - 19/02/2023 12:00:00","BZN|EE","Without Sequence","90.48","",""
"19/02/2023 12:00:00 - 19/02/2023 13:00:00","BZN|EE","Without Sequence","90.45","",""
"19/02/2023 13:00:00 - 19/02/2023 14:00:00","BZN|EE","Without Sequence","87.66","",""
"19/02/2023 14:00:00 - 19/02/2023 15:00:00","BZN|EE","Without Sequence","103.00","",""
"19/02/2023 15:00:00 - 19/02/2023 16:00:00","BZN|EE","Without Sequence","107.21","",""
"19/02/2023 16:00:00 - 19/02/2023 17:00:00","BZN|EE","Without Sequence","115.52","",""
"19/02/2023 17:00:00 - 19/02/2023 18:00:00","BZN|EE","Without Sequence","113.79","",""
"19/02/2023 18:00:00 - 19/02/2023 19:00:00","BZN|EE","Without Sequence","103.31","",""
"19/02/2023 19:00:00 - 19/02/2023 20:00:00","BZN|EE","Without Sequence","96.38","",""
"19/02/2023 20:00:00 - 19/02/2023 21:00:00","BZN|EE","Without Sequence","107.24","",""
"19/02/2023 21:00:00 - 19/02/2023 22:00:00","BZN|EE","Without Sequence","104.72","",""
"19/02/2023 22:00:00 - 19/02/2023 23:00:00","BZN|EE","Without Sequence","85.17","",""
"19/02/2023 23:00:00 - 20/02/2023 00:00:00","BZN|EE","Without Sequence","62.31","",""
"20/02/2023 00:00:00 - 20/02/2023 01:00:00","BZN|EE","Without Sequence","45.04","",""
"20/02/2023 01:00:00 - 20/02/2023 02:00:00","BZN|EE","Without Sequence","42.75","",""
"20/02/2023 02:00:00 - 20/02/2023 03:00:00","BZN|EE","Without Sequence","33.18","",""
"20/02/2023 03:00:00 - 20/02/2023 04:00:00","BZN|EE","Without Sequence","32.24","",""
"20/02/2023 04:00:00 - 20/02/2023 05:00:00","BZN|EE","Without Sequence","83.36","",""
"20/02/2023 05:00:00 - 20/02/2023 06:00:00","BZN|EE","Without Sequence","107.13","",""
"20/02/2023 06:00:00 - 20/02/2023 07:00:00","BZN|EE","Without Sequence","113.77","",""
"20/02/2023 07:00:00 - 20/02/2023 08:00:00","BZN|EE","Without Sequence","115.18","",""
"20/02/2023 08:00:00 - 20/02/2023 09:00:00","BZN|EE","Without Sequence","109.86","",""
"20/02/2023 09:00:00 - 20/02/2023 10:00:00","BZN|EE","Without Sequence","107.09","",""
"20/02/2023 10:00:00 - 20/02/2023 11:00:00","BZN|EE","Without Sequence","106.66","",""
"20/02/2023 11:00:00 - 20/02/2023 12:00:00","BZN|EE","Without Sequence","105.56","",""
"20/02/2023 12:00:00 - 20/02/2023 13:00:00","BZN|EE","Without Sequence","104.72","",""
"20/02/2023 13:00:00 - 20/02/2023 14:00:00","BZN|EE","Without Sequence","100.06","",""
"20/02/2023 14:00:00 - 20/02/2023 15:00:00","BZN|EE","Without Sequence","94.89","",""
"20/02/2023 15:00:00 - 20/02/2023 16:00:00","BZN|EE","Without Sequence","104.71","",""
"20/02/2023 16:00:00 - 20/02/2023 17:00:00","BZN|EE","Without Sequence","105.56","",""
"20/02/2023 17:00:00 - 20/02/2023 18:00:00","BZN|EE","Without Sequence","105.56","",""
"20/02/2023 18:00:00 - 20/02/2023 19:00:00","BZN|EE","Without Sequence","105.21","",""
"20/02/2023 19:00:00 - 20/02/2023 20:00:00","BZN|EE","Without Sequence","85.47","",""
"20/02/2023 20:00:00 - 20/02/2023 21:00:00","BZN|EE","Without Sequence","61.21","",""
"20/02/2023 21:00:00 - 20/02/2023 22:00:00","BZN|EE","Without Sequence","50.61","",""
"20/02/2023 22:00:00 - 20/02/2023 23:00:00","BZN|EE","Without Sequence","43.00","",""
"20/02/2023 23:00:00 - 21/02/2023 00:00:00","BZN|EE","Without Sequence","45.01","",""
"21/02/2023 00:00:00 - 21/02/2023 01:00:00","BZN|EE","Without Sequence","42.84","",""
"21/02/2023 01:00:00 - 21/02/2023 02:00:00","BZN|EE","Without Sequence","42.84","",""
"21/02/2023 02:00:00 - 21/02/2023 03:00:00","BZN|EE","Without Sequence","44.66","",""
"21/02/2023 03:00:00 - 21/02/2023 04:00:00","BZN|EE","Without Sequence","61.03","",""
"21/02/2023 04:00:00 - 21/02/2023 05:00:00","BZN|EE","Without Sequence","99.11","",""
"21/02/2023 05:00:00 - 21/02/2023 06:00:00","BZN|EE","Without Sequence","145.20","",""
"21/02/2023 06:00:00 - 21/02/2023 07:00:00","BZN|EE","Without Sequence","114.68","",""
"21/02/2023 07:00:00 - 21/02/2023 08:00:00","BZN|EE","Without Sequence","117.43","",""
"21/02/2023 08:00:00 - 21/02/2023 09:00:00","BZN|EE","Without Sequence","119.76","",""
"21/02/2023 09:00:00 - 21/02/2023 10:00:00","BZN|EE","Without Sequence","114.68","",""
"21/02/2023 10:00:00 - 21/02/2023 11:00:00","BZN|EE","Without Sequence","130.95","",""
"21/02/2023 11:00:00 - 21/02/2023 12:00:00","BZN|EE","Without Sequence","129.72","",""
"21/02/2023 12:00:00 - 21/02/2023 13:00:00","BZN|EE","Without Sequence","108.18","",""
"21/02/2023 13:00:00 - 21/02/2023 14:00:00","BZN|EE","Without Sequence","113.80","",""
"21/02/2023 14:00:00 - 21/02/2023 15:00:00","BZN|EE","Without Sequence","114.91","",""
"21/02/2023 15:00:00 - 21/02/2023 16:00:00","BZN|EE","Without Sequence","142.78","",""
"21/02/2023 16:00:00 - 21/02/2023 17:00:00","BZN|EE","Without Sequence","164.85","",""
"21/02/2023 17:00:00 - 21/02/2023 18:00:00","BZN|EE","Without Sequence","178.13","",""
"21/02/2023 18:00:00 - 21/02/2023 19:00:00","BZN|EE","Without Sequence","176.25","",""
"21/02/2023 19:00:00 - 21/02/2023 20:00:00","BZN|EE","Without Sequence","165.92","",""
"21/02/2023 20:00:00 - 21/02/2023 21:00:00","BZN|EE","Without Sequence","154.99","",""
"21/02/2023 21:00:00 - 21/02/2023 22:00:00","BZN|EE","Without Sequence","120.03","",""
"21/02/2023 22:00:00 - 21/02/2023 23:00:00","BZN|EE","Without Sequence","110.99","",""
"21/02/2023 23:00:00 - 22/02/2023 00:00:00","BZN|EE","Without Sequence","136.54","",""
"22/02/2023 00:00:00 - 22/02/2023 01:00:00","BZN|EE","Without Sequence","113.16","",""
"22/02/2023 01:00:00 - 22/02/2023 02:00:00","BZN|EE","Without Sequence","112.53","",""
"22/02/2023 02:00:00 - 22/02/2023 03:00:00","BZN|EE","Without Sequence","124.98","",""
"22/02/2023 03:00:00 - 22/02/2023 04:00:00","BZN|EE","Without Sequence","131.17","",""
"22/02/2023 04:00:00 - 22/02/2023 05:00:00","BZN|EE","Without Sequence","152.73","",""
"22/02/2023 05:00:00 - 22/02/2023 06:00:00","BZN|EE","Without Sequence","166.42","",""
"22/02/2023 06:00:00 - 22/02/2023 07:00:00","BZN|EE","Without Sequence","173.13","",""
"22/02/2023 07:00:00 - 22/02/2023 08:00:00","BZN|EE","Without Sequence","176.34","",""
"22/02/2023 08:00:00 - 22/02/2023 09:00:00","BZN|EE","Without Sequence","164.55","",""
"22/02/2023 09:00:00 - 22/02/2023 10:00:00","BZN|EE","Without Sequence","152.75","",""
"22/02/2023 10:00:00 - 22/02/2023 11:00:00","BZN|EE","Without Sequence","138.34","",""
"22/02/2023 11:00:00 - 22/02/2023 12:00:00","BZN|EE","Without Sequence","142.38","",""
"22/02/2023 12:00:00 - 22/02/2023 13:00:00","BZN|EE","Without Sequence","147.44","",""
"22/02/2023 13:00:00 - 22/02/2023 14:00:00","BZN|EE","Without Sequence","149.99","",""
"22/02/2023 14:00:00 - 22/02/2023 15:00:00","BZN|EE","Without Sequence","163.11","",""
"22/02/2023 15:00:00 - 22/02/2023 16:00:00","BZN|EE","Without Sequence","164.45","",""
"22/02/2023 16:00:00 - 22/02/2023 17:00:00","BZN|EE","Without Sequence","165.01","",""
"22/02/2023 17:00:00 - 22/02/2023 18:00:00","BZN|EE","Without Sequence","174.41","",""
"22/02/2023 18:00:00 - 22/02/2023 19:00:00","BZN|EE","Without Sequence","131.93","",""
"22/02/2023 19:00:00 - 22/02/2023 20:00:00","BZN|EE","Without Sequence","105.12","",""
"22/02/2023 20:00:00 - 22/02/2023 21:00:00","BZN|EE","Without Sequence","154.02","",""
"22/02/2023 21:00:00 - 22/02/2023 22:00:00","BZN|EE","Without Sequence","105.14","",""
"22/02/2023 22:00:00 - 22/02/2023 23:00:00","BZN|EE","Without Sequence","40.04","",""
"22/02/2023 23:00:00 - 23/02/2023 00:00:00","BZN|EE","Without Sequence","128.12","",""
"23/02/2023 00:00:00 - 23/02/2023 01:00:00","BZN|EE","Without Sequence","106.80","",""
"23/02/2023 01:00:00 - 23/02/2023 02:00:00","BZN|EE","Without Sequence","60.00","",""
"23/02/2023 02:00:00 - 23/02/2023 03:00:00","BZN|EE","Without Sequence","60.05","",""
"23/02/2023 03:00:00 - 23/02/2023 04:00:00","BZN|EE","Without Sequence","106.86","",""
"23/02/2023 04:00:00 - 23/02/2023 05:00:00","BZN|EE","Without Sequence","115.22","",""
"23/02/2023 05:00:00 - 23/02/2023 06:00:00","BZN|EE","Without Sequence","135.63","",""
"23/02/2023 06:00:00 - 23/02/2023 07:00:00","BZN|EE","Without Sequence","157.73","",""
"23/02/2023 07:00:00 - 23/02/2023 08:00:00","BZN|EE","Without Sequence","173.81","",""
"23/02/2023 08:00:00 - 23/02/2023 09:00:00","BZN|EE","Without Sequence","163.96","",""
"23/02/2023 09:00:00 - 23/02/2023 10:00:00","BZN|EE","Without Sequence","139.90","",""
"23/02/2023 10:00:00 - 23/02/2023 11:00:00","BZN|EE","Without Sequence","119.74","",""
"23/02/2023 11:00:00 - 23/02/2023 12:00:00","BZN|EE","Without Sequence","115.21","",""
"23/02/2023 12:00:00 - 23/02/2023 13:00:00","BZN|EE","Without Sequence","127.23","",""
"23/02/2023 13:00:00 - 23/02/2023 14:00:00","BZN|EE","Without Sequence","135.60","",""
"23/02/2023 14:00:00 - 23/02/2023 15:00:00","BZN|EE","Without Sequence","115.24","",""
"23/02/2023 15:00:00 - 23/02/2023 16:00:00","BZN|EE","Without Sequence","115.21","",""
"23/02/2023 16:00:00 - 23/02/2023 17:00:00","BZN|EE","Without Sequence","120.61","",""
"23/02/2023 17:00:00 - 23/02/2023 18:00:00","BZN|EE","Without Sequence","123.34","",""
"23/02/2023 18:00:00 - 23/02/2023 19:00:00","BZN|EE","Without Sequence","111.79","",""
"23/02/2023 19:00:00 - 23/02/2023 20:00:00","BZN|EE","Without Sequence","104.20","",""
"23/02/2023 20:00:00 - 23/02/2023 21:00:00","BZN|EE","Without Sequence","103.62","",""
"23/02/2023 21:00:00 - 23/02/2023 22:00:00","BZN|EE","Without Sequence","90.00","",""
"23/02/2023 22:00:00 - 23/02/2023 23:00:00","BZN|EE","Without Sequence","73.31","",""
"23/02/2023 23:00:00 - 24/02/2023 00:00:00","BZN|EE","Without Sequence","59.94","",""
"24/02/2023 00:00:00 - 24/02/2023 01:00:00","BZN|EE","Without Sequence","48.07","",""
"24/02/2023 01:00:00 - 24/02/2023 02:00:00","BZN|EE","Without Sequence","72.07","",""
"24/02/2023 02:00:00 - 24/02/2023 03:00:00","BZN|EE","Without Sequence","105.57","",""
"24/02/2023 03:00:00 - 24/02/2023 04:00:00","BZN|EE","Without Sequence","111.93","",""
"24/02/2023 04:00:00 - 24/02/2023 05:00:00","BZN|EE","Without Sequence","111.94","",""
"24/02/2023 05:00:00 - 24/02/2023 06:00:00","BZN|EE","Without Sequence","149.32","",""
"24/02/2023 06:00:00 - 24/02/2023 07:00:00","BZN|EE","Without Sequence","150.00","",""
"24/02/2023 07:00:00 - 24/02/2023 08:00:00","BZN|EE","Without Sequence","129.85","",""
"24/02/2023 08:00:00 - 24/02/2023 09:00:00","BZN|EE","Without Sequence","136.18","",""
"24/02/2023 09:00:00 - 24/02/2023 10:00:00","BZN|EE","Without Sequence","134.96","",""
"24/02/2023 10:00:00 - 24/02/2023 11:00:00","BZN|EE","Without Sequence","149.99","",""
"24/02/2023 11:00:00 - 24/02/2023 12:00:00","BZN|EE","Without Sequence","150.00","",""
"24/02/2023 12:00:00 - 24/02/2023 13:00:00","BZN|EE","Without Sequence","150.00","",""
"24/02/2023 13:00:00 - 24/02/2023 14:00:00","BZN|EE","Without Sequence","144.05","",""
"24/02/2023 14:00:00 - 24/02/2023 15:00:00","BZN|EE","Without Sequence","116.35","",""
"24/02/2023 15:00:00 - 24/02/2023 16:00:00","BZN|EE","Without Sequence","149.99","",""
"24/02/2023 16:00:00 - 24/02/2023 17:00:00","BZN|EE","Without Sequence","150.00","",""
"24/02/2023 17:00:00 - 24/02/2023 18:00:00","BZN|EE","Without Sequence","135.93","",""
"24/02/2023 18:00:00 - 24/02/2023 19:00:00","BZN|EE","Without Sequence","149.55","",""
"24/02/2023 19:00:00 - 24/02/2023 20:00:00","BZN|EE","Without Sequence","113.82","",""
"24/02/2023 20:00:00 - 24/02/2023 21:00:00","BZN|EE","Without Sequence","111.93","",""
"24/02/2023 21:00:00 - 24/02/2023 22:00:00","BZN|EE","Without Sequence","92.17","",""
"24/02/2023 22:00:00 - 24/02/2023 23:00:00","BZN|EE","Without Sequence","31.58","",""
"24/02/2023 23:00:00 - 25/02/2023 00:00:00","BZN|EE","Without Sequence","71.73","",""
"25/02/2023 00:00:00 - 25/02/2023 01:00:00","BZN|EE","Without Sequence","64.91","",""
"25/02/2023 01:00:00 - 25/02/2023 02:00:00","BZN|EE","Without Sequence","57.62","",""
"25/02/2023 02:00:00 - 25/02/2023 03:00:00","BZN|EE","Without Sequence","56.06","",""
"25/02/2023 03:00:00 - 25/02/2023 04:00:00","BZN|EE","Without Sequence","71.24","",""
"25/02/2023 04:00:00 - 25/02/2023 05:00:00","BZN|EE","Without Sequence","80.01","",""
"25/02/2023 05:00:00 - 25/02/2023 06:00:00","BZN|EE","Without Sequence","66.10","",""
"25/02/2023 06:00:00 - 25/02/2023 07:00:00","BZN|EE","Without Sequence","72.00","",""
"25/02/2023 07:00:00 - 25/02/2023 08:00:00","BZN|EE","Without Sequence","78.77","",""
"25/02/2023 08:00:00 - 25/02/2023 09:00:00","BZN|EE","Without Sequence","75.75","",""
"25/02/2023 09:00:00 - 25/02/2023 10:00:00","BZN|EE","Without Sequence","63.08","",""
"25/02/2023 10:00:00 - 25/02/2023 11:00:00","BZN|EE","Without Sequence","101.81","",""
"25/02/2023 11:00:00 - 25/02/2023 12:00:00","BZN|EE","Without Sequence","49.97","",""
"25/02/2023 12:00:00 - 25/02/2023 13:00:00","BZN|EE","Without Sequence","44.99","",""
"25/02/2023 13:00:00 - 25/02/2023 14:00:00","BZN|EE","Without Sequence","49.99","",""
"25/02/2023 14:00:00 - 25/02/2023 15:00:00","BZN|EE","Without Sequence","63.05","",""
"25/02/2023 15:00:00 - 25/02/2023 16:00:00","BZN|EE","Without Sequence","91.53","",""
"25/02/2023 16:00:00 - 25/02/2023 17:00:00","BZN|EE","Without Sequence","115.42","",""
"25/02/2023 17:00:00 - 25/02/2023 18:00:00","BZN|EE","Without Sequence","109.72","",""
"25/02/2023 18:00:00 - 25/02/2023 19:00:00","BZN|EE","Without Sequence","74.92","",""
"25/02/2023 19:00:00 - 25/02/2023 20:00:00","BZN|EE","Without Sequence","54.64","",""
"25/02/2023 20:00:00 - 25/02/2023 21:00:00","BZN|EE","Without Sequence","64.40","",""
"25/02/2023 21:00:00 - 25/02/2023 22:00:00","BZN|EE","Without Sequence","70.11","",""
"25/02/2023 22:00:00 - 25/02/2023 23:00:00","BZN|EE","Without Sequence","50.03","",""
"25/02/2023 23:00:00 - 26/02/2023 00:00:00","BZN|EE","Without Sequence","83.26","",""
"26/02/2023 00:00:00 - 26/02/2023 01:00:00","BZN|EE","Without Sequence","61.52","",""
"26/02/2023 01:00:00 - 26/02/2023 02:00:00","BZN|EE","Without Sequence","50.64","",""
"26/02/2023 02:00:00 - 26/02/2023 03:00:00","BZN|EE","Without Sequence","51.28","",""
"26/02/2023 03:00:00 - 26/02/2023 04:00:00","BZN|EE","Without Sequence","74.40","",""
"26/02/2023 04:00:00 - 26/02/2023 05:00:00","BZN|EE","Without Sequence","48.85","",""
"26/02/2023 05:00:00 - 26/02/2023 06:00:00","BZN|EE","Without Sequence","55.41","",""
"26/02/2023 06:00:00 - 26/02/2023 07:00:00","BZN|EE","Without Sequence","61.43","",""
"26/02/2023 07:00:00 - 26/02/2023 08:00:00","BZN|EE","Without Sequence","99.94","",""
"26/02/2023 08:00:00 - 26/02/2023 09:00:00","BZN|EE","Without Sequence","92.87","",""
"26/02/2023 09:00:00 - 26/02/2023 10:00:00","BZN|EE","Without Sequence","97.41","",""
"26/02/2023 10:00:00 - 26/02/2023 11:00:00","BZN|EE","Without Sequence","93.16","",""
"26/02/2023 11:00:00 - 26/02/2023 12:00:00","BZN|EE","Without Sequence","84.44","",""
"26/02/2023 12:00:00 - 26/02/2023 13:00:00","BZN|EE","Without Sequence","55.31","",""
"26/02/2023 13:00:00 - 26/02/2023 14:00:00","BZN|EE","Without Sequence","54.59","",""
"26/02/2023 14:00:00 - 26/02/2023 15:00:00","BZN|EE","Without Sequence","86.40","",""
"26/02/2023 15:00:00 - 26/02/2023 16:00:00","BZN|EE","Without Sequence","98.92","",""
"26/02/2023 16:00:00 - 26/02/2023 17:00:00","BZN|EE","Without Sequence","129.90","",""
"26/02/2023 17:00:00 - 26/02/2023 18:00:00","BZN|EE","Without Sequence","153.70","",""
"26/02/2023 18:00:00 - 26/02/2023 19:00:00","BZN|EE","Without Sequence","153.14","",""
"26/02/2023 19:00:00 - 26/02/2023 20:00:00","BZN|EE","Without Sequence","114.36","",""
"26/02/2023 20:00:00 - 26/02/2023 21:00:00","BZN|EE","Without Sequence","110.02","",""
"26/02/2023 21:00:00 - 26/02/2023 22:00:00","BZN|EE","Without Sequence","96.27","",""
"26/02/2023 22:00:00 - 26/02/2023 23:00:00","BZN|EE","Without Sequence","63.96","",""
"26/02/2023 23:00:00 - 27/02/2023 00:00:00","BZN|EE","Without Sequence","65.93","",""
"27/02/2023 00:00:00 - 27/02/2023 01:00:00","BZN|EE","Without Sequence","74.76","",""
"27/02/2023 01:00:00 - 27/02/2023 02:00:00","BZN|EE","Without Sequence","108.84","",""
"27/02/2023 02:00:00 - 27/02/2023 03:00:00","BZN|EE","Without Sequence","114.36","",""
"27/02/2023 03:00:00 - 27/02/2023 04:00:00","BZN|EE","Without Sequence","117.19","",""
"27/02/2023 04:00:00 - 27/02/2023 05:00:00","BZN|EE","Without Sequence","139.83","",""
"27/02/2023 05:00:00 - 27/02/2023 06:00:00","BZN|EE","Without Sequence","164.23","",""
"27/02/2023 06:00:00 - 27/02/2023 07:00:00","BZN|EE","Without Sequence","186.66","",""
"27/02/2023 07:00:00 - 27/02/2023 08:00:00","BZN|EE","Without Sequence","182.38","",""
"27/02/2023 08:00:00 - 27/02/2023 09:00:00","BZN|EE","Without Sequence","160.09","",""
"27/02/2023 09:00:00 - 27/02/2023 10:00:00","BZN|EE","Without Sequence","148.27","",""
"27/02/2023 10:00:00 - 27/02/2023 11:00:00","BZN|EE","Without Sequence","132.61","",""
"27/02/2023 11:00:00 - 27/02/2023 12:00:00","BZN|EE","Without Sequence","138.83","",""
"27/02/2023 12:00:00 - 27/02/2023 13:00:00","BZN|EE","Without Sequence","135.48","",""
"27/02/2023 13:00:00 - 27/02/2023 14:00:00","BZN|EE","Without Sequence","131.47","",""
"27/02/2023 14:00:00 - 27/02/2023 15:00:00","BZN|EE","Without Sequence","132.17","",""
"27/02/2023 15:00:00 - 27/02/2023 16:00:00","BZN|EE","Without Sequence","153.45","",""
"27/02/2023 16:00:00 - 27/02/2023 17:00:00","BZN|EE","Without Sequence","170.69","",""
"27/02/2023 17:00:00 - 27/02/2023 18:00:00","BZN|EE","Without Sequence","185.45","",""
"27/02/2023 18:00:00 - 27/02/2023 19:00:00","BZN|EE","Without Sequence","193.39","",""
"27/02/2023 19:00:00 - 27/02/2023 20:00:00","BZN|EE","Without Sequence","134.11","",""
"27/02/2023 20:00:00 - 27/02/2023 21:00:00","BZN|EE","Without Sequence","156.45","",""
"27/02/2023 21:00:00 - 27/02/2023 22:00:00","BZN|EE","Without Sequence","149.78","",""
"27/02/2023 22:00:00 - 27/02/2023 23:00:00","BZN|EE","Without Sequence","117.07","",""
"27/02/2023 23:00:00 - 28/02/2023 00:00:00","BZN|EE","Without Sequence","115.02","",""
"28/02/2023 00:00:00 - 28/02/2023 01:00:00","BZN|EE","Without Sequence","100.06","",""
"28/02/2023 01:00:00 - 28/02/2023 02:00:00","BZN|EE","Without Sequence","30.00","",""
"28/02/2023 02:00:00 - 28/02/2023 03:00:00","BZN|EE","Without Sequence","23.47","",""
"28/02/2023 03:00:00 - 28/02/2023 04:00:00","BZN|EE","Without Sequence","80.30","",""
"28/02/2023 04:00:00 - 28/02/2023 05:00:00","BZN|EE","Without Sequence","138.02","",""
"28/02/2023 05:00:00 - 28/02/2023 06:00:00","BZN|EE","Without Sequence","158.57","",""
"28/02/2023 06:00:00 - 28/02/2023 07:00:00","BZN|EE","Without Sequence","177.99","",""
"28/02/2023 07:00:00 - 28/02/2023 08:00:00","BZN|EE","Without Sequence","181.57","",""
"28/02/2023 08:00:00 - 28/02/2023 09:00:00","BZN|EE","Without Sequence","147.88","",""
"28/02/2023 09:00:00 - 28/02/2023 10:00:00","BZN|EE","Without Sequence","119.88","",""
"28/02/2023 10:00:00 - 28/02/2023 11:00:00","BZN|EE","Without Sequence","115.07","",""
"28/02/2023 11:00:00 - 28/02/2023 12:00:00","BZN|EE","Without Sequence","113.91","",""
"28/02/2023 12:00:00 - 28/02/2023 13:00:00","BZN|EE","Without Sequence","116.33","",""
"28/02/2023 13:00:00 - 28/02/2023 14:00:00","BZN|EE","Without Sequence","116.75","",""
"28/02/2023 14:00:00 - 28/02/2023 15:00:00","BZN|EE","Without Sequence","130.00","",""
"28/02/2023 15:00:00 - 28/02/2023 16:00:00","BZN|EE","Without Sequence","150.71","",""
"28/02/2023 16:00:00 - 28/02/2023 17:00:00","BZN|EE","Without Sequence","168.97","",""
"28/02/2023 17:00:00 - 28/02/2023 18:00:00","BZN|EE","Without Sequence","144.70","",""
"28/02/2023 18:00:00 - 28/02/2023 19:00:00","BZN|EE","Without Sequence","189.13","",""
"28/02/2023 19:00:00 - 28/02/2023 20:00:00","BZN|EE","Without Sequence","115.08","",""
"28/02/2023 20:00:00 - 28/02/2023 21:00:00","BZN|EE","Without Sequence","154.47","",""
"28/02/2023 21:00:00 - 28/02/2023 22:00:00","BZN|EE","Without Sequence","115.07","",""
"28/02/2023 22:00:00 - 28/02/2023 23:00:00","BZN|EE","Without Sequence","60.07","",""
"28/02/2023 23:00:00 - 01/03/2023 00:00:00","BZN|EE","Without Sequence","60.40","",""
"01/03/2023 00:00:00 - 01/03/2023 01:00:00","BZN|EE","Without Sequence","44.45","",""
"01/03/2023 01:00:00 - 01/03/2023 02:00:00","BZN|EE","Without Sequence","60.49","",""
"01/03/2023 02:00:00 - 01/03/2023 03:00:00","BZN|EE","Without Sequence","80.08","",""
"01/03/2023 03:00:00 - 01/03/2023 04:00:00","BZN|EE","Without Sequence","120.62","",""
"01/03/2023 04:00:00 - 01/03/2023 05:00:00","BZN|EE","Without Sequence","137.96","",""
"01/03/2023 05:00:00 - 01/03/2023 06:00:00","BZN|EE","Without Sequence","163.45","",""
"01/03/2023 06:00:00 - 01/03/2023 07:00:00","BZN|EE","Without Sequence","186.03","",""
"01/03/2023 07:00:00 - 01/03/2023 08:00:00","BZN|EE","Without Sequence","186.03","",""
"01/03/2023 08:00:00 - 01/03/2023 09:00:00","BZN|EE","Without Sequence","143.00","",""
"01/03/2023 09:00:00 - 01/03/2023 10:00:00","BZN|EE","Without Sequence","117.88","",""
"01/03/2023 10:00:00 - 01/03/2023 11:00:00","BZN|EE","Without Sequence","115.04","",""
"01/03/2023 11:00:00 - 01/03/2023 12:00:00","BZN|EE","Without Sequence","112.48","",""
"01/03/2023 12:00:00 - 01/03/2023 13:00:00","BZN|EE","Without Sequence","114.12","",""
"01/03/2023 13:00:00 - 01/03/2023 14:00:00","BZN|EE","Without Sequence","115.14","",""
"01/03/2023 14:00:00 - 01/03/2023 15:00:00","BZN|EE","Without Sequence","120.64","",""
"01/03/2023 15:00:00 - 01/03/2023 16:00:00","BZN|EE","Without Sequence","132.21","",""
"01/03/2023 16:00:00 - 01/03/2023 17:00:00","BZN|EE","Without Sequence","137.05","",""
"01/03/2023 17:00:00 - 01/03/2023 18:00:00","BZN|EE","Without Sequence","183.69","",""
"01/03/2023 18:00:00 - 01/03/2023 19:00:00","BZN|EE","Without Sequence","137.02","",""
"01/03/2023 19:00:00 - 01/03/2023 20:00:00","BZN|EE","Without Sequence","157.32","",""
"01/03/2023 20:00:00 - 01/03/2023 21:00:00","BZN|EE","Without Sequence","141.38","",""
"01/03/2023 21:00:00 - 01/03/2023 22:00:00","BZN|EE","Without Sequence","138.64","",""
"01/03/2023 22:00:00 - 01/03/2023 23:00:00","BZN|EE","Without Sequence","111.87","",""
"01/03/2023 23:00:00 - 02/03/2023 00:00:00","BZN|EE","Without Sequence","106.02","",""
"02/03/2023 00:00:00 - 02/03/2023 01:00:00","BZN|EE","Without Sequence","103.49","",""
"02/03/2023 01:00:00 - 02/03/2023 02:00:00","BZN|EE","Without Sequence","103.48","",""
"02/03/2023 02:00:00 - 02/03/2023 03:00:00","BZN|EE","Without Sequence","106.03","",""
"02/03/2023 03:00:00 - 02/03/2023 04:00:00","BZN|EE","Without Sequence","126.89","",""
"02/03/2023 04:00:00 - 02/03/2023 05:00:00","BZN|EE","Without Sequence","132.32","",""
"02/03/2023 05:00:00 - 02/03/2023 06:00:00","BZN|EE","Without Sequence","161.03","",""
"02/03/2023 06:00:00 - 02/03/2023 07:00:00","BZN|EE","Without Sequence","181.04","",""
"02/03/2023 07:00:00 - 02/03/2023 08:00:00","BZN|EE","Without Sequence","177.62","",""
"02/03/2023 08:00:00 - 02/03/2023 09:00:00","BZN|EE","Without Sequence","135.33","",""
"02/03/2023 09:00:00 - 02/03/2023 10:00:00","BZN|EE","Without Sequence","103.48","",""
"02/03/2023 10:00:00 - 02/03/2023 11:00:00","BZN|EE","Without Sequence","103.42","",""
"02/03/2023 11:00:00 - 02/03/2023 12:00:00","BZN|EE","Without Sequence","103.47","",""
"02/03/2023 12:00:00 - 02/03/2023 13:00:00","BZN|EE","Without Sequence","103.49","",""
"02/03/2023 13:00:00 - 02/03/2023 14:00:00","BZN|EE","Without Sequence","106.07","",""
"02/03/2023 14:00:00 - 02/03/2023 15:00:00","BZN|EE","Without Sequence","125.53","",""
"02/03/2023 15:00:00 - 02/03/2023 16:00:00","BZN|EE","Without Sequence","148.98","",""
"02/03/2023 16:00:00 - 02/03/2023 17:00:00","BZN|EE","Without Sequence","162.39","",""
"02/03/2023 17:00:00 - 02/03/2023 18:00:00","BZN|EE","Without Sequence","180.47","",""
"02/03/2023 18:00:00 - 02/03/2023 19:00:00","BZN|EE","Without Sequence","130.99","",""
"02/03/2023 19:00:00 - 02/03/2023 20:00:00","BZN|EE","Without Sequence","106.06","",""
"02/03/2023 20:00:00 - 02/03/2023 21:00:00","BZN|EE","Without Sequence","103.41","",""
"02/03/2023 21:00:00 - 02/03/2023 22:00:00","BZN|EE","Without Sequence","23.43","",""
"02/03/2023 22:00:00 - 02/03/2023 23:00:00","BZN|EE","Without Sequence","27.02","",""
"02/03/2023 23:00:00 - 03/03/2023 00:00:00","BZN|EE","Without Sequence","21.53","",""
"03/03/2023 00:00:00 - 03/03/2023 01:00:00","BZN|EE","Without Sequence","21.54","",""
"03/03/2023 01:00:00 - 03/03/2023 02:00:00","BZN|EE","Without Sequence","22.00","",""
"03/03/2023 02:00:00 - 03/03/2023 03:00:00","BZN|EE","Without Sequence","39.61","",""
"03/03/2023 03:00:00 - 03/03/2023 04:00:00","BZN|EE","Without Sequence","101.75","",""
"03/03/2023 04:00:00 - 03/03/2023 05:00:00","BZN|EE","Without Sequence","101.77","",""
"03/03/2023 05:00:00 - 03/03/2023 06:00:00","BZN|EE","Without Sequence","104.30","",""
"03/03/2023 06:00:00 - 03/03/2023 07:00:00","BZN|EE","Without Sequence","182.54","",""
"03/03/2023 07:00:00 - 03/03/2023 08:00:00","BZN|EE","Without Sequence","190.70","",""
"03/03/2023 08:00:00 - 03/03/2023 09:00:00","BZN|EE","Without Sequence","157.29","",""
"03/03/2023 09:00:00 - 03/03/2023 10:00:00","BZN|EE","Without Sequence","127.98","",""
"03/03/2023 10:00:00 - 03/03/2023 11:00:00","BZN|EE","Without Sequence","118.19","",""
"03/03/2023 11:00:00 - 03/03/2023 12:00:00","BZN|EE","Without Sequence","111.94","",""
"03/03/2023 12:00:00 - 03/03/2023 13:00:00","BZN|EE","Without Sequence","104.21","",""
"03/03/2023 13:00:00 - 03/03/2023 14:00:00","BZN|EE","Without Sequence","105.09","",""
"03/03/2023 14:00:00 - 03/03/2023 15:00:00","BZN|EE","Without Sequence","121.30","",""
"03/03/2023 15:00:00 - 03/03/2023 16:00:00","BZN|EE","Without Sequence","149.56","",""
"03/03/2023 16:00:00 - 03/03/2023 17:00:00","BZN|EE","Without Sequence","166.57","",""
"03/03/2023 17:00:00 - 03/03/2023 18:00:00","BZN|EE","Without Sequence","165.00","",""
"03/03/2023 18:00:00 - 03/03/2023 19:00:00","BZN|EE","Without Sequence","101.76","",""
"03/03/2023 19:00:00 - 03/03/2023 20:00:00","BZN|EE","Without Sequence","40.27","",""
"03/03/2023 20:00:00 - 03/03/2023 21:00:00","BZN|EE","Without Sequence","40.08","",""
"03/03/2023 21:00:00 - 03/03/2023 22:00:00","BZN|EE","Without Sequence","33.34","",""
"03/03/2023 22:00:00 - 03/03/2023 23:00:00","BZN|EE","Without Sequence","21.56","",""
"03/03/2023 23:00:00 - 04/03/2023 00:00:00","BZN|EE","Without Sequence","85.07","",""
"04/03/2023 00:00:00 - 04/03/2023 01:00:00","BZN|EE","Without Sequence","27.64","",""
"04/03/2023 01:00:00 - 04/03/2023 02:00:00","BZN|EE","Without Sequence","86.91","",""
"04/03/2023 02:00:00 - 04/03/2023 03:00:00","BZN|EE","Without Sequence","80.38","",""
"04/03/2023 03:00:00 - 04/03/2023 04:00:00","BZN|EE","Without Sequence","25.56","",""
"04/03/2023 04:00:00 - 04/03/2023 05:00:00","BZN|EE","Without Sequence","27.64","",""
"04/03/2023 05:00:00 - 04/03/2023 06:00:00","BZN|EE","Without Sequence","29.70","",""
"04/03/2023 06:00:00 - 04/03/2023 07:00:00","BZN|EE","Without Sequence","95.49","",""
"04/03/2023 07:00:00 - 04/03/2023 08:00:00","BZN|EE","Without Sequence","85.05","",""
"04/03/2023 08:00:00 - 04/03/2023 09:00:00","BZN|EE","Without Sequence","73.94","",""
"04/03/2023 09:00:00 - 04/03/2023 10:00:00","BZN|EE","Without Sequence","73.94","",""
"04/03/2023 10:00:00 - 04/03/2023 11:00:00","BZN|EE","Without Sequence","74.30","",""
"04/03/2023 11:00:00 - 04/03/2023 12:00:00","BZN|EE","Without Sequence","95.84","",""
"04/03/2023 12:00:00 - 04/03/2023 13:00:00","BZN|EE","Without Sequence","93.27","",""
"04/03/2023 13:00:00 - 04/03/2023 14:00:00","BZN|EE","Without Sequence","96.76","",""
"04/03/2023 14:00:00 - 04/03/2023 15:00:00","BZN|EE","Without Sequence","103.01","",""
"04/03/2023 15:00:00 - 04/03/2023 16:00:00","BZN|EE","Without Sequence","108.94","",""
"04/03/2023 16:00:00 - 04/03/2023 17:00:00","BZN|EE","Without Sequence","136.64","",""
"04/03/2023 17:00:00 - 04/03/2023 18:00:00","BZN|EE","Without Sequence","148.02","",""
"04/03/2023 18:00:00 - 04/03/2023 19:00:00","BZN|EE","Without Sequence","141.52","",""
"04/03/2023 19:00:00 - 04/03/2023 20:00:00","BZN|EE","Without Sequence","122.99","",""
"04/03/2023 20:00:00 - 04/03/2023 21:00:00","BZN|EE","Without Sequence","114.88","",""
"04/03/2023 21:00:00 - 04/03/2023 22:00:00","BZN|EE","Without Sequence","112.53","",""
"04/03/2023 22:00:00 - 04/03/2023 23:00:00","BZN|EE","Without Sequence","105.81","",""
"04/03/2023 23:00:00 - 05/03/2023 00:00:00","BZN|EE","Without Sequence","104.87","",""
"05/03/2023 00:00:00 - 05/03/2023 01:00:00","BZN|EE","Without Sequence","103.08","",""
"05/03/2023 01:00:00 - 05/03/2023 02:00:00","BZN|EE","Without Sequence","102.10","",""
"05/03/2023 02:00:00 - 05/03/2023 03:00:00","BZN|EE","Without Sequence","103.99","",""
"05/03/2023 03:00:00 - 05/03/2023 04:00:00","BZN|EE","Without Sequence","101.23","",""
"05/03/2023 04:00:00 - 05/03/2023 05:00:00","BZN|EE","Without Sequence","102.12","",""
"05/03/2023 05:00:00 - 05/03/2023 06:00:00","BZN|EE","Without Sequence","101.46","",""
"05/03/2023 06:00:00 - 05/03/2023 07:00:00","BZN|EE","Without Sequence","105.78","",""
"05/03/2023 07:00:00 - 05/03/2023 08:00:00","BZN|EE","Without Sequence","108.00","",""
"05/03/2023 08:00:00 - 05/03/2023 09:00:00","BZN|EE","Without Sequence","107.73","",""
"05/03/2023 09:00:00 - 05/03/2023 10:00:00","BZN|EE","Without Sequence","105.18","",""
"05/03/2023 10:00:00 - 05/03/2023 11:00:00","BZN|EE","Without Sequence","106.80","",""
"05/03/2023 11:00:00 - 05/03/2023 12:00:00","BZN|EE","Without Sequence","106.83","",""
"05/03/2023 12:00:00 - 05/03/2023 13:00:00","BZN|EE","Without Sequence","107.05","",""
"05/03/2023 13:00:00 - 05/03/2023 14:00:00","BZN|EE","Without Sequence","106.80","",""
"05/03/2023 14:00:00 - 05/03/2023 15:00:00","BZN|EE","Without Sequence","111.04","",""
"05/03/2023 15:00:00 - 05/03/2023 16:00:00","BZN|EE","Without Sequence","115.36","",""
"05/03/2023 16:00:00 - 05/03/2023 17:00:00","BZN|EE","Without Sequence","145.14","",""
"05/03/2023 17:00:00 - 05/03/2023 18:00:00","BZN|EE","Without Sequence","166.47","",""
"05/03/2023 18:00:00 - 05/03/2023 19:00:00","BZN|EE","Without Sequence","170.14","",""
"05/03/2023 19:00:00 - 05/03/2023 20:00:00","BZN|EE","Without Sequence","147.67","",""
"05/03/2023 20:00:00 - 05/03/2023 21:00:00","BZN|EE","Without Sequence","144.99","",""
"05/03/2023 21:00:00 - 05/03/2023 22:00:00","BZN|EE","Without Sequence","136.97","",""
"05/03/2023 22:00:00 - 05/03/2023 23:00:00","BZN|EE","Without Sequence","117.72","",""
"05/03/2023 23:00:00 - 06/03/2023 00:00:00","BZN|EE","Without Sequence","130.60","",""
"06/03/2023 00:00:00 - 06/03/2023 01:00:00","BZN|EE","Without Sequence","122.08","",""
"06/03/2023 01:00:00 - 06/03/2023 02:00:00","BZN|EE","Without Sequence","120.30","",""
"06/03/2023 02:00:00 - 06/03/2023 03:00:00","BZN|EE","Without Sequence","120.17","",""
"06/03/2023 03:00:00 - 06/03/2023 04:00:00","BZN|EE","Without Sequence","122.41","",""
"06/03/2023 04:00:00 - 06/03/2023 05:00:00","BZN|EE","Without Sequence","137.44","",""
"06/03/2023 05:00:00 - 06/03/2023 06:00:00","BZN|EE","Without Sequence","159.80","",""
"06/03/2023 06:00:00 - 06/03/2023 07:00:00","BZN|EE","Without Sequence","185.00","",""
"06/03/2023 07:00:00 - 06/03/2023 08:00:00","BZN|EE","Without Sequence","217.09","",""
"06/03/2023 08:00:00 - 06/03/2023 09:00:00","BZN|EE","Without Sequence","189.99","",""
"06/03/2023 09:00:00 - 06/03/2023 10:00:00","BZN|EE","Without Sequence","170.26","",""
"06/03/2023 10:00:00 - 06/03/2023 11:00:00","BZN|EE","Without Sequence","160.84","",""
"06/03/2023 11:00:00 - 06/03/2023 12:00:00","BZN|EE","Without Sequence","149.92","",""
"06/03/2023 12:00:00 - 06/03/2023 13:00:00","BZN|EE","Without Sequence","144.95","",""
"06/03/2023 13:00:00 - 06/03/2023 14:00:00","BZN|EE","Without Sequence","144.30","",""
"06/03/2023 14:00:00 - 06/03/2023 15:00:00","BZN|EE","Without Sequence","145.78","",""
"06/03/2023 15:00:00 - 06/03/2023 16:00:00","BZN|EE","Without Sequence","152.00","",""
"06/03/2023 16:00:00 - 06/03/2023 17:00:00","BZN|EE","Without Sequence","162.03","",""
"06/03/2023 17:00:00 - 06/03/2023 18:00:00","BZN|EE","Without Sequence","184.87","",""
"06/03/2023 18:00:00 - 06/03/2023 19:00:00","BZN|EE","Without Sequence","176.81","",""
"06/03/2023 19:00:00 - 06/03/2023 20:00:00","BZN|EE","Without Sequence","149.99","",""
"06/03/2023 20:00:00 - 06/03/2023 21:00:00","BZN|EE","Without Sequence","133.60","",""
"06/03/2023 21:00:00 - 06/03/2023 22:00:00","BZN|EE","Without Sequence","120.65","",""
"06/03/2023 22:00:00 - 06/03/2023 23:00:00","BZN|EE","Without Sequence","111.45","",""
"06/03/2023 23:00:00 - 07/03/2023 00:00:00","BZN|EE","Without Sequence","128.71","",""
"07/03/2023 00:00:00 - 07/03/2023 01:00:00","BZN|EE","Without Sequence","120.07","",""
"07/03/2023 01:00:00 - 07/03/2023 02:00:00","BZN|EE","Without Sequence","117.22","",""
"07/03/2023 02:00:00 - 07/03/2023 03:00:00","BZN|EE","Without Sequence","116.89","",""
"07/03/2023 03:00:00 - 07/03/2023 04:00:00","BZN|EE","Without Sequence","117.21","",""
"07/03/2023 04:00:00 - 07/03/2023 05:00:00","BZN|EE","Without Sequence","127.40","",""
"07/03/2023 05:00:00 - 07/03/2023 06:00:00","BZN|EE","Without Sequence","139.13","",""
"07/03/2023 06:00:00 - 07/03/2023 07:00:00","BZN|EE","Without Sequence","136.68","",""
"07/03/2023 07:00:00 - 07/03/2023 08:00:00","BZN|EE","Without Sequence","130.09","",""
"07/03/2023 08:00:00 - 07/03/2023 09:00:00","BZN|EE","Without Sequence","123.91","",""
"07/03/2023 09:00:00 - 07/03/2023 10:00:00","BZN|EE","Without Sequence","150.00","",""
"07/03/2023 10:00:00 - 07/03/2023 11:00:00","BZN|EE","Without Sequence","120.01","",""
"07/03/2023 11:00:00 - 07/03/2023 12:00:00","BZN|EE","Without Sequence","117.22","",""
"07/03/2023 12:00:00 - 07/03/2023 13:00:00","BZN|EE","Without Sequence","134.99","",""
"07/03/2023 13:00:00 - 07/03/2023 14:00:00","BZN|EE","Without Sequence","126.95","",""
"07/03/2023 14:00:00 - 07/03/2023 15:00:00","BZN|EE","Without Sequence","106.67","",""
"07/03/2023 15:00:00 - 07/03/2023 16:00:00","BZN|EE","Without Sequence","117.66","",""
"07/03/2023 16:00:00 - 07/03/2023 17:00:00","BZN|EE","Without Sequence","145.14","",""
"07/03/2023 17:00:00 - 07/03/2023 18:00:00","BZN|EE","Without Sequence","149.49","",""
"07/03/2023 18:00:00 - 07/03/2023 19:00:00","BZN|EE","Without Sequence","129.23","",""
"07/03/2023 19:00:00 - 07/03/2023 20:00:00","BZN|EE","Without Sequence","113.35","",""
"07/03/2023 20:00:00 - 07/03/2023 21:00:00","BZN|EE","Without Sequence","112.39","",""
"07/03/2023 21:00:00 - 07/03/2023 22:00:00","BZN|EE","Without Sequence","68.04","",""
"07/03/2023 22:00:00 - 07/03/2023 23:00:00","BZN|EE","Without Sequence","57.42","",""
"07/03/2023 23:00:00 - 08/03/2023 00:00:00","BZN|EE","Without Sequence","73.61","",""
"08/03/2023 00:00:00 - 08/03/2023 01:00:00","BZN|EE","Without Sequence","71.01","",""
"08/03/2023 01:00:00 - 08/03/2023 02:00:00","BZN|EE","Without Sequence","70.07","",""
"08/03/2023 02:00:00 - 08/03/2023 03:00:00","BZN|EE","Without Sequence","83.32","",""
"08/03/2023 03:00:00 - 08/03/2023 04:00:00","BZN|EE","Without Sequence","107.78","",""
"08/03/2023 04:00:00 - 08/03/2023 05:00:00","BZN|EE","Without Sequence","114.57","",""
"08/03/2023 05:00:00 - 08/03/2023 06:00:00","BZN|EE","Without Sequence","137.30","",""
"08/03/2023 06:00:00 - 08/03/2023 07:00:00","BZN|EE","Without Sequence","158.53","",""
"08/03/2023 07:00:00 - 08/03/2023 08:00:00","BZN|EE","Without Sequence","173.10","",""
"08/03/2023 08:00:00 - 08/03/2023 09:00:00","BZN|EE","Without Sequence","163.00","",""
"08/03/2023 09:00:00 - 08/03/2023 10:00:00","BZN|EE","Without Sequence","152.99","",""
"08/03/2023 10:00:00 - 08/03/2023 11:00:00","BZN|EE","Without Sequence","144.17","",""
"08/03/2023 11:00:00 - 08/03/2023 12:00:00","BZN|EE","Without Sequence","137.17","",""
"08/03/2023 12:00:00 - 08/03/2023 13:00:00","BZN|EE","Without Sequence","135.10","",""
"08/03/2023 13:00:00 - 08/03/2023 14:00:00","BZN|EE","Without Sequence","137.42","",""
"08/03/2023 14:00:00 - 08/03/2023 15:00:00","BZN|EE","Without Sequence","141.08","",""
"08/03/2023 15:00:00 - 08/03/2023 16:00:00","BZN|EE","Without Sequence","144.47","",""
"08/03/2023 16:00:00 - 08/03/2023 17:00:00","BZN|EE","Without Sequence","153.01","",""
"08/03/2023 17:00:00 - 08/03/2023 18:00:00","BZN|EE","Without Sequence","166.89","",""
"08/03/2023 18:00:00 - 08/03/2023 19:00:00","BZN|EE","Without Sequence","170.02","",""
"08/03/2023 19:00:00 - 08/03/2023 20:00:00","BZN|EE","Without Sequence","153.77","",""
"08/03/2023 20:00:00 - 08/03/2023 21:00:00","BZN|EE","Without Sequence","134.64","",""
"08/03/2023 21:00:00 - 08/03/2023 22:00:00","BZN|EE","Without Sequence","128.82","",""
"08/03/2023 22:00:00 - 08/03/2023 23:00:00","BZN|EE","Without Sequence","115.31","",""
"08/03/2023 23:00:00 - 09/03/2023 00:00:00","BZN|EE","Without Sequence","113.66","",""
"09/03/2023 00:00:00 - 09/03/2023 01:00:00","BZN|EE","Without Sequence","111.39","",""
"09/03/2023 01:00:00 - 09/03/2023 02:00:00","BZN|EE","Without Sequence","111.02","",""
"09/03/2023 02:00:00 - 09/03/2023 03:00:00","BZN|EE","Without Sequence","109.38","",""
"09/03/2023 03:00:00 - 09/03/2023 04:00:00","BZN|EE","Without Sequence","111.22","",""
"09/03/2023 04:00:00 - 09/03/2023 05:00:00","BZN|EE","Without Sequence","120.00","",""
"09/03/2023 05:00:00 - 09/03/2023 06:00:00","BZN|EE","Without Sequence","137.94","",""
"09/03/2023 06:00:00 - 09/03/2023 07:00:00","BZN|EE","Without Sequence","158.09","",""
"09/03/2023 07:00:00 - 09/03/2023 08:00:00","BZN|EE","Without Sequence","164.14","",""
"09/03/2023 08:00:00 - 09/03/2023 09:00:00","BZN|EE","Without Sequence","156.01","",""
"09/03/2023 09:00:00 - 09/03/2023 10:00:00","BZN|EE","Without Sequence","144.58","",""
"09/03/2023 10:00:00 - 09/03/2023 11:00:00","BZN|EE","Without Sequence","133.65","",""
"09/03/2023 11:00:00 - 09/03/2023 12:00:00","BZN|EE","Without Sequence","123.45","",""
"09/03/2023 12:00:00 - 09/03/2023 13:00:00","BZN|EE","Without Sequence","116.45","",""
"09/03/2023 13:00:00 - 09/03/2023 14:00:00","BZN|EE","Without Sequence","117.79","",""
"09/03/2023 14:00:00 - 09/03/2023 15:00:00","BZN|EE","Without Sequence","147.23","",""
"09/03/2023 15:00:00 - 09/03/2023 16:00:00","BZN|EE","Without Sequence","133.33","",""
"09/03/2023 16:00:00 - 09/03/2023 17:00:00","BZN|EE","Without Sequence","171.41","",""
"09/03/2023 17:00:00 - 09/03/2023 18:00:00","BZN|EE","Without Sequence","171.12","",""
"09/03/2023 18:00:00 - 09/03/2023 19:00:00","BZN|EE","Without Sequence","145.04","",""
"09/03/2023 19:00:00 - 09/03/2023 20:00:00","BZN|EE","Without Sequence","174.35","",""
"09/03/2023 20:00:00 - 09/03/2023 21:00:00","BZN|EE","Without Sequence","145.08","",""
"09/03/2023 21:00:00 - 09/03/2023 22:00:00","BZN|EE","Without Sequence","123.82","",""
"09/03/2023 22:00:00 - 09/03/2023 23:00:00","BZN|EE","Without Sequence","109.70","",""
"09/03/2023 23:00:00 - 10/03/2023 00:00:00","BZN|EE","Without Sequence","102.89","",""
"10/03/2023 00:00:00 - 10/03/2023 01:00:00","BZN|EE","Without Sequence","100.68","",""
"10/03/2023 01:00:00 - 10/03/2023 02:00:00","BZN|EE","Without Sequence","99.06","",""
"10/03/2023 02:00:00 - 10/03/2023 03:00:00","BZN|EE","Without Sequence","98.84","",""
"10/03/2023 03:00:00 - 10/03/2023 04:00:00","BZN|EE","Without Sequence","99.09","",""
"10/03/2023 04:00:00 - 10/03/2023 05:00:00","BZN|EE","Without Sequence","105.00","",""
"10/03/2023 05:00:00 - 10/03/2023 06:00:00","BZN|EE","Without Sequence","119.81","",""
"10/03/2023 06:00:00 - 10/03/2023 07:00:00","BZN|EE","Without Sequence","136.91","",""
"10/03/2023 07:00:00 - 10/03/2023 08:00:00","BZN|EE","Without Sequence","140.91","",""
"10/03/2023 08:00:00 - 10/03/2023 09:00:00","BZN|EE","Without Sequence","136.61","",""
"10/03/2023 09:00:00 - 10/03/2023 10:00:00","BZN|EE","Without Sequence","131.89","",""
"10/03/2023 10:00:00 - 10/03/2023 11:00:00","BZN|EE","Without Sequence","125.10","",""
"10/03/2023 11:00:00 - 10/03/2023 12:00:00","BZN|EE","Without Sequence","116.42","",""
"10/03/2023 12:00:00 - 10/03/2023 13:00:00","BZN|EE","Without Sequence","112.84","",""
"10/03/2023 13:00:00 - 10/03/2023 14:00:00","BZN|EE","Without Sequence","114.91","",""
"10/03/2023 14:00:00 - 10/03/2023 15:00:00","BZN|EE","Without Sequence","112.62","",""
"10/03/2023 15:00:00 - 10/03/2023 16:00:00","BZN|EE","Without Sequence","134.07","",""
"10/03/2023 16:00:00 - 10/03/2023 17:00:00","BZN|EE","Without Sequence","129.34","",""
"10/03/2023 17:00:00 - 10/03/2023 18:00:00","BZN|EE","Without Sequence","135.48","",""
"10/03/2023 18:00:00 - 10/03/2023 19:00:00","BZN|EE","Without Sequence","133.92","",""
"10/03/2023 19:00:00 - 10/03/2023 20:00:00","BZN|EE","Without Sequence","115.41","",""
"10/03/2023 20:00:00 - 10/03/2023 21:00:00","BZN|EE","Without Sequence","108.96","",""
"10/03/2023 21:00:00 - 10/03/2023 22:00:00","BZN|EE","Without Sequence","99.99","",""
"10/03/2023 22:00:00 - 10/03/2023 23:00:00","BZN|EE","Without Sequence","85.49","",""
"10/03/2023 23:00:00 - 11/03/2023 00:00:00","BZN|EE","Without Sequence","70.22","",""
"11/03/2023 00:00:00 - 11/03/2023 01:00:00","BZN|EE","Without Sequence","71.11","",""
"11/03/2023 01:00:00 - 11/03/2023 02:00:00","BZN|EE","Without Sequence","73.08","",""
"11/03/2023 02:00:00 - 11/03/2023 03:00:00","BZN|EE","Without Sequence","80.44","",""
"11/03/2023 03:00:00 - 11/03/2023 04:00:00","BZN|EE","Without Sequence","85.76","",""
"11/03/2023 04:00:00 - 11/03/2023 05:00:00","BZN|EE","Without Sequence","96.18","",""
"11/03/2023 05:00:00 - 11/03/2023 06:00:00","BZN|EE","Without Sequence","104.24","",""
"11/03/2023 06:00:00 - 11/03/2023 07:00:00","BZN|EE","Without Sequence","110.15","",""
"11/03/2023 07:00:00 - 11/03/2023 08:00:00","BZN|EE","Without Sequence","111.27","",""
"11/03/2023 08:00:00 - 11/03/2023 09:00:00","BZN|EE","Without Sequence","106.37","",""
"11/03/2023 09:00:00 - 11/03/2023 10:00:00","BZN|EE","Without Sequence","103.34","",""
"11/03/2023 10:00:00 - 11/03/2023 11:00:00","BZN|EE","Without Sequence","103.34","",""
"11/03/2023 11:00:00 - 11/03/2023 12:00:00","BZN|EE","Without Sequence","103.32","",""
"11/03/2023 12:00:00 - 11/03/2023 13:00:00","BZN|EE","Without Sequence","103.00","",""
"11/03/2023 13:00:00 - 11/03/2023 14:00:00","BZN|EE","Without Sequence","79.11","",""
"11/03/2023 14:00:00 - 11/03/2023 15:00:00","BZN|EE","Without Sequence","80.65","",""
"11/03/2023 15:00:00 - 11/03/2023 16:00:00","BZN|EE","Without Sequence","101.52","",""
"11/03/2023 16:00:00 - 11/03/2023 17:00:00","BZN|EE","Without Sequence","128.05","",""
"11/03/2023 17:00:00 - 11/03/2023 18:00:00","BZN|EE","Without Sequence","133.85","",""
"11/03/2023 18:00:00 - 11/03/2023 19:00:00","BZN|EE","Without Sequence","110.43","",""
"11/03/2023 19:00:00 - 11/03/2023 20:00:00","BZN|EE","Without Sequence","106.03","",""
"11/03/2023 20:00:00 - 11/03/2023 21:00:00","BZN|EE","Without Sequence","114.98","",""
"11/03/2023 21:00:00 - 11/03/2023 22:00:00","BZN|EE","Without Sequence","116.85","",""
"11/03/2023 22:00:00 - 11/03/2023 23:00:00","BZN|EE","Without Sequence","101.49","",""
"11/03/2023 23:00:00 - 12/03/2023 00:00:00","BZN|EE","Without Sequence","100.75","",""
"12/03/2023 00:00:00 - 12/03/2023 01:00:00","BZN|EE","Without Sequence","82.04","",""
"12/03/2023 01:00:00 - 12/03/2023 02:00:00","BZN|EE","Without Sequence","77.78","",""
"12/03/2023 02:00:00 - 12/03/2023 03:00:00","BZN|EE","Without Sequence","71.52","",""
"12/03/2023 03:00:00 - 12/03/2023 04:00:00","BZN|EE","Without Sequence","71.50","",""
"12/03/2023 04:00:00 - 12/03/2023 05:00:00","BZN|EE","Without Sequence","74.51","",""
"12/03/2023 05:00:00 - 12/03/2023 06:00:00","BZN|EE","Without Sequence","68.37","",""
"12/03/2023 06:00:00 - 12/03/2023 07:00:00","BZN|EE","Without Sequence","66.04","",""
"12/03/2023 07:00:00 - 12/03/2023 08:00:00","BZN|EE","Without Sequence","81.76","",""
"12/03/2023 08:00:00 - 12/03/2023 09:00:00","BZN|EE","Without Sequence","78.53","",""
"12/03/2023 09:00:00 - 12/03/2023 10:00:00","BZN|EE","Without Sequence","66.18","",""
"12/03/2023 10:00:00 - 12/03/2023 11:00:00","BZN|EE","Without Sequence","66.84","",""
"12/03/2023 11:00:00 - 12/03/2023 12:00:00","BZN|EE","Without Sequence","66.12","",""
"12/03/2023 12:00:00 - 12/03/2023 13:00:00","BZN|EE","Without Sequence","67.31","",""
"12/03/2023 13:00:00 - 12/03/2023 14:00:00","BZN|EE","Without Sequence","70.00","",""
"12/03/2023 14:00:00 - 12/03/2023 15:00:00","BZN|EE","Without Sequence","74.90","",""
"12/03/2023 15:00:00 - 12/03/2023 16:00:00","BZN|EE","Without Sequence","85.05","",""
"12/03/2023 16:00:00 - 12/03/2023 17:00:00","BZN|EE","Without Sequence","100.91","",""
"12/03/2023 17:00:00 - 12/03/2023 18:00:00","BZN|EE","Without Sequence","116.98","",""
"12/03/2023 18:00:00 - 12/03/2023 19:00:00","BZN|EE","Without Sequence","117.69","",""
"12/03/2023 19:00:00 - 12/03/2023 20:00:00","BZN|EE","Without Sequence","105.85","",""
"12/03/2023 20:00:00 - 12/03/2023 21:00:00","BZN|EE","Without Sequence","101.44","",""
"12/03/2023 21:00:00 - 12/03/2023 22:00:00","BZN|EE","Without Sequence","92.59","",""
"12/03/2023 22:00:00 - 12/03/2023 23:00:00","BZN|EE","Without Sequence","65.02","",""
"12/03/2023 23:00:00 - 13/03/2023 00:00:00","BZN|EE","Without Sequence","49.84","",""
"13/03/2023 00:00:00 - 13/03/2023 01:00:00","BZN|EE","Without Sequence","39.15","",""
"13/03/2023 01:00:00 - 13/03/2023 02:00:00","BZN|EE","Without Sequence","34.57","",""
"13/03/2023 02:00:00 - 13/03/2023 03:00:00","BZN|EE","Without Sequence","30.46","",""
"13/03/2023 03:00:00 - 13/03/2023 04:00:00","BZN|EE","Without Sequence","37.46","",""
"13/03/2023 04:00:00 - 13/03/2023 05:00:00","BZN|EE","Without Sequence","59.48","",""
"13/03/2023 05:00:00 - 13/03/2023 06:00:00","BZN|EE","Without Sequence","92.10","",""
"13/03/2023 06:00:00 - 13/03/2023 07:00:00","BZN|EE","Without Sequence","104.16","",""
"13/03/2023 07:00:00 - 13/03/2023 08:00:00","BZN|EE","Without Sequence","104.14","",""
"13/03/2023 08:00:00 - 13/03/2023 09:00:00","BZN|EE","Without Sequence","96.77","",""
"13/03/2023 09:00:00 - 13/03/2023 10:00:00","BZN|EE","Without Sequence","103.72","",""
"13/03/2023 10:00:00 - 13/03/2023 11:00:00","BZN|EE","Without Sequence","100.10","",""
"13/03/2023 11:00:00 - 13/03/2023 12:00:00","BZN|EE","Without Sequence","104.13","",""
"13/03/2023 12:00:00 - 13/03/2023 13:00:00","BZN|EE","Without Sequence","104.10","",""
"13/03/2023 13:00:00 - 13/03/2023 14:00:00","BZN|EE","Without Sequence","87.43","",""
"13/03/2023 14:00:00 - 13/03/2023 15:00:00","BZN|EE","Without Sequence","60.06","",""
"13/03/2023 15:00:00 - 13/03/2023 16:00:00","BZN|EE","Without Sequence","90.07","",""
"13/03/2023 16:00:00 - 13/03/2023 17:00:00","BZN|EE","Without Sequence","95.03","",""
"13/03/2023 17:00:00 - 13/03/2023 18:00:00","BZN|EE","Without Sequence","95.04","",""
"13/03/2023 18:00:00 - 13/03/2023 19:00:00","BZN|EE","Without Sequence","48.87","",""
"13/03/2023 19:00:00 - 13/03/2023 20:00:00","BZN|EE","Without Sequence","43.84","",""
"13/03/2023 20:00:00 - 13/03/2023 21:00:00","BZN|EE","Without Sequence","42.18","",""
"13/03/2023 21:00:00 - 13/03/2023 22:00:00","BZN|EE","Without Sequence","34.60","",""
"13/03/2023 22:00:00 - 13/03/2023 23:00:00","BZN|EE","Without Sequence","23.32","",""
"13/03/2023 23:00:00 - 14/03/2023 00:00:00","BZN|EE","Without Sequence","9.57","",""
"14/03/2023 00:00:00 - 14/03/2023 01:00:00","BZN|EE","Without Sequence","4.57","",""
"14/03/2023 01:00:00 - 14/03/2023 02:00:00","BZN|EE","Without Sequence","4.20","",""
"14/03/2023 02:00:00 - 14/03/2023 03:00:00","BZN|EE","Without Sequence","2.48","",""
"14/03/2023 03:00:00 - 14/03/2023 04:00:00","BZN|EE","Without Sequence","4.58","",""
"14/03/2023 04:00:00 - 14/03/2023 05:00:00","BZN|EE","Without Sequence","26.98","",""
"14/03/2023 05:00:00 - 14/03/2023 06:00:00","BZN|EE","Without Sequence","42.60","",""
"14/03/2023 06:00:00 - 14/03/2023 07:00:00","BZN|EE","Without Sequence","99.09","",""
"14/03/2023 07:00:00 - 14/03/2023 08:00:00","BZN|EE","Without Sequence","103.35","",""
"14/03/2023 08:00:00 - 14/03/2023 09:00:00","BZN|EE","Without Sequence","92.43","",""
"14/03/2023 09:00:00 - 14/03/2023 10:00:00","BZN|EE","Without Sequence","99.01","",""
"14/03/2023 10:00:00 - 14/03/2023 11:00:00","BZN|EE","Without Sequence","99.03","",""
"14/03/2023 11:00:00 - 14/03/2023 12:00:00","BZN|EE","Without Sequence","94.93","",""
"14/03/2023 12:00:00 - 14/03/2023 13:00:00","BZN|EE","Without Sequence","89.10","",""
"14/03/2023 13:00:00 - 14/03/2023 14:00:00","BZN|EE","Without Sequence","77.10","",""
"14/03/2023 14:00:00 - 14/03/2023 15:00:00","BZN|EE","Without Sequence","97.69","",""
"14/03/2023 15:00:00 - 14/03/2023 16:00:00","BZN|EE","Without Sequence","107.76","",""
"14/03/2023 16:00:00 - 14/03/2023 17:00:00","BZN|EE","Without Sequence","126.21","",""
"14/03/2023 17:00:00 - 14/03/2023 18:00:00","BZN|EE","Without Sequence","132.10","",""
"14/03/2023 18:00:00 - 14/03/2023 19:00:00","BZN|EE","Without Sequence","125.99","",""
"14/03/2023 19:00:00 - 14/03/2023 20:00:00","BZN|EE","Without Sequence","103.31","",""
"14/03/2023 20:00:00 - 14/03/2023 21:00:00","BZN|EE","Without Sequence","107.47","",""
"14/03/2023 21:00:00 - 14/03/2023 22:00:00","BZN|EE","Without Sequence","105.02","",""
"14/03/2023 22:00:00 - 14/03/2023 23:00:00","BZN|EE","Without Sequence","91.22","",""
"14/03/2023 23:00:00 - 15/03/2023 00:00:00","BZN|EE","Without Sequence","99.18","",""
"15/03/2023 00:00:00 - 15/03/2023 01:00:00","BZN|EE","Without Sequence","83.38","",""
"15/03/2023 01:00:00 - 15/03/2023 02:00:00","BZN|EE","Without Sequence","80.08","",""
"15/03/2023 02:00:00 - 15/03/2023 03:00:00","BZN|EE","Without Sequence","80.02","",""
"15/03/2023 03:00:00 - 15/03/2023 04:00:00","BZN|EE","Without Sequence","89.75","",""
"15/03/2023 04:00:00 - 15/03/2023 05:00:00","BZN|EE","Without Sequence","116.97","",""
"15/03/2023 05:00:00 - 15/03/2023 06:00:00","BZN|EE","Without Sequence","138.15","",""
"15/03/2023 06:00:00 - 15/03/2023 07:00:00","BZN|EE","Without Sequence","158.70","",""
"15/03/2023 07:00:00 - 15/03/2023 08:00:00","BZN|EE","Without Sequence","148.68","",""
"15/03/2023 08:00:00 - 15/03/2023 09:00:00","BZN|EE","Without Sequence","123.25","",""
"15/03/2023 09:00:00 - 15/03/2023 10:00:00","BZN|EE","Without Sequence","105.04","",""
"15/03/2023 10:00:00 - 15/03/2023 11:00:00","BZN|EE","Without Sequence","101.36","",""
"15/03/2023 11:00:00 - 15/03/2023 12:00:00","BZN|EE","Without Sequence","94.73","",""
"15/03/2023 12:00:00 - 15/03/2023 13:00:00","BZN|EE","Without Sequence","98.07","",""
"15/03/2023 13:00:00 - 15/03/2023 14:00:00","BZN|EE","Without Sequence","98.56","",""
"15/03/2023 14:00:00 - 15/03/2023 15:00:00","BZN|EE","Without Sequence","101.46","",""
"15/03/2023 15:00:00 - 15/03/2023 16:00:00","BZN|EE","Without Sequence","105.04","",""
"15/03/2023 16:00:00 - 15/03/2023 17:00:00","BZN|EE","Without Sequence","122.39","",""
"15/03/2023 17:00:00 - 15/03/2023 18:00:00","BZN|EE","Without Sequence","182.30","",""
"15/03/2023 18:00:00 - 15/03/2023 19:00:00","BZN|EE","Without Sequence","199.30","",""
"15/03/2023 19:00:00 - 15/03/2023 20:00:00","BZN|EE","Without Sequence","105.26","",""
"15/03/2023 20:00:00 - 15/03/2023 21:00:00","BZN|EE","Without Sequence","105.06","",""
"15/03/2023 21:00:00 - 15/03/2023 22:00:00","BZN|EE","Without Sequence","81.67","",""
"15/03/2023 22:00:00 - 15/03/2023 23:00:00","BZN|EE","Without Sequence","72.91","",""
"15/03/2023 23:00:00 - 16/03/2023 00:00:00","BZN|EE","Without Sequence","65.02","",""
"16/03/2023 00:00:00 - 16/03/2023 01:00:00","BZN|EE","Without Sequence","65.05","",""
"16/03/2023 01:00:00 - 16/03/2023 02:00:00","BZN|EE","Without Sequence","65.07","",""
"16/03/2023 02:00:00 - 16/03/2023 03:00:00","BZN|EE","Without Sequence","80.07","",""
"16/03/2023 03:00:00 - 16/03/2023 04:00:00","BZN|EE","Without Sequence","95.72","",""
"16/03/2023 04:00:00 - 16/03/2023 05:00:00","BZN|EE","Without Sequence","101.37","",""
"16/03/2023 05:00:00 - 16/03/2023 06:00:00","BZN|EE","Without Sequence","130.31","",""
"16/03/2023 06:00:00 - 16/03/2023 07:00:00","BZN|EE","Without Sequence","136.31","",""
"16/03/2023 07:00:00 - 16/03/2023 08:00:00","BZN|EE","Without Sequence","133.75","",""
"16/03/2023 08:00:00 - 16/03/2023 09:00:00","BZN|EE","Without Sequence","112.49","",""
"16/03/2023 09:00:00 - 16/03/2023 10:00:00","BZN|EE","Without Sequence","100.93","",""
"16/03/2023 10:00:00 - 16/03/2023 11:00:00","BZN|EE","Without Sequence","91.51","",""
"16/03/2023 11:00:00 - 16/03/2023 12:00:00","BZN|EE","Without Sequence","85.40","",""
"16/03/2023 12:00:00 - 16/03/2023 13:00:00","BZN|EE","Without Sequence","78.49","",""
"16/03/2023 13:00:00 - 16/03/2023 14:00:00","BZN|EE","Without Sequence","80.48","",""
"16/03/2023 14:00:00 - 16/03/2023 15:00:00","BZN|EE","Without Sequence","84.89","",""
"16/03/2023 15:00:00 - 16/03/2023 16:00:00","BZN|EE","Without Sequence","100.10","",""
"16/03/2023 16:00:00 - 16/03/2023 17:00:00","BZN|EE","Without Sequence","100.40","",""
"16/03/2023 17:00:00 - 16/03/2023 18:00:00","BZN|EE","Without Sequence","100.99","",""
"16/03/2023 18:00:00 - 16/03/2023 19:00:00","BZN|EE","Without Sequence","100.39","",""
"16/03/2023 19:00:00 - 16/03/2023 20:00:00","BZN|EE","Without Sequence","100.10","",""
"16/03/2023 20:00:00 - 16/03/2023 21:00:00","BZN|EE","Without Sequence","100.10","",""
"16/03/2023 21:00:00 - 16/03/2023 22:00:00","BZN|EE","Without Sequence","100.09","",""
"16/03/2023 22:00:00 - 16/03/2023 23:00:00","BZN|EE","Without Sequence","68.88","",""
"16/03/2023 23:00:00 - 17/03/2023 00:00:00","BZN|EE","Without Sequence","50.04","",""
"17/03/2023 00:00:00 - 17/03/2023 01:00:00","BZN|EE","Without Sequence","50.03","",""
"17/03/2023 01:00:00 - 17/03/2023 02:00:00","BZN|EE","Without Sequence","48.77","",""
"17/03/2023 02:00:00 - 17/03/2023 03:00:00","BZN|EE","Without Sequence","50.00","",""
"17/03/2023 03:00:00 - 17/03/2023 04:00:00","BZN|EE","Without Sequence","52.55","",""
"17/03/2023 04:00:00 - 17/03/2023 05:00:00","BZN|EE","Without Sequence","81.59","",""
"17/03/2023 05:00:00 - 17/03/2023 06:00:00","BZN|EE","Without Sequence","105.06","",""
"17/03/2023 06:00:00 - 17/03/2023 07:00:00","BZN|EE","Without Sequence","113.89","",""
"17/03/2023 07:00:00 - 17/03/2023 08:00:00","BZN|EE","Without Sequence","105.24","",""
"17/03/2023 08:00:00 - 17/03/2023 09:00:00","BZN|EE","Without Sequence","88.83","",""
"17/03/2023 09:00:00 - 17/03/2023 10:00:00","BZN|EE","Without Sequence","77.72","",""
"17/03/2023 10:00:00 - 17/03/2023 11:00:00","BZN|EE","Without Sequence","41.11","",""
"17/03/2023 11:00:00 - 17/03/2023 12:00:00","BZN|EE","Without Sequence","45.34","",""
"17/03/2023 12:00:00 - 17/03/2023 13:00:00","BZN|EE","Without Sequence","38.15","",""
"17/03/2023 13:00:00 - 17/03/2023 14:00:00","BZN|EE","Without Sequence","75.02","",""
"17/03/2023 14:00:00 - 17/03/2023 15:00:00","BZN|EE","Without Sequence","97.69","",""
"17/03/2023 15:00:00 - 17/03/2023 16:00:00","BZN|EE","Without Sequence","105.00","",""
"17/03/2023 16:00:00 - 17/03/2023 17:00:00","BZN|EE","Without Sequence","105.07","",""
"17/03/2023 17:00:00 - 17/03/2023 18:00:00","BZN|EE","Without Sequence","105.10","",""
"17/03/2023 18:00:00 - 17/03/2023 19:00:00","BZN|EE","Without Sequence","97.70","",""
"17/03/2023 19:00:00 - 17/03/2023 20:00:00","BZN|EE","Without Sequence","24.19","",""
"17/03/2023 20:00:00 - 17/03/2023 21:00:00","BZN|EE","Without Sequence","23.35","",""
"17/03/2023 21:00:00 - 17/03/2023 22:00:00","BZN|EE","Without Sequence","22.35","",""
"17/03/2023 22:00:00 - 17/03/2023 23:00:00","BZN|EE","Without Sequence","18.37","",""
"17/03/2023 23:00:00 - 18/03/2023 00:00:00","BZN|EE","Without Sequence","4.06","",""
"18/03/2023 00:00:00 - 18/03/2023 01:00:00","BZN|EE","Without Sequence","4.08","",""
"18/03/2023 01:00:00 - 18/03/2023 02:00:00","BZN|EE","Without Sequence","4.06","",""
"18/03/2023 02:00:00 - 18/03/2023 03:00:00","BZN|EE","Without Sequence","9.94","",""
"18/03/2023 03:00:00 - 18/03/2023 04:00:00","BZN|EE","Without Sequence","17.23","",""
"18/03/2023 04:00:00 - 18/03/2023 05:00:00","BZN|EE","Without Sequence","21.03","",""
"18/03/2023 05:00:00 - 18/03/2023 06:00:00","BZN|EE","Without Sequence","21.54","",""
"18/03/2023 06:00:00 - 18/03/2023 07:00:00","BZN|EE","Without Sequence","22.97","",""
"18/03/2023 07:00:00 - 18/03/2023 08:00:00","BZN|EE","Without Sequence","28.72","",""
"18/03/2023 08:00:00 - 18/03/2023 09:00:00","BZN|EE","Without Sequence","29.86","",""
"18/03/2023 09:00:00 - 18/03/2023 10:00:00","BZN|EE","Without Sequence","32.69","",""
"18/03/2023 10:00:00 - 18/03/2023 11:00:00","BZN|EE","Without Sequence","32.78","",""
"18/03/2023 11:00:00 - 18/03/2023 12:00:00","BZN|EE","Without Sequence","32.41","",""
"18/03/2023 12:00:00 - 18/03/2023 13:00:00","BZN|EE","Without Sequence","31.88","",""
"18/03/2023 13:00:00 - 18/03/2023 14:00:00","BZN|EE","Without Sequence","30.40","",""
"18/03/2023 14:00:00 - 18/03/2023 15:00:00","BZN|EE","Without Sequence","31.30","",""
"18/03/2023 15:00:00 - 18/03/2023 16:00:00","BZN|EE","Without Sequence","33.37","",""
"18/03/2023 16:00:00 - 18/03/2023 17:00:00","BZN|EE","Without Sequence","54.91","",""
"18/03/2023 17:00:00 - 18/03/2023 18:00:00","BZN|EE","Without Sequence","96.80","",""
"18/03/2023 18:00:00 - 18/03/2023 19:00:00","BZN|EE","Without Sequence","54.98","",""
"18/03/2023 19:00:00 - 18/03/2023 20:00:00","BZN|EE","Without Sequence","34.70","",""
"18/03/2023 20:00:00 - 18/03/2023 21:00:00","BZN|EE","Without Sequence","34.93","",""
"18/03/2023 21:00:00 - 18/03/2023 22:00:00","BZN|EE","Without Sequence","33.74","",""
"18/03/2023 22:00:00 - 18/03/2023 23:00:00","BZN|EE","Without Sequence","33.29","",""
"18/03/2023 23:00:00 - 19/03/2023 00:00:00","BZN|EE","Without Sequence","36.05","",""
"19/03/2023 00:00:00 - 19/03/2023 01:00:00","BZN|EE","Without Sequence","36.91","",""
"19/03/2023 01:00:00 - 19/03/2023 02:00:00","BZN|EE","Without Sequence","38.82","",""
"19/03/2023 02:00:00 - 19/03/2023 03:00:00","BZN|EE","Without Sequence","39.84","",""
"19/03/2023 03:00:00 - 19/03/2023 04:00:00","BZN|EE","Without Sequence","42.01","",""
"19/03/2023 04:00:00 - 19/03/2023 05:00:00","BZN|EE","Without Sequence","43.76","",""
"19/03/2023 05:00:00 - 19/03/2023 06:00:00","BZN|EE","Without Sequence","45.48","",""
"19/03/2023 06:00:00 - 19/03/2023 07:00:00","BZN|EE","Without Sequence","49.19","",""
"19/03/2023 07:00:00 - 19/03/2023 08:00:00","BZN|EE","Without Sequence","96.89","",""
"19/03/2023 08:00:00 - 19/03/2023 09:00:00","BZN|EE","Without Sequence","96.89","",""
"19/03/2023 09:00:00 - 19/03/2023 10:00:00","BZN|EE","Without Sequence","72.42","",""
"19/03/2023 10:00:00 - 19/03/2023 11:00:00","BZN|EE","Without Sequence","67.05","",""
"19/03/2023 11:00:00 - 19/03/2023 12:00:00","BZN|EE","Without Sequence","54.97","",""
"19/03/2023 12:00:00 - 19/03/2023 13:00:00","BZN|EE","Without Sequence","44.96","",""
"19/03/2023 13:00:00 - 19/03/2023 14:00:00","BZN|EE","Without Sequence","49.94","",""
"19/03/2023 14:00:00 - 19/03/2023 15:00:00","BZN|EE","Without Sequence","54.98","",""
"19/03/2023 15:00:00 - 19/03/2023 16:00:00","BZN|EE","Without Sequence","96.90","",""
"19/03/2023 16:00:00 - 19/03/2023 17:00:00","BZN|EE","Without Sequence","129.98","",""
"19/03/2023 17:00:00 - 19/03/2023 18:00:00","BZN|EE","Without Sequence","141.52","",""
"19/03/2023 18:00:00 - 19/03/2023 19:00:00","BZN|EE","Without Sequence","137.81","",""
"19/03/2023 19:00:00 - 19/03/2023 20:00:00","BZN|EE","Without Sequence","96.89","",""
"19/03/2023 20:00:00 - 19/03/2023 21:00:00","BZN|EE","Without Sequence","50.09","",""
"19/03/2023 21:00:00 - 19/03/2023 22:00:00","BZN|EE","Without Sequence","28.31","",""
"19/03/2023 22:00:00 - 19/03/2023 23:00:00","BZN|EE","Without Sequence","24.93","",""
"19/03/2023 23:00:00 - 20/03/2023 00:00:00","BZN|EE","Without Sequence","25.93","",""
"20/03/2023 00:00:00 - 20/03/2023 01:00:00","BZN|EE","Without Sequence","25.79","",""
"20/03/2023 01:00:00 - 20/03/2023 02:00:00","BZN|EE","Without Sequence","26.33","",""
"20/03/2023 02:00:00 - 20/03/2023 03:00:00","BZN|EE","Without Sequence","28.74","",""
"20/03/2023 03:00:00 - 20/03/2023 04:00:00","BZN|EE","Without Sequence","33.53","",""
"20/03/2023 04:00:00 - 20/03/2023 05:00:00","BZN|EE","Without Sequence","96.81","",""
"20/03/2023 05:00:00 - 20/03/2023 06:00:00","BZN|EE","Without Sequence","132.51","",""
"20/03/2023 06:00:00 - 20/03/2023 07:00:00","BZN|EE","Without Sequence","144.87","",""
"20/03/2023 07:00:00 - 20/03/2023 08:00:00","BZN|EE","Without Sequence","144.94","",""
"20/03/2023 08:00:00 - 20/03/2023 09:00:00","BZN|EE","Without Sequence","134.26","",""
"20/03/2023 09:00:00 - 20/03/2023 10:00:00","BZN|EE","Without Sequence","117.48","",""
"20/03/2023 10:00:00 - 20/03/2023 11:00:00","BZN|EE","Without Sequence","104.39","",""
"20/03/2023 11:00:00 - 20/03/2023 12:00:00","BZN|EE","Without Sequence","96.79","",""
"20/03/2023 12:00:00 - 20/03/2023 13:00:00","BZN|EE","Without Sequence","95.23","",""
"20/03/2023 13:00:00 - 20/03/2023 14:00:00","BZN|EE","Without Sequence","95.17","",""
"20/03/2023 14:00:00 - 20/03/2023 15:00:00","BZN|EE","Without Sequence","96.75","",""
"20/03/2023 15:00:00 - 20/03/2023 16:00:00","BZN|EE","Without Sequence","99.46","",""
"20/03/2023 16:00:00 - 20/03/2023 17:00:00","BZN|EE","Without Sequence","129.65","",""
"20/03/2023 17:00:00 - 20/03/2023 18:00:00","BZN|EE","Without Sequence","147.34","",""
"20/03/2023 18:00:00 - 20/03/2023 19:00:00","BZN|EE","Without Sequence","154.14","",""
"20/03/2023 19:00:00 - 20/03/2023 20:00:00","BZN|EE","Without Sequence","107.98","",""
"20/03/2023 20:00:00 - 20/03/2023 21:00:00","BZN|EE","Without Sequence","107.02","",""
"20/03/2023 21:00:00 - 20/03/2023 22:00:00","BZN|EE","Without Sequence","103.43","",""
"20/03/2023 22:00:00 - 20/03/2023 23:00:00","BZN|EE","Without Sequence","79.03","",""
"20/03/2023 23:00:00 - 21/03/2023 00:00:00","BZN|EE","Without Sequence","65.05","",""
"21/03/2023 00:00:00 - 21/03/2023 01:00:00","BZN|EE","Without Sequence","65.01","",""
"21/03/2023 01:00:00 - 21/03/2023 02:00:00","BZN|EE","Without Sequence","38.30","",""
"21/03/2023 02:00:00 - 21/03/2023 03:00:00","BZN|EE","Without Sequence","35.62","",""
"21/03/2023 03:00:00 - 21/03/2023 04:00:00","BZN|EE","Without Sequence","96.89","",""
"21/03/2023 04:00:00 - 21/03/2023 05:00:00","BZN|EE","Without Sequence","115.37","",""
"21/03/2023 05:00:00 - 21/03/2023 06:00:00","BZN|EE","Without Sequence","129.81","",""
"21/03/2023 06:00:00 - 21/03/2023 07:00:00","BZN|EE","Without Sequence","145.49","",""
"21/03/2023 07:00:00 - 21/03/2023 08:00:00","BZN|EE","Without Sequence","143.45","",""
"21/03/2023 08:00:00 - 21/03/2023 09:00:00","BZN|EE","Without Sequence","128.53","",""
"21/03/2023 09:00:00 - 21/03/2023 10:00:00","BZN|EE","Without Sequence","96.90","",""
"21/03/2023 10:00:00 - 21/03/2023 11:00:00","BZN|EE","Without Sequence","60.44","",""
"21/03/2023 11:00:00 - 21/03/2023 12:00:00","BZN|EE","Without Sequence","39.40","",""
"21/03/2023 12:00:00 - 21/03/2023 13:00:00","BZN|EE","Without Sequence","37.93","",""
"21/03/2023 13:00:00 - 21/03/2023 14:00:00","BZN|EE","Without Sequence","96.09","",""
"21/03/2023 14:00:00 - 21/03/2023 15:00:00","BZN|EE","Without Sequence","95.34","",""
"21/03/2023 15:00:00 - 21/03/2023 16:00:00","BZN|EE","Without Sequence","99.02","",""
"21/03/2023 16:00:00 - 21/03/2023 17:00:00","BZN|EE","Without Sequence","103.31","",""
"21/03/2023 17:00:00 - 21/03/2023 18:00:00","BZN|EE","Without Sequence","149.82","",""
"21/03/2023 18:00:00 - 21/03/2023 19:00:00","BZN|EE","Without Sequence","135.01","",""
"21/03/2023 19:00:00 - 21/03/2023 20:00:00","BZN|EE","Without Sequence","112.25","",""
"21/03/2023 20:00:00 - 21/03/2023 21:00:00","BZN|EE","Without Sequence","66.72","",""
"21/03/2023 21:00:00 - 21/03/2023 22:00:00","BZN|EE","Without Sequence","43.96","",""
"21/03/2023 22:00:00 - 21/03/2023 23:00:00","BZN|EE","Without Sequence","42.94","",""
"21/03/2023 23:00:00 - 22/03/2023 00:00:00","BZN|EE","Without Sequence","35.40","",""
"22/03/2023 00:00:00 - 22/03/2023 01:00:00","BZN|EE","Without Sequence","35.38","",""
"22/03/2023 01:00:00 - 22/03/2023 02:00:00","BZN|EE","Without Sequence","35.18","",""
"22/03/2023 02:00:00 - 22/03/2023 03:00:00","BZN|EE","Without Sequence","35.23","",""
"22/03/2023 03:00:00 - 22/03/2023 04:00:00","BZN|EE","Without Sequence","35.83","",""
"22/03/2023 04:00:00 - 22/03/2023 05:00:00","BZN|EE","Without Sequence","45.02","",""
"22/03/2023 05:00:00 - 22/03/2023 06:00:00","BZN|EE","Without Sequence","51.79","",""
"22/03/2023 06:00:00 - 22/03/2023 07:00:00","BZN|EE","Without Sequence","89.61","",""
"22/03/2023 07:00:00 - 22/03/2023 08:00:00","BZN|EE","Without Sequence","93.46","",""
"22/03/2023 08:00:00 - 22/03/2023 09:00:00","BZN|EE","Without Sequence","78.13","",""
"22/03/2023 09:00:00 - 22/03/2023 10:00:00","BZN|EE","Without Sequence","54.19","",""
"22/03/2023 10:00:00 - 22/03/2023 11:00:00","BZN|EE","Without Sequence","36.94","",""
"22/03/2023 11:00:00 - 22/03/2023 12:00:00","BZN|EE","Without Sequence","33.68","",""
"22/03/2023 12:00:00 - 22/03/2023 13:00:00","BZN|EE","Without Sequence","32.59","",""
"22/03/2023 13:00:00 - 22/03/2023 14:00:00","BZN|EE","Without Sequence","39.43","",""
"22/03/2023 14:00:00 - 22/03/2023 15:00:00","BZN|EE","Without Sequence","45.53","",""
"22/03/2023 15:00:00 - 22/03/2023 16:00:00","BZN|EE","Without Sequence","41.78","",""
"22/03/2023 16:00:00 - 22/03/2023 17:00:00","BZN|EE","Without Sequence","43.10","",""
"22/03/2023 17:00:00 - 22/03/2023 18:00:00","BZN|EE","Without Sequence","45.82","",""
"22/03/2023 18:00:00 - 22/03/2023 19:00:00","BZN|EE","Without Sequence","39.02","",""
"22/03/2023 19:00:00 - 22/03/2023 20:00:00","BZN|EE","Without Sequence","34.52","",""
"22/03/2023 20:00:00 - 22/03/2023 21:00:00","BZN|EE","Without Sequence","30.42","",""
"22/03/2023 21:00:00 - 22/03/2023 22:00:00","BZN|EE","Without Sequence","24.22","",""
"22/03/2023 22:00:00 - 22/03/2023 23:00:00","BZN|EE","Without Sequence","21.40","",""
"22/03/2023 23:00:00 - 23/03/2023 00:00:00","BZN|EE","Without Sequence","9.90","",""
"23/03/2023 00:00:00 - 23/03/2023 01:00:00","BZN|EE","Without Sequence","4.98","",""
"23/03/2023 01:00:00 - 23/03/2023 02:00:00","BZN|EE","Without Sequence","4.08","",""
"23/03/2023 02:00:00 - 23/03/2023 03:00:00","BZN|EE","Without Sequence","4.09","",""
"23/03/2023 03:00:00 - 23/03/2023 04:00:00","BZN|EE","Without Sequence","8.79","",""
"23/03/2023 04:00:00 - 23/03/2023 05:00:00","BZN|EE","Without Sequence","23.59","",""
"23/03/2023 05:00:00 - 23/03/2023 06:00:00","BZN|EE","Without Sequence","29.27","",""
"23/03/2023 06:00:00 - 23/03/2023 07:00:00","BZN|EE","Without Sequence","38.59","",""
"23/03/2023 07:00:00 - 23/03/2023 08:00:00","BZN|EE","Without Sequence","43.89","",""
"23/03/2023 08:00:00 - 23/03/2023 09:00:00","BZN|EE","Without Sequence","41.62","",""
"23/03/2023 09:00:00 - 23/03/2023 10:00:00","BZN|EE","Without Sequence","39.77","",""
"23/03/2023 10:00:00 - 23/03/2023 11:00:00","BZN|EE","Without Sequence","35.68","",""
"23/03/2023 11:00:00 - 23/03/2023 12:00:00","BZN|EE","Without Sequence","35.64","",""
"23/03/2023 12:00:00 - 23/03/2023 13:00:00","BZN|EE","Without Sequence","36.29","",""
"23/03/2023 13:00:00 - 23/03/2023 14:00:00","BZN|EE","Without Sequence","41.62","",""
"23/03/2023 14:00:00 - 23/03/2023 15:00:00","BZN|EE","Without Sequence","42.90","",""
"23/03/2023 15:00:00 - 23/03/2023 16:00:00","BZN|EE","Without Sequence","46.01","",""
"23/03/2023 16:00:00 - 23/03/2023 17:00:00","BZN|EE","Without Sequence","49.97","",""
"23/03/2023 17:00:00 - 23/03/2023 18:00:00","BZN|EE","Without Sequence","65.01","",""
"23/03/2023 18:00:00 - 23/03/2023 19:00:00","BZN|EE","Without Sequence","57.10","",""
"23/03/2023 19:00:00 - 23/03/2023 20:00:00","BZN|EE","Without Sequence","47.79","",""
"23/03/2023 20:00:00 - 23/03/2023 21:00:00","BZN|EE","Without Sequence","44.95","",""
"23/03/2023 21:00:00 - 23/03/2023 22:00:00","BZN|EE","Without Sequence","41.82","",""
"23/03/2023 22:00:00 - 23/03/2023 23:00:00","BZN|EE","Without Sequence","37.19","",""
"23/03/2023 23:00:00 - 24/03/2023 00:00:00","BZN|EE","Without Sequence","33.31","",""
"24/03/2023 00:00:00 - 24/03/2023 01:00:00","BZN|EE","Without Sequence","30.48","",""
"24/03/2023 01:00:00 - 24/03/2023 02:00:00","BZN|EE","Without Sequence","30.29","",""
"24/03/2023 02:00:00 - 24/03/2023 03:00:00","BZN|EE","Without Sequence","31.02","",""
"24/03/2023 03:00:00 - 24/03/2023 04:00:00","BZN|EE","Without Sequence","33.94","",""
"24/03/2023 04:00:00 - 24/03/2023 05:00:00","BZN|EE","Without Sequence","39.22","",""
"24/03/2023 05:00:00 - 24/03/2023 06:00:00","BZN|EE","Without Sequence","44.84","",""
"24/03/2023 06:00:00 - 24/03/2023 07:00:00","BZN|EE","Without Sequence","58.59","",""
"24/03/2023 07:00:00 - 24/03/2023 08:00:00","BZN|EE","Without Sequence","76.07","",""
"24/03/2023 08:00:00 - 24/03/2023 09:00:00","BZN|EE","Without Sequence","58.80","",""
"24/03/2023 09:00:00 - 24/03/2023 10:00:00","BZN|EE","Without Sequence","39.96","",""
"24/03/2023 10:00:00 - 24/03/2023 11:00:00","BZN|EE","Without Sequence","34.16","",""
"24/03/2023 11:00:00 - 24/03/2023 12:00:00","BZN|EE","Without Sequence","36.49","",""
"24/03/2023 12:00:00 - 24/03/2023 13:00:00","BZN|EE","Without Sequence","29.74","",""
"24/03/2023 13:00:00 - 24/03/2023 14:00:00","BZN|EE","Without Sequence","30.72","",""
"24/03/2023 14:00:00 - 24/03/2023 15:00:00","BZN|EE","Without Sequence","29.97","",""
"24/03/2023 15:00:00 - 24/03/2023 16:00:00","BZN|EE","Without Sequence","38.34","",""
"24/03/2023 16:00:00 - 24/03/2023 17:00:00","BZN|EE","Without Sequence","49.92","",""
"24/03/2023 17:00:00 - 24/03/2023 18:00:00","BZN|EE","Without Sequence","50.56","",""
"24/03/2023 18:00:00 - 24/03/2023 19:00:00","BZN|EE","Without Sequence","44.80","",""
"24/03/2023 19:00:00 - 24/03/2023 20:00:00","BZN|EE","Without Sequence","39.92","",""
"24/03/2023 20:00:00 - 24/03/2023 21:00:00","BZN|EE","Without Sequence","38.09","",""
"24/03/2023 21:00:00 - 24/03/2023 22:00:00","BZN|EE","Without Sequence","33.85","",""
"24/03/2023 22:00:00 - 24/03/2023 23:00:00","BZN|EE","Without Sequence","29.63","",""
"24/03/2023 23:00:00 - 25/03/2023 00:00:00","BZN|EE","Without Sequence","23.61","",""
"25/03/2023 00:00:00 - 25/03/2023 01:00:00","BZN|EE","Without Sequence","6.59","",""
"25/03/2023 01:00:00 - 25/03/2023 02:00:00","BZN|EE","Without Sequence","3.02","",""
"25/03/2023 02:00:00 - 25/03/2023 03:00:00","BZN|EE","Without Sequence","2.06","",""
"25/03/2023 03:00:00 - 25/03/2023 04:00:00","BZN|EE","Without Sequence","1.78","",""
"25/03/2023 04:00:00 - 25/03/2023 05:00:00","BZN|EE","Without Sequence","2.88","",""
"25/03/2023 05:00:00 - 25/03/2023 06:00:00","BZN|EE","Without Sequence","4.60","",""
"25/03/2023 06:00:00 - 25/03/2023 07:00:00","BZN|EE","Without Sequence","23.01","",""
"25/03/2023 07:00:00 - 25/03/2023 08:00:00","BZN|EE","Without Sequence","25.35","",""
"25/03/2023 08:00:00 - 25/03/2023 09:00:00","BZN|EE","Without Sequence","28.50","",""
"25/03/2023 09:00:00 - 25/03/2023 10:00:00","BZN|EE","Without Sequence","28.43","",""
"25/03/2023 10:00:00 - 25/03/2023 11:00:00","BZN|EE","Without Sequence","28.15","",""
"25/03/2023 11:00:00 - 25/03/2023 12:00:00","BZN|EE","Without Sequence","28.04","",""
"25/03/2023 12:00:00 - 25/03/2023 13:00:00","BZN|EE","Without Sequence","28.19","",""
"25/03/2023 13:00:00 - 25/03/2023 14:00:00","BZN|EE","Without Sequence","29.52","",""
"25/03/2023 14:00:00 - 25/03/2023 15:00:00","BZN|EE","Without Sequence","36.15","",""
"25/03/2023 15:00:00 - 25/03/2023 16:00:00","BZN|EE","Without Sequence","40.61","",""
"25/03/2023 16:00:00 - 25/03/2023 17:00:00","BZN|EE","Without Sequence","43.58","",""
"25/03/2023 17:00:00 - 25/03/2023 18:00:00","BZN|EE","Without Sequence","60.00","",""
"25/03/2023 18:00:00 - 25/03/2023 19:00:00","BZN|EE","Without Sequence","64.12","",""
"25/03/2023 19:00:00 - 25/03/2023 20:00:00","BZN|EE","Without Sequence","57.39","",""
"25/03/2023 20:00:00 - 25/03/2023 21:00:00","BZN|EE","Without Sequence","41.84","",""
"25/03/2023 21:00:00 - 25/03/2023 22:00:00","BZN|EE","Without Sequence","38.91","",""
"25/03/2023 22:00:00 - 25/03/2023 23:00:00","BZN|EE","Without Sequence","33.36","",""
"25/03/2023 23:00:00 - 26/03/2023 00:00:00","BZN|EE","Without Sequence","39.66","",""
"26/03/2023 00:00:00 - 26/03/2023 01:00:00","BZN|EE","Without Sequence","39.23","",""
"26/03/2023 01:00:00 - 26/03/2023 02:00:00","BZN|EE","Without Sequence","40.12","",""
"26/03/2023 02:00:00 - 26/03/2023 03:00:00","BZN|EE","Without Sequence","40.88","",""
"26/03/2023 03:00:00 - 26/03/2023 04:00:00","BZN|EE","Without Sequence","40.43","",""
"26/03/2023 04:00:00 - 26/03/2023 05:00:00","BZN|EE","Without Sequence","41.00","",""
"26/03/2023 05:00:00 - 26/03/2023 06:00:00","BZN|EE","Without Sequence","41.75","",""
"26/03/2023 06:00:00 - 26/03/2023 07:00:00","BZN|EE","Without Sequence","43.39","",""
"26/03/2023 07:00:00 - 26/03/2023 08:00:00","BZN|EE","Without Sequence","47.66","",""
"26/03/2023 08:00:00 - 26/03/2023 09:00:00","BZN|EE","Without Sequence","49.62","",""
"26/03/2023 09:00:00 - 26/03/2023 10:00:00","BZN|EE","Without Sequence","50.01","",""
"26/03/2023 10:00:00 - 26/03/2023 11:00:00","BZN|EE","Without Sequence","46.37","",""
"26/03/2023 11:00:00 - 26/03/2023 12:00:00","BZN|EE","Without Sequence","43.30","",""
"26/03/2023 12:00:00 - 26/03/2023 13:00:00","BZN|EE","Without Sequence","44.25","",""
"26/03/2023 13:00:00 - 26/03/2023 14:00:00","BZN|EE","Without Sequence","43.08","",""
"26/03/2023 14:00:00 - 26/03/2023 15:00:00","BZN|EE","Without Sequence","48.35","",""
"26/03/2023 15:00:00 - 26/03/2023 16:00:00","BZN|EE","Without Sequence","62.37","",""
"26/03/2023 16:00:00 - 26/03/2023 17:00:00","BZN|EE","Without Sequence","75.08","",""
"26/03/2023 17:00:00 - 26/03/2023 18:00:00","BZN|EE","Without Sequence","96.55","",""
"26/03/2023 18:00:00 - 26/03/2023 19:00:00","BZN|EE","Without Sequence","75.07","",""
"26/03/2023 19:00:00 - 26/03/2023 20:00:00","BZN|EE","Without Sequence","44.18","",""
"26/03/2023 20:00:00 - 26/03/2023 21:00:00","BZN|EE","Without Sequence","40.87","",""
"26/03/2023 21:00:00 - 26/03/2023 22:00:00","BZN|EE","Without Sequence","39.11","",""
"26/03/2023 22:00:00 - 26/03/2023 23:00:00","BZN|EE","Without Sequence","42.13","",""
"26/03/2023 23:00:00 - 27/03/2023 00:00:00","BZN|EE","Without Sequence","40.31","",""
"27/03/2023 00:00:00 - 27/03/2023 01:00:00","BZN|EE","Without Sequence","39.95","",""
"27/03/2023 01:00:00 - 27/03/2023 02:00:00","BZN|EE","Without Sequence","40.14","",""
"27/03/2023 02:00:00 - 27/03/2023 03:00:00","BZN|EE","Without Sequence","41.57","",""
"27/03/2023 03:00:00 - 27/03/2023 04:00:00","BZN|EE","Without Sequence","43.78","",""
"27/03/2023 04:00:00 - 27/03/2023 05:00:00","BZN|EE","Without Sequence","95.01","",""
"27/03/2023 05:00:00 - 27/03/2023 06:00:00","BZN|EE","Without Sequence","139.56","",""
"27/03/2023 06:00:00 - 27/03/2023 07:00:00","BZN|EE","Without Sequence","136.53","",""
"27/03/2023 07:00:00 - 27/03/2023 08:00:00","BZN|EE","Without Sequence","97.85","",""
"27/03/2023 08:00:00 - 27/03/2023 09:00:00","BZN|EE","Without Sequence","92.57","",""
"27/03/2023 09:00:00 - 27/03/2023 10:00:00","BZN|EE","Without Sequence","80.93","",""
"27/03/2023 10:00:00 - 27/03/2023 11:00:00","BZN|EE","Without Sequence","68.26","",""
"27/03/2023 11:00:00 - 27/03/2023 12:00:00","BZN|EE","Without Sequence","54.91","",""
"27/03/2023 12:00:00 - 27/03/2023 13:00:00","BZN|EE","Without Sequence","42.88","",""
"27/03/2023 13:00:00 - 27/03/2023 14:00:00","BZN|EE","Without Sequence","46.02","",""
"27/03/2023 14:00:00 - 27/03/2023 15:00:00","BZN|EE","Without Sequence","49.62","",""
"27/03/2023 15:00:00 - 27/03/2023 16:00:00","BZN|EE","Without Sequence","70.54","",""
"27/03/2023 16:00:00 - 27/03/2023 17:00:00","BZN|EE","Without Sequence","75.08","",""
"27/03/2023 17:00:00 - 27/03/2023 18:00:00","BZN|EE","Without Sequence","97.10","",""
"27/03/2023 18:00:00 - 27/03/2023 19:00:00","BZN|EE","Without Sequence","80.03","",""
"27/03/2023 19:00:00 - 27/03/2023 20:00:00","BZN|EE","Without Sequence","47.61","",""
"27/03/2023 20:00:00 - 27/03/2023 21:00:00","BZN|EE","Without Sequence","42.85","",""
"27/03/2023 21:00:00 - 27/03/2023 22:00:00","BZN|EE","Without Sequence","40.35","",""
"27/03/2023 22:00:00 - 27/03/2023 23:00:00","BZN|EE","Without Sequence","28.85","",""
"27/03/2023 23:00:00 - 28/03/2023 00:00:00","BZN|EE","Without Sequence","29.28","",""
"28/03/2023 00:00:00 - 28/03/2023 01:00:00","BZN|EE","Without Sequence","28.99","",""
"28/03/2023 01:00:00 - 28/03/2023 02:00:00","BZN|EE","Without Sequence","29.54","",""
"28/03/2023 02:00:00 - 28/03/2023 03:00:00","BZN|EE","Without Sequence","31.78","",""
"28/03/2023 03:00:00 - 28/03/2023 04:00:00","BZN|EE","Without Sequence","50.06","",""
"28/03/2023 04:00:00 - 28/03/2023 05:00:00","BZN|EE","Without Sequence","130.05","",""
"28/03/2023 05:00:00 - 28/03/2023 06:00:00","BZN|EE","Without Sequence","159.92","",""
"28/03/2023 06:00:00 - 28/03/2023 07:00:00","BZN|EE","Without Sequence","143.13","",""
"28/03/2023 07:00:00 - 28/03/2023 08:00:00","BZN|EE","Without Sequence","109.77","",""
"28/03/2023 08:00:00 - 28/03/2023 09:00:00","BZN|EE","Without Sequence","81.09","",""
"28/03/2023 09:00:00 - 28/03/2023 10:00:00","BZN|EE","Without Sequence","67.62","",""
"28/03/2023 10:00:00 - 28/03/2023 11:00:00","BZN|EE","Without Sequence","49.62","",""
"28/03/2023 11:00:00 - 28/03/2023 12:00:00","BZN|EE","Without Sequence","44.03","",""
"28/03/2023 12:00:00 - 28/03/2023 13:00:00","BZN|EE","Without Sequence","42.97","",""
"28/03/2023 13:00:00 - 28/03/2023 14:00:00","BZN|EE","Without Sequence","43.27","",""
"28/03/2023 14:00:00 - 28/03/2023 15:00:00","BZN|EE","Without Sequence","47.33","",""
"28/03/2023 15:00:00 - 28/03/2023 16:00:00","BZN|EE","Without Sequence","105.98","",""
"28/03/2023 16:00:00 - 28/03/2023 17:00:00","BZN|EE","Without Sequence","133.58","",""
"28/03/2023 17:00:00 - 28/03/2023 18:00:00","BZN|EE","Without Sequence","160.98","",""
"28/03/2023 18:00:00 - 28/03/2023 19:00:00","BZN|EE","Without Sequence","161.00","",""
"28/03/2023 19:00:00 - 28/03/2023 20:00:00","BZN|EE","Without Sequence","97.10","",""
"28/03/2023 20:00:00 - 28/03/2023 21:00:00","BZN|EE","Without Sequence","44.71","",""
"28/03/2023 21:00:00 - 28/03/2023 22:00:00","BZN|EE","Without Sequence","41.72","",""
"28/03/2023 22:00:00 - 28/03/2023 23:00:00","BZN|EE","Without Sequence","53.49","",""
"28/03/2023 23:00:00 - 29/03/2023 00:00:00","BZN|EE","Without Sequence","51.89","",""
"29/03/2023 00:00:00 - 29/03/2023 01:00:00","BZN|EE","Without Sequence","52.76","",""
"29/03/2023 01:00:00 - 29/03/2023 02:00:00","BZN|EE","Without Sequence","53.49","",""
"29/03/2023 02:00:00 - 29/03/2023 03:00:00","BZN|EE","Without Sequence","57.24","",""
"29/03/2023 03:00:00 - 29/03/2023 04:00:00","BZN|EE","Without Sequence","96.82","",""
"29/03/2023 04:00:00 - 29/03/2023 05:00:00","BZN|EE","Without Sequence","117.04","",""
"29/03/2023 05:00:00 - 29/03/2023 06:00:00","BZN|EE","Without Sequence","144.13","",""
"29/03/2023 06:00:00 - 29/03/2023 07:00:00","BZN|EE","Without Sequence","152.00","",""
"29/03/2023 07:00:00 - 29/03/2023 08:00:00","BZN|EE","Without Sequence","144.17","",""
"29/03/2023 08:00:00 - 29/03/2023 09:00:00","BZN|EE","Without Sequence","126.91","",""
"29/03/2023 09:00:00 - 29/03/2023 10:00:00","BZN|EE","Without Sequence","115.36","",""
"29/03/2023 10:00:00 - 29/03/2023 11:00:00","BZN|EE","Without Sequence","110.74","",""
"29/03/2023 11:00:00 - 29/03/2023 12:00:00","BZN|EE","Without Sequence","102.35","",""
"29/03/2023 12:00:00 - 29/03/2023 13:00:00","BZN|EE","Without Sequence","100.36","",""
"29/03/2023 13:00:00 - 29/03/2023 14:00:00","BZN|EE","Without Sequence","97.00","",""
"29/03/2023 14:00:00 - 29/03/2023 15:00:00","BZN|EE","Without Sequence","106.20","",""
"29/03/2023 15:00:00 - 29/03/2023 16:00:00","BZN|EE","Without Sequence","128.15","",""
"29/03/2023 16:00:00 - 29/03/2023 17:00:00","BZN|EE","Without Sequence","145.11","",""
"29/03/2023 17:00:00 - 29/03/2023 18:00:00","BZN|EE","Without Sequence","146.27","",""
"29/03/2023 18:00:00 - 29/03/2023 19:00:00","BZN|EE","Without Sequence","129.11","",""
"29/03/2023 19:00:00 - 29/03/2023 20:00:00","BZN|EE","Without Sequence","111.25","",""
"29/03/2023 20:00:00 - 29/03/2023 21:00:00","BZN|EE","Without Sequence","103.55","",""
"29/03/2023 21:00:00 - 29/03/2023 22:00:00","BZN|EE","Without Sequence","92.52","",""
"29/03/2023 22:00:00 - 29/03/2023 23:00:00","BZN|EE","Without Sequence","89.71","",""
"29/03/2023 23:00:00 - 30/03/2023 00:00:00","BZN|EE","Without Sequence","82.25","",""
"30/03/2023 00:00:00 - 30/03/2023 01:00:00","BZN|EE","Without Sequence","80.75","",""
"30/03/2023 01:00:00 - 30/03/2023 02:00:00","BZN|EE","Without Sequence","78.77","",""
"30/03/2023 02:00:00 - 30/03/2023 03:00:00","BZN|EE","Without Sequence","77.91","",""
"30/03/2023 03:00:00 - 30/03/2023 04:00:00","BZN|EE","Without Sequence","77.33","",""
"30/03/2023 04:00:00 - 30/03/2023 05:00:00","BZN|EE","Without Sequence","124.99","",""
"30/03/2023 05:00:00 - 30/03/2023 06:00:00","BZN|EE","Without Sequence","133.47","",""
"30/03/2023 06:00:00 - 30/03/2023 07:00:00","BZN|EE","Without Sequence","129.30","",""
"30/03/2023 07:00:00 - 30/03/2023 08:00:00","BZN|EE","Without Sequence","110.00","",""
"30/03/2023 08:00:00 - 30/03/2023 09:00:00","BZN|EE","Without Sequence","90.66","",""
"30/03/2023 09:00:00 - 30/03/2023 10:00:00","BZN|EE","Without Sequence","80.00","",""
"30/03/2023 10:00:00 - 30/03/2023 11:00:00","BZN|EE","Without Sequence","68.67","",""
"30/03/2023 11:00:00 - 30/03/2023 12:00:00","BZN|EE","Without Sequence","50.45","",""
"30/03/2023 12:00:00 - 30/03/2023 13:00:00","BZN|EE","Without Sequence","48.39","",""
"30/03/2023 13:00:00 - 30/03/2023 14:00:00","BZN|EE","Without Sequence","49.54","",""
"30/03/2023 14:00:00 - 30/03/2023 15:00:00","BZN|EE","Without Sequence","50.46","",""
"30/03/2023 15:00:00 - 30/03/2023 16:00:00","BZN|EE","Without Sequence","70.70","",""
"30/03/2023 16:00:00 - 30/03/2023 17:00:00","BZN|EE","Without Sequence","97.55","",""
"30/03/2023 17:00:00 - 30/03/2023 18:00:00","BZN|EE","Without Sequence","119.70","",""
"30/03/2023 18:00:00 - 30/03/2023 19:00:00","BZN|EE","Without Sequence","116.50","",""
"30/03/2023 19:00:00 - 30/03/2023 20:00:00","BZN|EE","Without Sequence","98.10","",""
"30/03/2023 20:00:00 - 30/03/2023 21:00:00","BZN|EE","Without Sequence","38.92","",""
"30/03/2023 21:00:00 - 30/03/2023 22:00:00","BZN|EE","Without Sequence","34.38","",""
"30/03/2023 22:00:00 - 30/03/2023 23:00:00","BZN|EE","Without Sequence","37.24","",""
"30/03/2023 23:00:00 - 31/03/2023 00:00:00","BZN|EE","Without Sequence","37.90","",""
"31/03/2023 00:00:00 - 31/03/2023 01:00:00","BZN|EE","Without Sequence","37.04","",""
"31/03/2023 01:00:00 - 31/03/2023 02:00:00","BZN|EE","Without Sequence","37.68","",""
"31/03/2023 02:00:00 - 31/03/2023 03:00:00","BZN|EE","Without Sequence","39.67","",""
"31/03/2023 03:00:00 - 31/03/2023 04:00:00","BZN|EE","Without Sequence","79.27","",""
"31/03/2023 04:00:00 - 31/03/2023 05:00:00","BZN|EE","Without Sequence","111.47","",""
"31/03/2023 05:00:00 - 31/03/2023 06:00:00","BZN|EE","Without Sequence","132.12","",""
"31/03/2023 06:00:00 - 31/03/2023 07:00:00","BZN|EE","Without Sequence","137.64","",""
"31/03/2023 07:00:00 - 31/03/2023 08:00:00","BZN|EE","Without Sequence","132.19","",""
"31/03/2023 08:00:00 - 31/03/2023 09:00:00","BZN|EE","Without Sequence","124.20","",""
"31/03/2023 09:00:00 - 31/03/2023 10:00:00","BZN|EE","Without Sequence","119.67","",""
"31/03/2023 10:00:00 - 31/03/2023 11:00:00","BZN|EE","Without Sequence","102.77","",""
"31/03/2023 11:00:00 - 31/03/2023 12:00:00","BZN|EE","Without Sequence","94.81","",""
"31/03/2023 12:00:00 - 31/03/2023 13:00:00","BZN|EE","Without Sequence","90.82","",""
"31/03/2023 13:00:00 - 31/03/2023 14:00:00","BZN|EE","Without Sequence","94.72","",""
"31/03/2023 14:00:00 - 31/03/2023 15:00:00","BZN|EE","Without Sequence","98.70","",""
"31/03/2023 15:00:00 - 31/03/2023 16:00:00","BZN|EE","Without Sequence","101.02","",""
"31/03/2023 16:00:00 - 31/03/2023 17:00:00","BZN|EE","Without Sequence","71.05","",""
"31/03/2023 17:00:00 - 31/03/2023 18:00:00","BZN|EE","Without Sequence","65.74","",""
"31/03/2023 18:00:00 - 31/03/2023 19:00:00","BZN|EE","Without Sequence","57.07","",""
"31/03/2023 19:00:00 - 31/03/2023 20:00:00","BZN|EE","Without Sequence","40.93","",""
"31/03/2023 20:00:00 - 31/03/2023 21:00:00","BZN|EE","Without Sequence","35.85","",""
"31/03/2023 21:00:00 - 31/03/2023 22:00:00","BZN|EE","Without Sequence","30.04","",""
"31/03/2023 22:00:00 - 31/03/2023 23:00:00","BZN|EE","Without Sequence","39.58","",""
"31/03/2023 23:00:00 - 01/04/2023 00:00:00","BZN|EE","Without Sequence","36.62","",""
"01/04/2023 00:00:00 - 01/04/2023 01:00:00","BZN|EE","Without Sequence","34.96","",""
"01/04/2023 01:00:00 - 01/04/2023 02:00:00","BZN|EE","Without Sequence","35.52","",""
"01/04/2023 02:00:00 - 01/04/2023 03:00:00","BZN|EE","Without Sequence","35.19","",""
"01/04/2023 03:00:00 - 01/04/2023 04:00:00","BZN|EE","Without Sequence","35.33","",""
"01/04/2023 04:00:00 - 01/04/2023 05:00:00","BZN|EE","Without Sequence","34.36","",""
"01/04/2023 05:00:00 - 01/04/2023 06:00:00","BZN|EE","Without Sequence","42.83","",""
"01/04/2023 06:00:00 - 01/04/2023 07:00:00","BZN|EE","Without Sequence","50.00","",""
"01/04/2023 07:00:00 - 01/04/2023 08:00:00","BZN|EE","Without Sequence","58.96","",""
"01/04/2023 08:00:00 - 01/04/2023 09:00:00","BZN|EE","Without Sequence","49.57","",""
"01/04/2023 09:00:00 - 01/04/2023 10:00:00","BZN|EE","Without Sequence","46.09","",""
"01/04/2023 10:00:00 - 01/04/2023 11:00:00","BZN|EE","Without Sequence","40.96","",""
"01/04/2023 11:00:00 - 01/04/2023 12:00:00","BZN|EE","Without Sequence","38.62","",""
"01/04/2023 12:00:00 - 01/04/2023 13:00:00","BZN|EE","Without Sequence","33.50","",""
"01/04/2023 13:00:00 - 01/04/2023 14:00:00","BZN|EE","Without Sequence","36.37","",""
"01/04/2023 14:00:00 - 01/04/2023 15:00:00","BZN|EE","Without Sequence","40.57","",""
"01/04/2023 15:00:00 - 01/04/2023 16:00:00","BZN|EE","Without Sequence","48.75","",""
"01/04/2023 16:00:00 - 01/04/2023 17:00:00","BZN|EE","Without Sequence","53.14","",""
"01/04/2023 17:00:00 - 01/04/2023 18:00:00","BZN|EE","Without Sequence","53.22","",""
"01/04/2023 18:00:00 - 01/04/2023 19:00:00","BZN|EE","Without Sequence","49.24","",""
"01/04/2023 19:00:00 - 01/04/2023 20:00:00","BZN|EE","Without Sequence","43.97","",""
"01/04/2023 20:00:00 - 01/04/2023 21:00:00","BZN|EE","Without Sequence","39.61","",""
"01/04/2023 21:00:00 - 01/04/2023 22:00:00","BZN|EE","Without Sequence","34.17","",""
"01/04/2023 22:00:00 - 01/04/2023 23:00:00","BZN|EE","Without Sequence","44.58","",""
"01/04/2023 23:00:00 - 02/04/2023 00:00:00","BZN|EE","Without Sequence","43.67","",""
"02/04/2023 00:00:00 - 02/04/2023 01:00:00","BZN|EE","Without Sequence","43.48","",""
"02/04/2023 01:00:00 - 02/04/2023 02:00:00","BZN|EE","Without Sequence","43.93","",""
"02/04/2023 02:00:00 - 02/04/2023 03:00:00","BZN|EE","Without Sequence","45.47","",""
"02/04/2023 03:00:00 - 02/04/2023 04:00:00","BZN|EE","Without Sequence","48.88","",""
"02/04/2023 04:00:00 - 02/04/2023 05:00:00","BZN|EE","Without Sequence","49.97","",""
"02/04/2023 05:00:00 - 02/04/2023 06:00:00","BZN|EE","Without Sequence","44.62","",""
"02/04/2023 06:00:00 - 02/04/2023 07:00:00","BZN|EE","Without Sequence","50.05","",""
"02/04/2023 07:00:00 - 02/04/2023 08:00:00","BZN|EE","Without Sequence","57.73","",""
"02/04/2023 08:00:00 - 02/04/2023 09:00:00","BZN|EE","Without Sequence","51.66","",""
"02/04/2023 09:00:00 - 02/04/2023 10:00:00","BZN|EE","Without Sequence","49.03","",""
"02/04/2023 10:00:00 - 02/04/2023 11:00:00","BZN|EE","Without Sequence","43.20","",""
"02/04/2023 11:00:00 - 02/04/2023 12:00:00","BZN|EE","Without Sequence","26.71","",""
"02/04/2023 12:00:00 - 02/04/2023 13:00:00","BZN|EE","Without Sequence","24.63","",""
"02/04/2023 13:00:00 - 02/04/2023 14:00:00","BZN|EE","Without Sequence","25.68","",""
"02/04/2023 14:00:00 - 02/04/2023 15:00:00","BZN|EE","Without Sequence","31.85","",""
"02/04/2023 15:00:00 - 02/04/2023 16:00:00","BZN|EE","Without Sequence","47.55","",""
"02/04/2023 16:00:00 - 02/04/2023 17:00:00","BZN|EE","Without Sequence","91.18","",""
"02/04/2023 17:00:00 - 02/04/2023 18:00:00","BZN|EE","Without Sequence","100.75","",""
"02/04/2023 18:00:00 - 02/04/2023 19:00:00","BZN|EE","Without Sequence","85.04","",""
"02/04/2023 19:00:00 - 02/04/2023 20:00:00","BZN|EE","Without Sequence","77.74","",""
"02/04/2023 20:00:00 - 02/04/2023 21:00:00","BZN|EE","Without Sequence","61.10","",""
"02/04/2023 21:00:00 - 02/04/2023 22:00:00","BZN|EE","Without Sequence","54.92","",""
"02/04/2023 22:00:00 - 02/04/2023 23:00:00","BZN|EE","Without Sequence","71.26","",""
"02/04/2023 23:00:00 - 03/04/2023 00:00:00","BZN|EE","Without Sequence","68.16","",""
"03/04/2023 00:00:00 - 03/04/2023 01:00:00","BZN|EE","Without Sequence","70.13","",""
"03/04/2023 01:00:00 - 03/04/2023 02:00:00","BZN|EE","Without Sequence","71.61","",""
"03/04/2023 02:00:00 - 03/04/2023 03:00:00","BZN|EE","Without Sequence","77.44","",""
"03/04/2023 03:00:00 - 03/04/2023 04:00:00","BZN|EE","Without Sequence","105.00","",""
"03/04/2023 04:00:00 - 03/04/2023 05:00:00","BZN|EE","Without Sequence","134.24","",""
"03/04/2023 05:00:00 - 03/04/2023 06:00:00","BZN|EE","Without Sequence","163.01","",""
"03/04/2023 06:00:00 - 03/04/2023 07:00:00","BZN|EE","Without Sequence","158.72","",""
"03/04/2023 07:00:00 - 03/04/2023 08:00:00","BZN|EE","Without Sequence","111.85","",""
"03/04/2023 08:00:00 - 03/04/2023 09:00:00","BZN|EE","Without Sequence","95.09","",""
"03/04/2023 09:00:00 - 03/04/2023 10:00:00","BZN|EE","Without Sequence","86.63","",""
"03/04/2023 10:00:00 - 03/04/2023 11:00:00","BZN|EE","Without Sequence","80.98","",""
"03/04/2023 11:00:00 - 03/04/2023 12:00:00","BZN|EE","Without Sequence","74.90","",""
"03/04/2023 12:00:00 - 03/04/2023 13:00:00","BZN|EE","Without Sequence","71.66","",""
"03/04/2023 13:00:00 - 03/04/2023 14:00:00","BZN|EE","Without Sequence","77.02","",""
"03/04/2023 14:00:00 - 03/04/2023 15:00:00","BZN|EE","Without Sequence","80.03","",""
"03/04/2023 15:00:00 - 03/04/2023 16:00:00","BZN|EE","Without Sequence","97.94","",""
"03/04/2023 16:00:00 - 03/04/2023 17:00:00","BZN|EE","Without Sequence","107.68","",""
"03/04/2023 17:00:00 - 03/04/2023 18:00:00","BZN|EE","Without Sequence","149.02","",""
"03/04/2023 18:00:00 - 03/04/2023 19:00:00","BZN|EE","Without Sequence","151.40","",""
"03/04/2023 19:00:00 - 03/04/2023 20:00:00","BZN|EE","Without Sequence","133.31","",""
"03/04/2023 20:00:00 - 03/04/2023 21:00:00","BZN|EE","Without Sequence","112.72","",""
"03/04/2023 21:00:00 - 03/04/2023 22:00:00","BZN|EE","Without Sequence","95.10","",""
"03/04/2023 22:00:00 - 03/04/2023 23:00:00","BZN|EE","Without Sequence","85.87","",""
"03/04/2023 23:00:00 - 04/04/2023 00:00:00","BZN|EE","Without Sequence","88.10","",""
"04/04/2023 00:00:00 - 04/04/2023 01:00:00","BZN|EE","Without Sequence","90.04","",""
"04/04/2023 01:00:00 - 04/04/2023 02:00:00","BZN|EE","Without Sequence","90.09","",""
"04/04/2023 02:00:00 - 04/04/2023 03:00:00","BZN|EE","Without Sequence","107.76","",""
"04/04/2023 03:00:00 - 04/04/2023 04:00:00","BZN|EE","Without Sequence","109.96","",""
"04/04/2023 04:00:00 - 04/04/2023 05:00:00","BZN|EE","Without Sequence","141.86","",""
"04/04/2023 05:00:00 - 04/04/2023 06:00:00","BZN|EE","Without Sequence","174.79","",""
"04/04/2023 06:00:00 - 04/04/2023 07:00:00","BZN|EE","Without Sequence","173.00","",""
"04/04/2023 07:00:00 - 04/04/2023 08:00:00","BZN|EE","Without Sequence","135.31","",""
"04/04/2023 08:00:00 - 04/04/2023 09:00:00","BZN|EE","Without Sequence","115.59","",""
"04/04/2023 09:00:00 - 04/04/2023 10:00:00","BZN|EE","Without Sequence","108.97","",""
"04/04/2023 10:00:00 - 04/04/2023 11:00:00","BZN|EE","Without Sequence","106.34","",""
"04/04/2023 11:00:00 - 04/04/2023 12:00:00","BZN|EE","Without Sequence","105.52","",""
"04/04/2023 12:00:00 - 04/04/2023 13:00:00","BZN|EE","Without Sequence","104.74","",""
"04/04/2023 13:00:00 - 04/04/2023 14:00:00","BZN|EE","Without Sequence","106.10","",""
"04/04/2023 14:00:00 - 04/04/2023 15:00:00","BZN|EE","Without Sequence","108.86","",""
"04/04/2023 15:00:00 - 04/04/2023 16:00:00","BZN|EE","Without Sequence","116.09","",""
"04/04/2023 16:00:00 - 04/04/2023 17:00:00","BZN|EE","Without Sequence","143.57","",""
"04/04/2023 17:00:00 - 04/04/2023 18:00:00","BZN|EE","Without Sequence","175.68","",""
"04/04/2023 18:00:00 - 04/04/2023 19:00:00","BZN|EE","Without Sequence","173.06","",""
"04/04/2023 19:00:00 - 04/04/2023 20:00:00","BZN|EE","Without Sequence","120.81","",""
"04/04/2023 20:00:00 - 04/04/2023 21:00:00","BZN|EE","Without Sequence","114.38","",""
"04/04/2023 21:00:00 - 04/04/2023 22:00:00","BZN|EE","Without Sequence","109.84","",""
"04/04/2023 22:00:00 - 04/04/2023 23:00:00","BZN|EE","Without Sequence","100.37","",""
"04/04/2023 23:00:00 - 05/04/2023 00:00:00","BZN|EE","Without Sequence","98.67","",""
"05/04/2023 00:00:00 - 05/04/2023 01:00:00","BZN|EE","Without Sequence","97.40","",""
"05/04/2023 01:00:00 - 05/04/2023 02:00:00","BZN|EE","Without Sequence","97.39","",""
"05/04/2023 02:00:00 - 05/04/2023 03:00:00","BZN|EE","Without Sequence","109.48","",""
"05/04/2023 03:00:00 - 05/04/2023 04:00:00","BZN|EE","Without Sequence","113.27","",""
"05/04/2023 04:00:00 - 05/04/2023 05:00:00","BZN|EE","Without Sequence","165.82","",""
"05/04/2023 05:00:00 - 05/04/2023 06:00:00","BZN|EE","Without Sequence","201.91","",""
"05/04/2023 06:00:00 - 05/04/2023 07:00:00","BZN|EE","Without Sequence","179.38","",""
"05/04/2023 07:00:00 - 05/04/2023 08:00:00","BZN|EE","Without Sequence","138.89","",""
"05/04/2023 08:00:00 - 05/04/2023 09:00:00","BZN|EE","Without Sequence","119.60","",""
"05/04/2023 09:00:00 - 05/04/2023 10:00:00","BZN|EE","Without Sequence","115.00","",""
"05/04/2023 10:00:00 - 05/04/2023 11:00:00","BZN|EE","Without Sequence","110.87","",""
"05/04/2023 11:00:00 - 05/04/2023 12:00:00","BZN|EE","Without Sequence","111.11","",""
"05/04/2023 12:00:00 - 05/04/2023 13:00:00","BZN|EE","Without Sequence","111.08","",""
"05/04/2023 13:00:00 - 05/04/2023 14:00:00","BZN|EE","Without Sequence","110.87","",""
"05/04/2023 14:00:00 - 05/04/2023 15:00:00","BZN|EE","Without Sequence","116.30","",""
"05/04/2023 15:00:00 - 05/04/2023 16:00:00","BZN|EE","Without Sequence","132.35","",""
"05/04/2023 16:00:00 - 05/04/2023 17:00:00","BZN|EE","Without Sequence","152.77","",""
"05/04/2023 17:00:00 - 05/04/2023 18:00:00","BZN|EE","Without Sequence","194.77","",""
"05/04/2023 18:00:00 - 05/04/2023 19:00:00","BZN|EE","Without Sequence","187.08","",""
"05/04/2023 19:00:00 - 05/04/2023 20:00:00","BZN|EE","Without Sequence","97.40","",""
"05/04/2023 20:00:00 - 05/04/2023 21:00:00","BZN|EE","Without Sequence","67.76","",""
"05/04/2023 21:00:00 - 05/04/2023 22:00:00","BZN|EE","Without Sequence","60.09","",""
"05/04/2023 22:00:00 - 05/04/2023 23:00:00","BZN|EE","Without Sequence","75.08","",""
"05/04/2023 23:00:00 - 06/04/2023 00:00:00","BZN|EE","Without Sequence","77.18","",""
"06/04/2023 00:00:00 - 06/04/2023 01:00:00","BZN|EE","Without Sequence","83.16","",""
"06/04/2023 01:00:00 - 06/04/2023 02:00:00","BZN|EE","Without Sequence","85.40","",""
"06/04/2023 02:00:00 - 06/04/2023 03:00:00","BZN|EE","Without Sequence","89.43","",""
"06/04/2023 03:00:00 - 06/04/2023 04:00:00","BZN|EE","Without Sequence","92.04","",""
"06/04/2023 04:00:00 - 06/04/2023 05:00:00","BZN|EE","Without Sequence","114.81","",""
"06/04/2023 05:00:00 - 06/04/2023 06:00:00","BZN|EE","Without Sequence","157.75","",""
"06/04/2023 06:00:00 - 06/04/2023 07:00:00","BZN|EE","Without Sequence","151.88","",""
"06/04/2023 07:00:00 - 06/04/2023 08:00:00","BZN|EE","Without Sequence","117.30","",""
"06/04/2023 08:00:00 - 06/04/2023 09:00:00","BZN|EE","Without Sequence","111.88","",""
"06/04/2023 09:00:00 - 06/04/2023 10:00:00","BZN|EE","Without Sequence","102.58","",""
"06/04/2023 10:00:00 - 06/04/2023 11:00:00","BZN|EE","Without Sequence","96.89","",""
"06/04/2023 11:00:00 - 06/04/2023 12:00:00","BZN|EE","Without Sequence","90.96","",""
"06/04/2023 12:00:00 - 06/04/2023 13:00:00","BZN|EE","Without Sequence","88.11","",""
"06/04/2023 13:00:00 - 06/04/2023 14:00:00","BZN|EE","Without Sequence","89.54","",""
"06/04/2023 14:00:00 - 06/04/2023 15:00:00","BZN|EE","Without Sequence","92.58","",""
"06/04/2023 15:00:00 - 06/04/2023 16:00:00","BZN|EE","Without Sequence","97.31","",""
"06/04/2023 16:00:00 - 06/04/2023 17:00:00","BZN|EE","Without Sequence","96.78","",""
"06/04/2023 17:00:00 - 06/04/2023 18:00:00","BZN|EE","Without Sequence","96.89","",""
"06/04/2023 18:00:00 - 06/04/2023 19:00:00","BZN|EE","Without Sequence","87.32","",""
"06/04/2023 19:00:00 - 06/04/2023 20:00:00","BZN|EE","Without Sequence","82.95","",""
"06/04/2023 20:00:00 - 06/04/2023 21:00:00","BZN|EE","Without Sequence","70.10","",""
"06/04/2023 21:00:00 - 06/04/2023 22:00:00","BZN|EE","Without Sequence","56.41","",""
"06/04/2023 22:00:00 - 06/04/2023 23:00:00","BZN|EE","Without Sequence","59.52","",""
"06/04/2023 23:00:00 - 07/04/2023 00:00:00","BZN|EE","Without Sequence","60.00","",""
"07/04/2023 00:00:00 - 07/04/2023 01:00:00","BZN|EE","Without Sequence","62.67","",""
"07/04/2023 01:00:00 - 07/04/2023 02:00:00","BZN|EE","Without Sequence","65.79","",""
"07/04/2023 02:00:00 - 07/04/2023 03:00:00","BZN|EE","Without Sequence","69.25","",""
"07/04/2023 03:00:00 - 07/04/2023 04:00:00","BZN|EE","Without Sequence","65.04","",""
"07/04/2023 04:00:00 - 07/04/2023 05:00:00","BZN|EE","Without Sequence","50.77","",""
"07/04/2023 05:00:00 - 07/04/2023 06:00:00","BZN|EE","Without Sequence","49.15","",""
"07/04/2023 06:00:00 - 07/04/2023 07:00:00","BZN|EE","Without Sequence","51.83","",""
"07/04/2023 07:00:00 - 07/04/2023 08:00:00","BZN|EE","Without Sequence","60.00","",""
"07/04/2023 08:00:00 - 07/04/2023 09:00:00","BZN|EE","Without Sequence","60.61","",""
"07/04/2023 09:00:00 - 07/04/2023 10:00:00","BZN|EE","Without Sequence","56.65","",""
"07/04/2023 10:00:00 - 07/04/2023 11:00:00","BZN|EE","Without Sequence","52.92","",""
"07/04/2023 11:00:00 - 07/04/2023 12:00:00","BZN|EE","Without Sequence","48.07","",""
"07/04/2023 12:00:00 - 07/04/2023 13:00:00","BZN|EE","Without Sequence","47.18","",""
"07/04/2023 13:00:00 - 07/04/2023 14:00:00","BZN|EE","Without Sequence","47.39","",""
"07/04/2023 14:00:00 - 07/04/2023 15:00:00","BZN|EE","Without Sequence","48.83","",""
"07/04/2023 15:00:00 - 07/04/2023 16:00:00","BZN|EE","Without Sequence","55.90","",""
"07/04/2023 16:00:00 - 07/04/2023 17:00:00","BZN|EE","Without Sequence","61.85","",""
"07/04/2023 17:00:00 - 07/04/2023 18:00:00","BZN|EE","Without Sequence","61.59","",""
"07/04/2023 18:00:00 - 07/04/2023 19:00:00","BZN|EE","Without Sequence","59.14","",""
"07/04/2023 19:00:00 - 07/04/2023 20:00:00","BZN|EE","Without Sequence","52.97","",""
"07/04/2023 20:00:00 - 07/04/2023 21:00:00","BZN|EE","Without Sequence","51.15","",""
"07/04/2023 21:00:00 - 07/04/2023 22:00:00","BZN|EE","Without Sequence","54.40","",""
"07/04/2023 22:00:00 - 07/04/2023 23:00:00","BZN|EE","Without Sequence","42.88","",""
"07/04/2023 23:00:00 - 08/04/2023 00:00:00","BZN|EE","Without Sequence","43.61","",""
"08/04/2023 00:00:00 - 08/04/2023 01:00:00","BZN|EE","Without Sequence","44.16","",""
"08/04/2023 01:00:00 - 08/04/2023 02:00:00","BZN|EE","Without Sequence","45.40","",""
"08/04/2023 02:00:00 - 08/04/2023 03:00:00","BZN|EE","Without Sequence","46.44","",""
"08/04/2023 03:00:00 - 08/04/2023 04:00:00","BZN|EE","Without Sequence","47.85","",""
"08/04/2023 04:00:00 - 08/04/2023 05:00:00","BZN|EE","Without Sequence","47.40","",""
"08/04/2023 05:00:00 - 08/04/2023 06:00:00","BZN|EE","Without Sequence","47.98","",""
"08/04/2023 06:00:00 - 08/04/2023 07:00:00","BZN|EE","Without Sequence","50.97","",""
"08/04/2023 07:00:00 - 08/04/2023 08:00:00","BZN|EE","Without Sequence","53.68","",""
"08/04/2023 08:00:00 - 08/04/2023 09:00:00","BZN|EE","Without Sequence","56.27","",""
"08/04/2023 09:00:00 - 08/04/2023 10:00:00","BZN|EE","Without Sequence","52.99","",""
"08/04/2023 10:00:00 - 08/04/2023 11:00:00","BZN|EE","Without Sequence","50.10","",""
"08/04/2023 11:00:00 - 08/04/2023 12:00:00","BZN|EE","Without Sequence","48.91","",""
"08/04/2023 12:00:00 - 08/04/2023 13:00:00","BZN|EE","Without Sequence","47.99","",""
"08/04/2023 13:00:00 - 08/04/2023 14:00:00","BZN|EE","Without Sequence","51.77","",""
"08/04/2023 14:00:00 - 08/04/2023 15:00:00","BZN|EE","Without Sequence","59.17","",""
"08/04/2023 15:00:00 - 08/04/2023 16:00:00","BZN|EE","Without Sequence","66.04","",""
"08/04/2023 16:00:00 - 08/04/2023 17:00:00","BZN|EE","Without Sequence","70.51","",""
"08/04/2023 17:00:00 - 08/04/2023 18:00:00","BZN|EE","Without Sequence","72.23","",""
"08/04/2023 18:00:00 - 08/04/2023 19:00:00","BZN|EE","Without Sequence","67.81","",""
"08/04/2023 19:00:00 - 08/04/2023 20:00:00","BZN|EE","Without Sequence","67.08","",""
"08/04/2023 20:00:00 - 08/04/2023 21:00:00","BZN|EE","Without Sequence","58.30","",""
"08/04/2023 21:00:00 - 08/04/2023 22:00:00","BZN|EE","Without Sequence","49.91","",""
"08/04/2023 22:00:00 - 08/04/2023 23:00:00","BZN|EE","Without Sequence","52.23","",""
"08/04/2023 23:00:00 - 09/04/2023 00:00:00","BZN|EE","Without Sequence","52.90","",""
"09/04/2023 00:00:00 - 09/04/2023 01:00:00","BZN|EE","Without Sequence","52.51","",""
"09/04/2023 01:00:00 - 09/04/2023 02:00:00","BZN|EE","Without Sequence","52.96","",""
"09/04/2023 02:00:00 - 09/04/2023 03:00:00","BZN|EE","Without Sequence","54.84","",""
"09/04/2023 03:00:00 - 09/04/2023 04:00:00","BZN|EE","Without Sequence","53.57","",""
"09/04/2023 04:00:00 - 09/04/2023 05:00:00","BZN|EE","Without Sequence","52.14","",""
"09/04/2023 05:00:00 - 09/04/2023 06:00:00","BZN|EE","Without Sequence","52.97","",""
"09/04/2023 06:00:00 - 09/04/2023 07:00:00","BZN|EE","Without Sequence","52.96","",""
"09/04/2023 07:00:00 - 09/04/2023 08:00:00","BZN|EE","Without Sequence","52.92","",""
"09/04/2023 08:00:00 - 09/04/2023 09:00:00","BZN|EE","Without Sequence","50.00","",""
"09/04/2023 09:00:00 - 09/04/2023 10:00:00","BZN|EE","Without Sequence","49.81","",""
"09/04/2023 10:00:00 - 09/04/2023 11:00:00","BZN|EE","Without Sequence","47.95","",""
"09/04/2023 11:00:00 - 09/04/2023 12:00:00","BZN|EE","Without Sequence","49.17","",""
"09/04/2023 12:00:00 - 09/04/2023 13:00:00","BZN|EE","Without Sequence","48.31","",""
"09/04/2023 13:00:00 - 09/04/2023 14:00:00","BZN|EE","Without Sequence","48.81","",""
"09/04/2023 14:00:00 - 09/04/2023 15:00:00","BZN|EE","Without Sequence","49.24","",""
"09/04/2023 15:00:00 - 09/04/2023 16:00:00","BZN|EE","Without Sequence","52.32","",""
"09/04/2023 16:00:00 - 09/04/2023 17:00:00","BZN|EE","Without Sequence","56.96","",""
"09/04/2023 17:00:00 - 09/04/2023 18:00:00","BZN|EE","Without Sequence","59.86","",""
"09/04/2023 18:00:00 - 09/04/2023 19:00:00","BZN|EE","Without Sequence","56.69","",""
"09/04/2023 19:00:00 - 09/04/2023 20:00:00","BZN|EE","Without Sequence","52.57","",""
"09/04/2023 20:00:00 - 09/04/2023 21:00:00","BZN|EE","Without Sequence","49.93","",""
"09/04/2023 21:00:00 - 09/04/2023 22:00:00","BZN|EE","Without Sequence","46.13","",""
"09/04/2023 22:00:00 - 09/04/2023 23:00:00","BZN|EE","Without Sequence","37.77","",""
"09/04/2023 23:00:00 - 10/04/2023 00:00:00","BZN|EE","Without Sequence","37.19","",""
"10/04/2023 00:00:00 - 10/04/2023 01:00:00","BZN|EE","Without Sequence","38.51","",""
"10/04/2023 01:00:00 - 10/04/2023 02:00:00","BZN|EE","Without Sequence","39.97","",""
"10/04/2023 02:00:00 - 10/04/2023 03:00:00","BZN|EE","Without Sequence","41.67","",""
"10/04/2023 03:00:00 - 10/04/2023 04:00:00","BZN|EE","Without Sequence","45.65","",""
"10/04/2023 04:00:00 - 10/04/2023 05:00:00","BZN|EE","Without Sequence","48.74","",""
"10/04/2023 05:00:00 - 10/04/2023 06:00:00","BZN|EE","Without Sequence","48.37","",""
"10/04/2023 06:00:00 - 10/04/2023 07:00:00","BZN|EE","Without Sequence","49.90","",""
"10/04/2023 07:00:00 - 10/04/2023 08:00:00","BZN|EE","Without Sequence","48.13","",""
"10/04/2023 08:00:00 - 10/04/2023 09:00:00","BZN|EE","Without Sequence","27.45","",""
"10/04/2023 09:00:00 - 10/04/2023 10:00:00","BZN|EE","Without Sequence","13.52","",""
"10/04/2023 10:00:00 - 10/04/2023 11:00:00","BZN|EE","Without Sequence","13.21","",""
"10/04/2023 11:00:00 - 10/04/2023 12:00:00","BZN|EE","Without Sequence","9.99","",""
"10/04/2023 12:00:00 - 10/04/2023 13:00:00","BZN|EE","Without Sequence","1.76","",""
"10/04/2023 13:00:00 - 10/04/2023 14:00:00","BZN|EE","Without Sequence","2.21","",""
"10/04/2023 14:00:00 - 10/04/2023 15:00:00","BZN|EE","Without Sequence","4.18","",""
"10/04/2023 15:00:00 - 10/04/2023 16:00:00","BZN|EE","Without Sequence","25.54","",""
"10/04/2023 16:00:00 - 10/04/2023 17:00:00","BZN|EE","Without Sequence","38.53","",""
"10/04/2023 17:00:00 - 10/04/2023 18:00:00","BZN|EE","Without Sequence","44.74","",""
"10/04/2023 18:00:00 - 10/04/2023 19:00:00","BZN|EE","Without Sequence","36.12","",""
"10/04/2023 19:00:00 - 10/04/2023 20:00:00","BZN|EE","Without Sequence","26.18","",""
"10/04/2023 20:00:00 - 10/04/2023 21:00:00","BZN|EE","Without Sequence","14.98","",""
"10/04/2023 21:00:00 - 10/04/2023 22:00:00","BZN|EE","Without Sequence","3.00","",""
"10/04/2023 22:00:00 - 10/04/2023 23:00:00","BZN|EE","Without Sequence","1.49","",""
"10/04/2023 23:00:00 - 11/04/2023 00:00:00","BZN|EE","Without Sequence","0.99","",""
"11/04/2023 00:00:00 - 11/04/2023 01:00:00","BZN|EE","Without Sequence","0.72","",""
"11/04/2023 01:00:00 - 11/04/2023 02:00:00","BZN|EE","Without Sequence","1.09","",""
"11/04/2023 02:00:00 - 11/04/2023 03:00:00","BZN|EE","Without Sequence","6.29","",""
"11/04/2023 03:00:00 - 11/04/2023 04:00:00","BZN|EE","Without Sequence","33.16","",""
"11/04/2023 04:00:00 - 11/04/2023 05:00:00","BZN|EE","Without Sequence","39.10","",""
"11/04/2023 05:00:00 - 11/04/2023 06:00:00","BZN|EE","Without Sequence","46.65","",""
"11/04/2023 06:00:00 - 11/04/2023 07:00:00","BZN|EE","Without Sequence","54.18","",""
"11/04/2023 07:00:00 - 11/04/2023 08:00:00","BZN|EE","Without Sequence","52.75","",""
"11/04/2023 08:00:00 - 11/04/2023 09:00:00","BZN|EE","Without Sequence","39.99","",""
"11/04/2023 09:00:00 - 11/04/2023 10:00:00","BZN|EE","Without Sequence","31.67","",""
"11/04/2023 10:00:00 - 11/04/2023 11:00:00","BZN|EE","Without Sequence","30.93","",""
"11/04/2023 11:00:00 - 11/04/2023 12:00:00","BZN|EE","Without Sequence","28.94","",""
"11/04/2023 12:00:00 - 11/04/2023 13:00:00","BZN|EE","Without Sequence","25.68","",""
"11/04/2023 13:00:00 - 11/04/2023 14:00:00","BZN|EE","Without Sequence","27.48","",""
"11/04/2023 14:00:00 - 11/04/2023 15:00:00","BZN|EE","Without Sequence","35.33","",""
"11/04/2023 15:00:00 - 11/04/2023 16:00:00","BZN|EE","Without Sequence","52.35","",""
"11/04/2023 16:00:00 - 11/04/2023 17:00:00","BZN|EE","Without Sequence","97.79","",""
"11/04/2023 17:00:00 - 11/04/2023 18:00:00","BZN|EE","Without Sequence","121.92","",""
"11/04/2023 18:00:00 - 11/04/2023 19:00:00","BZN|EE","Without Sequence","97.80","",""
"11/04/2023 19:00:00 - 11/04/2023 20:00:00","BZN|EE","Without Sequence","68.05","",""
"11/04/2023 20:00:00 - 11/04/2023 21:00:00","BZN|EE","Without Sequence","35.11","",""
"11/04/2023 21:00:00 - 11/04/2023 22:00:00","BZN|EE","Without Sequence","31.93","",""
"11/04/2023 22:00:00 - 11/04/2023 23:00:00","BZN|EE","Without Sequence","33.97","",""
"11/04/2023 23:00:00 - 12/04/2023 00:00:00","BZN|EE","Without Sequence","34.98","",""
"12/04/2023 00:00:00 - 12/04/2023 01:00:00","BZN|EE","Without Sequence","36.44","",""
"12/04/2023 01:00:00 - 12/04/2023 02:00:00","BZN|EE","Without Sequence","38.51","",""
"12/04/2023 02:00:00 - 12/04/2023 03:00:00","BZN|EE","Without Sequence","39.36","",""
"12/04/2023 03:00:00 - 12/04/2023 04:00:00","BZN|EE","Without Sequence","46.34","",""
"12/04/2023 04:00:00 - 12/04/2023 05:00:00","BZN|EE","Without Sequence","48.14","",""
"12/04/2023 05:00:00 - 12/04/2023 06:00:00","BZN|EE","Without Sequence","57.71","",""
"12/04/2023 06:00:00 - 12/04/2023 07:00:00","BZN|EE","Without Sequence","59.49","",""
"12/04/2023 07:00:00 - 12/04/2023 08:00:00","BZN|EE","Without Sequence","54.64","",""
"12/04/2023 08:00:00 - 12/04/2023 09:00:00","BZN|EE","Without Sequence","50.01","",""
"12/04/2023 09:00:00 - 12/04/2023 10:00:00","BZN|EE","Without Sequence","52.96","",""
"12/04/2023 10:00:00 - 12/04/2023 11:00:00","BZN|EE","Without Sequence","50.23","",""
"12/04/2023 11:00:00 - 12/04/2023 12:00:00","BZN|EE","Without Sequence","46.44","",""
"12/04/2023 12:00:00 - 12/04/2023 13:00:00","BZN|EE","Without Sequence","39.08","",""
"12/04/2023 13:00:00 - 12/04/2023 14:00:00","BZN|EE","Without Sequence","34.90","",""
"12/04/2023 14:00:00 - 12/04/2023 15:00:00","BZN|EE","Without Sequence","32.15","",""
"12/04/2023 15:00:00 - 12/04/2023 16:00:00","BZN|EE","Without Sequence","35.18","",""
"12/04/2023 16:00:00 - 12/04/2023 17:00:00","BZN|EE","Without Sequence","37.05","",""
"12/04/2023 17:00:00 - 12/04/2023 18:00:00","BZN|EE","Without Sequence","32.54","",""
"12/04/2023 18:00:00 - 12/04/2023 19:00:00","BZN|EE","Without Sequence","27.16","",""
"12/04/2023 19:00:00 - 12/04/2023 20:00:00","BZN|EE","Without Sequence","25.31","",""
"12/04/2023 20:00:00 - 12/04/2023 21:00:00","BZN|EE","Without Sequence","19.79","",""
"12/04/2023 21:00:00 - 12/04/2023 22:00:00","BZN|EE","Without Sequence","7.02","",""
"12/04/2023 22:00:00 - 12/04/2023 23:00:00","BZN|EE","Without Sequence","0.01","",""
"12/04/2023 23:00:00 - 13/04/2023 00:00:00","BZN|EE","Without Sequence","0.00","",""
"13/04/2023 00:00:00 - 13/04/2023 01:00:00","BZN|EE","Without Sequence","0.00","",""
"13/04/2023 01:00:00 - 13/04/2023 02:00:00","BZN|EE","Without Sequence","0.01","",""
"13/04/2023 02:00:00 - 13/04/2023 03:00:00","BZN|EE","Without Sequence","0.02","",""
"13/04/2023 03:00:00 - 13/04/2023 04:00:00","BZN|EE","Without Sequence","3.98","",""
"13/04/2023 04:00:00 - 13/04/2023 05:00:00","BZN|EE","Without Sequence","25.31","",""
"13/04/2023 05:00:00 - 13/04/2023 06:00:00","BZN|EE","Without Sequence","60.03","",""
"13/04/2023 06:00:00 - 13/04/2023 07:00:00","BZN|EE","Without Sequence","80.06","",""
"13/04/2023 07:00:00 - 13/04/2023 08:00:00","BZN|EE","Without Sequence","60.08","",""
"13/04/2023 08:00:00 - 13/04/2023 09:00:00","BZN|EE","Without Sequence","27.32","",""
"13/04/2023 09:00:00 - 13/04/2023 10:00:00","BZN|EE","Without Sequence","25.97","",""
"13/04/2023 10:00:00 - 13/04/2023 11:00:00","BZN|EE","Without Sequence","24.64","",""
"13/04/2023 11:00:00 - 13/04/2023 12:00:00","BZN|EE","Without Sequence","24.45","",""
"13/04/2023 12:00:00 - 13/04/2023 13:00:00","BZN|EE","Without Sequence","20.91","",""
"13/04/2023 13:00:00 - 13/04/2023 14:00:00","BZN|EE","Without Sequence","22.05","",""
"13/04/2023 14:00:00 - 13/04/2023 15:00:00","BZN|EE","Without Sequence","23.54","",""
"13/04/2023 15:00:00 - 13/04/2023 16:00:00","BZN|EE","Without Sequence","25.10","",""
"13/04/2023 16:00:00 - 13/04/2023 17:00:00","BZN|EE","Without Sequence","25.06","",""
"13/04/2023 17:00:00 - 13/04/2023 18:00:00","BZN|EE","Without Sequence","25.16","",""
"13/04/2023 18:00:00 - 13/04/2023 19:00:00","BZN|EE","Without Sequence","23.82","",""
"13/04/2023 19:00:00 - 13/04/2023 20:00:00","BZN|EE","Without Sequence","20.55","",""
"13/04/2023 20:00:00 - 13/04/2023 21:00:00","BZN|EE","Without Sequence","16.60","",""
"13/04/2023 21:00:00 - 13/04/2023 22:00:00","BZN|EE","Without Sequence","10.87","",""
"13/04/2023 22:00:00 - 13/04/2023 23:00:00","BZN|EE","Without Sequence","4.10","",""
"13/04/2023 23:00:00 - 14/04/2023 00:00:00","BZN|EE","Without Sequence","15.00","",""
"14/04/2023 00:00:00 - 14/04/2023 01:00:00","BZN|EE","Without Sequence","20.27","",""
"14/04/2023 01:00:00 - 14/04/2023 02:00:00","BZN|EE","Without Sequence","23.58","",""
"14/04/2023 02:00:00 - 14/04/2023 03:00:00","BZN|EE","Without Sequence","26.49","",""
"14/04/2023 03:00:00 - 14/04/2023 04:00:00","BZN|EE","Without Sequence","27.55","",""
"14/04/2023 04:00:00 - 14/04/2023 05:00:00","BZN|EE","Without Sequence","34.14","",""
"14/04/2023 05:00:00 - 14/04/2023 06:00:00","BZN|EE","Without Sequence","97.39","",""
"14/04/2023 06:00:00 - 14/04/2023 07:00:00","BZN|EE","Without Sequence","97.39","",""
"14/04/2023 07:00:00 - 14/04/2023 08:00:00","BZN|EE","Without Sequence","48.78","",""
"14/04/2023 08:00:00 - 14/04/2023 09:00:00","BZN|EE","Without Sequence","44.31","",""
"14/04/2023 09:00:00 - 14/04/2023 10:00:00","BZN|EE","Without Sequence","39.48","",""
"14/04/2023 10:00:00 - 14/04/2023 11:00:00","BZN|EE","Without Sequence","36.80","",""
"14/04/2023 11:00:00 - 14/04/2023 12:00:00","BZN|EE","Without Sequence","35.14","",""
"14/04/2023 12:00:00 - 14/04/2023 13:00:00","BZN|EE","Without Sequence","33.55","",""
"14/04/2023 13:00:00 - 14/04/2023 14:00:00","BZN|EE","Without Sequence","33.66","",""
"14/04/2023 14:00:00 - 14/04/2023 15:00:00","BZN|EE","Without Sequence","34.03","",""
"14/04/2023 15:00:00 - 14/04/2023 16:00:00","BZN|EE","Without Sequence","35.72","",""
"14/04/2023 16:00:00 - 14/04/2023 17:00:00","BZN|EE","Without Sequence","36.38","",""
"14/04/2023 17:00:00 - 14/04/2023 18:00:00","BZN|EE","Without Sequence","33.96","",""
"14/04/2023 18:00:00 - 14/04/2023 19:00:00","BZN|EE","Without Sequence","31.81","",""
"14/04/2023 19:00:00 - 14/04/2023 20:00:00","BZN|EE","Without Sequence","29.49","",""
"14/04/2023 20:00:00 - 14/04/2023 21:00:00","BZN|EE","Without Sequence","28.37","",""
"14/04/2023 21:00:00 - 14/04/2023 22:00:00","BZN|EE","Without Sequence","26.82","",""
"14/04/2023 22:00:00 - 14/04/2023 23:00:00","BZN|EE","Without Sequence","28.21","",""
"14/04/2023 23:00:00 - 15/04/2023 00:00:00","BZN|EE","Without Sequence","28.15","",""
"15/04/2023 00:00:00 - 15/04/2023 01:00:00","BZN|EE","Without Sequence","28.59","",""
"15/04/2023 01:00:00 - 15/04/2023 02:00:00","BZN|EE","Without Sequence","29.92","",""
"15/04/2023 02:00:00 - 15/04/2023 03:00:00","BZN|EE","Without Sequence","32.32","",""
"15/04/2023 03:00:00 - 15/04/2023 04:00:00","BZN|EE","Without Sequence","38.01","",""
"15/04/2023 04:00:00 - 15/04/2023 05:00:00","BZN|EE","Without Sequence","39.11","",""
"15/04/2023 05:00:00 - 15/04/2023 06:00:00","BZN|EE","Without Sequence","41.17","",""
"15/04/2023 06:00:00 - 15/04/2023 07:00:00","BZN|EE","Without Sequence","50.05","",""
"15/04/2023 07:00:00 - 15/04/2023 08:00:00","BZN|EE","Without Sequence","50.02","",""
"15/04/2023 08:00:00 - 15/04/2023 09:00:00","BZN|EE","Without Sequence","43.93","",""
"15/04/2023 09:00:00 - 15/04/2023 10:00:00","BZN|EE","Without Sequence","41.40","",""
"15/04/2023 10:00:00 - 15/04/2023 11:00:00","BZN|EE","Without Sequence","40.55","",""
"15/04/2023 11:00:00 - 15/04/2023 12:00:00","BZN|EE","Without Sequence","40.01","",""
"15/04/2023 12:00:00 - 15/04/2023 13:00:00","BZN|EE","Without Sequence","40.07","",""
"15/04/2023 13:00:00 - 15/04/2023 14:00:00","BZN|EE","Without Sequence","40.68","",""
"15/04/2023 14:00:00 - 15/04/2023 15:00:00","BZN|EE","Without Sequence","41.18","",""
"15/04/2023 15:00:00 - 15/04/2023 16:00:00","BZN|EE","Without Sequence","45.79","",""
"15/04/2023 16:00:00 - 15/04/2023 17:00:00","BZN|EE","Without Sequence","51.78","",""
"15/04/2023 17:00:00 - 15/04/2023 18:00:00","BZN|EE","Without Sequence","54.53","",""
"15/04/2023 18:00:00 - 15/04/2023 19:00:00","BZN|EE","Without Sequence","52.31","",""
"15/04/2023 19:00:00 - 15/04/2023 20:00:00","BZN|EE","Without Sequence","50.01","",""
"15/04/2023 20:00:00 - 15/04/2023 21:00:00","BZN|EE","Without Sequence","46.89","",""
"15/04/2023 21:00:00 - 15/04/2023 22:00:00","BZN|EE","Without Sequence","43.66","",""
"15/04/2023 22:00:00 - 15/04/2023 23:00:00","BZN|EE","Without Sequence","55.21","",""
"15/04/2023 23:00:00 - 16/04/2023 00:00:00","BZN|EE","Without Sequence","55.50","",""
"16/04/2023 00:00:00 - 16/04/2023 01:00:00","BZN|EE","Without Sequence","59.03","",""
"16/04/2023 01:00:00 - 16/04/2023 02:00:00","BZN|EE","Without Sequence","62.52","",""
"16/04/2023 02:00:00 - 16/04/2023 03:00:00","BZN|EE","Without Sequence","65.43","",""
"16/04/2023 03:00:00 - 16/04/2023 04:00:00","BZN|EE","Without Sequence","65.89","",""
"16/04/2023 04:00:00 - 16/04/2023 05:00:00","BZN|EE","Without Sequence","66.64","",""
"16/04/2023 05:00:00 - 16/04/2023 06:00:00","BZN|EE","Without Sequence","67.43","",""
"16/04/2023 06:00:00 - 16/04/2023 07:00:00","BZN|EE","Without Sequence","70.00","",""
"16/04/2023 07:00:00 - 16/04/2023 08:00:00","BZN|EE","Without Sequence","70.80","",""
"16/04/2023 08:00:00 - 16/04/2023 09:00:00","BZN|EE","Without Sequence","70.36","",""
"16/04/2023 09:00:00 - 16/04/2023 10:00:00","BZN|EE","Without Sequence","68.71","",""
"16/04/2023 10:00:00 - 16/04/2023 11:00:00","BZN|EE","Without Sequence","65.51","",""
"16/04/2023 11:00:00 - 16/04/2023 12:00:00","BZN|EE","Without Sequence","63.01","",""
"16/04/2023 12:00:00 - 16/04/2023 13:00:00","BZN|EE","Without Sequence","61.41","",""
"16/04/2023 13:00:00 - 16/04/2023 14:00:00","BZN|EE","Without Sequence","62.71","",""
"16/04/2023 14:00:00 - 16/04/2023 15:00:00","BZN|EE","Without Sequence","68.38","",""
"16/04/2023 15:00:00 - 16/04/2023 16:00:00","BZN|EE","Without Sequence","76.74","",""
"16/04/2023 16:00:00 - 16/04/2023 17:00:00","BZN|EE","Without Sequence","87.51","",""
"16/04/2023 17:00:00 - 16/04/2023 18:00:00","BZN|EE","Without Sequence","103.69","",""
"16/04/2023 18:00:00 - 16/04/2023 19:00:00","BZN|EE","Without Sequence","104.89","",""
"16/04/2023 19:00:00 - 16/04/2023 20:00:00","BZN|EE","Without Sequence","105.11","",""
"16/04/2023 20:00:00 - 16/04/2023 21:00:00","BZN|EE","Without Sequence","92.49","",""
"16/04/2023 21:00:00 - 16/04/2023 22:00:00","BZN|EE","Without Sequence","67.14","",""
"16/04/2023 22:00:00 - 16/04/2023 23:00:00","BZN|EE","Without Sequence","73.09","",""
"16/04/2023 23:00:00 - 17/04/2023 00:00:00","BZN|EE","Without Sequence","72.08","",""
"17/04/2023 00:00:00 - 17/04/2023 01:00:00","BZN|EE","Without Sequence","69.99","",""
"17/04/2023 01:00:00 - 17/04/2023 02:00:00","BZN|EE","Without Sequence","69.00","",""
"17/04/2023 02:00:00 - 17/04/2023 03:00:00","BZN|EE","Without Sequence","75.01","",""
"17/04/2023 03:00:00 - 17/04/2023 04:00:00","BZN|EE","Without Sequence","105.35","",""
"17/04/2023 04:00:00 - 17/04/2023 05:00:00","BZN|EE","Without Sequence","137.44","",""
"17/04/2023 05:00:00 - 17/04/2023 06:00:00","BZN|EE","Without Sequence","172.58","",""
"17/04/2023 06:00:00 - 17/04/2023 07:00:00","BZN|EE","Without Sequence","172.98","",""
"17/04/2023 07:00:00 - 17/04/2023 08:00:00","BZN|EE","Without Sequence","138.76","",""
"17/04/2023 08:00:00 - 17/04/2023 09:00:00","BZN|EE","Without Sequence","128.66","",""
"17/04/2023 09:00:00 - 17/04/2023 10:00:00","BZN|EE","Without Sequence","105.98","",""
"17/04/2023 10:00:00 - 17/04/2023 11:00:00","BZN|EE","Without Sequence","102.92","",""
"17/04/2023 11:00:00 - 17/04/2023 12:00:00","BZN|EE","Without Sequence","99.80","",""
"17/04/2023 12:00:00 - 17/04/2023 13:00:00","BZN|EE","Without Sequence","94.82","",""
"17/04/2023 13:00:00 - 17/04/2023 14:00:00","BZN|EE","Without Sequence","92.75","",""
"17/04/2023 14:00:00 - 17/04/2023 15:00:00","BZN|EE","Without Sequence","94.11","",""
"17/04/2023 15:00:00 - 17/04/2023 16:00:00","BZN|EE","Without Sequence","98.56","",""
"17/04/2023 16:00:00 - 17/04/2023 17:00:00","BZN|EE","Without Sequence","119.39","",""
"17/04/2023 17:00:00 - 17/04/2023 18:00:00","BZN|EE","Without Sequence","140.16","",""
"17/04/2023 18:00:00 - 17/04/2023 19:00:00","BZN|EE","Without Sequence","139.35","",""
"17/04/2023 19:00:00 - 17/04/2023 20:00:00","BZN|EE","Without Sequence","95.69","",""
"17/04/2023 20:00:00 - 17/04/2023 21:00:00","BZN|EE","Without Sequence","70.00","",""
"17/04/2023 21:00:00 - 17/04/2023 22:00:00","BZN|EE","Without Sequence","58.59","",""
"17/04/2023 22:00:00 - 17/04/2023 23:00:00","BZN|EE","Without Sequence","63.03","",""
"17/04/2023 23:00:00 - 18/04/2023 00:00:00","BZN|EE","Without Sequence","63.57","",""
"18/04/2023 00:00:00 - 18/04/2023 01:00:00","BZN|EE","Without Sequence","65.13","",""
"18/04/2023 01:00:00 - 18/04/2023 02:00:00","BZN|EE","Without Sequence","69.94","",""
"18/04/2023 02:00:00 - 18/04/2023 03:00:00","BZN|EE","Without Sequence","76.94","",""
"18/04/2023 03:00:00 - 18/04/2023 04:00:00","BZN|EE","Without Sequence","85.04","",""
"18/04/2023 04:00:00 - 18/04/2023 05:00:00","BZN|EE","Without Sequence","105.06","",""
"18/04/2023 05:00:00 - 18/04/2023 06:00:00","BZN|EE","Without Sequence","136.90","",""
"18/04/2023 06:00:00 - 18/04/2023 07:00:00","BZN|EE","Without Sequence","151.16","",""
"18/04/2023 07:00:00 - 18/04/2023 08:00:00","BZN|EE","Without Sequence","120.68","",""
"18/04/2023 08:00:00 - 18/04/2023 09:00:00","BZN|EE","Without Sequence","102.92","",""
"18/04/2023 09:00:00 - 18/04/2023 10:00:00","BZN|EE","Without Sequence","90.51","",""
"18/04/2023 10:00:00 - 18/04/2023 11:00:00","BZN|EE","Without Sequence","84.04","",""
"18/04/2023 11:00:00 - 18/04/2023 12:00:00","BZN|EE","Without Sequence","76.47","",""
"18/04/2023 12:00:00 - 18/04/2023 13:00:00","BZN|EE","Without Sequence","69.92","",""
"18/04/2023 13:00:00 - 18/04/2023 14:00:00","BZN|EE","Without Sequence","66.47","",""
"18/04/2023 14:00:00 - 18/04/2023 15:00:00","BZN|EE","Without Sequence","68.27","",""
"18/04/2023 15:00:00 - 18/04/2023 16:00:00","BZN|EE","Without Sequence","79.16","",""
"18/04/2023 16:00:00 - 18/04/2023 17:00:00","BZN|EE","Without Sequence","84.91","",""
"18/04/2023 17:00:00 - 18/04/2023 18:00:00","BZN|EE","Without Sequence","84.25","",""
"18/04/2023 18:00:00 - 18/04/2023 19:00:00","BZN|EE","Without Sequence","91.85","",""
"18/04/2023 19:00:00 - 18/04/2023 20:00:00","BZN|EE","Without Sequence","84.65","",""
"18/04/2023 20:00:00 - 18/04/2023 21:00:00","BZN|EE","Without Sequence","69.67","",""
"18/04/2023 21:00:00 - 18/04/2023 22:00:00","BZN|EE","Without Sequence","56.62","",""
"18/04/2023 22:00:00 - 18/04/2023 23:00:00","BZN|EE","Without Sequence","60.62","",""
"18/04/2023 23:00:00 - 19/04/2023 00:00:00","BZN|EE","Without Sequence","60.10","",""
"19/04/2023 00:00:00 - 19/04/2023 01:00:00","BZN|EE","Without Sequence","57.28","",""
"19/04/2023 01:00:00 - 19/04/2023 02:00:00","BZN|EE","Without Sequence","57.47","",""
"19/04/2023 02:00:00 - 19/04/2023 03:00:00","BZN|EE","Without Sequence","58.41","",""
"19/04/2023 03:00:00 - 19/04/2023 04:00:00","BZN|EE","Without Sequence","61.00","",""
"19/04/2023 04:00:00 - 19/04/2023 05:00:00","BZN|EE","Without Sequence","79.34","",""
"19/04/2023 05:00:00 - 19/04/2023 06:00:00","BZN|EE","Without Sequence","100.04","",""
"19/04/2023 06:00:00 - 19/04/2023 07:00:00","BZN|EE","Without Sequence","81.90","",""
"19/04/2023 07:00:00 - 19/04/2023 08:00:00","BZN|EE","Without Sequence","74.89","",""
"19/04/2023 08:00:00 - 19/04/2023 09:00:00","BZN|EE","Without Sequence","65.69","",""
"19/04/2023 09:00:00 - 19/04/2023 10:00:00","BZN|EE","Without Sequence","57.59","",""
"19/04/2023 10:00:00 - 19/04/2023 11:00:00","BZN|EE","Without Sequence","38.69","",""
"19/04/2023 11:00:00 - 19/04/2023 12:00:00","BZN|EE","Without Sequence","34.05","",""
"19/04/2023 12:00:00 - 19/04/2023 13:00:00","BZN|EE","Without Sequence","34.05","",""
"19/04/2023 13:00:00 - 19/04/2023 14:00:00","BZN|EE","Without Sequence","33.13","",""
"19/04/2023 14:00:00 - 19/04/2023 15:00:00","BZN|EE","Without Sequence","35.43","",""
"19/04/2023 15:00:00 - 19/04/2023 16:00:00","BZN|EE","Without Sequence","56.87","",""
"19/04/2023 16:00:00 - 19/04/2023 17:00:00","BZN|EE","Without Sequence","61.00","",""
"19/04/2023 17:00:00 - 19/04/2023 18:00:00","BZN|EE","Without Sequence","61.00","",""
"19/04/2023 18:00:00 - 19/04/2023 19:00:00","BZN|EE","Without Sequence","59.94","",""
"19/04/2023 19:00:00 - 19/04/2023 20:00:00","BZN|EE","Without Sequence","50.93","",""
"19/04/2023 20:00:00 - 19/04/2023 21:00:00","BZN|EE","Without Sequence","41.69","",""
"19/04/2023 21:00:00 - 19/04/2023 22:00:00","BZN|EE","Without Sequence","35.78","",""
"19/04/2023 22:00:00 - 19/04/2023 23:00:00","BZN|EE","Without Sequence","39.48","",""
"19/04/2023 23:00:00 - 20/04/2023 00:00:00","BZN|EE","Without Sequence","36.94","",""
"20/04/2023 00:00:00 - 20/04/2023 01:00:00","BZN|EE","Without Sequence","36.17","",""
"20/04/2023 01:00:00 - 20/04/2023 02:00:00","BZN|EE","Without Sequence","36.50","",""
"20/04/2023 02:00:00 - 20/04/2023 03:00:00","BZN|EE","Without Sequence","39.91","",""
"20/04/2023 03:00:00 - 20/04/2023 04:00:00","BZN|EE","Without Sequence","50.01","",""
"20/04/2023 04:00:00 - 20/04/2023 05:00:00","BZN|EE","Without Sequence","56.86","",""
"20/04/2023 05:00:00 - 20/04/2023 06:00:00","BZN|EE","Without Sequence","68.04","",""
"20/04/2023 06:00:00 - 20/04/2023 07:00:00","BZN|EE","Without Sequence","77.85","",""
"20/04/2023 07:00:00 - 20/04/2023 08:00:00","BZN|EE","Without Sequence","74.10","",""
"20/04/2023 08:00:00 - 20/04/2023 09:00:00","BZN|EE","Without Sequence","96.49","",""
"20/04/2023 09:00:00 - 20/04/2023 10:00:00","BZN|EE","Without Sequence","79.53","",""
"20/04/2023 10:00:00 - 20/04/2023 11:00:00","BZN|EE","Without Sequence","94.14","",""
"20/04/2023 11:00:00 - 20/04/2023 12:00:00","BZN|EE","Without Sequence","70.01","",""
"20/04/2023 12:00:00 - 20/04/2023 13:00:00","BZN|EE","Without Sequence","64.03","",""
"20/04/2023 13:00:00 - 20/04/2023 14:00:00","BZN|EE","Without Sequence","59.94","",""
"20/04/2023 14:00:00 - 20/04/2023 15:00:00","BZN|EE","Without Sequence","58.82","",""
"20/04/2023 15:00:00 - 20/04/2023 16:00:00","BZN|EE","Without Sequence","58.94","",""
"20/04/2023 16:00:00 - 20/04/2023 17:00:00","BZN|EE","Without Sequence","67.77","",""
"20/04/2023 17:00:00 - 20/04/2023 18:00:00","BZN|EE","Without Sequence","59.90","",""
"20/04/2023 18:00:00 - 20/04/2023 19:00:00","BZN|EE","Without Sequence","56.23","",""
"20/04/2023 19:00:00 - 20/04/2023 20:00:00","BZN|EE","Without Sequence","52.20","",""
"20/04/2023 20:00:00 - 20/04/2023 21:00:00","BZN|EE","Without Sequence","40.72","",""
"20/04/2023 21:00:00 - 20/04/2023 22:00:00","BZN|EE","Without Sequence","32.60","",""
"20/04/2023 22:00:00 - 20/04/2023 23:00:00","BZN|EE","Without Sequence","35.03","",""
"20/04/2023 23:00:00 - 21/04/2023 00:00:00","BZN|EE","Without Sequence","38.97","",""
"21/04/2023 00:00:00 - 21/04/2023 01:00:00","BZN|EE","Without Sequence","41.04","",""
"21/04/2023 01:00:00 - 21/04/2023 02:00:00","BZN|EE","Without Sequence","44.34","",""
"21/04/2023 02:00:00 - 21/04/2023 03:00:00","BZN|EE","Without Sequence","50.69","",""
"21/04/2023 03:00:00 - 21/04/2023 04:00:00","BZN|EE","Without Sequence","85.10","",""
"21/04/2023 04:00:00 - 21/04/2023 05:00:00","BZN|EE","Without Sequence","114.36","",""
"21/04/2023 05:00:00 - 21/04/2023 06:00:00","BZN|EE","Without Sequence","131.76","",""
"21/04/2023 06:00:00 - 21/04/2023 07:00:00","BZN|EE","Without Sequence","131.27","",""
"21/04/2023 07:00:00 - 21/04/2023 08:00:00","BZN|EE","Without Sequence","103.70","",""
"21/04/2023 08:00:00 - 21/04/2023 09:00:00","BZN|EE","Without Sequence","87.84","",""
"21/04/2023 09:00:00 - 21/04/2023 10:00:00","BZN|EE","Without Sequence","69.67","",""
"21/04/2023 10:00:00 - 21/04/2023 11:00:00","BZN|EE","Without Sequence","41.65","",""
"21/04/2023 11:00:00 - 21/04/2023 12:00:00","BZN|EE","Without Sequence","33.53","",""
"21/04/2023 12:00:00 - 21/04/2023 13:00:00","BZN|EE","Without Sequence","33.98","",""
"21/04/2023 13:00:00 - 21/04/2023 14:00:00","BZN|EE","Without Sequence","37.32","",""
"21/04/2023 14:00:00 - 21/04/2023 15:00:00","BZN|EE","Without Sequence","53.85","",""
"21/04/2023 15:00:00 - 21/04/2023 16:00:00","BZN|EE","Without Sequence","67.01","",""
"21/04/2023 16:00:00 - 21/04/2023 17:00:00","BZN|EE","Without Sequence","120.05","",""
"21/04/2023 17:00:00 - 21/04/2023 18:00:00","BZN|EE","Without Sequence","137.20","",""
"21/04/2023 18:00:00 - 21/04/2023 19:00:00","BZN|EE","Without Sequence","140.43","",""
"21/04/2023 19:00:00 - 21/04/2023 20:00:00","BZN|EE","Without Sequence","96.10","",""
"21/04/2023 20:00:00 - 21/04/2023 21:00:00","BZN|EE","Without Sequence","42.10","",""
"21/04/2023 21:00:00 - 21/04/2023 22:00:00","BZN|EE","Without Sequence","35.98","",""
"21/04/2023 22:00:00 - 21/04/2023 23:00:00","BZN|EE","Without Sequence","26.70","",""
"21/04/2023 23:00:00 - 22/04/2023 00:00:00","BZN|EE","Without Sequence","26.46","",""
"22/04/2023 00:00:00 - 22/04/2023 01:00:00","BZN|EE","Without Sequence","26.32","",""
"22/04/2023 01:00:00 - 22/04/2023 02:00:00","BZN|EE","Without Sequence","27.44","",""
"22/04/2023 02:00:00 - 22/04/2023 03:00:00","BZN|EE","Without Sequence","31.26","",""
"22/04/2023 03:00:00 - 22/04/2023 04:00:00","BZN|EE","Without Sequence","35.15","",""
"22/04/2023 04:00:00 - 22/04/2023 05:00:00","BZN|EE","Without Sequence","39.98","",""
"22/04/2023 05:00:00 - 22/04/2023 06:00:00","BZN|EE","Without Sequence","43.90","",""
"22/04/2023 06:00:00 - 22/04/2023 07:00:00","BZN|EE","Without Sequence","50.43","",""
"22/04/2023 07:00:00 - 22/04/2023 08:00:00","BZN|EE","Without Sequence","44.54","",""
"22/04/2023 08:00:00 - 22/04/2023 09:00:00","BZN|EE","Without Sequence","42.58","",""
"22/04/2023 09:00:00 - 22/04/2023 10:00:00","BZN|EE","Without Sequence","37.52","",""
"22/04/2023 10:00:00 - 22/04/2023 11:00:00","BZN|EE","Without Sequence","26.20","",""
"22/04/2023 11:00:00 - 22/04/2023 12:00:00","BZN|EE","Without Sequence","10.02","",""
"22/04/2023 12:00:00 - 22/04/2023 13:00:00","BZN|EE","Without Sequence","5.62","",""
"22/04/2023 13:00:00 - 22/04/2023 14:00:00","BZN|EE","Without Sequence","29.23","",""
"22/04/2023 14:00:00 - 22/04/2023 15:00:00","BZN|EE","Without Sequence","38.33","",""
"22/04/2023 15:00:00 - 22/04/2023 16:00:00","BZN|EE","Without Sequence","43.48","",""
"22/04/2023 16:00:00 - 22/04/2023 17:00:00","BZN|EE","Without Sequence","44.74","",""
"22/04/2023 17:00:00 - 22/04/2023 18:00:00","BZN|EE","Without Sequence","43.68","",""
"22/04/2023 18:00:00 - 22/04/2023 19:00:00","BZN|EE","Without Sequence","50.84","",""
"22/04/2023 19:00:00 - 22/04/2023 20:00:00","BZN|EE","Without Sequence","46.84","",""
"22/04/2023 20:00:00 - 22/04/2023 21:00:00","BZN|EE","Without Sequence","43.15","",""
"22/04/2023 21:00:00 - 22/04/2023 22:00:00","BZN|EE","Without Sequence","37.72","",""
"22/04/2023 22:00:00 - 22/04/2023 23:00:00","BZN|EE","Without Sequence","37.15","",""
"22/04/2023 23:00:00 - 23/04/2023 00:00:00","BZN|EE","Without Sequence","36.39","",""
"23/04/2023 00:00:00 - 23/04/2023 01:00:00","BZN|EE","Without Sequence","37.51","",""
"23/04/2023 01:00:00 - 23/04/2023 02:00:00","BZN|EE","Without Sequence","38.05","",""
"23/04/2023 02:00:00 - 23/04/2023 03:00:00","BZN|EE","Without Sequence","39.42","",""
"23/04/2023 03:00:00 - 23/04/2023 04:00:00","BZN|EE","Without Sequence","39.75","",""
"23/04/2023 04:00:00 - 23/04/2023 05:00:00","BZN|EE","Without Sequence","40.54","",""
"23/04/2023 05:00:00 - 23/04/2023 06:00:00","BZN|EE","Without Sequence","40.54","",""
"23/04/2023 06:00:00 - 23/04/2023 07:00:00","BZN|EE","Without Sequence","40.47","",""
"23/04/2023 07:00:00 - 23/04/2023 08:00:00","BZN|EE","Without Sequence","41.55","",""
"23/04/2023 08:00:00 - 23/04/2023 09:00:00","BZN|EE","Without Sequence","41.21","",""
"23/04/2023 09:00:00 - 23/04/2023 10:00:00","BZN|EE","Without Sequence","41.57","",""
"23/04/2023 10:00:00 - 23/04/2023 11:00:00","BZN|EE","Without Sequence","35.99","",""
"23/04/2023 11:00:00 - 23/04/2023 12:00:00","BZN|EE","Without Sequence","10.27","",""
"23/04/2023 12:00:00 - 23/04/2023 13:00:00","BZN|EE","Without Sequence","5.00","",""
"23/04/2023 13:00:00 - 23/04/2023 14:00:00","BZN|EE","Without Sequence","34.59","",""
"23/04/2023 14:00:00 - 23/04/2023 15:00:00","BZN|EE","Without Sequence","40.85","",""
"23/04/2023 15:00:00 - 23/04/2023 16:00:00","BZN|EE","Without Sequence","41.03","",""
"23/04/2023 16:00:00 - 23/04/2023 17:00:00","BZN|EE","Without Sequence","40.87","",""
"23/04/2023 17:00:00 - 23/04/2023 18:00:00","BZN|EE","Without Sequence","41.93","",""
"23/04/2023 18:00:00 - 23/04/2023 19:00:00","BZN|EE","Without Sequence","41.45","",""
"23/04/2023 19:00:00 - 23/04/2023 20:00:00","BZN|EE","Without Sequence","40.90","",""
"23/04/2023 20:00:00 - 23/04/2023 21:00:00","BZN|EE","Without Sequence","38.99","",""
"23/04/2023 21:00:00 - 23/04/2023 22:00:00","BZN|EE","Without Sequence","35.01","",""
"23/04/2023 22:00:00 - 23/04/2023 23:00:00","BZN|EE","Without Sequence","38.79","",""
"23/04/2023 23:00:00 - 24/04/2023 00:00:00","BZN|EE","Without Sequence","36.97","",""
"24/04/2023 00:00:00 - 24/04/2023 01:00:00","BZN|EE","Without Sequence","36.62","",""
"24/04/2023 01:00:00 - 24/04/2023 02:00:00","BZN|EE","Without Sequence","37.29","",""
"24/04/2023 02:00:00 - 24/04/2023 03:00:00","BZN|EE","Without Sequence","40.44","",""
"24/04/2023 03:00:00 - 24/04/2023 04:00:00","BZN|EE","Without Sequence","49.93","",""
"24/04/2023 04:00:00 - 24/04/2023 05:00:00","BZN|EE","Without Sequence","60.09","",""
"24/04/2023 05:00:00 - 24/04/2023 06:00:00","BZN|EE","Without Sequence","70.13","",""
"24/04/2023 06:00:00 - 24/04/2023 07:00:00","BZN|EE","Without Sequence","77.86","",""
"24/04/2023 07:00:00 - 24/04/2023 08:00:00","BZN|EE","Without Sequence","78.60","",""
"24/04/2023 08:00:00 - 24/04/2023 09:00:00","BZN|EE","Without Sequence","79.35","",""
"24/04/2023 09:00:00 - 24/04/2023 10:00:00","BZN|EE","Without Sequence","83.41","",""
"24/04/2023 10:00:00 - 24/04/2023 11:00:00","BZN|EE","Without Sequence","80.24","",""
"24/04/2023 11:00:00 - 24/04/2023 12:00:00","BZN|EE","Without Sequence","79.13","",""
"24/04/2023 12:00:00 - 24/04/2023 13:00:00","BZN|EE","Without Sequence","78.42","",""
"24/04/2023 13:00:00 - 24/04/2023 14:00:00","BZN|EE","Without Sequence","77.40","",""
"24/04/2023 14:00:00 - 24/04/2023 15:00:00","BZN|EE","Without Sequence","80.68","",""
"24/04/2023 15:00:00 - 24/04/2023 16:00:00","BZN|EE","Without Sequence","95.27","",""
"24/04/2023 16:00:00 - 24/04/2023 17:00:00","BZN|EE","Without Sequence","114.59","",""
"24/04/2023 17:00:00 - 24/04/2023 18:00:00","BZN|EE","Without Sequence","131.34","",""
"24/04/2023 18:00:00 - 24/04/2023 19:00:00","BZN|EE","Without Sequence","132.71","",""
"24/04/2023 19:00:00 - 24/04/2023 20:00:00","BZN|EE","Without Sequence","93.30","",""
"24/04/2023 20:00:00 - 24/04/2023 21:00:00","BZN|EE","Without Sequence","60.84","",""
"24/04/2023 21:00:00 - 24/04/2023 22:00:00","BZN|EE","Without Sequence","45.89","",""
"24/04/2023 22:00:00 - 24/04/2023 23:00:00","BZN|EE","Without Sequence","58.56","",""
"24/04/2023 23:00:00 - 25/04/2023 00:00:00","BZN|EE","Without Sequence","50.27","",""
"25/04/2023 00:00:00 - 25/04/2023 01:00:00","BZN|EE","Without Sequence","44.43","",""
"25/04/2023 01:00:00 - 25/04/2023 02:00:00","BZN|EE","Without Sequence","42.34","",""
"25/04/2023 02:00:00 - 25/04/2023 03:00:00","BZN|EE","Without Sequence","42.94","",""
"25/04/2023 03:00:00 - 25/04/2023 04:00:00","BZN|EE","Without Sequence","93.29","",""
"25/04/2023 04:00:00 - 25/04/2023 05:00:00","BZN|EE","Without Sequence","116.90","",""
"25/04/2023 05:00:00 - 25/04/2023 06:00:00","BZN|EE","Without Sequence","101.92","",""
"25/04/2023 06:00:00 - 25/04/2023 07:00:00","BZN|EE","Without Sequence","93.30","",""
"25/04/2023 07:00:00 - 25/04/2023 08:00:00","BZN|EE","Without Sequence","57.34","",""
"25/04/2023 08:00:00 - 25/04/2023 09:00:00","BZN|EE","Without Sequence","44.63","",""
"25/04/2023 09:00:00 - 25/04/2023 10:00:00","BZN|EE","Without Sequence","35.51","",""
"25/04/2023 10:00:00 - 25/04/2023 11:00:00","BZN|EE","Without Sequence","34.90","",""
"25/04/2023 11:00:00 - 25/04/2023 12:00:00","BZN|EE","Without Sequence","24.90","",""
"25/04/2023 12:00:00 - 25/04/2023 13:00:00","BZN|EE","Without Sequence","13.88","",""
"25/04/2023 13:00:00 - 25/04/2023 14:00:00","BZN|EE","Without Sequence","14.24","",""
"25/04/2023 14:00:00 - 25/04/2023 15:00:00","BZN|EE","Without Sequence","20.74","",""
"25/04/2023 15:00:00 - 25/04/2023 16:00:00","BZN|EE","Without Sequence","93.29","",""
"25/04/2023 16:00:00 - 25/04/2023 17:00:00","BZN|EE","Without Sequence","93.29","",""
"25/04/2023 17:00:00 - 25/04/2023 18:00:00","BZN|EE","Without Sequence","93.30","",""
"25/04/2023 18:00:00 - 25/04/2023 19:00:00","BZN|EE","Without Sequence","144.16","",""
"25/04/2023 19:00:00 - 25/04/2023 20:00:00","BZN|EE","Without Sequence","93.30","",""
"25/04/2023 20:00:00 - 25/04/2023 21:00:00","BZN|EE","Without Sequence","93.29","",""
"25/04/2023 21:00:00 - 25/04/2023 22:00:00","BZN|EE","Without Sequence","45.06","",""
"25/04/2023 22:00:00 - 25/04/2023 23:00:00","BZN|EE","Without Sequence","40.10","",""
"25/04/2023 23:00:00 - 26/04/2023 00:00:00","BZN|EE","Without Sequence","39.48","",""
"26/04/2023 00:00:00 - 26/04/2023 01:00:00","BZN|EE","Without Sequence","39.32","",""
"26/04/2023 01:00:00 - 26/04/2023 02:00:00","BZN|EE","Without Sequence","38.45","",""
"26/04/2023 02:00:00 - 26/04/2023 03:00:00","BZN|EE","Without Sequence","38.77","",""
"26/04/2023 03:00:00 - 26/04/2023 04:00:00","BZN|EE","Without Sequence","92.59","",""
"26/04/2023 04:00:00 - 26/04/2023 05:00:00","BZN|EE","Without Sequence","92.59","",""
"26/04/2023 05:00:00 - 26/04/2023 06:00:00","BZN|EE","Without Sequence","118.92","",""
"26/04/2023 06:00:00 - 26/04/2023 07:00:00","BZN|EE","Without Sequence","92.60","",""
"26/04/2023 07:00:00 - 26/04/2023 08:00:00","BZN|EE","Without Sequence","76.60","",""
"26/04/2023 08:00:00 - 26/04/2023 09:00:00","BZN|EE","Without Sequence","90.24","",""
"26/04/2023 09:00:00 - 26/04/2023 10:00:00","BZN|EE","Without Sequence","58.86","",""
"26/04/2023 10:00:00 - 26/04/2023 11:00:00","BZN|EE","Without Sequence","92.59","",""
"26/04/2023 11:00:00 - 26/04/2023 12:00:00","BZN|EE","Without Sequence","92.59","",""
"26/04/2023 12:00:00 - 26/04/2023 13:00:00","BZN|EE","Without Sequence","92.59","",""
"26/04/2023 13:00:00 - 26/04/2023 14:00:00","BZN|EE","Without Sequence","37.21","",""
"26/04/2023 14:00:00 - 26/04/2023 15:00:00","BZN|EE","Without Sequence","92.59","",""
"26/04/2023 15:00:00 - 26/04/2023 16:00:00","BZN|EE","Without Sequence","92.59","",""
"26/04/2023 16:00:00 - 26/04/2023 17:00:00","BZN|EE","Without Sequence","92.60","",""
"26/04/2023 17:00:00 - 26/04/2023 18:00:00","BZN|EE","Without Sequence","148.11","",""
"26/04/2023 18:00:00 - 26/04/2023 19:00:00","BZN|EE","Without Sequence","154.97","",""
"26/04/2023 19:00:00 - 26/04/2023 20:00:00","BZN|EE","Without Sequence","92.60","",""
"26/04/2023 20:00:00 - 26/04/2023 21:00:00","BZN|EE","Without Sequence","67.30","",""
"26/04/2023 21:00:00 - 26/04/2023 22:00:00","BZN|EE","Without Sequence","45.05","",""
"26/04/2023 22:00:00 - 26/04/2023 23:00:00","BZN|EE","Without Sequence","95.80","",""
"26/04/2023 23:00:00 - 27/04/2023 00:00:00","BZN|EE","Without Sequence","90.86","",""
"27/04/2023 00:00:00 - 27/04/2023 01:00:00","BZN|EE","Without Sequence","87.02","",""
"27/04/2023 01:00:00 - 27/04/2023 02:00:00","BZN|EE","Without Sequence","86.11","",""
"27/04/2023 02:00:00 - 27/04/2023 03:00:00","BZN|EE","Without Sequence","85.87","",""
"27/04/2023 03:00:00 - 27/04/2023 04:00:00","BZN|EE","Without Sequence","99.92","",""
"27/04/2023 04:00:00 - 27/04/2023 05:00:00","BZN|EE","Without Sequence","127.03","",""
"27/04/2023 05:00:00 - 27/04/2023 06:00:00","BZN|EE","Without Sequence","143.68","",""
"27/04/2023 06:00:00 - 27/04/2023 07:00:00","BZN|EE","Without Sequence","134.62","",""
"27/04/2023 07:00:00 - 27/04/2023 08:00:00","BZN|EE","Without Sequence","105.36","",""
"27/04/2023 08:00:00 - 27/04/2023 09:00:00","BZN|EE","Without Sequence","96.33","",""
"27/04/2023 09:00:00 - 27/04/2023 10:00:00","BZN|EE","Without Sequence","93.69","",""
"27/04/2023 10:00:00 - 27/04/2023 11:00:00","BZN|EE","Without Sequence","90.55","",""
"27/04/2023 11:00:00 - 27/04/2023 12:00:00","BZN|EE","Without Sequence","89.91","",""
"27/04/2023 12:00:00 - 27/04/2023 13:00:00","BZN|EE","Without Sequence","90.32","",""
"27/04/2023 13:00:00 - 27/04/2023 14:00:00","BZN|EE","Without Sequence","88.90","",""
"27/04/2023 14:00:00 - 27/04/2023 15:00:00","BZN|EE","Without Sequence","88.76","",""
"27/04/2023 15:00:00 - 27/04/2023 16:00:00","BZN|EE","Without Sequence","97.82","",""
"27/04/2023 16:00:00 - 27/04/2023 17:00:00","BZN|EE","Without Sequence","125.73","",""
"27/04/2023 17:00:00 - 27/04/2023 18:00:00","BZN|EE","Without Sequence","152.84","",""
"27/04/2023 18:00:00 - 27/04/2023 19:00:00","BZN|EE","Without Sequence","161.28","",""
"27/04/2023 19:00:00 - 27/04/2023 20:00:00","BZN|EE","Without Sequence","140.91","",""
"27/04/2023 20:00:00 - 27/04/2023 21:00:00","BZN|EE","Without Sequence","122.41","",""
"27/04/2023 21:00:00 - 27/04/2023 22:00:00","BZN|EE","Without Sequence","98.60","",""
"27/04/2023 22:00:00 - 27/04/2023 23:00:00","BZN|EE","Without Sequence","80.10","",""
"27/04/2023 23:00:00 - 28/04/2023 00:00:00","BZN|EE","Without Sequence","75.97","",""
"28/04/2023 00:00:00 - 28/04/2023 01:00:00","BZN|EE","Without Sequence","75.17","",""
"28/04/2023 01:00:00 - 28/04/2023 02:00:00","BZN|EE","Without Sequence","79.98","",""
"28/04/2023 02:00:00 - 28/04/2023 03:00:00","BZN|EE","Without Sequence","90.99","",""
"28/04/2023 03:00:00 - 28/04/2023 04:00:00","BZN|EE","Without Sequence","95.85","",""
"28/04/2023 04:00:00 - 28/04/2023 05:00:00","BZN|EE","Without Sequence","113.77","",""
"28/04/2023 05:00:00 - 28/04/2023 06:00:00","BZN|EE","Without Sequence","124.07","",""
"28/04/2023 06:00:00 - 28/04/2023 07:00:00","BZN|EE","Without Sequence","128.14","",""
"28/04/2023 07:00:00 - 28/04/2023 08:00:00","BZN|EE","Without Sequence","120.69","",""
"28/04/2023 08:00:00 - 28/04/2023 09:00:00","BZN|EE","Without Sequence","109.67","",""
"28/04/2023 09:00:00 - 28/04/2023 10:00:00","BZN|EE","Without Sequence","106.17","",""
"28/04/2023 10:00:00 - 28/04/2023 11:00:00","BZN|EE","Without Sequence","102.05","",""
"28/04/2023 11:00:00 - 28/04/2023 12:00:00","BZN|EE","Without Sequence","93.09","",""
"28/04/2023 12:00:00 - 28/04/2023 13:00:00","BZN|EE","Without Sequence","90.19","",""
"28/04/2023 13:00:00 - 28/04/2023 14:00:00","BZN|EE","Without Sequence","89.00","",""
"28/04/2023 14:00:00 - 28/04/2023 15:00:00","BZN|EE","Without Sequence","90.61","",""
"28/04/2023 15:00:00 - 28/04/2023 16:00:00","BZN|EE","Without Sequence","99.17","",""
"28/04/2023 16:00:00 - 28/04/2023 17:00:00","BZN|EE","Without Sequence","115.57","",""
"28/04/2023 17:00:00 - 28/04/2023 18:00:00","BZN|EE","Without Sequence","132.82","",""
"28/04/2023 18:00:00 - 28/04/2023 19:00:00","BZN|EE","Without Sequence","141.60","",""
"28/04/2023 19:00:00 - 28/04/2023 20:00:00","BZN|EE","Without Sequence","124.34","",""
"28/04/2023 20:00:00 - 28/04/2023 21:00:00","BZN|EE","Without Sequence","112.88","",""
"28/04/2023 21:00:00 - 28/04/2023 22:00:00","BZN|EE","Without Sequence","93.18","",""
"28/04/2023 22:00:00 - 28/04/2023 23:00:00","BZN|EE","Without Sequence","91.20","",""
"28/04/2023 23:00:00 - 29/04/2023 00:00:00","BZN|EE","Without Sequence","91.19","",""
"29/04/2023 00:00:00 - 29/04/2023 01:00:00","BZN|EE","Without Sequence","86.57","",""
"29/04/2023 01:00:00 - 29/04/2023 02:00:00","BZN|EE","Without Sequence","86.39","",""
"29/04/2023 02:00:00 - 29/04/2023 03:00:00","BZN|EE","Without Sequence","88.16","",""
"29/04/2023 03:00:00 - 29/04/2023 04:00:00","BZN|EE","Without Sequence","100.29","",""
"29/04/2023 04:00:00 - 29/04/2023 05:00:00","BZN|EE","Without Sequence","100.76","",""
"29/04/2023 05:00:00 - 29/04/2023 06:00:00","BZN|EE","Without Sequence","106.77","",""
"29/04/2023 06:00:00 - 29/04/2023 07:00:00","BZN|EE","Without Sequence","112.87","",""
"29/04/2023 07:00:00 - 29/04/2023 08:00:00","BZN|EE","Without Sequence","89.69","",""
"29/04/2023 08:00:00 - 29/04/2023 09:00:00","BZN|EE","Without Sequence","85.37","",""
"29/04/2023 09:00:00 - 29/04/2023 10:00:00","BZN|EE","Without Sequence","76.51","",""
"29/04/2023 10:00:00 - 29/04/2023 11:00:00","BZN|EE","Without Sequence","64.37","",""
"29/04/2023 11:00:00 - 29/04/2023 12:00:00","BZN|EE","Without Sequence","47.76","",""
"29/04/2023 12:00:00 - 29/04/2023 13:00:00","BZN|EE","Without Sequence","42.43","",""
"29/04/2023 13:00:00 - 29/04/2023 14:00:00","BZN|EE","Without Sequence","40.53","",""
"29/04/2023 14:00:00 - 29/04/2023 15:00:00","BZN|EE","Without Sequence","42.47","",""
"29/04/2023 15:00:00 - 29/04/2023 16:00:00","BZN|EE","Without Sequence","42.76","",""
"29/04/2023 16:00:00 - 29/04/2023 17:00:00","BZN|EE","Without Sequence","47.48","",""
"29/04/2023 17:00:00 - 29/04/2023 18:00:00","BZN|EE","Without Sequence","91.19","",""
"29/04/2023 18:00:00 - 29/04/2023 19:00:00","BZN|EE","Without Sequence","91.19","",""
"29/04/2023 19:00:00 - 29/04/2023 20:00:00","BZN|EE","Without Sequence","41.36","",""
"29/04/2023 20:00:00 - 29/04/2023 21:00:00","BZN|EE","Without Sequence","28.84","",""
"29/04/2023 21:00:00 - 29/04/2023 22:00:00","BZN|EE","Without Sequence","25.48","",""
"29/04/2023 22:00:00 - 29/04/2023 23:00:00","BZN|EE","Without Sequence","45.02","",""
"29/04/2023 23:00:00 - 30/04/2023 00:00:00","BZN|EE","Without Sequence","45.00","",""
"30/04/2023 00:00:00 - 30/04/2023 01:00:00","BZN|EE","Without Sequence","29.64","",""
"30/04/2023 01:00:00 - 30/04/2023 02:00:00","BZN|EE","Without Sequence","26.35","",""
"30/04/2023 02:00:00 - 30/04/2023 03:00:00","BZN|EE","Without Sequence","45.00","",""
"30/04/2023 03:00:00 - 30/04/2023 04:00:00","BZN|EE","Without Sequence","45.00","",""
"30/04/2023 04:00:00 - 30/04/2023 05:00:00","BZN|EE","Without Sequence","26.85","",""
"30/04/2023 05:00:00 - 30/04/2023 06:00:00","BZN|EE","Without Sequence","27.98","",""
"30/04/2023 06:00:00 - 30/04/2023 07:00:00","BZN|EE","Without Sequence","31.27","",""
"30/04/2023 07:00:00 - 30/04/2023 08:00:00","BZN|EE","Without Sequence","30.31","",""
"30/04/2023 08:00:00 - 30/04/2023 09:00:00","BZN|EE","Without Sequence","26.80","",""
"30/04/2023 09:00:00 - 30/04/2023 10:00:00","BZN|EE","Without Sequence","6.02","",""
"30/04/2023 10:00:00 - 30/04/2023 11:00:00","BZN|EE","Without Sequence","0.96","",""
"30/04/2023 11:00:00 - 30/04/2023 12:00:00","BZN|EE","Without Sequence","-0.08","",""
"30/04/2023 12:00:00 - 30/04/2023 13:00:00","BZN|EE","Without Sequence","-0.92","",""
"30/04/2023 13:00:00 - 30/04/2023 14:00:00","BZN|EE","Without Sequence","1.22","",""
"30/04/2023 14:00:00 - 30/04/2023 15:00:00","BZN|EE","Without Sequence","14.00","",""
"30/04/2023 15:00:00 - 30/04/2023 16:00:00","BZN|EE","Without Sequence","32.09","",""
"30/04/2023 16:00:00 - 30/04/2023 17:00:00","BZN|EE","Without Sequence","57.54","",""
"30/04/2023 17:00:00 - 30/04/2023 18:00:00","BZN|EE","Without Sequence","118.25","",""
"30/04/2023 18:00:00 - 30/04/2023 19:00:00","BZN|EE","Without Sequence","120.63","",""
"30/04/2023 19:00:00 - 30/04/2023 20:00:00","BZN|EE","Without Sequence","119.26","",""
"30/04/2023 20:00:00 - 30/04/2023 21:00:00","BZN|EE","Without Sequence","92.00","",""
"30/04/2023 21:00:00 - 30/04/2023 22:00:00","BZN|EE","Without Sequence","91.99","",""
"30/04/2023 22:00:00 - 30/04/2023 23:00:00","BZN|EE","Without Sequence","31.49","",""
"30/04/2023 23:00:00 - 01/05/2023 00:00:00","BZN|EE","Without Sequence","34.02","",""
"01/05/2023 00:00:00 - 01/05/2023 01:00:00","BZN|EE","Without Sequence","36.69","",""
"01/05/2023 01:00:00 - 01/05/2023 02:00:00","BZN|EE","Without Sequence","39.89","",""
"01/05/2023 02:00:00 - 01/05/2023 03:00:00","BZN|EE","Without Sequence","42.55","",""
"01/05/2023 03:00:00 - 01/05/2023 04:00:00","BZN|EE","Without Sequence","44.83","",""
"01/05/2023 04:00:00 - 01/05/2023 05:00:00","BZN|EE","Without Sequence","47.89","",""
"01/05/2023 05:00:00 - 01/05/2023 06:00:00","BZN|EE","Without Sequence","56.11","",""
"01/05/2023 06:00:00 - 01/05/2023 07:00:00","BZN|EE","Without Sequence","65.55","",""
"01/05/2023 07:00:00 - 01/05/2023 08:00:00","BZN|EE","Without Sequence","50.09","",""
"01/05/2023 08:00:00 - 01/05/2023 09:00:00","BZN|EE","Without Sequence","49.43","",""
"01/05/2023 09:00:00 - 01/05/2023 10:00:00","BZN|EE","Without Sequence","44.25","",""
"01/05/2023 10:00:00 - 01/05/2023 11:00:00","BZN|EE","Without Sequence","41.90","",""
"01/05/2023 11:00:00 - 01/05/2023 12:00:00","BZN|EE","Without Sequence","34.24","",""
"01/05/2023 12:00:00 - 01/05/2023 13:00:00","BZN|EE","Without Sequence","29.91","",""
"01/05/2023 13:00:00 - 01/05/2023 14:00:00","BZN|EE","Without Sequence","40.20","",""
"01/05/2023 14:00:00 - 01/05/2023 15:00:00","BZN|EE","Without Sequence","51.96","",""
"01/05/2023 15:00:00 - 01/05/2023 16:00:00","BZN|EE","Without Sequence","65.71","",""
"01/05/2023 16:00:00 - 01/05/2023 17:00:00","BZN|EE","Without Sequence","75.04","",""
"01/05/2023 17:00:00 - 01/05/2023 18:00:00","BZN|EE","Without Sequence","76.43","",""
"01/05/2023 18:00:00 - 01/05/2023 19:00:00","BZN|EE","Without Sequence","75.04","",""
"01/05/2023 19:00:00 - 01/05/2023 20:00:00","BZN|EE","Without Sequence","72.37","",""
"01/05/2023 20:00:00 - 01/05/2023 21:00:00","BZN|EE","Without Sequence","64.42","",""
"01/05/2023 21:00:00 - 01/05/2023 22:00:00","BZN|EE","Without Sequence","57.25","",""
"01/05/2023 22:00:00 - 01/05/2023 23:00:00","BZN|EE","Without Sequence","69.62","",""
"01/05/2023 23:00:00 - 02/05/2023 00:00:00","BZN|EE","Without Sequence","65.18","",""
"02/05/2023 00:00:00 - 02/05/2023 01:00:00","BZN|EE","Without Sequence","61.48","",""
"02/05/2023 01:00:00 - 02/05/2023 02:00:00","BZN|EE","Without Sequence","58.13","",""
"02/05/2023 02:00:00 - 02/05/2023 03:00:00","BZN|EE","Without Sequence","58.35","",""
"02/05/2023 03:00:00 - 02/05/2023 04:00:00","BZN|EE","Without Sequence","65.63","",""
"02/05/2023 04:00:00 - 02/05/2023 05:00:00","BZN|EE","Without Sequence","100.22","",""
"02/05/2023 05:00:00 - 02/05/2023 06:00:00","BZN|EE","Without Sequence","123.34","",""
"02/05/2023 06:00:00 - 02/05/2023 07:00:00","BZN|EE","Without Sequence","130.97","",""
"02/05/2023 07:00:00 - 02/05/2023 08:00:00","BZN|EE","Without Sequence","119.42","",""
"02/05/2023 08:00:00 - 02/05/2023 09:00:00","BZN|EE","Without Sequence","112.00","",""
"02/05/2023 09:00:00 - 02/05/2023 10:00:00","BZN|EE","Without Sequence","105.82","",""
"02/05/2023 10:00:00 - 02/05/2023 11:00:00","BZN|EE","Without Sequence","96.13","",""
"02/05/2023 11:00:00 - 02/05/2023 12:00:00","BZN|EE","Without Sequence","91.99","",""
"02/05/2023 12:00:00 - 02/05/2023 13:00:00","BZN|EE","Without Sequence","86.18","",""
"02/05/2023 13:00:00 - 02/05/2023 14:00:00","BZN|EE","Without Sequence","80.36","",""
"02/05/2023 14:00:00 - 02/05/2023 15:00:00","BZN|EE","Without Sequence","84.83","",""
"02/05/2023 15:00:00 - 02/05/2023 16:00:00","BZN|EE","Without Sequence","92.17","",""
"02/05/2023 16:00:00 - 02/05/2023 17:00:00","BZN|EE","Without Sequence","106.71","",""
"02/05/2023 17:00:00 - 02/05/2023 18:00:00","BZN|EE","Without Sequence","126.88","",""
"02/05/2023 18:00:00 - 02/05/2023 19:00:00","BZN|EE","Without Sequence","139.43","",""
"02/05/2023 19:00:00 - 02/05/2023 20:00:00","BZN|EE","Without Sequence","118.38","",""
"02/05/2023 20:00:00 - 02/05/2023 21:00:00","BZN|EE","Without Sequence","92.00","",""
"02/05/2023 21:00:00 - 02/05/2023 22:00:00","BZN|EE","Without Sequence","80.60","",""
"02/05/2023 22:00:00 - 02/05/2023 23:00:00","BZN|EE","Without Sequence","10.61","",""
"02/05/2023 23:00:00 - 03/05/2023 00:00:00","BZN|EE","Without Sequence","7.48","",""
"03/05/2023 00:00:00 - 03/05/2023 01:00:00","BZN|EE","Without Sequence","9.99","",""
"03/05/2023 01:00:00 - 03/05/2023 02:00:00","BZN|EE","Without Sequence","17.35","",""
"03/05/2023 02:00:00 - 03/05/2023 03:00:00","BZN|EE","Without Sequence","29.93","",""
"03/05/2023 03:00:00 - 03/05/2023 04:00:00","BZN|EE","Without Sequence","91.09","",""
"03/05/2023 04:00:00 - 03/05/2023 05:00:00","BZN|EE","Without Sequence","91.10","",""
"03/05/2023 05:00:00 - 03/05/2023 06:00:00","BZN|EE","Without Sequence","132.05","",""
"03/05/2023 06:00:00 - 03/05/2023 07:00:00","BZN|EE","Without Sequence","125.10","",""
"03/05/2023 07:00:00 - 03/05/2023 08:00:00","BZN|EE","Without Sequence","110.10","",""
"03/05/2023 08:00:00 - 03/05/2023 09:00:00","BZN|EE","Without Sequence","91.10","",""
"03/05/2023 09:00:00 - 03/05/2023 10:00:00","BZN|EE","Without Sequence","84.16","",""
"03/05/2023 10:00:00 - 03/05/2023 11:00:00","BZN|EE","Without Sequence","77.60","",""
"03/05/2023 11:00:00 - 03/05/2023 12:00:00","BZN|EE","Without Sequence","77.85","",""
"03/05/2023 12:00:00 - 03/05/2023 13:00:00","BZN|EE","Without Sequence","72.48","",""
"03/05/2023 13:00:00 - 03/05/2023 14:00:00","BZN|EE","Without Sequence","72.07","",""
"03/05/2023 14:00:00 - 03/05/2023 15:00:00","BZN|EE","Without Sequence","82.28","",""
"03/05/2023 15:00:00 - 03/05/2023 16:00:00","BZN|EE","Without Sequence","97.17","",""
"03/05/2023 16:00:00 - 03/05/2023 17:00:00","BZN|EE","Without Sequence","121.12","",""
"03/05/2023 17:00:00 - 03/05/2023 18:00:00","BZN|EE","Without Sequence","136.72","",""
"03/05/2023 18:00:00 - 03/05/2023 19:00:00","BZN|EE","Without Sequence","167.46","",""
"03/05/2023 19:00:00 - 03/05/2023 20:00:00","BZN|EE","Without Sequence","91.10","",""
"03/05/2023 20:00:00 - 03/05/2023 21:00:00","BZN|EE","Without Sequence","91.10","",""
"03/05/2023 21:00:00 - 03/05/2023 22:00:00","BZN|EE","Without Sequence","88.21","",""
"03/05/2023 22:00:00 - 03/05/2023 23:00:00","BZN|EE","Without Sequence","88.39","",""
"03/05/2023 23:00:00 - 04/05/2023 00:00:00","BZN|EE","Without Sequence","83.39","",""
"04/05/2023 00:00:00 - 04/05/2023 01:00:00","BZN|EE","Without Sequence","91.90","",""
"04/05/2023 01:00:00 - 04/05/2023 02:00:00","BZN|EE","Without Sequence","92.59","",""
"04/05/2023 02:00:00 - 04/05/2023 03:00:00","BZN|EE","Without Sequence","92.59","",""
"04/05/2023 03:00:00 - 04/05/2023 04:00:00","BZN|EE","Without Sequence","92.60","",""
"04/05/2023 04:00:00 - 04/05/2023 05:00:00","BZN|EE","Without Sequence","122.00","",""
"04/05/2023 05:00:00 - 04/05/2023 06:00:00","BZN|EE","Without Sequence","124.85","",""
"04/05/2023 06:00:00 - 04/05/2023 07:00:00","BZN|EE","Without Sequence","117.30","",""
"04/05/2023 07:00:00 - 04/05/2023 08:00:00","BZN|EE","Without Sequence","104.42","",""
"04/05/2023 08:00:00 - 04/05/2023 09:00:00","BZN|EE","Without Sequence","90.00","",""
"04/05/2023 09:00:00 - 04/05/2023 10:00:00","BZN|EE","Without Sequence","79.60","",""
"04/05/2023 10:00:00 - 04/05/2023 11:00:00","BZN|EE","Without Sequence","71.79","",""
"04/05/2023 11:00:00 - 04/05/2023 12:00:00","BZN|EE","Without Sequence","62.14","",""
"04/05/2023 12:00:00 - 04/05/2023 13:00:00","BZN|EE","Without Sequence","58.57","",""
"04/05/2023 13:00:00 - 04/05/2023 14:00:00","BZN|EE","Without Sequence","66.89","",""
"04/05/2023 14:00:00 - 04/05/2023 15:00:00","BZN|EE","Without Sequence","79.02","",""
"04/05/2023 15:00:00 - 04/05/2023 16:00:00","BZN|EE","Without Sequence","98.99","",""
"04/05/2023 16:00:00 - 04/05/2023 17:00:00","BZN|EE","Without Sequence","111.69","",""
"04/05/2023 17:00:00 - 04/05/2023 18:00:00","BZN|EE","Without Sequence","118.17","",""
"04/05/2023 18:00:00 - 04/05/2023 19:00:00","BZN|EE","Without Sequence","116.99","",""
"04/05/2023 19:00:00 - 04/05/2023 20:00:00","BZN|EE","Without Sequence","110.70","",""
"04/05/2023 20:00:00 - 04/05/2023 21:00:00","BZN|EE","Without Sequence","101.89","",""
"04/05/2023 21:00:00 - 04/05/2023 22:00:00","BZN|EE","Without Sequence","89.56","",""
"04/05/2023 22:00:00 - 04/05/2023 23:00:00","BZN|EE","Without Sequence","81.89","",""
"04/05/2023 23:00:00 - 05/05/2023 00:00:00","BZN|EE","Without Sequence","77.05","",""
"05/05/2023 00:00:00 - 05/05/2023 01:00:00","BZN|EE","Without Sequence","76.05","",""
"05/05/2023 01:00:00 - 05/05/2023 02:00:00","BZN|EE","Without Sequence","76.97","",""
"05/05/2023 02:00:00 - 05/05/2023 03:00:00","BZN|EE","Without Sequence","76.32","",""
"05/05/2023 03:00:00 - 05/05/2023 04:00:00","BZN|EE","Without Sequence","85.42","",""
"05/05/2023 04:00:00 - 05/05/2023 05:00:00","BZN|EE","Without Sequence","94.02","",""
"05/05/2023 05:00:00 - 05/05/2023 06:00:00","BZN|EE","Without Sequence","101.94","",""
"05/05/2023 06:00:00 - 05/05/2023 07:00:00","BZN|EE","Without Sequence","96.01","",""
"05/05/2023 07:00:00 - 05/05/2023 08:00:00","BZN|EE","Without Sequence","90.65","",""
"05/05/2023 08:00:00 - 05/05/2023 09:00:00","BZN|EE","Without Sequence","87.95","",""
"05/05/2023 09:00:00 - 05/05/2023 10:00:00","BZN|EE","Without Sequence","82.06","",""
"05/05/2023 10:00:00 - 05/05/2023 11:00:00","BZN|EE","Without Sequence","77.58","",""
"05/05/2023 11:00:00 - 05/05/2023 12:00:00","BZN|EE","Without Sequence","76.74","",""
"05/05/2023 12:00:00 - 05/05/2023 13:00:00","BZN|EE","Without Sequence","77.01","",""
"05/05/2023 13:00:00 - 05/05/2023 14:00:00","BZN|EE","Without Sequence","79.13","",""
"05/05/2023 14:00:00 - 05/05/2023 15:00:00","BZN|EE","Without Sequence","84.40","",""
"05/05/2023 15:00:00 - 05/05/2023 16:00:00","BZN|EE","Without Sequence","90.59","",""
"05/05/2023 16:00:00 - 05/05/2023 17:00:00","BZN|EE","Without Sequence","90.60","",""
"05/05/2023 17:00:00 - 05/05/2023 18:00:00","BZN|EE","Without Sequence","90.60","",""
"05/05/2023 18:00:00 - 05/05/2023 19:00:00","BZN|EE","Without Sequence","114.97","",""
"05/05/2023 19:00:00 - 05/05/2023 20:00:00","BZN|EE","Without Sequence","90.60","",""
"05/05/2023 20:00:00 - 05/05/2023 21:00:00","BZN|EE","Without Sequence","78.12","",""
"05/05/2023 21:00:00 - 05/05/2023 22:00:00","BZN|EE","Without Sequence","72.65","",""
"05/05/2023 22:00:00 - 05/05/2023 23:00:00","BZN|EE","Without Sequence","67.99","",""
"05/05/2023 23:00:00 - 06/05/2023 00:00:00","BZN|EE","Without Sequence","63.89","",""
"06/05/2023 00:00:00 - 06/05/2023 01:00:00","BZN|EE","Without Sequence","62.91","",""
"06/05/2023 01:00:00 - 06/05/2023 02:00:00","BZN|EE","Without Sequence","64.84","",""
"06/05/2023 02:00:00 - 06/05/2023 03:00:00","BZN|EE","Without Sequence","65.61","",""
"06/05/2023 03:00:00 - 06/05/2023 04:00:00","BZN|EE","Without Sequence","69.35","",""
"06/05/2023 04:00:00 - 06/05/2023 05:00:00","BZN|EE","Without Sequence","90.39","",""
"06/05/2023 05:00:00 - 06/05/2023 06:00:00","BZN|EE","Without Sequence","77.19","",""
"06/05/2023 06:00:00 - 06/05/2023 07:00:00","BZN|EE","Without Sequence","84.60","",""
"06/05/2023 07:00:00 - 06/05/2023 08:00:00","BZN|EE","Without Sequence","79.34","",""
"06/05/2023 08:00:00 - 06/05/2023 09:00:00","BZN|EE","Without Sequence","77.79","",""
"06/05/2023 09:00:00 - 06/05/2023 10:00:00","BZN|EE","Without Sequence","72.63","",""
"06/05/2023 10:00:00 - 06/05/2023 11:00:00","BZN|EE","Without Sequence","70.31","",""
"06/05/2023 11:00:00 - 06/05/2023 12:00:00","BZN|EE","Without Sequence","55.76","",""
"06/05/2023 12:00:00 - 06/05/2023 13:00:00","BZN|EE","Without Sequence","50.00","",""
"06/05/2023 13:00:00 - 06/05/2023 14:00:00","BZN|EE","Without Sequence","63.16","",""
"06/05/2023 14:00:00 - 06/05/2023 15:00:00","BZN|EE","Without Sequence","72.85","",""
"06/05/2023 15:00:00 - 06/05/2023 16:00:00","BZN|EE","Without Sequence","77.96","",""
"06/05/2023 16:00:00 - 06/05/2023 17:00:00","BZN|EE","Without Sequence","81.59","",""
"06/05/2023 17:00:00 - 06/05/2023 18:00:00","BZN|EE","Without Sequence","90.39","",""
"06/05/2023 18:00:00 - 06/05/2023 19:00:00","BZN|EE","Without Sequence","90.39","",""
"06/05/2023 19:00:00 - 06/05/2023 20:00:00","BZN|EE","Without Sequence","78.47","",""
"06/05/2023 20:00:00 - 06/05/2023 21:00:00","BZN|EE","Without Sequence","78.38","",""
"06/05/2023 21:00:00 - 06/05/2023 22:00:00","BZN|EE","Without Sequence","73.15","",""
"06/05/2023 22:00:00 - 06/05/2023 23:00:00","BZN|EE","Without Sequence","61.35","",""
"06/05/2023 23:00:00 - 07/05/2023 00:00:00","BZN|EE","Without Sequence","61.78","",""
"07/05/2023 00:00:00 - 07/05/2023 01:00:00","BZN|EE","Without Sequence","61.67","",""
"07/05/2023 01:00:00 - 07/05/2023 02:00:00","BZN|EE","Without Sequence","62.05","",""
"07/05/2023 02:00:00 - 07/05/2023 03:00:00","BZN|EE","Without Sequence","63.68","",""
"07/05/2023 03:00:00 - 07/05/2023 04:00:00","BZN|EE","Without Sequence","64.52","",""
"07/05/2023 04:00:00 - 07/05/2023 05:00:00","BZN|EE","Without Sequence","66.01","",""
"07/05/2023 05:00:00 - 07/05/2023 06:00:00","BZN|EE","Without Sequence","78.41","",""
"07/05/2023 06:00:00 - 07/05/2023 07:00:00","BZN|EE","Without Sequence","75.87","",""
"07/05/2023 07:00:00 - 07/05/2023 08:00:00","BZN|EE","Without Sequence","67.60","",""
"07/05/2023 08:00:00 - 07/05/2023 09:00:00","BZN|EE","Without Sequence","37.38","",""
"07/05/2023 09:00:00 - 07/05/2023 10:00:00","BZN|EE","Without Sequence","30.46","",""
"07/05/2023 10:00:00 - 07/05/2023 11:00:00","BZN|EE","Without Sequence","39.28","",""
"07/05/2023 11:00:00 - 07/05/2023 12:00:00","BZN|EE","Without Sequence","35.06","",""
"07/05/2023 12:00:00 - 07/05/2023 13:00:00","BZN|EE","Without Sequence","30.66","",""
"07/05/2023 13:00:00 - 07/05/2023 14:00:00","BZN|EE","Without Sequence","30.07","",""
"07/05/2023 14:00:00 - 07/05/2023 15:00:00","BZN|EE","Without Sequence","56.62","",""
"07/05/2023 15:00:00 - 07/05/2023 16:00:00","BZN|EE","Without Sequence","68.89","",""
"07/05/2023 16:00:00 - 07/05/2023 17:00:00","BZN|EE","Without Sequence","72.16","",""
"07/05/2023 17:00:00 - 07/05/2023 18:00:00","BZN|EE","Without Sequence","90.50","",""
"07/05/2023 18:00:00 - 07/05/2023 19:00:00","BZN|EE","Without Sequence","112.69","",""
"07/05/2023 19:00:00 - 07/05/2023 20:00:00","BZN|EE","Without Sequence","66.01","",""
"07/05/2023 20:00:00 - 07/05/2023 21:00:00","BZN|EE","Without Sequence","66.75","",""
"07/05/2023 21:00:00 - 07/05/2023 22:00:00","BZN|EE","Without Sequence","61.65","",""
"07/05/2023 22:00:00 - 07/05/2023 23:00:00","BZN|EE","Without Sequence","56.26","",""
"07/05/2023 23:00:00 - 08/05/2023 00:00:00","BZN|EE","Without Sequence","55.11","",""
"08/05/2023 00:00:00 - 08/05/2023 01:00:00","BZN|EE","Without Sequence","56.68","",""
"08/05/2023 01:00:00 - 08/05/2023 02:00:00","BZN|EE","Without Sequence","59.45","",""
"08/05/2023 02:00:00 - 08/05/2023 03:00:00","BZN|EE","Without Sequence","62.89","",""
"08/05/2023 03:00:00 - 08/05/2023 04:00:00","BZN|EE","Without Sequence","90.03","",""
"08/05/2023 04:00:00 - 08/05/2023 05:00:00","BZN|EE","Without Sequence","101.62","",""
"08/05/2023 05:00:00 - 08/05/2023 06:00:00","BZN|EE","Without Sequence","113.52","",""
"08/05/2023 06:00:00 - 08/05/2023 07:00:00","BZN|EE","Without Sequence","107.53","",""
"08/05/2023 07:00:00 - 08/05/2023 08:00:00","BZN|EE","Without Sequence","96.91","",""
"08/05/2023 08:00:00 - 08/05/2023 09:00:00","BZN|EE","Without Sequence","89.63","",""
"08/05/2023 09:00:00 - 08/05/2023 10:00:00","BZN|EE","Without Sequence","79.68","",""
"08/05/2023 10:00:00 - 08/05/2023 11:00:00","BZN|EE","Without Sequence","75.06","",""
"08/05/2023 11:00:00 - 08/05/2023 12:00:00","BZN|EE","Without Sequence","69.48","",""
"08/05/2023 12:00:00 - 08/05/2023 13:00:00","BZN|EE","Without Sequence","62.90","",""
"08/05/2023 13:00:00 - 08/05/2023 14:00:00","BZN|EE","Without Sequence","60.21","",""
"08/05/2023 14:00:00 - 08/05/2023 15:00:00","BZN|EE","Without Sequence","84.01","",""
"08/05/2023 15:00:00 - 08/05/2023 16:00:00","BZN|EE","Without Sequence","97.05","",""
"08/05/2023 16:00:00 - 08/05/2023 17:00:00","BZN|EE","Without Sequence","90.50","",""
"08/05/2023 17:00:00 - 08/05/2023 18:00:00","BZN|EE","Without Sequence","134.03","",""
"08/05/2023 18:00:00 - 08/05/2023 19:00:00","BZN|EE","Without Sequence","113.96","",""
"08/05/2023 19:00:00 - 08/05/2023 20:00:00","BZN|EE","Without Sequence","120.39","",""
"08/05/2023 20:00:00 - 08/05/2023 21:00:00","BZN|EE","Without Sequence","80.07","",""
"08/05/2023 21:00:00 - 08/05/2023 22:00:00","BZN|EE","Without Sequence","40.09","",""
"08/05/2023 22:00:00 - 08/05/2023 23:00:00","BZN|EE","Without Sequence","90.50","",""
"08/05/2023 23:00:00 - 09/05/2023 00:00:00","BZN|EE","Without Sequence","46.30","",""
"09/05/2023 00:00:00 - 09/05/2023 01:00:00","BZN|EE","Without Sequence","13.46","",""
"09/05/2023 01:00:00 - 09/05/2023 02:00:00","BZN|EE","Without Sequence","20.61","",""
"09/05/2023 02:00:00 - 09/05/2023 03:00:00","BZN|EE","Without Sequence","85.25","",""
"09/05/2023 03:00:00 - 09/05/2023 04:00:00","BZN|EE","Without Sequence","90.50","",""
"09/05/2023 04:00:00 - 09/05/2023 05:00:00","BZN|EE","Without Sequence","111.58","",""
"09/05/2023 05:00:00 - 09/05/2023 06:00:00","BZN|EE","Without Sequence","90.50","",""
"09/05/2023 06:00:00 - 09/05/2023 07:00:00","BZN|EE","Without Sequence","90.49","",""
"09/05/2023 07:00:00 - 09/05/2023 08:00:00","BZN|EE","Without Sequence","47.11","",""
"09/05/2023 08:00:00 - 09/05/2023 09:00:00","BZN|EE","Without Sequence","33.41","",""
"09/05/2023 09:00:00 - 09/05/2023 10:00:00","BZN|EE","Without Sequence","28.89","",""
"09/05/2023 10:00:00 - 09/05/2023 11:00:00","BZN|EE","Without Sequence","25.06","",""
"09/05/2023 11:00:00 - 09/05/2023 12:00:00","BZN|EE","Without Sequence","15.17","",""
"09/05/2023 12:00:00 - 09/05/2023 13:00:00","BZN|EE","Without Sequence","9.99","",""
"09/05/2023 13:00:00 - 09/05/2023 14:00:00","BZN|EE","Without Sequence","49.40","",""
"09/05/2023 14:00:00 - 09/05/2023 15:00:00","BZN|EE","Without Sequence","84.44","",""
"09/05/2023 15:00:00 - 09/05/2023 16:00:00","BZN|EE","Without Sequence","100.06","",""
"09/05/2023 16:00:00 - 09/05/2023 17:00:00","BZN|EE","Without Sequence","115.70","",""
"09/05/2023 17:00:00 - 09/05/2023 18:00:00","BZN|EE","Without Sequence","90.50","",""
"09/05/2023 18:00:00 - 09/05/2023 19:00:00","BZN|EE","Without Sequence","90.50","",""
"09/05/2023 19:00:00 - 09/05/2023 20:00:00","BZN|EE","Without Sequence","90.49","",""
"09/05/2023 20:00:00 - 09/05/2023 21:00:00","BZN|EE","Without Sequence","90.49","",""
"09/05/2023 21:00:00 - 09/05/2023 22:00:00","BZN|EE","Without Sequence","40.04","",""
"09/05/2023 22:00:00 - 09/05/2023 23:00:00","BZN|EE","Without Sequence","83.40","",""
"09/05/2023 23:00:00 - 10/05/2023 00:00:00","BZN|EE","Without Sequence","5.21","",""
"10/05/2023 00:00:00 - 10/05/2023 01:00:00","BZN|EE","Without Sequence","5.39","",""
"10/05/2023 01:00:00 - 10/05/2023 02:00:00","BZN|EE","Without Sequence","38.69","",""
"10/05/2023 02:00:00 - 10/05/2023 03:00:00","BZN|EE","Without Sequence","83.40","",""
"10/05/2023 03:00:00 - 10/05/2023 04:00:00","BZN|EE","Without Sequence","89.75","",""
"10/05/2023 04:00:00 - 10/05/2023 05:00:00","BZN|EE","Without Sequence","106.73","",""
"10/05/2023 05:00:00 - 10/05/2023 06:00:00","BZN|EE","Without Sequence","118.04","",""
"10/05/2023 06:00:00 - 10/05/2023 07:00:00","BZN|EE","Without Sequence","83.39","",""
"10/05/2023 07:00:00 - 10/05/2023 08:00:00","BZN|EE","Without Sequence","30.25","",""
"10/05/2023 08:00:00 - 10/05/2023 09:00:00","BZN|EE","Without Sequence","22.05","",""
"10/05/2023 09:00:00 - 10/05/2023 10:00:00","BZN|EE","Without Sequence","3.99","",""
"10/05/2023 10:00:00 - 10/05/2023 11:00:00","BZN|EE","Without Sequence","3.10","",""
"10/05/2023 11:00:00 - 10/05/2023 12:00:00","BZN|EE","Without Sequence","2.41","",""
"10/05/2023 12:00:00 - 10/05/2023 13:00:00","BZN|EE","Without Sequence","1.56","",""
"10/05/2023 13:00:00 - 10/05/2023 14:00:00","BZN|EE","Without Sequence","49.09","",""
"10/05/2023 14:00:00 - 10/05/2023 15:00:00","BZN|EE","Without Sequence","83.40","",""
"10/05/2023 15:00:00 - 10/05/2023 16:00:00","BZN|EE","Without Sequence","103.35","",""
"10/05/2023 16:00:00 - 10/05/2023 17:00:00","BZN|EE","Without Sequence","109.46","",""
"10/05/2023 17:00:00 - 10/05/2023 18:00:00","BZN|EE","Without Sequence","107.72","",""
"10/05/2023 18:00:00 - 10/05/2023 19:00:00","BZN|EE","Without Sequence","107.61","",""
"10/05/2023 19:00:00 - 10/05/2023 20:00:00","BZN|EE","Without Sequence","109.46","",""
"10/05/2023 20:00:00 - 10/05/2023 21:00:00","BZN|EE","Without Sequence","83.40","",""
"10/05/2023 21:00:00 - 10/05/2023 22:00:00","BZN|EE","Without Sequence","30.10","",""
"10/05/2023 22:00:00 - 10/05/2023 23:00:00","BZN|EE","Without Sequence","4.07","",""
"10/05/2023 23:00:00 - 11/05/2023 00:00:00","BZN|EE","Without Sequence","4.05","",""
"11/05/2023 00:00:00 - 11/05/2023 01:00:00","BZN|EE","Without Sequence","4.05","",""
"11/05/2023 01:00:00 - 11/05/2023 02:00:00","BZN|EE","Without Sequence","4.08","",""
"11/05/2023 02:00:00 - 11/05/2023 03:00:00","BZN|EE","Without Sequence","84.19","",""
"11/05/2023 03:00:00 - 11/05/2023 04:00:00","BZN|EE","Without Sequence","101.96","",""
"11/05/2023 04:00:00 - 11/05/2023 05:00:00","BZN|EE","Without Sequence","119.61","",""
"11/05/2023 05:00:00 - 11/05/2023 06:00:00","BZN|EE","Without Sequence","138.36","",""
"11/05/2023 06:00:00 - 11/05/2023 07:00:00","BZN|EE","Without Sequence","84.19","",""
"11/05/2023 07:00:00 - 11/05/2023 08:00:00","BZN|EE","Without Sequence","44.96","",""
"11/05/2023 08:00:00 - 11/05/2023 09:00:00","BZN|EE","Without Sequence","37.96","",""
"11/05/2023 09:00:00 - 11/05/2023 10:00:00","BZN|EE","Without Sequence","29.18","",""
"11/05/2023 10:00:00 - 11/05/2023 11:00:00","BZN|EE","Without Sequence","28.29","",""
"11/05/2023 11:00:00 - 11/05/2023 12:00:00","BZN|EE","Without Sequence","28.12","",""
"11/05/2023 12:00:00 - 11/05/2023 13:00:00","BZN|EE","Without Sequence","15.06","",""
"11/05/2023 13:00:00 - 11/05/2023 14:00:00","BZN|EE","Without Sequence","21.58","",""
"11/05/2023 14:00:00 - 11/05/2023 15:00:00","BZN|EE","Without Sequence","26.97","",""
"11/05/2023 15:00:00 - 11/05/2023 16:00:00","BZN|EE","Without Sequence","85.88","",""
"11/05/2023 16:00:00 - 11/05/2023 17:00:00","BZN|EE","Without Sequence","119.74","",""
"11/05/2023 17:00:00 - 11/05/2023 18:00:00","BZN|EE","Without Sequence","154.69","",""
"11/05/2023 18:00:00 - 11/05/2023 19:00:00","BZN|EE","Without Sequence","150.70","",""
"11/05/2023 19:00:00 - 11/05/2023 20:00:00","BZN|EE","Without Sequence","122.12","",""
"11/05/2023 20:00:00 - 11/05/2023 21:00:00","BZN|EE","Without Sequence","113.99","",""
"11/05/2023 21:00:00 - 11/05/2023 22:00:00","BZN|EE","Without Sequence","84.19","",""
"11/05/2023 22:00:00 - 11/05/2023 23:00:00","BZN|EE","Without Sequence","85.73","",""
"11/05/2023 23:00:00 - 12/05/2023 00:00:00","BZN|EE","Without Sequence","85.72","",""
"12/05/2023 00:00:00 - 12/05/2023 01:00:00","BZN|EE","Without Sequence","85.74","",""
"12/05/2023 01:00:00 - 12/05/2023 02:00:00","BZN|EE","Without Sequence","85.72","",""
"12/05/2023 02:00:00 - 12/05/2023 03:00:00","BZN|EE","Without Sequence","85.76","",""
"12/05/2023 03:00:00 - 12/05/2023 04:00:00","BZN|EE","Without Sequence","98.83","",""
"12/05/2023 04:00:00 - 12/05/2023 05:00:00","BZN|EE","Without Sequence","85.75","",""
"12/05/2023 05:00:00 - 12/05/2023 06:00:00","BZN|EE","Without Sequence","84.90","",""
"12/05/2023 06:00:00 - 12/05/2023 07:00:00","BZN|EE","Without Sequence","96.50","",""
"12/05/2023 07:00:00 - 12/05/2023 08:00:00","BZN|EE","Without Sequence","84.32","",""
"12/05/2023 08:00:00 - 12/05/2023 09:00:00","BZN|EE","Without Sequence","82.48","",""
"12/05/2023 09:00:00 - 12/05/2023 10:00:00","BZN|EE","Without Sequence","64.58","",""
"12/05/2023 10:00:00 - 12/05/2023 11:00:00","BZN|EE","Without Sequence","52.87","",""
"12/05/2023 11:00:00 - 12/05/2023 12:00:00","BZN|EE","Without Sequence","44.17","",""
"12/05/2023 12:00:00 - 12/05/2023 13:00:00","BZN|EE","Without Sequence","37.58","",""
"12/05/2023 13:00:00 - 12/05/2023 14:00:00","BZN|EE","Without Sequence","37.23","",""
"12/05/2023 14:00:00 - 12/05/2023 15:00:00","BZN|EE","Without Sequence","38.07","",""
"12/05/2023 15:00:00 - 12/05/2023 16:00:00","BZN|EE","Without Sequence","49.57","",""
"12/05/2023 16:00:00 - 12/05/2023 17:00:00","BZN|EE","Without Sequence","119.70","",""
"12/05/2023 17:00:00 - 12/05/2023 18:00:00","BZN|EE","Without Sequence","128.21","",""
"12/05/2023 18:00:00 - 12/05/2023 19:00:00","BZN|EE","Without Sequence","129.95","",""
"12/05/2023 19:00:00 - 12/05/2023 20:00:00","BZN|EE","Without Sequence","123.84","",""
"12/05/2023 20:00:00 - 12/05/2023 21:00:00","BZN|EE","Without Sequence","85.79","",""
"12/05/2023 21:00:00 - 12/05/2023 22:00:00","BZN|EE","Without Sequence","85.74","",""
"12/05/2023 22:00:00 - 12/05/2023 23:00:00","BZN|EE","Without Sequence","85.30","",""
"12/05/2023 23:00:00 - 13/05/2023 00:00:00","BZN|EE","Without Sequence","85.30","",""
"13/05/2023 00:00:00 - 13/05/2023 01:00:00","BZN|EE","Without Sequence","85.30","",""
"13/05/2023 01:00:00 - 13/05/2023 02:00:00","BZN|EE","Without Sequence","85.30","",""
"13/05/2023 02:00:00 - 13/05/2023 03:00:00","BZN|EE","Without Sequence","85.30","",""
"13/05/2023 03:00:00 - 13/05/2023 04:00:00","BZN|EE","Without Sequence","85.30","",""
"13/05/2023 04:00:00 - 13/05/2023 05:00:00","BZN|EE","Without Sequence","85.29","",""
"13/05/2023 05:00:00 - 13/05/2023 06:00:00","BZN|EE","Without Sequence","22.97","",""
"13/05/2023 06:00:00 - 13/05/2023 07:00:00","BZN|EE","Without Sequence","24.29","",""
"13/05/2023 07:00:00 - 13/05/2023 08:00:00","BZN|EE","Without Sequence","24.17","",""
"13/05/2023 08:00:00 - 13/05/2023 09:00:00","BZN|EE","Without Sequence","22.55","",""
"13/05/2023 09:00:00 - 13/05/2023 10:00:00","BZN|EE","Without Sequence","19.60","",""
"13/05/2023 10:00:00 - 13/05/2023 11:00:00","BZN|EE","Without Sequence","15.43","",""
"13/05/2023 11:00:00 - 13/05/2023 12:00:00","BZN|EE","Without Sequence","5.65","",""
"13/05/2023 12:00:00 - 13/05/2023 13:00:00","BZN|EE","Without Sequence","5.06","",""
"13/05/2023 13:00:00 - 13/05/2023 14:00:00","BZN|EE","Without Sequence","6.17","",""
"13/05/2023 14:00:00 - 13/05/2023 15:00:00","BZN|EE","Without Sequence","19.04","",""
"13/05/2023 15:00:00 - 13/05/2023 16:00:00","BZN|EE","Without Sequence","75.41","",""
"13/05/2023 16:00:00 - 13/05/2023 17:00:00","BZN|EE","Without Sequence","84.68","",""
"13/05/2023 17:00:00 - 13/05/2023 18:00:00","BZN|EE","Without Sequence","108.45","",""
"13/05/2023 18:00:00 - 13/05/2023 19:00:00","BZN|EE","Without Sequence","116.46","",""
"13/05/2023 19:00:00 - 13/05/2023 20:00:00","BZN|EE","Without Sequence","113.48","",""
"13/05/2023 20:00:00 - 13/05/2023 21:00:00","BZN|EE","Without Sequence","109.56","",""
"13/05/2023 21:00:00 - 13/05/2023 22:00:00","BZN|EE","Without Sequence","85.30","",""
"13/05/2023 22:00:00 - 13/05/2023 23:00:00","BZN|EE","Without Sequence","85.29","",""
"13/05/2023 23:00:00 - 14/05/2023 00:00:00","BZN|EE","Without Sequence","85.29","",""
"14/05/2023 00:00:00 - 14/05/2023 01:00:00","BZN|EE","Without Sequence","85.29","",""
"14/05/2023 01:00:00 - 14/05/2023 02:00:00","BZN|EE","Without Sequence","85.29","",""
"14/05/2023 02:00:00 - 14/05/2023 03:00:00","BZN|EE","Without Sequence","85.29","",""
"14/05/2023 03:00:00 - 14/05/2023 04:00:00","BZN|EE","Without Sequence","85.29","",""
"14/05/2023 04:00:00 - 14/05/2023 05:00:00","BZN|EE","Without Sequence","7.53","",""
"14/05/2023 05:00:00 - 14/05/2023 06:00:00","BZN|EE","Without Sequence","8.68","",""
"14/05/2023 06:00:00 - 14/05/2023 07:00:00","BZN|EE","Without Sequence","13.77","",""
"14/05/2023 07:00:00 - 14/05/2023 08:00:00","BZN|EE","Without Sequence","15.62","",""
"14/05/2023 08:00:00 - 14/05/2023 09:00:00","BZN|EE","Without Sequence","12.12","",""
"14/05/2023 09:00:00 - 14/05/2023 10:00:00","BZN|EE","Without Sequence","9.29","",""
"14/05/2023 10:00:00 - 14/05/2023 11:00:00","BZN|EE","Without Sequence","5.77","",""
"14/05/2023 11:00:00 - 14/05/2023 12:00:00","BZN|EE","Without Sequence","1.85","",""
"14/05/2023 12:00:00 - 14/05/2023 13:00:00","BZN|EE","Without Sequence","0.16","",""
"14/05/2023 13:00:00 - 14/05/2023 14:00:00","BZN|EE","Without Sequence","1.78","",""
"14/05/2023 14:00:00 - 14/05/2023 15:00:00","BZN|EE","Without Sequence","5.19","",""
"14/05/2023 15:00:00 - 14/05/2023 16:00:00","BZN|EE","Without Sequence","10.34","",""
"14/05/2023 16:00:00 - 14/05/2023 17:00:00","BZN|EE","Without Sequence","85.29","",""
"14/05/2023 17:00:00 - 14/05/2023 18:00:00","BZN|EE","Without Sequence","85.29","",""
"14/05/2023 18:00:00 - 14/05/2023 19:00:00","BZN|EE","Without Sequence","126.13","",""
"14/05/2023 19:00:00 - 14/05/2023 20:00:00","BZN|EE","Without Sequence","126.62","",""
"14/05/2023 20:00:00 - 14/05/2023 21:00:00","BZN|EE","Without Sequence","118.42","",""
"14/05/2023 21:00:00 - 14/05/2023 22:00:00","BZN|EE","Without Sequence","85.30","",""
"14/05/2023 22:00:00 - 14/05/2023 23:00:00","BZN|EE","Without Sequence","85.59","",""
"14/05/2023 23:00:00 - 15/05/2023 00:00:00","BZN|EE","Without Sequence","85.59","",""
"15/05/2023 00:00:00 - 15/05/2023 01:00:00","BZN|EE","Without Sequence","85.59","",""
"15/05/2023 01:00:00 - 15/05/2023 02:00:00","BZN|EE","Without Sequence","85.59","",""
"15/05/2023 02:00:00 - 15/05/2023 03:00:00","BZN|EE","Without Sequence","85.59","",""
"15/05/2023 03:00:00 - 15/05/2023 04:00:00","BZN|EE","Without Sequence","122.51","",""
"15/05/2023 04:00:00 - 15/05/2023 05:00:00","BZN|EE","Without Sequence","85.60","",""
"15/05/2023 05:00:00 - 15/05/2023 06:00:00","BZN|EE","Without Sequence","92.26","",""
"15/05/2023 06:00:00 - 15/05/2023 07:00:00","BZN|EE","Without Sequence","94.13","",""
"15/05/2023 07:00:00 - 15/05/2023 08:00:00","BZN|EE","Without Sequence","85.60","",""
"15/05/2023 08:00:00 - 15/05/2023 09:00:00","BZN|EE","Without Sequence","22.74","",""
"15/05/2023 09:00:00 - 15/05/2023 10:00:00","BZN|EE","Without Sequence","20.99","",""
"15/05/2023 10:00:00 - 15/05/2023 11:00:00","BZN|EE","Without Sequence","14.94","",""
"15/05/2023 11:00:00 - 15/05/2023 12:00:00","BZN|EE","Without Sequence","11.62","",""
"15/05/2023 12:00:00 - 15/05/2023 13:00:00","BZN|EE","Without Sequence","8.95","",""
"15/05/2023 13:00:00 - 15/05/2023 14:00:00","BZN|EE","Without Sequence","11.92","",""
"15/05/2023 14:00:00 - 15/05/2023 15:00:00","BZN|EE","Without Sequence","14.26","",""
"15/05/2023 15:00:00 - 15/05/2023 16:00:00","BZN|EE","Without Sequence","17.39","",""
"15/05/2023 16:00:00 - 15/05/2023 17:00:00","BZN|EE","Without Sequence","85.60","",""
"15/05/2023 17:00:00 - 15/05/2023 18:00:00","BZN|EE","Without Sequence","85.60","",""
"15/05/2023 18:00:00 - 15/05/2023 19:00:00","BZN|EE","Without Sequence","161.49","",""
"15/05/2023 19:00:00 - 15/05/2023 20:00:00","BZN|EE","Without Sequence","124.07","",""
"15/05/2023 20:00:00 - 15/05/2023 21:00:00","BZN|EE","Without Sequence","85.60","",""
"15/05/2023 21:00:00 - 15/05/2023 22:00:00","BZN|EE","Without Sequence","85.59","",""
"15/05/2023 22:00:00 - 15/05/2023 23:00:00","BZN|EE","Without Sequence","75.59","",""
"15/05/2023 23:00:00 - 16/05/2023 00:00:00","BZN|EE","Without Sequence","49.34","",""
"16/05/2023 00:00:00 - 16/05/2023 01:00:00","BZN|EE","Without Sequence","49.53","",""
"16/05/2023 01:00:00 - 16/05/2023 02:00:00","BZN|EE","Without Sequence","49.68","",""
"16/05/2023 02:00:00 - 16/05/2023 03:00:00","BZN|EE","Without Sequence","64.32","",""
"16/05/2023 03:00:00 - 16/05/2023 04:00:00","BZN|EE","Without Sequence","69.15","",""
"16/05/2023 04:00:00 - 16/05/2023 05:00:00","BZN|EE","Without Sequence","116.64","",""
"16/05/2023 05:00:00 - 16/05/2023 06:00:00","BZN|EE","Without Sequence","118.91","",""
"16/05/2023 06:00:00 - 16/05/2023 07:00:00","BZN|EE","Without Sequence","119.54","",""
"16/05/2023 07:00:00 - 16/05/2023 08:00:00","BZN|EE","Without Sequence","103.32","",""
"16/05/2023 08:00:00 - 16/05/2023 09:00:00","BZN|EE","Without Sequence","81.09","",""
"16/05/2023 09:00:00 - 16/05/2023 10:00:00","BZN|EE","Without Sequence","67.10","",""
"16/05/2023 10:00:00 - 16/05/2023 11:00:00","BZN|EE","Without Sequence","98.81","",""
"16/05/2023 11:00:00 - 16/05/2023 12:00:00","BZN|EE","Without Sequence","85.59","",""
"16/05/2023 12:00:00 - 16/05/2023 13:00:00","BZN|EE","Without Sequence","22.27","",""
"16/05/2023 13:00:00 - 16/05/2023 14:00:00","BZN|EE","Without Sequence","12.29","",""
"16/05/2023 14:00:00 - 16/05/2023 15:00:00","BZN|EE","Without Sequence","85.59","",""
"16/05/2023 15:00:00 - 16/05/2023 16:00:00","BZN|EE","Without Sequence","85.60","",""
"16/05/2023 16:00:00 - 16/05/2023 17:00:00","BZN|EE","Without Sequence","85.59","",""
"16/05/2023 17:00:00 - 16/05/2023 18:00:00","BZN|EE","Without Sequence","114.65","",""
"16/05/2023 18:00:00 - 16/05/2023 19:00:00","BZN|EE","Without Sequence","165.28","",""
"16/05/2023 19:00:00 - 16/05/2023 20:00:00","BZN|EE","Without Sequence","85.60","",""
"16/05/2023 20:00:00 - 16/05/2023 21:00:00","BZN|EE","Without Sequence","85.60","",""
"16/05/2023 21:00:00 - 16/05/2023 22:00:00","BZN|EE","Without Sequence","50.04","",""
"16/05/2023 22:00:00 - 16/05/2023 23:00:00","BZN|EE","Without Sequence","77.48","",""
"16/05/2023 23:00:00 - 17/05/2023 00:00:00","BZN|EE","Without Sequence","70.84","",""
"17/05/2023 00:00:00 - 17/05/2023 01:00:00","BZN|EE","Without Sequence","51.44","",""
"17/05/2023 01:00:00 - 17/05/2023 02:00:00","BZN|EE","Without Sequence","67.80","",""
"17/05/2023 02:00:00 - 17/05/2023 03:00:00","BZN|EE","Without Sequence","55.60","",""
"17/05/2023 03:00:00 - 17/05/2023 04:00:00","BZN|EE","Without Sequence","79.83","",""
"17/05/2023 04:00:00 - 17/05/2023 05:00:00","BZN|EE","Without Sequence","114.68","",""
"17/05/2023 05:00:00 - 17/05/2023 06:00:00","BZN|EE","Without Sequence","131.84","",""
"17/05/2023 06:00:00 - 17/05/2023 07:00:00","BZN|EE","Without Sequence","123.30","",""
"17/05/2023 07:00:00 - 17/05/2023 08:00:00","BZN|EE","Without Sequence","49.25","",""
"17/05/2023 08:00:00 - 17/05/2023 09:00:00","BZN|EE","Without Sequence","2.96","",""
"17/05/2023 09:00:00 - 17/05/2023 10:00:00","BZN|EE","Without Sequence","1.63","",""
"17/05/2023 10:00:00 - 17/05/2023 11:00:00","BZN|EE","Without Sequence","0.48","",""
"17/05/2023 11:00:00 - 17/05/2023 12:00:00","BZN|EE","Without Sequence","0.05","",""
"17/05/2023 12:00:00 - 17/05/2023 13:00:00","BZN|EE","Without Sequence","0.08","",""
"17/05/2023 13:00:00 - 17/05/2023 14:00:00","BZN|EE","Without Sequence","31.24","",""
"17/05/2023 14:00:00 - 17/05/2023 15:00:00","BZN|EE","Without Sequence","51.44","",""
"17/05/2023 15:00:00 - 17/05/2023 16:00:00","BZN|EE","Without Sequence","79.09","",""
"17/05/2023 16:00:00 - 17/05/2023 17:00:00","BZN|EE","Without Sequence","102.86","",""
"17/05/2023 17:00:00 - 17/05/2023 18:00:00","BZN|EE","Without Sequence","125.53","",""
"17/05/2023 18:00:00 - 17/05/2023 19:00:00","BZN|EE","Without Sequence","142.73","",""
"17/05/2023 19:00:00 - 17/05/2023 20:00:00","BZN|EE","Without Sequence","127.04","",""
"17/05/2023 20:00:00 - 17/05/2023 21:00:00","BZN|EE","Without Sequence","111.00","",""
"17/05/2023 21:00:00 - 17/05/2023 22:00:00","BZN|EE","Without Sequence","84.70","",""
"17/05/2023 22:00:00 - 17/05/2023 23:00:00","BZN|EE","Without Sequence","85.49","",""
"17/05/2023 23:00:00 - 18/05/2023 00:00:00","BZN|EE","Without Sequence","85.49","",""
"18/05/2023 00:00:00 - 18/05/2023 01:00:00","BZN|EE","Without Sequence","85.49","",""
"18/05/2023 01:00:00 - 18/05/2023 02:00:00","BZN|EE","Without Sequence","85.49","",""
"18/05/2023 02:00:00 - 18/05/2023 03:00:00","BZN|EE","Without Sequence","85.49","",""
"18/05/2023 03:00:00 - 18/05/2023 04:00:00","BZN|EE","Without Sequence","98.06","",""
"18/05/2023 04:00:00 - 18/05/2023 05:00:00","BZN|EE","Without Sequence","106.39","",""
"18/05/2023 05:00:00 - 18/05/2023 06:00:00","BZN|EE","Without Sequence","137.95","",""
"18/05/2023 06:00:00 - 18/05/2023 07:00:00","BZN|EE","Without Sequence","85.49","",""
"18/05/2023 07:00:00 - 18/05/2023 08:00:00","BZN|EE","Without Sequence","0.21","",""
"18/05/2023 08:00:00 - 18/05/2023 09:00:00","BZN|EE","Without Sequence","1.72","",""
"18/05/2023 09:00:00 - 18/05/2023 10:00:00","BZN|EE","Without Sequence","2.28","",""
"18/05/2023 10:00:00 - 18/05/2023 11:00:00","BZN|EE","Without Sequence","2.80","",""
"18/05/2023 11:00:00 - 18/05/2023 12:00:00","BZN|EE","Without Sequence","3.21","",""
"18/05/2023 12:00:00 - 18/05/2023 13:00:00","BZN|EE","Without Sequence","4.14","",""
"18/05/2023 13:00:00 - 18/05/2023 14:00:00","BZN|EE","Without Sequence","4.63","",""
"18/05/2023 14:00:00 - 18/05/2023 15:00:00","BZN|EE","Without Sequence","5.82","",""
"18/05/2023 15:00:00 - 18/05/2023 16:00:00","BZN|EE","Without Sequence","84.84","",""
"18/05/2023 16:00:00 - 18/05/2023 17:00:00","BZN|EE","Without Sequence","115.01","",""
"18/05/2023 17:00:00 - 18/05/2023 18:00:00","BZN|EE","Without Sequence","120.06","",""
"18/05/2023 18:00:00 - 18/05/2023 19:00:00","BZN|EE","Without Sequence","150.17","",""
"18/05/2023 19:00:00 - 18/05/2023 20:00:00","BZN|EE","Without Sequence","120.07","",""
"18/05/2023 20:00:00 - 18/05/2023 21:00:00","BZN|EE","Without Sequence","109.61","",""
"18/05/2023 21:00:00 - 18/05/2023 22:00:00","BZN|EE","Without Sequence","98.76","",""
"18/05/2023 22:00:00 - 18/05/2023 23:00:00","BZN|EE","Without Sequence","85.40","",""
"18/05/2023 23:00:00 - 19/05/2023 00:00:00","BZN|EE","Without Sequence","83.20","",""
"19/05/2023 00:00:00 - 19/05/2023 01:00:00","BZN|EE","Without Sequence","80.23","",""
"19/05/2023 01:00:00 - 19/05/2023 02:00:00","BZN|EE","Without Sequence","77.03","",""
"19/05/2023 02:00:00 - 19/05/2023 03:00:00","BZN|EE","Without Sequence","83.86","",""
"19/05/2023 03:00:00 - 19/05/2023 04:00:00","BZN|EE","Without Sequence","98.89","",""
"19/05/2023 04:00:00 - 19/05/2023 05:00:00","BZN|EE","Without Sequence","110.36","",""
"19/05/2023 05:00:00 - 19/05/2023 06:00:00","BZN|EE","Without Sequence","102.80","",""
"19/05/2023 06:00:00 - 19/05/2023 07:00:00","BZN|EE","Without Sequence","101.93","",""
"19/05/2023 07:00:00 - 19/05/2023 08:00:00","BZN|EE","Without Sequence","88.05","",""
"19/05/2023 08:00:00 - 19/05/2023 09:00:00","BZN|EE","Without Sequence","39.91","",""
"19/05/2023 09:00:00 - 19/05/2023 10:00:00","BZN|EE","Without Sequence","15.90","",""
"19/05/2023 10:00:00 - 19/05/2023 11:00:00","BZN|EE","Without Sequence","9.99","",""
"19/05/2023 11:00:00 - 19/05/2023 12:00:00","BZN|EE","Without Sequence","7.28","",""
"19/05/2023 12:00:00 - 19/05/2023 13:00:00","BZN|EE","Without Sequence","4.76","",""
"19/05/2023 13:00:00 - 19/05/2023 14:00:00","BZN|EE","Without Sequence","4.64","",""
"19/05/2023 14:00:00 - 19/05/2023 15:00:00","BZN|EE","Without Sequence","6.01","",""
"19/05/2023 15:00:00 - 19/05/2023 16:00:00","BZN|EE","Without Sequence","86.65","",""
"19/05/2023 16:00:00 - 19/05/2023 17:00:00","BZN|EE","Without Sequence","115.18","",""
"19/05/2023 17:00:00 - 19/05/2023 18:00:00","BZN|EE","Without Sequence","141.72","",""
"19/05/2023 18:00:00 - 19/05/2023 19:00:00","BZN|EE","Without Sequence","115.93","",""
"19/05/2023 19:00:00 - 19/05/2023 20:00:00","BZN|EE","Without Sequence","105.02","",""
"19/05/2023 20:00:00 - 19/05/2023 21:00:00","BZN|EE","Without Sequence","99.79","",""
"19/05/2023 21:00:00 - 19/05/2023 22:00:00","BZN|EE","Without Sequence","85.78","",""
"19/05/2023 22:00:00 - 19/05/2023 23:00:00","BZN|EE","Without Sequence","78.74","",""
"19/05/2023 23:00:00 - 20/05/2023 00:00:00","BZN|EE","Without Sequence","74.00","",""
"20/05/2023 00:00:00 - 20/05/2023 01:00:00","BZN|EE","Without Sequence","68.08","",""
"20/05/2023 01:00:00 - 20/05/2023 02:00:00","BZN|EE","Without Sequence","65.75","",""
"20/05/2023 02:00:00 - 20/05/2023 03:00:00","BZN|EE","Without Sequence","64.98","",""
"20/05/2023 03:00:00 - 20/05/2023 04:00:00","BZN|EE","Without Sequence","65.48","",""
"20/05/2023 04:00:00 - 20/05/2023 05:00:00","BZN|EE","Without Sequence","62.08","",""
"20/05/2023 05:00:00 - 20/05/2023 06:00:00","BZN|EE","Without Sequence","4.37","",""
"20/05/2023 06:00:00 - 20/05/2023 07:00:00","BZN|EE","Without Sequence","4.93","",""
"20/05/2023 07:00:00 - 20/05/2023 08:00:00","BZN|EE","Without Sequence","4.95","",""
"20/05/2023 08:00:00 - 20/05/2023 09:00:00","BZN|EE","Without Sequence","4.33","",""
"20/05/2023 09:00:00 - 20/05/2023 10:00:00","BZN|EE","Without Sequence","0.38","",""
"20/05/2023 10:00:00 - 20/05/2023 11:00:00","BZN|EE","Without Sequence","-0.15","",""
"20/05/2023 11:00:00 - 20/05/2023 12:00:00","BZN|EE","Without Sequence","-0.55","",""
"20/05/2023 12:00:00 - 20/05/2023 13:00:00","BZN|EE","Without Sequence","-0.09","",""
"20/05/2023 13:00:00 - 20/05/2023 14:00:00","BZN|EE","Without Sequence","0.00","",""
"20/05/2023 14:00:00 - 20/05/2023 15:00:00","BZN|EE","Without Sequence","1.32","",""
"20/05/2023 15:00:00 - 20/05/2023 16:00:00","BZN|EE","Without Sequence","25.94","",""
"20/05/2023 16:00:00 - 20/05/2023 17:00:00","BZN|EE","Without Sequence","53.68","",""
"20/05/2023 17:00:00 - 20/05/2023 18:00:00","BZN|EE","Without Sequence","78.44","",""
"20/05/2023 18:00:00 - 20/05/2023 19:00:00","BZN|EE","Without Sequence","87.69","",""
"20/05/2023 19:00:00 - 20/05/2023 20:00:00","BZN|EE","Without Sequence","81.06","",""
"20/05/2023 20:00:00 - 20/05/2023 21:00:00","BZN|EE","Without Sequence","76.71","",""
"20/05/2023 21:00:00 - 20/05/2023 22:00:00","BZN|EE","Without Sequence","71.26","",""
"20/05/2023 22:00:00 - 20/05/2023 23:00:00","BZN|EE","Without Sequence","50.95","",""
"20/05/2023 23:00:00 - 21/05/2023 00:00:00","BZN|EE","Without Sequence","39.08","",""
"21/05/2023 00:00:00 - 21/05/2023 01:00:00","BZN|EE","Without Sequence","33.07","",""
"21/05/2023 01:00:00 - 21/05/2023 02:00:00","BZN|EE","Without Sequence","28.07","",""
"21/05/2023 02:00:00 - 21/05/2023 03:00:00","BZN|EE","Without Sequence","29.23","",""
"21/05/2023 03:00:00 - 21/05/2023 04:00:00","BZN|EE","Without Sequence","27.58","",""
"21/05/2023 04:00:00 - 21/05/2023 05:00:00","BZN|EE","Without Sequence","1.24","",""
"21/05/2023 05:00:00 - 21/05/2023 06:00:00","BZN|EE","Without Sequence","2.57","",""
"21/05/2023 06:00:00 - 21/05/2023 07:00:00","BZN|EE","Without Sequence","3.38","",""
"21/05/2023 07:00:00 - 21/05/2023 08:00:00","BZN|EE","Without Sequence","2.14","",""
"21/05/2023 08:00:00 - 21/05/2023 09:00:00","BZN|EE","Without Sequence","0.00","",""
"21/05/2023 09:00:00 - 21/05/2023 10:00:00","BZN|EE","Without Sequence","-0.48","",""
"21/05/2023 10:00:00 - 21/05/2023 11:00:00","BZN|EE","Without Sequence","-1.11","",""
"21/05/2023 11:00:00 - 21/05/2023 12:00:00","BZN|EE","Without Sequence","-1.11","",""
"21/05/2023 12:00:00 - 21/05/2023 13:00:00","BZN|EE","Without Sequence","-1.11","",""
"21/05/2023 13:00:00 - 21/05/2023 14:00:00","BZN|EE","Without Sequence","-1.11","",""
"21/05/2023 14:00:00 - 21/05/2023 15:00:00","BZN|EE","Without Sequence","-0.41","",""
"21/05/2023 15:00:00 - 21/05/2023 16:00:00","BZN|EE","Without Sequence","2.22","",""
"21/05/2023 16:00:00 - 21/05/2023 17:00:00","BZN|EE","Without Sequence","41.34","",""
"21/05/2023 17:00:00 - 21/05/2023 18:00:00","BZN|EE","Without Sequence","85.49","",""
"21/05/2023 18:00:00 - 21/05/2023 19:00:00","BZN|EE","Without Sequence","90.87","",""
"21/05/2023 19:00:00 - 21/05/2023 20:00:00","BZN|EE","Without Sequence","88.82","",""
"21/05/2023 20:00:00 - 21/05/2023 21:00:00","BZN|EE","Without Sequence","87.78","",""
"21/05/2023 21:00:00 - 21/05/2023 22:00:00","BZN|EE","Without Sequence","76.91","",""
"21/05/2023 22:00:00 - 21/05/2023 23:00:00","BZN|EE","Without Sequence","71.94","",""
"21/05/2023 23:00:00 - 22/05/2023 00:00:00","BZN|EE","Without Sequence","66.65","",""
"22/05/2023 00:00:00 - 22/05/2023 01:00:00","BZN|EE","Without Sequence","67.74","",""
"22/05/2023 01:00:00 - 22/05/2023 02:00:00","BZN|EE","Without Sequence","71.81","",""
"22/05/2023 02:00:00 - 22/05/2023 03:00:00","BZN|EE","Without Sequence","72.99","",""
"22/05/2023 03:00:00 - 22/05/2023 04:00:00","BZN|EE","Without Sequence","98.39","",""
"22/05/2023 04:00:00 - 22/05/2023 05:00:00","BZN|EE","Without Sequence","110.26","",""
"22/05/2023 05:00:00 - 22/05/2023 06:00:00","BZN|EE","Without Sequence","76.92","",""
"22/05/2023 06:00:00 - 22/05/2023 07:00:00","BZN|EE","Without Sequence","88.18","",""
"22/05/2023 07:00:00 - 22/05/2023 08:00:00","BZN|EE","Without Sequence","80.54","",""
"22/05/2023 08:00:00 - 22/05/2023 09:00:00","BZN|EE","Without Sequence","57.31","",""
"22/05/2023 09:00:00 - 22/05/2023 10:00:00","BZN|EE","Without Sequence","59.95","",""
"22/05/2023 10:00:00 - 22/05/2023 11:00:00","BZN|EE","Without Sequence","20.07","",""
"22/05/2023 11:00:00 - 22/05/2023 12:00:00","BZN|EE","Without Sequence","17.24","",""
"22/05/2023 12:00:00 - 22/05/2023 13:00:00","BZN|EE","Without Sequence","16.08","",""
"22/05/2023 13:00:00 - 22/05/2023 14:00:00","BZN|EE","Without Sequence","86.39","",""
"22/05/2023 14:00:00 - 22/05/2023 15:00:00","BZN|EE","Without Sequence","108.02","",""
"22/05/2023 15:00:00 - 22/05/2023 16:00:00","BZN|EE","Without Sequence","110.07","",""
"22/05/2023 16:00:00 - 22/05/2023 17:00:00","BZN|EE","Without Sequence","90.00","",""
"22/05/2023 17:00:00 - 22/05/2023 18:00:00","BZN|EE","Without Sequence","108.01","",""
"22/05/2023 18:00:00 - 22/05/2023 19:00:00","BZN|EE","Without Sequence","119.00","",""
"22/05/2023 19:00:00 - 22/05/2023 20:00:00","BZN|EE","Without Sequence","112.80","",""
"22/05/2023 20:00:00 - 22/05/2023 21:00:00","BZN|EE","Without Sequence","104.24","",""
"22/05/2023 21:00:00 - 22/05/2023 22:00:00","BZN|EE","Without Sequence","84.48","",""
"22/05/2023 22:00:00 - 22/05/2023 23:00:00","BZN|EE","Without Sequence","70.54","",""
"22/05/2023 23:00:00 - 23/05/2023 00:00:00","BZN|EE","Without Sequence","65.71","",""
"23/05/2023 00:00:00 - 23/05/2023 01:00:00","BZN|EE","Without Sequence","65.51","",""
"23/05/2023 01:00:00 - 23/05/2023 02:00:00","BZN|EE","Without Sequence","62.12","",""
"23/05/2023 02:00:00 - 23/05/2023 03:00:00","BZN|EE","Without Sequence","61.73","",""
"23/05/2023 03:00:00 - 23/05/2023 04:00:00","BZN|EE","Without Sequence","76.76","",""
"23/05/2023 04:00:00 - 23/05/2023 05:00:00","BZN|EE","Without Sequence","98.66","",""
"23/05/2023 05:00:00 - 23/05/2023 06:00:00","BZN|EE","Without Sequence","105.39","",""
"23/05/2023 06:00:00 - 23/05/2023 07:00:00","BZN|EE","Without Sequence","101.00","",""
"23/05/2023 07:00:00 - 23/05/2023 08:00:00","BZN|EE","Without Sequence","91.75","",""
"23/05/2023 08:00:00 - 23/05/2023 09:00:00","BZN|EE","Without Sequence","83.32","",""
"23/05/2023 09:00:00 - 23/05/2023 10:00:00","BZN|EE","Without Sequence","72.74","",""
"23/05/2023 10:00:00 - 23/05/2023 11:00:00","BZN|EE","Without Sequence","43.88","",""
"23/05/2023 11:00:00 - 23/05/2023 12:00:00","BZN|EE","Without Sequence","24.04","",""
"23/05/2023 12:00:00 - 23/05/2023 13:00:00","BZN|EE","Without Sequence","9.80","",""
"23/05/2023 13:00:00 - 23/05/2023 14:00:00","BZN|EE","Without Sequence","86.39","",""
"23/05/2023 14:00:00 - 23/05/2023 15:00:00","BZN|EE","Without Sequence","105.00","",""
"23/05/2023 15:00:00 - 23/05/2023 16:00:00","BZN|EE","Without Sequence","95.09","",""
"23/05/2023 16:00:00 - 23/05/2023 17:00:00","BZN|EE","Without Sequence","104.28","",""
"23/05/2023 17:00:00 - 23/05/2023 18:00:00","BZN|EE","Without Sequence","108.05","",""
"23/05/2023 18:00:00 - 23/05/2023 19:00:00","BZN|EE","Without Sequence","108.03","",""
"23/05/2023 19:00:00 - 23/05/2023 20:00:00","BZN|EE","Without Sequence","100.86","",""
"23/05/2023 20:00:00 - 23/05/2023 21:00:00","BZN|EE","Without Sequence","97.69","",""
"23/05/2023 21:00:00 - 23/05/2023 22:00:00","BZN|EE","Without Sequence","65.73","",""
"23/05/2023 22:00:00 - 23/05/2023 23:00:00","BZN|EE","Without Sequence","66.30","",""
"23/05/2023 23:00:00 - 24/05/2023 00:00:00","BZN|EE","Without Sequence","66.01","",""
"24/05/2023 00:00:00 - 24/05/2023 01:00:00","BZN|EE","Without Sequence","66.86","",""
"24/05/2023 01:00:00 - 24/05/2023 02:00:00","BZN|EE","Without Sequence","67.52","",""
"24/05/2023 02:00:00 - 24/05/2023 03:00:00","BZN|EE","Without Sequence","73.94","",""
"24/05/2023 03:00:00 - 24/05/2023 04:00:00","BZN|EE","Without Sequence","84.33","",""
"24/05/2023 04:00:00 - 24/05/2023 05:00:00","BZN|EE","Without Sequence","108.45","",""
"24/05/2023 05:00:00 - 24/05/2023 06:00:00","BZN|EE","Without Sequence","124.15","",""
"24/05/2023 06:00:00 - 24/05/2023 07:00:00","BZN|EE","Without Sequence","109.66","",""
"24/05/2023 07:00:00 - 24/05/2023 08:00:00","BZN|EE","Without Sequence","85.20","",""
"24/05/2023 08:00:00 - 24/05/2023 09:00:00","BZN|EE","Without Sequence","85.20","",""
"24/05/2023 09:00:00 - 24/05/2023 10:00:00","BZN|EE","Without Sequence","-1.07","",""
"24/05/2023 10:00:00 - 24/05/2023 11:00:00","BZN|EE","Without Sequence","-1.11","",""
"24/05/2023 11:00:00 - 24/05/2023 12:00:00","BZN|EE","Without Sequence","-1.11","",""
"24/05/2023 12:00:00 - 24/05/2023 13:00:00","BZN|EE","Without Sequence","-1.11","",""
"24/05/2023 13:00:00 - 24/05/2023 14:00:00","BZN|EE","Without Sequence","-1.11","",""
"24/05/2023 14:00:00 - 24/05/2023 15:00:00","BZN|EE","Without Sequence","-1.10","",""
"24/05/2023 15:00:00 - 24/05/2023 16:00:00","BZN|EE","Without Sequence","105.20","",""
"24/05/2023 16:00:00 - 24/05/2023 17:00:00","BZN|EE","Without Sequence","115.06","",""
"24/05/2023 17:00:00 - 24/05/2023 18:00:00","BZN|EE","Without Sequence","166.47","",""
"24/05/2023 18:00:00 - 24/05/2023 19:00:00","BZN|EE","Without Sequence","178.29","",""
"24/05/2023 19:00:00 - 24/05/2023 20:00:00","BZN|EE","Without Sequence","149.83","",""
"24/05/2023 20:00:00 - 24/05/2023 21:00:00","BZN|EE","Without Sequence","114.64","",""
"24/05/2023 21:00:00 - 24/05/2023 22:00:00","BZN|EE","Without Sequence","84.73","",""
"24/05/2023 22:00:00 - 24/05/2023 23:00:00","BZN|EE","Without Sequence","83.99","",""
"24/05/2023 23:00:00 - 25/05/2023 00:00:00","BZN|EE","Without Sequence","83.99","",""
"25/05/2023 00:00:00 - 25/05/2023 01:00:00","BZN|EE","Without Sequence","58.55","",""
"25/05/2023 01:00:00 - 25/05/2023 02:00:00","BZN|EE","Without Sequence","50.40","",""
"25/05/2023 02:00:00 - 25/05/2023 03:00:00","BZN|EE","Without Sequence","48.70","",""
"25/05/2023 03:00:00 - 25/05/2023 04:00:00","BZN|EE","Without Sequence","50.40","",""
"25/05/2023 04:00:00 - 25/05/2023 05:00:00","BZN|EE","Without Sequence","112.92","",""
"25/05/2023 05:00:00 - 25/05/2023 06:00:00","BZN|EE","Without Sequence","121.49","",""
"25/05/2023 06:00:00 - 25/05/2023 07:00:00","BZN|EE","Without Sequence","101.50","",""
"25/05/2023 07:00:00 - 25/05/2023 08:00:00","BZN|EE","Without Sequence","61.61","",""
"25/05/2023 08:00:00 - 25/05/2023 09:00:00","BZN|EE","Without Sequence","58.81","",""
"25/05/2023 09:00:00 - 25/05/2023 10:00:00","BZN|EE","Without Sequence","45.00","",""
"25/05/2023 10:00:00 - 25/05/2023 11:00:00","BZN|EE","Without Sequence","83.99","",""
"25/05/2023 11:00:00 - 25/05/2023 12:00:00","BZN|EE","Without Sequence","83.99","",""
"25/05/2023 12:00:00 - 25/05/2023 13:00:00","BZN|EE","Without Sequence","34.07","",""
"25/05/2023 13:00:00 - 25/05/2023 14:00:00","BZN|EE","Without Sequence","4.09","",""
"25/05/2023 14:00:00 - 25/05/2023 15:00:00","BZN|EE","Without Sequence","60.82","",""
"25/05/2023 15:00:00 - 25/05/2023 16:00:00","BZN|EE","Without Sequence","84.00","",""
"25/05/2023 16:00:00 - 25/05/2023 17:00:00","BZN|EE","Without Sequence","130.10","",""
"25/05/2023 17:00:00 - 25/05/2023 18:00:00","BZN|EE","Without Sequence","104.05","",""
"25/05/2023 18:00:00 - 25/05/2023 19:00:00","BZN|EE","Without Sequence","119.86","",""
"25/05/2023 19:00:00 - 25/05/2023 20:00:00","BZN|EE","Without Sequence","106.08","",""
"25/05/2023 20:00:00 - 25/05/2023 21:00:00","BZN|EE","Without Sequence","65.41","",""
"25/05/2023 21:00:00 - 25/05/2023 22:00:00","BZN|EE","Without Sequence","59.32","",""
"25/05/2023 22:00:00 - 25/05/2023 23:00:00","BZN|EE","Without Sequence","62.94","",""
"25/05/2023 23:00:00 - 26/05/2023 00:00:00","BZN|EE","Without Sequence","61.86","",""
"26/05/2023 00:00:00 - 26/05/2023 01:00:00","BZN|EE","Without Sequence","60.46","",""
"26/05/2023 01:00:00 - 26/05/2023 02:00:00","BZN|EE","Without Sequence","4.09","",""
"26/05/2023 02:00:00 - 26/05/2023 03:00:00","BZN|EE","Without Sequence","4.09","",""
"26/05/2023 03:00:00 - 26/05/2023 04:00:00","BZN|EE","Without Sequence","22.05","",""
"26/05/2023 04:00:00 - 26/05/2023 05:00:00","BZN|EE","Without Sequence","128.08","",""
"26/05/2023 05:00:00 - 26/05/2023 06:00:00","BZN|EE","Without Sequence","103.06","",""
"26/05/2023 06:00:00 - 26/05/2023 07:00:00","BZN|EE","Without Sequence","95.00","",""
"26/05/2023 07:00:00 - 26/05/2023 08:00:00","BZN|EE","Without Sequence","74.90","",""
"26/05/2023 08:00:00 - 26/05/2023 09:00:00","BZN|EE","Without Sequence","38.54","",""
"26/05/2023 09:00:00 - 26/05/2023 10:00:00","BZN|EE","Without Sequence","4.02","",""
"26/05/2023 10:00:00 - 26/05/2023 11:00:00","BZN|EE","Without Sequence","4.05","",""
"26/05/2023 11:00:00 - 26/05/2023 12:00:00","BZN|EE","Without Sequence","0.97","",""
"26/05/2023 12:00:00 - 26/05/2023 13:00:00","BZN|EE","Without Sequence","0.00","",""
"26/05/2023 13:00:00 - 26/05/2023 14:00:00","BZN|EE","Without Sequence","4.05","",""
"26/05/2023 14:00:00 - 26/05/2023 15:00:00","BZN|EE","Without Sequence","9.42","",""
"26/05/2023 15:00:00 - 26/05/2023 16:00:00","BZN|EE","Without Sequence","43.12","",""
"26/05/2023 16:00:00 - 26/05/2023 17:00:00","BZN|EE","Without Sequence","80.90","",""
"26/05/2023 17:00:00 - 26/05/2023 18:00:00","BZN|EE","Without Sequence","83.26","",""
"26/05/2023 18:00:00 - 26/05/2023 19:00:00","BZN|EE","Without Sequence","112.85","",""
"26/05/2023 19:00:00 - 26/05/2023 20:00:00","BZN|EE","Without Sequence","110.00","",""
"26/05/2023 20:00:00 - 26/05/2023 21:00:00","BZN|EE","Without Sequence","99.50","",""
"26/05/2023 21:00:00 - 26/05/2023 22:00:00","BZN|EE","Without Sequence","90.28","",""
"26/05/2023 22:00:00 - 26/05/2023 23:00:00","BZN|EE","Without Sequence","87.54","",""
"26/05/2023 23:00:00 - 27/05/2023 00:00:00","BZN|EE","Without Sequence","82.69","",""
"27/05/2023 00:00:00 - 27/05/2023 01:00:00","BZN|EE","Without Sequence","82.70","",""
"27/05/2023 01:00:00 - 27/05/2023 02:00:00","BZN|EE","Without Sequence","84.26","",""
"27/05/2023 02:00:00 - 27/05/2023 03:00:00","BZN|EE","Without Sequence","87.67","",""
"27/05/2023 03:00:00 - 27/05/2023 04:00:00","BZN|EE","Without Sequence","85.77","",""
"27/05/2023 04:00:00 - 27/05/2023 05:00:00","BZN|EE","Without Sequence","82.70","",""
"27/05/2023 05:00:00 - 27/05/2023 06:00:00","BZN|EE","Without Sequence","82.99","",""
"27/05/2023 06:00:00 - 27/05/2023 07:00:00","BZN|EE","Without Sequence","72.61","",""
"27/05/2023 07:00:00 - 27/05/2023 08:00:00","BZN|EE","Without Sequence","53.74","",""
"27/05/2023 08:00:00 - 27/05/2023 09:00:00","BZN|EE","Without Sequence","16.33","",""
"27/05/2023 09:00:00 - 27/05/2023 10:00:00","BZN|EE","Without Sequence","1.48","",""
"27/05/2023 10:00:00 - 27/05/2023 11:00:00","BZN|EE","Without Sequence","4.04","",""
"27/05/2023 11:00:00 - 27/05/2023 12:00:00","BZN|EE","Without Sequence","4.02","",""
"27/05/2023 12:00:00 - 27/05/2023 13:00:00","BZN|EE","Without Sequence","-1.62","",""
"27/05/2023 13:00:00 - 27/05/2023 14:00:00","BZN|EE","Without Sequence","0.40","",""
"27/05/2023 14:00:00 - 27/05/2023 15:00:00","BZN|EE","Without Sequence","2.26","",""
"27/05/2023 15:00:00 - 27/05/2023 16:00:00","BZN|EE","Without Sequence","55.08","",""
"27/05/2023 16:00:00 - 27/05/2023 17:00:00","BZN|EE","Without Sequence","84.85","",""
"27/05/2023 17:00:00 - 27/05/2023 18:00:00","BZN|EE","Without Sequence","102.22","",""
"27/05/2023 18:00:00 - 27/05/2023 19:00:00","BZN|EE","Without Sequence","121.93","",""
"27/05/2023 19:00:00 - 27/05/2023 20:00:00","BZN|EE","Without Sequence","113.08","",""
"27/05/2023 20:00:00 - 27/05/2023 21:00:00","BZN|EE","Without Sequence","100.03","",""
"27/05/2023 21:00:00 - 27/05/2023 22:00:00","BZN|EE","Without Sequence","94.71","",""
"27/05/2023 22:00:00 - 27/05/2023 23:00:00","BZN|EE","Without Sequence","85.00","",""
"27/05/2023 23:00:00 - 28/05/2023 00:00:00","BZN|EE","Without Sequence","81.98","",""
"28/05/2023 00:00:00 - 28/05/2023 01:00:00","BZN|EE","Without Sequence","79.96","",""
"28/05/2023 01:00:00 - 28/05/2023 02:00:00","BZN|EE","Without Sequence","76.00","",""
"28/05/2023 02:00:00 - 28/05/2023 03:00:00","BZN|EE","Without Sequence","75.99","",""
"28/05/2023 03:00:00 - 28/05/2023 04:00:00","BZN|EE","Without Sequence","74.64","",""
"28/05/2023 04:00:00 - 28/05/2023 05:00:00","BZN|EE","Without Sequence","69.44","",""
"28/05/2023 05:00:00 - 28/05/2023 06:00:00","BZN|EE","Without Sequence","60.67","",""
"28/05/2023 06:00:00 - 28/05/2023 07:00:00","BZN|EE","Without Sequence","36.79","",""
"28/05/2023 07:00:00 - 28/05/2023 08:00:00","BZN|EE","Without Sequence","0.00","",""
"28/05/2023 08:00:00 - 28/05/2023 09:00:00","BZN|EE","Without Sequence","-3.08","",""
"28/05/2023 09:00:00 - 28/05/2023 10:00:00","BZN|EE","Without Sequence","-10.06","",""
"28/05/2023 10:00:00 - 28/05/2023 11:00:00","BZN|EE","Without Sequence","-10.03","",""
"28/05/2023 11:00:00 - 28/05/2023 12:00:00","BZN|EE","Without Sequence","-9.91","",""
"28/05/2023 12:00:00 - 28/05/2023 13:00:00","BZN|EE","Without Sequence","-10.00","",""
"28/05/2023 13:00:00 - 28/05/2023 14:00:00","BZN|EE","Without Sequence","-4.91","",""
"28/05/2023 14:00:00 - 28/05/2023 15:00:00","BZN|EE","Without Sequence","-5.04","",""
"28/05/2023 15:00:00 - 28/05/2023 16:00:00","BZN|EE","Without Sequence","-0.06","",""
"28/05/2023 16:00:00 - 28/05/2023 17:00:00","BZN|EE","Without Sequence","50.00","",""
"28/05/2023 17:00:00 - 28/05/2023 18:00:00","BZN|EE","Without Sequence","72.90","",""
"28/05/2023 18:00:00 - 28/05/2023 19:00:00","BZN|EE","Without Sequence","105.42","",""
"28/05/2023 19:00:00 - 28/05/2023 20:00:00","BZN|EE","Without Sequence","99.34","",""
"28/05/2023 20:00:00 - 28/05/2023 21:00:00","BZN|EE","Without Sequence","82.29","",""
"28/05/2023 21:00:00 - 28/05/2023 22:00:00","BZN|EE","Without Sequence","69.50","",""
"28/05/2023 22:00:00 - 28/05/2023 23:00:00","BZN|EE","Without Sequence","12.38","",""
"28/05/2023 23:00:00 - 29/05/2023 00:00:00","BZN|EE","Without Sequence","4.08","",""
"29/05/2023 00:00:00 - 29/05/2023 01:00:00","BZN|EE","Without Sequence","4.07","",""
"29/05/2023 01:00:00 - 29/05/2023 02:00:00","BZN|EE","Without Sequence","4.09","",""
"29/05/2023 02:00:00 - 29/05/2023 03:00:00","BZN|EE","Without Sequence","53.21","",""
"29/05/2023 03:00:00 - 29/05/2023 04:00:00","BZN|EE","Without Sequence","62.56","",""
"29/05/2023 04:00:00 - 29/05/2023 05:00:00","BZN|EE","Without Sequence","66.66","",""
"29/05/2023 05:00:00 - 29/05/2023 06:00:00","BZN|EE","Without Sequence","58.71","",""
"29/05/2023 06:00:00 - 29/05/2023 07:00:00","BZN|EE","Without Sequence","29.92","",""
"29/05/2023 07:00:00 - 29/05/2023 08:00:00","BZN|EE","Without Sequence","4.03","",""
"29/05/2023 08:00:00 - 29/05/2023 09:00:00","BZN|EE","Without Sequence","3.49","",""
"29/05/2023 09:00:00 - 29/05/2023 10:00:00","BZN|EE","Without Sequence","2.30","",""
"29/05/2023 10:00:00 - 29/05/2023 11:00:00","BZN|EE","Without Sequence","2.10","",""
"29/05/2023 11:00:00 - 29/05/2023 12:00:00","BZN|EE","Without Sequence","1.87","",""
"29/05/2023 12:00:00 - 29/05/2023 13:00:00","BZN|EE","Without Sequence","1.63","",""
"29/05/2023 13:00:00 - 29/05/2023 14:00:00","BZN|EE","Without Sequence","1.68","",""
"29/05/2023 14:00:00 - 29/05/2023 15:00:00","BZN|EE","Without Sequence","1.54","",""
"29/05/2023 15:00:00 - 29/05/2023 16:00:00","BZN|EE","Without Sequence","57.61","",""
"29/05/2023 16:00:00 - 29/05/2023 17:00:00","BZN|EE","Without Sequence","79.78","",""
"29/05/2023 17:00:00 - 29/05/2023 18:00:00","BZN|EE","Without Sequence","82.30","",""
"29/05/2023 18:00:00 - 29/05/2023 19:00:00","BZN|EE","Without Sequence","82.30","",""
"29/05/2023 19:00:00 - 29/05/2023 20:00:00","BZN|EE","Without Sequence","82.30","",""
"29/05/2023 20:00:00 - 29/05/2023 21:00:00","BZN|EE","Without Sequence","82.29","",""
"29/05/2023 21:00:00 - 29/05/2023 22:00:00","BZN|EE","Without Sequence","77.27","",""
"29/05/2023 22:00:00 - 29/05/2023 23:00:00","BZN|EE","Without Sequence","8.57","",""
"29/05/2023 23:00:00 - 30/05/2023 00:00:00","BZN|EE","Without Sequence","8.06","",""
"30/05/2023 00:00:00 - 30/05/2023 01:00:00","BZN|EE","Without Sequence","9.04","",""
"30/05/2023 01:00:00 - 30/05/2023 02:00:00","BZN|EE","Without Sequence","8.40","",""
"30/05/2023 02:00:00 - 30/05/2023 03:00:00","BZN|EE","Without Sequence","11.68","",""
"30/05/2023 03:00:00 - 30/05/2023 04:00:00","BZN|EE","Without Sequence","82.09","",""
"30/05/2023 04:00:00 - 30/05/2023 05:00:00","BZN|EE","Without Sequence","82.09","",""
"30/05/2023 05:00:00 - 30/05/2023 06:00:00","BZN|EE","Without Sequence","117.96","",""
"30/05/2023 06:00:00 - 30/05/2023 07:00:00","BZN|EE","Without Sequence","108.64","",""
"30/05/2023 07:00:00 - 30/05/2023 08:00:00","BZN|EE","Without Sequence","90.06","",""
"30/05/2023 08:00:00 - 30/05/2023 09:00:00","BZN|EE","Without Sequence","82.37","",""
"30/05/2023 09:00:00 - 30/05/2023 10:00:00","BZN|EE","Without Sequence","70.27","",""
"30/05/2023 10:00:00 - 30/05/2023 11:00:00","BZN|EE","Without Sequence","64.49","",""
"30/05/2023 11:00:00 - 30/05/2023 12:00:00","BZN|EE","Without Sequence","57.36","",""
"30/05/2023 12:00:00 - 30/05/2023 13:00:00","BZN|EE","Without Sequence","19.63","",""
"30/05/2023 13:00:00 - 30/05/2023 14:00:00","BZN|EE","Without Sequence","13.10","",""
"30/05/2023 14:00:00 - 30/05/2023 15:00:00","BZN|EE","Without Sequence","11.92","",""
"30/05/2023 15:00:00 - 30/05/2023 16:00:00","BZN|EE","Without Sequence","9.55","",""
"30/05/2023 16:00:00 - 30/05/2023 17:00:00","BZN|EE","Without Sequence","82.10","",""
"30/05/2023 17:00:00 - 30/05/2023 18:00:00","BZN|EE","Without Sequence","82.10","",""
"30/05/2023 18:00:00 - 30/05/2023 19:00:00","BZN|EE","Without Sequence","150.85","",""
"30/05/2023 19:00:00 - 30/05/2023 20:00:00","BZN|EE","Without Sequence","82.10","",""
"30/05/2023 20:00:00 - 30/05/2023 21:00:00","BZN|EE","Without Sequence","82.09","",""
"30/05/2023 21:00:00 - 30/05/2023 22:00:00","BZN|EE","Without Sequence","-1.29","",""
"30/05/2023 22:00:00 - 30/05/2023 23:00:00","BZN|EE","Without Sequence","-3.70","",""
"30/05/2023 23:00:00 - 31/05/2023 00:00:00","BZN|EE","Without Sequence","-3.84","",""
"31/05/2023 00:00:00 - 31/05/2023 01:00:00","BZN|EE","Without Sequence","-3.79","",""
"31/05/2023 01:00:00 - 31/05/2023 02:00:00","BZN|EE","Without Sequence","-4.13","",""
"31/05/2023 02:00:00 - 31/05/2023 03:00:00","BZN|EE","Without Sequence","-3.34","",""
"31/05/2023 03:00:00 - 31/05/2023 04:00:00","BZN|EE","Without Sequence","-2.58","",""
"31/05/2023 04:00:00 - 31/05/2023 05:00:00","BZN|EE","Without Sequence","-0.14","",""
"31/05/2023 05:00:00 - 31/05/2023 06:00:00","BZN|EE","Without Sequence","0.34","",""
"31/05/2023 06:00:00 - 31/05/2023 07:00:00","BZN|EE","Without Sequence","1.17","",""
"31/05/2023 07:00:00 - 31/05/2023 08:00:00","BZN|EE","Without Sequence","1.20","",""
"31/05/2023 08:00:00 - 31/05/2023 09:00:00","BZN|EE","Without Sequence","0.98","",""
"31/05/2023 09:00:00 - 31/05/2023 10:00:00","BZN|EE","Without Sequence","0.11","",""
"31/05/2023 10:00:00 - 31/05/2023 11:00:00","BZN|EE","Without Sequence","0.10","",""
"31/05/2023 11:00:00 - 31/05/2023 12:00:00","BZN|EE","Without Sequence","-0.02","",""
"31/05/2023 12:00:00 - 31/05/2023 13:00:00","BZN|EE","Without Sequence","-0.81","",""
"31/05/2023 13:00:00 - 31/05/2023 14:00:00","BZN|EE","Without Sequence","-0.17","",""
"31/05/2023 14:00:00 - 31/05/2023 15:00:00","BZN|EE","Without Sequence","0.00","",""
"31/05/2023 15:00:00 - 31/05/2023 16:00:00","BZN|EE","Without Sequence","82.39","",""
"31/05/2023 16:00:00 - 31/05/2023 17:00:00","BZN|EE","Without Sequence","82.40","",""
"31/05/2023 17:00:00 - 31/05/2023 18:00:00","BZN|EE","Without Sequence","119.03","",""
"31/05/2023 18:00:00 - 31/05/2023 19:00:00","BZN|EE","Without Sequence","88.18","",""
"31/05/2023 19:00:00 - 31/05/2023 20:00:00","BZN|EE","Without Sequence","82.40","",""
"31/05/2023 20:00:00 - 31/05/2023 21:00:00","BZN|EE","Without Sequence","95.09","",""
"31/05/2023 21:00:00 - 31/05/2023 22:00:00","BZN|EE","Without Sequence","91.76","",""
"31/05/2023 22:00:00 - 31/05/2023 23:00:00","BZN|EE","Without Sequence","84.15","",""
"31/05/2023 23:00:00 - 01/06/2023 00:00:00","BZN|EE","Without Sequence","74.30","",""
"01/06/2023 00:00:00 - 01/06/2023 01:00:00","BZN|EE","Without Sequence","70.10","",""
"01/06/2023 01:00:00 - 01/06/2023 02:00:00","BZN|EE","Without Sequence","66.56","",""
"01/06/2023 02:00:00 - 01/06/2023 03:00:00","BZN|EE","Without Sequence","67.68","",""
"01/06/2023 03:00:00 - 01/06/2023 04:00:00","BZN|EE","Without Sequence","79.97","",""
"01/06/2023 04:00:00 - 01/06/2023 05:00:00","BZN|EE","Without Sequence","96.26","",""
"01/06/2023 05:00:00 - 01/06/2023 06:00:00","BZN|EE","Without Sequence","107.88","",""
"01/06/2023 06:00:00 - 01/06/2023 07:00:00","BZN|EE","Without Sequence","81.10","",""
"01/06/2023 07:00:00 - 01/06/2023 08:00:00","BZN|EE","Without Sequence","81.09","",""
"01/06/2023 08:00:00 - 01/06/2023 09:00:00","BZN|EE","Without Sequence","68.19","",""
"01/06/2023 09:00:00 - 01/06/2023 10:00:00","BZN|EE","Without Sequence","59.92","",""
"01/06/2023 10:00:00 - 01/06/2023 11:00:00","BZN|EE","Without Sequence","39.32","",""
"01/06/2023 11:00:00 - 01/06/2023 12:00:00","BZN|EE","Without Sequence","9.35","",""
"01/06/2023 12:00:00 - 01/06/2023 13:00:00","BZN|EE","Without Sequence","15.28","",""
"01/06/2023 13:00:00 - 01/06/2023 14:00:00","BZN|EE","Without Sequence","77.04","",""
"01/06/2023 14:00:00 - 01/06/2023 15:00:00","BZN|EE","Without Sequence","67.38","",""
"01/06/2023 15:00:00 - 01/06/2023 16:00:00","BZN|EE","Without Sequence","96.06","",""
"01/06/2023 16:00:00 - 01/06/2023 17:00:00","BZN|EE","Without Sequence","81.10","",""
"01/06/2023 17:00:00 - 01/06/2023 18:00:00","BZN|EE","Without Sequence","87.94","",""
"01/06/2023 18:00:00 - 01/06/2023 19:00:00","BZN|EE","Without Sequence","114.20","",""
"01/06/2023 19:00:00 - 01/06/2023 20:00:00","BZN|EE","Without Sequence","103.43","",""
"01/06/2023 20:00:00 - 01/06/2023 21:00:00","BZN|EE","Without Sequence","95.41","",""
"01/06/2023 21:00:00 - 01/06/2023 22:00:00","BZN|EE","Without Sequence","86.53","",""
"01/06/2023 22:00:00 - 01/06/2023 23:00:00","BZN|EE","Without Sequence","81.58","",""
"01/06/2023 23:00:00 - 02/06/2023 00:00:00","BZN|EE","Without Sequence","77.49","",""
"02/06/2023 00:00:00 - 02/06/2023 01:00:00","BZN|EE","Without Sequence","79.60","",""
"02/06/2023 01:00:00 - 02/06/2023 02:00:00","BZN|EE","Without Sequence","75.56","",""
"02/06/2023 02:00:00 - 02/06/2023 03:00:00","BZN|EE","Without Sequence","80.25","",""
"02/06/2023 03:00:00 - 02/06/2023 04:00:00","BZN|EE","Without Sequence","89.64","",""
"02/06/2023 04:00:00 - 02/06/2023 05:00:00","BZN|EE","Without Sequence","115.94","",""
"02/06/2023 05:00:00 - 02/06/2023 06:00:00","BZN|EE","Without Sequence","118.44","",""
"02/06/2023 06:00:00 - 02/06/2023 07:00:00","BZN|EE","Without Sequence","81.40","",""
"02/06/2023 07:00:00 - 02/06/2023 08:00:00","BZN|EE","Without Sequence","84.37","",""
"02/06/2023 08:00:00 - 02/06/2023 09:00:00","BZN|EE","Without Sequence","72.09","",""
"02/06/2023 09:00:00 - 02/06/2023 10:00:00","BZN|EE","Without Sequence","63.15","",""
"02/06/2023 10:00:00 - 02/06/2023 11:00:00","BZN|EE","Without Sequence","56.06","",""
"02/06/2023 11:00:00 - 02/06/2023 12:00:00","BZN|EE","Without Sequence","42.61","",""
"02/06/2023 12:00:00 - 02/06/2023 13:00:00","BZN|EE","Without Sequence","36.82","",""
"02/06/2023 13:00:00 - 02/06/2023 14:00:00","BZN|EE","Without Sequence","44.90","",""
"02/06/2023 14:00:00 - 02/06/2023 15:00:00","BZN|EE","Without Sequence","58.27","",""
"02/06/2023 15:00:00 - 02/06/2023 16:00:00","BZN|EE","Without Sequence","76.62","",""
"02/06/2023 16:00:00 - 02/06/2023 17:00:00","BZN|EE","Without Sequence","85.95","",""
"02/06/2023 17:00:00 - 02/06/2023 18:00:00","BZN|EE","Without Sequence","100.83","",""
"02/06/2023 18:00:00 - 02/06/2023 19:00:00","BZN|EE","Without Sequence","110.50","",""
"02/06/2023 19:00:00 - 02/06/2023 20:00:00","BZN|EE","Without Sequence","101.31","",""
"02/06/2023 20:00:00 - 02/06/2023 21:00:00","BZN|EE","Without Sequence","90.34","",""
"02/06/2023 21:00:00 - 02/06/2023 22:00:00","BZN|EE","Without Sequence","85.06","",""
"02/06/2023 22:00:00 - 02/06/2023 23:00:00","BZN|EE","Without Sequence","82.91","",""
"02/06/2023 23:00:00 - 03/06/2023 00:00:00","BZN|EE","Without Sequence","78.37","",""
"03/06/2023 00:00:00 - 03/06/2023 01:00:00","BZN|EE","Without Sequence","75.92","",""
"03/06/2023 01:00:00 - 03/06/2023 02:00:00","BZN|EE","Without Sequence","73.40","",""
"03/06/2023 02:00:00 - 03/06/2023 03:00:00","BZN|EE","Without Sequence","78.78","",""
"03/06/2023 03:00:00 - 03/06/2023 04:00:00","BZN|EE","Without Sequence","76.75","",""
"03/06/2023 04:00:00 - 03/06/2023 05:00:00","BZN|EE","Without Sequence","77.61","",""
"03/06/2023 05:00:00 - 03/06/2023 06:00:00","BZN|EE","Without Sequence","73.63","",""
"03/06/2023 06:00:00 - 03/06/2023 07:00:00","BZN|EE","Without Sequence","70.00","",""
"03/06/2023 07:00:00 - 03/06/2023 08:00:00","BZN|EE","Without Sequence","59.97","",""
"03/06/2023 08:00:00 - 03/06/2023 09:00:00","BZN|EE","Without Sequence","25.62","",""
"03/06/2023 09:00:00 - 03/06/2023 10:00:00","BZN|EE","Without Sequence","6.23","",""
"03/06/2023 10:00:00 - 03/06/2023 11:00:00","BZN|EE","Without Sequence","2.59","",""
"03/06/2023 11:00:00 - 03/06/2023 12:00:00","BZN|EE","Without Sequence","2.22","",""
"03/06/2023 12:00:00 - 03/06/2023 13:00:00","BZN|EE","Without Sequence","1.78","",""
"03/06/2023 13:00:00 - 03/06/2023 14:00:00","BZN|EE","Without Sequence","1.61","",""
"03/06/2023 14:00:00 - 03/06/2023 15:00:00","BZN|EE","Without Sequence","5.38","",""
"03/06/2023 15:00:00 - 03/06/2023 16:00:00","BZN|EE","Without Sequence","44.56","",""
"03/06/2023 16:00:00 - 03/06/2023 17:00:00","BZN|EE","Without Sequence","75.00","",""
"03/06/2023 17:00:00 - 03/06/2023 18:00:00","BZN|EE","Without Sequence","82.93","",""
"03/06/2023 18:00:00 - 03/06/2023 19:00:00","BZN|EE","Without Sequence","92.62","",""
"03/06/2023 19:00:00 - 03/06/2023 20:00:00","BZN|EE","Without Sequence","92.62","",""
"03/06/2023 20:00:00 - 03/06/2023 21:00:00","BZN|EE","Without Sequence","85.78","",""
"03/06/2023 21:00:00 - 03/06/2023 22:00:00","BZN|EE","Without Sequence","79.22","",""
"03/06/2023 22:00:00 - 03/06/2023 23:00:00","BZN|EE","Without Sequence","79.17","",""
"03/06/2023 23:00:00 - 04/06/2023 00:00:00","BZN|EE","Without Sequence","73.10","",""
"04/06/2023 00:00:00 - 04/06/2023 01:00:00","BZN|EE","Without Sequence","70.77","",""
"04/06/2023 01:00:00 - 04/06/2023 02:00:00","BZN|EE","Without Sequence","69.93","",""
"04/06/2023 02:00:00 - 04/06/2023 03:00:00","BZN|EE","Without Sequence","71.39","",""
"04/06/2023 03:00:00 - 04/06/2023 04:00:00","BZN|EE","Without Sequence","70.50","",""
"04/06/2023 04:00:00 - 04/06/2023 05:00:00","BZN|EE","Without Sequence","67.41","",""
"04/06/2023 05:00:00 - 04/06/2023 06:00:00","BZN|EE","Without Sequence","63.21","",""
"04/06/2023 06:00:00 - 04/06/2023 07:00:00","BZN|EE","Without Sequence","49.59","",""
"04/06/2023 07:00:00 - 04/06/2023 08:00:00","BZN|EE","Without Sequence","18.73","",""
"04/06/2023 08:00:00 - 04/06/2023 09:00:00","BZN|EE","Without Sequence","8.22","",""
"04/06/2023 09:00:00 - 04/06/2023 10:00:00","BZN|EE","Without Sequence","4.49","",""
"04/06/2023 10:00:00 - 04/06/2023 11:00:00","BZN|EE","Without Sequence","4.06","",""
"04/06/2023 11:00:00 - 04/06/2023 12:00:00","BZN|EE","Without Sequence","3.63","",""
"04/06/2023 12:00:00 - 04/06/2023 13:00:00","BZN|EE","Without Sequence","3.05","",""
"04/06/2023 13:00:00 - 04/06/2023 14:00:00","BZN|EE","Without Sequence","3.00","",""
"04/06/2023 14:00:00 - 04/06/2023 15:00:00","BZN|EE","Without Sequence","5.01","",""
"04/06/2023 15:00:00 - 04/06/2023 16:00:00","BZN|EE","Without Sequence","29.49","",""
"04/06/2023 16:00:00 - 04/06/2023 17:00:00","BZN|EE","Without Sequence","78.21","",""
"04/06/2023 17:00:00 - 04/06/2023 18:00:00","BZN|EE","Without Sequence","99.19","",""
"04/06/2023 18:00:00 - 04/06/2023 19:00:00","BZN|EE","Without Sequence","109.79","",""
"04/06/2023 19:00:00 - 04/06/2023 20:00:00","BZN|EE","Without Sequence","102.60","",""
"04/06/2023 20:00:00 - 04/06/2023 21:00:00","BZN|EE","Without Sequence","99.00","",""
"04/06/2023 21:00:00 - 04/06/2023 22:00:00","BZN|EE","Without Sequence","86.98","",""
"04/06/2023 22:00:00 - 04/06/2023 23:00:00","BZN|EE","Without Sequence","78.71","",""
"04/06/2023 23:00:00 - 05/06/2023 00:00:00","BZN|EE","Without Sequence","71.10","",""
"05/06/2023 00:00:00 - 05/06/2023 01:00:00","BZN|EE","Without Sequence","70.07","",""
"05/06/2023 01:00:00 - 05/06/2023 02:00:00","BZN|EE","Without Sequence","70.80","",""
"05/06/2023 02:00:00 - 05/06/2023 03:00:00","BZN|EE","Without Sequence","73.81","",""
"05/06/2023 03:00:00 - 05/06/2023 04:00:00","BZN|EE","Without Sequence","87.53","",""
"05/06/2023 04:00:00 - 05/06/2023 05:00:00","BZN|EE","Without Sequence","116.11","",""
"05/06/2023 05:00:00 - 05/06/2023 06:00:00","BZN|EE","Without Sequence","115.07","",""
"05/06/2023 06:00:00 - 05/06/2023 07:00:00","BZN|EE","Without Sequence","99.95","",""
"05/06/2023 07:00:00 - 05/06/2023 08:00:00","BZN|EE","Without Sequence","86.37","",""
"05/06/2023 08:00:00 - 05/06/2023 09:00:00","BZN|EE","Without Sequence","80.13","",""
"05/06/2023 09:00:00 - 05/06/2023 10:00:00","BZN|EE","Without Sequence","70.08","",""
"05/06/2023 10:00:00 - 05/06/2023 11:00:00","BZN|EE","Without Sequence","80.20","",""
"05/06/2023 11:00:00 - 05/06/2023 12:00:00","BZN|EE","Without Sequence","80.15","",""
"05/06/2023 12:00:00 - 05/06/2023 13:00:00","BZN|EE","Without Sequence","80.15","",""
"05/06/2023 13:00:00 - 05/06/2023 14:00:00","BZN|EE","Without Sequence","80.16","",""
"05/06/2023 14:00:00 - 05/06/2023 15:00:00","BZN|EE","Without Sequence","78.73","",""
"05/06/2023 15:00:00 - 05/06/2023 16:00:00","BZN|EE","Without Sequence","91.04","",""
"05/06/2023 16:00:00 - 05/06/2023 17:00:00","BZN|EE","Without Sequence","100.76","",""
"05/06/2023 17:00:00 - 05/06/2023 18:00:00","BZN|EE","Without Sequence","133.63","",""
"05/06/2023 18:00:00 - 05/06/2023 19:00:00","BZN|EE","Without Sequence","154.41","",""
"05/06/2023 19:00:00 - 05/06/2023 20:00:00","BZN|EE","Without Sequence","127.82","",""
"05/06/2023 20:00:00 - 05/06/2023 21:00:00","BZN|EE","Without Sequence","101.16","",""
"05/06/2023 21:00:00 - 05/06/2023 22:00:00","BZN|EE","Without Sequence","88.97","",""
"05/06/2023 22:00:00 - 05/06/2023 23:00:00","BZN|EE","Without Sequence","80.21","",""
"05/06/2023 23:00:00 - 06/06/2023 00:00:00","BZN|EE","Without Sequence","79.40","",""
"06/06/2023 00:00:00 - 06/06/2023 01:00:00","BZN|EE","Without Sequence","78.43","",""
"06/06/2023 01:00:00 - 06/06/2023 02:00:00","BZN|EE","Without Sequence","81.61","",""
"06/06/2023 02:00:00 - 06/06/2023 03:00:00","BZN|EE","Without Sequence","85.12","",""
"06/06/2023 03:00:00 - 06/06/2023 04:00:00","BZN|EE","Without Sequence","89.50","",""
"06/06/2023 04:00:00 - 06/06/2023 05:00:00","BZN|EE","Without Sequence","141.50","",""
"06/06/2023 05:00:00 - 06/06/2023 06:00:00","BZN|EE","Without Sequence","144.15","",""
"06/06/2023 06:00:00 - 06/06/2023 07:00:00","BZN|EE","Without Sequence","122.35","",""
"06/06/2023 07:00:00 - 06/06/2023 08:00:00","BZN|EE","Without Sequence","94.90","",""
"06/06/2023 08:00:00 - 06/06/2023 09:00:00","BZN|EE","Without Sequence","86.69","",""
"06/06/2023 09:00:00 - 06/06/2023 10:00:00","BZN|EE","Without Sequence","82.04","",""
"06/06/2023 10:00:00 - 06/06/2023 11:00:00","BZN|EE","Without Sequence","80.19","",""
"06/06/2023 11:00:00 - 06/06/2023 12:00:00","BZN|EE","Without Sequence","80.19","",""
"06/06/2023 12:00:00 - 06/06/2023 13:00:00","BZN|EE","Without Sequence","80.19","",""
"06/06/2023 13:00:00 - 06/06/2023 14:00:00","BZN|EE","Without Sequence","80.20","",""
"06/06/2023 14:00:00 - 06/06/2023 15:00:00","BZN|EE","Without Sequence","79.73","",""
"06/06/2023 15:00:00 - 06/06/2023 16:00:00","BZN|EE","Without Sequence","91.33","",""
"06/06/2023 16:00:00 - 06/06/2023 17:00:00","BZN|EE","Without Sequence","105.58","",""
"06/06/2023 17:00:00 - 06/06/2023 18:00:00","BZN|EE","Without Sequence","132.34","",""
"06/06/2023 18:00:00 - 06/06/2023 19:00:00","BZN|EE","Without Sequence","150.95","",""
"06/06/2023 19:00:00 - 06/06/2023 20:00:00","BZN|EE","Without Sequence","124.99","",""
"06/06/2023 20:00:00 - 06/06/2023 21:00:00","BZN|EE","Without Sequence","101.70","",""
"06/06/2023 21:00:00 - 06/06/2023 22:00:00","BZN|EE","Without Sequence","89.99","",""
"06/06/2023 22:00:00 - 06/06/2023 23:00:00","BZN|EE","Without Sequence","93.19","",""
"06/06/2023 23:00:00 - 07/06/2023 00:00:00","BZN|EE","Without Sequence","88.77","",""
"07/06/2023 00:00:00 - 07/06/2023 01:00:00","BZN|EE","Without Sequence","88.77","",""
"07/06/2023 01:00:00 - 07/06/2023 02:00:00","BZN|EE","Without Sequence","89.34","",""
"07/06/2023 02:00:00 - 07/06/2023 03:00:00","BZN|EE","Without Sequence","89.24","",""
"07/06/2023 03:00:00 - 07/06/2023 04:00:00","BZN|EE","Without Sequence","95.55","",""
"07/06/2023 04:00:00 - 07/06/2023 05:00:00","BZN|EE","Without Sequence","127.66","",""
"07/06/2023 05:00:00 - 07/06/2023 06:00:00","BZN|EE","Without Sequence","141.66","",""
"07/06/2023 06:00:00 - 07/06/2023 07:00:00","BZN|EE","Without Sequence","114.41","",""
"07/06/2023 07:00:00 - 07/06/2023 08:00:00","BZN|EE","Without Sequence","82.20","",""
"07/06/2023 08:00:00 - 07/06/2023 09:00:00","BZN|EE","Without Sequence","82.19","",""
"07/06/2023 09:00:00 - 07/06/2023 10:00:00","BZN|EE","Without Sequence","82.19","",""
"07/06/2023 10:00:00 - 07/06/2023 11:00:00","BZN|EE","Without Sequence","79.95","",""
"07/06/2023 11:00:00 - 07/06/2023 12:00:00","BZN|EE","Without Sequence","77.36","",""
"07/06/2023 12:00:00 - 07/06/2023 13:00:00","BZN|EE","Without Sequence","76.45","",""
"07/06/2023 13:00:00 - 07/06/2023 14:00:00","BZN|EE","Without Sequence","79.05","",""
"07/06/2023 14:00:00 - 07/06/2023 15:00:00","BZN|EE","Without Sequence","90.00","",""
"07/06/2023 15:00:00 - 07/06/2023 16:00:00","BZN|EE","Without Sequence","92.86","",""
"07/06/2023 16:00:00 - 07/06/2023 17:00:00","BZN|EE","Without Sequence","100.95","",""
"07/06/2023 17:00:00 - 07/06/2023 18:00:00","BZN|EE","Without Sequence","137.60","",""
"07/06/2023 18:00:00 - 07/06/2023 19:00:00","BZN|EE","Without Sequence","146.48","",""
"07/06/2023 19:00:00 - 07/06/2023 20:00:00","BZN|EE","Without Sequence","126.94","",""
"07/06/2023 20:00:00 - 07/06/2023 21:00:00","BZN|EE","Without Sequence","105.82","",""
"07/06/2023 21:00:00 - 07/06/2023 22:00:00","BZN|EE","Without Sequence","94.90","",""
"07/06/2023 22:00:00 - 07/06/2023 23:00:00","BZN|EE","Without Sequence","93.93","",""
"07/06/2023 23:00:00 - 08/06/2023 00:00:00","BZN|EE","Without Sequence","89.26","",""
"08/06/2023 00:00:00 - 08/06/2023 01:00:00","BZN|EE","Without Sequence","83.04","",""
"08/06/2023 01:00:00 - 08/06/2023 02:00:00","BZN|EE","Without Sequence","79.74","",""
"08/06/2023 02:00:00 - 08/06/2023 03:00:00","BZN|EE","Without Sequence","81.15","",""
"08/06/2023 03:00:00 - 08/06/2023 04:00:00","BZN|EE","Without Sequence","87.54","",""
"08/06/2023 04:00:00 - 08/06/2023 05:00:00","BZN|EE","Without Sequence","179.24","",""
"08/06/2023 05:00:00 - 08/06/2023 06:00:00","BZN|EE","Without Sequence","250.04","",""
"08/06/2023 06:00:00 - 08/06/2023 07:00:00","BZN|EE","Without Sequence","94.09","",""
"08/06/2023 07:00:00 - 08/06/2023 08:00:00","BZN|EE","Without Sequence","83.78","",""
"08/06/2023 08:00:00 - 08/06/2023 09:00:00","BZN|EE","Without Sequence","74.64","",""
"08/06/2023 09:00:00 - 08/06/2023 10:00:00","BZN|EE","Without Sequence","68.50","",""
"08/06/2023 10:00:00 - 08/06/2023 11:00:00","BZN|EE","Without Sequence","81.89","",""
"08/06/2023 11:00:00 - 08/06/2023 12:00:00","BZN|EE","Without Sequence","81.89","",""
"08/06/2023 12:00:00 - 08/06/2023 13:00:00","BZN|EE","Without Sequence","81.89","",""
"08/06/2023 13:00:00 - 08/06/2023 14:00:00","BZN|EE","Without Sequence","81.90","",""
"08/06/2023 14:00:00 - 08/06/2023 15:00:00","BZN|EE","Without Sequence","71.17","",""
"08/06/2023 15:00:00 - 08/06/2023 16:00:00","BZN|EE","Without Sequence","81.90","",""
"08/06/2023 16:00:00 - 08/06/2023 17:00:00","BZN|EE","Without Sequence","119.00","",""
"08/06/2023 17:00:00 - 08/06/2023 18:00:00","BZN|EE","Without Sequence","141.88","",""
"08/06/2023 18:00:00 - 08/06/2023 19:00:00","BZN|EE","Without Sequence","300.00","",""
"08/06/2023 19:00:00 - 08/06/2023 20:00:00","BZN|EE","Without Sequence","118.99","",""
"08/06/2023 20:00:00 - 08/06/2023 21:00:00","BZN|EE","Without Sequence","96.58","",""
"08/06/2023 21:00:00 - 08/06/2023 22:00:00","BZN|EE","Without Sequence","91.00","",""
"08/06/2023 22:00:00 - 08/06/2023 23:00:00","BZN|EE","Without Sequence","95.00","",""
"08/06/2023 23:00:00 - 09/06/2023 00:00:00","BZN|EE","Without Sequence","89.70","",""
"09/06/2023 00:00:00 - 09/06/2023 01:00:00","BZN|EE","Without Sequence","79.73","",""
"09/06/2023 01:00:00 - 09/06/2023 02:00:00","BZN|EE","Without Sequence","76.00","",""
"09/06/2023 02:00:00 - 09/06/2023 03:00:00","BZN|EE","Without Sequence","76.25","",""
"09/06/2023 03:00:00 - 09/06/2023 04:00:00","BZN|EE","Without Sequence","88.53","",""
"09/06/2023 04:00:00 - 09/06/2023 05:00:00","BZN|EE","Without Sequence","102.82","",""
"09/06/2023 05:00:00 - 09/06/2023 06:00:00","BZN|EE","Without Sequence","103.97","",""
"09/06/2023 06:00:00 - 09/06/2023 07:00:00","BZN|EE","Without Sequence","103.94","",""
"09/06/2023 07:00:00 - 09/06/2023 08:00:00","BZN|EE","Without Sequence","91.39","",""
"09/06/2023 08:00:00 - 09/06/2023 09:00:00","BZN|EE","Without Sequence","82.26","",""
"09/06/2023 09:00:00 - 09/06/2023 10:00:00","BZN|EE","Without Sequence","75.43","",""
"09/06/2023 10:00:00 - 09/06/2023 11:00:00","BZN|EE","Without Sequence","70.03","",""
"09/06/2023 11:00:00 - 09/06/2023 12:00:00","BZN|EE","Without Sequence","65.46","",""
"09/06/2023 12:00:00 - 09/06/2023 13:00:00","BZN|EE","Without Sequence","64.06","",""
"09/06/2023 13:00:00 - 09/06/2023 14:00:00","BZN|EE","Without Sequence","68.39","",""
"09/06/2023 14:00:00 - 09/06/2023 15:00:00","BZN|EE","Without Sequence","72.64","",""
"09/06/2023 15:00:00 - 09/06/2023 16:00:00","BZN|EE","Without Sequence","80.63","",""
"09/06/2023 16:00:00 - 09/06/2023 17:00:00","BZN|EE","Without Sequence","95.00","",""
"09/06/2023 17:00:00 - 09/06/2023 18:00:00","BZN|EE","Without Sequence","104.12","",""
"09/06/2023 18:00:00 - 09/06/2023 19:00:00","BZN|EE","Without Sequence","106.45","",""
"09/06/2023 19:00:00 - 09/06/2023 20:00:00","BZN|EE","Without Sequence","104.12","",""
"09/06/2023 20:00:00 - 09/06/2023 21:00:00","BZN|EE","Without Sequence","97.48","",""
"09/06/2023 21:00:00 - 09/06/2023 22:00:00","BZN|EE","Without Sequence","86.00","",""
"09/06/2023 22:00:00 - 09/06/2023 23:00:00","BZN|EE","Without Sequence","89.03","",""
"09/06/2023 23:00:00 - 10/06/2023 00:00:00","BZN|EE","Without Sequence","84.10","",""
"10/06/2023 00:00:00 - 10/06/2023 01:00:00","BZN|EE","Without Sequence","84.13","",""
"10/06/2023 01:00:00 - 10/06/2023 02:00:00","BZN|EE","Without Sequence","80.32","",""
"10/06/2023 02:00:00 - 10/06/2023 03:00:00","BZN|EE","Without Sequence","77.44","",""
"10/06/2023 03:00:00 - 10/06/2023 04:00:00","BZN|EE","Without Sequence","79.87","",""
"10/06/2023 04:00:00 - 10/06/2023 05:00:00","BZN|EE","Without Sequence","79.43","",""
"10/06/2023 05:00:00 - 10/06/2023 06:00:00","BZN|EE","Without Sequence","85.00","",""
"10/06/2023 06:00:00 - 10/06/2023 07:00:00","BZN|EE","Without Sequence","81.70","",""
"10/06/2023 07:00:00 - 10/06/2023 08:00:00","BZN|EE","Without Sequence","64.22","",""
"10/06/2023 08:00:00 - 10/06/2023 09:00:00","BZN|EE","Without Sequence","25.61","",""
"10/06/2023 09:00:00 - 10/06/2023 10:00:00","BZN|EE","Without Sequence","12.91","",""
"10/06/2023 10:00:00 - 10/06/2023 11:00:00","BZN|EE","Without Sequence","4.56","",""
"10/06/2023 11:00:00 - 10/06/2023 12:00:00","BZN|EE","Without Sequence","13.96","",""
"10/06/2023 12:00:00 - 10/06/2023 13:00:00","BZN|EE","Without Sequence","8.57","",""
"10/06/2023 13:00:00 - 10/06/2023 14:00:00","BZN|EE","Without Sequence","10.35","",""
"10/06/2023 14:00:00 - 10/06/2023 15:00:00","BZN|EE","Without Sequence","13.65","",""
"10/06/2023 15:00:00 - 10/06/2023 16:00:00","BZN|EE","Without Sequence","44.50","",""
"10/06/2023 16:00:00 - 10/06/2023 17:00:00","BZN|EE","Without Sequence","74.97","",""
"10/06/2023 17:00:00 - 10/06/2023 18:00:00","BZN|EE","Without Sequence","86.16","",""
"10/06/2023 18:00:00 - 10/06/2023 19:00:00","BZN|EE","Without Sequence","91.68","",""
"10/06/2023 19:00:00 - 10/06/2023 20:00:00","BZN|EE","Without Sequence","88.40","",""
"10/06/2023 20:00:00 - 10/06/2023 21:00:00","BZN|EE","Without Sequence","82.50","",""
"10/06/2023 21:00:00 - 10/06/2023 22:00:00","BZN|EE","Without Sequence","70.45","",""
"10/06/2023 22:00:00 - 10/06/2023 23:00:00","BZN|EE","Without Sequence","66.46","",""
"10/06/2023 23:00:00 - 11/06/2023 00:00:00","BZN|EE","Without Sequence","59.46","",""
"11/06/2023 00:00:00 - 11/06/2023 01:00:00","BZN|EE","Without Sequence","52.95","",""
"11/06/2023 01:00:00 - 11/06/2023 02:00:00","BZN|EE","Without Sequence","49.40","",""
"11/06/2023 02:00:00 - 11/06/2023 03:00:00","BZN|EE","Without Sequence","48.03","",""
"11/06/2023 03:00:00 - 11/06/2023 04:00:00","BZN|EE","Without Sequence","39.44","",""
"11/06/2023 04:00:00 - 11/06/2023 05:00:00","BZN|EE","Without Sequence","48.77","",""
"11/06/2023 05:00:00 - 11/06/2023 06:00:00","BZN|EE","Without Sequence","46.65","",""
"11/06/2023 06:00:00 - 11/06/2023 07:00:00","BZN|EE","Without Sequence","28.44","",""
"11/06/2023 07:00:00 - 11/06/2023 08:00:00","BZN|EE","Without Sequence","15.90","",""
"11/06/2023 08:00:00 - 11/06/2023 09:00:00","BZN|EE","Without Sequence","0.02","",""
"11/06/2023 09:00:00 - 11/06/2023 10:00:00","BZN|EE","Without Sequence","-1.27","",""
"11/06/2023 10:00:00 - 11/06/2023 11:00:00","BZN|EE","Without Sequence","-3.46","",""
"11/06/2023 11:00:00 - 11/06/2023 12:00:00","BZN|EE","Without Sequence","-5.06","",""
"11/06/2023 12:00:00 - 11/06/2023 13:00:00","BZN|EE","Without Sequence","-5.09","",""
"11/06/2023 13:00:00 - 11/06/2023 14:00:00","BZN|EE","Without Sequence","-5.24","",""
"11/06/2023 14:00:00 - 11/06/2023 15:00:00","BZN|EE","Without Sequence","-0.10","",""
"11/06/2023 15:00:00 - 11/06/2023 16:00:00","BZN|EE","Without Sequence","27.92","",""
"11/06/2023 16:00:00 - 11/06/2023 17:00:00","BZN|EE","Without Sequence","84.90","",""
"11/06/2023 17:00:00 - 11/06/2023 18:00:00","BZN|EE","Without Sequence","99.91","",""
"11/06/2023 18:00:00 - 11/06/2023 19:00:00","BZN|EE","Without Sequence","106.94","",""
"11/06/2023 19:00:00 - 11/06/2023 20:00:00","BZN|EE","Without Sequence","106.91","",""
"11/06/2023 20:00:00 - 11/06/2023 21:00:00","BZN|EE","Without Sequence","99.32","",""
"11/06/2023 21:00:00 - 11/06/2023 22:00:00","BZN|EE","Without Sequence","89.78","",""
"11/06/2023 22:00:00 - 11/06/2023 23:00:00","BZN|EE","Without Sequence","94.33","",""
"11/06/2023 23:00:00 - 12/06/2023 00:00:00","BZN|EE","Without Sequence","85.08","",""
"12/06/2023 00:00:00 - 12/06/2023 01:00:00","BZN|EE","Without Sequence","85.02","",""
"12/06/2023 01:00:00 - 12/06/2023 02:00:00","BZN|EE","Without Sequence","81.63","",""
"12/06/2023 02:00:00 - 12/06/2023 03:00:00","BZN|EE","Without Sequence","83.95","",""
"12/06/2023 03:00:00 - 12/06/2023 04:00:00","BZN|EE","Without Sequence","93.33","",""
"12/06/2023 04:00:00 - 12/06/2023 05:00:00","BZN|EE","Without Sequence","108.23","",""
"12/06/2023 05:00:00 - 12/06/2023 06:00:00","BZN|EE","Without Sequence","124.75","",""
"12/06/2023 06:00:00 - 12/06/2023 07:00:00","BZN|EE","Without Sequence","124.39","",""
"12/06/2023 07:00:00 - 12/06/2023 08:00:00","BZN|EE","Without Sequence","106.01","",""
"12/06/2023 08:00:00 - 12/06/2023 09:00:00","BZN|EE","Without Sequence","90.33","",""
"12/06/2023 09:00:00 - 12/06/2023 10:00:00","BZN|EE","Without Sequence","77.58","",""
"12/06/2023 10:00:00 - 12/06/2023 11:00:00","BZN|EE","Without Sequence","69.98","",""
"12/06/2023 11:00:00 - 12/06/2023 12:00:00","BZN|EE","Without Sequence","66.51","",""
"12/06/2023 12:00:00 - 12/06/2023 13:00:00","BZN|EE","Without Sequence","67.64","",""
"12/06/2023 13:00:00 - 12/06/2023 14:00:00","BZN|EE","Without Sequence","84.89","",""
"12/06/2023 14:00:00 - 12/06/2023 15:00:00","BZN|EE","Without Sequence","124.39","",""
"12/06/2023 15:00:00 - 12/06/2023 16:00:00","BZN|EE","Without Sequence","108.05","",""
"12/06/2023 16:00:00 - 12/06/2023 17:00:00","BZN|EE","Without Sequence","109.68","",""
"12/06/2023 17:00:00 - 12/06/2023 18:00:00","BZN|EE","Without Sequence","133.04","",""
"12/06/2023 18:00:00 - 12/06/2023 19:00:00","BZN|EE","Without Sequence","143.40","",""
"12/06/2023 19:00:00 - 12/06/2023 20:00:00","BZN|EE","Without Sequence","116.93","",""
"12/06/2023 20:00:00 - 12/06/2023 21:00:00","BZN|EE","Without Sequence","107.00","",""
"12/06/2023 21:00:00 - 12/06/2023 22:00:00","BZN|EE","Without Sequence","98.10","",""
"12/06/2023 22:00:00 - 12/06/2023 23:00:00","BZN|EE","Without Sequence","89.11","",""
"12/06/2023 23:00:00 - 13/06/2023 00:00:00","BZN|EE","Without Sequence","82.78","",""
"13/06/2023 00:00:00 - 13/06/2023 01:00:00","BZN|EE","Without Sequence","83.29","",""
"13/06/2023 01:00:00 - 13/06/2023 02:00:00","BZN|EE","Without Sequence","82.75","",""
"13/06/2023 02:00:00 - 13/06/2023 03:00:00","BZN|EE","Without Sequence","84.77","",""
"13/06/2023 03:00:00 - 13/06/2023 04:00:00","BZN|EE","Without Sequence","90.04","",""
"13/06/2023 04:00:00 - 13/06/2023 05:00:00","BZN|EE","Without Sequence","113.26","",""
"13/06/2023 05:00:00 - 13/06/2023 06:00:00","BZN|EE","Without Sequence","119.33","",""
"13/06/2023 06:00:00 - 13/06/2023 07:00:00","BZN|EE","Without Sequence","120.04","",""
"13/06/2023 07:00:00 - 13/06/2023 08:00:00","BZN|EE","Without Sequence","103.12","",""
"13/06/2023 08:00:00 - 13/06/2023 09:00:00","BZN|EE","Without Sequence","85.08","",""
"13/06/2023 09:00:00 - 13/06/2023 10:00:00","BZN|EE","Without Sequence","85.19","",""
"13/06/2023 10:00:00 - 13/06/2023 11:00:00","BZN|EE","Without Sequence","85.19","",""
"13/06/2023 11:00:00 - 13/06/2023 12:00:00","BZN|EE","Without Sequence","85.20","",""
"13/06/2023 12:00:00 - 13/06/2023 13:00:00","BZN|EE","Without Sequence","108.05","",""
"13/06/2023 13:00:00 - 13/06/2023 14:00:00","BZN|EE","Without Sequence","128.96","",""
"13/06/2023 14:00:00 - 13/06/2023 15:00:00","BZN|EE","Without Sequence","175.08","",""
"13/06/2023 15:00:00 - 13/06/2023 16:00:00","BZN|EE","Without Sequence","125.09","",""
"13/06/2023 16:00:00 - 13/06/2023 17:00:00","BZN|EE","Without Sequence","124.40","",""
"13/06/2023 17:00:00 - 13/06/2023 18:00:00","BZN|EE","Without Sequence","161.14","",""
"13/06/2023 18:00:00 - 13/06/2023 19:00:00","BZN|EE","Without Sequence","159.33","",""
"13/06/2023 19:00:00 - 13/06/2023 20:00:00","BZN|EE","Without Sequence","115.08","",""
"13/06/2023 20:00:00 - 13/06/2023 21:00:00","BZN|EE","Without Sequence","105.00","",""
"13/06/2023 21:00:00 - 13/06/2023 22:00:00","BZN|EE","Without Sequence","98.38","",""
"13/06/2023 22:00:00 - 13/06/2023 23:00:00","BZN|EE","Without Sequence","96.28","",""
"13/06/2023 23:00:00 - 14/06/2023 00:00:00","BZN|EE","Without Sequence","88.68","",""
"14/06/2023 00:00:00 - 14/06/2023 01:00:00","BZN|EE","Without Sequence","86.98","",""
"14/06/2023 01:00:00 - 14/06/2023 02:00:00","BZN|EE","Without Sequence","86.25","",""
"14/06/2023 02:00:00 - 14/06/2023 03:00:00","BZN|EE","Without Sequence","88.17","",""
"14/06/2023 03:00:00 - 14/06/2023 04:00:00","BZN|EE","Without Sequence","107.05","",""
"14/06/2023 04:00:00 - 14/06/2023 05:00:00","BZN|EE","Without Sequence","135.00","",""
"14/06/2023 05:00:00 - 14/06/2023 06:00:00","BZN|EE","Without Sequence","136.99","",""
"14/06/2023 06:00:00 - 14/06/2023 07:00:00","BZN|EE","Without Sequence","128.00","",""
"14/06/2023 07:00:00 - 14/06/2023 08:00:00","BZN|EE","Without Sequence","103.32","",""
"14/06/2023 08:00:00 - 14/06/2023 09:00:00","BZN|EE","Without Sequence","87.66","",""
"14/06/2023 09:00:00 - 14/06/2023 10:00:00","BZN|EE","Without Sequence","92.20","",""
"14/06/2023 10:00:00 - 14/06/2023 11:00:00","BZN|EE","Without Sequence","104.84","",""
"14/06/2023 11:00:00 - 14/06/2023 12:00:00","BZN|EE","Without Sequence","85.79","",""
"14/06/2023 12:00:00 - 14/06/2023 13:00:00","BZN|EE","Without Sequence","93.99","",""
"14/06/2023 13:00:00 - 14/06/2023 14:00:00","BZN|EE","Without Sequence","120.94","",""
"14/06/2023 14:00:00 - 14/06/2023 15:00:00","BZN|EE","Without Sequence","124.02","",""
"14/06/2023 15:00:00 - 14/06/2023 16:00:00","BZN|EE","Without Sequence","116.43","",""
"14/06/2023 16:00:00 - 14/06/2023 17:00:00","BZN|EE","Without Sequence","119.98","",""
"14/06/2023 17:00:00 - 14/06/2023 18:00:00","BZN|EE","Without Sequence","142.07","",""
"14/06/2023 18:00:00 - 14/06/2023 19:00:00","BZN|EE","Without Sequence","152.79","",""
"14/06/2023 19:00:00 - 14/06/2023 20:00:00","BZN|EE","Without Sequence","144.30","",""
"14/06/2023 20:00:00 - 14/06/2023 21:00:00","BZN|EE","Without Sequence","119.77","",""
"14/06/2023 21:00:00 - 14/06/2023 22:00:00","BZN|EE","Without Sequence","108.70","",""
"14/06/2023 22:00:00 - 14/06/2023 23:00:00","BZN|EE","Without Sequence","107.12","",""
"14/06/2023 23:00:00 - 15/06/2023 00:00:00","BZN|EE","Without Sequence","105.02","",""
"15/06/2023 00:00:00 - 15/06/2023 01:00:00","BZN|EE","Without Sequence","105.00","",""
"15/06/2023 01:00:00 - 15/06/2023 02:00:00","BZN|EE","Without Sequence","100.38","",""
"15/06/2023 02:00:00 - 15/06/2023 03:00:00","BZN|EE","Without Sequence","100.37","",""
"15/06/2023 03:00:00 - 15/06/2023 04:00:00","BZN|EE","Without Sequence","113.38","",""
"15/06/2023 04:00:00 - 15/06/2023 05:00:00","BZN|EE","Without Sequence","159.99","",""
"15/06/2023 05:00:00 - 15/06/2023 06:00:00","BZN|EE","Without Sequence","250.02","",""
"15/06/2023 06:00:00 - 15/06/2023 07:00:00","BZN|EE","Without Sequence","140.07","",""
"15/06/2023 07:00:00 - 15/06/2023 08:00:00","BZN|EE","Without Sequence","116.00","",""
"15/06/2023 08:00:00 - 15/06/2023 09:00:00","BZN|EE","Without Sequence","103.66","",""
"15/06/2023 09:00:00 - 15/06/2023 10:00:00","BZN|EE","Without Sequence","105.09","",""
"15/06/2023 10:00:00 - 15/06/2023 11:00:00","BZN|EE","Without Sequence","105.10","",""
"15/06/2023 11:00:00 - 15/06/2023 12:00:00","BZN|EE","Without Sequence","105.10","",""
"15/06/2023 12:00:00 - 15/06/2023 13:00:00","BZN|EE","Without Sequence","116.03","",""
"15/06/2023 13:00:00 - 15/06/2023 14:00:00","BZN|EE","Without Sequence","127.69","",""
"15/06/2023 14:00:00 - 15/06/2023 15:00:00","BZN|EE","Without Sequence","134.38","",""
"15/06/2023 15:00:00 - 15/06/2023 16:00:00","BZN|EE","Without Sequence","127.70","",""
"15/06/2023 16:00:00 - 15/06/2023 17:00:00","BZN|EE","Without Sequence","127.69","",""
"15/06/2023 17:00:00 - 15/06/2023 18:00:00","BZN|EE","Without Sequence","158.41","",""
"15/06/2023 18:00:00 - 15/06/2023 19:00:00","BZN|EE","Without Sequence","179.22","",""
"15/06/2023 19:00:00 - 15/06/2023 20:00:00","BZN|EE","Without Sequence","172.54","",""
"15/06/2023 20:00:00 - 15/06/2023 21:00:00","BZN|EE","Without Sequence","150.76","",""
"15/06/2023 21:00:00 - 15/06/2023 22:00:00","BZN|EE","Without Sequence","125.31","",""
"15/06/2023 22:00:00 - 15/06/2023 23:00:00","BZN|EE","Without Sequence","126.16","",""
"15/06/2023 23:00:00 - 16/06/2023 00:00:00","BZN|EE","Without Sequence","121.78","",""
"16/06/2023 00:00:00 - 16/06/2023 01:00:00","BZN|EE","Without Sequence","115.72","",""
"16/06/2023 01:00:00 - 16/06/2023 02:00:00","BZN|EE","Without Sequence","112.84","",""
"16/06/2023 02:00:00 - 16/06/2023 03:00:00","BZN|EE","Without Sequence","113.20","",""
"16/06/2023 03:00:00 - 16/06/2023 04:00:00","BZN|EE","Without Sequence","88.98","",""
"16/06/2023 04:00:00 - 16/06/2023 05:00:00","BZN|EE","Without Sequence","131.21","",""
"16/06/2023 05:00:00 - 16/06/2023 06:00:00","BZN|EE","Without Sequence","88.97","",""
"16/06/2023 06:00:00 - 16/06/2023 07:00:00","BZN|EE","Without Sequence","86.59","",""
"16/06/2023 07:00:00 - 16/06/2023 08:00:00","BZN|EE","Without Sequence","86.78","",""
"16/06/2023 08:00:00 - 16/06/2023 09:00:00","BZN|EE","Without Sequence","77.99","",""
"16/06/2023 09:00:00 - 16/06/2023 10:00:00","BZN|EE","Without Sequence","68.76","",""
"16/06/2023 10:00:00 - 16/06/2023 11:00:00","BZN|EE","Without Sequence","66.94","",""
"16/06/2023 11:00:00 - 16/06/2023 12:00:00","BZN|EE","Without Sequence","64.66","",""
"16/06/2023 12:00:00 - 16/06/2023 13:00:00","BZN|EE","Without Sequence","62.60","",""
"16/06/2023 13:00:00 - 16/06/2023 14:00:00","BZN|EE","Without Sequence","62.70","",""
"16/06/2023 14:00:00 - 16/06/2023 15:00:00","BZN|EE","Without Sequence","64.08","",""
"16/06/2023 15:00:00 - 16/06/2023 16:00:00","BZN|EE","Without Sequence","65.94","",""
"16/06/2023 16:00:00 - 16/06/2023 17:00:00","BZN|EE","Without Sequence","66.58","",""
"16/06/2023 17:00:00 - 16/06/2023 18:00:00","BZN|EE","Without Sequence","88.91","",""
"16/06/2023 18:00:00 - 16/06/2023 19:00:00","BZN|EE","Without Sequence","175.10","",""
"16/06/2023 19:00:00 - 16/06/2023 20:00:00","BZN|EE","Without Sequence","170.39","",""
"16/06/2023 20:00:00 - 16/06/2023 21:00:00","BZN|EE","Without Sequence","88.99","",""
"16/06/2023 21:00:00 - 16/06/2023 22:00:00","BZN|EE","Without Sequence","135.83","",""
"16/06/2023 22:00:00 - 16/06/2023 23:00:00","BZN|EE","Without Sequence","130.81","",""
"16/06/2023 23:00:00 - 17/06/2023 00:00:00","BZN|EE","Without Sequence","122.80","",""
"17/06/2023 00:00:00 - 17/06/2023 01:00:00","BZN|EE","Without Sequence","120.12","",""
"17/06/2023 01:00:00 - 17/06/2023 02:00:00","BZN|EE","Without Sequence","116.57","",""
"17/06/2023 02:00:00 - 17/06/2023 03:00:00","BZN|EE","Without Sequence","111.10","",""
"17/06/2023 03:00:00 - 17/06/2023 04:00:00","BZN|EE","Without Sequence","109.95","",""
"17/06/2023 04:00:00 - 17/06/2023 05:00:00","BZN|EE","Without Sequence","110.54","",""
"17/06/2023 05:00:00 - 17/06/2023 06:00:00","BZN|EE","Without Sequence","108.19","",""
"17/06/2023 06:00:00 - 17/06/2023 07:00:00","BZN|EE","Without Sequence","55.63","",""
"17/06/2023 07:00:00 - 17/06/2023 08:00:00","BZN|EE","Without Sequence","55.07","",""
"17/06/2023 08:00:00 - 17/06/2023 09:00:00","BZN|EE","Without Sequence","54.46","",""
"17/06/2023 09:00:00 - 17/06/2023 10:00:00","BZN|EE","Without Sequence","53.83","",""
"17/06/2023 10:00:00 - 17/06/2023 11:00:00","BZN|EE","Without Sequence","55.31","",""
"17/06/2023 11:00:00 - 17/06/2023 12:00:00","BZN|EE","Without Sequence","48.40","",""
"17/06/2023 12:00:00 - 17/06/2023 13:00:00","BZN|EE","Without Sequence","40.34","",""
"17/06/2023 13:00:00 - 17/06/2023 14:00:00","BZN|EE","Without Sequence","55.11","",""
"17/06/2023 14:00:00 - 17/06/2023 15:00:00","BZN|EE","Without Sequence","55.65","",""
"17/06/2023 15:00:00 - 17/06/2023 16:00:00","BZN|EE","Without Sequence","57.50","",""
"17/06/2023 16:00:00 - 17/06/2023 17:00:00","BZN|EE","Without Sequence","115.31","",""
"17/06/2023 17:00:00 - 17/06/2023 18:00:00","BZN|EE","Without Sequence","137.79","",""
"17/06/2023 18:00:00 - 17/06/2023 19:00:00","BZN|EE","Without Sequence","146.97","",""
"17/06/2023 19:00:00 - 17/06/2023 20:00:00","BZN|EE","Without Sequence","154.75","",""
"17/06/2023 20:00:00 - 17/06/2023 21:00:00","BZN|EE","Without Sequence","146.27","",""
"17/06/2023 21:00:00 - 17/06/2023 22:00:00","BZN|EE","Without Sequence","136.65","",""
"17/06/2023 22:00:00 - 17/06/2023 23:00:00","BZN|EE","Without Sequence","129.05","",""
"17/06/2023 23:00:00 - 18/06/2023 00:00:00","BZN|EE","Without Sequence","118.58","",""
"18/06/2023 00:00:00 - 18/06/2023 01:00:00","BZN|EE","Without Sequence","111.23","",""
"18/06/2023 01:00:00 - 18/06/2023 02:00:00","BZN|EE","Without Sequence","106.25","",""
"18/06/2023 02:00:00 - 18/06/2023 03:00:00","BZN|EE","Without Sequence","101.51","",""
"18/06/2023 03:00:00 - 18/06/2023 04:00:00","BZN|EE","Without Sequence","103.02","",""
"18/06/2023 04:00:00 - 18/06/2023 05:00:00","BZN|EE","Without Sequence","97.37","",""
"18/06/2023 05:00:00 - 18/06/2023 06:00:00","BZN|EE","Without Sequence","92.06","",""
"18/06/2023 06:00:00 - 18/06/2023 07:00:00","BZN|EE","Without Sequence","85.00","",""
"18/06/2023 07:00:00 - 18/06/2023 08:00:00","BZN|EE","Without Sequence","54.92","",""
"18/06/2023 08:00:00 - 18/06/2023 09:00:00","BZN|EE","Without Sequence","55.96","",""
"18/06/2023 09:00:00 - 18/06/2023 10:00:00","BZN|EE","Without Sequence","52.36","",""
"18/06/2023 10:00:00 - 18/06/2023 11:00:00","BZN|EE","Without Sequence","45.79","",""
"18/06/2023 11:00:00 - 18/06/2023 12:00:00","BZN|EE","Without Sequence","30.10","",""
"18/06/2023 12:00:00 - 18/06/2023 13:00:00","BZN|EE","Without Sequence","25.79","",""
"18/06/2023 13:00:00 - 18/06/2023 14:00:00","BZN|EE","Without Sequence","48.98","",""
"18/06/2023 14:00:00 - 18/06/2023 15:00:00","BZN|EE","Without Sequence","71.48","",""
"18/06/2023 15:00:00 - 18/06/2023 16:00:00","BZN|EE","Without Sequence","92.18","",""
"18/06/2023 16:00:00 - 18/06/2023 17:00:00","BZN|EE","Without Sequence","107.23","",""
"18/06/2023 17:00:00 - 18/06/2023 18:00:00","BZN|EE","Without Sequence","130.74","",""
"18/06/2023 18:00:00 - 18/06/2023 19:00:00","BZN|EE","Without Sequence","139.86","",""
"18/06/2023 19:00:00 - 18/06/2023 20:00:00","BZN|EE","Without Sequence","137.37","",""
"18/06/2023 20:00:00 - 18/06/2023 21:00:00","BZN|EE","Without Sequence","138.83","",""
"18/06/2023 21:00:00 - 18/06/2023 22:00:00","BZN|EE","Without Sequence","117.88","",""
"18/06/2023 22:00:00 - 18/06/2023 23:00:00","BZN|EE","Without Sequence","101.21","",""
"18/06/2023 23:00:00 - 19/06/2023 00:00:00","BZN|EE","Without Sequence","94.84","",""
"19/06/2023 00:00:00 - 19/06/2023 01:00:00","BZN|EE","Without Sequence","89.69","",""
"19/06/2023 01:00:00 - 19/06/2023 02:00:00","BZN|EE","Without Sequence","90.79","",""
"19/06/2023 02:00:00 - 19/06/2023 03:00:00","BZN|EE","Without Sequence","95.26","",""
"19/06/2023 03:00:00 - 19/06/2023 04:00:00","BZN|EE","Without Sequence","97.14","",""
"19/06/2023 04:00:00 - 19/06/2023 05:00:00","BZN|EE","Without Sequence","119.42","",""
"19/06/2023 05:00:00 - 19/06/2023 06:00:00","BZN|EE","Without Sequence","136.87","",""
"19/06/2023 06:00:00 - 19/06/2023 07:00:00","BZN|EE","Without Sequence","128.39","",""
"19/06/2023 07:00:00 - 19/06/2023 08:00:00","BZN|EE","Without Sequence","115.65","",""
"19/06/2023 08:00:00 - 19/06/2023 09:00:00","BZN|EE","Without Sequence","96.31","",""
"19/06/2023 09:00:00 - 19/06/2023 10:00:00","BZN|EE","Without Sequence","89.95","",""
"19/06/2023 10:00:00 - 19/06/2023 11:00:00","BZN|EE","Without Sequence","87.58","",""
"19/06/2023 11:00:00 - 19/06/2023 12:00:00","BZN|EE","Without Sequence","86.31","",""
"19/06/2023 12:00:00 - 19/06/2023 13:00:00","BZN|EE","Without Sequence","85.38","",""
"19/06/2023 13:00:00 - 19/06/2023 14:00:00","BZN|EE","Without Sequence","84.97","",""
"19/06/2023 14:00:00 - 19/06/2023 15:00:00","BZN|EE","Without Sequence","84.34","",""
"19/06/2023 15:00:00 - 19/06/2023 16:00:00","BZN|EE","Without Sequence","85.20","",""
"19/06/2023 16:00:00 - 19/06/2023 17:00:00","BZN|EE","Without Sequence","137.00","",""
"19/06/2023 17:00:00 - 19/06/2023 18:00:00","BZN|EE","Without Sequence","139.44","",""
"19/06/2023 18:00:00 - 19/06/2023 19:00:00","BZN|EE","Without Sequence","193.03","",""
"19/06/2023 19:00:00 - 19/06/2023 20:00:00","BZN|EE","Without Sequence","174.20","",""
"19/06/2023 20:00:00 - 19/06/2023 21:00:00","BZN|EE","Without Sequence","146.70","",""
"19/06/2023 21:00:00 - 19/06/2023 22:00:00","BZN|EE","Without Sequence","131.89","",""
"19/06/2023 22:00:00 - 19/06/2023 23:00:00","BZN|EE","Without Sequence","129.39","",""
"19/06/2023 23:00:00 - 20/06/2023 00:00:00","BZN|EE","Without Sequence","112.30","",""
"20/06/2023 00:00:00 - 20/06/2023 01:00:00","BZN|EE","Without Sequence","104.19","",""
"20/06/2023 01:00:00 - 20/06/2023 02:00:00","BZN|EE","Without Sequence","101.37","",""
"20/06/2023 02:00:00 - 20/06/2023 03:00:00","BZN|EE","Without Sequence","102.32","",""
"20/06/2023 03:00:00 - 20/06/2023 04:00:00","BZN|EE","Without Sequence","106.69","",""
"20/06/2023 04:00:00 - 20/06/2023 05:00:00","BZN|EE","Without Sequence","136.11","",""
"20/06/2023 05:00:00 - 20/06/2023 06:00:00","BZN|EE","Without Sequence","146.14","",""
"20/06/2023 06:00:00 - 20/06/2023 07:00:00","BZN|EE","Without Sequence","78.51","",""
"20/06/2023 07:00:00 - 20/06/2023 08:00:00","BZN|EE","Without Sequence","69.15","",""
"20/06/2023 08:00:00 - 20/06/2023 09:00:00","BZN|EE","Without Sequence","65.05","",""
"20/06/2023 09:00:00 - 20/06/2023 10:00:00","BZN|EE","Without Sequence","62.07","",""
"20/06/2023 10:00:00 - 20/06/2023 11:00:00","BZN|EE","Without Sequence","63.52","",""
"20/06/2023 11:00:00 - 20/06/2023 12:00:00","BZN|EE","Without Sequence","59.68","",""
"20/06/2023 12:00:00 - 20/06/2023 13:00:00","BZN|EE","Without Sequence","58.84","",""
"20/06/2023 13:00:00 - 20/06/2023 14:00:00","BZN|EE","Without Sequence","59.43","",""
"20/06/2023 14:00:00 - 20/06/2023 15:00:00","BZN|EE","Without Sequence","61.65","",""
"20/06/2023 15:00:00 - 20/06/2023 16:00:00","BZN|EE","Without Sequence","64.45","",""
"20/06/2023 16:00:00 - 20/06/2023 17:00:00","BZN|EE","Without Sequence","140.00","",""
"20/06/2023 17:00:00 - 20/06/2023 18:00:00","BZN|EE","Without Sequence","160.59","",""
"20/06/2023 18:00:00 - 20/06/2023 19:00:00","BZN|EE","Without Sequence","161.12","",""
"20/06/2023 19:00:00 - 20/06/2023 20:00:00","BZN|EE","Without Sequence","146.40","",""
"20/06/2023 20:00:00 - 20/06/2023 21:00:00","BZN|EE","Without Sequence","134.69","",""
"20/06/2023 21:00:00 - 20/06/2023 22:00:00","BZN|EE","Without Sequence","117.38","",""
"20/06/2023 22:00:00 - 20/06/2023 23:00:00","BZN|EE","Without Sequence","119.70","",""
"20/06/2023 23:00:00 - 21/06/2023 00:00:00","BZN|EE","Without Sequence","111.09","",""
"21/06/2023 00:00:00 - 21/06/2023 01:00:00","BZN|EE","Without Sequence","105.28","",""
"21/06/2023 01:00:00 - 21/06/2023 02:00:00","BZN|EE","Without Sequence","101.43","",""
"21/06/2023 02:00:00 - 21/06/2023 03:00:00","BZN|EE","Without Sequence","103.88","",""
"21/06/2023 03:00:00 - 21/06/2023 04:00:00","BZN|EE","Without Sequence","107.18","",""
"21/06/2023 04:00:00 - 21/06/2023 05:00:00","BZN|EE","Without Sequence","127.25","",""
"21/06/2023 05:00:00 - 21/06/2023 06:00:00","BZN|EE","Without Sequence","137.67","",""
"21/06/2023 06:00:00 - 21/06/2023 07:00:00","BZN|EE","Without Sequence","77.35","",""
"21/06/2023 07:00:00 - 21/06/2023 08:00:00","BZN|EE","Without Sequence","69.50","",""
"21/06/2023 08:00:00 - 21/06/2023 09:00:00","BZN|EE","Without Sequence","63.55","",""
"21/06/2023 09:00:00 - 21/06/2023 10:00:00","BZN|EE","Without Sequence","59.20","",""
"21/06/2023 10:00:00 - 21/06/2023 11:00:00","BZN|EE","Without Sequence","59.26","",""
"21/06/2023 11:00:00 - 21/06/2023 12:00:00","BZN|EE","Without Sequence","58.36","",""
"21/06/2023 12:00:00 - 21/06/2023 13:00:00","BZN|EE","Without Sequence","58.19","",""
"21/06/2023 13:00:00 - 21/06/2023 14:00:00","BZN|EE","Without Sequence","58.49","",""
"21/06/2023 14:00:00 - 21/06/2023 15:00:00","BZN|EE","Without Sequence","58.60","",""
"21/06/2023 15:00:00 - 21/06/2023 16:00:00","BZN|EE","Without Sequence","113.62","",""
"21/06/2023 16:00:00 - 21/06/2023 17:00:00","BZN|EE","Without Sequence","138.17","",""
"21/06/2023 17:00:00 - 21/06/2023 18:00:00","BZN|EE","Without Sequence","163.49","",""
"21/06/2023 18:00:00 - 21/06/2023 19:00:00","BZN|EE","Without Sequence","186.13","",""
"21/06/2023 19:00:00 - 21/06/2023 20:00:00","BZN|EE","Without Sequence","176.87","",""
"21/06/2023 20:00:00 - 21/06/2023 21:00:00","BZN|EE","Without Sequence","138.19","",""
"21/06/2023 21:00:00 - 21/06/2023 22:00:00","BZN|EE","Without Sequence","65.04","",""
"21/06/2023 22:00:00 - 21/06/2023 23:00:00","BZN|EE","Without Sequence","133.55","",""
"21/06/2023 23:00:00 - 22/06/2023 00:00:00","BZN|EE","Without Sequence","125.14","",""
"22/06/2023 00:00:00 - 22/06/2023 01:00:00","BZN|EE","Without Sequence","106.85","",""
"22/06/2023 01:00:00 - 22/06/2023 02:00:00","BZN|EE","Without Sequence","41.07","",""
"22/06/2023 02:00:00 - 22/06/2023 03:00:00","BZN|EE","Without Sequence","107.02","",""
"22/06/2023 03:00:00 - 22/06/2023 04:00:00","BZN|EE","Without Sequence","49.86","",""
"22/06/2023 04:00:00 - 22/06/2023 05:00:00","BZN|EE","Without Sequence","139.58","",""
"22/06/2023 05:00:00 - 22/06/2023 06:00:00","BZN|EE","Without Sequence","155.44","",""
"22/06/2023 06:00:00 - 22/06/2023 07:00:00","BZN|EE","Without Sequence","154.46","",""
"22/06/2023 07:00:00 - 22/06/2023 08:00:00","BZN|EE","Without Sequence","130.66","",""
"22/06/2023 08:00:00 - 22/06/2023 09:00:00","BZN|EE","Without Sequence","115.08","",""
"22/06/2023 09:00:00 - 22/06/2023 10:00:00","BZN|EE","Without Sequence","107.13","",""
"22/06/2023 10:00:00 - 22/06/2023 11:00:00","BZN|EE","Without Sequence","106.49","",""
"22/06/2023 11:00:00 - 22/06/2023 12:00:00","BZN|EE","Without Sequence","105.84","",""
"22/06/2023 12:00:00 - 22/06/2023 13:00:00","BZN|EE","Without Sequence","105.51","",""
"22/06/2023 13:00:00 - 22/06/2023 14:00:00","BZN|EE","Without Sequence","46.72","",""
"22/06/2023 14:00:00 - 22/06/2023 15:00:00","BZN|EE","Without Sequence","42.06","",""
"22/06/2023 15:00:00 - 22/06/2023 16:00:00","BZN|EE","Without Sequence","125.85","",""
"22/06/2023 16:00:00 - 22/06/2023 17:00:00","BZN|EE","Without Sequence","137.30","",""
"22/06/2023 17:00:00 - 22/06/2023 18:00:00","BZN|EE","Without Sequence","157.43","",""
"22/06/2023 18:00:00 - 22/06/2023 19:00:00","BZN|EE","Without Sequence","161.43","",""
"22/06/2023 19:00:00 - 22/06/2023 20:00:00","BZN|EE","Without Sequence","147.18","",""
"22/06/2023 20:00:00 - 22/06/2023 21:00:00","BZN|EE","Without Sequence","134.34","",""
"22/06/2023 21:00:00 - 22/06/2023 22:00:00","BZN|EE","Without Sequence","121.56","",""
"22/06/2023 22:00:00 - 22/06/2023 23:00:00","BZN|EE","Without Sequence","109.49","",""
"22/06/2023 23:00:00 - 23/06/2023 00:00:00","BZN|EE","Without Sequence","95.20","",""
"23/06/2023 00:00:00 - 23/06/2023 01:00:00","BZN|EE","Without Sequence","91.79","",""
"23/06/2023 01:00:00 - 23/06/2023 02:00:00","BZN|EE","Without Sequence","91.28","",""
"23/06/2023 02:00:00 - 23/06/2023 03:00:00","BZN|EE","Without Sequence","90.94","",""
"23/06/2023 03:00:00 - 23/06/2023 04:00:00","BZN|EE","Without Sequence","94.56","",""
"23/06/2023 04:00:00 - 23/06/2023 05:00:00","BZN|EE","Without Sequence","115.09","",""
"23/06/2023 05:00:00 - 23/06/2023 06:00:00","BZN|EE","Without Sequence","31.56","",""
"23/06/2023 06:00:00 - 23/06/2023 07:00:00","BZN|EE","Without Sequence","19.36","",""
"23/06/2023 07:00:00 - 23/06/2023 08:00:00","BZN|EE","Without Sequence","17.39","",""
"23/06/2023 08:00:00 - 23/06/2023 09:00:00","BZN|EE","Without Sequence","16.18","",""
"23/06/2023 09:00:00 - 23/06/2023 10:00:00","BZN|EE","Without Sequence","10.22","",""
"23/06/2023 10:00:00 - 23/06/2023 11:00:00","BZN|EE","Without Sequence","5.40","",""
"23/06/2023 11:00:00 - 23/06/2023 12:00:00","BZN|EE","Without Sequence","2.62","",""
"23/06/2023 12:00:00 - 23/06/2023 13:00:00","BZN|EE","Without Sequence","2.26","",""
"23/06/2023 13:00:00 - 23/06/2023 14:00:00","BZN|EE","Without Sequence","2.23","",""
"23/06/2023 14:00:00 - 23/06/2023 15:00:00","BZN|EE","Without Sequence","3.40","",""
"23/06/2023 15:00:00 - 23/06/2023 16:00:00","BZN|EE","Without Sequence","12.08","",""
"23/06/2023 16:00:00 - 23/06/2023 17:00:00","BZN|EE","Without Sequence","17.04","",""
"23/06/2023 17:00:00 - 23/06/2023 18:00:00","BZN|EE","Without Sequence","16.80","",""
"23/06/2023 18:00:00 - 23/06/2023 19:00:00","BZN|EE","Without Sequence","133.81","",""
"23/06/2023 19:00:00 - 23/06/2023 20:00:00","BZN|EE","Without Sequence","135.11","",""
"23/06/2023 20:00:00 - 23/06/2023 21:00:00","BZN|EE","Without Sequence","127.93","",""
"23/06/2023 21:00:00 - 23/06/2023 22:00:00","BZN|EE","Without Sequence","119.39","",""
"23/06/2023 22:00:00 - 23/06/2023 23:00:00","BZN|EE","Without Sequence","117.27","",""
"23/06/2023 23:00:00 - 24/06/2023 00:00:00","BZN|EE","Without Sequence","109.70","",""
"24/06/2023 00:00:00 - 24/06/2023 01:00:00","BZN|EE","Without Sequence","102.82","",""
"24/06/2023 01:00:00 - 24/06/2023 02:00:00","BZN|EE","Without Sequence","89.04","",""
"24/06/2023 02:00:00 - 24/06/2023 03:00:00","BZN|EE","Without Sequence","94.33","",""
"24/06/2023 03:00:00 - 24/06/2023 04:00:00","BZN|EE","Without Sequence","92.03","",""
"24/06/2023 04:00:00 - 24/06/2023 05:00:00","BZN|EE","Without Sequence","16.59","",""
"24/06/2023 05:00:00 - 24/06/2023 06:00:00","BZN|EE","Without Sequence","18.58","",""
"24/06/2023 06:00:00 - 24/06/2023 07:00:00","BZN|EE","Without Sequence","20.22","",""
"24/06/2023 07:00:00 - 24/06/2023 08:00:00","BZN|EE","Without Sequence","21.34","",""
"24/06/2023 08:00:00 - 24/06/2023 09:00:00","BZN|EE","Without Sequence","21.86","",""
"24/06/2023 09:00:00 - 24/06/2023 10:00:00","BZN|EE","Without Sequence","21.93","",""
"24/06/2023 10:00:00 - 24/06/2023 11:00:00","BZN|EE","Without Sequence","14.99","",""
"24/06/2023 11:00:00 - 24/06/2023 12:00:00","BZN|EE","Without Sequence","1.90","",""
"24/06/2023 12:00:00 - 24/06/2023 13:00:00","BZN|EE","Without Sequence","0.31","",""
"24/06/2023 13:00:00 - 24/06/2023 14:00:00","BZN|EE","Without Sequence","10.00","",""
"24/06/2023 14:00:00 - 24/06/2023 15:00:00","BZN|EE","Without Sequence","27.52","",""
"24/06/2023 15:00:00 - 24/06/2023 16:00:00","BZN|EE","Without Sequence","80.98","",""
"24/06/2023 16:00:00 - 24/06/2023 17:00:00","BZN|EE","Without Sequence","99.53","",""
"24/06/2023 17:00:00 - 24/06/2023 18:00:00","BZN|EE","Without Sequence","129.60","",""
"24/06/2023 18:00:00 - 24/06/2023 19:00:00","BZN|EE","Without Sequence","140.89","",""
"24/06/2023 19:00:00 - 24/06/2023 20:00:00","BZN|EE","Without Sequence","147.83","",""
"24/06/2023 20:00:00 - 24/06/2023 21:00:00","BZN|EE","Without Sequence","130.49","",""
"24/06/2023 21:00:00 - 24/06/2023 22:00:00","BZN|EE","Without Sequence","115.47","",""
"24/06/2023 22:00:00 - 24/06/2023 23:00:00","BZN|EE","Without Sequence","49.47","",""
"24/06/2023 23:00:00 - 25/06/2023 00:00:00","BZN|EE","Without Sequence","45.69","",""
"25/06/2023 00:00:00 - 25/06/2023 01:00:00","BZN|EE","Without Sequence","38.12","",""
"25/06/2023 01:00:00 - 25/06/2023 02:00:00","BZN|EE","Without Sequence","34.78","",""
"25/06/2023 02:00:00 - 25/06/2023 03:00:00","BZN|EE","Without Sequence","42.65","",""
"25/06/2023 03:00:00 - 25/06/2023 04:00:00","BZN|EE","Without Sequence","46.39","",""
"25/06/2023 04:00:00 - 25/06/2023 05:00:00","BZN|EE","Without Sequence","53.59","",""
"25/06/2023 05:00:00 - 25/06/2023 06:00:00","BZN|EE","Without Sequence","77.47","",""
"25/06/2023 06:00:00 - 25/06/2023 07:00:00","BZN|EE","Without Sequence","54.00","",""
"25/06/2023 07:00:00 - 25/06/2023 08:00:00","BZN|EE","Without Sequence","32.55","",""
"25/06/2023 08:00:00 - 25/06/2023 09:00:00","BZN|EE","Without Sequence","9.92","",""
"25/06/2023 09:00:00 - 25/06/2023 10:00:00","BZN|EE","Without Sequence","0.19","",""
"25/06/2023 10:00:00 - 25/06/2023 11:00:00","BZN|EE","Without Sequence","0.89","",""
"25/06/2023 11:00:00 - 25/06/2023 12:00:00","BZN|EE","Without Sequence","0.99","",""
"25/06/2023 12:00:00 - 25/06/2023 13:00:00","BZN|EE","Without Sequence","0.96","",""
"25/06/2023 13:00:00 - 25/06/2023 14:00:00","BZN|EE","Without Sequence","5.53","",""
"25/06/2023 14:00:00 - 25/06/2023 15:00:00","BZN|EE","Without Sequence","21.65","",""
"25/06/2023 15:00:00 - 25/06/2023 16:00:00","BZN|EE","Without Sequence","59.23","",""
"25/06/2023 16:00:00 - 25/06/2023 17:00:00","BZN|EE","Without Sequence","106.10","",""
"25/06/2023 17:00:00 - 25/06/2023 18:00:00","BZN|EE","Without Sequence","126.93","",""
"25/06/2023 18:00:00 - 25/06/2023 19:00:00","BZN|EE","Without Sequence","163.02","",""
"25/06/2023 19:00:00 - 25/06/2023 20:00:00","BZN|EE","Without Sequence","159.52","",""
"25/06/2023 20:00:00 - 25/06/2023 21:00:00","BZN|EE","Without Sequence","141.81","",""
"25/06/2023 21:00:00 - 25/06/2023 22:00:00","BZN|EE","Without Sequence","119.00","",""
"25/06/2023 22:00:00 - 25/06/2023 23:00:00","BZN|EE","Without Sequence","118.06","",""
"25/06/2023 23:00:00 - 26/06/2023 00:00:00","BZN|EE","Without Sequence","107.96","",""
"26/06/2023 00:00:00 - 26/06/2023 01:00:00","BZN|EE","Without Sequence","95.41","",""
"26/06/2023 01:00:00 - 26/06/2023 02:00:00","BZN|EE","Without Sequence","88.10","",""
"26/06/2023 02:00:00 - 26/06/2023 03:00:00","BZN|EE","Without Sequence","86.55","",""
"26/06/2023 03:00:00 - 26/06/2023 04:00:00","BZN|EE","Without Sequence","101.27","",""
"26/06/2023 04:00:00 - 26/06/2023 05:00:00","BZN|EE","Without Sequence","124.64","",""
"26/06/2023 05:00:00 - 26/06/2023 06:00:00","BZN|EE","Without Sequence","132.45","",""
"26/06/2023 06:00:00 - 26/06/2023 07:00:00","BZN|EE","Without Sequence","120.60","",""
"26/06/2023 07:00:00 - 26/06/2023 08:00:00","BZN|EE","Without Sequence","101.52","",""
"26/06/2023 08:00:00 - 26/06/2023 09:00:00","BZN|EE","Without Sequence","87.90","",""
"26/06/2023 09:00:00 - 26/06/2023 10:00:00","BZN|EE","Without Sequence","82.84","",""
"26/06/2023 10:00:00 - 26/06/2023 11:00:00","BZN|EE","Without Sequence","89.13","",""
"26/06/2023 11:00:00 - 26/06/2023 12:00:00","BZN|EE","Without Sequence","80.59","",""
"26/06/2023 12:00:00 - 26/06/2023 13:00:00","BZN|EE","Without Sequence","88.82","",""
"26/06/2023 13:00:00 - 26/06/2023 14:00:00","BZN|EE","Without Sequence","108.16","",""
"26/06/2023 14:00:00 - 26/06/2023 15:00:00","BZN|EE","Without Sequence","123.22","",""
"26/06/2023 15:00:00 - 26/06/2023 16:00:00","BZN|EE","Without Sequence","140.03","",""
"26/06/2023 16:00:00 - 26/06/2023 17:00:00","BZN|EE","Without Sequence","150.39","",""
"26/06/2023 17:00:00 - 26/06/2023 18:00:00","BZN|EE","Without Sequence","203.13","",""
"26/06/2023 18:00:00 - 26/06/2023 19:00:00","BZN|EE","Without Sequence","216.47","",""
"26/06/2023 19:00:00 - 26/06/2023 20:00:00","BZN|EE","Without Sequence","198.42","",""
"26/06/2023 20:00:00 - 26/06/2023 21:00:00","BZN|EE","Without Sequence","164.32","",""
"26/06/2023 21:00:00 - 26/06/2023 22:00:00","BZN|EE","Without Sequence","143.93","",""
"26/06/2023 22:00:00 - 26/06/2023 23:00:00","BZN|EE","Without Sequence","115.10","",""
"26/06/2023 23:00:00 - 27/06/2023 00:00:00","BZN|EE","Without Sequence","101.02","",""
"27/06/2023 00:00:00 - 27/06/2023 01:00:00","BZN|EE","Without Sequence","93.51","",""
"27/06/2023 01:00:00 - 27/06/2023 02:00:00","BZN|EE","Without Sequence","94.23","",""
"27/06/2023 02:00:00 - 27/06/2023 03:00:00","BZN|EE","Without Sequence","89.07","",""
"27/06/2023 03:00:00 - 27/06/2023 04:00:00","BZN|EE","Without Sequence","92.21","",""
"27/06/2023 04:00:00 - 27/06/2023 05:00:00","BZN|EE","Without Sequence","115.29","",""
"27/06/2023 05:00:00 - 27/06/2023 06:00:00","BZN|EE","Without Sequence","130.00","",""
"27/06/2023 06:00:00 - 27/06/2023 07:00:00","BZN|EE","Without Sequence","127.24","",""
"27/06/2023 07:00:00 - 27/06/2023 08:00:00","BZN|EE","Without Sequence","102.21","",""
"27/06/2023 08:00:00 - 27/06/2023 09:00:00","BZN|EE","Without Sequence","84.60","",""
"27/06/2023 09:00:00 - 27/06/2023 10:00:00","BZN|EE","Without Sequence","84.59","",""
"27/06/2023 10:00:00 - 27/06/2023 11:00:00","BZN|EE","Without Sequence","88.12","",""
"27/06/2023 11:00:00 - 27/06/2023 12:00:00","BZN|EE","Without Sequence","100.71","",""
"27/06/2023 12:00:00 - 27/06/2023 13:00:00","BZN|EE","Without Sequence","102.90","",""
"27/06/2023 13:00:00 - 27/06/2023 14:00:00","BZN|EE","Without Sequence","102.61","",""
"27/06/2023 14:00:00 - 27/06/2023 15:00:00","BZN|EE","Without Sequence","89.05","",""
"27/06/2023 15:00:00 - 27/06/2023 16:00:00","BZN|EE","Without Sequence","96.40","",""
"27/06/2023 16:00:00 - 27/06/2023 17:00:00","BZN|EE","Without Sequence","117.45","",""
"27/06/2023 17:00:00 - 27/06/2023 18:00:00","BZN|EE","Without Sequence","136.23","",""
"27/06/2023 18:00:00 - 27/06/2023 19:00:00","BZN|EE","Without Sequence","159.21","",""
"27/06/2023 19:00:00 - 27/06/2023 20:00:00","BZN|EE","Without Sequence","155.65","",""
"27/06/2023 20:00:00 - 27/06/2023 21:00:00","BZN|EE","Without Sequence","122.06","",""
"27/06/2023 21:00:00 - 27/06/2023 22:00:00","BZN|EE","Without Sequence","113.38","",""
"27/06/2023 22:00:00 - 27/06/2023 23:00:00","BZN|EE","Without Sequence","98.50","",""
"27/06/2023 23:00:00 - 28/06/2023 00:00:00","BZN|EE","Without Sequence","90.75","",""
"28/06/2023 00:00:00 - 28/06/2023 01:00:00","BZN|EE","Without Sequence","87.39","",""
"28/06/2023 01:00:00 - 28/06/2023 02:00:00","BZN|EE","Without Sequence","86.36","",""
"28/06/2023 02:00:00 - 28/06/2023 03:00:00","BZN|EE","Without Sequence","87.18","",""
"28/06/2023 03:00:00 - 28/06/2023 04:00:00","BZN|EE","Without Sequence","94.17","",""
"28/06/2023 04:00:00 - 28/06/2023 05:00:00","BZN|EE","Without Sequence","116.04","",""
"28/06/2023 05:00:00 - 28/06/2023 06:00:00","BZN|EE","Without Sequence","131.50","",""
"28/06/2023 06:00:00 - 28/06/2023 07:00:00","BZN|EE","Without Sequence","127.92","",""
"28/06/2023 07:00:00 - 28/06/2023 08:00:00","BZN|EE","Without Sequence","113.65","",""
"28/06/2023 08:00:00 - 28/06/2023 09:00:00","BZN|EE","Without Sequence","101.89","",""
"28/06/2023 09:00:00 - 28/06/2023 10:00:00","BZN|EE","Without Sequence","99.30","",""
"28/06/2023 10:00:00 - 28/06/2023 11:00:00","BZN|EE","Without Sequence","101.18","",""
"28/06/2023 11:00:00 - 28/06/2023 12:00:00","BZN|EE","Without Sequence","97.42","",""
"28/06/2023 12:00:00 - 28/06/2023 13:00:00","BZN|EE","Without Sequence","95.59","",""
"28/06/2023 13:00:00 - 28/06/2023 14:00:00","BZN|EE","Without Sequence","95.39","",""
"28/06/2023 14:00:00 - 28/06/2023 15:00:00","BZN|EE","Without Sequence","97.60","",""
"28/06/2023 15:00:00 - 28/06/2023 16:00:00","BZN|EE","Without Sequence","107.08","",""
"28/06/2023 16:00:00 - 28/06/2023 17:00:00","BZN|EE","Without Sequence","138.87","",""
"28/06/2023 17:00:00 - 28/06/2023 18:00:00","BZN|EE","Without Sequence","155.18","",""
"28/06/2023 18:00:00 - 28/06/2023 19:00:00","BZN|EE","Without Sequence","166.37","",""
"28/06/2023 19:00:00 - 28/06/2023 20:00:00","BZN|EE","Without Sequence","157.60","",""
"28/06/2023 20:00:00 - 28/06/2023 21:00:00","BZN|EE","Without Sequence","140.00","",""
"28/06/2023 21:00:00 - 28/06/2023 22:00:00","BZN|EE","Without Sequence","121.10","",""
"28/06/2023 22:00:00 - 28/06/2023 23:00:00","BZN|EE","Without Sequence","119.46","",""
"28/06/2023 23:00:00 - 29/06/2023 00:00:00","BZN|EE","Without Sequence","110.06","",""
"29/06/2023 00:00:00 - 29/06/2023 01:00:00","BZN|EE","Without Sequence","101.72","",""
"29/06/2023 01:00:00 - 29/06/2023 02:00:00","BZN|EE","Without Sequence","95.73","",""
"29/06/2023 02:00:00 - 29/06/2023 03:00:00","BZN|EE","Without Sequence","99.78","",""
"29/06/2023 03:00:00 - 29/06/2023 04:00:00","BZN|EE","Without Sequence","104.46","",""
"29/06/2023 04:00:00 - 29/06/2023 05:00:00","BZN|EE","Without Sequence","123.98","",""
"29/06/2023 05:00:00 - 29/06/2023 06:00:00","BZN|EE","Without Sequence","130.65","",""
"29/06/2023 06:00:00 - 29/06/2023 07:00:00","BZN|EE","Without Sequence","130.31","",""
"29/06/2023 07:00:00 - 29/06/2023 08:00:00","BZN|EE","Without Sequence","116.39","",""
"29/06/2023 08:00:00 - 29/06/2023 09:00:00","BZN|EE","Without Sequence","105.95","",""
"29/06/2023 09:00:00 - 29/06/2023 10:00:00","BZN|EE","Without Sequence","98.60","",""
"29/06/2023 10:00:00 - 29/06/2023 11:00:00","BZN|EE","Without Sequence","99.99","",""
"29/06/2023 11:00:00 - 29/06/2023 12:00:00","BZN|EE","Without Sequence","98.24","",""
"29/06/2023 12:00:00 - 29/06/2023 13:00:00","BZN|EE","Without Sequence","98.60","",""
"29/06/2023 13:00:00 - 29/06/2023 14:00:00","BZN|EE","Without Sequence","100.00","",""
"29/06/2023 14:00:00 - 29/06/2023 15:00:00","BZN|EE","Without Sequence","101.12","",""
"29/06/2023 15:00:00 - 29/06/2023 16:00:00","BZN|EE","Without Sequence","112.03","",""
"29/06/2023 16:00:00 - 29/06/2023 17:00:00","BZN|EE","Without Sequence","139.19","",""
"29/06/2023 17:00:00 - 29/06/2023 18:00:00","BZN|EE","Without Sequence","166.25","",""
"29/06/2023 18:00:00 - 29/06/2023 19:00:00","BZN|EE","Without Sequence","171.58","",""
"29/06/2023 19:00:00 - 29/06/2023 20:00:00","BZN|EE","Without Sequence","154.73","",""
"29/06/2023 20:00:00 - 29/06/2023 21:00:00","BZN|EE","Without Sequence","141.81","",""
"29/06/2023 21:00:00 - 29/06/2023 22:00:00","BZN|EE","Without Sequence","121.11","",""
"29/06/2023 22:00:00 - 29/06/2023 23:00:00","BZN|EE","Without Sequence","117.06","",""
"29/06/2023 23:00:00 - 30/06/2023 00:00:00","BZN|EE","Without Sequence","100.92","",""
"30/06/2023 00:00:00 - 30/06/2023 01:00:00","BZN|EE","Without Sequence","94.24","",""
"30/06/2023 01:00:00 - 30/06/2023 02:00:00","BZN|EE","Without Sequence","95.30","",""
"30/06/2023 02:00:00 - 30/06/2023 03:00:00","BZN|EE","Without Sequence","93.81","",""
"30/06/2023 03:00:00 - 30/06/2023 04:00:00","BZN|EE","Without Sequence","111.35","",""
"30/06/2023 04:00:00 - 30/06/2023 05:00:00","BZN|EE","Without Sequence","134.17","",""
"30/06/2023 05:00:00 - 30/06/2023 06:00:00","BZN|EE","Without Sequence","138.01","",""
"30/06/2023 06:00:00 - 30/06/2023 07:00:00","BZN|EE","Without Sequence","98.08","",""
"30/06/2023 07:00:00 - 30/06/2023 08:00:00","BZN|EE","Without Sequence","84.90","",""
"30/06/2023 08:00:00 - 30/06/2023 09:00:00","BZN|EE","Without Sequence","84.98","",""
"30/06/2023 09:00:00 - 30/06/2023 10:00:00","BZN|EE","Without Sequence","84.33","",""
"30/06/2023 10:00:00 - 30/06/2023 11:00:00","BZN|EE","Without Sequence","81.39","",""
"30/06/2023 11:00:00 - 30/06/2023 12:00:00","BZN|EE","Without Sequence","80.01","",""
"30/06/2023 12:00:00 - 30/06/2023 13:00:00","BZN|EE","Without Sequence","79.15","",""
"30/06/2023 13:00:00 - 30/06/2023 14:00:00","BZN|EE","Without Sequence","76.29","",""
"30/06/2023 14:00:00 - 30/06/2023 15:00:00","BZN|EE","Without Sequence","69.67","",""
"30/06/2023 15:00:00 - 30/06/2023 16:00:00","BZN|EE","Without Sequence","68.90","",""
"30/06/2023 16:00:00 - 30/06/2023 17:00:00","BZN|EE","Without Sequence","84.49","",""
"30/06/2023 17:00:00 - 30/06/2023 18:00:00","BZN|EE","Without Sequence","84.50","",""
"30/06/2023 18:00:00 - 30/06/2023 19:00:00","BZN|EE","Without Sequence","135.08","",""
"30/06/2023 19:00:00 - 30/06/2023 20:00:00","BZN|EE","Without Sequence","135.04","",""
"30/06/2023 20:00:00 - 30/06/2023 21:00:00","BZN|EE","Without Sequence","127.12","",""
"30/06/2023 21:00:00 - 30/06/2023 22:00:00","BZN|EE","Without Sequence","95.75","",""
"30/06/2023 22:00:00 - 30/06/2023 23:00:00","BZN|EE","Without Sequence","134.85","",""
"30/06/2023 23:00:00 - 01/07/2023 00:00:00","BZN|EE","Without Sequence","132.53","",""
"01/07/2023 00:00:00 - 01/07/2023 01:00:00","BZN|EE","Without Sequence","84.69","",""
"01/07/2023 01:00:00 - 01/07/2023 02:00:00","BZN|EE","Without Sequence","19.96","",""
"01/07/2023 02:00:00 - 01/07/2023 03:00:00","BZN|EE","Without Sequence","19.77","",""
"01/07/2023 03:00:00 - 01/07/2023 04:00:00","BZN|EE","Without Sequence","84.69","",""
"01/07/2023 04:00:00 - 01/07/2023 05:00:00","BZN|EE","Without Sequence","111.74","",""
"01/07/2023 05:00:00 - 01/07/2023 06:00:00","BZN|EE","Without Sequence","111.21","",""
"01/07/2023 06:00:00 - 01/07/2023 07:00:00","BZN|EE","Without Sequence","99.06","",""
"01/07/2023 07:00:00 - 01/07/2023 08:00:00","BZN|EE","Without Sequence","64.51","",""
"01/07/2023 08:00:00 - 01/07/2023 09:00:00","BZN|EE","Without Sequence","43.80","",""
"01/07/2023 09:00:00 - 01/07/2023 10:00:00","BZN|EE","Without Sequence","24.61","",""
"01/07/2023 10:00:00 - 01/07/2023 11:00:00","BZN|EE","Without Sequence","16.83","",""
"01/07/2023 11:00:00 - 01/07/2023 12:00:00","BZN|EE","Without Sequence","4.43","",""
"01/07/2023 12:00:00 - 01/07/2023 13:00:00","BZN|EE","Without Sequence","0.07","",""
"01/07/2023 13:00:00 - 01/07/2023 14:00:00","BZN|EE","Without Sequence","0.99","",""
"01/07/2023 14:00:00 - 01/07/2023 15:00:00","BZN|EE","Without Sequence","12.67","",""
"01/07/2023 15:00:00 - 01/07/2023 16:00:00","BZN|EE","Without Sequence","52.40","",""
"01/07/2023 16:00:00 - 01/07/2023 17:00:00","BZN|EE","Without Sequence","67.88","",""
"01/07/2023 17:00:00 - 01/07/2023 18:00:00","BZN|EE","Without Sequence","84.70","",""
"01/07/2023 18:00:00 - 01/07/2023 19:00:00","BZN|EE","Without Sequence","147.16","",""
"01/07/2023 19:00:00 - 01/07/2023 20:00:00","BZN|EE","Without Sequence","122.95","",""
"01/07/2023 20:00:00 - 01/07/2023 21:00:00","BZN|EE","Without Sequence","55.12","",""
"01/07/2023 21:00:00 - 01/07/2023 22:00:00","BZN|EE","Without Sequence","45.34","",""
"01/07/2023 22:00:00 - 01/07/2023 23:00:00","BZN|EE","Without Sequence","16.45","",""
"01/07/2023 23:00:00 - 02/07/2023 00:00:00","BZN|EE","Without Sequence","3.17","",""
"02/07/2023 00:00:00 - 02/07/2023 01:00:00","BZN|EE","Without Sequence","0.01","",""
"02/07/2023 01:00:00 - 02/07/2023 02:00:00","BZN|EE","Without Sequence","0.00","",""
"02/07/2023 02:00:00 - 02/07/2023 03:00:00","BZN|EE","Without Sequence","-0.03","",""
"02/07/2023 03:00:00 - 02/07/2023 04:00:00","BZN|EE","Without Sequence","-0.05","",""
"02/07/2023 04:00:00 - 02/07/2023 05:00:00","BZN|EE","Without Sequence","-0.02","",""
"02/07/2023 05:00:00 - 02/07/2023 06:00:00","BZN|EE","Without Sequence","0.00","",""
"02/07/2023 06:00:00 - 02/07/2023 07:00:00","BZN|EE","Without Sequence","-0.10","",""
"02/07/2023 07:00:00 - 02/07/2023 08:00:00","BZN|EE","Without Sequence","0.01","",""
"02/07/2023 08:00:00 - 02/07/2023 09:00:00","BZN|EE","Without Sequence","0.01","",""
"02/07/2023 09:00:00 - 02/07/2023 10:00:00","BZN|EE","Without Sequence","0.00","",""
"02/07/2023 10:00:00 - 02/07/2023 11:00:00","BZN|EE","Without Sequence","0.00","",""
"02/07/2023 11:00:00 - 02/07/2023 12:00:00","BZN|EE","Without Sequence","0.00","",""
"02/07/2023 12:00:00 - 02/07/2023 13:00:00","BZN|EE","Without Sequence","0.00","",""
"02/07/2023 13:00:00 - 02/07/2023 14:00:00","BZN|EE","Without Sequence","-0.08","",""
"02/07/2023 14:00:00 - 02/07/2023 15:00:00","BZN|EE","Without Sequence","0.00","",""
"02/07/2023 15:00:00 - 02/07/2023 16:00:00","BZN|EE","Without Sequence","-0.03","",""
"02/07/2023 16:00:00 - 02/07/2023 17:00:00","BZN|EE","Without Sequence","0.00","",""
"02/07/2023 17:00:00 - 02/07/2023 18:00:00","BZN|EE","Without Sequence","4.97","",""
"02/07/2023 18:00:00 - 02/07/2023 19:00:00","BZN|EE","Without Sequence","28.47","",""
"02/07/2023 19:00:00 - 02/07/2023 20:00:00","BZN|EE","Without Sequence","28.28","",""
"02/07/2023 20:00:00 - 02/07/2023 21:00:00","BZN|EE","Without Sequence","21.33","",""
"02/07/2023 21:00:00 - 02/07/2023 22:00:00","BZN|EE","Without Sequence","16.83","",""
"02/07/2023 22:00:00 - 02/07/2023 23:00:00","BZN|EE","Without Sequence","21.50","",""
"02/07/2023 23:00:00 - 03/07/2023 00:00:00","BZN|EE","Without Sequence","19.97","",""
"03/07/2023 00:00:00 - 03/07/2023 01:00:00","BZN|EE","Without Sequence","17.74","",""
"03/07/2023 01:00:00 - 03/07/2023 02:00:00","BZN|EE","Without Sequence","9.93","",""
"03/07/2023 02:00:00 - 03/07/2023 03:00:00","BZN|EE","Without Sequence","9.91","",""
"03/07/2023 03:00:00 - 03/07/2023 04:00:00","BZN|EE","Without Sequence","17.97","",""
"03/07/2023 04:00:00 - 03/07/2023 05:00:00","BZN|EE","Without Sequence","39.94","",""
"03/07/2023 05:00:00 - 03/07/2023 06:00:00","BZN|EE","Without Sequence","55.30","",""
"03/07/2023 06:00:00 - 03/07/2023 07:00:00","BZN|EE","Without Sequence","57.66","",""
"03/07/2023 07:00:00 - 03/07/2023 08:00:00","BZN|EE","Without Sequence","41.66","",""
"03/07/2023 08:00:00 - 03/07/2023 09:00:00","BZN|EE","Without Sequence","21.06","",""
"03/07/2023 09:00:00 - 03/07/2023 10:00:00","BZN|EE","Without Sequence","17.35","",""
"03/07/2023 10:00:00 - 03/07/2023 11:00:00","BZN|EE","Without Sequence","16.50","",""
"03/07/2023 11:00:00 - 03/07/2023 12:00:00","BZN|EE","Without Sequence","14.74","",""
"03/07/2023 12:00:00 - 03/07/2023 13:00:00","BZN|EE","Without Sequence","11.09","",""
"03/07/2023 13:00:00 - 03/07/2023 14:00:00","BZN|EE","Without Sequence","9.99","",""
"03/07/2023 14:00:00 - 03/07/2023 15:00:00","BZN|EE","Without Sequence","17.11","",""
"03/07/2023 15:00:00 - 03/07/2023 16:00:00","BZN|EE","Without Sequence","21.96","",""
"03/07/2023 16:00:00 - 03/07/2023 17:00:00","BZN|EE","Without Sequence","52.50","",""
"03/07/2023 17:00:00 - 03/07/2023 18:00:00","BZN|EE","Without Sequence","84.40","",""
"03/07/2023 18:00:00 - 03/07/2023 19:00:00","BZN|EE","Without Sequence","53.88","",""
"03/07/2023 19:00:00 - 03/07/2023 20:00:00","BZN|EE","Without Sequence","51.17","",""
"03/07/2023 20:00:00 - 03/07/2023 21:00:00","BZN|EE","Without Sequence","45.37","",""
"03/07/2023 21:00:00 - 03/07/2023 22:00:00","BZN|EE","Without Sequence","36.95","",""
"03/07/2023 22:00:00 - 03/07/2023 23:00:00","BZN|EE","Without Sequence","22.70","",""
"03/07/2023 23:00:00 - 04/07/2023 00:00:00","BZN|EE","Without Sequence","21.53","",""
"04/07/2023 00:00:00 - 04/07/2023 01:00:00","BZN|EE","Without Sequence","20.00","",""
"04/07/2023 01:00:00 - 04/07/2023 02:00:00","BZN|EE","Without Sequence","19.80","",""
"04/07/2023 02:00:00 - 04/07/2023 03:00:00","BZN|EE","Without Sequence","21.67","",""
"04/07/2023 03:00:00 - 04/07/2023 04:00:00","BZN|EE","Without Sequence","24.95","",""
"04/07/2023 04:00:00 - 04/07/2023 05:00:00","BZN|EE","Without Sequence","116.09","",""
"04/07/2023 05:00:00 - 04/07/2023 06:00:00","BZN|EE","Without Sequence","119.97","",""
"04/07/2023 06:00:00 - 04/07/2023 07:00:00","BZN|EE","Without Sequence","95.05","",""
"04/07/2023 07:00:00 - 04/07/2023 08:00:00","BZN|EE","Without Sequence","73.88","",""
"04/07/2023 08:00:00 - 04/07/2023 09:00:00","BZN|EE","Without Sequence","37.15","",""
"04/07/2023 09:00:00 - 04/07/2023 10:00:00","BZN|EE","Without Sequence","23.57","",""
"04/07/2023 10:00:00 - 04/07/2023 11:00:00","BZN|EE","Without Sequence","24.19","",""
"04/07/2023 11:00:00 - 04/07/2023 12:00:00","BZN|EE","Without Sequence","23.86","",""
"04/07/2023 12:00:00 - 04/07/2023 13:00:00","BZN|EE","Without Sequence","60.86","",""
"04/07/2023 13:00:00 - 04/07/2023 14:00:00","BZN|EE","Without Sequence","39.22","",""
"04/07/2023 14:00:00 - 04/07/2023 15:00:00","BZN|EE","Without Sequence","67.53","",""
"04/07/2023 15:00:00 - 04/07/2023 16:00:00","BZN|EE","Without Sequence","93.68","",""
"04/07/2023 16:00:00 - 04/07/2023 17:00:00","BZN|EE","Without Sequence","124.16","",""
"04/07/2023 17:00:00 - 04/07/2023 18:00:00","BZN|EE","Without Sequence","166.41","",""
"04/07/2023 18:00:00 - 04/07/2023 19:00:00","BZN|EE","Without Sequence","183.55","",""
"04/07/2023 19:00:00 - 04/07/2023 20:00:00","BZN|EE","Without Sequence","151.49","",""
"04/07/2023 20:00:00 - 04/07/2023 21:00:00","BZN|EE","Without Sequence","124.38","",""
"04/07/2023 21:00:00 - 04/07/2023 22:00:00","BZN|EE","Without Sequence","65.89","",""
"04/07/2023 22:00:00 - 04/07/2023 23:00:00","BZN|EE","Without Sequence","43.63","",""
"04/07/2023 23:00:00 - 05/07/2023 00:00:00","BZN|EE","Without Sequence","34.57","",""
"05/07/2023 00:00:00 - 05/07/2023 01:00:00","BZN|EE","Without Sequence","30.73","",""
"05/07/2023 01:00:00 - 05/07/2023 02:00:00","BZN|EE","Without Sequence","82.79","",""
"05/07/2023 02:00:00 - 05/07/2023 03:00:00","BZN|EE","Without Sequence","49.69","",""
"05/07/2023 03:00:00 - 05/07/2023 04:00:00","BZN|EE","Without Sequence","66.24","",""
"05/07/2023 04:00:00 - 05/07/2023 05:00:00","BZN|EE","Without Sequence","85.06","",""
"05/07/2023 05:00:00 - 05/07/2023 06:00:00","BZN|EE","Without Sequence","143.52","",""
"05/07/2023 06:00:00 - 05/07/2023 07:00:00","BZN|EE","Without Sequence","58.20","",""
"05/07/2023 07:00:00 - 05/07/2023 08:00:00","BZN|EE","Without Sequence","62.33","",""
"05/07/2023 08:00:00 - 05/07/2023 09:00:00","BZN|EE","Without Sequence","62.12","",""
"05/07/2023 09:00:00 - 05/07/2023 10:00:00","BZN|EE","Without Sequence","49.52","",""
"05/07/2023 10:00:00 - 05/07/2023 11:00:00","BZN|EE","Without Sequence","45.83","",""
"05/07/2023 11:00:00 - 05/07/2023 12:00:00","BZN|EE","Without Sequence","45.00","",""
"05/07/2023 12:00:00 - 05/07/2023 13:00:00","BZN|EE","Without Sequence","43.14","",""
"05/07/2023 13:00:00 - 05/07/2023 14:00:00","BZN|EE","Without Sequence","41.45","",""
"05/07/2023 14:00:00 - 05/07/2023 15:00:00","BZN|EE","Without Sequence","39.22","",""
"05/07/2023 15:00:00 - 05/07/2023 16:00:00","BZN|EE","Without Sequence","82.79","",""
"05/07/2023 16:00:00 - 05/07/2023 17:00:00","BZN|EE","Without Sequence","163.03","",""
"05/07/2023 17:00:00 - 05/07/2023 18:00:00","BZN|EE","Without Sequence","163.55","",""
"05/07/2023 18:00:00 - 05/07/2023 19:00:00","BZN|EE","Without Sequence","162.91","",""
"05/07/2023 19:00:00 - 05/07/2023 20:00:00","BZN|EE","Without Sequence","155.30","",""
"05/07/2023 20:00:00 - 05/07/2023 21:00:00","BZN|EE","Without Sequence","95.07","",""
"05/07/2023 21:00:00 - 05/07/2023 22:00:00","BZN|EE","Without Sequence","115.02","",""
"05/07/2023 22:00:00 - 05/07/2023 23:00:00","BZN|EE","Without Sequence","40.54","",""
"05/07/2023 23:00:00 - 06/07/2023 00:00:00","BZN|EE","Without Sequence","37.30","",""
"06/07/2023 00:00:00 - 06/07/2023 01:00:00","BZN|EE","Without Sequence","36.79","",""
"06/07/2023 01:00:00 - 06/07/2023 02:00:00","BZN|EE","Without Sequence","36.99","",""
"06/07/2023 02:00:00 - 06/07/2023 03:00:00","BZN|EE","Without Sequence","41.36","",""
"06/07/2023 03:00:00 - 06/07/2023 04:00:00","BZN|EE","Without Sequence","94.37","",""
"06/07/2023 04:00:00 - 06/07/2023 05:00:00","BZN|EE","Without Sequence","113.75","",""
"06/07/2023 05:00:00 - 06/07/2023 06:00:00","BZN|EE","Without Sequence","145.02","",""
"06/07/2023 06:00:00 - 06/07/2023 07:00:00","BZN|EE","Without Sequence","124.85","",""
"06/07/2023 07:00:00 - 06/07/2023 08:00:00","BZN|EE","Without Sequence","110.97","",""
"06/07/2023 08:00:00 - 06/07/2023 09:00:00","BZN|EE","Without Sequence","95.06","",""
"06/07/2023 09:00:00 - 06/07/2023 10:00:00","BZN|EE","Without Sequence","86.14","",""
"06/07/2023 10:00:00 - 06/07/2023 11:00:00","BZN|EE","Without Sequence","80.95","",""
"06/07/2023 11:00:00 - 06/07/2023 12:00:00","BZN|EE","Without Sequence","79.68","",""
"06/07/2023 12:00:00 - 06/07/2023 13:00:00","BZN|EE","Without Sequence","79.19","",""
"06/07/2023 13:00:00 - 06/07/2023 14:00:00","BZN|EE","Without Sequence","84.05","",""
"06/07/2023 14:00:00 - 06/07/2023 15:00:00","BZN|EE","Without Sequence","88.10","",""
"06/07/2023 15:00:00 - 06/07/2023 16:00:00","BZN|EE","Without Sequence","102.36","",""
"06/07/2023 16:00:00 - 06/07/2023 17:00:00","BZN|EE","Without Sequence","128.77","",""
"06/07/2023 17:00:00 - 06/07/2023 18:00:00","BZN|EE","Without Sequence","157.16","",""
"06/07/2023 18:00:00 - 06/07/2023 19:00:00","BZN|EE","Without Sequence","182.19","",""
"06/07/2023 19:00:00 - 06/07/2023 20:00:00","BZN|EE","Without Sequence","181.87","",""
"06/07/2023 20:00:00 - 06/07/2023 21:00:00","BZN|EE","Without Sequence","136.74","",""
"06/07/2023 21:00:00 - 06/07/2023 22:00:00","BZN|EE","Without Sequence","118.98","",""
"06/07/2023 22:00:00 - 06/07/2023 23:00:00","BZN|EE","Without Sequence","81.90","",""
"06/07/2023 23:00:00 - 07/07/2023 00:00:00","BZN|EE","Without Sequence","53.67","",""
"07/07/2023 00:00:00 - 07/07/2023 01:00:00","BZN|EE","Without Sequence","50.90","",""
"07/07/2023 01:00:00 - 07/07/2023 02:00:00","BZN|EE","Without Sequence","49.58","",""
"07/07/2023 02:00:00 - 07/07/2023 03:00:00","BZN|EE","Without Sequence","50.40","",""
"07/07/2023 03:00:00 - 07/07/2023 04:00:00","BZN|EE","Without Sequence","101.25","",""
"07/07/2023 04:00:00 - 07/07/2023 05:00:00","BZN|EE","Without Sequence","132.15","",""
"07/07/2023 05:00:00 - 07/07/2023 06:00:00","BZN|EE","Without Sequence","121.80","",""
"07/07/2023 06:00:00 - 07/07/2023 07:00:00","BZN|EE","Without Sequence","74.62","",""
"07/07/2023 07:00:00 - 07/07/2023 08:00:00","BZN|EE","Without Sequence","74.79","",""
"07/07/2023 08:00:00 - 07/07/2023 09:00:00","BZN|EE","Without Sequence","75.18","",""
"07/07/2023 09:00:00 - 07/07/2023 10:00:00","BZN|EE","Without Sequence","72.82","",""
"07/07/2023 10:00:00 - 07/07/2023 11:00:00","BZN|EE","Without Sequence","73.10","",""
"07/07/2023 11:00:00 - 07/07/2023 12:00:00","BZN|EE","Without Sequence","64.97","",""
"07/07/2023 12:00:00 - 07/07/2023 13:00:00","BZN|EE","Without Sequence","63.42","",""
"07/07/2023 13:00:00 - 07/07/2023 14:00:00","BZN|EE","Without Sequence","64.44","",""
"07/07/2023 14:00:00 - 07/07/2023 15:00:00","BZN|EE","Without Sequence","64.25","",""
"07/07/2023 15:00:00 - 07/07/2023 16:00:00","BZN|EE","Without Sequence","90.00","",""
"07/07/2023 16:00:00 - 07/07/2023 17:00:00","BZN|EE","Without Sequence","120.48","",""
"07/07/2023 17:00:00 - 07/07/2023 18:00:00","BZN|EE","Without Sequence","145.24","",""
"07/07/2023 18:00:00 - 07/07/2023 19:00:00","BZN|EE","Without Sequence","171.12","",""
"07/07/2023 19:00:00 - 07/07/2023 20:00:00","BZN|EE","Without Sequence","138.94","",""
"07/07/2023 20:00:00 - 07/07/2023 21:00:00","BZN|EE","Without Sequence","81.90","",""
"07/07/2023 21:00:00 - 07/07/2023 22:00:00","BZN|EE","Without Sequence","81.90","",""
"07/07/2023 22:00:00 - 07/07/2023 23:00:00","BZN|EE","Without Sequence","52.98","",""
"07/07/2023 23:00:00 - 08/07/2023 00:00:00","BZN|EE","Without Sequence","48.56","",""
"08/07/2023 00:00:00 - 08/07/2023 01:00:00","BZN|EE","Without Sequence","43.87","",""
"08/07/2023 01:00:00 - 08/07/2023 02:00:00","BZN|EE","Without Sequence","41.80","",""
"08/07/2023 02:00:00 - 08/07/2023 03:00:00","BZN|EE","Without Sequence","41.13","",""
"08/07/2023 03:00:00 - 08/07/2023 04:00:00","BZN|EE","Without Sequence","43.22","",""
"08/07/2023 04:00:00 - 08/07/2023 05:00:00","BZN|EE","Without Sequence","47.52","",""
"08/07/2023 05:00:00 - 08/07/2023 06:00:00","BZN|EE","Without Sequence","53.68","",""
"08/07/2023 06:00:00 - 08/07/2023 07:00:00","BZN|EE","Without Sequence","55.43","",""
"08/07/2023 07:00:00 - 08/07/2023 08:00:00","BZN|EE","Without Sequence","55.26","",""
"08/07/2023 08:00:00 - 08/07/2023 09:00:00","BZN|EE","Without Sequence","55.32","",""
"08/07/2023 09:00:00 - 08/07/2023 10:00:00","BZN|EE","Without Sequence","46.32","",""
"08/07/2023 10:00:00 - 08/07/2023 11:00:00","BZN|EE","Without Sequence","35.69","",""
"08/07/2023 11:00:00 - 08/07/2023 12:00:00","BZN|EE","Without Sequence","22.46","",""
"08/07/2023 12:00:00 - 08/07/2023 13:00:00","BZN|EE","Without Sequence","22.43","",""
"08/07/2023 13:00:00 - 08/07/2023 14:00:00","BZN|EE","Without Sequence","41.59","",""
"08/07/2023 14:00:00 - 08/07/2023 15:00:00","BZN|EE","Without Sequence","57.68","",""
"08/07/2023 15:00:00 - 08/07/2023 16:00:00","BZN|EE","Without Sequence","58.00","",""
"08/07/2023 16:00:00 - 08/07/2023 17:00:00","BZN|EE","Without Sequence","85.49","",""
"08/07/2023 17:00:00 - 08/07/2023 18:00:00","BZN|EE","Without Sequence","100.04","",""
"08/07/2023 18:00:00 - 08/07/2023 19:00:00","BZN|EE","Without Sequence","100.07","",""
"08/07/2023 19:00:00 - 08/07/2023 20:00:00","BZN|EE","Without Sequence","110.01","",""
"08/07/2023 20:00:00 - 08/07/2023 21:00:00","BZN|EE","Without Sequence","100.03","",""
"08/07/2023 21:00:00 - 08/07/2023 22:00:00","BZN|EE","Without Sequence","93.80","",""
"08/07/2023 22:00:00 - 08/07/2023 23:00:00","BZN|EE","Without Sequence","52.28","",""
"08/07/2023 23:00:00 - 09/07/2023 00:00:00","BZN|EE","Without Sequence","51.18","",""
"09/07/2023 00:00:00 - 09/07/2023 01:00:00","BZN|EE","Without Sequence","50.08","",""
"09/07/2023 01:00:00 - 09/07/2023 02:00:00","BZN|EE","Without Sequence","50.00","",""
"09/07/2023 02:00:00 - 09/07/2023 03:00:00","BZN|EE","Without Sequence","49.99","",""
"09/07/2023 03:00:00 - 09/07/2023 04:00:00","BZN|EE","Without Sequence","50.55","",""
"09/07/2023 04:00:00 - 09/07/2023 05:00:00","BZN|EE","Without Sequence","54.72","",""
"09/07/2023 05:00:00 - 09/07/2023 06:00:00","BZN|EE","Without Sequence","55.94","",""
"09/07/2023 06:00:00 - 09/07/2023 07:00:00","BZN|EE","Without Sequence","57.74","",""
"09/07/2023 07:00:00 - 09/07/2023 08:00:00","BZN|EE","Without Sequence","59.69","",""
"09/07/2023 08:00:00 - 09/07/2023 09:00:00","BZN|EE","Without Sequence","58.74","",""
"09/07/2023 09:00:00 - 09/07/2023 10:00:00","BZN|EE","Without Sequence","50.48","",""
"09/07/2023 10:00:00 - 09/07/2023 11:00:00","BZN|EE","Without Sequence","45.69","",""
"09/07/2023 11:00:00 - 09/07/2023 12:00:00","BZN|EE","Without Sequence","36.99","",""
"09/07/2023 12:00:00 - 09/07/2023 13:00:00","BZN|EE","Without Sequence","44.85","",""
"09/07/2023 13:00:00 - 09/07/2023 14:00:00","BZN|EE","Without Sequence","55.15","",""
"09/07/2023 14:00:00 - 09/07/2023 15:00:00","BZN|EE","Without Sequence","63.40","",""
"09/07/2023 15:00:00 - 09/07/2023 16:00:00","BZN|EE","Without Sequence","62.71","",""
"09/07/2023 16:00:00 - 09/07/2023 17:00:00","BZN|EE","Without Sequence","64.93","",""
"09/07/2023 17:00:00 - 09/07/2023 18:00:00","BZN|EE","Without Sequence","85.60","",""
"09/07/2023 18:00:00 - 09/07/2023 19:00:00","BZN|EE","Without Sequence","132.19","",""
"09/07/2023 19:00:00 - 09/07/2023 20:00:00","BZN|EE","Without Sequence","85.59","",""
"09/07/2023 20:00:00 - 09/07/2023 21:00:00","BZN|EE","Without Sequence","58.48","",""
"09/07/2023 21:00:00 - 09/07/2023 22:00:00","BZN|EE","Without Sequence","56.77","",""
"09/07/2023 22:00:00 - 09/07/2023 23:00:00","BZN|EE","Without Sequence","56.00","",""
"09/07/2023 23:00:00 - 10/07/2023 00:00:00","BZN|EE","Without Sequence","55.64","",""
"10/07/2023 00:00:00 - 10/07/2023 01:00:00","BZN|EE","Without Sequence","55.21","",""
"10/07/2023 01:00:00 - 10/07/2023 02:00:00","BZN|EE","Without Sequence","55.29","",""
"10/07/2023 02:00:00 - 10/07/2023 03:00:00","BZN|EE","Without Sequence","55.42","",""
"10/07/2023 03:00:00 - 10/07/2023 04:00:00","BZN|EE","Without Sequence","105.13","",""
"10/07/2023 04:00:00 - 10/07/2023 05:00:00","BZN|EE","Without Sequence","121.38","",""
"10/07/2023 05:00:00 - 10/07/2023 06:00:00","BZN|EE","Without Sequence","132.64","",""
"10/07/2023 06:00:00 - 10/07/2023 07:00:00","BZN|EE","Without Sequence","134.27","",""
"10/07/2023 07:00:00 - 10/07/2023 08:00:00","BZN|EE","Without Sequence","88.34","",""
"10/07/2023 08:00:00 - 10/07/2023 09:00:00","BZN|EE","Without Sequence","75.98","",""
"10/07/2023 09:00:00 - 10/07/2023 10:00:00","BZN|EE","Without Sequence","68.42","",""
"10/07/2023 10:00:00 - 10/07/2023 11:00:00","BZN|EE","Without Sequence","71.59","",""
"10/07/2023 11:00:00 - 10/07/2023 12:00:00","BZN|EE","Without Sequence","68.42","",""
"10/07/2023 12:00:00 - 10/07/2023 13:00:00","BZN|EE","Without Sequence","62.10","",""
"10/07/2023 13:00:00 - 10/07/2023 14:00:00","BZN|EE","Without Sequence","61.81","",""
"10/07/2023 14:00:00 - 10/07/2023 15:00:00","BZN|EE","Without Sequence","85.59","",""
"10/07/2023 15:00:00 - 10/07/2023 16:00:00","BZN|EE","Without Sequence","161.19","",""
"10/07/2023 16:00:00 - 10/07/2023 17:00:00","BZN|EE","Without Sequence","161.31","",""
"10/07/2023 17:00:00 - 10/07/2023 18:00:00","BZN|EE","Without Sequence","165.49","",""
"10/07/2023 18:00:00 - 10/07/2023 19:00:00","BZN|EE","Without Sequence","175.92","",""
"10/07/2023 19:00:00 - 10/07/2023 20:00:00","BZN|EE","Without Sequence","179.41","",""
"10/07/2023 20:00:00 - 10/07/2023 21:00:00","BZN|EE","Without Sequence","162.79","",""
"10/07/2023 21:00:00 - 10/07/2023 22:00:00","BZN|EE","Without Sequence","125.06","",""
"10/07/2023 22:00:00 - 10/07/2023 23:00:00","BZN|EE","Without Sequence","124.41","",""
"10/07/2023 23:00:00 - 11/07/2023 00:00:00","BZN|EE","Without Sequence","85.40","",""
"11/07/2023 00:00:00 - 11/07/2023 01:00:00","BZN|EE","Without Sequence","85.39","",""
"11/07/2023 01:00:00 - 11/07/2023 02:00:00","BZN|EE","Without Sequence","65.10","",""
"11/07/2023 02:00:00 - 11/07/2023 03:00:00","BZN|EE","Without Sequence","85.40","",""
"11/07/2023 03:00:00 - 11/07/2023 04:00:00","BZN|EE","Without Sequence","111.60","",""
"11/07/2023 04:00:00 - 11/07/2023 05:00:00","BZN|EE","Without Sequence","123.22","",""
"11/07/2023 05:00:00 - 11/07/2023 06:00:00","BZN|EE","Without Sequence","125.40","",""
"11/07/2023 06:00:00 - 11/07/2023 07:00:00","BZN|EE","Without Sequence","120.95","",""
"11/07/2023 07:00:00 - 11/07/2023 08:00:00","BZN|EE","Without Sequence","61.91","",""
"11/07/2023 08:00:00 - 11/07/2023 09:00:00","BZN|EE","Without Sequence","59.76","",""
"11/07/2023 09:00:00 - 11/07/2023 10:00:00","BZN|EE","Without Sequence","61.95","",""
"11/07/2023 10:00:00 - 11/07/2023 11:00:00","BZN|EE","Without Sequence","55.97","",""
"11/07/2023 11:00:00 - 11/07/2023 12:00:00","BZN|EE","Without Sequence","47.53","",""
"11/07/2023 12:00:00 - 11/07/2023 13:00:00","BZN|EE","Without Sequence","47.39","",""
"11/07/2023 13:00:00 - 11/07/2023 14:00:00","BZN|EE","Without Sequence","57.88","",""
"11/07/2023 14:00:00 - 11/07/2023 15:00:00","BZN|EE","Without Sequence","85.39","",""
"11/07/2023 15:00:00 - 11/07/2023 16:00:00","BZN|EE","Without Sequence","161.82","",""
"11/07/2023 16:00:00 - 11/07/2023 17:00:00","BZN|EE","Without Sequence","171.83","",""
"11/07/2023 17:00:00 - 11/07/2023 18:00:00","BZN|EE","Without Sequence","172.90","",""
"11/07/2023 18:00:00 - 11/07/2023 19:00:00","BZN|EE","Without Sequence","179.49","",""
"11/07/2023 19:00:00 - 11/07/2023 20:00:00","BZN|EE","Without Sequence","166.01","",""
"11/07/2023 20:00:00 - 11/07/2023 21:00:00","BZN|EE","Without Sequence","161.61","",""
"11/07/2023 21:00:00 - 11/07/2023 22:00:00","BZN|EE","Without Sequence","120.75","",""
"11/07/2023 22:00:00 - 11/07/2023 23:00:00","BZN|EE","Without Sequence","98.47","",""
"11/07/2023 23:00:00 - 12/07/2023 00:00:00","BZN|EE","Without Sequence","91.00","",""
"12/07/2023 00:00:00 - 12/07/2023 01:00:00","BZN|EE","Without Sequence","90.00","",""
"12/07/2023 01:00:00 - 12/07/2023 02:00:00","BZN|EE","Without Sequence","82.09","",""
"12/07/2023 02:00:00 - 12/07/2023 03:00:00","BZN|EE","Without Sequence","83.64","",""
"12/07/2023 03:00:00 - 12/07/2023 04:00:00","BZN|EE","Without Sequence","85.23","",""
"12/07/2023 04:00:00 - 12/07/2023 05:00:00","BZN|EE","Without Sequence","102.25","",""
"12/07/2023 05:00:00 - 12/07/2023 06:00:00","BZN|EE","Without Sequence","118.07","",""
"12/07/2023 06:00:00 - 12/07/2023 07:00:00","BZN|EE","Without Sequence","85.42","",""
"12/07/2023 07:00:00 - 12/07/2023 08:00:00","BZN|EE","Without Sequence","53.74","",""
"12/07/2023 08:00:00 - 12/07/2023 09:00:00","BZN|EE","Without Sequence","54.34","",""
"12/07/2023 09:00:00 - 12/07/2023 10:00:00","BZN|EE","Without Sequence","50.77","",""
"12/07/2023 10:00:00 - 12/07/2023 11:00:00","BZN|EE","Without Sequence","47.73","",""
"12/07/2023 11:00:00 - 12/07/2023 12:00:00","BZN|EE","Without Sequence","42.89","",""
"12/07/2023 12:00:00 - 12/07/2023 13:00:00","BZN|EE","Without Sequence","43.01","",""
"12/07/2023 13:00:00 - 12/07/2023 14:00:00","BZN|EE","Without Sequence","48.64","",""
"12/07/2023 14:00:00 - 12/07/2023 15:00:00","BZN|EE","Without Sequence","85.41","",""
"12/07/2023 15:00:00 - 12/07/2023 16:00:00","BZN|EE","Without Sequence","160.86","",""
"12/07/2023 16:00:00 - 12/07/2023 17:00:00","BZN|EE","Without Sequence","163.19","",""
"12/07/2023 17:00:00 - 12/07/2023 18:00:00","BZN|EE","Without Sequence","174.56","",""
"12/07/2023 18:00:00 - 12/07/2023 19:00:00","BZN|EE","Without Sequence","165.24","",""
"12/07/2023 19:00:00 - 12/07/2023 20:00:00","BZN|EE","Without Sequence","161.13","",""
"12/07/2023 20:00:00 - 12/07/2023 21:00:00","BZN|EE","Without Sequence","146.23","",""
"12/07/2023 21:00:00 - 12/07/2023 22:00:00","BZN|EE","Without Sequence","121.80","",""
"12/07/2023 22:00:00 - 12/07/2023 23:00:00","BZN|EE","Without Sequence","109.20","",""
"12/07/2023 23:00:00 - 13/07/2023 00:00:00","BZN|EE","Without Sequence","101.97","",""
"13/07/2023 00:00:00 - 13/07/2023 01:00:00","BZN|EE","Without Sequence","95.27","",""
"13/07/2023 01:00:00 - 13/07/2023 02:00:00","BZN|EE","Without Sequence","96.72","",""
"13/07/2023 02:00:00 - 13/07/2023 03:00:00","BZN|EE","Without Sequence","96.10","",""
"13/07/2023 03:00:00 - 13/07/2023 04:00:00","BZN|EE","Without Sequence","101.43","",""
"13/07/2023 04:00:00 - 13/07/2023 05:00:00","BZN|EE","Without Sequence","107.50","",""
"13/07/2023 05:00:00 - 13/07/2023 06:00:00","BZN|EE","Without Sequence","122.42","",""
"13/07/2023 06:00:00 - 13/07/2023 07:00:00","BZN|EE","Without Sequence","119.10","",""
"13/07/2023 07:00:00 - 13/07/2023 08:00:00","BZN|EE","Without Sequence","104.46","",""
"13/07/2023 08:00:00 - 13/07/2023 09:00:00","BZN|EE","Without Sequence","90.45","",""
"13/07/2023 09:00:00 - 13/07/2023 10:00:00","BZN|EE","Without Sequence","85.17","",""
"13/07/2023 10:00:00 - 13/07/2023 11:00:00","BZN|EE","Without Sequence","67.29","",""
"13/07/2023 11:00:00 - 13/07/2023 12:00:00","BZN|EE","Without Sequence","46.50","",""
"13/07/2023 12:00:00 - 13/07/2023 13:00:00","BZN|EE","Without Sequence","50.01","",""
"13/07/2023 13:00:00 - 13/07/2023 14:00:00","BZN|EE","Without Sequence","70.64","",""
"13/07/2023 14:00:00 - 13/07/2023 15:00:00","BZN|EE","Without Sequence","125.06","",""
"13/07/2023 15:00:00 - 13/07/2023 16:00:00","BZN|EE","Without Sequence","161.55","",""
"13/07/2023 16:00:00 - 13/07/2023 17:00:00","BZN|EE","Without Sequence","164.76","",""
"13/07/2023 17:00:00 - 13/07/2023 18:00:00","BZN|EE","Without Sequence","166.46","",""
"13/07/2023 18:00:00 - 13/07/2023 19:00:00","BZN|EE","Without Sequence","165.58","",""
"13/07/2023 19:00:00 - 13/07/2023 20:00:00","BZN|EE","Without Sequence","161.60","",""
"13/07/2023 20:00:00 - 13/07/2023 21:00:00","BZN|EE","Without Sequence","147.33","",""
"13/07/2023 21:00:00 - 13/07/2023 22:00:00","BZN|EE","Without Sequence","117.72","",""
"13/07/2023 22:00:00 - 13/07/2023 23:00:00","BZN|EE","Without Sequence","101.00","",""
"13/07/2023 23:00:00 - 14/07/2023 00:00:00","BZN|EE","Without Sequence","96.36","",""
"14/07/2023 00:00:00 - 14/07/2023 01:00:00","BZN|EE","Without Sequence","92.65","",""
"14/07/2023 01:00:00 - 14/07/2023 02:00:00","BZN|EE","Without Sequence","93.05","",""
"14/07/2023 02:00:00 - 14/07/2023 03:00:00","BZN|EE","Without Sequence","92.68","",""
"14/07/2023 03:00:00 - 14/07/2023 04:00:00","BZN|EE","Without Sequence","98.43","",""
"14/07/2023 04:00:00 - 14/07/2023 05:00:00","BZN|EE","Without Sequence","112.35","",""
"14/07/2023 05:00:00 - 14/07/2023 06:00:00","BZN|EE","Without Sequence","113.10","",""
"14/07/2023 06:00:00 - 14/07/2023 07:00:00","BZN|EE","Without Sequence","103.01","",""
"14/07/2023 07:00:00 - 14/07/2023 08:00:00","BZN|EE","Without Sequence","85.07","",""
"14/07/2023 08:00:00 - 14/07/2023 09:00:00","BZN|EE","Without Sequence","79.71","",""
"14/07/2023 09:00:00 - 14/07/2023 10:00:00","BZN|EE","Without Sequence","76.06","",""
"14/07/2023 10:00:00 - 14/07/2023 11:00:00","BZN|EE","Without Sequence","73.95","",""
"14/07/2023 11:00:00 - 14/07/2023 12:00:00","BZN|EE","Without Sequence","69.93","",""
"14/07/2023 12:00:00 - 14/07/2023 13:00:00","BZN|EE","Without Sequence","74.98","",""
"14/07/2023 13:00:00 - 14/07/2023 14:00:00","BZN|EE","Without Sequence","79.29","",""
"14/07/2023 14:00:00 - 14/07/2023 15:00:00","BZN|EE","Without Sequence","85.62","",""
"14/07/2023 15:00:00 - 14/07/2023 16:00:00","BZN|EE","Without Sequence","97.09","",""
"14/07/2023 16:00:00 - 14/07/2023 17:00:00","BZN|EE","Without Sequence","113.10","",""
"14/07/2023 17:00:00 - 14/07/2023 18:00:00","BZN|EE","Without Sequence","137.54","",""
"14/07/2023 18:00:00 - 14/07/2023 19:00:00","BZN|EE","Without Sequence","138.26","",""
"14/07/2023 19:00:00 - 14/07/2023 20:00:00","BZN|EE","Without Sequence","126.71","",""
"14/07/2023 20:00:00 - 14/07/2023 21:00:00","BZN|EE","Without Sequence","121.35","",""
"14/07/2023 21:00:00 - 14/07/2023 22:00:00","BZN|EE","Without Sequence","112.59","",""
"14/07/2023 22:00:00 - 14/07/2023 23:00:00","BZN|EE","Without Sequence","119.12","",""
"14/07/2023 23:00:00 - 15/07/2023 00:00:00","BZN|EE","Without Sequence","80.42","",""
"15/07/2023 00:00:00 - 15/07/2023 01:00:00","BZN|EE","Without Sequence","29.15","",""
"15/07/2023 01:00:00 - 15/07/2023 02:00:00","BZN|EE","Without Sequence","19.98","",""
"15/07/2023 02:00:00 - 15/07/2023 03:00:00","BZN|EE","Without Sequence","17.71","",""
"15/07/2023 03:00:00 - 15/07/2023 04:00:00","BZN|EE","Without Sequence","13.69","",""
"15/07/2023 04:00:00 - 15/07/2023 05:00:00","BZN|EE","Without Sequence","20.88","",""
"15/07/2023 05:00:00 - 15/07/2023 06:00:00","BZN|EE","Without Sequence","22.60","",""
"15/07/2023 06:00:00 - 15/07/2023 07:00:00","BZN|EE","Without Sequence","29.95","",""
"15/07/2023 07:00:00 - 15/07/2023 08:00:00","BZN|EE","Without Sequence","17.41","",""
"15/07/2023 08:00:00 - 15/07/2023 09:00:00","BZN|EE","Without Sequence","4.69","",""
"15/07/2023 09:00:00 - 15/07/2023 10:00:00","BZN|EE","Without Sequence","0.02","",""
"15/07/2023 10:00:00 - 15/07/2023 11:00:00","BZN|EE","Without Sequence","0.01","",""
"15/07/2023 11:00:00 - 15/07/2023 12:00:00","BZN|EE","Without Sequence","-0.13","",""
"15/07/2023 12:00:00 - 15/07/2023 13:00:00","BZN|EE","Without Sequence","-1.03","",""
"15/07/2023 13:00:00 - 15/07/2023 14:00:00","BZN|EE","Without Sequence","-0.10","",""
"15/07/2023 14:00:00 - 15/07/2023 15:00:00","BZN|EE","Without Sequence","1.77","",""
"15/07/2023 15:00:00 - 15/07/2023 16:00:00","BZN|EE","Without Sequence","20.90","",""
"15/07/2023 16:00:00 - 15/07/2023 17:00:00","BZN|EE","Without Sequence","80.74","",""
"15/07/2023 17:00:00 - 15/07/2023 18:00:00","BZN|EE","Without Sequence","93.56","",""
"15/07/2023 18:00:00 - 15/07/2023 19:00:00","BZN|EE","Without Sequence","96.93","",""
"15/07/2023 19:00:00 - 15/07/2023 20:00:00","BZN|EE","Without Sequence","93.01","",""
"15/07/2023 20:00:00 - 15/07/2023 21:00:00","BZN|EE","Without Sequence","83.15","",""
"15/07/2023 21:00:00 - 15/07/2023 22:00:00","BZN|EE","Without Sequence","25.37","",""
"15/07/2023 22:00:00 - 15/07/2023 23:00:00","BZN|EE","Without Sequence","22.10","",""
"15/07/2023 23:00:00 - 16/07/2023 00:00:00","BZN|EE","Without Sequence","12.42","",""
"16/07/2023 00:00:00 - 16/07/2023 01:00:00","BZN|EE","Without Sequence","2.60","",""
"16/07/2023 01:00:00 - 16/07/2023 02:00:00","BZN|EE","Without Sequence","0.07","",""
"16/07/2023 02:00:00 - 16/07/2023 03:00:00","BZN|EE","Without Sequence","0.00","",""
"16/07/2023 03:00:00 - 16/07/2023 04:00:00","BZN|EE","Without Sequence","-0.43","",""
"16/07/2023 04:00:00 - 16/07/2023 05:00:00","BZN|EE","Without Sequence","-2.07","",""
"16/07/2023 05:00:00 - 16/07/2023 06:00:00","BZN|EE","Without Sequence","0.15","",""
"16/07/2023 06:00:00 - 16/07/2023 07:00:00","BZN|EE","Without Sequence","-2.09","",""
"16/07/2023 07:00:00 - 16/07/2023 08:00:00","BZN|EE","Without Sequence","-5.30","",""
"16/07/2023 08:00:00 - 16/07/2023 09:00:00","BZN|EE","Without Sequence","-6.76","",""
"16/07/2023 09:00:00 - 16/07/2023 10:00:00","BZN|EE","Without Sequence","-13.03","",""
"16/07/2023 10:00:00 - 16/07/2023 11:00:00","BZN|EE","Without Sequence","-38.39","",""
"16/07/2023 11:00:00 - 16/07/2023 12:00:00","BZN|EE","Without Sequence","-50.09","",""
"16/07/2023 12:00:00 - 16/07/2023 13:00:00","BZN|EE","Without Sequence","-60.04","",""
"16/07/2023 13:00:00 - 16/07/2023 14:00:00","BZN|EE","Without Sequence","-48.31","",""
"16/07/2023 14:00:00 - 16/07/2023 15:00:00","BZN|EE","Without Sequence","-10.10","",""
"16/07/2023 15:00:00 - 16/07/2023 16:00:00","BZN|EE","Without Sequence","0.00","",""
"16/07/2023 16:00:00 - 16/07/2023 17:00:00","BZN|EE","Without Sequence","124.55","",""
"16/07/2023 17:00:00 - 16/07/2023 18:00:00","BZN|EE","Without Sequence","131.39","",""
"16/07/2023 18:00:00 - 16/07/2023 19:00:00","BZN|EE","Without Sequence","147.69","",""
"16/07/2023 19:00:00 - 16/07/2023 20:00:00","BZN|EE","Without Sequence","147.57","",""
"16/07/2023 20:00:00 - 16/07/2023 21:00:00","BZN|EE","Without Sequence","129.37","",""
"16/07/2023 21:00:00 - 16/07/2023 22:00:00","BZN|EE","Without Sequence","127.20","",""
"16/07/2023 22:00:00 - 16/07/2023 23:00:00","BZN|EE","Without Sequence","108.99","",""
"16/07/2023 23:00:00 - 17/07/2023 00:00:00","BZN|EE","Without Sequence","101.75","",""
"17/07/2023 00:00:00 - 17/07/2023 01:00:00","BZN|EE","Without Sequence","96.08","",""
"17/07/2023 01:00:00 - 17/07/2023 02:00:00","BZN|EE","Without Sequence","88.08","",""
"17/07/2023 02:00:00 - 17/07/2023 03:00:00","BZN|EE","Without Sequence","91.50","",""
"17/07/2023 03:00:00 - 17/07/2023 04:00:00","BZN|EE","Without Sequence","98.80","",""
"17/07/2023 04:00:00 - 17/07/2023 05:00:00","BZN|EE","Without Sequence","119.55","",""
"17/07/2023 05:00:00 - 17/07/2023 06:00:00","BZN|EE","Without Sequence","129.78","",""
"17/07/2023 06:00:00 - 17/07/2023 07:00:00","BZN|EE","Without Sequence","5.63","",""
"17/07/2023 07:00:00 - 17/07/2023 08:00:00","BZN|EE","Without Sequence","3.32","",""
"17/07/2023 08:00:00 - 17/07/2023 09:00:00","BZN|EE","Without Sequence","3.57","",""
"17/07/2023 09:00:00 - 17/07/2023 10:00:00","BZN|EE","Without Sequence","2.22","",""
"17/07/2023 10:00:00 - 17/07/2023 11:00:00","BZN|EE","Without Sequence","0.86","",""
"17/07/2023 11:00:00 - 17/07/2023 12:00:00","BZN|EE","Without Sequence","0.59","",""
"17/07/2023 12:00:00 - 17/07/2023 13:00:00","BZN|EE","Without Sequence","0.00","",""
"17/07/2023 13:00:00 - 17/07/2023 14:00:00","BZN|EE","Without Sequence","0.06","",""
"17/07/2023 14:00:00 - 17/07/2023 15:00:00","BZN|EE","Without Sequence","1.29","",""
"17/07/2023 15:00:00 - 17/07/2023 16:00:00","BZN|EE","Without Sequence","162.14","",""
"17/07/2023 16:00:00 - 17/07/2023 17:00:00","BZN|EE","Without Sequence","168.42","",""
"17/07/2023 17:00:00 - 17/07/2023 18:00:00","BZN|EE","Without Sequence","166.53","",""
"17/07/2023 18:00:00 - 17/07/2023 19:00:00","BZN|EE","Without Sequence","166.50","",""
"17/07/2023 19:00:00 - 17/07/2023 20:00:00","BZN|EE","Without Sequence","100.10","",""
"17/07/2023 20:00:00 - 17/07/2023 21:00:00","BZN|EE","Without Sequence","110.06","",""
"17/07/2023 21:00:00 - 17/07/2023 22:00:00","BZN|EE","Without Sequence","47.57","",""
"17/07/2023 22:00:00 - 17/07/2023 23:00:00","BZN|EE","Without Sequence","107.35","",""
"17/07/2023 23:00:00 - 18/07/2023 00:00:00","BZN|EE","Without Sequence","31.45","",""
"18/07/2023 00:00:00 - 18/07/2023 01:00:00","BZN|EE","Without Sequence","2.20","",""
"18/07/2023 01:00:00 - 18/07/2023 02:00:00","BZN|EE","Without Sequence","0.83","",""
"18/07/2023 02:00:00 - 18/07/2023 03:00:00","BZN|EE","Without Sequence","1.62","",""
"18/07/2023 03:00:00 - 18/07/2023 04:00:00","BZN|EE","Without Sequence","95.93","",""
"18/07/2023 04:00:00 - 18/07/2023 05:00:00","BZN|EE","Without Sequence","103.83","",""
"18/07/2023 05:00:00 - 18/07/2023 06:00:00","BZN|EE","Without Sequence","114.37","",""
"18/07/2023 06:00:00 - 18/07/2023 07:00:00","BZN|EE","Without Sequence","110.00","",""
"18/07/2023 07:00:00 - 18/07/2023 08:00:00","BZN|EE","Without Sequence","93.97","",""
"18/07/2023 08:00:00 - 18/07/2023 09:00:00","BZN|EE","Without Sequence","83.96","",""
"18/07/2023 09:00:00 - 18/07/2023 10:00:00","BZN|EE","Without Sequence","75.85","",""
"18/07/2023 10:00:00 - 18/07/2023 11:00:00","BZN|EE","Without Sequence","81.09","",""
"18/07/2023 11:00:00 - 18/07/2023 12:00:00","BZN|EE","Without Sequence","85.48","",""
"18/07/2023 12:00:00 - 18/07/2023 13:00:00","BZN|EE","Without Sequence","66.86","",""
"18/07/2023 13:00:00 - 18/07/2023 14:00:00","BZN|EE","Without Sequence","50.74","",""
"18/07/2023 14:00:00 - 18/07/2023 15:00:00","BZN|EE","Without Sequence","20.99","",""
"18/07/2023 15:00:00 - 18/07/2023 16:00:00","BZN|EE","Without Sequence","83.55","",""
"18/07/2023 16:00:00 - 18/07/2023 17:00:00","BZN|EE","Without Sequence","141.21","",""
"18/07/2023 17:00:00 - 18/07/2023 18:00:00","BZN|EE","Without Sequence","168.48","",""
"18/07/2023 18:00:00 - 18/07/2023 19:00:00","BZN|EE","Without Sequence","114.37","",""
"18/07/2023 19:00:00 - 18/07/2023 20:00:00","BZN|EE","Without Sequence","141.86","",""
"18/07/2023 20:00:00 - 18/07/2023 21:00:00","BZN|EE","Without Sequence","93.95","",""
"18/07/2023 21:00:00 - 18/07/2023 22:00:00","BZN|EE","Without Sequence","35.10","",""
"18/07/2023 22:00:00 - 18/07/2023 23:00:00","BZN|EE","Without Sequence","108.11","",""
"18/07/2023 23:00:00 - 19/07/2023 00:00:00","BZN|EE","Without Sequence","105.62","",""
"19/07/2023 00:00:00 - 19/07/2023 01:00:00","BZN|EE","Without Sequence","97.25","",""
"19/07/2023 01:00:00 - 19/07/2023 02:00:00","BZN|EE","Without Sequence","74.57","",""
"19/07/2023 02:00:00 - 19/07/2023 03:00:00","BZN|EE","Without Sequence","106.71","",""
"19/07/2023 03:00:00 - 19/07/2023 04:00:00","BZN|EE","Without Sequence","105.93","",""
"19/07/2023 04:00:00 - 19/07/2023 05:00:00","BZN|EE","Without Sequence","125.66","",""
"19/07/2023 05:00:00 - 19/07/2023 06:00:00","BZN|EE","Without Sequence","124.25","",""
"19/07/2023 06:00:00 - 19/07/2023 07:00:00","BZN|EE","Without Sequence","118.14","",""
"19/07/2023 07:00:00 - 19/07/2023 08:00:00","BZN|EE","Without Sequence","99.90","",""
"19/07/2023 08:00:00 - 19/07/2023 09:00:00","BZN|EE","Without Sequence","33.41","",""
"19/07/2023 09:00:00 - 19/07/2023 10:00:00","BZN|EE","Without Sequence","32.09","",""
"19/07/2023 10:00:00 - 19/07/2023 11:00:00","BZN|EE","Without Sequence","30.44","",""
"19/07/2023 11:00:00 - 19/07/2023 12:00:00","BZN|EE","Without Sequence","30.18","",""
"19/07/2023 12:00:00 - 19/07/2023 13:00:00","BZN|EE","Without Sequence","30.13","",""
"19/07/2023 13:00:00 - 19/07/2023 14:00:00","BZN|EE","Without Sequence","30.53","",""
"19/07/2023 14:00:00 - 19/07/2023 15:00:00","BZN|EE","Without Sequence","95.84","",""
"19/07/2023 15:00:00 - 19/07/2023 16:00:00","BZN|EE","Without Sequence","101.32","",""
"19/07/2023 16:00:00 - 19/07/2023 17:00:00","BZN|EE","Without Sequence","162.04","",""
"19/07/2023 17:00:00 - 19/07/2023 18:00:00","BZN|EE","Without Sequence","168.58","",""
"19/07/2023 18:00:00 - 19/07/2023 19:00:00","BZN|EE","Without Sequence","180.56","",""
"19/07/2023 19:00:00 - 19/07/2023 20:00:00","BZN|EE","Without Sequence","168.59","",""
"19/07/2023 20:00:00 - 19/07/2023 21:00:00","BZN|EE","Without Sequence","162.28","",""
"19/07/2023 21:00:00 - 19/07/2023 22:00:00","BZN|EE","Without Sequence","30.97","",""
"19/07/2023 22:00:00 - 19/07/2023 23:00:00","BZN|EE","Without Sequence","117.12","",""
"19/07/2023 23:00:00 - 20/07/2023 00:00:00","BZN|EE","Without Sequence","110.78","",""
"20/07/2023 00:00:00 - 20/07/2023 01:00:00","BZN|EE","Without Sequence","110.08","",""
"20/07/2023 01:00:00 - 20/07/2023 02:00:00","BZN|EE","Without Sequence","68.87","",""
"20/07/2023 02:00:00 - 20/07/2023 03:00:00","BZN|EE","Without Sequence","102.10","",""
"20/07/2023 03:00:00 - 20/07/2023 04:00:00","BZN|EE","Without Sequence","110.11","",""
"20/07/2023 04:00:00 - 20/07/2023 05:00:00","BZN|EE","Without Sequence","146.69","",""
"20/07/2023 05:00:00 - 20/07/2023 06:00:00","BZN|EE","Without Sequence","121.14","",""
"20/07/2023 06:00:00 - 20/07/2023 07:00:00","BZN|EE","Without Sequence","111.45","",""
"20/07/2023 07:00:00 - 20/07/2023 08:00:00","BZN|EE","Without Sequence","97.98","",""
"20/07/2023 08:00:00 - 20/07/2023 09:00:00","BZN|EE","Without Sequence","85.74","",""
"20/07/2023 09:00:00 - 20/07/2023 10:00:00","BZN|EE","Without Sequence","68.93","",""
"20/07/2023 10:00:00 - 20/07/2023 11:00:00","BZN|EE","Without Sequence","59.24","",""
"20/07/2023 11:00:00 - 20/07/2023 12:00:00","BZN|EE","Without Sequence","46.17","",""
"20/07/2023 12:00:00 - 20/07/2023 13:00:00","BZN|EE","Without Sequence","61.15","",""
"20/07/2023 13:00:00 - 20/07/2023 14:00:00","BZN|EE","Without Sequence","84.40","",""
"20/07/2023 14:00:00 - 20/07/2023 15:00:00","BZN|EE","Without Sequence","71.27","",""
"20/07/2023 15:00:00 - 20/07/2023 16:00:00","BZN|EE","Without Sequence","79.27","",""
"20/07/2023 16:00:00 - 20/07/2023 17:00:00","BZN|EE","Without Sequence","135.00","",""
"20/07/2023 17:00:00 - 20/07/2023 18:00:00","BZN|EE","Without Sequence","148.76","",""
"20/07/2023 18:00:00 - 20/07/2023 19:00:00","BZN|EE","Without Sequence","160.77","",""
"20/07/2023 19:00:00 - 20/07/2023 20:00:00","BZN|EE","Without Sequence","157.59","",""
"20/07/2023 20:00:00 - 20/07/2023 21:00:00","BZN|EE","Without Sequence","135.09","",""
"20/07/2023 21:00:00 - 20/07/2023 22:00:00","BZN|EE","Without Sequence","128.91","",""
"20/07/2023 22:00:00 - 20/07/2023 23:00:00","BZN|EE","Without Sequence","102.99","",""
"20/07/2023 23:00:00 - 21/07/2023 00:00:00","BZN|EE","Without Sequence","90.66","",""
"21/07/2023 00:00:00 - 21/07/2023 01:00:00","BZN|EE","Without Sequence","20.27","",""
"21/07/2023 01:00:00 - 21/07/2023 02:00:00","BZN|EE","Without Sequence","20.06","",""
"21/07/2023 02:00:00 - 21/07/2023 03:00:00","BZN|EE","Without Sequence","98.14","",""
"21/07/2023 03:00:00 - 21/07/2023 04:00:00","BZN|EE","Without Sequence","100.29","",""
"21/07/2023 04:00:00 - 21/07/2023 05:00:00","BZN|EE","Without Sequence","120.98","",""
"21/07/2023 05:00:00 - 21/07/2023 06:00:00","BZN|EE","Without Sequence","150.37","",""
"21/07/2023 06:00:00 - 21/07/2023 07:00:00","BZN|EE","Without Sequence","30.16","",""
"21/07/2023 07:00:00 - 21/07/2023 08:00:00","BZN|EE","Without Sequence","30.19","",""
"21/07/2023 08:00:00 - 21/07/2023 09:00:00","BZN|EE","Without Sequence","29.60","",""
"21/07/2023 09:00:00 - 21/07/2023 10:00:00","BZN|EE","Without Sequence","29.62","",""
"21/07/2023 10:00:00 - 21/07/2023 11:00:00","BZN|EE","Without Sequence","29.09","",""
"21/07/2023 11:00:00 - 21/07/2023 12:00:00","BZN|EE","Without Sequence","27.47","",""
"21/07/2023 12:00:00 - 21/07/2023 13:00:00","BZN|EE","Without Sequence","27.11","",""
"21/07/2023 13:00:00 - 21/07/2023 14:00:00","BZN|EE","Without Sequence","27.01","",""
"21/07/2023 14:00:00 - 21/07/2023 15:00:00","BZN|EE","Without Sequence","157.92","",""
"21/07/2023 15:00:00 - 21/07/2023 16:00:00","BZN|EE","Without Sequence","165.33","",""
"21/07/2023 16:00:00 - 21/07/2023 17:00:00","BZN|EE","Without Sequence","161.09","",""
"21/07/2023 17:00:00 - 21/07/2023 18:00:00","BZN|EE","Without Sequence","168.88","",""
"21/07/2023 18:00:00 - 21/07/2023 19:00:00","BZN|EE","Without Sequence","168.54","",""
"21/07/2023 19:00:00 - 21/07/2023 20:00:00","BZN|EE","Without Sequence","161.09","",""
"21/07/2023 20:00:00 - 21/07/2023 21:00:00","BZN|EE","Without Sequence","157.17","",""
"21/07/2023 21:00:00 - 21/07/2023 22:00:00","BZN|EE","Without Sequence","134.75","",""
"21/07/2023 22:00:00 - 21/07/2023 23:00:00","BZN|EE","Without Sequence","118.07","",""
"21/07/2023 23:00:00 - 22/07/2023 00:00:00","BZN|EE","Without Sequence","110.35","",""
"22/07/2023 00:00:00 - 22/07/2023 01:00:00","BZN|EE","Without Sequence","93.00","",""
"22/07/2023 01:00:00 - 22/07/2023 02:00:00","BZN|EE","Without Sequence","94.36","",""
"22/07/2023 02:00:00 - 22/07/2023 03:00:00","BZN|EE","Without Sequence","89.93","",""
"22/07/2023 03:00:00 - 22/07/2023 04:00:00","BZN|EE","Without Sequence","88.00","",""
"22/07/2023 04:00:00 - 22/07/2023 05:00:00","BZN|EE","Without Sequence","88.80","",""
"22/07/2023 05:00:00 - 22/07/2023 06:00:00","BZN|EE","Without Sequence","86.18","",""
"22/07/2023 06:00:00 - 22/07/2023 07:00:00","BZN|EE","Without Sequence","82.93","",""
"22/07/2023 07:00:00 - 22/07/2023 08:00:00","BZN|EE","Without Sequence","71.34","",""
"22/07/2023 08:00:00 - 22/07/2023 09:00:00","BZN|EE","Without Sequence","58.82","",""
"22/07/2023 09:00:00 - 22/07/2023 10:00:00","BZN|EE","Without Sequence","46.56","",""
"22/07/2023 10:00:00 - 22/07/2023 11:00:00","BZN|EE","Without Sequence","39.35","",""
"22/07/2023 11:00:00 - 22/07/2023 12:00:00","BZN|EE","Without Sequence","22.34","",""
"22/07/2023 12:00:00 - 22/07/2023 13:00:00","BZN|EE","Without Sequence","32.24","",""
"22/07/2023 13:00:00 - 22/07/2023 14:00:00","BZN|EE","Without Sequence","29.05","",""
"22/07/2023 14:00:00 - 22/07/2023 15:00:00","BZN|EE","Without Sequence","48.55","",""
"22/07/2023 15:00:00 - 22/07/2023 16:00:00","BZN|EE","Without Sequence","80.60","",""
"22/07/2023 16:00:00 - 22/07/2023 17:00:00","BZN|EE","Without Sequence","102.91","",""
"22/07/2023 17:00:00 - 22/07/2023 18:00:00","BZN|EE","Without Sequence","121.59","",""
"22/07/2023 18:00:00 - 22/07/2023 19:00:00","BZN|EE","Without Sequence","140.41","",""
"22/07/2023 19:00:00 - 22/07/2023 20:00:00","BZN|EE","Without Sequence","92.00","",""
"22/07/2023 20:00:00 - 22/07/2023 21:00:00","BZN|EE","Without Sequence","121.62","",""
"22/07/2023 21:00:00 - 22/07/2023 22:00:00","BZN|EE","Without Sequence","107.42","",""
"22/07/2023 22:00:00 - 22/07/2023 23:00:00","BZN|EE","Without Sequence","29.34","",""
"22/07/2023 23:00:00 - 23/07/2023 00:00:00","BZN|EE","Without Sequence","20.30","",""
"23/07/2023 00:00:00 - 23/07/2023 01:00:00","BZN|EE","Without Sequence","19.94","",""
"23/07/2023 01:00:00 - 23/07/2023 02:00:00","BZN|EE","Without Sequence","19.90","",""
"23/07/2023 02:00:00 - 23/07/2023 03:00:00","BZN|EE","Without Sequence","15.78","",""
"23/07/2023 03:00:00 - 23/07/2023 04:00:00","BZN|EE","Without Sequence","11.09","",""
"23/07/2023 04:00:00 - 23/07/2023 05:00:00","BZN|EE","Without Sequence","5.08","",""
"23/07/2023 05:00:00 - 23/07/2023 06:00:00","BZN|EE","Without Sequence","2.88","",""
"23/07/2023 06:00:00 - 23/07/2023 07:00:00","BZN|EE","Without Sequence","3.42","",""
"23/07/2023 07:00:00 - 23/07/2023 08:00:00","BZN|EE","Without Sequence","0.20","",""
"23/07/2023 08:00:00 - 23/07/2023 09:00:00","BZN|EE","Without Sequence","3.49","",""
"23/07/2023 09:00:00 - 23/07/2023 10:00:00","BZN|EE","Without Sequence","4.61","",""
"23/07/2023 10:00:00 - 23/07/2023 11:00:00","BZN|EE","Without Sequence","4.04","",""
"23/07/2023 11:00:00 - 23/07/2023 12:00:00","BZN|EE","Without Sequence","4.07","",""
"23/07/2023 12:00:00 - 23/07/2023 13:00:00","BZN|EE","Without Sequence","8.08","",""
"23/07/2023 13:00:00 - 23/07/2023 14:00:00","BZN|EE","Without Sequence","4.95","",""
"23/07/2023 14:00:00 - 23/07/2023 15:00:00","BZN|EE","Without Sequence","17.71","",""
"23/07/2023 15:00:00 - 23/07/2023 16:00:00","BZN|EE","Without Sequence","26.61","",""
"23/07/2023 16:00:00 - 23/07/2023 17:00:00","BZN|EE","Without Sequence","113.76","",""
"23/07/2023 17:00:00 - 23/07/2023 18:00:00","BZN|EE","Without Sequence","107.85","",""
"23/07/2023 18:00:00 - 23/07/2023 19:00:00","BZN|EE","Without Sequence","119.02","",""
"23/07/2023 19:00:00 - 23/07/2023 20:00:00","BZN|EE","Without Sequence","121.19","",""
"23/07/2023 20:00:00 - 23/07/2023 21:00:00","BZN|EE","Without Sequence","110.72","",""
"23/07/2023 21:00:00 - 23/07/2023 22:00:00","BZN|EE","Without Sequence","102.65","",""
"23/07/2023 22:00:00 - 23/07/2023 23:00:00","BZN|EE","Without Sequence","77.14","",""
"23/07/2023 23:00:00 - 24/07/2023 00:00:00","BZN|EE","Without Sequence","70.02","",""
"24/07/2023 00:00:00 - 24/07/2023 01:00:00","BZN|EE","Without Sequence","68.99","",""
"24/07/2023 01:00:00 - 24/07/2023 02:00:00","BZN|EE","Without Sequence","72.01","",""
"24/07/2023 02:00:00 - 24/07/2023 03:00:00","BZN|EE","Without Sequence","72.09","",""
"24/07/2023 03:00:00 - 24/07/2023 04:00:00","BZN|EE","Without Sequence","87.11","",""
"24/07/2023 04:00:00 - 24/07/2023 05:00:00","BZN|EE","Without Sequence","110.31","",""
"24/07/2023 05:00:00 - 24/07/2023 06:00:00","BZN|EE","Without Sequence","137.57","",""
"24/07/2023 06:00:00 - 24/07/2023 07:00:00","BZN|EE","Without Sequence","118.84","",""
"24/07/2023 07:00:00 - 24/07/2023 08:00:00","BZN|EE","Without Sequence","105.00","",""
"24/07/2023 08:00:00 - 24/07/2023 09:00:00","BZN|EE","Without Sequence","99.94","",""
"24/07/2023 09:00:00 - 24/07/2023 10:00:00","BZN|EE","Without Sequence","94.62","",""
"24/07/2023 10:00:00 - 24/07/2023 11:00:00","BZN|EE","Without Sequence","86.76","",""
"24/07/2023 11:00:00 - 24/07/2023 12:00:00","BZN|EE","Without Sequence","80.50","",""
"24/07/2023 12:00:00 - 24/07/2023 13:00:00","BZN|EE","Without Sequence","78.20","",""
"24/07/2023 13:00:00 - 24/07/2023 14:00:00","BZN|EE","Without Sequence","78.01","",""
"24/07/2023 14:00:00 - 24/07/2023 15:00:00","BZN|EE","Without Sequence","156.33","",""
"24/07/2023 15:00:00 - 24/07/2023 16:00:00","BZN|EE","Without Sequence","167.09","",""
"24/07/2023 16:00:00 - 24/07/2023 17:00:00","BZN|EE","Without Sequence","172.12","",""
"24/07/2023 17:00:00 - 24/07/2023 18:00:00","BZN|EE","Without Sequence","187.18","",""
"24/07/2023 18:00:00 - 24/07/2023 19:00:00","BZN|EE","Without Sequence","178.24","",""
"24/07/2023 19:00:00 - 24/07/2023 20:00:00","BZN|EE","Without Sequence","171.19","",""
"24/07/2023 20:00:00 - 24/07/2023 21:00:00","BZN|EE","Without Sequence","163.43","",""
"24/07/2023 21:00:00 - 24/07/2023 22:00:00","BZN|EE","Without Sequence","118.86","",""
"24/07/2023 22:00:00 - 24/07/2023 23:00:00","BZN|EE","Without Sequence","96.00","",""
"24/07/2023 23:00:00 - 25/07/2023 00:00:00","BZN|EE","Without Sequence","86.55","",""
"25/07/2023 00:00:00 - 25/07/2023 01:00:00","BZN|EE","Without Sequence","84.95","",""
"25/07/2023 01:00:00 - 25/07/2023 02:00:00","BZN|EE","Without Sequence","86.45","",""
"25/07/2023 02:00:00 - 25/07/2023 03:00:00","BZN|EE","Without Sequence","87.38","",""
"25/07/2023 03:00:00 - 25/07/2023 04:00:00","BZN|EE","Without Sequence","95.46","",""
"25/07/2023 04:00:00 - 25/07/2023 05:00:00","BZN|EE","Without Sequence","112.43","",""
"25/07/2023 05:00:00 - 25/07/2023 06:00:00","BZN|EE","Without Sequence","146.76","",""
"25/07/2023 06:00:00 - 25/07/2023 07:00:00","BZN|EE","Without Sequence","148.36","",""
"25/07/2023 07:00:00 - 25/07/2023 08:00:00","BZN|EE","Without Sequence","113.00","",""
"25/07/2023 08:00:00 - 25/07/2023 09:00:00","BZN|EE","Without Sequence","102.30","",""
"25/07/2023 09:00:00 - 25/07/2023 10:00:00","BZN|EE","Without Sequence","100.45","",""
"25/07/2023 10:00:00 - 25/07/2023 11:00:00","BZN|EE","Without Sequence","99.02","",""
"25/07/2023 11:00:00 - 25/07/2023 12:00:00","BZN|EE","Without Sequence","89.86","",""
"25/07/2023 12:00:00 - 25/07/2023 13:00:00","BZN|EE","Without Sequence","86.98","",""
"25/07/2023 13:00:00 - 25/07/2023 14:00:00","BZN|EE","Without Sequence","88.07","",""
"25/07/2023 14:00:00 - 25/07/2023 15:00:00","BZN|EE","Without Sequence","123.93","",""
"25/07/2023 15:00:00 - 25/07/2023 16:00:00","BZN|EE","Without Sequence","134.13","",""
"25/07/2023 16:00:00 - 25/07/2023 17:00:00","BZN|EE","Without Sequence","126.11","",""
"25/07/2023 17:00:00 - 25/07/2023 18:00:00","BZN|EE","Without Sequence","150.24","",""
"25/07/2023 18:00:00 - 25/07/2023 19:00:00","BZN|EE","Without Sequence","168.34","",""
"25/07/2023 19:00:00 - 25/07/2023 20:00:00","BZN|EE","Without Sequence","165.86","",""
"25/07/2023 20:00:00 - 25/07/2023 21:00:00","BZN|EE","Without Sequence","119.53","",""
"25/07/2023 21:00:00 - 25/07/2023 22:00:00","BZN|EE","Without Sequence","98.50","",""
"25/07/2023 22:00:00 - 25/07/2023 23:00:00","BZN|EE","Without Sequence","97.96","",""
"25/07/2023 23:00:00 - 26/07/2023 00:00:00","BZN|EE","Without Sequence","89.31","",""
"26/07/2023 00:00:00 - 26/07/2023 01:00:00","BZN|EE","Without Sequence","86.26","",""
"26/07/2023 01:00:00 - 26/07/2023 02:00:00","BZN|EE","Without Sequence","79.65","",""
"26/07/2023 02:00:00 - 26/07/2023 03:00:00","BZN|EE","Without Sequence","79.64","",""
"26/07/2023 03:00:00 - 26/07/2023 04:00:00","BZN|EE","Without Sequence","86.83","",""
"26/07/2023 04:00:00 - 26/07/2023 05:00:00","BZN|EE","Without Sequence","113.34","",""
"26/07/2023 05:00:00 - 26/07/2023 06:00:00","BZN|EE","Without Sequence","131.82","",""
"26/07/2023 06:00:00 - 26/07/2023 07:00:00","BZN|EE","Without Sequence","148.33","",""
"26/07/2023 07:00:00 - 26/07/2023 08:00:00","BZN|EE","Without Sequence","134.86","",""
"26/07/2023 08:00:00 - 26/07/2023 09:00:00","BZN|EE","Without Sequence","126.18","",""
"26/07/2023 09:00:00 - 26/07/2023 10:00:00","BZN|EE","Without Sequence","117.93","",""
"26/07/2023 10:00:00 - 26/07/2023 11:00:00","BZN|EE","Without Sequence","99.56","",""
"26/07/2023 11:00:00 - 26/07/2023 12:00:00","BZN|EE","Without Sequence","125.81","",""
"26/07/2023 12:00:00 - 26/07/2023 13:00:00","BZN|EE","Without Sequence","124.43","",""
"26/07/2023 13:00:00 - 26/07/2023 14:00:00","BZN|EE","Without Sequence","146.59","",""
"26/07/2023 14:00:00 - 26/07/2023 15:00:00","BZN|EE","Without Sequence","144.67","",""
"26/07/2023 15:00:00 - 26/07/2023 16:00:00","BZN|EE","Without Sequence","155.39","",""
"26/07/2023 16:00:00 - 26/07/2023 17:00:00","BZN|EE","Without Sequence","161.91","",""
"26/07/2023 17:00:00 - 26/07/2023 18:00:00","BZN|EE","Without Sequence","147.37","",""
"26/07/2023 18:00:00 - 26/07/2023 19:00:00","BZN|EE","Without Sequence","159.06","",""
"26/07/2023 19:00:00 - 26/07/2023 20:00:00","BZN|EE","Without Sequence","152.80","",""
"26/07/2023 20:00:00 - 26/07/2023 21:00:00","BZN|EE","Without Sequence","149.71","",""
"26/07/2023 21:00:00 - 26/07/2023 22:00:00","BZN|EE","Without Sequence","106.72","",""
"26/07/2023 22:00:00 - 26/07/2023 23:00:00","BZN|EE","Without Sequence","98.36","",""
"26/07/2023 23:00:00 - 27/07/2023 00:00:00","BZN|EE","Without Sequence","82.69","",""
"27/07/2023 00:00:00 - 27/07/2023 01:00:00","BZN|EE","Without Sequence","76.00","",""
"27/07/2023 01:00:00 - 27/07/2023 02:00:00","BZN|EE","Without Sequence","71.06","",""
"27/07/2023 02:00:00 - 27/07/2023 03:00:00","BZN|EE","Without Sequence","71.51","",""
"27/07/2023 03:00:00 - 27/07/2023 04:00:00","BZN|EE","Without Sequence","80.35","",""
"27/07/2023 04:00:00 - 27/07/2023 05:00:00","BZN|EE","Without Sequence","96.30","",""
"27/07/2023 05:00:00 - 27/07/2023 06:00:00","BZN|EE","Without Sequence","103.28","",""
"27/07/2023 06:00:00 - 27/07/2023 07:00:00","BZN|EE","Without Sequence","104.30","",""
"27/07/2023 07:00:00 - 27/07/2023 08:00:00","BZN|EE","Without Sequence","99.12","",""
"27/07/2023 08:00:00 - 27/07/2023 09:00:00","BZN|EE","Without Sequence","96.80","",""
"27/07/2023 09:00:00 - 27/07/2023 10:00:00","BZN|EE","Without Sequence","88.13","",""
"27/07/2023 10:00:00 - 27/07/2023 11:00:00","BZN|EE","Without Sequence","86.45","",""
"27/07/2023 11:00:00 - 27/07/2023 12:00:00","BZN|EE","Without Sequence","80.01","",""
"27/07/2023 12:00:00 - 27/07/2023 13:00:00","BZN|EE","Without Sequence","78.33","",""
"27/07/2023 13:00:00 - 27/07/2023 14:00:00","BZN|EE","Without Sequence","81.12","",""
"27/07/2023 14:00:00 - 27/07/2023 15:00:00","BZN|EE","Without Sequence","92.88","",""
"27/07/2023 15:00:00 - 27/07/2023 16:00:00","BZN|EE","Without Sequence","114.37","",""
"27/07/2023 16:00:00 - 27/07/2023 17:00:00","BZN|EE","Without Sequence","130.51","",""
"27/07/2023 17:00:00 - 27/07/2023 18:00:00","BZN|EE","Without Sequence","155.54","",""
"27/07/2023 18:00:00 - 27/07/2023 19:00:00","BZN|EE","Without Sequence","161.07","",""
"27/07/2023 19:00:00 - 27/07/2023 20:00:00","BZN|EE","Without Sequence","167.38","",""
"27/07/2023 20:00:00 - 27/07/2023 21:00:00","BZN|EE","Without Sequence","153.80","",""
"27/07/2023 21:00:00 - 27/07/2023 22:00:00","BZN|EE","Without Sequence","112.96","",""
"27/07/2023 22:00:00 - 27/07/2023 23:00:00","BZN|EE","Without Sequence","88.63","",""
"27/07/2023 23:00:00 - 28/07/2023 00:00:00","BZN|EE","Without Sequence","79.59","",""
"28/07/2023 00:00:00 - 28/07/2023 01:00:00","BZN|EE","Without Sequence","78.13","",""
"28/07/2023 01:00:00 - 28/07/2023 02:00:00","BZN|EE","Without Sequence","79.20","",""
"28/07/2023 02:00:00 - 28/07/2023 03:00:00","BZN|EE","Without Sequence","80.02","",""
"28/07/2023 03:00:00 - 28/07/2023 04:00:00","BZN|EE","Without Sequence","89.53","",""
"28/07/2023 04:00:00 - 28/07/2023 05:00:00","BZN|EE","Without Sequence","102.91","",""
"28/07/2023 05:00:00 - 28/07/2023 06:00:00","BZN|EE","Without Sequence","111.21","",""
"28/07/2023 06:00:00 - 28/07/2023 07:00:00","BZN|EE","Without Sequence","112.99","",""
"28/07/2023 07:00:00 - 28/07/2023 08:00:00","BZN|EE","Without Sequence","107.87","",""
"28/07/2023 08:00:00 - 28/07/2023 09:00:00","BZN|EE","Without Sequence","99.54","",""
"28/07/2023 09:00:00 - 28/07/2023 10:00:00","BZN|EE","Without Sequence","93.00","",""
"28/07/2023 10:00:00 - 28/07/2023 11:00:00","BZN|EE","Without Sequence","85.87","",""
"28/07/2023 11:00:00 - 28/07/2023 12:00:00","BZN|EE","Without Sequence","80.00","",""
"28/07/2023 12:00:00 - 28/07/2023 13:00:00","BZN|EE","Without Sequence","75.65","",""
"28/07/2023 13:00:00 - 28/07/2023 14:00:00","BZN|EE","Without Sequence","76.10","",""
"28/07/2023 14:00:00 - 28/07/2023 15:00:00","BZN|EE","Without Sequence","80.00","",""
"28/07/2023 15:00:00 - 28/07/2023 16:00:00","BZN|EE","Without Sequence","115.31","",""
"28/07/2023 16:00:00 - 28/07/2023 17:00:00","BZN|EE","Without Sequence","121.42","",""
"28/07/2023 17:00:00 - 28/07/2023 18:00:00","BZN|EE","Without Sequence","143.38","",""
"28/07/2023 18:00:00 - 28/07/2023 19:00:00","BZN|EE","Without Sequence","165.07","",""
"28/07/2023 19:00:00 - 28/07/2023 20:00:00","BZN|EE","Without Sequence","158.79","",""
"28/07/2023 20:00:00 - 28/07/2023 21:00:00","BZN|EE","Without Sequence","131.16","",""
"28/07/2023 21:00:00 - 28/07/2023 22:00:00","BZN|EE","Without Sequence","102.57","",""
"28/07/2023 22:00:00 - 28/07/2023 23:00:00","BZN|EE","Without Sequence","103.09","",""
"28/07/2023 23:00:00 - 29/07/2023 00:00:00","BZN|EE","Without Sequence","96.62","",""
"29/07/2023 00:00:00 - 29/07/2023 01:00:00","BZN|EE","Without Sequence","91.17","",""
"29/07/2023 01:00:00 - 29/07/2023 02:00:00","BZN|EE","Without Sequence","85.66","",""
"29/07/2023 02:00:00 - 29/07/2023 03:00:00","BZN|EE","Without Sequence","88.97","",""
"29/07/2023 03:00:00 - 29/07/2023 04:00:00","BZN|EE","Without Sequence","87.03","",""
"29/07/2023 04:00:00 - 29/07/2023 05:00:00","BZN|EE","Without Sequence","85.70","",""
"29/07/2023 05:00:00 - 29/07/2023 06:00:00","BZN|EE","Without Sequence","87.91","",""
"29/07/2023 06:00:00 - 29/07/2023 07:00:00","BZN|EE","Without Sequence","85.79","",""
"29/07/2023 07:00:00 - 29/07/2023 08:00:00","BZN|EE","Without Sequence","20.72","",""
"29/07/2023 08:00:00 - 29/07/2023 09:00:00","BZN|EE","Without Sequence","21.42","",""
"29/07/2023 09:00:00 - 29/07/2023 10:00:00","BZN|EE","Without Sequence","22.15","",""
"29/07/2023 10:00:00 - 29/07/2023 11:00:00","BZN|EE","Without Sequence","22.27","",""
"29/07/2023 11:00:00 - 29/07/2023 12:00:00","BZN|EE","Without Sequence","39.84","",""
"29/07/2023 12:00:00 - 29/07/2023 13:00:00","BZN|EE","Without Sequence","18.73","",""
"29/07/2023 13:00:00 - 29/07/2023 14:00:00","BZN|EE","Without Sequence","19.72","",""
"29/07/2023 14:00:00 - 29/07/2023 15:00:00","BZN|EE","Without Sequence","48.06","",""
"29/07/2023 15:00:00 - 29/07/2023 16:00:00","BZN|EE","Without Sequence","82.91","",""
"29/07/2023 16:00:00 - 29/07/2023 17:00:00","BZN|EE","Without Sequence","124.05","",""
"29/07/2023 17:00:00 - 29/07/2023 18:00:00","BZN|EE","Without Sequence","120.98","",""
"29/07/2023 18:00:00 - 29/07/2023 19:00:00","BZN|EE","Without Sequence","120.68","",""
"29/07/2023 19:00:00 - 29/07/2023 20:00:00","BZN|EE","Without Sequence","131.09","",""
"29/07/2023 20:00:00 - 29/07/2023 21:00:00","BZN|EE","Without Sequence","118.63","",""
"29/07/2023 21:00:00 - 29/07/2023 22:00:00","BZN|EE","Without Sequence","92.18","",""
"29/07/2023 22:00:00 - 29/07/2023 23:00:00","BZN|EE","Without Sequence","84.50","",""
"29/07/2023 23:00:00 - 30/07/2023 00:00:00","BZN|EE","Without Sequence","52.08","",""
"30/07/2023 00:00:00 - 30/07/2023 01:00:00","BZN|EE","Without Sequence","40.24","",""
"30/07/2023 01:00:00 - 30/07/2023 02:00:00","BZN|EE","Without Sequence","24.91","",""
"30/07/2023 02:00:00 - 30/07/2023 03:00:00","BZN|EE","Without Sequence","24.87","",""
"30/07/2023 03:00:00 - 30/07/2023 04:00:00","BZN|EE","Without Sequence","51.70","",""
"30/07/2023 04:00:00 - 30/07/2023 05:00:00","BZN|EE","Without Sequence","47.34","",""
"30/07/2023 05:00:00 - 30/07/2023 06:00:00","BZN|EE","Without Sequence","37.00","",""
"30/07/2023 06:00:00 - 30/07/2023 07:00:00","BZN|EE","Without Sequence","29.82","",""
"30/07/2023 07:00:00 - 30/07/2023 08:00:00","BZN|EE","Without Sequence","10.61","",""
"30/07/2023 08:00:00 - 30/07/2023 09:00:00","BZN|EE","Without Sequence","0.06","",""
"30/07/2023 09:00:00 - 30/07/2023 10:00:00","BZN|EE","Without Sequence","-0.15","",""
"30/07/2023 10:00:00 - 30/07/2023 11:00:00","BZN|EE","Without Sequence","-0.75","",""
"30/07/2023 11:00:00 - 30/07/2023 12:00:00","BZN|EE","Without Sequence","0.00","",""
"30/07/2023 12:00:00 - 30/07/2023 13:00:00","BZN|EE","Without Sequence","16.91","",""
"30/07/2023 13:00:00 - 30/07/2023 14:00:00","BZN|EE","Without Sequence","0.05","",""
"30/07/2023 14:00:00 - 30/07/2023 15:00:00","BZN|EE","Without Sequence","49.83","",""
"30/07/2023 15:00:00 - 30/07/2023 16:00:00","BZN|EE","Without Sequence","105.86","",""
"30/07/2023 16:00:00 - 30/07/2023 17:00:00","BZN|EE","Without Sequence","120.09","",""
"30/07/2023 17:00:00 - 30/07/2023 18:00:00","BZN|EE","Without Sequence","116.51","",""
"30/07/2023 18:00:00 - 30/07/2023 19:00:00","BZN|EE","Without Sequence","120.08","",""
"30/07/2023 19:00:00 - 30/07/2023 20:00:00","BZN|EE","Without Sequence","123.20","",""
"30/07/2023 20:00:00 - 30/07/2023 21:00:00","BZN|EE","Without Sequence","105.79","",""
"30/07/2023 21:00:00 - 30/07/2023 22:00:00","BZN|EE","Without Sequence","70.05","",""
"30/07/2023 22:00:00 - 30/07/2023 23:00:00","BZN|EE","Without Sequence","61.03","",""
"30/07/2023 23:00:00 - 31/07/2023 00:00:00","BZN|EE","Without Sequence","29.62","",""
"31/07/2023 00:00:00 - 31/07/2023 01:00:00","BZN|EE","Without Sequence","44.09","",""
"31/07/2023 01:00:00 - 31/07/2023 02:00:00","BZN|EE","Without Sequence","30.30","",""
"31/07/2023 02:00:00 - 31/07/2023 03:00:00","BZN|EE","Without Sequence","28.91","",""
"31/07/2023 03:00:00 - 31/07/2023 04:00:00","BZN|EE","Without Sequence","50.31","",""
"31/07/2023 04:00:00 - 31/07/2023 05:00:00","BZN|EE","Without Sequence","96.34","",""
"31/07/2023 05:00:00 - 31/07/2023 06:00:00","BZN|EE","Without Sequence","94.38","",""
"31/07/2023 06:00:00 - 31/07/2023 07:00:00","BZN|EE","Without Sequence","90.74","",""
"31/07/2023 07:00:00 - 31/07/2023 08:00:00","BZN|EE","Without Sequence","86.00","",""
"31/07/2023 08:00:00 - 31/07/2023 09:00:00","BZN|EE","Without Sequence","73.06","",""
"31/07/2023 09:00:00 - 31/07/2023 10:00:00","BZN|EE","Without Sequence","65.82","",""
"31/07/2023 10:00:00 - 31/07/2023 11:00:00","BZN|EE","Without Sequence","62.98","",""
"31/07/2023 11:00:00 - 31/07/2023 12:00:00","BZN|EE","Without Sequence","57.14","",""
"31/07/2023 12:00:00 - 31/07/2023 13:00:00","BZN|EE","Without Sequence","56.42","",""
"31/07/2023 13:00:00 - 31/07/2023 14:00:00","BZN|EE","Without Sequence","56.44","",""
"31/07/2023 14:00:00 - 31/07/2023 15:00:00","BZN|EE","Without Sequence","64.56","",""
"31/07/2023 15:00:00 - 31/07/2023 16:00:00","BZN|EE","Without Sequence","79.59","",""
"31/07/2023 16:00:00 - 31/07/2023 17:00:00","BZN|EE","Without Sequence","126.34","",""
"31/07/2023 17:00:00 - 31/07/2023 18:00:00","BZN|EE","Without Sequence","144.57","",""
"31/07/2023 18:00:00 - 31/07/2023 19:00:00","BZN|EE","Without Sequence","163.58","",""
"31/07/2023 19:00:00 - 31/07/2023 20:00:00","BZN|EE","Without Sequence","153.69","",""
"31/07/2023 20:00:00 - 31/07/2023 21:00:00","BZN|EE","Without Sequence","113.33","",""
"31/07/2023 21:00:00 - 31/07/2023 22:00:00","BZN|EE","Without Sequence","91.68","",""
"31/07/2023 22:00:00 - 31/07/2023 23:00:00","BZN|EE","Without Sequence","54.83","",""
"31/07/2023 23:00:00 - 01/08/2023 00:00:00","BZN|EE","Without Sequence","58.14","",""
"01/08/2023 00:00:00 - 01/08/2023 01:00:00","BZN|EE","Without Sequence","57.86","",""
"01/08/2023 01:00:00 - 01/08/2023 02:00:00","BZN|EE","Without Sequence","56.94","",""
"01/08/2023 02:00:00 - 01/08/2023 03:00:00","BZN|EE","Without Sequence","19.97","",""
"01/08/2023 03:00:00 - 01/08/2023 04:00:00","BZN|EE","Without Sequence","63.40","",""
"01/08/2023 04:00:00 - 01/08/2023 05:00:00","BZN|EE","Without Sequence","98.20","",""
"01/08/2023 05:00:00 - 01/08/2023 06:00:00","BZN|EE","Without Sequence","70.00","",""
"01/08/2023 06:00:00 - 01/08/2023 07:00:00","BZN|EE","Without Sequence","33.99","",""
"01/08/2023 07:00:00 - 01/08/2023 08:00:00","BZN|EE","Without Sequence","34.52","",""
"01/08/2023 08:00:00 - 01/08/2023 09:00:00","BZN|EE","Without Sequence","33.97","",""
"01/08/2023 09:00:00 - 01/08/2023 10:00:00","BZN|EE","Without Sequence","33.64","",""
"01/08/2023 10:00:00 - 01/08/2023 11:00:00","BZN|EE","Without Sequence","33.39","",""
"01/08/2023 11:00:00 - 01/08/2023 12:00:00","BZN|EE","Without Sequence","32.57","",""
"01/08/2023 12:00:00 - 01/08/2023 13:00:00","BZN|EE","Without Sequence","32.92","",""
"01/08/2023 13:00:00 - 01/08/2023 14:00:00","BZN|EE","Without Sequence","32.11","",""
"01/08/2023 14:00:00 - 01/08/2023 15:00:00","BZN|EE","Without Sequence","32.17","",""
"01/08/2023 15:00:00 - 01/08/2023 16:00:00","BZN|EE","Without Sequence","142.17","",""
"01/08/2023 16:00:00 - 01/08/2023 17:00:00","BZN|EE","Without Sequence","151.54","",""
"01/08/2023 17:00:00 - 01/08/2023 18:00:00","BZN|EE","Without Sequence","154.32","",""
"01/08/2023 18:00:00 - 01/08/2023 19:00:00","BZN|EE","Without Sequence","154.82","",""
"01/08/2023 19:00:00 - 01/08/2023 20:00:00","BZN|EE","Without Sequence","150.39","",""
"01/08/2023 20:00:00 - 01/08/2023 21:00:00","BZN|EE","Without Sequence","102.55","",""
"01/08/2023 21:00:00 - 01/08/2023 22:00:00","BZN|EE","Without Sequence","92.78","",""
"01/08/2023 22:00:00 - 01/08/2023 23:00:00","BZN|EE","Without Sequence","87.23","",""
"01/08/2023 23:00:00 - 02/08/2023 00:00:00","BZN|EE","Without Sequence","58.89","",""
"02/08/2023 00:00:00 - 02/08/2023 01:00:00","BZN|EE","Without Sequence","53.63","",""
"02/08/2023 01:00:00 - 02/08/2023 02:00:00","BZN|EE","Without Sequence","65.46","",""
"02/08/2023 02:00:00 - 02/08/2023 03:00:00","BZN|EE","Without Sequence","68.55","",""
"02/08/2023 03:00:00 - 02/08/2023 04:00:00","BZN|EE","Without Sequence","85.83","",""
"02/08/2023 04:00:00 - 02/08/2023 05:00:00","BZN|EE","Without Sequence","99.61","",""
"02/08/2023 05:00:00 - 02/08/2023 06:00:00","BZN|EE","Without Sequence","107.16","",""
"02/08/2023 06:00:00 - 02/08/2023 07:00:00","BZN|EE","Without Sequence","95.79","",""
"02/08/2023 07:00:00 - 02/08/2023 08:00:00","BZN|EE","Without Sequence","87.30","",""
"02/08/2023 08:00:00 - 02/08/2023 09:00:00","BZN|EE","Without Sequence","78.27","",""
"02/08/2023 09:00:00 - 02/08/2023 10:00:00","BZN|EE","Without Sequence","64.50","",""
"02/08/2023 10:00:00 - 02/08/2023 11:00:00","BZN|EE","Without Sequence","52.02","",""
"02/08/2023 11:00:00 - 02/08/2023 12:00:00","BZN|EE","Without Sequence","33.08","",""
"02/08/2023 12:00:00 - 02/08/2023 13:00:00","BZN|EE","Without Sequence","45.00","",""
"02/08/2023 13:00:00 - 02/08/2023 14:00:00","BZN|EE","Without Sequence","20.73","",""
"02/08/2023 14:00:00 - 02/08/2023 15:00:00","BZN|EE","Without Sequence","27.24","",""
"02/08/2023 15:00:00 - 02/08/2023 16:00:00","BZN|EE","Without Sequence","51.75","",""
"02/08/2023 16:00:00 - 02/08/2023 17:00:00","BZN|EE","Without Sequence","67.59","",""
"02/08/2023 17:00:00 - 02/08/2023 18:00:00","BZN|EE","Without Sequence","111.08","",""
"02/08/2023 18:00:00 - 02/08/2023 19:00:00","BZN|EE","Without Sequence","117.74","",""
"02/08/2023 19:00:00 - 02/08/2023 20:00:00","BZN|EE","Without Sequence","98.36","",""
"02/08/2023 20:00:00 - 02/08/2023 21:00:00","BZN|EE","Without Sequence","65.70","",""
"02/08/2023 21:00:00 - 02/08/2023 22:00:00","BZN|EE","Without Sequence","34.06","",""
"02/08/2023 22:00:00 - 02/08/2023 23:00:00","BZN|EE","Without Sequence","7.32","",""
"02/08/2023 23:00:00 - 03/08/2023 00:00:00","BZN|EE","Without Sequence","8.67","",""
"03/08/2023 00:00:00 - 03/08/2023 01:00:00","BZN|EE","Without Sequence","3.10","",""
"03/08/2023 01:00:00 - 03/08/2023 02:00:00","BZN|EE","Without Sequence","5.61","",""
"03/08/2023 02:00:00 - 03/08/2023 03:00:00","BZN|EE","Without Sequence","7.03","",""
"03/08/2023 03:00:00 - 03/08/2023 04:00:00","BZN|EE","Without Sequence","11.32","",""
"03/08/2023 04:00:00 - 03/08/2023 05:00:00","BZN|EE","Without Sequence","33.16","",""
"03/08/2023 05:00:00 - 03/08/2023 06:00:00","BZN|EE","Without Sequence","52.83","",""
"03/08/2023 06:00:00 - 03/08/2023 07:00:00","BZN|EE","Without Sequence","67.97","",""
"03/08/2023 07:00:00 - 03/08/2023 08:00:00","BZN|EE","Without Sequence","56.67","",""
"03/08/2023 08:00:00 - 03/08/2023 09:00:00","BZN|EE","Without Sequence","40.52","",""
"03/08/2023 09:00:00 - 03/08/2023 10:00:00","BZN|EE","Without Sequence","31.61","",""
"03/08/2023 10:00:00 - 03/08/2023 11:00:00","BZN|EE","Without Sequence","26.49","",""
"03/08/2023 11:00:00 - 03/08/2023 12:00:00","BZN|EE","Without Sequence","21.77","",""
"03/08/2023 12:00:00 - 03/08/2023 13:00:00","BZN|EE","Without Sequence","17.98","",""
"03/08/2023 13:00:00 - 03/08/2023 14:00:00","BZN|EE","Without Sequence","22.54","",""
"03/08/2023 14:00:00 - 03/08/2023 15:00:00","BZN|EE","Without Sequence","25.94","",""
"03/08/2023 15:00:00 - 03/08/2023 16:00:00","BZN|EE","Without Sequence","36.05","",""
"03/08/2023 16:00:00 - 03/08/2023 17:00:00","BZN|EE","Without Sequence","72.88","",""
"03/08/2023 17:00:00 - 03/08/2023 18:00:00","BZN|EE","Without Sequence","84.32","",""
"03/08/2023 18:00:00 - 03/08/2023 19:00:00","BZN|EE","Without Sequence","94.28","",""
"03/08/2023 19:00:00 - 03/08/2023 20:00:00","BZN|EE","Without Sequence","94.49","",""
"03/08/2023 20:00:00 - 03/08/2023 21:00:00","BZN|EE","Without Sequence","79.07","",""
"03/08/2023 21:00:00 - 03/08/2023 22:00:00","BZN|EE","Without Sequence","51.04","",""
"03/08/2023 22:00:00 - 03/08/2023 23:00:00","BZN|EE","Without Sequence","17.65","",""
"03/08/2023 23:00:00 - 04/08/2023 00:00:00","BZN|EE","Without Sequence","17.39","",""
"04/08/2023 00:00:00 - 04/08/2023 01:00:00","BZN|EE","Without Sequence","17.20","",""
"04/08/2023 01:00:00 - 04/08/2023 02:00:00","BZN|EE","Without Sequence","16.10","",""
"04/08/2023 02:00:00 - 04/08/2023 03:00:00","BZN|EE","Without Sequence","15.00","",""
"04/08/2023 03:00:00 - 04/08/2023 04:00:00","BZN|EE","Without Sequence","60.02","",""
"04/08/2023 04:00:00 - 04/08/2023 05:00:00","BZN|EE","Without Sequence","106.36","",""
"04/08/2023 05:00:00 - 04/08/2023 06:00:00","BZN|EE","Without Sequence","122.41","",""
"04/08/2023 06:00:00 - 04/08/2023 07:00:00","BZN|EE","Without Sequence","119.48","",""
"04/08/2023 07:00:00 - 04/08/2023 08:00:00","BZN|EE","Without Sequence","60.08","",""
"04/08/2023 08:00:00 - 04/08/2023 09:00:00","BZN|EE","Without Sequence","53.72","",""
"04/08/2023 09:00:00 - 04/08/2023 10:00:00","BZN|EE","Without Sequence","24.79","",""
"04/08/2023 10:00:00 - 04/08/2023 11:00:00","BZN|EE","Without Sequence","24.35","",""
"04/08/2023 11:00:00 - 04/08/2023 12:00:00","BZN|EE","Without Sequence","22.10","",""
"04/08/2023 12:00:00 - 04/08/2023 13:00:00","BZN|EE","Without Sequence","20.53","",""
"04/08/2023 13:00:00 - 04/08/2023 14:00:00","BZN|EE","Without Sequence","20.18","",""
"04/08/2023 14:00:00 - 04/08/2023 15:00:00","BZN|EE","Without Sequence","65.04","",""
"04/08/2023 15:00:00 - 04/08/2023 16:00:00","BZN|EE","Without Sequence","94.73","",""
"04/08/2023 16:00:00 - 04/08/2023 17:00:00","BZN|EE","Without Sequence","144.64","",""
"04/08/2023 17:00:00 - 04/08/2023 18:00:00","BZN|EE","Without Sequence","159.17","",""
"04/08/2023 18:00:00 - 04/08/2023 19:00:00","BZN|EE","Without Sequence","162.61","",""
"04/08/2023 19:00:00 - 04/08/2023 20:00:00","BZN|EE","Without Sequence","158.47","",""
"04/08/2023 20:00:00 - 04/08/2023 21:00:00","BZN|EE","Without Sequence","114.64","",""
"04/08/2023 21:00:00 - 04/08/2023 22:00:00","BZN|EE","Without Sequence","98.49","",""
"04/08/2023 22:00:00 - 04/08/2023 23:00:00","BZN|EE","Without Sequence","89.51","",""
"04/08/2023 23:00:00 - 05/08/2023 00:00:00","BZN|EE","Without Sequence","15.01","",""
"05/08/2023 00:00:00 - 05/08/2023 01:00:00","BZN|EE","Without Sequence","15.03","",""
"05/08/2023 01:00:00 - 05/08/2023 02:00:00","BZN|EE","Without Sequence","90.30","",""
"05/08/2023 02:00:00 - 05/08/2023 03:00:00","BZN|EE","Without Sequence","90.24","",""
"05/08/2023 03:00:00 - 05/08/2023 04:00:00","BZN|EE","Without Sequence","90.54","",""
"05/08/2023 04:00:00 - 05/08/2023 05:00:00","BZN|EE","Without Sequence","94.55","",""
"05/08/2023 05:00:00 - 05/08/2023 06:00:00","BZN|EE","Without Sequence","93.86","",""
"05/08/2023 06:00:00 - 05/08/2023 07:00:00","BZN|EE","Without Sequence","93.00","",""
"05/08/2023 07:00:00 - 05/08/2023 08:00:00","BZN|EE","Without Sequence","89.52","",""
"05/08/2023 08:00:00 - 05/08/2023 09:00:00","BZN|EE","Without Sequence","80.10","",""
"05/08/2023 09:00:00 - 05/08/2023 10:00:00","BZN|EE","Without Sequence","16.96","",""
"05/08/2023 10:00:00 - 05/08/2023 11:00:00","BZN|EE","Without Sequence","16.54","",""
"05/08/2023 11:00:00 - 05/08/2023 12:00:00","BZN|EE","Without Sequence","16.41","",""
"05/08/2023 12:00:00 - 05/08/2023 13:00:00","BZN|EE","Without Sequence","16.51","",""
"05/08/2023 13:00:00 - 05/08/2023 14:00:00","BZN|EE","Without Sequence","16.83","",""
"05/08/2023 14:00:00 - 05/08/2023 15:00:00","BZN|EE","Without Sequence","40.01","",""
"05/08/2023 15:00:00 - 05/08/2023 16:00:00","BZN|EE","Without Sequence","98.03","",""
"05/08/2023 16:00:00 - 05/08/2023 17:00:00","BZN|EE","Without Sequence","112.20","",""
"05/08/2023 17:00:00 - 05/08/2023 18:00:00","BZN|EE","Without Sequence","126.86","",""
"05/08/2023 18:00:00 - 05/08/2023 19:00:00","BZN|EE","Without Sequence","134.82","",""
"05/08/2023 19:00:00 - 05/08/2023 20:00:00","BZN|EE","Without Sequence","109.91","",""
"05/08/2023 20:00:00 - 05/08/2023 21:00:00","BZN|EE","Without Sequence","99.89","",""
"05/08/2023 21:00:00 - 05/08/2023 22:00:00","BZN|EE","Without Sequence","87.30","",""
"05/08/2023 22:00:00 - 05/08/2023 23:00:00","BZN|EE","Without Sequence","88.83","",""
"05/08/2023 23:00:00 - 06/08/2023 00:00:00","BZN|EE","Without Sequence","40.01","",""
"06/08/2023 00:00:00 - 06/08/2023 01:00:00","BZN|EE","Without Sequence","13.47","",""
"06/08/2023 01:00:00 - 06/08/2023 02:00:00","BZN|EE","Without Sequence","12.95","",""
"06/08/2023 02:00:00 - 06/08/2023 03:00:00","BZN|EE","Without Sequence","59.91","",""
"06/08/2023 03:00:00 - 06/08/2023 04:00:00","BZN|EE","Without Sequence","56.42","",""
"06/08/2023 04:00:00 - 06/08/2023 05:00:00","BZN|EE","Without Sequence","49.15","",""
"06/08/2023 05:00:00 - 06/08/2023 06:00:00","BZN|EE","Without Sequence","62.12","",""
"06/08/2023 06:00:00 - 06/08/2023 07:00:00","BZN|EE","Without Sequence","15.99","",""
"06/08/2023 07:00:00 - 06/08/2023 08:00:00","BZN|EE","Without Sequence","16.30","",""
"06/08/2023 08:00:00 - 06/08/2023 09:00:00","BZN|EE","Without Sequence","16.69","",""
"06/08/2023 09:00:00 - 06/08/2023 10:00:00","BZN|EE","Without Sequence","16.39","",""
"06/08/2023 10:00:00 - 06/08/2023 11:00:00","BZN|EE","Without Sequence","16.24","",""
"06/08/2023 11:00:00 - 06/08/2023 12:00:00","BZN|EE","Without Sequence","11.71","",""
"06/08/2023 12:00:00 - 06/08/2023 13:00:00","BZN|EE","Without Sequence","11.96","",""
"06/08/2023 13:00:00 - 06/08/2023 14:00:00","BZN|EE","Without Sequence","9.09","",""
"06/08/2023 14:00:00 - 06/08/2023 15:00:00","BZN|EE","Without Sequence","11.81","",""
"06/08/2023 15:00:00 - 06/08/2023 16:00:00","BZN|EE","Without Sequence","33.52","",""
"06/08/2023 16:00:00 - 06/08/2023 17:00:00","BZN|EE","Without Sequence","61.39","",""
"06/08/2023 17:00:00 - 06/08/2023 18:00:00","BZN|EE","Without Sequence","74.64","",""
"06/08/2023 18:00:00 - 06/08/2023 19:00:00","BZN|EE","Without Sequence","83.02","",""
"06/08/2023 19:00:00 - 06/08/2023 20:00:00","BZN|EE","Without Sequence","83.92","",""
"06/08/2023 20:00:00 - 06/08/2023 21:00:00","BZN|EE","Without Sequence","37.10","",""
"06/08/2023 21:00:00 - 06/08/2023 22:00:00","BZN|EE","Without Sequence","10.00","",""
"06/08/2023 22:00:00 - 06/08/2023 23:00:00","BZN|EE","Without Sequence","4.00","",""
"06/08/2023 23:00:00 - 07/08/2023 00:00:00","BZN|EE","Without Sequence","2.52","",""
"07/08/2023 00:00:00 - 07/08/2023 01:00:00","BZN|EE","Without Sequence","22.20","",""
"07/08/2023 01:00:00 - 07/08/2023 02:00:00","BZN|EE","Without Sequence","6.98","",""
"07/08/2023 02:00:00 - 07/08/2023 03:00:00","BZN|EE","Without Sequence","4.72","",""
"07/08/2023 03:00:00 - 07/08/2023 04:00:00","BZN|EE","Without Sequence","4.18","",""
"07/08/2023 04:00:00 - 07/08/2023 05:00:00","BZN|EE","Without Sequence","66.22","",""
"07/08/2023 05:00:00 - 07/08/2023 06:00:00","BZN|EE","Without Sequence","72.38","",""
"07/08/2023 06:00:00 - 07/08/2023 07:00:00","BZN|EE","Without Sequence","40.00","",""
"07/08/2023 07:00:00 - 07/08/2023 08:00:00","BZN|EE","Without Sequence","4.96","",""
"07/08/2023 08:00:00 - 07/08/2023 09:00:00","BZN|EE","Without Sequence","4.07","",""
"07/08/2023 09:00:00 - 07/08/2023 10:00:00","BZN|EE","Without Sequence","1.00","",""
"07/08/2023 10:00:00 - 07/08/2023 11:00:00","BZN|EE","Without Sequence","-0.01","",""
"07/08/2023 11:00:00 - 07/08/2023 12:00:00","BZN|EE","Without Sequence","-0.01","",""
"07/08/2023 12:00:00 - 07/08/2023 13:00:00","BZN|EE","Without Sequence","0.00","",""
"07/08/2023 13:00:00 - 07/08/2023 14:00:00","BZN|EE","Without Sequence","10.00","",""
"07/08/2023 14:00:00 - 07/08/2023 15:00:00","BZN|EE","Without Sequence","34.37","",""
"07/08/2023 15:00:00 - 07/08/2023 16:00:00","BZN|EE","Without Sequence","77.70","",""
"07/08/2023 16:00:00 - 07/08/2023 17:00:00","BZN|EE","Without Sequence","78.96","",""
"07/08/2023 17:00:00 - 07/08/2023 18:00:00","BZN|EE","Without Sequence","78.83","",""
"07/08/2023 18:00:00 - 07/08/2023 19:00:00","BZN|EE","Without Sequence","90.12","",""
"07/08/2023 19:00:00 - 07/08/2023 20:00:00","BZN|EE","Without Sequence","73.70","",""
"07/08/2023 20:00:00 - 07/08/2023 21:00:00","BZN|EE","Without Sequence","29.91","",""
"07/08/2023 21:00:00 - 07/08/2023 22:00:00","BZN|EE","Without Sequence","26.22","",""
"07/08/2023 22:00:00 - 07/08/2023 23:00:00","BZN|EE","Without Sequence","-0.09","",""
"07/08/2023 23:00:00 - 08/08/2023 00:00:00","BZN|EE","Without Sequence","-6.03","",""
"08/08/2023 00:00:00 - 08/08/2023 01:00:00","BZN|EE","Without Sequence","-6.20","",""
"08/08/2023 01:00:00 - 08/08/2023 02:00:00","BZN|EE","Without Sequence","-3.37","",""
"08/08/2023 02:00:00 - 08/08/2023 03:00:00","BZN|EE","Without Sequence","-5.08","",""
"08/08/2023 03:00:00 - 08/08/2023 04:00:00","BZN|EE","Without Sequence","-1.64","",""
"08/08/2023 04:00:00 - 08/08/2023 05:00:00","BZN|EE","Without Sequence","0.04","",""
"08/08/2023 05:00:00 - 08/08/2023 06:00:00","BZN|EE","Without Sequence","14.86","",""
"08/08/2023 06:00:00 - 08/08/2023 07:00:00","BZN|EE","Without Sequence","17.24","",""
"08/08/2023 07:00:00 - 08/08/2023 08:00:00","BZN|EE","Without Sequence","2.56","",""
"08/08/2023 08:00:00 - 08/08/2023 09:00:00","BZN|EE","Without Sequence","-3.85","",""
"08/08/2023 09:00:00 - 08/08/2023 10:00:00","BZN|EE","Without Sequence","-6.22","",""
"08/08/2023 10:00:00 - 08/08/2023 11:00:00","BZN|EE","Without Sequence","-0.06","",""
"08/08/2023 11:00:00 - 08/08/2023 12:00:00","BZN|EE","Without Sequence","-0.05","",""
"08/08/2023 12:00:00 - 08/08/2023 13:00:00","BZN|EE","Without Sequence","-0.06","",""
"08/08/2023 13:00:00 - 08/08/2023 14:00:00","BZN|EE","Without Sequence","-9.97","",""
"08/08/2023 14:00:00 - 08/08/2023 15:00:00","BZN|EE","Without Sequence","-3.67","",""
"08/08/2023 15:00:00 - 08/08/2023 16:00:00","BZN|EE","Without Sequence","0.54","",""
"08/08/2023 16:00:00 - 08/08/2023 17:00:00","BZN|EE","Without Sequence","90.09","",""
"08/08/2023 17:00:00 - 08/08/2023 18:00:00","BZN|EE","Without Sequence","95.14","",""
"08/08/2023 18:00:00 - 08/08/2023 19:00:00","BZN|EE","Without Sequence","97.33","",""
"08/08/2023 19:00:00 - 08/08/2023 20:00:00","BZN|EE","Without Sequence","90.88","",""
"08/08/2023 20:00:00 - 08/08/2023 21:00:00","BZN|EE","Without Sequence","1.22","",""
"08/08/2023 21:00:00 - 08/08/2023 22:00:00","BZN|EE","Without Sequence","5.19","",""
"08/08/2023 22:00:00 - 08/08/2023 23:00:00","BZN|EE","Without Sequence","10.03","",""
"08/08/2023 23:00:00 - 09/08/2023 00:00:00","BZN|EE","Without Sequence","10.02","",""
"09/08/2023 00:00:00 - 09/08/2023 01:00:00","BZN|EE","Without Sequence","10.01","",""
"09/08/2023 01:00:00 - 09/08/2023 02:00:00","BZN|EE","Without Sequence","10.03","",""
"09/08/2023 02:00:00 - 09/08/2023 03:00:00","BZN|EE","Without Sequence","10.03","",""
"09/08/2023 03:00:00 - 09/08/2023 04:00:00","BZN|EE","Without Sequence","83.95","",""
"09/08/2023 04:00:00 - 09/08/2023 05:00:00","BZN|EE","Without Sequence","98.16","",""
"09/08/2023 05:00:00 - 09/08/2023 06:00:00","BZN|EE","Without Sequence","105.70","",""
"09/08/2023 06:00:00 - 09/08/2023 07:00:00","BZN|EE","Without Sequence","106.44","",""
"09/08/2023 07:00:00 - 09/08/2023 08:00:00","BZN|EE","Without Sequence","97.90","",""
"09/08/2023 08:00:00 - 09/08/2023 09:00:00","BZN|EE","Without Sequence","110.05","",""
"09/08/2023 09:00:00 - 09/08/2023 10:00:00","BZN|EE","Without Sequence","84.82","",""
"09/08/2023 10:00:00 - 09/08/2023 11:00:00","BZN|EE","Without Sequence","110.03","",""
"09/08/2023 11:00:00 - 09/08/2023 12:00:00","BZN|EE","Without Sequence","51.93","",""
"09/08/2023 12:00:00 - 09/08/2023 13:00:00","BZN|EE","Without Sequence","44.83","",""
"09/08/2023 13:00:00 - 09/08/2023 14:00:00","BZN|EE","Without Sequence","62.44","",""
"09/08/2023 14:00:00 - 09/08/2023 15:00:00","BZN|EE","Without Sequence","71.01","",""
"09/08/2023 15:00:00 - 09/08/2023 16:00:00","BZN|EE","Without Sequence","88.45","",""
"09/08/2023 16:00:00 - 09/08/2023 17:00:00","BZN|EE","Without Sequence","99.26","",""
"09/08/2023 17:00:00 - 09/08/2023 18:00:00","BZN|EE","Without Sequence","124.00","",""
"09/08/2023 18:00:00 - 09/08/2023 19:00:00","BZN|EE","Without Sequence","146.62","",""
"09/08/2023 19:00:00 - 09/08/2023 20:00:00","BZN|EE","Without Sequence","135.38","",""
"09/08/2023 20:00:00 - 09/08/2023 21:00:00","BZN|EE","Without Sequence","110.09","",""
"09/08/2023 21:00:00 - 09/08/2023 22:00:00","BZN|EE","Without Sequence","100.96","",""
"09/08/2023 22:00:00 - 09/08/2023 23:00:00","BZN|EE","Without Sequence","96.27","",""
"09/08/2023 23:00:00 - 10/08/2023 00:00:00","BZN|EE","Without Sequence","91.99","",""
"10/08/2023 00:00:00 - 10/08/2023 01:00:00","BZN|EE","Without Sequence","89.15","",""
"10/08/2023 01:00:00 - 10/08/2023 02:00:00","BZN|EE","Without Sequence","79.98","",""
"10/08/2023 02:00:00 - 10/08/2023 03:00:00","BZN|EE","Without Sequence","85.21","",""
"10/08/2023 03:00:00 - 10/08/2023 04:00:00","BZN|EE","Without Sequence","92.39","",""
"10/08/2023 04:00:00 - 10/08/2023 05:00:00","BZN|EE","Without Sequence","118.77","",""
"10/08/2023 05:00:00 - 10/08/2023 06:00:00","BZN|EE","Without Sequence","159.63","",""
"10/08/2023 06:00:00 - 10/08/2023 07:00:00","BZN|EE","Without Sequence","113.64","",""
"10/08/2023 07:00:00 - 10/08/2023 08:00:00","BZN|EE","Without Sequence","95.48","",""
"10/08/2023 08:00:00 - 10/08/2023 09:00:00","BZN|EE","Without Sequence","75.19","",""
"10/08/2023 09:00:00 - 10/08/2023 10:00:00","BZN|EE","Without Sequence","66.97","",""
"10/08/2023 10:00:00 - 10/08/2023 11:00:00","BZN|EE","Without Sequence","64.06","",""
"10/08/2023 11:00:00 - 10/08/2023 12:00:00","BZN|EE","Without Sequence","41.31","",""
"10/08/2023 12:00:00 - 10/08/2023 13:00:00","BZN|EE","Without Sequence","43.86","",""
"10/08/2023 13:00:00 - 10/08/2023 14:00:00","BZN|EE","Without Sequence","65.82","",""
"10/08/2023 14:00:00 - 10/08/2023 15:00:00","BZN|EE","Without Sequence","80.18","",""
"10/08/2023 15:00:00 - 10/08/2023 16:00:00","BZN|EE","Without Sequence","104.59","",""
"10/08/2023 16:00:00 - 10/08/2023 17:00:00","BZN|EE","Without Sequence","104.44","",""
"10/08/2023 17:00:00 - 10/08/2023 18:00:00","BZN|EE","Without Sequence","160.13","",""
"10/08/2023 18:00:00 - 10/08/2023 19:00:00","BZN|EE","Without Sequence","162.49","",""
"10/08/2023 19:00:00 - 10/08/2023 20:00:00","BZN|EE","Without Sequence","155.91","",""
"10/08/2023 20:00:00 - 10/08/2023 21:00:00","BZN|EE","Without Sequence","109.77","",""
"10/08/2023 21:00:00 - 10/08/2023 22:00:00","BZN|EE","Without Sequence","100.02","",""
"10/08/2023 22:00:00 - 10/08/2023 23:00:00","BZN|EE","Without Sequence","109.91","",""
"10/08/2023 23:00:00 - 11/08/2023 00:00:00","BZN|EE","Without Sequence","106.28","",""
"11/08/2023 00:00:00 - 11/08/2023 01:00:00","BZN|EE","Without Sequence","104.79","",""
"11/08/2023 01:00:00 - 11/08/2023 02:00:00","BZN|EE","Without Sequence","104.80","",""
"11/08/2023 02:00:00 - 11/08/2023 03:00:00","BZN|EE","Without Sequence","104.80","",""
"11/08/2023 03:00:00 - 11/08/2023 04:00:00","BZN|EE","Without Sequence","105.93","",""
"11/08/2023 04:00:00 - 11/08/2023 05:00:00","BZN|EE","Without Sequence","121.50","",""
"11/08/2023 05:00:00 - 11/08/2023 06:00:00","BZN|EE","Without Sequence","127.71","",""
"11/08/2023 06:00:00 - 11/08/2023 07:00:00","BZN|EE","Without Sequence","103.80","",""
"11/08/2023 07:00:00 - 11/08/2023 08:00:00","BZN|EE","Without Sequence","144.30","",""
"11/08/2023 08:00:00 - 11/08/2023 09:00:00","BZN|EE","Without Sequence","45.84","",""
"11/08/2023 09:00:00 - 11/08/2023 10:00:00","BZN|EE","Without Sequence","40.68","",""
"11/08/2023 10:00:00 - 11/08/2023 11:00:00","BZN|EE","Without Sequence","144.29","",""
"11/08/2023 11:00:00 - 11/08/2023 12:00:00","BZN|EE","Without Sequence","17.87","",""
"11/08/2023 12:00:00 - 11/08/2023 13:00:00","BZN|EE","Without Sequence","18.54","",""
"11/08/2023 13:00:00 - 11/08/2023 14:00:00","BZN|EE","Without Sequence","58.01","",""
"11/08/2023 14:00:00 - 11/08/2023 15:00:00","BZN|EE","Without Sequence","84.58","",""
"11/08/2023 15:00:00 - 11/08/2023 16:00:00","BZN|EE","Without Sequence","200.00","",""
"11/08/2023 16:00:00 - 11/08/2023 17:00:00","BZN|EE","Without Sequence","138.16","",""
"11/08/2023 17:00:00 - 11/08/2023 18:00:00","BZN|EE","Without Sequence","139.69","",""
"11/08/2023 18:00:00 - 11/08/2023 19:00:00","BZN|EE","Without Sequence","152.20","",""
"11/08/2023 19:00:00 - 11/08/2023 20:00:00","BZN|EE","Without Sequence","135.56","",""
"11/08/2023 20:00:00 - 11/08/2023 21:00:00","BZN|EE","Without Sequence","115.42","",""
"11/08/2023 21:00:00 - 11/08/2023 22:00:00","BZN|EE","Without Sequence","101.32","",""
"11/08/2023 22:00:00 - 11/08/2023 23:00:00","BZN|EE","Without Sequence","103.54","",""
"11/08/2023 23:00:00 - 12/08/2023 00:00:00","BZN|EE","Without Sequence","97.91","",""
"12/08/2023 00:00:00 - 12/08/2023 01:00:00","BZN|EE","Without Sequence","97.09","",""
"12/08/2023 01:00:00 - 12/08/2023 02:00:00","BZN|EE","Without Sequence","94.67","",""
"12/08/2023 02:00:00 - 12/08/2023 03:00:00","BZN|EE","Without Sequence","93.91","",""
"12/08/2023 03:00:00 - 12/08/2023 04:00:00","BZN|EE","Without Sequence","89.75","",""
"12/08/2023 04:00:00 - 12/08/2023 05:00:00","BZN|EE","Without Sequence","88.59","",""
"12/08/2023 05:00:00 - 12/08/2023 06:00:00","BZN|EE","Without Sequence","53.01","",""
"12/08/2023 06:00:00 - 12/08/2023 07:00:00","BZN|EE","Without Sequence","48.06","",""
"12/08/2023 07:00:00 - 12/08/2023 08:00:00","BZN|EE","Without Sequence","44.23","",""
"12/08/2023 08:00:00 - 12/08/2023 09:00:00","BZN|EE","Without Sequence","25.73","",""
"12/08/2023 09:00:00 - 12/08/2023 10:00:00","BZN|EE","Without Sequence","22.72","",""
"12/08/2023 10:00:00 - 12/08/2023 11:00:00","BZN|EE","Without Sequence","17.99","",""
"12/08/2023 11:00:00 - 12/08/2023 12:00:00","BZN|EE","Without Sequence","10.11","",""
"12/08/2023 12:00:00 - 12/08/2023 13:00:00","BZN|EE","Without Sequence","10.02","",""
"12/08/2023 13:00:00 - 12/08/2023 14:00:00","BZN|EE","Without Sequence","10.04","",""
"12/08/2023 14:00:00 - 12/08/2023 15:00:00","BZN|EE","Without Sequence","20.40","",""
"12/08/2023 15:00:00 - 12/08/2023 16:00:00","BZN|EE","Without Sequence","67.58","",""
"12/08/2023 16:00:00 - 12/08/2023 17:00:00","BZN|EE","Without Sequence","92.53","",""
"12/08/2023 17:00:00 - 12/08/2023 18:00:00","BZN|EE","Without Sequence","106.47","",""
"12/08/2023 18:00:00 - 12/08/2023 19:00:00","BZN|EE","Without Sequence","111.16","",""
"12/08/2023 19:00:00 - 12/08/2023 20:00:00","BZN|EE","Without Sequence","112.28","",""
"12/08/2023 20:00:00 - 12/08/2023 21:00:00","BZN|EE","Without Sequence","107.53","",""
"12/08/2023 21:00:00 - 12/08/2023 22:00:00","BZN|EE","Without Sequence","97.99","",""
"12/08/2023 22:00:00 - 12/08/2023 23:00:00","BZN|EE","Without Sequence","90.10","",""
"12/08/2023 23:00:00 - 13/08/2023 00:00:00","BZN|EE","Without Sequence","82.83","",""
"13/08/2023 00:00:00 - 13/08/2023 01:00:00","BZN|EE","Without Sequence","40.00","",""
"13/08/2023 01:00:00 - 13/08/2023 02:00:00","BZN|EE","Without Sequence","11.24","",""
"13/08/2023 02:00:00 - 13/08/2023 03:00:00","BZN|EE","Without Sequence","11.81","",""
"13/08/2023 03:00:00 - 13/08/2023 04:00:00","BZN|EE","Without Sequence","40.01","",""
"13/08/2023 04:00:00 - 13/08/2023 05:00:00","BZN|EE","Without Sequence","73.13","",""
"13/08/2023 05:00:00 - 13/08/2023 06:00:00","BZN|EE","Without Sequence","14.73","",""
"13/08/2023 06:00:00 - 13/08/2023 07:00:00","BZN|EE","Without Sequence","35.00","",""
"13/08/2023 07:00:00 - 13/08/2023 08:00:00","BZN|EE","Without Sequence","17.01","",""
"13/08/2023 08:00:00 - 13/08/2023 09:00:00","BZN|EE","Without Sequence","15.80","",""
"13/08/2023 09:00:00 - 13/08/2023 10:00:00","BZN|EE","Without Sequence","13.79","",""
"13/08/2023 10:00:00 - 13/08/2023 11:00:00","BZN|EE","Without Sequence","6.01","",""
"13/08/2023 11:00:00 - 13/08/2023 12:00:00","BZN|EE","Without Sequence","1.10","",""
"13/08/2023 12:00:00 - 13/08/2023 13:00:00","BZN|EE","Without Sequence","1.51","",""
"13/08/2023 13:00:00 - 13/08/2023 14:00:00","BZN|EE","Without Sequence","6.92","",""
"13/08/2023 14:00:00 - 13/08/2023 15:00:00","BZN|EE","Without Sequence","17.28","",""
"13/08/2023 15:00:00 - 13/08/2023 16:00:00","BZN|EE","Without Sequence","72.67","",""
"13/08/2023 16:00:00 - 13/08/2023 17:00:00","BZN|EE","Without Sequence","99.20","",""
"13/08/2023 17:00:00 - 13/08/2023 18:00:00","BZN|EE","Without Sequence","107.36","",""
"13/08/2023 18:00:00 - 13/08/2023 19:00:00","BZN|EE","Without Sequence","115.61","",""
"13/08/2023 19:00:00 - 13/08/2023 20:00:00","BZN|EE","Without Sequence","120.00","",""
"13/08/2023 20:00:00 - 13/08/2023 21:00:00","BZN|EE","Without Sequence","100.09","",""
"13/08/2023 21:00:00 - 13/08/2023 22:00:00","BZN|EE","Without Sequence","104.91","",""
"13/08/2023 22:00:00 - 13/08/2023 23:00:00","BZN|EE","Without Sequence","80.00","",""
"13/08/2023 23:00:00 - 14/08/2023 00:00:00","BZN|EE","Without Sequence","14.60","",""
"14/08/2023 00:00:00 - 14/08/2023 01:00:00","BZN|EE","Without Sequence","14.24","",""
"14/08/2023 01:00:00 - 14/08/2023 02:00:00","BZN|EE","Without Sequence","14.17","",""
"14/08/2023 02:00:00 - 14/08/2023 03:00:00","BZN|EE","Without Sequence","40.01","",""
"14/08/2023 03:00:00 - 14/08/2023 04:00:00","BZN|EE","Without Sequence","79.33","",""
"14/08/2023 04:00:00 - 14/08/2023 05:00:00","BZN|EE","Without Sequence","101.99","",""
"14/08/2023 05:00:00 - 14/08/2023 06:00:00","BZN|EE","Without Sequence","103.70","",""
"14/08/2023 06:00:00 - 14/08/2023 07:00:00","BZN|EE","Without Sequence","101.38","",""
"14/08/2023 07:00:00 - 14/08/2023 08:00:00","BZN|EE","Without Sequence","89.36","",""
"14/08/2023 08:00:00 - 14/08/2023 09:00:00","BZN|EE","Without Sequence","80.01","",""
"14/08/2023 09:00:00 - 14/08/2023 10:00:00","BZN|EE","Without Sequence","53.43","",""
"14/08/2023 10:00:00 - 14/08/2023 11:00:00","BZN|EE","Without Sequence","27.39","",""
"14/08/2023 11:00:00 - 14/08/2023 12:00:00","BZN|EE","Without Sequence","23.09","",""
"14/08/2023 12:00:00 - 14/08/2023 13:00:00","BZN|EE","Without Sequence","22.40","",""
"14/08/2023 13:00:00 - 14/08/2023 14:00:00","BZN|EE","Without Sequence","21.58","",""
"14/08/2023 14:00:00 - 14/08/2023 15:00:00","BZN|EE","Without Sequence","22.97","",""
"14/08/2023 15:00:00 - 14/08/2023 16:00:00","BZN|EE","Without Sequence","101.21","",""
"14/08/2023 16:00:00 - 14/08/2023 17:00:00","BZN|EE","Without Sequence","120.89","",""
"14/08/2023 17:00:00 - 14/08/2023 18:00:00","BZN|EE","Without Sequence","173.34","",""
"14/08/2023 18:00:00 - 14/08/2023 19:00:00","BZN|EE","Without Sequence","156.46","",""
"14/08/2023 19:00:00 - 14/08/2023 20:00:00","BZN|EE","Without Sequence","130.48","",""
"14/08/2023 20:00:00 - 14/08/2023 21:00:00","BZN|EE","Without Sequence","110.99","",""
"14/08/2023 21:00:00 - 14/08/2023 22:00:00","BZN|EE","Without Sequence","94.09","",""
"14/08/2023 22:00:00 - 14/08/2023 23:00:00","BZN|EE","Without Sequence","17.04","",""
"14/08/2023 23:00:00 - 15/08/2023 00:00:00","BZN|EE","Without Sequence","92.65","",""
"15/08/2023 00:00:00 - 15/08/2023 01:00:00","BZN|EE","Without Sequence","88.49","",""
"15/08/2023 01:00:00 - 15/08/2023 02:00:00","BZN|EE","Without Sequence","37.20","",""
"15/08/2023 02:00:00 - 15/08/2023 03:00:00","BZN|EE","Without Sequence","40.00","",""
"15/08/2023 03:00:00 - 15/08/2023 04:00:00","BZN|EE","Without Sequence","17.35","",""
"15/08/2023 04:00:00 - 15/08/2023 05:00:00","BZN|EE","Without Sequence","78.91","",""
"15/08/2023 05:00:00 - 15/08/2023 06:00:00","BZN|EE","Without Sequence","78.91","",""
"15/08/2023 06:00:00 - 15/08/2023 07:00:00","BZN|EE","Without Sequence","26.26","",""
"15/08/2023 07:00:00 - 15/08/2023 08:00:00","BZN|EE","Without Sequence","27.94","",""
"15/08/2023 08:00:00 - 15/08/2023 09:00:00","BZN|EE","Without Sequence","25.97","",""
"15/08/2023 09:00:00 - 15/08/2023 10:00:00","BZN|EE","Without Sequence","24.59","",""
"15/08/2023 10:00:00 - 15/08/2023 11:00:00","BZN|EE","Without Sequence","23.85","",""
"15/08/2023 11:00:00 - 15/08/2023 12:00:00","BZN|EE","Without Sequence","22.89","",""
"15/08/2023 12:00:00 - 15/08/2023 13:00:00","BZN|EE","Without Sequence","22.98","",""
"15/08/2023 13:00:00 - 15/08/2023 14:00:00","BZN|EE","Without Sequence","23.16","",""
"15/08/2023 14:00:00 - 15/08/2023 15:00:00","BZN|EE","Without Sequence","24.35","",""
"15/08/2023 15:00:00 - 15/08/2023 16:00:00","BZN|EE","Without Sequence","95.22","",""
"15/08/2023 16:00:00 - 15/08/2023 17:00:00","BZN|EE","Without Sequence","107.78","",""
"15/08/2023 17:00:00 - 15/08/2023 18:00:00","BZN|EE","Without Sequence","123.69","",""
"15/08/2023 18:00:00 - 15/08/2023 19:00:00","BZN|EE","Without Sequence","139.38","",""
"15/08/2023 19:00:00 - 15/08/2023 20:00:00","BZN|EE","Without Sequence","133.04","",""
"15/08/2023 20:00:00 - 15/08/2023 21:00:00","BZN|EE","Without Sequence","88.49","",""
"15/08/2023 21:00:00 - 15/08/2023 22:00:00","BZN|EE","Without Sequence","17.56","",""
"15/08/2023 22:00:00 - 15/08/2023 23:00:00","BZN|EE","Without Sequence","0.71","",""
"15/08/2023 23:00:00 - 16/08/2023 00:00:00","BZN|EE","Without Sequence","0.01","",""
"16/08/2023 00:00:00 - 16/08/2023 01:00:00","BZN|EE","Without Sequence","0.01","",""
"16/08/2023 01:00:00 - 16/08/2023 02:00:00","BZN|EE","Without Sequence","0.00","",""
"16/08/2023 02:00:00 - 16/08/2023 03:00:00","BZN|EE","Without Sequence","0.00","",""
"16/08/2023 03:00:00 - 16/08/2023 04:00:00","BZN|EE","Without Sequence","3.80","",""
"16/08/2023 04:00:00 - 16/08/2023 05:00:00","BZN|EE","Without Sequence","15.22","",""
"16/08/2023 05:00:00 - 16/08/2023 06:00:00","BZN|EE","Without Sequence","17.06","",""
"16/08/2023 06:00:00 - 16/08/2023 07:00:00","BZN|EE","Without Sequence","18.17","",""
"16/08/2023 07:00:00 - 16/08/2023 08:00:00","BZN|EE","Without Sequence","19.28","",""
"16/08/2023 08:00:00 - 16/08/2023 09:00:00","BZN|EE","Without Sequence","19.08","",""
"16/08/2023 09:00:00 - 16/08/2023 10:00:00","BZN|EE","Without Sequence","18.52","",""
"16/08/2023 10:00:00 - 16/08/2023 11:00:00","BZN|EE","Without Sequence","18.09","",""
"16/08/2023 11:00:00 - 16/08/2023 12:00:00","BZN|EE","Without Sequence","18.00","",""
"16/08/2023 12:00:00 - 16/08/2023 13:00:00","BZN|EE","Without Sequence","17.99","",""
"16/08/2023 13:00:00 - 16/08/2023 14:00:00","BZN|EE","Without Sequence","17.83","",""
"16/08/2023 14:00:00 - 16/08/2023 15:00:00","BZN|EE","Without Sequence","17.91","",""
"16/08/2023 15:00:00 - 16/08/2023 16:00:00","BZN|EE","Without Sequence","25.99","",""
"16/08/2023 16:00:00 - 16/08/2023 17:00:00","BZN|EE","Without Sequence","89.09","",""
"16/08/2023 17:00:00 - 16/08/2023 18:00:00","BZN|EE","Without Sequence","89.10","",""
"16/08/2023 18:00:00 - 16/08/2023 19:00:00","BZN|EE","Without Sequence","89.09","",""
"16/08/2023 19:00:00 - 16/08/2023 20:00:00","BZN|EE","Without Sequence","16.98","",""
"16/08/2023 20:00:00 - 16/08/2023 21:00:00","BZN|EE","Without Sequence","13.85","",""
"16/08/2023 21:00:00 - 16/08/2023 22:00:00","BZN|EE","Without Sequence","7.21","",""
"16/08/2023 22:00:00 - 16/08/2023 23:00:00","BZN|EE","Without Sequence","0.82","",""
"16/08/2023 23:00:00 - 17/08/2023 00:00:00","BZN|EE","Without Sequence","0.95","",""
"17/08/2023 00:00:00 - 17/08/2023 01:00:00","BZN|EE","Without Sequence","1.87","",""
"17/08/2023 01:00:00 - 17/08/2023 02:00:00","BZN|EE","Without Sequence","2.28","",""
"17/08/2023 02:00:00 - 17/08/2023 03:00:00","BZN|EE","Without Sequence","3.72","",""
"17/08/2023 03:00:00 - 17/08/2023 04:00:00","BZN|EE","Without Sequence","7.05","",""
"17/08/2023 04:00:00 - 17/08/2023 05:00:00","BZN|EE","Without Sequence","26.08","",""
"17/08/2023 05:00:00 - 17/08/2023 06:00:00","BZN|EE","Without Sequence","40.01","",""
"17/08/2023 06:00:00 - 17/08/2023 07:00:00","BZN|EE","Without Sequence","18.48","",""
"17/08/2023 07:00:00 - 17/08/2023 08:00:00","BZN|EE","Without Sequence","18.84","",""
"17/08/2023 08:00:00 - 17/08/2023 09:00:00","BZN|EE","Without Sequence","19.37","",""
"17/08/2023 09:00:00 - 17/08/2023 10:00:00","BZN|EE","Without Sequence","18.93","",""
"17/08/2023 10:00:00 - 17/08/2023 11:00:00","BZN|EE","Without Sequence","18.55","",""
"17/08/2023 11:00:00 - 17/08/2023 12:00:00","BZN|EE","Without Sequence","18.37","",""
"17/08/2023 12:00:00 - 17/08/2023 13:00:00","BZN|EE","Without Sequence","18.59","",""
"17/08/2023 13:00:00 - 17/08/2023 14:00:00","BZN|EE","Without Sequence","18.60","",""
"17/08/2023 14:00:00 - 17/08/2023 15:00:00","BZN|EE","Without Sequence","18.98","",""
"17/08/2023 15:00:00 - 17/08/2023 16:00:00","BZN|EE","Without Sequence","40.00","",""
"17/08/2023 16:00:00 - 17/08/2023 17:00:00","BZN|EE","Without Sequence","88.69","",""
"17/08/2023 17:00:00 - 17/08/2023 18:00:00","BZN|EE","Without Sequence","88.70","",""
"17/08/2023 18:00:00 - 17/08/2023 19:00:00","BZN|EE","Without Sequence","88.70","",""
"17/08/2023 19:00:00 - 17/08/2023 20:00:00","BZN|EE","Without Sequence","88.69","",""
"17/08/2023 20:00:00 - 17/08/2023 21:00:00","BZN|EE","Without Sequence","19.98","",""
"17/08/2023 21:00:00 - 17/08/2023 22:00:00","BZN|EE","Without Sequence","17.67","",""
"17/08/2023 22:00:00 - 17/08/2023 23:00:00","BZN|EE","Without Sequence","18.10","",""
"17/08/2023 23:00:00 - 18/08/2023 00:00:00","BZN|EE","Without Sequence","17.57","",""
"18/08/2023 00:00:00 - 18/08/2023 01:00:00","BZN|EE","Without Sequence","17.08","",""
"18/08/2023 01:00:00 - 18/08/2023 02:00:00","BZN|EE","Without Sequence","16.17","",""
"18/08/2023 02:00:00 - 18/08/2023 03:00:00","BZN|EE","Without Sequence","16.42","",""
"18/08/2023 03:00:00 - 18/08/2023 04:00:00","BZN|EE","Without Sequence","21.12","",""
"18/08/2023 04:00:00 - 18/08/2023 05:00:00","BZN|EE","Without Sequence","119.32","",""
"18/08/2023 05:00:00 - 18/08/2023 06:00:00","BZN|EE","Without Sequence","208.56","",""
"18/08/2023 06:00:00 - 18/08/2023 07:00:00","BZN|EE","Without Sequence","270.45","",""
"18/08/2023 07:00:00 - 18/08/2023 08:00:00","BZN|EE","Without Sequence","187.97","",""
"18/08/2023 08:00:00 - 18/08/2023 09:00:00","BZN|EE","Without Sequence","147.87","",""
"18/08/2023 09:00:00 - 18/08/2023 10:00:00","BZN|EE","Without Sequence","135.02","",""
"18/08/2023 10:00:00 - 18/08/2023 11:00:00","BZN|EE","Without Sequence","250.03","",""
"18/08/2023 11:00:00 - 18/08/2023 12:00:00","BZN|EE","Without Sequence","149.58","",""
"18/08/2023 12:00:00 - 18/08/2023 13:00:00","BZN|EE","Without Sequence","89.49","",""
"18/08/2023 13:00:00 - 18/08/2023 14:00:00","BZN|EE","Without Sequence","95.36","",""
"18/08/2023 14:00:00 - 18/08/2023 15:00:00","BZN|EE","Without Sequence","135.01","",""
"18/08/2023 15:00:00 - 18/08/2023 16:00:00","BZN|EE","Without Sequence","250.00","",""
"18/08/2023 16:00:00 - 18/08/2023 17:00:00","BZN|EE","Without Sequence","200.00","",""
"18/08/2023 17:00:00 - 18/08/2023 18:00:00","BZN|EE","Without Sequence","186.55","",""
"18/08/2023 18:00:00 - 18/08/2023 19:00:00","BZN|EE","Without Sequence","155.35","",""
"18/08/2023 19:00:00 - 18/08/2023 20:00:00","BZN|EE","Without Sequence","127.38","",""
"18/08/2023 20:00:00 - 18/08/2023 21:00:00","BZN|EE","Without Sequence","15.61","",""
"18/08/2023 21:00:00 - 18/08/2023 22:00:00","BZN|EE","Without Sequence","14.39","",""
"18/08/2023 22:00:00 - 18/08/2023 23:00:00","BZN|EE","Without Sequence","160.02","",""
"18/08/2023 23:00:00 - 19/08/2023 00:00:00","BZN|EE","Without Sequence","105.77","",""
"19/08/2023 00:00:00 - 19/08/2023 01:00:00","BZN|EE","Without Sequence","106.62","",""
"19/08/2023 01:00:00 - 19/08/2023 02:00:00","BZN|EE","Without Sequence","96.92","",""
"19/08/2023 02:00:00 - 19/08/2023 03:00:00","BZN|EE","Without Sequence","100.27","",""
"19/08/2023 03:00:00 - 19/08/2023 04:00:00","BZN|EE","Without Sequence","102.12","",""
"19/08/2023 04:00:00 - 19/08/2023 05:00:00","BZN|EE","Without Sequence","104.76","",""
"19/08/2023 05:00:00 - 19/08/2023 06:00:00","BZN|EE","Without Sequence","117.99","",""
"19/08/2023 06:00:00 - 19/08/2023 07:00:00","BZN|EE","Without Sequence","120.85","",""
"19/08/2023 07:00:00 - 19/08/2023 08:00:00","BZN|EE","Without Sequence","150.02","",""
"19/08/2023 08:00:00 - 19/08/2023 09:00:00","BZN|EE","Without Sequence","212.31","",""
"19/08/2023 09:00:00 - 19/08/2023 10:00:00","BZN|EE","Without Sequence","117.15","",""
"19/08/2023 10:00:00 - 19/08/2023 11:00:00","BZN|EE","Without Sequence","102.25","",""
"19/08/2023 11:00:00 - 19/08/2023 12:00:00","BZN|EE","Without Sequence","130.44","",""
"19/08/2023 12:00:00 - 19/08/2023 13:00:00","BZN|EE","Without Sequence","126.00","",""
"19/08/2023 13:00:00 - 19/08/2023 14:00:00","BZN|EE","Without Sequence","133.11","",""
"19/08/2023 14:00:00 - 19/08/2023 15:00:00","BZN|EE","Without Sequence","150.02","",""
"19/08/2023 15:00:00 - 19/08/2023 16:00:00","BZN|EE","Without Sequence","134.02","",""
"19/08/2023 16:00:00 - 19/08/2023 17:00:00","BZN|EE","Without Sequence","166.11","",""
"19/08/2023 17:00:00 - 19/08/2023 18:00:00","BZN|EE","Without Sequence","187.20","",""
"19/08/2023 18:00:00 - 19/08/2023 19:00:00","BZN|EE","Without Sequence","134.75","",""
"19/08/2023 19:00:00 - 19/08/2023 20:00:00","BZN|EE","Without Sequence","139.19","",""
"19/08/2023 20:00:00 - 19/08/2023 21:00:00","BZN|EE","Without Sequence","123.71","",""
"19/08/2023 21:00:00 - 19/08/2023 22:00:00","BZN|EE","Without Sequence","112.54","",""
"19/08/2023 22:00:00 - 19/08/2023 23:00:00","BZN|EE","Without Sequence","113.99","",""
"19/08/2023 23:00:00 - 20/08/2023 00:00:00","BZN|EE","Without Sequence","110.59","",""
"20/08/2023 00:00:00 - 20/08/2023 01:00:00","BZN|EE","Without Sequence","105.17","",""
"20/08/2023 01:00:00 - 20/08/2023 02:00:00","BZN|EE","Without Sequence","105.04","",""
"20/08/2023 02:00:00 - 20/08/2023 03:00:00","BZN|EE","Without Sequence","103.26","",""
"20/08/2023 03:00:00 - 20/08/2023 04:00:00","BZN|EE","Without Sequence","105.12","",""
"20/08/2023 04:00:00 - 20/08/2023 05:00:00","BZN|EE","Without Sequence","105.23","",""
"20/08/2023 05:00:00 - 20/08/2023 06:00:00","BZN|EE","Without Sequence","99.69","",""
"20/08/2023 06:00:00 - 20/08/2023 07:00:00","BZN|EE","Without Sequence","98.99","",""
"20/08/2023 07:00:00 - 20/08/2023 08:00:00","BZN|EE","Without Sequence","99.99","",""
"20/08/2023 08:00:00 - 20/08/2023 09:00:00","BZN|EE","Without Sequence","100.00","",""
"20/08/2023 09:00:00 - 20/08/2023 10:00:00","BZN|EE","Without Sequence","99.99","",""
"20/08/2023 10:00:00 - 20/08/2023 11:00:00","BZN|EE","Without Sequence","79.81","",""
"20/08/2023 11:00:00 - 20/08/2023 12:00:00","BZN|EE","Without Sequence","99.99","",""
"20/08/2023 12:00:00 - 20/08/2023 13:00:00","BZN|EE","Without Sequence","98.87","",""
"20/08/2023 13:00:00 - 20/08/2023 14:00:00","BZN|EE","Without Sequence","73.25","",""
"20/08/2023 14:00:00 - 20/08/2023 15:00:00","BZN|EE","Without Sequence","99.97","",""
"20/08/2023 15:00:00 - 20/08/2023 16:00:00","BZN|EE","Without Sequence","149.90","",""
"20/08/2023 16:00:00 - 20/08/2023 17:00:00","BZN|EE","Without Sequence","199.77","",""
"20/08/2023 17:00:00 - 20/08/2023 18:00:00","BZN|EE","Without Sequence","250.04","",""
"20/08/2023 18:00:00 - 20/08/2023 19:00:00","BZN|EE","Without Sequence","201.00","",""
"20/08/2023 19:00:00 - 20/08/2023 20:00:00","BZN|EE","Without Sequence","250.01","",""
"20/08/2023 20:00:00 - 20/08/2023 21:00:00","BZN|EE","Without Sequence","126.71","",""
"20/08/2023 21:00:00 - 20/08/2023 22:00:00","BZN|EE","Without Sequence","111.95","",""
"20/08/2023 22:00:00 - 20/08/2023 23:00:00","BZN|EE","Without Sequence","111.95","",""
"20/08/2023 23:00:00 - 21/08/2023 00:00:00","BZN|EE","Without Sequence","101.67","",""
"21/08/2023 00:00:00 - 21/08/2023 01:00:00","BZN|EE","Without Sequence","98.71","",""
"21/08/2023 01:00:00 - 21/08/2023 02:00:00","BZN|EE","Without Sequence","95.10","",""
"21/08/2023 02:00:00 - 21/08/2023 03:00:00","BZN|EE","Without Sequence","97.44","",""
"21/08/2023 03:00:00 - 21/08/2023 04:00:00","BZN|EE","Without Sequence","117.89","",""
"21/08/2023 04:00:00 - 21/08/2023 05:00:00","BZN|EE","Without Sequence","350.00","",""
"21/08/2023 05:00:00 - 21/08/2023 06:00:00","BZN|EE","Without Sequence","325.09","",""
"21/08/2023 06:00:00 - 21/08/2023 07:00:00","BZN|EE","Without Sequence","549.92","",""
"21/08/2023 07:00:00 - 21/08/2023 08:00:00","BZN|EE","Without Sequence","250.08","",""
"21/08/2023 08:00:00 - 21/08/2023 09:00:00","BZN|EE","Without Sequence","483.02","",""
"21/08/2023 09:00:00 - 21/08/2023 10:00:00","BZN|EE","Without Sequence","250.09","",""
"21/08/2023 10:00:00 - 21/08/2023 11:00:00","BZN|EE","Without Sequence","250.07","",""
"21/08/2023 11:00:00 - 21/08/2023 12:00:00","BZN|EE","Without Sequence","250.05","",""
"21/08/2023 12:00:00 - 21/08/2023 13:00:00","BZN|EE","Without Sequence","343.92","",""
"21/08/2023 13:00:00 - 21/08/2023 14:00:00","BZN|EE","Without Sequence","300.04","",""
"21/08/2023 14:00:00 - 21/08/2023 15:00:00","BZN|EE","Without Sequence","150.00","",""
"21/08/2023 15:00:00 - 21/08/2023 16:00:00","BZN|EE","Without Sequence","300.04","",""
"21/08/2023 16:00:00 - 21/08/2023 17:00:00","BZN|EE","Without Sequence","549.95","",""
"21/08/2023 17:00:00 - 21/08/2023 18:00:00","BZN|EE","Without Sequence","250.07","",""
"21/08/2023 18:00:00 - 21/08/2023 19:00:00","BZN|EE","Without Sequence","204.39","",""
"21/08/2023 19:00:00 - 21/08/2023 20:00:00","BZN|EE","Without Sequence","169.00","",""
"21/08/2023 20:00:00 - 21/08/2023 21:00:00","BZN|EE","Without Sequence","136.01","",""
"21/08/2023 21:00:00 - 21/08/2023 22:00:00","BZN|EE","Without Sequence","115.00","",""
"21/08/2023 22:00:00 - 21/08/2023 23:00:00","BZN|EE","Without Sequence","113.69","",""
"21/08/2023 23:00:00 - 22/08/2023 00:00:00","BZN|EE","Without Sequence","104.91","",""
"22/08/2023 00:00:00 - 22/08/2023 01:00:00","BZN|EE","Without Sequence","103.43","",""
"22/08/2023 01:00:00 - 22/08/2023 02:00:00","BZN|EE","Without Sequence","103.50","",""
"22/08/2023 02:00:00 - 22/08/2023 03:00:00","BZN|EE","Without Sequence","105.84","",""
"22/08/2023 03:00:00 - 22/08/2023 04:00:00","BZN|EE","Without Sequence","140.07","",""
"22/08/2023 04:00:00 - 22/08/2023 05:00:00","BZN|EE","Without Sequence","161.58","",""
"22/08/2023 05:00:00 - 22/08/2023 06:00:00","BZN|EE","Without Sequence","250.01","",""
"22/08/2023 06:00:00 - 22/08/2023 07:00:00","BZN|EE","Without Sequence","250.00","",""
"22/08/2023 07:00:00 - 22/08/2023 08:00:00","BZN|EE","Without Sequence","231.43","",""
"22/08/2023 08:00:00 - 22/08/2023 09:00:00","BZN|EE","Without Sequence","250.00","",""
"22/08/2023 09:00:00 - 22/08/2023 10:00:00","BZN|EE","Without Sequence","401.49","",""
"22/08/2023 10:00:00 - 22/08/2023 11:00:00","BZN|EE","Without Sequence","240.00","",""
"22/08/2023 11:00:00 - 22/08/2023 12:00:00","BZN|EE","Without Sequence","123.94","",""
"22/08/2023 12:00:00 - 22/08/2023 13:00:00","BZN|EE","Without Sequence","105.09","",""
"22/08/2023 13:00:00 - 22/08/2023 14:00:00","BZN|EE","Without Sequence","103.60","",""
"22/08/2023 14:00:00 - 22/08/2023 15:00:00","BZN|EE","Without Sequence","149.98","",""
"22/08/2023 15:00:00 - 22/08/2023 16:00:00","BZN|EE","Without Sequence","159.08","",""
"22/08/2023 16:00:00 - 22/08/2023 17:00:00","BZN|EE","Without Sequence","170.07","",""
"22/08/2023 17:00:00 - 22/08/2023 18:00:00","BZN|EE","Without Sequence","202.27","",""
"22/08/2023 18:00:00 - 22/08/2023 19:00:00","BZN|EE","Without Sequence","212.38","",""
"22/08/2023 19:00:00 - 22/08/2023 20:00:00","BZN|EE","Without Sequence","172.45","",""
"22/08/2023 20:00:00 - 22/08/2023 21:00:00","BZN|EE","Without Sequence","145.80","",""
"22/08/2023 21:00:00 - 22/08/2023 22:00:00","BZN|EE","Without Sequence","80.10","",""
"22/08/2023 22:00:00 - 22/08/2023 23:00:00","BZN|EE","Without Sequence","114.40","",""
"22/08/2023 23:00:00 - 23/08/2023 00:00:00","BZN|EE","Without Sequence","94.98","",""
"23/08/2023 00:00:00 - 23/08/2023 01:00:00","BZN|EE","Without Sequence","97.04","",""
"23/08/2023 01:00:00 - 23/08/2023 02:00:00","BZN|EE","Without Sequence","104.52","",""
"23/08/2023 02:00:00 - 23/08/2023 03:00:00","BZN|EE","Without Sequence","110.14","",""
"23/08/2023 03:00:00 - 23/08/2023 04:00:00","BZN|EE","Without Sequence","115.26","",""
"23/08/2023 04:00:00 - 23/08/2023 05:00:00","BZN|EE","Without Sequence","140.96","",""
"23/08/2023 05:00:00 - 23/08/2023 06:00:00","BZN|EE","Without Sequence","161.91","",""
"23/08/2023 06:00:00 - 23/08/2023 07:00:00","BZN|EE","Without Sequence","175.00","",""
"23/08/2023 07:00:00 - 23/08/2023 08:00:00","BZN|EE","Without Sequence","170.93","",""
"23/08/2023 08:00:00 - 23/08/2023 09:00:00","BZN|EE","Without Sequence","149.96","",""
"23/08/2023 09:00:00 - 23/08/2023 10:00:00","BZN|EE","Without Sequence","170.02","",""
"23/08/2023 10:00:00 - 23/08/2023 11:00:00","BZN|EE","Without Sequence","174.99","",""
"23/08/2023 11:00:00 - 23/08/2023 12:00:00","BZN|EE","Without Sequence","133.44","",""
"23/08/2023 12:00:00 - 23/08/2023 13:00:00","BZN|EE","Without Sequence","149.93","",""
"23/08/2023 13:00:00 - 23/08/2023 14:00:00","BZN|EE","Without Sequence","123.13","",""
"23/08/2023 14:00:00 - 23/08/2023 15:00:00","BZN|EE","Without Sequence","136.03","",""
"23/08/2023 15:00:00 - 23/08/2023 16:00:00","BZN|EE","Without Sequence","159.14","",""
"23/08/2023 16:00:00 - 23/08/2023 17:00:00","BZN|EE","Without Sequence","225.50","",""
"23/08/2023 17:00:00 - 23/08/2023 18:00:00","BZN|EE","Without Sequence","250.07","",""
"23/08/2023 18:00:00 - 23/08/2023 19:00:00","BZN|EE","Without Sequence","174.99","",""
"23/08/2023 19:00:00 - 23/08/2023 20:00:00","BZN|EE","Without Sequence","190.04","",""
"23/08/2023 20:00:00 - 23/08/2023 21:00:00","BZN|EE","Without Sequence","139.71","",""
"23/08/2023 21:00:00 - 23/08/2023 22:00:00","BZN|EE","Without Sequence","76.75","",""
"23/08/2023 22:00:00 - 23/08/2023 23:00:00","BZN|EE","Without Sequence","103.02","",""
"23/08/2023 23:00:00 - 24/08/2023 00:00:00","BZN|EE","Without Sequence","80.00","",""
"24/08/2023 00:00:00 - 24/08/2023 01:00:00","BZN|EE","Without Sequence","79.99","",""
"24/08/2023 01:00:00 - 24/08/2023 02:00:00","BZN|EE","Without Sequence","80.00","",""
"24/08/2023 02:00:00 - 24/08/2023 03:00:00","BZN|EE","Without Sequence","119.94","",""
"24/08/2023 03:00:00 - 24/08/2023 04:00:00","BZN|EE","Without Sequence","132.89","",""
"24/08/2023 04:00:00 - 24/08/2023 05:00:00","BZN|EE","Without Sequence","175.00","",""
"24/08/2023 05:00:00 - 24/08/2023 06:00:00","BZN|EE","Without Sequence","170.52","",""
"24/08/2023 06:00:00 - 24/08/2023 07:00:00","BZN|EE","Without Sequence","177.24","",""
"24/08/2023 07:00:00 - 24/08/2023 08:00:00","BZN|EE","Without Sequence","174.99","",""
"24/08/2023 08:00:00 - 24/08/2023 09:00:00","BZN|EE","Without Sequence","159.90","",""
"24/08/2023 09:00:00 - 24/08/2023 10:00:00","BZN|EE","Without Sequence","174.99","",""
"24/08/2023 10:00:00 - 24/08/2023 11:00:00","BZN|EE","Without Sequence","161.18","",""
"24/08/2023 11:00:00 - 24/08/2023 12:00:00","BZN|EE","Without Sequence","174.99","",""
"24/08/2023 12:00:00 - 24/08/2023 13:00:00","BZN|EE","Without Sequence","163.27","",""
"24/08/2023 13:00:00 - 24/08/2023 14:00:00","BZN|EE","Without Sequence","126.51","",""
"24/08/2023 14:00:00 - 24/08/2023 15:00:00","BZN|EE","Without Sequence","157.61","",""
"24/08/2023 15:00:00 - 24/08/2023 16:00:00","BZN|EE","Without Sequence","155.15","",""
"24/08/2023 16:00:00 - 24/08/2023 17:00:00","BZN|EE","Without Sequence","206.70","",""
"24/08/2023 17:00:00 - 24/08/2023 18:00:00","BZN|EE","Without Sequence","258.55","",""
"24/08/2023 18:00:00 - 24/08/2023 19:00:00","BZN|EE","Without Sequence","205.94","",""
"24/08/2023 19:00:00 - 24/08/2023 20:00:00","BZN|EE","Without Sequence","155.07","",""
"24/08/2023 20:00:00 - 24/08/2023 21:00:00","BZN|EE","Without Sequence","155.45","",""
"24/08/2023 21:00:00 - 24/08/2023 22:00:00","BZN|EE","Without Sequence","83.38","",""
"24/08/2023 22:00:00 - 24/08/2023 23:00:00","BZN|EE","Without Sequence","105.24","",""
"24/08/2023 23:00:00 - 25/08/2023 00:00:00","BZN|EE","Without Sequence","102.64","",""
"25/08/2023 00:00:00 - 25/08/2023 01:00:00","BZN|EE","Without Sequence","79.99","",""
"25/08/2023 01:00:00 - 25/08/2023 02:00:00","BZN|EE","Without Sequence","81.90","",""
"25/08/2023 02:00:00 - 25/08/2023 03:00:00","BZN|EE","Without Sequence","97.21","",""
"25/08/2023 03:00:00 - 25/08/2023 04:00:00","BZN|EE","Without Sequence","106.49","",""
"25/08/2023 04:00:00 - 25/08/2023 05:00:00","BZN|EE","Without Sequence","155.33","",""
"25/08/2023 05:00:00 - 25/08/2023 06:00:00","BZN|EE","Without Sequence","145.07","",""
"25/08/2023 06:00:00 - 25/08/2023 07:00:00","BZN|EE","Without Sequence","250.00","",""
"25/08/2023 07:00:00 - 25/08/2023 08:00:00","BZN|EE","Without Sequence","180.04","",""
"25/08/2023 08:00:00 - 25/08/2023 09:00:00","BZN|EE","Without Sequence","145.10","",""
"25/08/2023 09:00:00 - 25/08/2023 10:00:00","BZN|EE","Without Sequence","155.08","",""
"25/08/2023 10:00:00 - 25/08/2023 11:00:00","BZN|EE","Without Sequence","204.74","",""
"25/08/2023 11:00:00 - 25/08/2023 12:00:00","BZN|EE","Without Sequence","199.72","",""
"25/08/2023 12:00:00 - 25/08/2023 13:00:00","BZN|EE","Without Sequence","169.90","",""
"25/08/2023 13:00:00 - 25/08/2023 14:00:00","BZN|EE","Without Sequence","119.92","",""
"25/08/2023 14:00:00 - 25/08/2023 15:00:00","BZN|EE","Without Sequence","139.75","",""
"25/08/2023 15:00:00 - 25/08/2023 16:00:00","BZN|EE","Without Sequence","162.43","",""
"25/08/2023 16:00:00 - 25/08/2023 17:00:00","BZN|EE","Without Sequence","205.23","",""
"25/08/2023 17:00:00 - 25/08/2023 18:00:00","BZN|EE","Without Sequence","181.55","",""
"25/08/2023 18:00:00 - 25/08/2023 19:00:00","BZN|EE","Without Sequence","152.74","",""
"25/08/2023 19:00:00 - 25/08/2023 20:00:00","BZN|EE","Without Sequence","178.91","",""
"25/08/2023 20:00:00 - 25/08/2023 21:00:00","BZN|EE","Without Sequence","136.21","",""
"25/08/2023 21:00:00 - 25/08/2023 22:00:00","BZN|EE","Without Sequence","44.58","",""
"25/08/2023 22:00:00 - 25/08/2023 23:00:00","BZN|EE","Without Sequence","109.90","",""
"25/08/2023 23:00:00 - 26/08/2023 00:00:00","BZN|EE","Without Sequence","104.10","",""
"26/08/2023 00:00:00 - 26/08/2023 01:00:00","BZN|EE","Without Sequence","101.91","",""
"26/08/2023 01:00:00 - 26/08/2023 02:00:00","BZN|EE","Without Sequence","99.52","",""
"26/08/2023 02:00:00 - 26/08/2023 03:00:00","BZN|EE","Without Sequence","96.03","",""
"26/08/2023 03:00:00 - 26/08/2023 04:00:00","BZN|EE","Without Sequence","93.44","",""
"26/08/2023 04:00:00 - 26/08/2023 05:00:00","BZN|EE","Without Sequence","95.48","",""
"26/08/2023 05:00:00 - 26/08/2023 06:00:00","BZN|EE","Without Sequence","95.90","",""
"26/08/2023 06:00:00 - 26/08/2023 07:00:00","BZN|EE","Without Sequence","98.30","",""
"26/08/2023 07:00:00 - 26/08/2023 08:00:00","BZN|EE","Without Sequence","110.24","",""
"26/08/2023 08:00:00 - 26/08/2023 09:00:00","BZN|EE","Without Sequence","91.03","",""
"26/08/2023 09:00:00 - 26/08/2023 10:00:00","BZN|EE","Without Sequence","80.49","",""
"26/08/2023 10:00:00 - 26/08/2023 11:00:00","BZN|EE","Without Sequence","79.99","",""
"26/08/2023 11:00:00 - 26/08/2023 12:00:00","BZN|EE","Without Sequence","80.00","",""
"26/08/2023 12:00:00 - 26/08/2023 13:00:00","BZN|EE","Without Sequence","90.02","",""
"26/08/2023 13:00:00 - 26/08/2023 14:00:00","BZN|EE","Without Sequence","87.55","",""
"26/08/2023 14:00:00 - 26/08/2023 15:00:00","BZN|EE","Without Sequence","104.09","",""
"26/08/2023 15:00:00 - 26/08/2023 16:00:00","BZN|EE","Without Sequence","145.84","",""
"26/08/2023 16:00:00 - 26/08/2023 17:00:00","BZN|EE","Without Sequence","169.63","",""
"26/08/2023 17:00:00 - 26/08/2023 18:00:00","BZN|EE","Without Sequence","170.68","",""
"26/08/2023 18:00:00 - 26/08/2023 19:00:00","BZN|EE","Without Sequence","167.80","",""
"26/08/2023 19:00:00 - 26/08/2023 20:00:00","BZN|EE","Without Sequence","141.77","",""
"26/08/2023 20:00:00 - 26/08/2023 21:00:00","BZN|EE","Without Sequence","122.98","",""
"26/08/2023 21:00:00 - 26/08/2023 22:00:00","BZN|EE","Without Sequence","110.63","",""
"26/08/2023 22:00:00 - 26/08/2023 23:00:00","BZN|EE","Without Sequence","102.39","",""
"26/08/2023 23:00:00 - 27/08/2023 00:00:00","BZN|EE","Without Sequence","98.68","",""
"27/08/2023 00:00:00 - 27/08/2023 01:00:00","BZN|EE","Without Sequence","96.78","",""
"27/08/2023 01:00:00 - 27/08/2023 02:00:00","BZN|EE","Without Sequence","95.74","",""
"27/08/2023 02:00:00 - 27/08/2023 03:00:00","BZN|EE","Without Sequence","98.60","",""
"27/08/2023 03:00:00 - 27/08/2023 04:00:00","BZN|EE","Without Sequence","97.46","",""
"27/08/2023 04:00:00 - 27/08/2023 05:00:00","BZN|EE","Without Sequence","98.74","",""
"27/08/2023 05:00:00 - 27/08/2023 06:00:00","BZN|EE","Without Sequence","95.92","",""
"27/08/2023 06:00:00 - 27/08/2023 07:00:00","BZN|EE","Without Sequence","94.10","",""
"27/08/2023 07:00:00 - 27/08/2023 08:00:00","BZN|EE","Without Sequence","94.92","",""
"27/08/2023 08:00:00 - 27/08/2023 09:00:00","BZN|EE","Without Sequence","93.41","",""
"27/08/2023 09:00:00 - 27/08/2023 10:00:00","BZN|EE","Without Sequence","94.23","",""
"27/08/2023 10:00:00 - 27/08/2023 11:00:00","BZN|EE","Without Sequence","92.91","",""
"27/08/2023 11:00:00 - 27/08/2023 12:00:00","BZN|EE","Without Sequence","86.91","",""
"27/08/2023 12:00:00 - 27/08/2023 13:00:00","BZN|EE","Without Sequence","85.57","",""
"27/08/2023 13:00:00 - 27/08/2023 14:00:00","BZN|EE","Without Sequence","97.14","",""
"27/08/2023 14:00:00 - 27/08/2023 15:00:00","BZN|EE","Without Sequence","98.02","",""
"27/08/2023 15:00:00 - 27/08/2023 16:00:00","BZN|EE","Without Sequence","119.94","",""
"27/08/2023 16:00:00 - 27/08/2023 17:00:00","BZN|EE","Without Sequence","124.03","",""
"27/08/2023 17:00:00 - 27/08/2023 18:00:00","BZN|EE","Without Sequence","145.68","",""
"27/08/2023 18:00:00 - 27/08/2023 19:00:00","BZN|EE","Without Sequence","154.60","",""
"27/08/2023 19:00:00 - 27/08/2023 20:00:00","BZN|EE","Without Sequence","133.28","",""
"27/08/2023 20:00:00 - 27/08/2023 21:00:00","BZN|EE","Without Sequence","119.00","",""
"27/08/2023 21:00:00 - 27/08/2023 22:00:00","BZN|EE","Without Sequence","102.99","",""
"27/08/2023 22:00:00 - 27/08/2023 23:00:00","BZN|EE","Without Sequence","93.31","",""
"27/08/2023 23:00:00 - 28/08/2023 00:00:00","BZN|EE","Without Sequence","88.52","",""
"28/08/2023 00:00:00 - 28/08/2023 01:00:00","BZN|EE","Without Sequence","85.00","",""
"28/08/2023 01:00:00 - 28/08/2023 02:00:00","BZN|EE","Without Sequence","80.66","",""
"28/08/2023 02:00:00 - 28/08/2023 03:00:00","BZN|EE","Without Sequence","84.49","",""
"28/08/2023 03:00:00 - 28/08/2023 04:00:00","BZN|EE","Without Sequence","93.00","",""
"28/08/2023 04:00:00 - 28/08/2023 05:00:00","BZN|EE","Without Sequence","111.24","",""
"28/08/2023 05:00:00 - 28/08/2023 06:00:00","BZN|EE","Without Sequence","141.75","",""
"28/08/2023 06:00:00 - 28/08/2023 07:00:00","BZN|EE","Without Sequence","175.00","",""
"28/08/2023 07:00:00 - 28/08/2023 08:00:00","BZN|EE","Without Sequence","175.00","",""
"28/08/2023 08:00:00 - 28/08/2023 09:00:00","BZN|EE","Without Sequence","175.00","",""
"28/08/2023 09:00:00 - 28/08/2023 10:00:00","BZN|EE","Without Sequence","149.72","",""
"28/08/2023 10:00:00 - 28/08/2023 11:00:00","BZN|EE","Without Sequence","175.00","",""
"28/08/2023 11:00:00 - 28/08/2023 12:00:00","BZN|EE","Without Sequence","125.72","",""
"28/08/2023 12:00:00 - 28/08/2023 13:00:00","BZN|EE","Without Sequence","115.58","",""
"28/08/2023 13:00:00 - 28/08/2023 14:00:00","BZN|EE","Without Sequence","121.84","",""
"28/08/2023 14:00:00 - 28/08/2023 15:00:00","BZN|EE","Without Sequence","164.69","",""
"28/08/2023 15:00:00 - 28/08/2023 16:00:00","BZN|EE","Without Sequence","150.06","",""
"28/08/2023 16:00:00 - 28/08/2023 17:00:00","BZN|EE","Without Sequence","180.34","",""
"28/08/2023 17:00:00 - 28/08/2023 18:00:00","BZN|EE","Without Sequence","219.01","",""
"28/08/2023 18:00:00 - 28/08/2023 19:00:00","BZN|EE","Without Sequence","203.92","",""
"28/08/2023 19:00:00 - 28/08/2023 20:00:00","BZN|EE","Without Sequence","146.68","",""
"28/08/2023 20:00:00 - 28/08/2023 21:00:00","BZN|EE","Without Sequence","123.72","",""
"28/08/2023 21:00:00 - 28/08/2023 22:00:00","BZN|EE","Without Sequence","61.08","",""
"28/08/2023 22:00:00 - 28/08/2023 23:00:00","BZN|EE","Without Sequence","95.06","",""
"28/08/2023 23:00:00 - 29/08/2023 00:00:00","BZN|EE","Without Sequence","95.04","",""
"29/08/2023 00:00:00 - 29/08/2023 01:00:00","BZN|EE","Without Sequence","95.04","",""
"29/08/2023 01:00:00 - 29/08/2023 02:00:00","BZN|EE","Without Sequence","94.71","",""
"29/08/2023 02:00:00 - 29/08/2023 03:00:00","BZN|EE","Without Sequence","94.66","",""
"29/08/2023 03:00:00 - 29/08/2023 04:00:00","BZN|EE","Without Sequence","98.09","",""
"29/08/2023 04:00:00 - 29/08/2023 05:00:00","BZN|EE","Without Sequence","121.47","",""
"29/08/2023 05:00:00 - 29/08/2023 06:00:00","BZN|EE","Without Sequence","145.35","",""
"29/08/2023 06:00:00 - 29/08/2023 07:00:00","BZN|EE","Without Sequence","103.80","",""
"29/08/2023 07:00:00 - 29/08/2023 08:00:00","BZN|EE","Without Sequence","80.00","",""
"29/08/2023 08:00:00 - 29/08/2023 09:00:00","BZN|EE","Without Sequence","69.95","",""
"29/08/2023 09:00:00 - 29/08/2023 10:00:00","BZN|EE","Without Sequence","101.23","",""
"29/08/2023 10:00:00 - 29/08/2023 11:00:00","BZN|EE","Without Sequence","80.27","",""
"29/08/2023 11:00:00 - 29/08/2023 12:00:00","BZN|EE","Without Sequence","79.99","",""
"29/08/2023 12:00:00 - 29/08/2023 13:00:00","BZN|EE","Without Sequence","69.98","",""
"29/08/2023 13:00:00 - 29/08/2023 14:00:00","BZN|EE","Without Sequence","103.80","",""
"29/08/2023 14:00:00 - 29/08/2023 15:00:00","BZN|EE","Without Sequence","111.35","",""
"29/08/2023 15:00:00 - 29/08/2023 16:00:00","BZN|EE","Without Sequence","138.23","",""
"29/08/2023 16:00:00 - 29/08/2023 17:00:00","BZN|EE","Without Sequence","155.85","",""
"29/08/2023 17:00:00 - 29/08/2023 18:00:00","BZN|EE","Without Sequence","170.00","",""
"29/08/2023 18:00:00 - 29/08/2023 19:00:00","BZN|EE","Without Sequence","158.60","",""
"29/08/2023 19:00:00 - 29/08/2023 20:00:00","BZN|EE","Without Sequence","111.95","",""
"29/08/2023 20:00:00 - 29/08/2023 21:00:00","BZN|EE","Without Sequence","45.06","",""
"29/08/2023 21:00:00 - 29/08/2023 22:00:00","BZN|EE","Without Sequence","45.02","",""
"29/08/2023 22:00:00 - 29/08/2023 23:00:00","BZN|EE","Without Sequence","79.00","",""
"29/08/2023 23:00:00 - 30/08/2023 00:00:00","BZN|EE","Without Sequence","67.09","",""
"30/08/2023 00:00:00 - 30/08/2023 01:00:00","BZN|EE","Without Sequence","67.09","",""
"30/08/2023 01:00:00 - 30/08/2023 02:00:00","BZN|EE","Without Sequence","67.09","",""
"30/08/2023 02:00:00 - 30/08/2023 03:00:00","BZN|EE","Without Sequence","79.04","",""
"30/08/2023 03:00:00 - 30/08/2023 04:00:00","BZN|EE","Without Sequence","97.43","",""
"30/08/2023 04:00:00 - 30/08/2023 05:00:00","BZN|EE","Without Sequence","127.16","",""
"30/08/2023 05:00:00 - 30/08/2023 06:00:00","BZN|EE","Without Sequence","144.13","",""
"30/08/2023 06:00:00 - 30/08/2023 07:00:00","BZN|EE","Without Sequence","170.04","",""
"30/08/2023 07:00:00 - 30/08/2023 08:00:00","BZN|EE","Without Sequence","161.74","",""
"30/08/2023 08:00:00 - 30/08/2023 09:00:00","BZN|EE","Without Sequence","160.00","",""
"30/08/2023 09:00:00 - 30/08/2023 10:00:00","BZN|EE","Without Sequence","139.09","",""
"30/08/2023 10:00:00 - 30/08/2023 11:00:00","BZN|EE","Without Sequence","147.09","",""
"30/08/2023 11:00:00 - 30/08/2023 12:00:00","BZN|EE","Without Sequence","147.09","",""
"30/08/2023 12:00:00 - 30/08/2023 13:00:00","BZN|EE","Without Sequence","159.40","",""
"30/08/2023 13:00:00 - 30/08/2023 14:00:00","BZN|EE","Without Sequence","147.04","",""
"30/08/2023 14:00:00 - 30/08/2023 15:00:00","BZN|EE","Without Sequence","165.07","",""
"30/08/2023 15:00:00 - 30/08/2023 16:00:00","BZN|EE","Without Sequence","143.17","",""
"30/08/2023 16:00:00 - 30/08/2023 17:00:00","BZN|EE","Without Sequence","144.09","",""
"30/08/2023 17:00:00 - 30/08/2023 18:00:00","BZN|EE","Without Sequence","182.25","",""
"30/08/2023 18:00:00 - 30/08/2023 19:00:00","BZN|EE","Without Sequence","174.49","",""
"30/08/2023 19:00:00 - 30/08/2023 20:00:00","BZN|EE","Without Sequence","134.40","",""
"30/08/2023 20:00:00 - 30/08/2023 21:00:00","BZN|EE","Without Sequence","116.62","",""
"30/08/2023 21:00:00 - 30/08/2023 22:00:00","BZN|EE","Without Sequence","91.02","",""
"30/08/2023 22:00:00 - 30/08/2023 23:00:00","BZN|EE","Without Sequence","90.66","",""
"30/08/2023 23:00:00 - 31/08/2023 00:00:00","BZN|EE","Without Sequence","48.97","",""
"31/08/2023 00:00:00 - 31/08/2023 01:00:00","BZN|EE","Without Sequence","40.01","",""
"31/08/2023 01:00:00 - 31/08/2023 02:00:00","BZN|EE","Without Sequence","40.00","",""
"31/08/2023 02:00:00 - 31/08/2023 03:00:00","BZN|EE","Without Sequence","87.09","",""
"31/08/2023 03:00:00 - 31/08/2023 04:00:00","BZN|EE","Without Sequence","103.29","",""
"31/08/2023 04:00:00 - 31/08/2023 05:00:00","BZN|EE","Without Sequence","134.38","",""
"31/08/2023 05:00:00 - 31/08/2023 06:00:00","BZN|EE","Without Sequence","149.91","",""
"31/08/2023 06:00:00 - 31/08/2023 07:00:00","BZN|EE","Without Sequence","158.77","",""
"31/08/2023 07:00:00 - 31/08/2023 08:00:00","BZN|EE","Without Sequence","140.89","",""
"31/08/2023 08:00:00 - 31/08/2023 09:00:00","BZN|EE","Without Sequence","154.88","",""
"31/08/2023 09:00:00 - 31/08/2023 10:00:00","BZN|EE","Without Sequence","174.99","",""
"31/08/2023 10:00:00 - 31/08/2023 11:00:00","BZN|EE","Without Sequence","167.56","",""
"31/08/2023 11:00:00 - 31/08/2023 12:00:00","BZN|EE","Without Sequence","133.80","",""
"31/08/2023 12:00:00 - 31/08/2023 13:00:00","BZN|EE","Without Sequence","103.29","",""
"31/08/2023 13:00:00 - 31/08/2023 14:00:00","BZN|EE","Without Sequence","102.96","",""
"31/08/2023 14:00:00 - 31/08/2023 15:00:00","BZN|EE","Without Sequence","115.42","",""
"31/08/2023 15:00:00 - 31/08/2023 16:00:00","BZN|EE","Without Sequence","137.61","",""
"31/08/2023 16:00:00 - 31/08/2023 17:00:00","BZN|EE","Without Sequence","156.80","",""
"31/08/2023 17:00:00 - 31/08/2023 18:00:00","BZN|EE","Without Sequence","169.03","",""
"31/08/2023 18:00:00 - 31/08/2023 19:00:00","BZN|EE","Without Sequence","164.30","",""
"31/08/2023 19:00:00 - 31/08/2023 20:00:00","BZN|EE","Without Sequence","135.57","",""
"31/08/2023 20:00:00 - 31/08/2023 21:00:00","BZN|EE","Without Sequence","107.42","",""
"31/08/2023 21:00:00 - 31/08/2023 22:00:00","BZN|EE","Without Sequence","94.06","",""
"31/08/2023 22:00:00 - 31/08/2023 23:00:00","BZN|EE","Without Sequence","98.90","",""
"31/08/2023 23:00:00 - 01/09/2023 00:00:00","BZN|EE","Without Sequence","95.97","",""
"01/09/2023 00:00:00 - 01/09/2023 01:00:00","BZN|EE","Without Sequence","93.29","",""
"01/09/2023 01:00:00 - 01/09/2023 02:00:00","BZN|EE","Without Sequence","92.64","",""
"01/09/2023 02:00:00 - 01/09/2023 03:00:00","BZN|EE","Without Sequence","93.23","",""
"01/09/2023 03:00:00 - 01/09/2023 04:00:00","BZN|EE","Without Sequence","96.67","",""
"01/09/2023 04:00:00 - 01/09/2023 05:00:00","BZN|EE","Without Sequence","112.09","",""
"01/09/2023 05:00:00 - 01/09/2023 06:00:00","BZN|EE","Without Sequence","152.86","",""
"01/09/2023 06:00:00 - 01/09/2023 07:00:00","BZN|EE","Without Sequence","199.95","",""
"01/09/2023 07:00:00 - 01/09/2023 08:00:00","BZN|EE","Without Sequence","160.82","",""
"01/09/2023 08:00:00 - 01/09/2023 09:00:00","BZN|EE","Without Sequence","170.85","",""
"01/09/2023 09:00:00 - 01/09/2023 10:00:00","BZN|EE","Without Sequence","120.00","",""
"01/09/2023 10:00:00 - 01/09/2023 11:00:00","BZN|EE","Without Sequence","92.02","",""
"01/09/2023 11:00:00 - 01/09/2023 12:00:00","BZN|EE","Without Sequence","88.90","",""
"01/09/2023 12:00:00 - 01/09/2023 13:00:00","BZN|EE","Without Sequence","88.82","",""
"01/09/2023 13:00:00 - 01/09/2023 14:00:00","BZN|EE","Without Sequence","91.59","",""
"01/09/2023 14:00:00 - 01/09/2023 15:00:00","BZN|EE","Without Sequence","94.33","",""
"01/09/2023 15:00:00 - 01/09/2023 16:00:00","BZN|EE","Without Sequence","145.20","",""
"01/09/2023 16:00:00 - 01/09/2023 17:00:00","BZN|EE","Without Sequence","148.76","",""
"01/09/2023 17:00:00 - 01/09/2023 18:00:00","BZN|EE","Without Sequence","199.14","",""
"01/09/2023 18:00:00 - 01/09/2023 19:00:00","BZN|EE","Without Sequence","180.43","",""
"01/09/2023 19:00:00 - 01/09/2023 20:00:00","BZN|EE","Without Sequence","131.96","",""
"01/09/2023 20:00:00 - 01/09/2023 21:00:00","BZN|EE","Without Sequence","118.56","",""
"01/09/2023 21:00:00 - 01/09/2023 22:00:00","BZN|EE","Without Sequence","89.22","",""
"01/09/2023 22:00:00 - 01/09/2023 23:00:00","BZN|EE","Without Sequence","40.00","",""
"01/09/2023 23:00:00 - 02/09/2023 00:00:00","BZN|EE","Without Sequence","38.60","",""
"02/09/2023 00:00:00 - 02/09/2023 01:00:00","BZN|EE","Without Sequence","34.96","",""
"02/09/2023 01:00:00 - 02/09/2023 02:00:00","BZN|EE","Without Sequence","32.33","",""
"02/09/2023 02:00:00 - 02/09/2023 03:00:00","BZN|EE","Without Sequence","35.23","",""
"02/09/2023 03:00:00 - 02/09/2023 04:00:00","BZN|EE","Without Sequence","46.36","",""
"02/09/2023 04:00:00 - 02/09/2023 05:00:00","BZN|EE","Without Sequence","72.56","",""
"02/09/2023 05:00:00 - 02/09/2023 06:00:00","BZN|EE","Without Sequence","101.09","",""
"02/09/2023 06:00:00 - 02/09/2023 07:00:00","BZN|EE","Without Sequence","104.10","",""
"02/09/2023 07:00:00 - 02/09/2023 08:00:00","BZN|EE","Without Sequence","113.09","",""
"02/09/2023 08:00:00 - 02/09/2023 09:00:00","BZN|EE","Without Sequence","89.77","",""
"02/09/2023 09:00:00 - 02/09/2023 10:00:00","BZN|EE","Without Sequence","80.00","",""
"02/09/2023 10:00:00 - 02/09/2023 11:00:00","BZN|EE","Without Sequence","118.63","",""
"02/09/2023 11:00:00 - 02/09/2023 12:00:00","BZN|EE","Without Sequence","94.62","",""
"02/09/2023 12:00:00 - 02/09/2023 13:00:00","BZN|EE","Without Sequence","131.62","",""
"02/09/2023 13:00:00 - 02/09/2023 14:00:00","BZN|EE","Without Sequence","69.40","",""
"02/09/2023 14:00:00 - 02/09/2023 15:00:00","BZN|EE","Without Sequence","80.01","",""
"02/09/2023 15:00:00 - 02/09/2023 16:00:00","BZN|EE","Without Sequence","115.00","",""
"02/09/2023 16:00:00 - 02/09/2023 17:00:00","BZN|EE","Without Sequence","110.00","",""
"02/09/2023 17:00:00 - 02/09/2023 18:00:00","BZN|EE","Without Sequence","127.51","",""
"02/09/2023 18:00:00 - 02/09/2023 19:00:00","BZN|EE","Without Sequence","133.06","",""
"02/09/2023 19:00:00 - 02/09/2023 20:00:00","BZN|EE","Without Sequence","115.34","",""
"02/09/2023 20:00:00 - 02/09/2023 21:00:00","BZN|EE","Without Sequence","105.64","",""
"02/09/2023 21:00:00 - 02/09/2023 22:00:00","BZN|EE","Without Sequence","97.34","",""
"02/09/2023 22:00:00 - 02/09/2023 23:00:00","BZN|EE","Without Sequence","22.82","",""
"02/09/2023 23:00:00 - 03/09/2023 00:00:00","BZN|EE","Without Sequence","19.38","",""
"03/09/2023 00:00:00 - 03/09/2023 01:00:00","BZN|EE","Without Sequence","19.20","",""
"03/09/2023 01:00:00 - 03/09/2023 02:00:00","BZN|EE","Without Sequence","19.25","",""
"03/09/2023 02:00:00 - 03/09/2023 03:00:00","BZN|EE","Without Sequence","19.58","",""
"03/09/2023 03:00:00 - 03/09/2023 04:00:00","BZN|EE","Without Sequence","21.37","",""
"03/09/2023 04:00:00 - 03/09/2023 05:00:00","BZN|EE","Without Sequence","97.37","",""
"03/09/2023 05:00:00 - 03/09/2023 06:00:00","BZN|EE","Without Sequence","93.74","",""
"03/09/2023 06:00:00 - 03/09/2023 07:00:00","BZN|EE","Without Sequence","89.27","",""
"03/09/2023 07:00:00 - 03/09/2023 08:00:00","BZN|EE","Without Sequence","82.60","",""
"03/09/2023 08:00:00 - 03/09/2023 09:00:00","BZN|EE","Without Sequence","60.30","",""
"03/09/2023 09:00:00 - 03/09/2023 10:00:00","BZN|EE","Without Sequence","43.43","",""
"03/09/2023 10:00:00 - 03/09/2023 11:00:00","BZN|EE","Without Sequence","21.37","",""
"03/09/2023 11:00:00 - 03/09/2023 12:00:00","BZN|EE","Without Sequence","23.82","",""
"03/09/2023 12:00:00 - 03/09/2023 13:00:00","BZN|EE","Without Sequence","30.82","",""
"03/09/2023 13:00:00 - 03/09/2023 14:00:00","BZN|EE","Without Sequence","40.48","",""
"03/09/2023 14:00:00 - 03/09/2023 15:00:00","BZN|EE","Without Sequence","53.66","",""
"03/09/2023 15:00:00 - 03/09/2023 16:00:00","BZN|EE","Without Sequence","93.82","",""
"03/09/2023 16:00:00 - 03/09/2023 17:00:00","BZN|EE","Without Sequence","109.24","",""
"03/09/2023 17:00:00 - 03/09/2023 18:00:00","BZN|EE","Without Sequence","124.30","",""
"03/09/2023 18:00:00 - 03/09/2023 19:00:00","BZN|EE","Without Sequence","137.40","",""
"03/09/2023 19:00:00 - 03/09/2023 20:00:00","BZN|EE","Without Sequence","118.94","",""
"03/09/2023 20:00:00 - 03/09/2023 21:00:00","BZN|EE","Without Sequence","109.59","",""
"03/09/2023 21:00:00 - 03/09/2023 22:00:00","BZN|EE","Without Sequence","100.98","",""
"03/09/2023 22:00:00 - 03/09/2023 23:00:00","BZN|EE","Without Sequence","102.89","",""
"03/09/2023 23:00:00 - 04/09/2023 00:00:00","BZN|EE","Without Sequence","102.90","",""
"04/09/2023 00:00:00 - 04/09/2023 01:00:00","BZN|EE","Without Sequence","102.90","",""
"04/09/2023 01:00:00 - 04/09/2023 02:00:00","BZN|EE","Without Sequence","90.92","",""
"04/09/2023 02:00:00 - 04/09/2023 03:00:00","BZN|EE","Without Sequence","102.90","",""
"04/09/2023 03:00:00 - 04/09/2023 04:00:00","BZN|EE","Without Sequence","160.02","",""
"04/09/2023 04:00:00 - 04/09/2023 05:00:00","BZN|EE","Without Sequence","160.07","",""
"04/09/2023 05:00:00 - 04/09/2023 06:00:00","BZN|EE","Without Sequence","250.05","",""
"04/09/2023 06:00:00 - 04/09/2023 07:00:00","BZN|EE","Without Sequence","250.09","",""
"04/09/2023 07:00:00 - 04/09/2023 08:00:00","BZN|EE","Without Sequence","150.09","",""
"04/09/2023 08:00:00 - 04/09/2023 09:00:00","BZN|EE","Without Sequence","160.00","",""
"04/09/2023 09:00:00 - 04/09/2023 10:00:00","BZN|EE","Without Sequence","82.07","",""
"04/09/2023 10:00:00 - 04/09/2023 11:00:00","BZN|EE","Without Sequence","137.71","",""
"04/09/2023 11:00:00 - 04/09/2023 12:00:00","BZN|EE","Without Sequence","102.90","",""
"04/09/2023 12:00:00 - 04/09/2023 13:00:00","BZN|EE","Without Sequence","102.90","",""
"04/09/2023 13:00:00 - 04/09/2023 14:00:00","BZN|EE","Without Sequence","120.99","",""
"04/09/2023 14:00:00 - 04/09/2023 15:00:00","BZN|EE","Without Sequence","180.05","",""
"04/09/2023 15:00:00 - 04/09/2023 16:00:00","BZN|EE","Without Sequence","180.05","",""
"04/09/2023 16:00:00 - 04/09/2023 17:00:00","BZN|EE","Without Sequence","180.10","",""
"04/09/2023 17:00:00 - 04/09/2023 18:00:00","BZN|EE","Without Sequence","250.08","",""
"04/09/2023 18:00:00 - 04/09/2023 19:00:00","BZN|EE","Without Sequence","250.08","",""
"04/09/2023 19:00:00 - 04/09/2023 20:00:00","BZN|EE","Without Sequence","140.04","",""
"04/09/2023 20:00:00 - 04/09/2023 21:00:00","BZN|EE","Without Sequence","105.04","",""
"04/09/2023 21:00:00 - 04/09/2023 22:00:00","BZN|EE","Without Sequence","95.54","",""
"04/09/2023 22:00:00 - 04/09/2023 23:00:00","BZN|EE","Without Sequence","94.32","",""
"04/09/2023 23:00:00 - 05/09/2023 00:00:00","BZN|EE","Without Sequence","91.66","",""
"05/09/2023 00:00:00 - 05/09/2023 01:00:00","BZN|EE","Without Sequence","91.05","",""
"05/09/2023 01:00:00 - 05/09/2023 02:00:00","BZN|EE","Without Sequence","90.70","",""
"05/09/2023 02:00:00 - 05/09/2023 03:00:00","BZN|EE","Without Sequence","90.69","",""
"05/09/2023 03:00:00 - 05/09/2023 04:00:00","BZN|EE","Without Sequence","95.33","",""
"05/09/2023 04:00:00 - 05/09/2023 05:00:00","BZN|EE","Without Sequence","118.85","",""
"05/09/2023 05:00:00 - 05/09/2023 06:00:00","BZN|EE","Without Sequence","150.05","",""
"05/09/2023 06:00:00 - 05/09/2023 07:00:00","BZN|EE","Without Sequence","150.05","",""
"05/09/2023 07:00:00 - 05/09/2023 08:00:00","BZN|EE","Without Sequence","130.83","",""
"05/09/2023 08:00:00 - 05/09/2023 09:00:00","BZN|EE","Without Sequence","55.36","",""
"05/09/2023 09:00:00 - 05/09/2023 10:00:00","BZN|EE","Without Sequence","41.56","",""
"05/09/2023 10:00:00 - 05/09/2023 11:00:00","BZN|EE","Without Sequence","102.89","",""
"05/09/2023 11:00:00 - 05/09/2023 12:00:00","BZN|EE","Without Sequence","63.02","",""
"05/09/2023 12:00:00 - 05/09/2023 13:00:00","BZN|EE","Without Sequence","19.48","",""
"05/09/2023 13:00:00 - 05/09/2023 14:00:00","BZN|EE","Without Sequence","12.83","",""
"05/09/2023 14:00:00 - 05/09/2023 15:00:00","BZN|EE","Without Sequence","14.33","",""
"05/09/2023 15:00:00 - 05/09/2023 16:00:00","BZN|EE","Without Sequence","103.26","",""
"05/09/2023 16:00:00 - 05/09/2023 17:00:00","BZN|EE","Without Sequence","129.10","",""
"05/09/2023 17:00:00 - 05/09/2023 18:00:00","BZN|EE","Without Sequence","183.40","",""
"05/09/2023 18:00:00 - 05/09/2023 19:00:00","BZN|EE","Without Sequence","155.28","",""
"05/09/2023 19:00:00 - 05/09/2023 20:00:00","BZN|EE","Without Sequence","121.95","",""
"05/09/2023 20:00:00 - 05/09/2023 21:00:00","BZN|EE","Without Sequence","107.61","",""
"05/09/2023 21:00:00 - 05/09/2023 22:00:00","BZN|EE","Without Sequence","96.03","",""
"05/09/2023 22:00:00 - 05/09/2023 23:00:00","BZN|EE","Without Sequence","88.89","",""
"05/09/2023 23:00:00 - 06/09/2023 00:00:00","BZN|EE","Without Sequence","85.52","",""
"06/09/2023 00:00:00 - 06/09/2023 01:00:00","BZN|EE","Without Sequence","91.28","",""
"06/09/2023 01:00:00 - 06/09/2023 02:00:00","BZN|EE","Without Sequence","91.63","",""
"06/09/2023 02:00:00 - 06/09/2023 03:00:00","BZN|EE","Without Sequence","92.23","",""
"06/09/2023 03:00:00 - 06/09/2023 04:00:00","BZN|EE","Without Sequence","102.38","",""
"06/09/2023 04:00:00 - 06/09/2023 05:00:00","BZN|EE","Without Sequence","124.02","",""
"06/09/2023 05:00:00 - 06/09/2023 06:00:00","BZN|EE","Without Sequence","190.07","",""
"06/09/2023 06:00:00 - 06/09/2023 07:00:00","BZN|EE","Without Sequence","150.08","",""
"06/09/2023 07:00:00 - 06/09/2023 08:00:00","BZN|EE","Without Sequence","102.10","",""
"06/09/2023 08:00:00 - 06/09/2023 09:00:00","BZN|EE","Without Sequence","88.65","",""
"06/09/2023 09:00:00 - 06/09/2023 10:00:00","BZN|EE","Without Sequence","82.10","",""
"06/09/2023 10:00:00 - 06/09/2023 11:00:00","BZN|EE","Without Sequence","75.18","",""
"06/09/2023 11:00:00 - 06/09/2023 12:00:00","BZN|EE","Without Sequence","73.60","",""
"06/09/2023 12:00:00 - 06/09/2023 13:00:00","BZN|EE","Without Sequence","75.48","",""
"06/09/2023 13:00:00 - 06/09/2023 14:00:00","BZN|EE","Without Sequence","120.97","",""
"06/09/2023 14:00:00 - 06/09/2023 15:00:00","BZN|EE","Without Sequence","250.01","",""
"06/09/2023 15:00:00 - 06/09/2023 16:00:00","BZN|EE","Without Sequence","250.04","",""
"06/09/2023 16:00:00 - 06/09/2023 17:00:00","BZN|EE","Without Sequence","150.10","",""
"06/09/2023 17:00:00 - 06/09/2023 18:00:00","BZN|EE","Without Sequence","250.06","",""
"06/09/2023 18:00:00 - 06/09/2023 19:00:00","BZN|EE","Without Sequence","250.02","",""
"06/09/2023 19:00:00 - 06/09/2023 20:00:00","BZN|EE","Without Sequence","130.28","",""
"06/09/2023 20:00:00 - 06/09/2023 21:00:00","BZN|EE","Without Sequence","105.50","",""
"06/09/2023 21:00:00 - 06/09/2023 22:00:00","BZN|EE","Without Sequence","95.72","",""
"06/09/2023 22:00:00 - 06/09/2023 23:00:00","BZN|EE","Without Sequence","95.42","",""
"06/09/2023 23:00:00 - 07/09/2023 00:00:00","BZN|EE","Without Sequence","91.37","",""
"07/09/2023 00:00:00 - 07/09/2023 01:00:00","BZN|EE","Without Sequence","89.19","",""
"07/09/2023 01:00:00 - 07/09/2023 02:00:00","BZN|EE","Without Sequence","101.80","",""
"07/09/2023 02:00:00 - 07/09/2023 03:00:00","BZN|EE","Without Sequence","87.44","",""
"07/09/2023 03:00:00 - 07/09/2023 04:00:00","BZN|EE","Without Sequence","227.00","",""
"07/09/2023 04:00:00 - 07/09/2023 05:00:00","BZN|EE","Without Sequence","150.03","",""
"07/09/2023 05:00:00 - 07/09/2023 06:00:00","BZN|EE","Without Sequence","356.24","",""
"07/09/2023 06:00:00 - 07/09/2023 07:00:00","BZN|EE","Without Sequence","250.01","",""
"07/09/2023 07:00:00 - 07/09/2023 08:00:00","BZN|EE","Without Sequence","173.20","",""
"07/09/2023 08:00:00 - 07/09/2023 09:00:00","BZN|EE","Without Sequence","101.80","",""
"07/09/2023 09:00:00 - 07/09/2023 10:00:00","BZN|EE","Without Sequence","70.61","",""
"07/09/2023 10:00:00 - 07/09/2023 11:00:00","BZN|EE","Without Sequence","69.35","",""
"07/09/2023 11:00:00 - 07/09/2023 12:00:00","BZN|EE","Without Sequence","47.88","",""
"07/09/2023 12:00:00 - 07/09/2023 13:00:00","BZN|EE","Without Sequence","71.20","",""
"07/09/2023 13:00:00 - 07/09/2023 14:00:00","BZN|EE","Without Sequence","106.54","",""
"07/09/2023 14:00:00 - 07/09/2023 15:00:00","BZN|EE","Without Sequence","200.08","",""
"07/09/2023 15:00:00 - 07/09/2023 16:00:00","BZN|EE","Without Sequence","250.03","",""
"07/09/2023 16:00:00 - 07/09/2023 17:00:00","BZN|EE","Without Sequence","399.92","",""
"07/09/2023 17:00:00 - 07/09/2023 18:00:00","BZN|EE","Without Sequence","364.35","",""
"07/09/2023 18:00:00 - 07/09/2023 19:00:00","BZN|EE","Without Sequence","325.02","",""
"07/09/2023 19:00:00 - 07/09/2023 20:00:00","BZN|EE","Without Sequence","250.08","",""
"07/09/2023 20:00:00 - 07/09/2023 21:00:00","BZN|EE","Without Sequence","101.40","",""
"07/09/2023 21:00:00 - 07/09/2023 22:00:00","BZN|EE","Without Sequence","89.36","",""
"07/09/2023 22:00:00 - 07/09/2023 23:00:00","BZN|EE","Without Sequence","84.62","",""
"07/09/2023 23:00:00 - 08/09/2023 00:00:00","BZN|EE","Without Sequence","81.52","",""
"08/09/2023 00:00:00 - 08/09/2023 01:00:00","BZN|EE","Without Sequence","82.06","",""
"08/09/2023 01:00:00 - 08/09/2023 02:00:00","BZN|EE","Without Sequence","82.10","",""
"08/09/2023 02:00:00 - 08/09/2023 03:00:00","BZN|EE","Without Sequence","87.16","",""
"08/09/2023 03:00:00 - 08/09/2023 04:00:00","BZN|EE","Without Sequence","93.26","",""
"08/09/2023 04:00:00 - 08/09/2023 05:00:00","BZN|EE","Without Sequence","120.95","",""
"08/09/2023 05:00:00 - 08/09/2023 06:00:00","BZN|EE","Without Sequence","212.50","",""
"08/09/2023 06:00:00 - 08/09/2023 07:00:00","BZN|EE","Without Sequence","220.06","",""
"08/09/2023 07:00:00 - 08/09/2023 08:00:00","BZN|EE","Without Sequence","123.37","",""
"08/09/2023 08:00:00 - 08/09/2023 09:00:00","BZN|EE","Without Sequence","101.70","",""
"08/09/2023 09:00:00 - 08/09/2023 10:00:00","BZN|EE","Without Sequence","145.25","",""
"08/09/2023 10:00:00 - 08/09/2023 11:00:00","BZN|EE","Without Sequence","114.38","",""
"08/09/2023 11:00:00 - 08/09/2023 12:00:00","BZN|EE","Without Sequence","70.99","",""
"08/09/2023 12:00:00 - 08/09/2023 13:00:00","BZN|EE","Without Sequence","72.60","",""
"08/09/2023 13:00:00 - 08/09/2023 14:00:00","BZN|EE","Without Sequence","80.23","",""
"08/09/2023 14:00:00 - 08/09/2023 15:00:00","BZN|EE","Without Sequence","88.41","",""
"08/09/2023 15:00:00 - 08/09/2023 16:00:00","BZN|EE","Without Sequence","145.59","",""
"08/09/2023 16:00:00 - 08/09/2023 17:00:00","BZN|EE","Without Sequence","169.82","",""
"08/09/2023 17:00:00 - 08/09/2023 18:00:00","BZN|EE","Without Sequence","223.63","",""
"08/09/2023 18:00:00 - 08/09/2023 19:00:00","BZN|EE","Without Sequence","193.70","",""
"08/09/2023 19:00:00 - 08/09/2023 20:00:00","BZN|EE","Without Sequence","132.08","",""
"08/09/2023 20:00:00 - 08/09/2023 21:00:00","BZN|EE","Without Sequence","113.93","",""
"08/09/2023 21:00:00 - 08/09/2023 22:00:00","BZN|EE","Without Sequence","105.98","",""
"08/09/2023 22:00:00 - 08/09/2023 23:00:00","BZN|EE","Without Sequence","105.20","",""
"08/09/2023 23:00:00 - 09/09/2023 00:00:00","BZN|EE","Without Sequence","102.47","",""
"09/09/2023 00:00:00 - 09/09/2023 01:00:00","BZN|EE","Without Sequence","100.01","",""
"09/09/2023 01:00:00 - 09/09/2023 02:00:00","BZN|EE","Without Sequence","100.00","",""
"09/09/2023 02:00:00 - 09/09/2023 03:00:00","BZN|EE","Without Sequence","100.53","",""
"09/09/2023 03:00:00 - 09/09/2023 04:00:00","BZN|EE","Without Sequence","143.99","",""
"09/09/2023 04:00:00 - 09/09/2023 05:00:00","BZN|EE","Without Sequence","103.79","",""
"09/09/2023 05:00:00 - 09/09/2023 06:00:00","BZN|EE","Without Sequence","169.55","",""
"09/09/2023 06:00:00 - 09/09/2023 07:00:00","BZN|EE","Without Sequence","139.91","",""
"09/09/2023 07:00:00 - 09/09/2023 08:00:00","BZN|EE","Without Sequence","89.77","",""
"09/09/2023 08:00:00 - 09/09/2023 09:00:00","BZN|EE","Without Sequence","16.65","",""
"09/09/2023 09:00:00 - 09/09/2023 10:00:00","BZN|EE","Without Sequence","16.25","",""
"09/09/2023 10:00:00 - 09/09/2023 11:00:00","BZN|EE","Without Sequence","40.01","",""
"09/09/2023 11:00:00 - 09/09/2023 12:00:00","BZN|EE","Without Sequence","40.01","",""
"09/09/2023 12:00:00 - 09/09/2023 13:00:00","BZN|EE","Without Sequence","74.01","",""
"09/09/2023 13:00:00 - 09/09/2023 14:00:00","BZN|EE","Without Sequence","150.03","",""
"09/09/2023 14:00:00 - 09/09/2023 15:00:00","BZN|EE","Without Sequence","100.10","",""
"09/09/2023 15:00:00 - 09/09/2023 16:00:00","BZN|EE","Without Sequence","220.00","",""
"09/09/2023 16:00:00 - 09/09/2023 17:00:00","BZN|EE","Without Sequence","121.22","",""
"09/09/2023 17:00:00 - 09/09/2023 18:00:00","BZN|EE","Without Sequence","211.76","",""
"09/09/2023 18:00:00 - 09/09/2023 19:00:00","BZN|EE","Without Sequence","156.02","",""
"09/09/2023 19:00:00 - 09/09/2023 20:00:00","BZN|EE","Without Sequence","131.78","",""
"09/09/2023 20:00:00 - 09/09/2023 21:00:00","BZN|EE","Without Sequence","110.90","",""
"09/09/2023 21:00:00 - 09/09/2023 22:00:00","BZN|EE","Without Sequence","103.16","",""
"09/09/2023 22:00:00 - 09/09/2023 23:00:00","BZN|EE","Without Sequence","105.85","",""
"09/09/2023 23:00:00 - 10/09/2023 00:00:00","BZN|EE","Without Sequence","103.96","",""
"10/09/2023 00:00:00 - 10/09/2023 01:00:00","BZN|EE","Without Sequence","103.37","",""
"10/09/2023 01:00:00 - 10/09/2023 02:00:00","BZN|EE","Without Sequence","100.28","",""
"10/09/2023 02:00:00 - 10/09/2023 03:00:00","BZN|EE","Without Sequence","99.09","",""
"10/09/2023 03:00:00 - 10/09/2023 04:00:00","BZN|EE","Without Sequence","97.86","",""
"10/09/2023 04:00:00 - 10/09/2023 05:00:00","BZN|EE","Without Sequence","98.71","",""
"10/09/2023 05:00:00 - 10/09/2023 06:00:00","BZN|EE","Without Sequence","99.10","",""
"10/09/2023 06:00:00 - 10/09/2023 07:00:00","BZN|EE","Without Sequence","93.27","",""
"10/09/2023 07:00:00 - 10/09/2023 08:00:00","BZN|EE","Without Sequence","1.71","",""
"10/09/2023 08:00:00 - 10/09/2023 09:00:00","BZN|EE","Without Sequence","4.68","",""
"10/09/2023 09:00:00 - 10/09/2023 10:00:00","BZN|EE","Without Sequence","11.49","",""
"10/09/2023 10:00:00 - 10/09/2023 11:00:00","BZN|EE","Without Sequence","8.28","",""
"10/09/2023 11:00:00 - 10/09/2023 12:00:00","BZN|EE","Without Sequence","1.92","",""
"10/09/2023 12:00:00 - 10/09/2023 13:00:00","BZN|EE","Without Sequence","5.48","",""
"10/09/2023 13:00:00 - 10/09/2023 14:00:00","BZN|EE","Without Sequence","40.01","",""
"10/09/2023 14:00:00 - 10/09/2023 15:00:00","BZN|EE","Without Sequence","79.00","",""
"10/09/2023 15:00:00 - 10/09/2023 16:00:00","BZN|EE","Without Sequence","140.04","",""
"10/09/2023 16:00:00 - 10/09/2023 17:00:00","BZN|EE","Without Sequence","139.98","",""
"10/09/2023 17:00:00 - 10/09/2023 18:00:00","BZN|EE","Without Sequence","152.15","",""
"10/09/2023 18:00:00 - 10/09/2023 19:00:00","BZN|EE","Without Sequence","152.19","",""
"10/09/2023 19:00:00 - 10/09/2023 20:00:00","BZN|EE","Without Sequence","131.57","",""
"10/09/2023 20:00:00 - 10/09/2023 21:00:00","BZN|EE","Without Sequence","113.93","",""
"10/09/2023 21:00:00 - 10/09/2023 22:00:00","BZN|EE","Without Sequence","100.86","",""
"10/09/2023 22:00:00 - 10/09/2023 23:00:00","BZN|EE","Without Sequence","105.00","",""
"10/09/2023 23:00:00 - 11/09/2023 00:00:00","BZN|EE","Without Sequence","97.35","",""
"11/09/2023 00:00:00 - 11/09/2023 01:00:00","BZN|EE","Without Sequence","96.03","",""
"11/09/2023 01:00:00 - 11/09/2023 02:00:00","BZN|EE","Without Sequence","92.80","",""
"11/09/2023 02:00:00 - 11/09/2023 03:00:00","BZN|EE","Without Sequence","94.15","",""
"11/09/2023 03:00:00 - 11/09/2023 04:00:00","BZN|EE","Without Sequence","180.00","",""
"11/09/2023 04:00:00 - 11/09/2023 05:00:00","BZN|EE","Without Sequence","200.03","",""
"11/09/2023 05:00:00 - 11/09/2023 06:00:00","BZN|EE","Without Sequence","279.92","",""
"11/09/2023 06:00:00 - 11/09/2023 07:00:00","BZN|EE","Without Sequence","279.92","",""
"11/09/2023 07:00:00 - 11/09/2023 08:00:00","BZN|EE","Without Sequence","300.08","",""
"11/09/2023 08:00:00 - 11/09/2023 09:00:00","BZN|EE","Without Sequence","249.80","",""
"11/09/2023 09:00:00 - 11/09/2023 10:00:00","BZN|EE","Without Sequence","200.05","",""
"11/09/2023 10:00:00 - 11/09/2023 11:00:00","BZN|EE","Without Sequence","200.04","",""
"11/09/2023 11:00:00 - 11/09/2023 12:00:00","BZN|EE","Without Sequence","150.50","",""
"11/09/2023 12:00:00 - 11/09/2023 13:00:00","BZN|EE","Without Sequence","102.29","",""
"11/09/2023 13:00:00 - 11/09/2023 14:00:00","BZN|EE","Without Sequence","92.53","",""
"11/09/2023 14:00:00 - 11/09/2023 15:00:00","BZN|EE","Without Sequence","98.70","",""
"11/09/2023 15:00:00 - 11/09/2023 16:00:00","BZN|EE","Without Sequence","135.38","",""
"11/09/2023 16:00:00 - 11/09/2023 17:00:00","BZN|EE","Without Sequence","262.96","",""
"11/09/2023 17:00:00 - 11/09/2023 18:00:00","BZN|EE","Without Sequence","468.82","",""
"11/09/2023 18:00:00 - 11/09/2023 19:00:00","BZN|EE","Without Sequence","325.09","",""
"11/09/2023 19:00:00 - 11/09/2023 20:00:00","BZN|EE","Without Sequence","200.03","",""
"11/09/2023 20:00:00 - 11/09/2023 21:00:00","BZN|EE","Without Sequence","147.24","",""
"11/09/2023 21:00:00 - 11/09/2023 22:00:00","BZN|EE","Without Sequence","119.94","",""
"11/09/2023 22:00:00 - 11/09/2023 23:00:00","BZN|EE","Without Sequence","106.23","",""
"11/09/2023 23:00:00 - 12/09/2023 00:00:00","BZN|EE","Without Sequence","105.06","",""
"12/09/2023 00:00:00 - 12/09/2023 01:00:00","BZN|EE","Without Sequence","105.24","",""
"12/09/2023 01:00:00 - 12/09/2023 02:00:00","BZN|EE","Without Sequence","105.07","",""
"12/09/2023 02:00:00 - 12/09/2023 03:00:00","BZN|EE","Without Sequence","129.43","",""
"12/09/2023 03:00:00 - 12/09/2023 04:00:00","BZN|EE","Without Sequence","115.55","",""
"12/09/2023 04:00:00 - 12/09/2023 05:00:00","BZN|EE","Without Sequence","151.97","",""
"12/09/2023 05:00:00 - 12/09/2023 06:00:00","BZN|EE","Without Sequence","215.30","",""
"12/09/2023 06:00:00 - 12/09/2023 07:00:00","BZN|EE","Without Sequence","146.39","",""
"12/09/2023 07:00:00 - 12/09/2023 08:00:00","BZN|EE","Without Sequence","123.22","",""
"12/09/2023 08:00:00 - 12/09/2023 09:00:00","BZN|EE","Without Sequence","108.44","",""
"12/09/2023 09:00:00 - 12/09/2023 10:00:00","BZN|EE","Without Sequence","13.16","",""
"12/09/2023 10:00:00 - 12/09/2023 11:00:00","BZN|EE","Without Sequence","12.57","",""
"12/09/2023 11:00:00 - 12/09/2023 12:00:00","BZN|EE","Without Sequence","12.28","",""
"12/09/2023 12:00:00 - 12/09/2023 13:00:00","BZN|EE","Without Sequence","12.35","",""
"12/09/2023 13:00:00 - 12/09/2023 14:00:00","BZN|EE","Without Sequence","12.78","",""
"12/09/2023 14:00:00 - 12/09/2023 15:00:00","BZN|EE","Without Sequence","40.00","",""
"12/09/2023 15:00:00 - 12/09/2023 16:00:00","BZN|EE","Without Sequence","200.03","",""
"12/09/2023 16:00:00 - 12/09/2023 17:00:00","BZN|EE","Without Sequence","187.01","",""
"12/09/2023 17:00:00 - 12/09/2023 18:00:00","BZN|EE","Without Sequence","250.00","",""
"12/09/2023 18:00:00 - 12/09/2023 19:00:00","BZN|EE","Without Sequence","184.40","",""
"12/09/2023 19:00:00 - 12/09/2023 20:00:00","BZN|EE","Without Sequence","136.62","",""
"12/09/2023 20:00:00 - 12/09/2023 21:00:00","BZN|EE","Without Sequence","115.55","",""
"12/09/2023 21:00:00 - 12/09/2023 22:00:00","BZN|EE","Without Sequence","93.77","",""
"12/09/2023 22:00:00 - 12/09/2023 23:00:00","BZN|EE","Without Sequence","106.45","",""
"12/09/2023 23:00:00 - 13/09/2023 00:00:00","BZN|EE","Without Sequence","99.90","",""
"13/09/2023 00:00:00 - 13/09/2023 01:00:00","BZN|EE","Without Sequence","100.48","",""
"13/09/2023 01:00:00 - 13/09/2023 02:00:00","BZN|EE","Without Sequence","100.98","",""
"13/09/2023 02:00:00 - 13/09/2023 03:00:00","BZN|EE","Without Sequence","167.42","",""
"13/09/2023 03:00:00 - 13/09/2023 04:00:00","BZN|EE","Without Sequence","105.82","",""
"13/09/2023 04:00:00 - 13/09/2023 05:00:00","BZN|EE","Without Sequence","137.35","",""
"13/09/2023 05:00:00 - 13/09/2023 06:00:00","BZN|EE","Without Sequence","149.97","",""
"13/09/2023 06:00:00 - 13/09/2023 07:00:00","BZN|EE","Without Sequence","200.00","",""
"13/09/2023 07:00:00 - 13/09/2023 08:00:00","BZN|EE","Without Sequence","170.15","",""
"13/09/2023 08:00:00 - 13/09/2023 09:00:00","BZN|EE","Without Sequence","200.06","",""
"13/09/2023 09:00:00 - 13/09/2023 10:00:00","BZN|EE","Without Sequence","200.01","",""
"13/09/2023 10:00:00 - 13/09/2023 11:00:00","BZN|EE","Without Sequence","150.00","",""
"13/09/2023 11:00:00 - 13/09/2023 12:00:00","BZN|EE","Without Sequence","119.99","",""
"13/09/2023 12:00:00 - 13/09/2023 13:00:00","BZN|EE","Without Sequence","92.23","",""
"13/09/2023 13:00:00 - 13/09/2023 14:00:00","BZN|EE","Without Sequence","100.78","",""
"13/09/2023 14:00:00 - 13/09/2023 15:00:00","BZN|EE","Without Sequence","180.01","",""
"13/09/2023 15:00:00 - 13/09/2023 16:00:00","BZN|EE","Without Sequence","141.00","",""
"13/09/2023 16:00:00 - 13/09/2023 17:00:00","BZN|EE","Without Sequence","152.40","",""
"13/09/2023 17:00:00 - 13/09/2023 18:00:00","BZN|EE","Without Sequence","160.45","",""
"13/09/2023 18:00:00 - 13/09/2023 19:00:00","BZN|EE","Without Sequence","142.00","",""
"13/09/2023 19:00:00 - 13/09/2023 20:00:00","BZN|EE","Without Sequence","122.79","",""
"13/09/2023 20:00:00 - 13/09/2023 21:00:00","BZN|EE","Without Sequence","106.41","",""
"13/09/2023 21:00:00 - 13/09/2023 22:00:00","BZN|EE","Without Sequence","98.07","",""
"13/09/2023 22:00:00 - 13/09/2023 23:00:00","BZN|EE","Without Sequence","96.30","",""
"13/09/2023 23:00:00 - 14/09/2023 00:00:00","BZN|EE","Without Sequence","94.80","",""
"14/09/2023 00:00:00 - 14/09/2023 01:00:00","BZN|EE","Without Sequence","98.06","",""
"14/09/2023 01:00:00 - 14/09/2023 02:00:00","BZN|EE","Without Sequence","99.34","",""
"14/09/2023 02:00:00 - 14/09/2023 03:00:00","BZN|EE","Without Sequence","97.58","",""
"14/09/2023 03:00:00 - 14/09/2023 04:00:00","BZN|EE","Without Sequence","103.99","",""
"14/09/2023 04:00:00 - 14/09/2023 05:00:00","BZN|EE","Without Sequence","139.88","",""
"14/09/2023 05:00:00 - 14/09/2023 06:00:00","BZN|EE","Without Sequence","178.36","",""
"14/09/2023 06:00:00 - 14/09/2023 07:00:00","BZN|EE","Without Sequence","155.09","",""
"14/09/2023 07:00:00 - 14/09/2023 08:00:00","BZN|EE","Without Sequence","118.08","",""
"14/09/2023 08:00:00 - 14/09/2023 09:00:00","BZN|EE","Without Sequence","96.82","",""
"14/09/2023 09:00:00 - 14/09/2023 10:00:00","BZN|EE","Without Sequence","92.43","",""
"14/09/2023 10:00:00 - 14/09/2023 11:00:00","BZN|EE","Without Sequence","91.46","",""
"14/09/2023 11:00:00 - 14/09/2023 12:00:00","BZN|EE","Without Sequence","89.87","",""
"14/09/2023 12:00:00 - 14/09/2023 13:00:00","BZN|EE","Without Sequence","90.37","",""
"14/09/2023 13:00:00 - 14/09/2023 14:00:00","BZN|EE","Without Sequence","96.14","",""
"14/09/2023 14:00:00 - 14/09/2023 15:00:00","BZN|EE","Without Sequence","98.29","",""
"14/09/2023 15:00:00 - 14/09/2023 16:00:00","BZN|EE","Without Sequence","145.92","",""
"14/09/2023 16:00:00 - 14/09/2023 17:00:00","BZN|EE","Without Sequence","173.01","",""
"14/09/2023 17:00:00 - 14/09/2023 18:00:00","BZN|EE","Without Sequence","230.28","",""
"14/09/2023 18:00:00 - 14/09/2023 19:00:00","BZN|EE","Without Sequence","185.80","",""
"14/09/2023 19:00:00 - 14/09/2023 20:00:00","BZN|EE","Without Sequence","134.88","",""
"14/09/2023 20:00:00 - 14/09/2023 21:00:00","BZN|EE","Without Sequence","114.14","",""
"14/09/2023 21:00:00 - 14/09/2023 22:00:00","BZN|EE","Without Sequence","99.37","",""
"14/09/2023 22:00:00 - 14/09/2023 23:00:00","BZN|EE","Without Sequence","125.02","",""
"14/09/2023 23:00:00 - 15/09/2023 00:00:00","BZN|EE","Without Sequence","125.03","",""
"15/09/2023 00:00:00 - 15/09/2023 01:00:00","BZN|EE","Without Sequence","125.01","",""
"15/09/2023 01:00:00 - 15/09/2023 02:00:00","BZN|EE","Without Sequence","125.00","",""
"15/09/2023 02:00:00 - 15/09/2023 03:00:00","BZN|EE","Without Sequence","125.01","",""
"15/09/2023 03:00:00 - 15/09/2023 04:00:00","BZN|EE","Without Sequence","200.06","",""
"15/09/2023 04:00:00 - 15/09/2023 05:00:00","BZN|EE","Without Sequence","249.80","",""
"15/09/2023 05:00:00 - 15/09/2023 06:00:00","BZN|EE","Without Sequence","250.09","",""
"15/09/2023 06:00:00 - 15/09/2023 07:00:00","BZN|EE","Without Sequence","215.51","",""
"15/09/2023 07:00:00 - 15/09/2023 08:00:00","BZN|EE","Without Sequence","249.79","",""
"15/09/2023 08:00:00 - 15/09/2023 09:00:00","BZN|EE","Without Sequence","249.99","",""
"15/09/2023 09:00:00 - 15/09/2023 10:00:00","BZN|EE","Without Sequence","143.79","",""
"15/09/2023 10:00:00 - 15/09/2023 11:00:00","BZN|EE","Without Sequence","79.40","",""
"15/09/2023 11:00:00 - 15/09/2023 12:00:00","BZN|EE","Without Sequence","65.29","",""
"15/09/2023 12:00:00 - 15/09/2023 13:00:00","BZN|EE","Without Sequence","71.35","",""
"15/09/2023 13:00:00 - 15/09/2023 14:00:00","BZN|EE","Without Sequence","85.61","",""
"15/09/2023 14:00:00 - 15/09/2023 15:00:00","BZN|EE","Without Sequence","93.40","",""
"15/09/2023 15:00:00 - 15/09/2023 16:00:00","BZN|EE","Without Sequence","174.64","",""
"15/09/2023 16:00:00 - 15/09/2023 17:00:00","BZN|EE","Without Sequence","200.04","",""
"15/09/2023 17:00:00 - 15/09/2023 18:00:00","BZN|EE","Without Sequence","200.07","",""
"15/09/2023 18:00:00 - 15/09/2023 19:00:00","BZN|EE","Without Sequence","162.96","",""
"15/09/2023 19:00:00 - 15/09/2023 20:00:00","BZN|EE","Without Sequence","122.02","",""
"15/09/2023 20:00:00 - 15/09/2023 21:00:00","BZN|EE","Without Sequence","102.54","",""
"15/09/2023 21:00:00 - 15/09/2023 22:00:00","BZN|EE","Without Sequence","95.77","",""
"15/09/2023 22:00:00 - 15/09/2023 23:00:00","BZN|EE","Without Sequence","218.12","",""
"15/09/2023 23:00:00 - 16/09/2023 00:00:00","BZN|EE","Without Sequence","94.02","",""
"16/09/2023 00:00:00 - 16/09/2023 01:00:00","BZN|EE","Without Sequence","91.64","",""
"16/09/2023 01:00:00 - 16/09/2023 02:00:00","BZN|EE","Without Sequence","89.93","",""
"16/09/2023 02:00:00 - 16/09/2023 03:00:00","BZN|EE","Without Sequence","92.10","",""
"16/09/2023 03:00:00 - 16/09/2023 04:00:00","BZN|EE","Without Sequence","91.60","",""
"16/09/2023 04:00:00 - 16/09/2023 05:00:00","BZN|EE","Without Sequence","250.06","",""
"16/09/2023 05:00:00 - 16/09/2023 06:00:00","BZN|EE","Without Sequence","250.07","",""
"16/09/2023 06:00:00 - 16/09/2023 07:00:00","BZN|EE","Without Sequence","188.98","",""
"16/09/2023 07:00:00 - 16/09/2023 08:00:00","BZN|EE","Without Sequence","90.79","",""
"16/09/2023 08:00:00 - 16/09/2023 09:00:00","BZN|EE","Without Sequence","79.00","",""
"16/09/2023 09:00:00 - 16/09/2023 10:00:00","BZN|EE","Without Sequence","12.57","",""
"16/09/2023 10:00:00 - 16/09/2023 11:00:00","BZN|EE","Without Sequence","12.08","",""
"16/09/2023 11:00:00 - 16/09/2023 12:00:00","BZN|EE","Without Sequence","11.59","",""
"16/09/2023 12:00:00 - 16/09/2023 13:00:00","BZN|EE","Without Sequence","40.01","",""
"16/09/2023 13:00:00 - 16/09/2023 14:00:00","BZN|EE","Without Sequence","90.07","",""
"16/09/2023 14:00:00 - 16/09/2023 15:00:00","BZN|EE","Without Sequence","250.05","",""
"16/09/2023 15:00:00 - 16/09/2023 16:00:00","BZN|EE","Without Sequence","174.50","",""
"16/09/2023 16:00:00 - 16/09/2023 17:00:00","BZN|EE","Without Sequence","208.30","",""
"16/09/2023 17:00:00 - 16/09/2023 18:00:00","BZN|EE","Without Sequence","178.47","",""
"16/09/2023 18:00:00 - 16/09/2023 19:00:00","BZN|EE","Without Sequence","142.64","",""
"16/09/2023 19:00:00 - 16/09/2023 20:00:00","BZN|EE","Without Sequence","117.28","",""
"16/09/2023 20:00:00 - 16/09/2023 21:00:00","BZN|EE","Without Sequence","105.03","",""
"16/09/2023 21:00:00 - 16/09/2023 22:00:00","BZN|EE","Without Sequence","99.80","",""
"16/09/2023 22:00:00 - 16/09/2023 23:00:00","BZN|EE","Without Sequence","108.99","",""
"16/09/2023 23:00:00 - 17/09/2023 00:00:00","BZN|EE","Without Sequence","104.35","",""
"17/09/2023 00:00:00 - 17/09/2023 01:00:00","BZN|EE","Without Sequence","103.81","",""
"17/09/2023 01:00:00 - 17/09/2023 02:00:00","BZN|EE","Without Sequence","99.17","",""
"17/09/2023 02:00:00 - 17/09/2023 03:00:00","BZN|EE","Without Sequence","99.02","",""
"17/09/2023 03:00:00 - 17/09/2023 04:00:00","BZN|EE","Without Sequence","98.16","",""
"17/09/2023 04:00:00 - 17/09/2023 05:00:00","BZN|EE","Without Sequence","97.85","",""
"17/09/2023 05:00:00 - 17/09/2023 06:00:00","BZN|EE","Without Sequence","101.99","",""
"17/09/2023 06:00:00 - 17/09/2023 07:00:00","BZN|EE","Without Sequence","92.91","",""
"17/09/2023 07:00:00 - 17/09/2023 08:00:00","BZN|EE","Without Sequence","82.36","",""
"17/09/2023 08:00:00 - 17/09/2023 09:00:00","BZN|EE","Without Sequence","99.00","",""
"17/09/2023 09:00:00 - 17/09/2023 10:00:00","BZN|EE","Without Sequence","99.08","",""
"17/09/2023 10:00:00 - 17/09/2023 11:00:00","BZN|EE","Without Sequence","128.95","",""
"17/09/2023 11:00:00 - 17/09/2023 12:00:00","BZN|EE","Without Sequence","114.11","",""
"17/09/2023 12:00:00 - 17/09/2023 13:00:00","BZN|EE","Without Sequence","99.09","",""
"17/09/2023 13:00:00 - 17/09/2023 14:00:00","BZN|EE","Without Sequence","78.02","",""
"17/09/2023 14:00:00 - 17/09/2023 15:00:00","BZN|EE","Without Sequence","78.05","",""
"17/09/2023 15:00:00 - 17/09/2023 16:00:00","BZN|EE","Without Sequence","189.00","",""
"17/09/2023 16:00:00 - 17/09/2023 17:00:00","BZN|EE","Without Sequence","131.41","",""
"17/09/2023 17:00:00 - 17/09/2023 18:00:00","BZN|EE","Without Sequence","250.03","",""
"17/09/2023 18:00:00 - 17/09/2023 19:00:00","BZN|EE","Without Sequence","136.43","",""
"17/09/2023 19:00:00 - 17/09/2023 20:00:00","BZN|EE","Without Sequence","118.25","",""
"17/09/2023 20:00:00 - 17/09/2023 21:00:00","BZN|EE","Without Sequence","108.91","",""
"17/09/2023 21:00:00 - 17/09/2023 22:00:00","BZN|EE","Without Sequence","99.18","",""
"17/09/2023 22:00:00 - 17/09/2023 23:00:00","BZN|EE","Without Sequence","93.60","",""
"17/09/2023 23:00:00 - 18/09/2023 00:00:00","BZN|EE","Without Sequence","88.06","",""
"18/09/2023 00:00:00 - 18/09/2023 01:00:00","BZN|EE","Without Sequence","81.73","",""
"18/09/2023 01:00:00 - 18/09/2023 02:00:00","BZN|EE","Without Sequence","84.22","",""
"18/09/2023 02:00:00 - 18/09/2023 03:00:00","BZN|EE","Without Sequence","85.84","",""
"18/09/2023 03:00:00 - 18/09/2023 04:00:00","BZN|EE","Without Sequence","175.08","",""
"18/09/2023 04:00:00 - 18/09/2023 05:00:00","BZN|EE","Without Sequence","145.17","",""
"18/09/2023 05:00:00 - 18/09/2023 06:00:00","BZN|EE","Without Sequence","300.08","",""
"18/09/2023 06:00:00 - 18/09/2023 07:00:00","BZN|EE","Without Sequence","180.02","",""
"18/09/2023 07:00:00 - 18/09/2023 08:00:00","BZN|EE","Without Sequence","139.09","",""
"18/09/2023 08:00:00 - 18/09/2023 09:00:00","BZN|EE","Without Sequence","139.03","",""
"18/09/2023 09:00:00 - 18/09/2023 10:00:00","BZN|EE","Without Sequence","74.30","",""
"18/09/2023 10:00:00 - 18/09/2023 11:00:00","BZN|EE","Without Sequence","128.95","",""
"18/09/2023 11:00:00 - 18/09/2023 12:00:00","BZN|EE","Without Sequence","40.01","",""
"18/09/2023 12:00:00 - 18/09/2023 13:00:00","BZN|EE","Without Sequence","152.03","",""
"18/09/2023 13:00:00 - 18/09/2023 14:00:00","BZN|EE","Without Sequence","152.06","",""
"18/09/2023 14:00:00 - 18/09/2023 15:00:00","BZN|EE","Without Sequence","139.08","",""
"18/09/2023 15:00:00 - 18/09/2023 16:00:00","BZN|EE","Without Sequence","250.03","",""
"18/09/2023 16:00:00 - 18/09/2023 17:00:00","BZN|EE","Without Sequence","250.07","",""
"18/09/2023 17:00:00 - 18/09/2023 18:00:00","BZN|EE","Without Sequence","250.02","",""
"18/09/2023 18:00:00 - 18/09/2023 19:00:00","BZN|EE","Without Sequence","139.05","",""
"18/09/2023 19:00:00 - 18/09/2023 20:00:00","BZN|EE","Without Sequence","108.31","",""
"18/09/2023 20:00:00 - 18/09/2023 21:00:00","BZN|EE","Without Sequence","93.08","",""
"18/09/2023 21:00:00 - 18/09/2023 22:00:00","BZN|EE","Without Sequence","73.28","",""
"18/09/2023 22:00:00 - 18/09/2023 23:00:00","BZN|EE","Without Sequence","0.67","",""
"18/09/2023 23:00:00 - 19/09/2023 00:00:00","BZN|EE","Without Sequence","3.07","",""
"19/09/2023 00:00:00 - 19/09/2023 01:00:00","BZN|EE","Without Sequence","1.73","",""
"19/09/2023 01:00:00 - 19/09/2023 02:00:00","BZN|EE","Without Sequence","1.75","",""
"19/09/2023 02:00:00 - 19/09/2023 03:00:00","BZN|EE","Without Sequence","27.76","",""
"19/09/2023 03:00:00 - 19/09/2023 04:00:00","BZN|EE","Without Sequence","88.27","",""
"19/09/2023 04:00:00 - 19/09/2023 05:00:00","BZN|EE","Without Sequence","131.68","",""
"19/09/2023 05:00:00 - 19/09/2023 06:00:00","BZN|EE","Without Sequence","140.14","",""
"19/09/2023 06:00:00 - 19/09/2023 07:00:00","BZN|EE","Without Sequence","131.50","",""
"19/09/2023 07:00:00 - 19/09/2023 08:00:00","BZN|EE","Without Sequence","100.46","",""
"19/09/2023 08:00:00 - 19/09/2023 09:00:00","BZN|EE","Without Sequence","102.31","",""
"19/09/2023 09:00:00 - 19/09/2023 10:00:00","BZN|EE","Without Sequence","1.50","",""
"19/09/2023 10:00:00 - 19/09/2023 11:00:00","BZN|EE","Without Sequence","-0.94","",""
"19/09/2023 11:00:00 - 19/09/2023 12:00:00","BZN|EE","Without Sequence","-1.36","",""
"19/09/2023 12:00:00 - 19/09/2023 13:00:00","BZN|EE","Without Sequence","73.80","",""
"19/09/2023 13:00:00 - 19/09/2023 14:00:00","BZN|EE","Without Sequence","85.15","",""
"19/09/2023 14:00:00 - 19/09/2023 15:00:00","BZN|EE","Without Sequence","102.43","",""
"19/09/2023 15:00:00 - 19/09/2023 16:00:00","BZN|EE","Without Sequence","141.05","",""
"19/09/2023 16:00:00 - 19/09/2023 17:00:00","BZN|EE","Without Sequence","151.91","",""
"19/09/2023 17:00:00 - 19/09/2023 18:00:00","BZN|EE","Without Sequence","170.10","",""
"19/09/2023 18:00:00 - 19/09/2023 19:00:00","BZN|EE","Without Sequence","165.51","",""
"19/09/2023 19:00:00 - 19/09/2023 20:00:00","BZN|EE","Without Sequence","145.51","",""
"19/09/2023 20:00:00 - 19/09/2023 21:00:00","BZN|EE","Without Sequence","103.93","",""
"19/09/2023 21:00:00 - 19/09/2023 22:00:00","BZN|EE","Without Sequence","85.15","",""
"19/09/2023 22:00:00 - 19/09/2023 23:00:00","BZN|EE","Without Sequence","96.82","",""
"19/09/2023 23:00:00 - 20/09/2023 00:00:00","BZN|EE","Without Sequence","88.61","",""
"20/09/2023 00:00:00 - 20/09/2023 01:00:00","BZN|EE","Without Sequence","81.08","",""
"20/09/2023 01:00:00 - 20/09/2023 02:00:00","BZN|EE","Without Sequence","81.05","",""
"20/09/2023 02:00:00 - 20/09/2023 03:00:00","BZN|EE","Without Sequence","81.10","",""
"20/09/2023 03:00:00 - 20/09/2023 04:00:00","BZN|EE","Without Sequence","100.76","",""
"20/09/2023 04:00:00 - 20/09/2023 05:00:00","BZN|EE","Without Sequence","124.77","",""
"20/09/2023 05:00:00 - 20/09/2023 06:00:00","BZN|EE","Without Sequence","147.57","",""
"20/09/2023 06:00:00 - 20/09/2023 07:00:00","BZN|EE","Without Sequence","105.39","",""
"20/09/2023 07:00:00 - 20/09/2023 08:00:00","BZN|EE","Without Sequence","89.84","",""
"20/09/2023 08:00:00 - 20/09/2023 09:00:00","BZN|EE","Without Sequence","91.16","",""
"20/09/2023 09:00:00 - 20/09/2023 10:00:00","BZN|EE","Without Sequence","85.00","",""
"20/09/2023 10:00:00 - 20/09/2023 11:00:00","BZN|EE","Without Sequence","132.91","",""
"20/09/2023 11:00:00 - 20/09/2023 12:00:00","BZN|EE","Without Sequence","88.62","",""
"20/09/2023 12:00:00 - 20/09/2023 13:00:00","BZN|EE","Without Sequence","90.31","",""
"20/09/2023 13:00:00 - 20/09/2023 14:00:00","BZN|EE","Without Sequence","95.88","",""
"20/09/2023 14:00:00 - 20/09/2023 15:00:00","BZN|EE","Without Sequence","135.01","",""
"20/09/2023 15:00:00 - 20/09/2023 16:00:00","BZN|EE","Without Sequence","157.87","",""
"20/09/2023 16:00:00 - 20/09/2023 17:00:00","BZN|EE","Without Sequence","172.12","",""
"20/09/2023 17:00:00 - 20/09/2023 18:00:00","BZN|EE","Without Sequence","195.22","",""
"20/09/2023 18:00:00 - 20/09/2023 19:00:00","BZN|EE","Without Sequence","179.02","",""
"20/09/2023 19:00:00 - 20/09/2023 20:00:00","BZN|EE","Without Sequence","148.86","",""
"20/09/2023 20:00:00 - 20/09/2023 21:00:00","BZN|EE","Without Sequence","107.57","",""
"20/09/2023 21:00:00 - 20/09/2023 22:00:00","BZN|EE","Without Sequence","98.29","",""
"20/09/2023 22:00:00 - 20/09/2023 23:00:00","BZN|EE","Without Sequence","75.74","",""
"20/09/2023 23:00:00 - 21/09/2023 00:00:00","BZN|EE","Without Sequence","135.01","",""
"21/09/2023 00:00:00 - 21/09/2023 01:00:00","BZN|EE","Without Sequence","80.10","",""
"21/09/2023 01:00:00 - 21/09/2023 02:00:00","BZN|EE","Without Sequence","135.01","",""
"21/09/2023 02:00:00 - 21/09/2023 03:00:00","BZN|EE","Without Sequence","135.06","",""
"21/09/2023 03:00:00 - 21/09/2023 04:00:00","BZN|EE","Without Sequence","135.01","",""
"21/09/2023 04:00:00 - 21/09/2023 05:00:00","BZN|EE","Without Sequence","150.06","",""
"21/09/2023 05:00:00 - 21/09/2023 06:00:00","BZN|EE","Without Sequence","500.00","",""
"21/09/2023 06:00:00 - 21/09/2023 07:00:00","BZN|EE","Without Sequence","311.25","",""
"21/09/2023 07:00:00 - 21/09/2023 08:00:00","BZN|EE","Without Sequence","150.02","",""
"21/09/2023 08:00:00 - 21/09/2023 09:00:00","BZN|EE","Without Sequence","93.15","",""
"21/09/2023 09:00:00 - 21/09/2023 10:00:00","BZN|EE","Without Sequence","78.84","",""
"21/09/2023 10:00:00 - 21/09/2023 11:00:00","BZN|EE","Without Sequence","75.19","",""
"21/09/2023 11:00:00 - 21/09/2023 12:00:00","BZN|EE","Without Sequence","74.22","",""
"21/09/2023 12:00:00 - 21/09/2023 13:00:00","BZN|EE","Without Sequence","82.41","",""
"21/09/2023 13:00:00 - 21/09/2023 14:00:00","BZN|EE","Without Sequence","150.01","",""
"21/09/2023 14:00:00 - 21/09/2023 15:00:00","BZN|EE","Without Sequence","150.09","",""
"21/09/2023 15:00:00 - 21/09/2023 16:00:00","BZN|EE","Without Sequence","400.04","",""
"21/09/2023 16:00:00 - 21/09/2023 17:00:00","BZN|EE","Without Sequence","188.07","",""
"21/09/2023 17:00:00 - 21/09/2023 18:00:00","BZN|EE","Without Sequence","266.77","",""
"21/09/2023 18:00:00 - 21/09/2023 19:00:00","BZN|EE","Without Sequence","151.63","",""
"21/09/2023 19:00:00 - 21/09/2023 20:00:00","BZN|EE","Without Sequence","114.80","",""
"21/09/2023 20:00:00 - 21/09/2023 21:00:00","BZN|EE","Without Sequence","100.10","",""
"21/09/2023 21:00:00 - 21/09/2023 22:00:00","BZN|EE","Without Sequence","94.75","",""
"21/09/2023 22:00:00 - 21/09/2023 23:00:00","BZN|EE","Without Sequence","88.31","",""
"21/09/2023 23:00:00 - 22/09/2023 00:00:00","BZN|EE","Without Sequence","87.16","",""
"22/09/2023 00:00:00 - 22/09/2023 01:00:00","BZN|EE","Without Sequence","85.61","",""
"22/09/2023 01:00:00 - 22/09/2023 02:00:00","BZN|EE","Without Sequence","84.29","",""
"22/09/2023 02:00:00 - 22/09/2023 03:00:00","BZN|EE","Without Sequence","85.19","",""
"22/09/2023 03:00:00 - 22/09/2023 04:00:00","BZN|EE","Without Sequence","88.90","",""
"22/09/2023 04:00:00 - 22/09/2023 05:00:00","BZN|EE","Without Sequence","108.40","",""
"22/09/2023 05:00:00 - 22/09/2023 06:00:00","BZN|EE","Without Sequence","135.96","",""
"22/09/2023 06:00:00 - 22/09/2023 07:00:00","BZN|EE","Without Sequence","135.35","",""
"22/09/2023 07:00:00 - 22/09/2023 08:00:00","BZN|EE","Without Sequence","107.18","",""
"22/09/2023 08:00:00 - 22/09/2023 09:00:00","BZN|EE","Without Sequence","7.85","",""
"22/09/2023 09:00:00 - 22/09/2023 10:00:00","BZN|EE","Without Sequence","2.27","",""
"22/09/2023 10:00:00 - 22/09/2023 11:00:00","BZN|EE","Without Sequence","2.19","",""
"22/09/2023 11:00:00 - 22/09/2023 12:00:00","BZN|EE","Without Sequence","1.80","",""
"22/09/2023 12:00:00 - 22/09/2023 13:00:00","BZN|EE","Without Sequence","3.18","",""
"22/09/2023 13:00:00 - 22/09/2023 14:00:00","BZN|EE","Without Sequence","84.01","",""
"22/09/2023 14:00:00 - 22/09/2023 15:00:00","BZN|EE","Without Sequence","108.08","",""
"22/09/2023 15:00:00 - 22/09/2023 16:00:00","BZN|EE","Without Sequence","150.02","",""
"22/09/2023 16:00:00 - 22/09/2023 17:00:00","BZN|EE","Without Sequence","135.10","",""
"22/09/2023 17:00:00 - 22/09/2023 18:00:00","BZN|EE","Without Sequence","158.20","",""
"22/09/2023 18:00:00 - 22/09/2023 19:00:00","BZN|EE","Without Sequence","139.57","",""
"22/09/2023 19:00:00 - 22/09/2023 20:00:00","BZN|EE","Without Sequence","123.98","",""
"22/09/2023 20:00:00 - 22/09/2023 21:00:00","BZN|EE","Without Sequence","105.93","",""
"22/09/2023 21:00:00 - 22/09/2023 22:00:00","BZN|EE","Without Sequence","103.06","",""
"22/09/2023 22:00:00 - 22/09/2023 23:00:00","BZN|EE","Without Sequence","109.04","",""
"22/09/2023 23:00:00 - 23/09/2023 00:00:00","BZN|EE","Without Sequence","101.27","",""
"23/09/2023 00:00:00 - 23/09/2023 01:00:00","BZN|EE","Without Sequence","97.05","",""
"23/09/2023 01:00:00 - 23/09/2023 02:00:00","BZN|EE","Without Sequence","91.72","",""
"23/09/2023 02:00:00 - 23/09/2023 03:00:00","BZN|EE","Without Sequence","89.38","",""
"23/09/2023 03:00:00 - 23/09/2023 04:00:00","BZN|EE","Without Sequence","91.78","",""
"23/09/2023 04:00:00 - 23/09/2023 05:00:00","BZN|EE","Without Sequence","98.88","",""
"23/09/2023 05:00:00 - 23/09/2023 06:00:00","BZN|EE","Without Sequence","107.20","",""
"23/09/2023 06:00:00 - 23/09/2023 07:00:00","BZN|EE","Without Sequence","109.99","",""
"23/09/2023 07:00:00 - 23/09/2023 08:00:00","BZN|EE","Without Sequence","104.68","",""
"23/09/2023 08:00:00 - 23/09/2023 09:00:00","BZN|EE","Without Sequence","90.75","",""
"23/09/2023 09:00:00 - 23/09/2023 10:00:00","BZN|EE","Without Sequence","84.90","",""
"23/09/2023 10:00:00 - 23/09/2023 11:00:00","BZN|EE","Without Sequence","103.67","",""
"23/09/2023 11:00:00 - 23/09/2023 12:00:00","BZN|EE","Without Sequence","145.16","",""
"23/09/2023 12:00:00 - 23/09/2023 13:00:00","BZN|EE","Without Sequence","180.02","",""
"23/09/2023 13:00:00 - 23/09/2023 14:00:00","BZN|EE","Without Sequence","114.21","",""
"23/09/2023 14:00:00 - 23/09/2023 15:00:00","BZN|EE","Without Sequence","129.02","",""
"23/09/2023 15:00:00 - 23/09/2023 16:00:00","BZN|EE","Without Sequence","132.76","",""
"23/09/2023 16:00:00 - 23/09/2023 17:00:00","BZN|EE","Without Sequence","136.40","",""
"23/09/2023 17:00:00 - 23/09/2023 18:00:00","BZN|EE","Without Sequence","155.97","",""
"23/09/2023 18:00:00 - 23/09/2023 19:00:00","BZN|EE","Without Sequence","145.00","",""
"23/09/2023 19:00:00 - 23/09/2023 20:00:00","BZN|EE","Without Sequence","129.02","",""
"23/09/2023 20:00:00 - 23/09/2023 21:00:00","BZN|EE","Without Sequence","106.92","",""
"23/09/2023 21:00:00 - 23/09/2023 22:00:00","BZN|EE","Without Sequence","100.09","",""
"23/09/2023 22:00:00 - 23/09/2023 23:00:00","BZN|EE","Without Sequence","98.71","",""
"23/09/2023 23:00:00 - 24/09/2023 00:00:00","BZN|EE","Without Sequence","1.70","",""
"24/09/2023 00:00:00 - 24/09/2023 01:00:00","BZN|EE","Without Sequence","1.36","",""
"24/09/2023 01:00:00 - 24/09/2023 02:00:00","BZN|EE","Without Sequence","1.04","",""
"24/09/2023 02:00:00 - 24/09/2023 03:00:00","BZN|EE","Without Sequence","0.94","",""
"24/09/2023 03:00:00 - 24/09/2023 04:00:00","BZN|EE","Without Sequence","1.18","",""
"24/09/2023 04:00:00 - 24/09/2023 05:00:00","BZN|EE","Without Sequence","78.66","",""
"24/09/2023 05:00:00 - 24/09/2023 06:00:00","BZN|EE","Without Sequence","10.08","",""
"24/09/2023 06:00:00 - 24/09/2023 07:00:00","BZN|EE","Without Sequence","40.01","",""
"24/09/2023 07:00:00 - 24/09/2023 08:00:00","BZN|EE","Without Sequence","10.06","",""
"24/09/2023 08:00:00 - 24/09/2023 09:00:00","BZN|EE","Without Sequence","1.06","",""
"24/09/2023 09:00:00 - 24/09/2023 10:00:00","BZN|EE","Without Sequence","0.85","",""
"24/09/2023 10:00:00 - 24/09/2023 11:00:00","BZN|EE","Without Sequence","-0.03","",""
"24/09/2023 11:00:00 - 24/09/2023 12:00:00","BZN|EE","Without Sequence","-2.62","",""
"24/09/2023 12:00:00 - 24/09/2023 13:00:00","BZN|EE","Without Sequence","-1.98","",""
"24/09/2023 13:00:00 - 24/09/2023 14:00:00","BZN|EE","Without Sequence","-0.03","",""
"24/09/2023 14:00:00 - 24/09/2023 15:00:00","BZN|EE","Without Sequence","5.21","",""
"24/09/2023 15:00:00 - 24/09/2023 16:00:00","BZN|EE","Without Sequence","102.64","",""
"24/09/2023 16:00:00 - 24/09/2023 17:00:00","BZN|EE","Without Sequence","135.41","",""
"24/09/2023 17:00:00 - 24/09/2023 18:00:00","BZN|EE","Without Sequence","157.29","",""
"24/09/2023 18:00:00 - 24/09/2023 19:00:00","BZN|EE","Without Sequence","134.98","",""
"24/09/2023 19:00:00 - 24/09/2023 20:00:00","BZN|EE","Without Sequence","105.00","",""
"24/09/2023 20:00:00 - 24/09/2023 21:00:00","BZN|EE","Without Sequence","97.80","",""
"24/09/2023 21:00:00 - 24/09/2023 22:00:00","BZN|EE","Without Sequence","40.00","",""
"24/09/2023 22:00:00 - 24/09/2023 23:00:00","BZN|EE","Without Sequence","34.63","",""
"24/09/2023 23:00:00 - 25/09/2023 00:00:00","BZN|EE","Without Sequence","10.00","",""
"25/09/2023 00:00:00 - 25/09/2023 01:00:00","BZN|EE","Without Sequence","1.09","",""
"25/09/2023 01:00:00 - 25/09/2023 02:00:00","BZN|EE","Without Sequence","0.08","",""
"25/09/2023 02:00:00 - 25/09/2023 03:00:00","BZN|EE","Without Sequence","0.49","",""
"25/09/2023 03:00:00 - 25/09/2023 04:00:00","BZN|EE","Without Sequence","50.20","",""
"25/09/2023 04:00:00 - 25/09/2023 05:00:00","BZN|EE","Without Sequence","108.48","",""
"25/09/2023 05:00:00 - 25/09/2023 06:00:00","BZN|EE","Without Sequence","139.15","",""
"25/09/2023 06:00:00 - 25/09/2023 07:00:00","BZN|EE","Without Sequence","143.00","",""
"25/09/2023 07:00:00 - 25/09/2023 08:00:00","BZN|EE","Without Sequence","118.32","",""
"25/09/2023 08:00:00 - 25/09/2023 09:00:00","BZN|EE","Without Sequence","94.17","",""
"25/09/2023 09:00:00 - 25/09/2023 10:00:00","BZN|EE","Without Sequence","89.01","",""
"25/09/2023 10:00:00 - 25/09/2023 11:00:00","BZN|EE","Without Sequence","76.89","",""
"25/09/2023 11:00:00 - 25/09/2023 12:00:00","BZN|EE","Without Sequence","76.11","",""
"25/09/2023 12:00:00 - 25/09/2023 13:00:00","BZN|EE","Without Sequence","84.09","",""
"25/09/2023 13:00:00 - 25/09/2023 14:00:00","BZN|EE","Without Sequence","92.06","",""
"25/09/2023 14:00:00 - 25/09/2023 15:00:00","BZN|EE","Without Sequence","97.46","",""
"25/09/2023 15:00:00 - 25/09/2023 16:00:00","BZN|EE","Without Sequence","126.11","",""
"25/09/2023 16:00:00 - 25/09/2023 17:00:00","BZN|EE","Without Sequence","196.00","",""
"25/09/2023 17:00:00 - 25/09/2023 18:00:00","BZN|EE","Without Sequence","365.57","",""
"25/09/2023 18:00:00 - 25/09/2023 19:00:00","BZN|EE","Without Sequence","209.79","",""
"25/09/2023 19:00:00 - 25/09/2023 20:00:00","BZN|EE","Without Sequence","136.14","",""
"25/09/2023 20:00:00 - 25/09/2023 21:00:00","BZN|EE","Without Sequence","123.07","",""
"25/09/2023 21:00:00 - 25/09/2023 22:00:00","BZN|EE","Without Sequence","4.58","",""
"25/09/2023 22:00:00 - 25/09/2023 23:00:00","BZN|EE","Without Sequence","104.19","",""
"25/09/2023 23:00:00 - 26/09/2023 00:00:00","BZN|EE","Without Sequence","89.02","",""
"26/09/2023 00:00:00 - 26/09/2023 01:00:00","BZN|EE","Without Sequence","34.79","",""
"26/09/2023 01:00:00 - 26/09/2023 02:00:00","BZN|EE","Without Sequence","89.09","",""
"26/09/2023 02:00:00 - 26/09/2023 03:00:00","BZN|EE","Without Sequence","104.43","",""
"26/09/2023 03:00:00 - 26/09/2023 04:00:00","BZN|EE","Without Sequence","107.99","",""
"26/09/2023 04:00:00 - 26/09/2023 05:00:00","BZN|EE","Without Sequence","150.72","",""
"26/09/2023 05:00:00 - 26/09/2023 06:00:00","BZN|EE","Without Sequence","258.14","",""
"26/09/2023 06:00:00 - 26/09/2023 07:00:00","BZN|EE","Without Sequence","159.56","",""
"26/09/2023 07:00:00 - 26/09/2023 08:00:00","BZN|EE","Without Sequence","116.62","",""
"26/09/2023 08:00:00 - 26/09/2023 09:00:00","BZN|EE","Without Sequence","100.41","",""
"26/09/2023 09:00:00 - 26/09/2023 10:00:00","BZN|EE","Without Sequence","92.98","",""
"26/09/2023 10:00:00 - 26/09/2023 11:00:00","BZN|EE","Without Sequence","88.75","",""
"26/09/2023 11:00:00 - 26/09/2023 12:00:00","BZN|EE","Without Sequence","78.74","",""
"26/09/2023 12:00:00 - 26/09/2023 13:00:00","BZN|EE","Without Sequence","88.44","",""
"26/09/2023 13:00:00 - 26/09/2023 14:00:00","BZN|EE","Without Sequence","98.02","",""
"26/09/2023 14:00:00 - 26/09/2023 15:00:00","BZN|EE","Without Sequence","104.51","",""
"26/09/2023 15:00:00 - 26/09/2023 16:00:00","BZN|EE","Without Sequence","135.26","",""
"26/09/2023 16:00:00 - 26/09/2023 17:00:00","BZN|EE","Without Sequence","177.08","",""
"26/09/2023 17:00:00 - 26/09/2023 18:00:00","BZN|EE","Without Sequence","242.41","",""
"26/09/2023 18:00:00 - 26/09/2023 19:00:00","BZN|EE","Without Sequence","160.34","",""
"26/09/2023 19:00:00 - 26/09/2023 20:00:00","BZN|EE","Without Sequence","126.27","",""
"26/09/2023 20:00:00 - 26/09/2023 21:00:00","BZN|EE","Without Sequence","108.06","",""
"26/09/2023 21:00:00 - 26/09/2023 22:00:00","BZN|EE","Without Sequence","9.66","",""
"26/09/2023 22:00:00 - 26/09/2023 23:00:00","BZN|EE","Without Sequence","7.79","",""
"26/09/2023 23:00:00 - 27/09/2023 00:00:00","BZN|EE","Without Sequence","1.17","",""
"27/09/2023 00:00:00 - 27/09/2023 01:00:00","BZN|EE","Without Sequence","1.34","",""
"27/09/2023 01:00:00 - 27/09/2023 02:00:00","BZN|EE","Without Sequence","1.31","",""
"27/09/2023 02:00:00 - 27/09/2023 03:00:00","BZN|EE","Without Sequence","100.81","",""
"27/09/2023 03:00:00 - 27/09/2023 04:00:00","BZN|EE","Without Sequence","108.49","",""
"27/09/2023 04:00:00 - 27/09/2023 05:00:00","BZN|EE","Without Sequence","141.17","",""
"27/09/2023 05:00:00 - 27/09/2023 06:00:00","BZN|EE","Without Sequence","217.36","",""
"27/09/2023 06:00:00 - 27/09/2023 07:00:00","BZN|EE","Without Sequence","174.07","",""
"27/09/2023 07:00:00 - 27/09/2023 08:00:00","BZN|EE","Without Sequence","131.23","",""
"27/09/2023 08:00:00 - 27/09/2023 09:00:00","BZN|EE","Without Sequence","102.33","",""
"27/09/2023 09:00:00 - 27/09/2023 10:00:00","BZN|EE","Without Sequence","93.26","",""
"27/09/2023 10:00:00 - 27/09/2023 11:00:00","BZN|EE","Without Sequence","90.20","",""
"27/09/2023 11:00:00 - 27/09/2023 12:00:00","BZN|EE","Without Sequence","87.34","",""
"27/09/2023 12:00:00 - 27/09/2023 13:00:00","BZN|EE","Without Sequence","88.95","",""
"27/09/2023 13:00:00 - 27/09/2023 14:00:00","BZN|EE","Without Sequence","93.48","",""
"27/09/2023 14:00:00 - 27/09/2023 15:00:00","BZN|EE","Without Sequence","107.89","",""
"27/09/2023 15:00:00 - 27/09/2023 16:00:00","BZN|EE","Without Sequence","146.38","",""
"27/09/2023 16:00:00 - 27/09/2023 17:00:00","BZN|EE","Without Sequence","191.90","",""
"27/09/2023 17:00:00 - 27/09/2023 18:00:00","BZN|EE","Without Sequence","211.52","",""
"27/09/2023 18:00:00 - 27/09/2023 19:00:00","BZN|EE","Without Sequence","141.55","",""
"27/09/2023 19:00:00 - 27/09/2023 20:00:00","BZN|EE","Without Sequence","107.79","",""
"27/09/2023 20:00:00 - 27/09/2023 21:00:00","BZN|EE","Without Sequence","10.09","",""
"27/09/2023 21:00:00 - 27/09/2023 22:00:00","BZN|EE","Without Sequence","20.06","",""
"27/09/2023 22:00:00 - 27/09/2023 23:00:00","BZN|EE","Without Sequence","88.02","",""
"27/09/2023 23:00:00 - 28/09/2023 00:00:00","BZN|EE","Without Sequence","20.55","",""
"28/09/2023 00:00:00 - 28/09/2023 01:00:00","BZN|EE","Without Sequence","19.17","",""
"28/09/2023 01:00:00 - 28/09/2023 02:00:00","BZN|EE","Without Sequence","72.26","",""
"28/09/2023 02:00:00 - 28/09/2023 03:00:00","BZN|EE","Without Sequence","79.57","",""
"28/09/2023 03:00:00 - 28/09/2023 04:00:00","BZN|EE","Without Sequence","91.41","",""
"28/09/2023 04:00:00 - 28/09/2023 05:00:00","BZN|EE","Without Sequence","114.95","",""
"28/09/2023 05:00:00 - 28/09/2023 06:00:00","BZN|EE","Without Sequence","126.25","",""
"28/09/2023 06:00:00 - 28/09/2023 07:00:00","BZN|EE","Without Sequence","129.56","",""
"28/09/2023 07:00:00 - 28/09/2023 08:00:00","BZN|EE","Without Sequence","110.85","",""
"28/09/2023 08:00:00 - 28/09/2023 09:00:00","BZN|EE","Without Sequence","93.36","",""
"28/09/2023 09:00:00 - 28/09/2023 10:00:00","BZN|EE","Without Sequence","88.56","",""
"28/09/2023 10:00:00 - 28/09/2023 11:00:00","BZN|EE","Without Sequence","66.61","",""
"28/09/2023 11:00:00 - 28/09/2023 12:00:00","BZN|EE","Without Sequence","69.88","",""
"28/09/2023 12:00:00 - 28/09/2023 13:00:00","BZN|EE","Without Sequence","87.70","",""
"28/09/2023 13:00:00 - 28/09/2023 14:00:00","BZN|EE","Without Sequence","92.02","",""
"28/09/2023 14:00:00 - 28/09/2023 15:00:00","BZN|EE","Without Sequence","99.89","",""
"28/09/2023 15:00:00 - 28/09/2023 16:00:00","BZN|EE","Without Sequence","135.64","",""
"28/09/2023 16:00:00 - 28/09/2023 17:00:00","BZN|EE","Without Sequence","179.47","",""
"28/09/2023 17:00:00 - 28/09/2023 18:00:00","BZN|EE","Without Sequence","250.07","",""
"28/09/2023 18:00:00 - 28/09/2023 19:00:00","BZN|EE","Without Sequence","156.30","",""
"28/09/2023 19:00:00 - 28/09/2023 20:00:00","BZN|EE","Without Sequence","80.04","",""
"28/09/2023 20:00:00 - 28/09/2023 21:00:00","BZN|EE","Without Sequence","20.03","",""
"28/09/2023 21:00:00 - 28/09/2023 22:00:00","BZN|EE","Without Sequence","-0.03","",""
"28/09/2023 22:00:00 - 28/09/2023 23:00:00","BZN|EE","Without Sequence","1.50","",""
"28/09/2023 23:00:00 - 29/09/2023 00:00:00","BZN|EE","Without Sequence","0.00","",""
"29/09/2023 00:00:00 - 29/09/2023 01:00:00","BZN|EE","Without Sequence","0.00","",""
"29/09/2023 01:00:00 - 29/09/2023 02:00:00","BZN|EE","Without Sequence","3.90","",""
"29/09/2023 02:00:00 - 29/09/2023 03:00:00","BZN|EE","Without Sequence","0.00","",""
"29/09/2023 03:00:00 - 29/09/2023 04:00:00","BZN|EE","Without Sequence","99.50","",""
"29/09/2023 04:00:00 - 29/09/2023 05:00:00","BZN|EE","Without Sequence","127.69","",""
"29/09/2023 05:00:00 - 29/09/2023 06:00:00","BZN|EE","Without Sequence","138.00","",""
"29/09/2023 06:00:00 - 29/09/2023 07:00:00","BZN|EE","Without Sequence","130.05","",""
"29/09/2023 07:00:00 - 29/09/2023 08:00:00","BZN|EE","Without Sequence","106.95","",""
"29/09/2023 08:00:00 - 29/09/2023 09:00:00","BZN|EE","Without Sequence","92.07","",""
"29/09/2023 09:00:00 - 29/09/2023 10:00:00","BZN|EE","Without Sequence","87.37","",""
"29/09/2023 10:00:00 - 29/09/2023 11:00:00","BZN|EE","Without Sequence","82.05","",""
"29/09/2023 11:00:00 - 29/09/2023 12:00:00","BZN|EE","Without Sequence","72.44","",""
"29/09/2023 12:00:00 - 29/09/2023 13:00:00","BZN|EE","Without Sequence","77.04","",""
"29/09/2023 13:00:00 - 29/09/2023 14:00:00","BZN|EE","Without Sequence","90.70","",""
"29/09/2023 14:00:00 - 29/09/2023 15:00:00","BZN|EE","Without Sequence","103.21","",""
"29/09/2023 15:00:00 - 29/09/2023 16:00:00","BZN|EE","Without Sequence","136.94","",""
"29/09/2023 16:00:00 - 29/09/2023 17:00:00","BZN|EE","Without Sequence","148.05","",""
"29/09/2023 17:00:00 - 29/09/2023 18:00:00","BZN|EE","Without Sequence","148.07","",""
"29/09/2023 18:00:00 - 29/09/2023 19:00:00","BZN|EE","Without Sequence","137.88","",""
"29/09/2023 19:00:00 - 29/09/2023 20:00:00","BZN|EE","Without Sequence","113.40","",""
"29/09/2023 20:00:00 - 29/09/2023 21:00:00","BZN|EE","Without Sequence","99.50","",""
"29/09/2023 21:00:00 - 29/09/2023 22:00:00","BZN|EE","Without Sequence","56.44","",""
"29/09/2023 22:00:00 - 29/09/2023 23:00:00","BZN|EE","Without Sequence","91.34","",""
"29/09/2023 23:00:00 - 30/09/2023 00:00:00","BZN|EE","Without Sequence","88.81","",""
"30/09/2023 00:00:00 - 30/09/2023 01:00:00","BZN|EE","Without Sequence","88.53","",""
"30/09/2023 01:00:00 - 30/09/2023 02:00:00","BZN|EE","Without Sequence","40.01","",""
"30/09/2023 02:00:00 - 30/09/2023 03:00:00","BZN|EE","Without Sequence","88.28","",""
"30/09/2023 03:00:00 - 30/09/2023 04:00:00","BZN|EE","Without Sequence","92.10","",""
"30/09/2023 04:00:00 - 30/09/2023 05:00:00","BZN|EE","Without Sequence","105.30","",""
"30/09/2023 05:00:00 - 30/09/2023 06:00:00","BZN|EE","Without Sequence","108.91","",""
"30/09/2023 06:00:00 - 30/09/2023 07:00:00","BZN|EE","Without Sequence","108.25","",""
"30/09/2023 07:00:00 - 30/09/2023 08:00:00","BZN|EE","Without Sequence","104.98","",""
"30/09/2023 08:00:00 - 30/09/2023 09:00:00","BZN|EE","Without Sequence","87.63","",""
"30/09/2023 09:00:00 - 30/09/2023 10:00:00","BZN|EE","Without Sequence","70.78","",""
"30/09/2023 10:00:00 - 30/09/2023 11:00:00","BZN|EE","Without Sequence","42.76","",""
"30/09/2023 11:00:00 - 30/09/2023 12:00:00","BZN|EE","Without Sequence","9.05","",""
"30/09/2023 12:00:00 - 30/09/2023 13:00:00","BZN|EE","Without Sequence","15.04","",""
"30/09/2023 13:00:00 - 30/09/2023 14:00:00","BZN|EE","Without Sequence","56.00","",""
"30/09/2023 14:00:00 - 30/09/2023 15:00:00","BZN|EE","Without Sequence","85.01","",""
"30/09/2023 15:00:00 - 30/09/2023 16:00:00","BZN|EE","Without Sequence","107.81","",""
"30/09/2023 16:00:00 - 30/09/2023 17:00:00","BZN|EE","Without Sequence","135.48","",""
"30/09/2023 17:00:00 - 30/09/2023 18:00:00","BZN|EE","Without Sequence","162.27","",""
"30/09/2023 18:00:00 - 30/09/2023 19:00:00","BZN|EE","Without Sequence","133.86","",""
"30/09/2023 19:00:00 - 30/09/2023 20:00:00","BZN|EE","Without Sequence","111.91","",""
"30/09/2023 20:00:00 - 30/09/2023 21:00:00","BZN|EE","Without Sequence","77.43","",""
"30/09/2023 21:00:00 - 30/09/2023 22:00:00","BZN|EE","Without Sequence","2.57","",""
"30/09/2023 22:00:00 - 30/09/2023 23:00:00","BZN|EE","Without Sequence","-0.01","",""
"30/09/2023 23:00:00 - 01/10/2023 00:00:00","BZN|EE","Without Sequence","0.00","",""
"01/10/2023 00:00:00 - 01/10/2023 01:00:00","BZN|EE","Without Sequence","0.00","",""
"01/10/2023 01:00:00 - 01/10/2023 02:00:00","BZN|EE","Without Sequence","0.00","",""
"01/10/2023 02:00:00 - 01/10/2023 03:00:00","BZN|EE","Without Sequence","4.44","",""
"01/10/2023 03:00:00 - 01/10/2023 04:00:00","BZN|EE","Without Sequence","1.70","",""
"01/10/2023 04:00:00 - 01/10/2023 05:00:00","BZN|EE","Without Sequence","84.79","",""
"01/10/2023 05:00:00 - 01/10/2023 06:00:00","BZN|EE","Without Sequence","88.08","",""
"01/10/2023 06:00:00 - 01/10/2023 07:00:00","BZN|EE","Without Sequence","82.10","",""
"01/10/2023 07:00:00 - 01/10/2023 08:00:00","BZN|EE","Without Sequence","62.73","",""
"01/10/2023 08:00:00 - 01/10/2023 09:00:00","BZN|EE","Without Sequence","40.00","",""
"01/10/2023 09:00:00 - 01/10/2023 10:00:00","BZN|EE","Without Sequence","8.99","",""
"01/10/2023 10:00:00 - 01/10/2023 11:00:00","BZN|EE","Without Sequence","0.00","",""
"01/10/2023 11:00:00 - 01/10/2023 12:00:00","BZN|EE","Without Sequence","-1.51","",""
"01/10/2023 12:00:00 - 01/10/2023 13:00:00","BZN|EE","Without Sequence","-0.70","",""
"01/10/2023 13:00:00 - 01/10/2023 14:00:00","BZN|EE","Without Sequence","1.53","",""
"01/10/2023 14:00:00 - 01/10/2023 15:00:00","BZN|EE","Without Sequence","62.73","",""
"01/10/2023 15:00:00 - 01/10/2023 16:00:00","BZN|EE","Without Sequence","99.38","",""
"01/10/2023 16:00:00 - 01/10/2023 17:00:00","BZN|EE","Without Sequence","120.06","",""
"01/10/2023 17:00:00 - 01/10/2023 18:00:00","BZN|EE","Without Sequence","130.00","",""
"01/10/2023 18:00:00 - 01/10/2023 19:00:00","BZN|EE","Without Sequence","130.00","",""
"01/10/2023 19:00:00 - 01/10/2023 20:00:00","BZN|EE","Without Sequence","115.16","",""
"01/10/2023 20:00:00 - 01/10/2023 21:00:00","BZN|EE","Without Sequence","106.62","",""
"01/10/2023 21:00:00 - 01/10/2023 22:00:00","BZN|EE","Without Sequence","99.97","",""
"01/10/2023 22:00:00 - 01/10/2023 23:00:00","BZN|EE","Without Sequence","94.90","",""
"01/10/2023 23:00:00 - 02/10/2023 00:00:00","BZN|EE","Without Sequence","93.17","",""
"02/10/2023 00:00:00 - 02/10/2023 01:00:00","BZN|EE","Without Sequence","93.40","",""
"02/10/2023 01:00:00 - 02/10/2023 02:00:00","BZN|EE","Without Sequence","92.02","",""
"02/10/2023 02:00:00 - 02/10/2023 03:00:00","BZN|EE","Without Sequence","95.68","",""
"02/10/2023 03:00:00 - 02/10/2023 04:00:00","BZN|EE","Without Sequence","99.33","",""
"02/10/2023 04:00:00 - 02/10/2023 05:00:00","BZN|EE","Without Sequence","140.07","",""
"02/10/2023 05:00:00 - 02/10/2023 06:00:00","BZN|EE","Without Sequence","206.42","",""
"02/10/2023 06:00:00 - 02/10/2023 07:00:00","BZN|EE","Without Sequence","329.91","",""
"02/10/2023 07:00:00 - 02/10/2023 08:00:00","BZN|EE","Without Sequence","200.08","",""
"02/10/2023 08:00:00 - 02/10/2023 09:00:00","BZN|EE","Without Sequence","180.09","",""
"02/10/2023 09:00:00 - 02/10/2023 10:00:00","BZN|EE","Without Sequence","140.02","",""
"02/10/2023 10:00:00 - 02/10/2023 11:00:00","BZN|EE","Without Sequence","140.02","",""
"02/10/2023 11:00:00 - 02/10/2023 12:00:00","BZN|EE","Without Sequence","131.82","",""
"02/10/2023 12:00:00 - 02/10/2023 13:00:00","BZN|EE","Without Sequence","139.98","",""
"02/10/2023 13:00:00 - 02/10/2023 14:00:00","BZN|EE","Without Sequence","140.08","",""
"02/10/2023 14:00:00 - 02/10/2023 15:00:00","BZN|EE","Without Sequence","180.08","",""
"02/10/2023 15:00:00 - 02/10/2023 16:00:00","BZN|EE","Without Sequence","200.00","",""
"02/10/2023 16:00:00 - 02/10/2023 17:00:00","BZN|EE","Without Sequence","200.09","",""
"02/10/2023 17:00:00 - 02/10/2023 18:00:00","BZN|EE","Without Sequence","243.30","",""
"02/10/2023 18:00:00 - 02/10/2023 19:00:00","BZN|EE","Without Sequence","160.07","",""
"02/10/2023 19:00:00 - 02/10/2023 20:00:00","BZN|EE","Without Sequence","120.00","",""
"02/10/2023 20:00:00 - 02/10/2023 21:00:00","BZN|EE","Without Sequence","106.96","",""
"02/10/2023 21:00:00 - 02/10/2023 22:00:00","BZN|EE","Without Sequence","55.03","",""
"02/10/2023 22:00:00 - 02/10/2023 23:00:00","BZN|EE","Without Sequence","80.04","",""
"02/10/2023 23:00:00 - 03/10/2023 00:00:00","BZN|EE","Without Sequence","80.03","",""
"03/10/2023 00:00:00 - 03/10/2023 01:00:00","BZN|EE","Without Sequence","70.85","",""
"03/10/2023 01:00:00 - 03/10/2023 02:00:00","BZN|EE","Without Sequence","30.48","",""
"03/10/2023 02:00:00 - 03/10/2023 03:00:00","BZN|EE","Without Sequence","73.42","",""
"03/10/2023 03:00:00 - 03/10/2023 04:00:00","BZN|EE","Without Sequence","98.53","",""
"03/10/2023 04:00:00 - 03/10/2023 05:00:00","BZN|EE","Without Sequence","104.35","",""
"03/10/2023 05:00:00 - 03/10/2023 06:00:00","BZN|EE","Without Sequence","110.01","",""
"03/10/2023 06:00:00 - 03/10/2023 07:00:00","BZN|EE","Without Sequence","134.29","",""
"03/10/2023 07:00:00 - 03/10/2023 08:00:00","BZN|EE","Without Sequence","110.04","",""
"03/10/2023 08:00:00 - 03/10/2023 09:00:00","BZN|EE","Without Sequence","110.01","",""
"03/10/2023 09:00:00 - 03/10/2023 10:00:00","BZN|EE","Without Sequence","65.01","",""
"03/10/2023 10:00:00 - 03/10/2023 11:00:00","BZN|EE","Without Sequence","30.00","",""
"03/10/2023 11:00:00 - 03/10/2023 12:00:00","BZN|EE","Without Sequence","30.00","",""
"03/10/2023 12:00:00 - 03/10/2023 13:00:00","BZN|EE","Without Sequence","71.30","",""
"03/10/2023 13:00:00 - 03/10/2023 14:00:00","BZN|EE","Without Sequence","55.01","",""
"03/10/2023 14:00:00 - 03/10/2023 15:00:00","BZN|EE","Without Sequence","59.98","",""
"03/10/2023 15:00:00 - 03/10/2023 16:00:00","BZN|EE","Without Sequence","90.81","",""
"03/10/2023 16:00:00 - 03/10/2023 17:00:00","BZN|EE","Without Sequence","100.26","",""
"03/10/2023 17:00:00 - 03/10/2023 18:00:00","BZN|EE","Without Sequence","96.56","",""
"03/10/2023 18:00:00 - 03/10/2023 19:00:00","BZN|EE","Without Sequence","89.11","",""
"03/10/2023 19:00:00 - 03/10/2023 20:00:00","BZN|EE","Without Sequence","25.82","",""
"03/10/2023 20:00:00 - 03/10/2023 21:00:00","BZN|EE","Without Sequence","19.50","",""
"03/10/2023 21:00:00 - 03/10/2023 22:00:00","BZN|EE","Without Sequence","0.73","",""
"03/10/2023 22:00:00 - 03/10/2023 23:00:00","BZN|EE","Without Sequence","0.13","",""
"03/10/2023 23:00:00 - 04/10/2023 00:00:00","BZN|EE","Without Sequence","1.48","",""
"04/10/2023 00:00:00 - 04/10/2023 01:00:00","BZN|EE","Without Sequence","2.04","",""
"04/10/2023 01:00:00 - 04/10/2023 02:00:00","BZN|EE","Without Sequence","1.07","",""
"04/10/2023 02:00:00 - 04/10/2023 03:00:00","BZN|EE","Without Sequence","0.53","",""
"04/10/2023 03:00:00 - 04/10/2023 04:00:00","BZN|EE","Without Sequence","5.63","",""
"04/10/2023 04:00:00 - 04/10/2023 05:00:00","BZN|EE","Without Sequence","94.28","",""
"04/10/2023 05:00:00 - 04/10/2023 06:00:00","BZN|EE","Without Sequence","88.63","",""
"04/10/2023 06:00:00 - 04/10/2023 07:00:00","BZN|EE","Without Sequence","100.22","",""
"04/10/2023 07:00:00 - 04/10/2023 08:00:00","BZN|EE","Without Sequence","100.15","",""
"04/10/2023 08:00:00 - 04/10/2023 09:00:00","BZN|EE","Without Sequence","72.54","",""
"04/10/2023 09:00:00 - 04/10/2023 10:00:00","BZN|EE","Without Sequence","58.59","",""
"04/10/2023 10:00:00 - 04/10/2023 11:00:00","BZN|EE","Without Sequence","30.33","",""
"04/10/2023 11:00:00 - 04/10/2023 12:00:00","BZN|EE","Without Sequence","20.55","",""
"04/10/2023 12:00:00 - 04/10/2023 13:00:00","BZN|EE","Without Sequence","29.14","",""
"04/10/2023 13:00:00 - 04/10/2023 14:00:00","BZN|EE","Without Sequence","57.52","",""
"04/10/2023 14:00:00 - 04/10/2023 15:00:00","BZN|EE","Without Sequence","85.44","",""
"04/10/2023 15:00:00 - 04/10/2023 16:00:00","BZN|EE","Without Sequence","100.12","",""
"04/10/2023 16:00:00 - 04/10/2023 17:00:00","BZN|EE","Without Sequence","132.31","",""
"04/10/2023 17:00:00 - 04/10/2023 18:00:00","BZN|EE","Without Sequence","144.46","",""
"04/10/2023 18:00:00 - 04/10/2023 19:00:00","BZN|EE","Without Sequence","118.04","",""
"04/10/2023 19:00:00 - 04/10/2023 20:00:00","BZN|EE","Without Sequence","88.53","",""
"04/10/2023 20:00:00 - 04/10/2023 21:00:00","BZN|EE","Without Sequence","40.00","",""
"04/10/2023 21:00:00 - 04/10/2023 22:00:00","BZN|EE","Without Sequence","0.00","",""
"04/10/2023 22:00:00 - 04/10/2023 23:00:00","BZN|EE","Without Sequence","0.00","",""
"04/10/2023 23:00:00 - 05/10/2023 00:00:00","BZN|EE","Without Sequence","0.00","",""
"05/10/2023 00:00:00 - 05/10/2023 01:00:00","BZN|EE","Without Sequence","0.59","",""
"05/10/2023 01:00:00 - 05/10/2023 02:00:00","BZN|EE","Without Sequence","7.86","",""
"05/10/2023 02:00:00 - 05/10/2023 03:00:00","BZN|EE","Without Sequence","60.87","",""
"05/10/2023 03:00:00 - 05/10/2023 04:00:00","BZN|EE","Without Sequence","75.72","",""
"05/10/2023 04:00:00 - 05/10/2023 05:00:00","BZN|EE","Without Sequence","98.67","",""
"05/10/2023 05:00:00 - 05/10/2023 06:00:00","BZN|EE","Without Sequence","97.14","",""
"05/10/2023 06:00:00 - 05/10/2023 07:00:00","BZN|EE","Without Sequence","104.80","",""
"05/10/2023 07:00:00 - 05/10/2023 08:00:00","BZN|EE","Without Sequence","107.11","",""
"05/10/2023 08:00:00 - 05/10/2023 09:00:00","BZN|EE","Without Sequence","87.33","",""
"05/10/2023 09:00:00 - 05/10/2023 10:00:00","BZN|EE","Without Sequence","79.35","",""
"05/10/2023 10:00:00 - 05/10/2023 11:00:00","BZN|EE","Without Sequence","74.99","",""
"05/10/2023 11:00:00 - 05/10/2023 12:00:00","BZN|EE","Without Sequence","76.01","",""
"05/10/2023 12:00:00 - 05/10/2023 13:00:00","BZN|EE","Without Sequence","80.03","",""
"05/10/2023 13:00:00 - 05/10/2023 14:00:00","BZN|EE","Without Sequence","83.69","",""
"05/10/2023 14:00:00 - 05/10/2023 15:00:00","BZN|EE","Without Sequence","98.45","",""
"05/10/2023 15:00:00 - 05/10/2023 16:00:00","BZN|EE","Without Sequence","100.10","",""
"05/10/2023 16:00:00 - 05/10/2023 17:00:00","BZN|EE","Without Sequence","177.44","",""
"05/10/2023 17:00:00 - 05/10/2023 18:00:00","BZN|EE","Without Sequence","180.06","",""
"05/10/2023 18:00:00 - 05/10/2023 19:00:00","BZN|EE","Without Sequence","85.03","",""
"05/10/2023 19:00:00 - 05/10/2023 20:00:00","BZN|EE","Without Sequence","85.05","",""
"05/10/2023 20:00:00 - 05/10/2023 21:00:00","BZN|EE","Without Sequence","40.01","",""
"05/10/2023 21:00:00 - 05/10/2023 22:00:00","BZN|EE","Without Sequence","2.98","",""
"05/10/2023 22:00:00 - 05/10/2023 23:00:00","BZN|EE","Without Sequence","2.82","",""
"05/10/2023 23:00:00 - 06/10/2023 00:00:00","BZN|EE","Without Sequence","2.52","",""
"06/10/2023 00:00:00 - 06/10/2023 01:00:00","BZN|EE","Without Sequence","39.60","",""
"06/10/2023 01:00:00 - 06/10/2023 02:00:00","BZN|EE","Without Sequence","75.06","",""
"06/10/2023 02:00:00 - 06/10/2023 03:00:00","BZN|EE","Without Sequence","92.91","",""
"06/10/2023 03:00:00 - 06/10/2023 04:00:00","BZN|EE","Without Sequence","104.52","",""
"06/10/2023 04:00:00 - 06/10/2023 05:00:00","BZN|EE","Without Sequence","150.03","",""
"06/10/2023 05:00:00 - 06/10/2023 06:00:00","BZN|EE","Without Sequence","190.85","",""
"06/10/2023 06:00:00 - 06/10/2023 07:00:00","BZN|EE","Without Sequence","122.88","",""
"06/10/2023 07:00:00 - 06/10/2023 08:00:00","BZN|EE","Without Sequence","104.39","",""
"06/10/2023 08:00:00 - 06/10/2023 09:00:00","BZN|EE","Without Sequence","88.69","",""
"06/10/2023 09:00:00 - 06/10/2023 10:00:00","BZN|EE","Without Sequence","81.28","",""
"06/10/2023 10:00:00 - 06/10/2023 11:00:00","BZN|EE","Without Sequence","90.18","",""
"06/10/2023 11:00:00 - 06/10/2023 12:00:00","BZN|EE","Without Sequence","88.63","",""
"06/10/2023 12:00:00 - 06/10/2023 13:00:00","BZN|EE","Without Sequence","90.23","",""
"06/10/2023 13:00:00 - 06/10/2023 14:00:00","BZN|EE","Without Sequence","93.46","",""
"06/10/2023 14:00:00 - 06/10/2023 15:00:00","BZN|EE","Without Sequence","101.96","",""
"06/10/2023 15:00:00 - 06/10/2023 16:00:00","BZN|EE","Without Sequence","104.00","",""
"06/10/2023 16:00:00 - 06/10/2023 17:00:00","BZN|EE","Without Sequence","140.09","",""
"06/10/2023 17:00:00 - 06/10/2023 18:00:00","BZN|EE","Without Sequence","200.09","",""
"06/10/2023 18:00:00 - 06/10/2023 19:00:00","BZN|EE","Without Sequence","93.49","",""
"06/10/2023 19:00:00 - 06/10/2023 20:00:00","BZN|EE","Without Sequence","7.18","",""
"06/10/2023 20:00:00 - 06/10/2023 21:00:00","BZN|EE","Without Sequence","1.34","",""
"06/10/2023 21:00:00 - 06/10/2023 22:00:00","BZN|EE","Without Sequence","-0.69","",""
"06/10/2023 22:00:00 - 06/10/2023 23:00:00","BZN|EE","Without Sequence","-3.41","",""
"06/10/2023 23:00:00 - 07/10/2023 00:00:00","BZN|EE","Without Sequence","-3.41","",""
"07/10/2023 00:00:00 - 07/10/2023 01:00:00","BZN|EE","Without Sequence","-3.63","",""
"07/10/2023 01:00:00 - 07/10/2023 02:00:00","BZN|EE","Without Sequence","-4.31","",""
"07/10/2023 02:00:00 - 07/10/2023 03:00:00","BZN|EE","Without Sequence","-3.48","",""
"07/10/2023 03:00:00 - 07/10/2023 04:00:00","BZN|EE","Without Sequence","-3.79","",""
"07/10/2023 04:00:00 - 07/10/2023 05:00:00","BZN|EE","Without Sequence","-3.07","",""
"07/10/2023 05:00:00 - 07/10/2023 06:00:00","BZN|EE","Without Sequence","-0.01","",""
"07/10/2023 06:00:00 - 07/10/2023 07:00:00","BZN|EE","Without Sequence","2.57","",""
"07/10/2023 07:00:00 - 07/10/2023 08:00:00","BZN|EE","Without Sequence","0.77","",""
"07/10/2023 08:00:00 - 07/10/2023 09:00:00","BZN|EE","Without Sequence","0.00","",""
"07/10/2023 09:00:00 - 07/10/2023 10:00:00","BZN|EE","Without Sequence","-0.01","",""
"07/10/2023 10:00:00 - 07/10/2023 11:00:00","BZN|EE","Without Sequence","5.95","",""
"07/10/2023 11:00:00 - 07/10/2023 12:00:00","BZN|EE","Without Sequence","0.22","",""
"07/10/2023 12:00:00 - 07/10/2023 13:00:00","BZN|EE","Without Sequence","1.00","",""
"07/10/2023 13:00:00 - 07/10/2023 14:00:00","BZN|EE","Without Sequence","6.40","",""
"07/10/2023 14:00:00 - 07/10/2023 15:00:00","BZN|EE","Without Sequence","0.00","",""
"07/10/2023 15:00:00 - 07/10/2023 16:00:00","BZN|EE","Without Sequence","9.79","",""
"07/10/2023 16:00:00 - 07/10/2023 17:00:00","BZN|EE","Without Sequence","85.02","",""
"07/10/2023 17:00:00 - 07/10/2023 18:00:00","BZN|EE","Without Sequence","85.00","",""
"07/10/2023 18:00:00 - 07/10/2023 19:00:00","BZN|EE","Without Sequence","8.11","",""
"07/10/2023 19:00:00 - 07/10/2023 20:00:00","BZN|EE","Without Sequence","-0.01","",""
"07/10/2023 20:00:00 - 07/10/2023 21:00:00","BZN|EE","Without Sequence","0.00","",""
"07/10/2023 21:00:00 - 07/10/2023 22:00:00","BZN|EE","Without Sequence","-0.01","",""
"07/10/2023 22:00:00 - 07/10/2023 23:00:00","BZN|EE","Without Sequence","-1.68","",""
"07/10/2023 23:00:00 - 08/10/2023 00:00:00","BZN|EE","Without Sequence","-1.99","",""
"08/10/2023 00:00:00 - 08/10/2023 01:00:00","BZN|EE","Without Sequence","-2.04","",""
"08/10/2023 01:00:00 - 08/10/2023 02:00:00","BZN|EE","Without Sequence","-2.07","",""
"08/10/2023 02:00:00 - 08/10/2023 03:00:00","BZN|EE","Without Sequence","-2.05","",""
"08/10/2023 03:00:00 - 08/10/2023 04:00:00","BZN|EE","Without Sequence","-1.80","",""
"08/10/2023 04:00:00 - 08/10/2023 05:00:00","BZN|EE","Without Sequence","-1.10","",""
"08/10/2023 05:00:00 - 08/10/2023 06:00:00","BZN|EE","Without Sequence","-0.02","",""
"08/10/2023 06:00:00 - 08/10/2023 07:00:00","BZN|EE","Without Sequence","0.51","",""
"08/10/2023 07:00:00 - 08/10/2023 08:00:00","BZN|EE","Without Sequence","1.31","",""
"08/10/2023 08:00:00 - 08/10/2023 09:00:00","BZN|EE","Without Sequence","1.36","",""
"08/10/2023 09:00:00 - 08/10/2023 10:00:00","BZN|EE","Without Sequence","1.30","",""
"08/10/2023 10:00:00 - 08/10/2023 11:00:00","BZN|EE","Without Sequence","1.32","",""
"08/10/2023 11:00:00 - 08/10/2023 12:00:00","BZN|EE","Without Sequence","1.35","",""
"08/10/2023 12:00:00 - 08/10/2023 13:00:00","BZN|EE","Without Sequence","1.64","",""
"08/10/2023 13:00:00 - 08/10/2023 14:00:00","BZN|EE","Without Sequence","2.50","",""
"08/10/2023 14:00:00 - 08/10/2023 15:00:00","BZN|EE","Without Sequence","3.33","",""
"08/10/2023 15:00:00 - 08/10/2023 16:00:00","BZN|EE","Without Sequence","70.03","",""
"08/10/2023 16:00:00 - 08/10/2023 17:00:00","BZN|EE","Without Sequence","80.06","",""
"08/10/2023 17:00:00 - 08/10/2023 18:00:00","BZN|EE","Without Sequence","80.05","",""
"08/10/2023 18:00:00 - 08/10/2023 19:00:00","BZN|EE","Without Sequence","70.08","",""
"08/10/2023 19:00:00 - 08/10/2023 20:00:00","BZN|EE","Without Sequence","33.08","",""
"08/10/2023 20:00:00 - 08/10/2023 21:00:00","BZN|EE","Without Sequence","6.05","",""
"08/10/2023 21:00:00 - 08/10/2023 22:00:00","BZN|EE","Without Sequence","4.99","",""
"08/10/2023 22:00:00 - 08/10/2023 23:00:00","BZN|EE","Without Sequence","4.73","",""
"08/10/2023 23:00:00 - 09/10/2023 00:00:00","BZN|EE","Without Sequence","3.76","",""
"09/10/2023 00:00:00 - 09/10/2023 01:00:00","BZN|EE","Without Sequence","3.90","",""
"09/10/2023 01:00:00 - 09/10/2023 02:00:00","BZN|EE","Without Sequence","6.08","",""
"09/10/2023 02:00:00 - 09/10/2023 03:00:00","BZN|EE","Without Sequence","40.01","",""
"09/10/2023 03:00:00 - 09/10/2023 04:00:00","BZN|EE","Without Sequence","79.05","",""
"09/10/2023 04:00:00 - 09/10/2023 05:00:00","BZN|EE","Without Sequence","132.39","",""
"09/10/2023 05:00:00 - 09/10/2023 06:00:00","BZN|EE","Without Sequence","169.15","",""
"09/10/2023 06:00:00 - 09/10/2023 07:00:00","BZN|EE","Without Sequence","169.07","",""
"09/10/2023 07:00:00 - 09/10/2023 08:00:00","BZN|EE","Without Sequence","143.34","",""
"09/10/2023 08:00:00 - 09/10/2023 09:00:00","BZN|EE","Without Sequence","118.07","",""
"09/10/2023 09:00:00 - 09/10/2023 10:00:00","BZN|EE","Without Sequence","105.36","",""
"09/10/2023 10:00:00 - 09/10/2023 11:00:00","BZN|EE","Without Sequence","105.02","",""
"09/10/2023 11:00:00 - 09/10/2023 12:00:00","BZN|EE","Without Sequence","105.03","",""
"09/10/2023 12:00:00 - 09/10/2023 13:00:00","BZN|EE","Without Sequence","105.04","",""
"09/10/2023 13:00:00 - 09/10/2023 14:00:00","BZN|EE","Without Sequence","107.28","",""
"09/10/2023 14:00:00 - 09/10/2023 15:00:00","BZN|EE","Without Sequence","110.31","",""
"09/10/2023 15:00:00 - 09/10/2023 16:00:00","BZN|EE","Without Sequence","129.32","",""
"09/10/2023 16:00:00 - 09/10/2023 17:00:00","BZN|EE","Without Sequence","189.22","",""
"09/10/2023 17:00:00 - 09/10/2023 18:00:00","BZN|EE","Without Sequence","221.70","",""
"09/10/2023 18:00:00 - 09/10/2023 19:00:00","BZN|EE","Without Sequence","180.07","",""
"09/10/2023 19:00:00 - 09/10/2023 20:00:00","BZN|EE","Without Sequence","129.57","",""
"09/10/2023 20:00:00 - 09/10/2023 21:00:00","BZN|EE","Without Sequence","120.00","",""
"09/10/2023 21:00:00 - 09/10/2023 22:00:00","BZN|EE","Without Sequence","92.48","",""
"09/10/2023 22:00:00 - 09/10/2023 23:00:00","BZN|EE","Without Sequence","104.00","",""
"09/10/2023 23:00:00 - 10/10/2023 00:00:00","BZN|EE","Without Sequence","100.60","",""
"10/10/2023 00:00:00 - 10/10/2023 01:00:00","BZN|EE","Without Sequence","99.90","",""
"10/10/2023 01:00:00 - 10/10/2023 02:00:00","BZN|EE","Without Sequence","99.52","",""
"10/10/2023 02:00:00 - 10/10/2023 03:00:00","BZN|EE","Without Sequence","98.27","",""
"10/10/2023 03:00:00 - 10/10/2023 04:00:00","BZN|EE","Without Sequence","112.46","",""
"10/10/2023 04:00:00 - 10/10/2023 05:00:00","BZN|EE","Without Sequence","150.60","",""
"10/10/2023 05:00:00 - 10/10/2023 06:00:00","BZN|EE","Without Sequence","201.92","",""
"10/10/2023 06:00:00 - 10/10/2023 07:00:00","BZN|EE","Without Sequence","198.63","",""
"10/10/2023 07:00:00 - 10/10/2023 08:00:00","BZN|EE","Without Sequence","141.92","",""
"10/10/2023 08:00:00 - 10/10/2023 09:00:00","BZN|EE","Without Sequence","117.08","",""
"10/10/2023 09:00:00 - 10/10/2023 10:00:00","BZN|EE","Without Sequence","108.36","",""
"10/10/2023 10:00:00 - 10/10/2023 11:00:00","BZN|EE","Without Sequence","100.33","",""
"10/10/2023 11:00:00 - 10/10/2023 12:00:00","BZN|EE","Without Sequence","96.36","",""
"10/10/2023 12:00:00 - 10/10/2023 13:00:00","BZN|EE","Without Sequence","102.30","",""
"10/10/2023 13:00:00 - 10/10/2023 14:00:00","BZN|EE","Without Sequence","127.65","",""
"10/10/2023 14:00:00 - 10/10/2023 15:00:00","BZN|EE","Without Sequence","142.50","",""
"10/10/2023 15:00:00 - 10/10/2023 16:00:00","BZN|EE","Without Sequence","160.90","",""
"10/10/2023 16:00:00 - 10/10/2023 17:00:00","BZN|EE","Without Sequence","176.95","",""
"10/10/2023 17:00:00 - 10/10/2023 18:00:00","BZN|EE","Without Sequence","184.89","",""
"10/10/2023 18:00:00 - 10/10/2023 19:00:00","BZN|EE","Without Sequence","169.28","",""
"10/10/2023 19:00:00 - 10/10/2023 20:00:00","BZN|EE","Without Sequence","70.07","",""
"10/10/2023 20:00:00 - 10/10/2023 21:00:00","BZN|EE","Without Sequence","98.83","",""
"10/10/2023 21:00:00 - 10/10/2023 22:00:00","BZN|EE","Without Sequence","25.03","",""
"10/10/2023 22:00:00 - 10/10/2023 23:00:00","BZN|EE","Without Sequence","88.58","",""
"10/10/2023 23:00:00 - 11/10/2023 00:00:00","BZN|EE","Without Sequence","46.87","",""
"11/10/2023 00:00:00 - 11/10/2023 01:00:00","BZN|EE","Without Sequence","34.04","",""
"11/10/2023 01:00:00 - 11/10/2023 02:00:00","BZN|EE","Without Sequence","33.80","",""
"11/10/2023 02:00:00 - 11/10/2023 03:00:00","BZN|EE","Without Sequence","53.15","",""
"11/10/2023 03:00:00 - 11/10/2023 04:00:00","BZN|EE","Without Sequence","62.71","",""
"11/10/2023 04:00:00 - 11/10/2023 05:00:00","BZN|EE","Without Sequence","99.91","",""
"11/10/2023 05:00:00 - 11/10/2023 06:00:00","BZN|EE","Without Sequence","109.69","",""
"11/10/2023 06:00:00 - 11/10/2023 07:00:00","BZN|EE","Without Sequence","119.65","",""
"11/10/2023 07:00:00 - 11/10/2023 08:00:00","BZN|EE","Without Sequence","99.70","",""
"11/10/2023 08:00:00 - 11/10/2023 09:00:00","BZN|EE","Without Sequence","54.83","",""
"11/10/2023 09:00:00 - 11/10/2023 10:00:00","BZN|EE","Without Sequence","48.19","",""
"11/10/2023 10:00:00 - 11/10/2023 11:00:00","BZN|EE","Without Sequence","47.42","",""
"11/10/2023 11:00:00 - 11/10/2023 12:00:00","BZN|EE","Without Sequence","42.16","",""
"11/10/2023 12:00:00 - 11/10/2023 13:00:00","BZN|EE","Without Sequence","47.09","",""
"11/10/2023 13:00:00 - 11/10/2023 14:00:00","BZN|EE","Without Sequence","48.23","",""
"11/10/2023 14:00:00 - 11/10/2023 15:00:00","BZN|EE","Without Sequence","90.01","",""
"11/10/2023 15:00:00 - 11/10/2023 16:00:00","BZN|EE","Without Sequence","90.10","",""
"11/10/2023 16:00:00 - 11/10/2023 17:00:00","BZN|EE","Without Sequence","105.14","",""
"11/10/2023 17:00:00 - 11/10/2023 18:00:00","BZN|EE","Without Sequence","90.75","",""
"11/10/2023 18:00:00 - 11/10/2023 19:00:00","BZN|EE","Without Sequence","90.01","",""
"11/10/2023 19:00:00 - 11/10/2023 20:00:00","BZN|EE","Without Sequence","40.00","",""
"11/10/2023 20:00:00 - 11/10/2023 21:00:00","BZN|EE","Without Sequence","13.97","",""
"11/10/2023 21:00:00 - 11/10/2023 22:00:00","BZN|EE","Without Sequence","25.01","",""
"11/10/2023 22:00:00 - 11/10/2023 23:00:00","BZN|EE","Without Sequence","9.30","",""
"11/10/2023 23:00:00 - 12/10/2023 00:00:00","BZN|EE","Without Sequence","7.59","",""
"12/10/2023 00:00:00 - 12/10/2023 01:00:00","BZN|EE","Without Sequence","5.68","",""
"12/10/2023 01:00:00 - 12/10/2023 02:00:00","BZN|EE","Without Sequence","7.01","",""
"12/10/2023 02:00:00 - 12/10/2023 03:00:00","BZN|EE","Without Sequence","24.08","",""
"12/10/2023 03:00:00 - 12/10/2023 04:00:00","BZN|EE","Without Sequence","40.01","",""
"12/10/2023 04:00:00 - 12/10/2023 05:00:00","BZN|EE","Without Sequence","33.05","",""
"12/10/2023 05:00:00 - 12/10/2023 06:00:00","BZN|EE","Without Sequence","133.88","",""
"12/10/2023 06:00:00 - 12/10/2023 07:00:00","BZN|EE","Without Sequence","120.09","",""
"12/10/2023 07:00:00 - 12/10/2023 08:00:00","BZN|EE","Without Sequence","33.03","",""
"12/10/2023 08:00:00 - 12/10/2023 09:00:00","BZN|EE","Without Sequence","90.06","",""
"12/10/2023 09:00:00 - 12/10/2023 10:00:00","BZN|EE","Without Sequence","7.90","",""
"12/10/2023 10:00:00 - 12/10/2023 11:00:00","BZN|EE","Without Sequence","7.63","",""
"12/10/2023 11:00:00 - 12/10/2023 12:00:00","BZN|EE","Without Sequence","52.79","",""
"12/10/2023 12:00:00 - 12/10/2023 13:00:00","BZN|EE","Without Sequence","9.65","",""
"12/10/2023 13:00:00 - 12/10/2023 14:00:00","BZN|EE","Without Sequence","6.12","",""
"12/10/2023 14:00:00 - 12/10/2023 15:00:00","BZN|EE","Without Sequence","89.01","",""
"12/10/2023 15:00:00 - 12/10/2023 16:00:00","BZN|EE","Without Sequence","90.04","",""
"12/10/2023 16:00:00 - 12/10/2023 17:00:00","BZN|EE","Without Sequence","120.06","",""
"12/10/2023 17:00:00 - 12/10/2023 18:00:00","BZN|EE","Without Sequence","90.06","",""
"12/10/2023 18:00:00 - 12/10/2023 19:00:00","BZN|EE","Without Sequence","89.04","",""
"12/10/2023 19:00:00 - 12/10/2023 20:00:00","BZN|EE","Without Sequence","20.69","",""
"12/10/2023 20:00:00 - 12/10/2023 21:00:00","BZN|EE","Without Sequence","15.06","",""
"12/10/2023 21:00:00 - 12/10/2023 22:00:00","BZN|EE","Without Sequence","30.01","",""
"12/10/2023 22:00:00 - 12/10/2023 23:00:00","BZN|EE","Without Sequence","123.99","",""
"12/10/2023 23:00:00 - 13/10/2023 00:00:00","BZN|EE","Without Sequence","60.10","",""
"13/10/2023 00:00:00 - 13/10/2023 01:00:00","BZN|EE","Without Sequence","107.14","",""
"13/10/2023 01:00:00 - 13/10/2023 02:00:00","BZN|EE","Without Sequence","101.40","",""
"13/10/2023 02:00:00 - 13/10/2023 03:00:00","BZN|EE","Without Sequence","60.09","",""
"13/10/2023 03:00:00 - 13/10/2023 04:00:00","BZN|EE","Without Sequence","109.36","",""
"13/10/2023 04:00:00 - 13/10/2023 05:00:00","BZN|EE","Without Sequence","147.93","",""
"13/10/2023 05:00:00 - 13/10/2023 06:00:00","BZN|EE","Without Sequence","170.43","",""
"13/10/2023 06:00:00 - 13/10/2023 07:00:00","BZN|EE","Without Sequence","148.06","",""
"13/10/2023 07:00:00 - 13/10/2023 08:00:00","BZN|EE","Without Sequence","132.05","",""
"13/10/2023 08:00:00 - 13/10/2023 09:00:00","BZN|EE","Without Sequence","100.34","",""
"13/10/2023 09:00:00 - 13/10/2023 10:00:00","BZN|EE","Without Sequence","75.14","",""
"13/10/2023 10:00:00 - 13/10/2023 11:00:00","BZN|EE","Without Sequence","61.92","",""
"13/10/2023 11:00:00 - 13/10/2023 12:00:00","BZN|EE","Without Sequence","54.65","",""
"13/10/2023 12:00:00 - 13/10/2023 13:00:00","BZN|EE","Without Sequence","75.16","",""
"13/10/2023 13:00:00 - 13/10/2023 14:00:00","BZN|EE","Without Sequence","100.82","",""
"13/10/2023 14:00:00 - 13/10/2023 15:00:00","BZN|EE","Without Sequence","101.88","",""
"13/10/2023 15:00:00 - 13/10/2023 16:00:00","BZN|EE","Without Sequence","106.00","",""
"13/10/2023 16:00:00 - 13/10/2023 17:00:00","BZN|EE","Without Sequence","280.21","",""
"13/10/2023 17:00:00 - 13/10/2023 18:00:00","BZN|EE","Without Sequence","109.21","",""
"13/10/2023 18:00:00 - 13/10/2023 19:00:00","BZN|EE","Without Sequence","97.08","",""
"13/10/2023 19:00:00 - 13/10/2023 20:00:00","BZN|EE","Without Sequence","39.05","",""
"13/10/2023 20:00:00 - 13/10/2023 21:00:00","BZN|EE","Without Sequence","15.07","",""
"13/10/2023 21:00:00 - 13/10/2023 22:00:00","BZN|EE","Without Sequence","15.07","",""
"13/10/2023 22:00:00 - 13/10/2023 23:00:00","BZN|EE","Without Sequence","10.46","",""
"13/10/2023 23:00:00 - 14/10/2023 00:00:00","BZN|EE","Without Sequence","9.14","",""
"14/10/2023 00:00:00 - 14/10/2023 01:00:00","BZN|EE","Without Sequence","9.01","",""
"14/10/2023 01:00:00 - 14/10/2023 02:00:00","BZN|EE","Without Sequence","9.16","",""
"14/10/2023 02:00:00 - 14/10/2023 03:00:00","BZN|EE","Without Sequence","5.45","",""
"14/10/2023 03:00:00 - 14/10/2023 04:00:00","BZN|EE","Without Sequence","0.00","",""
"14/10/2023 04:00:00 - 14/10/2023 05:00:00","BZN|EE","Without Sequence","1.77","",""
"14/10/2023 05:00:00 - 14/10/2023 06:00:00","BZN|EE","Without Sequence","10.56","",""
"14/10/2023 06:00:00 - 14/10/2023 07:00:00","BZN|EE","Without Sequence","3.34","",""
"14/10/2023 07:00:00 - 14/10/2023 08:00:00","BZN|EE","Without Sequence","38.27","",""
"14/10/2023 08:00:00 - 14/10/2023 09:00:00","BZN|EE","Without Sequence","27.49","",""
"14/10/2023 09:00:00 - 14/10/2023 10:00:00","BZN|EE","Without Sequence","15.69","",""
"14/10/2023 10:00:00 - 14/10/2023 11:00:00","BZN|EE","Without Sequence","14.87","",""
"14/10/2023 11:00:00 - 14/10/2023 12:00:00","BZN|EE","Without Sequence","6.81","",""
"14/10/2023 12:00:00 - 14/10/2023 13:00:00","BZN|EE","Without Sequence","15.95","",""
"14/10/2023 13:00:00 - 14/10/2023 14:00:00","BZN|EE","Without Sequence","15.49","",""
"14/10/2023 14:00:00 - 14/10/2023 15:00:00","BZN|EE","Without Sequence","0.06","",""
"14/10/2023 15:00:00 - 14/10/2023 16:00:00","BZN|EE","Without Sequence","55.18","",""
"14/10/2023 16:00:00 - 14/10/2023 17:00:00","BZN|EE","Without Sequence","97.00","",""
"14/10/2023 17:00:00 - 14/10/2023 18:00:00","BZN|EE","Without Sequence","82.61","",""
"14/10/2023 18:00:00 - 14/10/2023 19:00:00","BZN|EE","Without Sequence","64.18","",""
"14/10/2023 19:00:00 - 14/10/2023 20:00:00","BZN|EE","Without Sequence","5.08","",""
"14/10/2023 20:00:00 - 14/10/2023 21:00:00","BZN|EE","Without Sequence","5.09","",""
"14/10/2023 21:00:00 - 14/10/2023 22:00:00","BZN|EE","Without Sequence","7.15","",""
"14/10/2023 22:00:00 - 14/10/2023 23:00:00","BZN|EE","Without Sequence","-4.37","",""
"14/10/2023 23:00:00 - 15/10/2023 00:00:00","BZN|EE","Without Sequence","-4.40","",""
"15/10/2023 00:00:00 - 15/10/2023 01:00:00","BZN|EE","Without Sequence","-4.43","",""
"15/10/2023 01:00:00 - 15/10/2023 02:00:00","BZN|EE","Without Sequence","-4.35","",""
"15/10/2023 02:00:00 - 15/10/2023 03:00:00","BZN|EE","Without Sequence","-4.33","",""
"15/10/2023 03:00:00 - 15/10/2023 04:00:00","BZN|EE","Without Sequence","-3.97","",""
"15/10/2023 04:00:00 - 15/10/2023 05:00:00","BZN|EE","Without Sequence","-0.84","",""
"15/10/2023 05:00:00 - 15/10/2023 06:00:00","BZN|EE","Without Sequence","-3.01","",""
"15/10/2023 06:00:00 - 15/10/2023 07:00:00","BZN|EE","Without Sequence","-2.61","",""
"15/10/2023 07:00:00 - 15/10/2023 08:00:00","BZN|EE","Without Sequence","-3.03","",""
"15/10/2023 08:00:00 - 15/10/2023 09:00:00","BZN|EE","Without Sequence","-3.01","",""
"15/10/2023 09:00:00 - 15/10/2023 10:00:00","BZN|EE","Without Sequence","-3.04","",""
"15/10/2023 10:00:00 - 15/10/2023 11:00:00","BZN|EE","Without Sequence","-3.07","",""
"15/10/2023 11:00:00 - 15/10/2023 12:00:00","BZN|EE","Without Sequence","-3.06","",""
"15/10/2023 12:00:00 - 15/10/2023 13:00:00","BZN|EE","Without Sequence","-2.61","",""
"15/10/2023 13:00:00 - 15/10/2023 14:00:00","BZN|EE","Without Sequence","-2.10","",""
"15/10/2023 14:00:00 - 15/10/2023 15:00:00","BZN|EE","Without Sequence","-0.59","",""
"15/10/2023 15:00:00 - 15/10/2023 16:00:00","BZN|EE","Without Sequence","39.43","",""
"15/10/2023 16:00:00 - 15/10/2023 17:00:00","BZN|EE","Without Sequence","134.41","",""
"15/10/2023 17:00:00 - 15/10/2023 18:00:00","BZN|EE","Without Sequence","127.16","",""
"15/10/2023 18:00:00 - 15/10/2023 19:00:00","BZN|EE","Without Sequence","130.02","",""
"15/10/2023 19:00:00 - 15/10/2023 20:00:00","BZN|EE","Without Sequence","91.49","",""
"15/10/2023 20:00:00 - 15/10/2023 21:00:00","BZN|EE","Without Sequence","72.55","",""
"15/10/2023 21:00:00 - 15/10/2023 22:00:00","BZN|EE","Without Sequence","44.85","",""
"15/10/2023 22:00:00 - 15/10/2023 23:00:00","BZN|EE","Without Sequence","64.69","",""
"15/10/2023 23:00:00 - 16/10/2023 00:00:00","BZN|EE","Without Sequence","55.95","",""
"16/10/2023 00:00:00 - 16/10/2023 01:00:00","BZN|EE","Without Sequence","57.31","",""
"16/10/2023 01:00:00 - 16/10/2023 02:00:00","BZN|EE","Without Sequence","46.48","",""
"16/10/2023 02:00:00 - 16/10/2023 03:00:00","BZN|EE","Without Sequence","69.42","",""
"16/10/2023 03:00:00 - 16/10/2023 04:00:00","BZN|EE","Without Sequence","97.65","",""
"16/10/2023 04:00:00 - 16/10/2023 05:00:00","BZN|EE","Without Sequence","139.56","",""
"16/10/2023 05:00:00 - 16/10/2023 06:00:00","BZN|EE","Without Sequence","159.37","",""
"16/10/2023 06:00:00 - 16/10/2023 07:00:00","BZN|EE","Without Sequence","162.35","",""
"16/10/2023 07:00:00 - 16/10/2023 08:00:00","BZN|EE","Without Sequence","143.50","",""
"16/10/2023 08:00:00 - 16/10/2023 09:00:00","BZN|EE","Without Sequence","117.00","",""
"16/10/2023 09:00:00 - 16/10/2023 10:00:00","BZN|EE","Without Sequence","105.44","",""
"16/10/2023 10:00:00 - 16/10/2023 11:00:00","BZN|EE","Without Sequence","103.47","",""
"16/10/2023 11:00:00 - 16/10/2023 12:00:00","BZN|EE","Without Sequence","94.79","",""
"16/10/2023 12:00:00 - 16/10/2023 13:00:00","BZN|EE","Without Sequence","109.49","",""
"16/10/2023 13:00:00 - 16/10/2023 14:00:00","BZN|EE","Without Sequence","116.75","",""
"16/10/2023 14:00:00 - 16/10/2023 15:00:00","BZN|EE","Without Sequence","138.96","",""
"16/10/2023 15:00:00 - 16/10/2023 16:00:00","BZN|EE","Without Sequence","171.72","",""
"16/10/2023 16:00:00 - 16/10/2023 17:00:00","BZN|EE","Without Sequence","203.87","",""
"16/10/2023 17:00:00 - 16/10/2023 18:00:00","BZN|EE","Without Sequence","200.04","",""
"16/10/2023 18:00:00 - 16/10/2023 19:00:00","BZN|EE","Without Sequence","110.04","",""
"16/10/2023 19:00:00 - 16/10/2023 20:00:00","BZN|EE","Without Sequence","120.01","",""
"16/10/2023 20:00:00 - 16/10/2023 21:00:00","BZN|EE","Without Sequence","35.08","",""
"16/10/2023 21:00:00 - 16/10/2023 22:00:00","BZN|EE","Without Sequence","50.01","",""
"16/10/2023 22:00:00 - 16/10/2023 23:00:00","BZN|EE","Without Sequence","50.04","",""
"16/10/2023 23:00:00 - 17/10/2023 00:00:00","BZN|EE","Without Sequence","50.01","",""
"17/10/2023 00:00:00 - 17/10/2023 01:00:00","BZN|EE","Without Sequence","9.93","",""
"17/10/2023 01:00:00 - 17/10/2023 02:00:00","BZN|EE","Without Sequence","5.84","",""
"17/10/2023 02:00:00 - 17/10/2023 03:00:00","BZN|EE","Without Sequence","30.01","",""
"17/10/2023 03:00:00 - 17/10/2023 04:00:00","BZN|EE","Without Sequence","121.65","",""
"17/10/2023 04:00:00 - 17/10/2023 05:00:00","BZN|EE","Without Sequence","156.26","",""
"17/10/2023 05:00:00 - 17/10/2023 06:00:00","BZN|EE","Without Sequence","176.40","",""
"17/10/2023 06:00:00 - 17/10/2023 07:00:00","BZN|EE","Without Sequence","191.13","",""
"17/10/2023 07:00:00 - 17/10/2023 08:00:00","BZN|EE","Without Sequence","159.11","",""
"17/10/2023 08:00:00 - 17/10/2023 09:00:00","BZN|EE","Without Sequence","134.58","",""
"17/10/2023 09:00:00 - 17/10/2023 10:00:00","BZN|EE","Without Sequence","111.41","",""
"17/10/2023 10:00:00 - 17/10/2023 11:00:00","BZN|EE","Without Sequence","107.05","",""
"17/10/2023 11:00:00 - 17/10/2023 12:00:00","BZN|EE","Without Sequence","102.97","",""
"17/10/2023 12:00:00 - 17/10/2023 13:00:00","BZN|EE","Without Sequence","111.74","",""
"17/10/2023 13:00:00 - 17/10/2023 14:00:00","BZN|EE","Without Sequence","122.19","",""
"17/10/2023 14:00:00 - 17/10/2023 15:00:00","BZN|EE","Without Sequence","155.34","",""
"17/10/2023 15:00:00 - 17/10/2023 16:00:00","BZN|EE","Without Sequence","174.29","",""
"17/10/2023 16:00:00 - 17/10/2023 17:00:00","BZN|EE","Without Sequence","176.55","",""
"17/10/2023 17:00:00 - 17/10/2023 18:00:00","BZN|EE","Without Sequence","174.18","",""
"17/10/2023 18:00:00 - 17/10/2023 19:00:00","BZN|EE","Without Sequence","110.01","",""
"17/10/2023 19:00:00 - 17/10/2023 20:00:00","BZN|EE","Without Sequence","130.03","",""
"17/10/2023 20:00:00 - 17/10/2023 21:00:00","BZN|EE","Without Sequence","15.99","",""
"17/10/2023 21:00:00 - 17/10/2023 22:00:00","BZN|EE","Without Sequence","10.08","",""
"17/10/2023 22:00:00 - 17/10/2023 23:00:00","BZN|EE","Without Sequence","7.38","",""
"17/10/2023 23:00:00 - 18/10/2023 00:00:00","BZN|EE","Without Sequence","30.03","",""
"18/10/2023 00:00:00 - 18/10/2023 01:00:00","BZN|EE","Without Sequence","30.01","",""
"18/10/2023 01:00:00 - 18/10/2023 02:00:00","BZN|EE","Without Sequence","14.97","",""
"18/10/2023 02:00:00 - 18/10/2023 03:00:00","BZN|EE","Without Sequence","8.00","",""
"18/10/2023 03:00:00 - 18/10/2023 04:00:00","BZN|EE","Without Sequence","100.96","",""
"18/10/2023 04:00:00 - 18/10/2023 05:00:00","BZN|EE","Without Sequence","126.20","",""
"18/10/2023 05:00:00 - 18/10/2023 06:00:00","BZN|EE","Without Sequence","176.36","",""
"18/10/2023 06:00:00 - 18/10/2023 07:00:00","BZN|EE","Without Sequence","156.82","",""
"18/10/2023 07:00:00 - 18/10/2023 08:00:00","BZN|EE","Without Sequence","115.66","",""
"18/10/2023 08:00:00 - 18/10/2023 09:00:00","BZN|EE","Without Sequence","84.58","",""
"18/10/2023 09:00:00 - 18/10/2023 10:00:00","BZN|EE","Without Sequence","76.92","",""
"18/10/2023 10:00:00 - 18/10/2023 11:00:00","BZN|EE","Without Sequence","70.09","",""
"18/10/2023 11:00:00 - 18/10/2023 12:00:00","BZN|EE","Without Sequence","64.00","",""
"18/10/2023 12:00:00 - 18/10/2023 13:00:00","BZN|EE","Without Sequence","72.95","",""
"18/10/2023 13:00:00 - 18/10/2023 14:00:00","BZN|EE","Without Sequence","95.32","",""
"18/10/2023 14:00:00 - 18/10/2023 15:00:00","BZN|EE","Without Sequence","146.46","",""
"18/10/2023 15:00:00 - 18/10/2023 16:00:00","BZN|EE","Without Sequence","161.26","",""
"18/10/2023 16:00:00 - 18/10/2023 17:00:00","BZN|EE","Without Sequence","165.04","",""
"18/10/2023 17:00:00 - 18/10/2023 18:00:00","BZN|EE","Without Sequence","129.39","",""
"18/10/2023 18:00:00 - 18/10/2023 19:00:00","BZN|EE","Without Sequence","120.02","",""
"18/10/2023 19:00:00 - 18/10/2023 20:00:00","BZN|EE","Without Sequence","143.66","",""
"18/10/2023 20:00:00 - 18/10/2023 21:00:00","BZN|EE","Without Sequence","90.07","",""
"18/10/2023 21:00:00 - 18/10/2023 22:00:00","BZN|EE","Without Sequence","40.01","",""
"18/10/2023 22:00:00 - 18/10/2023 23:00:00","BZN|EE","Without Sequence","29.25","",""
"18/10/2023 23:00:00 - 19/10/2023 00:00:00","BZN|EE","Without Sequence","2.91","",""
"19/10/2023 00:00:00 - 19/10/2023 01:00:00","BZN|EE","Without Sequence","6.99","",""
"19/10/2023 01:00:00 - 19/10/2023 02:00:00","BZN|EE","Without Sequence","7.41","",""
"19/10/2023 02:00:00 - 19/10/2023 03:00:00","BZN|EE","Without Sequence","2.45","",""
"19/10/2023 03:00:00 - 19/10/2023 04:00:00","BZN|EE","Without Sequence","91.20","",""
"19/10/2023 04:00:00 - 19/10/2023 05:00:00","BZN|EE","Without Sequence","119.41","",""
"19/10/2023 05:00:00 - 19/10/2023 06:00:00","BZN|EE","Without Sequence","136.12","",""
"19/10/2023 06:00:00 - 19/10/2023 07:00:00","BZN|EE","Without Sequence","136.52","",""
"19/10/2023 07:00:00 - 19/10/2023 08:00:00","BZN|EE","Without Sequence","127.00","",""
"19/10/2023 08:00:00 - 19/10/2023 09:00:00","BZN|EE","Without Sequence","122.51","",""
"19/10/2023 09:00:00 - 19/10/2023 10:00:00","BZN|EE","Without Sequence","123.82","",""
"19/10/2023 10:00:00 - 19/10/2023 11:00:00","BZN|EE","Without Sequence","124.50","",""
"19/10/2023 11:00:00 - 19/10/2023 12:00:00","BZN|EE","Without Sequence","119.04","",""
"19/10/2023 12:00:00 - 19/10/2023 13:00:00","BZN|EE","Without Sequence","118.86","",""
"19/10/2023 13:00:00 - 19/10/2023 14:00:00","BZN|EE","Without Sequence","124.08","",""
"19/10/2023 14:00:00 - 19/10/2023 15:00:00","BZN|EE","Without Sequence","134.25","",""
"19/10/2023 15:00:00 - 19/10/2023 16:00:00","BZN|EE","Without Sequence","135.36","",""
"19/10/2023 16:00:00 - 19/10/2023 17:00:00","BZN|EE","Without Sequence","135.97","",""
"19/10/2023 17:00:00 - 19/10/2023 18:00:00","BZN|EE","Without Sequence","127.43","",""
"19/10/2023 18:00:00 - 19/10/2023 19:00:00","BZN|EE","Without Sequence","116.42","",""
"19/10/2023 19:00:00 - 19/10/2023 20:00:00","BZN|EE","Without Sequence","89.19","",""
"19/10/2023 20:00:00 - 19/10/2023 21:00:00","BZN|EE","Without Sequence","96.96","",""
"19/10/2023 21:00:00 - 19/10/2023 22:00:00","BZN|EE","Without Sequence","40.01","",""
"19/10/2023 22:00:00 - 19/10/2023 23:00:00","BZN|EE","Without Sequence","77.07","",""
"19/10/2023 23:00:00 - 20/10/2023 00:00:00","BZN|EE","Without Sequence","65.54","",""
"20/10/2023 00:00:00 - 20/10/2023 01:00:00","BZN|EE","Without Sequence","55.85","",""
"20/10/2023 01:00:00 - 20/10/2023 02:00:00","BZN|EE","Without Sequence","22.57","",""
"20/10/2023 02:00:00 - 20/10/2023 03:00:00","BZN|EE","Without Sequence","6.74","",""
"20/10/2023 03:00:00 - 20/10/2023 04:00:00","BZN|EE","Without Sequence","38.16","",""
"20/10/2023 04:00:00 - 20/10/2023 05:00:00","BZN|EE","Without Sequence","95.26","",""
"20/10/2023 05:00:00 - 20/10/2023 06:00:00","BZN|EE","Without Sequence","98.62","",""
"20/10/2023 06:00:00 - 20/10/2023 07:00:00","BZN|EE","Without Sequence","106.77","",""
"20/10/2023 07:00:00 - 20/10/2023 08:00:00","BZN|EE","Without Sequence","124.76","",""
"20/10/2023 08:00:00 - 20/10/2023 09:00:00","BZN|EE","Without Sequence","99.68","",""
"20/10/2023 09:00:00 - 20/10/2023 10:00:00","BZN|EE","Without Sequence","33.10","",""
"20/10/2023 10:00:00 - 20/10/2023 11:00:00","BZN|EE","Without Sequence","30.01","",""
"20/10/2023 11:00:00 - 20/10/2023 12:00:00","BZN|EE","Without Sequence","26.30","",""
"20/10/2023 12:00:00 - 20/10/2023 13:00:00","BZN|EE","Without Sequence","31.00","",""
"20/10/2023 13:00:00 - 20/10/2023 14:00:00","BZN|EE","Without Sequence","95.32","",""
"20/10/2023 14:00:00 - 20/10/2023 15:00:00","BZN|EE","Without Sequence","95.32","",""
"20/10/2023 15:00:00 - 20/10/2023 16:00:00","BZN|EE","Without Sequence","88.46","",""
"20/10/2023 16:00:00 - 20/10/2023 17:00:00","BZN|EE","Without Sequence","88.45","",""
"20/10/2023 17:00:00 - 20/10/2023 18:00:00","BZN|EE","Without Sequence","85.50","",""
"20/10/2023 18:00:00 - 20/10/2023 19:00:00","BZN|EE","Without Sequence","81.70","",""
"20/10/2023 19:00:00 - 20/10/2023 20:00:00","BZN|EE","Without Sequence","73.35","",""
"20/10/2023 20:00:00 - 20/10/2023 21:00:00","BZN|EE","Without Sequence","40.01","",""
"20/10/2023 21:00:00 - 20/10/2023 22:00:00","BZN|EE","Without Sequence","10.04","",""
"20/10/2023 22:00:00 - 20/10/2023 23:00:00","BZN|EE","Without Sequence","7.26","",""
"20/10/2023 23:00:00 - 21/10/2023 00:00:00","BZN|EE","Without Sequence","37.27","",""
"21/10/2023 00:00:00 - 21/10/2023 01:00:00","BZN|EE","Without Sequence","39.74","",""
"21/10/2023 01:00:00 - 21/10/2023 02:00:00","BZN|EE","Without Sequence","33.67","",""
"21/10/2023 02:00:00 - 21/10/2023 03:00:00","BZN|EE","Without Sequence","36.43","",""
"21/10/2023 03:00:00 - 21/10/2023 04:00:00","BZN|EE","Without Sequence","34.60","",""
"21/10/2023 04:00:00 - 21/10/2023 05:00:00","BZN|EE","Without Sequence","43.35","",""
"21/10/2023 05:00:00 - 21/10/2023 06:00:00","BZN|EE","Without Sequence","66.82","",""
"21/10/2023 06:00:00 - 21/10/2023 07:00:00","BZN|EE","Without Sequence","74.57","",""
"21/10/2023 07:00:00 - 21/10/2023 08:00:00","BZN|EE","Without Sequence","58.62","",""
"21/10/2023 08:00:00 - 21/10/2023 09:00:00","BZN|EE","Without Sequence","9.96","",""
"21/10/2023 09:00:00 - 21/10/2023 10:00:00","BZN|EE","Without Sequence","31.10","",""
"21/10/2023 10:00:00 - 21/10/2023 11:00:00","BZN|EE","Without Sequence","20.80","",""
"21/10/2023 11:00:00 - 21/10/2023 12:00:00","BZN|EE","Without Sequence","10.00","",""
"21/10/2023 12:00:00 - 21/10/2023 13:00:00","BZN|EE","Without Sequence","13.21","",""
"21/10/2023 13:00:00 - 21/10/2023 14:00:00","BZN|EE","Without Sequence","43.40","",""
"21/10/2023 14:00:00 - 21/10/2023 15:00:00","BZN|EE","Without Sequence","86.07","",""
"21/10/2023 15:00:00 - 21/10/2023 16:00:00","BZN|EE","Without Sequence","112.25","",""
"21/10/2023 16:00:00 - 21/10/2023 17:00:00","BZN|EE","Without Sequence","130.77","",""
"21/10/2023 17:00:00 - 21/10/2023 18:00:00","BZN|EE","Without Sequence","118.56","",""
"21/10/2023 18:00:00 - 21/10/2023 19:00:00","BZN|EE","Without Sequence","112.17","",""
"21/10/2023 19:00:00 - 21/10/2023 20:00:00","BZN|EE","Without Sequence","100.78","",""
"21/10/2023 20:00:00 - 21/10/2023 21:00:00","BZN|EE","Without Sequence","95.76","",""
"21/10/2023 21:00:00 - 21/10/2023 22:00:00","BZN|EE","Without Sequence","40.15","",""
"21/10/2023 22:00:00 - 21/10/2023 23:00:00","BZN|EE","Without Sequence","95.69","",""
"21/10/2023 23:00:00 - 22/10/2023 00:00:00","BZN|EE","Without Sequence","30.36","",""
"22/10/2023 00:00:00 - 22/10/2023 01:00:00","BZN|EE","Without Sequence","18.61","",""
"22/10/2023 01:00:00 - 22/10/2023 02:00:00","BZN|EE","Without Sequence","15.63","",""
"22/10/2023 02:00:00 - 22/10/2023 03:00:00","BZN|EE","Without Sequence","18.35","",""
"22/10/2023 03:00:00 - 22/10/2023 04:00:00","BZN|EE","Without Sequence","34.32","",""
"22/10/2023 04:00:00 - 22/10/2023 05:00:00","BZN|EE","Without Sequence","40.01","",""
"22/10/2023 05:00:00 - 22/10/2023 06:00:00","BZN|EE","Without Sequence","58.20","",""
"22/10/2023 06:00:00 - 22/10/2023 07:00:00","BZN|EE","Without Sequence","99.31","",""
"22/10/2023 07:00:00 - 22/10/2023 08:00:00","BZN|EE","Without Sequence","114.59","",""
"22/10/2023 08:00:00 - 22/10/2023 09:00:00","BZN|EE","Without Sequence","148.93","",""
"22/10/2023 09:00:00 - 22/10/2023 10:00:00","BZN|EE","Without Sequence","76.70","",""
"22/10/2023 10:00:00 - 22/10/2023 11:00:00","BZN|EE","Without Sequence","99.55","",""
"22/10/2023 11:00:00 - 22/10/2023 12:00:00","BZN|EE","Without Sequence","148.93","",""
"22/10/2023 12:00:00 - 22/10/2023 13:00:00","BZN|EE","Without Sequence","75.42","",""
"22/10/2023 13:00:00 - 22/10/2023 14:00:00","BZN|EE","Without Sequence","81.37","",""
"22/10/2023 14:00:00 - 22/10/2023 15:00:00","BZN|EE","Without Sequence","95.74","",""
"22/10/2023 15:00:00 - 22/10/2023 16:00:00","BZN|EE","Without Sequence","124.41","",""
"22/10/2023 16:00:00 - 22/10/2023 17:00:00","BZN|EE","Without Sequence","135.51","",""
"22/10/2023 17:00:00 - 22/10/2023 18:00:00","BZN|EE","Without Sequence","138.94","",""
"22/10/2023 18:00:00 - 22/10/2023 19:00:00","BZN|EE","Without Sequence","124.69","",""
"22/10/2023 19:00:00 - 22/10/2023 20:00:00","BZN|EE","Without Sequence","112.47","",""
"22/10/2023 20:00:00 - 22/10/2023 21:00:00","BZN|EE","Without Sequence","102.18","",""
"22/10/2023 21:00:00 - 22/10/2023 22:00:00","BZN|EE","Without Sequence","95.69","",""
"22/10/2023 22:00:00 - 22/10/2023 23:00:00","BZN|EE","Without Sequence","95.71","",""
"22/10/2023 23:00:00 - 23/10/2023 00:00:00","BZN|EE","Without Sequence","99.77","",""
"23/10/2023 00:00:00 - 23/10/2023 01:00:00","BZN|EE","Without Sequence","101.28","",""
"23/10/2023 01:00:00 - 23/10/2023 02:00:00","BZN|EE","Without Sequence","100.06","",""
"23/10/2023 02:00:00 - 23/10/2023 03:00:00","BZN|EE","Without Sequence","98.61","",""
"23/10/2023 03:00:00 - 23/10/2023 04:00:00","BZN|EE","Without Sequence","105.13","",""
"23/10/2023 04:00:00 - 23/10/2023 05:00:00","BZN|EE","Without Sequence","250.03","",""
"23/10/2023 05:00:00 - 23/10/2023 06:00:00","BZN|EE","Without Sequence","250.02","",""
"23/10/2023 06:00:00 - 23/10/2023 07:00:00","BZN|EE","Without Sequence","250.01","",""
"23/10/2023 07:00:00 - 23/10/2023 08:00:00","BZN|EE","Without Sequence","250.03","",""
"23/10/2023 08:00:00 - 23/10/2023 09:00:00","BZN|EE","Without Sequence","250.00","",""
"23/10/2023 09:00:00 - 23/10/2023 10:00:00","BZN|EE","Without Sequence","199.99","",""
"23/10/2023 10:00:00 - 23/10/2023 11:00:00","BZN|EE","Without Sequence","190.10","",""
"23/10/2023 11:00:00 - 23/10/2023 12:00:00","BZN|EE","Without Sequence","190.08","",""
"23/10/2023 12:00:00 - 23/10/2023 13:00:00","BZN|EE","Without Sequence","190.07","",""
"23/10/2023 13:00:00 - 23/10/2023 14:00:00","BZN|EE","Without Sequence","190.01","",""
"23/10/2023 14:00:00 - 23/10/2023 15:00:00","BZN|EE","Without Sequence","175.04","",""
"23/10/2023 15:00:00 - 23/10/2023 16:00:00","BZN|EE","Without Sequence","180.35","",""
"23/10/2023 16:00:00 - 23/10/2023 17:00:00","BZN|EE","Without Sequence","177.51","",""
"23/10/2023 17:00:00 - 23/10/2023 18:00:00","BZN|EE","Without Sequence","173.60","",""
"23/10/2023 18:00:00 - 23/10/2023 19:00:00","BZN|EE","Without Sequence","171.54","",""
"23/10/2023 19:00:00 - 23/10/2023 20:00:00","BZN|EE","Without Sequence","150.39","",""
"23/10/2023 20:00:00 - 23/10/2023 21:00:00","BZN|EE","Without Sequence","132.43","",""
"23/10/2023 21:00:00 - 23/10/2023 22:00:00","BZN|EE","Without Sequence","102.84","",""
"23/10/2023 22:00:00 - 23/10/2023 23:00:00","BZN|EE","Without Sequence","120.00","",""
"23/10/2023 23:00:00 - 24/10/2023 00:00:00","BZN|EE","Without Sequence","108.41","",""
"24/10/2023 00:00:00 - 24/10/2023 01:00:00","BZN|EE","Without Sequence","94.54","",""
"24/10/2023 01:00:00 - 24/10/2023 02:00:00","BZN|EE","Without Sequence","120.01","",""
"24/10/2023 02:00:00 - 24/10/2023 03:00:00","BZN|EE","Without Sequence","120.08","",""
"24/10/2023 03:00:00 - 24/10/2023 04:00:00","BZN|EE","Without Sequence","180.95","",""
"24/10/2023 04:00:00 - 24/10/2023 05:00:00","BZN|EE","Without Sequence","158.95","",""
"24/10/2023 05:00:00 - 24/10/2023 06:00:00","BZN|EE","Without Sequence","165.10","",""
"24/10/2023 06:00:00 - 24/10/2023 07:00:00","BZN|EE","Without Sequence","165.06","",""
"24/10/2023 07:00:00 - 24/10/2023 08:00:00","BZN|EE","Without Sequence","136.35","",""
"24/10/2023 08:00:00 - 24/10/2023 09:00:00","BZN|EE","Without Sequence","128.37","",""
"24/10/2023 09:00:00 - 24/10/2023 10:00:00","BZN|EE","Without Sequence","125.00","",""
"24/10/2023 10:00:00 - 24/10/2023 11:00:00","BZN|EE","Without Sequence","118.99","",""
"24/10/2023 11:00:00 - 24/10/2023 12:00:00","BZN|EE","Without Sequence","117.79","",""
"24/10/2023 12:00:00 - 24/10/2023 13:00:00","BZN|EE","Without Sequence","135.22","",""
"24/10/2023 13:00:00 - 24/10/2023 14:00:00","BZN|EE","Without Sequence","210.00","",""
"24/10/2023 14:00:00 - 24/10/2023 15:00:00","BZN|EE","Without Sequence","210.00","",""
"24/10/2023 15:00:00 - 24/10/2023 16:00:00","BZN|EE","Without Sequence","182.51","",""
"24/10/2023 16:00:00 - 24/10/2023 17:00:00","BZN|EE","Without Sequence","165.08","",""
"24/10/2023 17:00:00 - 24/10/2023 18:00:00","BZN|EE","Without Sequence","157.64","",""
"24/10/2023 18:00:00 - 24/10/2023 19:00:00","BZN|EE","Without Sequence","133.45","",""
"24/10/2023 19:00:00 - 24/10/2023 20:00:00","BZN|EE","Without Sequence","119.31","",""
"24/10/2023 20:00:00 - 24/10/2023 21:00:00","BZN|EE","Without Sequence","114.10","",""
"24/10/2023 21:00:00 - 24/10/2023 22:00:00","BZN|EE","Without Sequence","102.78","",""
"24/10/2023 22:00:00 - 24/10/2023 23:00:00","BZN|EE","Without Sequence","99.07","",""
"24/10/2023 23:00:00 - 25/10/2023 00:00:00","BZN|EE","Without Sequence","94.56","",""
"25/10/2023 00:00:00 - 25/10/2023 01:00:00","BZN|EE","Without Sequence","89.45","",""
"25/10/2023 01:00:00 - 25/10/2023 02:00:00","BZN|EE","Without Sequence","86.06","",""
"25/10/2023 02:00:00 - 25/10/2023 03:00:00","BZN|EE","Without Sequence","87.85","",""
"25/10/2023 03:00:00 - 25/10/2023 04:00:00","BZN|EE","Without Sequence","95.62","",""
"25/10/2023 04:00:00 - 25/10/2023 05:00:00","BZN|EE","Without Sequence","124.32","",""
"25/10/2023 05:00:00 - 25/10/2023 06:00:00","BZN|EE","Without Sequence","162.06","",""
"25/10/2023 06:00:00 - 25/10/2023 07:00:00","BZN|EE","Without Sequence","162.04","",""
"25/10/2023 07:00:00 - 25/10/2023 08:00:00","BZN|EE","Without Sequence","144.23","",""
"25/10/2023 08:00:00 - 25/10/2023 09:00:00","BZN|EE","Without Sequence","129.94","",""
"25/10/2023 09:00:00 - 25/10/2023 10:00:00","BZN|EE","Without Sequence","124.92","",""
"25/10/2023 10:00:00 - 25/10/2023 11:00:00","BZN|EE","Without Sequence","119.03","",""
"25/10/2023 11:00:00 - 25/10/2023 12:00:00","BZN|EE","Without Sequence","115.59","",""
"25/10/2023 12:00:00 - 25/10/2023 13:00:00","BZN|EE","Without Sequence","123.57","",""
"25/10/2023 13:00:00 - 25/10/2023 14:00:00","BZN|EE","Without Sequence","138.97","",""
"25/10/2023 14:00:00 - 25/10/2023 15:00:00","BZN|EE","Without Sequence","145.67","",""
"25/10/2023 15:00:00 - 25/10/2023 16:00:00","BZN|EE","Without Sequence","152.68","",""
"25/10/2023 16:00:00 - 25/10/2023 17:00:00","BZN|EE","Without Sequence","156.54","",""
"25/10/2023 17:00:00 - 25/10/2023 18:00:00","BZN|EE","Without Sequence","159.43","",""
"25/10/2023 18:00:00 - 25/10/2023 19:00:00","BZN|EE","Without Sequence","149.82","",""
"25/10/2023 19:00:00 - 25/10/2023 20:00:00","BZN|EE","Without Sequence","138.90","",""
"25/10/2023 20:00:00 - 25/10/2023 21:00:00","BZN|EE","Without Sequence","120.06","",""
"25/10/2023 21:00:00 - 25/10/2023 22:00:00","BZN|EE","Without Sequence","112.80","",""
"25/10/2023 22:00:00 - 25/10/2023 23:00:00","BZN|EE","Without Sequence","89.71","",""
"25/10/2023 23:00:00 - 26/10/2023 00:00:00","BZN|EE","Without Sequence","90.17","",""
"26/10/2023 00:00:00 - 26/10/2023 01:00:00","BZN|EE","Without Sequence","87.88","",""
"26/10/2023 01:00:00 - 26/10/2023 02:00:00","BZN|EE","Without Sequence","87.27","",""
"26/10/2023 02:00:00 - 26/10/2023 03:00:00","BZN|EE","Without Sequence","90.03","",""
"26/10/2023 03:00:00 - 26/10/2023 04:00:00","BZN|EE","Without Sequence","100.00","",""
"26/10/2023 04:00:00 - 26/10/2023 05:00:00","BZN|EE","Without Sequence","146.86","",""
"26/10/2023 05:00:00 - 26/10/2023 06:00:00","BZN|EE","Without Sequence","162.02","",""
"26/10/2023 06:00:00 - 26/10/2023 07:00:00","BZN|EE","Without Sequence","162.06","",""
"26/10/2023 07:00:00 - 26/10/2023 08:00:00","BZN|EE","Without Sequence","162.03","",""
"26/10/2023 08:00:00 - 26/10/2023 09:00:00","BZN|EE","Without Sequence","165.01","",""
"26/10/2023 09:00:00 - 26/10/2023 10:00:00","BZN|EE","Without Sequence","140.00","",""
"26/10/2023 10:00:00 - 26/10/2023 11:00:00","BZN|EE","Without Sequence","131.11","",""
"26/10/2023 11:00:00 - 26/10/2023 12:00:00","BZN|EE","Without Sequence","120.09","",""
"26/10/2023 12:00:00 - 26/10/2023 13:00:00","BZN|EE","Without Sequence","151.11","",""
"26/10/2023 13:00:00 - 26/10/2023 14:00:00","BZN|EE","Without Sequence","134.17","",""
"26/10/2023 14:00:00 - 26/10/2023 15:00:00","BZN|EE","Without Sequence","165.03","",""
"26/10/2023 15:00:00 - 26/10/2023 16:00:00","BZN|EE","Without Sequence","175.08","",""
"26/10/2023 16:00:00 - 26/10/2023 17:00:00","BZN|EE","Without Sequence","162.04","",""
"26/10/2023 17:00:00 - 26/10/2023 18:00:00","BZN|EE","Without Sequence","162.04","",""
"26/10/2023 18:00:00 - 26/10/2023 19:00:00","BZN|EE","Without Sequence","152.98","",""
"26/10/2023 19:00:00 - 26/10/2023 20:00:00","BZN|EE","Without Sequence","127.16","",""
"26/10/2023 20:00:00 - 26/10/2023 21:00:00","BZN|EE","Without Sequence","117.06","",""
"26/10/2023 21:00:00 - 26/10/2023 22:00:00","BZN|EE","Without Sequence","104.85","",""
"26/10/2023 22:00:00 - 26/10/2023 23:00:00","BZN|EE","Without Sequence","104.56","",""
"26/10/2023 23:00:00 - 27/10/2023 00:00:00","BZN|EE","Without Sequence","97.19","",""
"27/10/2023 00:00:00 - 27/10/2023 01:00:00","BZN|EE","Without Sequence","94.04","",""
"27/10/2023 01:00:00 - 27/10/2023 02:00:00","BZN|EE","Without Sequence","93.04","",""
"27/10/2023 02:00:00 - 27/10/2023 03:00:00","BZN|EE","Without Sequence","95.76","",""
"27/10/2023 03:00:00 - 27/10/2023 04:00:00","BZN|EE","Without Sequence","195.01","",""
"27/10/2023 04:00:00 - 27/10/2023 05:00:00","BZN|EE","Without Sequence","160.04","",""
"27/10/2023 05:00:00 - 27/10/2023 06:00:00","BZN|EE","Without Sequence","161.10","",""
"27/10/2023 06:00:00 - 27/10/2023 07:00:00","BZN|EE","Without Sequence","195.03","",""
"27/10/2023 07:00:00 - 27/10/2023 08:00:00","BZN|EE","Without Sequence","152.70","",""
"27/10/2023 08:00:00 - 27/10/2023 09:00:00","BZN|EE","Without Sequence","160.06","",""
"27/10/2023 09:00:00 - 27/10/2023 10:00:00","BZN|EE","Without Sequence","170.06","",""
"27/10/2023 10:00:00 - 27/10/2023 11:00:00","BZN|EE","Without Sequence","170.07","",""
"27/10/2023 11:00:00 - 27/10/2023 12:00:00","BZN|EE","Without Sequence","170.08","",""
"27/10/2023 12:00:00 - 27/10/2023 13:00:00","BZN|EE","Without Sequence","170.06","",""
"27/10/2023 13:00:00 - 27/10/2023 14:00:00","BZN|EE","Without Sequence","170.04","",""
"27/10/2023 14:00:00 - 27/10/2023 15:00:00","BZN|EE","Without Sequence","160.06","",""
"27/10/2023 15:00:00 - 27/10/2023 16:00:00","BZN|EE","Without Sequence","220.00","",""
"27/10/2023 16:00:00 - 27/10/2023 17:00:00","BZN|EE","Without Sequence","158.70","",""
"27/10/2023 17:00:00 - 27/10/2023 18:00:00","BZN|EE","Without Sequence","155.34","",""
"27/10/2023 18:00:00 - 27/10/2023 19:00:00","BZN|EE","Without Sequence","142.42","",""
"27/10/2023 19:00:00 - 27/10/2023 20:00:00","BZN|EE","Without Sequence","112.82","",""
"27/10/2023 20:00:00 - 27/10/2023 21:00:00","BZN|EE","Without Sequence","195.05","",""
"27/10/2023 21:00:00 - 27/10/2023 22:00:00","BZN|EE","Without Sequence","122.16","",""
"27/10/2023 22:00:00 - 27/10/2023 23:00:00","BZN|EE","Without Sequence","145.99","",""
"27/10/2023 23:00:00 - 28/10/2023 00:00:00","BZN|EE","Without Sequence","145.06","",""
"28/10/2023 00:00:00 - 28/10/2023 01:00:00","BZN|EE","Without Sequence","145.01","",""
"28/10/2023 01:00:00 - 28/10/2023 02:00:00","BZN|EE","Without Sequence","145.02","",""
"28/10/2023 02:00:00 - 28/10/2023 03:00:00","BZN|EE","Without Sequence","145.02","",""
"28/10/2023 03:00:00 - 28/10/2023 04:00:00","BZN|EE","Without Sequence","180.00","",""
"28/10/2023 04:00:00 - 28/10/2023 05:00:00","BZN|EE","Without Sequence","180.01","",""
"28/10/2023 05:00:00 - 28/10/2023 06:00:00","BZN|EE","Without Sequence","135.60","",""
"28/10/2023 06:00:00 - 28/10/2023 07:00:00","BZN|EE","Without Sequence","157.38","",""
"28/10/2023 07:00:00 - 28/10/2023 08:00:00","BZN|EE","Without Sequence","180.02","",""
"28/10/2023 08:00:00 - 28/10/2023 09:00:00","BZN|EE","Without Sequence","167.20","",""
"28/10/2023 09:00:00 - 28/10/2023 10:00:00","BZN|EE","Without Sequence","158.39","",""
"28/10/2023 10:00:00 - 28/10/2023 11:00:00","BZN|EE","Without Sequence","150.40","",""
"28/10/2023 11:00:00 - 28/10/2023 12:00:00","BZN|EE","Without Sequence","150.40","",""
"28/10/2023 12:00:00 - 28/10/2023 13:00:00","BZN|EE","Without Sequence","150.40","",""
"28/10/2023 13:00:00 - 28/10/2023 14:00:00","BZN|EE","Without Sequence","84.47","",""
"28/10/2023 14:00:00 - 28/10/2023 15:00:00","BZN|EE","Without Sequence","111.23","",""
"28/10/2023 15:00:00 - 28/10/2023 16:00:00","BZN|EE","Without Sequence","160.05","",""
"28/10/2023 16:00:00 - 28/10/2023 17:00:00","BZN|EE","Without Sequence","151.62","",""
"28/10/2023 17:00:00 - 28/10/2023 18:00:00","BZN|EE","Without Sequence","151.65","",""
"28/10/2023 18:00:00 - 28/10/2023 19:00:00","BZN|EE","Without Sequence","150.70","",""
"28/10/2023 19:00:00 - 28/10/2023 20:00:00","BZN|EE","Without Sequence","180.05","",""
"28/10/2023 20:00:00 - 28/10/2023 21:00:00","BZN|EE","Without Sequence","150.39","",""
"28/10/2023 21:00:00 - 28/10/2023 22:00:00","BZN|EE","Without Sequence","52.62","",""
"28/10/2023 22:00:00 - 28/10/2023 23:00:00","BZN|EE","Without Sequence","83.68","",""
"28/10/2023 23:00:00 - 29/10/2023 00:00:00","BZN|EE","Without Sequence","70.24","",""
"29/10/2023 00:00:00 - 29/10/2023 01:00:00","BZN|EE","Without Sequence","25.34","",""
"29/10/2023 01:00:00 - 29/10/2023 02:00:00","BZN|EE","Without Sequence","22.35","",""
"29/10/2023 02:00:00 - 29/10/2023 03:00:00","BZN|EE","Without Sequence","21.15","",""
"29/10/2023 03:00:00 - 29/10/2023 04:00:00","BZN|EE","Without Sequence","63.10","",""
"29/10/2023 04:00:00 - 29/10/2023 05:00:00","BZN|EE","Without Sequence","65.06","",""
"29/10/2023 05:00:00 - 29/10/2023 06:00:00","BZN|EE","Without Sequence","65.02","",""
"29/10/2023 06:00:00 - 29/10/2023 07:00:00","BZN|EE","Without Sequence","32.73","",""
"29/10/2023 07:00:00 - 29/10/2023 08:00:00","BZN|EE","Without Sequence","24.28","",""
"29/10/2023 08:00:00 - 29/10/2023 09:00:00","BZN|EE","Without Sequence","65.05","",""
"29/10/2023 09:00:00 - 29/10/2023 10:00:00","BZN|EE","Without Sequence","65.02","",""
"29/10/2023 10:00:00 - 29/10/2023 11:00:00","BZN|EE","Without Sequence","65.00","",""
"29/10/2023 11:00:00 - 29/10/2023 12:00:00","BZN|EE","Without Sequence","50.92","",""
"29/10/2023 12:00:00 - 29/10/2023 13:00:00","BZN|EE","Without Sequence","22.42","",""
"29/10/2023 13:00:00 - 29/10/2023 14:00:00","BZN|EE","Without Sequence","61.58","",""
"29/10/2023 14:00:00 - 29/10/2023 15:00:00","BZN|EE","Without Sequence","58.02","",""
"29/10/2023 15:00:00 - 29/10/2023 16:00:00","BZN|EE","Without Sequence","90.73","",""
"29/10/2023 16:00:00 - 29/10/2023 17:00:00","BZN|EE","Without Sequence","91.45","",""
"29/10/2023 17:00:00 - 29/10/2023 18:00:00","BZN|EE","Without Sequence","58.69","",""
"29/10/2023 18:00:00 - 29/10/2023 19:00:00","BZN|EE","Without Sequence","44.11","",""
"29/10/2023 19:00:00 - 29/10/2023 20:00:00","BZN|EE","Without Sequence","40.88","",""
"29/10/2023 20:00:00 - 29/10/2023 21:00:00","BZN|EE","Without Sequence","34.28","",""
"29/10/2023 21:00:00 - 29/10/2023 22:00:00","BZN|EE","Without Sequence","30.30","",""
"29/10/2023 22:00:00 - 29/10/2023 23:00:00","BZN|EE","Without Sequence","24.59","",""
"29/10/2023 23:00:00 - 30/10/2023 00:00:00","BZN|EE","Without Sequence","18.56","",""
"30/10/2023 00:00:00 - 30/10/2023 01:00:00","BZN|EE","Without Sequence","12.58","",""
"30/10/2023 01:00:00 - 30/10/2023 02:00:00","BZN|EE","Without Sequence","11.85","",""
"30/10/2023 02:00:00 - 30/10/2023 03:00:00","BZN|EE","Without Sequence","11.56","",""
"30/10/2023 03:00:00 - 30/10/2023 04:00:00","BZN|EE","Without Sequence","17.31","",""
"30/10/2023 04:00:00 - 30/10/2023 05:00:00","BZN|EE","Without Sequence","37.44","",""
"30/10/2023 05:00:00 - 30/10/2023 06:00:00","BZN|EE","Without Sequence","77.65","",""
"30/10/2023 06:00:00 - 30/10/2023 07:00:00","BZN|EE","Without Sequence","97.30","",""
"30/10/2023 07:00:00 - 30/10/2023 08:00:00","BZN|EE","Without Sequence","111.00","",""
"30/10/2023 08:00:00 - 30/10/2023 09:00:00","BZN|EE","Without Sequence","103.00","",""
"30/10/2023 09:00:00 - 30/10/2023 10:00:00","BZN|EE","Without Sequence","90.00","",""
"30/10/2023 10:00:00 - 30/10/2023 11:00:00","BZN|EE","Without Sequence","96.17","",""
"30/10/2023 11:00:00 - 30/10/2023 12:00:00","BZN|EE","Without Sequence","102.54","",""
"30/10/2023 12:00:00 - 30/10/2023 13:00:00","BZN|EE","Without Sequence","114.62","",""
"30/10/2023 13:00:00 - 30/10/2023 14:00:00","BZN|EE","Without Sequence","123.98","",""
"30/10/2023 14:00:00 - 30/10/2023 15:00:00","BZN|EE","Without Sequence","139.45","",""
"30/10/2023 15:00:00 - 30/10/2023 16:00:00","BZN|EE","Without Sequence","145.90","",""
"30/10/2023 16:00:00 - 30/10/2023 17:00:00","BZN|EE","Without Sequence","165.84","",""
"30/10/2023 17:00:00 - 30/10/2023 18:00:00","BZN|EE","Without Sequence","147.32","",""
"30/10/2023 18:00:00 - 30/10/2023 19:00:00","BZN|EE","Without Sequence","145.93","",""
"30/10/2023 19:00:00 - 30/10/2023 20:00:00","BZN|EE","Without Sequence","100.02","",""
"30/10/2023 20:00:00 - 30/10/2023 21:00:00","BZN|EE","Without Sequence","116.87","",""
"30/10/2023 21:00:00 - 30/10/2023 22:00:00","BZN|EE","Without Sequence","100.08","",""
"30/10/2023 22:00:00 - 30/10/2023 23:00:00","BZN|EE","Without Sequence","71.96","",""
"30/10/2023 23:00:00 - 31/10/2023 00:00:00","BZN|EE","Without Sequence","70.09","",""
"31/10/2023 00:00:00 - 31/10/2023 01:00:00","BZN|EE","Without Sequence","70.06","",""
"31/10/2023 01:00:00 - 31/10/2023 02:00:00","BZN|EE","Without Sequence","70.04","",""
"31/10/2023 02:00:00 - 31/10/2023 03:00:00","BZN|EE","Without Sequence","64.80","",""
"31/10/2023 03:00:00 - 31/10/2023 04:00:00","BZN|EE","Without Sequence","62.23","",""
"31/10/2023 04:00:00 - 31/10/2023 05:00:00","BZN|EE","Without Sequence","70.35","",""
"31/10/2023 05:00:00 - 31/10/2023 06:00:00","BZN|EE","Without Sequence","92.60","",""
"31/10/2023 06:00:00 - 31/10/2023 07:00:00","BZN|EE","Without Sequence","110.50","",""
"31/10/2023 07:00:00 - 31/10/2023 08:00:00","BZN|EE","Without Sequence","109.77","",""
"31/10/2023 08:00:00 - 31/10/2023 09:00:00","BZN|EE","Without Sequence","101.60","",""
"31/10/2023 09:00:00 - 31/10/2023 10:00:00","BZN|EE","Without Sequence","93.98","",""
"31/10/2023 10:00:00 - 31/10/2023 11:00:00","BZN|EE","Without Sequence","99.50","",""
"31/10/2023 11:00:00 - 31/10/2023 12:00:00","BZN|EE","Without Sequence","101.50","",""
"31/10/2023 12:00:00 - 31/10/2023 13:00:00","BZN|EE","Without Sequence","94.13","",""
"31/10/2023 13:00:00 - 31/10/2023 14:00:00","BZN|EE","Without Sequence","101.60","",""
"31/10/2023 14:00:00 - 31/10/2023 15:00:00","BZN|EE","Without Sequence","116.52","",""
"31/10/2023 15:00:00 - 31/10/2023 16:00:00","BZN|EE","Without Sequence","115.02","",""
"31/10/2023 16:00:00 - 31/10/2023 17:00:00","BZN|EE","Without Sequence","109.09","",""
"31/10/2023 17:00:00 - 31/10/2023 18:00:00","BZN|EE","Without Sequence","109.06","",""
"31/10/2023 18:00:00 - 31/10/2023 19:00:00","BZN|EE","Without Sequence","109.02","",""
"31/10/2023 19:00:00 - 31/10/2023 20:00:00","BZN|EE","Without Sequence","55.21","",""
"31/10/2023 20:00:00 - 31/10/2023 21:00:00","BZN|EE","Without Sequence","17.71","",""
"31/10/2023 21:00:00 - 31/10/2023 22:00:00","BZN|EE","Without Sequence","13.33","",""
"31/10/2023 22:00:00 - 31/10/2023 23:00:00","BZN|EE","Without Sequence","9.93","",""
"31/10/2023 23:00:00 - 01/11/2023 00:00:00","BZN|EE","Without Sequence","3.06","",""
"01/11/2023 00:00:00 - 01/11/2023 01:00:00","BZN|EE","Without Sequence","3.40","",""
"01/11/2023 01:00:00 - 01/11/2023 02:00:00","BZN|EE","Without Sequence","4.09","",""
"01/11/2023 02:00:00 - 01/11/2023 03:00:00","BZN|EE","Without Sequence","5.02","",""
"01/11/2023 03:00:00 - 01/11/2023 04:00:00","BZN|EE","Without Sequence","9.37","",""
"01/11/2023 04:00:00 - 01/11/2023 05:00:00","BZN|EE","Without Sequence","40.01","",""
"01/11/2023 05:00:00 - 01/11/2023 06:00:00","BZN|EE","Without Sequence","73.55","",""
"01/11/2023 06:00:00 - 01/11/2023 07:00:00","BZN|EE","Without Sequence","83.66","",""
"01/11/2023 07:00:00 - 01/11/2023 08:00:00","BZN|EE","Without Sequence","86.37","",""
"01/11/2023 08:00:00 - 01/11/2023 09:00:00","BZN|EE","Without Sequence","69.23","",""
"01/11/2023 09:00:00 - 01/11/2023 10:00:00","BZN|EE","Without Sequence","58.17","",""
"01/11/2023 10:00:00 - 01/11/2023 11:00:00","BZN|EE","Without Sequence","50.88","",""
"01/11/2023 11:00:00 - 01/11/2023 12:00:00","BZN|EE","Without Sequence","47.64","",""
"01/11/2023 12:00:00 - 01/11/2023 13:00:00","BZN|EE","Without Sequence","51.18","",""
"01/11/2023 13:00:00 - 01/11/2023 14:00:00","BZN|EE","Without Sequence","59.95","",""
"01/11/2023 14:00:00 - 01/11/2023 15:00:00","BZN|EE","Without Sequence","70.55","",""
"01/11/2023 15:00:00 - 01/11/2023 16:00:00","BZN|EE","Without Sequence","89.00","",""
"01/11/2023 16:00:00 - 01/11/2023 17:00:00","BZN|EE","Without Sequence","80.69","",""
"01/11/2023 17:00:00 - 01/11/2023 18:00:00","BZN|EE","Without Sequence","79.56","",""
"01/11/2023 18:00:00 - 01/11/2023 19:00:00","BZN|EE","Without Sequence","77.15","",""
"01/11/2023 19:00:00 - 01/11/2023 20:00:00","BZN|EE","Without Sequence","53.15","",""
"01/11/2023 20:00:00 - 01/11/2023 21:00:00","BZN|EE","Without Sequence","31.68","",""
"01/11/2023 21:00:00 - 01/11/2023 22:00:00","BZN|EE","Without Sequence","31.50","",""
"01/11/2023 22:00:00 - 01/11/2023 23:00:00","BZN|EE","Without Sequence","17.79","",""
"01/11/2023 23:00:00 - 02/11/2023 00:00:00","BZN|EE","Without Sequence","47.01","",""
"02/11/2023 00:00:00 - 02/11/2023 01:00:00","BZN|EE","Without Sequence","40.01","",""
"02/11/2023 01:00:00 - 02/11/2023 02:00:00","BZN|EE","Without Sequence","16.39","",""
"02/11/2023 02:00:00 - 02/11/2023 03:00:00","BZN|EE","Without Sequence","14.91","",""
"02/11/2023 03:00:00 - 02/11/2023 04:00:00","BZN|EE","Without Sequence","52.00","",""
"02/11/2023 04:00:00 - 02/11/2023 05:00:00","BZN|EE","Without Sequence","28.22","",""
"02/11/2023 05:00:00 - 02/11/2023 06:00:00","BZN|EE","Without Sequence","90.40","",""
"02/11/2023 06:00:00 - 02/11/2023 07:00:00","BZN|EE","Without Sequence","90.94","",""
"02/11/2023 07:00:00 - 02/11/2023 08:00:00","BZN|EE","Without Sequence","85.44","",""
"02/11/2023 08:00:00 - 02/11/2023 09:00:00","BZN|EE","Without Sequence","85.01","",""
"02/11/2023 09:00:00 - 02/11/2023 10:00:00","BZN|EE","Without Sequence","85.03","",""
"02/11/2023 10:00:00 - 02/11/2023 11:00:00","BZN|EE","Without Sequence","85.02","",""
"02/11/2023 11:00:00 - 02/11/2023 12:00:00","BZN|EE","Without Sequence","58.95","",""
"02/11/2023 12:00:00 - 02/11/2023 13:00:00","BZN|EE","Without Sequence","57.94","",""
"02/11/2023 13:00:00 - 02/11/2023 14:00:00","BZN|EE","Without Sequence","70.24","",""
"02/11/2023 14:00:00 - 02/11/2023 15:00:00","BZN|EE","Without Sequence","91.07","",""
"02/11/2023 15:00:00 - 02/11/2023 16:00:00","BZN|EE","Without Sequence","142.69","",""
"02/11/2023 16:00:00 - 02/11/2023 17:00:00","BZN|EE","Without Sequence","147.01","",""
"02/11/2023 17:00:00 - 02/11/2023 18:00:00","BZN|EE","Without Sequence","91.24","",""
"02/11/2023 18:00:00 - 02/11/2023 19:00:00","BZN|EE","Without Sequence","90.69","",""
"02/11/2023 19:00:00 - 02/11/2023 20:00:00","BZN|EE","Without Sequence","84.81","",""
"02/11/2023 20:00:00 - 02/11/2023 21:00:00","BZN|EE","Without Sequence","74.20","",""
"02/11/2023 21:00:00 - 02/11/2023 22:00:00","BZN|EE","Without Sequence","72.27","",""
"02/11/2023 22:00:00 - 02/11/2023 23:00:00","BZN|EE","Without Sequence","57.04","",""
"02/11/2023 23:00:00 - 03/11/2023 00:00:00","BZN|EE","Without Sequence","15.17","",""
"03/11/2023 00:00:00 - 03/11/2023 01:00:00","BZN|EE","Without Sequence","11.47","",""
"03/11/2023 01:00:00 - 03/11/2023 02:00:00","BZN|EE","Without Sequence","10.00","",""
"03/11/2023 02:00:00 - 03/11/2023 03:00:00","BZN|EE","Without Sequence","5.73","",""
"03/11/2023 03:00:00 - 03/11/2023 04:00:00","BZN|EE","Without Sequence","10.05","",""
"03/11/2023 04:00:00 - 03/11/2023 05:00:00","BZN|EE","Without Sequence","23.60","",""
"03/11/2023 05:00:00 - 03/11/2023 06:00:00","BZN|EE","Without Sequence","59.33","",""
"03/11/2023 06:00:00 - 03/11/2023 07:00:00","BZN|EE","Without Sequence","88.82","",""
"03/11/2023 07:00:00 - 03/11/2023 08:00:00","BZN|EE","Without Sequence","92.76","",""
"03/11/2023 08:00:00 - 03/11/2023 09:00:00","BZN|EE","Without Sequence","89.59","",""
"03/11/2023 09:00:00 - 03/11/2023 10:00:00","BZN|EE","Without Sequence","74.31","",""
"03/11/2023 10:00:00 - 03/11/2023 11:00:00","BZN|EE","Without Sequence","71.06","",""
"03/11/2023 11:00:00 - 03/11/2023 12:00:00","BZN|EE","Without Sequence","71.04","",""
"03/11/2023 12:00:00 - 03/11/2023 13:00:00","BZN|EE","Without Sequence","71.04","",""
"03/11/2023 13:00:00 - 03/11/2023 14:00:00","BZN|EE","Without Sequence","71.04","",""
"03/11/2023 14:00:00 - 03/11/2023 15:00:00","BZN|EE","Without Sequence","71.09","",""
"03/11/2023 15:00:00 - 03/11/2023 16:00:00","BZN|EE","Without Sequence","90.05","",""
"03/11/2023 16:00:00 - 03/11/2023 17:00:00","BZN|EE","Without Sequence","90.03","",""
"03/11/2023 17:00:00 - 03/11/2023 18:00:00","BZN|EE","Without Sequence","89.03","",""
"03/11/2023 18:00:00 - 03/11/2023 19:00:00","BZN|EE","Without Sequence","71.08","",""
"03/11/2023 19:00:00 - 03/11/2023 20:00:00","BZN|EE","Without Sequence","69.37","",""
"03/11/2023 20:00:00 - 03/11/2023 21:00:00","BZN|EE","Without Sequence","55.12","",""
"03/11/2023 21:00:00 - 03/11/2023 22:00:00","BZN|EE","Without Sequence","45.53","",""
"03/11/2023 22:00:00 - 03/11/2023 23:00:00","BZN|EE","Without Sequence","9.31","",""
"03/11/2023 23:00:00 - 04/11/2023 00:00:00","BZN|EE","Without Sequence","10.00","",""
"04/11/2023 00:00:00 - 04/11/2023 01:00:00","BZN|EE","Without Sequence","10.01","",""
"04/11/2023 01:00:00 - 04/11/2023 02:00:00","BZN|EE","Without Sequence","7.14","",""
"04/11/2023 02:00:00 - 04/11/2023 03:00:00","BZN|EE","Without Sequence","4.84","",""
"04/11/2023 03:00:00 - 04/11/2023 04:00:00","BZN|EE","Without Sequence","3.78","",""
"04/11/2023 04:00:00 - 04/11/2023 05:00:00","BZN|EE","Without Sequence","10.01","",""
"04/11/2023 05:00:00 - 04/11/2023 06:00:00","BZN|EE","Without Sequence","10.09","",""
"04/11/2023 06:00:00 - 04/11/2023 07:00:00","BZN|EE","Without Sequence","10.06","",""
"04/11/2023 07:00:00 - 04/11/2023 08:00:00","BZN|EE","Without Sequence","25.85","",""
"04/11/2023 08:00:00 - 04/11/2023 09:00:00","BZN|EE","Without Sequence","20.00","",""
"04/11/2023 09:00:00 - 04/11/2023 10:00:00","BZN|EE","Without Sequence","10.09","",""
"04/11/2023 10:00:00 - 04/11/2023 11:00:00","BZN|EE","Without Sequence","10.08","",""
"04/11/2023 11:00:00 - 04/11/2023 12:00:00","BZN|EE","Without Sequence","20.00","",""
"04/11/2023 12:00:00 - 04/11/2023 13:00:00","BZN|EE","Without Sequence","10.08","",""
"04/11/2023 13:00:00 - 04/11/2023 14:00:00","BZN|EE","Without Sequence","29.72","",""
"04/11/2023 14:00:00 - 04/11/2023 15:00:00","BZN|EE","Without Sequence","40.49","",""
"04/11/2023 15:00:00 - 04/11/2023 16:00:00","BZN|EE","Without Sequence","81.01","",""
"04/11/2023 16:00:00 - 04/11/2023 17:00:00","BZN|EE","Without Sequence","81.04","",""
"04/11/2023 17:00:00 - 04/11/2023 18:00:00","BZN|EE","Without Sequence","81.02","",""
"04/11/2023 18:00:00 - 04/11/2023 19:00:00","BZN|EE","Without Sequence","33.27","",""
"04/11/2023 19:00:00 - 04/11/2023 20:00:00","BZN|EE","Without Sequence","16.55","",""
"04/11/2023 20:00:00 - 04/11/2023 21:00:00","BZN|EE","Without Sequence","10.81","",""
"04/11/2023 21:00:00 - 04/11/2023 22:00:00","BZN|EE","Without Sequence","11.73","",""
"04/11/2023 22:00:00 - 04/11/2023 23:00:00","BZN|EE","Without Sequence","7.05","",""
"04/11/2023 23:00:00 - 05/11/2023 00:00:00","BZN|EE","Without Sequence","8.71","",""
"05/11/2023 00:00:00 - 05/11/2023 01:00:00","BZN|EE","Without Sequence","6.59","",""
"05/11/2023 01:00:00 - 05/11/2023 02:00:00","BZN|EE","Without Sequence","5.18","",""
"05/11/2023 02:00:00 - 05/11/2023 03:00:00","BZN|EE","Without Sequence","5.54","",""
"05/11/2023 03:00:00 - 05/11/2023 04:00:00","BZN|EE","Without Sequence","4.24","",""
"05/11/2023 04:00:00 - 05/11/2023 05:00:00","BZN|EE","Without Sequence","7.99","",""
"05/11/2023 05:00:00 - 05/11/2023 06:00:00","BZN|EE","Without Sequence","7.58","",""
"05/11/2023 06:00:00 - 05/11/2023 07:00:00","BZN|EE","Without Sequence","12.56","",""
"05/11/2023 07:00:00 - 05/11/2023 08:00:00","BZN|EE","Without Sequence","17.10","",""
"05/11/2023 08:00:00 - 05/11/2023 09:00:00","BZN|EE","Without Sequence","25.43","",""
"05/11/2023 09:00:00 - 05/11/2023 10:00:00","BZN|EE","Without Sequence","47.27","",""
"05/11/2023 10:00:00 - 05/11/2023 11:00:00","BZN|EE","Without Sequence","48.23","",""
"05/11/2023 11:00:00 - 05/11/2023 12:00:00","BZN|EE","Without Sequence","44.12","",""
"05/11/2023 12:00:00 - 05/11/2023 13:00:00","BZN|EE","Without Sequence","29.38","",""
"05/11/2023 13:00:00 - 05/11/2023 14:00:00","BZN|EE","Without Sequence","37.10","",""
"05/11/2023 14:00:00 - 05/11/2023 15:00:00","BZN|EE","Without Sequence","55.90","",""
"05/11/2023 15:00:00 - 05/11/2023 16:00:00","BZN|EE","Without Sequence","84.07","",""
"05/11/2023 16:00:00 - 05/11/2023 17:00:00","BZN|EE","Without Sequence","87.56","",""
"05/11/2023 17:00:00 - 05/11/2023 18:00:00","BZN|EE","Without Sequence","83.94","",""
"05/11/2023 18:00:00 - 05/11/2023 19:00:00","BZN|EE","Without Sequence","71.95","",""
"05/11/2023 19:00:00 - 05/11/2023 20:00:00","BZN|EE","Without Sequence","46.62","",""
"05/11/2023 20:00:00 - 05/11/2023 21:00:00","BZN|EE","Without Sequence","30.19","",""
"05/11/2023 21:00:00 - 05/11/2023 22:00:00","BZN|EE","Without Sequence","26.85","",""
"05/11/2023 22:00:00 - 05/11/2023 23:00:00","BZN|EE","Without Sequence","21.63","",""
"05/11/2023 23:00:00 - 06/11/2023 00:00:00","BZN|EE","Without Sequence","19.00","",""
"06/11/2023 00:00:00 - 06/11/2023 01:00:00","BZN|EE","Without Sequence","16.98","",""
"06/11/2023 01:00:00 - 06/11/2023 02:00:00","BZN|EE","Without Sequence","16.91","",""
"06/11/2023 02:00:00 - 06/11/2023 03:00:00","BZN|EE","Without Sequence","16.68","",""
"06/11/2023 03:00:00 - 06/11/2023 04:00:00","BZN|EE","Without Sequence","16.94","",""
"06/11/2023 04:00:00 - 06/11/2023 05:00:00","BZN|EE","Without Sequence","100.09","",""
"06/11/2023 05:00:00 - 06/11/2023 06:00:00","BZN|EE","Without Sequence","90.00","",""
"06/11/2023 06:00:00 - 06/11/2023 07:00:00","BZN|EE","Without Sequence","157.61","",""
"06/11/2023 07:00:00 - 06/11/2023 08:00:00","BZN|EE","Without Sequence","170.01","",""
"06/11/2023 08:00:00 - 06/11/2023 09:00:00","BZN|EE","Without Sequence","90.10","",""
"06/11/2023 09:00:00 - 06/11/2023 10:00:00","BZN|EE","Without Sequence","85.03","",""
"06/11/2023 10:00:00 - 06/11/2023 11:00:00","BZN|EE","Without Sequence","90.03","",""
"06/11/2023 11:00:00 - 06/11/2023 12:00:00","BZN|EE","Without Sequence","90.02","",""
"06/11/2023 12:00:00 - 06/11/2023 13:00:00","BZN|EE","Without Sequence","90.00","",""
"06/11/2023 13:00:00 - 06/11/2023 14:00:00","BZN|EE","Without Sequence","79.20","",""
"06/11/2023 14:00:00 - 06/11/2023 15:00:00","BZN|EE","Without Sequence","90.49","",""
"06/11/2023 15:00:00 - 06/11/2023 16:00:00","BZN|EE","Without Sequence","127.17","",""
"06/11/2023 16:00:00 - 06/11/2023 17:00:00","BZN|EE","Without Sequence","134.53","",""
"06/11/2023 17:00:00 - 06/11/2023 18:00:00","BZN|EE","Without Sequence","155.49","",""
"06/11/2023 18:00:00 - 06/11/2023 19:00:00","BZN|EE","Without Sequence","144.46","",""
"06/11/2023 19:00:00 - 06/11/2023 20:00:00","BZN|EE","Without Sequence","109.68","",""
"06/11/2023 20:00:00 - 06/11/2023 21:00:00","BZN|EE","Without Sequence","85.07","",""
"06/11/2023 21:00:00 - 06/11/2023 22:00:00","BZN|EE","Without Sequence","85.95","",""
"06/11/2023 22:00:00 - 06/11/2023 23:00:00","BZN|EE","Without Sequence","83.98","",""
"06/11/2023 23:00:00 - 07/11/2023 00:00:00","BZN|EE","Without Sequence","70.01","",""
"07/11/2023 00:00:00 - 07/11/2023 01:00:00","BZN|EE","Without Sequence","68.57","",""
"07/11/2023 01:00:00 - 07/11/2023 02:00:00","BZN|EE","Without Sequence","68.97","",""
"07/11/2023 02:00:00 - 07/11/2023 03:00:00","BZN|EE","Without Sequence","68.01","",""
"07/11/2023 03:00:00 - 07/11/2023 04:00:00","BZN|EE","Without Sequence","70.25","",""
"07/11/2023 04:00:00 - 07/11/2023 05:00:00","BZN|EE","Without Sequence","79.42","",""
"07/11/2023 05:00:00 - 07/11/2023 06:00:00","BZN|EE","Without Sequence","95.10","",""
"07/11/2023 06:00:00 - 07/11/2023 07:00:00","BZN|EE","Without Sequence","139.82","",""
"07/11/2023 07:00:00 - 07/11/2023 08:00:00","BZN|EE","Without Sequence","170.09","",""
"07/11/2023 08:00:00 - 07/11/2023 09:00:00","BZN|EE","Without Sequence","175.69","",""
"07/11/2023 09:00:00 - 07/11/2023 10:00:00","BZN|EE","Without Sequence","170.06","",""
"07/11/2023 10:00:00 - 07/11/2023 11:00:00","BZN|EE","Without Sequence","121.08","",""
"07/11/2023 11:00:00 - 07/11/2023 12:00:00","BZN|EE","Without Sequence","170.01","",""
"07/11/2023 12:00:00 - 07/11/2023 13:00:00","BZN|EE","Without Sequence","128.19","",""
"07/11/2023 13:00:00 - 07/11/2023 14:00:00","BZN|EE","Without Sequence","200.02","",""
"07/11/2023 14:00:00 - 07/11/2023 15:00:00","BZN|EE","Without Sequence","200.05","",""
"07/11/2023 15:00:00 - 07/11/2023 16:00:00","BZN|EE","Without Sequence","170.05","",""
"07/11/2023 16:00:00 - 07/11/2023 17:00:00","BZN|EE","Without Sequence","170.06","",""
"07/11/2023 17:00:00 - 07/11/2023 18:00:00","BZN|EE","Without Sequence","144.74","",""
"07/11/2023 18:00:00 - 07/11/2023 19:00:00","BZN|EE","Without Sequence","100.09","",""
"07/11/2023 19:00:00 - 07/11/2023 20:00:00","BZN|EE","Without Sequence","90.07","",""
"07/11/2023 20:00:00 - 07/11/2023 21:00:00","BZN|EE","Without Sequence","80.86","",""
"07/11/2023 21:00:00 - 07/11/2023 22:00:00","BZN|EE","Without Sequence","62.20","",""
"07/11/2023 22:00:00 - 07/11/2023 23:00:00","BZN|EE","Without Sequence","47.40","",""
"07/11/2023 23:00:00 - 08/11/2023 00:00:00","BZN|EE","Without Sequence","39.91","",""
"08/11/2023 00:00:00 - 08/11/2023 01:00:00","BZN|EE","Without Sequence","37.38","",""
"08/11/2023 01:00:00 - 08/11/2023 02:00:00","BZN|EE","Without Sequence","35.96","",""
"08/11/2023 02:00:00 - 08/11/2023 03:00:00","BZN|EE","Without Sequence","50.01","",""
"08/11/2023 03:00:00 - 08/11/2023 04:00:00","BZN|EE","Without Sequence","37.04","",""
"08/11/2023 04:00:00 - 08/11/2023 05:00:00","BZN|EE","Without Sequence","55.44","",""
"08/11/2023 05:00:00 - 08/11/2023 06:00:00","BZN|EE","Without Sequence","130.80","",""
"08/11/2023 06:00:00 - 08/11/2023 07:00:00","BZN|EE","Without Sequence","170.07","",""
"08/11/2023 07:00:00 - 08/11/2023 08:00:00","BZN|EE","Without Sequence","250.02","",""
"08/11/2023 08:00:00 - 08/11/2023 09:00:00","BZN|EE","Without Sequence","170.06","",""
"08/11/2023 09:00:00 - 08/11/2023 10:00:00","BZN|EE","Without Sequence","170.03","",""
"08/11/2023 10:00:00 - 08/11/2023 11:00:00","BZN|EE","Without Sequence","170.08","",""
"08/11/2023 11:00:00 - 08/11/2023 12:00:00","BZN|EE","Without Sequence","170.04","",""
"08/11/2023 12:00:00 - 08/11/2023 13:00:00","BZN|EE","Without Sequence","200.00","",""
"08/11/2023 13:00:00 - 08/11/2023 14:00:00","BZN|EE","Without Sequence","200.05","",""
"08/11/2023 14:00:00 - 08/11/2023 15:00:00","BZN|EE","Without Sequence","250.01","",""
"08/11/2023 15:00:00 - 08/11/2023 16:00:00","BZN|EE","Without Sequence","127.07","",""
"08/11/2023 16:00:00 - 08/11/2023 17:00:00","BZN|EE","Without Sequence","143.48","",""
"08/11/2023 17:00:00 - 08/11/2023 18:00:00","BZN|EE","Without Sequence","128.90","",""
"08/11/2023 18:00:00 - 08/11/2023 19:00:00","BZN|EE","Without Sequence","127.89","",""
"08/11/2023 19:00:00 - 08/11/2023 20:00:00","BZN|EE","Without Sequence","121.13","",""
"08/11/2023 20:00:00 - 08/11/2023 21:00:00","BZN|EE","Without Sequence","92.50","",""
"08/11/2023 21:00:00 - 08/11/2023 22:00:00","BZN|EE","Without Sequence","83.07","",""
"08/11/2023 22:00:00 - 08/11/2023 23:00:00","BZN|EE","Without Sequence","67.07","",""
"08/11/2023 23:00:00 - 09/11/2023 00:00:00","BZN|EE","Without Sequence","66.01","",""
"09/11/2023 00:00:00 - 09/11/2023 01:00:00","BZN|EE","Without Sequence","62.13","",""
"09/11/2023 01:00:00 - 09/11/2023 02:00:00","BZN|EE","Without Sequence","40.01","",""
"09/11/2023 02:00:00 - 09/11/2023 03:00:00","BZN|EE","Without Sequence","72.68","",""
"09/11/2023 03:00:00 - 09/11/2023 04:00:00","BZN|EE","Without Sequence","74.64","",""
"09/11/2023 04:00:00 - 09/11/2023 05:00:00","BZN|EE","Without Sequence","83.66","",""
"09/11/2023 05:00:00 - 09/11/2023 06:00:00","BZN|EE","Without Sequence","109.61","",""
"09/11/2023 06:00:00 - 09/11/2023 07:00:00","BZN|EE","Without Sequence","120.06","",""
"09/11/2023 07:00:00 - 09/11/2023 08:00:00","BZN|EE","Without Sequence","121.67","",""
"09/11/2023 08:00:00 - 09/11/2023 09:00:00","BZN|EE","Without Sequence","109.65","",""
"09/11/2023 09:00:00 - 09/11/2023 10:00:00","BZN|EE","Without Sequence","100.08","",""
"09/11/2023 10:00:00 - 09/11/2023 11:00:00","BZN|EE","Without Sequence","97.34","",""
"09/11/2023 11:00:00 - 09/11/2023 12:00:00","BZN|EE","Without Sequence","109.81","",""
"09/11/2023 12:00:00 - 09/11/2023 13:00:00","BZN|EE","Without Sequence","128.42","",""
"09/11/2023 13:00:00 - 09/11/2023 14:00:00","BZN|EE","Without Sequence","100.61","",""
"09/11/2023 14:00:00 - 09/11/2023 15:00:00","BZN|EE","Without Sequence","116.54","",""
"09/11/2023 15:00:00 - 09/11/2023 16:00:00","BZN|EE","Without Sequence","120.17","",""
"09/11/2023 16:00:00 - 09/11/2023 17:00:00","BZN|EE","Without Sequence","126.26","",""
"09/11/2023 17:00:00 - 09/11/2023 18:00:00","BZN|EE","Without Sequence","127.27","",""
"09/11/2023 18:00:00 - 09/11/2023 19:00:00","BZN|EE","Without Sequence","111.36","",""
"09/11/2023 19:00:00 - 09/11/2023 20:00:00","BZN|EE","Without Sequence","96.01","",""
"09/11/2023 20:00:00 - 09/11/2023 21:00:00","BZN|EE","Without Sequence","83.71","",""
"09/11/2023 21:00:00 - 09/11/2023 22:00:00","BZN|EE","Without Sequence","84.04","",""
"09/11/2023 22:00:00 - 09/11/2023 23:00:00","BZN|EE","Without Sequence","40.02","",""
"09/11/2023 23:00:00 - 10/11/2023 00:00:00","BZN|EE","Without Sequence","27.78","",""
"10/11/2023 00:00:00 - 10/11/2023 01:00:00","BZN|EE","Without Sequence","59.68","",""
"10/11/2023 01:00:00 - 10/11/2023 02:00:00","BZN|EE","Without Sequence","53.74","",""
"10/11/2023 02:00:00 - 10/11/2023 03:00:00","BZN|EE","Without Sequence","40.00","",""
"10/11/2023 03:00:00 - 10/11/2023 04:00:00","BZN|EE","Without Sequence","22.48","",""
"10/11/2023 04:00:00 - 10/11/2023 05:00:00","BZN|EE","Without Sequence","24.97","",""
"10/11/2023 05:00:00 - 10/11/2023 06:00:00","BZN|EE","Without Sequence","88.55","",""
"10/11/2023 06:00:00 - 10/11/2023 07:00:00","BZN|EE","Without Sequence","107.26","",""
"10/11/2023 07:00:00 - 10/11/2023 08:00:00","BZN|EE","Without Sequence","113.00","",""
"10/11/2023 08:00:00 - 10/11/2023 09:00:00","BZN|EE","Without Sequence","104.99","",""
"10/11/2023 09:00:00 - 10/11/2023 10:00:00","BZN|EE","Without Sequence","94.59","",""
"10/11/2023 10:00:00 - 10/11/2023 11:00:00","BZN|EE","Without Sequence","91.64","",""
"10/11/2023 11:00:00 - 10/11/2023 12:00:00","BZN|EE","Without Sequence","97.49","",""
"10/11/2023 12:00:00 - 10/11/2023 13:00:00","BZN|EE","Without Sequence","114.93","",""
"10/11/2023 13:00:00 - 10/11/2023 14:00:00","BZN|EE","Without Sequence","128.38","",""
"10/11/2023 14:00:00 - 10/11/2023 15:00:00","BZN|EE","Without Sequence","122.84","",""
"10/11/2023 15:00:00 - 10/11/2023 16:00:00","BZN|EE","Without Sequence","128.35","",""
"10/11/2023 16:00:00 - 10/11/2023 17:00:00","BZN|EE","Without Sequence","135.71","",""
"10/11/2023 17:00:00 - 10/11/2023 18:00:00","BZN|EE","Without Sequence","135.10","",""
"10/11/2023 18:00:00 - 10/11/2023 19:00:00","BZN|EE","Without Sequence","123.58","",""
"10/11/2023 19:00:00 - 10/11/2023 20:00:00","BZN|EE","Without Sequence","112.93","",""
"10/11/2023 20:00:00 - 10/11/2023 21:00:00","BZN|EE","Without Sequence","105.10","",""
"10/11/2023 21:00:00 - 10/11/2023 22:00:00","BZN|EE","Without Sequence","103.97","",""
"10/11/2023 22:00:00 - 10/11/2023 23:00:00","BZN|EE","Without Sequence","40.09","",""
"10/11/2023 23:00:00 - 11/11/2023 00:00:00","BZN|EE","Without Sequence","57.83","",""
"11/11/2023 00:00:00 - 11/11/2023 01:00:00","BZN|EE","Without Sequence","85.89","",""
"11/11/2023 01:00:00 - 11/11/2023 02:00:00","BZN|EE","Without Sequence","85.88","",""
"11/11/2023 02:00:00 - 11/11/2023 03:00:00","BZN|EE","Without Sequence","19.75","",""
"11/11/2023 03:00:00 - 11/11/2023 04:00:00","BZN|EE","Without Sequence","20.20","",""
"11/11/2023 04:00:00 - 11/11/2023 05:00:00","BZN|EE","Without Sequence","85.44","",""
"11/11/2023 05:00:00 - 11/11/2023 06:00:00","BZN|EE","Without Sequence","86.30","",""
"11/11/2023 06:00:00 - 11/11/2023 07:00:00","BZN|EE","Without Sequence","88.00","",""
"11/11/2023 07:00:00 - 11/11/2023 08:00:00","BZN|EE","Without Sequence","92.00","",""
"11/11/2023 08:00:00 - 11/11/2023 09:00:00","BZN|EE","Without Sequence","94.89","",""
"11/11/2023 09:00:00 - 11/11/2023 10:00:00","BZN|EE","Without Sequence","91.28","",""
"11/11/2023 10:00:00 - 11/11/2023 11:00:00","BZN|EE","Without Sequence","90.22","",""
"11/11/2023 11:00:00 - 11/11/2023 12:00:00","BZN|EE","Without Sequence","87.94","",""
"11/11/2023 12:00:00 - 11/11/2023 13:00:00","BZN|EE","Without Sequence","87.80","",""
"11/11/2023 13:00:00 - 11/11/2023 14:00:00","BZN|EE","Without Sequence","91.50","",""
"11/11/2023 14:00:00 - 11/11/2023 15:00:00","BZN|EE","Without Sequence","102.87","",""
"11/11/2023 15:00:00 - 11/11/2023 16:00:00","BZN|EE","Without Sequence","115.27","",""
"11/11/2023 16:00:00 - 11/11/2023 17:00:00","BZN|EE","Without Sequence","127.98","",""
"11/11/2023 17:00:00 - 11/11/2023 18:00:00","BZN|EE","Without Sequence","135.76","",""
"11/11/2023 18:00:00 - 11/11/2023 19:00:00","BZN|EE","Without Sequence","124.47","",""
"11/11/2023 19:00:00 - 11/11/2023 20:00:00","BZN|EE","Without Sequence","113.51","",""
"11/11/2023 20:00:00 - 11/11/2023 21:00:00","BZN|EE","Without Sequence","102.58","",""
"11/11/2023 21:00:00 - 11/11/2023 22:00:00","BZN|EE","Without Sequence","92.38","",""
"11/11/2023 22:00:00 - 11/11/2023 23:00:00","BZN|EE","Without Sequence","63.03","",""
"11/11/2023 23:00:00 - 12/11/2023 00:00:00","BZN|EE","Without Sequence","88.16","",""
"12/11/2023 00:00:00 - 12/11/2023 01:00:00","BZN|EE","Without Sequence","85.36","",""
"12/11/2023 01:00:00 - 12/11/2023 02:00:00","BZN|EE","Without Sequence","84.26","",""
"12/11/2023 02:00:00 - 12/11/2023 03:00:00","BZN|EE","Without Sequence","82.77","",""
"12/11/2023 03:00:00 - 12/11/2023 04:00:00","BZN|EE","Without Sequence","82.17","",""
"12/11/2023 04:00:00 - 12/11/2023 05:00:00","BZN|EE","Without Sequence","86.02","",""
"12/11/2023 05:00:00 - 12/11/2023 06:00:00","BZN|EE","Without Sequence","85.55","",""
"12/11/2023 06:00:00 - 12/11/2023 07:00:00","BZN|EE","Without Sequence","85.89","",""
"12/11/2023 07:00:00 - 12/11/2023 08:00:00","BZN|EE","Without Sequence","87.26","",""
"12/11/2023 08:00:00 - 12/11/2023 09:00:00","BZN|EE","Without Sequence","89.75","",""
"12/11/2023 09:00:00 - 12/11/2023 10:00:00","BZN|EE","Without Sequence","88.58","",""
"12/11/2023 10:00:00 - 12/11/2023 11:00:00","BZN|EE","Without Sequence","86.48","",""
"12/11/2023 11:00:00 - 12/11/2023 12:00:00","BZN|EE","Without Sequence","88.09","",""
"12/11/2023 12:00:00 - 12/11/2023 13:00:00","BZN|EE","Without Sequence","88.22","",""
"12/11/2023 13:00:00 - 12/11/2023 14:00:00","BZN|EE","Without Sequence","92.59","",""
"12/11/2023 14:00:00 - 12/11/2023 15:00:00","BZN|EE","Without Sequence","108.69","",""
"12/11/2023 15:00:00 - 12/11/2023 16:00:00","BZN|EE","Without Sequence","122.59","",""
"12/11/2023 16:00:00 - 12/11/2023 17:00:00","BZN|EE","Without Sequence","134.91","",""
"12/11/2023 17:00:00 - 12/11/2023 18:00:00","BZN|EE","Without Sequence","130.89","",""
"12/11/2023 18:00:00 - 12/11/2023 19:00:00","BZN|EE","Without Sequence","124.07","",""
"12/11/2023 19:00:00 - 12/11/2023 20:00:00","BZN|EE","Without Sequence","109.98","",""
"12/11/2023 20:00:00 - 12/11/2023 21:00:00","BZN|EE","Without Sequence","107.33","",""
"12/11/2023 21:00:00 - 12/11/2023 22:00:00","BZN|EE","Without Sequence","76.66","",""
"12/11/2023 22:00:00 - 12/11/2023 23:00:00","BZN|EE","Without Sequence","33.10","",""
"12/11/2023 23:00:00 - 13/11/2023 00:00:00","BZN|EE","Without Sequence","85.03","",""
"13/11/2023 00:00:00 - 13/11/2023 01:00:00","BZN|EE","Without Sequence","63.08","",""
"13/11/2023 01:00:00 - 13/11/2023 02:00:00","BZN|EE","Without Sequence","35.01","",""
"13/11/2023 02:00:00 - 13/11/2023 03:00:00","BZN|EE","Without Sequence","49.40","",""
"13/11/2023 03:00:00 - 13/11/2023 04:00:00","BZN|EE","Without Sequence","88.04","",""
"13/11/2023 04:00:00 - 13/11/2023 05:00:00","BZN|EE","Without Sequence","65.07","",""
"13/11/2023 05:00:00 - 13/11/2023 06:00:00","BZN|EE","Without Sequence","123.29","",""
"13/11/2023 06:00:00 - 13/11/2023 07:00:00","BZN|EE","Without Sequence","139.85","",""
"13/11/2023 07:00:00 - 13/11/2023 08:00:00","BZN|EE","Without Sequence","149.87","",""
"13/11/2023 08:00:00 - 13/11/2023 09:00:00","BZN|EE","Without Sequence","131.54","",""
"13/11/2023 09:00:00 - 13/11/2023 10:00:00","BZN|EE","Without Sequence","121.14","",""
"13/11/2023 10:00:00 - 13/11/2023 11:00:00","BZN|EE","Without Sequence","121.61","",""
"13/11/2023 11:00:00 - 13/11/2023 12:00:00","BZN|EE","Without Sequence","119.52","",""
"13/11/2023 12:00:00 - 13/11/2023 13:00:00","BZN|EE","Without Sequence","116.77","",""
"13/11/2023 13:00:00 - 13/11/2023 14:00:00","BZN|EE","Without Sequence","136.62","",""
"13/11/2023 14:00:00 - 13/11/2023 15:00:00","BZN|EE","Without Sequence","138.41","",""
"13/11/2023 15:00:00 - 13/11/2023 16:00:00","BZN|EE","Without Sequence","153.37","",""
"13/11/2023 16:00:00 - 13/11/2023 17:00:00","BZN|EE","Without Sequence","147.69","",""
"13/11/2023 17:00:00 - 13/11/2023 18:00:00","BZN|EE","Without Sequence","143.25","",""
"13/11/2023 18:00:00 - 13/11/2023 19:00:00","BZN|EE","Without Sequence","135.79","",""
"13/11/2023 19:00:00 - 13/11/2023 20:00:00","BZN|EE","Without Sequence","121.16","",""
"13/11/2023 20:00:00 - 13/11/2023 21:00:00","BZN|EE","Without Sequence","87.36","",""
"13/11/2023 21:00:00 - 13/11/2023 22:00:00","BZN|EE","Without Sequence","58.17","",""
"13/11/2023 22:00:00 - 13/11/2023 23:00:00","BZN|EE","Without Sequence","30.01","",""
"13/11/2023 23:00:00 - 14/11/2023 00:00:00","BZN|EE","Without Sequence","36.81","",""
"14/11/2023 00:00:00 - 14/11/2023 01:00:00","BZN|EE","Without Sequence","38.09","",""
"14/11/2023 01:00:00 - 14/11/2023 02:00:00","BZN|EE","Without Sequence","37.69","",""
"14/11/2023 02:00:00 - 14/11/2023 03:00:00","BZN|EE","Without Sequence","36.37","",""
"14/11/2023 03:00:00 - 14/11/2023 04:00:00","BZN|EE","Without Sequence","44.62","",""
"14/11/2023 04:00:00 - 14/11/2023 05:00:00","BZN|EE","Without Sequence","80.01","",""
"14/11/2023 05:00:00 - 14/11/2023 06:00:00","BZN|EE","Without Sequence","135.00","",""
"14/11/2023 06:00:00 - 14/11/2023 07:00:00","BZN|EE","Without Sequence","124.08","",""
"14/11/2023 07:00:00 - 14/11/2023 08:00:00","BZN|EE","Without Sequence","124.05","",""
"14/11/2023 08:00:00 - 14/11/2023 09:00:00","BZN|EE","Without Sequence","124.04","",""
"14/11/2023 09:00:00 - 14/11/2023 10:00:00","BZN|EE","Without Sequence","135.03","",""
"14/11/2023 10:00:00 - 14/11/2023 11:00:00","BZN|EE","Without Sequence","150.07","",""
"14/11/2023 11:00:00 - 14/11/2023 12:00:00","BZN|EE","Without Sequence","150.06","",""
"14/11/2023 12:00:00 - 14/11/2023 13:00:00","BZN|EE","Without Sequence","93.19","",""
"14/11/2023 13:00:00 - 14/11/2023 14:00:00","BZN|EE","Without Sequence","115.51","",""
"14/11/2023 14:00:00 - 14/11/2023 15:00:00","BZN|EE","Without Sequence","124.06","",""
"14/11/2023 15:00:00 - 14/11/2023 16:00:00","BZN|EE","Without Sequence","135.02","",""
"14/11/2023 16:00:00 - 14/11/2023 17:00:00","BZN|EE","Without Sequence","124.03","",""
"14/11/2023 17:00:00 - 14/11/2023 18:00:00","BZN|EE","Without Sequence","124.02","",""
"14/11/2023 18:00:00 - 14/11/2023 19:00:00","BZN|EE","Without Sequence","116.51","",""
"14/11/2023 19:00:00 - 14/11/2023 20:00:00","BZN|EE","Without Sequence","99.15","",""
"14/11/2023 20:00:00 - 14/11/2023 21:00:00","BZN|EE","Without Sequence","88.14","",""
"14/11/2023 21:00:00 - 14/11/2023 22:00:00","BZN|EE","Without Sequence","89.25","",""
"14/11/2023 22:00:00 - 14/11/2023 23:00:00","BZN|EE","Without Sequence","62.01","",""
"14/11/2023 23:00:00 - 15/11/2023 00:00:00","BZN|EE","Without Sequence","81.10","",""
"15/11/2023 00:00:00 - 15/11/2023 01:00:00","BZN|EE","Without Sequence","76.42","",""
"15/11/2023 01:00:00 - 15/11/2023 02:00:00","BZN|EE","Without Sequence","72.90","",""
"15/11/2023 02:00:00 - 15/11/2023 03:00:00","BZN|EE","Without Sequence","70.69","",""
"15/11/2023 03:00:00 - 15/11/2023 04:00:00","BZN|EE","Without Sequence","74.45","",""
"15/11/2023 04:00:00 - 15/11/2023 05:00:00","BZN|EE","Without Sequence","80.68","",""
"15/11/2023 05:00:00 - 15/11/2023 06:00:00","BZN|EE","Without Sequence","125.46","",""
"15/11/2023 06:00:00 - 15/11/2023 07:00:00","BZN|EE","Without Sequence","122.19","",""
"15/11/2023 07:00:00 - 15/11/2023 08:00:00","BZN|EE","Without Sequence","128.59","",""
"15/11/2023 08:00:00 - 15/11/2023 09:00:00","BZN|EE","Without Sequence","121.29","",""
"15/11/2023 09:00:00 - 15/11/2023 10:00:00","BZN|EE","Without Sequence","112.78","",""
"15/11/2023 10:00:00 - 15/11/2023 11:00:00","BZN|EE","Without Sequence","108.75","",""
"15/11/2023 11:00:00 - 15/11/2023 12:00:00","BZN|EE","Without Sequence","100.10","",""
"15/11/2023 12:00:00 - 15/11/2023 13:00:00","BZN|EE","Without Sequence","135.00","",""
"15/11/2023 13:00:00 - 15/11/2023 14:00:00","BZN|EE","Without Sequence","106.27","",""
"15/11/2023 14:00:00 - 15/11/2023 15:00:00","BZN|EE","Without Sequence","121.21","",""
"15/11/2023 15:00:00 - 15/11/2023 16:00:00","BZN|EE","Without Sequence","122.96","",""
"15/11/2023 16:00:00 - 15/11/2023 17:00:00","BZN|EE","Without Sequence","127.84","",""
"15/11/2023 17:00:00 - 15/11/2023 18:00:00","BZN|EE","Without Sequence","129.90","",""
"15/11/2023 18:00:00 - 15/11/2023 19:00:00","BZN|EE","Without Sequence","121.08","",""
"15/11/2023 19:00:00 - 15/11/2023 20:00:00","BZN|EE","Without Sequence","109.90","",""
"15/11/2023 20:00:00 - 15/11/2023 21:00:00","BZN|EE","Without Sequence","97.50","",""
"15/11/2023 21:00:00 - 15/11/2023 22:00:00","BZN|EE","Without Sequence","91.66","",""
"15/11/2023 22:00:00 - 15/11/2023 23:00:00","BZN|EE","Without Sequence","84.21","",""
"15/11/2023 23:00:00 - 16/11/2023 00:00:00","BZN|EE","Without Sequence","85.47","",""
"16/11/2023 00:00:00 - 16/11/2023 01:00:00","BZN|EE","Without Sequence","83.26","",""
"16/11/2023 01:00:00 - 16/11/2023 02:00:00","BZN|EE","Without Sequence","75.45","",""
"16/11/2023 02:00:00 - 16/11/2023 03:00:00","BZN|EE","Without Sequence","74.68","",""
"16/11/2023 03:00:00 - 16/11/2023 04:00:00","BZN|EE","Without Sequence","81.10","",""
"16/11/2023 04:00:00 - 16/11/2023 05:00:00","BZN|EE","Without Sequence","92.27","",""
"16/11/2023 05:00:00 - 16/11/2023 06:00:00","BZN|EE","Without Sequence","160.10","",""
"16/11/2023 06:00:00 - 16/11/2023 07:00:00","BZN|EE","Without Sequence","165.00","",""
"16/11/2023 07:00:00 - 16/11/2023 08:00:00","BZN|EE","Without Sequence","165.00","",""
"16/11/2023 08:00:00 - 16/11/2023 09:00:00","BZN|EE","Without Sequence","164.99","",""
"16/11/2023 09:00:00 - 16/11/2023 10:00:00","BZN|EE","Without Sequence","164.99","",""
"16/11/2023 10:00:00 - 16/11/2023 11:00:00","BZN|EE","Without Sequence","160.09","",""
"16/11/2023 11:00:00 - 16/11/2023 12:00:00","BZN|EE","Without Sequence","156.86","",""
"16/11/2023 12:00:00 - 16/11/2023 13:00:00","BZN|EE","Without Sequence","131.64","",""
"16/11/2023 13:00:00 - 16/11/2023 14:00:00","BZN|EE","Without Sequence","164.99","",""
"16/11/2023 14:00:00 - 16/11/2023 15:00:00","BZN|EE","Without Sequence","164.99","",""
"16/11/2023 15:00:00 - 16/11/2023 16:00:00","BZN|EE","Without Sequence","194.54","",""
"16/11/2023 16:00:00 - 16/11/2023 17:00:00","BZN|EE","Without Sequence","182.39","",""
"16/11/2023 17:00:00 - 16/11/2023 18:00:00","BZN|EE","Without Sequence","143.93","",""
"16/11/2023 18:00:00 - 16/11/2023 19:00:00","BZN|EE","Without Sequence","126.14","",""
"16/11/2023 19:00:00 - 16/11/2023 20:00:00","BZN|EE","Without Sequence","121.17","",""
"16/11/2023 20:00:00 - 16/11/2023 21:00:00","BZN|EE","Without Sequence","115.00","",""
"16/11/2023 21:00:00 - 16/11/2023 22:00:00","BZN|EE","Without Sequence","106.67","",""
"16/11/2023 22:00:00 - 16/11/2023 23:00:00","BZN|EE","Without Sequence","84.42","",""
"16/11/2023 23:00:00 - 17/11/2023 00:00:00","BZN|EE","Without Sequence","97.10","",""
"17/11/2023 00:00:00 - 17/11/2023 01:00:00","BZN|EE","Without Sequence","92.78","",""
"17/11/2023 01:00:00 - 17/11/2023 02:00:00","BZN|EE","Without Sequence","87.92","",""
"17/11/2023 02:00:00 - 17/11/2023 03:00:00","BZN|EE","Without Sequence","89.26","",""
"17/11/2023 03:00:00 - 17/11/2023 04:00:00","BZN|EE","Without Sequence","95.70","",""
"17/11/2023 04:00:00 - 17/11/2023 05:00:00","BZN|EE","Without Sequence","103.20","",""
"17/11/2023 05:00:00 - 17/11/2023 06:00:00","BZN|EE","Without Sequence","121.16","",""
"17/11/2023 06:00:00 - 17/11/2023 07:00:00","BZN|EE","Without Sequence","131.03","",""
"17/11/2023 07:00:00 - 17/11/2023 08:00:00","BZN|EE","Without Sequence","141.92","",""
"17/11/2023 08:00:00 - 17/11/2023 09:00:00","BZN|EE","Without Sequence","134.75","",""
"17/11/2023 09:00:00 - 17/11/2023 10:00:00","BZN|EE","Without Sequence","128.08","",""
"17/11/2023 10:00:00 - 17/11/2023 11:00:00","BZN|EE","Without Sequence","125.35","",""
"17/11/2023 11:00:00 - 17/11/2023 12:00:00","BZN|EE","Without Sequence","121.52","",""
"17/11/2023 12:00:00 - 17/11/2023 13:00:00","BZN|EE","Without Sequence","127.93","",""
"17/11/2023 13:00:00 - 17/11/2023 14:00:00","BZN|EE","Without Sequence","123.91","",""
"17/11/2023 14:00:00 - 17/11/2023 15:00:00","BZN|EE","Without Sequence","129.99","",""
"17/11/2023 15:00:00 - 17/11/2023 16:00:00","BZN|EE","Without Sequence","137.04","",""
"17/11/2023 16:00:00 - 17/11/2023 17:00:00","BZN|EE","Without Sequence","146.32","",""
"17/11/2023 17:00:00 - 17/11/2023 18:00:00","BZN|EE","Without Sequence","147.67","",""
"17/11/2023 18:00:00 - 17/11/2023 19:00:00","BZN|EE","Without Sequence","139.08","",""
"17/11/2023 19:00:00 - 17/11/2023 20:00:00","BZN|EE","Without Sequence","128.14","",""
"17/11/2023 20:00:00 - 17/11/2023 21:00:00","BZN|EE","Without Sequence","119.92","",""
"17/11/2023 21:00:00 - 17/11/2023 22:00:00","BZN|EE","Without Sequence","117.12","",""
"17/11/2023 22:00:00 - 17/11/2023 23:00:00","BZN|EE","Without Sequence","92.68","",""
"17/11/2023 23:00:00 - 18/11/2023 00:00:00","BZN|EE","Without Sequence","92.22","",""
"18/11/2023 00:00:00 - 18/11/2023 01:00:00","BZN|EE","Without Sequence","90.42","",""
"18/11/2023 01:00:00 - 18/11/2023 02:00:00","BZN|EE","Without Sequence","87.71","",""
"18/11/2023 02:00:00 - 18/11/2023 03:00:00","BZN|EE","Without Sequence","83.08","",""
"18/11/2023 03:00:00 - 18/11/2023 04:00:00","BZN|EE","Without Sequence","79.93","",""
"18/11/2023 04:00:00 - 18/11/2023 05:00:00","BZN|EE","Without Sequence","79.96","",""
"18/11/2023 05:00:00 - 18/11/2023 06:00:00","BZN|EE","Without Sequence","86.74","",""
"18/11/2023 06:00:00 - 18/11/2023 07:00:00","BZN|EE","Without Sequence","92.08","",""
"18/11/2023 07:00:00 - 18/11/2023 08:00:00","BZN|EE","Without Sequence","100.95","",""
"18/11/2023 08:00:00 - 18/11/2023 09:00:00","BZN|EE","Without Sequence","98.15","",""
"18/11/2023 09:00:00 - 18/11/2023 10:00:00","BZN|EE","Without Sequence","96.77","",""
"18/11/2023 10:00:00 - 18/11/2023 11:00:00","BZN|EE","Without Sequence","95.20","",""
"18/11/2023 11:00:00 - 18/11/2023 12:00:00","BZN|EE","Without Sequence","95.60","",""
"18/11/2023 12:00:00 - 18/11/2023 13:00:00","BZN|EE","Without Sequence","95.31","",""
"18/11/2023 13:00:00 - 18/11/2023 14:00:00","BZN|EE","Without Sequence","97.06","",""
"18/11/2023 14:00:00 - 18/11/2023 15:00:00","BZN|EE","Without Sequence","132.38","",""
"18/11/2023 15:00:00 - 18/11/2023 16:00:00","BZN|EE","Without Sequence","144.19","",""
"18/11/2023 16:00:00 - 18/11/2023 17:00:00","BZN|EE","Without Sequence","145.20","",""
"18/11/2023 17:00:00 - 18/11/2023 18:00:00","BZN|EE","Without Sequence","141.64","",""
"18/11/2023 18:00:00 - 18/11/2023 19:00:00","BZN|EE","Without Sequence","139.71","",""
"18/11/2023 19:00:00 - 18/11/2023 20:00:00","BZN|EE","Without Sequence","125.53","",""
"18/11/2023 20:00:00 - 18/11/2023 21:00:00","BZN|EE","Without Sequence","95.10","",""
"18/11/2023 21:00:00 - 18/11/2023 22:00:00","BZN|EE","Without Sequence","73.76","",""
"18/11/2023 22:00:00 - 18/11/2023 23:00:00","BZN|EE","Without Sequence","59.10","",""
"18/11/2023 23:00:00 - 19/11/2023 00:00:00","BZN|EE","Without Sequence","47.86","",""
"19/11/2023 00:00:00 - 19/11/2023 01:00:00","BZN|EE","Without Sequence","44.08","",""
"19/11/2023 01:00:00 - 19/11/2023 02:00:00","BZN|EE","Without Sequence","42.22","",""
"19/11/2023 02:00:00 - 19/11/2023 03:00:00","BZN|EE","Without Sequence","37.48","",""
"19/11/2023 03:00:00 - 19/11/2023 04:00:00","BZN|EE","Without Sequence","35.07","",""
"19/11/2023 04:00:00 - 19/11/2023 05:00:00","BZN|EE","Without Sequence","37.60","",""
"19/11/2023 05:00:00 - 19/11/2023 06:00:00","BZN|EE","Without Sequence","41.78","",""
"19/11/2023 06:00:00 - 19/11/2023 07:00:00","BZN|EE","Without Sequence","44.19","",""
"19/11/2023 07:00:00 - 19/11/2023 08:00:00","BZN|EE","Without Sequence","47.63","",""
"19/11/2023 08:00:00 - 19/11/2023 09:00:00","BZN|EE","Without Sequence","49.86","",""
"19/11/2023 09:00:00 - 19/11/2023 10:00:00","BZN|EE","Without Sequence","57.47","",""
"19/11/2023 10:00:00 - 19/11/2023 11:00:00","BZN|EE","Without Sequence","59.99","",""
"19/11/2023 11:00:00 - 19/11/2023 12:00:00","BZN|EE","Without Sequence","62.08","",""
"19/11/2023 12:00:00 - 19/11/2023 13:00:00","BZN|EE","Without Sequence","63.90","",""
"19/11/2023 13:00:00 - 19/11/2023 14:00:00","BZN|EE","Without Sequence","82.12","",""
"19/11/2023 14:00:00 - 19/11/2023 15:00:00","BZN|EE","Without Sequence","88.46","",""
"19/11/2023 15:00:00 - 19/11/2023 16:00:00","BZN|EE","Without Sequence","96.29","",""
"19/11/2023 16:00:00 - 19/11/2023 17:00:00","BZN|EE","Without Sequence","100.28","",""
"19/11/2023 17:00:00 - 19/11/2023 18:00:00","BZN|EE","Without Sequence","103.19","",""
"19/11/2023 18:00:00 - 19/11/2023 19:00:00","BZN|EE","Without Sequence","102.17","",""
"19/11/2023 19:00:00 - 19/11/2023 20:00:00","BZN|EE","Without Sequence","88.65","",""
"19/11/2023 20:00:00 - 19/11/2023 21:00:00","BZN|EE","Without Sequence","84.38","",""
"19/11/2023 21:00:00 - 19/11/2023 22:00:00","BZN|EE","Without Sequence","86.95","",""
"19/11/2023 22:00:00 - 19/11/2023 23:00:00","BZN|EE","Without Sequence","80.05","",""
"19/11/2023 23:00:00 - 20/11/2023 00:00:00","BZN|EE","Without Sequence","69.98","",""
"20/11/2023 00:00:00 - 20/11/2023 01:00:00","BZN|EE","Without Sequence","62.68","",""
"20/11/2023 01:00:00 - 20/11/2023 02:00:00","BZN|EE","Without Sequence","59.91","",""
"20/11/2023 02:00:00 - 20/11/2023 03:00:00","BZN|EE","Without Sequence","60.03","",""
"20/11/2023 03:00:00 - 20/11/2023 04:00:00","BZN|EE","Without Sequence","64.76","",""
"20/11/2023 04:00:00 - 20/11/2023 05:00:00","BZN|EE","Without Sequence","80.43","",""
"20/11/2023 05:00:00 - 20/11/2023 06:00:00","BZN|EE","Without Sequence","140.03","",""
"20/11/2023 06:00:00 - 20/11/2023 07:00:00","BZN|EE","Without Sequence","143.07","",""
"20/11/2023 07:00:00 - 20/11/2023 08:00:00","BZN|EE","Without Sequence","144.41","",""
"20/11/2023 08:00:00 - 20/11/2023 09:00:00","BZN|EE","Without Sequence","160.01","",""
"20/11/2023 09:00:00 - 20/11/2023 10:00:00","BZN|EE","Without Sequence","130.00","",""
"20/11/2023 10:00:00 - 20/11/2023 11:00:00","BZN|EE","Without Sequence","128.35","",""
"20/11/2023 11:00:00 - 20/11/2023 12:00:00","BZN|EE","Without Sequence","128.34","",""
"20/11/2023 12:00:00 - 20/11/2023 13:00:00","BZN|EE","Without Sequence","128.35","",""
"20/11/2023 13:00:00 - 20/11/2023 14:00:00","BZN|EE","Without Sequence","138.21","",""
"20/11/2023 14:00:00 - 20/11/2023 15:00:00","BZN|EE","Without Sequence","148.13","",""
"20/11/2023 15:00:00 - 20/11/2023 16:00:00","BZN|EE","Without Sequence","159.49","",""
"20/11/2023 16:00:00 - 20/11/2023 17:00:00","BZN|EE","Without Sequence","147.00","",""
"20/11/2023 17:00:00 - 20/11/2023 18:00:00","BZN|EE","Without Sequence","139.98","",""
"20/11/2023 18:00:00 - 20/11/2023 19:00:00","BZN|EE","Without Sequence","133.31","",""
"20/11/2023 19:00:00 - 20/11/2023 20:00:00","BZN|EE","Without Sequence","121.05","",""
"20/11/2023 20:00:00 - 20/11/2023 21:00:00","BZN|EE","Without Sequence","103.89","",""
"20/11/2023 21:00:00 - 20/11/2023 22:00:00","BZN|EE","Without Sequence","104.70","",""
"20/11/2023 22:00:00 - 20/11/2023 23:00:00","BZN|EE","Without Sequence","94.63","",""
"20/11/2023 23:00:00 - 21/11/2023 00:00:00","BZN|EE","Without Sequence","129.99","",""
"21/11/2023 00:00:00 - 21/11/2023 01:00:00","BZN|EE","Without Sequence","98.20","",""
"21/11/2023 01:00:00 - 21/11/2023 02:00:00","BZN|EE","Without Sequence","96.12","",""
"21/11/2023 02:00:00 - 21/11/2023 03:00:00","BZN|EE","Without Sequence","91.17","",""
"21/11/2023 03:00:00 - 21/11/2023 04:00:00","BZN|EE","Without Sequence","95.78","",""
"21/11/2023 04:00:00 - 21/11/2023 05:00:00","BZN|EE","Without Sequence","181.02","",""
"21/11/2023 05:00:00 - 21/11/2023 06:00:00","BZN|EE","Without Sequence","550.03","",""
"21/11/2023 06:00:00 - 21/11/2023 07:00:00","BZN|EE","Without Sequence","487.99","",""
"21/11/2023 07:00:00 - 21/11/2023 08:00:00","BZN|EE","Without Sequence","549.96","",""
"21/11/2023 08:00:00 - 21/11/2023 09:00:00","BZN|EE","Without Sequence","397.92","",""
"21/11/2023 09:00:00 - 21/11/2023 10:00:00","BZN|EE","Without Sequence","401.82","",""
"21/11/2023 10:00:00 - 21/11/2023 11:00:00","BZN|EE","Without Sequence","487.97","",""
"21/11/2023 11:00:00 - 21/11/2023 12:00:00","BZN|EE","Without Sequence","400.08","",""
"21/11/2023 12:00:00 - 21/11/2023 13:00:00","BZN|EE","Without Sequence","329.98","",""
"21/11/2023 13:00:00 - 21/11/2023 14:00:00","BZN|EE","Without Sequence","487.94","",""
"21/11/2023 14:00:00 - 21/11/2023 15:00:00","BZN|EE","Without Sequence","777.18","",""
"21/11/2023 15:00:00 - 21/11/2023 16:00:00","BZN|EE","Without Sequence","345.51","",""
"21/11/2023 16:00:00 - 21/11/2023 17:00:00","BZN|EE","Without Sequence","200.02","",""
"21/11/2023 17:00:00 - 21/11/2023 18:00:00","BZN|EE","Without Sequence","164.99","",""
"21/11/2023 18:00:00 - 21/11/2023 19:00:00","BZN|EE","Without Sequence","139.09","",""
"21/11/2023 19:00:00 - 21/11/2023 20:00:00","BZN|EE","Without Sequence","132.09","",""
"21/11/2023 20:00:00 - 21/11/2023 21:00:00","BZN|EE","Without Sequence","155.05","",""
"21/11/2023 21:00:00 - 21/11/2023 22:00:00","BZN|EE","Without Sequence","110.91","",""
"21/11/2023 22:00:00 - 21/11/2023 23:00:00","BZN|EE","Without Sequence","98.04","",""
"21/11/2023 23:00:00 - 22/11/2023 00:00:00","BZN|EE","Without Sequence","98.00","",""
"22/11/2023 00:00:00 - 22/11/2023 01:00:00","BZN|EE","Without Sequence","95.01","",""
"22/11/2023 01:00:00 - 22/11/2023 02:00:00","BZN|EE","Without Sequence","95.01","",""
"22/11/2023 02:00:00 - 22/11/2023 03:00:00","BZN|EE","Without Sequence","92.00","",""
"22/11/2023 03:00:00 - 22/11/2023 04:00:00","BZN|EE","Without Sequence","92.48","",""
"22/11/2023 04:00:00 - 22/11/2023 05:00:00","BZN|EE","Without Sequence","94.75","",""
"22/11/2023 05:00:00 - 22/11/2023 06:00:00","BZN|EE","Without Sequence","119.93","",""
"22/11/2023 06:00:00 - 22/11/2023 07:00:00","BZN|EE","Without Sequence","325.00","",""
"22/11/2023 07:00:00 - 22/11/2023 08:00:00","BZN|EE","Without Sequence","200.05","",""
"22/11/2023 08:00:00 - 22/11/2023 09:00:00","BZN|EE","Without Sequence","133.24","",""
"22/11/2023 09:00:00 - 22/11/2023 10:00:00","BZN|EE","Without Sequence","116.14","",""
"22/11/2023 10:00:00 - 22/11/2023 11:00:00","BZN|EE","Without Sequence","152.35","",""
"22/11/2023 11:00:00 - 22/11/2023 12:00:00","BZN|EE","Without Sequence","200.03","",""
"22/11/2023 12:00:00 - 22/11/2023 13:00:00","BZN|EE","Without Sequence","200.05","",""
"22/11/2023 13:00:00 - 22/11/2023 14:00:00","BZN|EE","Without Sequence","139.43","",""
"22/11/2023 14:00:00 - 22/11/2023 15:00:00","BZN|EE","Without Sequence","160.45","",""
"22/11/2023 15:00:00 - 22/11/2023 16:00:00","BZN|EE","Without Sequence","162.39","",""
"22/11/2023 16:00:00 - 22/11/2023 17:00:00","BZN|EE","Without Sequence","138.82","",""
"22/11/2023 17:00:00 - 22/11/2023 18:00:00","BZN|EE","Without Sequence","129.89","",""
"22/11/2023 18:00:00 - 22/11/2023 19:00:00","BZN|EE","Without Sequence","79.00","",""
"22/11/2023 19:00:00 - 22/11/2023 20:00:00","BZN|EE","Without Sequence","15.63","",""
"22/11/2023 20:00:00 - 22/11/2023 21:00:00","BZN|EE","Without Sequence","15.28","",""
"22/11/2023 21:00:00 - 22/11/2023 22:00:00","BZN|EE","Without Sequence","12.74","",""
"22/11/2023 22:00:00 - 22/11/2023 23:00:00","BZN|EE","Without Sequence","11.88","",""
"22/11/2023 23:00:00 - 23/11/2023 00:00:00","BZN|EE","Without Sequence","10.04","",""
"23/11/2023 00:00:00 - 23/11/2023 01:00:00","BZN|EE","Without Sequence","10.01","",""
"23/11/2023 01:00:00 - 23/11/2023 02:00:00","BZN|EE","Without Sequence","10.02","",""
"23/11/2023 02:00:00 - 23/11/2023 03:00:00","BZN|EE","Without Sequence","10.06","",""
"23/11/2023 03:00:00 - 23/11/2023 04:00:00","BZN|EE","Without Sequence","11.79","",""
"23/11/2023 04:00:00 - 23/11/2023 05:00:00","BZN|EE","Without Sequence","16.42","",""
"23/11/2023 05:00:00 - 23/11/2023 06:00:00","BZN|EE","Without Sequence","58.29","",""
"23/11/2023 06:00:00 - 23/11/2023 07:00:00","BZN|EE","Without Sequence","85.77","",""
"23/11/2023 07:00:00 - 23/11/2023 08:00:00","BZN|EE","Without Sequence","86.94","",""
"23/11/2023 08:00:00 - 23/11/2023 09:00:00","BZN|EE","Without Sequence","87.67","",""
"23/11/2023 09:00:00 - 23/11/2023 10:00:00","BZN|EE","Without Sequence","87.58","",""
"23/11/2023 10:00:00 - 23/11/2023 11:00:00","BZN|EE","Without Sequence","88.16","",""
"23/11/2023 11:00:00 - 23/11/2023 12:00:00","BZN|EE","Without Sequence","88.00","",""
"23/11/2023 12:00:00 - 23/11/2023 13:00:00","BZN|EE","Without Sequence","87.17","",""
"23/11/2023 13:00:00 - 23/11/2023 14:00:00","BZN|EE","Without Sequence","85.40","",""
"23/11/2023 14:00:00 - 23/11/2023 15:00:00","BZN|EE","Without Sequence","87.38","",""
"23/11/2023 15:00:00 - 23/11/2023 16:00:00","BZN|EE","Without Sequence","87.44","",""
"23/11/2023 16:00:00 - 23/11/2023 17:00:00","BZN|EE","Without Sequence","87.25","",""
"23/11/2023 17:00:00 - 23/11/2023 18:00:00","BZN|EE","Without Sequence","87.31","",""
"23/11/2023 18:00:00 - 23/11/2023 19:00:00","BZN|EE","Without Sequence","87.59","",""
"23/11/2023 19:00:00 - 23/11/2023 20:00:00","BZN|EE","Without Sequence","64.99","",""
"23/11/2023 20:00:00 - 23/11/2023 21:00:00","BZN|EE","Without Sequence","56.44","",""
"23/11/2023 21:00:00 - 23/11/2023 22:00:00","BZN|EE","Without Sequence","25.10","",""
"23/11/2023 22:00:00 - 23/11/2023 23:00:00","BZN|EE","Without Sequence","25.01","",""
"23/11/2023 23:00:00 - 24/11/2023 00:00:00","BZN|EE","Without Sequence","31.83","",""
"24/11/2023 00:00:00 - 24/11/2023 01:00:00","BZN|EE","Without Sequence","27.59","",""
"24/11/2023 01:00:00 - 24/11/2023 02:00:00","BZN|EE","Without Sequence","18.42","",""
"24/11/2023 02:00:00 - 24/11/2023 03:00:00","BZN|EE","Without Sequence","10.01","",""
"24/11/2023 03:00:00 - 24/11/2023 04:00:00","BZN|EE","Without Sequence","15.80","",""
"24/11/2023 04:00:00 - 24/11/2023 05:00:00","BZN|EE","Without Sequence","38.24","",""
"24/11/2023 05:00:00 - 24/11/2023 06:00:00","BZN|EE","Without Sequence","87.75","",""
"24/11/2023 06:00:00 - 24/11/2023 07:00:00","BZN|EE","Without Sequence","87.68","",""
"24/11/2023 07:00:00 - 24/11/2023 08:00:00","BZN|EE","Without Sequence","113.77","",""
"24/11/2023 08:00:00 - 24/11/2023 09:00:00","BZN|EE","Without Sequence","87.65","",""
"24/11/2023 09:00:00 - 24/11/2023 10:00:00","BZN|EE","Without Sequence","87.80","",""
"24/11/2023 10:00:00 - 24/11/2023 11:00:00","BZN|EE","Without Sequence","87.72","",""
"24/11/2023 11:00:00 - 24/11/2023 12:00:00","BZN|EE","Without Sequence","87.78","",""
"24/11/2023 12:00:00 - 24/11/2023 13:00:00","BZN|EE","Without Sequence","88.58","",""
"24/11/2023 13:00:00 - 24/11/2023 14:00:00","BZN|EE","Without Sequence","104.20","",""
"24/11/2023 14:00:00 - 24/11/2023 15:00:00","BZN|EE","Without Sequence","113.34","",""
"24/11/2023 15:00:00 - 24/11/2023 16:00:00","BZN|EE","Without Sequence","121.41","",""
"24/11/2023 16:00:00 - 24/11/2023 17:00:00","BZN|EE","Without Sequence","120.38","",""
"24/11/2023 17:00:00 - 24/11/2023 18:00:00","BZN|EE","Without Sequence","118.61","",""
"24/11/2023 18:00:00 - 24/11/2023 19:00:00","BZN|EE","Without Sequence","120.36","",""
"24/11/2023 19:00:00 - 24/11/2023 20:00:00","BZN|EE","Without Sequence","118.61","",""
"24/11/2023 20:00:00 - 24/11/2023 21:00:00","BZN|EE","Without Sequence","100.29","",""
"24/11/2023 21:00:00 - 24/11/2023 22:00:00","BZN|EE","Without Sequence","89.18","",""
"24/11/2023 22:00:00 - 24/11/2023 23:00:00","BZN|EE","Without Sequence","83.89","",""
"24/11/2023 23:00:00 - 25/11/2023 00:00:00","BZN|EE","Without Sequence","78.07","",""
"25/11/2023 00:00:00 - 25/11/2023 01:00:00","BZN|EE","Without Sequence","74.03","",""
"25/11/2023 01:00:00 - 25/11/2023 02:00:00","BZN|EE","Without Sequence","72.07","",""
"25/11/2023 02:00:00 - 25/11/2023 03:00:00","BZN|EE","Without Sequence","71.61","",""
"25/11/2023 03:00:00 - 25/11/2023 04:00:00","BZN|EE","Without Sequence","69.99","",""
"25/11/2023 04:00:00 - 25/11/2023 05:00:00","BZN|EE","Without Sequence","74.19","",""
"25/11/2023 05:00:00 - 25/11/2023 06:00:00","BZN|EE","Without Sequence","79.81","",""
"25/11/2023 06:00:00 - 25/11/2023 07:00:00","BZN|EE","Without Sequence","87.08","",""
"25/11/2023 07:00:00 - 25/11/2023 08:00:00","BZN|EE","Without Sequence","94.29","",""
"25/11/2023 08:00:00 - 25/11/2023 09:00:00","BZN|EE","Without Sequence","90.79","",""
"25/11/2023 09:00:00 - 25/11/2023 10:00:00","BZN|EE","Without Sequence","89.17","",""
"25/11/2023 10:00:00 - 25/11/2023 11:00:00","BZN|EE","Without Sequence","87.06","",""
"25/11/2023 11:00:00 - 25/11/2023 12:00:00","BZN|EE","Without Sequence","84.07","",""
"25/11/2023 12:00:00 - 25/11/2023 13:00:00","BZN|EE","Without Sequence","82.37","",""
"25/11/2023 13:00:00 - 25/11/2023 14:00:00","BZN|EE","Without Sequence","90.09","",""
"25/11/2023 14:00:00 - 25/11/2023 15:00:00","BZN|EE","Without Sequence","101.80","",""
"25/11/2023 15:00:00 - 25/11/2023 16:00:00","BZN|EE","Without Sequence","115.42","",""
"25/11/2023 16:00:00 - 25/11/2023 17:00:00","BZN|EE","Without Sequence","124.10","",""
"25/11/2023 17:00:00 - 25/11/2023 18:00:00","BZN|EE","Without Sequence","127.35","",""
"25/11/2023 18:00:00 - 25/11/2023 19:00:00","BZN|EE","Without Sequence","127.19","",""
"25/11/2023 19:00:00 - 25/11/2023 20:00:00","BZN|EE","Without Sequence","121.12","",""
"25/11/2023 20:00:00 - 25/11/2023 21:00:00","BZN|EE","Without Sequence","114.30","",""
"25/11/2023 21:00:00 - 25/11/2023 22:00:00","BZN|EE","Without Sequence","108.88","",""
"25/11/2023 22:00:00 - 25/11/2023 23:00:00","BZN|EE","Without Sequence","93.82","",""
"25/11/2023 23:00:00 - 26/11/2023 00:00:00","BZN|EE","Without Sequence","107.66","",""
"26/11/2023 00:00:00 - 26/11/2023 01:00:00","BZN|EE","Without Sequence","102.20","",""
"26/11/2023 01:00:00 - 26/11/2023 02:00:00","BZN|EE","Without Sequence","98.88","",""
"26/11/2023 02:00:00 - 26/11/2023 03:00:00","BZN|EE","Without Sequence","96.92","",""
"26/11/2023 03:00:00 - 26/11/2023 04:00:00","BZN|EE","Without Sequence","94.26","",""
"26/11/2023 04:00:00 - 26/11/2023 05:00:00","BZN|EE","Without Sequence","109.95","",""
"26/11/2023 05:00:00 - 26/11/2023 06:00:00","BZN|EE","Without Sequence","98.86","",""
"26/11/2023 06:00:00 - 26/11/2023 07:00:00","BZN|EE","Without Sequence","102.20","",""
"26/11/2023 07:00:00 - 26/11/2023 08:00:00","BZN|EE","Without Sequence","142.22","",""
"26/11/2023 08:00:00 - 26/11/2023 09:00:00","BZN|EE","Without Sequence","144.89","",""
"26/11/2023 09:00:00 - 26/11/2023 10:00:00","BZN|EE","Without Sequence","112.52","",""
"26/11/2023 10:00:00 - 26/11/2023 11:00:00","BZN|EE","Without Sequence","123.31","",""
"26/11/2023 11:00:00 - 26/11/2023 12:00:00","BZN|EE","Without Sequence","110.65","",""
"26/11/2023 12:00:00 - 26/11/2023 13:00:00","BZN|EE","Without Sequence","107.38","",""
"26/11/2023 13:00:00 - 26/11/2023 14:00:00","BZN|EE","Without Sequence","129.99","",""
"26/11/2023 14:00:00 - 26/11/2023 15:00:00","BZN|EE","Without Sequence","144.90","",""
"26/11/2023 15:00:00 - 26/11/2023 16:00:00","BZN|EE","Without Sequence","145.03","",""
"26/11/2023 16:00:00 - 26/11/2023 17:00:00","BZN|EE","Without Sequence","145.01","",""
"26/11/2023 17:00:00 - 26/11/2023 18:00:00","BZN|EE","Without Sequence","149.67","",""
"26/11/2023 18:00:00 - 26/11/2023 19:00:00","BZN|EE","Without Sequence","143.14","",""
"26/11/2023 19:00:00 - 26/11/2023 20:00:00","BZN|EE","Without Sequence","135.91","",""
"26/11/2023 20:00:00 - 26/11/2023 21:00:00","BZN|EE","Without Sequence","122.41","",""
"26/11/2023 21:00:00 - 26/11/2023 22:00:00","BZN|EE","Without Sequence","118.99","",""
"26/11/2023 22:00:00 - 26/11/2023 23:00:00","BZN|EE","Without Sequence","101.06","",""
"26/11/2023 23:00:00 - 27/11/2023 00:00:00","BZN|EE","Without Sequence","96.18","",""
"27/11/2023 00:00:00 - 27/11/2023 01:00:00","BZN|EE","Without Sequence","91.17","",""
"27/11/2023 01:00:00 - 27/11/2023 02:00:00","BZN|EE","Without Sequence","89.90","",""
"27/11/2023 02:00:00 - 27/11/2023 03:00:00","BZN|EE","Without Sequence","88.82","",""
"27/11/2023 03:00:00 - 27/11/2023 04:00:00","BZN|EE","Without Sequence","87.91","",""
"27/11/2023 04:00:00 - 27/11/2023 05:00:00","BZN|EE","Without Sequence","94.09","",""
"27/11/2023 05:00:00 - 27/11/2023 06:00:00","BZN|EE","Without Sequence","155.03","",""
"27/11/2023 06:00:00 - 27/11/2023 07:00:00","BZN|EE","Without Sequence","180.06","",""
"27/11/2023 07:00:00 - 27/11/2023 08:00:00","BZN|EE","Without Sequence","180.09","",""
"27/11/2023 08:00:00 - 27/11/2023 09:00:00","BZN|EE","Without Sequence","145.64","",""
"27/11/2023 09:00:00 - 27/11/2023 10:00:00","BZN|EE","Without Sequence","149.02","",""
"27/11/2023 10:00:00 - 27/11/2023 11:00:00","BZN|EE","Without Sequence","150.09","",""
"27/11/2023 11:00:00 - 27/11/2023 12:00:00","BZN|EE","Without Sequence","150.05","",""
"27/11/2023 12:00:00 - 27/11/2023 13:00:00","BZN|EE","Without Sequence","149.95","",""
"27/11/2023 13:00:00 - 27/11/2023 14:00:00","BZN|EE","Without Sequence","145.10","",""
"27/11/2023 14:00:00 - 27/11/2023 15:00:00","BZN|EE","Without Sequence","163.42","",""
"27/11/2023 15:00:00 - 27/11/2023 16:00:00","BZN|EE","Without Sequence","169.68","",""
"27/11/2023 16:00:00 - 27/11/2023 17:00:00","BZN|EE","Without Sequence","160.21","",""
"27/11/2023 17:00:00 - 27/11/2023 18:00:00","BZN|EE","Without Sequence","150.54","",""
"27/11/2023 18:00:00 - 27/11/2023 19:00:00","BZN|EE","Without Sequence","150.78","",""
"27/11/2023 19:00:00 - 27/11/2023 20:00:00","BZN|EE","Without Sequence","150.31","",""
"27/11/2023 20:00:00 - 27/11/2023 21:00:00","BZN|EE","Without Sequence","116.84","",""
"27/11/2023 21:00:00 - 27/11/2023 22:00:00","BZN|EE","Without Sequence","94.74","",""
"27/11/2023 22:00:00 - 27/11/2023 23:00:00","BZN|EE","Without Sequence","80.74","",""
"27/11/2023 23:00:00 - 28/11/2023 00:00:00","BZN|EE","Without Sequence","77.74","",""
"28/11/2023 00:00:00 - 28/11/2023 01:00:00","BZN|EE","Without Sequence","70.49","",""
"28/11/2023 01:00:00 - 28/11/2023 02:00:00","BZN|EE","Without Sequence","67.47","",""
"28/11/2023 02:00:00 - 28/11/2023 03:00:00","BZN|EE","Without Sequence","64.69","",""
"28/11/2023 03:00:00 - 28/11/2023 04:00:00","BZN|EE","Without Sequence","68.29","",""
"28/11/2023 04:00:00 - 28/11/2023 05:00:00","BZN|EE","Without Sequence","82.66","",""
"28/11/2023 05:00:00 - 28/11/2023 06:00:00","BZN|EE","Without Sequence","120.54","",""
"28/11/2023 06:00:00 - 28/11/2023 07:00:00","BZN|EE","Without Sequence","180.03","",""
"28/11/2023 07:00:00 - 28/11/2023 08:00:00","BZN|EE","Without Sequence","250.08","",""
"28/11/2023 08:00:00 - 28/11/2023 09:00:00","BZN|EE","Without Sequence","250.02","",""
"28/11/2023 09:00:00 - 28/11/2023 10:00:00","BZN|EE","Without Sequence","139.73","",""
"28/11/2023 10:00:00 - 28/11/2023 11:00:00","BZN|EE","Without Sequence","142.15","",""
"28/11/2023 11:00:00 - 28/11/2023 12:00:00","BZN|EE","Without Sequence","139.24","",""
"28/11/2023 12:00:00 - 28/11/2023 13:00:00","BZN|EE","Without Sequence","141.21","",""
"28/11/2023 13:00:00 - 28/11/2023 14:00:00","BZN|EE","Without Sequence","144.60","",""
"28/11/2023 14:00:00 - 28/11/2023 15:00:00","BZN|EE","Without Sequence","150.00","",""
"28/11/2023 15:00:00 - 28/11/2023 16:00:00","BZN|EE","Without Sequence","164.01","",""
"28/11/2023 16:00:00 - 28/11/2023 17:00:00","BZN|EE","Without Sequence","189.98","",""
"28/11/2023 17:00:00 - 28/11/2023 18:00:00","BZN|EE","Without Sequence","177.00","",""
"28/11/2023 18:00:00 - 28/11/2023 19:00:00","BZN|EE","Without Sequence","159.10","",""
"28/11/2023 19:00:00 - 28/11/2023 20:00:00","BZN|EE","Without Sequence","138.85","",""
"28/11/2023 20:00:00 - 28/11/2023 21:00:00","BZN|EE","Without Sequence","125.44","",""
"28/11/2023 21:00:00 - 28/11/2023 22:00:00","BZN|EE","Without Sequence","115.85","",""
"28/11/2023 22:00:00 - 28/11/2023 23:00:00","BZN|EE","Without Sequence","105.62","",""
"28/11/2023 23:00:00 - 29/11/2023 00:00:00","BZN|EE","Without Sequence","98.50","",""
"29/11/2023 00:00:00 - 29/11/2023 01:00:00","BZN|EE","Without Sequence","96.35","",""
"29/11/2023 01:00:00 - 29/11/2023 02:00:00","BZN|EE","Without Sequence","92.03","",""
"29/11/2023 02:00:00 - 29/11/2023 03:00:00","BZN|EE","Without Sequence","83.82","",""
"29/11/2023 03:00:00 - 29/11/2023 04:00:00","BZN|EE","Without Sequence","84.27","",""
"29/11/2023 04:00:00 - 29/11/2023 05:00:00","BZN|EE","Without Sequence","95.70","",""
"29/11/2023 05:00:00 - 29/11/2023 06:00:00","BZN|EE","Without Sequence","141.77","",""
"29/11/2023 06:00:00 - 29/11/2023 07:00:00","BZN|EE","Without Sequence","250.02","",""
"29/11/2023 07:00:00 - 29/11/2023 08:00:00","BZN|EE","Without Sequence","384.01","",""
"29/11/2023 08:00:00 - 29/11/2023 09:00:00","BZN|EE","Without Sequence","250.08","",""
"29/11/2023 09:00:00 - 29/11/2023 10:00:00","BZN|EE","Without Sequence","183.75","",""
"29/11/2023 10:00:00 - 29/11/2023 11:00:00","BZN|EE","Without Sequence","130.37","",""
"29/11/2023 11:00:00 - 29/11/2023 12:00:00","BZN|EE","Without Sequence","131.24","",""
"29/11/2023 12:00:00 - 29/11/2023 13:00:00","BZN|EE","Without Sequence","163.64","",""
"29/11/2023 13:00:00 - 29/11/2023 14:00:00","BZN|EE","Without Sequence","151.75","",""
"29/11/2023 14:00:00 - 29/11/2023 15:00:00","BZN|EE","Without Sequence","250.02","",""
"29/11/2023 15:00:00 - 29/11/2023 16:00:00","BZN|EE","Without Sequence","200.00","",""
"29/11/2023 16:00:00 - 29/11/2023 17:00:00","BZN|EE","Without Sequence","250.00","",""
"29/11/2023 17:00:00 - 29/11/2023 18:00:00","BZN|EE","Without Sequence","250.00","",""
"29/11/2023 18:00:00 - 29/11/2023 19:00:00","BZN|EE","Without Sequence","200.00","",""
"29/11/2023 19:00:00 - 29/11/2023 20:00:00","BZN|EE","Without Sequence","161.00","",""
"29/11/2023 20:00:00 - 29/11/2023 21:00:00","BZN|EE","Without Sequence","139.01","",""
"29/11/2023 21:00:00 - 29/11/2023 22:00:00","BZN|EE","Without Sequence","128.50","",""
"29/11/2023 22:00:00 - 29/11/2023 23:00:00","BZN|EE","Without Sequence","114.27","",""
"29/11/2023 23:00:00 - 30/11/2023 00:00:00","BZN|EE","Without Sequence","104.79","",""
"30/11/2023 00:00:00 - 30/11/2023 01:00:00","BZN|EE","Without Sequence","104.52","",""
"30/11/2023 01:00:00 - 30/11/2023 02:00:00","BZN|EE","Without Sequence","102.20","",""
"30/11/2023 02:00:00 - 30/11/2023 03:00:00","BZN|EE","Without Sequence","100.00","",""
"30/11/2023 03:00:00 - 30/11/2023 04:00:00","BZN|EE","Without Sequence","101.63","",""
"30/11/2023 04:00:00 - 30/11/2023 05:00:00","BZN|EE","Without Sequence","106.30","",""
"30/11/2023 05:00:00 - 30/11/2023 06:00:00","BZN|EE","Without Sequence","129.41","",""
"30/11/2023 06:00:00 - 30/11/2023 07:00:00","BZN|EE","Without Sequence","168.09","",""
"30/11/2023 07:00:00 - 30/11/2023 08:00:00","BZN|EE","Without Sequence","219.27","",""
"30/11/2023 08:00:00 - 30/11/2023 09:00:00","BZN|EE","Without Sequence","237.22","",""
"30/11/2023 09:00:00 - 30/11/2023 10:00:00","BZN|EE","Without Sequence","224.12","",""
"30/11/2023 10:00:00 - 30/11/2023 11:00:00","BZN|EE","Without Sequence","225.01","",""
"30/11/2023 11:00:00 - 30/11/2023 12:00:00","BZN|EE","Without Sequence","196.17","",""
"30/11/2023 12:00:00 - 30/11/2023 13:00:00","BZN|EE","Without Sequence","190.58","",""
"30/11/2023 13:00:00 - 30/11/2023 14:00:00","BZN|EE","Without Sequence","195.00","",""
"30/11/2023 14:00:00 - 30/11/2023 15:00:00","BZN|EE","Without Sequence","195.00","",""
"30/11/2023 15:00:00 - 30/11/2023 16:00:00","BZN|EE","Without Sequence","226.00","",""
"30/11/2023 16:00:00 - 30/11/2023 17:00:00","BZN|EE","Without Sequence","259.86","",""
"30/11/2023 17:00:00 - 30/11/2023 18:00:00","BZN|EE","Without Sequence","236.75","",""
"30/11/2023 18:00:00 - 30/11/2023 19:00:00","BZN|EE","Without Sequence","194.50","",""
"30/11/2023 19:00:00 - 30/11/2023 20:00:00","BZN|EE","Without Sequence","154.72","",""
"30/11/2023 20:00:00 - 30/11/2023 21:00:00","BZN|EE","Without Sequence","133.05","",""
"30/11/2023 21:00:00 - 30/11/2023 22:00:00","BZN|EE","Without Sequence","125.88","",""
"30/11/2023 22:00:00 - 30/11/2023 23:00:00","BZN|EE","Without Sequence","115.09","",""
"30/11/2023 23:00:00 - 01/12/2023 00:00:00","BZN|EE","Without Sequence","106.91","",""
"01/12/2023 00:00:00 - 01/12/2023 01:00:00","BZN|EE","Without Sequence","102.63","",""
"01/12/2023 01:00:00 - 01/12/2023 02:00:00","BZN|EE","Without Sequence","99.10","",""
"01/12/2023 02:00:00 - 01/12/2023 03:00:00","BZN|EE","Without Sequence","96.31","",""
"01/12/2023 03:00:00 - 01/12/2023 04:00:00","BZN|EE","Without Sequence","96.16","",""
"01/12/2023 04:00:00 - 01/12/2023 05:00:00","BZN|EE","Without Sequence","102.94","",""
"01/12/2023 05:00:00 - 01/12/2023 06:00:00","BZN|EE","Without Sequence","120.83","",""
"01/12/2023 06:00:00 - 01/12/2023 07:00:00","BZN|EE","Without Sequence","152.97","",""
"01/12/2023 07:00:00 - 01/12/2023 08:00:00","BZN|EE","Without Sequence","206.38","",""
"01/12/2023 08:00:00 - 01/12/2023 09:00:00","BZN|EE","Without Sequence","228.11","",""
"01/12/2023 09:00:00 - 01/12/2023 10:00:00","BZN|EE","Without Sequence","220.66","",""
"01/12/2023 10:00:00 - 01/12/2023 11:00:00","BZN|EE","Without Sequence","218.77","",""
"01/12/2023 11:00:00 - 01/12/2023 12:00:00","BZN|EE","Without Sequence","205.56","",""
"01/12/2023 12:00:00 - 01/12/2023 13:00:00","BZN|EE","Without Sequence","179.23","",""
"01/12/2023 13:00:00 - 01/12/2023 14:00:00","BZN|EE","Without Sequence","178.97","",""
"01/12/2023 14:00:00 - 01/12/2023 15:00:00","BZN|EE","Without Sequence","186.14","",""
"01/12/2023 15:00:00 - 01/12/2023 16:00:00","BZN|EE","Without Sequence","201.12","",""
"01/12/2023 16:00:00 - 01/12/2023 17:00:00","BZN|EE","Without Sequence","225.15","",""
"01/12/2023 17:00:00 - 01/12/2023 18:00:00","BZN|EE","Without Sequence","199.16","",""
"01/12/2023 18:00:00 - 01/12/2023 19:00:00","BZN|EE","Without Sequence","170.21","",""
"01/12/2023 19:00:00 - 01/12/2023 20:00:00","BZN|EE","Without Sequence","143.46","",""
"01/12/2023 20:00:00 - 01/12/2023 21:00:00","BZN|EE","Without Sequence","125.81","",""
"01/12/2023 21:00:00 - 01/12/2023 22:00:00","BZN|EE","Without Sequence","120.45","",""
"01/12/2023 22:00:00 - 01/12/2023 23:00:00","BZN|EE","Without Sequence","108.80","",""
"01/12/2023 23:00:00 - 02/12/2023 00:00:00","BZN|EE","Without Sequence","102.69","",""
"02/12/2023 00:00:00 - 02/12/2023 01:00:00","BZN|EE","Without Sequence","97.76","",""
"02/12/2023 01:00:00 - 02/12/2023 02:00:00","BZN|EE","Without Sequence","91.55","",""
"02/12/2023 02:00:00 - 02/12/2023 03:00:00","BZN|EE","Without Sequence","89.97","",""
"02/12/2023 03:00:00 - 02/12/2023 04:00:00","BZN|EE","Without Sequence","95.12","",""
"02/12/2023 04:00:00 - 02/12/2023 05:00:00","BZN|EE","Without Sequence","95.72","",""
"02/12/2023 05:00:00 - 02/12/2023 06:00:00","BZN|EE","Without Sequence","96.55","",""
"02/12/2023 06:00:00 - 02/12/2023 07:00:00","BZN|EE","Without Sequence","189.91","",""
"02/12/2023 07:00:00 - 02/12/2023 08:00:00","BZN|EE","Without Sequence","137.49","",""
"02/12/2023 08:00:00 - 02/12/2023 09:00:00","BZN|EE","Without Sequence","160.21","",""
"02/12/2023 09:00:00 - 02/12/2023 10:00:00","BZN|EE","Without Sequence","193.42","",""
"02/12/2023 10:00:00 - 02/12/2023 11:00:00","BZN|EE","Without Sequence","160.88","",""
"02/12/2023 11:00:00 - 02/12/2023 12:00:00","BZN|EE","Without Sequence","137.50","",""
"02/12/2023 12:00:00 - 02/12/2023 13:00:00","BZN|EE","Without Sequence","137.50","",""
"02/12/2023 13:00:00 - 02/12/2023 14:00:00","BZN|EE","Without Sequence","137.49","",""
"02/12/2023 14:00:00 - 02/12/2023 15:00:00","BZN|EE","Without Sequence","200.07","",""
"02/12/2023 15:00:00 - 02/12/2023 16:00:00","BZN|EE","Without Sequence","250.00","",""
"02/12/2023 16:00:00 - 02/12/2023 17:00:00","BZN|EE","Without Sequence","200.03","",""
"02/12/2023 17:00:00 - 02/12/2023 18:00:00","BZN|EE","Without Sequence","144.96","",""
"02/12/2023 18:00:00 - 02/12/2023 19:00:00","BZN|EE","Without Sequence","129.56","",""
"02/12/2023 19:00:00 - 02/12/2023 20:00:00","BZN|EE","Without Sequence","119.58","",""
"02/12/2023 20:00:00 - 02/12/2023 21:00:00","BZN|EE","Without Sequence","112.08","",""
"02/12/2023 21:00:00 - 02/12/2023 22:00:00","BZN|EE","Without Sequence","106.70","",""
"02/12/2023 22:00:00 - 02/12/2023 23:00:00","BZN|EE","Without Sequence","102.94","",""
"02/12/2023 23:00:00 - 03/12/2023 00:00:00","BZN|EE","Without Sequence","105.15","",""
"03/12/2023 00:00:00 - 03/12/2023 01:00:00","BZN|EE","Without Sequence","99.70","",""
"03/12/2023 01:00:00 - 03/12/2023 02:00:00","BZN|EE","Without Sequence","94.97","",""
"03/12/2023 02:00:00 - 03/12/2023 03:00:00","BZN|EE","Without Sequence","88.83","",""
"03/12/2023 03:00:00 - 03/12/2023 04:00:00","BZN|EE","Without Sequence","92.35","",""
"03/12/2023 04:00:00 - 03/12/2023 05:00:00","BZN|EE","Without Sequence","89.52","",""
"03/12/2023 05:00:00 - 03/12/2023 06:00:00","BZN|EE","Without Sequence","88.86","",""
"03/12/2023 06:00:00 - 03/12/2023 07:00:00","BZN|EE","Without Sequence","92.13","",""
"03/12/2023 07:00:00 - 03/12/2023 08:00:00","BZN|EE","Without Sequence","97.02","",""
"03/12/2023 08:00:00 - 03/12/2023 09:00:00","BZN|EE","Without Sequence","250.06","",""
"03/12/2023 09:00:00 - 03/12/2023 10:00:00","BZN|EE","Without Sequence","168.61","",""
"03/12/2023 10:00:00 - 03/12/2023 11:00:00","BZN|EE","Without Sequence","141.40","",""
"03/12/2023 11:00:00 - 03/12/2023 12:00:00","BZN|EE","Without Sequence","141.40","",""
"03/12/2023 12:00:00 - 03/12/2023 13:00:00","BZN|EE","Without Sequence","189.50","",""
"03/12/2023 13:00:00 - 03/12/2023 14:00:00","BZN|EE","Without Sequence","200.07","",""
"03/12/2023 14:00:00 - 03/12/2023 15:00:00","BZN|EE","Without Sequence","166.37","",""
"03/12/2023 15:00:00 - 03/12/2023 16:00:00","BZN|EE","Without Sequence","200.05","",""
"03/12/2023 16:00:00 - 03/12/2023 17:00:00","BZN|EE","Without Sequence","200.08","",""
"03/12/2023 17:00:00 - 03/12/2023 18:00:00","BZN|EE","Without Sequence","167.25","",""
"03/12/2023 18:00:00 - 03/12/2023 19:00:00","BZN|EE","Without Sequence","145.05","",""
"03/12/2023 19:00:00 - 03/12/2023 20:00:00","BZN|EE","Without Sequence","112.33","",""
"03/12/2023 20:00:00 - 03/12/2023 21:00:00","BZN|EE","Without Sequence","107.21","",""
"03/12/2023 21:00:00 - 03/12/2023 22:00:00","BZN|EE","Without Sequence","99.09","",""
"03/12/2023 22:00:00 - 03/12/2023 23:00:00","BZN|EE","Without Sequence","91.12","",""
"03/12/2023 23:00:00 - 04/12/2023 00:00:00","BZN|EE","Without Sequence","96.17","",""
"04/12/2023 00:00:00 - 04/12/2023 01:00:00","BZN|EE","Without Sequence","92.49","",""
"04/12/2023 01:00:00 - 04/12/2023 02:00:00","BZN|EE","Without Sequence","90.46","",""
"04/12/2023 02:00:00 - 04/12/2023 03:00:00","BZN|EE","Without Sequence","88.12","",""
"04/12/2023 03:00:00 - 04/12/2023 04:00:00","BZN|EE","Without Sequence","88.58","",""
"04/12/2023 04:00:00 - 04/12/2023 05:00:00","BZN|EE","Without Sequence","111.97","",""
"04/12/2023 05:00:00 - 04/12/2023 06:00:00","BZN|EE","Without Sequence","149.99","",""
"04/12/2023 06:00:00 - 04/12/2023 07:00:00","BZN|EE","Without Sequence","199.03","",""
"04/12/2023 07:00:00 - 04/12/2023 08:00:00","BZN|EE","Without Sequence","235.61","",""
"04/12/2023 08:00:00 - 04/12/2023 09:00:00","BZN|EE","Without Sequence","236.49","",""
"04/12/2023 09:00:00 - 04/12/2023 10:00:00","BZN|EE","Without Sequence","206.33","",""
"04/12/2023 10:00:00 - 04/12/2023 11:00:00","BZN|EE","Without Sequence","166.09","",""
"04/12/2023 11:00:00 - 04/12/2023 12:00:00","BZN|EE","Without Sequence","160.07","",""
"04/12/2023 12:00:00 - 04/12/2023 13:00:00","BZN|EE","Without Sequence","167.00","",""
"04/12/2023 13:00:00 - 04/12/2023 14:00:00","BZN|EE","Without Sequence","175.04","",""
"04/12/2023 14:00:00 - 04/12/2023 15:00:00","BZN|EE","Without Sequence","209.76","",""
"04/12/2023 15:00:00 - 04/12/2023 16:00:00","BZN|EE","Without Sequence","262.73","",""
"04/12/2023 16:00:00 - 04/12/2023 17:00:00","BZN|EE","Without Sequence","206.35","",""
"04/12/2023 17:00:00 - 04/12/2023 18:00:00","BZN|EE","Without Sequence","184.29","",""
"04/12/2023 18:00:00 - 04/12/2023 19:00:00","BZN|EE","Without Sequence","151.05","",""
"04/12/2023 19:00:00 - 04/12/2023 20:00:00","BZN|EE","Without Sequence","127.40","",""
"04/12/2023 20:00:00 - 04/12/2023 21:00:00","BZN|EE","Without Sequence","122.08","",""
"04/12/2023 21:00:00 - 04/12/2023 22:00:00","BZN|EE","Without Sequence","113.13","",""
"04/12/2023 22:00:00 - 04/12/2023 23:00:00","BZN|EE","Without Sequence","94.79","",""
"04/12/2023 23:00:00 - 05/12/2023 00:00:00","BZN|EE","Without Sequence","110.09","",""
"05/12/2023 00:00:00 - 05/12/2023 01:00:00","BZN|EE","Without Sequence","110.07","",""
"05/12/2023 01:00:00 - 05/12/2023 02:00:00","BZN|EE","Without Sequence","110.05","",""
"05/12/2023 02:00:00 - 05/12/2023 03:00:00","BZN|EE","Without Sequence","110.07","",""
"05/12/2023 03:00:00 - 05/12/2023 04:00:00","BZN|EE","Without Sequence","110.07","",""
"05/12/2023 04:00:00 - 05/12/2023 05:00:00","BZN|EE","Without Sequence","149.99","",""
"05/12/2023 05:00:00 - 05/12/2023 06:00:00","BZN|EE","Without Sequence","228.77","",""
"05/12/2023 06:00:00 - 05/12/2023 07:00:00","BZN|EE","Without Sequence","250.06","",""
"05/12/2023 07:00:00 - 05/12/2023 08:00:00","BZN|EE","Without Sequence","332.00","",""
"05/12/2023 08:00:00 - 05/12/2023 09:00:00","BZN|EE","Without Sequence","250.08","",""
"05/12/2023 09:00:00 - 05/12/2023 10:00:00","BZN|EE","Without Sequence","249.89","",""
"05/12/2023 10:00:00 - 05/12/2023 11:00:00","BZN|EE","Without Sequence","202.95","",""
"05/12/2023 11:00:00 - 05/12/2023 12:00:00","BZN|EE","Without Sequence","187.85","",""
"05/12/2023 12:00:00 - 05/12/2023 13:00:00","BZN|EE","Without Sequence","188.73","",""
"05/12/2023 13:00:00 - 05/12/2023 14:00:00","BZN|EE","Without Sequence","199.19","",""
"05/12/2023 14:00:00 - 05/12/2023 15:00:00","BZN|EE","Without Sequence","226.94","",""
"05/12/2023 15:00:00 - 05/12/2023 16:00:00","BZN|EE","Without Sequence","225.73","",""
"05/12/2023 16:00:00 - 05/12/2023 17:00:00","BZN|EE","Without Sequence","172.60","",""
"05/12/2023 17:00:00 - 05/12/2023 18:00:00","BZN|EE","Without Sequence","151.29","",""
"05/12/2023 18:00:00 - 05/12/2023 19:00:00","BZN|EE","Without Sequence","143.19","",""
"05/12/2023 19:00:00 - 05/12/2023 20:00:00","BZN|EE","Without Sequence","128.63","",""
"05/12/2023 20:00:00 - 05/12/2023 21:00:00","BZN|EE","Without Sequence","117.83","",""
"05/12/2023 21:00:00 - 05/12/2023 22:00:00","BZN|EE","Without Sequence","111.55","",""
"05/12/2023 22:00:00 - 05/12/2023 23:00:00","BZN|EE","Without Sequence","103.28","",""
"05/12/2023 23:00:00 - 06/12/2023 00:00:00","BZN|EE","Without Sequence","102.67","",""
"06/12/2023 00:00:00 - 06/12/2023 01:00:00","BZN|EE","Without Sequence","111.91","",""
"06/12/2023 01:00:00 - 06/12/2023 02:00:00","BZN|EE","Without Sequence","97.18","",""
"06/12/2023 02:00:00 - 06/12/2023 03:00:00","BZN|EE","Without Sequence","99.50","",""
"06/12/2023 03:00:00 - 06/12/2023 04:00:00","BZN|EE","Without Sequence","115.24","",""
"06/12/2023 04:00:00 - 06/12/2023 05:00:00","BZN|EE","Without Sequence","100.68","",""
"06/12/2023 05:00:00 - 06/12/2023 06:00:00","BZN|EE","Without Sequence","111.70","",""
"06/12/2023 06:00:00 - 06/12/2023 07:00:00","BZN|EE","Without Sequence","167.22","",""
"06/12/2023 07:00:00 - 06/12/2023 08:00:00","BZN|EE","Without Sequence","171.99","",""
"06/12/2023 08:00:00 - 06/12/2023 09:00:00","BZN|EE","Without Sequence","171.52","",""
"06/12/2023 09:00:00 - 06/12/2023 10:00:00","BZN|EE","Without Sequence","154.48","",""
"06/12/2023 10:00:00 - 06/12/2023 11:00:00","BZN|EE","Without Sequence","149.88","",""
"06/12/2023 11:00:00 - 06/12/2023 12:00:00","BZN|EE","Without Sequence","149.69","",""
"06/12/2023 12:00:00 - 06/12/2023 13:00:00","BZN|EE","Without Sequence","144.50","",""
"06/12/2023 13:00:00 - 06/12/2023 14:00:00","BZN|EE","Without Sequence","143.96","",""
"06/12/2023 14:00:00 - 06/12/2023 15:00:00","BZN|EE","Without Sequence","147.53","",""
"06/12/2023 15:00:00 - 06/12/2023 16:00:00","BZN|EE","Without Sequence","164.00","",""
"06/12/2023 16:00:00 - 06/12/2023 17:00:00","BZN|EE","Without Sequence","178.07","",""
"06/12/2023 17:00:00 - 06/12/2023 18:00:00","BZN|EE","Without Sequence","165.28","",""
"06/12/2023 18:00:00 - 06/12/2023 19:00:00","BZN|EE","Without Sequence","149.93","",""
"06/12/2023 19:00:00 - 06/12/2023 20:00:00","BZN|EE","Without Sequence","129.91","",""
"06/12/2023 20:00:00 - 06/12/2023 21:00:00","BZN|EE","Without Sequence","115.68","",""
"06/12/2023 21:00:00 - 06/12/2023 22:00:00","BZN|EE","Without Sequence","107.33","",""
"06/12/2023 22:00:00 - 06/12/2023 23:00:00","BZN|EE","Without Sequence","100.44","",""
"06/12/2023 23:00:00 - 07/12/2023 00:00:00","BZN|EE","Without Sequence","99.20","",""
"07/12/2023 00:00:00 - 07/12/2023 01:00:00","BZN|EE","Without Sequence","97.85","",""
"07/12/2023 01:00:00 - 07/12/2023 02:00:00","BZN|EE","Without Sequence","96.86","",""
"07/12/2023 02:00:00 - 07/12/2023 03:00:00","BZN|EE","Without Sequence","91.81","",""
"07/12/2023 03:00:00 - 07/12/2023 04:00:00","BZN|EE","Without Sequence","89.92","",""
"07/12/2023 04:00:00 - 07/12/2023 05:00:00","BZN|EE","Without Sequence","94.53","",""
"07/12/2023 05:00:00 - 07/12/2023 06:00:00","BZN|EE","Without Sequence","116.90","",""
"07/12/2023 06:00:00 - 07/12/2023 07:00:00","BZN|EE","Without Sequence","153.05","",""
"07/12/2023 07:00:00 - 07/12/2023 08:00:00","BZN|EE","Without Sequence","153.05","",""
"07/12/2023 08:00:00 - 07/12/2023 09:00:00","BZN|EE","Without Sequence","153.03","",""
"07/12/2023 09:00:00 - 07/12/2023 10:00:00","BZN|EE","Without Sequence","153.02","",""
"07/12/2023 10:00:00 - 07/12/2023 11:00:00","BZN|EE","Without Sequence","138.17","",""
"07/12/2023 11:00:00 - 07/12/2023 12:00:00","BZN|EE","Without Sequence","143.57","",""
"07/12/2023 12:00:00 - 07/12/2023 13:00:00","BZN|EE","Without Sequence","138.35","",""
"07/12/2023 13:00:00 - 07/12/2023 14:00:00","BZN|EE","Without Sequence","138.08","",""
"07/12/2023 14:00:00 - 07/12/2023 15:00:00","BZN|EE","Without Sequence","160.06","",""
"07/12/2023 15:00:00 - 07/12/2023 16:00:00","BZN|EE","Without Sequence","153.02","",""
"07/12/2023 16:00:00 - 07/12/2023 17:00:00","BZN|EE","Without Sequence","149.28","",""
"07/12/2023 17:00:00 - 07/12/2023 18:00:00","BZN|EE","Without Sequence","153.02","",""
"07/12/2023 18:00:00 - 07/12/2023 19:00:00","BZN|EE","Without Sequence","159.09","",""
"07/12/2023 19:00:00 - 07/12/2023 20:00:00","BZN|EE","Without Sequence","150.15","",""
"07/12/2023 20:00:00 - 07/12/2023 21:00:00","BZN|EE","Without Sequence","127.48","",""
"07/12/2023 21:00:00 - 07/12/2023 22:00:00","BZN|EE","Without Sequence","119.35","",""
"07/12/2023 22:00:00 - 07/12/2023 23:00:00","BZN|EE","Without Sequence","87.08","",""
"07/12/2023 23:00:00 - 08/12/2023 00:00:00","BZN|EE","Without Sequence","87.09","",""
"08/12/2023 00:00:00 - 08/12/2023 01:00:00","BZN|EE","Without Sequence","83.26","",""
"08/12/2023 01:00:00 - 08/12/2023 02:00:00","BZN|EE","Without Sequence","81.43","",""
"08/12/2023 02:00:00 - 08/12/2023 03:00:00","BZN|EE","Without Sequence","79.52","",""
"08/12/2023 03:00:00 - 08/12/2023 04:00:00","BZN|EE","Without Sequence","90.06","",""
"08/12/2023 04:00:00 - 08/12/2023 05:00:00","BZN|EE","Without Sequence","87.04","",""
"08/12/2023 05:00:00 - 08/12/2023 06:00:00","BZN|EE","Without Sequence","123.24","",""
"08/12/2023 06:00:00 - 08/12/2023 07:00:00","BZN|EE","Without Sequence","143.55","",""
"08/12/2023 07:00:00 - 08/12/2023 08:00:00","BZN|EE","Without Sequence","200.06","",""
"08/12/2023 08:00:00 - 08/12/2023 09:00:00","BZN|EE","Without Sequence","200.03","",""
"08/12/2023 09:00:00 - 08/12/2023 10:00:00","BZN|EE","Without Sequence","136.92","",""
"08/12/2023 10:00:00 - 08/12/2023 11:00:00","BZN|EE","Without Sequence","200.02","",""
"08/12/2023 11:00:00 - 08/12/2023 12:00:00","BZN|EE","Without Sequence","200.08","",""
"08/12/2023 12:00:00 - 08/12/2023 13:00:00","BZN|EE","Without Sequence","200.04","",""
"08/12/2023 13:00:00 - 08/12/2023 14:00:00","BZN|EE","Without Sequence","200.03","",""
"08/12/2023 14:00:00 - 08/12/2023 15:00:00","BZN|EE","Without Sequence","200.04","",""
"08/12/2023 15:00:00 - 08/12/2023 16:00:00","BZN|EE","Without Sequence","137.00","",""
"08/12/2023 16:00:00 - 08/12/2023 17:00:00","BZN|EE","Without Sequence","129.24","",""
"08/12/2023 17:00:00 - 08/12/2023 18:00:00","BZN|EE","Without Sequence","118.60","",""
"08/12/2023 18:00:00 - 08/12/2023 19:00:00","BZN|EE","Without Sequence","134.43","",""
"08/12/2023 19:00:00 - 08/12/2023 20:00:00","BZN|EE","Without Sequence","115.41","",""
"08/12/2023 20:00:00 - 08/12/2023 21:00:00","BZN|EE","Without Sequence","101.12","",""
"08/12/2023 21:00:00 - 08/12/2023 22:00:00","BZN|EE","Without Sequence","101.58","",""
"08/12/2023 22:00:00 - 08/12/2023 23:00:00","BZN|EE","Without Sequence","90.58","",""
"08/12/2023 23:00:00 - 09/12/2023 00:00:00","BZN|EE","Without Sequence","95.00","",""
"09/12/2023 00:00:00 - 09/12/2023 01:00:00","BZN|EE","Without Sequence","85.10","",""
"09/12/2023 01:00:00 - 09/12/2023 02:00:00","BZN|EE","Without Sequence","79.49","",""
"09/12/2023 02:00:00 - 09/12/2023 03:00:00","BZN|EE","Without Sequence","73.07","",""
"09/12/2023 03:00:00 - 09/12/2023 04:00:00","BZN|EE","Without Sequence","70.25","",""
"09/12/2023 04:00:00 - 09/12/2023 05:00:00","BZN|EE","Without Sequence","72.81","",""
"09/12/2023 05:00:00 - 09/12/2023 06:00:00","BZN|EE","Without Sequence","76.04","",""
"09/12/2023 06:00:00 - 09/12/2023 07:00:00","BZN|EE","Without Sequence","92.33","",""
"09/12/2023 07:00:00 - 09/12/2023 08:00:00","BZN|EE","Without Sequence","110.79","",""
"09/12/2023 08:00:00 - 09/12/2023 09:00:00","BZN|EE","Without Sequence","124.93","",""
"09/12/2023 09:00:00 - 09/12/2023 10:00:00","BZN|EE","Without Sequence","124.65","",""
"09/12/2023 10:00:00 - 09/12/2023 11:00:00","BZN|EE","Without Sequence","136.33","",""
"09/12/2023 11:00:00 - 09/12/2023 12:00:00","BZN|EE","Without Sequence","128.50","",""
"09/12/2023 12:00:00 - 09/12/2023 13:00:00","BZN|EE","Without Sequence","137.78","",""
"09/12/2023 13:00:00 - 09/12/2023 14:00:00","BZN|EE","Without Sequence","138.53","",""
"09/12/2023 14:00:00 - 09/12/2023 15:00:00","BZN|EE","Without Sequence","140.83","",""
"09/12/2023 15:00:00 - 09/12/2023 16:00:00","BZN|EE","Without Sequence","132.73","",""
"09/12/2023 16:00:00 - 09/12/2023 17:00:00","BZN|EE","Without Sequence","132.73","",""
"09/12/2023 17:00:00 - 09/12/2023 18:00:00","BZN|EE","Without Sequence","137.72","",""
"09/12/2023 18:00:00 - 09/12/2023 19:00:00","BZN|EE","Without Sequence","136.19","",""
"09/12/2023 19:00:00 - 09/12/2023 20:00:00","BZN|EE","Without Sequence","121.56","",""
"09/12/2023 20:00:00 - 09/12/2023 21:00:00","BZN|EE","Without Sequence","67.26","",""
"09/12/2023 21:00:00 - 09/12/2023 22:00:00","BZN|EE","Without Sequence","58.74","",""
"09/12/2023 22:00:00 - 09/12/2023 23:00:00","BZN|EE","Without Sequence","46.18","",""
"09/12/2023 23:00:00 - 10/12/2023 00:00:00","BZN|EE","Without Sequence","74.00","",""
"10/12/2023 00:00:00 - 10/12/2023 01:00:00","BZN|EE","Without Sequence","74.00","",""
"10/12/2023 01:00:00 - 10/12/2023 02:00:00","BZN|EE","Without Sequence","74.00","",""
"10/12/2023 02:00:00 - 10/12/2023 03:00:00","BZN|EE","Without Sequence","46.31","",""
"10/12/2023 03:00:00 - 10/12/2023 04:00:00","BZN|EE","Without Sequence","74.00","",""
"10/12/2023 04:00:00 - 10/12/2023 05:00:00","BZN|EE","Without Sequence","78.29","",""
"10/12/2023 05:00:00 - 10/12/2023 06:00:00","BZN|EE","Without Sequence","59.99","",""
"10/12/2023 06:00:00 - 10/12/2023 07:00:00","BZN|EE","Without Sequence","73.99","",""
"10/12/2023 07:00:00 - 10/12/2023 08:00:00","BZN|EE","Without Sequence","81.26","",""
"10/12/2023 08:00:00 - 10/12/2023 09:00:00","BZN|EE","Without Sequence","82.62","",""
"10/12/2023 09:00:00 - 10/12/2023 10:00:00","BZN|EE","Without Sequence","88.37","",""
"10/12/2023 10:00:00 - 10/12/2023 11:00:00","BZN|EE","Without Sequence","94.39","",""
"10/12/2023 11:00:00 - 10/12/2023 12:00:00","BZN|EE","Without Sequence","90.45","",""
"10/12/2023 12:00:00 - 10/12/2023 13:00:00","BZN|EE","Without Sequence","91.14","",""
"10/12/2023 13:00:00 - 10/12/2023 14:00:00","BZN|EE","Without Sequence","98.90","",""
"10/12/2023 14:00:00 - 10/12/2023 15:00:00","BZN|EE","Without Sequence","99.62","",""
"10/12/2023 15:00:00 - 10/12/2023 16:00:00","BZN|EE","Without Sequence","103.84","",""
"10/12/2023 16:00:00 - 10/12/2023 17:00:00","BZN|EE","Without Sequence","99.64","",""
"10/12/2023 17:00:00 - 10/12/2023 18:00:00","BZN|EE","Without Sequence","99.70","",""
"10/12/2023 18:00:00 - 10/12/2023 19:00:00","BZN|EE","Without Sequence","99.29","",""
"10/12/2023 19:00:00 - 10/12/2023 20:00:00","BZN|EE","Without Sequence","98.30","",""
"10/12/2023 20:00:00 - 10/12/2023 21:00:00","BZN|EE","Without Sequence","89.28","",""
"10/12/2023 21:00:00 - 10/12/2023 22:00:00","BZN|EE","Without Sequence","78.29","",""
"10/12/2023 22:00:00 - 10/12/2023 23:00:00","BZN|EE","Without Sequence","69.16","",""
"10/12/2023 23:00:00 - 11/12/2023 00:00:00","BZN|EE","Without Sequence","88.80","",""
"11/12/2023 00:00:00 - 11/12/2023 01:00:00","BZN|EE","Without Sequence","82.57","",""
"11/12/2023 01:00:00 - 11/12/2023 02:00:00","BZN|EE","Without Sequence","79.07","",""
"11/12/2023 02:00:00 - 11/12/2023 03:00:00","BZN|EE","Without Sequence","79.94","",""
"11/12/2023 03:00:00 - 11/12/2023 04:00:00","BZN|EE","Without Sequence","95.49","",""
"11/12/2023 04:00:00 - 11/12/2023 05:00:00","BZN|EE","Without Sequence","127.93","",""
"11/12/2023 05:00:00 - 11/12/2023 06:00:00","BZN|EE","Without Sequence","156.14","",""
"11/12/2023 06:00:00 - 11/12/2023 07:00:00","BZN|EE","Without Sequence","148.67","",""
"11/12/2023 07:00:00 - 11/12/2023 08:00:00","BZN|EE","Without Sequence","188.13","",""
"11/12/2023 08:00:00 - 11/12/2023 09:00:00","BZN|EE","Without Sequence","151.45","",""
"11/12/2023 09:00:00 - 11/12/2023 10:00:00","BZN|EE","Without Sequence","154.34","",""
"11/12/2023 10:00:00 - 11/12/2023 11:00:00","BZN|EE","Without Sequence","137.21","",""
"11/12/2023 11:00:00 - 11/12/2023 12:00:00","BZN|EE","Without Sequence","148.36","",""
"11/12/2023 12:00:00 - 11/12/2023 13:00:00","BZN|EE","Without Sequence","154.80","",""
"11/12/2023 13:00:00 - 11/12/2023 14:00:00","BZN|EE","Without Sequence","163.46","",""
"11/12/2023 14:00:00 - 11/12/2023 15:00:00","BZN|EE","Without Sequence","181.06","",""
"11/12/2023 15:00:00 - 11/12/2023 16:00:00","BZN|EE","Without Sequence","157.35","",""
"11/12/2023 16:00:00 - 11/12/2023 17:00:00","BZN|EE","Without Sequence","149.89","",""
"11/12/2023 17:00:00 - 11/12/2023 18:00:00","BZN|EE","Without Sequence","140.35","",""
"11/12/2023 18:00:00 - 11/12/2023 19:00:00","BZN|EE","Without Sequence","129.94","",""
"11/12/2023 19:00:00 - 11/12/2023 20:00:00","BZN|EE","Without Sequence","124.85","",""
"11/12/2023 20:00:00 - 11/12/2023 21:00:00","BZN|EE","Without Sequence","118.83","",""
"11/12/2023 21:00:00 - 11/12/2023 22:00:00","BZN|EE","Without Sequence","98.72","",""
"11/12/2023 22:00:00 - 11/12/2023 23:00:00","BZN|EE","Without Sequence","86.89","",""
"11/12/2023 23:00:00 - 12/12/2023 00:00:00","BZN|EE","Without Sequence","95.06","",""
"12/12/2023 00:00:00 - 12/12/2023 01:00:00","BZN|EE","Without Sequence","95.07","",""
"12/12/2023 01:00:00 - 12/12/2023 02:00:00","BZN|EE","Without Sequence","95.00","",""
"12/12/2023 02:00:00 - 12/12/2023 03:00:00","BZN|EE","Without Sequence","93.69","",""
"12/12/2023 03:00:00 - 12/12/2023 04:00:00","BZN|EE","Without Sequence","95.09","",""
"12/12/2023 04:00:00 - 12/12/2023 05:00:00","BZN|EE","Without Sequence","149.99","",""
"12/12/2023 05:00:00 - 12/12/2023 06:00:00","BZN|EE","Without Sequence","183.99","",""
"12/12/2023 06:00:00 - 12/12/2023 07:00:00","BZN|EE","Without Sequence","200.03","",""
"12/12/2023 07:00:00 - 12/12/2023 08:00:00","BZN|EE","Without Sequence","200.03","",""
"12/12/2023 08:00:00 - 12/12/2023 09:00:00","BZN|EE","Without Sequence","200.01","",""
"12/12/2023 09:00:00 - 12/12/2023 10:00:00","BZN|EE","Without Sequence","184.00","",""
"12/12/2023 10:00:00 - 12/12/2023 11:00:00","BZN|EE","Without Sequence","183.99","",""
"12/12/2023 11:00:00 - 12/12/2023 12:00:00","BZN|EE","Without Sequence","154.99","",""
"12/12/2023 12:00:00 - 12/12/2023 13:00:00","BZN|EE","Without Sequence","150.00","",""
"12/12/2023 13:00:00 - 12/12/2023 14:00:00","BZN|EE","Without Sequence","171.20","",""
"12/12/2023 14:00:00 - 12/12/2023 15:00:00","BZN|EE","Without Sequence","195.32","",""
"12/12/2023 15:00:00 - 12/12/2023 16:00:00","BZN|EE","Without Sequence","180.83","",""
"12/12/2023 16:00:00 - 12/12/2023 17:00:00","BZN|EE","Without Sequence","172.06","",""
"12/12/2023 17:00:00 - 12/12/2023 18:00:00","BZN|EE","Without Sequence","155.00","",""
"12/12/2023 18:00:00 - 12/12/2023 19:00:00","BZN|EE","Without Sequence","151.68","",""
"12/12/2023 19:00:00 - 12/12/2023 20:00:00","BZN|EE","Without Sequence","147.02","",""
"12/12/2023 20:00:00 - 12/12/2023 21:00:00","BZN|EE","Without Sequence","127.94","",""
"12/12/2023 21:00:00 - 12/12/2023 22:00:00","BZN|EE","Without Sequence","110.94","",""
"12/12/2023 22:00:00 - 12/12/2023 23:00:00","BZN|EE","Without Sequence","97.78","",""
"12/12/2023 23:00:00 - 13/12/2023 00:00:00","BZN|EE","Without Sequence","87.83","",""
"13/12/2023 00:00:00 - 13/12/2023 01:00:00","BZN|EE","Without Sequence","85.06","",""
"13/12/2023 01:00:00 - 13/12/2023 02:00:00","BZN|EE","Without Sequence","77.49","",""
"13/12/2023 02:00:00 - 13/12/2023 03:00:00","BZN|EE","Without Sequence","77.49","",""
"13/12/2023 03:00:00 - 13/12/2023 04:00:00","BZN|EE","Without Sequence","94.87","",""
"13/12/2023 04:00:00 - 13/12/2023 05:00:00","BZN|EE","Without Sequence","93.26","",""
"13/12/2023 05:00:00 - 13/12/2023 06:00:00","BZN|EE","Without Sequence","149.99","",""
"13/12/2023 06:00:00 - 13/12/2023 07:00:00","BZN|EE","Without Sequence","150.00","",""
"13/12/2023 07:00:00 - 13/12/2023 08:00:00","BZN|EE","Without Sequence","150.00","",""
"13/12/2023 08:00:00 - 13/12/2023 09:00:00","BZN|EE","Without Sequence","149.99","",""
"13/12/2023 09:00:00 - 13/12/2023 10:00:00","BZN|EE","Without Sequence","147.67","",""
"13/12/2023 10:00:00 - 13/12/2023 11:00:00","BZN|EE","Without Sequence","150.00","",""
"13/12/2023 11:00:00 - 13/12/2023 12:00:00","BZN|EE","Without Sequence","150.00","",""
"13/12/2023 12:00:00 - 13/12/2023 13:00:00","BZN|EE","Without Sequence","149.14","",""
"13/12/2023 13:00:00 - 13/12/2023 14:00:00","BZN|EE","Without Sequence","149.05","",""
"13/12/2023 14:00:00 - 13/12/2023 15:00:00","BZN|EE","Without Sequence","145.69","",""
"13/12/2023 15:00:00 - 13/12/2023 16:00:00","BZN|EE","Without Sequence","150.85","",""
"13/12/2023 16:00:00 - 13/12/2023 17:00:00","BZN|EE","Without Sequence","148.39","",""
"13/12/2023 17:00:00 - 13/12/2023 18:00:00","BZN|EE","Without Sequence","149.99","",""
"13/12/2023 18:00:00 - 13/12/2023 19:00:00","BZN|EE","Without Sequence","129.91","",""
"13/12/2023 19:00:00 - 13/12/2023 20:00:00","BZN|EE","Without Sequence","112.67","",""
"13/12/2023 20:00:00 - 13/12/2023 21:00:00","BZN|EE","Without Sequence","100.70","",""
"13/12/2023 21:00:00 - 13/12/2023 22:00:00","BZN|EE","Without Sequence","104.21","",""
"13/12/2023 22:00:00 - 13/12/2023 23:00:00","BZN|EE","Without Sequence","91.02","",""
"13/12/2023 23:00:00 - 14/12/2023 00:00:00","BZN|EE","Without Sequence","77.99","",""
"14/12/2023 00:00:00 - 14/12/2023 01:00:00","BZN|EE","Without Sequence","76.30","",""
"14/12/2023 01:00:00 - 14/12/2023 02:00:00","BZN|EE","Without Sequence","76.94","",""
"14/12/2023 02:00:00 - 14/12/2023 03:00:00","BZN|EE","Without Sequence","77.99","",""
"14/12/2023 03:00:00 - 14/12/2023 04:00:00","BZN|EE","Without Sequence","85.01","",""
"14/12/2023 04:00:00 - 14/12/2023 05:00:00","BZN|EE","Without Sequence","110.12","",""
"14/12/2023 05:00:00 - 14/12/2023 06:00:00","BZN|EE","Without Sequence","154.00","",""
"14/12/2023 06:00:00 - 14/12/2023 07:00:00","BZN|EE","Without Sequence","183.99","",""
"14/12/2023 07:00:00 - 14/12/2023 08:00:00","BZN|EE","Without Sequence","168.08","",""
"14/12/2023 08:00:00 - 14/12/2023 09:00:00","BZN|EE","Without Sequence","168.02","",""
"14/12/2023 09:00:00 - 14/12/2023 10:00:00","BZN|EE","Without Sequence","154.99","",""
"14/12/2023 10:00:00 - 14/12/2023 11:00:00","BZN|EE","Without Sequence","179.68","",""
"14/12/2023 11:00:00 - 14/12/2023 12:00:00","BZN|EE","Without Sequence","154.99","",""
"14/12/2023 12:00:00 - 14/12/2023 13:00:00","BZN|EE","Without Sequence","140.39","",""
"14/12/2023 13:00:00 - 14/12/2023 14:00:00","BZN|EE","Without Sequence","154.99","",""
"14/12/2023 14:00:00 - 14/12/2023 15:00:00","BZN|EE","Without Sequence","188.37","",""
"14/12/2023 15:00:00 - 14/12/2023 16:00:00","BZN|EE","Without Sequence","188.04","",""
"14/12/2023 16:00:00 - 14/12/2023 17:00:00","BZN|EE","Without Sequence","180.63","",""
"14/12/2023 17:00:00 - 14/12/2023 18:00:00","BZN|EE","Without Sequence","144.40","",""
"14/12/2023 18:00:00 - 14/12/2023 19:00:00","BZN|EE","Without Sequence","122.97","",""
"14/12/2023 19:00:00 - 14/12/2023 20:00:00","BZN|EE","Without Sequence","109.89","",""
"14/12/2023 20:00:00 - 14/12/2023 21:00:00","BZN|EE","Without Sequence","115.01","",""
"14/12/2023 21:00:00 - 14/12/2023 22:00:00","BZN|EE","Without Sequence","94.46","",""
"14/12/2023 22:00:00 - 14/12/2023 23:00:00","BZN|EE","Without Sequence","85.57","",""
"14/12/2023 23:00:00 - 15/12/2023 00:00:00","BZN|EE","Without Sequence","86.55","",""
"15/12/2023 00:00:00 - 15/12/2023 01:00:00","BZN|EE","Without Sequence","83.29","",""
"15/12/2023 01:00:00 - 15/12/2023 02:00:00","BZN|EE","Without Sequence","80.63","",""
"15/12/2023 02:00:00 - 15/12/2023 03:00:00","BZN|EE","Without Sequence","78.39","",""
"15/12/2023 03:00:00 - 15/12/2023 04:00:00","BZN|EE","Without Sequence","79.99","",""
"15/12/2023 04:00:00 - 15/12/2023 05:00:00","BZN|EE","Without Sequence","111.91","",""
"15/12/2023 05:00:00 - 15/12/2023 06:00:00","BZN|EE","Without Sequence","154.01","",""
"15/12/2023 06:00:00 - 15/12/2023 07:00:00","BZN|EE","Without Sequence","184.00","",""
"15/12/2023 07:00:00 - 15/12/2023 08:00:00","BZN|EE","Without Sequence","184.00","",""
"15/12/2023 08:00:00 - 15/12/2023 09:00:00","BZN|EE","Without Sequence","183.99","",""
"15/12/2023 09:00:00 - 15/12/2023 10:00:00","BZN|EE","Without Sequence","168.02","",""
"15/12/2023 10:00:00 - 15/12/2023 11:00:00","BZN|EE","Without Sequence","183.99","",""
"15/12/2023 11:00:00 - 15/12/2023 12:00:00","BZN|EE","Without Sequence","169.04","",""
"15/12/2023 12:00:00 - 15/12/2023 13:00:00","BZN|EE","Without Sequence","155.00","",""
"15/12/2023 13:00:00 - 15/12/2023 14:00:00","BZN|EE","Without Sequence","170.67","",""
"15/12/2023 14:00:00 - 15/12/2023 15:00:00","BZN|EE","Without Sequence","200.01","",""
"15/12/2023 15:00:00 - 15/12/2023 16:00:00","BZN|EE","Without Sequence","169.53","",""
"15/12/2023 16:00:00 - 15/12/2023 17:00:00","BZN|EE","Without Sequence","174.10","",""
"15/12/2023 17:00:00 - 15/12/2023 18:00:00","BZN|EE","Without Sequence","135.09","",""
"15/12/2023 18:00:00 - 15/12/2023 19:00:00","BZN|EE","Without Sequence","106.74","",""
"15/12/2023 19:00:00 - 15/12/2023 20:00:00","BZN|EE","Without Sequence","93.36","",""
"15/12/2023 20:00:00 - 15/12/2023 21:00:00","BZN|EE","Without Sequence","97.76","",""
"15/12/2023 21:00:00 - 15/12/2023 22:00:00","BZN|EE","Without Sequence","86.77","",""
"15/12/2023 22:00:00 - 15/12/2023 23:00:00","BZN|EE","Without Sequence","76.71","",""
"15/12/2023 23:00:00 - 16/12/2023 00:00:00","BZN|EE","Without Sequence","67.20","",""
"16/12/2023 00:00:00 - 16/12/2023 01:00:00","BZN|EE","Without Sequence","63.21","",""
"16/12/2023 01:00:00 - 16/12/2023 02:00:00","BZN|EE","Without Sequence","60.37","",""
"16/12/2023 02:00:00 - 16/12/2023 03:00:00","BZN|EE","Without Sequence","58.00","",""
"16/12/2023 03:00:00 - 16/12/2023 04:00:00","BZN|EE","Without Sequence","54.10","",""
"16/12/2023 04:00:00 - 16/12/2023 05:00:00","BZN|EE","Without Sequence","55.64","",""
"16/12/2023 05:00:00 - 16/12/2023 06:00:00","BZN|EE","Without Sequence","59.34","",""
"16/12/2023 06:00:00 - 16/12/2023 07:00:00","BZN|EE","Without Sequence","65.10","",""
"16/12/2023 07:00:00 - 16/12/2023 08:00:00","BZN|EE","Without Sequence","79.89","",""
"16/12/2023 08:00:00 - 16/12/2023 09:00:00","BZN|EE","Without Sequence","83.15","",""
"16/12/2023 09:00:00 - 16/12/2023 10:00:00","BZN|EE","Without Sequence","81.88","",""
"16/12/2023 10:00:00 - 16/12/2023 11:00:00","BZN|EE","Without Sequence","79.45","",""
"16/12/2023 11:00:00 - 16/12/2023 12:00:00","BZN|EE","Without Sequence","77.36","",""
"16/12/2023 12:00:00 - 16/12/2023 13:00:00","BZN|EE","Without Sequence","73.58","",""
"16/12/2023 13:00:00 - 16/12/2023 14:00:00","BZN|EE","Without Sequence","79.45","",""
"16/12/2023 14:00:00 - 16/12/2023 15:00:00","BZN|EE","Without Sequence","80.44","",""
"16/12/2023 15:00:00 - 16/12/2023 16:00:00","BZN|EE","Without Sequence","86.07","",""
"16/12/2023 16:00:00 - 16/12/2023 17:00:00","BZN|EE","Without Sequence","84.15","",""
"16/12/2023 17:00:00 - 16/12/2023 18:00:00","BZN|EE","Without Sequence","83.83","",""
"16/12/2023 18:00:00 - 16/12/2023 19:00:00","BZN|EE","Without Sequence","76.10","",""
"16/12/2023 19:00:00 - 16/12/2023 20:00:00","BZN|EE","Without Sequence","75.20","",""
"16/12/2023 20:00:00 - 16/12/2023 21:00:00","BZN|EE","Without Sequence","47.03","",""
"16/12/2023 21:00:00 - 16/12/2023 22:00:00","BZN|EE","Without Sequence","39.05","",""
"16/12/2023 22:00:00 - 16/12/2023 23:00:00","BZN|EE","Without Sequence","21.08","",""
"16/12/2023 23:00:00 - 17/12/2023 00:00:00","BZN|EE","Without Sequence","0.00","",""
"17/12/2023 00:00:00 - 17/12/2023 01:00:00","BZN|EE","Without Sequence","8.91","",""
"17/12/2023 01:00:00 - 17/12/2023 02:00:00","BZN|EE","Without Sequence","7.47","",""
"17/12/2023 02:00:00 - 17/12/2023 03:00:00","BZN|EE","Without Sequence","-0.01","",""
"17/12/2023 03:00:00 - 17/12/2023 04:00:00","BZN|EE","Without Sequence","-0.72","",""
"17/12/2023 04:00:00 - 17/12/2023 05:00:00","BZN|EE","Without Sequence","0.00","",""
"17/12/2023 05:00:00 - 17/12/2023 06:00:00","BZN|EE","Without Sequence","9.47","",""
"17/12/2023 06:00:00 - 17/12/2023 07:00:00","BZN|EE","Without Sequence","5.71","",""
"17/12/2023 07:00:00 - 17/12/2023 08:00:00","BZN|EE","Without Sequence","5.61","",""
"17/12/2023 08:00:00 - 17/12/2023 09:00:00","BZN|EE","Without Sequence","59.17","",""
"17/12/2023 09:00:00 - 17/12/2023 10:00:00","BZN|EE","Without Sequence","54.43","",""
"17/12/2023 10:00:00 - 17/12/2023 11:00:00","BZN|EE","Without Sequence","49.00","",""
"17/12/2023 11:00:00 - 17/12/2023 12:00:00","BZN|EE","Without Sequence","43.71","",""
"17/12/2023 12:00:00 - 17/12/2023 13:00:00","BZN|EE","Without Sequence","46.32","",""
"17/12/2023 13:00:00 - 17/12/2023 14:00:00","BZN|EE","Without Sequence","62.96","",""
"17/12/2023 14:00:00 - 17/12/2023 15:00:00","BZN|EE","Without Sequence","65.41","",""
"17/12/2023 15:00:00 - 17/12/2023 16:00:00","BZN|EE","Without Sequence","67.08","",""
"17/12/2023 16:00:00 - 17/12/2023 17:00:00","BZN|EE","Without Sequence","65.27","",""
"17/12/2023 17:00:00 - 17/12/2023 18:00:00","BZN|EE","Without Sequence","64.09","",""
"17/12/2023 18:00:00 - 17/12/2023 19:00:00","BZN|EE","Without Sequence","40.27","",""
"17/12/2023 19:00:00 - 17/12/2023 20:00:00","BZN|EE","Without Sequence","12.40","",""
"17/12/2023 20:00:00 - 17/12/2023 21:00:00","BZN|EE","Without Sequence","11.43","",""
"17/12/2023 21:00:00 - 17/12/2023 22:00:00","BZN|EE","Without Sequence","6.72","",""
"17/12/2023 22:00:00 - 17/12/2023 23:00:00","BZN|EE","Without Sequence","5.98","",""
"17/12/2023 23:00:00 - 18/12/2023 00:00:00","BZN|EE","Without Sequence","10.33","",""
"18/12/2023 00:00:00 - 18/12/2023 01:00:00","BZN|EE","Without Sequence","8.87","",""
"18/12/2023 01:00:00 - 18/12/2023 02:00:00","BZN|EE","Without Sequence","6.23","",""
"18/12/2023 02:00:00 - 18/12/2023 03:00:00","BZN|EE","Without Sequence","4.99","",""
"18/12/2023 03:00:00 - 18/12/2023 04:00:00","BZN|EE","Without Sequence","6.14","",""
"18/12/2023 04:00:00 - 18/12/2023 05:00:00","BZN|EE","Without Sequence","10.07","",""
"18/12/2023 05:00:00 - 18/12/2023 06:00:00","BZN|EE","Without Sequence","76.90","",""
"18/12/2023 06:00:00 - 18/12/2023 07:00:00","BZN|EE","Without Sequence","83.36","",""
"18/12/2023 07:00:00 - 18/12/2023 08:00:00","BZN|EE","Without Sequence","94.73","",""
"18/12/2023 08:00:00 - 18/12/2023 09:00:00","BZN|EE","Without Sequence","85.05","",""
"18/12/2023 09:00:00 - 18/12/2023 10:00:00","BZN|EE","Without Sequence","85.06","",""
"18/12/2023 10:00:00 - 18/12/2023 11:00:00","BZN|EE","Without Sequence","81.17","",""
"18/12/2023 11:00:00 - 18/12/2023 12:00:00","BZN|EE","Without Sequence","74.89","",""
"18/12/2023 12:00:00 - 18/12/2023 13:00:00","BZN|EE","Without Sequence","81.03","",""
"18/12/2023 13:00:00 - 18/12/2023 14:00:00","BZN|EE","Without Sequence","89.96","",""
"18/12/2023 14:00:00 - 18/12/2023 15:00:00","BZN|EE","Without Sequence","85.08","",""
"18/12/2023 15:00:00 - 18/12/2023 16:00:00","BZN|EE","Without Sequence","85.09","",""
"18/12/2023 16:00:00 - 18/12/2023 17:00:00","BZN|EE","Without Sequence","85.10","",""
"18/12/2023 17:00:00 - 18/12/2023 18:00:00","BZN|EE","Without Sequence","85.08","",""
"18/12/2023 18:00:00 - 18/12/2023 19:00:00","BZN|EE","Without Sequence","85.05","",""
"18/12/2023 19:00:00 - 18/12/2023 20:00:00","BZN|EE","Without Sequence","85.79","",""
"18/12/2023 20:00:00 - 18/12/2023 21:00:00","BZN|EE","Without Sequence","76.89","",""
"18/12/2023 21:00:00 - 18/12/2023 22:00:00","BZN|EE","Without Sequence","12.66","",""
"18/12/2023 22:00:00 - 18/12/2023 23:00:00","BZN|EE","Without Sequence","10.08","",""
"18/12/2023 23:00:00 - 19/12/2023 00:00:00","BZN|EE","Without Sequence","10.04","",""
"19/12/2023 00:00:00 - 19/12/2023 01:00:00","BZN|EE","Without Sequence","5.32","",""
"19/12/2023 01:00:00 - 19/12/2023 02:00:00","BZN|EE","Without Sequence","2.28","",""
"19/12/2023 02:00:00 - 19/12/2023 03:00:00","BZN|EE","Without Sequence","1.58","",""
"19/12/2023 03:00:00 - 19/12/2023 04:00:00","BZN|EE","Without Sequence","4.25","",""
"19/12/2023 04:00:00 - 19/12/2023 05:00:00","BZN|EE","Without Sequence","8.81","",""
"19/12/2023 05:00:00 - 19/12/2023 06:00:00","BZN|EE","Without Sequence","14.12","",""
"19/12/2023 06:00:00 - 19/12/2023 07:00:00","BZN|EE","Without Sequence","23.66","",""
"19/12/2023 07:00:00 - 19/12/2023 08:00:00","BZN|EE","Without Sequence","70.00","",""
"19/12/2023 08:00:00 - 19/12/2023 09:00:00","BZN|EE","Without Sequence","70.00","",""
"19/12/2023 09:00:00 - 19/12/2023 10:00:00","BZN|EE","Without Sequence","40.01","",""
"19/12/2023 10:00:00 - 19/12/2023 11:00:00","BZN|EE","Without Sequence","31.01","",""
"19/12/2023 11:00:00 - 19/12/2023 12:00:00","BZN|EE","Without Sequence","26.77","",""
"19/12/2023 12:00:00 - 19/12/2023 13:00:00","BZN|EE","Without Sequence","40.00","",""
"19/12/2023 13:00:00 - 19/12/2023 14:00:00","BZN|EE","Without Sequence","67.29","",""
"19/12/2023 14:00:00 - 19/12/2023 15:00:00","BZN|EE","Without Sequence","76.90","",""
"19/12/2023 15:00:00 - 19/12/2023 16:00:00","BZN|EE","Without Sequence","76.89","",""
"19/12/2023 16:00:00 - 19/12/2023 17:00:00","BZN|EE","Without Sequence","76.89","",""
"19/12/2023 17:00:00 - 19/12/2023 18:00:00","BZN|EE","Without Sequence","70.01","",""
"19/12/2023 18:00:00 - 19/12/2023 19:00:00","BZN|EE","Without Sequence","70.02","",""
"19/12/2023 19:00:00 - 19/12/2023 20:00:00","BZN|EE","Without Sequence","15.56","",""
"19/12/2023 20:00:00 - 19/12/2023 21:00:00","BZN|EE","Without Sequence","13.76","",""
"19/12/2023 21:00:00 - 19/12/2023 22:00:00","BZN|EE","Without Sequence","12.15","",""
"19/12/2023 22:00:00 - 19/12/2023 23:00:00","BZN|EE","Without Sequence","11.35","",""
"19/12/2023 23:00:00 - 20/12/2023 00:00:00","BZN|EE","Without Sequence","11.53","",""
"20/12/2023 00:00:00 - 20/12/2023 01:00:00","BZN|EE","Without Sequence","10.52","",""
"20/12/2023 01:00:00 - 20/12/2023 02:00:00","BZN|EE","Without Sequence","10.09","",""
"20/12/2023 02:00:00 - 20/12/2023 03:00:00","BZN|EE","Without Sequence","10.10","",""
"20/12/2023 03:00:00 - 20/12/2023 04:00:00","BZN|EE","Without Sequence","13.65","",""
"20/12/2023 04:00:00 - 20/12/2023 05:00:00","BZN|EE","Without Sequence","73.07","",""
"20/12/2023 05:00:00 - 20/12/2023 06:00:00","BZN|EE","Without Sequence","82.63","",""
"20/12/2023 06:00:00 - 20/12/2023 07:00:00","BZN|EE","Without Sequence","84.16","",""
"20/12/2023 07:00:00 - 20/12/2023 08:00:00","BZN|EE","Without Sequence","90.06","",""
"20/12/2023 08:00:00 - 20/12/2023 09:00:00","BZN|EE","Without Sequence","86.85","",""
"20/12/2023 09:00:00 - 20/12/2023 10:00:00","BZN|EE","Without Sequence","83.87","",""
"20/12/2023 10:00:00 - 20/12/2023 11:00:00","BZN|EE","Without Sequence","82.51","",""
"20/12/2023 11:00:00 - 20/12/2023 12:00:00","BZN|EE","Without Sequence","83.10","",""
"20/12/2023 12:00:00 - 20/12/2023 13:00:00","BZN|EE","Without Sequence","83.54","",""
"20/12/2023 13:00:00 - 20/12/2023 14:00:00","BZN|EE","Without Sequence","82.27","",""
"20/12/2023 14:00:00 - 20/12/2023 15:00:00","BZN|EE","Without Sequence","82.88","",""
"20/12/2023 15:00:00 - 20/12/2023 16:00:00","BZN|EE","Without Sequence","83.00","",""
"20/12/2023 16:00:00 - 20/12/2023 17:00:00","BZN|EE","Without Sequence","82.18","",""
"20/12/2023 17:00:00 - 20/12/2023 18:00:00","BZN|EE","Without Sequence","79.93","",""
"20/12/2023 18:00:00 - 20/12/2023 19:00:00","BZN|EE","Without Sequence","80.19","",""
"20/12/2023 19:00:00 - 20/12/2023 20:00:00","BZN|EE","Without Sequence","74.83","",""
"20/12/2023 20:00:00 - 20/12/2023 21:00:00","BZN|EE","Without Sequence","63.97","",""
"20/12/2023 21:00:00 - 20/12/2023 22:00:00","BZN|EE","Without Sequence","61.42","",""
"20/12/2023 22:00:00 - 20/12/2023 23:00:00","BZN|EE","Without Sequence","54.92","",""
"20/12/2023 23:00:00 - 21/12/2023 00:00:00","BZN|EE","Without Sequence","45.24","",""
"21/12/2023 00:00:00 - 21/12/2023 01:00:00","BZN|EE","Without Sequence","46.54","",""
"21/12/2023 01:00:00 - 21/12/2023 02:00:00","BZN|EE","Without Sequence","37.36","",""
"21/12/2023 02:00:00 - 21/12/2023 03:00:00","BZN|EE","Without Sequence","34.57","",""
"21/12/2023 03:00:00 - 21/12/2023 04:00:00","BZN|EE","Without Sequence","38.71","",""
"21/12/2023 04:00:00 - 21/12/2023 05:00:00","BZN|EE","Without Sequence","55.01","",""
"21/12/2023 05:00:00 - 21/12/2023 06:00:00","BZN|EE","Without Sequence","80.10","",""
"21/12/2023 06:00:00 - 21/12/2023 07:00:00","BZN|EE","Without Sequence","84.07","",""
"21/12/2023 07:00:00 - 21/12/2023 08:00:00","BZN|EE","Without Sequence","84.12","",""
"21/12/2023 08:00:00 - 21/12/2023 09:00:00","BZN|EE","Without Sequence","84.04","",""
"21/12/2023 09:00:00 - 21/12/2023 10:00:00","BZN|EE","Without Sequence","84.07","",""
"21/12/2023 10:00:00 - 21/12/2023 11:00:00","BZN|EE","Without Sequence","84.04","",""
"21/12/2023 11:00:00 - 21/12/2023 12:00:00","BZN|EE","Without Sequence","84.12","",""
"21/12/2023 12:00:00 - 21/12/2023 13:00:00","BZN|EE","Without Sequence","80.10","",""
"21/12/2023 13:00:00 - 21/12/2023 14:00:00","BZN|EE","Without Sequence","80.10","",""
"21/12/2023 14:00:00 - 21/12/2023 15:00:00","BZN|EE","Without Sequence","80.10","",""
"21/12/2023 15:00:00 - 21/12/2023 16:00:00","BZN|EE","Without Sequence","80.09","",""
"21/12/2023 16:00:00 - 21/12/2023 17:00:00","BZN|EE","Without Sequence","50.64","",""
"21/12/2023 17:00:00 - 21/12/2023 18:00:00","BZN|EE","Without Sequence","48.07","",""
"21/12/2023 18:00:00 - 21/12/2023 19:00:00","BZN|EE","Without Sequence","48.00","",""
"21/12/2023 19:00:00 - 21/12/2023 20:00:00","BZN|EE","Without Sequence","40.97","",""
"21/12/2023 20:00:00 - 21/12/2023 21:00:00","BZN|EE","Without Sequence","33.15","",""
"21/12/2023 21:00:00 - 21/12/2023 22:00:00","BZN|EE","Without Sequence","28.77","",""
"21/12/2023 22:00:00 - 21/12/2023 23:00:00","BZN|EE","Without Sequence","18.21","",""
"21/12/2023 23:00:00 - 22/12/2023 00:00:00","BZN|EE","Without Sequence","15.33","",""
"22/12/2023 00:00:00 - 22/12/2023 01:00:00","BZN|EE","Without Sequence","10.60","",""
"22/12/2023 01:00:00 - 22/12/2023 02:00:00","BZN|EE","Without Sequence","4.92","",""
"22/12/2023 02:00:00 - 22/12/2023 03:00:00","BZN|EE","Without Sequence","4.04","",""
"22/12/2023 03:00:00 - 22/12/2023 04:00:00","BZN|EE","Without Sequence","5.70","",""
"22/12/2023 04:00:00 - 22/12/2023 05:00:00","BZN|EE","Without Sequence","13.79","",""
"22/12/2023 05:00:00 - 22/12/2023 06:00:00","BZN|EE","Without Sequence","25.05","",""
"22/12/2023 06:00:00 - 22/12/2023 07:00:00","BZN|EE","Without Sequence","45.92","",""
"22/12/2023 07:00:00 - 22/12/2023 08:00:00","BZN|EE","Without Sequence","55.12","",""
"22/12/2023 08:00:00 - 22/12/2023 09:00:00","BZN|EE","Without Sequence","48.15","",""
"22/12/2023 09:00:00 - 22/12/2023 10:00:00","BZN|EE","Without Sequence","45.07","",""
"22/12/2023 10:00:00 - 22/12/2023 11:00:00","BZN|EE","Without Sequence","45.07","",""
"22/12/2023 11:00:00 - 22/12/2023 12:00:00","BZN|EE","Without Sequence","46.04","",""
"22/12/2023 12:00:00 - 22/12/2023 13:00:00","BZN|EE","Without Sequence","54.14","",""
"22/12/2023 13:00:00 - 22/12/2023 14:00:00","BZN|EE","Without Sequence","52.96","",""
"22/12/2023 14:00:00 - 22/12/2023 15:00:00","BZN|EE","Without Sequence","57.57","",""
"22/12/2023 15:00:00 - 22/12/2023 16:00:00","BZN|EE","Without Sequence","57.57","",""
"22/12/2023 16:00:00 - 22/12/2023 17:00:00","BZN|EE","Without Sequence","57.57","",""
"22/12/2023 17:00:00 - 22/12/2023 18:00:00","BZN|EE","Without Sequence","52.95","",""
"22/12/2023 18:00:00 - 22/12/2023 19:00:00","BZN|EE","Without Sequence","54.14","",""
"22/12/2023 19:00:00 - 22/12/2023 20:00:00","BZN|EE","Without Sequence","52.95","",""
"22/12/2023 20:00:00 - 22/12/2023 21:00:00","BZN|EE","Without Sequence","27.55","",""
"22/12/2023 21:00:00 - 22/12/2023 22:00:00","BZN|EE","Without Sequence","22.57","",""
"22/12/2023 22:00:00 - 22/12/2023 23:00:00","BZN|EE","Without Sequence","12.00","",""
"22/12/2023 23:00:00 - 23/12/2023 00:00:00","BZN|EE","Without Sequence","9.99","",""
"23/12/2023 00:00:00 - 23/12/2023 01:00:00","BZN|EE","Without Sequence","4.33","",""
"23/12/2023 01:00:00 - 23/12/2023 02:00:00","BZN|EE","Without Sequence","0.35","",""
"23/12/2023 02:00:00 - 23/12/2023 03:00:00","BZN|EE","Without Sequence","1.33","",""
"23/12/2023 03:00:00 - 23/12/2023 04:00:00","BZN|EE","Without Sequence","5.64","",""
"23/12/2023 04:00:00 - 23/12/2023 05:00:00","BZN|EE","Without Sequence","7.81","",""
"23/12/2023 05:00:00 - 23/12/2023 06:00:00","BZN|EE","Without Sequence","13.58","",""
"23/12/2023 06:00:00 - 23/12/2023 07:00:00","BZN|EE","Without Sequence","20.04","",""
"23/12/2023 07:00:00 - 23/12/2023 08:00:00","BZN|EE","Without Sequence","22.46","",""
"23/12/2023 08:00:00 - 23/12/2023 09:00:00","BZN|EE","Without Sequence","42.08","",""
"23/12/2023 09:00:00 - 23/12/2023 10:00:00","BZN|EE","Without Sequence","42.02","",""
"23/12/2023 10:00:00 - 23/12/2023 11:00:00","BZN|EE","Without Sequence","46.21","",""
"23/12/2023 11:00:00 - 23/12/2023 12:00:00","BZN|EE","Without Sequence","47.58","",""
"23/12/2023 12:00:00 - 23/12/2023 13:00:00","BZN|EE","Without Sequence","49.25","",""
"23/12/2023 13:00:00 - 23/12/2023 14:00:00","BZN|EE","Without Sequence","51.61","",""
"23/12/2023 14:00:00 - 23/12/2023 15:00:00","BZN|EE","Without Sequence","53.77","",""
"23/12/2023 15:00:00 - 23/12/2023 16:00:00","BZN|EE","Without Sequence","58.05","",""
"23/12/2023 16:00:00 - 23/12/2023 17:00:00","BZN|EE","Without Sequence","66.49","",""
"23/12/2023 17:00:00 - 23/12/2023 18:00:00","BZN|EE","Without Sequence","66.11","",""
"23/12/2023 18:00:00 - 23/12/2023 19:00:00","BZN|EE","Without Sequence","61.55","",""
"23/12/2023 19:00:00 - 23/12/2023 20:00:00","BZN|EE","Without Sequence","52.41","",""
"23/12/2023 20:00:00 - 23/12/2023 21:00:00","BZN|EE","Without Sequence","42.59","",""
"23/12/2023 21:00:00 - 23/12/2023 22:00:00","BZN|EE","Without Sequence","35.62","",""
"23/12/2023 22:00:00 - 23/12/2023 23:00:00","BZN|EE","Without Sequence","36.09","",""
"23/12/2023 23:00:00 - 24/12/2023 00:00:00","BZN|EE","Without Sequence","29.27","",""
"24/12/2023 00:00:00 - 24/12/2023 01:00:00","BZN|EE","Without Sequence","29.23","",""
"24/12/2023 01:00:00 - 24/12/2023 02:00:00","BZN|EE","Without Sequence","29.14","",""
"24/12/2023 02:00:00 - 24/12/2023 03:00:00","BZN|EE","Without Sequence","28.63","",""
"24/12/2023 03:00:00 - 24/12/2023 04:00:00","BZN|EE","Without Sequence","28.75","",""
"24/12/2023 04:00:00 - 24/12/2023 05:00:00","BZN|EE","Without Sequence","30.22","",""
"24/12/2023 05:00:00 - 24/12/2023 06:00:00","BZN|EE","Without Sequence","31.99","",""
"24/12/2023 06:00:00 - 24/12/2023 07:00:00","BZN|EE","Without Sequence","42.96","",""
"24/12/2023 07:00:00 - 24/12/2023 08:00:00","BZN|EE","Without Sequence","51.85","",""
"24/12/2023 08:00:00 - 24/12/2023 09:00:00","BZN|EE","Without Sequence","53.91","",""
"24/12/2023 09:00:00 - 24/12/2023 10:00:00","BZN|EE","Without Sequence","59.44","",""
"24/12/2023 10:00:00 - 24/12/2023 11:00:00","BZN|EE","Without Sequence","53.92","",""
"24/12/2023 11:00:00 - 24/12/2023 12:00:00","BZN|EE","Without Sequence","52.72","",""
"24/12/2023 12:00:00 - 24/12/2023 13:00:00","BZN|EE","Without Sequence","50.94","",""
"24/12/2023 13:00:00 - 24/12/2023 14:00:00","BZN|EE","Without Sequence","49.96","",""
"24/12/2023 14:00:00 - 24/12/2023 15:00:00","BZN|EE","Without Sequence","66.23","",""
"24/12/2023 15:00:00 - 24/12/2023 16:00:00","BZN|EE","Without Sequence","48.38","",""
"24/12/2023 16:00:00 - 24/12/2023 17:00:00","BZN|EE","Without Sequence","39.55","",""
"24/12/2023 17:00:00 - 24/12/2023 18:00:00","BZN|EE","Without Sequence","35.74","",""
"24/12/2023 18:00:00 - 24/12/2023 19:00:00","BZN|EE","Without Sequence","32.46","",""
"24/12/2023 19:00:00 - 24/12/2023 20:00:00","BZN|EE","Without Sequence","29.99","",""
"24/12/2023 20:00:00 - 24/12/2023 21:00:00","BZN|EE","Without Sequence","29.99","",""
"24/12/2023 21:00:00 - 24/12/2023 22:00:00","BZN|EE","Without Sequence","28.98","",""
"24/12/2023 22:00:00 - 24/12/2023 23:00:00","BZN|EE","Without Sequence","23.60","",""
"24/12/2023 23:00:00 - 25/12/2023 00:00:00","BZN|EE","Without Sequence","33.60","",""
"25/12/2023 00:00:00 - 25/12/2023 01:00:00","BZN|EE","Without Sequence","33.71","",""
"25/12/2023 01:00:00 - 25/12/2023 02:00:00","BZN|EE","Without Sequence","31.62","",""
"25/12/2023 02:00:00 - 25/12/2023 03:00:00","BZN|EE","Without Sequence","30.00","",""
"25/12/2023 03:00:00 - 25/12/2023 04:00:00","BZN|EE","Without Sequence","26.80","",""
"25/12/2023 04:00:00 - 25/12/2023 05:00:00","BZN|EE","Without Sequence","22.13","",""
"25/12/2023 05:00:00 - 25/12/2023 06:00:00","BZN|EE","Without Sequence","20.71","",""
"25/12/2023 06:00:00 - 25/12/2023 07:00:00","BZN|EE","Without Sequence","27.86","",""
"25/12/2023 07:00:00 - 25/12/2023 08:00:00","BZN|EE","Without Sequence","30.55","",""
"25/12/2023 08:00:00 - 25/12/2023 09:00:00","BZN|EE","Without Sequence","31.17","",""
"25/12/2023 09:00:00 - 25/12/2023 10:00:00","BZN|EE","Without Sequence","32.69","",""
"25/12/2023 10:00:00 - 25/12/2023 11:00:00","BZN|EE","Without Sequence","33.05","",""
"25/12/2023 11:00:00 - 25/12/2023 12:00:00","BZN|EE","Without Sequence","32.64","",""
"25/12/2023 12:00:00 - 25/12/2023 13:00:00","BZN|EE","Without Sequence","32.12","",""
"25/12/2023 13:00:00 - 25/12/2023 14:00:00","BZN|EE","Without Sequence","32.98","",""
"25/12/2023 14:00:00 - 25/12/2023 15:00:00","BZN|EE","Without Sequence","33.78","",""
"25/12/2023 15:00:00 - 25/12/2023 16:00:00","BZN|EE","Without Sequence","34.99","",""
"25/12/2023 16:00:00 - 25/12/2023 17:00:00","BZN|EE","Without Sequence","38.78","",""
"25/12/2023 17:00:00 - 25/12/2023 18:00:00","BZN|EE","Without Sequence","38.02","",""
"25/12/2023 18:00:00 - 25/12/2023 19:00:00","BZN|EE","Without Sequence","35.08","",""
"25/12/2023 19:00:00 - 25/12/2023 20:00:00","BZN|EE","Without Sequence","33.46","",""
"25/12/2023 20:00:00 - 25/12/2023 21:00:00","BZN|EE","Without Sequence","34.12","",""
"25/12/2023 21:00:00 - 25/12/2023 22:00:00","BZN|EE","Without Sequence","34.71","",""
"25/12/2023 22:00:00 - 25/12/2023 23:00:00","BZN|EE","Without Sequence","33.56","",""
"25/12/2023 23:00:00 - 26/12/2023 00:00:00","BZN|EE","Without Sequence","30.63","",""
"26/12/2023 00:00:00 - 26/12/2023 01:00:00","BZN|EE","Without Sequence","28.07","",""
"26/12/2023 01:00:00 - 26/12/2023 02:00:00","BZN|EE","Without Sequence","27.29","",""
"26/12/2023 02:00:00 - 26/12/2023 03:00:00","BZN|EE","Without Sequence","28.47","",""
"26/12/2023 03:00:00 - 26/12/2023 04:00:00","BZN|EE","Without Sequence","31.00","",""
"26/12/2023 04:00:00 - 26/12/2023 05:00:00","BZN|EE","Without Sequence","33.52","",""
"26/12/2023 05:00:00 - 26/12/2023 06:00:00","BZN|EE","Without Sequence","33.85","",""
"26/12/2023 06:00:00 - 26/12/2023 07:00:00","BZN|EE","Without Sequence","36.65","",""
"26/12/2023 07:00:00 - 26/12/2023 08:00:00","BZN|EE","Without Sequence","39.04","",""
"26/12/2023 08:00:00 - 26/12/2023 09:00:00","BZN|EE","Without Sequence","49.56","",""
"26/12/2023 09:00:00 - 26/12/2023 10:00:00","BZN|EE","Without Sequence","50.19","",""
"26/12/2023 10:00:00 - 26/12/2023 11:00:00","BZN|EE","Without Sequence","49.96","",""
"26/12/2023 11:00:00 - 26/12/2023 12:00:00","BZN|EE","Without Sequence","49.21","",""
"26/12/2023 12:00:00 - 26/12/2023 13:00:00","BZN|EE","Without Sequence","45.52","",""
"26/12/2023 13:00:00 - 26/12/2023 14:00:00","BZN|EE","Without Sequence","44.09","",""
"26/12/2023 14:00:00 - 26/12/2023 15:00:00","BZN|EE","Without Sequence","42.85","",""
"26/12/2023 15:00:00 - 26/12/2023 16:00:00","BZN|EE","Without Sequence","47.46","",""
"26/12/2023 16:00:00 - 26/12/2023 17:00:00","BZN|EE","Without Sequence","52.88","",""
"26/12/2023 17:00:00 - 26/12/2023 18:00:00","BZN|EE","Without Sequence","52.95","",""
"26/12/2023 18:00:00 - 26/12/2023 19:00:00","BZN|EE","Without Sequence","49.42","",""
"26/12/2023 19:00:00 - 26/12/2023 20:00:00","BZN|EE","Without Sequence","42.03","",""
"26/12/2023 20:00:00 - 26/12/2023 21:00:00","BZN|EE","Without Sequence","40.76","",""
"26/12/2023 21:00:00 - 26/12/2023 22:00:00","BZN|EE","Without Sequence","37.91","",""
"26/12/2023 22:00:00 - 26/12/2023 23:00:00","BZN|EE","Without Sequence","34.00","",""
"26/12/2023 23:00:00 - 27/12/2023 00:00:00","BZN|EE","Without Sequence","35.11","",""
"27/12/2023 00:00:00 - 27/12/2023 01:00:00","BZN|EE","Without Sequence","31.10","",""
"27/12/2023 01:00:00 - 27/12/2023 02:00:00","BZN|EE","Without Sequence","30.68","",""
"27/12/2023 02:00:00 - 27/12/2023 03:00:00","BZN|EE","Without Sequence","30.98","",""
"27/12/2023 03:00:00 - 27/12/2023 04:00:00","BZN|EE","Without Sequence","32.55","",""
"27/12/2023 04:00:00 - 27/12/2023 05:00:00","BZN|EE","Without Sequence","39.28","",""
"27/12/2023 05:00:00 - 27/12/2023 06:00:00","BZN|EE","Without Sequence","65.06","",""
"27/12/2023 06:00:00 - 27/12/2023 07:00:00","BZN|EE","Without Sequence","69.12","",""
"27/12/2023 07:00:00 - 27/12/2023 08:00:00","BZN|EE","Without Sequence","77.72","",""
"27/12/2023 08:00:00 - 27/12/2023 09:00:00","BZN|EE","Without Sequence","77.85","",""
"27/12/2023 09:00:00 - 27/12/2023 10:00:00","BZN|EE","Without Sequence","73.39","",""
"27/12/2023 10:00:00 - 27/12/2023 11:00:00","BZN|EE","Without Sequence","72.54","",""
"27/12/2023 11:00:00 - 27/12/2023 12:00:00","BZN|EE","Without Sequence","72.02","",""
"27/12/2023 12:00:00 - 27/12/2023 13:00:00","BZN|EE","Without Sequence","70.75","",""
"27/12/2023 13:00:00 - 27/12/2023 14:00:00","BZN|EE","Without Sequence","73.27","",""
"27/12/2023 14:00:00 - 27/12/2023 15:00:00","BZN|EE","Without Sequence","79.37","",""
"27/12/2023 15:00:00 - 27/12/2023 16:00:00","BZN|EE","Without Sequence","84.30","",""
"27/12/2023 16:00:00 - 27/12/2023 17:00:00","BZN|EE","Without Sequence","83.68","",""
"27/12/2023 17:00:00 - 27/12/2023 18:00:00","BZN|EE","Without Sequence","80.08","",""
"27/12/2023 18:00:00 - 27/12/2023 19:00:00","BZN|EE","Without Sequence","74.97","",""
"27/12/2023 19:00:00 - 27/12/2023 20:00:00","BZN|EE","Without Sequence","54.73","",""
"27/12/2023 20:00:00 - 27/12/2023 21:00:00","BZN|EE","Without Sequence","40.00","",""
"27/12/2023 21:00:00 - 27/12/2023 22:00:00","BZN|EE","Without Sequence","33.32","",""
"27/12/2023 22:00:00 - 27/12/2023 23:00:00","BZN|EE","Without Sequence","31.45","",""
"27/12/2023 23:00:00 - 28/12/2023 00:00:00","BZN|EE","Without Sequence","30.10","",""
"28/12/2023 00:00:00 - 28/12/2023 01:00:00","BZN|EE","Without Sequence","29.83","",""
"28/12/2023 01:00:00 - 28/12/2023 02:00:00","BZN|EE","Without Sequence","27.74","",""
"28/12/2023 02:00:00 - 28/12/2023 03:00:00","BZN|EE","Without Sequence","25.35","",""
"28/12/2023 03:00:00 - 28/12/2023 04:00:00","BZN|EE","Without Sequence","30.00","",""
"28/12/2023 04:00:00 - 28/12/2023 05:00:00","BZN|EE","Without Sequence","42.07","",""
"28/12/2023 05:00:00 - 28/12/2023 06:00:00","BZN|EE","Without Sequence","57.39","",""
"28/12/2023 06:00:00 - 28/12/2023 07:00:00","BZN|EE","Without Sequence","84.30","",""
"28/12/2023 07:00:00 - 28/12/2023 08:00:00","BZN|EE","Without Sequence","60.52","",""
"28/12/2023 08:00:00 - 28/12/2023 09:00:00","BZN|EE","Without Sequence","45.04","",""
"28/12/2023 09:00:00 - 28/12/2023 10:00:00","BZN|EE","Without Sequence","42.99","",""
"28/12/2023 10:00:00 - 28/12/2023 11:00:00","BZN|EE","Without Sequence","40.00","",""
"28/12/2023 11:00:00 - 28/12/2023 12:00:00","BZN|EE","Without Sequence","40.01","",""
"28/12/2023 12:00:00 - 28/12/2023 13:00:00","BZN|EE","Without Sequence","42.16","",""
"28/12/2023 13:00:00 - 28/12/2023 14:00:00","BZN|EE","Without Sequence","45.00","",""
"28/12/2023 14:00:00 - 28/12/2023 15:00:00","BZN|EE","Without Sequence","70.22","",""
"28/12/2023 15:00:00 - 28/12/2023 16:00:00","BZN|EE","Without Sequence","69.96","",""
"28/12/2023 16:00:00 - 28/12/2023 17:00:00","BZN|EE","Without Sequence","68.84","",""
"28/12/2023 17:00:00 - 28/12/2023 18:00:00","BZN|EE","Without Sequence","62.79","",""
"28/12/2023 18:00:00 - 28/12/2023 19:00:00","BZN|EE","Without Sequence","53.69","",""
"28/12/2023 19:00:00 - 28/12/2023 20:00:00","BZN|EE","Without Sequence","36.69","",""
"28/12/2023 20:00:00 - 28/12/2023 21:00:00","BZN|EE","Without Sequence","33.62","",""
"28/12/2023 21:00:00 - 28/12/2023 22:00:00","BZN|EE","Without Sequence","30.97","",""
"28/12/2023 22:00:00 - 28/12/2023 23:00:00","BZN|EE","Without Sequence","25.77","",""
"28/12/2023 23:00:00 - 29/12/2023 00:00:00","BZN|EE","Without Sequence","23.53","",""
"29/12/2023 00:00:00 - 29/12/2023 01:00:00","BZN|EE","Without Sequence","20.83","",""
"29/12/2023 01:00:00 - 29/12/2023 02:00:00","BZN|EE","Without Sequence","20.01","",""
"29/12/2023 02:00:00 - 29/12/2023 03:00:00","BZN|EE","Without Sequence","18.85","",""
"29/12/2023 03:00:00 - 29/12/2023 04:00:00","BZN|EE","Without Sequence","20.15","",""
"29/12/2023 04:00:00 - 29/12/2023 05:00:00","BZN|EE","Without Sequence","20.98","",""
"29/12/2023 05:00:00 - 29/12/2023 06:00:00","BZN|EE","Without Sequence","24.70","",""
"29/12/2023 06:00:00 - 29/12/2023 07:00:00","BZN|EE","Without Sequence","31.38","",""
"29/12/2023 07:00:00 - 29/12/2023 08:00:00","BZN|EE","Without Sequence","32.21","",""
"29/12/2023 08:00:00 - 29/12/2023 09:00:00","BZN|EE","Without Sequence","32.13","",""
"29/12/2023 09:00:00 - 29/12/2023 10:00:00","BZN|EE","Without Sequence","31.97","",""
"29/12/2023 10:00:00 - 29/12/2023 11:00:00","BZN|EE","Without Sequence","32.69","",""
"29/12/2023 11:00:00 - 29/12/2023 12:00:00","BZN|EE","Without Sequence","32.21","",""
"29/12/2023 12:00:00 - 29/12/2023 13:00:00","BZN|EE","Without Sequence","30.76","",""
"29/12/2023 13:00:00 - 29/12/2023 14:00:00","BZN|EE","Without Sequence","30.90","",""
"29/12/2023 14:00:00 - 29/12/2023 15:00:00","BZN|EE","Without Sequence","30.65","",""
"29/12/2023 15:00:00 - 29/12/2023 16:00:00","BZN|EE","Without Sequence","33.02","",""
"29/12/2023 16:00:00 - 29/12/2023 17:00:00","BZN|EE","Without Sequence","35.87","",""
"29/12/2023 17:00:00 - 29/12/2023 18:00:00","BZN|EE","Without Sequence","34.12","",""
"29/12/2023 18:00:00 - 29/12/2023 19:00:00","BZN|EE","Without Sequence","30.76","",""
"29/12/2023 19:00:00 - 29/12/2023 20:00:00","BZN|EE","Without Sequence","30.02","",""
"29/12/2023 20:00:00 - 29/12/2023 21:00:00","BZN|EE","Without Sequence","28.13","",""
"29/12/2023 21:00:00 - 29/12/2023 22:00:00","BZN|EE","Without Sequence","25.34","",""
"29/12/2023 22:00:00 - 29/12/2023 23:00:00","BZN|EE","Without Sequence","19.35","",""
"29/12/2023 23:00:00 - 30/12/2023 00:00:00","BZN|EE","Without Sequence","20.84","",""
"30/12/2023 00:00:00 - 30/12/2023 01:00:00","BZN|EE","Without Sequence","19.97","",""
"30/12/2023 01:00:00 - 30/12/2023 02:00:00","BZN|EE","Without Sequence","18.07","",""
"30/12/2023 02:00:00 - 30/12/2023 03:00:00","BZN|EE","Without Sequence","18.12","",""
"30/12/2023 03:00:00 - 30/12/2023 04:00:00","BZN|EE","Without Sequence","18.07","",""
"30/12/2023 04:00:00 - 30/12/2023 05:00:00","BZN|EE","Without Sequence","20.15","",""
"30/12/2023 05:00:00 - 30/12/2023 06:00:00","BZN|EE","Without Sequence","22.02","",""
"30/12/2023 06:00:00 - 30/12/2023 07:00:00","BZN|EE","Without Sequence","25.29","",""
"30/12/2023 07:00:00 - 30/12/2023 08:00:00","BZN|EE","Without Sequence","28.81","",""
"30/12/2023 08:00:00 - 30/12/2023 09:00:00","BZN|EE","Without Sequence","35.73","",""
"30/12/2023 09:00:00 - 30/12/2023 10:00:00","BZN|EE","Without Sequence","39.21","",""
"30/12/2023 10:00:00 - 30/12/2023 11:00:00","BZN|EE","Without Sequence","39.64","",""
"30/12/2023 11:00:00 - 30/12/2023 12:00:00","BZN|EE","Without Sequence","36.38","",""
"30/12/2023 12:00:00 - 30/12/2023 13:00:00","BZN|EE","Without Sequence","33.25","",""
"30/12/2023 13:00:00 - 30/12/2023 14:00:00","BZN|EE","Without Sequence","42.04","",""
"30/12/2023 14:00:00 - 30/12/2023 15:00:00","BZN|EE","Without Sequence","56.25","",""
"30/12/2023 15:00:00 - 30/12/2023 16:00:00","BZN|EE","Without Sequence","69.99","",""
"30/12/2023 16:00:00 - 30/12/2023 17:00:00","BZN|EE","Without Sequence","79.92","",""
"30/12/2023 17:00:00 - 30/12/2023 18:00:00","BZN|EE","Without Sequence","79.99","",""
"30/12/2023 18:00:00 - 30/12/2023 19:00:00","BZN|EE","Without Sequence","71.09","",""
"30/12/2023 19:00:00 - 30/12/2023 20:00:00","BZN|EE","Without Sequence","62.01","",""
"30/12/2023 20:00:00 - 30/12/2023 21:00:00","BZN|EE","Without Sequence","55.14","",""
"30/12/2023 21:00:00 - 30/12/2023 22:00:00","BZN|EE","Without Sequence","50.10","",""
"30/12/2023 22:00:00 - 30/12/2023 23:00:00","BZN|EE","Without Sequence","43.23","",""
"30/12/2023 23:00:00 - 31/12/2023 00:00:00","BZN|EE","Without Sequence","44.87","",""
"31/12/2023 00:00:00 - 31/12/2023 01:00:00","BZN|EE","Without Sequence","40.69","",""
"31/12/2023 01:00:00 - 31/12/2023 02:00:00","BZN|EE","Without Sequence","40.84","",""
"31/12/2023 02:00:00 - 31/12/2023 03:00:00","BZN|EE","Without Sequence","39.96","",""
"31/12/2023 03:00:00 - 31/12/2023 04:00:00","BZN|EE","Without Sequence","38.14","",""
"31/12/2023 04:00:00 - 31/12/2023 05:00:00","BZN|EE","Without Sequence","39.27","",""
"31/12/2023 05:00:00 - 31/12/2023 06:00:00","BZN|EE","Without Sequence","40.01","",""
"31/12/2023 06:00:00 - 31/12/2023 07:00:00","BZN|EE","Without Sequence","44.07","",""
"31/12/2023 07:00:00 - 31/12/2023 08:00:00","BZN|EE","Without Sequence","60.00","",""
"31/12/2023 08:00:00 - 31/12/2023 09:00:00","BZN|EE","Without Sequence","73.17","",""
"31/12/2023 09:00:00 - 31/12/2023 10:00:00","BZN|EE","Without Sequence","85.10","",""
"31/12/2023 10:00:00 - 31/12/2023 11:00:00","BZN|EE","Without Sequence","85.10","",""
"31/12/2023 11:00:00 - 31/12/2023 12:00:00","BZN|EE","Without Sequence","85.10","",""
"31/12/2023 12:00:00 - 31/12/2023 13:00:00","BZN|EE","Without Sequence","91.56","",""
"31/12/2023 13:00:00 - 31/12/2023 14:00:00","BZN|EE","Without Sequence","110.01","",""
"31/12/2023 14:00:00 - 31/12/2023 15:00:00","BZN|EE","Without Sequence","117.51","",""
"31/12/2023 15:00:00 - 31/12/2023 16:00:00","BZN|EE","Without Sequence","108.49","",""
"31/12/2023 16:00:00 - 31/12/2023 17:00:00","BZN|EE","Without Sequence","98.95","",""
"31/12/2023 17:00:00 - 31/12/2023 18:00:00","BZN|EE","Without Sequence","97.62","",""
"31/12/2023 18:00:00 - 31/12/2023 19:00:00","BZN|EE","Without Sequence","59.99","",""
"31/12/2023 19:00:00 - 31/12/2023 20:00:00","BZN|EE","Without Sequence","40.99","",""
"31/12/2023 20:00:00 - 31/12/2023 21:00:00","BZN|EE","Without Sequence","53.83","",""
"31/12/2023 21:00:00 - 31/12/2023 22:00:00","BZN|EE","Without Sequence","55.49","",""
"31/12/2023 22:00:00 - 31/12/2023 23:00:00","BZN|EE","Without Sequence","40.01","",""
"31/12/2023 23:00:00 - 01/01/2024 00:00:00","BZN|EE","Without Sequence","38.37","",""
