"MTU (UTC)","Area","Sequence","Day-ahead Price (EUR/MWh)","Intraday Period (UTC)","Intraday Price (EUR/MWh)"
"01/01/2022 00:00:00 - 01/01/2022 01:00:00","BZN|EE","Without Sequence","41.33","",""
"01/01/2022 01:00:00 - 01/01/2022 02:00:00","BZN|EE","Without Sequence","42.18","",""
"01/01/2022 02:00:00 - 01/01/2022 03:00:00","BZN|EE","Without Sequence","44.37","",""
"01/01/2022 03:00:00 - 01/01/2022 04:00:00","BZN|EE","Without Sequence","37.67","",""
"01/01/2022 04:00:00 - 01/01/2022 05:00:00","BZN|EE","Without Sequence","39.70","",""
"01/01/2022 05:00:00 - 01/01/2022 06:00:00","BZN|EE","Without Sequence","40.59","",""
"01/01/2022 06:00:00 - 01/01/2022 07:00:00","BZN|EE","Without Sequence","43.26","",""
"01/01/2022 07:00:00 - 01/01/2022 08:00:00","BZN|EE","Without Sequence","49.66","",""
"01/01/2022 08:00:00 - 01/01/2022 09:00:00","BZN|EE","Without Sequence","70.05","",""
"01/01/2022 09:00:00 - 01/01/2022 10:00:00","BZN|EE","Without Sequence","76.79","",""
"01/01/2022 10:00:00 - 01/01/2022 11:00:00","BZN|EE","Without Sequence","84.10","",""
"01/01/2022 11:00:00 - 01/01/2022 12:00:00","BZN|EE","Without Sequence","94.74","",""
"01/01/2022 12:00:00 - 01/01/2022 13:00:00","BZN|EE","Without Sequence","96.80","",""
"01/01/2022 13:00:00 - 01/01/2022 14:00:00","BZN|EE","Without Sequence","97.17","",""
"01/01/2022 14:00:00 - 01/01/2022 15:00:00","BZN|EE","Without Sequence","101.27","",""
"01/01/2022 15:00:00 - 01/01/2022 16:00:00","BZN|EE","Without Sequence","126.60","",""
"01/01/2022 16:00:00 - 01/01/2022 17:00:00","BZN|EE","Without Sequence","149.97","",""
"01/01/2022 17:00:00 - 01/01/2022 18:00:00","BZN|EE","Without Sequence","146.33","",""
"01/01/2022 18:00:00 - 01/01/2022 19:00:00","BZN|EE","Without Sequence","140.28","",""
"01/01/2022 19:00:00 - 01/01/2022 20:00:00","BZN|EE","Without Sequence","121.88","",""
"01/01/2022 20:00:00 - 01/01/2022 21:00:00","BZN|EE","Without Sequence","102.61","",""
"01/01/2022 21:00:00 - 01/01/2022 22:00:00","BZN|EE","Without Sequence","97.46","",""
"01/01/2022 22:00:00 - 01/01/2022 23:00:00","BZN|EE","Without Sequence","85.16","",""
"01/01/2022 23:00:00 - 02/01/2022 00:00:00","BZN|EE","Without Sequence","57.08","",""
"02/01/2022 00:00:00 - 02/01/2022 01:00:00","BZN|EE","Without Sequence","55.09","",""
"02/01/2022 01:00:00 - 02/01/2022 02:00:00","BZN|EE","Without Sequence","52.82","",""
"02/01/2022 02:00:00 - 02/01/2022 03:00:00","BZN|EE","Without Sequence","34.94","",""
"02/01/2022 03:00:00 - 02/01/2022 04:00:00","BZN|EE","Without Sequence","29.56","",""
"02/01/2022 04:00:00 - 02/01/2022 05:00:00","BZN|EE","Without Sequence","53.01","",""
"02/01/2022 05:00:00 - 02/01/2022 06:00:00","BZN|EE","Without Sequence","34.52","",""
"02/01/2022 06:00:00 - 02/01/2022 07:00:00","BZN|EE","Without Sequence","41.80","",""
"02/01/2022 07:00:00 - 02/01/2022 08:00:00","BZN|EE","Without Sequence","48.95","",""
"02/01/2022 08:00:00 - 02/01/2022 09:00:00","BZN|EE","Without Sequence","60.01","",""
"02/01/2022 09:00:00 - 02/01/2022 10:00:00","BZN|EE","Without Sequence","70.09","",""
"02/01/2022 10:00:00 - 02/01/2022 11:00:00","BZN|EE","Without Sequence","66.26","",""
"02/01/2022 11:00:00 - 02/01/2022 12:00:00","BZN|EE","Without Sequence","64.54","",""
"02/01/2022 12:00:00 - 02/01/2022 13:00:00","BZN|EE","Without Sequence","46.96","",""
"02/01/2022 13:00:00 - 02/01/2022 14:00:00","BZN|EE","Without Sequence","65.19","",""
"02/01/2022 14:00:00 - 02/01/2022 15:00:00","BZN|EE","Without Sequence","81.09","",""
"02/01/2022 15:00:00 - 02/01/2022 16:00:00","BZN|EE","Without Sequence","88.46","",""
"02/01/2022 16:00:00 - 02/01/2022 17:00:00","BZN|EE","Without Sequence","95.40","",""
"02/01/2022 17:00:00 - 02/01/2022 18:00:00","BZN|EE","Without Sequence","86.71","",""
"02/01/2022 18:00:00 - 02/01/2022 19:00:00","BZN|EE","Without Sequence","71.72","",""
"02/01/2022 19:00:00 - 02/01/2022 20:00:00","BZN|EE","Without Sequence","56.73","",""
"02/01/2022 20:00:00 - 02/01/2022 21:00:00","BZN|EE","Without Sequence","46.16","",""
"02/01/2022 21:00:00 - 02/01/2022 22:00:00","BZN|EE","Without Sequence","46.29","",""
"02/01/2022 22:00:00 - 02/01/2022 23:00:00","BZN|EE","Without Sequence","32.93","",""
"02/01/2022 23:00:00 - 03/01/2022 00:00:00","BZN|EE","Without Sequence","20.89","",""
"03/01/2022 00:00:00 - 03/01/2022 01:00:00","BZN|EE","Without Sequence","19.92","",""
"03/01/2022 01:00:00 - 03/01/2022 02:00:00","BZN|EE","Without Sequence","19.87","",""
"03/01/2022 02:00:00 - 03/01/2022 03:00:00","BZN|EE","Without Sequence","19.82","",""
"03/01/2022 03:00:00 - 03/01/2022 04:00:00","BZN|EE","Without Sequence","20.26","",""
"03/01/2022 04:00:00 - 03/01/2022 05:00:00","BZN|EE","Without Sequence","29.35","",""
"03/01/2022 05:00:00 - 03/01/2022 06:00:00","BZN|EE","Without Sequence","80.00","",""
"03/01/2022 06:00:00 - 03/01/2022 07:00:00","BZN|EE","Without Sequence","106.87","",""
"03/01/2022 07:00:00 - 03/01/2022 08:00:00","BZN|EE","Without Sequence","131.47","",""
"03/01/2022 08:00:00 - 03/01/2022 09:00:00","BZN|EE","Without Sequence","135.53","",""
"03/01/2022 09:00:00 - 03/01/2022 10:00:00","BZN|EE","Without Sequence","107.46","",""
"03/01/2022 10:00:00 - 03/01/2022 11:00:00","BZN|EE","Without Sequence","110.08","",""
"03/01/2022 11:00:00 - 03/01/2022 12:00:00","BZN|EE","Without Sequence","119.78","",""
"03/01/2022 12:00:00 - 03/01/2022 13:00:00","BZN|EE","Without Sequence","117.00","",""
"03/01/2022 13:00:00 - 03/01/2022 14:00:00","BZN|EE","Without Sequence","111.57","",""
"03/01/2022 14:00:00 - 03/01/2022 15:00:00","BZN|EE","Without Sequence","111.39","",""
"03/01/2022 15:00:00 - 03/01/2022 16:00:00","BZN|EE","Without Sequence","124.51","",""
"03/01/2022 16:00:00 - 03/01/2022 17:00:00","BZN|EE","Without Sequence","148.49","",""
"03/01/2022 17:00:00 - 03/01/2022 18:00:00","BZN|EE","Without Sequence","138.00","",""
"03/01/2022 18:00:00 - 03/01/2022 19:00:00","BZN|EE","Without Sequence","117.64","",""
"03/01/2022 19:00:00 - 03/01/2022 20:00:00","BZN|EE","Without Sequence","117.71","",""
"03/01/2022 20:00:00 - 03/01/2022 21:00:00","BZN|EE","Without Sequence","95.95","",""
"03/01/2022 21:00:00 - 03/01/2022 22:00:00","BZN|EE","Without Sequence","105.68","",""
"03/01/2022 22:00:00 - 03/01/2022 23:00:00","BZN|EE","Without Sequence","95.26","",""
"03/01/2022 23:00:00 - 04/01/2022 00:00:00","BZN|EE","Without Sequence","103.70","",""
"04/01/2022 00:00:00 - 04/01/2022 01:00:00","BZN|EE","Without Sequence","104.14","",""
"04/01/2022 01:00:00 - 04/01/2022 02:00:00","BZN|EE","Without Sequence","102.59","",""
"04/01/2022 02:00:00 - 04/01/2022 03:00:00","BZN|EE","Without Sequence","100.49","",""
"04/01/2022 03:00:00 - 04/01/2022 04:00:00","BZN|EE","Without Sequence","102.71","",""
"04/01/2022 04:00:00 - 04/01/2022 05:00:00","BZN|EE","Without Sequence","93.97","",""
"04/01/2022 05:00:00 - 04/01/2022 06:00:00","BZN|EE","Without Sequence","130.08","",""
"04/01/2022 06:00:00 - 04/01/2022 07:00:00","BZN|EE","Without Sequence","182.64","",""
"04/01/2022 07:00:00 - 04/01/2022 08:00:00","BZN|EE","Without Sequence","174.61","",""
"04/01/2022 08:00:00 - 04/01/2022 09:00:00","BZN|EE","Without Sequence","183.60","",""
"04/01/2022 09:00:00 - 04/01/2022 10:00:00","BZN|EE","Without Sequence","183.65","",""
"04/01/2022 10:00:00 - 04/01/2022 11:00:00","BZN|EE","Without Sequence","164.62","",""
"04/01/2022 11:00:00 - 04/01/2022 12:00:00","BZN|EE","Without Sequence","178.08","",""
"04/01/2022 12:00:00 - 04/01/2022 13:00:00","BZN|EE","Without Sequence","175.28","",""
"04/01/2022 13:00:00 - 04/01/2022 14:00:00","BZN|EE","Without Sequence","174.70","",""
"04/01/2022 14:00:00 - 04/01/2022 15:00:00","BZN|EE","Without Sequence","180.93","",""
"04/01/2022 15:00:00 - 04/01/2022 16:00:00","BZN|EE","Without Sequence","166.69","",""
"04/01/2022 16:00:00 - 04/01/2022 17:00:00","BZN|EE","Without Sequence","183.69","",""
"04/01/2022 17:00:00 - 04/01/2022 18:00:00","BZN|EE","Without Sequence","180.50","",""
"04/01/2022 18:00:00 - 04/01/2022 19:00:00","BZN|EE","Without Sequence","153.88","",""
"04/01/2022 19:00:00 - 04/01/2022 20:00:00","BZN|EE","Without Sequence","146.81","",""
"04/01/2022 20:00:00 - 04/01/2022 21:00:00","BZN|EE","Without Sequence","128.75","",""
"04/01/2022 21:00:00 - 04/01/2022 22:00:00","BZN|EE","Without Sequence","112.96","",""
"04/01/2022 22:00:00 - 04/01/2022 23:00:00","BZN|EE","Without Sequence","84.11","",""
"04/01/2022 23:00:00 - 05/01/2022 00:00:00","BZN|EE","Without Sequence","105.31","",""
"05/01/2022 00:00:00 - 05/01/2022 01:00:00","BZN|EE","Without Sequence","97.29","",""
"05/01/2022 01:00:00 - 05/01/2022 02:00:00","BZN|EE","Without Sequence","84.50","",""
"05/01/2022 02:00:00 - 05/01/2022 03:00:00","BZN|EE","Without Sequence","75.38","",""
"05/01/2022 03:00:00 - 05/01/2022 04:00:00","BZN|EE","Without Sequence","79.11","",""
"05/01/2022 04:00:00 - 05/01/2022 05:00:00","BZN|EE","Without Sequence","94.79","",""
"05/01/2022 05:00:00 - 05/01/2022 06:00:00","BZN|EE","Without Sequence","121.92","",""
"05/01/2022 06:00:00 - 05/01/2022 07:00:00","BZN|EE","Without Sequence","139.90","",""
"05/01/2022 07:00:00 - 05/01/2022 08:00:00","BZN|EE","Without Sequence","147.74","",""
"05/01/2022 08:00:00 - 05/01/2022 09:00:00","BZN|EE","Without Sequence","141.47","",""
"05/01/2022 09:00:00 - 05/01/2022 10:00:00","BZN|EE","Without Sequence","135.97","",""
"05/01/2022 10:00:00 - 05/01/2022 11:00:00","BZN|EE","Without Sequence","129.99","",""
"05/01/2022 11:00:00 - 05/01/2022 12:00:00","BZN|EE","Without Sequence","150.31","",""
"05/01/2022 12:00:00 - 05/01/2022 13:00:00","BZN|EE","Without Sequence","134.71","",""
"05/01/2022 13:00:00 - 05/01/2022 14:00:00","BZN|EE","Without Sequence","149.92","",""
"05/01/2022 14:00:00 - 05/01/2022 15:00:00","BZN|EE","Without Sequence","160.01","",""
"05/01/2022 15:00:00 - 05/01/2022 16:00:00","BZN|EE","Without Sequence","137.28","",""
"05/01/2022 16:00:00 - 05/01/2022 17:00:00","BZN|EE","Without Sequence","148.09","",""
"05/01/2022 17:00:00 - 05/01/2022 18:00:00","BZN|EE","Without Sequence","139.88","",""
"05/01/2022 18:00:00 - 05/01/2022 19:00:00","BZN|EE","Without Sequence","135.75","",""
"05/01/2022 19:00:00 - 05/01/2022 20:00:00","BZN|EE","Without Sequence","119.93","",""
"05/01/2022 20:00:00 - 05/01/2022 21:00:00","BZN|EE","Without Sequence","98.09","",""
"05/01/2022 21:00:00 - 05/01/2022 22:00:00","BZN|EE","Without Sequence","118.71","",""
"05/01/2022 22:00:00 - 05/01/2022 23:00:00","BZN|EE","Without Sequence","97.29","",""
"05/01/2022 23:00:00 - 06/01/2022 00:00:00","BZN|EE","Without Sequence","98.46","",""
"06/01/2022 00:00:00 - 06/01/2022 01:00:00","BZN|EE","Without Sequence","92.92","",""
"06/01/2022 01:00:00 - 06/01/2022 02:00:00","BZN|EE","Without Sequence","90.99","",""
"06/01/2022 02:00:00 - 06/01/2022 03:00:00","BZN|EE","Without Sequence","88.94","",""
"06/01/2022 03:00:00 - 06/01/2022 04:00:00","BZN|EE","Without Sequence","89.31","",""
"06/01/2022 04:00:00 - 06/01/2022 05:00:00","BZN|EE","Without Sequence","89.75","",""
"06/01/2022 05:00:00 - 06/01/2022 06:00:00","BZN|EE","Without Sequence","97.06","",""
"06/01/2022 06:00:00 - 06/01/2022 07:00:00","BZN|EE","Without Sequence","110.87","",""
"06/01/2022 07:00:00 - 06/01/2022 08:00:00","BZN|EE","Without Sequence","136.88","",""
"06/01/2022 08:00:00 - 06/01/2022 09:00:00","BZN|EE","Without Sequence","205.87","",""
"06/01/2022 09:00:00 - 06/01/2022 10:00:00","BZN|EE","Without Sequence","209.25","",""
"06/01/2022 10:00:00 - 06/01/2022 11:00:00","BZN|EE","Without Sequence","224.71","",""
"06/01/2022 11:00:00 - 06/01/2022 12:00:00","BZN|EE","Without Sequence","218.99","",""
"06/01/2022 12:00:00 - 06/01/2022 13:00:00","BZN|EE","Without Sequence","202.71","",""
"06/01/2022 13:00:00 - 06/01/2022 14:00:00","BZN|EE","Without Sequence","209.36","",""
"06/01/2022 14:00:00 - 06/01/2022 15:00:00","BZN|EE","Without Sequence","225.23","",""
"06/01/2022 15:00:00 - 06/01/2022 16:00:00","BZN|EE","Without Sequence","245.95","",""
"06/01/2022 16:00:00 - 06/01/2022 17:00:00","BZN|EE","Without Sequence","264.74","",""
"06/01/2022 17:00:00 - 06/01/2022 18:00:00","BZN|EE","Without Sequence","270.07","",""
"06/01/2022 18:00:00 - 06/01/2022 19:00:00","BZN|EE","Without Sequence","220.32","",""
"06/01/2022 19:00:00 - 06/01/2022 20:00:00","BZN|EE","Without Sequence","217.91","",""
"06/01/2022 20:00:00 - 06/01/2022 21:00:00","BZN|EE","Without Sequence","203.31","",""
"06/01/2022 21:00:00 - 06/01/2022 22:00:00","BZN|EE","Without Sequence","171.31","",""
"06/01/2022 22:00:00 - 06/01/2022 23:00:00","BZN|EE","Without Sequence","124.70","",""
"06/01/2022 23:00:00 - 07/01/2022 00:00:00","BZN|EE","Without Sequence","128.92","",""
"07/01/2022 00:00:00 - 07/01/2022 01:00:00","BZN|EE","Without Sequence","116.65","",""
"07/01/2022 01:00:00 - 07/01/2022 02:00:00","BZN|EE","Without Sequence","100.54","",""
"07/01/2022 02:00:00 - 07/01/2022 03:00:00","BZN|EE","Without Sequence","99.47","",""
"07/01/2022 03:00:00 - 07/01/2022 04:00:00","BZN|EE","Without Sequence","101.74","",""
"07/01/2022 04:00:00 - 07/01/2022 05:00:00","BZN|EE","Without Sequence","114.99","",""
"07/01/2022 05:00:00 - 07/01/2022 06:00:00","BZN|EE","Without Sequence","140.19","",""
"07/01/2022 06:00:00 - 07/01/2022 07:00:00","BZN|EE","Without Sequence","170.53","",""
"07/01/2022 07:00:00 - 07/01/2022 08:00:00","BZN|EE","Without Sequence","175.66","",""
"07/01/2022 08:00:00 - 07/01/2022 09:00:00","BZN|EE","Without Sequence","161.85","",""
"07/01/2022 09:00:00 - 07/01/2022 10:00:00","BZN|EE","Without Sequence","161.37","",""
"07/01/2022 10:00:00 - 07/01/2022 11:00:00","BZN|EE","Without Sequence","166.06","",""
"07/01/2022 11:00:00 - 07/01/2022 12:00:00","BZN|EE","Without Sequence","166.54","",""
"07/01/2022 12:00:00 - 07/01/2022 13:00:00","BZN|EE","Without Sequence","166.04","",""
"07/01/2022 13:00:00 - 07/01/2022 14:00:00","BZN|EE","Without Sequence","169.43","",""
"07/01/2022 14:00:00 - 07/01/2022 15:00:00","BZN|EE","Without Sequence","189.70","",""
"07/01/2022 15:00:00 - 07/01/2022 16:00:00","BZN|EE","Without Sequence","201.97","",""
"07/01/2022 16:00:00 - 07/01/2022 17:00:00","BZN|EE","Without Sequence","243.11","",""
"07/01/2022 17:00:00 - 07/01/2022 18:00:00","BZN|EE","Without Sequence","247.72","",""
"07/01/2022 18:00:00 - 07/01/2022 19:00:00","BZN|EE","Without Sequence","200.89","",""
"07/01/2022 19:00:00 - 07/01/2022 20:00:00","BZN|EE","Without Sequence","224.33","",""
"07/01/2022 20:00:00 - 07/01/2022 21:00:00","BZN|EE","Without Sequence","213.81","",""
"07/01/2022 21:00:00 - 07/01/2022 22:00:00","BZN|EE","Without Sequence","185.94","",""
"07/01/2022 22:00:00 - 07/01/2022 23:00:00","BZN|EE","Without Sequence","144.76","",""
"07/01/2022 23:00:00 - 08/01/2022 00:00:00","BZN|EE","Without Sequence","160.71","",""
"08/01/2022 00:00:00 - 08/01/2022 01:00:00","BZN|EE","Without Sequence","146.08","",""
"08/01/2022 01:00:00 - 08/01/2022 02:00:00","BZN|EE","Without Sequence","144.64","",""
"08/01/2022 02:00:00 - 08/01/2022 03:00:00","BZN|EE","Without Sequence","146.90","",""
"08/01/2022 03:00:00 - 08/01/2022 04:00:00","BZN|EE","Without Sequence","150.07","",""
"08/01/2022 04:00:00 - 08/01/2022 05:00:00","BZN|EE","Without Sequence","154.30","",""
"08/01/2022 05:00:00 - 08/01/2022 06:00:00","BZN|EE","Without Sequence","166.00","",""
"08/01/2022 06:00:00 - 08/01/2022 07:00:00","BZN|EE","Without Sequence","182.91","",""
"08/01/2022 07:00:00 - 08/01/2022 08:00:00","BZN|EE","Without Sequence","182.03","",""
"08/01/2022 08:00:00 - 08/01/2022 09:00:00","BZN|EE","Without Sequence","181.02","",""
"08/01/2022 09:00:00 - 08/01/2022 10:00:00","BZN|EE","Without Sequence","170.04","",""
"08/01/2022 10:00:00 - 08/01/2022 11:00:00","BZN|EE","Without Sequence","158.50","",""
"08/01/2022 11:00:00 - 08/01/2022 12:00:00","BZN|EE","Without Sequence","158.79","",""
"08/01/2022 12:00:00 - 08/01/2022 13:00:00","BZN|EE","Without Sequence","156.07","",""
"08/01/2022 13:00:00 - 08/01/2022 14:00:00","BZN|EE","Without Sequence","156.18","",""
"08/01/2022 14:00:00 - 08/01/2022 15:00:00","BZN|EE","Without Sequence","173.88","",""
"08/01/2022 15:00:00 - 08/01/2022 16:00:00","BZN|EE","Without Sequence","182.94","",""
"08/01/2022 16:00:00 - 08/01/2022 17:00:00","BZN|EE","Without Sequence","189.90","",""
"08/01/2022 17:00:00 - 08/01/2022 18:00:00","BZN|EE","Without Sequence","182.94","",""
"08/01/2022 18:00:00 - 08/01/2022 19:00:00","BZN|EE","Without Sequence","149.96","",""
"08/01/2022 19:00:00 - 08/01/2022 20:00:00","BZN|EE","Without Sequence","145.06","",""
"08/01/2022 20:00:00 - 08/01/2022 21:00:00","BZN|EE","Without Sequence","160.04","",""
"08/01/2022 21:00:00 - 08/01/2022 22:00:00","BZN|EE","Without Sequence","126.06","",""
"08/01/2022 22:00:00 - 08/01/2022 23:00:00","BZN|EE","Without Sequence","114.11","",""
"08/01/2022 23:00:00 - 09/01/2022 00:00:00","BZN|EE","Without Sequence","85.03","",""
"09/01/2022 00:00:00 - 09/01/2022 01:00:00","BZN|EE","Without Sequence","84.40","",""
"09/01/2022 01:00:00 - 09/01/2022 02:00:00","BZN|EE","Without Sequence","82.74","",""
"09/01/2022 02:00:00 - 09/01/2022 03:00:00","BZN|EE","Without Sequence","84.50","",""
"09/01/2022 03:00:00 - 09/01/2022 04:00:00","BZN|EE","Without Sequence","110.19","",""
"09/01/2022 04:00:00 - 09/01/2022 05:00:00","BZN|EE","Without Sequence","120.02","",""
"09/01/2022 05:00:00 - 09/01/2022 06:00:00","BZN|EE","Without Sequence","120.00","",""
"09/01/2022 06:00:00 - 09/01/2022 07:00:00","BZN|EE","Without Sequence","119.92","",""
"09/01/2022 07:00:00 - 09/01/2022 08:00:00","BZN|EE","Without Sequence","97.26","",""
"09/01/2022 08:00:00 - 09/01/2022 09:00:00","BZN|EE","Without Sequence","119.97","",""
"09/01/2022 09:00:00 - 09/01/2022 10:00:00","BZN|EE","Without Sequence","134.96","",""
"09/01/2022 10:00:00 - 09/01/2022 11:00:00","BZN|EE","Without Sequence","149.40","",""
"09/01/2022 11:00:00 - 09/01/2022 12:00:00","BZN|EE","Without Sequence","165.13","",""
"09/01/2022 12:00:00 - 09/01/2022 13:00:00","BZN|EE","Without Sequence","165.06","",""
"09/01/2022 13:00:00 - 09/01/2022 14:00:00","BZN|EE","Without Sequence","170.09","",""
"09/01/2022 14:00:00 - 09/01/2022 15:00:00","BZN|EE","Without Sequence","182.91","",""
"09/01/2022 15:00:00 - 09/01/2022 16:00:00","BZN|EE","Without Sequence","190.96","",""
"09/01/2022 16:00:00 - 09/01/2022 17:00:00","BZN|EE","Without Sequence","223.30","",""
"09/01/2022 17:00:00 - 09/01/2022 18:00:00","BZN|EE","Without Sequence","243.19","",""
"09/01/2022 18:00:00 - 09/01/2022 19:00:00","BZN|EE","Without Sequence","209.65","",""
"09/01/2022 19:00:00 - 09/01/2022 20:00:00","BZN|EE","Without Sequence","155.07","",""
"09/01/2022 20:00:00 - 09/01/2022 21:00:00","BZN|EE","Without Sequence","171.18","",""
"09/01/2022 21:00:00 - 09/01/2022 22:00:00","BZN|EE","Without Sequence","170.03","",""
"09/01/2022 22:00:00 - 09/01/2022 23:00:00","BZN|EE","Without Sequence","144.79","",""
"09/01/2022 23:00:00 - 10/01/2022 00:00:00","BZN|EE","Without Sequence","144.28","",""
"10/01/2022 00:00:00 - 10/01/2022 01:00:00","BZN|EE","Without Sequence","138.09","",""
"10/01/2022 01:00:00 - 10/01/2022 02:00:00","BZN|EE","Without Sequence","133.81","",""
"10/01/2022 02:00:00 - 10/01/2022 03:00:00","BZN|EE","Without Sequence","136.44","",""
"10/01/2022 03:00:00 - 10/01/2022 04:00:00","BZN|EE","Without Sequence","142.99","",""
"10/01/2022 04:00:00 - 10/01/2022 05:00:00","BZN|EE","Without Sequence","182.94","",""
"10/01/2022 05:00:00 - 10/01/2022 06:00:00","BZN|EE","Without Sequence","248.50","",""
"10/01/2022 06:00:00 - 10/01/2022 07:00:00","BZN|EE","Without Sequence","299.95","",""
"10/01/2022 07:00:00 - 10/01/2022 08:00:00","BZN|EE","Without Sequence","313.92","",""
"10/01/2022 08:00:00 - 10/01/2022 09:00:00","BZN|EE","Without Sequence","315.00","",""
"10/01/2022 09:00:00 - 10/01/2022 10:00:00","BZN|EE","Without Sequence","310.41","",""
"10/01/2022 10:00:00 - 10/01/2022 11:00:00","BZN|EE","Without Sequence","310.08","",""
"10/01/2022 11:00:00 - 10/01/2022 12:00:00","BZN|EE","Without Sequence","300.00","",""
"10/01/2022 12:00:00 - 10/01/2022 13:00:00","BZN|EE","Without Sequence","297.01","",""
"10/01/2022 13:00:00 - 10/01/2022 14:00:00","BZN|EE","Without Sequence","299.96","",""
"10/01/2022 14:00:00 - 10/01/2022 15:00:00","BZN|EE","Without Sequence","306.45","",""
"10/01/2022 15:00:00 - 10/01/2022 16:00:00","BZN|EE","Without Sequence","302.73","",""
"10/01/2022 16:00:00 - 10/01/2022 17:00:00","BZN|EE","Without Sequence","315.47","",""
"10/01/2022 17:00:00 - 10/01/2022 18:00:00","BZN|EE","Without Sequence","310.82","",""
"10/01/2022 18:00:00 - 10/01/2022 19:00:00","BZN|EE","Without Sequence","294.98","",""
"10/01/2022 19:00:00 - 10/01/2022 20:00:00","BZN|EE","Without Sequence","261.03","",""
"10/01/2022 20:00:00 - 10/01/2022 21:00:00","BZN|EE","Without Sequence","242.23","",""
"10/01/2022 21:00:00 - 10/01/2022 22:00:00","BZN|EE","Without Sequence","211.83","",""
"10/01/2022 22:00:00 - 10/01/2022 23:00:00","BZN|EE","Without Sequence","150.09","",""
"10/01/2022 23:00:00 - 11/01/2022 00:00:00","BZN|EE","Without Sequence","147.50","",""
"11/01/2022 00:00:00 - 11/01/2022 01:00:00","BZN|EE","Without Sequence","143.76","",""
"11/01/2022 01:00:00 - 11/01/2022 02:00:00","BZN|EE","Without Sequence","140.21","",""
"11/01/2022 02:00:00 - 11/01/2022 03:00:00","BZN|EE","Without Sequence","139.97","",""
"11/01/2022 03:00:00 - 11/01/2022 04:00:00","BZN|EE","Without Sequence","141.56","",""
"11/01/2022 04:00:00 - 11/01/2022 05:00:00","BZN|EE","Without Sequence","200.01","",""
"11/01/2022 05:00:00 - 11/01/2022 06:00:00","BZN|EE","Without Sequence","221.44","",""
"11/01/2022 06:00:00 - 11/01/2022 07:00:00","BZN|EE","Without Sequence","221.47","",""
"11/01/2022 07:00:00 - 11/01/2022 08:00:00","BZN|EE","Without Sequence","221.47","",""
"11/01/2022 08:00:00 - 11/01/2022 09:00:00","BZN|EE","Without Sequence","221.47","",""
"11/01/2022 09:00:00 - 11/01/2022 10:00:00","BZN|EE","Without Sequence","221.44","",""
"11/01/2022 10:00:00 - 11/01/2022 11:00:00","BZN|EE","Without Sequence","216.98","",""
"11/01/2022 11:00:00 - 11/01/2022 12:00:00","BZN|EE","Without Sequence","221.43","",""
"11/01/2022 12:00:00 - 11/01/2022 13:00:00","BZN|EE","Without Sequence","221.43","",""
"11/01/2022 13:00:00 - 11/01/2022 14:00:00","BZN|EE","Without Sequence","221.33","",""
"11/01/2022 14:00:00 - 11/01/2022 15:00:00","BZN|EE","Without Sequence","221.41","",""
"11/01/2022 15:00:00 - 11/01/2022 16:00:00","BZN|EE","Without Sequence","221.43","",""
"11/01/2022 16:00:00 - 11/01/2022 17:00:00","BZN|EE","Without Sequence","221.48","",""
"11/01/2022 17:00:00 - 11/01/2022 18:00:00","BZN|EE","Without Sequence","221.45","",""
"11/01/2022 18:00:00 - 11/01/2022 19:00:00","BZN|EE","Without Sequence","221.41","",""
"11/01/2022 19:00:00 - 11/01/2022 20:00:00","BZN|EE","Without Sequence","216.99","",""
"11/01/2022 20:00:00 - 11/01/2022 21:00:00","BZN|EE","Without Sequence","153.63","",""
"11/01/2022 21:00:00 - 11/01/2022 22:00:00","BZN|EE","Without Sequence","150.56","",""
"11/01/2022 22:00:00 - 11/01/2022 23:00:00","BZN|EE","Without Sequence","143.07","",""
"11/01/2022 23:00:00 - 12/01/2022 00:00:00","BZN|EE","Without Sequence","147.62","",""
"12/01/2022 00:00:00 - 12/01/2022 01:00:00","BZN|EE","Without Sequence","183.98","",""
"12/01/2022 01:00:00 - 12/01/2022 02:00:00","BZN|EE","Without Sequence","183.06","",""
"12/01/2022 02:00:00 - 12/01/2022 03:00:00","BZN|EE","Without Sequence","140.07","",""
"12/01/2022 03:00:00 - 12/01/2022 04:00:00","BZN|EE","Without Sequence","178.33","",""
"12/01/2022 04:00:00 - 12/01/2022 05:00:00","BZN|EE","Without Sequence","193.50","",""
"12/01/2022 05:00:00 - 12/01/2022 06:00:00","BZN|EE","Without Sequence","208.10","",""
"12/01/2022 06:00:00 - 12/01/2022 07:00:00","BZN|EE","Without Sequence","212.25","",""
"12/01/2022 07:00:00 - 12/01/2022 08:00:00","BZN|EE","Without Sequence","212.27","",""
"12/01/2022 08:00:00 - 12/01/2022 09:00:00","BZN|EE","Without Sequence","212.26","",""
"12/01/2022 09:00:00 - 12/01/2022 10:00:00","BZN|EE","Without Sequence","212.23","",""
"12/01/2022 10:00:00 - 12/01/2022 11:00:00","BZN|EE","Without Sequence","211.99","",""
"12/01/2022 11:00:00 - 12/01/2022 12:00:00","BZN|EE","Without Sequence","212.21","",""
"12/01/2022 12:00:00 - 12/01/2022 13:00:00","BZN|EE","Without Sequence","208.09","",""
"12/01/2022 13:00:00 - 12/01/2022 14:00:00","BZN|EE","Without Sequence","208.09","",""
"12/01/2022 14:00:00 - 12/01/2022 15:00:00","BZN|EE","Without Sequence","212.24","",""
"12/01/2022 15:00:00 - 12/01/2022 16:00:00","BZN|EE","Without Sequence","212.24","",""
"12/01/2022 16:00:00 - 12/01/2022 17:00:00","BZN|EE","Without Sequence","212.25","",""
"12/01/2022 17:00:00 - 12/01/2022 18:00:00","BZN|EE","Without Sequence","110.46","",""
"12/01/2022 18:00:00 - 12/01/2022 19:00:00","BZN|EE","Without Sequence","87.04","",""
"12/01/2022 19:00:00 - 12/01/2022 20:00:00","BZN|EE","Without Sequence","199.42","",""
"12/01/2022 20:00:00 - 12/01/2022 21:00:00","BZN|EE","Without Sequence","191.50","",""
"12/01/2022 21:00:00 - 12/01/2022 22:00:00","BZN|EE","Without Sequence","129.93","",""
"12/01/2022 22:00:00 - 12/01/2022 23:00:00","BZN|EE","Without Sequence","87.07","",""
"12/01/2022 23:00:00 - 13/01/2022 00:00:00","BZN|EE","Without Sequence","117.96","",""
"13/01/2022 00:00:00 - 13/01/2022 01:00:00","BZN|EE","Without Sequence","101.04","",""
"13/01/2022 01:00:00 - 13/01/2022 02:00:00","BZN|EE","Without Sequence","94.30","",""
"13/01/2022 02:00:00 - 13/01/2022 03:00:00","BZN|EE","Without Sequence","93.64","",""
"13/01/2022 03:00:00 - 13/01/2022 04:00:00","BZN|EE","Without Sequence","92.58","",""
"13/01/2022 04:00:00 - 13/01/2022 05:00:00","BZN|EE","Without Sequence","101.05","",""
"13/01/2022 05:00:00 - 13/01/2022 06:00:00","BZN|EE","Without Sequence","192.03","",""
"13/01/2022 06:00:00 - 13/01/2022 07:00:00","BZN|EE","Without Sequence","215.24","",""
"13/01/2022 07:00:00 - 13/01/2022 08:00:00","BZN|EE","Without Sequence","196.88","",""
"13/01/2022 08:00:00 - 13/01/2022 09:00:00","BZN|EE","Without Sequence","196.88","",""
"13/01/2022 09:00:00 - 13/01/2022 10:00:00","BZN|EE","Without Sequence","180.08","",""
"13/01/2022 10:00:00 - 13/01/2022 11:00:00","BZN|EE","Without Sequence","170.16","",""
"13/01/2022 11:00:00 - 13/01/2022 12:00:00","BZN|EE","Without Sequence","152.53","",""
"13/01/2022 12:00:00 - 13/01/2022 13:00:00","BZN|EE","Without Sequence","134.13","",""
"13/01/2022 13:00:00 - 13/01/2022 14:00:00","BZN|EE","Without Sequence","171.01","",""
"13/01/2022 14:00:00 - 13/01/2022 15:00:00","BZN|EE","Without Sequence","196.82","",""
"13/01/2022 15:00:00 - 13/01/2022 16:00:00","BZN|EE","Without Sequence","196.85","",""
"13/01/2022 16:00:00 - 13/01/2022 17:00:00","BZN|EE","Without Sequence","175.09","",""
"13/01/2022 17:00:00 - 13/01/2022 18:00:00","BZN|EE","Without Sequence","196.82","",""
"13/01/2022 18:00:00 - 13/01/2022 19:00:00","BZN|EE","Without Sequence","196.84","",""
"13/01/2022 19:00:00 - 13/01/2022 20:00:00","BZN|EE","Without Sequence","175.01","",""
"13/01/2022 20:00:00 - 13/01/2022 21:00:00","BZN|EE","Without Sequence","132.16","",""
"13/01/2022 21:00:00 - 13/01/2022 22:00:00","BZN|EE","Without Sequence","110.40","",""
"13/01/2022 22:00:00 - 13/01/2022 23:00:00","BZN|EE","Without Sequence","97.08","",""
"13/01/2022 23:00:00 - 14/01/2022 00:00:00","BZN|EE","Without Sequence","89.60","",""
"14/01/2022 00:00:00 - 14/01/2022 01:00:00","BZN|EE","Without Sequence","12.56","",""
"14/01/2022 01:00:00 - 14/01/2022 02:00:00","BZN|EE","Without Sequence","30.26","",""
"14/01/2022 02:00:00 - 14/01/2022 03:00:00","BZN|EE","Without Sequence","11.42","",""
"14/01/2022 03:00:00 - 14/01/2022 04:00:00","BZN|EE","Without Sequence","13.18","",""
"14/01/2022 04:00:00 - 14/01/2022 05:00:00","BZN|EE","Without Sequence","88.22","",""
"14/01/2022 05:00:00 - 14/01/2022 06:00:00","BZN|EE","Without Sequence","88.43","",""
"14/01/2022 06:00:00 - 14/01/2022 07:00:00","BZN|EE","Without Sequence","106.89","",""
"14/01/2022 07:00:00 - 14/01/2022 08:00:00","BZN|EE","Without Sequence","155.01","",""
"14/01/2022 08:00:00 - 14/01/2022 09:00:00","BZN|EE","Without Sequence","189.31","",""
"14/01/2022 09:00:00 - 14/01/2022 10:00:00","BZN|EE","Without Sequence","162.92","",""
"14/01/2022 10:00:00 - 14/01/2022 11:00:00","BZN|EE","Without Sequence","112.12","",""
"14/01/2022 11:00:00 - 14/01/2022 12:00:00","BZN|EE","Without Sequence","114.34","",""
"14/01/2022 12:00:00 - 14/01/2022 13:00:00","BZN|EE","Without Sequence","89.66","",""
"14/01/2022 13:00:00 - 14/01/2022 14:00:00","BZN|EE","Without Sequence","106.90","",""
"14/01/2022 14:00:00 - 14/01/2022 15:00:00","BZN|EE","Without Sequence","179.66","",""
"14/01/2022 15:00:00 - 14/01/2022 16:00:00","BZN|EE","Without Sequence","133.69","",""
"14/01/2022 16:00:00 - 14/01/2022 17:00:00","BZN|EE","Without Sequence","141.68","",""
"14/01/2022 17:00:00 - 14/01/2022 18:00:00","BZN|EE","Without Sequence","140.80","",""
"14/01/2022 18:00:00 - 14/01/2022 19:00:00","BZN|EE","Without Sequence","121.58","",""
"14/01/2022 19:00:00 - 14/01/2022 20:00:00","BZN|EE","Without Sequence","121.57","",""
"14/01/2022 20:00:00 - 14/01/2022 21:00:00","BZN|EE","Without Sequence","44.21","",""
"14/01/2022 21:00:00 - 14/01/2022 22:00:00","BZN|EE","Without Sequence","60.08","",""
"14/01/2022 22:00:00 - 14/01/2022 23:00:00","BZN|EE","Without Sequence","80.00","",""
"14/01/2022 23:00:00 - 15/01/2022 00:00:00","BZN|EE","Without Sequence","17.27","",""
"15/01/2022 00:00:00 - 15/01/2022 01:00:00","BZN|EE","Without Sequence","93.00","",""
"15/01/2022 01:00:00 - 15/01/2022 02:00:00","BZN|EE","Without Sequence","93.99","",""
"15/01/2022 02:00:00 - 15/01/2022 03:00:00","BZN|EE","Without Sequence","92.98","",""
"15/01/2022 03:00:00 - 15/01/2022 04:00:00","BZN|EE","Without Sequence","90.14","",""
"15/01/2022 04:00:00 - 15/01/2022 05:00:00","BZN|EE","Without Sequence","50.07","",""
"15/01/2022 05:00:00 - 15/01/2022 06:00:00","BZN|EE","Without Sequence","80.10","",""
"15/01/2022 06:00:00 - 15/01/2022 07:00:00","BZN|EE","Without Sequence","134.02","",""
"15/01/2022 07:00:00 - 15/01/2022 08:00:00","BZN|EE","Without Sequence","150.03","",""
"15/01/2022 08:00:00 - 15/01/2022 09:00:00","BZN|EE","Without Sequence","200.07","",""
"15/01/2022 09:00:00 - 15/01/2022 10:00:00","BZN|EE","Without Sequence","203.52","",""
"15/01/2022 10:00:00 - 15/01/2022 11:00:00","BZN|EE","Without Sequence","202.30","",""
"15/01/2022 11:00:00 - 15/01/2022 12:00:00","BZN|EE","Without Sequence","157.91","",""
"15/01/2022 12:00:00 - 15/01/2022 13:00:00","BZN|EE","Without Sequence","153.04","",""
"15/01/2022 13:00:00 - 15/01/2022 14:00:00","BZN|EE","Without Sequence","150.50","",""
"15/01/2022 14:00:00 - 15/01/2022 15:00:00","BZN|EE","Without Sequence","179.91","",""
"15/01/2022 15:00:00 - 15/01/2022 16:00:00","BZN|EE","Without Sequence","220.89","",""
"15/01/2022 16:00:00 - 15/01/2022 17:00:00","BZN|EE","Without Sequence","253.76","",""
"15/01/2022 17:00:00 - 15/01/2022 18:00:00","BZN|EE","Without Sequence","209.84","",""
"15/01/2022 18:00:00 - 15/01/2022 19:00:00","BZN|EE","Without Sequence","153.67","",""
"15/01/2022 19:00:00 - 15/01/2022 20:00:00","BZN|EE","Without Sequence","144.95","",""
"15/01/2022 20:00:00 - 15/01/2022 21:00:00","BZN|EE","Without Sequence","157.35","",""
"15/01/2022 21:00:00 - 15/01/2022 22:00:00","BZN|EE","Without Sequence","176.42","",""
"15/01/2022 22:00:00 - 15/01/2022 23:00:00","BZN|EE","Without Sequence","118.92","",""
"15/01/2022 23:00:00 - 16/01/2022 00:00:00","BZN|EE","Without Sequence","110.06","",""
"16/01/2022 00:00:00 - 16/01/2022 01:00:00","BZN|EE","Without Sequence","90.25","",""
"16/01/2022 01:00:00 - 16/01/2022 02:00:00","BZN|EE","Without Sequence","87.84","",""
"16/01/2022 02:00:00 - 16/01/2022 03:00:00","BZN|EE","Without Sequence","88.50","",""
"16/01/2022 03:00:00 - 16/01/2022 04:00:00","BZN|EE","Without Sequence","89.39","",""
"16/01/2022 04:00:00 - 16/01/2022 05:00:00","BZN|EE","Without Sequence","90.20","",""
"16/01/2022 05:00:00 - 16/01/2022 06:00:00","BZN|EE","Without Sequence","89.58","",""
"16/01/2022 06:00:00 - 16/01/2022 07:00:00","BZN|EE","Without Sequence","88.27","",""
"16/01/2022 07:00:00 - 16/01/2022 08:00:00","BZN|EE","Without Sequence","111.44","",""
"16/01/2022 08:00:00 - 16/01/2022 09:00:00","BZN|EE","Without Sequence","129.46","",""
"16/01/2022 09:00:00 - 16/01/2022 10:00:00","BZN|EE","Without Sequence","125.99","",""
"16/01/2022 10:00:00 - 16/01/2022 11:00:00","BZN|EE","Without Sequence","131.83","",""
"16/01/2022 11:00:00 - 16/01/2022 12:00:00","BZN|EE","Without Sequence","140.03","",""
"16/01/2022 12:00:00 - 16/01/2022 13:00:00","BZN|EE","Without Sequence","110.28","",""
"16/01/2022 13:00:00 - 16/01/2022 14:00:00","BZN|EE","Without Sequence","99.54","",""
"16/01/2022 14:00:00 - 16/01/2022 15:00:00","BZN|EE","Without Sequence","112.19","",""
"16/01/2022 15:00:00 - 16/01/2022 16:00:00","BZN|EE","Without Sequence","115.00","",""
"16/01/2022 16:00:00 - 16/01/2022 17:00:00","BZN|EE","Without Sequence","125.42","",""
"16/01/2022 17:00:00 - 16/01/2022 18:00:00","BZN|EE","Without Sequence","112.40","",""
"16/01/2022 18:00:00 - 16/01/2022 19:00:00","BZN|EE","Without Sequence","97.49","",""
"16/01/2022 19:00:00 - 16/01/2022 20:00:00","BZN|EE","Without Sequence","90.14","",""
"16/01/2022 20:00:00 - 16/01/2022 21:00:00","BZN|EE","Without Sequence","97.09","",""
"16/01/2022 21:00:00 - 16/01/2022 22:00:00","BZN|EE","Without Sequence","93.85","",""
"16/01/2022 22:00:00 - 16/01/2022 23:00:00","BZN|EE","Without Sequence","87.20","",""
"16/01/2022 23:00:00 - 17/01/2022 00:00:00","BZN|EE","Without Sequence","48.95","",""
"17/01/2022 00:00:00 - 17/01/2022 01:00:00","BZN|EE","Without Sequence","34.00","",""
"17/01/2022 01:00:00 - 17/01/2022 02:00:00","BZN|EE","Without Sequence","15.94","",""
"17/01/2022 02:00:00 - 17/01/2022 03:00:00","BZN|EE","Without Sequence","10.09","",""
"17/01/2022 03:00:00 - 17/01/2022 04:00:00","BZN|EE","Without Sequence","37.95","",""
"17/01/2022 04:00:00 - 17/01/2022 05:00:00","BZN|EE","Without Sequence","74.61","",""
"17/01/2022 05:00:00 - 17/01/2022 06:00:00","BZN|EE","Without Sequence","99.29","",""
"17/01/2022 06:00:00 - 17/01/2022 07:00:00","BZN|EE","Without Sequence","99.08","",""
"17/01/2022 07:00:00 - 17/01/2022 08:00:00","BZN|EE","Without Sequence","145.02","",""
"17/01/2022 08:00:00 - 17/01/2022 09:00:00","BZN|EE","Without Sequence","111.25","",""
"17/01/2022 09:00:00 - 17/01/2022 10:00:00","BZN|EE","Without Sequence","110.94","",""
"17/01/2022 10:00:00 - 17/01/2022 11:00:00","BZN|EE","Without Sequence","111.25","",""
"17/01/2022 11:00:00 - 17/01/2022 12:00:00","BZN|EE","Without Sequence","107.94","",""
"17/01/2022 12:00:00 - 17/01/2022 13:00:00","BZN|EE","Without Sequence","145.00","",""
"17/01/2022 13:00:00 - 17/01/2022 14:00:00","BZN|EE","Without Sequence","127.38","",""
"17/01/2022 14:00:00 - 17/01/2022 15:00:00","BZN|EE","Without Sequence","145.08","",""
"17/01/2022 15:00:00 - 17/01/2022 16:00:00","BZN|EE","Without Sequence","145.09","",""
"17/01/2022 16:00:00 - 17/01/2022 17:00:00","BZN|EE","Without Sequence","150.62","",""
"17/01/2022 17:00:00 - 17/01/2022 18:00:00","BZN|EE","Without Sequence","149.96","",""
"17/01/2022 18:00:00 - 17/01/2022 19:00:00","BZN|EE","Without Sequence","144.76","",""
"17/01/2022 19:00:00 - 17/01/2022 20:00:00","BZN|EE","Without Sequence","143.57","",""
"17/01/2022 20:00:00 - 17/01/2022 21:00:00","BZN|EE","Without Sequence","138.39","",""
"17/01/2022 21:00:00 - 17/01/2022 22:00:00","BZN|EE","Without Sequence","136.03","",""
"17/01/2022 22:00:00 - 17/01/2022 23:00:00","BZN|EE","Without Sequence","80.07","",""
"17/01/2022 23:00:00 - 18/01/2022 00:00:00","BZN|EE","Without Sequence","90.14","",""
"18/01/2022 00:00:00 - 18/01/2022 01:00:00","BZN|EE","Without Sequence","85.15","",""
"18/01/2022 01:00:00 - 18/01/2022 02:00:00","BZN|EE","Without Sequence","78.90","",""
"18/01/2022 02:00:00 - 18/01/2022 03:00:00","BZN|EE","Without Sequence","92.96","",""
"18/01/2022 03:00:00 - 18/01/2022 04:00:00","BZN|EE","Without Sequence","100.37","",""
"18/01/2022 04:00:00 - 18/01/2022 05:00:00","BZN|EE","Without Sequence","145.35","",""
"18/01/2022 05:00:00 - 18/01/2022 06:00:00","BZN|EE","Without Sequence","179.99","",""
"18/01/2022 06:00:00 - 18/01/2022 07:00:00","BZN|EE","Without Sequence","267.14","",""
"18/01/2022 07:00:00 - 18/01/2022 08:00:00","BZN|EE","Without Sequence","287.33","",""
"18/01/2022 08:00:00 - 18/01/2022 09:00:00","BZN|EE","Without Sequence","248.06","",""
"18/01/2022 09:00:00 - 18/01/2022 10:00:00","BZN|EE","Without Sequence","200.09","",""
"18/01/2022 10:00:00 - 18/01/2022 11:00:00","BZN|EE","Without Sequence","200.04","",""
"18/01/2022 11:00:00 - 18/01/2022 12:00:00","BZN|EE","Without Sequence","166.18","",""
"18/01/2022 12:00:00 - 18/01/2022 13:00:00","BZN|EE","Without Sequence","154.60","",""
"18/01/2022 13:00:00 - 18/01/2022 14:00:00","BZN|EE","Without Sequence","213.44","",""
"18/01/2022 14:00:00 - 18/01/2022 15:00:00","BZN|EE","Without Sequence","213.42","",""
"18/01/2022 15:00:00 - 18/01/2022 16:00:00","BZN|EE","Without Sequence","213.48","",""
"18/01/2022 16:00:00 - 18/01/2022 17:00:00","BZN|EE","Without Sequence","213.42","",""
"18/01/2022 17:00:00 - 18/01/2022 18:00:00","BZN|EE","Without Sequence","213.43","",""
"18/01/2022 18:00:00 - 18/01/2022 19:00:00","BZN|EE","Without Sequence","143.77","",""
"18/01/2022 19:00:00 - 18/01/2022 20:00:00","BZN|EE","Without Sequence","127.43","",""
"18/01/2022 20:00:00 - 18/01/2022 21:00:00","BZN|EE","Without Sequence","213.45","",""
"18/01/2022 21:00:00 - 18/01/2022 22:00:00","BZN|EE","Without Sequence","140.09","",""
"18/01/2022 22:00:00 - 18/01/2022 23:00:00","BZN|EE","Without Sequence","75.07","",""
"18/01/2022 23:00:00 - 19/01/2022 00:00:00","BZN|EE","Without Sequence","121.12","",""
"19/01/2022 00:00:00 - 19/01/2022 01:00:00","BZN|EE","Without Sequence","99.93","",""
"19/01/2022 01:00:00 - 19/01/2022 02:00:00","BZN|EE","Without Sequence","92.05","",""
"19/01/2022 02:00:00 - 19/01/2022 03:00:00","BZN|EE","Without Sequence","94.97","",""
"19/01/2022 03:00:00 - 19/01/2022 04:00:00","BZN|EE","Without Sequence","98.99","",""
"19/01/2022 04:00:00 - 19/01/2022 05:00:00","BZN|EE","Without Sequence","122.82","",""
"19/01/2022 05:00:00 - 19/01/2022 06:00:00","BZN|EE","Without Sequence","193.64","",""
"19/01/2022 06:00:00 - 19/01/2022 07:00:00","BZN|EE","Without Sequence","193.65","",""
"19/01/2022 07:00:00 - 19/01/2022 08:00:00","BZN|EE","Without Sequence","193.70","",""
"19/01/2022 08:00:00 - 19/01/2022 09:00:00","BZN|EE","Without Sequence","193.64","",""
"19/01/2022 09:00:00 - 19/01/2022 10:00:00","BZN|EE","Without Sequence","193.62","",""
"19/01/2022 10:00:00 - 19/01/2022 11:00:00","BZN|EE","Without Sequence","193.62","",""
"19/01/2022 11:00:00 - 19/01/2022 12:00:00","BZN|EE","Without Sequence","170.14","",""
"19/01/2022 12:00:00 - 19/01/2022 13:00:00","BZN|EE","Without Sequence","180.03","",""
"19/01/2022 13:00:00 - 19/01/2022 14:00:00","BZN|EE","Without Sequence","181.38","",""
"19/01/2022 14:00:00 - 19/01/2022 15:00:00","BZN|EE","Without Sequence","193.61","",""
"19/01/2022 15:00:00 - 19/01/2022 16:00:00","BZN|EE","Without Sequence","193.66","",""
"19/01/2022 16:00:00 - 19/01/2022 17:00:00","BZN|EE","Without Sequence","193.63","",""
"19/01/2022 17:00:00 - 19/01/2022 18:00:00","BZN|EE","Without Sequence","130.02","",""
"19/01/2022 18:00:00 - 19/01/2022 19:00:00","BZN|EE","Without Sequence","193.62","",""
"19/01/2022 19:00:00 - 19/01/2022 20:00:00","BZN|EE","Without Sequence","174.07","",""
"19/01/2022 20:00:00 - 19/01/2022 21:00:00","BZN|EE","Without Sequence","108.20","",""
"19/01/2022 21:00:00 - 19/01/2022 22:00:00","BZN|EE","Without Sequence","60.09","",""
"19/01/2022 22:00:00 - 19/01/2022 23:00:00","BZN|EE","Without Sequence","60.10","",""
"19/01/2022 23:00:00 - 20/01/2022 00:00:00","BZN|EE","Without Sequence","90.05","",""
"20/01/2022 00:00:00 - 20/01/2022 01:00:00","BZN|EE","Without Sequence","9.28","",""
"20/01/2022 01:00:00 - 20/01/2022 02:00:00","BZN|EE","Without Sequence","8.89","",""
"20/01/2022 02:00:00 - 20/01/2022 03:00:00","BZN|EE","Without Sequence","8.92","",""
"20/01/2022 03:00:00 - 20/01/2022 04:00:00","BZN|EE","Without Sequence","77.38","",""
"20/01/2022 04:00:00 - 20/01/2022 05:00:00","BZN|EE","Without Sequence","101.23","",""
"20/01/2022 05:00:00 - 20/01/2022 06:00:00","BZN|EE","Without Sequence","104.31","",""
"20/01/2022 06:00:00 - 20/01/2022 07:00:00","BZN|EE","Without Sequence","116.76","",""
"20/01/2022 07:00:00 - 20/01/2022 08:00:00","BZN|EE","Without Sequence","121.54","",""
"20/01/2022 08:00:00 - 20/01/2022 09:00:00","BZN|EE","Without Sequence","130.27","",""
"20/01/2022 09:00:00 - 20/01/2022 10:00:00","BZN|EE","Without Sequence","129.17","",""
"20/01/2022 10:00:00 - 20/01/2022 11:00:00","BZN|EE","Without Sequence","121.36","",""
"20/01/2022 11:00:00 - 20/01/2022 12:00:00","BZN|EE","Without Sequence","133.56","",""
"20/01/2022 12:00:00 - 20/01/2022 13:00:00","BZN|EE","Without Sequence","134.85","",""
"20/01/2022 13:00:00 - 20/01/2022 14:00:00","BZN|EE","Without Sequence","121.58","",""
"20/01/2022 14:00:00 - 20/01/2022 15:00:00","BZN|EE","Without Sequence","113.79","",""
"20/01/2022 15:00:00 - 20/01/2022 16:00:00","BZN|EE","Without Sequence","113.30","",""
"20/01/2022 16:00:00 - 20/01/2022 17:00:00","BZN|EE","Without Sequence","134.82","",""
"20/01/2022 17:00:00 - 20/01/2022 18:00:00","BZN|EE","Without Sequence","132.26","",""
"20/01/2022 18:00:00 - 20/01/2022 19:00:00","BZN|EE","Without Sequence","113.28","",""
"20/01/2022 19:00:00 - 20/01/2022 20:00:00","BZN|EE","Without Sequence","99.37","",""
"20/01/2022 20:00:00 - 20/01/2022 21:00:00","BZN|EE","Without Sequence","92.41","",""
"20/01/2022 21:00:00 - 20/01/2022 22:00:00","BZN|EE","Without Sequence","87.77","",""
"20/01/2022 22:00:00 - 20/01/2022 23:00:00","BZN|EE","Without Sequence","75.03","",""
"20/01/2022 23:00:00 - 21/01/2022 00:00:00","BZN|EE","Without Sequence","77.39","",""
"21/01/2022 00:00:00 - 21/01/2022 01:00:00","BZN|EE","Without Sequence","75.60","",""
"21/01/2022 01:00:00 - 21/01/2022 02:00:00","BZN|EE","Without Sequence","75.11","",""
"21/01/2022 02:00:00 - 21/01/2022 03:00:00","BZN|EE","Without Sequence","75.14","",""
"21/01/2022 03:00:00 - 21/01/2022 04:00:00","BZN|EE","Without Sequence","88.57","",""
"21/01/2022 04:00:00 - 21/01/2022 05:00:00","BZN|EE","Without Sequence","82.76","",""
"21/01/2022 05:00:00 - 21/01/2022 06:00:00","BZN|EE","Without Sequence","117.75","",""
"21/01/2022 06:00:00 - 21/01/2022 07:00:00","BZN|EE","Without Sequence","145.98","",""
"21/01/2022 07:00:00 - 21/01/2022 08:00:00","BZN|EE","Without Sequence","165.00","",""
"21/01/2022 08:00:00 - 21/01/2022 09:00:00","BZN|EE","Without Sequence","145.09","",""
"21/01/2022 09:00:00 - 21/01/2022 10:00:00","BZN|EE","Without Sequence","144.15","",""
"21/01/2022 10:00:00 - 21/01/2022 11:00:00","BZN|EE","Without Sequence","142.68","",""
"21/01/2022 11:00:00 - 21/01/2022 12:00:00","BZN|EE","Without Sequence","141.36","",""
"21/01/2022 12:00:00 - 21/01/2022 13:00:00","BZN|EE","Without Sequence","144.47","",""
"21/01/2022 13:00:00 - 21/01/2022 14:00:00","BZN|EE","Without Sequence","142.72","",""
"21/01/2022 14:00:00 - 21/01/2022 15:00:00","BZN|EE","Without Sequence","143.76","",""
"21/01/2022 15:00:00 - 21/01/2022 16:00:00","BZN|EE","Without Sequence","145.69","",""
"21/01/2022 16:00:00 - 21/01/2022 17:00:00","BZN|EE","Without Sequence","157.12","",""
"21/01/2022 17:00:00 - 21/01/2022 18:00:00","BZN|EE","Without Sequence","154.52","",""
"21/01/2022 18:00:00 - 21/01/2022 19:00:00","BZN|EE","Without Sequence","142.31","",""
"21/01/2022 19:00:00 - 21/01/2022 20:00:00","BZN|EE","Without Sequence","136.78","",""
"21/01/2022 20:00:00 - 21/01/2022 21:00:00","BZN|EE","Without Sequence","132.25","",""
"21/01/2022 21:00:00 - 21/01/2022 22:00:00","BZN|EE","Without Sequence","133.59","",""
"21/01/2022 22:00:00 - 21/01/2022 23:00:00","BZN|EE","Without Sequence","120.01","",""
"21/01/2022 23:00:00 - 22/01/2022 00:00:00","BZN|EE","Without Sequence","123.58","",""
"22/01/2022 00:00:00 - 22/01/2022 01:00:00","BZN|EE","Without Sequence","120.30","",""
"22/01/2022 01:00:00 - 22/01/2022 02:00:00","BZN|EE","Without Sequence","119.99","",""
"22/01/2022 02:00:00 - 22/01/2022 03:00:00","BZN|EE","Without Sequence","121.80","",""
"22/01/2022 03:00:00 - 22/01/2022 04:00:00","BZN|EE","Without Sequence","123.57","",""
"22/01/2022 04:00:00 - 22/01/2022 05:00:00","BZN|EE","Without Sequence","123.68","",""
"22/01/2022 05:00:00 - 22/01/2022 06:00:00","BZN|EE","Without Sequence","120.00","",""
"22/01/2022 06:00:00 - 22/01/2022 07:00:00","BZN|EE","Without Sequence","148.35","",""
"22/01/2022 07:00:00 - 22/01/2022 08:00:00","BZN|EE","Without Sequence","181.54","",""
"22/01/2022 08:00:00 - 22/01/2022 09:00:00","BZN|EE","Without Sequence","202.48","",""
"22/01/2022 09:00:00 - 22/01/2022 10:00:00","BZN|EE","Without Sequence","206.18","",""
"22/01/2022 10:00:00 - 22/01/2022 11:00:00","BZN|EE","Without Sequence","204.66","",""
"22/01/2022 11:00:00 - 22/01/2022 12:00:00","BZN|EE","Without Sequence","196.01","",""
"22/01/2022 12:00:00 - 22/01/2022 13:00:00","BZN|EE","Without Sequence","184.01","",""
"22/01/2022 13:00:00 - 22/01/2022 14:00:00","BZN|EE","Without Sequence","185.88","",""
"22/01/2022 14:00:00 - 22/01/2022 15:00:00","BZN|EE","Without Sequence","191.78","",""
"22/01/2022 15:00:00 - 22/01/2022 16:00:00","BZN|EE","Without Sequence","197.25","",""
"22/01/2022 16:00:00 - 22/01/2022 17:00:00","BZN|EE","Without Sequence","222.31","",""
"22/01/2022 17:00:00 - 22/01/2022 18:00:00","BZN|EE","Without Sequence","225.28","",""
"22/01/2022 18:00:00 - 22/01/2022 19:00:00","BZN|EE","Without Sequence","179.88","",""
"22/01/2022 19:00:00 - 22/01/2022 20:00:00","BZN|EE","Without Sequence","145.78","",""
"22/01/2022 20:00:00 - 22/01/2022 21:00:00","BZN|EE","Without Sequence","190.31","",""
"22/01/2022 21:00:00 - 22/01/2022 22:00:00","BZN|EE","Without Sequence","190.36","",""
"22/01/2022 22:00:00 - 22/01/2022 23:00:00","BZN|EE","Without Sequence","134.65","",""
"22/01/2022 23:00:00 - 23/01/2022 00:00:00","BZN|EE","Without Sequence","121.29","",""
"23/01/2022 00:00:00 - 23/01/2022 01:00:00","BZN|EE","Without Sequence","107.70","",""
"23/01/2022 01:00:00 - 23/01/2022 02:00:00","BZN|EE","Without Sequence","93.75","",""
"23/01/2022 02:00:00 - 23/01/2022 03:00:00","BZN|EE","Without Sequence","93.35","",""
"23/01/2022 03:00:00 - 23/01/2022 04:00:00","BZN|EE","Without Sequence","93.75","",""
"23/01/2022 04:00:00 - 23/01/2022 05:00:00","BZN|EE","Without Sequence","110.03","",""
"23/01/2022 05:00:00 - 23/01/2022 06:00:00","BZN|EE","Without Sequence","105.26","",""
"23/01/2022 06:00:00 - 23/01/2022 07:00:00","BZN|EE","Without Sequence","111.92","",""
"23/01/2022 07:00:00 - 23/01/2022 08:00:00","BZN|EE","Without Sequence","133.46","",""
"23/01/2022 08:00:00 - 23/01/2022 09:00:00","BZN|EE","Without Sequence","139.14","",""
"23/01/2022 09:00:00 - 23/01/2022 10:00:00","BZN|EE","Without Sequence","187.81","",""
"23/01/2022 10:00:00 - 23/01/2022 11:00:00","BZN|EE","Without Sequence","189.99","",""
"23/01/2022 11:00:00 - 23/01/2022 12:00:00","BZN|EE","Without Sequence","190.71","",""
"23/01/2022 12:00:00 - 23/01/2022 13:00:00","BZN|EE","Without Sequence","186.29","",""
"23/01/2022 13:00:00 - 23/01/2022 14:00:00","BZN|EE","Without Sequence","184.49","",""
"23/01/2022 14:00:00 - 23/01/2022 15:00:00","BZN|EE","Without Sequence","190.00","",""
"23/01/2022 15:00:00 - 23/01/2022 16:00:00","BZN|EE","Without Sequence","198.36","",""
"23/01/2022 16:00:00 - 23/01/2022 17:00:00","BZN|EE","Without Sequence","214.95","",""
"23/01/2022 17:00:00 - 23/01/2022 18:00:00","BZN|EE","Without Sequence","205.85","",""
"23/01/2022 18:00:00 - 23/01/2022 19:00:00","BZN|EE","Without Sequence","198.66","",""
"23/01/2022 19:00:00 - 23/01/2022 20:00:00","BZN|EE","Without Sequence","198.62","",""
"23/01/2022 20:00:00 - 23/01/2022 21:00:00","BZN|EE","Without Sequence","183.67","",""
"23/01/2022 21:00:00 - 23/01/2022 22:00:00","BZN|EE","Without Sequence","110.34","",""
"23/01/2022 22:00:00 - 23/01/2022 23:00:00","BZN|EE","Without Sequence","110.09","",""
"23/01/2022 23:00:00 - 24/01/2022 00:00:00","BZN|EE","Without Sequence","12.23","",""
"24/01/2022 00:00:00 - 24/01/2022 01:00:00","BZN|EE","Without Sequence","11.67","",""
"24/01/2022 01:00:00 - 24/01/2022 02:00:00","BZN|EE","Without Sequence","11.06","",""
"24/01/2022 02:00:00 - 24/01/2022 03:00:00","BZN|EE","Without Sequence","10.51","",""
"24/01/2022 03:00:00 - 24/01/2022 04:00:00","BZN|EE","Without Sequence","11.02","",""
"24/01/2022 04:00:00 - 24/01/2022 05:00:00","BZN|EE","Without Sequence","143.21","",""
"24/01/2022 05:00:00 - 24/01/2022 06:00:00","BZN|EE","Without Sequence","198.45","",""
"24/01/2022 06:00:00 - 24/01/2022 07:00:00","BZN|EE","Without Sequence","198.45","",""
"24/01/2022 07:00:00 - 24/01/2022 08:00:00","BZN|EE","Without Sequence","198.47","",""
"24/01/2022 08:00:00 - 24/01/2022 09:00:00","BZN|EE","Without Sequence","198.46","",""
"24/01/2022 09:00:00 - 24/01/2022 10:00:00","BZN|EE","Without Sequence","198.44","",""
"24/01/2022 10:00:00 - 24/01/2022 11:00:00","BZN|EE","Without Sequence","198.45","",""
"24/01/2022 11:00:00 - 24/01/2022 12:00:00","BZN|EE","Without Sequence","198.44","",""
"24/01/2022 12:00:00 - 24/01/2022 13:00:00","BZN|EE","Without Sequence","198.41","",""
"24/01/2022 13:00:00 - 24/01/2022 14:00:00","BZN|EE","Without Sequence","198.41","",""
"24/01/2022 14:00:00 - 24/01/2022 15:00:00","BZN|EE","Without Sequence","198.43","",""
"24/01/2022 15:00:00 - 24/01/2022 16:00:00","BZN|EE","Without Sequence","198.49","",""
"24/01/2022 16:00:00 - 24/01/2022 17:00:00","BZN|EE","Without Sequence","198.45","",""
"24/01/2022 17:00:00 - 24/01/2022 18:00:00","BZN|EE","Without Sequence","198.45","",""
"24/01/2022 18:00:00 - 24/01/2022 19:00:00","BZN|EE","Without Sequence","155.09","",""
"24/01/2022 19:00:00 - 24/01/2022 20:00:00","BZN|EE","Without Sequence","155.02","",""
"24/01/2022 20:00:00 - 24/01/2022 21:00:00","BZN|EE","Without Sequence","198.46","",""
"24/01/2022 21:00:00 - 24/01/2022 22:00:00","BZN|EE","Without Sequence","158.38","",""
"24/01/2022 22:00:00 - 24/01/2022 23:00:00","BZN|EE","Without Sequence","100.06","",""
"24/01/2022 23:00:00 - 25/01/2022 00:00:00","BZN|EE","Without Sequence","143.29","",""
"25/01/2022 00:00:00 - 25/01/2022 01:00:00","BZN|EE","Without Sequence","136.57","",""
"25/01/2022 01:00:00 - 25/01/2022 02:00:00","BZN|EE","Without Sequence","129.95","",""
"25/01/2022 02:00:00 - 25/01/2022 03:00:00","BZN|EE","Without Sequence","129.94","",""
"25/01/2022 03:00:00 - 25/01/2022 04:00:00","BZN|EE","Without Sequence","130.75","",""
"25/01/2022 04:00:00 - 25/01/2022 05:00:00","BZN|EE","Without Sequence","143.16","",""
"25/01/2022 05:00:00 - 25/01/2022 06:00:00","BZN|EE","Without Sequence","137.61","",""
"25/01/2022 06:00:00 - 25/01/2022 07:00:00","BZN|EE","Without Sequence","148.90","",""
"25/01/2022 07:00:00 - 25/01/2022 08:00:00","BZN|EE","Without Sequence","165.48","",""
"25/01/2022 08:00:00 - 25/01/2022 09:00:00","BZN|EE","Without Sequence","152.76","",""
"25/01/2022 09:00:00 - 25/01/2022 10:00:00","BZN|EE","Without Sequence","159.90","",""
"25/01/2022 10:00:00 - 25/01/2022 11:00:00","BZN|EE","Without Sequence","173.45","",""
"25/01/2022 11:00:00 - 25/01/2022 12:00:00","BZN|EE","Without Sequence","174.72","",""
"25/01/2022 12:00:00 - 25/01/2022 13:00:00","BZN|EE","Without Sequence","172.45","",""
"25/01/2022 13:00:00 - 25/01/2022 14:00:00","BZN|EE","Without Sequence","177.11","",""
"25/01/2022 14:00:00 - 25/01/2022 15:00:00","BZN|EE","Without Sequence","185.04","",""
"25/01/2022 15:00:00 - 25/01/2022 16:00:00","BZN|EE","Without Sequence","250.77","",""
"25/01/2022 16:00:00 - 25/01/2022 17:00:00","BZN|EE","Without Sequence","259.95","",""
"25/01/2022 17:00:00 - 25/01/2022 18:00:00","BZN|EE","Without Sequence","254.85","",""
"25/01/2022 18:00:00 - 25/01/2022 19:00:00","BZN|EE","Without Sequence","198.44","",""
"25/01/2022 19:00:00 - 25/01/2022 20:00:00","BZN|EE","Without Sequence","148.43","",""
"25/01/2022 20:00:00 - 25/01/2022 21:00:00","BZN|EE","Without Sequence","144.98","",""
"25/01/2022 21:00:00 - 25/01/2022 22:00:00","BZN|EE","Without Sequence","140.58","",""
"25/01/2022 22:00:00 - 25/01/2022 23:00:00","BZN|EE","Without Sequence","134.13","",""
"25/01/2022 23:00:00 - 26/01/2022 00:00:00","BZN|EE","Without Sequence","155.78","",""
"26/01/2022 00:00:00 - 26/01/2022 01:00:00","BZN|EE","Without Sequence","113.43","",""
"26/01/2022 01:00:00 - 26/01/2022 02:00:00","BZN|EE","Without Sequence","88.65","",""
"26/01/2022 02:00:00 - 26/01/2022 03:00:00","BZN|EE","Without Sequence","113.43","",""
"26/01/2022 03:00:00 - 26/01/2022 04:00:00","BZN|EE","Without Sequence","151.50","",""
"26/01/2022 04:00:00 - 26/01/2022 05:00:00","BZN|EE","Without Sequence","215.09","",""
"26/01/2022 05:00:00 - 26/01/2022 06:00:00","BZN|EE","Without Sequence","226.24","",""
"26/01/2022 06:00:00 - 26/01/2022 07:00:00","BZN|EE","Without Sequence","226.28","",""
"26/01/2022 07:00:00 - 26/01/2022 08:00:00","BZN|EE","Without Sequence","290.51","",""
"26/01/2022 08:00:00 - 26/01/2022 09:00:00","BZN|EE","Without Sequence","226.30","",""
"26/01/2022 09:00:00 - 26/01/2022 10:00:00","BZN|EE","Without Sequence","226.27","",""
"26/01/2022 10:00:00 - 26/01/2022 11:00:00","BZN|EE","Without Sequence","226.21","",""
"26/01/2022 11:00:00 - 26/01/2022 12:00:00","BZN|EE","Without Sequence","226.21","",""
"26/01/2022 12:00:00 - 26/01/2022 13:00:00","BZN|EE","Without Sequence","147.00","",""
"26/01/2022 13:00:00 - 26/01/2022 14:00:00","BZN|EE","Without Sequence","115.78","",""
"26/01/2022 14:00:00 - 26/01/2022 15:00:00","BZN|EE","Without Sequence","119.96","",""
"26/01/2022 15:00:00 - 26/01/2022 16:00:00","BZN|EE","Without Sequence","125.89","",""
"26/01/2022 16:00:00 - 26/01/2022 17:00:00","BZN|EE","Without Sequence","134.31","",""
"26/01/2022 17:00:00 - 26/01/2022 18:00:00","BZN|EE","Without Sequence","131.94","",""
"26/01/2022 18:00:00 - 26/01/2022 19:00:00","BZN|EE","Without Sequence","141.43","",""
"26/01/2022 19:00:00 - 26/01/2022 20:00:00","BZN|EE","Without Sequence","143.93","",""
"26/01/2022 20:00:00 - 26/01/2022 21:00:00","BZN|EE","Without Sequence","171.34","",""
"26/01/2022 21:00:00 - 26/01/2022 22:00:00","BZN|EE","Without Sequence","142.94","",""
"26/01/2022 22:00:00 - 26/01/2022 23:00:00","BZN|EE","Without Sequence","101.94","",""
"26/01/2022 23:00:00 - 27/01/2022 00:00:00","BZN|EE","Without Sequence","98.99","",""
"27/01/2022 00:00:00 - 27/01/2022 01:00:00","BZN|EE","Without Sequence","104.79","",""
"27/01/2022 01:00:00 - 27/01/2022 02:00:00","BZN|EE","Without Sequence","98.91","",""
"27/01/2022 02:00:00 - 27/01/2022 03:00:00","BZN|EE","Without Sequence","100.94","",""
"27/01/2022 03:00:00 - 27/01/2022 04:00:00","BZN|EE","Without Sequence","98.92","",""
"27/01/2022 04:00:00 - 27/01/2022 05:00:00","BZN|EE","Without Sequence","103.79","",""
"27/01/2022 05:00:00 - 27/01/2022 06:00:00","BZN|EE","Without Sequence","139.55","",""
"27/01/2022 06:00:00 - 27/01/2022 07:00:00","BZN|EE","Without Sequence","215.00","",""
"27/01/2022 07:00:00 - 27/01/2022 08:00:00","BZN|EE","Without Sequence","219.71","",""
"27/01/2022 08:00:00 - 27/01/2022 09:00:00","BZN|EE","Without Sequence","228.93","",""
"27/01/2022 09:00:00 - 27/01/2022 10:00:00","BZN|EE","Without Sequence","230.00","",""
"27/01/2022 10:00:00 - 27/01/2022 11:00:00","BZN|EE","Without Sequence","225.09","",""
"27/01/2022 11:00:00 - 27/01/2022 12:00:00","BZN|EE","Without Sequence","177.07","",""
"27/01/2022 12:00:00 - 27/01/2022 13:00:00","BZN|EE","Without Sequence","148.90","",""
"27/01/2022 13:00:00 - 27/01/2022 14:00:00","BZN|EE","Without Sequence","225.05","",""
"27/01/2022 14:00:00 - 27/01/2022 15:00:00","BZN|EE","Without Sequence","148.99","",""
"27/01/2022 15:00:00 - 27/01/2022 16:00:00","BZN|EE","Without Sequence","174.51","",""
"27/01/2022 16:00:00 - 27/01/2022 17:00:00","BZN|EE","Without Sequence","200.02","",""
"27/01/2022 17:00:00 - 27/01/2022 18:00:00","BZN|EE","Without Sequence","142.43","",""
"27/01/2022 18:00:00 - 27/01/2022 19:00:00","BZN|EE","Without Sequence","184.02","",""
"27/01/2022 19:00:00 - 27/01/2022 20:00:00","BZN|EE","Without Sequence","109.02","",""
"27/01/2022 20:00:00 - 27/01/2022 21:00:00","BZN|EE","Without Sequence","98.47","",""
"27/01/2022 21:00:00 - 27/01/2022 22:00:00","BZN|EE","Without Sequence","98.56","",""
"27/01/2022 22:00:00 - 27/01/2022 23:00:00","BZN|EE","Without Sequence","89.39","",""
"27/01/2022 23:00:00 - 28/01/2022 00:00:00","BZN|EE","Without Sequence","92.12","",""
"28/01/2022 00:00:00 - 28/01/2022 01:00:00","BZN|EE","Without Sequence","81.93","",""
"28/01/2022 01:00:00 - 28/01/2022 02:00:00","BZN|EE","Without Sequence","73.08","",""
"28/01/2022 02:00:00 - 28/01/2022 03:00:00","BZN|EE","Without Sequence","73.97","",""
"28/01/2022 03:00:00 - 28/01/2022 04:00:00","BZN|EE","Without Sequence","82.10","",""
"28/01/2022 04:00:00 - 28/01/2022 05:00:00","BZN|EE","Without Sequence","100.91","",""
"28/01/2022 05:00:00 - 28/01/2022 06:00:00","BZN|EE","Without Sequence","142.47","",""
"28/01/2022 06:00:00 - 28/01/2022 07:00:00","BZN|EE","Without Sequence","142.46","",""
"28/01/2022 07:00:00 - 28/01/2022 08:00:00","BZN|EE","Without Sequence","142.46","",""
"28/01/2022 08:00:00 - 28/01/2022 09:00:00","BZN|EE","Without Sequence","142.57","",""
"28/01/2022 09:00:00 - 28/01/2022 10:00:00","BZN|EE","Without Sequence","143.36","",""
"28/01/2022 10:00:00 - 28/01/2022 11:00:00","BZN|EE","Without Sequence","143.79","",""
"28/01/2022 11:00:00 - 28/01/2022 12:00:00","BZN|EE","Without Sequence","143.24","",""
"28/01/2022 12:00:00 - 28/01/2022 13:00:00","BZN|EE","Without Sequence","142.48","",""
"28/01/2022 13:00:00 - 28/01/2022 14:00:00","BZN|EE","Without Sequence","142.27","",""
"28/01/2022 14:00:00 - 28/01/2022 15:00:00","BZN|EE","Without Sequence","143.14","",""
"28/01/2022 15:00:00 - 28/01/2022 16:00:00","BZN|EE","Without Sequence","148.82","",""
"28/01/2022 16:00:00 - 28/01/2022 17:00:00","BZN|EE","Without Sequence","150.17","",""
"28/01/2022 17:00:00 - 28/01/2022 18:00:00","BZN|EE","Without Sequence","147.47","",""
"28/01/2022 18:00:00 - 28/01/2022 19:00:00","BZN|EE","Without Sequence","142.07","",""
"28/01/2022 19:00:00 - 28/01/2022 20:00:00","BZN|EE","Without Sequence","136.92","",""
"28/01/2022 20:00:00 - 28/01/2022 21:00:00","BZN|EE","Without Sequence","177.80","",""
"28/01/2022 21:00:00 - 28/01/2022 22:00:00","BZN|EE","Without Sequence","142.25","",""
"28/01/2022 22:00:00 - 28/01/2022 23:00:00","BZN|EE","Without Sequence","123.36","",""
"28/01/2022 23:00:00 - 29/01/2022 00:00:00","BZN|EE","Without Sequence","126.93","",""
"29/01/2022 00:00:00 - 29/01/2022 01:00:00","BZN|EE","Without Sequence","115.01","",""
"29/01/2022 01:00:00 - 29/01/2022 02:00:00","BZN|EE","Without Sequence","105.64","",""
"29/01/2022 02:00:00 - 29/01/2022 03:00:00","BZN|EE","Without Sequence","110.09","",""
"29/01/2022 03:00:00 - 29/01/2022 04:00:00","BZN|EE","Without Sequence","112.96","",""
"29/01/2022 04:00:00 - 29/01/2022 05:00:00","BZN|EE","Without Sequence","114.70","",""
"29/01/2022 05:00:00 - 29/01/2022 06:00:00","BZN|EE","Without Sequence","188.44","",""
"29/01/2022 06:00:00 - 29/01/2022 07:00:00","BZN|EE","Without Sequence","220.10","",""
"29/01/2022 07:00:00 - 29/01/2022 08:00:00","BZN|EE","Without Sequence","170.06","",""
"29/01/2022 08:00:00 - 29/01/2022 09:00:00","BZN|EE","Without Sequence","220.00","",""
"29/01/2022 09:00:00 - 29/01/2022 10:00:00","BZN|EE","Without Sequence","219.95","",""
"29/01/2022 10:00:00 - 29/01/2022 11:00:00","BZN|EE","Without Sequence","170.05","",""
"29/01/2022 11:00:00 - 29/01/2022 12:00:00","BZN|EE","Without Sequence","134.52","",""
"29/01/2022 12:00:00 - 29/01/2022 13:00:00","BZN|EE","Without Sequence","131.35","",""
"29/01/2022 13:00:00 - 29/01/2022 14:00:00","BZN|EE","Without Sequence","122.34","",""
"29/01/2022 14:00:00 - 29/01/2022 15:00:00","BZN|EE","Without Sequence","142.30","",""
"29/01/2022 15:00:00 - 29/01/2022 16:00:00","BZN|EE","Without Sequence","150.00","",""
"29/01/2022 16:00:00 - 29/01/2022 17:00:00","BZN|EE","Without Sequence","134.70","",""
"29/01/2022 17:00:00 - 29/01/2022 18:00:00","BZN|EE","Without Sequence","127.00","",""
"29/01/2022 18:00:00 - 29/01/2022 19:00:00","BZN|EE","Without Sequence","130.22","",""
"29/01/2022 19:00:00 - 29/01/2022 20:00:00","BZN|EE","Without Sequence","101.29","",""
"29/01/2022 20:00:00 - 29/01/2022 21:00:00","BZN|EE","Without Sequence","94.97","",""
"29/01/2022 21:00:00 - 29/01/2022 22:00:00","BZN|EE","Without Sequence","88.81","",""
"29/01/2022 22:00:00 - 29/01/2022 23:00:00","BZN|EE","Without Sequence","65.06","",""
"29/01/2022 23:00:00 - 30/01/2022 00:00:00","BZN|EE","Without Sequence","58.13","",""
"30/01/2022 00:00:00 - 30/01/2022 01:00:00","BZN|EE","Without Sequence","44.78","",""
"30/01/2022 01:00:00 - 30/01/2022 02:00:00","BZN|EE","Without Sequence","34.93","",""
"30/01/2022 02:00:00 - 30/01/2022 03:00:00","BZN|EE","Without Sequence","31.96","",""
"30/01/2022 03:00:00 - 30/01/2022 04:00:00","BZN|EE","Without Sequence","34.71","",""
"30/01/2022 04:00:00 - 30/01/2022 05:00:00","BZN|EE","Without Sequence","42.99","",""
"30/01/2022 05:00:00 - 30/01/2022 06:00:00","BZN|EE","Without Sequence","53.30","",""
"30/01/2022 06:00:00 - 30/01/2022 07:00:00","BZN|EE","Without Sequence","58.86","",""
"30/01/2022 07:00:00 - 30/01/2022 08:00:00","BZN|EE","Without Sequence","72.87","",""
"30/01/2022 08:00:00 - 30/01/2022 09:00:00","BZN|EE","Without Sequence","88.91","",""
"30/01/2022 09:00:00 - 30/01/2022 10:00:00","BZN|EE","Without Sequence","92.83","",""
"30/01/2022 10:00:00 - 30/01/2022 11:00:00","BZN|EE","Without Sequence","92.05","",""
"30/01/2022 11:00:00 - 30/01/2022 12:00:00","BZN|EE","Without Sequence","89.44","",""
"30/01/2022 12:00:00 - 30/01/2022 13:00:00","BZN|EE","Without Sequence","88.45","",""
"30/01/2022 13:00:00 - 30/01/2022 14:00:00","BZN|EE","Without Sequence","90.06","",""
"30/01/2022 14:00:00 - 30/01/2022 15:00:00","BZN|EE","Without Sequence","91.76","",""
"30/01/2022 15:00:00 - 30/01/2022 16:00:00","BZN|EE","Without Sequence","99.09","",""
"30/01/2022 16:00:00 - 30/01/2022 17:00:00","BZN|EE","Without Sequence","95.27","",""
"30/01/2022 17:00:00 - 30/01/2022 18:00:00","BZN|EE","Without Sequence","97.77","",""
"30/01/2022 18:00:00 - 30/01/2022 19:00:00","BZN|EE","Without Sequence","97.81","",""
"30/01/2022 19:00:00 - 30/01/2022 20:00:00","BZN|EE","Without Sequence","92.94","",""
"30/01/2022 20:00:00 - 30/01/2022 21:00:00","BZN|EE","Without Sequence","98.62","",""
"30/01/2022 21:00:00 - 30/01/2022 22:00:00","BZN|EE","Without Sequence","90.70","",""
"30/01/2022 22:00:00 - 30/01/2022 23:00:00","BZN|EE","Without Sequence","79.26","",""
"30/01/2022 23:00:00 - 31/01/2022 00:00:00","BZN|EE","Without Sequence","50.39","",""
"31/01/2022 00:00:00 - 31/01/2022 01:00:00","BZN|EE","Without Sequence","48.33","",""
"31/01/2022 01:00:00 - 31/01/2022 02:00:00","BZN|EE","Without Sequence","55.89","",""
"31/01/2022 02:00:00 - 31/01/2022 03:00:00","BZN|EE","Without Sequence","60.09","",""
"31/01/2022 03:00:00 - 31/01/2022 04:00:00","BZN|EE","Without Sequence","97.73","",""
"31/01/2022 04:00:00 - 31/01/2022 05:00:00","BZN|EE","Without Sequence","132.85","",""
"31/01/2022 05:00:00 - 31/01/2022 06:00:00","BZN|EE","Without Sequence","182.03","",""
"31/01/2022 06:00:00 - 31/01/2022 07:00:00","BZN|EE","Without Sequence","234.24","",""
"31/01/2022 07:00:00 - 31/01/2022 08:00:00","BZN|EE","Without Sequence","242.95","",""
"31/01/2022 08:00:00 - 31/01/2022 09:00:00","BZN|EE","Without Sequence","245.87","",""
"31/01/2022 09:00:00 - 31/01/2022 10:00:00","BZN|EE","Without Sequence","242.13","",""
"31/01/2022 10:00:00 - 31/01/2022 11:00:00","BZN|EE","Without Sequence","237.58","",""
"31/01/2022 11:00:00 - 31/01/2022 12:00:00","BZN|EE","Without Sequence","230.00","",""
"31/01/2022 12:00:00 - 31/01/2022 13:00:00","BZN|EE","Without Sequence","216.20","",""
"31/01/2022 13:00:00 - 31/01/2022 14:00:00","BZN|EE","Without Sequence","197.54","",""
"31/01/2022 14:00:00 - 31/01/2022 15:00:00","BZN|EE","Without Sequence","190.95","",""
"31/01/2022 15:00:00 - 31/01/2022 16:00:00","BZN|EE","Without Sequence","225.05","",""
"31/01/2022 16:00:00 - 31/01/2022 17:00:00","BZN|EE","Without Sequence","240.67","",""
"31/01/2022 17:00:00 - 31/01/2022 18:00:00","BZN|EE","Without Sequence","247.84","",""
"31/01/2022 18:00:00 - 31/01/2022 19:00:00","BZN|EE","Without Sequence","218.65","",""
"31/01/2022 19:00:00 - 31/01/2022 20:00:00","BZN|EE","Without Sequence","174.98","",""
"31/01/2022 20:00:00 - 31/01/2022 21:00:00","BZN|EE","Without Sequence","169.12","",""
"31/01/2022 21:00:00 - 31/01/2022 22:00:00","BZN|EE","Without Sequence","151.25","",""
"31/01/2022 22:00:00 - 31/01/2022 23:00:00","BZN|EE","Without Sequence","142.18","",""
"31/01/2022 23:00:00 - 01/02/2022 00:00:00","BZN|EE","Without Sequence","140.75","",""
"01/02/2022 00:00:00 - 01/02/2022 01:00:00","BZN|EE","Without Sequence","138.99","",""
"01/02/2022 01:00:00 - 01/02/2022 02:00:00","BZN|EE","Without Sequence","135.51","",""
"01/02/2022 02:00:00 - 01/02/2022 03:00:00","BZN|EE","Without Sequence","130.83","",""
"01/02/2022 03:00:00 - 01/02/2022 04:00:00","BZN|EE","Without Sequence","137.54","",""
"01/02/2022 04:00:00 - 01/02/2022 05:00:00","BZN|EE","Without Sequence","143.44","",""
"01/02/2022 05:00:00 - 01/02/2022 06:00:00","BZN|EE","Without Sequence","185.00","",""
"01/02/2022 06:00:00 - 01/02/2022 07:00:00","BZN|EE","Without Sequence","233.43","",""
"01/02/2022 07:00:00 - 01/02/2022 08:00:00","BZN|EE","Without Sequence","243.72","",""
"01/02/2022 08:00:00 - 01/02/2022 09:00:00","BZN|EE","Without Sequence","230.00","",""
"01/02/2022 09:00:00 - 01/02/2022 10:00:00","BZN|EE","Without Sequence","204.91","",""
"01/02/2022 10:00:00 - 01/02/2022 11:00:00","BZN|EE","Without Sequence","201.97","",""
"01/02/2022 11:00:00 - 01/02/2022 12:00:00","BZN|EE","Without Sequence","201.83","",""
"01/02/2022 12:00:00 - 01/02/2022 13:00:00","BZN|EE","Without Sequence","220.03","",""
"01/02/2022 13:00:00 - 01/02/2022 14:00:00","BZN|EE","Without Sequence","210.03","",""
"01/02/2022 14:00:00 - 01/02/2022 15:00:00","BZN|EE","Without Sequence","220.10","",""
"01/02/2022 15:00:00 - 01/02/2022 16:00:00","BZN|EE","Without Sequence","234.93","",""
"01/02/2022 16:00:00 - 01/02/2022 17:00:00","BZN|EE","Without Sequence","246.91","",""
"01/02/2022 17:00:00 - 01/02/2022 18:00:00","BZN|EE","Without Sequence","246.98","",""
"01/02/2022 18:00:00 - 01/02/2022 19:00:00","BZN|EE","Without Sequence","225.07","",""
"01/02/2022 19:00:00 - 01/02/2022 20:00:00","BZN|EE","Without Sequence","146.93","",""
"01/02/2022 20:00:00 - 01/02/2022 21:00:00","BZN|EE","Without Sequence","119.96","",""
"01/02/2022 21:00:00 - 01/02/2022 22:00:00","BZN|EE","Without Sequence","118.88","",""
"01/02/2022 22:00:00 - 01/02/2022 23:00:00","BZN|EE","Without Sequence","102.26","",""
"01/02/2022 23:00:00 - 02/02/2022 00:00:00","BZN|EE","Without Sequence","109.60","",""
"02/02/2022 00:00:00 - 02/02/2022 01:00:00","BZN|EE","Without Sequence","109.60","",""
"02/02/2022 01:00:00 - 02/02/2022 02:00:00","BZN|EE","Without Sequence","109.05","",""
"02/02/2022 02:00:00 - 02/02/2022 03:00:00","BZN|EE","Without Sequence","109.58","",""
"02/02/2022 03:00:00 - 02/02/2022 04:00:00","BZN|EE","Without Sequence","110.53","",""
"02/02/2022 04:00:00 - 02/02/2022 05:00:00","BZN|EE","Without Sequence","128.79","",""
"02/02/2022 05:00:00 - 02/02/2022 06:00:00","BZN|EE","Without Sequence","132.88","",""
"02/02/2022 06:00:00 - 02/02/2022 07:00:00","BZN|EE","Without Sequence","143.34","",""
"02/02/2022 07:00:00 - 02/02/2022 08:00:00","BZN|EE","Without Sequence","155.06","",""
"02/02/2022 08:00:00 - 02/02/2022 09:00:00","BZN|EE","Without Sequence","215.87","",""
"02/02/2022 09:00:00 - 02/02/2022 10:00:00","BZN|EE","Without Sequence","220.08","",""
"02/02/2022 10:00:00 - 02/02/2022 11:00:00","BZN|EE","Without Sequence","176.02","",""
"02/02/2022 11:00:00 - 02/02/2022 12:00:00","BZN|EE","Without Sequence","174.04","",""
"02/02/2022 12:00:00 - 02/02/2022 13:00:00","BZN|EE","Without Sequence","159.37","",""
"02/02/2022 13:00:00 - 02/02/2022 14:00:00","BZN|EE","Without Sequence","154.25","",""
"02/02/2022 14:00:00 - 02/02/2022 15:00:00","BZN|EE","Without Sequence","188.46","",""
"02/02/2022 15:00:00 - 02/02/2022 16:00:00","BZN|EE","Without Sequence","196.69","",""
"02/02/2022 16:00:00 - 02/02/2022 17:00:00","BZN|EE","Without Sequence","238.01","",""
"02/02/2022 17:00:00 - 02/02/2022 18:00:00","BZN|EE","Without Sequence","266.90","",""
"02/02/2022 18:00:00 - 02/02/2022 19:00:00","BZN|EE","Without Sequence","258.64","",""
"02/02/2022 19:00:00 - 02/02/2022 20:00:00","BZN|EE","Without Sequence","231.31","",""
"02/02/2022 20:00:00 - 02/02/2022 21:00:00","BZN|EE","Without Sequence","187.40","",""
"02/02/2022 21:00:00 - 02/02/2022 22:00:00","BZN|EE","Without Sequence","154.96","",""
"02/02/2022 22:00:00 - 02/02/2022 23:00:00","BZN|EE","Without Sequence","142.57","",""
"02/02/2022 23:00:00 - 03/02/2022 00:00:00","BZN|EE","Without Sequence","137.02","",""
"03/02/2022 00:00:00 - 03/02/2022 01:00:00","BZN|EE","Without Sequence","136.06","",""
"03/02/2022 01:00:00 - 03/02/2022 02:00:00","BZN|EE","Without Sequence","134.78","",""
"03/02/2022 02:00:00 - 03/02/2022 03:00:00","BZN|EE","Without Sequence","134.87","",""
"03/02/2022 03:00:00 - 03/02/2022 04:00:00","BZN|EE","Without Sequence","136.98","",""
"03/02/2022 04:00:00 - 03/02/2022 05:00:00","BZN|EE","Without Sequence","141.51","",""
"03/02/2022 05:00:00 - 03/02/2022 06:00:00","BZN|EE","Without Sequence","192.17","",""
"03/02/2022 06:00:00 - 03/02/2022 07:00:00","BZN|EE","Without Sequence","212.62","",""
"03/02/2022 07:00:00 - 03/02/2022 08:00:00","BZN|EE","Without Sequence","226.97","",""
"03/02/2022 08:00:00 - 03/02/2022 09:00:00","BZN|EE","Without Sequence","223.33","",""
"03/02/2022 09:00:00 - 03/02/2022 10:00:00","BZN|EE","Without Sequence","213.26","",""
"03/02/2022 10:00:00 - 03/02/2022 11:00:00","BZN|EE","Without Sequence","209.00","",""
"03/02/2022 11:00:00 - 03/02/2022 12:00:00","BZN|EE","Without Sequence","195.95","",""
"03/02/2022 12:00:00 - 03/02/2022 13:00:00","BZN|EE","Without Sequence","192.68","",""
"03/02/2022 13:00:00 - 03/02/2022 14:00:00","BZN|EE","Without Sequence","194.90","",""
"03/02/2022 14:00:00 - 03/02/2022 15:00:00","BZN|EE","Without Sequence","204.64","",""
"03/02/2022 15:00:00 - 03/02/2022 16:00:00","BZN|EE","Without Sequence","207.61","",""
"03/02/2022 16:00:00 - 03/02/2022 17:00:00","BZN|EE","Without Sequence","224.15","",""
"03/02/2022 17:00:00 - 03/02/2022 18:00:00","BZN|EE","Without Sequence","236.41","",""
"03/02/2022 18:00:00 - 03/02/2022 19:00:00","BZN|EE","Without Sequence","164.95","",""
"03/02/2022 19:00:00 - 03/02/2022 20:00:00","BZN|EE","Without Sequence","138.38","",""
"03/02/2022 20:00:00 - 03/02/2022 21:00:00","BZN|EE","Without Sequence","135.46","",""
"03/02/2022 21:00:00 - 03/02/2022 22:00:00","BZN|EE","Without Sequence","132.92","",""
"03/02/2022 22:00:00 - 03/02/2022 23:00:00","BZN|EE","Without Sequence","119.92","",""
"03/02/2022 23:00:00 - 04/02/2022 00:00:00","BZN|EE","Without Sequence","138.71","",""
"04/02/2022 00:00:00 - 04/02/2022 01:00:00","BZN|EE","Without Sequence","96.30","",""
"04/02/2022 01:00:00 - 04/02/2022 02:00:00","BZN|EE","Without Sequence","96.21","",""
"04/02/2022 02:00:00 - 04/02/2022 03:00:00","BZN|EE","Without Sequence","96.22","",""
"04/02/2022 03:00:00 - 04/02/2022 04:00:00","BZN|EE","Without Sequence","80.07","",""
"04/02/2022 04:00:00 - 04/02/2022 05:00:00","BZN|EE","Without Sequence","124.91","",""
"04/02/2022 05:00:00 - 04/02/2022 06:00:00","BZN|EE","Without Sequence","165.16","",""
"04/02/2022 06:00:00 - 04/02/2022 07:00:00","BZN|EE","Without Sequence","145.89","",""
"04/02/2022 07:00:00 - 04/02/2022 08:00:00","BZN|EE","Without Sequence","179.21","",""
"04/02/2022 08:00:00 - 04/02/2022 09:00:00","BZN|EE","Without Sequence","196.68","",""
"04/02/2022 09:00:00 - 04/02/2022 10:00:00","BZN|EE","Without Sequence","196.62","",""
"04/02/2022 10:00:00 - 04/02/2022 11:00:00","BZN|EE","Without Sequence","194.40","",""
"04/02/2022 11:00:00 - 04/02/2022 12:00:00","BZN|EE","Without Sequence","193.45","",""
"04/02/2022 12:00:00 - 04/02/2022 13:00:00","BZN|EE","Without Sequence","178.04","",""
"04/02/2022 13:00:00 - 04/02/2022 14:00:00","BZN|EE","Without Sequence","176.04","",""
"04/02/2022 14:00:00 - 04/02/2022 15:00:00","BZN|EE","Without Sequence","148.44","",""
"04/02/2022 15:00:00 - 04/02/2022 16:00:00","BZN|EE","Without Sequence","149.79","",""
"04/02/2022 16:00:00 - 04/02/2022 17:00:00","BZN|EE","Without Sequence","144.39","",""
"04/02/2022 17:00:00 - 04/02/2022 18:00:00","BZN|EE","Without Sequence","140.43","",""
"04/02/2022 18:00:00 - 04/02/2022 19:00:00","BZN|EE","Without Sequence","50.11","",""
"04/02/2022 19:00:00 - 04/02/2022 20:00:00","BZN|EE","Without Sequence","21.97","",""
"04/02/2022 20:00:00 - 04/02/2022 21:00:00","BZN|EE","Without Sequence","20.10","",""
"04/02/2022 21:00:00 - 04/02/2022 22:00:00","BZN|EE","Without Sequence","75.04","",""
"04/02/2022 22:00:00 - 04/02/2022 23:00:00","BZN|EE","Without Sequence","75.04","",""
"04/02/2022 23:00:00 - 05/02/2022 00:00:00","BZN|EE","Without Sequence","16.00","",""
"05/02/2022 00:00:00 - 05/02/2022 01:00:00","BZN|EE","Without Sequence","15.91","",""
"05/02/2022 01:00:00 - 05/02/2022 02:00:00","BZN|EE","Without Sequence","15.26","",""
"05/02/2022 02:00:00 - 05/02/2022 03:00:00","BZN|EE","Without Sequence","16.90","",""
"05/02/2022 03:00:00 - 05/02/2022 04:00:00","BZN|EE","Without Sequence","21.28","",""
"05/02/2022 04:00:00 - 05/02/2022 05:00:00","BZN|EE","Without Sequence","83.74","",""
"05/02/2022 05:00:00 - 05/02/2022 06:00:00","BZN|EE","Without Sequence","75.04","",""
"05/02/2022 06:00:00 - 05/02/2022 07:00:00","BZN|EE","Without Sequence","93.42","",""
"05/02/2022 07:00:00 - 05/02/2022 08:00:00","BZN|EE","Without Sequence","97.53","",""
"05/02/2022 08:00:00 - 05/02/2022 09:00:00","BZN|EE","Without Sequence","103.27","",""
"05/02/2022 09:00:00 - 05/02/2022 10:00:00","BZN|EE","Without Sequence","107.67","",""
"05/02/2022 10:00:00 - 05/02/2022 11:00:00","BZN|EE","Without Sequence","106.26","",""
"05/02/2022 11:00:00 - 05/02/2022 12:00:00","BZN|EE","Without Sequence","59.36","",""
"05/02/2022 12:00:00 - 05/02/2022 13:00:00","BZN|EE","Without Sequence","84.16","",""
"05/02/2022 13:00:00 - 05/02/2022 14:00:00","BZN|EE","Without Sequence","45.07","",""
"05/02/2022 14:00:00 - 05/02/2022 15:00:00","BZN|EE","Without Sequence","40.80","",""
"05/02/2022 15:00:00 - 05/02/2022 16:00:00","BZN|EE","Without Sequence","99.81","",""
"05/02/2022 16:00:00 - 05/02/2022 17:00:00","BZN|EE","Without Sequence","124.28","",""
"05/02/2022 17:00:00 - 05/02/2022 18:00:00","BZN|EE","Without Sequence","99.85","",""
"05/02/2022 18:00:00 - 05/02/2022 19:00:00","BZN|EE","Without Sequence","70.04","",""
"05/02/2022 19:00:00 - 05/02/2022 20:00:00","BZN|EE","Without Sequence","99.83","",""
"05/02/2022 20:00:00 - 05/02/2022 21:00:00","BZN|EE","Without Sequence","97.71","",""
"05/02/2022 21:00:00 - 05/02/2022 22:00:00","BZN|EE","Without Sequence","97.06","",""
"05/02/2022 22:00:00 - 05/02/2022 23:00:00","BZN|EE","Without Sequence","65.08","",""
"05/02/2022 23:00:00 - 06/02/2022 00:00:00","BZN|EE","Without Sequence","69.74","",""
"06/02/2022 00:00:00 - 06/02/2022 01:00:00","BZN|EE","Without Sequence","56.96","",""
"06/02/2022 01:00:00 - 06/02/2022 02:00:00","BZN|EE","Without Sequence","43.82","",""
"06/02/2022 02:00:00 - 06/02/2022 03:00:00","BZN|EE","Without Sequence","40.71","",""
"06/02/2022 03:00:00 - 06/02/2022 04:00:00","BZN|EE","Without Sequence","39.02","",""
"06/02/2022 04:00:00 - 06/02/2022 05:00:00","BZN|EE","Without Sequence","42.71","",""
"06/02/2022 05:00:00 - 06/02/2022 06:00:00","BZN|EE","Without Sequence","56.42","",""
"06/02/2022 06:00:00 - 06/02/2022 07:00:00","BZN|EE","Without Sequence","70.00","",""
"06/02/2022 07:00:00 - 06/02/2022 08:00:00","BZN|EE","Without Sequence","86.31","",""
"06/02/2022 08:00:00 - 06/02/2022 09:00:00","BZN|EE","Without Sequence","102.53","",""
"06/02/2022 09:00:00 - 06/02/2022 10:00:00","BZN|EE","Without Sequence","111.67","",""
"06/02/2022 10:00:00 - 06/02/2022 11:00:00","BZN|EE","Without Sequence","118.75","",""
"06/02/2022 11:00:00 - 06/02/2022 12:00:00","BZN|EE","Without Sequence","121.67","",""
"06/02/2022 12:00:00 - 06/02/2022 13:00:00","BZN|EE","Without Sequence","120.00","",""
"06/02/2022 13:00:00 - 06/02/2022 14:00:00","BZN|EE","Without Sequence","119.12","",""
"06/02/2022 14:00:00 - 06/02/2022 15:00:00","BZN|EE","Without Sequence","119.60","",""
"06/02/2022 15:00:00 - 06/02/2022 16:00:00","BZN|EE","Without Sequence","125.00","",""
"06/02/2022 16:00:00 - 06/02/2022 17:00:00","BZN|EE","Without Sequence","134.51","",""
"06/02/2022 17:00:00 - 06/02/2022 18:00:00","BZN|EE","Without Sequence","122.00","",""
"06/02/2022 18:00:00 - 06/02/2022 19:00:00","BZN|EE","Without Sequence","121.00","",""
"06/02/2022 19:00:00 - 06/02/2022 20:00:00","BZN|EE","Without Sequence","118.48","",""
"06/02/2022 20:00:00 - 06/02/2022 21:00:00","BZN|EE","Without Sequence","108.27","",""
"06/02/2022 21:00:00 - 06/02/2022 22:00:00","BZN|EE","Without Sequence","112.47","",""
"06/02/2022 22:00:00 - 06/02/2022 23:00:00","BZN|EE","Without Sequence","94.96","",""
"06/02/2022 23:00:00 - 07/02/2022 00:00:00","BZN|EE","Without Sequence","20.04","",""
"07/02/2022 00:00:00 - 07/02/2022 01:00:00","BZN|EE","Without Sequence","15.91","",""
"07/02/2022 01:00:00 - 07/02/2022 02:00:00","BZN|EE","Without Sequence","14.27","",""
"07/02/2022 02:00:00 - 07/02/2022 03:00:00","BZN|EE","Without Sequence","13.83","",""
"07/02/2022 03:00:00 - 07/02/2022 04:00:00","BZN|EE","Without Sequence","24.00","",""
"07/02/2022 04:00:00 - 07/02/2022 05:00:00","BZN|EE","Without Sequence","76.54","",""
"07/02/2022 05:00:00 - 07/02/2022 06:00:00","BZN|EE","Without Sequence","122.83","",""
"07/02/2022 06:00:00 - 07/02/2022 07:00:00","BZN|EE","Without Sequence","135.07","",""
"07/02/2022 07:00:00 - 07/02/2022 08:00:00","BZN|EE","Without Sequence","155.00","",""
"07/02/2022 08:00:00 - 07/02/2022 09:00:00","BZN|EE","Without Sequence","127.76","",""
"07/02/2022 09:00:00 - 07/02/2022 10:00:00","BZN|EE","Without Sequence","155.03","",""
"07/02/2022 10:00:00 - 07/02/2022 11:00:00","BZN|EE","Without Sequence","152.50","",""
"07/02/2022 11:00:00 - 07/02/2022 12:00:00","BZN|EE","Without Sequence","168.02","",""
"07/02/2022 12:00:00 - 07/02/2022 13:00:00","BZN|EE","Without Sequence","170.02","",""
"07/02/2022 13:00:00 - 07/02/2022 14:00:00","BZN|EE","Without Sequence","125.00","",""
"07/02/2022 14:00:00 - 07/02/2022 15:00:00","BZN|EE","Without Sequence","126.02","",""
"07/02/2022 15:00:00 - 07/02/2022 16:00:00","BZN|EE","Without Sequence","127.18","",""
"07/02/2022 16:00:00 - 07/02/2022 17:00:00","BZN|EE","Without Sequence","133.35","",""
"07/02/2022 17:00:00 - 07/02/2022 18:00:00","BZN|EE","Without Sequence","135.15","",""
"07/02/2022 18:00:00 - 07/02/2022 19:00:00","BZN|EE","Without Sequence","134.31","",""
"07/02/2022 19:00:00 - 07/02/2022 20:00:00","BZN|EE","Without Sequence","132.09","",""
"07/02/2022 20:00:00 - 07/02/2022 21:00:00","BZN|EE","Without Sequence","126.53","",""
"07/02/2022 21:00:00 - 07/02/2022 22:00:00","BZN|EE","Without Sequence","120.21","",""
"07/02/2022 22:00:00 - 07/02/2022 23:00:00","BZN|EE","Without Sequence","100.28","",""
"07/02/2022 23:00:00 - 08/02/2022 00:00:00","BZN|EE","Without Sequence","100.04","",""
"08/02/2022 00:00:00 - 08/02/2022 01:00:00","BZN|EE","Without Sequence","100.02","",""
"08/02/2022 01:00:00 - 08/02/2022 02:00:00","BZN|EE","Without Sequence","99.66","",""
"08/02/2022 02:00:00 - 08/02/2022 03:00:00","BZN|EE","Without Sequence","100.01","",""
"08/02/2022 03:00:00 - 08/02/2022 04:00:00","BZN|EE","Without Sequence","100.09","",""
"08/02/2022 04:00:00 - 08/02/2022 05:00:00","BZN|EE","Without Sequence","124.99","",""
"08/02/2022 05:00:00 - 08/02/2022 06:00:00","BZN|EE","Without Sequence","144.98","",""
"08/02/2022 06:00:00 - 08/02/2022 07:00:00","BZN|EE","Without Sequence","198.00","",""
"08/02/2022 07:00:00 - 08/02/2022 08:00:00","BZN|EE","Without Sequence","185.98","",""
"08/02/2022 08:00:00 - 08/02/2022 09:00:00","BZN|EE","Without Sequence","160.76","",""
"08/02/2022 09:00:00 - 08/02/2022 10:00:00","BZN|EE","Without Sequence","128.98","",""
"08/02/2022 10:00:00 - 08/02/2022 11:00:00","BZN|EE","Without Sequence","133.10","",""
"08/02/2022 11:00:00 - 08/02/2022 12:00:00","BZN|EE","Without Sequence","138.47","",""
"08/02/2022 12:00:00 - 08/02/2022 13:00:00","BZN|EE","Without Sequence","138.46","",""
"08/02/2022 13:00:00 - 08/02/2022 14:00:00","BZN|EE","Without Sequence","128.98","",""
"08/02/2022 14:00:00 - 08/02/2022 15:00:00","BZN|EE","Without Sequence","131.36","",""
"08/02/2022 15:00:00 - 08/02/2022 16:00:00","BZN|EE","Without Sequence","128.29","",""
"08/02/2022 16:00:00 - 08/02/2022 17:00:00","BZN|EE","Without Sequence","138.45","",""
"08/02/2022 17:00:00 - 08/02/2022 18:00:00","BZN|EE","Without Sequence","133.10","",""
"08/02/2022 18:00:00 - 08/02/2022 19:00:00","BZN|EE","Without Sequence","128.98","",""
"08/02/2022 19:00:00 - 08/02/2022 20:00:00","BZN|EE","Without Sequence","127.87","",""
"08/02/2022 20:00:00 - 08/02/2022 21:00:00","BZN|EE","Without Sequence","114.10","",""
"08/02/2022 21:00:00 - 08/02/2022 22:00:00","BZN|EE","Without Sequence","75.10","",""
"08/02/2022 22:00:00 - 08/02/2022 23:00:00","BZN|EE","Without Sequence","80.04","",""
"08/02/2022 23:00:00 - 09/02/2022 00:00:00","BZN|EE","Without Sequence","102.95","",""
"09/02/2022 00:00:00 - 09/02/2022 01:00:00","BZN|EE","Without Sequence","50.05","",""
"09/02/2022 01:00:00 - 09/02/2022 02:00:00","BZN|EE","Without Sequence","32.23","",""
"09/02/2022 02:00:00 - 09/02/2022 03:00:00","BZN|EE","Without Sequence","101.66","",""
"09/02/2022 03:00:00 - 09/02/2022 04:00:00","BZN|EE","Without Sequence","105.79","",""
"09/02/2022 04:00:00 - 09/02/2022 05:00:00","BZN|EE","Without Sequence","119.34","",""
"09/02/2022 05:00:00 - 09/02/2022 06:00:00","BZN|EE","Without Sequence","144.14","",""
"09/02/2022 06:00:00 - 09/02/2022 07:00:00","BZN|EE","Without Sequence","143.04","",""
"09/02/2022 07:00:00 - 09/02/2022 08:00:00","BZN|EE","Without Sequence","150.59","",""
"09/02/2022 08:00:00 - 09/02/2022 09:00:00","BZN|EE","Without Sequence","148.04","",""
"09/02/2022 09:00:00 - 09/02/2022 10:00:00","BZN|EE","Without Sequence","144.80","",""
"09/02/2022 10:00:00 - 09/02/2022 11:00:00","BZN|EE","Without Sequence","144.69","",""
"09/02/2022 11:00:00 - 09/02/2022 12:00:00","BZN|EE","Without Sequence","141.41","",""
"09/02/2022 12:00:00 - 09/02/2022 13:00:00","BZN|EE","Without Sequence","140.37","",""
"09/02/2022 13:00:00 - 09/02/2022 14:00:00","BZN|EE","Without Sequence","169.55","",""
"09/02/2022 14:00:00 - 09/02/2022 15:00:00","BZN|EE","Without Sequence","134.99","",""
"09/02/2022 15:00:00 - 09/02/2022 16:00:00","BZN|EE","Without Sequence","134.92","",""
"09/02/2022 16:00:00 - 09/02/2022 17:00:00","BZN|EE","Without Sequence","151.94","",""
"09/02/2022 17:00:00 - 09/02/2022 18:00:00","BZN|EE","Without Sequence","143.04","",""
"09/02/2022 18:00:00 - 09/02/2022 19:00:00","BZN|EE","Without Sequence","138.67","",""
"09/02/2022 19:00:00 - 09/02/2022 20:00:00","BZN|EE","Without Sequence","102.98","",""
"09/02/2022 20:00:00 - 09/02/2022 21:00:00","BZN|EE","Without Sequence","92.10","",""
"09/02/2022 21:00:00 - 09/02/2022 22:00:00","BZN|EE","Without Sequence","65.07","",""
"09/02/2022 22:00:00 - 09/02/2022 23:00:00","BZN|EE","Without Sequence","65.06","",""
"09/02/2022 23:00:00 - 10/02/2022 00:00:00","BZN|EE","Without Sequence","11.76","",""
"10/02/2022 00:00:00 - 10/02/2022 01:00:00","BZN|EE","Without Sequence","11.56","",""
"10/02/2022 01:00:00 - 10/02/2022 02:00:00","BZN|EE","Without Sequence","11.49","",""
"10/02/2022 02:00:00 - 10/02/2022 03:00:00","BZN|EE","Without Sequence","11.39","",""
"10/02/2022 03:00:00 - 10/02/2022 04:00:00","BZN|EE","Without Sequence","70.04","",""
"10/02/2022 04:00:00 - 10/02/2022 05:00:00","BZN|EE","Without Sequence","102.95","",""
"10/02/2022 05:00:00 - 10/02/2022 06:00:00","BZN|EE","Without Sequence","147.31","",""
"10/02/2022 06:00:00 - 10/02/2022 07:00:00","BZN|EE","Without Sequence","138.25","",""
"10/02/2022 07:00:00 - 10/02/2022 08:00:00","BZN|EE","Without Sequence","152.29","",""
"10/02/2022 08:00:00 - 10/02/2022 09:00:00","BZN|EE","Without Sequence","148.99","",""
"10/02/2022 09:00:00 - 10/02/2022 10:00:00","BZN|EE","Without Sequence","139.55","",""
"10/02/2022 10:00:00 - 10/02/2022 11:00:00","BZN|EE","Without Sequence","130.07","",""
"10/02/2022 11:00:00 - 10/02/2022 12:00:00","BZN|EE","Without Sequence","130.09","",""
"10/02/2022 12:00:00 - 10/02/2022 13:00:00","BZN|EE","Without Sequence","130.08","",""
"10/02/2022 13:00:00 - 10/02/2022 14:00:00","BZN|EE","Without Sequence","144.57","",""
"10/02/2022 14:00:00 - 10/02/2022 15:00:00","BZN|EE","Without Sequence","144.58","",""
"10/02/2022 15:00:00 - 10/02/2022 16:00:00","BZN|EE","Without Sequence","137.92","",""
"10/02/2022 16:00:00 - 10/02/2022 17:00:00","BZN|EE","Without Sequence","145.95","",""
"10/02/2022 17:00:00 - 10/02/2022 18:00:00","BZN|EE","Without Sequence","148.69","",""
"10/02/2022 18:00:00 - 10/02/2022 19:00:00","BZN|EE","Without Sequence","142.18","",""
"10/02/2022 19:00:00 - 10/02/2022 20:00:00","BZN|EE","Without Sequence","130.08","",""
"10/02/2022 20:00:00 - 10/02/2022 21:00:00","BZN|EE","Without Sequence","131.53","",""
"10/02/2022 21:00:00 - 10/02/2022 22:00:00","BZN|EE","Without Sequence","148.19","",""
"10/02/2022 22:00:00 - 10/02/2022 23:00:00","BZN|EE","Without Sequence","101.68","",""
"10/02/2022 23:00:00 - 11/02/2022 00:00:00","BZN|EE","Without Sequence","90.06","",""
"11/02/2022 00:00:00 - 11/02/2022 01:00:00","BZN|EE","Without Sequence","90.04","",""
"11/02/2022 01:00:00 - 11/02/2022 02:00:00","BZN|EE","Without Sequence","90.03","",""
"11/02/2022 02:00:00 - 11/02/2022 03:00:00","BZN|EE","Without Sequence","90.04","",""
"11/02/2022 03:00:00 - 11/02/2022 04:00:00","BZN|EE","Without Sequence","90.10","",""
"11/02/2022 04:00:00 - 11/02/2022 05:00:00","BZN|EE","Without Sequence","110.00","",""
"11/02/2022 05:00:00 - 11/02/2022 06:00:00","BZN|EE","Without Sequence","140.03","",""
"11/02/2022 06:00:00 - 11/02/2022 07:00:00","BZN|EE","Without Sequence","143.55","",""
"11/02/2022 07:00:00 - 11/02/2022 08:00:00","BZN|EE","Without Sequence","191.32","",""
"11/02/2022 08:00:00 - 11/02/2022 09:00:00","BZN|EE","Without Sequence","179.53","",""
"11/02/2022 09:00:00 - 11/02/2022 10:00:00","BZN|EE","Without Sequence","151.36","",""
"11/02/2022 10:00:00 - 11/02/2022 11:00:00","BZN|EE","Without Sequence","140.09","",""
"11/02/2022 11:00:00 - 11/02/2022 12:00:00","BZN|EE","Without Sequence","140.03","",""
"11/02/2022 12:00:00 - 11/02/2022 13:00:00","BZN|EE","Without Sequence","140.02","",""
"11/02/2022 13:00:00 - 11/02/2022 14:00:00","BZN|EE","Without Sequence","139.23","",""
"11/02/2022 14:00:00 - 11/02/2022 15:00:00","BZN|EE","Without Sequence","138.22","",""
"11/02/2022 15:00:00 - 11/02/2022 16:00:00","BZN|EE","Without Sequence","131.66","",""
"11/02/2022 16:00:00 - 11/02/2022 17:00:00","BZN|EE","Without Sequence","131.66","",""
"11/02/2022 17:00:00 - 11/02/2022 18:00:00","BZN|EE","Without Sequence","137.42","",""
"11/02/2022 18:00:00 - 11/02/2022 19:00:00","BZN|EE","Without Sequence","138.57","",""
"11/02/2022 19:00:00 - 11/02/2022 20:00:00","BZN|EE","Without Sequence","127.06","",""
"11/02/2022 20:00:00 - 11/02/2022 21:00:00","BZN|EE","Without Sequence","96.34","",""
"11/02/2022 21:00:00 - 11/02/2022 22:00:00","BZN|EE","Without Sequence","73.46","",""
"11/02/2022 22:00:00 - 11/02/2022 23:00:00","BZN|EE","Without Sequence","50.08","",""
"11/02/2022 23:00:00 - 12/02/2022 00:00:00","BZN|EE","Without Sequence","24.99","",""
"12/02/2022 00:00:00 - 12/02/2022 01:00:00","BZN|EE","Without Sequence","34.58","",""
"12/02/2022 01:00:00 - 12/02/2022 02:00:00","BZN|EE","Without Sequence","60.02","",""
"12/02/2022 02:00:00 - 12/02/2022 03:00:00","BZN|EE","Without Sequence","75.07","",""
"12/02/2022 03:00:00 - 12/02/2022 04:00:00","BZN|EE","Without Sequence","75.10","",""
"12/02/2022 04:00:00 - 12/02/2022 05:00:00","BZN|EE","Without Sequence","119.29","",""
"12/02/2022 05:00:00 - 12/02/2022 06:00:00","BZN|EE","Without Sequence","123.59","",""
"12/02/2022 06:00:00 - 12/02/2022 07:00:00","BZN|EE","Without Sequence","20.09","",""
"12/02/2022 07:00:00 - 12/02/2022 08:00:00","BZN|EE","Without Sequence","119.23","",""
"12/02/2022 08:00:00 - 12/02/2022 09:00:00","BZN|EE","Without Sequence","121.80","",""
"12/02/2022 09:00:00 - 12/02/2022 10:00:00","BZN|EE","Without Sequence","120.70","",""
"12/02/2022 10:00:00 - 12/02/2022 11:00:00","BZN|EE","Without Sequence","119.25","",""
"12/02/2022 11:00:00 - 12/02/2022 12:00:00","BZN|EE","Without Sequence","35.32","",""
"12/02/2022 12:00:00 - 12/02/2022 13:00:00","BZN|EE","Without Sequence","27.58","",""
"12/02/2022 13:00:00 - 12/02/2022 14:00:00","BZN|EE","Without Sequence","29.18","",""
"12/02/2022 14:00:00 - 12/02/2022 15:00:00","BZN|EE","Without Sequence","30.03","",""
"12/02/2022 15:00:00 - 12/02/2022 16:00:00","BZN|EE","Without Sequence","171.56","",""
"12/02/2022 16:00:00 - 12/02/2022 17:00:00","BZN|EE","Without Sequence","194.89","",""
"12/02/2022 17:00:00 - 12/02/2022 18:00:00","BZN|EE","Without Sequence","188.15","",""
"12/02/2022 18:00:00 - 12/02/2022 19:00:00","BZN|EE","Without Sequence","148.81","",""
"12/02/2022 19:00:00 - 12/02/2022 20:00:00","BZN|EE","Without Sequence","119.26","",""
"12/02/2022 20:00:00 - 12/02/2022 21:00:00","BZN|EE","Without Sequence","104.74","",""
"12/02/2022 21:00:00 - 12/02/2022 22:00:00","BZN|EE","Without Sequence","65.01","",""
"12/02/2022 22:00:00 - 12/02/2022 23:00:00","BZN|EE","Without Sequence","18.36","",""
"12/02/2022 23:00:00 - 13/02/2022 00:00:00","BZN|EE","Without Sequence","15.97","",""
"13/02/2022 00:00:00 - 13/02/2022 01:00:00","BZN|EE","Without Sequence","13.56","",""
"13/02/2022 01:00:00 - 13/02/2022 02:00:00","BZN|EE","Without Sequence","11.46","",""
"13/02/2022 02:00:00 - 13/02/2022 03:00:00","BZN|EE","Without Sequence","11.12","",""
"13/02/2022 03:00:00 - 13/02/2022 04:00:00","BZN|EE","Without Sequence","10.96","",""
"13/02/2022 04:00:00 - 13/02/2022 05:00:00","BZN|EE","Without Sequence","11.03","",""
"13/02/2022 05:00:00 - 13/02/2022 06:00:00","BZN|EE","Without Sequence","23.42","",""
"13/02/2022 06:00:00 - 13/02/2022 07:00:00","BZN|EE","Without Sequence","10.24","",""
"13/02/2022 07:00:00 - 13/02/2022 08:00:00","BZN|EE","Without Sequence","11.11","",""
"13/02/2022 08:00:00 - 13/02/2022 09:00:00","BZN|EE","Without Sequence","11.78","",""
"13/02/2022 09:00:00 - 13/02/2022 10:00:00","BZN|EE","Without Sequence","12.83","",""
"13/02/2022 10:00:00 - 13/02/2022 11:00:00","BZN|EE","Without Sequence","18.63","",""
"13/02/2022 11:00:00 - 13/02/2022 12:00:00","BZN|EE","Without Sequence","17.94","",""
"13/02/2022 12:00:00 - 13/02/2022 13:00:00","BZN|EE","Without Sequence","15.97","",""
"13/02/2022 13:00:00 - 13/02/2022 14:00:00","BZN|EE","Without Sequence","12.48","",""
"13/02/2022 14:00:00 - 13/02/2022 15:00:00","BZN|EE","Without Sequence","15.05","",""
"13/02/2022 15:00:00 - 13/02/2022 16:00:00","BZN|EE","Without Sequence","58.75","",""
"13/02/2022 16:00:00 - 13/02/2022 17:00:00","BZN|EE","Without Sequence","99.78","",""
"13/02/2022 17:00:00 - 13/02/2022 18:00:00","BZN|EE","Without Sequence","70.09","",""
"13/02/2022 18:00:00 - 13/02/2022 19:00:00","BZN|EE","Without Sequence","70.04","",""
"13/02/2022 19:00:00 - 13/02/2022 20:00:00","BZN|EE","Without Sequence","12.80","",""
"13/02/2022 20:00:00 - 13/02/2022 21:00:00","BZN|EE","Without Sequence","13.12","",""
"13/02/2022 21:00:00 - 13/02/2022 22:00:00","BZN|EE","Without Sequence","17.24","",""
"13/02/2022 22:00:00 - 13/02/2022 23:00:00","BZN|EE","Without Sequence","16.21","",""
"13/02/2022 23:00:00 - 14/02/2022 00:00:00","BZN|EE","Without Sequence","13.07","",""
"14/02/2022 00:00:00 - 14/02/2022 01:00:00","BZN|EE","Without Sequence","13.01","",""
"14/02/2022 01:00:00 - 14/02/2022 02:00:00","BZN|EE","Without Sequence","12.94","",""
"14/02/2022 02:00:00 - 14/02/2022 03:00:00","BZN|EE","Without Sequence","13.45","",""
"14/02/2022 03:00:00 - 14/02/2022 04:00:00","BZN|EE","Without Sequence","14.68","",""
"14/02/2022 04:00:00 - 14/02/2022 05:00:00","BZN|EE","Without Sequence","15.34","",""
"14/02/2022 05:00:00 - 14/02/2022 06:00:00","BZN|EE","Without Sequence","58.21","",""
"14/02/2022 06:00:00 - 14/02/2022 07:00:00","BZN|EE","Without Sequence","109.29","",""
"14/02/2022 07:00:00 - 14/02/2022 08:00:00","BZN|EE","Without Sequence","108.35","",""
"14/02/2022 08:00:00 - 14/02/2022 09:00:00","BZN|EE","Without Sequence","98.58","",""
"14/02/2022 09:00:00 - 14/02/2022 10:00:00","BZN|EE","Without Sequence","94.91","",""
"14/02/2022 10:00:00 - 14/02/2022 11:00:00","BZN|EE","Without Sequence","95.89","",""
"14/02/2022 11:00:00 - 14/02/2022 12:00:00","BZN|EE","Without Sequence","98.52","",""
"14/02/2022 12:00:00 - 14/02/2022 13:00:00","BZN|EE","Without Sequence","104.18","",""
"14/02/2022 13:00:00 - 14/02/2022 14:00:00","BZN|EE","Without Sequence","104.44","",""
"14/02/2022 14:00:00 - 14/02/2022 15:00:00","BZN|EE","Without Sequence","108.66","",""
"14/02/2022 15:00:00 - 14/02/2022 16:00:00","BZN|EE","Without Sequence","107.83","",""
"14/02/2022 16:00:00 - 14/02/2022 17:00:00","BZN|EE","Without Sequence","117.38","",""
"14/02/2022 17:00:00 - 14/02/2022 18:00:00","BZN|EE","Without Sequence","116.78","",""
"14/02/2022 18:00:00 - 14/02/2022 19:00:00","BZN|EE","Without Sequence","100.02","",""
"14/02/2022 19:00:00 - 14/02/2022 20:00:00","BZN|EE","Without Sequence","37.87","",""
"14/02/2022 20:00:00 - 14/02/2022 21:00:00","BZN|EE","Without Sequence","27.24","",""
"14/02/2022 21:00:00 - 14/02/2022 22:00:00","BZN|EE","Without Sequence","60.05","",""
"14/02/2022 22:00:00 - 14/02/2022 23:00:00","BZN|EE","Without Sequence","30.04","",""
"14/02/2022 23:00:00 - 15/02/2022 00:00:00","BZN|EE","Without Sequence","55.04","",""
"15/02/2022 00:00:00 - 15/02/2022 01:00:00","BZN|EE","Without Sequence","55.03","",""
"15/02/2022 01:00:00 - 15/02/2022 02:00:00","BZN|EE","Without Sequence","47.70","",""
"15/02/2022 02:00:00 - 15/02/2022 03:00:00","BZN|EE","Without Sequence","55.02","",""
"15/02/2022 03:00:00 - 15/02/2022 04:00:00","BZN|EE","Without Sequence","55.06","",""
"15/02/2022 04:00:00 - 15/02/2022 05:00:00","BZN|EE","Without Sequence","97.76","",""
"15/02/2022 05:00:00 - 15/02/2022 06:00:00","BZN|EE","Without Sequence","120.05","",""
"15/02/2022 06:00:00 - 15/02/2022 07:00:00","BZN|EE","Without Sequence","120.50","",""
"15/02/2022 07:00:00 - 15/02/2022 08:00:00","BZN|EE","Without Sequence","121.31","",""
"15/02/2022 08:00:00 - 15/02/2022 09:00:00","BZN|EE","Without Sequence","123.75","",""
"15/02/2022 09:00:00 - 15/02/2022 10:00:00","BZN|EE","Without Sequence","121.31","",""
"15/02/2022 10:00:00 - 15/02/2022 11:00:00","BZN|EE","Without Sequence","105.07","",""
"15/02/2022 11:00:00 - 15/02/2022 12:00:00","BZN|EE","Without Sequence","121.31","",""
"15/02/2022 12:00:00 - 15/02/2022 13:00:00","BZN|EE","Without Sequence","105.07","",""
"15/02/2022 13:00:00 - 15/02/2022 14:00:00","BZN|EE","Without Sequence","105.05","",""
"15/02/2022 14:00:00 - 15/02/2022 15:00:00","BZN|EE","Without Sequence","105.06","",""
"15/02/2022 15:00:00 - 15/02/2022 16:00:00","BZN|EE","Without Sequence","120.01","",""
"15/02/2022 16:00:00 - 15/02/2022 17:00:00","BZN|EE","Without Sequence","151.12","",""
"15/02/2022 17:00:00 - 15/02/2022 18:00:00","BZN|EE","Without Sequence","114.95","",""
"15/02/2022 18:00:00 - 15/02/2022 19:00:00","BZN|EE","Without Sequence","105.03","",""
"15/02/2022 19:00:00 - 15/02/2022 20:00:00","BZN|EE","Without Sequence","54.50","",""
"15/02/2022 20:00:00 - 15/02/2022 21:00:00","BZN|EE","Without Sequence","115.06","",""
"15/02/2022 21:00:00 - 15/02/2022 22:00:00","BZN|EE","Without Sequence","98.24","",""
"15/02/2022 22:00:00 - 15/02/2022 23:00:00","BZN|EE","Without Sequence","55.07","",""
"15/02/2022 23:00:00 - 16/02/2022 00:00:00","BZN|EE","Without Sequence","50.02","",""
"16/02/2022 00:00:00 - 16/02/2022 01:00:00","BZN|EE","Without Sequence","40.06","",""
"16/02/2022 01:00:00 - 16/02/2022 02:00:00","BZN|EE","Without Sequence","14.67","",""
"16/02/2022 02:00:00 - 16/02/2022 03:00:00","BZN|EE","Without Sequence","15.42","",""
"16/02/2022 03:00:00 - 16/02/2022 04:00:00","BZN|EE","Without Sequence","40.01","",""
"16/02/2022 04:00:00 - 16/02/2022 05:00:00","BZN|EE","Without Sequence","23.00","",""
"16/02/2022 05:00:00 - 16/02/2022 06:00:00","BZN|EE","Without Sequence","88.97","",""
"16/02/2022 06:00:00 - 16/02/2022 07:00:00","BZN|EE","Without Sequence","101.05","",""
"16/02/2022 07:00:00 - 16/02/2022 08:00:00","BZN|EE","Without Sequence","105.09","",""
"16/02/2022 08:00:00 - 16/02/2022 09:00:00","BZN|EE","Without Sequence","115.34","",""
"16/02/2022 09:00:00 - 16/02/2022 10:00:00","BZN|EE","Without Sequence","118.55","",""
"16/02/2022 10:00:00 - 16/02/2022 11:00:00","BZN|EE","Without Sequence","118.02","",""
"16/02/2022 11:00:00 - 16/02/2022 12:00:00","BZN|EE","Without Sequence","115.38","",""
"16/02/2022 12:00:00 - 16/02/2022 13:00:00","BZN|EE","Without Sequence","108.73","",""
"16/02/2022 13:00:00 - 16/02/2022 14:00:00","BZN|EE","Without Sequence","101.99","",""
"16/02/2022 14:00:00 - 16/02/2022 15:00:00","BZN|EE","Without Sequence","97.57","",""
"16/02/2022 15:00:00 - 16/02/2022 16:00:00","BZN|EE","Without Sequence","99.11","",""
"16/02/2022 16:00:00 - 16/02/2022 17:00:00","BZN|EE","Without Sequence","110.76","",""
"16/02/2022 17:00:00 - 16/02/2022 18:00:00","BZN|EE","Without Sequence","110.61","",""
"16/02/2022 18:00:00 - 16/02/2022 19:00:00","BZN|EE","Without Sequence","105.05","",""
"16/02/2022 19:00:00 - 16/02/2022 20:00:00","BZN|EE","Without Sequence","78.74","",""
"16/02/2022 20:00:00 - 16/02/2022 21:00:00","BZN|EE","Without Sequence","92.04","",""
"16/02/2022 21:00:00 - 16/02/2022 22:00:00","BZN|EE","Without Sequence","42.48","",""
"16/02/2022 22:00:00 - 16/02/2022 23:00:00","BZN|EE","Without Sequence","40.10","",""
"16/02/2022 23:00:00 - 17/02/2022 00:00:00","BZN|EE","Without Sequence","17.49","",""
"17/02/2022 00:00:00 - 17/02/2022 01:00:00","BZN|EE","Without Sequence","15.04","",""
"17/02/2022 01:00:00 - 17/02/2022 02:00:00","BZN|EE","Without Sequence","15.02","",""
"17/02/2022 02:00:00 - 17/02/2022 03:00:00","BZN|EE","Without Sequence","13.97","",""
"17/02/2022 03:00:00 - 17/02/2022 04:00:00","BZN|EE","Without Sequence","15.04","",""
"17/02/2022 04:00:00 - 17/02/2022 05:00:00","BZN|EE","Without Sequence","39.07","",""
"17/02/2022 05:00:00 - 17/02/2022 06:00:00","BZN|EE","Without Sequence","90.04","",""
"17/02/2022 06:00:00 - 17/02/2022 07:00:00","BZN|EE","Without Sequence","109.78","",""
"17/02/2022 07:00:00 - 17/02/2022 08:00:00","BZN|EE","Without Sequence","107.23","",""
"17/02/2022 08:00:00 - 17/02/2022 09:00:00","BZN|EE","Without Sequence","102.55","",""
"17/02/2022 09:00:00 - 17/02/2022 10:00:00","BZN|EE","Without Sequence","95.06","",""
"17/02/2022 10:00:00 - 17/02/2022 11:00:00","BZN|EE","Without Sequence","77.47","",""
"17/02/2022 11:00:00 - 17/02/2022 12:00:00","BZN|EE","Without Sequence","65.06","",""
"17/02/2022 12:00:00 - 17/02/2022 13:00:00","BZN|EE","Without Sequence","35.98","",""
"17/02/2022 13:00:00 - 17/02/2022 14:00:00","BZN|EE","Without Sequence","42.68","",""
"17/02/2022 14:00:00 - 17/02/2022 15:00:00","BZN|EE","Without Sequence","65.69","",""
"17/02/2022 15:00:00 - 17/02/2022 16:00:00","BZN|EE","Without Sequence","105.05","",""
"17/02/2022 16:00:00 - 17/02/2022 17:00:00","BZN|EE","Without Sequence","106.22","",""
"17/02/2022 17:00:00 - 17/02/2022 18:00:00","BZN|EE","Without Sequence","107.84","",""
"17/02/2022 18:00:00 - 17/02/2022 19:00:00","BZN|EE","Without Sequence","99.11","",""
"17/02/2022 19:00:00 - 17/02/2022 20:00:00","BZN|EE","Without Sequence","59.94","",""
"17/02/2022 20:00:00 - 17/02/2022 21:00:00","BZN|EE","Without Sequence","56.68","",""
"17/02/2022 21:00:00 - 17/02/2022 22:00:00","BZN|EE","Without Sequence","35.08","",""
"17/02/2022 22:00:00 - 17/02/2022 23:00:00","BZN|EE","Without Sequence","35.09","",""
"17/02/2022 23:00:00 - 18/02/2022 00:00:00","BZN|EE","Without Sequence","30.01","",""
"18/02/2022 00:00:00 - 18/02/2022 01:00:00","BZN|EE","Without Sequence","12.79","",""
"18/02/2022 01:00:00 - 18/02/2022 02:00:00","BZN|EE","Without Sequence","12.75","",""
"18/02/2022 02:00:00 - 18/02/2022 03:00:00","BZN|EE","Without Sequence","12.79","",""
"18/02/2022 03:00:00 - 18/02/2022 04:00:00","BZN|EE","Without Sequence","30.06","",""
"18/02/2022 04:00:00 - 18/02/2022 05:00:00","BZN|EE","Without Sequence","86.62","",""
"18/02/2022 05:00:00 - 18/02/2022 06:00:00","BZN|EE","Without Sequence","94.02","",""
"18/02/2022 06:00:00 - 18/02/2022 07:00:00","BZN|EE","Without Sequence","96.00","",""
"18/02/2022 07:00:00 - 18/02/2022 08:00:00","BZN|EE","Without Sequence","99.85","",""
"18/02/2022 08:00:00 - 18/02/2022 09:00:00","BZN|EE","Without Sequence","104.72","",""
"18/02/2022 09:00:00 - 18/02/2022 10:00:00","BZN|EE","Without Sequence","95.80","",""
"18/02/2022 10:00:00 - 18/02/2022 11:00:00","BZN|EE","Without Sequence","90.09","",""
"18/02/2022 11:00:00 - 18/02/2022 12:00:00","BZN|EE","Without Sequence","95.57","",""
"18/02/2022 12:00:00 - 18/02/2022 13:00:00","BZN|EE","Without Sequence","105.00","",""
"18/02/2022 13:00:00 - 18/02/2022 14:00:00","BZN|EE","Without Sequence","67.53","",""
"18/02/2022 14:00:00 - 18/02/2022 15:00:00","BZN|EE","Without Sequence","75.03","",""
"18/02/2022 15:00:00 - 18/02/2022 16:00:00","BZN|EE","Without Sequence","95.08","",""
"18/02/2022 16:00:00 - 18/02/2022 17:00:00","BZN|EE","Without Sequence","113.84","",""
"18/02/2022 17:00:00 - 18/02/2022 18:00:00","BZN|EE","Without Sequence","118.07","",""
"18/02/2022 18:00:00 - 18/02/2022 19:00:00","BZN|EE","Without Sequence","116.23","",""
"18/02/2022 19:00:00 - 18/02/2022 20:00:00","BZN|EE","Without Sequence","109.97","",""
"18/02/2022 20:00:00 - 18/02/2022 21:00:00","BZN|EE","Without Sequence","107.11","",""
"18/02/2022 21:00:00 - 18/02/2022 22:00:00","BZN|EE","Without Sequence","99.39","",""
"18/02/2022 22:00:00 - 18/02/2022 23:00:00","BZN|EE","Without Sequence","86.40","",""
"18/02/2022 23:00:00 - 19/02/2022 00:00:00","BZN|EE","Without Sequence","25.09","",""
"19/02/2022 00:00:00 - 19/02/2022 01:00:00","BZN|EE","Without Sequence","25.01","",""
"19/02/2022 01:00:00 - 19/02/2022 02:00:00","BZN|EE","Without Sequence","16.63","",""
"19/02/2022 02:00:00 - 19/02/2022 03:00:00","BZN|EE","Without Sequence","14.38","",""
"19/02/2022 03:00:00 - 19/02/2022 04:00:00","BZN|EE","Without Sequence","19.92","",""
"19/02/2022 04:00:00 - 19/02/2022 05:00:00","BZN|EE","Without Sequence","21.98","",""
"19/02/2022 05:00:00 - 19/02/2022 06:00:00","BZN|EE","Without Sequence","23.99","",""
"19/02/2022 06:00:00 - 19/02/2022 07:00:00","BZN|EE","Without Sequence","25.00","",""
"19/02/2022 07:00:00 - 19/02/2022 08:00:00","BZN|EE","Without Sequence","59.39","",""
"19/02/2022 08:00:00 - 19/02/2022 09:00:00","BZN|EE","Without Sequence","86.27","",""
"19/02/2022 09:00:00 - 19/02/2022 10:00:00","BZN|EE","Without Sequence","87.89","",""
"19/02/2022 10:00:00 - 19/02/2022 11:00:00","BZN|EE","Without Sequence","85.55","",""
"19/02/2022 11:00:00 - 19/02/2022 12:00:00","BZN|EE","Without Sequence","69.85","",""
"19/02/2022 12:00:00 - 19/02/2022 13:00:00","BZN|EE","Without Sequence","63.20","",""
"19/02/2022 13:00:00 - 19/02/2022 14:00:00","BZN|EE","Without Sequence","63.95","",""
"19/02/2022 14:00:00 - 19/02/2022 15:00:00","BZN|EE","Without Sequence","70.23","",""
"19/02/2022 15:00:00 - 19/02/2022 16:00:00","BZN|EE","Without Sequence","90.00","",""
"19/02/2022 16:00:00 - 19/02/2022 17:00:00","BZN|EE","Without Sequence","99.95","",""
"19/02/2022 17:00:00 - 19/02/2022 18:00:00","BZN|EE","Without Sequence","114.69","",""
"19/02/2022 18:00:00 - 19/02/2022 19:00:00","BZN|EE","Without Sequence","109.60","",""
"19/02/2022 19:00:00 - 19/02/2022 20:00:00","BZN|EE","Without Sequence","95.06","",""
"19/02/2022 20:00:00 - 19/02/2022 21:00:00","BZN|EE","Without Sequence","95.77","",""
"19/02/2022 21:00:00 - 19/02/2022 22:00:00","BZN|EE","Without Sequence","91.75","",""
"19/02/2022 22:00:00 - 19/02/2022 23:00:00","BZN|EE","Without Sequence","67.30","",""
"19/02/2022 23:00:00 - 20/02/2022 00:00:00","BZN|EE","Without Sequence","35.02","",""
"20/02/2022 00:00:00 - 20/02/2022 01:00:00","BZN|EE","Without Sequence","19.87","",""
"20/02/2022 01:00:00 - 20/02/2022 02:00:00","BZN|EE","Without Sequence","20.18","",""
"20/02/2022 02:00:00 - 20/02/2022 03:00:00","BZN|EE","Without Sequence","33.41","",""
"20/02/2022 03:00:00 - 20/02/2022 04:00:00","BZN|EE","Without Sequence","50.06","",""
"20/02/2022 04:00:00 - 20/02/2022 05:00:00","BZN|EE","Without Sequence","81.42","",""
"20/02/2022 05:00:00 - 20/02/2022 06:00:00","BZN|EE","Without Sequence","78.08","",""
"20/02/2022 06:00:00 - 20/02/2022 07:00:00","BZN|EE","Without Sequence","80.08","",""
"20/02/2022 07:00:00 - 20/02/2022 08:00:00","BZN|EE","Without Sequence","88.28","",""
"20/02/2022 08:00:00 - 20/02/2022 09:00:00","BZN|EE","Without Sequence","95.06","",""
"20/02/2022 09:00:00 - 20/02/2022 10:00:00","BZN|EE","Without Sequence","98.22","",""
"20/02/2022 10:00:00 - 20/02/2022 11:00:00","BZN|EE","Without Sequence","95.09","",""
"20/02/2022 11:00:00 - 20/02/2022 12:00:00","BZN|EE","Without Sequence","88.15","",""
"20/02/2022 12:00:00 - 20/02/2022 13:00:00","BZN|EE","Without Sequence","51.80","",""
"20/02/2022 13:00:00 - 20/02/2022 14:00:00","BZN|EE","Without Sequence","75.01","",""
"20/02/2022 14:00:00 - 20/02/2022 15:00:00","BZN|EE","Without Sequence","66.22","",""
"20/02/2022 15:00:00 - 20/02/2022 16:00:00","BZN|EE","Without Sequence","95.02","",""
"20/02/2022 16:00:00 - 20/02/2022 17:00:00","BZN|EE","Without Sequence","95.07","",""
"20/02/2022 17:00:00 - 20/02/2022 18:00:00","BZN|EE","Without Sequence","95.03","",""
"20/02/2022 18:00:00 - 20/02/2022 19:00:00","BZN|EE","Without Sequence","95.01","",""
"20/02/2022 19:00:00 - 20/02/2022 20:00:00","BZN|EE","Without Sequence","86.57","",""
"20/02/2022 20:00:00 - 20/02/2022 21:00:00","BZN|EE","Without Sequence","95.05","",""
"20/02/2022 21:00:00 - 20/02/2022 22:00:00","BZN|EE","Without Sequence","87.30","",""
"20/02/2022 22:00:00 - 20/02/2022 23:00:00","BZN|EE","Without Sequence","69.63","",""
"20/02/2022 23:00:00 - 21/02/2022 00:00:00","BZN|EE","Without Sequence","45.09","",""
"21/02/2022 00:00:00 - 21/02/2022 01:00:00","BZN|EE","Without Sequence","40.01","",""
"21/02/2022 01:00:00 - 21/02/2022 02:00:00","BZN|EE","Without Sequence","31.87","",""
"21/02/2022 02:00:00 - 21/02/2022 03:00:00","BZN|EE","Without Sequence","40.77","",""
"21/02/2022 03:00:00 - 21/02/2022 04:00:00","BZN|EE","Without Sequence","47.62","",""
"21/02/2022 04:00:00 - 21/02/2022 05:00:00","BZN|EE","Without Sequence","68.80","",""
"21/02/2022 05:00:00 - 21/02/2022 06:00:00","BZN|EE","Without Sequence","97.57","",""
"21/02/2022 06:00:00 - 21/02/2022 07:00:00","BZN|EE","Without Sequence","106.69","",""
"21/02/2022 07:00:00 - 21/02/2022 08:00:00","BZN|EE","Without Sequence","110.06","",""
"21/02/2022 08:00:00 - 21/02/2022 09:00:00","BZN|EE","Without Sequence","110.04","",""
"21/02/2022 09:00:00 - 21/02/2022 10:00:00","BZN|EE","Without Sequence","109.99","",""
"21/02/2022 10:00:00 - 21/02/2022 11:00:00","BZN|EE","Without Sequence","105.01","",""
"21/02/2022 11:00:00 - 21/02/2022 12:00:00","BZN|EE","Without Sequence","92.02","",""
"21/02/2022 12:00:00 - 21/02/2022 13:00:00","BZN|EE","Without Sequence","99.90","",""
"21/02/2022 13:00:00 - 21/02/2022 14:00:00","BZN|EE","Without Sequence","104.92","",""
"21/02/2022 14:00:00 - 21/02/2022 15:00:00","BZN|EE","Without Sequence","106.16","",""
"21/02/2022 15:00:00 - 21/02/2022 16:00:00","BZN|EE","Without Sequence","100.98","",""
"21/02/2022 16:00:00 - 21/02/2022 17:00:00","BZN|EE","Without Sequence","114.89","",""
"21/02/2022 17:00:00 - 21/02/2022 18:00:00","BZN|EE","Without Sequence","116.95","",""
"21/02/2022 18:00:00 - 21/02/2022 19:00:00","BZN|EE","Without Sequence","99.96","",""
"21/02/2022 19:00:00 - 21/02/2022 20:00:00","BZN|EE","Without Sequence","50.05","",""
"21/02/2022 20:00:00 - 21/02/2022 21:00:00","BZN|EE","Without Sequence","37.89","",""
"21/02/2022 21:00:00 - 21/02/2022 22:00:00","BZN|EE","Without Sequence","21.79","",""
"21/02/2022 22:00:00 - 21/02/2022 23:00:00","BZN|EE","Without Sequence","19.44","",""
"21/02/2022 23:00:00 - 22/02/2022 00:00:00","BZN|EE","Without Sequence","35.02","",""
"22/02/2022 00:00:00 - 22/02/2022 01:00:00","BZN|EE","Without Sequence","30.04","",""
"22/02/2022 01:00:00 - 22/02/2022 02:00:00","BZN|EE","Without Sequence","33.93","",""
"22/02/2022 02:00:00 - 22/02/2022 03:00:00","BZN|EE","Without Sequence","50.01","",""
"22/02/2022 03:00:00 - 22/02/2022 04:00:00","BZN|EE","Without Sequence","56.03","",""
"22/02/2022 04:00:00 - 22/02/2022 05:00:00","BZN|EE","Without Sequence","90.71","",""
"22/02/2022 05:00:00 - 22/02/2022 06:00:00","BZN|EE","Without Sequence","117.86","",""
"22/02/2022 06:00:00 - 22/02/2022 07:00:00","BZN|EE","Without Sequence","127.95","",""
"22/02/2022 07:00:00 - 22/02/2022 08:00:00","BZN|EE","Without Sequence","206.51","",""
"22/02/2022 08:00:00 - 22/02/2022 09:00:00","BZN|EE","Without Sequence","180.27","",""
"22/02/2022 09:00:00 - 22/02/2022 10:00:00","BZN|EE","Without Sequence","144.08","",""
"22/02/2022 10:00:00 - 22/02/2022 11:00:00","BZN|EE","Without Sequence","135.04","",""
"22/02/2022 11:00:00 - 22/02/2022 12:00:00","BZN|EE","Without Sequence","121.25","",""
"22/02/2022 12:00:00 - 22/02/2022 13:00:00","BZN|EE","Without Sequence","117.66","",""
"22/02/2022 13:00:00 - 22/02/2022 14:00:00","BZN|EE","Without Sequence","118.87","",""
"22/02/2022 14:00:00 - 22/02/2022 15:00:00","BZN|EE","Without Sequence","125.29","",""
"22/02/2022 15:00:00 - 22/02/2022 16:00:00","BZN|EE","Without Sequence","136.70","",""
"22/02/2022 16:00:00 - 22/02/2022 17:00:00","BZN|EE","Without Sequence","155.21","",""
"22/02/2022 17:00:00 - 22/02/2022 18:00:00","BZN|EE","Without Sequence","162.62","",""
"22/02/2022 18:00:00 - 22/02/2022 19:00:00","BZN|EE","Without Sequence","138.82","",""
"22/02/2022 19:00:00 - 22/02/2022 20:00:00","BZN|EE","Without Sequence","117.66","",""
"22/02/2022 20:00:00 - 22/02/2022 21:00:00","BZN|EE","Without Sequence","110.56","",""
"22/02/2022 21:00:00 - 22/02/2022 22:00:00","BZN|EE","Without Sequence","108.42","",""
"22/02/2022 22:00:00 - 22/02/2022 23:00:00","BZN|EE","Without Sequence","91.63","",""
"22/02/2022 23:00:00 - 23/02/2022 00:00:00","BZN|EE","Without Sequence","97.96","",""
"23/02/2022 00:00:00 - 23/02/2022 01:00:00","BZN|EE","Without Sequence","99.40","",""
"23/02/2022 01:00:00 - 23/02/2022 02:00:00","BZN|EE","Without Sequence","91.36","",""
"23/02/2022 02:00:00 - 23/02/2022 03:00:00","BZN|EE","Without Sequence","88.34","",""
"23/02/2022 03:00:00 - 23/02/2022 04:00:00","BZN|EE","Without Sequence","97.32","",""
"23/02/2022 04:00:00 - 23/02/2022 05:00:00","BZN|EE","Without Sequence","120.00","",""
"23/02/2022 05:00:00 - 23/02/2022 06:00:00","BZN|EE","Without Sequence","128.42","",""
"23/02/2022 06:00:00 - 23/02/2022 07:00:00","BZN|EE","Without Sequence","140.01","",""
"23/02/2022 07:00:00 - 23/02/2022 08:00:00","BZN|EE","Without Sequence","213.68","",""
"23/02/2022 08:00:00 - 23/02/2022 09:00:00","BZN|EE","Without Sequence","126.44","",""
"23/02/2022 09:00:00 - 23/02/2022 10:00:00","BZN|EE","Without Sequence","110.88","",""
"23/02/2022 10:00:00 - 23/02/2022 11:00:00","BZN|EE","Without Sequence","111.93","",""
"23/02/2022 11:00:00 - 23/02/2022 12:00:00","BZN|EE","Without Sequence","109.95","",""
"23/02/2022 12:00:00 - 23/02/2022 13:00:00","BZN|EE","Without Sequence","105.55","",""
"23/02/2022 13:00:00 - 23/02/2022 14:00:00","BZN|EE","Without Sequence","100.90","",""
"23/02/2022 14:00:00 - 23/02/2022 15:00:00","BZN|EE","Without Sequence","109.20","",""
"23/02/2022 15:00:00 - 23/02/2022 16:00:00","BZN|EE","Without Sequence","113.38","",""
"23/02/2022 16:00:00 - 23/02/2022 17:00:00","BZN|EE","Without Sequence","116.50","",""
"23/02/2022 17:00:00 - 23/02/2022 18:00:00","BZN|EE","Without Sequence","119.49","",""
"23/02/2022 18:00:00 - 23/02/2022 19:00:00","BZN|EE","Without Sequence","121.20","",""
"23/02/2022 19:00:00 - 23/02/2022 20:00:00","BZN|EE","Without Sequence","121.20","",""
"23/02/2022 20:00:00 - 23/02/2022 21:00:00","BZN|EE","Without Sequence","118.73","",""
"23/02/2022 21:00:00 - 23/02/2022 22:00:00","BZN|EE","Without Sequence","35.10","",""
"23/02/2022 22:00:00 - 23/02/2022 23:00:00","BZN|EE","Without Sequence","45.05","",""
"23/02/2022 23:00:00 - 24/02/2022 00:00:00","BZN|EE","Without Sequence","113.26","",""
"24/02/2022 00:00:00 - 24/02/2022 01:00:00","BZN|EE","Without Sequence","101.96","",""
"24/02/2022 01:00:00 - 24/02/2022 02:00:00","BZN|EE","Without Sequence","34.75","",""
"24/02/2022 02:00:00 - 24/02/2022 03:00:00","BZN|EE","Without Sequence","11.01","",""
"24/02/2022 03:00:00 - 24/02/2022 04:00:00","BZN|EE","Without Sequence","12.05","",""
"24/02/2022 04:00:00 - 24/02/2022 05:00:00","BZN|EE","Without Sequence","12.91","",""
"24/02/2022 05:00:00 - 24/02/2022 06:00:00","BZN|EE","Without Sequence","60.03","",""
"24/02/2022 06:00:00 - 24/02/2022 07:00:00","BZN|EE","Without Sequence","79.19","",""
"24/02/2022 07:00:00 - 24/02/2022 08:00:00","BZN|EE","Without Sequence","90.05","",""
"24/02/2022 08:00:00 - 24/02/2022 09:00:00","BZN|EE","Without Sequence","80.10","",""
"24/02/2022 09:00:00 - 24/02/2022 10:00:00","BZN|EE","Without Sequence","95.01","",""
"24/02/2022 10:00:00 - 24/02/2022 11:00:00","BZN|EE","Without Sequence","57.60","",""
"24/02/2022 11:00:00 - 24/02/2022 12:00:00","BZN|EE","Without Sequence","58.85","",""
"24/02/2022 12:00:00 - 24/02/2022 13:00:00","BZN|EE","Without Sequence","61.22","",""
"24/02/2022 13:00:00 - 24/02/2022 14:00:00","BZN|EE","Without Sequence","101.38","",""
"24/02/2022 14:00:00 - 24/02/2022 15:00:00","BZN|EE","Without Sequence","109.25","",""
"24/02/2022 15:00:00 - 24/02/2022 16:00:00","BZN|EE","Without Sequence","111.00","",""
"24/02/2022 16:00:00 - 24/02/2022 17:00:00","BZN|EE","Without Sequence","127.01","",""
"24/02/2022 17:00:00 - 24/02/2022 18:00:00","BZN|EE","Without Sequence","127.37","",""
"24/02/2022 18:00:00 - 24/02/2022 19:00:00","BZN|EE","Without Sequence","112.67","",""
"24/02/2022 19:00:00 - 24/02/2022 20:00:00","BZN|EE","Without Sequence","107.43","",""
"24/02/2022 20:00:00 - 24/02/2022 21:00:00","BZN|EE","Without Sequence","60.51","",""
"24/02/2022 21:00:00 - 24/02/2022 22:00:00","BZN|EE","Without Sequence","44.01","",""
"24/02/2022 22:00:00 - 24/02/2022 23:00:00","BZN|EE","Without Sequence","21.44","",""
"24/02/2022 23:00:00 - 25/02/2022 00:00:00","BZN|EE","Without Sequence","15.96","",""
"25/02/2022 00:00:00 - 25/02/2022 01:00:00","BZN|EE","Without Sequence","15.97","",""
"25/02/2022 01:00:00 - 25/02/2022 02:00:00","BZN|EE","Without Sequence","15.92","",""
"25/02/2022 02:00:00 - 25/02/2022 03:00:00","BZN|EE","Without Sequence","15.97","",""
"25/02/2022 03:00:00 - 25/02/2022 04:00:00","BZN|EE","Without Sequence","20.68","",""
"25/02/2022 04:00:00 - 25/02/2022 05:00:00","BZN|EE","Without Sequence","65.04","",""
"25/02/2022 05:00:00 - 25/02/2022 06:00:00","BZN|EE","Without Sequence","109.93","",""
"25/02/2022 06:00:00 - 25/02/2022 07:00:00","BZN|EE","Without Sequence","125.52","",""
"25/02/2022 07:00:00 - 25/02/2022 08:00:00","BZN|EE","Without Sequence","125.02","",""
"25/02/2022 08:00:00 - 25/02/2022 09:00:00","BZN|EE","Without Sequence","107.16","",""
"25/02/2022 09:00:00 - 25/02/2022 10:00:00","BZN|EE","Without Sequence","98.38","",""
"25/02/2022 10:00:00 - 25/02/2022 11:00:00","BZN|EE","Without Sequence","100.25","",""
"25/02/2022 11:00:00 - 25/02/2022 12:00:00","BZN|EE","Without Sequence","89.93","",""
"25/02/2022 12:00:00 - 25/02/2022 13:00:00","BZN|EE","Without Sequence","97.07","",""
"25/02/2022 13:00:00 - 25/02/2022 14:00:00","BZN|EE","Without Sequence","93.67","",""
"25/02/2022 14:00:00 - 25/02/2022 15:00:00","BZN|EE","Without Sequence","98.52","",""
"25/02/2022 15:00:00 - 25/02/2022 16:00:00","BZN|EE","Without Sequence","119.54","",""
"25/02/2022 16:00:00 - 25/02/2022 17:00:00","BZN|EE","Without Sequence","130.59","",""
"25/02/2022 17:00:00 - 25/02/2022 18:00:00","BZN|EE","Without Sequence","134.18","",""
"25/02/2022 18:00:00 - 25/02/2022 19:00:00","BZN|EE","Without Sequence","133.17","",""
"25/02/2022 19:00:00 - 25/02/2022 20:00:00","BZN|EE","Without Sequence","110.00","",""
"25/02/2022 20:00:00 - 25/02/2022 21:00:00","BZN|EE","Without Sequence","55.03","",""
"25/02/2022 21:00:00 - 25/02/2022 22:00:00","BZN|EE","Without Sequence","121.59","",""
"25/02/2022 22:00:00 - 25/02/2022 23:00:00","BZN|EE","Without Sequence","65.07","",""
"25/02/2022 23:00:00 - 26/02/2022 00:00:00","BZN|EE","Without Sequence","23.56","",""
"26/02/2022 00:00:00 - 26/02/2022 01:00:00","BZN|EE","Without Sequence","18.09","",""
"26/02/2022 01:00:00 - 26/02/2022 02:00:00","BZN|EE","Without Sequence","77.91","",""
"26/02/2022 02:00:00 - 26/02/2022 03:00:00","BZN|EE","Without Sequence","133.30","",""
"26/02/2022 03:00:00 - 26/02/2022 04:00:00","BZN|EE","Without Sequence","136.39","",""
"26/02/2022 04:00:00 - 26/02/2022 05:00:00","BZN|EE","Without Sequence","136.57","",""
"26/02/2022 05:00:00 - 26/02/2022 06:00:00","BZN|EE","Without Sequence","141.47","",""
"26/02/2022 06:00:00 - 26/02/2022 07:00:00","BZN|EE","Without Sequence","141.66","",""
"26/02/2022 07:00:00 - 26/02/2022 08:00:00","BZN|EE","Without Sequence","143.92","",""
"26/02/2022 08:00:00 - 26/02/2022 09:00:00","BZN|EE","Without Sequence","145.95","",""
"26/02/2022 09:00:00 - 26/02/2022 10:00:00","BZN|EE","Without Sequence","143.70","",""
"26/02/2022 10:00:00 - 26/02/2022 11:00:00","BZN|EE","Without Sequence","142.01","",""
"26/02/2022 11:00:00 - 26/02/2022 12:00:00","BZN|EE","Without Sequence","139.72","",""
"26/02/2022 12:00:00 - 26/02/2022 13:00:00","BZN|EE","Without Sequence","130.09","",""
"26/02/2022 13:00:00 - 26/02/2022 14:00:00","BZN|EE","Without Sequence","124.48","",""
"26/02/2022 14:00:00 - 26/02/2022 15:00:00","BZN|EE","Without Sequence","138.08","",""
"26/02/2022 15:00:00 - 26/02/2022 16:00:00","BZN|EE","Without Sequence","141.10","",""
"26/02/2022 16:00:00 - 26/02/2022 17:00:00","BZN|EE","Without Sequence","167.19","",""
"26/02/2022 17:00:00 - 26/02/2022 18:00:00","BZN|EE","Without Sequence","192.39","",""
"26/02/2022 18:00:00 - 26/02/2022 19:00:00","BZN|EE","Without Sequence","170.06","",""
"26/02/2022 19:00:00 - 26/02/2022 20:00:00","BZN|EE","Without Sequence","154.74","",""
"26/02/2022 20:00:00 - 26/02/2022 21:00:00","BZN|EE","Without Sequence","126.65","",""
"26/02/2022 21:00:00 - 26/02/2022 22:00:00","BZN|EE","Without Sequence","123.42","",""
"26/02/2022 22:00:00 - 26/02/2022 23:00:00","BZN|EE","Without Sequence","101.63","",""
"26/02/2022 23:00:00 - 27/02/2022 00:00:00","BZN|EE","Without Sequence","105.09","",""
"27/02/2022 00:00:00 - 27/02/2022 01:00:00","BZN|EE","Without Sequence","100.08","",""
"27/02/2022 01:00:00 - 27/02/2022 02:00:00","BZN|EE","Without Sequence","100.09","",""
"27/02/2022 02:00:00 - 27/02/2022 03:00:00","BZN|EE","Without Sequence","100.07","",""
"27/02/2022 03:00:00 - 27/02/2022 04:00:00","BZN|EE","Without Sequence","101.78","",""
"27/02/2022 04:00:00 - 27/02/2022 05:00:00","BZN|EE","Without Sequence","109.13","",""
"27/02/2022 05:00:00 - 27/02/2022 06:00:00","BZN|EE","Without Sequence","109.13","",""
"27/02/2022 06:00:00 - 27/02/2022 07:00:00","BZN|EE","Without Sequence","111.78","",""
"27/02/2022 07:00:00 - 27/02/2022 08:00:00","BZN|EE","Without Sequence","109.14","",""
"27/02/2022 08:00:00 - 27/02/2022 09:00:00","BZN|EE","Without Sequence","115.05","",""
"27/02/2022 09:00:00 - 27/02/2022 10:00:00","BZN|EE","Without Sequence","115.24","",""
"27/02/2022 10:00:00 - 27/02/2022 11:00:00","BZN|EE","Without Sequence","115.08","",""
"27/02/2022 11:00:00 - 27/02/2022 12:00:00","BZN|EE","Without Sequence","113.73","",""
"27/02/2022 12:00:00 - 27/02/2022 13:00:00","BZN|EE","Without Sequence","111.27","",""
"27/02/2022 13:00:00 - 27/02/2022 14:00:00","BZN|EE","Without Sequence","109.00","",""
"27/02/2022 14:00:00 - 27/02/2022 15:00:00","BZN|EE","Without Sequence","112.38","",""
"27/02/2022 15:00:00 - 27/02/2022 16:00:00","BZN|EE","Without Sequence","133.67","",""
"27/02/2022 16:00:00 - 27/02/2022 17:00:00","BZN|EE","Without Sequence","150.61","",""
"27/02/2022 17:00:00 - 27/02/2022 18:00:00","BZN|EE","Without Sequence","162.78","",""
"27/02/2022 18:00:00 - 27/02/2022 19:00:00","BZN|EE","Without Sequence","160.39","",""
"27/02/2022 19:00:00 - 27/02/2022 20:00:00","BZN|EE","Without Sequence","144.45","",""
"27/02/2022 20:00:00 - 27/02/2022 21:00:00","BZN|EE","Without Sequence","133.62","",""
"27/02/2022 21:00:00 - 27/02/2022 22:00:00","BZN|EE","Without Sequence","120.35","",""
"27/02/2022 22:00:00 - 27/02/2022 23:00:00","BZN|EE","Without Sequence","108.28","",""
"27/02/2022 23:00:00 - 28/02/2022 00:00:00","BZN|EE","Without Sequence","98.55","",""
"28/02/2022 00:00:00 - 28/02/2022 01:00:00","BZN|EE","Without Sequence","98.57","",""
"28/02/2022 01:00:00 - 28/02/2022 02:00:00","BZN|EE","Without Sequence","98.55","",""
"28/02/2022 02:00:00 - 28/02/2022 03:00:00","BZN|EE","Without Sequence","98.59","",""
"28/02/2022 03:00:00 - 28/02/2022 04:00:00","BZN|EE","Without Sequence","98.57","",""
"28/02/2022 04:00:00 - 28/02/2022 05:00:00","BZN|EE","Without Sequence","129.24","",""
"28/02/2022 05:00:00 - 28/02/2022 06:00:00","BZN|EE","Without Sequence","255.80","",""
"28/02/2022 06:00:00 - 28/02/2022 07:00:00","BZN|EE","Without Sequence","322.90","",""
"28/02/2022 07:00:00 - 28/02/2022 08:00:00","BZN|EE","Without Sequence","308.90","",""
"28/02/2022 08:00:00 - 28/02/2022 09:00:00","BZN|EE","Without Sequence","245.35","",""
"28/02/2022 09:00:00 - 28/02/2022 10:00:00","BZN|EE","Without Sequence","150.02","",""
"28/02/2022 10:00:00 - 28/02/2022 11:00:00","BZN|EE","Without Sequence","142.06","",""
"28/02/2022 11:00:00 - 28/02/2022 12:00:00","BZN|EE","Without Sequence","137.09","",""
"28/02/2022 12:00:00 - 28/02/2022 13:00:00","BZN|EE","Without Sequence","134.71","",""
"28/02/2022 13:00:00 - 28/02/2022 14:00:00","BZN|EE","Without Sequence","137.78","",""
"28/02/2022 14:00:00 - 28/02/2022 15:00:00","BZN|EE","Without Sequence","147.83","",""
"28/02/2022 15:00:00 - 28/02/2022 16:00:00","BZN|EE","Without Sequence","157.22","",""
"28/02/2022 16:00:00 - 28/02/2022 17:00:00","BZN|EE","Without Sequence","204.23","",""
"28/02/2022 17:00:00 - 28/02/2022 18:00:00","BZN|EE","Without Sequence","205.06","",""
"28/02/2022 18:00:00 - 28/02/2022 19:00:00","BZN|EE","Without Sequence","199.84","",""
"28/02/2022 19:00:00 - 28/02/2022 20:00:00","BZN|EE","Without Sequence","167.38","",""
"28/02/2022 20:00:00 - 28/02/2022 21:00:00","BZN|EE","Without Sequence","122.31","",""
"28/02/2022 21:00:00 - 28/02/2022 22:00:00","BZN|EE","Without Sequence","143.36","",""
"28/02/2022 22:00:00 - 28/02/2022 23:00:00","BZN|EE","Without Sequence","70.03","",""
"28/02/2022 23:00:00 - 01/03/2022 00:00:00","BZN|EE","Without Sequence","110.10","",""
"01/03/2022 00:00:00 - 01/03/2022 01:00:00","BZN|EE","Without Sequence","110.00","",""
"01/03/2022 01:00:00 - 01/03/2022 02:00:00","BZN|EE","Without Sequence","73.12","",""
"01/03/2022 02:00:00 - 01/03/2022 03:00:00","BZN|EE","Without Sequence","119.50","",""
"01/03/2022 03:00:00 - 01/03/2022 04:00:00","BZN|EE","Without Sequence","150.47","",""
"01/03/2022 04:00:00 - 01/03/2022 05:00:00","BZN|EE","Without Sequence","161.45","",""
"01/03/2022 05:00:00 - 01/03/2022 06:00:00","BZN|EE","Without Sequence","170.03","",""
"01/03/2022 06:00:00 - 01/03/2022 07:00:00","BZN|EE","Without Sequence","255.00","",""
"01/03/2022 07:00:00 - 01/03/2022 08:00:00","BZN|EE","Without Sequence","249.00","",""
"01/03/2022 08:00:00 - 01/03/2022 09:00:00","BZN|EE","Without Sequence","151.30","",""
"01/03/2022 09:00:00 - 01/03/2022 10:00:00","BZN|EE","Without Sequence","144.96","",""
"01/03/2022 10:00:00 - 01/03/2022 11:00:00","BZN|EE","Without Sequence","122.78","",""
"01/03/2022 11:00:00 - 01/03/2022 12:00:00","BZN|EE","Without Sequence","118.47","",""
"01/03/2022 12:00:00 - 01/03/2022 13:00:00","BZN|EE","Without Sequence","118.47","",""
"01/03/2022 13:00:00 - 01/03/2022 14:00:00","BZN|EE","Without Sequence","124.53","",""
"01/03/2022 14:00:00 - 01/03/2022 15:00:00","BZN|EE","Without Sequence","133.80","",""
"01/03/2022 15:00:00 - 01/03/2022 16:00:00","BZN|EE","Without Sequence","149.40","",""
"01/03/2022 16:00:00 - 01/03/2022 17:00:00","BZN|EE","Without Sequence","189.92","",""
"01/03/2022 17:00:00 - 01/03/2022 18:00:00","BZN|EE","Without Sequence","209.76","",""
"01/03/2022 18:00:00 - 01/03/2022 19:00:00","BZN|EE","Without Sequence","230.94","",""
"01/03/2022 19:00:00 - 01/03/2022 20:00:00","BZN|EE","Without Sequence","174.85","",""
"01/03/2022 20:00:00 - 01/03/2022 21:00:00","BZN|EE","Without Sequence","135.79","",""
"01/03/2022 21:00:00 - 01/03/2022 22:00:00","BZN|EE","Without Sequence","142.75","",""
"01/03/2022 22:00:00 - 01/03/2022 23:00:00","BZN|EE","Without Sequence","113.94","",""
"01/03/2022 23:00:00 - 02/03/2022 00:00:00","BZN|EE","Without Sequence","145.33","",""
"02/03/2022 00:00:00 - 02/03/2022 01:00:00","BZN|EE","Without Sequence","132.82","",""
"02/03/2022 01:00:00 - 02/03/2022 02:00:00","BZN|EE","Without Sequence","130.71","",""
"02/03/2022 02:00:00 - 02/03/2022 03:00:00","BZN|EE","Without Sequence","127.08","",""
"02/03/2022 03:00:00 - 02/03/2022 04:00:00","BZN|EE","Without Sequence","127.02","",""
"02/03/2022 04:00:00 - 02/03/2022 05:00:00","BZN|EE","Without Sequence","127.07","",""
"02/03/2022 05:00:00 - 02/03/2022 06:00:00","BZN|EE","Without Sequence","237.01","",""
"02/03/2022 06:00:00 - 02/03/2022 07:00:00","BZN|EE","Without Sequence","321.17","",""
"02/03/2022 07:00:00 - 02/03/2022 08:00:00","BZN|EE","Without Sequence","329.00","",""
"02/03/2022 08:00:00 - 02/03/2022 09:00:00","BZN|EE","Without Sequence","127.10","",""
"02/03/2022 09:00:00 - 02/03/2022 10:00:00","BZN|EE","Without Sequence","127.07","",""
"02/03/2022 10:00:00 - 02/03/2022 11:00:00","BZN|EE","Without Sequence","127.04","",""
"02/03/2022 11:00:00 - 02/03/2022 12:00:00","BZN|EE","Without Sequence","127.06","",""
"02/03/2022 12:00:00 - 02/03/2022 13:00:00","BZN|EE","Without Sequence","127.07","",""
"02/03/2022 13:00:00 - 02/03/2022 14:00:00","BZN|EE","Without Sequence","230.62","",""
"02/03/2022 14:00:00 - 02/03/2022 15:00:00","BZN|EE","Without Sequence","237.05","",""
"02/03/2022 15:00:00 - 02/03/2022 16:00:00","BZN|EE","Without Sequence","237.07","",""
"02/03/2022 16:00:00 - 02/03/2022 17:00:00","BZN|EE","Without Sequence","237.05","",""
"02/03/2022 17:00:00 - 02/03/2022 18:00:00","BZN|EE","Without Sequence","237.02","",""
"02/03/2022 18:00:00 - 02/03/2022 19:00:00","BZN|EE","Without Sequence","259.28","",""
"02/03/2022 19:00:00 - 02/03/2022 20:00:00","BZN|EE","Without Sequence","237.04","",""
"02/03/2022 20:00:00 - 02/03/2022 21:00:00","BZN|EE","Without Sequence","227.93","",""
"02/03/2022 21:00:00 - 02/03/2022 22:00:00","BZN|EE","Without Sequence","161.89","",""
"02/03/2022 22:00:00 - 02/03/2022 23:00:00","BZN|EE","Without Sequence","130.08","",""
"02/03/2022 23:00:00 - 03/03/2022 00:00:00","BZN|EE","Without Sequence","129.07","",""
"03/03/2022 00:00:00 - 03/03/2022 01:00:00","BZN|EE","Without Sequence","129.08","",""
"03/03/2022 01:00:00 - 03/03/2022 02:00:00","BZN|EE","Without Sequence","75.21","",""
"03/03/2022 02:00:00 - 03/03/2022 03:00:00","BZN|EE","Without Sequence","75.21","",""
"03/03/2022 03:00:00 - 03/03/2022 04:00:00","BZN|EE","Without Sequence","102.15","",""
"03/03/2022 04:00:00 - 03/03/2022 05:00:00","BZN|EE","Without Sequence","154.39","",""
"03/03/2022 05:00:00 - 03/03/2022 06:00:00","BZN|EE","Without Sequence","200.15","",""
"03/03/2022 06:00:00 - 03/03/2022 07:00:00","BZN|EE","Without Sequence","395.28","",""
"03/03/2022 07:00:00 - 03/03/2022 08:00:00","BZN|EE","Without Sequence","129.10","",""
"03/03/2022 08:00:00 - 03/03/2022 09:00:00","BZN|EE","Without Sequence","109.94","",""
"03/03/2022 09:00:00 - 03/03/2022 10:00:00","BZN|EE","Without Sequence","109.91","",""
"03/03/2022 10:00:00 - 03/03/2022 11:00:00","BZN|EE","Without Sequence","94.93","",""
"03/03/2022 11:00:00 - 03/03/2022 12:00:00","BZN|EE","Without Sequence","82.35","",""
"03/03/2022 12:00:00 - 03/03/2022 13:00:00","BZN|EE","Without Sequence","75.28","",""
"03/03/2022 13:00:00 - 03/03/2022 14:00:00","BZN|EE","Without Sequence","75.21","",""
"03/03/2022 14:00:00 - 03/03/2022 15:00:00","BZN|EE","Without Sequence","78.17","",""
"03/03/2022 15:00:00 - 03/03/2022 16:00:00","BZN|EE","Without Sequence","90.07","",""
"03/03/2022 16:00:00 - 03/03/2022 17:00:00","BZN|EE","Without Sequence","129.09","",""
"03/03/2022 17:00:00 - 03/03/2022 18:00:00","BZN|EE","Without Sequence","129.06","",""
"03/03/2022 18:00:00 - 03/03/2022 19:00:00","BZN|EE","Without Sequence","109.96","",""
"03/03/2022 19:00:00 - 03/03/2022 20:00:00","BZN|EE","Without Sequence","129.01","",""
"03/03/2022 20:00:00 - 03/03/2022 21:00:00","BZN|EE","Without Sequence","129.01","",""
"03/03/2022 21:00:00 - 03/03/2022 22:00:00","BZN|EE","Without Sequence","109.99","",""
"03/03/2022 22:00:00 - 03/03/2022 23:00:00","BZN|EE","Without Sequence","109.91","",""
"03/03/2022 23:00:00 - 04/03/2022 00:00:00","BZN|EE","Without Sequence","119.98","",""
"04/03/2022 00:00:00 - 04/03/2022 01:00:00","BZN|EE","Without Sequence","119.98","",""
"04/03/2022 01:00:00 - 04/03/2022 02:00:00","BZN|EE","Without Sequence","119.91","",""
"04/03/2022 02:00:00 - 04/03/2022 03:00:00","BZN|EE","Without Sequence","119.97","",""
"04/03/2022 03:00:00 - 04/03/2022 04:00:00","BZN|EE","Without Sequence","135.38","",""
"04/03/2022 04:00:00 - 04/03/2022 05:00:00","BZN|EE","Without Sequence","175.77","",""
"04/03/2022 05:00:00 - 04/03/2022 06:00:00","BZN|EE","Without Sequence","200.44","",""
"04/03/2022 06:00:00 - 04/03/2022 07:00:00","BZN|EE","Without Sequence","410.00","",""
"04/03/2022 07:00:00 - 04/03/2022 08:00:00","BZN|EE","Without Sequence","410.05","",""
"04/03/2022 08:00:00 - 04/03/2022 09:00:00","BZN|EE","Without Sequence","375.92","",""
"04/03/2022 09:00:00 - 04/03/2022 10:00:00","BZN|EE","Without Sequence","198.00","",""
"04/03/2022 10:00:00 - 04/03/2022 11:00:00","BZN|EE","Without Sequence","188.97","",""
"04/03/2022 11:00:00 - 04/03/2022 12:00:00","BZN|EE","Without Sequence","181.58","",""
"04/03/2022 12:00:00 - 04/03/2022 13:00:00","BZN|EE","Without Sequence","176.93","",""
"04/03/2022 13:00:00 - 04/03/2022 14:00:00","BZN|EE","Without Sequence","175.68","",""
"04/03/2022 14:00:00 - 04/03/2022 15:00:00","BZN|EE","Without Sequence","175.05","",""
"04/03/2022 15:00:00 - 04/03/2022 16:00:00","BZN|EE","Without Sequence","176.60","",""
"04/03/2022 16:00:00 - 04/03/2022 17:00:00","BZN|EE","Without Sequence","207.76","",""
"04/03/2022 17:00:00 - 04/03/2022 18:00:00","BZN|EE","Without Sequence","240.79","",""
"04/03/2022 18:00:00 - 04/03/2022 19:00:00","BZN|EE","Without Sequence","199.48","",""
"04/03/2022 19:00:00 - 04/03/2022 20:00:00","BZN|EE","Without Sequence","182.27","",""
"04/03/2022 20:00:00 - 04/03/2022 21:00:00","BZN|EE","Without Sequence","165.37","",""
"04/03/2022 21:00:00 - 04/03/2022 22:00:00","BZN|EE","Without Sequence","156.45","",""
"04/03/2022 22:00:00 - 04/03/2022 23:00:00","BZN|EE","Without Sequence","128.63","",""
"04/03/2022 23:00:00 - 05/03/2022 00:00:00","BZN|EE","Without Sequence","144.69","",""
"05/03/2022 00:00:00 - 05/03/2022 01:00:00","BZN|EE","Without Sequence","87.64","",""
"05/03/2022 01:00:00 - 05/03/2022 02:00:00","BZN|EE","Without Sequence","76.98","",""
"05/03/2022 02:00:00 - 05/03/2022 03:00:00","BZN|EE","Without Sequence","108.50","",""
"05/03/2022 03:00:00 - 05/03/2022 04:00:00","BZN|EE","Without Sequence","165.36","",""
"05/03/2022 04:00:00 - 05/03/2022 05:00:00","BZN|EE","Without Sequence","157.80","",""
"05/03/2022 05:00:00 - 05/03/2022 06:00:00","BZN|EE","Without Sequence","159.16","",""
"05/03/2022 06:00:00 - 05/03/2022 07:00:00","BZN|EE","Without Sequence","362.20","",""
"05/03/2022 07:00:00 - 05/03/2022 08:00:00","BZN|EE","Without Sequence","277.84","",""
"05/03/2022 08:00:00 - 05/03/2022 09:00:00","BZN|EE","Without Sequence","71.33","",""
"05/03/2022 09:00:00 - 05/03/2022 10:00:00","BZN|EE","Without Sequence","76.97","",""
"05/03/2022 10:00:00 - 05/03/2022 11:00:00","BZN|EE","Without Sequence","71.58","",""
"05/03/2022 11:00:00 - 05/03/2022 12:00:00","BZN|EE","Without Sequence","76.67","",""
"05/03/2022 12:00:00 - 05/03/2022 13:00:00","BZN|EE","Without Sequence","69.96","",""
"05/03/2022 13:00:00 - 05/03/2022 14:00:00","BZN|EE","Without Sequence","59.79","",""
"05/03/2022 14:00:00 - 05/03/2022 15:00:00","BZN|EE","Without Sequence","70.70","",""
"05/03/2022 15:00:00 - 05/03/2022 16:00:00","BZN|EE","Without Sequence","165.01","",""
"05/03/2022 16:00:00 - 05/03/2022 17:00:00","BZN|EE","Without Sequence","362.20","",""
"05/03/2022 17:00:00 - 05/03/2022 18:00:00","BZN|EE","Without Sequence","362.28","",""
"05/03/2022 18:00:00 - 05/03/2022 19:00:00","BZN|EE","Without Sequence","225.00","",""
"05/03/2022 19:00:00 - 05/03/2022 20:00:00","BZN|EE","Without Sequence","225.00","",""
"05/03/2022 20:00:00 - 05/03/2022 21:00:00","BZN|EE","Without Sequence","255.01","",""
"05/03/2022 21:00:00 - 05/03/2022 22:00:00","BZN|EE","Without Sequence","163.29","",""
"05/03/2022 22:00:00 - 05/03/2022 23:00:00","BZN|EE","Without Sequence","105.06","",""
"05/03/2022 23:00:00 - 06/03/2022 00:00:00","BZN|EE","Without Sequence","144.18","",""
"06/03/2022 00:00:00 - 06/03/2022 01:00:00","BZN|EE","Without Sequence","122.08","",""
"06/03/2022 01:00:00 - 06/03/2022 02:00:00","BZN|EE","Without Sequence","122.49","",""
"06/03/2022 02:00:00 - 06/03/2022 03:00:00","BZN|EE","Without Sequence","123.52","",""
"06/03/2022 03:00:00 - 06/03/2022 04:00:00","BZN|EE","Without Sequence","116.34","",""
"06/03/2022 04:00:00 - 06/03/2022 05:00:00","BZN|EE","Without Sequence","110.36","",""
"06/03/2022 05:00:00 - 06/03/2022 06:00:00","BZN|EE","Without Sequence","113.17","",""
"06/03/2022 06:00:00 - 06/03/2022 07:00:00","BZN|EE","Without Sequence","113.27","",""
"06/03/2022 07:00:00 - 06/03/2022 08:00:00","BZN|EE","Without Sequence","117.88","",""
"06/03/2022 08:00:00 - 06/03/2022 09:00:00","BZN|EE","Without Sequence","115.50","",""
"06/03/2022 09:00:00 - 06/03/2022 10:00:00","BZN|EE","Without Sequence","70.09","",""
"06/03/2022 10:00:00 - 06/03/2022 11:00:00","BZN|EE","Without Sequence","60.05","",""
"06/03/2022 11:00:00 - 06/03/2022 12:00:00","BZN|EE","Without Sequence","48.93","",""
"06/03/2022 12:00:00 - 06/03/2022 13:00:00","BZN|EE","Without Sequence","33.87","",""
"06/03/2022 13:00:00 - 06/03/2022 14:00:00","BZN|EE","Without Sequence","25.08","",""
"06/03/2022 14:00:00 - 06/03/2022 15:00:00","BZN|EE","Without Sequence","121.91","",""
"06/03/2022 15:00:00 - 06/03/2022 16:00:00","BZN|EE","Without Sequence","50.31","",""
"06/03/2022 16:00:00 - 06/03/2022 17:00:00","BZN|EE","Without Sequence","164.78","",""
"06/03/2022 17:00:00 - 06/03/2022 18:00:00","BZN|EE","Without Sequence","203.35","",""
"06/03/2022 18:00:00 - 06/03/2022 19:00:00","BZN|EE","Without Sequence","226.68","",""
"06/03/2022 19:00:00 - 06/03/2022 20:00:00","BZN|EE","Without Sequence","160.05","",""
"06/03/2022 20:00:00 - 06/03/2022 21:00:00","BZN|EE","Without Sequence","90.95","",""
"06/03/2022 21:00:00 - 06/03/2022 22:00:00","BZN|EE","Without Sequence","120.02","",""
"06/03/2022 22:00:00 - 06/03/2022 23:00:00","BZN|EE","Without Sequence","120.03","",""
"06/03/2022 23:00:00 - 07/03/2022 00:00:00","BZN|EE","Without Sequence","113.28","",""
"07/03/2022 00:00:00 - 07/03/2022 01:00:00","BZN|EE","Without Sequence","64.00","",""
"07/03/2022 01:00:00 - 07/03/2022 02:00:00","BZN|EE","Without Sequence","50.06","",""
"07/03/2022 02:00:00 - 07/03/2022 03:00:00","BZN|EE","Without Sequence","67.75","",""
"07/03/2022 03:00:00 - 07/03/2022 04:00:00","BZN|EE","Without Sequence","109.96","",""
"07/03/2022 04:00:00 - 07/03/2022 05:00:00","BZN|EE","Without Sequence","143.15","",""
"07/03/2022 05:00:00 - 07/03/2022 06:00:00","BZN|EE","Without Sequence","225.10","",""
"07/03/2022 06:00:00 - 07/03/2022 07:00:00","BZN|EE","Without Sequence","500.06","",""
"07/03/2022 07:00:00 - 07/03/2022 08:00:00","BZN|EE","Without Sequence","502.65","",""
"07/03/2022 08:00:00 - 07/03/2022 09:00:00","BZN|EE","Without Sequence","468.03","",""
"07/03/2022 09:00:00 - 07/03/2022 10:00:00","BZN|EE","Without Sequence","338.80","",""
"07/03/2022 10:00:00 - 07/03/2022 11:00:00","BZN|EE","Without Sequence","207.27","",""
"07/03/2022 11:00:00 - 07/03/2022 12:00:00","BZN|EE","Without Sequence","199.90","",""
"07/03/2022 12:00:00 - 07/03/2022 13:00:00","BZN|EE","Without Sequence","196.66","",""
"07/03/2022 13:00:00 - 07/03/2022 14:00:00","BZN|EE","Without Sequence","191.07","",""
"07/03/2022 14:00:00 - 07/03/2022 15:00:00","BZN|EE","Without Sequence","191.82","",""
"07/03/2022 15:00:00 - 07/03/2022 16:00:00","BZN|EE","Without Sequence","193.07","",""
"07/03/2022 16:00:00 - 07/03/2022 17:00:00","BZN|EE","Without Sequence","200.95","",""
"07/03/2022 17:00:00 - 07/03/2022 18:00:00","BZN|EE","Without Sequence","206.78","",""
"07/03/2022 18:00:00 - 07/03/2022 19:00:00","BZN|EE","Without Sequence","214.72","",""
"07/03/2022 19:00:00 - 07/03/2022 20:00:00","BZN|EE","Without Sequence","200.07","",""
"07/03/2022 20:00:00 - 07/03/2022 21:00:00","BZN|EE","Without Sequence","188.16","",""
"07/03/2022 21:00:00 - 07/03/2022 22:00:00","BZN|EE","Without Sequence","94.80","",""
"07/03/2022 22:00:00 - 07/03/2022 23:00:00","BZN|EE","Without Sequence","96.16","",""
"07/03/2022 23:00:00 - 08/03/2022 00:00:00","BZN|EE","Without Sequence","155.92","",""
"08/03/2022 00:00:00 - 08/03/2022 01:00:00","BZN|EE","Without Sequence","151.10","",""
"08/03/2022 01:00:00 - 08/03/2022 02:00:00","BZN|EE","Without Sequence","151.10","",""
"08/03/2022 02:00:00 - 08/03/2022 03:00:00","BZN|EE","Without Sequence","150.95","",""
"08/03/2022 03:00:00 - 08/03/2022 04:00:00","BZN|EE","Without Sequence","174.98","",""
"08/03/2022 04:00:00 - 08/03/2022 05:00:00","BZN|EE","Without Sequence","222.51","",""
"08/03/2022 05:00:00 - 08/03/2022 06:00:00","BZN|EE","Without Sequence","237.03","",""
"08/03/2022 06:00:00 - 08/03/2022 07:00:00","BZN|EE","Without Sequence","259.93","",""
"08/03/2022 07:00:00 - 08/03/2022 08:00:00","BZN|EE","Without Sequence","259.91","",""
"08/03/2022 08:00:00 - 08/03/2022 09:00:00","BZN|EE","Without Sequence","209.90","",""
"08/03/2022 09:00:00 - 08/03/2022 10:00:00","BZN|EE","Without Sequence","229.12","",""
"08/03/2022 10:00:00 - 08/03/2022 11:00:00","BZN|EE","Without Sequence","213.13","",""
"08/03/2022 11:00:00 - 08/03/2022 12:00:00","BZN|EE","Without Sequence","207.86","",""
"08/03/2022 12:00:00 - 08/03/2022 13:00:00","BZN|EE","Without Sequence","206.94","",""
"08/03/2022 13:00:00 - 08/03/2022 14:00:00","BZN|EE","Without Sequence","159.91","",""
"08/03/2022 14:00:00 - 08/03/2022 15:00:00","BZN|EE","Without Sequence","135.06","",""
"08/03/2022 15:00:00 - 08/03/2022 16:00:00","BZN|EE","Without Sequence","132.03","",""
"08/03/2022 16:00:00 - 08/03/2022 17:00:00","BZN|EE","Without Sequence","231.77","",""
"08/03/2022 17:00:00 - 08/03/2022 18:00:00","BZN|EE","Without Sequence","273.58","",""
"08/03/2022 18:00:00 - 08/03/2022 19:00:00","BZN|EE","Without Sequence","250.08","",""
"08/03/2022 19:00:00 - 08/03/2022 20:00:00","BZN|EE","Without Sequence","132.78","",""
"08/03/2022 20:00:00 - 08/03/2022 21:00:00","BZN|EE","Without Sequence","222.75","",""
"08/03/2022 21:00:00 - 08/03/2022 22:00:00","BZN|EE","Without Sequence","215.90","",""
"08/03/2022 22:00:00 - 08/03/2022 23:00:00","BZN|EE","Without Sequence","109.98","",""
"08/03/2022 23:00:00 - 09/03/2022 00:00:00","BZN|EE","Without Sequence","150.18","",""
"09/03/2022 00:00:00 - 09/03/2022 01:00:00","BZN|EE","Without Sequence","145.60","",""
"09/03/2022 01:00:00 - 09/03/2022 02:00:00","BZN|EE","Without Sequence","143.05","",""
"09/03/2022 02:00:00 - 09/03/2022 03:00:00","BZN|EE","Without Sequence","130.79","",""
"09/03/2022 03:00:00 - 09/03/2022 04:00:00","BZN|EE","Without Sequence","164.38","",""
"09/03/2022 04:00:00 - 09/03/2022 05:00:00","BZN|EE","Without Sequence","222.72","",""
"09/03/2022 05:00:00 - 09/03/2022 06:00:00","BZN|EE","Without Sequence","452.62","",""
"09/03/2022 06:00:00 - 09/03/2022 07:00:00","BZN|EE","Without Sequence","579.45","",""
"09/03/2022 07:00:00 - 09/03/2022 08:00:00","BZN|EE","Without Sequence","541.45","",""
"09/03/2022 08:00:00 - 09/03/2022 09:00:00","BZN|EE","Without Sequence","244.74","",""
"09/03/2022 09:00:00 - 09/03/2022 10:00:00","BZN|EE","Without Sequence","199.92","",""
"09/03/2022 10:00:00 - 09/03/2022 11:00:00","BZN|EE","Without Sequence","119.66","",""
"09/03/2022 11:00:00 - 09/03/2022 12:00:00","BZN|EE","Without Sequence","110.64","",""
"09/03/2022 12:00:00 - 09/03/2022 13:00:00","BZN|EE","Without Sequence","110.00","",""
"09/03/2022 13:00:00 - 09/03/2022 14:00:00","BZN|EE","Without Sequence","109.98","",""
"09/03/2022 14:00:00 - 09/03/2022 15:00:00","BZN|EE","Without Sequence","118.28","",""
"09/03/2022 15:00:00 - 09/03/2022 16:00:00","BZN|EE","Without Sequence","118.49","",""
"09/03/2022 16:00:00 - 09/03/2022 17:00:00","BZN|EE","Without Sequence","225.10","",""
"09/03/2022 17:00:00 - 09/03/2022 18:00:00","BZN|EE","Without Sequence","199.95","",""
"09/03/2022 18:00:00 - 09/03/2022 19:00:00","BZN|EE","Without Sequence","123.00","",""
"09/03/2022 19:00:00 - 09/03/2022 20:00:00","BZN|EE","Without Sequence","257.69","",""
"09/03/2022 20:00:00 - 09/03/2022 21:00:00","BZN|EE","Without Sequence","225.07","",""
"09/03/2022 21:00:00 - 09/03/2022 22:00:00","BZN|EE","Without Sequence","155.26","",""
"09/03/2022 22:00:00 - 09/03/2022 23:00:00","BZN|EE","Without Sequence","31.17","",""
"09/03/2022 23:00:00 - 10/03/2022 00:00:00","BZN|EE","Without Sequence","139.52","",""
"10/03/2022 00:00:00 - 10/03/2022 01:00:00","BZN|EE","Without Sequence","120.54","",""
"10/03/2022 01:00:00 - 10/03/2022 02:00:00","BZN|EE","Without Sequence","69.81","",""
"10/03/2022 02:00:00 - 10/03/2022 03:00:00","BZN|EE","Without Sequence","155.16","",""
"10/03/2022 03:00:00 - 10/03/2022 04:00:00","BZN|EE","Without Sequence","151.54","",""
"10/03/2022 04:00:00 - 10/03/2022 05:00:00","BZN|EE","Without Sequence","134.37","",""
"10/03/2022 05:00:00 - 10/03/2022 06:00:00","BZN|EE","Without Sequence","337.26","",""
"10/03/2022 06:00:00 - 10/03/2022 07:00:00","BZN|EE","Without Sequence","425.59","",""
"10/03/2022 07:00:00 - 10/03/2022 08:00:00","BZN|EE","Without Sequence","120.51","",""
"10/03/2022 08:00:00 - 10/03/2022 09:00:00","BZN|EE","Without Sequence","72.63","",""
"10/03/2022 09:00:00 - 10/03/2022 10:00:00","BZN|EE","Without Sequence","64.49","",""
"10/03/2022 10:00:00 - 10/03/2022 11:00:00","BZN|EE","Without Sequence","54.55","",""
"10/03/2022 11:00:00 - 10/03/2022 12:00:00","BZN|EE","Without Sequence","53.68","",""
"10/03/2022 12:00:00 - 10/03/2022 13:00:00","BZN|EE","Without Sequence","48.67","",""
"10/03/2022 13:00:00 - 10/03/2022 14:00:00","BZN|EE","Without Sequence","49.71","",""
"10/03/2022 14:00:00 - 10/03/2022 15:00:00","BZN|EE","Without Sequence","195.06","",""
"10/03/2022 15:00:00 - 10/03/2022 16:00:00","BZN|EE","Without Sequence","216.45","",""
"10/03/2022 16:00:00 - 10/03/2022 17:00:00","BZN|EE","Without Sequence","220.95","",""
"10/03/2022 17:00:00 - 10/03/2022 18:00:00","BZN|EE","Without Sequence","223.69","",""
"10/03/2022 18:00:00 - 10/03/2022 19:00:00","BZN|EE","Without Sequence","272.90","",""
"10/03/2022 19:00:00 - 10/03/2022 20:00:00","BZN|EE","Without Sequence","174.72","",""
"10/03/2022 20:00:00 - 10/03/2022 21:00:00","BZN|EE","Without Sequence","210.15","",""
"10/03/2022 21:00:00 - 10/03/2022 22:00:00","BZN|EE","Without Sequence","164.55","",""
"10/03/2022 22:00:00 - 10/03/2022 23:00:00","BZN|EE","Without Sequence","124.44","",""
"10/03/2022 23:00:00 - 11/03/2022 00:00:00","BZN|EE","Without Sequence","115.90","",""
"11/03/2022 00:00:00 - 11/03/2022 01:00:00","BZN|EE","Without Sequence","115.33","",""
"11/03/2022 01:00:00 - 11/03/2022 02:00:00","BZN|EE","Without Sequence","115.26","",""
"11/03/2022 02:00:00 - 11/03/2022 03:00:00","BZN|EE","Without Sequence","112.71","",""
"11/03/2022 03:00:00 - 11/03/2022 04:00:00","BZN|EE","Without Sequence","115.90","",""
"11/03/2022 04:00:00 - 11/03/2022 05:00:00","BZN|EE","Without Sequence","134.98","",""
"11/03/2022 05:00:00 - 11/03/2022 06:00:00","BZN|EE","Without Sequence","168.43","",""
"11/03/2022 06:00:00 - 11/03/2022 07:00:00","BZN|EE","Without Sequence","332.71","",""
"11/03/2022 07:00:00 - 11/03/2022 08:00:00","BZN|EE","Without Sequence","236.20","",""
"11/03/2022 08:00:00 - 11/03/2022 09:00:00","BZN|EE","Without Sequence","100.41","",""
"11/03/2022 09:00:00 - 11/03/2022 10:00:00","BZN|EE","Without Sequence","86.60","",""
"11/03/2022 10:00:00 - 11/03/2022 11:00:00","BZN|EE","Without Sequence","85.43","",""
"11/03/2022 11:00:00 - 11/03/2022 12:00:00","BZN|EE","Without Sequence","88.36","",""
"11/03/2022 12:00:00 - 11/03/2022 13:00:00","BZN|EE","Without Sequence","89.12","",""
"11/03/2022 13:00:00 - 11/03/2022 14:00:00","BZN|EE","Without Sequence","98.72","",""
"11/03/2022 14:00:00 - 11/03/2022 15:00:00","BZN|EE","Without Sequence","103.84","",""
"11/03/2022 15:00:00 - 11/03/2022 16:00:00","BZN|EE","Without Sequence","255.00","",""
"11/03/2022 16:00:00 - 11/03/2022 17:00:00","BZN|EE","Without Sequence","161.35","",""
"11/03/2022 17:00:00 - 11/03/2022 18:00:00","BZN|EE","Without Sequence","197.41","",""
"11/03/2022 18:00:00 - 11/03/2022 19:00:00","BZN|EE","Without Sequence","173.41","",""
"11/03/2022 19:00:00 - 11/03/2022 20:00:00","BZN|EE","Without Sequence","137.68","",""
"11/03/2022 20:00:00 - 11/03/2022 21:00:00","BZN|EE","Without Sequence","160.05","",""
"11/03/2022 21:00:00 - 11/03/2022 22:00:00","BZN|EE","Without Sequence","136.00","",""
"11/03/2022 22:00:00 - 11/03/2022 23:00:00","BZN|EE","Without Sequence","120.43","",""
"11/03/2022 23:00:00 - 12/03/2022 00:00:00","BZN|EE","Without Sequence","110.89","",""
"12/03/2022 00:00:00 - 12/03/2022 01:00:00","BZN|EE","Without Sequence","99.30","",""
"12/03/2022 01:00:00 - 12/03/2022 02:00:00","BZN|EE","Without Sequence","96.93","",""
"12/03/2022 02:00:00 - 12/03/2022 03:00:00","BZN|EE","Without Sequence","98.99","",""
"12/03/2022 03:00:00 - 12/03/2022 04:00:00","BZN|EE","Without Sequence","98.76","",""
"12/03/2022 04:00:00 - 12/03/2022 05:00:00","BZN|EE","Without Sequence","104.42","",""
"12/03/2022 05:00:00 - 12/03/2022 06:00:00","BZN|EE","Without Sequence","118.82","",""
"12/03/2022 06:00:00 - 12/03/2022 07:00:00","BZN|EE","Without Sequence","127.95","",""
"12/03/2022 07:00:00 - 12/03/2022 08:00:00","BZN|EE","Without Sequence","120.01","",""
"12/03/2022 08:00:00 - 12/03/2022 09:00:00","BZN|EE","Without Sequence","120.01","",""
"12/03/2022 09:00:00 - 12/03/2022 10:00:00","BZN|EE","Without Sequence","114.64","",""
"12/03/2022 10:00:00 - 12/03/2022 11:00:00","BZN|EE","Without Sequence","106.40","",""
"12/03/2022 11:00:00 - 12/03/2022 12:00:00","BZN|EE","Without Sequence","101.28","",""
"12/03/2022 12:00:00 - 12/03/2022 13:00:00","BZN|EE","Without Sequence","67.29","",""
"12/03/2022 13:00:00 - 12/03/2022 14:00:00","BZN|EE","Without Sequence","97.24","",""
"12/03/2022 14:00:00 - 12/03/2022 15:00:00","BZN|EE","Without Sequence","57.98","",""
"12/03/2022 15:00:00 - 12/03/2022 16:00:00","BZN|EE","Without Sequence","117.22","",""
"12/03/2022 16:00:00 - 12/03/2022 17:00:00","BZN|EE","Without Sequence","191.84","",""
"12/03/2022 17:00:00 - 12/03/2022 18:00:00","BZN|EE","Without Sequence","225.03","",""
"12/03/2022 18:00:00 - 12/03/2022 19:00:00","BZN|EE","Without Sequence","198.64","",""
"12/03/2022 19:00:00 - 12/03/2022 20:00:00","BZN|EE","Without Sequence","169.04","",""
"12/03/2022 20:00:00 - 12/03/2022 21:00:00","BZN|EE","Without Sequence","123.77","",""
"12/03/2022 21:00:00 - 12/03/2022 22:00:00","BZN|EE","Without Sequence","125.07","",""
"12/03/2022 22:00:00 - 12/03/2022 23:00:00","BZN|EE","Without Sequence","116.54","",""
"12/03/2022 23:00:00 - 13/03/2022 00:00:00","BZN|EE","Without Sequence","110.08","",""
"13/03/2022 00:00:00 - 13/03/2022 01:00:00","BZN|EE","Without Sequence","85.49","",""
"13/03/2022 01:00:00 - 13/03/2022 02:00:00","BZN|EE","Without Sequence","85.46","",""
"13/03/2022 02:00:00 - 13/03/2022 03:00:00","BZN|EE","Without Sequence","89.76","",""
"13/03/2022 03:00:00 - 13/03/2022 04:00:00","BZN|EE","Without Sequence","85.55","",""
"13/03/2022 04:00:00 - 13/03/2022 05:00:00","BZN|EE","Without Sequence","89.75","",""
"13/03/2022 05:00:00 - 13/03/2022 06:00:00","BZN|EE","Without Sequence","85.38","",""
"13/03/2022 06:00:00 - 13/03/2022 07:00:00","BZN|EE","Without Sequence","83.66","",""
"13/03/2022 07:00:00 - 13/03/2022 08:00:00","BZN|EE","Without Sequence","75.63","",""
"13/03/2022 08:00:00 - 13/03/2022 09:00:00","BZN|EE","Without Sequence","72.82","",""
"13/03/2022 09:00:00 - 13/03/2022 10:00:00","BZN|EE","Without Sequence","76.61","",""
"13/03/2022 10:00:00 - 13/03/2022 11:00:00","BZN|EE","Without Sequence","81.60","",""
"13/03/2022 11:00:00 - 13/03/2022 12:00:00","BZN|EE","Without Sequence","75.67","",""
"13/03/2022 12:00:00 - 13/03/2022 13:00:00","BZN|EE","Without Sequence","76.37","",""
"13/03/2022 13:00:00 - 13/03/2022 14:00:00","BZN|EE","Without Sequence","81.21","",""
"13/03/2022 14:00:00 - 13/03/2022 15:00:00","BZN|EE","Without Sequence","85.16","",""
"13/03/2022 15:00:00 - 13/03/2022 16:00:00","BZN|EE","Without Sequence","96.99","",""
"13/03/2022 16:00:00 - 13/03/2022 17:00:00","BZN|EE","Without Sequence","98.74","",""
"13/03/2022 17:00:00 - 13/03/2022 18:00:00","BZN|EE","Without Sequence","118.02","",""
"13/03/2022 18:00:00 - 13/03/2022 19:00:00","BZN|EE","Without Sequence","91.90","",""
"13/03/2022 19:00:00 - 13/03/2022 20:00:00","BZN|EE","Without Sequence","85.55","",""
"13/03/2022 20:00:00 - 13/03/2022 21:00:00","BZN|EE","Without Sequence","84.12","",""
"13/03/2022 21:00:00 - 13/03/2022 22:00:00","BZN|EE","Without Sequence","84.28","",""
"13/03/2022 22:00:00 - 13/03/2022 23:00:00","BZN|EE","Without Sequence","79.26","",""
"13/03/2022 23:00:00 - 14/03/2022 00:00:00","BZN|EE","Without Sequence","84.17","",""
"14/03/2022 00:00:00 - 14/03/2022 01:00:00","BZN|EE","Without Sequence","85.10","",""
"14/03/2022 01:00:00 - 14/03/2022 02:00:00","BZN|EE","Without Sequence","84.67","",""
"14/03/2022 02:00:00 - 14/03/2022 03:00:00","BZN|EE","Without Sequence","85.45","",""
"14/03/2022 03:00:00 - 14/03/2022 04:00:00","BZN|EE","Without Sequence","85.58","",""
"14/03/2022 04:00:00 - 14/03/2022 05:00:00","BZN|EE","Without Sequence","126.29","",""
"14/03/2022 05:00:00 - 14/03/2022 06:00:00","BZN|EE","Without Sequence","119.91","",""
"14/03/2022 06:00:00 - 14/03/2022 07:00:00","BZN|EE","Without Sequence","215.64","",""
"14/03/2022 07:00:00 - 14/03/2022 08:00:00","BZN|EE","Without Sequence","229.59","",""
"14/03/2022 08:00:00 - 14/03/2022 09:00:00","BZN|EE","Without Sequence","119.98","",""
"14/03/2022 09:00:00 - 14/03/2022 10:00:00","BZN|EE","Without Sequence","204.21","",""
"14/03/2022 10:00:00 - 14/03/2022 11:00:00","BZN|EE","Without Sequence","146.36","",""
"14/03/2022 11:00:00 - 14/03/2022 12:00:00","BZN|EE","Without Sequence","109.94","",""
"14/03/2022 12:00:00 - 14/03/2022 13:00:00","BZN|EE","Without Sequence","105.05","",""
"14/03/2022 13:00:00 - 14/03/2022 14:00:00","BZN|EE","Without Sequence","102.56","",""
"14/03/2022 14:00:00 - 14/03/2022 15:00:00","BZN|EE","Without Sequence","109.91","",""
"14/03/2022 15:00:00 - 14/03/2022 16:00:00","BZN|EE","Without Sequence","117.61","",""
"14/03/2022 16:00:00 - 14/03/2022 17:00:00","BZN|EE","Without Sequence","225.02","",""
"14/03/2022 17:00:00 - 14/03/2022 18:00:00","BZN|EE","Without Sequence","300.04","",""
"14/03/2022 18:00:00 - 14/03/2022 19:00:00","BZN|EE","Without Sequence","228.08","",""
"14/03/2022 19:00:00 - 14/03/2022 20:00:00","BZN|EE","Without Sequence","228.06","",""
"14/03/2022 20:00:00 - 14/03/2022 21:00:00","BZN|EE","Without Sequence","203.71","",""
"14/03/2022 21:00:00 - 14/03/2022 22:00:00","BZN|EE","Without Sequence","178.62","",""
"14/03/2022 22:00:00 - 14/03/2022 23:00:00","BZN|EE","Without Sequence","52.16","",""
"14/03/2022 23:00:00 - 15/03/2022 00:00:00","BZN|EE","Without Sequence","133.98","",""
"15/03/2022 00:00:00 - 15/03/2022 01:00:00","BZN|EE","Without Sequence","142.57","",""
"15/03/2022 01:00:00 - 15/03/2022 02:00:00","BZN|EE","Without Sequence","147.64","",""
"15/03/2022 02:00:00 - 15/03/2022 03:00:00","BZN|EE","Without Sequence","151.91","",""
"15/03/2022 03:00:00 - 15/03/2022 04:00:00","BZN|EE","Without Sequence","193.24","",""
"15/03/2022 04:00:00 - 15/03/2022 05:00:00","BZN|EE","Without Sequence","256.10","",""
"15/03/2022 05:00:00 - 15/03/2022 06:00:00","BZN|EE","Without Sequence","175.00","",""
"15/03/2022 06:00:00 - 15/03/2022 07:00:00","BZN|EE","Without Sequence","174.98","",""
"15/03/2022 07:00:00 - 15/03/2022 08:00:00","BZN|EE","Without Sequence","109.97","",""
"15/03/2022 08:00:00 - 15/03/2022 09:00:00","BZN|EE","Without Sequence","109.98","",""
"15/03/2022 09:00:00 - 15/03/2022 10:00:00","BZN|EE","Without Sequence","206.39","",""
"15/03/2022 10:00:00 - 15/03/2022 11:00:00","BZN|EE","Without Sequence","131.76","",""
"15/03/2022 11:00:00 - 15/03/2022 12:00:00","BZN|EE","Without Sequence","145.57","",""
"15/03/2022 12:00:00 - 15/03/2022 13:00:00","BZN|EE","Without Sequence","119.99","",""
"15/03/2022 13:00:00 - 15/03/2022 14:00:00","BZN|EE","Without Sequence","127.28","",""
"15/03/2022 14:00:00 - 15/03/2022 15:00:00","BZN|EE","Without Sequence","123.65","",""
"15/03/2022 15:00:00 - 15/03/2022 16:00:00","BZN|EE","Without Sequence","251.43","",""
"15/03/2022 16:00:00 - 15/03/2022 17:00:00","BZN|EE","Without Sequence","213.12","",""
"15/03/2022 17:00:00 - 15/03/2022 18:00:00","BZN|EE","Without Sequence","236.70","",""
"15/03/2022 18:00:00 - 15/03/2022 19:00:00","BZN|EE","Without Sequence","134.00","",""
"15/03/2022 19:00:00 - 15/03/2022 20:00:00","BZN|EE","Without Sequence","119.83","",""
"15/03/2022 20:00:00 - 15/03/2022 21:00:00","BZN|EE","Without Sequence","230.62","",""
"15/03/2022 21:00:00 - 15/03/2022 22:00:00","BZN|EE","Without Sequence","200.09","",""
"15/03/2022 22:00:00 - 15/03/2022 23:00:00","BZN|EE","Without Sequence","66.62","",""
"15/03/2022 23:00:00 - 16/03/2022 00:00:00","BZN|EE","Without Sequence","148.10","",""
"16/03/2022 00:00:00 - 16/03/2022 01:00:00","BZN|EE","Without Sequence","141.94","",""
"16/03/2022 01:00:00 - 16/03/2022 02:00:00","BZN|EE","Without Sequence","139.57","",""
"16/03/2022 02:00:00 - 16/03/2022 03:00:00","BZN|EE","Without Sequence","140.59","",""
"16/03/2022 03:00:00 - 16/03/2022 04:00:00","BZN|EE","Without Sequence","145.16","",""
"16/03/2022 04:00:00 - 16/03/2022 05:00:00","BZN|EE","Without Sequence","163.81","",""
"16/03/2022 05:00:00 - 16/03/2022 06:00:00","BZN|EE","Without Sequence","289.83","",""
"16/03/2022 06:00:00 - 16/03/2022 07:00:00","BZN|EE","Without Sequence","110.00","",""
"16/03/2022 07:00:00 - 16/03/2022 08:00:00","BZN|EE","Without Sequence","80.03","",""
"16/03/2022 08:00:00 - 16/03/2022 09:00:00","BZN|EE","Without Sequence","100.01","",""
"16/03/2022 09:00:00 - 16/03/2022 10:00:00","BZN|EE","Without Sequence","109.96","",""
"16/03/2022 10:00:00 - 16/03/2022 11:00:00","BZN|EE","Without Sequence","119.92","",""
"16/03/2022 11:00:00 - 16/03/2022 12:00:00","BZN|EE","Without Sequence","109.92","",""
"16/03/2022 12:00:00 - 16/03/2022 13:00:00","BZN|EE","Without Sequence","93.13","",""
"16/03/2022 13:00:00 - 16/03/2022 14:00:00","BZN|EE","Without Sequence","73.35","",""
"16/03/2022 14:00:00 - 16/03/2022 15:00:00","BZN|EE","Without Sequence","198.22","",""
"16/03/2022 15:00:00 - 16/03/2022 16:00:00","BZN|EE","Without Sequence","275.00","",""
"16/03/2022 16:00:00 - 16/03/2022 17:00:00","BZN|EE","Without Sequence","255.04","",""
"16/03/2022 17:00:00 - 16/03/2022 18:00:00","BZN|EE","Without Sequence","311.47","",""
"16/03/2022 18:00:00 - 16/03/2022 19:00:00","BZN|EE","Without Sequence","221.17","",""
"16/03/2022 19:00:00 - 16/03/2022 20:00:00","BZN|EE","Without Sequence","140.08","",""
"16/03/2022 20:00:00 - 16/03/2022 21:00:00","BZN|EE","Without Sequence","175.03","",""
"16/03/2022 21:00:00 - 16/03/2022 22:00:00","BZN|EE","Without Sequence","153.31","",""
"16/03/2022 22:00:00 - 16/03/2022 23:00:00","BZN|EE","Without Sequence","110.08","",""
"16/03/2022 23:00:00 - 17/03/2022 00:00:00","BZN|EE","Without Sequence","138.19","",""
"17/03/2022 00:00:00 - 17/03/2022 01:00:00","BZN|EE","Without Sequence","127.99","",""
"17/03/2022 01:00:00 - 17/03/2022 02:00:00","BZN|EE","Without Sequence","125.31","",""
"17/03/2022 02:00:00 - 17/03/2022 03:00:00","BZN|EE","Without Sequence","126.58","",""
"17/03/2022 03:00:00 - 17/03/2022 04:00:00","BZN|EE","Without Sequence","126.96","",""
"17/03/2022 04:00:00 - 17/03/2022 05:00:00","BZN|EE","Without Sequence","144.85","",""
"17/03/2022 05:00:00 - 17/03/2022 06:00:00","BZN|EE","Without Sequence","206.50","",""
"17/03/2022 06:00:00 - 17/03/2022 07:00:00","BZN|EE","Without Sequence","262.89","",""
"17/03/2022 07:00:00 - 17/03/2022 08:00:00","BZN|EE","Without Sequence","178.17","",""
"17/03/2022 08:00:00 - 17/03/2022 09:00:00","BZN|EE","Without Sequence","58.55","",""
"17/03/2022 09:00:00 - 17/03/2022 10:00:00","BZN|EE","Without Sequence","116.87","",""
"17/03/2022 10:00:00 - 17/03/2022 11:00:00","BZN|EE","Without Sequence","87.02","",""
"17/03/2022 11:00:00 - 17/03/2022 12:00:00","BZN|EE","Without Sequence","87.15","",""
"17/03/2022 12:00:00 - 17/03/2022 13:00:00","BZN|EE","Without Sequence","83.24","",""
"17/03/2022 13:00:00 - 17/03/2022 14:00:00","BZN|EE","Without Sequence","87.05","",""
"17/03/2022 14:00:00 - 17/03/2022 15:00:00","BZN|EE","Without Sequence","119.08","",""
"17/03/2022 15:00:00 - 17/03/2022 16:00:00","BZN|EE","Without Sequence","174.04","",""
"17/03/2022 16:00:00 - 17/03/2022 17:00:00","BZN|EE","Without Sequence","208.63","",""
"17/03/2022 17:00:00 - 17/03/2022 18:00:00","BZN|EE","Without Sequence","250.01","",""
"17/03/2022 18:00:00 - 17/03/2022 19:00:00","BZN|EE","Without Sequence","219.94","",""
"17/03/2022 19:00:00 - 17/03/2022 20:00:00","BZN|EE","Without Sequence","193.93","",""
"17/03/2022 20:00:00 - 17/03/2022 21:00:00","BZN|EE","Without Sequence","153.92","",""
"17/03/2022 21:00:00 - 17/03/2022 22:00:00","BZN|EE","Without Sequence","136.05","",""
"17/03/2022 22:00:00 - 17/03/2022 23:00:00","BZN|EE","Without Sequence","121.17","",""
"17/03/2022 23:00:00 - 18/03/2022 00:00:00","BZN|EE","Without Sequence","133.59","",""
"18/03/2022 00:00:00 - 18/03/2022 01:00:00","BZN|EE","Without Sequence","133.16","",""
"18/03/2022 01:00:00 - 18/03/2022 02:00:00","BZN|EE","Without Sequence","127.09","",""
"18/03/2022 02:00:00 - 18/03/2022 03:00:00","BZN|EE","Without Sequence","133.17","",""
"18/03/2022 03:00:00 - 18/03/2022 04:00:00","BZN|EE","Without Sequence","135.72","",""
"18/03/2022 04:00:00 - 18/03/2022 05:00:00","BZN|EE","Without Sequence","148.06","",""
"18/03/2022 05:00:00 - 18/03/2022 06:00:00","BZN|EE","Without Sequence","255.05","",""
"18/03/2022 06:00:00 - 18/03/2022 07:00:00","BZN|EE","Without Sequence","284.51","",""
"18/03/2022 07:00:00 - 18/03/2022 08:00:00","BZN|EE","Without Sequence","34.94","",""
"18/03/2022 08:00:00 - 18/03/2022 09:00:00","BZN|EE","Without Sequence","36.03","",""
"18/03/2022 09:00:00 - 18/03/2022 10:00:00","BZN|EE","Without Sequence","34.98","",""
"18/03/2022 10:00:00 - 18/03/2022 11:00:00","BZN|EE","Without Sequence","29.05","",""
"18/03/2022 11:00:00 - 18/03/2022 12:00:00","BZN|EE","Without Sequence","24.88","",""
"18/03/2022 12:00:00 - 18/03/2022 13:00:00","BZN|EE","Without Sequence","117.15","",""
"18/03/2022 13:00:00 - 18/03/2022 14:00:00","BZN|EE","Without Sequence","126.48","",""
"18/03/2022 14:00:00 - 18/03/2022 15:00:00","BZN|EE","Without Sequence","201.64","",""
"18/03/2022 15:00:00 - 18/03/2022 16:00:00","BZN|EE","Without Sequence","172.56","",""
"18/03/2022 16:00:00 - 18/03/2022 17:00:00","BZN|EE","Without Sequence","201.64","",""
"18/03/2022 17:00:00 - 18/03/2022 18:00:00","BZN|EE","Without Sequence","275.31","",""
"18/03/2022 18:00:00 - 18/03/2022 19:00:00","BZN|EE","Without Sequence","225.03","",""
"18/03/2022 19:00:00 - 18/03/2022 20:00:00","BZN|EE","Without Sequence","50.10","",""
"18/03/2022 20:00:00 - 18/03/2022 21:00:00","BZN|EE","Without Sequence","201.66","",""
"18/03/2022 21:00:00 - 18/03/2022 22:00:00","BZN|EE","Without Sequence","228.50","",""
"18/03/2022 22:00:00 - 18/03/2022 23:00:00","BZN|EE","Without Sequence","197.81","",""
"18/03/2022 23:00:00 - 19/03/2022 00:00:00","BZN|EE","Without Sequence","183.86","",""
"19/03/2022 00:00:00 - 19/03/2022 01:00:00","BZN|EE","Without Sequence","149.97","",""
"19/03/2022 01:00:00 - 19/03/2022 02:00:00","BZN|EE","Without Sequence","136.54","",""
"19/03/2022 02:00:00 - 19/03/2022 03:00:00","BZN|EE","Without Sequence","95.90","",""
"19/03/2022 03:00:00 - 19/03/2022 04:00:00","BZN|EE","Without Sequence","109.49","",""
"19/03/2022 04:00:00 - 19/03/2022 05:00:00","BZN|EE","Without Sequence","152.42","",""
"19/03/2022 05:00:00 - 19/03/2022 06:00:00","BZN|EE","Without Sequence","198.23","",""
"19/03/2022 06:00:00 - 19/03/2022 07:00:00","BZN|EE","Without Sequence","151.50","",""
"19/03/2022 07:00:00 - 19/03/2022 08:00:00","BZN|EE","Without Sequence","154.53","",""
"19/03/2022 08:00:00 - 19/03/2022 09:00:00","BZN|EE","Without Sequence","135.07","",""
"19/03/2022 09:00:00 - 19/03/2022 10:00:00","BZN|EE","Without Sequence","99.55","",""
"19/03/2022 10:00:00 - 19/03/2022 11:00:00","BZN|EE","Without Sequence","85.08","",""
"19/03/2022 11:00:00 - 19/03/2022 12:00:00","BZN|EE","Without Sequence","85.29","",""
"19/03/2022 12:00:00 - 19/03/2022 13:00:00","BZN|EE","Without Sequence","85.18","",""
"19/03/2022 13:00:00 - 19/03/2022 14:00:00","BZN|EE","Without Sequence","88.81","",""
"19/03/2022 14:00:00 - 19/03/2022 15:00:00","BZN|EE","Without Sequence","94.71","",""
"19/03/2022 15:00:00 - 19/03/2022 16:00:00","BZN|EE","Without Sequence","105.42","",""
"19/03/2022 16:00:00 - 19/03/2022 17:00:00","BZN|EE","Without Sequence","151.01","",""
"19/03/2022 17:00:00 - 19/03/2022 18:00:00","BZN|EE","Without Sequence","192.80","",""
"19/03/2022 18:00:00 - 19/03/2022 19:00:00","BZN|EE","Without Sequence","173.27","",""
"19/03/2022 19:00:00 - 19/03/2022 20:00:00","BZN|EE","Without Sequence","141.90","",""
"19/03/2022 20:00:00 - 19/03/2022 21:00:00","BZN|EE","Without Sequence","115.05","",""
"19/03/2022 21:00:00 - 19/03/2022 22:00:00","BZN|EE","Without Sequence","106.06","",""
"19/03/2022 22:00:00 - 19/03/2022 23:00:00","BZN|EE","Without Sequence","90.10","",""
"19/03/2022 23:00:00 - 20/03/2022 00:00:00","BZN|EE","Without Sequence","84.04","",""
"20/03/2022 00:00:00 - 20/03/2022 01:00:00","BZN|EE","Without Sequence","70.99","",""
"20/03/2022 01:00:00 - 20/03/2022 02:00:00","BZN|EE","Without Sequence","74.78","",""
"20/03/2022 02:00:00 - 20/03/2022 03:00:00","BZN|EE","Without Sequence","68.38","",""
"20/03/2022 03:00:00 - 20/03/2022 04:00:00","BZN|EE","Without Sequence","75.90","",""
"20/03/2022 04:00:00 - 20/03/2022 05:00:00","BZN|EE","Without Sequence","75.90","",""
"20/03/2022 05:00:00 - 20/03/2022 06:00:00","BZN|EE","Without Sequence","217.82","",""
"20/03/2022 06:00:00 - 20/03/2022 07:00:00","BZN|EE","Without Sequence","107.47","",""
"20/03/2022 07:00:00 - 20/03/2022 08:00:00","BZN|EE","Without Sequence","12.86","",""
"20/03/2022 08:00:00 - 20/03/2022 09:00:00","BZN|EE","Without Sequence","13.00","",""
"20/03/2022 09:00:00 - 20/03/2022 10:00:00","BZN|EE","Without Sequence","13.13","",""
"20/03/2022 10:00:00 - 20/03/2022 11:00:00","BZN|EE","Without Sequence","49.38","",""
"20/03/2022 11:00:00 - 20/03/2022 12:00:00","BZN|EE","Without Sequence","47.78","",""
"20/03/2022 12:00:00 - 20/03/2022 13:00:00","BZN|EE","Without Sequence","11.79","",""
"20/03/2022 13:00:00 - 20/03/2022 14:00:00","BZN|EE","Without Sequence","50.07","",""
"20/03/2022 14:00:00 - 20/03/2022 15:00:00","BZN|EE","Without Sequence","75.62","",""
"20/03/2022 15:00:00 - 20/03/2022 16:00:00","BZN|EE","Without Sequence","89.84","",""
"20/03/2022 16:00:00 - 20/03/2022 17:00:00","BZN|EE","Without Sequence","122.13","",""
"20/03/2022 17:00:00 - 20/03/2022 18:00:00","BZN|EE","Without Sequence","153.40","",""
"20/03/2022 18:00:00 - 20/03/2022 19:00:00","BZN|EE","Without Sequence","158.41","",""
"20/03/2022 19:00:00 - 20/03/2022 20:00:00","BZN|EE","Without Sequence","148.45","",""
"20/03/2022 20:00:00 - 20/03/2022 21:00:00","BZN|EE","Without Sequence","124.24","",""
"20/03/2022 21:00:00 - 20/03/2022 22:00:00","BZN|EE","Without Sequence","110.07","",""
"20/03/2022 22:00:00 - 20/03/2022 23:00:00","BZN|EE","Without Sequence","93.36","",""
"20/03/2022 23:00:00 - 21/03/2022 00:00:00","BZN|EE","Without Sequence","114.18","",""
"21/03/2022 00:00:00 - 21/03/2022 01:00:00","BZN|EE","Without Sequence","118.82","",""
"21/03/2022 01:00:00 - 21/03/2022 02:00:00","BZN|EE","Without Sequence","118.85","",""
"21/03/2022 02:00:00 - 21/03/2022 03:00:00","BZN|EE","Without Sequence","119.00","",""
"21/03/2022 03:00:00 - 21/03/2022 04:00:00","BZN|EE","Without Sequence","135.92","",""
"21/03/2022 04:00:00 - 21/03/2022 05:00:00","BZN|EE","Without Sequence","149.96","",""
"21/03/2022 05:00:00 - 21/03/2022 06:00:00","BZN|EE","Without Sequence","205.04","",""
"21/03/2022 06:00:00 - 21/03/2022 07:00:00","BZN|EE","Without Sequence","253.61","",""
"21/03/2022 07:00:00 - 21/03/2022 08:00:00","BZN|EE","Without Sequence","205.04","",""
"21/03/2022 08:00:00 - 21/03/2022 09:00:00","BZN|EE","Without Sequence","142.46","",""
"21/03/2022 09:00:00 - 21/03/2022 10:00:00","BZN|EE","Without Sequence","153.06","",""
"21/03/2022 10:00:00 - 21/03/2022 11:00:00","BZN|EE","Without Sequence","159.75","",""
"21/03/2022 11:00:00 - 21/03/2022 12:00:00","BZN|EE","Without Sequence","140.02","",""
"21/03/2022 12:00:00 - 21/03/2022 13:00:00","BZN|EE","Without Sequence","140.08","",""
"21/03/2022 13:00:00 - 21/03/2022 14:00:00","BZN|EE","Without Sequence","140.07","",""
"21/03/2022 14:00:00 - 21/03/2022 15:00:00","BZN|EE","Without Sequence","160.06","",""
"21/03/2022 15:00:00 - 21/03/2022 16:00:00","BZN|EE","Without Sequence","140.06","",""
"21/03/2022 16:00:00 - 21/03/2022 17:00:00","BZN|EE","Without Sequence","188.61","",""
"21/03/2022 17:00:00 - 21/03/2022 18:00:00","BZN|EE","Without Sequence","225.03","",""
"21/03/2022 18:00:00 - 21/03/2022 19:00:00","BZN|EE","Without Sequence","235.00","",""
"21/03/2022 19:00:00 - 21/03/2022 20:00:00","BZN|EE","Without Sequence","189.48","",""
"21/03/2022 20:00:00 - 21/03/2022 21:00:00","BZN|EE","Without Sequence","180.03","",""
"21/03/2022 21:00:00 - 21/03/2022 22:00:00","BZN|EE","Without Sequence","122.10","",""
"21/03/2022 22:00:00 - 21/03/2022 23:00:00","BZN|EE","Without Sequence","167.01","",""
"21/03/2022 23:00:00 - 22/03/2022 00:00:00","BZN|EE","Without Sequence","130.00","",""
"22/03/2022 00:00:00 - 22/03/2022 01:00:00","BZN|EE","Without Sequence","130.09","",""
"22/03/2022 01:00:00 - 22/03/2022 02:00:00","BZN|EE","Without Sequence","134.60","",""
"22/03/2022 02:00:00 - 22/03/2022 03:00:00","BZN|EE","Without Sequence","136.89","",""
"22/03/2022 03:00:00 - 22/03/2022 04:00:00","BZN|EE","Without Sequence","144.81","",""
"22/03/2022 04:00:00 - 22/03/2022 05:00:00","BZN|EE","Without Sequence","159.96","",""
"22/03/2022 05:00:00 - 22/03/2022 06:00:00","BZN|EE","Without Sequence","267.13","",""
"22/03/2022 06:00:00 - 22/03/2022 07:00:00","BZN|EE","Without Sequence","280.44","",""
"22/03/2022 07:00:00 - 22/03/2022 08:00:00","BZN|EE","Without Sequence","281.10","",""
"22/03/2022 08:00:00 - 22/03/2022 09:00:00","BZN|EE","Without Sequence","232.70","",""
"22/03/2022 09:00:00 - 22/03/2022 10:00:00","BZN|EE","Without Sequence","194.58","",""
"22/03/2022 10:00:00 - 22/03/2022 11:00:00","BZN|EE","Without Sequence","186.45","",""
"22/03/2022 11:00:00 - 22/03/2022 12:00:00","BZN|EE","Without Sequence","124.68","",""
"22/03/2022 12:00:00 - 22/03/2022 13:00:00","BZN|EE","Without Sequence","63.11","",""
"22/03/2022 13:00:00 - 22/03/2022 14:00:00","BZN|EE","Without Sequence","58.17","",""
"22/03/2022 14:00:00 - 22/03/2022 15:00:00","BZN|EE","Without Sequence","178.08","",""
"22/03/2022 15:00:00 - 22/03/2022 16:00:00","BZN|EE","Without Sequence","120.81","",""
"22/03/2022 16:00:00 - 22/03/2022 17:00:00","BZN|EE","Without Sequence","253.71","",""
"22/03/2022 17:00:00 - 22/03/2022 18:00:00","BZN|EE","Without Sequence","248.69","",""
"22/03/2022 18:00:00 - 22/03/2022 19:00:00","BZN|EE","Without Sequence","342.58","",""
"22/03/2022 19:00:00 - 22/03/2022 20:00:00","BZN|EE","Without Sequence","120.88","",""
"22/03/2022 20:00:00 - 22/03/2022 21:00:00","BZN|EE","Without Sequence","196.73","",""
"22/03/2022 21:00:00 - 22/03/2022 22:00:00","BZN|EE","Without Sequence","210.29","",""
"22/03/2022 22:00:00 - 22/03/2022 23:00:00","BZN|EE","Without Sequence","142.71","",""
"22/03/2022 23:00:00 - 23/03/2022 00:00:00","BZN|EE","Without Sequence","149.25","",""
"23/03/2022 00:00:00 - 23/03/2022 01:00:00","BZN|EE","Without Sequence","145.99","",""
"23/03/2022 01:00:00 - 23/03/2022 02:00:00","BZN|EE","Without Sequence","144.54","",""
"23/03/2022 02:00:00 - 23/03/2022 03:00:00","BZN|EE","Without Sequence","145.83","",""
"23/03/2022 03:00:00 - 23/03/2022 04:00:00","BZN|EE","Without Sequence","96.45","",""
"23/03/2022 04:00:00 - 23/03/2022 05:00:00","BZN|EE","Without Sequence","200.77","",""
"23/03/2022 05:00:00 - 23/03/2022 06:00:00","BZN|EE","Without Sequence","266.64","",""
"23/03/2022 06:00:00 - 23/03/2022 07:00:00","BZN|EE","Without Sequence","289.97","",""
"23/03/2022 07:00:00 - 23/03/2022 08:00:00","BZN|EE","Without Sequence","273.98","",""
"23/03/2022 08:00:00 - 23/03/2022 09:00:00","BZN|EE","Without Sequence","209.82","",""
"23/03/2022 09:00:00 - 23/03/2022 10:00:00","BZN|EE","Without Sequence","194.91","",""
"23/03/2022 10:00:00 - 23/03/2022 11:00:00","BZN|EE","Without Sequence","185.99","",""
"23/03/2022 11:00:00 - 23/03/2022 12:00:00","BZN|EE","Without Sequence","173.78","",""
"23/03/2022 12:00:00 - 23/03/2022 13:00:00","BZN|EE","Without Sequence","123.22","",""
"23/03/2022 13:00:00 - 23/03/2022 14:00:00","BZN|EE","Without Sequence","109.91","",""
"23/03/2022 14:00:00 - 23/03/2022 15:00:00","BZN|EE","Without Sequence","77.15","",""
"23/03/2022 15:00:00 - 23/03/2022 16:00:00","BZN|EE","Without Sequence","109.99","",""
"23/03/2022 16:00:00 - 23/03/2022 17:00:00","BZN|EE","Without Sequence","225.05","",""
"23/03/2022 17:00:00 - 23/03/2022 18:00:00","BZN|EE","Without Sequence","255.02","",""
"23/03/2022 18:00:00 - 23/03/2022 19:00:00","BZN|EE","Without Sequence","255.08","",""
"23/03/2022 19:00:00 - 23/03/2022 20:00:00","BZN|EE","Without Sequence","231.13","",""
"23/03/2022 20:00:00 - 23/03/2022 21:00:00","BZN|EE","Without Sequence","222.56","",""
"23/03/2022 21:00:00 - 23/03/2022 22:00:00","BZN|EE","Without Sequence","231.14","",""
"23/03/2022 22:00:00 - 23/03/2022 23:00:00","BZN|EE","Without Sequence","120.07","",""
"23/03/2022 23:00:00 - 24/03/2022 00:00:00","BZN|EE","Without Sequence","152.77","",""
"24/03/2022 00:00:00 - 24/03/2022 01:00:00","BZN|EE","Without Sequence","149.06","",""
"24/03/2022 01:00:00 - 24/03/2022 02:00:00","BZN|EE","Without Sequence","148.83","",""
"24/03/2022 02:00:00 - 24/03/2022 03:00:00","BZN|EE","Without Sequence","149.06","",""
"24/03/2022 03:00:00 - 24/03/2022 04:00:00","BZN|EE","Without Sequence","159.69","",""
"24/03/2022 04:00:00 - 24/03/2022 05:00:00","BZN|EE","Without Sequence","167.13","",""
"24/03/2022 05:00:00 - 24/03/2022 06:00:00","BZN|EE","Without Sequence","276.18","",""
"24/03/2022 06:00:00 - 24/03/2022 07:00:00","BZN|EE","Without Sequence","297.75","",""
"24/03/2022 07:00:00 - 24/03/2022 08:00:00","BZN|EE","Without Sequence","261.30","",""
"24/03/2022 08:00:00 - 24/03/2022 09:00:00","BZN|EE","Without Sequence","213.65","",""
"24/03/2022 09:00:00 - 24/03/2022 10:00:00","BZN|EE","Without Sequence","144.31","",""
"24/03/2022 10:00:00 - 24/03/2022 11:00:00","BZN|EE","Without Sequence","118.81","",""
"24/03/2022 11:00:00 - 24/03/2022 12:00:00","BZN|EE","Without Sequence","117.08","",""
"24/03/2022 12:00:00 - 24/03/2022 13:00:00","BZN|EE","Without Sequence","111.01","",""
"24/03/2022 13:00:00 - 24/03/2022 14:00:00","BZN|EE","Without Sequence","110.84","",""
"24/03/2022 14:00:00 - 24/03/2022 15:00:00","BZN|EE","Without Sequence","208.42","",""
"24/03/2022 15:00:00 - 24/03/2022 16:00:00","BZN|EE","Without Sequence","130.60","",""
"24/03/2022 16:00:00 - 24/03/2022 17:00:00","BZN|EE","Without Sequence","260.58","",""
"24/03/2022 17:00:00 - 24/03/2022 18:00:00","BZN|EE","Without Sequence","303.30","",""
"24/03/2022 18:00:00 - 24/03/2022 19:00:00","BZN|EE","Without Sequence","236.90","",""
"24/03/2022 19:00:00 - 24/03/2022 20:00:00","BZN|EE","Without Sequence","225.02","",""
"24/03/2022 20:00:00 - 24/03/2022 21:00:00","BZN|EE","Without Sequence","236.81","",""
"24/03/2022 21:00:00 - 24/03/2022 22:00:00","BZN|EE","Without Sequence","225.08","",""
"24/03/2022 22:00:00 - 24/03/2022 23:00:00","BZN|EE","Without Sequence","120.06","",""
"24/03/2022 23:00:00 - 25/03/2022 00:00:00","BZN|EE","Without Sequence","157.18","",""
"25/03/2022 00:00:00 - 25/03/2022 01:00:00","BZN|EE","Without Sequence","150.71","",""
"25/03/2022 01:00:00 - 25/03/2022 02:00:00","BZN|EE","Without Sequence","16.91","",""
"25/03/2022 02:00:00 - 25/03/2022 03:00:00","BZN|EE","Without Sequence","146.08","",""
"25/03/2022 03:00:00 - 25/03/2022 04:00:00","BZN|EE","Without Sequence","156.67","",""
"25/03/2022 04:00:00 - 25/03/2022 05:00:00","BZN|EE","Without Sequence","159.98","",""
"25/03/2022 05:00:00 - 25/03/2022 06:00:00","BZN|EE","Without Sequence","256.45","",""
"25/03/2022 06:00:00 - 25/03/2022 07:00:00","BZN|EE","Without Sequence","325.84","",""
"25/03/2022 07:00:00 - 25/03/2022 08:00:00","BZN|EE","Without Sequence","278.28","",""
"25/03/2022 08:00:00 - 25/03/2022 09:00:00","BZN|EE","Without Sequence","119.58","",""
"25/03/2022 09:00:00 - 25/03/2022 10:00:00","BZN|EE","Without Sequence","100.28","",""
"25/03/2022 10:00:00 - 25/03/2022 11:00:00","BZN|EE","Without Sequence","90.84","",""
"25/03/2022 11:00:00 - 25/03/2022 12:00:00","BZN|EE","Without Sequence","90.84","",""
"25/03/2022 12:00:00 - 25/03/2022 13:00:00","BZN|EE","Without Sequence","90.84","",""
"25/03/2022 13:00:00 - 25/03/2022 14:00:00","BZN|EE","Without Sequence","95.70","",""
"25/03/2022 14:00:00 - 25/03/2022 15:00:00","BZN|EE","Without Sequence","115.92","",""
"25/03/2022 15:00:00 - 25/03/2022 16:00:00","BZN|EE","Without Sequence","183.23","",""
"25/03/2022 16:00:00 - 25/03/2022 17:00:00","BZN|EE","Without Sequence","225.01","",""
"25/03/2022 17:00:00 - 25/03/2022 18:00:00","BZN|EE","Without Sequence","265.99","",""
"25/03/2022 18:00:00 - 25/03/2022 19:00:00","BZN|EE","Without Sequence","225.05","",""
"25/03/2022 19:00:00 - 25/03/2022 20:00:00","BZN|EE","Without Sequence","227.36","",""
"25/03/2022 20:00:00 - 25/03/2022 21:00:00","BZN|EE","Without Sequence","70.09","",""
"25/03/2022 21:00:00 - 25/03/2022 22:00:00","BZN|EE","Without Sequence","140.75","",""
"25/03/2022 22:00:00 - 25/03/2022 23:00:00","BZN|EE","Without Sequence","136.49","",""
"25/03/2022 23:00:00 - 26/03/2022 00:00:00","BZN|EE","Without Sequence","114.01","",""
"26/03/2022 00:00:00 - 26/03/2022 01:00:00","BZN|EE","Without Sequence","91.59","",""
"26/03/2022 01:00:00 - 26/03/2022 02:00:00","BZN|EE","Without Sequence","68.25","",""
"26/03/2022 02:00:00 - 26/03/2022 03:00:00","BZN|EE","Without Sequence","4.59","",""
"26/03/2022 03:00:00 - 26/03/2022 04:00:00","BZN|EE","Without Sequence","95.49","",""
"26/03/2022 04:00:00 - 26/03/2022 05:00:00","BZN|EE","Without Sequence","88.50","",""
"26/03/2022 05:00:00 - 26/03/2022 06:00:00","BZN|EE","Without Sequence","7.90","",""
"26/03/2022 06:00:00 - 26/03/2022 07:00:00","BZN|EE","Without Sequence","9.50","",""
"26/03/2022 07:00:00 - 26/03/2022 08:00:00","BZN|EE","Without Sequence","94.94","",""
"26/03/2022 08:00:00 - 26/03/2022 09:00:00","BZN|EE","Without Sequence","108.30","",""
"26/03/2022 09:00:00 - 26/03/2022 10:00:00","BZN|EE","Without Sequence","11.14","",""
"26/03/2022 10:00:00 - 26/03/2022 11:00:00","BZN|EE","Without Sequence","11.14","",""
"26/03/2022 11:00:00 - 26/03/2022 12:00:00","BZN|EE","Without Sequence","10.42","",""
"26/03/2022 12:00:00 - 26/03/2022 13:00:00","BZN|EE","Without Sequence","11.38","",""
"26/03/2022 13:00:00 - 26/03/2022 14:00:00","BZN|EE","Without Sequence","12.47","",""
"26/03/2022 14:00:00 - 26/03/2022 15:00:00","BZN|EE","Without Sequence","13.98","",""
"26/03/2022 15:00:00 - 26/03/2022 16:00:00","BZN|EE","Without Sequence","15.50","",""
"26/03/2022 16:00:00 - 26/03/2022 17:00:00","BZN|EE","Without Sequence","21.74","",""
"26/03/2022 17:00:00 - 26/03/2022 18:00:00","BZN|EE","Without Sequence","160.93","",""
"26/03/2022 18:00:00 - 26/03/2022 19:00:00","BZN|EE","Without Sequence","187.93","",""
"26/03/2022 19:00:00 - 26/03/2022 20:00:00","BZN|EE","Without Sequence","106.57","",""
"26/03/2022 20:00:00 - 26/03/2022 21:00:00","BZN|EE","Without Sequence","72.89","",""
"26/03/2022 21:00:00 - 26/03/2022 22:00:00","BZN|EE","Without Sequence","51.47","",""
"26/03/2022 22:00:00 - 26/03/2022 23:00:00","BZN|EE","Without Sequence","114.98","",""
"26/03/2022 23:00:00 - 27/03/2022 00:00:00","BZN|EE","Without Sequence","56.96","",""
"27/03/2022 00:00:00 - 27/03/2022 01:00:00","BZN|EE","Without Sequence","53.12","",""
"27/03/2022 01:00:00 - 27/03/2022 02:00:00","BZN|EE","Without Sequence","100.07","",""
"27/03/2022 02:00:00 - 27/03/2022 03:00:00","BZN|EE","Without Sequence","47.04","",""
"27/03/2022 03:00:00 - 27/03/2022 04:00:00","BZN|EE","Without Sequence","49.17","",""
"27/03/2022 04:00:00 - 27/03/2022 05:00:00","BZN|EE","Without Sequence","114.62","",""
"27/03/2022 05:00:00 - 27/03/2022 06:00:00","BZN|EE","Without Sequence","100.71","",""
"27/03/2022 06:00:00 - 27/03/2022 07:00:00","BZN|EE","Without Sequence","100.92","",""
"27/03/2022 07:00:00 - 27/03/2022 08:00:00","BZN|EE","Without Sequence","107.16","",""
"27/03/2022 08:00:00 - 27/03/2022 09:00:00","BZN|EE","Without Sequence","88.19","",""
"27/03/2022 09:00:00 - 27/03/2022 10:00:00","BZN|EE","Without Sequence","82.79","",""
"27/03/2022 10:00:00 - 27/03/2022 11:00:00","BZN|EE","Without Sequence","50.02","",""
"27/03/2022 11:00:00 - 27/03/2022 12:00:00","BZN|EE","Without Sequence","33.48","",""
"27/03/2022 12:00:00 - 27/03/2022 13:00:00","BZN|EE","Without Sequence","18.99","",""
"27/03/2022 13:00:00 - 27/03/2022 14:00:00","BZN|EE","Without Sequence","18.92","",""
"27/03/2022 14:00:00 - 27/03/2022 15:00:00","BZN|EE","Without Sequence","18.93","",""
"27/03/2022 15:00:00 - 27/03/2022 16:00:00","BZN|EE","Without Sequence","138.76","",""
"27/03/2022 16:00:00 - 27/03/2022 17:00:00","BZN|EE","Without Sequence","157.96","",""
"27/03/2022 17:00:00 - 27/03/2022 18:00:00","BZN|EE","Without Sequence","157.96","",""
"27/03/2022 18:00:00 - 27/03/2022 19:00:00","BZN|EE","Without Sequence","157.92","",""
"27/03/2022 19:00:00 - 27/03/2022 20:00:00","BZN|EE","Without Sequence","157.90","",""
"27/03/2022 20:00:00 - 27/03/2022 21:00:00","BZN|EE","Without Sequence","13.13","",""
"27/03/2022 21:00:00 - 27/03/2022 22:00:00","BZN|EE","Without Sequence","11.60","",""
"27/03/2022 22:00:00 - 27/03/2022 23:00:00","BZN|EE","Without Sequence","95.02","",""
"27/03/2022 23:00:00 - 28/03/2022 00:00:00","BZN|EE","Without Sequence","8.05","",""
"28/03/2022 00:00:00 - 28/03/2022 01:00:00","BZN|EE","Without Sequence","7.83","",""
"28/03/2022 01:00:00 - 28/03/2022 02:00:00","BZN|EE","Without Sequence","8.81","",""
"28/03/2022 02:00:00 - 28/03/2022 03:00:00","BZN|EE","Without Sequence","10.46","",""
"28/03/2022 03:00:00 - 28/03/2022 04:00:00","BZN|EE","Without Sequence","12.03","",""
"28/03/2022 04:00:00 - 28/03/2022 05:00:00","BZN|EE","Without Sequence","136.16","",""
"28/03/2022 05:00:00 - 28/03/2022 06:00:00","BZN|EE","Without Sequence","118.45","",""
"28/03/2022 06:00:00 - 28/03/2022 07:00:00","BZN|EE","Without Sequence","118.44","",""
"28/03/2022 07:00:00 - 28/03/2022 08:00:00","BZN|EE","Without Sequence","95.48","",""
"28/03/2022 08:00:00 - 28/03/2022 09:00:00","BZN|EE","Without Sequence","87.12","",""
"28/03/2022 09:00:00 - 28/03/2022 10:00:00","BZN|EE","Without Sequence","14.35","",""
"28/03/2022 10:00:00 - 28/03/2022 11:00:00","BZN|EE","Without Sequence","78.73","",""
"28/03/2022 11:00:00 - 28/03/2022 12:00:00","BZN|EE","Without Sequence","74.63","",""
"28/03/2022 12:00:00 - 28/03/2022 13:00:00","BZN|EE","Without Sequence","20.80","",""
"28/03/2022 13:00:00 - 28/03/2022 14:00:00","BZN|EE","Without Sequence","14.04","",""
"28/03/2022 14:00:00 - 28/03/2022 15:00:00","BZN|EE","Without Sequence","14.48","",""
"28/03/2022 15:00:00 - 28/03/2022 16:00:00","BZN|EE","Without Sequence","90.09","",""
"28/03/2022 16:00:00 - 28/03/2022 17:00:00","BZN|EE","Without Sequence","109.45","",""
"28/03/2022 17:00:00 - 28/03/2022 18:00:00","BZN|EE","Without Sequence","124.11","",""
"28/03/2022 18:00:00 - 28/03/2022 19:00:00","BZN|EE","Without Sequence","136.54","",""
"28/03/2022 19:00:00 - 28/03/2022 20:00:00","BZN|EE","Without Sequence","21.08","",""
"28/03/2022 20:00:00 - 28/03/2022 21:00:00","BZN|EE","Without Sequence","95.07","",""
"28/03/2022 21:00:00 - 28/03/2022 22:00:00","BZN|EE","Without Sequence","118.39","",""
"28/03/2022 22:00:00 - 28/03/2022 23:00:00","BZN|EE","Without Sequence","138.46","",""
"28/03/2022 23:00:00 - 29/03/2022 00:00:00","BZN|EE","Without Sequence","128.45","",""
"29/03/2022 00:00:00 - 29/03/2022 01:00:00","BZN|EE","Without Sequence","135.25","",""
"29/03/2022 01:00:00 - 29/03/2022 02:00:00","BZN|EE","Without Sequence","133.07","",""
"29/03/2022 02:00:00 - 29/03/2022 03:00:00","BZN|EE","Without Sequence","134.97","",""
"29/03/2022 03:00:00 - 29/03/2022 04:00:00","BZN|EE","Without Sequence","145.93","",""
"29/03/2022 04:00:00 - 29/03/2022 05:00:00","BZN|EE","Without Sequence","207.90","",""
"29/03/2022 05:00:00 - 29/03/2022 06:00:00","BZN|EE","Without Sequence","246.68","",""
"29/03/2022 06:00:00 - 29/03/2022 07:00:00","BZN|EE","Without Sequence","276.97","",""
"29/03/2022 07:00:00 - 29/03/2022 08:00:00","BZN|EE","Without Sequence","226.76","",""
"29/03/2022 08:00:00 - 29/03/2022 09:00:00","BZN|EE","Without Sequence","214.60","",""
"29/03/2022 09:00:00 - 29/03/2022 10:00:00","BZN|EE","Without Sequence","210.06","",""
"29/03/2022 10:00:00 - 29/03/2022 11:00:00","BZN|EE","Without Sequence","202.42","",""
"29/03/2022 11:00:00 - 29/03/2022 12:00:00","BZN|EE","Without Sequence","199.18","",""
"29/03/2022 12:00:00 - 29/03/2022 13:00:00","BZN|EE","Without Sequence","197.28","",""
"29/03/2022 13:00:00 - 29/03/2022 14:00:00","BZN|EE","Without Sequence","193.82","",""
"29/03/2022 14:00:00 - 29/03/2022 15:00:00","BZN|EE","Without Sequence","195.34","",""
"29/03/2022 15:00:00 - 29/03/2022 16:00:00","BZN|EE","Without Sequence","199.64","",""
"29/03/2022 16:00:00 - 29/03/2022 17:00:00","BZN|EE","Without Sequence","220.06","",""
"29/03/2022 17:00:00 - 29/03/2022 18:00:00","BZN|EE","Without Sequence","255.09","",""
"29/03/2022 18:00:00 - 29/03/2022 19:00:00","BZN|EE","Without Sequence","225.04","",""
"29/03/2022 19:00:00 - 29/03/2022 20:00:00","BZN|EE","Without Sequence","203.59","",""
"29/03/2022 20:00:00 - 29/03/2022 21:00:00","BZN|EE","Without Sequence","199.63","",""
"29/03/2022 21:00:00 - 29/03/2022 22:00:00","BZN|EE","Without Sequence","191.60","",""
"29/03/2022 22:00:00 - 29/03/2022 23:00:00","BZN|EE","Without Sequence","197.15","",""
"29/03/2022 23:00:00 - 30/03/2022 00:00:00","BZN|EE","Without Sequence","183.36","",""
"30/03/2022 00:00:00 - 30/03/2022 01:00:00","BZN|EE","Without Sequence","169.29","",""
"30/03/2022 01:00:00 - 30/03/2022 02:00:00","BZN|EE","Without Sequence","174.84","",""
"30/03/2022 02:00:00 - 30/03/2022 03:00:00","BZN|EE","Without Sequence","64.83","",""
"30/03/2022 03:00:00 - 30/03/2022 04:00:00","BZN|EE","Without Sequence","200.88","",""
"30/03/2022 04:00:00 - 30/03/2022 05:00:00","BZN|EE","Without Sequence","215.14","",""
"30/03/2022 05:00:00 - 30/03/2022 06:00:00","BZN|EE","Without Sequence","244.39","",""
"30/03/2022 06:00:00 - 30/03/2022 07:00:00","BZN|EE","Without Sequence","244.37","",""
"30/03/2022 07:00:00 - 30/03/2022 08:00:00","BZN|EE","Without Sequence","236.07","",""
"30/03/2022 08:00:00 - 30/03/2022 09:00:00","BZN|EE","Without Sequence","124.02","",""
"30/03/2022 09:00:00 - 30/03/2022 10:00:00","BZN|EE","Without Sequence","125.09","",""
"30/03/2022 10:00:00 - 30/03/2022 11:00:00","BZN|EE","Without Sequence","210.58","",""
"30/03/2022 11:00:00 - 30/03/2022 12:00:00","BZN|EE","Without Sequence","119.98","",""
"30/03/2022 12:00:00 - 30/03/2022 13:00:00","BZN|EE","Without Sequence","202.94","",""
"30/03/2022 13:00:00 - 30/03/2022 14:00:00","BZN|EE","Without Sequence","202.75","",""
"30/03/2022 14:00:00 - 30/03/2022 15:00:00","BZN|EE","Without Sequence","126.14","",""
"30/03/2022 15:00:00 - 30/03/2022 16:00:00","BZN|EE","Without Sequence","156.08","",""
"30/03/2022 16:00:00 - 30/03/2022 17:00:00","BZN|EE","Without Sequence","155.15","",""
"30/03/2022 17:00:00 - 30/03/2022 18:00:00","BZN|EE","Without Sequence","231.89","",""
"30/03/2022 18:00:00 - 30/03/2022 19:00:00","BZN|EE","Without Sequence","233.97","",""
"30/03/2022 19:00:00 - 30/03/2022 20:00:00","BZN|EE","Without Sequence","219.27","",""
"30/03/2022 20:00:00 - 30/03/2022 21:00:00","BZN|EE","Without Sequence","213.52","",""
"30/03/2022 21:00:00 - 30/03/2022 22:00:00","BZN|EE","Without Sequence","197.92","",""
"30/03/2022 22:00:00 - 30/03/2022 23:00:00","BZN|EE","Without Sequence","159.05","",""
"30/03/2022 23:00:00 - 31/03/2022 00:00:00","BZN|EE","Without Sequence","150.64","",""
"31/03/2022 00:00:00 - 31/03/2022 01:00:00","BZN|EE","Without Sequence","107.07","",""
"31/03/2022 01:00:00 - 31/03/2022 02:00:00","BZN|EE","Without Sequence","109.97","",""
"31/03/2022 02:00:00 - 31/03/2022 03:00:00","BZN|EE","Without Sequence","150.02","",""
"31/03/2022 03:00:00 - 31/03/2022 04:00:00","BZN|EE","Without Sequence","178.75","",""
"31/03/2022 04:00:00 - 31/03/2022 05:00:00","BZN|EE","Without Sequence","246.37","",""
"31/03/2022 05:00:00 - 31/03/2022 06:00:00","BZN|EE","Without Sequence","294.00","",""
"31/03/2022 06:00:00 - 31/03/2022 07:00:00","BZN|EE","Without Sequence","323.56","",""
"31/03/2022 07:00:00 - 31/03/2022 08:00:00","BZN|EE","Without Sequence","256.29","",""
"31/03/2022 08:00:00 - 31/03/2022 09:00:00","BZN|EE","Without Sequence","224.49","",""
"31/03/2022 09:00:00 - 31/03/2022 10:00:00","BZN|EE","Without Sequence","212.73","",""
"31/03/2022 10:00:00 - 31/03/2022 11:00:00","BZN|EE","Without Sequence","203.92","",""
"31/03/2022 11:00:00 - 31/03/2022 12:00:00","BZN|EE","Without Sequence","193.43","",""
"31/03/2022 12:00:00 - 31/03/2022 13:00:00","BZN|EE","Without Sequence","190.80","",""
"31/03/2022 13:00:00 - 31/03/2022 14:00:00","BZN|EE","Without Sequence","185.62","",""
"31/03/2022 14:00:00 - 31/03/2022 15:00:00","BZN|EE","Without Sequence","184.96","",""
"31/03/2022 15:00:00 - 31/03/2022 16:00:00","BZN|EE","Without Sequence","188.01","",""
"31/03/2022 16:00:00 - 31/03/2022 17:00:00","BZN|EE","Without Sequence","200.01","",""
"31/03/2022 17:00:00 - 31/03/2022 18:00:00","BZN|EE","Without Sequence","223.98","",""
"31/03/2022 18:00:00 - 31/03/2022 19:00:00","BZN|EE","Without Sequence","199.08","",""
"31/03/2022 19:00:00 - 31/03/2022 20:00:00","BZN|EE","Without Sequence","164.35","",""
"31/03/2022 20:00:00 - 31/03/2022 21:00:00","BZN|EE","Without Sequence","150.64","",""
"31/03/2022 21:00:00 - 31/03/2022 22:00:00","BZN|EE","Without Sequence","120.08","",""
"31/03/2022 22:00:00 - 31/03/2022 23:00:00","BZN|EE","Without Sequence","111.72","",""
"31/03/2022 23:00:00 - 01/04/2022 00:00:00","BZN|EE","Without Sequence","99.64","",""
"01/04/2022 00:00:00 - 01/04/2022 01:00:00","BZN|EE","Without Sequence","94.48","",""
"01/04/2022 01:00:00 - 01/04/2022 02:00:00","BZN|EE","Without Sequence","99.59","",""
"01/04/2022 02:00:00 - 01/04/2022 03:00:00","BZN|EE","Without Sequence","109.02","",""
"01/04/2022 03:00:00 - 01/04/2022 04:00:00","BZN|EE","Without Sequence","136.65","",""
"01/04/2022 04:00:00 - 01/04/2022 05:00:00","BZN|EE","Without Sequence","181.41","",""
"01/04/2022 05:00:00 - 01/04/2022 06:00:00","BZN|EE","Without Sequence","200.03","",""
"01/04/2022 06:00:00 - 01/04/2022 07:00:00","BZN|EE","Without Sequence","208.47","",""
"01/04/2022 07:00:00 - 01/04/2022 08:00:00","BZN|EE","Without Sequence","200.35","",""
"01/04/2022 08:00:00 - 01/04/2022 09:00:00","BZN|EE","Without Sequence","193.08","",""
"01/04/2022 09:00:00 - 01/04/2022 10:00:00","BZN|EE","Without Sequence","181.14","",""
"01/04/2022 10:00:00 - 01/04/2022 11:00:00","BZN|EE","Without Sequence","171.94","",""
"01/04/2022 11:00:00 - 01/04/2022 12:00:00","BZN|EE","Without Sequence","159.91","",""
"01/04/2022 12:00:00 - 01/04/2022 13:00:00","BZN|EE","Without Sequence","143.57","",""
"01/04/2022 13:00:00 - 01/04/2022 14:00:00","BZN|EE","Without Sequence","109.95","",""
"01/04/2022 14:00:00 - 01/04/2022 15:00:00","BZN|EE","Without Sequence","138.92","",""
"01/04/2022 15:00:00 - 01/04/2022 16:00:00","BZN|EE","Without Sequence","172.40","",""
"01/04/2022 16:00:00 - 01/04/2022 17:00:00","BZN|EE","Without Sequence","191.70","",""
"01/04/2022 17:00:00 - 01/04/2022 18:00:00","BZN|EE","Without Sequence","201.01","",""
"01/04/2022 18:00:00 - 01/04/2022 19:00:00","BZN|EE","Without Sequence","195.38","",""
"01/04/2022 19:00:00 - 01/04/2022 20:00:00","BZN|EE","Without Sequence","174.92","",""
"01/04/2022 20:00:00 - 01/04/2022 21:00:00","BZN|EE","Without Sequence","137.69","",""
"01/04/2022 21:00:00 - 01/04/2022 22:00:00","BZN|EE","Without Sequence","117.77","",""
"01/04/2022 22:00:00 - 01/04/2022 23:00:00","BZN|EE","Without Sequence","107.71","",""
"01/04/2022 23:00:00 - 02/04/2022 00:00:00","BZN|EE","Without Sequence","97.99","",""
"02/04/2022 00:00:00 - 02/04/2022 01:00:00","BZN|EE","Without Sequence","99.99","",""
"02/04/2022 01:00:00 - 02/04/2022 02:00:00","BZN|EE","Without Sequence","98.79","",""
"02/04/2022 02:00:00 - 02/04/2022 03:00:00","BZN|EE","Without Sequence","99.33","",""
"02/04/2022 03:00:00 - 02/04/2022 04:00:00","BZN|EE","Without Sequence","91.56","",""
"02/04/2022 04:00:00 - 02/04/2022 05:00:00","BZN|EE","Without Sequence","104.45","",""
"02/04/2022 05:00:00 - 02/04/2022 06:00:00","BZN|EE","Without Sequence","122.58","",""
"02/04/2022 06:00:00 - 02/04/2022 07:00:00","BZN|EE","Without Sequence","140.17","",""
"02/04/2022 07:00:00 - 02/04/2022 08:00:00","BZN|EE","Without Sequence","154.94","",""
"02/04/2022 08:00:00 - 02/04/2022 09:00:00","BZN|EE","Without Sequence","137.43","",""
"02/04/2022 09:00:00 - 02/04/2022 10:00:00","BZN|EE","Without Sequence","89.95","",""
"02/04/2022 10:00:00 - 02/04/2022 11:00:00","BZN|EE","Without Sequence","103.35","",""
"02/04/2022 11:00:00 - 02/04/2022 12:00:00","BZN|EE","Without Sequence","107.60","",""
"02/04/2022 12:00:00 - 02/04/2022 13:00:00","BZN|EE","Without Sequence","25.28","",""
"02/04/2022 13:00:00 - 02/04/2022 14:00:00","BZN|EE","Without Sequence","104.42","",""
"02/04/2022 14:00:00 - 02/04/2022 15:00:00","BZN|EE","Without Sequence","107.78","",""
"02/04/2022 15:00:00 - 02/04/2022 16:00:00","BZN|EE","Without Sequence","45.64","",""
"02/04/2022 16:00:00 - 02/04/2022 17:00:00","BZN|EE","Without Sequence","140.00","",""
"02/04/2022 17:00:00 - 02/04/2022 18:00:00","BZN|EE","Without Sequence","183.29","",""
"02/04/2022 18:00:00 - 02/04/2022 19:00:00","BZN|EE","Without Sequence","213.74","",""
"02/04/2022 19:00:00 - 02/04/2022 20:00:00","BZN|EE","Without Sequence","88.99","",""
"02/04/2022 20:00:00 - 02/04/2022 21:00:00","BZN|EE","Without Sequence","117.84","",""
"02/04/2022 21:00:00 - 02/04/2022 22:00:00","BZN|EE","Without Sequence","116.45","",""
"02/04/2022 22:00:00 - 02/04/2022 23:00:00","BZN|EE","Without Sequence","98.96","",""
"02/04/2022 23:00:00 - 03/04/2022 00:00:00","BZN|EE","Without Sequence","98.61","",""
"03/04/2022 00:00:00 - 03/04/2022 01:00:00","BZN|EE","Without Sequence","98.51","",""
"03/04/2022 01:00:00 - 03/04/2022 02:00:00","BZN|EE","Without Sequence","97.93","",""
"03/04/2022 02:00:00 - 03/04/2022 03:00:00","BZN|EE","Without Sequence","98.51","",""
"03/04/2022 03:00:00 - 03/04/2022 04:00:00","BZN|EE","Without Sequence","98.46","",""
"03/04/2022 04:00:00 - 03/04/2022 05:00:00","BZN|EE","Without Sequence","97.82","",""
"03/04/2022 05:00:00 - 03/04/2022 06:00:00","BZN|EE","Without Sequence","85.85","",""
"03/04/2022 06:00:00 - 03/04/2022 07:00:00","BZN|EE","Without Sequence","86.14","",""
"03/04/2022 07:00:00 - 03/04/2022 08:00:00","BZN|EE","Without Sequence","87.79","",""
"03/04/2022 08:00:00 - 03/04/2022 09:00:00","BZN|EE","Without Sequence","85.41","",""
"03/04/2022 09:00:00 - 03/04/2022 10:00:00","BZN|EE","Without Sequence","61.94","",""
"03/04/2022 10:00:00 - 03/04/2022 11:00:00","BZN|EE","Without Sequence","87.53","",""
"03/04/2022 11:00:00 - 03/04/2022 12:00:00","BZN|EE","Without Sequence","87.81","",""
"03/04/2022 12:00:00 - 03/04/2022 13:00:00","BZN|EE","Without Sequence","87.66","",""
"03/04/2022 13:00:00 - 03/04/2022 14:00:00","BZN|EE","Without Sequence","48.71","",""
"03/04/2022 14:00:00 - 03/04/2022 15:00:00","BZN|EE","Without Sequence","48.55","",""
"03/04/2022 15:00:00 - 03/04/2022 16:00:00","BZN|EE","Without Sequence","58.93","",""
"03/04/2022 16:00:00 - 03/04/2022 17:00:00","BZN|EE","Without Sequence","68.66","",""
"03/04/2022 17:00:00 - 03/04/2022 18:00:00","BZN|EE","Without Sequence","158.31","",""
"03/04/2022 18:00:00 - 03/04/2022 19:00:00","BZN|EE","Without Sequence","69.95","",""
"03/04/2022 19:00:00 - 03/04/2022 20:00:00","BZN|EE","Without Sequence","130.93","",""
"03/04/2022 20:00:00 - 03/04/2022 21:00:00","BZN|EE","Without Sequence","99.34","",""
"03/04/2022 21:00:00 - 03/04/2022 22:00:00","BZN|EE","Without Sequence","85.76","",""
"03/04/2022 22:00:00 - 03/04/2022 23:00:00","BZN|EE","Without Sequence","86.22","",""
"03/04/2022 23:00:00 - 04/04/2022 00:00:00","BZN|EE","Without Sequence","48.40","",""
"04/04/2022 00:00:00 - 04/04/2022 01:00:00","BZN|EE","Without Sequence","46.93","",""
"04/04/2022 01:00:00 - 04/04/2022 02:00:00","BZN|EE","Without Sequence","45.28","",""
"04/04/2022 02:00:00 - 04/04/2022 03:00:00","BZN|EE","Without Sequence","42.52","",""
"04/04/2022 03:00:00 - 04/04/2022 04:00:00","BZN|EE","Without Sequence","63.71","",""
"04/04/2022 04:00:00 - 04/04/2022 05:00:00","BZN|EE","Without Sequence","109.96","",""
"04/04/2022 05:00:00 - 04/04/2022 06:00:00","BZN|EE","Without Sequence","120.60","",""
"04/04/2022 06:00:00 - 04/04/2022 07:00:00","BZN|EE","Without Sequence","101.16","",""
"04/04/2022 07:00:00 - 04/04/2022 08:00:00","BZN|EE","Without Sequence","87.60","",""
"04/04/2022 08:00:00 - 04/04/2022 09:00:00","BZN|EE","Without Sequence","86.59","",""
"04/04/2022 09:00:00 - 04/04/2022 10:00:00","BZN|EE","Without Sequence","86.66","",""
"04/04/2022 10:00:00 - 04/04/2022 11:00:00","BZN|EE","Without Sequence","87.78","",""
"04/04/2022 11:00:00 - 04/04/2022 12:00:00","BZN|EE","Without Sequence","86.37","",""
"04/04/2022 12:00:00 - 04/04/2022 13:00:00","BZN|EE","Without Sequence","85.27","",""
"04/04/2022 13:00:00 - 04/04/2022 14:00:00","BZN|EE","Without Sequence","48.38","",""
"04/04/2022 14:00:00 - 04/04/2022 15:00:00","BZN|EE","Without Sequence","48.40","",""
"04/04/2022 15:00:00 - 04/04/2022 16:00:00","BZN|EE","Without Sequence","68.62","",""
"04/04/2022 16:00:00 - 04/04/2022 17:00:00","BZN|EE","Without Sequence","69.93","",""
"04/04/2022 17:00:00 - 04/04/2022 18:00:00","BZN|EE","Without Sequence","74.86","",""
"04/04/2022 18:00:00 - 04/04/2022 19:00:00","BZN|EE","Without Sequence","72.74","",""
"04/04/2022 19:00:00 - 04/04/2022 20:00:00","BZN|EE","Without Sequence","63.43","",""
"04/04/2022 20:00:00 - 04/04/2022 21:00:00","BZN|EE","Without Sequence","55.89","",""
"04/04/2022 21:00:00 - 04/04/2022 22:00:00","BZN|EE","Without Sequence","50.01","",""
"04/04/2022 22:00:00 - 04/04/2022 23:00:00","BZN|EE","Without Sequence","17.44","",""
"04/04/2022 23:00:00 - 05/04/2022 00:00:00","BZN|EE","Without Sequence","17.02","",""
"05/04/2022 00:00:00 - 05/04/2022 01:00:00","BZN|EE","Without Sequence","16.94","",""
"05/04/2022 01:00:00 - 05/04/2022 02:00:00","BZN|EE","Without Sequence","17.50","",""
"05/04/2022 02:00:00 - 05/04/2022 03:00:00","BZN|EE","Without Sequence","19.22","",""
"05/04/2022 03:00:00 - 05/04/2022 04:00:00","BZN|EE","Without Sequence","30.90","",""
"05/04/2022 04:00:00 - 05/04/2022 05:00:00","BZN|EE","Without Sequence","64.99","",""
"05/04/2022 05:00:00 - 05/04/2022 06:00:00","BZN|EE","Without Sequence","122.06","",""
"05/04/2022 06:00:00 - 05/04/2022 07:00:00","BZN|EE","Without Sequence","186.15","",""
"05/04/2022 07:00:00 - 05/04/2022 08:00:00","BZN|EE","Without Sequence","118.90","",""
"05/04/2022 08:00:00 - 05/04/2022 09:00:00","BZN|EE","Without Sequence","108.79","",""
"05/04/2022 09:00:00 - 05/04/2022 10:00:00","BZN|EE","Without Sequence","100.35","",""
"05/04/2022 10:00:00 - 05/04/2022 11:00:00","BZN|EE","Without Sequence","72.68","",""
"05/04/2022 11:00:00 - 05/04/2022 12:00:00","BZN|EE","Without Sequence","95.45","",""
"05/04/2022 12:00:00 - 05/04/2022 13:00:00","BZN|EE","Without Sequence","90.15","",""
"05/04/2022 13:00:00 - 05/04/2022 14:00:00","BZN|EE","Without Sequence","105.74","",""
"05/04/2022 14:00:00 - 05/04/2022 15:00:00","BZN|EE","Without Sequence","32.29","",""
"05/04/2022 15:00:00 - 05/04/2022 16:00:00","BZN|EE","Without Sequence","49.87","",""
"05/04/2022 16:00:00 - 05/04/2022 17:00:00","BZN|EE","Without Sequence","118.64","",""
"05/04/2022 17:00:00 - 05/04/2022 18:00:00","BZN|EE","Without Sequence","189.56","",""
"05/04/2022 18:00:00 - 05/04/2022 19:00:00","BZN|EE","Without Sequence","199.98","",""
"05/04/2022 19:00:00 - 05/04/2022 20:00:00","BZN|EE","Without Sequence","145.01","",""
"05/04/2022 20:00:00 - 05/04/2022 21:00:00","BZN|EE","Without Sequence","26.22","",""
"05/04/2022 21:00:00 - 05/04/2022 22:00:00","BZN|EE","Without Sequence","55.00","",""
"05/04/2022 22:00:00 - 05/04/2022 23:00:00","BZN|EE","Without Sequence","60.08","",""
"05/04/2022 23:00:00 - 06/04/2022 00:00:00","BZN|EE","Without Sequence","60.08","",""
"06/04/2022 00:00:00 - 06/04/2022 01:00:00","BZN|EE","Without Sequence","99.79","",""
"06/04/2022 01:00:00 - 06/04/2022 02:00:00","BZN|EE","Without Sequence","99.70","",""
"06/04/2022 02:00:00 - 06/04/2022 03:00:00","BZN|EE","Without Sequence","104.97","",""
"06/04/2022 03:00:00 - 06/04/2022 04:00:00","BZN|EE","Without Sequence","118.48","",""
"06/04/2022 04:00:00 - 06/04/2022 05:00:00","BZN|EE","Without Sequence","165.60","",""
"06/04/2022 05:00:00 - 06/04/2022 06:00:00","BZN|EE","Without Sequence","177.84","",""
"06/04/2022 06:00:00 - 06/04/2022 07:00:00","BZN|EE","Without Sequence","179.61","",""
"06/04/2022 07:00:00 - 06/04/2022 08:00:00","BZN|EE","Without Sequence","159.36","",""
"06/04/2022 08:00:00 - 06/04/2022 09:00:00","BZN|EE","Without Sequence","100.04","",""
"06/04/2022 09:00:00 - 06/04/2022 10:00:00","BZN|EE","Without Sequence","77.08","",""
"06/04/2022 10:00:00 - 06/04/2022 11:00:00","BZN|EE","Without Sequence","91.54","",""
"06/04/2022 11:00:00 - 06/04/2022 12:00:00","BZN|EE","Without Sequence","97.24","",""
"06/04/2022 12:00:00 - 06/04/2022 13:00:00","BZN|EE","Without Sequence","93.91","",""
"06/04/2022 13:00:00 - 06/04/2022 14:00:00","BZN|EE","Without Sequence","92.91","",""
"06/04/2022 14:00:00 - 06/04/2022 15:00:00","BZN|EE","Without Sequence","99.46","",""
"06/04/2022 15:00:00 - 06/04/2022 16:00:00","BZN|EE","Without Sequence","126.26","",""
"06/04/2022 16:00:00 - 06/04/2022 17:00:00","BZN|EE","Without Sequence","165.54","",""
"06/04/2022 17:00:00 - 06/04/2022 18:00:00","BZN|EE","Without Sequence","178.43","",""
"06/04/2022 18:00:00 - 06/04/2022 19:00:00","BZN|EE","Without Sequence","171.00","",""
"06/04/2022 19:00:00 - 06/04/2022 20:00:00","BZN|EE","Without Sequence","132.42","",""
"06/04/2022 20:00:00 - 06/04/2022 21:00:00","BZN|EE","Without Sequence","109.11","",""
"06/04/2022 21:00:00 - 06/04/2022 22:00:00","BZN|EE","Without Sequence","98.60","",""
"06/04/2022 22:00:00 - 06/04/2022 23:00:00","BZN|EE","Without Sequence","81.73","",""
"06/04/2022 23:00:00 - 07/04/2022 00:00:00","BZN|EE","Without Sequence","72.17","",""
"07/04/2022 00:00:00 - 07/04/2022 01:00:00","BZN|EE","Without Sequence","69.23","",""
"07/04/2022 01:00:00 - 07/04/2022 02:00:00","BZN|EE","Without Sequence","71.48","",""
"07/04/2022 02:00:00 - 07/04/2022 03:00:00","BZN|EE","Without Sequence","74.79","",""
"07/04/2022 03:00:00 - 07/04/2022 04:00:00","BZN|EE","Without Sequence","74.13","",""
"07/04/2022 04:00:00 - 07/04/2022 05:00:00","BZN|EE","Without Sequence","87.07","",""
"07/04/2022 05:00:00 - 07/04/2022 06:00:00","BZN|EE","Without Sequence","136.61","",""
"07/04/2022 06:00:00 - 07/04/2022 07:00:00","BZN|EE","Without Sequence","151.41","",""
"07/04/2022 07:00:00 - 07/04/2022 08:00:00","BZN|EE","Without Sequence","95.96","",""
"07/04/2022 08:00:00 - 07/04/2022 09:00:00","BZN|EE","Without Sequence","90.42","",""
"07/04/2022 09:00:00 - 07/04/2022 10:00:00","BZN|EE","Without Sequence","87.16","",""
"07/04/2022 10:00:00 - 07/04/2022 11:00:00","BZN|EE","Without Sequence","86.68","",""
"07/04/2022 11:00:00 - 07/04/2022 12:00:00","BZN|EE","Without Sequence","84.67","",""
"07/04/2022 12:00:00 - 07/04/2022 13:00:00","BZN|EE","Without Sequence","84.90","",""
"07/04/2022 13:00:00 - 07/04/2022 14:00:00","BZN|EE","Without Sequence","86.91","",""
"07/04/2022 14:00:00 - 07/04/2022 15:00:00","BZN|EE","Without Sequence","87.68","",""
"07/04/2022 15:00:00 - 07/04/2022 16:00:00","BZN|EE","Without Sequence","87.63","",""
"07/04/2022 16:00:00 - 07/04/2022 17:00:00","BZN|EE","Without Sequence","87.91","",""
"07/04/2022 17:00:00 - 07/04/2022 18:00:00","BZN|EE","Without Sequence","104.52","",""
"07/04/2022 18:00:00 - 07/04/2022 19:00:00","BZN|EE","Without Sequence","111.75","",""
"07/04/2022 19:00:00 - 07/04/2022 20:00:00","BZN|EE","Without Sequence","54.68","",""
"07/04/2022 20:00:00 - 07/04/2022 21:00:00","BZN|EE","Without Sequence","45.08","",""
"07/04/2022 21:00:00 - 07/04/2022 22:00:00","BZN|EE","Without Sequence","27.35","",""
"07/04/2022 22:00:00 - 07/04/2022 23:00:00","BZN|EE","Without Sequence","14.33","",""
"07/04/2022 23:00:00 - 08/04/2022 00:00:00","BZN|EE","Without Sequence","9.84","",""
"08/04/2022 00:00:00 - 08/04/2022 01:00:00","BZN|EE","Without Sequence","54.50","",""
"08/04/2022 01:00:00 - 08/04/2022 02:00:00","BZN|EE","Without Sequence","5.00","",""
"08/04/2022 02:00:00 - 08/04/2022 03:00:00","BZN|EE","Without Sequence","8.79","",""
"08/04/2022 03:00:00 - 08/04/2022 04:00:00","BZN|EE","Without Sequence","19.85","",""
"08/04/2022 04:00:00 - 08/04/2022 05:00:00","BZN|EE","Without Sequence","49.34","",""
"08/04/2022 05:00:00 - 08/04/2022 06:00:00","BZN|EE","Without Sequence","92.44","",""
"08/04/2022 06:00:00 - 08/04/2022 07:00:00","BZN|EE","Without Sequence","95.87","",""
"08/04/2022 07:00:00 - 08/04/2022 08:00:00","BZN|EE","Without Sequence","84.91","",""
"08/04/2022 08:00:00 - 08/04/2022 09:00:00","BZN|EE","Without Sequence","81.85","",""
"08/04/2022 09:00:00 - 08/04/2022 10:00:00","BZN|EE","Without Sequence","84.42","",""
"08/04/2022 10:00:00 - 08/04/2022 11:00:00","BZN|EE","Without Sequence","64.26","",""
"08/04/2022 11:00:00 - 08/04/2022 12:00:00","BZN|EE","Without Sequence","41.68","",""
"08/04/2022 12:00:00 - 08/04/2022 13:00:00","BZN|EE","Without Sequence","25.95","",""
"08/04/2022 13:00:00 - 08/04/2022 14:00:00","BZN|EE","Without Sequence","34.90","",""
"08/04/2022 14:00:00 - 08/04/2022 15:00:00","BZN|EE","Without Sequence","30.56","",""
"08/04/2022 15:00:00 - 08/04/2022 16:00:00","BZN|EE","Without Sequence","100.16","",""
"08/04/2022 16:00:00 - 08/04/2022 17:00:00","BZN|EE","Without Sequence","25.69","",""
"08/04/2022 17:00:00 - 08/04/2022 18:00:00","BZN|EE","Without Sequence","105.01","",""
"08/04/2022 18:00:00 - 08/04/2022 19:00:00","BZN|EE","Without Sequence","26.06","",""
"08/04/2022 19:00:00 - 08/04/2022 20:00:00","BZN|EE","Without Sequence","25.36","",""
"08/04/2022 20:00:00 - 08/04/2022 21:00:00","BZN|EE","Without Sequence","22.93","",""
"08/04/2022 21:00:00 - 08/04/2022 22:00:00","BZN|EE","Without Sequence","25.09","",""
"08/04/2022 22:00:00 - 08/04/2022 23:00:00","BZN|EE","Without Sequence","25.58","",""
"08/04/2022 23:00:00 - 09/04/2022 00:00:00","BZN|EE","Without Sequence","25.64","",""
"09/04/2022 00:00:00 - 09/04/2022 01:00:00","BZN|EE","Without Sequence","25.66","",""
"09/04/2022 01:00:00 - 09/04/2022 02:00:00","BZN|EE","Without Sequence","26.40","",""
"09/04/2022 02:00:00 - 09/04/2022 03:00:00","BZN|EE","Without Sequence","30.19","",""
"09/04/2022 03:00:00 - 09/04/2022 04:00:00","BZN|EE","Without Sequence","33.76","",""
"09/04/2022 04:00:00 - 09/04/2022 05:00:00","BZN|EE","Without Sequence","31.64","",""
"09/04/2022 05:00:00 - 09/04/2022 06:00:00","BZN|EE","Without Sequence","28.95","",""
"09/04/2022 06:00:00 - 09/04/2022 07:00:00","BZN|EE","Without Sequence","35.22","",""
"09/04/2022 07:00:00 - 09/04/2022 08:00:00","BZN|EE","Without Sequence","36.11","",""
"09/04/2022 08:00:00 - 09/04/2022 09:00:00","BZN|EE","Without Sequence","25.36","",""
"09/04/2022 09:00:00 - 09/04/2022 10:00:00","BZN|EE","Without Sequence","21.80","",""
"09/04/2022 10:00:00 - 09/04/2022 11:00:00","BZN|EE","Without Sequence","22.20","",""
"09/04/2022 11:00:00 - 09/04/2022 12:00:00","BZN|EE","Without Sequence","21.73","",""
"09/04/2022 12:00:00 - 09/04/2022 13:00:00","BZN|EE","Without Sequence","20.69","",""
"09/04/2022 13:00:00 - 09/04/2022 14:00:00","BZN|EE","Without Sequence","20.72","",""
"09/04/2022 14:00:00 - 09/04/2022 15:00:00","BZN|EE","Without Sequence","19.01","",""
"09/04/2022 15:00:00 - 09/04/2022 16:00:00","BZN|EE","Without Sequence","22.44","",""
"09/04/2022 16:00:00 - 09/04/2022 17:00:00","BZN|EE","Without Sequence","36.31","",""
"09/04/2022 17:00:00 - 09/04/2022 18:00:00","BZN|EE","Without Sequence","39.93","",""
"09/04/2022 18:00:00 - 09/04/2022 19:00:00","BZN|EE","Without Sequence","34.61","",""
"09/04/2022 19:00:00 - 09/04/2022 20:00:00","BZN|EE","Without Sequence","35.40","",""
"09/04/2022 20:00:00 - 09/04/2022 21:00:00","BZN|EE","Without Sequence","65.06","",""
"09/04/2022 21:00:00 - 09/04/2022 22:00:00","BZN|EE","Without Sequence","30.05","",""
"09/04/2022 22:00:00 - 09/04/2022 23:00:00","BZN|EE","Without Sequence","25.49","",""
"09/04/2022 23:00:00 - 10/04/2022 00:00:00","BZN|EE","Without Sequence","24.57","",""
"10/04/2022 00:00:00 - 10/04/2022 01:00:00","BZN|EE","Without Sequence","24.00","",""
"10/04/2022 01:00:00 - 10/04/2022 02:00:00","BZN|EE","Without Sequence","23.72","",""
"10/04/2022 02:00:00 - 10/04/2022 03:00:00","BZN|EE","Without Sequence","23.70","",""
"10/04/2022 03:00:00 - 10/04/2022 04:00:00","BZN|EE","Without Sequence","24.65","",""
"10/04/2022 04:00:00 - 10/04/2022 05:00:00","BZN|EE","Without Sequence","23.53","",""
"10/04/2022 05:00:00 - 10/04/2022 06:00:00","BZN|EE","Without Sequence","25.28","",""
"10/04/2022 06:00:00 - 10/04/2022 07:00:00","BZN|EE","Without Sequence","26.49","",""
"10/04/2022 07:00:00 - 10/04/2022 08:00:00","BZN|EE","Without Sequence","21.93","",""
"10/04/2022 08:00:00 - 10/04/2022 09:00:00","BZN|EE","Without Sequence","12.59","",""
"10/04/2022 09:00:00 - 10/04/2022 10:00:00","BZN|EE","Without Sequence","13.00","",""
"10/04/2022 10:00:00 - 10/04/2022 11:00:00","BZN|EE","Without Sequence","8.75","",""
"10/04/2022 11:00:00 - 10/04/2022 12:00:00","BZN|EE","Without Sequence","8.44","",""
"10/04/2022 12:00:00 - 10/04/2022 13:00:00","BZN|EE","Without Sequence","5.13","",""
"10/04/2022 13:00:00 - 10/04/2022 14:00:00","BZN|EE","Without Sequence","5.00","",""
"10/04/2022 14:00:00 - 10/04/2022 15:00:00","BZN|EE","Without Sequence","8.52","",""
"10/04/2022 15:00:00 - 10/04/2022 16:00:00","BZN|EE","Without Sequence","14.86","",""
"10/04/2022 16:00:00 - 10/04/2022 17:00:00","BZN|EE","Without Sequence","24.35","",""
"10/04/2022 17:00:00 - 10/04/2022 18:00:00","BZN|EE","Without Sequence","29.91","",""
"10/04/2022 18:00:00 - 10/04/2022 19:00:00","BZN|EE","Without Sequence","64.00","",""
"10/04/2022 19:00:00 - 10/04/2022 20:00:00","BZN|EE","Without Sequence","24.51","",""
"10/04/2022 20:00:00 - 10/04/2022 21:00:00","BZN|EE","Without Sequence","14.62","",""
"10/04/2022 21:00:00 - 10/04/2022 22:00:00","BZN|EE","Without Sequence","18.01","",""
"10/04/2022 22:00:00 - 10/04/2022 23:00:00","BZN|EE","Without Sequence","22.66","",""
"10/04/2022 23:00:00 - 11/04/2022 00:00:00","BZN|EE","Without Sequence","20.20","",""
"11/04/2022 00:00:00 - 11/04/2022 01:00:00","BZN|EE","Without Sequence","21.78","",""
"11/04/2022 01:00:00 - 11/04/2022 02:00:00","BZN|EE","Without Sequence","24.52","",""
"11/04/2022 02:00:00 - 11/04/2022 03:00:00","BZN|EE","Without Sequence","25.87","",""
"11/04/2022 03:00:00 - 11/04/2022 04:00:00","BZN|EE","Without Sequence","65.09","",""
"11/04/2022 04:00:00 - 11/04/2022 05:00:00","BZN|EE","Without Sequence","169.14","",""
"11/04/2022 05:00:00 - 11/04/2022 06:00:00","BZN|EE","Without Sequence","255.01","",""
"11/04/2022 06:00:00 - 11/04/2022 07:00:00","BZN|EE","Without Sequence","275.91","",""
"11/04/2022 07:00:00 - 11/04/2022 08:00:00","BZN|EE","Without Sequence","217.39","",""
"11/04/2022 08:00:00 - 11/04/2022 09:00:00","BZN|EE","Without Sequence","199.66","",""
"11/04/2022 09:00:00 - 11/04/2022 10:00:00","BZN|EE","Without Sequence","109.96","",""
"11/04/2022 10:00:00 - 11/04/2022 11:00:00","BZN|EE","Without Sequence","182.02","",""
"11/04/2022 11:00:00 - 11/04/2022 12:00:00","BZN|EE","Without Sequence","103.93","",""
"11/04/2022 12:00:00 - 11/04/2022 13:00:00","BZN|EE","Without Sequence","98.29","",""
"11/04/2022 13:00:00 - 11/04/2022 14:00:00","BZN|EE","Without Sequence","99.99","",""
"11/04/2022 14:00:00 - 11/04/2022 15:00:00","BZN|EE","Without Sequence","140.02","",""
"11/04/2022 15:00:00 - 11/04/2022 16:00:00","BZN|EE","Without Sequence","184.42","",""
"11/04/2022 16:00:00 - 11/04/2022 17:00:00","BZN|EE","Without Sequence","187.49","",""
"11/04/2022 17:00:00 - 11/04/2022 18:00:00","BZN|EE","Without Sequence","242.65","",""
"11/04/2022 18:00:00 - 11/04/2022 19:00:00","BZN|EE","Without Sequence","245.06","",""
"11/04/2022 19:00:00 - 11/04/2022 20:00:00","BZN|EE","Without Sequence","189.28","",""
"11/04/2022 20:00:00 - 11/04/2022 21:00:00","BZN|EE","Without Sequence","140.03","",""
"11/04/2022 21:00:00 - 11/04/2022 22:00:00","BZN|EE","Without Sequence","99.97","",""
"11/04/2022 22:00:00 - 11/04/2022 23:00:00","BZN|EE","Without Sequence","100.02","",""
"11/04/2022 23:00:00 - 12/04/2022 00:00:00","BZN|EE","Without Sequence","100.02","",""
"12/04/2022 00:00:00 - 12/04/2022 01:00:00","BZN|EE","Without Sequence","100.03","",""
"12/04/2022 01:00:00 - 12/04/2022 02:00:00","BZN|EE","Without Sequence","100.06","",""
"12/04/2022 02:00:00 - 12/04/2022 03:00:00","BZN|EE","Without Sequence","100.07","",""
"12/04/2022 03:00:00 - 12/04/2022 04:00:00","BZN|EE","Without Sequence","186.93","",""
"12/04/2022 04:00:00 - 12/04/2022 05:00:00","BZN|EE","Without Sequence","229.54","",""
"12/04/2022 05:00:00 - 12/04/2022 06:00:00","BZN|EE","Without Sequence","268.78","",""
"12/04/2022 06:00:00 - 12/04/2022 07:00:00","BZN|EE","Without Sequence","250.99","",""
"12/04/2022 07:00:00 - 12/04/2022 08:00:00","BZN|EE","Without Sequence","126.56","",""
"12/04/2022 08:00:00 - 12/04/2022 09:00:00","BZN|EE","Without Sequence","109.95","",""
"12/04/2022 09:00:00 - 12/04/2022 10:00:00","BZN|EE","Without Sequence","172.32","",""
"12/04/2022 10:00:00 - 12/04/2022 11:00:00","BZN|EE","Without Sequence","136.12","",""
"12/04/2022 11:00:00 - 12/04/2022 12:00:00","BZN|EE","Without Sequence","110.02","",""
"12/04/2022 12:00:00 - 12/04/2022 13:00:00","BZN|EE","Without Sequence","100.01","",""
"12/04/2022 13:00:00 - 12/04/2022 14:00:00","BZN|EE","Without Sequence","118.14","",""
"12/04/2022 14:00:00 - 12/04/2022 15:00:00","BZN|EE","Without Sequence","139.90","",""
"12/04/2022 15:00:00 - 12/04/2022 16:00:00","BZN|EE","Without Sequence","179.40","",""
"12/04/2022 16:00:00 - 12/04/2022 17:00:00","BZN|EE","Without Sequence","184.63","",""
"12/04/2022 17:00:00 - 12/04/2022 18:00:00","BZN|EE","Without Sequence","194.95","",""
"12/04/2022 18:00:00 - 12/04/2022 19:00:00","BZN|EE","Without Sequence","200.03","",""
"12/04/2022 19:00:00 - 12/04/2022 20:00:00","BZN|EE","Without Sequence","182.37","",""
"12/04/2022 20:00:00 - 12/04/2022 21:00:00","BZN|EE","Without Sequence","173.20","",""
"12/04/2022 21:00:00 - 12/04/2022 22:00:00","BZN|EE","Without Sequence","109.95","",""
"12/04/2022 22:00:00 - 12/04/2022 23:00:00","BZN|EE","Without Sequence","128.90","",""
"12/04/2022 23:00:00 - 13/04/2022 00:00:00","BZN|EE","Without Sequence","112.78","",""
"13/04/2022 00:00:00 - 13/04/2022 01:00:00","BZN|EE","Without Sequence","112.73","",""
"13/04/2022 01:00:00 - 13/04/2022 02:00:00","BZN|EE","Without Sequence","118.17","",""
"13/04/2022 02:00:00 - 13/04/2022 03:00:00","BZN|EE","Without Sequence","119.45","",""
"13/04/2022 03:00:00 - 13/04/2022 04:00:00","BZN|EE","Without Sequence","90.36","",""
"13/04/2022 04:00:00 - 13/04/2022 05:00:00","BZN|EE","Without Sequence","183.20","",""
"13/04/2022 05:00:00 - 13/04/2022 06:00:00","BZN|EE","Without Sequence","242.72","",""
"13/04/2022 06:00:00 - 13/04/2022 07:00:00","BZN|EE","Without Sequence","225.07","",""
"13/04/2022 07:00:00 - 13/04/2022 08:00:00","BZN|EE","Without Sequence","188.84","",""
"13/04/2022 08:00:00 - 13/04/2022 09:00:00","BZN|EE","Without Sequence","117.75","",""
"13/04/2022 09:00:00 - 13/04/2022 10:00:00","BZN|EE","Without Sequence","106.47","",""
"13/04/2022 10:00:00 - 13/04/2022 11:00:00","BZN|EE","Without Sequence","96.89","",""
"13/04/2022 11:00:00 - 13/04/2022 12:00:00","BZN|EE","Without Sequence","87.18","",""
"13/04/2022 12:00:00 - 13/04/2022 13:00:00","BZN|EE","Without Sequence","97.77","",""
"13/04/2022 13:00:00 - 13/04/2022 14:00:00","BZN|EE","Without Sequence","69.28","",""
"13/04/2022 14:00:00 - 13/04/2022 15:00:00","BZN|EE","Without Sequence","112.70","",""
"13/04/2022 15:00:00 - 13/04/2022 16:00:00","BZN|EE","Without Sequence","241.25","",""
"13/04/2022 16:00:00 - 13/04/2022 17:00:00","BZN|EE","Without Sequence","225.08","",""
"13/04/2022 17:00:00 - 13/04/2022 18:00:00","BZN|EE","Without Sequence","196.51","",""
"13/04/2022 18:00:00 - 13/04/2022 19:00:00","BZN|EE","Without Sequence","225.09","",""
"13/04/2022 19:00:00 - 13/04/2022 20:00:00","BZN|EE","Without Sequence","72.40","",""
"13/04/2022 20:00:00 - 13/04/2022 21:00:00","BZN|EE","Without Sequence","112.80","",""
"13/04/2022 21:00:00 - 13/04/2022 22:00:00","BZN|EE","Without Sequence","112.80","",""
"13/04/2022 22:00:00 - 13/04/2022 23:00:00","BZN|EE","Without Sequence","68.78","",""
"13/04/2022 23:00:00 - 14/04/2022 00:00:00","BZN|EE","Without Sequence","64.53","",""
"14/04/2022 00:00:00 - 14/04/2022 01:00:00","BZN|EE","Without Sequence","65.84","",""
"14/04/2022 01:00:00 - 14/04/2022 02:00:00","BZN|EE","Without Sequence","70.07","",""
"14/04/2022 02:00:00 - 14/04/2022 03:00:00","BZN|EE","Without Sequence","72.63","",""
"14/04/2022 03:00:00 - 14/04/2022 04:00:00","BZN|EE","Without Sequence","73.60","",""
"14/04/2022 04:00:00 - 14/04/2022 05:00:00","BZN|EE","Without Sequence","100.09","",""
"14/04/2022 05:00:00 - 14/04/2022 06:00:00","BZN|EE","Without Sequence","113.88","",""
"14/04/2022 06:00:00 - 14/04/2022 07:00:00","BZN|EE","Without Sequence","199.95","",""
"14/04/2022 07:00:00 - 14/04/2022 08:00:00","BZN|EE","Without Sequence","159.95","",""
"14/04/2022 08:00:00 - 14/04/2022 09:00:00","BZN|EE","Without Sequence","140.00","",""
"14/04/2022 09:00:00 - 14/04/2022 10:00:00","BZN|EE","Without Sequence","148.56","",""
"14/04/2022 10:00:00 - 14/04/2022 11:00:00","BZN|EE","Without Sequence","110.00","",""
"14/04/2022 11:00:00 - 14/04/2022 12:00:00","BZN|EE","Without Sequence","109.99","",""
"14/04/2022 12:00:00 - 14/04/2022 13:00:00","BZN|EE","Without Sequence","98.26","",""
"14/04/2022 13:00:00 - 14/04/2022 14:00:00","BZN|EE","Without Sequence","83.63","",""
"14/04/2022 14:00:00 - 14/04/2022 15:00:00","BZN|EE","Without Sequence","139.95","",""
"14/04/2022 15:00:00 - 14/04/2022 16:00:00","BZN|EE","Without Sequence","113.85","",""
"14/04/2022 16:00:00 - 14/04/2022 17:00:00","BZN|EE","Without Sequence","125.03","",""
"14/04/2022 17:00:00 - 14/04/2022 18:00:00","BZN|EE","Without Sequence","204.59","",""
"14/04/2022 18:00:00 - 14/04/2022 19:00:00","BZN|EE","Without Sequence","174.50","",""
"14/04/2022 19:00:00 - 14/04/2022 20:00:00","BZN|EE","Without Sequence","154.99","",""
"14/04/2022 20:00:00 - 14/04/2022 21:00:00","BZN|EE","Without Sequence","80.05","",""
"14/04/2022 21:00:00 - 14/04/2022 22:00:00","BZN|EE","Without Sequence","141.23","",""
"14/04/2022 22:00:00 - 14/04/2022 23:00:00","BZN|EE","Without Sequence","49.78","",""
"14/04/2022 23:00:00 - 15/04/2022 00:00:00","BZN|EE","Without Sequence","45.76","",""
"15/04/2022 00:00:00 - 15/04/2022 01:00:00","BZN|EE","Without Sequence","44.73","",""
"15/04/2022 01:00:00 - 15/04/2022 02:00:00","BZN|EE","Without Sequence","44.79","",""
"15/04/2022 02:00:00 - 15/04/2022 03:00:00","BZN|EE","Without Sequence","49.90","",""
"15/04/2022 03:00:00 - 15/04/2022 04:00:00","BZN|EE","Without Sequence","55.02","",""
"15/04/2022 04:00:00 - 15/04/2022 05:00:00","BZN|EE","Without Sequence","68.78","",""
"15/04/2022 05:00:00 - 15/04/2022 06:00:00","BZN|EE","Without Sequence","220.78","",""
"15/04/2022 06:00:00 - 15/04/2022 07:00:00","BZN|EE","Without Sequence","209.88","",""
"15/04/2022 07:00:00 - 15/04/2022 08:00:00","BZN|EE","Without Sequence","125.03","",""
"15/04/2022 08:00:00 - 15/04/2022 09:00:00","BZN|EE","Without Sequence","78.00","",""
"15/04/2022 09:00:00 - 15/04/2022 10:00:00","BZN|EE","Without Sequence","66.90","",""
"15/04/2022 10:00:00 - 15/04/2022 11:00:00","BZN|EE","Without Sequence","65.11","",""
"15/04/2022 11:00:00 - 15/04/2022 12:00:00","BZN|EE","Without Sequence","62.31","",""
"15/04/2022 12:00:00 - 15/04/2022 13:00:00","BZN|EE","Without Sequence","51.20","",""
"15/04/2022 13:00:00 - 15/04/2022 14:00:00","BZN|EE","Without Sequence","53.30","",""
"15/04/2022 14:00:00 - 15/04/2022 15:00:00","BZN|EE","Without Sequence","62.01","",""
"15/04/2022 15:00:00 - 15/04/2022 16:00:00","BZN|EE","Without Sequence","68.39","",""
"15/04/2022 16:00:00 - 15/04/2022 17:00:00","BZN|EE","Without Sequence","82.00","",""
"15/04/2022 17:00:00 - 15/04/2022 18:00:00","BZN|EE","Without Sequence","155.01","",""
"15/04/2022 18:00:00 - 15/04/2022 19:00:00","BZN|EE","Without Sequence","155.01","",""
"15/04/2022 19:00:00 - 15/04/2022 20:00:00","BZN|EE","Without Sequence","68.61","",""
"15/04/2022 20:00:00 - 15/04/2022 21:00:00","BZN|EE","Without Sequence","62.71","",""
"15/04/2022 21:00:00 - 15/04/2022 22:00:00","BZN|EE","Without Sequence","58.99","",""
"15/04/2022 22:00:00 - 15/04/2022 23:00:00","BZN|EE","Without Sequence","76.39","",""
"15/04/2022 23:00:00 - 16/04/2022 00:00:00","BZN|EE","Without Sequence","69.78","",""
"16/04/2022 00:00:00 - 16/04/2022 01:00:00","BZN|EE","Without Sequence","69.08","",""
"16/04/2022 01:00:00 - 16/04/2022 02:00:00","BZN|EE","Without Sequence","68.52","",""
"16/04/2022 02:00:00 - 16/04/2022 03:00:00","BZN|EE","Without Sequence","68.06","",""
"16/04/2022 03:00:00 - 16/04/2022 04:00:00","BZN|EE","Without Sequence","65.00","",""
"16/04/2022 04:00:00 - 16/04/2022 05:00:00","BZN|EE","Without Sequence","62.43","",""
"16/04/2022 05:00:00 - 16/04/2022 06:00:00","BZN|EE","Without Sequence","61.78","",""
"16/04/2022 06:00:00 - 16/04/2022 07:00:00","BZN|EE","Without Sequence","65.53","",""
"16/04/2022 07:00:00 - 16/04/2022 08:00:00","BZN|EE","Without Sequence","64.97","",""
"16/04/2022 08:00:00 - 16/04/2022 09:00:00","BZN|EE","Without Sequence","64.91","",""
"16/04/2022 09:00:00 - 16/04/2022 10:00:00","BZN|EE","Without Sequence","59.15","",""
"16/04/2022 10:00:00 - 16/04/2022 11:00:00","BZN|EE","Without Sequence","62.61","",""
"16/04/2022 11:00:00 - 16/04/2022 12:00:00","BZN|EE","Without Sequence","51.88","",""
"16/04/2022 12:00:00 - 16/04/2022 13:00:00","BZN|EE","Without Sequence","34.61","",""
"16/04/2022 13:00:00 - 16/04/2022 14:00:00","BZN|EE","Without Sequence","40.32","",""
"16/04/2022 14:00:00 - 16/04/2022 15:00:00","BZN|EE","Without Sequence","65.84","",""
"16/04/2022 15:00:00 - 16/04/2022 16:00:00","BZN|EE","Without Sequence","54.85","",""
"16/04/2022 16:00:00 - 16/04/2022 17:00:00","BZN|EE","Without Sequence","57.12","",""
"16/04/2022 17:00:00 - 16/04/2022 18:00:00","BZN|EE","Without Sequence","125.07","",""
"16/04/2022 18:00:00 - 16/04/2022 19:00:00","BZN|EE","Without Sequence","147.99","",""
"16/04/2022 19:00:00 - 16/04/2022 20:00:00","BZN|EE","Without Sequence","51.78","",""
"16/04/2022 20:00:00 - 16/04/2022 21:00:00","BZN|EE","Without Sequence","48.52","",""
"16/04/2022 21:00:00 - 16/04/2022 22:00:00","BZN|EE","Without Sequence","40.73","",""
"16/04/2022 22:00:00 - 16/04/2022 23:00:00","BZN|EE","Without Sequence","37.03","",""
"16/04/2022 23:00:00 - 17/04/2022 00:00:00","BZN|EE","Without Sequence","35.05","",""
"17/04/2022 00:00:00 - 17/04/2022 01:00:00","BZN|EE","Without Sequence","35.22","",""
"17/04/2022 01:00:00 - 17/04/2022 02:00:00","BZN|EE","Without Sequence","37.44","",""
"17/04/2022 02:00:00 - 17/04/2022 03:00:00","BZN|EE","Without Sequence","41.75","",""
"17/04/2022 03:00:00 - 17/04/2022 04:00:00","BZN|EE","Without Sequence","44.17","",""
"17/04/2022 04:00:00 - 17/04/2022 05:00:00","BZN|EE","Without Sequence","45.32","",""
"17/04/2022 05:00:00 - 17/04/2022 06:00:00","BZN|EE","Without Sequence","50.93","",""
"17/04/2022 06:00:00 - 17/04/2022 07:00:00","BZN|EE","Without Sequence","66.23","",""
"17/04/2022 07:00:00 - 17/04/2022 08:00:00","BZN|EE","Without Sequence","69.27","",""
"17/04/2022 08:00:00 - 17/04/2022 09:00:00","BZN|EE","Without Sequence","64.09","",""
"17/04/2022 09:00:00 - 17/04/2022 10:00:00","BZN|EE","Without Sequence","41.29","",""
"17/04/2022 10:00:00 - 17/04/2022 11:00:00","BZN|EE","Without Sequence","23.94","",""
"17/04/2022 11:00:00 - 17/04/2022 12:00:00","BZN|EE","Without Sequence","13.16","",""
"17/04/2022 12:00:00 - 17/04/2022 13:00:00","BZN|EE","Without Sequence","13.14","",""
"17/04/2022 13:00:00 - 17/04/2022 14:00:00","BZN|EE","Without Sequence","13.18","",""
"17/04/2022 14:00:00 - 17/04/2022 15:00:00","BZN|EE","Without Sequence","20.51","",""
"17/04/2022 15:00:00 - 17/04/2022 16:00:00","BZN|EE","Without Sequence","60.69","",""
"17/04/2022 16:00:00 - 17/04/2022 17:00:00","BZN|EE","Without Sequence","69.46","",""
"17/04/2022 17:00:00 - 17/04/2022 18:00:00","BZN|EE","Without Sequence","70.45","",""
"17/04/2022 18:00:00 - 17/04/2022 19:00:00","BZN|EE","Without Sequence","73.52","",""
"17/04/2022 19:00:00 - 17/04/2022 20:00:00","BZN|EE","Without Sequence","72.58","",""
"17/04/2022 20:00:00 - 17/04/2022 21:00:00","BZN|EE","Without Sequence","69.46","",""
"17/04/2022 21:00:00 - 17/04/2022 22:00:00","BZN|EE","Without Sequence","63.23","",""
"17/04/2022 22:00:00 - 17/04/2022 23:00:00","BZN|EE","Without Sequence","67.94","",""
"17/04/2022 23:00:00 - 18/04/2022 00:00:00","BZN|EE","Without Sequence","64.40","",""
"18/04/2022 00:00:00 - 18/04/2022 01:00:00","BZN|EE","Without Sequence","64.80","",""
"18/04/2022 01:00:00 - 18/04/2022 02:00:00","BZN|EE","Without Sequence","67.85","",""
"18/04/2022 02:00:00 - 18/04/2022 03:00:00","BZN|EE","Without Sequence","83.21","",""
"18/04/2022 03:00:00 - 18/04/2022 04:00:00","BZN|EE","Without Sequence","90.09","",""
"18/04/2022 04:00:00 - 18/04/2022 05:00:00","BZN|EE","Without Sequence","92.94","",""
"18/04/2022 05:00:00 - 18/04/2022 06:00:00","BZN|EE","Without Sequence","102.48","",""
"18/04/2022 06:00:00 - 18/04/2022 07:00:00","BZN|EE","Without Sequence","106.04","",""
"18/04/2022 07:00:00 - 18/04/2022 08:00:00","BZN|EE","Without Sequence","98.75","",""
"18/04/2022 08:00:00 - 18/04/2022 09:00:00","BZN|EE","Without Sequence","82.13","",""
"18/04/2022 09:00:00 - 18/04/2022 10:00:00","BZN|EE","Without Sequence","77.81","",""
"18/04/2022 10:00:00 - 18/04/2022 11:00:00","BZN|EE","Without Sequence","72.02","",""
"18/04/2022 11:00:00 - 18/04/2022 12:00:00","BZN|EE","Without Sequence","61.17","",""
"18/04/2022 12:00:00 - 18/04/2022 13:00:00","BZN|EE","Without Sequence","45.00","",""
"18/04/2022 13:00:00 - 18/04/2022 14:00:00","BZN|EE","Without Sequence","59.97","",""
"18/04/2022 14:00:00 - 18/04/2022 15:00:00","BZN|EE","Without Sequence","72.90","",""
"18/04/2022 15:00:00 - 18/04/2022 16:00:00","BZN|EE","Without Sequence","81.56","",""
"18/04/2022 16:00:00 - 18/04/2022 17:00:00","BZN|EE","Without Sequence","82.94","",""
"18/04/2022 17:00:00 - 18/04/2022 18:00:00","BZN|EE","Without Sequence","160.02","",""
"18/04/2022 18:00:00 - 18/04/2022 19:00:00","BZN|EE","Without Sequence","160.06","",""
"18/04/2022 19:00:00 - 18/04/2022 20:00:00","BZN|EE","Without Sequence","160.01","",""
"18/04/2022 20:00:00 - 18/04/2022 21:00:00","BZN|EE","Without Sequence","71.26","",""
"18/04/2022 21:00:00 - 18/04/2022 22:00:00","BZN|EE","Without Sequence","64.18","",""
"18/04/2022 22:00:00 - 18/04/2022 23:00:00","BZN|EE","Without Sequence","102.65","",""
"18/04/2022 23:00:00 - 19/04/2022 00:00:00","BZN|EE","Without Sequence","79.57","",""
"19/04/2022 00:00:00 - 19/04/2022 01:00:00","BZN|EE","Without Sequence","79.94","",""
"19/04/2022 01:00:00 - 19/04/2022 02:00:00","BZN|EE","Without Sequence","81.33","",""
"19/04/2022 02:00:00 - 19/04/2022 03:00:00","BZN|EE","Without Sequence","84.14","",""
"19/04/2022 03:00:00 - 19/04/2022 04:00:00","BZN|EE","Without Sequence","119.20","",""
"19/04/2022 04:00:00 - 19/04/2022 05:00:00","BZN|EE","Without Sequence","180.04","",""
"19/04/2022 05:00:00 - 19/04/2022 06:00:00","BZN|EE","Without Sequence","291.43","",""
"19/04/2022 06:00:00 - 19/04/2022 07:00:00","BZN|EE","Without Sequence","160.05","",""
"19/04/2022 07:00:00 - 19/04/2022 08:00:00","BZN|EE","Without Sequence","122.87","",""
"19/04/2022 08:00:00 - 19/04/2022 09:00:00","BZN|EE","Without Sequence","139.95","",""
"19/04/2022 09:00:00 - 19/04/2022 10:00:00","BZN|EE","Without Sequence","97.52","",""
"19/04/2022 10:00:00 - 19/04/2022 11:00:00","BZN|EE","Without Sequence","88.55","",""
"19/04/2022 11:00:00 - 19/04/2022 12:00:00","BZN|EE","Without Sequence","80.65","",""
"19/04/2022 12:00:00 - 19/04/2022 13:00:00","BZN|EE","Without Sequence","77.92","",""
"19/04/2022 13:00:00 - 19/04/2022 14:00:00","BZN|EE","Without Sequence","75.05","",""
"19/04/2022 14:00:00 - 19/04/2022 15:00:00","BZN|EE","Without Sequence","78.42","",""
"19/04/2022 15:00:00 - 19/04/2022 16:00:00","BZN|EE","Without Sequence","84.97","",""
"19/04/2022 16:00:00 - 19/04/2022 17:00:00","BZN|EE","Without Sequence","115.30","",""
"19/04/2022 17:00:00 - 19/04/2022 18:00:00","BZN|EE","Without Sequence","115.37","",""
"19/04/2022 18:00:00 - 19/04/2022 19:00:00","BZN|EE","Without Sequence","180.02","",""
"19/04/2022 19:00:00 - 19/04/2022 20:00:00","BZN|EE","Without Sequence","140.04","",""
"19/04/2022 20:00:00 - 19/04/2022 21:00:00","BZN|EE","Without Sequence","102.68","",""
"19/04/2022 21:00:00 - 19/04/2022 22:00:00","BZN|EE","Without Sequence","80.07","",""
"19/04/2022 22:00:00 - 19/04/2022 23:00:00","BZN|EE","Without Sequence","70.05","",""
"19/04/2022 23:00:00 - 20/04/2022 00:00:00","BZN|EE","Without Sequence","70.02","",""
"20/04/2022 00:00:00 - 20/04/2022 01:00:00","BZN|EE","Without Sequence","65.52","",""
"20/04/2022 01:00:00 - 20/04/2022 02:00:00","BZN|EE","Without Sequence","67.26","",""
"20/04/2022 02:00:00 - 20/04/2022 03:00:00","BZN|EE","Without Sequence","68.55","",""
"20/04/2022 03:00:00 - 20/04/2022 04:00:00","BZN|EE","Without Sequence","70.86","",""
"20/04/2022 04:00:00 - 20/04/2022 05:00:00","BZN|EE","Without Sequence","106.67","",""
"20/04/2022 05:00:00 - 20/04/2022 06:00:00","BZN|EE","Without Sequence","115.31","",""
"20/04/2022 06:00:00 - 20/04/2022 07:00:00","BZN|EE","Without Sequence","100.12","",""
"20/04/2022 07:00:00 - 20/04/2022 08:00:00","BZN|EE","Without Sequence","97.14","",""
"20/04/2022 08:00:00 - 20/04/2022 09:00:00","BZN|EE","Without Sequence","89.95","",""
"20/04/2022 09:00:00 - 20/04/2022 10:00:00","BZN|EE","Without Sequence","79.63","",""
"20/04/2022 10:00:00 - 20/04/2022 11:00:00","BZN|EE","Without Sequence","72.79","",""
"20/04/2022 11:00:00 - 20/04/2022 12:00:00","BZN|EE","Without Sequence","69.31","",""
"20/04/2022 12:00:00 - 20/04/2022 13:00:00","BZN|EE","Without Sequence","69.33","",""
"20/04/2022 13:00:00 - 20/04/2022 14:00:00","BZN|EE","Without Sequence","68.93","",""
"20/04/2022 14:00:00 - 20/04/2022 15:00:00","BZN|EE","Without Sequence","69.26","",""
"20/04/2022 15:00:00 - 20/04/2022 16:00:00","BZN|EE","Without Sequence","71.74","",""
"20/04/2022 16:00:00 - 20/04/2022 17:00:00","BZN|EE","Without Sequence","69.90","",""
"20/04/2022 17:00:00 - 20/04/2022 18:00:00","BZN|EE","Without Sequence","69.88","",""
"20/04/2022 18:00:00 - 20/04/2022 19:00:00","BZN|EE","Without Sequence","111.77","",""
"20/04/2022 19:00:00 - 20/04/2022 20:00:00","BZN|EE","Without Sequence","69.01","",""
"20/04/2022 20:00:00 - 20/04/2022 21:00:00","BZN|EE","Without Sequence","59.95","",""
"20/04/2022 21:00:00 - 20/04/2022 22:00:00","BZN|EE","Without Sequence","54.71","",""
"20/04/2022 22:00:00 - 20/04/2022 23:00:00","BZN|EE","Without Sequence","33.26","",""
"20/04/2022 23:00:00 - 21/04/2022 00:00:00","BZN|EE","Without Sequence","30.42","",""
"21/04/2022 00:00:00 - 21/04/2022 01:00:00","BZN|EE","Without Sequence","31.09","",""
"21/04/2022 01:00:00 - 21/04/2022 02:00:00","BZN|EE","Without Sequence","35.01","",""
"21/04/2022 02:00:00 - 21/04/2022 03:00:00","BZN|EE","Without Sequence","36.76","",""
"21/04/2022 03:00:00 - 21/04/2022 04:00:00","BZN|EE","Without Sequence","45.58","",""
"21/04/2022 04:00:00 - 21/04/2022 05:00:00","BZN|EE","Without Sequence","105.01","",""
"21/04/2022 05:00:00 - 21/04/2022 06:00:00","BZN|EE","Without Sequence","105.09","",""
"21/04/2022 06:00:00 - 21/04/2022 07:00:00","BZN|EE","Without Sequence","105.07","",""
"21/04/2022 07:00:00 - 21/04/2022 08:00:00","BZN|EE","Without Sequence","72.39","",""
"21/04/2022 08:00:00 - 21/04/2022 09:00:00","BZN|EE","Without Sequence","68.22","",""
"21/04/2022 09:00:00 - 21/04/2022 10:00:00","BZN|EE","Without Sequence","56.33","",""
"21/04/2022 10:00:00 - 21/04/2022 11:00:00","BZN|EE","Without Sequence","49.31","",""
"21/04/2022 11:00:00 - 21/04/2022 12:00:00","BZN|EE","Without Sequence","43.50","",""
"21/04/2022 12:00:00 - 21/04/2022 13:00:00","BZN|EE","Without Sequence","37.73","",""
"21/04/2022 13:00:00 - 21/04/2022 14:00:00","BZN|EE","Without Sequence","40.11","",""
"21/04/2022 14:00:00 - 21/04/2022 15:00:00","BZN|EE","Without Sequence","39.95","",""
"21/04/2022 15:00:00 - 21/04/2022 16:00:00","BZN|EE","Without Sequence","97.30","",""
"21/04/2022 16:00:00 - 21/04/2022 17:00:00","BZN|EE","Without Sequence","105.05","",""
"21/04/2022 17:00:00 - 21/04/2022 18:00:00","BZN|EE","Without Sequence","105.10","",""
"21/04/2022 18:00:00 - 21/04/2022 19:00:00","BZN|EE","Without Sequence","140.00","",""
"21/04/2022 19:00:00 - 21/04/2022 20:00:00","BZN|EE","Without Sequence","61.28","",""
"21/04/2022 20:00:00 - 21/04/2022 21:00:00","BZN|EE","Without Sequence","25.73","",""
"21/04/2022 21:00:00 - 21/04/2022 22:00:00","BZN|EE","Without Sequence","20.04","",""
"21/04/2022 22:00:00 - 21/04/2022 23:00:00","BZN|EE","Without Sequence","40.04","",""
"21/04/2022 23:00:00 - 22/04/2022 00:00:00","BZN|EE","Without Sequence","40.02","",""
"22/04/2022 00:00:00 - 22/04/2022 01:00:00","BZN|EE","Without Sequence","40.02","",""
"22/04/2022 01:00:00 - 22/04/2022 02:00:00","BZN|EE","Without Sequence","40.04","",""
"22/04/2022 02:00:00 - 22/04/2022 03:00:00","BZN|EE","Without Sequence","40.01","",""
"22/04/2022 03:00:00 - 22/04/2022 04:00:00","BZN|EE","Without Sequence","117.92","",""
"22/04/2022 04:00:00 - 22/04/2022 05:00:00","BZN|EE","Without Sequence","90.09","",""
"22/04/2022 05:00:00 - 22/04/2022 06:00:00","BZN|EE","Without Sequence","148.86","",""
"22/04/2022 06:00:00 - 22/04/2022 07:00:00","BZN|EE","Without Sequence","90.10","",""
"22/04/2022 07:00:00 - 22/04/2022 08:00:00","BZN|EE","Without Sequence","90.01","",""
"22/04/2022 08:00:00 - 22/04/2022 09:00:00","BZN|EE","Without Sequence","200.01","",""
"22/04/2022 09:00:00 - 22/04/2022 10:00:00","BZN|EE","Without Sequence","58.27","",""
"22/04/2022 10:00:00 - 22/04/2022 11:00:00","BZN|EE","Without Sequence","105.42","",""
"22/04/2022 11:00:00 - 22/04/2022 12:00:00","BZN|EE","Without Sequence","159.93","",""
"22/04/2022 12:00:00 - 22/04/2022 13:00:00","BZN|EE","Without Sequence","29.97","",""
"22/04/2022 13:00:00 - 22/04/2022 14:00:00","BZN|EE","Without Sequence","30.34","",""
"22/04/2022 14:00:00 - 22/04/2022 15:00:00","BZN|EE","Without Sequence","101.42","",""
"22/04/2022 15:00:00 - 22/04/2022 16:00:00","BZN|EE","Without Sequence","90.04","",""
"22/04/2022 16:00:00 - 22/04/2022 17:00:00","BZN|EE","Without Sequence","90.07","",""
"22/04/2022 17:00:00 - 22/04/2022 18:00:00","BZN|EE","Without Sequence","90.09","",""
"22/04/2022 18:00:00 - 22/04/2022 19:00:00","BZN|EE","Without Sequence","90.02","",""
"22/04/2022 19:00:00 - 22/04/2022 20:00:00","BZN|EE","Without Sequence","180.56","",""
"22/04/2022 20:00:00 - 22/04/2022 21:00:00","BZN|EE","Without Sequence","130.87","",""
"22/04/2022 21:00:00 - 22/04/2022 22:00:00","BZN|EE","Without Sequence","121.08","",""
"22/04/2022 22:00:00 - 22/04/2022 23:00:00","BZN|EE","Without Sequence","50.10","",""
"22/04/2022 23:00:00 - 23/04/2022 00:00:00","BZN|EE","Without Sequence","50.06","",""
"23/04/2022 00:00:00 - 23/04/2022 01:00:00","BZN|EE","Without Sequence","50.01","",""
"23/04/2022 01:00:00 - 23/04/2022 02:00:00","BZN|EE","Without Sequence","50.06","",""
"23/04/2022 02:00:00 - 23/04/2022 03:00:00","BZN|EE","Without Sequence","50.03","",""
"23/04/2022 03:00:00 - 23/04/2022 04:00:00","BZN|EE","Without Sequence","24.47","",""
"23/04/2022 04:00:00 - 23/04/2022 05:00:00","BZN|EE","Without Sequence","90.25","",""
"23/04/2022 05:00:00 - 23/04/2022 06:00:00","BZN|EE","Without Sequence","140.20","",""
"23/04/2022 06:00:00 - 23/04/2022 07:00:00","BZN|EE","Without Sequence","138.10","",""
"23/04/2022 07:00:00 - 23/04/2022 08:00:00","BZN|EE","Without Sequence","80.70","",""
"23/04/2022 08:00:00 - 23/04/2022 09:00:00","BZN|EE","Without Sequence","49.62","",""
"23/04/2022 09:00:00 - 23/04/2022 10:00:00","BZN|EE","Without Sequence","20.90","",""
"23/04/2022 10:00:00 - 23/04/2022 11:00:00","BZN|EE","Without Sequence","13.29","",""
"23/04/2022 11:00:00 - 23/04/2022 12:00:00","BZN|EE","Without Sequence","62.50","",""
"23/04/2022 12:00:00 - 23/04/2022 13:00:00","BZN|EE","Without Sequence","13.33","",""
"23/04/2022 13:00:00 - 23/04/2022 14:00:00","BZN|EE","Without Sequence","13.33","",""
"23/04/2022 14:00:00 - 23/04/2022 15:00:00","BZN|EE","Without Sequence","21.54","",""
"23/04/2022 15:00:00 - 23/04/2022 16:00:00","BZN|EE","Without Sequence","54.97","",""
"23/04/2022 16:00:00 - 23/04/2022 17:00:00","BZN|EE","Without Sequence","135.53","",""
"23/04/2022 17:00:00 - 23/04/2022 18:00:00","BZN|EE","Without Sequence","164.15","",""
"23/04/2022 18:00:00 - 23/04/2022 19:00:00","BZN|EE","Without Sequence","148.09","",""
"23/04/2022 19:00:00 - 23/04/2022 20:00:00","BZN|EE","Without Sequence","35.13","",""
"23/04/2022 20:00:00 - 23/04/2022 21:00:00","BZN|EE","Without Sequence","30.89","",""
"23/04/2022 21:00:00 - 23/04/2022 22:00:00","BZN|EE","Without Sequence","25.78","",""
"23/04/2022 22:00:00 - 23/04/2022 23:00:00","BZN|EE","Without Sequence","30.51","",""
"23/04/2022 23:00:00 - 24/04/2022 00:00:00","BZN|EE","Without Sequence","31.76","",""
"24/04/2022 00:00:00 - 24/04/2022 01:00:00","BZN|EE","Without Sequence","32.56","",""
"24/04/2022 01:00:00 - 24/04/2022 02:00:00","BZN|EE","Without Sequence","33.78","",""
"24/04/2022 02:00:00 - 24/04/2022 03:00:00","BZN|EE","Without Sequence","31.80","",""
"24/04/2022 03:00:00 - 24/04/2022 04:00:00","BZN|EE","Without Sequence","32.75","",""
"24/04/2022 04:00:00 - 24/04/2022 05:00:00","BZN|EE","Without Sequence","35.08","",""
"24/04/2022 05:00:00 - 24/04/2022 06:00:00","BZN|EE","Without Sequence","65.67","",""
"24/04/2022 06:00:00 - 24/04/2022 07:00:00","BZN|EE","Without Sequence","70.36","",""
"24/04/2022 07:00:00 - 24/04/2022 08:00:00","BZN|EE","Without Sequence","78.89","",""
"24/04/2022 08:00:00 - 24/04/2022 09:00:00","BZN|EE","Without Sequence","73.28","",""
"24/04/2022 09:00:00 - 24/04/2022 10:00:00","BZN|EE","Without Sequence","72.26","",""
"24/04/2022 10:00:00 - 24/04/2022 11:00:00","BZN|EE","Without Sequence","63.34","",""
"24/04/2022 11:00:00 - 24/04/2022 12:00:00","BZN|EE","Without Sequence","56.89","",""
"24/04/2022 12:00:00 - 24/04/2022 13:00:00","BZN|EE","Without Sequence","51.74","",""
"24/04/2022 13:00:00 - 24/04/2022 14:00:00","BZN|EE","Without Sequence","77.26","",""
"24/04/2022 14:00:00 - 24/04/2022 15:00:00","BZN|EE","Without Sequence","80.63","",""
"24/04/2022 15:00:00 - 24/04/2022 16:00:00","BZN|EE","Without Sequence","109.04","",""
"24/04/2022 16:00:00 - 24/04/2022 17:00:00","BZN|EE","Without Sequence","161.05","",""
"24/04/2022 17:00:00 - 24/04/2022 18:00:00","BZN|EE","Without Sequence","169.93","",""
"24/04/2022 18:00:00 - 24/04/2022 19:00:00","BZN|EE","Without Sequence","133.70","",""
"24/04/2022 19:00:00 - 24/04/2022 20:00:00","BZN|EE","Without Sequence","163.65","",""
"24/04/2022 20:00:00 - 24/04/2022 21:00:00","BZN|EE","Without Sequence","126.53","",""
"24/04/2022 21:00:00 - 24/04/2022 22:00:00","BZN|EE","Without Sequence","82.75","",""
"24/04/2022 22:00:00 - 24/04/2022 23:00:00","BZN|EE","Without Sequence","93.38","",""
"24/04/2022 23:00:00 - 25/04/2022 00:00:00","BZN|EE","Without Sequence","95.03","",""
"25/04/2022 00:00:00 - 25/04/2022 01:00:00","BZN|EE","Without Sequence","91.03","",""
"25/04/2022 01:00:00 - 25/04/2022 02:00:00","BZN|EE","Without Sequence","95.10","",""
"25/04/2022 02:00:00 - 25/04/2022 03:00:00","BZN|EE","Without Sequence","100.48","",""
"25/04/2022 03:00:00 - 25/04/2022 04:00:00","BZN|EE","Without Sequence","151.02","",""
"25/04/2022 04:00:00 - 25/04/2022 05:00:00","BZN|EE","Without Sequence","227.00","",""
"25/04/2022 05:00:00 - 25/04/2022 06:00:00","BZN|EE","Without Sequence","261.87","",""
"25/04/2022 06:00:00 - 25/04/2022 07:00:00","BZN|EE","Without Sequence","272.47","",""
"25/04/2022 07:00:00 - 25/04/2022 08:00:00","BZN|EE","Without Sequence","249.06","",""
"25/04/2022 08:00:00 - 25/04/2022 09:00:00","BZN|EE","Without Sequence","225.15","",""
"25/04/2022 09:00:00 - 25/04/2022 10:00:00","BZN|EE","Without Sequence","220.67","",""
"25/04/2022 10:00:00 - 25/04/2022 11:00:00","BZN|EE","Without Sequence","204.06","",""
"25/04/2022 11:00:00 - 25/04/2022 12:00:00","BZN|EE","Without Sequence","170.00","",""
"25/04/2022 12:00:00 - 25/04/2022 13:00:00","BZN|EE","Without Sequence","160.45","",""
"25/04/2022 13:00:00 - 25/04/2022 14:00:00","BZN|EE","Without Sequence","150.06","",""
"25/04/2022 14:00:00 - 25/04/2022 15:00:00","BZN|EE","Without Sequence","130.47","",""
"25/04/2022 15:00:00 - 25/04/2022 16:00:00","BZN|EE","Without Sequence","194.17","",""
"25/04/2022 16:00:00 - 25/04/2022 17:00:00","BZN|EE","Without Sequence","199.58","",""
"25/04/2022 17:00:00 - 25/04/2022 18:00:00","BZN|EE","Without Sequence","199.43","",""
"25/04/2022 18:00:00 - 25/04/2022 19:00:00","BZN|EE","Without Sequence","187.37","",""
"25/04/2022 19:00:00 - 25/04/2022 20:00:00","BZN|EE","Without Sequence","150.06","",""
"25/04/2022 20:00:00 - 25/04/2022 21:00:00","BZN|EE","Without Sequence","203.86","",""
"25/04/2022 21:00:00 - 25/04/2022 22:00:00","BZN|EE","Without Sequence","109.88","",""
"25/04/2022 22:00:00 - 25/04/2022 23:00:00","BZN|EE","Without Sequence","122.14","",""
"25/04/2022 23:00:00 - 26/04/2022 00:00:00","BZN|EE","Without Sequence","108.13","",""
"26/04/2022 00:00:00 - 26/04/2022 01:00:00","BZN|EE","Without Sequence","100.08","",""
"26/04/2022 01:00:00 - 26/04/2022 02:00:00","BZN|EE","Without Sequence","108.14","",""
"26/04/2022 02:00:00 - 26/04/2022 03:00:00","BZN|EE","Without Sequence","122.20","",""
"26/04/2022 03:00:00 - 26/04/2022 04:00:00","BZN|EE","Without Sequence","122.18","",""
"26/04/2022 04:00:00 - 26/04/2022 05:00:00","BZN|EE","Without Sequence","100.06","",""
"26/04/2022 05:00:00 - 26/04/2022 06:00:00","BZN|EE","Without Sequence","198.72","",""
"26/04/2022 06:00:00 - 26/04/2022 07:00:00","BZN|EE","Without Sequence","207.66","",""
"26/04/2022 07:00:00 - 26/04/2022 08:00:00","BZN|EE","Without Sequence","199.84","",""
"26/04/2022 08:00:00 - 26/04/2022 09:00:00","BZN|EE","Without Sequence","204.58","",""
"26/04/2022 09:00:00 - 26/04/2022 10:00:00","BZN|EE","Without Sequence","198.58","",""
"26/04/2022 10:00:00 - 26/04/2022 11:00:00","BZN|EE","Without Sequence","197.83","",""
"26/04/2022 11:00:00 - 26/04/2022 12:00:00","BZN|EE","Without Sequence","159.94","",""
"26/04/2022 12:00:00 - 26/04/2022 13:00:00","BZN|EE","Without Sequence","160.90","",""
"26/04/2022 13:00:00 - 26/04/2022 14:00:00","BZN|EE","Without Sequence","189.95","",""
"26/04/2022 14:00:00 - 26/04/2022 15:00:00","BZN|EE","Without Sequence","193.74","",""
"26/04/2022 15:00:00 - 26/04/2022 16:00:00","BZN|EE","Without Sequence","199.99","",""
"26/04/2022 16:00:00 - 26/04/2022 17:00:00","BZN|EE","Without Sequence","204.52","",""
"26/04/2022 17:00:00 - 26/04/2022 18:00:00","BZN|EE","Without Sequence","204.53","",""
"26/04/2022 18:00:00 - 26/04/2022 19:00:00","BZN|EE","Without Sequence","201.09","",""
"26/04/2022 19:00:00 - 26/04/2022 20:00:00","BZN|EE","Without Sequence","199.61","",""
"26/04/2022 20:00:00 - 26/04/2022 21:00:00","BZN|EE","Without Sequence","109.99","",""
"26/04/2022 21:00:00 - 26/04/2022 22:00:00","BZN|EE","Without Sequence","125.67","",""
"26/04/2022 22:00:00 - 26/04/2022 23:00:00","BZN|EE","Without Sequence","25.32","",""
"26/04/2022 23:00:00 - 27/04/2022 00:00:00","BZN|EE","Without Sequence","28.07","",""
"27/04/2022 00:00:00 - 27/04/2022 01:00:00","BZN|EE","Without Sequence","31.17","",""
"27/04/2022 01:00:00 - 27/04/2022 02:00:00","BZN|EE","Without Sequence","35.68","",""
"27/04/2022 02:00:00 - 27/04/2022 03:00:00","BZN|EE","Without Sequence","52.40","",""
"27/04/2022 03:00:00 - 27/04/2022 04:00:00","BZN|EE","Without Sequence","118.12","",""
"27/04/2022 04:00:00 - 27/04/2022 05:00:00","BZN|EE","Without Sequence","204.11","",""
"27/04/2022 05:00:00 - 27/04/2022 06:00:00","BZN|EE","Without Sequence","271.01","",""
"27/04/2022 06:00:00 - 27/04/2022 07:00:00","BZN|EE","Without Sequence","265.98","",""
"27/04/2022 07:00:00 - 27/04/2022 08:00:00","BZN|EE","Without Sequence","252.74","",""
"27/04/2022 08:00:00 - 27/04/2022 09:00:00","BZN|EE","Without Sequence","218.24","",""
"27/04/2022 09:00:00 - 27/04/2022 10:00:00","BZN|EE","Without Sequence","206.63","",""
"27/04/2022 10:00:00 - 27/04/2022 11:00:00","BZN|EE","Without Sequence","199.62","",""
"27/04/2022 11:00:00 - 27/04/2022 12:00:00","BZN|EE","Without Sequence","120.00","",""
"27/04/2022 12:00:00 - 27/04/2022 13:00:00","BZN|EE","Without Sequence","114.31","",""
"27/04/2022 13:00:00 - 27/04/2022 14:00:00","BZN|EE","Without Sequence","109.99","",""
"27/04/2022 14:00:00 - 27/04/2022 15:00:00","BZN|EE","Without Sequence","116.13","",""
"27/04/2022 15:00:00 - 27/04/2022 16:00:00","BZN|EE","Without Sequence","129.97","",""
"27/04/2022 16:00:00 - 27/04/2022 17:00:00","BZN|EE","Without Sequence","205.75","",""
"27/04/2022 17:00:00 - 27/04/2022 18:00:00","BZN|EE","Without Sequence","205.77","",""
"27/04/2022 18:00:00 - 27/04/2022 19:00:00","BZN|EE","Without Sequence","160.03","",""
"27/04/2022 19:00:00 - 27/04/2022 20:00:00","BZN|EE","Without Sequence","175.00","",""
"27/04/2022 20:00:00 - 27/04/2022 21:00:00","BZN|EE","Without Sequence","132.36","",""
"27/04/2022 21:00:00 - 27/04/2022 22:00:00","BZN|EE","Without Sequence","59.65","",""
"27/04/2022 22:00:00 - 27/04/2022 23:00:00","BZN|EE","Without Sequence","48.26","",""
"27/04/2022 23:00:00 - 28/04/2022 00:00:00","BZN|EE","Without Sequence","28.37","",""
"28/04/2022 00:00:00 - 28/04/2022 01:00:00","BZN|EE","Without Sequence","23.35","",""
"28/04/2022 01:00:00 - 28/04/2022 02:00:00","BZN|EE","Without Sequence","34.65","",""
"28/04/2022 02:00:00 - 28/04/2022 03:00:00","BZN|EE","Without Sequence","50.00","",""
"28/04/2022 03:00:00 - 28/04/2022 04:00:00","BZN|EE","Without Sequence","113.89","",""
"28/04/2022 04:00:00 - 28/04/2022 05:00:00","BZN|EE","Without Sequence","207.51","",""
"28/04/2022 05:00:00 - 28/04/2022 06:00:00","BZN|EE","Without Sequence","283.37","",""
"28/04/2022 06:00:00 - 28/04/2022 07:00:00","BZN|EE","Without Sequence","279.29","",""
"28/04/2022 07:00:00 - 28/04/2022 08:00:00","BZN|EE","Without Sequence","251.26","",""
"28/04/2022 08:00:00 - 28/04/2022 09:00:00","BZN|EE","Without Sequence","217.73","",""
"28/04/2022 09:00:00 - 28/04/2022 10:00:00","BZN|EE","Without Sequence","205.91","",""
"28/04/2022 10:00:00 - 28/04/2022 11:00:00","BZN|EE","Without Sequence","199.99","",""
"28/04/2022 11:00:00 - 28/04/2022 12:00:00","BZN|EE","Without Sequence","112.24","",""
"28/04/2022 12:00:00 - 28/04/2022 13:00:00","BZN|EE","Without Sequence","109.23","",""
"28/04/2022 13:00:00 - 28/04/2022 14:00:00","BZN|EE","Without Sequence","109.99","",""
"28/04/2022 14:00:00 - 28/04/2022 15:00:00","BZN|EE","Without Sequence","109.99","",""
"28/04/2022 15:00:00 - 28/04/2022 16:00:00","BZN|EE","Without Sequence","91.97","",""
"28/04/2022 16:00:00 - 28/04/2022 17:00:00","BZN|EE","Without Sequence","140.05","",""
"28/04/2022 17:00:00 - 28/04/2022 18:00:00","BZN|EE","Without Sequence","161.76","",""
"28/04/2022 18:00:00 - 28/04/2022 19:00:00","BZN|EE","Without Sequence","146.48","",""
"28/04/2022 19:00:00 - 28/04/2022 20:00:00","BZN|EE","Without Sequence","149.94","",""
"28/04/2022 20:00:00 - 28/04/2022 21:00:00","BZN|EE","Without Sequence","91.93","",""
"28/04/2022 21:00:00 - 28/04/2022 22:00:00","BZN|EE","Without Sequence","20.59","",""
"28/04/2022 22:00:00 - 28/04/2022 23:00:00","BZN|EE","Without Sequence","23.14","",""
"28/04/2022 23:00:00 - 29/04/2022 00:00:00","BZN|EE","Without Sequence","30.04","",""
"29/04/2022 00:00:00 - 29/04/2022 01:00:00","BZN|EE","Without Sequence","32.90","",""
"29/04/2022 01:00:00 - 29/04/2022 02:00:00","BZN|EE","Without Sequence","50.41","",""
"29/04/2022 02:00:00 - 29/04/2022 03:00:00","BZN|EE","Without Sequence","72.69","",""
"29/04/2022 03:00:00 - 29/04/2022 04:00:00","BZN|EE","Without Sequence","119.99","",""
"29/04/2022 04:00:00 - 29/04/2022 05:00:00","BZN|EE","Without Sequence","219.36","",""
"29/04/2022 05:00:00 - 29/04/2022 06:00:00","BZN|EE","Without Sequence","280.06","",""
"29/04/2022 06:00:00 - 29/04/2022 07:00:00","BZN|EE","Without Sequence","291.22","",""
"29/04/2022 07:00:00 - 29/04/2022 08:00:00","BZN|EE","Without Sequence","256.34","",""
"29/04/2022 08:00:00 - 29/04/2022 09:00:00","BZN|EE","Without Sequence","223.65","",""
"29/04/2022 09:00:00 - 29/04/2022 10:00:00","BZN|EE","Without Sequence","210.66","",""
"29/04/2022 10:00:00 - 29/04/2022 11:00:00","BZN|EE","Without Sequence","202.76","",""
"29/04/2022 11:00:00 - 29/04/2022 12:00:00","BZN|EE","Without Sequence","123.33","",""
"29/04/2022 12:00:00 - 29/04/2022 13:00:00","BZN|EE","Without Sequence","109.99","",""
"29/04/2022 13:00:00 - 29/04/2022 14:00:00","BZN|EE","Without Sequence","91.83","",""
"29/04/2022 14:00:00 - 29/04/2022 15:00:00","BZN|EE","Without Sequence","110.00","",""
"29/04/2022 15:00:00 - 29/04/2022 16:00:00","BZN|EE","Without Sequence","110.00","",""
"29/04/2022 16:00:00 - 29/04/2022 17:00:00","BZN|EE","Without Sequence","129.47","",""
"29/04/2022 17:00:00 - 29/04/2022 18:00:00","BZN|EE","Without Sequence","126.14","",""
"29/04/2022 18:00:00 - 29/04/2022 19:00:00","BZN|EE","Without Sequence","120.00","",""
"29/04/2022 19:00:00 - 29/04/2022 20:00:00","BZN|EE","Without Sequence","129.10","",""
"29/04/2022 20:00:00 - 29/04/2022 21:00:00","BZN|EE","Without Sequence","93.12","",""
"29/04/2022 21:00:00 - 29/04/2022 22:00:00","BZN|EE","Without Sequence","91.85","",""
"29/04/2022 22:00:00 - 29/04/2022 23:00:00","BZN|EE","Without Sequence","199.86","",""
"29/04/2022 23:00:00 - 30/04/2022 00:00:00","BZN|EE","Without Sequence","182.71","",""
"30/04/2022 00:00:00 - 30/04/2022 01:00:00","BZN|EE","Without Sequence","173.75","",""
"30/04/2022 01:00:00 - 30/04/2022 02:00:00","BZN|EE","Without Sequence","182.57","",""
"30/04/2022 02:00:00 - 30/04/2022 03:00:00","BZN|EE","Without Sequence","182.61","",""
"30/04/2022 03:00:00 - 30/04/2022 04:00:00","BZN|EE","Without Sequence","163.22","",""
"30/04/2022 04:00:00 - 30/04/2022 05:00:00","BZN|EE","Without Sequence","196.18","",""
"30/04/2022 05:00:00 - 30/04/2022 06:00:00","BZN|EE","Without Sequence","201.63","",""
"30/04/2022 06:00:00 - 30/04/2022 07:00:00","BZN|EE","Without Sequence","35.38","",""
"30/04/2022 07:00:00 - 30/04/2022 08:00:00","BZN|EE","Without Sequence","37.92","",""
"30/04/2022 08:00:00 - 30/04/2022 09:00:00","BZN|EE","Without Sequence","35.08","",""
"30/04/2022 09:00:00 - 30/04/2022 10:00:00","BZN|EE","Without Sequence","29.59","",""
"30/04/2022 10:00:00 - 30/04/2022 11:00:00","BZN|EE","Without Sequence","26.99","",""
"30/04/2022 11:00:00 - 30/04/2022 12:00:00","BZN|EE","Without Sequence","26.97","",""
"30/04/2022 12:00:00 - 30/04/2022 13:00:00","BZN|EE","Without Sequence","27.27","",""
"30/04/2022 13:00:00 - 30/04/2022 14:00:00","BZN|EE","Without Sequence","27.97","",""
"30/04/2022 14:00:00 - 30/04/2022 15:00:00","BZN|EE","Without Sequence","39.90","",""
"30/04/2022 15:00:00 - 30/04/2022 16:00:00","BZN|EE","Without Sequence","176.67","",""
"30/04/2022 16:00:00 - 30/04/2022 17:00:00","BZN|EE","Without Sequence","220.66","",""
"30/04/2022 17:00:00 - 30/04/2022 18:00:00","BZN|EE","Without Sequence","241.05","",""
"30/04/2022 18:00:00 - 30/04/2022 19:00:00","BZN|EE","Without Sequence","246.58","",""
"30/04/2022 19:00:00 - 30/04/2022 20:00:00","BZN|EE","Without Sequence","241.18","",""
"30/04/2022 20:00:00 - 30/04/2022 21:00:00","BZN|EE","Without Sequence","216.19","",""
"30/04/2022 21:00:00 - 30/04/2022 22:00:00","BZN|EE","Without Sequence","165.25","",""
"30/04/2022 22:00:00 - 30/04/2022 23:00:00","BZN|EE","Without Sequence","130.57","",""
"30/04/2022 23:00:00 - 01/05/2022 00:00:00","BZN|EE","Without Sequence","122.96","",""
"01/05/2022 00:00:00 - 01/05/2022 01:00:00","BZN|EE","Without Sequence","111.94","",""
"01/05/2022 01:00:00 - 01/05/2022 02:00:00","BZN|EE","Without Sequence","115.15","",""
"01/05/2022 02:00:00 - 01/05/2022 03:00:00","BZN|EE","Without Sequence","117.32","",""
"01/05/2022 03:00:00 - 01/05/2022 04:00:00","BZN|EE","Without Sequence","113.44","",""
"01/05/2022 04:00:00 - 01/05/2022 05:00:00","BZN|EE","Without Sequence","117.41","",""
"01/05/2022 05:00:00 - 01/05/2022 06:00:00","BZN|EE","Without Sequence","109.63","",""
"01/05/2022 06:00:00 - 01/05/2022 07:00:00","BZN|EE","Without Sequence","119.99","",""
"01/05/2022 07:00:00 - 01/05/2022 08:00:00","BZN|EE","Without Sequence","113.37","",""
"01/05/2022 08:00:00 - 01/05/2022 09:00:00","BZN|EE","Without Sequence","107.82","",""
"01/05/2022 09:00:00 - 01/05/2022 10:00:00","BZN|EE","Without Sequence","107.40","",""
"01/05/2022 10:00:00 - 01/05/2022 11:00:00","BZN|EE","Without Sequence","100.71","",""
"01/05/2022 11:00:00 - 01/05/2022 12:00:00","BZN|EE","Without Sequence","100.57","",""
"01/05/2022 12:00:00 - 01/05/2022 13:00:00","BZN|EE","Without Sequence","96.14","",""
"01/05/2022 13:00:00 - 01/05/2022 14:00:00","BZN|EE","Without Sequence","96.21","",""
"01/05/2022 14:00:00 - 01/05/2022 15:00:00","BZN|EE","Without Sequence","106.50","",""
"01/05/2022 15:00:00 - 01/05/2022 16:00:00","BZN|EE","Without Sequence","136.19","",""
"01/05/2022 16:00:00 - 01/05/2022 17:00:00","BZN|EE","Without Sequence","199.96","",""
"01/05/2022 17:00:00 - 01/05/2022 18:00:00","BZN|EE","Without Sequence","243.45","",""
"01/05/2022 18:00:00 - 01/05/2022 19:00:00","BZN|EE","Without Sequence","254.94","",""
"01/05/2022 19:00:00 - 01/05/2022 20:00:00","BZN|EE","Without Sequence","243.03","",""
"01/05/2022 20:00:00 - 01/05/2022 21:00:00","BZN|EE","Without Sequence","233.97","",""
"01/05/2022 21:00:00 - 01/05/2022 22:00:00","BZN|EE","Without Sequence","145.06","",""
"01/05/2022 22:00:00 - 01/05/2022 23:00:00","BZN|EE","Without Sequence","109.79","",""
"01/05/2022 23:00:00 - 02/05/2022 00:00:00","BZN|EE","Without Sequence","108.05","",""
"02/05/2022 00:00:00 - 02/05/2022 01:00:00","BZN|EE","Without Sequence","108.00","",""
"02/05/2022 01:00:00 - 02/05/2022 02:00:00","BZN|EE","Without Sequence","106.66","",""
"02/05/2022 02:00:00 - 02/05/2022 03:00:00","BZN|EE","Without Sequence","105.87","",""
"02/05/2022 03:00:00 - 02/05/2022 04:00:00","BZN|EE","Without Sequence","104.97","",""
"02/05/2022 04:00:00 - 02/05/2022 05:00:00","BZN|EE","Without Sequence","242.91","",""
"02/05/2022 05:00:00 - 02/05/2022 06:00:00","BZN|EE","Without Sequence","270.00","",""
"02/05/2022 06:00:00 - 02/05/2022 07:00:00","BZN|EE","Without Sequence","264.57","",""
"02/05/2022 07:00:00 - 02/05/2022 08:00:00","BZN|EE","Without Sequence","233.24","",""
"02/05/2022 08:00:00 - 02/05/2022 09:00:00","BZN|EE","Without Sequence","94.08","",""
"02/05/2022 09:00:00 - 02/05/2022 10:00:00","BZN|EE","Without Sequence","28.98","",""
"02/05/2022 10:00:00 - 02/05/2022 11:00:00","BZN|EE","Without Sequence","17.41","",""
"02/05/2022 11:00:00 - 02/05/2022 12:00:00","BZN|EE","Without Sequence","94.00","",""
"02/05/2022 12:00:00 - 02/05/2022 13:00:00","BZN|EE","Without Sequence","92.39","",""
"02/05/2022 13:00:00 - 02/05/2022 14:00:00","BZN|EE","Without Sequence","10.37","",""
"02/05/2022 14:00:00 - 02/05/2022 15:00:00","BZN|EE","Without Sequence","10.33","",""
"02/05/2022 15:00:00 - 02/05/2022 16:00:00","BZN|EE","Without Sequence","94.07","",""
"02/05/2022 16:00:00 - 02/05/2022 17:00:00","BZN|EE","Without Sequence","230.02","",""
"02/05/2022 17:00:00 - 02/05/2022 18:00:00","BZN|EE","Without Sequence","257.64","",""
"02/05/2022 18:00:00 - 02/05/2022 19:00:00","BZN|EE","Without Sequence","259.04","",""
"02/05/2022 19:00:00 - 02/05/2022 20:00:00","BZN|EE","Without Sequence","247.44","",""
"02/05/2022 20:00:00 - 02/05/2022 21:00:00","BZN|EE","Without Sequence","94.07","",""
"02/05/2022 21:00:00 - 02/05/2022 22:00:00","BZN|EE","Without Sequence","61.92","",""
"02/05/2022 22:00:00 - 02/05/2022 23:00:00","BZN|EE","Without Sequence","96.13","",""
"02/05/2022 23:00:00 - 03/05/2022 00:00:00","BZN|EE","Without Sequence","94.07","",""
"03/05/2022 00:00:00 - 03/05/2022 01:00:00","BZN|EE","Without Sequence","94.06","",""
"03/05/2022 01:00:00 - 03/05/2022 02:00:00","BZN|EE","Without Sequence","94.04","",""
"03/05/2022 02:00:00 - 03/05/2022 03:00:00","BZN|EE","Without Sequence","30.23","",""
"03/05/2022 03:00:00 - 03/05/2022 04:00:00","BZN|EE","Without Sequence","88.74","",""
"03/05/2022 04:00:00 - 03/05/2022 05:00:00","BZN|EE","Without Sequence","106.78","",""
"03/05/2022 05:00:00 - 03/05/2022 06:00:00","BZN|EE","Without Sequence","170.06","",""
"03/05/2022 06:00:00 - 03/05/2022 07:00:00","BZN|EE","Without Sequence","90.21","",""
"03/05/2022 07:00:00 - 03/05/2022 08:00:00","BZN|EE","Without Sequence","76.57","",""
"03/05/2022 08:00:00 - 03/05/2022 09:00:00","BZN|EE","Without Sequence","74.74","",""
"03/05/2022 09:00:00 - 03/05/2022 10:00:00","BZN|EE","Without Sequence","74.13","",""
"03/05/2022 10:00:00 - 03/05/2022 11:00:00","BZN|EE","Without Sequence","75.46","",""
"03/05/2022 11:00:00 - 03/05/2022 12:00:00","BZN|EE","Without Sequence","75.17","",""
"03/05/2022 12:00:00 - 03/05/2022 13:00:00","BZN|EE","Without Sequence","73.75","",""
"03/05/2022 13:00:00 - 03/05/2022 14:00:00","BZN|EE","Without Sequence","74.14","",""
"03/05/2022 14:00:00 - 03/05/2022 15:00:00","BZN|EE","Without Sequence","89.87","",""
"03/05/2022 15:00:00 - 03/05/2022 16:00:00","BZN|EE","Without Sequence","115.64","",""
"03/05/2022 16:00:00 - 03/05/2022 17:00:00","BZN|EE","Without Sequence","238.99","",""
"03/05/2022 17:00:00 - 03/05/2022 18:00:00","BZN|EE","Without Sequence","269.94","",""
"03/05/2022 18:00:00 - 03/05/2022 19:00:00","BZN|EE","Without Sequence","270.23","",""
"03/05/2022 19:00:00 - 03/05/2022 20:00:00","BZN|EE","Without Sequence","261.77","",""
"03/05/2022 20:00:00 - 03/05/2022 21:00:00","BZN|EE","Without Sequence","247.14","",""
"03/05/2022 21:00:00 - 03/05/2022 22:00:00","BZN|EE","Without Sequence","221.84","",""
"03/05/2022 22:00:00 - 03/05/2022 23:00:00","BZN|EE","Without Sequence","109.77","",""
"03/05/2022 23:00:00 - 04/05/2022 00:00:00","BZN|EE","Without Sequence","99.03","",""
"04/05/2022 00:00:00 - 04/05/2022 01:00:00","BZN|EE","Without Sequence","99.08","",""
"04/05/2022 01:00:00 - 04/05/2022 02:00:00","BZN|EE","Without Sequence","108.84","",""
"04/05/2022 02:00:00 - 04/05/2022 03:00:00","BZN|EE","Without Sequence","120.09","",""
"04/05/2022 03:00:00 - 04/05/2022 04:00:00","BZN|EE","Without Sequence","149.09","",""
"04/05/2022 04:00:00 - 04/05/2022 05:00:00","BZN|EE","Without Sequence","256.58","",""
"04/05/2022 05:00:00 - 04/05/2022 06:00:00","BZN|EE","Without Sequence","296.90","",""
"04/05/2022 06:00:00 - 04/05/2022 07:00:00","BZN|EE","Without Sequence","280.10","",""
"04/05/2022 07:00:00 - 04/05/2022 08:00:00","BZN|EE","Without Sequence","255.09","",""
"04/05/2022 08:00:00 - 04/05/2022 09:00:00","BZN|EE","Without Sequence","226.01","",""
"04/05/2022 09:00:00 - 04/05/2022 10:00:00","BZN|EE","Without Sequence","209.41","",""
"04/05/2022 10:00:00 - 04/05/2022 11:00:00","BZN|EE","Without Sequence","204.64","",""
"04/05/2022 11:00:00 - 04/05/2022 12:00:00","BZN|EE","Without Sequence","154.88","",""
"04/05/2022 12:00:00 - 04/05/2022 13:00:00","BZN|EE","Without Sequence","142.60","",""
"04/05/2022 13:00:00 - 04/05/2022 14:00:00","BZN|EE","Without Sequence","135.08","",""
"04/05/2022 14:00:00 - 04/05/2022 15:00:00","BZN|EE","Without Sequence","199.09","",""
"04/05/2022 15:00:00 - 04/05/2022 16:00:00","BZN|EE","Without Sequence","224.98","",""
"04/05/2022 16:00:00 - 04/05/2022 17:00:00","BZN|EE","Without Sequence","243.98","",""
"04/05/2022 17:00:00 - 04/05/2022 18:00:00","BZN|EE","Without Sequence","272.22","",""
"04/05/2022 18:00:00 - 04/05/2022 19:00:00","BZN|EE","Without Sequence","272.49","",""
"04/05/2022 19:00:00 - 04/05/2022 20:00:00","BZN|EE","Without Sequence","239.01","",""
"04/05/2022 20:00:00 - 04/05/2022 21:00:00","BZN|EE","Without Sequence","226.02","",""
"04/05/2022 21:00:00 - 04/05/2022 22:00:00","BZN|EE","Without Sequence","111.75","",""
"04/05/2022 22:00:00 - 04/05/2022 23:00:00","BZN|EE","Without Sequence","46.34","",""
"04/05/2022 23:00:00 - 05/05/2022 00:00:00","BZN|EE","Without Sequence","33.67","",""
"05/05/2022 00:00:00 - 05/05/2022 01:00:00","BZN|EE","Without Sequence","32.82","",""
"05/05/2022 01:00:00 - 05/05/2022 02:00:00","BZN|EE","Without Sequence","34.18","",""
"05/05/2022 02:00:00 - 05/05/2022 03:00:00","BZN|EE","Without Sequence","36.61","",""
"05/05/2022 03:00:00 - 05/05/2022 04:00:00","BZN|EE","Without Sequence","82.73","",""
"05/05/2022 04:00:00 - 05/05/2022 05:00:00","BZN|EE","Without Sequence","222.53","",""
"05/05/2022 05:00:00 - 05/05/2022 06:00:00","BZN|EE","Without Sequence","255.06","",""
"05/05/2022 06:00:00 - 05/05/2022 07:00:00","BZN|EE","Without Sequence","259.71","",""
"05/05/2022 07:00:00 - 05/05/2022 08:00:00","BZN|EE","Without Sequence","245.12","",""
"05/05/2022 08:00:00 - 05/05/2022 09:00:00","BZN|EE","Without Sequence","227.75","",""
"05/05/2022 09:00:00 - 05/05/2022 10:00:00","BZN|EE","Without Sequence","224.89","",""
"05/05/2022 10:00:00 - 05/05/2022 11:00:00","BZN|EE","Without Sequence","217.49","",""
"05/05/2022 11:00:00 - 05/05/2022 12:00:00","BZN|EE","Without Sequence","155.73","",""
"05/05/2022 12:00:00 - 05/05/2022 13:00:00","BZN|EE","Without Sequence","100.03","",""
"05/05/2022 13:00:00 - 05/05/2022 14:00:00","BZN|EE","Without Sequence","99.35","",""
"05/05/2022 14:00:00 - 05/05/2022 15:00:00","BZN|EE","Without Sequence","99.35","",""
"05/05/2022 15:00:00 - 05/05/2022 16:00:00","BZN|EE","Without Sequence","128.75","",""
"05/05/2022 16:00:00 - 05/05/2022 17:00:00","BZN|EE","Without Sequence","181.49","",""
"05/05/2022 17:00:00 - 05/05/2022 18:00:00","BZN|EE","Without Sequence","175.00","",""
"05/05/2022 18:00:00 - 05/05/2022 19:00:00","BZN|EE","Without Sequence","115.27","",""
"05/05/2022 19:00:00 - 05/05/2022 20:00:00","BZN|EE","Without Sequence","200.35","",""
"05/05/2022 20:00:00 - 05/05/2022 21:00:00","BZN|EE","Without Sequence","139.30","",""
"05/05/2022 21:00:00 - 05/05/2022 22:00:00","BZN|EE","Without Sequence","99.36","",""
"05/05/2022 22:00:00 - 05/05/2022 23:00:00","BZN|EE","Without Sequence","99.30","",""
"05/05/2022 23:00:00 - 06/05/2022 00:00:00","BZN|EE","Without Sequence","50.05","",""
"06/05/2022 00:00:00 - 06/05/2022 01:00:00","BZN|EE","Without Sequence","50.04","",""
"06/05/2022 01:00:00 - 06/05/2022 02:00:00","BZN|EE","Without Sequence","50.07","",""
"06/05/2022 02:00:00 - 06/05/2022 03:00:00","BZN|EE","Without Sequence","99.30","",""
"06/05/2022 03:00:00 - 06/05/2022 04:00:00","BZN|EE","Without Sequence","126.96","",""
"06/05/2022 04:00:00 - 06/05/2022 05:00:00","BZN|EE","Without Sequence","255.02","",""
"06/05/2022 05:00:00 - 06/05/2022 06:00:00","BZN|EE","Without Sequence","274.92","",""
"06/05/2022 06:00:00 - 06/05/2022 07:00:00","BZN|EE","Without Sequence","262.97","",""
"06/05/2022 07:00:00 - 06/05/2022 08:00:00","BZN|EE","Without Sequence","229.46","",""
"06/05/2022 08:00:00 - 06/05/2022 09:00:00","BZN|EE","Without Sequence","213.18","",""
"06/05/2022 09:00:00 - 06/05/2022 10:00:00","BZN|EE","Without Sequence","207.95","",""
"06/05/2022 10:00:00 - 06/05/2022 11:00:00","BZN|EE","Without Sequence","165.28","",""
"06/05/2022 11:00:00 - 06/05/2022 12:00:00","BZN|EE","Without Sequence","104.09","",""
"06/05/2022 12:00:00 - 06/05/2022 13:00:00","BZN|EE","Without Sequence","99.32","",""
"06/05/2022 13:00:00 - 06/05/2022 14:00:00","BZN|EE","Without Sequence","99.32","",""
"06/05/2022 14:00:00 - 06/05/2022 15:00:00","BZN|EE","Without Sequence","99.36","",""
"06/05/2022 15:00:00 - 06/05/2022 16:00:00","BZN|EE","Without Sequence","99.39","",""
"06/05/2022 16:00:00 - 06/05/2022 17:00:00","BZN|EE","Without Sequence","237.78","",""
"06/05/2022 17:00:00 - 06/05/2022 18:00:00","BZN|EE","Without Sequence","250.63","",""
"06/05/2022 18:00:00 - 06/05/2022 19:00:00","BZN|EE","Without Sequence","256.39","",""
"06/05/2022 19:00:00 - 06/05/2022 20:00:00","BZN|EE","Without Sequence","249.77","",""
"06/05/2022 20:00:00 - 06/05/2022 21:00:00","BZN|EE","Without Sequence","241.83","",""
"06/05/2022 21:00:00 - 06/05/2022 22:00:00","BZN|EE","Without Sequence","192.64","",""
"06/05/2022 22:00:00 - 06/05/2022 23:00:00","BZN|EE","Without Sequence","186.37","",""
"06/05/2022 23:00:00 - 07/05/2022 00:00:00","BZN|EE","Without Sequence","169.81","",""
"07/05/2022 00:00:00 - 07/05/2022 01:00:00","BZN|EE","Without Sequence","150.07","",""
"07/05/2022 01:00:00 - 07/05/2022 02:00:00","BZN|EE","Without Sequence","150.06","",""
"07/05/2022 02:00:00 - 07/05/2022 03:00:00","BZN|EE","Without Sequence","150.05","",""
"07/05/2022 03:00:00 - 07/05/2022 04:00:00","BZN|EE","Without Sequence","145.92","",""
"07/05/2022 04:00:00 - 07/05/2022 05:00:00","BZN|EE","Without Sequence","150.07","",""
"07/05/2022 05:00:00 - 07/05/2022 06:00:00","BZN|EE","Without Sequence","207.10","",""
"07/05/2022 06:00:00 - 07/05/2022 07:00:00","BZN|EE","Without Sequence","211.83","",""
"07/05/2022 07:00:00 - 07/05/2022 08:00:00","BZN|EE","Without Sequence","128.06","",""
"07/05/2022 08:00:00 - 07/05/2022 09:00:00","BZN|EE","Without Sequence","100.98","",""
"07/05/2022 09:00:00 - 07/05/2022 10:00:00","BZN|EE","Without Sequence","97.71","",""
"07/05/2022 10:00:00 - 07/05/2022 11:00:00","BZN|EE","Without Sequence","101.81","",""
"07/05/2022 11:00:00 - 07/05/2022 12:00:00","BZN|EE","Without Sequence","119.05","",""
"07/05/2022 12:00:00 - 07/05/2022 13:00:00","BZN|EE","Without Sequence","115.19","",""
"07/05/2022 13:00:00 - 07/05/2022 14:00:00","BZN|EE","Without Sequence","118.22","",""
"07/05/2022 14:00:00 - 07/05/2022 15:00:00","BZN|EE","Without Sequence","128.08","",""
"07/05/2022 15:00:00 - 07/05/2022 16:00:00","BZN|EE","Without Sequence","150.02","",""
"07/05/2022 16:00:00 - 07/05/2022 17:00:00","BZN|EE","Without Sequence","196.78","",""
"07/05/2022 17:00:00 - 07/05/2022 18:00:00","BZN|EE","Without Sequence","214.24","",""
"07/05/2022 18:00:00 - 07/05/2022 19:00:00","BZN|EE","Without Sequence","211.96","",""
"07/05/2022 19:00:00 - 07/05/2022 20:00:00","BZN|EE","Without Sequence","211.85","",""
"07/05/2022 20:00:00 - 07/05/2022 21:00:00","BZN|EE","Without Sequence","211.55","",""
"07/05/2022 21:00:00 - 07/05/2022 22:00:00","BZN|EE","Without Sequence","180.84","",""
"07/05/2022 22:00:00 - 07/05/2022 23:00:00","BZN|EE","Without Sequence","157.71","",""
"07/05/2022 23:00:00 - 08/05/2022 00:00:00","BZN|EE","Without Sequence","141.29","",""
"08/05/2022 00:00:00 - 08/05/2022 01:00:00","BZN|EE","Without Sequence","138.63","",""
"08/05/2022 01:00:00 - 08/05/2022 02:00:00","BZN|EE","Without Sequence","136.68","",""
"08/05/2022 02:00:00 - 08/05/2022 03:00:00","BZN|EE","Without Sequence","136.23","",""
"08/05/2022 03:00:00 - 08/05/2022 04:00:00","BZN|EE","Without Sequence","127.01","",""
"08/05/2022 04:00:00 - 08/05/2022 05:00:00","BZN|EE","Without Sequence","126.73","",""
"08/05/2022 05:00:00 - 08/05/2022 06:00:00","BZN|EE","Without Sequence","113.54","",""
"08/05/2022 06:00:00 - 08/05/2022 07:00:00","BZN|EE","Without Sequence","105.59","",""
"08/05/2022 07:00:00 - 08/05/2022 08:00:00","BZN|EE","Without Sequence","97.49","",""
"08/05/2022 08:00:00 - 08/05/2022 09:00:00","BZN|EE","Without Sequence","97.03","",""
"08/05/2022 09:00:00 - 08/05/2022 10:00:00","BZN|EE","Without Sequence","25.94","",""
"08/05/2022 10:00:00 - 08/05/2022 11:00:00","BZN|EE","Without Sequence","17.00","",""
"08/05/2022 11:00:00 - 08/05/2022 12:00:00","BZN|EE","Without Sequence","17.23","",""
"08/05/2022 12:00:00 - 08/05/2022 13:00:00","BZN|EE","Without Sequence","78.50","",""
"08/05/2022 13:00:00 - 08/05/2022 14:00:00","BZN|EE","Without Sequence","91.02","",""
"08/05/2022 14:00:00 - 08/05/2022 15:00:00","BZN|EE","Without Sequence","97.22","",""
"08/05/2022 15:00:00 - 08/05/2022 16:00:00","BZN|EE","Without Sequence","104.13","",""
"08/05/2022 16:00:00 - 08/05/2022 17:00:00","BZN|EE","Without Sequence","139.23","",""
"08/05/2022 17:00:00 - 08/05/2022 18:00:00","BZN|EE","Without Sequence","166.61","",""
"08/05/2022 18:00:00 - 08/05/2022 19:00:00","BZN|EE","Without Sequence","192.33","",""
"08/05/2022 19:00:00 - 08/05/2022 20:00:00","BZN|EE","Without Sequence","184.72","",""
"08/05/2022 20:00:00 - 08/05/2022 21:00:00","BZN|EE","Without Sequence","165.79","",""
"08/05/2022 21:00:00 - 08/05/2022 22:00:00","BZN|EE","Without Sequence","123.57","",""
"08/05/2022 22:00:00 - 08/05/2022 23:00:00","BZN|EE","Without Sequence","111.19","",""
"08/05/2022 23:00:00 - 09/05/2022 00:00:00","BZN|EE","Without Sequence","101.18","",""
"09/05/2022 00:00:00 - 09/05/2022 01:00:00","BZN|EE","Without Sequence","101.18","",""
"09/05/2022 01:00:00 - 09/05/2022 02:00:00","BZN|EE","Without Sequence","103.88","",""
"09/05/2022 02:00:00 - 09/05/2022 03:00:00","BZN|EE","Without Sequence","110.50","",""
"09/05/2022 03:00:00 - 09/05/2022 04:00:00","BZN|EE","Without Sequence","134.77","",""
"09/05/2022 04:00:00 - 09/05/2022 05:00:00","BZN|EE","Without Sequence","234.24","",""
"09/05/2022 05:00:00 - 09/05/2022 06:00:00","BZN|EE","Without Sequence","256.23","",""
"09/05/2022 06:00:00 - 09/05/2022 07:00:00","BZN|EE","Without Sequence","250.04","",""
"09/05/2022 07:00:00 - 09/05/2022 08:00:00","BZN|EE","Without Sequence","219.21","",""
"09/05/2022 08:00:00 - 09/05/2022 09:00:00","BZN|EE","Without Sequence","199.95","",""
"09/05/2022 09:00:00 - 09/05/2022 10:00:00","BZN|EE","Without Sequence","194.39","",""
"09/05/2022 10:00:00 - 09/05/2022 11:00:00","BZN|EE","Without Sequence","185.51","",""
"09/05/2022 11:00:00 - 09/05/2022 12:00:00","BZN|EE","Without Sequence","183.46","",""
"09/05/2022 12:00:00 - 09/05/2022 13:00:00","BZN|EE","Without Sequence","175.24","",""
"09/05/2022 13:00:00 - 09/05/2022 14:00:00","BZN|EE","Without Sequence","179.53","",""
"09/05/2022 14:00:00 - 09/05/2022 15:00:00","BZN|EE","Without Sequence","132.86","",""
"09/05/2022 15:00:00 - 09/05/2022 16:00:00","BZN|EE","Without Sequence","177.92","",""
"09/05/2022 16:00:00 - 09/05/2022 17:00:00","BZN|EE","Without Sequence","202.95","",""
"09/05/2022 17:00:00 - 09/05/2022 18:00:00","BZN|EE","Without Sequence","255.38","",""
"09/05/2022 18:00:00 - 09/05/2022 19:00:00","BZN|EE","Without Sequence","266.94","",""
"09/05/2022 19:00:00 - 09/05/2022 20:00:00","BZN|EE","Without Sequence","200.07","",""
"09/05/2022 20:00:00 - 09/05/2022 21:00:00","BZN|EE","Without Sequence","200.01","",""
"09/05/2022 21:00:00 - 09/05/2022 22:00:00","BZN|EE","Without Sequence","120.04","",""
"09/05/2022 22:00:00 - 09/05/2022 23:00:00","BZN|EE","Without Sequence","125.07","",""
"09/05/2022 23:00:00 - 10/05/2022 00:00:00","BZN|EE","Without Sequence","115.54","",""
"10/05/2022 00:00:00 - 10/05/2022 01:00:00","BZN|EE","Without Sequence","111.97","",""
"10/05/2022 01:00:00 - 10/05/2022 02:00:00","BZN|EE","Without Sequence","104.21","",""
"10/05/2022 02:00:00 - 10/05/2022 03:00:00","BZN|EE","Without Sequence","105.99","",""
"10/05/2022 03:00:00 - 10/05/2022 04:00:00","BZN|EE","Without Sequence","90.01","",""
"10/05/2022 04:00:00 - 10/05/2022 05:00:00","BZN|EE","Without Sequence","128.38","",""
"10/05/2022 05:00:00 - 10/05/2022 06:00:00","BZN|EE","Without Sequence","201.88","",""
"10/05/2022 06:00:00 - 10/05/2022 07:00:00","BZN|EE","Without Sequence","227.13","",""
"10/05/2022 07:00:00 - 10/05/2022 08:00:00","BZN|EE","Without Sequence","195.54","",""
"10/05/2022 08:00:00 - 10/05/2022 09:00:00","BZN|EE","Without Sequence","108.57","",""
"10/05/2022 09:00:00 - 10/05/2022 10:00:00","BZN|EE","Without Sequence","99.10","",""
"10/05/2022 10:00:00 - 10/05/2022 11:00:00","BZN|EE","Without Sequence","99.02","",""
"10/05/2022 11:00:00 - 10/05/2022 12:00:00","BZN|EE","Without Sequence","97.66","",""
"10/05/2022 12:00:00 - 10/05/2022 13:00:00","BZN|EE","Without Sequence","99.02","",""
"10/05/2022 13:00:00 - 10/05/2022 14:00:00","BZN|EE","Without Sequence","102.71","",""
"10/05/2022 14:00:00 - 10/05/2022 15:00:00","BZN|EE","Without Sequence","111.21","",""
"10/05/2022 15:00:00 - 10/05/2022 16:00:00","BZN|EE","Without Sequence","180.00","",""
"10/05/2022 16:00:00 - 10/05/2022 17:00:00","BZN|EE","Without Sequence","190.04","",""
"10/05/2022 17:00:00 - 10/05/2022 18:00:00","BZN|EE","Without Sequence","190.03","",""
"10/05/2022 18:00:00 - 10/05/2022 19:00:00","BZN|EE","Without Sequence","157.16","",""
"10/05/2022 19:00:00 - 10/05/2022 20:00:00","BZN|EE","Without Sequence","99.98","",""
"10/05/2022 20:00:00 - 10/05/2022 21:00:00","BZN|EE","Without Sequence","90.05","",""
"10/05/2022 21:00:00 - 10/05/2022 22:00:00","BZN|EE","Without Sequence","105.00","",""
"10/05/2022 22:00:00 - 10/05/2022 23:00:00","BZN|EE","Without Sequence","7.37","",""
"10/05/2022 23:00:00 - 11/05/2022 00:00:00","BZN|EE","Without Sequence","6.90","",""
"11/05/2022 00:00:00 - 11/05/2022 01:00:00","BZN|EE","Without Sequence","6.66","",""
"11/05/2022 01:00:00 - 11/05/2022 02:00:00","BZN|EE","Without Sequence","6.63","",""
"11/05/2022 02:00:00 - 11/05/2022 03:00:00","BZN|EE","Without Sequence","7.12","",""
"11/05/2022 03:00:00 - 11/05/2022 04:00:00","BZN|EE","Without Sequence","15.21","",""
"11/05/2022 04:00:00 - 11/05/2022 05:00:00","BZN|EE","Without Sequence","117.66","",""
"11/05/2022 05:00:00 - 11/05/2022 06:00:00","BZN|EE","Without Sequence","175.02","",""
"11/05/2022 06:00:00 - 11/05/2022 07:00:00","BZN|EE","Without Sequence","189.54","",""
"11/05/2022 07:00:00 - 11/05/2022 08:00:00","BZN|EE","Without Sequence","183.91","",""
"11/05/2022 08:00:00 - 11/05/2022 09:00:00","BZN|EE","Without Sequence","144.90","",""
"11/05/2022 09:00:00 - 11/05/2022 10:00:00","BZN|EE","Without Sequence","97.53","",""
"11/05/2022 10:00:00 - 11/05/2022 11:00:00","BZN|EE","Without Sequence","96.55","",""
"11/05/2022 11:00:00 - 11/05/2022 12:00:00","BZN|EE","Without Sequence","95.10","",""
"11/05/2022 12:00:00 - 11/05/2022 13:00:00","BZN|EE","Without Sequence","94.79","",""
"11/05/2022 13:00:00 - 11/05/2022 14:00:00","BZN|EE","Without Sequence","94.74","",""
"11/05/2022 14:00:00 - 11/05/2022 15:00:00","BZN|EE","Without Sequence","96.33","",""
"11/05/2022 15:00:00 - 11/05/2022 16:00:00","BZN|EE","Without Sequence","117.60","",""
"11/05/2022 16:00:00 - 11/05/2022 17:00:00","BZN|EE","Without Sequence","175.04","",""
"11/05/2022 17:00:00 - 11/05/2022 18:00:00","BZN|EE","Without Sequence","175.05","",""
"11/05/2022 18:00:00 - 11/05/2022 19:00:00","BZN|EE","Without Sequence","167.53","",""
"11/05/2022 19:00:00 - 11/05/2022 20:00:00","BZN|EE","Without Sequence","139.96","",""
"11/05/2022 20:00:00 - 11/05/2022 21:00:00","BZN|EE","Without Sequence","123.64","",""
"11/05/2022 21:00:00 - 11/05/2022 22:00:00","BZN|EE","Without Sequence","32.43","",""
"11/05/2022 22:00:00 - 11/05/2022 23:00:00","BZN|EE","Without Sequence","109.35","",""
"11/05/2022 23:00:00 - 12/05/2022 00:00:00","BZN|EE","Without Sequence","50.42","",""
"12/05/2022 00:00:00 - 12/05/2022 01:00:00","BZN|EE","Without Sequence","71.42","",""
"12/05/2022 01:00:00 - 12/05/2022 02:00:00","BZN|EE","Without Sequence","84.13","",""
"12/05/2022 02:00:00 - 12/05/2022 03:00:00","BZN|EE","Without Sequence","47.12","",""
"12/05/2022 03:00:00 - 12/05/2022 04:00:00","BZN|EE","Without Sequence","94.34","",""
"12/05/2022 04:00:00 - 12/05/2022 05:00:00","BZN|EE","Without Sequence","122.27","",""
"12/05/2022 05:00:00 - 12/05/2022 06:00:00","BZN|EE","Without Sequence","132.27","",""
"12/05/2022 06:00:00 - 12/05/2022 07:00:00","BZN|EE","Without Sequence","137.00","",""
"12/05/2022 07:00:00 - 12/05/2022 08:00:00","BZN|EE","Without Sequence","138.09","",""
"12/05/2022 08:00:00 - 12/05/2022 09:00:00","BZN|EE","Without Sequence","132.11","",""
"12/05/2022 09:00:00 - 12/05/2022 10:00:00","BZN|EE","Without Sequence","150.16","",""
"12/05/2022 10:00:00 - 12/05/2022 11:00:00","BZN|EE","Without Sequence","124.20","",""
"12/05/2022 11:00:00 - 12/05/2022 12:00:00","BZN|EE","Without Sequence","87.91","",""
"12/05/2022 12:00:00 - 12/05/2022 13:00:00","BZN|EE","Without Sequence","86.54","",""
"12/05/2022 13:00:00 - 12/05/2022 14:00:00","BZN|EE","Without Sequence","90.50","",""
"12/05/2022 14:00:00 - 12/05/2022 15:00:00","BZN|EE","Without Sequence","94.98","",""
"12/05/2022 15:00:00 - 12/05/2022 16:00:00","BZN|EE","Without Sequence","94.61","",""
"12/05/2022 16:00:00 - 12/05/2022 17:00:00","BZN|EE","Without Sequence","110.40","",""
"12/05/2022 17:00:00 - 12/05/2022 18:00:00","BZN|EE","Without Sequence","142.34","",""
"12/05/2022 18:00:00 - 12/05/2022 19:00:00","BZN|EE","Without Sequence","165.04","",""
"12/05/2022 19:00:00 - 12/05/2022 20:00:00","BZN|EE","Without Sequence","165.02","",""
"12/05/2022 20:00:00 - 12/05/2022 21:00:00","BZN|EE","Without Sequence","119.67","",""
"12/05/2022 21:00:00 - 12/05/2022 22:00:00","BZN|EE","Without Sequence","40.04","",""
"12/05/2022 22:00:00 - 12/05/2022 23:00:00","BZN|EE","Without Sequence","65.49","",""
"12/05/2022 23:00:00 - 13/05/2022 00:00:00","BZN|EE","Without Sequence","50.10","",""
"13/05/2022 00:00:00 - 13/05/2022 01:00:00","BZN|EE","Without Sequence","50.08","",""
"13/05/2022 01:00:00 - 13/05/2022 02:00:00","BZN|EE","Without Sequence","50.09","",""
"13/05/2022 02:00:00 - 13/05/2022 03:00:00","BZN|EE","Without Sequence","74.86","",""
"13/05/2022 03:00:00 - 13/05/2022 04:00:00","BZN|EE","Without Sequence","133.26","",""
"13/05/2022 04:00:00 - 13/05/2022 05:00:00","BZN|EE","Without Sequence","226.93","",""
"13/05/2022 05:00:00 - 13/05/2022 06:00:00","BZN|EE","Without Sequence","242.74","",""
"13/05/2022 06:00:00 - 13/05/2022 07:00:00","BZN|EE","Without Sequence","242.29","",""
"13/05/2022 07:00:00 - 13/05/2022 08:00:00","BZN|EE","Without Sequence","225.02","",""
"13/05/2022 08:00:00 - 13/05/2022 09:00:00","BZN|EE","Without Sequence","168.78","",""
"13/05/2022 09:00:00 - 13/05/2022 10:00:00","BZN|EE","Without Sequence","120.00","",""
"13/05/2022 10:00:00 - 13/05/2022 11:00:00","BZN|EE","Without Sequence","106.66","",""
"13/05/2022 11:00:00 - 13/05/2022 12:00:00","BZN|EE","Without Sequence","102.61","",""
"13/05/2022 12:00:00 - 13/05/2022 13:00:00","BZN|EE","Without Sequence","99.63","",""
"13/05/2022 13:00:00 - 13/05/2022 14:00:00","BZN|EE","Without Sequence","93.48","",""
"13/05/2022 14:00:00 - 13/05/2022 15:00:00","BZN|EE","Without Sequence","99.04","",""
"13/05/2022 15:00:00 - 13/05/2022 16:00:00","BZN|EE","Without Sequence","117.36","",""
"13/05/2022 16:00:00 - 13/05/2022 17:00:00","BZN|EE","Without Sequence","133.30","",""
"13/05/2022 17:00:00 - 13/05/2022 18:00:00","BZN|EE","Without Sequence","220.36","",""
"13/05/2022 18:00:00 - 13/05/2022 19:00:00","BZN|EE","Without Sequence","130.06","",""
"13/05/2022 19:00:00 - 13/05/2022 20:00:00","BZN|EE","Without Sequence","130.05","",""
"13/05/2022 20:00:00 - 13/05/2022 21:00:00","BZN|EE","Without Sequence","130.03","",""
"13/05/2022 21:00:00 - 13/05/2022 22:00:00","BZN|EE","Without Sequence","54.10","",""
"13/05/2022 22:00:00 - 13/05/2022 23:00:00","BZN|EE","Without Sequence","90.03","",""
"13/05/2022 23:00:00 - 14/05/2022 00:00:00","BZN|EE","Without Sequence","71.87","",""
"14/05/2022 00:00:00 - 14/05/2022 01:00:00","BZN|EE","Without Sequence","65.28","",""
"14/05/2022 01:00:00 - 14/05/2022 02:00:00","BZN|EE","Without Sequence","67.79","",""
"14/05/2022 02:00:00 - 14/05/2022 03:00:00","BZN|EE","Without Sequence","77.29","",""
"14/05/2022 03:00:00 - 14/05/2022 04:00:00","BZN|EE","Without Sequence","117.33","",""
"14/05/2022 04:00:00 - 14/05/2022 05:00:00","BZN|EE","Without Sequence","124.22","",""
"14/05/2022 05:00:00 - 14/05/2022 06:00:00","BZN|EE","Without Sequence","127.21","",""
"14/05/2022 06:00:00 - 14/05/2022 07:00:00","BZN|EE","Without Sequence","130.73","",""
"14/05/2022 07:00:00 - 14/05/2022 08:00:00","BZN|EE","Without Sequence","124.08","",""
"14/05/2022 08:00:00 - 14/05/2022 09:00:00","BZN|EE","Without Sequence","117.78","",""
"14/05/2022 09:00:00 - 14/05/2022 10:00:00","BZN|EE","Without Sequence","104.41","",""
"14/05/2022 10:00:00 - 14/05/2022 11:00:00","BZN|EE","Without Sequence","112.89","",""
"14/05/2022 11:00:00 - 14/05/2022 12:00:00","BZN|EE","Without Sequence","106.28","",""
"14/05/2022 12:00:00 - 14/05/2022 13:00:00","BZN|EE","Without Sequence","93.75","",""
"14/05/2022 13:00:00 - 14/05/2022 14:00:00","BZN|EE","Without Sequence","96.36","",""
"14/05/2022 14:00:00 - 14/05/2022 15:00:00","BZN|EE","Without Sequence","103.36","",""
"14/05/2022 15:00:00 - 14/05/2022 16:00:00","BZN|EE","Without Sequence","107.22","",""
"14/05/2022 16:00:00 - 14/05/2022 17:00:00","BZN|EE","Without Sequence","128.64","",""
"14/05/2022 17:00:00 - 14/05/2022 18:00:00","BZN|EE","Without Sequence","159.36","",""
"14/05/2022 18:00:00 - 14/05/2022 19:00:00","BZN|EE","Without Sequence","178.78","",""
"14/05/2022 19:00:00 - 14/05/2022 20:00:00","BZN|EE","Without Sequence","166.26","",""
"14/05/2022 20:00:00 - 14/05/2022 21:00:00","BZN|EE","Without Sequence","103.05","",""
"14/05/2022 21:00:00 - 14/05/2022 22:00:00","BZN|EE","Without Sequence","61.51","",""
"14/05/2022 22:00:00 - 14/05/2022 23:00:00","BZN|EE","Without Sequence","111.32","",""
"14/05/2022 23:00:00 - 15/05/2022 00:00:00","BZN|EE","Without Sequence","113.68","",""
"15/05/2022 00:00:00 - 15/05/2022 01:00:00","BZN|EE","Without Sequence","111.34","",""
"15/05/2022 01:00:00 - 15/05/2022 02:00:00","BZN|EE","Without Sequence","108.18","",""
"15/05/2022 02:00:00 - 15/05/2022 03:00:00","BZN|EE","Without Sequence","109.25","",""
"15/05/2022 03:00:00 - 15/05/2022 04:00:00","BZN|EE","Without Sequence","101.30","",""
"15/05/2022 04:00:00 - 15/05/2022 05:00:00","BZN|EE","Without Sequence","7.39","",""
"15/05/2022 05:00:00 - 15/05/2022 06:00:00","BZN|EE","Without Sequence","108.52","",""
"15/05/2022 06:00:00 - 15/05/2022 07:00:00","BZN|EE","Without Sequence","111.31","",""
"15/05/2022 07:00:00 - 15/05/2022 08:00:00","BZN|EE","Without Sequence","107.95","",""
"15/05/2022 08:00:00 - 15/05/2022 09:00:00","BZN|EE","Without Sequence","85.75","",""
"15/05/2022 09:00:00 - 15/05/2022 10:00:00","BZN|EE","Without Sequence","48.06","",""
"15/05/2022 10:00:00 - 15/05/2022 11:00:00","BZN|EE","Without Sequence","41.36","",""
"15/05/2022 11:00:00 - 15/05/2022 12:00:00","BZN|EE","Without Sequence","7.28","",""
"15/05/2022 12:00:00 - 15/05/2022 13:00:00","BZN|EE","Without Sequence","7.04","",""
"15/05/2022 13:00:00 - 15/05/2022 14:00:00","BZN|EE","Without Sequence","7.07","",""
"15/05/2022 14:00:00 - 15/05/2022 15:00:00","BZN|EE","Without Sequence","34.54","",""
"15/05/2022 15:00:00 - 15/05/2022 16:00:00","BZN|EE","Without Sequence","107.77","",""
"15/05/2022 16:00:00 - 15/05/2022 17:00:00","BZN|EE","Without Sequence","139.97","",""
"15/05/2022 17:00:00 - 15/05/2022 18:00:00","BZN|EE","Without Sequence","172.44","",""
"15/05/2022 18:00:00 - 15/05/2022 19:00:00","BZN|EE","Without Sequence","166.77","",""
"15/05/2022 19:00:00 - 15/05/2022 20:00:00","BZN|EE","Without Sequence","177.42","",""
"15/05/2022 20:00:00 - 15/05/2022 21:00:00","BZN|EE","Without Sequence","130.01","",""
"15/05/2022 21:00:00 - 15/05/2022 22:00:00","BZN|EE","Without Sequence","70.01","",""
"15/05/2022 22:00:00 - 15/05/2022 23:00:00","BZN|EE","Without Sequence","95.83","",""
"15/05/2022 23:00:00 - 16/05/2022 00:00:00","BZN|EE","Without Sequence","6.78","",""
"16/05/2022 00:00:00 - 16/05/2022 01:00:00","BZN|EE","Without Sequence","23.00","",""
"16/05/2022 01:00:00 - 16/05/2022 02:00:00","BZN|EE","Without Sequence","31.99","",""
"16/05/2022 02:00:00 - 16/05/2022 03:00:00","BZN|EE","Without Sequence","78.42","",""
"16/05/2022 03:00:00 - 16/05/2022 04:00:00","BZN|EE","Without Sequence","111.39","",""
"16/05/2022 04:00:00 - 16/05/2022 05:00:00","BZN|EE","Without Sequence","139.21","",""
"16/05/2022 05:00:00 - 16/05/2022 06:00:00","BZN|EE","Without Sequence","242.13","",""
"16/05/2022 06:00:00 - 16/05/2022 07:00:00","BZN|EE","Without Sequence","245.06","",""
"16/05/2022 07:00:00 - 16/05/2022 08:00:00","BZN|EE","Without Sequence","188.47","",""
"16/05/2022 08:00:00 - 16/05/2022 09:00:00","BZN|EE","Without Sequence","183.37","",""
"16/05/2022 09:00:00 - 16/05/2022 10:00:00","BZN|EE","Without Sequence","183.52","",""
"16/05/2022 10:00:00 - 16/05/2022 11:00:00","BZN|EE","Without Sequence","179.96","",""
"16/05/2022 11:00:00 - 16/05/2022 12:00:00","BZN|EE","Without Sequence","143.56","",""
"16/05/2022 12:00:00 - 16/05/2022 13:00:00","BZN|EE","Without Sequence","135.49","",""
"16/05/2022 13:00:00 - 16/05/2022 14:00:00","BZN|EE","Without Sequence","145.62","",""
"16/05/2022 14:00:00 - 16/05/2022 15:00:00","BZN|EE","Without Sequence","146.04","",""
"16/05/2022 15:00:00 - 16/05/2022 16:00:00","BZN|EE","Without Sequence","165.09","",""
"16/05/2022 16:00:00 - 16/05/2022 17:00:00","BZN|EE","Without Sequence","179.33","",""
"16/05/2022 17:00:00 - 16/05/2022 18:00:00","BZN|EE","Without Sequence","225.04","",""
"16/05/2022 18:00:00 - 16/05/2022 19:00:00","BZN|EE","Without Sequence","244.42","",""
"16/05/2022 19:00:00 - 16/05/2022 20:00:00","BZN|EE","Without Sequence","185.08","",""
"16/05/2022 20:00:00 - 16/05/2022 21:00:00","BZN|EE","Without Sequence","135.80","",""
"16/05/2022 21:00:00 - 16/05/2022 22:00:00","BZN|EE","Without Sequence","85.06","",""
"16/05/2022 22:00:00 - 16/05/2022 23:00:00","BZN|EE","Without Sequence","70.01","",""
"16/05/2022 23:00:00 - 17/05/2022 00:00:00","BZN|EE","Without Sequence","45.08","",""
"17/05/2022 00:00:00 - 17/05/2022 01:00:00","BZN|EE","Without Sequence","45.05","",""
"17/05/2022 01:00:00 - 17/05/2022 02:00:00","BZN|EE","Without Sequence","45.02","",""
"17/05/2022 02:00:00 - 17/05/2022 03:00:00","BZN|EE","Without Sequence","45.03","",""
"17/05/2022 03:00:00 - 17/05/2022 04:00:00","BZN|EE","Without Sequence","28.71","",""
"17/05/2022 04:00:00 - 17/05/2022 05:00:00","BZN|EE","Without Sequence","70.03","",""
"17/05/2022 05:00:00 - 17/05/2022 06:00:00","BZN|EE","Without Sequence","175.70","",""
"17/05/2022 06:00:00 - 17/05/2022 07:00:00","BZN|EE","Without Sequence","179.94","",""
"17/05/2022 07:00:00 - 17/05/2022 08:00:00","BZN|EE","Without Sequence","184.95","",""
"17/05/2022 08:00:00 - 17/05/2022 09:00:00","BZN|EE","Without Sequence","231.99","",""
"17/05/2022 09:00:00 - 17/05/2022 10:00:00","BZN|EE","Without Sequence","216.29","",""
"17/05/2022 10:00:00 - 17/05/2022 11:00:00","BZN|EE","Without Sequence","208.09","",""
"17/05/2022 11:00:00 - 17/05/2022 12:00:00","BZN|EE","Without Sequence","197.46","",""
"17/05/2022 12:00:00 - 17/05/2022 13:00:00","BZN|EE","Without Sequence","189.24","",""
"17/05/2022 13:00:00 - 17/05/2022 14:00:00","BZN|EE","Without Sequence","187.97","",""
"17/05/2022 14:00:00 - 17/05/2022 15:00:00","BZN|EE","Without Sequence","204.12","",""
"17/05/2022 15:00:00 - 17/05/2022 16:00:00","BZN|EE","Without Sequence","237.13","",""
"17/05/2022 16:00:00 - 17/05/2022 17:00:00","BZN|EE","Without Sequence","251.82","",""
"17/05/2022 17:00:00 - 17/05/2022 18:00:00","BZN|EE","Without Sequence","290.00","",""
"17/05/2022 18:00:00 - 17/05/2022 19:00:00","BZN|EE","Without Sequence","291.05","",""
"17/05/2022 19:00:00 - 17/05/2022 20:00:00","BZN|EE","Without Sequence","250.00","",""
"17/05/2022 20:00:00 - 17/05/2022 21:00:00","BZN|EE","Without Sequence","200.63","",""
"17/05/2022 21:00:00 - 17/05/2022 22:00:00","BZN|EE","Without Sequence","130.07","",""
"17/05/2022 22:00:00 - 17/05/2022 23:00:00","BZN|EE","Without Sequence","50.56","",""
"17/05/2022 23:00:00 - 18/05/2022 00:00:00","BZN|EE","Without Sequence","114.67","",""
"18/05/2022 00:00:00 - 18/05/2022 01:00:00","BZN|EE","Without Sequence","114.66","",""
"18/05/2022 01:00:00 - 18/05/2022 02:00:00","BZN|EE","Without Sequence","114.66","",""
"18/05/2022 02:00:00 - 18/05/2022 03:00:00","BZN|EE","Without Sequence","37.74","",""
"18/05/2022 03:00:00 - 18/05/2022 04:00:00","BZN|EE","Without Sequence","143.34","",""
"18/05/2022 04:00:00 - 18/05/2022 05:00:00","BZN|EE","Without Sequence","199.18","",""
"18/05/2022 05:00:00 - 18/05/2022 06:00:00","BZN|EE","Without Sequence","299.91","",""
"18/05/2022 06:00:00 - 18/05/2022 07:00:00","BZN|EE","Without Sequence","360.89","",""
"18/05/2022 07:00:00 - 18/05/2022 08:00:00","BZN|EE","Without Sequence","249.99","",""
"18/05/2022 08:00:00 - 18/05/2022 09:00:00","BZN|EE","Without Sequence","179.17","",""
"18/05/2022 09:00:00 - 18/05/2022 10:00:00","BZN|EE","Without Sequence","202.46","",""
"18/05/2022 10:00:00 - 18/05/2022 11:00:00","BZN|EE","Without Sequence","174.66","",""
"18/05/2022 11:00:00 - 18/05/2022 12:00:00","BZN|EE","Without Sequence","177.03","",""
"18/05/2022 12:00:00 - 18/05/2022 13:00:00","BZN|EE","Without Sequence","172.47","",""
"18/05/2022 13:00:00 - 18/05/2022 14:00:00","BZN|EE","Without Sequence","174.61","",""
"18/05/2022 14:00:00 - 18/05/2022 15:00:00","BZN|EE","Without Sequence","193.10","",""
"18/05/2022 15:00:00 - 18/05/2022 16:00:00","BZN|EE","Without Sequence","211.64","",""
"18/05/2022 16:00:00 - 18/05/2022 17:00:00","BZN|EE","Without Sequence","235.41","",""
"18/05/2022 17:00:00 - 18/05/2022 18:00:00","BZN|EE","Without Sequence","280.10","",""
"18/05/2022 18:00:00 - 18/05/2022 19:00:00","BZN|EE","Without Sequence","273.28","",""
"18/05/2022 19:00:00 - 18/05/2022 20:00:00","BZN|EE","Without Sequence","249.99","",""
"18/05/2022 20:00:00 - 18/05/2022 21:00:00","BZN|EE","Without Sequence","225.05","",""
"18/05/2022 21:00:00 - 18/05/2022 22:00:00","BZN|EE","Without Sequence","94.72","",""
"18/05/2022 22:00:00 - 18/05/2022 23:00:00","BZN|EE","Without Sequence","120.00","",""
"18/05/2022 23:00:00 - 19/05/2022 00:00:00","BZN|EE","Without Sequence","110.06","",""
"19/05/2022 00:00:00 - 19/05/2022 01:00:00","BZN|EE","Without Sequence","63.12","",""
"19/05/2022 01:00:00 - 19/05/2022 02:00:00","BZN|EE","Without Sequence","66.46","",""
"19/05/2022 02:00:00 - 19/05/2022 03:00:00","BZN|EE","Without Sequence","87.88","",""
"19/05/2022 03:00:00 - 19/05/2022 04:00:00","BZN|EE","Without Sequence","140.00","",""
"19/05/2022 04:00:00 - 19/05/2022 05:00:00","BZN|EE","Without Sequence","240.29","",""
"19/05/2022 05:00:00 - 19/05/2022 06:00:00","BZN|EE","Without Sequence","300.08","",""
"19/05/2022 06:00:00 - 19/05/2022 07:00:00","BZN|EE","Without Sequence","331.25","",""
"19/05/2022 07:00:00 - 19/05/2022 08:00:00","BZN|EE","Without Sequence","260.83","",""
"19/05/2022 08:00:00 - 19/05/2022 09:00:00","BZN|EE","Without Sequence","275.93","",""
"19/05/2022 09:00:00 - 19/05/2022 10:00:00","BZN|EE","Without Sequence","363.10","",""
"19/05/2022 10:00:00 - 19/05/2022 11:00:00","BZN|EE","Without Sequence","355.01","",""
"19/05/2022 11:00:00 - 19/05/2022 12:00:00","BZN|EE","Without Sequence","250.00","",""
"19/05/2022 12:00:00 - 19/05/2022 13:00:00","BZN|EE","Without Sequence","250.00","",""
"19/05/2022 13:00:00 - 19/05/2022 14:00:00","BZN|EE","Without Sequence","240.30","",""
"19/05/2022 14:00:00 - 19/05/2022 15:00:00","BZN|EE","Without Sequence","246.21","",""
"19/05/2022 15:00:00 - 19/05/2022 16:00:00","BZN|EE","Without Sequence","368.88","",""
"19/05/2022 16:00:00 - 19/05/2022 17:00:00","BZN|EE","Without Sequence","250.00","",""
"19/05/2022 17:00:00 - 19/05/2022 18:00:00","BZN|EE","Without Sequence","269.27","",""
"19/05/2022 18:00:00 - 19/05/2022 19:00:00","BZN|EE","Without Sequence","266.84","",""
"19/05/2022 19:00:00 - 19/05/2022 20:00:00","BZN|EE","Without Sequence","246.92","",""
"19/05/2022 20:00:00 - 19/05/2022 21:00:00","BZN|EE","Without Sequence","228.76","",""
"19/05/2022 21:00:00 - 19/05/2022 22:00:00","BZN|EE","Without Sequence","120.00","",""
"19/05/2022 22:00:00 - 19/05/2022 23:00:00","BZN|EE","Without Sequence","150.08","",""
"19/05/2022 23:00:00 - 20/05/2022 00:00:00","BZN|EE","Without Sequence","119.92","",""
"20/05/2022 00:00:00 - 20/05/2022 01:00:00","BZN|EE","Without Sequence","86.56","",""
"20/05/2022 01:00:00 - 20/05/2022 02:00:00","BZN|EE","Without Sequence","86.72","",""
"20/05/2022 02:00:00 - 20/05/2022 03:00:00","BZN|EE","Without Sequence","107.28","",""
"20/05/2022 03:00:00 - 20/05/2022 04:00:00","BZN|EE","Without Sequence","222.84","",""
"20/05/2022 04:00:00 - 20/05/2022 05:00:00","BZN|EE","Without Sequence","258.83","",""
"20/05/2022 05:00:00 - 20/05/2022 06:00:00","BZN|EE","Without Sequence","500.05","",""
"20/05/2022 06:00:00 - 20/05/2022 07:00:00","BZN|EE","Without Sequence","450.02","",""
"20/05/2022 07:00:00 - 20/05/2022 08:00:00","BZN|EE","Without Sequence","355.03","",""
"20/05/2022 08:00:00 - 20/05/2022 09:00:00","BZN|EE","Without Sequence","249.99","",""
"20/05/2022 09:00:00 - 20/05/2022 10:00:00","BZN|EE","Without Sequence","259.11","",""
"20/05/2022 10:00:00 - 20/05/2022 11:00:00","BZN|EE","Without Sequence","440.00","",""
"20/05/2022 11:00:00 - 20/05/2022 12:00:00","BZN|EE","Without Sequence","274.32","",""
"20/05/2022 12:00:00 - 20/05/2022 13:00:00","BZN|EE","Without Sequence","265.64","",""
"20/05/2022 13:00:00 - 20/05/2022 14:00:00","BZN|EE","Without Sequence","249.98","",""
"20/05/2022 14:00:00 - 20/05/2022 15:00:00","BZN|EE","Without Sequence","249.98","",""
"20/05/2022 15:00:00 - 20/05/2022 16:00:00","BZN|EE","Without Sequence","240.88","",""
"20/05/2022 16:00:00 - 20/05/2022 17:00:00","BZN|EE","Without Sequence","281.99","",""
"20/05/2022 17:00:00 - 20/05/2022 18:00:00","BZN|EE","Without Sequence","249.98","",""
"20/05/2022 18:00:00 - 20/05/2022 19:00:00","BZN|EE","Without Sequence","225.48","",""
"20/05/2022 19:00:00 - 20/05/2022 20:00:00","BZN|EE","Without Sequence","212.80","",""
"20/05/2022 20:00:00 - 20/05/2022 21:00:00","BZN|EE","Without Sequence","200.34","",""
"20/05/2022 21:00:00 - 20/05/2022 22:00:00","BZN|EE","Without Sequence","133.26","",""
"20/05/2022 22:00:00 - 20/05/2022 23:00:00","BZN|EE","Without Sequence","130.93","",""
"20/05/2022 23:00:00 - 21/05/2022 00:00:00","BZN|EE","Without Sequence","122.30","",""
"21/05/2022 00:00:00 - 21/05/2022 01:00:00","BZN|EE","Without Sequence","93.98","",""
"21/05/2022 01:00:00 - 21/05/2022 02:00:00","BZN|EE","Without Sequence","92.39","",""
"21/05/2022 02:00:00 - 21/05/2022 03:00:00","BZN|EE","Without Sequence","100.02","",""
"21/05/2022 03:00:00 - 21/05/2022 04:00:00","BZN|EE","Without Sequence","107.23","",""
"21/05/2022 04:00:00 - 21/05/2022 05:00:00","BZN|EE","Without Sequence","107.23","",""
"21/05/2022 05:00:00 - 21/05/2022 06:00:00","BZN|EE","Without Sequence","178.94","",""
"21/05/2022 06:00:00 - 21/05/2022 07:00:00","BZN|EE","Without Sequence","206.33","",""
"21/05/2022 07:00:00 - 21/05/2022 08:00:00","BZN|EE","Without Sequence","200.00","",""
"21/05/2022 08:00:00 - 21/05/2022 09:00:00","BZN|EE","Without Sequence","172.50","",""
"21/05/2022 09:00:00 - 21/05/2022 10:00:00","BZN|EE","Without Sequence","154.69","",""
"21/05/2022 10:00:00 - 21/05/2022 11:00:00","BZN|EE","Without Sequence","160.01","",""
"21/05/2022 11:00:00 - 21/05/2022 12:00:00","BZN|EE","Without Sequence","120.00","",""
"21/05/2022 12:00:00 - 21/05/2022 13:00:00","BZN|EE","Without Sequence","142.03","",""
"21/05/2022 13:00:00 - 21/05/2022 14:00:00","BZN|EE","Without Sequence","150.03","",""
"21/05/2022 14:00:00 - 21/05/2022 15:00:00","BZN|EE","Without Sequence","162.65","",""
"21/05/2022 15:00:00 - 21/05/2022 16:00:00","BZN|EE","Without Sequence","200.04","",""
"21/05/2022 16:00:00 - 21/05/2022 17:00:00","BZN|EE","Without Sequence","230.11","",""
"21/05/2022 17:00:00 - 21/05/2022 18:00:00","BZN|EE","Without Sequence","196.18","",""
"21/05/2022 18:00:00 - 21/05/2022 19:00:00","BZN|EE","Without Sequence","214.06","",""
"21/05/2022 19:00:00 - 21/05/2022 20:00:00","BZN|EE","Without Sequence","228.11","",""
"21/05/2022 20:00:00 - 21/05/2022 21:00:00","BZN|EE","Without Sequence","208.93","",""
"21/05/2022 21:00:00 - 21/05/2022 22:00:00","BZN|EE","Without Sequence","144.43","",""
"21/05/2022 22:00:00 - 21/05/2022 23:00:00","BZN|EE","Without Sequence","105.62","",""
"21/05/2022 23:00:00 - 22/05/2022 00:00:00","BZN|EE","Without Sequence","105.60","",""
"22/05/2022 00:00:00 - 22/05/2022 01:00:00","BZN|EE","Without Sequence","75.87","",""
"22/05/2022 01:00:00 - 22/05/2022 02:00:00","BZN|EE","Without Sequence","93.43","",""
"22/05/2022 02:00:00 - 22/05/2022 03:00:00","BZN|EE","Without Sequence","76.26","",""
"22/05/2022 03:00:00 - 22/05/2022 04:00:00","BZN|EE","Without Sequence","94.13","",""
"22/05/2022 04:00:00 - 22/05/2022 05:00:00","BZN|EE","Without Sequence","105.66","",""
"22/05/2022 05:00:00 - 22/05/2022 06:00:00","BZN|EE","Without Sequence","130.48","",""
"22/05/2022 06:00:00 - 22/05/2022 07:00:00","BZN|EE","Without Sequence","140.07","",""
"22/05/2022 07:00:00 - 22/05/2022 08:00:00","BZN|EE","Without Sequence","146.36","",""
"22/05/2022 08:00:00 - 22/05/2022 09:00:00","BZN|EE","Without Sequence","138.29","",""
"22/05/2022 09:00:00 - 22/05/2022 10:00:00","BZN|EE","Without Sequence","138.25","",""
"22/05/2022 10:00:00 - 22/05/2022 11:00:00","BZN|EE","Without Sequence","136.95","",""
"22/05/2022 11:00:00 - 22/05/2022 12:00:00","BZN|EE","Without Sequence","109.92","",""
"22/05/2022 12:00:00 - 22/05/2022 13:00:00","BZN|EE","Without Sequence","101.40","",""
"22/05/2022 13:00:00 - 22/05/2022 14:00:00","BZN|EE","Without Sequence","103.70","",""
"22/05/2022 14:00:00 - 22/05/2022 15:00:00","BZN|EE","Without Sequence","133.19","",""
"22/05/2022 15:00:00 - 22/05/2022 16:00:00","BZN|EE","Without Sequence","139.01","",""
"22/05/2022 16:00:00 - 22/05/2022 17:00:00","BZN|EE","Without Sequence","166.51","",""
"22/05/2022 17:00:00 - 22/05/2022 18:00:00","BZN|EE","Without Sequence","208.25","",""
"22/05/2022 18:00:00 - 22/05/2022 19:00:00","BZN|EE","Without Sequence","181.29","",""
"22/05/2022 19:00:00 - 22/05/2022 20:00:00","BZN|EE","Without Sequence","227.90","",""
"22/05/2022 20:00:00 - 22/05/2022 21:00:00","BZN|EE","Without Sequence","218.56","",""
"22/05/2022 21:00:00 - 22/05/2022 22:00:00","BZN|EE","Without Sequence","191.24","",""
"22/05/2022 22:00:00 - 22/05/2022 23:00:00","BZN|EE","Without Sequence","153.78","",""
"22/05/2022 23:00:00 - 23/05/2022 00:00:00","BZN|EE","Without Sequence","151.41","",""
"23/05/2022 00:00:00 - 23/05/2022 01:00:00","BZN|EE","Without Sequence","120.00","",""
"23/05/2022 01:00:00 - 23/05/2022 02:00:00","BZN|EE","Without Sequence","126.74","",""
"23/05/2022 02:00:00 - 23/05/2022 03:00:00","BZN|EE","Without Sequence","126.50","",""
"23/05/2022 03:00:00 - 23/05/2022 04:00:00","BZN|EE","Without Sequence","172.54","",""
"23/05/2022 04:00:00 - 23/05/2022 05:00:00","BZN|EE","Without Sequence","202.70","",""
"23/05/2022 05:00:00 - 23/05/2022 06:00:00","BZN|EE","Without Sequence","224.96","",""
"23/05/2022 06:00:00 - 23/05/2022 07:00:00","BZN|EE","Without Sequence","230.02","",""
"23/05/2022 07:00:00 - 23/05/2022 08:00:00","BZN|EE","Without Sequence","220.97","",""
"23/05/2022 08:00:00 - 23/05/2022 09:00:00","BZN|EE","Without Sequence","217.19","",""
"23/05/2022 09:00:00 - 23/05/2022 10:00:00","BZN|EE","Without Sequence","202.68","",""
"23/05/2022 10:00:00 - 23/05/2022 11:00:00","BZN|EE","Without Sequence","188.88","",""
"23/05/2022 11:00:00 - 23/05/2022 12:00:00","BZN|EE","Without Sequence","171.73","",""
"23/05/2022 12:00:00 - 23/05/2022 13:00:00","BZN|EE","Without Sequence","171.63","",""
"23/05/2022 13:00:00 - 23/05/2022 14:00:00","BZN|EE","Without Sequence","170.88","",""
"23/05/2022 14:00:00 - 23/05/2022 15:00:00","BZN|EE","Without Sequence","175.25","",""
"23/05/2022 15:00:00 - 23/05/2022 16:00:00","BZN|EE","Without Sequence","199.06","",""
"23/05/2022 16:00:00 - 23/05/2022 17:00:00","BZN|EE","Without Sequence","234.49","",""
"23/05/2022 17:00:00 - 23/05/2022 18:00:00","BZN|EE","Without Sequence","249.99","",""
"23/05/2022 18:00:00 - 23/05/2022 19:00:00","BZN|EE","Without Sequence","225.06","",""
"23/05/2022 19:00:00 - 23/05/2022 20:00:00","BZN|EE","Without Sequence","190.00","",""
"23/05/2022 20:00:00 - 23/05/2022 21:00:00","BZN|EE","Without Sequence","180.03","",""
"23/05/2022 21:00:00 - 23/05/2022 22:00:00","BZN|EE","Without Sequence","147.35","",""
"23/05/2022 22:00:00 - 23/05/2022 23:00:00","BZN|EE","Without Sequence","120.00","",""
"23/05/2022 23:00:00 - 24/05/2022 00:00:00","BZN|EE","Without Sequence","107.77","",""
"24/05/2022 00:00:00 - 24/05/2022 01:00:00","BZN|EE","Without Sequence","97.32","",""
"24/05/2022 01:00:00 - 24/05/2022 02:00:00","BZN|EE","Without Sequence","96.24","",""
"24/05/2022 02:00:00 - 24/05/2022 03:00:00","BZN|EE","Without Sequence","107.40","",""
"24/05/2022 03:00:00 - 24/05/2022 04:00:00","BZN|EE","Without Sequence","118.37","",""
"24/05/2022 04:00:00 - 24/05/2022 05:00:00","BZN|EE","Without Sequence","188.91","",""
"24/05/2022 05:00:00 - 24/05/2022 06:00:00","BZN|EE","Without Sequence","240.87","",""
"24/05/2022 06:00:00 - 24/05/2022 07:00:00","BZN|EE","Without Sequence","255.02","",""
"24/05/2022 07:00:00 - 24/05/2022 08:00:00","BZN|EE","Without Sequence","215.91","",""
"24/05/2022 08:00:00 - 24/05/2022 09:00:00","BZN|EE","Without Sequence","184.65","",""
"24/05/2022 09:00:00 - 24/05/2022 10:00:00","BZN|EE","Without Sequence","180.00","",""
"24/05/2022 10:00:00 - 24/05/2022 11:00:00","BZN|EE","Without Sequence","170.04","",""
"24/05/2022 11:00:00 - 24/05/2022 12:00:00","BZN|EE","Without Sequence","150.02","",""
"24/05/2022 12:00:00 - 24/05/2022 13:00:00","BZN|EE","Without Sequence","157.20","",""
"24/05/2022 13:00:00 - 24/05/2022 14:00:00","BZN|EE","Without Sequence","165.85","",""
"24/05/2022 14:00:00 - 24/05/2022 15:00:00","BZN|EE","Without Sequence","170.07","",""
"24/05/2022 15:00:00 - 24/05/2022 16:00:00","BZN|EE","Without Sequence","194.95","",""
"24/05/2022 16:00:00 - 24/05/2022 17:00:00","BZN|EE","Without Sequence","209.21","",""
"24/05/2022 17:00:00 - 24/05/2022 18:00:00","BZN|EE","Without Sequence","243.43","",""
"24/05/2022 18:00:00 - 24/05/2022 19:00:00","BZN|EE","Without Sequence","214.71","",""
"24/05/2022 19:00:00 - 24/05/2022 20:00:00","BZN|EE","Without Sequence","215.01","",""
"24/05/2022 20:00:00 - 24/05/2022 21:00:00","BZN|EE","Without Sequence","182.14","",""
"24/05/2022 21:00:00 - 24/05/2022 22:00:00","BZN|EE","Without Sequence","99.80","",""
"24/05/2022 22:00:00 - 24/05/2022 23:00:00","BZN|EE","Without Sequence","110.78","",""
"24/05/2022 23:00:00 - 25/05/2022 00:00:00","BZN|EE","Without Sequence","80.07","",""
"25/05/2022 00:00:00 - 25/05/2022 01:00:00","BZN|EE","Without Sequence","25.09","",""
"25/05/2022 01:00:00 - 25/05/2022 02:00:00","BZN|EE","Without Sequence","30.20","",""
"25/05/2022 02:00:00 - 25/05/2022 03:00:00","BZN|EE","Without Sequence","29.99","",""
"25/05/2022 03:00:00 - 25/05/2022 04:00:00","BZN|EE","Without Sequence","156.07","",""
"25/05/2022 04:00:00 - 25/05/2022 05:00:00","BZN|EE","Without Sequence","163.41","",""
"25/05/2022 05:00:00 - 25/05/2022 06:00:00","BZN|EE","Without Sequence","235.07","",""
"25/05/2022 06:00:00 - 25/05/2022 07:00:00","BZN|EE","Without Sequence","237.14","",""
"25/05/2022 07:00:00 - 25/05/2022 08:00:00","BZN|EE","Without Sequence","213.25","",""
"25/05/2022 08:00:00 - 25/05/2022 09:00:00","BZN|EE","Without Sequence","199.79","",""
"25/05/2022 09:00:00 - 25/05/2022 10:00:00","BZN|EE","Without Sequence","200.93","",""
"25/05/2022 10:00:00 - 25/05/2022 11:00:00","BZN|EE","Without Sequence","201.61","",""
"25/05/2022 11:00:00 - 25/05/2022 12:00:00","BZN|EE","Without Sequence","187.05","",""
"25/05/2022 12:00:00 - 25/05/2022 13:00:00","BZN|EE","Without Sequence","175.86","",""
"25/05/2022 13:00:00 - 25/05/2022 14:00:00","BZN|EE","Without Sequence","200.00","",""
"25/05/2022 14:00:00 - 25/05/2022 15:00:00","BZN|EE","Without Sequence","225.09","",""
"25/05/2022 15:00:00 - 25/05/2022 16:00:00","BZN|EE","Without Sequence","158.68","",""
"25/05/2022 16:00:00 - 25/05/2022 17:00:00","BZN|EE","Without Sequence","169.94","",""
"25/05/2022 17:00:00 - 25/05/2022 18:00:00","BZN|EE","Without Sequence","159.83","",""
"25/05/2022 18:00:00 - 25/05/2022 19:00:00","BZN|EE","Without Sequence","159.03","",""
"25/05/2022 19:00:00 - 25/05/2022 20:00:00","BZN|EE","Without Sequence","155.47","",""
"25/05/2022 20:00:00 - 25/05/2022 21:00:00","BZN|EE","Without Sequence","143.86","",""
"25/05/2022 21:00:00 - 25/05/2022 22:00:00","BZN|EE","Without Sequence","36.22","",""
"25/05/2022 22:00:00 - 25/05/2022 23:00:00","BZN|EE","Without Sequence","108.92","",""
"25/05/2022 23:00:00 - 26/05/2022 00:00:00","BZN|EE","Without Sequence","108.88","",""
"26/05/2022 00:00:00 - 26/05/2022 01:00:00","BZN|EE","Without Sequence","95.09","",""
"26/05/2022 01:00:00 - 26/05/2022 02:00:00","BZN|EE","Without Sequence","87.08","",""
"26/05/2022 02:00:00 - 26/05/2022 03:00:00","BZN|EE","Without Sequence","96.19","",""
"26/05/2022 03:00:00 - 26/05/2022 04:00:00","BZN|EE","Without Sequence","95.95","",""
"26/05/2022 04:00:00 - 26/05/2022 05:00:00","BZN|EE","Without Sequence","108.91","",""
"26/05/2022 05:00:00 - 26/05/2022 06:00:00","BZN|EE","Without Sequence","119.71","",""
"26/05/2022 06:00:00 - 26/05/2022 07:00:00","BZN|EE","Without Sequence","150.00","",""
"26/05/2022 07:00:00 - 26/05/2022 08:00:00","BZN|EE","Without Sequence","158.22","",""
"26/05/2022 08:00:00 - 26/05/2022 09:00:00","BZN|EE","Without Sequence","130.08","",""
"26/05/2022 09:00:00 - 26/05/2022 10:00:00","BZN|EE","Without Sequence","149.99","",""
"26/05/2022 10:00:00 - 26/05/2022 11:00:00","BZN|EE","Without Sequence","150.00","",""
"26/05/2022 11:00:00 - 26/05/2022 12:00:00","BZN|EE","Without Sequence","149.99","",""
"26/05/2022 12:00:00 - 26/05/2022 13:00:00","BZN|EE","Without Sequence","139.49","",""
"26/05/2022 13:00:00 - 26/05/2022 14:00:00","BZN|EE","Without Sequence","125.06","",""
"26/05/2022 14:00:00 - 26/05/2022 15:00:00","BZN|EE","Without Sequence","130.09","",""
"26/05/2022 15:00:00 - 26/05/2022 16:00:00","BZN|EE","Without Sequence","198.23","",""
"26/05/2022 16:00:00 - 26/05/2022 17:00:00","BZN|EE","Without Sequence","218.66","",""
"26/05/2022 17:00:00 - 26/05/2022 18:00:00","BZN|EE","Without Sequence","211.83","",""
"26/05/2022 18:00:00 - 26/05/2022 19:00:00","BZN|EE","Without Sequence","170.99","",""
"26/05/2022 19:00:00 - 26/05/2022 20:00:00","BZN|EE","Without Sequence","165.42","",""
"26/05/2022 20:00:00 - 26/05/2022 21:00:00","BZN|EE","Without Sequence","166.80","",""
"26/05/2022 21:00:00 - 26/05/2022 22:00:00","BZN|EE","Without Sequence","126.95","",""
"26/05/2022 22:00:00 - 26/05/2022 23:00:00","BZN|EE","Without Sequence","104.18","",""
"26/05/2022 23:00:00 - 27/05/2022 00:00:00","BZN|EE","Without Sequence","98.54","",""
"27/05/2022 00:00:00 - 27/05/2022 01:00:00","BZN|EE","Without Sequence","94.61","",""
"27/05/2022 01:00:00 - 27/05/2022 02:00:00","BZN|EE","Without Sequence","80.98","",""
"27/05/2022 02:00:00 - 27/05/2022 03:00:00","BZN|EE","Without Sequence","97.80","",""
"27/05/2022 03:00:00 - 27/05/2022 04:00:00","BZN|EE","Without Sequence","101.58","",""
"27/05/2022 04:00:00 - 27/05/2022 05:00:00","BZN|EE","Without Sequence","210.85","",""
"27/05/2022 05:00:00 - 27/05/2022 06:00:00","BZN|EE","Without Sequence","226.10","",""
"27/05/2022 06:00:00 - 27/05/2022 07:00:00","BZN|EE","Without Sequence","217.90","",""
"27/05/2022 07:00:00 - 27/05/2022 08:00:00","BZN|EE","Without Sequence","205.56","",""
"27/05/2022 08:00:00 - 27/05/2022 09:00:00","BZN|EE","Without Sequence","215.00","",""
"27/05/2022 09:00:00 - 27/05/2022 10:00:00","BZN|EE","Without Sequence","210.12","",""
"27/05/2022 10:00:00 - 27/05/2022 11:00:00","BZN|EE","Without Sequence","184.02","",""
"27/05/2022 11:00:00 - 27/05/2022 12:00:00","BZN|EE","Without Sequence","170.43","",""
"27/05/2022 12:00:00 - 27/05/2022 13:00:00","BZN|EE","Without Sequence","173.12","",""
"27/05/2022 13:00:00 - 27/05/2022 14:00:00","BZN|EE","Without Sequence","163.51","",""
"27/05/2022 14:00:00 - 27/05/2022 15:00:00","BZN|EE","Without Sequence","199.93","",""
"27/05/2022 15:00:00 - 27/05/2022 16:00:00","BZN|EE","Without Sequence","217.25","",""
"27/05/2022 16:00:00 - 27/05/2022 17:00:00","BZN|EE","Without Sequence","219.00","",""
"27/05/2022 17:00:00 - 27/05/2022 18:00:00","BZN|EE","Without Sequence","186.93","",""
"27/05/2022 18:00:00 - 27/05/2022 19:00:00","BZN|EE","Without Sequence","165.75","",""
"27/05/2022 19:00:00 - 27/05/2022 20:00:00","BZN|EE","Without Sequence","180.00","",""
"27/05/2022 20:00:00 - 27/05/2022 21:00:00","BZN|EE","Without Sequence","133.86","",""
"27/05/2022 21:00:00 - 27/05/2022 22:00:00","BZN|EE","Without Sequence","100.09","",""
"27/05/2022 22:00:00 - 27/05/2022 23:00:00","BZN|EE","Without Sequence","97.67","",""
"27/05/2022 23:00:00 - 28/05/2022 00:00:00","BZN|EE","Without Sequence","91.39","",""
"28/05/2022 00:00:00 - 28/05/2022 01:00:00","BZN|EE","Without Sequence","89.45","",""
"28/05/2022 01:00:00 - 28/05/2022 02:00:00","BZN|EE","Without Sequence","89.24","",""
"28/05/2022 02:00:00 - 28/05/2022 03:00:00","BZN|EE","Without Sequence","88.21","",""
"28/05/2022 03:00:00 - 28/05/2022 04:00:00","BZN|EE","Without Sequence","95.96","",""
"28/05/2022 04:00:00 - 28/05/2022 05:00:00","BZN|EE","Without Sequence","99.98","",""
"28/05/2022 05:00:00 - 28/05/2022 06:00:00","BZN|EE","Without Sequence","90.08","",""
"28/05/2022 06:00:00 - 28/05/2022 07:00:00","BZN|EE","Without Sequence","109.59","",""
"28/05/2022 07:00:00 - 28/05/2022 08:00:00","BZN|EE","Without Sequence","129.91","",""
"28/05/2022 08:00:00 - 28/05/2022 09:00:00","BZN|EE","Without Sequence","126.42","",""
"28/05/2022 09:00:00 - 28/05/2022 10:00:00","BZN|EE","Without Sequence","120.03","",""
"28/05/2022 10:00:00 - 28/05/2022 11:00:00","BZN|EE","Without Sequence","120.00","",""
"28/05/2022 11:00:00 - 28/05/2022 12:00:00","BZN|EE","Without Sequence","109.57","",""
"28/05/2022 12:00:00 - 28/05/2022 13:00:00","BZN|EE","Without Sequence","109.55","",""
"28/05/2022 13:00:00 - 28/05/2022 14:00:00","BZN|EE","Without Sequence","103.89","",""
"28/05/2022 14:00:00 - 28/05/2022 15:00:00","BZN|EE","Without Sequence","121.15","",""
"28/05/2022 15:00:00 - 28/05/2022 16:00:00","BZN|EE","Without Sequence","125.09","",""
"28/05/2022 16:00:00 - 28/05/2022 17:00:00","BZN|EE","Without Sequence","142.49","",""
"28/05/2022 17:00:00 - 28/05/2022 18:00:00","BZN|EE","Without Sequence","139.90","",""
"28/05/2022 18:00:00 - 28/05/2022 19:00:00","BZN|EE","Without Sequence","154.73","",""
"28/05/2022 19:00:00 - 28/05/2022 20:00:00","BZN|EE","Without Sequence","164.37","",""
"28/05/2022 20:00:00 - 28/05/2022 21:00:00","BZN|EE","Without Sequence","130.98","",""
"28/05/2022 21:00:00 - 28/05/2022 22:00:00","BZN|EE","Without Sequence","135.82","",""
"28/05/2022 22:00:00 - 28/05/2022 23:00:00","BZN|EE","Without Sequence","110.77","",""
"28/05/2022 23:00:00 - 29/05/2022 00:00:00","BZN|EE","Without Sequence","110.72","",""
"29/05/2022 00:00:00 - 29/05/2022 01:00:00","BZN|EE","Without Sequence","110.70","",""
"29/05/2022 01:00:00 - 29/05/2022 02:00:00","BZN|EE","Without Sequence","82.71","",""
"29/05/2022 02:00:00 - 29/05/2022 03:00:00","BZN|EE","Without Sequence","42.28","",""
"29/05/2022 03:00:00 - 29/05/2022 04:00:00","BZN|EE","Without Sequence","110.72","",""
"29/05/2022 04:00:00 - 29/05/2022 05:00:00","BZN|EE","Without Sequence","85.06","",""
"29/05/2022 05:00:00 - 29/05/2022 06:00:00","BZN|EE","Without Sequence","117.01","",""
"29/05/2022 06:00:00 - 29/05/2022 07:00:00","BZN|EE","Without Sequence","132.01","",""
"29/05/2022 07:00:00 - 29/05/2022 08:00:00","BZN|EE","Without Sequence","140.08","",""
"29/05/2022 08:00:00 - 29/05/2022 09:00:00","BZN|EE","Without Sequence","140.00","",""
"29/05/2022 09:00:00 - 29/05/2022 10:00:00","BZN|EE","Without Sequence","145.06","",""
"29/05/2022 10:00:00 - 29/05/2022 11:00:00","BZN|EE","Without Sequence","141.00","",""
"29/05/2022 11:00:00 - 29/05/2022 12:00:00","BZN|EE","Without Sequence","133.49","",""
"29/05/2022 12:00:00 - 29/05/2022 13:00:00","BZN|EE","Without Sequence","123.78","",""
"29/05/2022 13:00:00 - 29/05/2022 14:00:00","BZN|EE","Without Sequence","121.59","",""
"29/05/2022 14:00:00 - 29/05/2022 15:00:00","BZN|EE","Without Sequence","120.00","",""
"29/05/2022 15:00:00 - 29/05/2022 16:00:00","BZN|EE","Without Sequence","150.00","",""
"29/05/2022 16:00:00 - 29/05/2022 17:00:00","BZN|EE","Without Sequence","169.93","",""
"29/05/2022 17:00:00 - 29/05/2022 18:00:00","BZN|EE","Without Sequence","159.44","",""
"29/05/2022 18:00:00 - 29/05/2022 19:00:00","BZN|EE","Without Sequence","158.11","",""
"29/05/2022 19:00:00 - 29/05/2022 20:00:00","BZN|EE","Without Sequence","176.30","",""
"29/05/2022 20:00:00 - 29/05/2022 21:00:00","BZN|EE","Without Sequence","169.99","",""
"29/05/2022 21:00:00 - 29/05/2022 22:00:00","BZN|EE","Without Sequence","139.02","",""
"29/05/2022 22:00:00 - 29/05/2022 23:00:00","BZN|EE","Without Sequence","135.23","",""
"29/05/2022 23:00:00 - 30/05/2022 00:00:00","BZN|EE","Without Sequence","126.44","",""
"30/05/2022 00:00:00 - 30/05/2022 01:00:00","BZN|EE","Without Sequence","124.63","",""
"30/05/2022 01:00:00 - 30/05/2022 02:00:00","BZN|EE","Without Sequence","131.26","",""
"30/05/2022 02:00:00 - 30/05/2022 03:00:00","BZN|EE","Without Sequence","135.62","",""
"30/05/2022 03:00:00 - 30/05/2022 04:00:00","BZN|EE","Without Sequence","150.70","",""
"30/05/2022 04:00:00 - 30/05/2022 05:00:00","BZN|EE","Without Sequence","230.68","",""
"30/05/2022 05:00:00 - 30/05/2022 06:00:00","BZN|EE","Without Sequence","257.95","",""
"30/05/2022 06:00:00 - 30/05/2022 07:00:00","BZN|EE","Without Sequence","278.08","",""
"30/05/2022 07:00:00 - 30/05/2022 08:00:00","BZN|EE","Without Sequence","249.99","",""
"30/05/2022 08:00:00 - 30/05/2022 09:00:00","BZN|EE","Without Sequence","246.28","",""
"30/05/2022 09:00:00 - 30/05/2022 10:00:00","BZN|EE","Without Sequence","229.77","",""
"30/05/2022 10:00:00 - 30/05/2022 11:00:00","BZN|EE","Without Sequence","215.00","",""
"30/05/2022 11:00:00 - 30/05/2022 12:00:00","BZN|EE","Without Sequence","207.50","",""
"30/05/2022 12:00:00 - 30/05/2022 13:00:00","BZN|EE","Without Sequence","200.00","",""
"30/05/2022 13:00:00 - 30/05/2022 14:00:00","BZN|EE","Without Sequence","198.44","",""
"30/05/2022 14:00:00 - 30/05/2022 15:00:00","BZN|EE","Without Sequence","193.98","",""
"30/05/2022 15:00:00 - 30/05/2022 16:00:00","BZN|EE","Without Sequence","185.19","",""
"30/05/2022 16:00:00 - 30/05/2022 17:00:00","BZN|EE","Without Sequence","192.95","",""
"30/05/2022 17:00:00 - 30/05/2022 18:00:00","BZN|EE","Without Sequence","175.37","",""
"30/05/2022 18:00:00 - 30/05/2022 19:00:00","BZN|EE","Without Sequence","173.54","",""
"30/05/2022 19:00:00 - 30/05/2022 20:00:00","BZN|EE","Without Sequence","167.79","",""
"30/05/2022 20:00:00 - 30/05/2022 21:00:00","BZN|EE","Without Sequence","164.12","",""
"30/05/2022 21:00:00 - 30/05/2022 22:00:00","BZN|EE","Without Sequence","110.77","",""
"30/05/2022 22:00:00 - 30/05/2022 23:00:00","BZN|EE","Without Sequence","80.82","",""
"30/05/2022 23:00:00 - 31/05/2022 00:00:00","BZN|EE","Without Sequence","111.29","",""
"31/05/2022 00:00:00 - 31/05/2022 01:00:00","BZN|EE","Without Sequence","111.25","",""
"31/05/2022 01:00:00 - 31/05/2022 02:00:00","BZN|EE","Without Sequence","111.21","",""
"31/05/2022 02:00:00 - 31/05/2022 03:00:00","BZN|EE","Without Sequence","111.20","",""
"31/05/2022 03:00:00 - 31/05/2022 04:00:00","BZN|EE","Without Sequence","111.20","",""
"31/05/2022 04:00:00 - 31/05/2022 05:00:00","BZN|EE","Without Sequence","224.38","",""
"31/05/2022 05:00:00 - 31/05/2022 06:00:00","BZN|EE","Without Sequence","247.77","",""
"31/05/2022 06:00:00 - 31/05/2022 07:00:00","BZN|EE","Without Sequence","245.29","",""
"31/05/2022 07:00:00 - 31/05/2022 08:00:00","BZN|EE","Without Sequence","225.90","",""
"31/05/2022 08:00:00 - 31/05/2022 09:00:00","BZN|EE","Without Sequence","200.63","",""
"31/05/2022 09:00:00 - 31/05/2022 10:00:00","BZN|EE","Without Sequence","193.91","",""
"31/05/2022 10:00:00 - 31/05/2022 11:00:00","BZN|EE","Without Sequence","185.70","",""
"31/05/2022 11:00:00 - 31/05/2022 12:00:00","BZN|EE","Without Sequence","184.07","",""
"31/05/2022 12:00:00 - 31/05/2022 13:00:00","BZN|EE","Without Sequence","184.01","",""
"31/05/2022 13:00:00 - 31/05/2022 14:00:00","BZN|EE","Without Sequence","140.01","",""
"31/05/2022 14:00:00 - 31/05/2022 15:00:00","BZN|EE","Without Sequence","118.89","",""
"31/05/2022 15:00:00 - 31/05/2022 16:00:00","BZN|EE","Without Sequence","169.92","",""
"31/05/2022 16:00:00 - 31/05/2022 17:00:00","BZN|EE","Without Sequence","171.12","",""
"31/05/2022 17:00:00 - 31/05/2022 18:00:00","BZN|EE","Without Sequence","136.69","",""
"31/05/2022 18:00:00 - 31/05/2022 19:00:00","BZN|EE","Without Sequence","111.20","",""
"31/05/2022 19:00:00 - 31/05/2022 20:00:00","BZN|EE","Without Sequence","111.26","",""
"31/05/2022 20:00:00 - 31/05/2022 21:00:00","BZN|EE","Without Sequence","111.30","",""
"31/05/2022 21:00:00 - 31/05/2022 22:00:00","BZN|EE","Without Sequence","111.21","",""
"31/05/2022 22:00:00 - 31/05/2022 23:00:00","BZN|EE","Without Sequence","121.11","",""
"31/05/2022 23:00:00 - 01/06/2022 00:00:00","BZN|EE","Without Sequence","121.12","",""
"01/06/2022 00:00:00 - 01/06/2022 01:00:00","BZN|EE","Without Sequence","121.17","",""
"01/06/2022 01:00:00 - 01/06/2022 02:00:00","BZN|EE","Without Sequence","121.14","",""
"01/06/2022 02:00:00 - 01/06/2022 03:00:00","BZN|EE","Without Sequence","167.29","",""
"01/06/2022 03:00:00 - 01/06/2022 04:00:00","BZN|EE","Without Sequence","198.95","",""
"01/06/2022 04:00:00 - 01/06/2022 05:00:00","BZN|EE","Without Sequence","84.21","",""
"01/06/2022 05:00:00 - 01/06/2022 06:00:00","BZN|EE","Without Sequence","139.60","",""
"01/06/2022 06:00:00 - 01/06/2022 07:00:00","BZN|EE","Without Sequence","187.61","",""
"01/06/2022 07:00:00 - 01/06/2022 08:00:00","BZN|EE","Without Sequence","149.99","",""
"01/06/2022 08:00:00 - 01/06/2022 09:00:00","BZN|EE","Without Sequence","100.49","",""
"01/06/2022 09:00:00 - 01/06/2022 10:00:00","BZN|EE","Without Sequence","101.48","",""
"01/06/2022 10:00:00 - 01/06/2022 11:00:00","BZN|EE","Without Sequence","109.77","",""
"01/06/2022 11:00:00 - 01/06/2022 12:00:00","BZN|EE","Without Sequence","110.05","",""
"01/06/2022 12:00:00 - 01/06/2022 13:00:00","BZN|EE","Without Sequence","105.95","",""
"01/06/2022 13:00:00 - 01/06/2022 14:00:00","BZN|EE","Without Sequence","112.00","",""
"01/06/2022 14:00:00 - 01/06/2022 15:00:00","BZN|EE","Without Sequence","119.42","",""
"01/06/2022 15:00:00 - 01/06/2022 16:00:00","BZN|EE","Without Sequence","183.09","",""
"01/06/2022 16:00:00 - 01/06/2022 17:00:00","BZN|EE","Without Sequence","229.92","",""
"01/06/2022 17:00:00 - 01/06/2022 18:00:00","BZN|EE","Without Sequence","251.98","",""
"01/06/2022 18:00:00 - 01/06/2022 19:00:00","BZN|EE","Without Sequence","211.19","",""
"01/06/2022 19:00:00 - 01/06/2022 20:00:00","BZN|EE","Without Sequence","186.34","",""
"01/06/2022 20:00:00 - 01/06/2022 21:00:00","BZN|EE","Without Sequence","178.82","",""
"01/06/2022 21:00:00 - 01/06/2022 22:00:00","BZN|EE","Without Sequence","149.84","",""
"01/06/2022 22:00:00 - 01/06/2022 23:00:00","BZN|EE","Without Sequence","152.27","",""
"01/06/2022 23:00:00 - 02/06/2022 00:00:00","BZN|EE","Without Sequence","122.25","",""
"02/06/2022 00:00:00 - 02/06/2022 01:00:00","BZN|EE","Without Sequence","96.70","",""
"02/06/2022 01:00:00 - 02/06/2022 02:00:00","BZN|EE","Without Sequence","91.90","",""
"02/06/2022 02:00:00 - 02/06/2022 03:00:00","BZN|EE","Without Sequence","103.90","",""
"02/06/2022 03:00:00 - 02/06/2022 04:00:00","BZN|EE","Without Sequence","148.39","",""
"02/06/2022 04:00:00 - 02/06/2022 05:00:00","BZN|EE","Without Sequence","164.51","",""
"02/06/2022 05:00:00 - 02/06/2022 06:00:00","BZN|EE","Without Sequence","223.10","",""
"02/06/2022 06:00:00 - 02/06/2022 07:00:00","BZN|EE","Without Sequence","218.13","",""
"02/06/2022 07:00:00 - 02/06/2022 08:00:00","BZN|EE","Without Sequence","190.92","",""
"02/06/2022 08:00:00 - 02/06/2022 09:00:00","BZN|EE","Without Sequence","168.42","",""
"02/06/2022 09:00:00 - 02/06/2022 10:00:00","BZN|EE","Without Sequence","162.31","",""
"02/06/2022 10:00:00 - 02/06/2022 11:00:00","BZN|EE","Without Sequence","156.90","",""
"02/06/2022 11:00:00 - 02/06/2022 12:00:00","BZN|EE","Without Sequence","149.14","",""
"02/06/2022 12:00:00 - 02/06/2022 13:00:00","BZN|EE","Without Sequence","146.85","",""
"02/06/2022 13:00:00 - 02/06/2022 14:00:00","BZN|EE","Without Sequence","148.88","",""
"02/06/2022 14:00:00 - 02/06/2022 15:00:00","BZN|EE","Without Sequence","158.13","",""
"02/06/2022 15:00:00 - 02/06/2022 16:00:00","BZN|EE","Without Sequence","166.19","",""
"02/06/2022 16:00:00 - 02/06/2022 17:00:00","BZN|EE","Without Sequence","174.00","",""
"02/06/2022 17:00:00 - 02/06/2022 18:00:00","BZN|EE","Without Sequence","170.50","",""
"02/06/2022 18:00:00 - 02/06/2022 19:00:00","BZN|EE","Without Sequence","169.90","",""
"02/06/2022 19:00:00 - 02/06/2022 20:00:00","BZN|EE","Without Sequence","170.00","",""
"02/06/2022 20:00:00 - 02/06/2022 21:00:00","BZN|EE","Without Sequence","110.06","",""
"02/06/2022 21:00:00 - 02/06/2022 22:00:00","BZN|EE","Without Sequence","70.03","",""
"02/06/2022 22:00:00 - 02/06/2022 23:00:00","BZN|EE","Without Sequence","18.02","",""
"02/06/2022 23:00:00 - 03/06/2022 00:00:00","BZN|EE","Without Sequence","12.39","",""
"03/06/2022 00:00:00 - 03/06/2022 01:00:00","BZN|EE","Without Sequence","11.74","",""
"03/06/2022 01:00:00 - 03/06/2022 02:00:00","BZN|EE","Without Sequence","11.61","",""
"03/06/2022 02:00:00 - 03/06/2022 03:00:00","BZN|EE","Without Sequence","125.08","",""
"03/06/2022 03:00:00 - 03/06/2022 04:00:00","BZN|EE","Without Sequence","125.52","",""
"03/06/2022 04:00:00 - 03/06/2022 05:00:00","BZN|EE","Without Sequence","160.92","",""
"03/06/2022 05:00:00 - 03/06/2022 06:00:00","BZN|EE","Without Sequence","215.13","",""
"03/06/2022 06:00:00 - 03/06/2022 07:00:00","BZN|EE","Without Sequence","199.98","",""
"03/06/2022 07:00:00 - 03/06/2022 08:00:00","BZN|EE","Without Sequence","185.15","",""
"03/06/2022 08:00:00 - 03/06/2022 09:00:00","BZN|EE","Without Sequence","175.65","",""
"03/06/2022 09:00:00 - 03/06/2022 10:00:00","BZN|EE","Without Sequence","162.13","",""
"03/06/2022 10:00:00 - 03/06/2022 11:00:00","BZN|EE","Without Sequence","168.08","",""
"03/06/2022 11:00:00 - 03/06/2022 12:00:00","BZN|EE","Without Sequence","156.64","",""
"03/06/2022 12:00:00 - 03/06/2022 13:00:00","BZN|EE","Without Sequence","150.01","",""
"03/06/2022 13:00:00 - 03/06/2022 14:00:00","BZN|EE","Without Sequence","149.33","",""
"03/06/2022 14:00:00 - 03/06/2022 15:00:00","BZN|EE","Without Sequence","153.82","",""
"03/06/2022 15:00:00 - 03/06/2022 16:00:00","BZN|EE","Without Sequence","175.55","",""
"03/06/2022 16:00:00 - 03/06/2022 17:00:00","BZN|EE","Without Sequence","216.31","",""
"03/06/2022 17:00:00 - 03/06/2022 18:00:00","BZN|EE","Without Sequence","226.57","",""
"03/06/2022 18:00:00 - 03/06/2022 19:00:00","BZN|EE","Without Sequence","204.09","",""
"03/06/2022 19:00:00 - 03/06/2022 20:00:00","BZN|EE","Without Sequence","204.43","",""
"03/06/2022 20:00:00 - 03/06/2022 21:00:00","BZN|EE","Without Sequence","161.58","",""
"03/06/2022 21:00:00 - 03/06/2022 22:00:00","BZN|EE","Without Sequence","152.48","",""
"03/06/2022 22:00:00 - 03/06/2022 23:00:00","BZN|EE","Without Sequence","175.81","",""
"03/06/2022 23:00:00 - 04/06/2022 00:00:00","BZN|EE","Without Sequence","150.00","",""
"04/06/2022 00:00:00 - 04/06/2022 01:00:00","BZN|EE","Without Sequence","144.30","",""
"04/06/2022 01:00:00 - 04/06/2022 02:00:00","BZN|EE","Without Sequence","136.06","",""
"04/06/2022 02:00:00 - 04/06/2022 03:00:00","BZN|EE","Without Sequence","139.45","",""
"04/06/2022 03:00:00 - 04/06/2022 04:00:00","BZN|EE","Without Sequence","150.00","",""
"04/06/2022 04:00:00 - 04/06/2022 05:00:00","BZN|EE","Without Sequence","159.80","",""
"04/06/2022 05:00:00 - 04/06/2022 06:00:00","BZN|EE","Without Sequence","169.86","",""
"04/06/2022 06:00:00 - 04/06/2022 07:00:00","BZN|EE","Without Sequence","180.00","",""
"04/06/2022 07:00:00 - 04/06/2022 08:00:00","BZN|EE","Without Sequence","190.57","",""
"04/06/2022 08:00:00 - 04/06/2022 09:00:00","BZN|EE","Without Sequence","187.52","",""
"04/06/2022 09:00:00 - 04/06/2022 10:00:00","BZN|EE","Without Sequence","176.00","",""
"04/06/2022 10:00:00 - 04/06/2022 11:00:00","BZN|EE","Without Sequence","168.40","",""
"04/06/2022 11:00:00 - 04/06/2022 12:00:00","BZN|EE","Without Sequence","159.79","",""
"04/06/2022 12:00:00 - 04/06/2022 13:00:00","BZN|EE","Without Sequence","147.04","",""
"04/06/2022 13:00:00 - 04/06/2022 14:00:00","BZN|EE","Without Sequence","147.02","",""
"04/06/2022 14:00:00 - 04/06/2022 15:00:00","BZN|EE","Without Sequence","148.14","",""
"04/06/2022 15:00:00 - 04/06/2022 16:00:00","BZN|EE","Without Sequence","165.01","",""
"04/06/2022 16:00:00 - 04/06/2022 17:00:00","BZN|EE","Without Sequence","189.93","",""
"04/06/2022 17:00:00 - 04/06/2022 18:00:00","BZN|EE","Without Sequence","194.95","",""
"04/06/2022 18:00:00 - 04/06/2022 19:00:00","BZN|EE","Without Sequence","199.83","",""
"04/06/2022 19:00:00 - 04/06/2022 20:00:00","BZN|EE","Without Sequence","181.70","",""
"04/06/2022 20:00:00 - 04/06/2022 21:00:00","BZN|EE","Without Sequence","168.75","",""
"04/06/2022 21:00:00 - 04/06/2022 22:00:00","BZN|EE","Without Sequence","163.27","",""
"04/06/2022 22:00:00 - 04/06/2022 23:00:00","BZN|EE","Without Sequence","144.50","",""
"04/06/2022 23:00:00 - 05/06/2022 00:00:00","BZN|EE","Without Sequence","142.03","",""
"05/06/2022 00:00:00 - 05/06/2022 01:00:00","BZN|EE","Without Sequence","138.93","",""
"05/06/2022 01:00:00 - 05/06/2022 02:00:00","BZN|EE","Without Sequence","133.21","",""
"05/06/2022 02:00:00 - 05/06/2022 03:00:00","BZN|EE","Without Sequence","132.10","",""
"05/06/2022 03:00:00 - 05/06/2022 04:00:00","BZN|EE","Without Sequence","100.07","",""
"05/06/2022 04:00:00 - 05/06/2022 05:00:00","BZN|EE","Without Sequence","127.27","",""
"05/06/2022 05:00:00 - 05/06/2022 06:00:00","BZN|EE","Without Sequence","133.65","",""
"05/06/2022 06:00:00 - 05/06/2022 07:00:00","BZN|EE","Without Sequence","136.28","",""
"05/06/2022 07:00:00 - 05/06/2022 08:00:00","BZN|EE","Without Sequence","105.51","",""
"05/06/2022 08:00:00 - 05/06/2022 09:00:00","BZN|EE","Without Sequence","18.70","",""
"05/06/2022 09:00:00 - 05/06/2022 10:00:00","BZN|EE","Without Sequence","6.56","",""
"05/06/2022 10:00:00 - 05/06/2022 11:00:00","BZN|EE","Without Sequence","6.26","",""
"05/06/2022 11:00:00 - 05/06/2022 12:00:00","BZN|EE","Without Sequence","5.52","",""
"05/06/2022 12:00:00 - 05/06/2022 13:00:00","BZN|EE","Without Sequence","5.69","",""
"05/06/2022 13:00:00 - 05/06/2022 14:00:00","BZN|EE","Without Sequence","6.23","",""
"05/06/2022 14:00:00 - 05/06/2022 15:00:00","BZN|EE","Without Sequence","7.23","",""
"05/06/2022 15:00:00 - 05/06/2022 16:00:00","BZN|EE","Without Sequence","13.99","",""
"05/06/2022 16:00:00 - 05/06/2022 17:00:00","BZN|EE","Without Sequence","144.92","",""
"05/06/2022 17:00:00 - 05/06/2022 18:00:00","BZN|EE","Without Sequence","145.00","",""
"05/06/2022 18:00:00 - 05/06/2022 19:00:00","BZN|EE","Without Sequence","144.98","",""
"05/06/2022 19:00:00 - 05/06/2022 20:00:00","BZN|EE","Without Sequence","144.94","",""
"05/06/2022 20:00:00 - 05/06/2022 21:00:00","BZN|EE","Without Sequence","144.94","",""
"05/06/2022 21:00:00 - 05/06/2022 22:00:00","BZN|EE","Without Sequence","137.74","",""
"05/06/2022 22:00:00 - 05/06/2022 23:00:00","BZN|EE","Without Sequence","113.98","",""
"05/06/2022 23:00:00 - 06/06/2022 00:00:00","BZN|EE","Without Sequence","100.92","",""
"06/06/2022 00:00:00 - 06/06/2022 01:00:00","BZN|EE","Without Sequence","91.80","",""
"06/06/2022 01:00:00 - 06/06/2022 02:00:00","BZN|EE","Without Sequence","88.24","",""
"06/06/2022 02:00:00 - 06/06/2022 03:00:00","BZN|EE","Without Sequence","62.05","",""
"06/06/2022 03:00:00 - 06/06/2022 04:00:00","BZN|EE","Without Sequence","130.06","",""
"06/06/2022 04:00:00 - 06/06/2022 05:00:00","BZN|EE","Without Sequence","274.22","",""
"06/06/2022 05:00:00 - 06/06/2022 06:00:00","BZN|EE","Without Sequence","225.06","",""
"06/06/2022 06:00:00 - 06/06/2022 07:00:00","BZN|EE","Without Sequence","243.84","",""
"06/06/2022 07:00:00 - 06/06/2022 08:00:00","BZN|EE","Without Sequence","187.79","",""
"06/06/2022 08:00:00 - 06/06/2022 09:00:00","BZN|EE","Without Sequence","177.27","",""
"06/06/2022 09:00:00 - 06/06/2022 10:00:00","BZN|EE","Without Sequence","200.09","",""
"06/06/2022 10:00:00 - 06/06/2022 11:00:00","BZN|EE","Without Sequence","226.41","",""
"06/06/2022 11:00:00 - 06/06/2022 12:00:00","BZN|EE","Without Sequence","246.78","",""
"06/06/2022 12:00:00 - 06/06/2022 13:00:00","BZN|EE","Without Sequence","227.41","",""
"06/06/2022 13:00:00 - 06/06/2022 14:00:00","BZN|EE","Without Sequence","210.49","",""
"06/06/2022 14:00:00 - 06/06/2022 15:00:00","BZN|EE","Without Sequence","216.23","",""
"06/06/2022 15:00:00 - 06/06/2022 16:00:00","BZN|EE","Without Sequence","257.18","",""
"06/06/2022 16:00:00 - 06/06/2022 17:00:00","BZN|EE","Without Sequence","230.97","",""
"06/06/2022 17:00:00 - 06/06/2022 18:00:00","BZN|EE","Without Sequence","245.09","",""
"06/06/2022 18:00:00 - 06/06/2022 19:00:00","BZN|EE","Without Sequence","245.08","",""
"06/06/2022 19:00:00 - 06/06/2022 20:00:00","BZN|EE","Without Sequence","239.47","",""
"06/06/2022 20:00:00 - 06/06/2022 21:00:00","BZN|EE","Without Sequence","226.95","",""
"06/06/2022 21:00:00 - 06/06/2022 22:00:00","BZN|EE","Without Sequence","132.64","",""
"06/06/2022 22:00:00 - 06/06/2022 23:00:00","BZN|EE","Without Sequence","20.32","",""
"06/06/2022 23:00:00 - 07/06/2022 00:00:00","BZN|EE","Without Sequence","142.52","",""
"07/06/2022 00:00:00 - 07/06/2022 01:00:00","BZN|EE","Without Sequence","50.67","",""
"07/06/2022 01:00:00 - 07/06/2022 02:00:00","BZN|EE","Without Sequence","27.94","",""
"07/06/2022 02:00:00 - 07/06/2022 03:00:00","BZN|EE","Without Sequence","31.87","",""
"07/06/2022 03:00:00 - 07/06/2022 04:00:00","BZN|EE","Without Sequence","58.63","",""
"07/06/2022 04:00:00 - 07/06/2022 05:00:00","BZN|EE","Without Sequence","142.09","",""
"07/06/2022 05:00:00 - 07/06/2022 06:00:00","BZN|EE","Without Sequence","198.51","",""
"07/06/2022 06:00:00 - 07/06/2022 07:00:00","BZN|EE","Without Sequence","240.00","",""
"07/06/2022 07:00:00 - 07/06/2022 08:00:00","BZN|EE","Without Sequence","212.23","",""
"07/06/2022 08:00:00 - 07/06/2022 09:00:00","BZN|EE","Without Sequence","199.99","",""
"07/06/2022 09:00:00 - 07/06/2022 10:00:00","BZN|EE","Without Sequence","174.98","",""
"07/06/2022 10:00:00 - 07/06/2022 11:00:00","BZN|EE","Without Sequence","168.70","",""
"07/06/2022 11:00:00 - 07/06/2022 12:00:00","BZN|EE","Without Sequence","164.65","",""
"07/06/2022 12:00:00 - 07/06/2022 13:00:00","BZN|EE","Without Sequence","161.54","",""
"07/06/2022 13:00:00 - 07/06/2022 14:00:00","BZN|EE","Without Sequence","180.09","",""
"07/06/2022 14:00:00 - 07/06/2022 15:00:00","BZN|EE","Without Sequence","193.99","",""
"07/06/2022 15:00:00 - 07/06/2022 16:00:00","BZN|EE","Without Sequence","227.03","",""
"07/06/2022 16:00:00 - 07/06/2022 17:00:00","BZN|EE","Without Sequence","238.68","",""
"07/06/2022 17:00:00 - 07/06/2022 18:00:00","BZN|EE","Without Sequence","239.82","",""
"07/06/2022 18:00:00 - 07/06/2022 19:00:00","BZN|EE","Without Sequence","239.00","",""
"07/06/2022 19:00:00 - 07/06/2022 20:00:00","BZN|EE","Without Sequence","228.81","",""
"07/06/2022 20:00:00 - 07/06/2022 21:00:00","BZN|EE","Without Sequence","220.26","",""
"07/06/2022 21:00:00 - 07/06/2022 22:00:00","BZN|EE","Without Sequence","150.66","",""
"07/06/2022 22:00:00 - 07/06/2022 23:00:00","BZN|EE","Without Sequence","160.00","",""
"07/06/2022 23:00:00 - 08/06/2022 00:00:00","BZN|EE","Without Sequence","149.99","",""
"08/06/2022 00:00:00 - 08/06/2022 01:00:00","BZN|EE","Without Sequence","139.25","",""
"08/06/2022 01:00:00 - 08/06/2022 02:00:00","BZN|EE","Without Sequence","103.22","",""
"08/06/2022 02:00:00 - 08/06/2022 03:00:00","BZN|EE","Without Sequence","100.10","",""
"08/06/2022 03:00:00 - 08/06/2022 04:00:00","BZN|EE","Without Sequence","175.00","",""
"08/06/2022 04:00:00 - 08/06/2022 05:00:00","BZN|EE","Without Sequence","239.97","",""
"08/06/2022 05:00:00 - 08/06/2022 06:00:00","BZN|EE","Without Sequence","260.00","",""
"08/06/2022 06:00:00 - 08/06/2022 07:00:00","BZN|EE","Without Sequence","249.99","",""
"08/06/2022 07:00:00 - 08/06/2022 08:00:00","BZN|EE","Without Sequence","253.12","",""
"08/06/2022 08:00:00 - 08/06/2022 09:00:00","BZN|EE","Without Sequence","250.00","",""
"08/06/2022 09:00:00 - 08/06/2022 10:00:00","BZN|EE","Without Sequence","259.99","",""
"08/06/2022 10:00:00 - 08/06/2022 11:00:00","BZN|EE","Without Sequence","278.83","",""
"08/06/2022 11:00:00 - 08/06/2022 12:00:00","BZN|EE","Without Sequence","262.26","",""
"08/06/2022 12:00:00 - 08/06/2022 13:00:00","BZN|EE","Without Sequence","245.48","",""
"08/06/2022 13:00:00 - 08/06/2022 14:00:00","BZN|EE","Without Sequence","287.15","",""
"08/06/2022 14:00:00 - 08/06/2022 15:00:00","BZN|EE","Without Sequence","255.01","",""
"08/06/2022 15:00:00 - 08/06/2022 16:00:00","BZN|EE","Without Sequence","240.02","",""
"08/06/2022 16:00:00 - 08/06/2022 17:00:00","BZN|EE","Without Sequence","243.25","",""
"08/06/2022 17:00:00 - 08/06/2022 18:00:00","BZN|EE","Without Sequence","261.59","",""
"08/06/2022 18:00:00 - 08/06/2022 19:00:00","BZN|EE","Without Sequence","211.46","",""
"08/06/2022 19:00:00 - 08/06/2022 20:00:00","BZN|EE","Without Sequence","229.93","",""
"08/06/2022 20:00:00 - 08/06/2022 21:00:00","BZN|EE","Without Sequence","184.95","",""
"08/06/2022 21:00:00 - 08/06/2022 22:00:00","BZN|EE","Without Sequence","121.86","",""
"08/06/2022 22:00:00 - 08/06/2022 23:00:00","BZN|EE","Without Sequence","150.07","",""
"08/06/2022 23:00:00 - 09/06/2022 00:00:00","BZN|EE","Without Sequence","149.99","",""
"09/06/2022 00:00:00 - 09/06/2022 01:00:00","BZN|EE","Without Sequence","126.15","",""
"09/06/2022 01:00:00 - 09/06/2022 02:00:00","BZN|EE","Without Sequence","125.37","",""
"09/06/2022 02:00:00 - 09/06/2022 03:00:00","BZN|EE","Without Sequence","150.00","",""
"09/06/2022 03:00:00 - 09/06/2022 04:00:00","BZN|EE","Without Sequence","225.03","",""
"09/06/2022 04:00:00 - 09/06/2022 05:00:00","BZN|EE","Without Sequence","253.18","",""
"09/06/2022 05:00:00 - 09/06/2022 06:00:00","BZN|EE","Without Sequence","241.74","",""
"09/06/2022 06:00:00 - 09/06/2022 07:00:00","BZN|EE","Without Sequence","253.19","",""
"09/06/2022 07:00:00 - 09/06/2022 08:00:00","BZN|EE","Without Sequence","249.55","",""
"09/06/2022 08:00:00 - 09/06/2022 09:00:00","BZN|EE","Without Sequence","238.77","",""
"09/06/2022 09:00:00 - 09/06/2022 10:00:00","BZN|EE","Without Sequence","255.03","",""
"09/06/2022 10:00:00 - 09/06/2022 11:00:00","BZN|EE","Without Sequence","250.00","",""
"09/06/2022 11:00:00 - 09/06/2022 12:00:00","BZN|EE","Without Sequence","233.48","",""
"09/06/2022 12:00:00 - 09/06/2022 13:00:00","BZN|EE","Without Sequence","228.54","",""
"09/06/2022 13:00:00 - 09/06/2022 14:00:00","BZN|EE","Without Sequence","225.03","",""
"09/06/2022 14:00:00 - 09/06/2022 15:00:00","BZN|EE","Without Sequence","223.95","",""
"09/06/2022 15:00:00 - 09/06/2022 16:00:00","BZN|EE","Without Sequence","231.39","",""
"09/06/2022 16:00:00 - 09/06/2022 17:00:00","BZN|EE","Without Sequence","228.56","",""
"09/06/2022 17:00:00 - 09/06/2022 18:00:00","BZN|EE","Without Sequence","234.51","",""
"09/06/2022 18:00:00 - 09/06/2022 19:00:00","BZN|EE","Without Sequence","187.96","",""
"09/06/2022 19:00:00 - 09/06/2022 20:00:00","BZN|EE","Without Sequence","197.19","",""
"09/06/2022 20:00:00 - 09/06/2022 21:00:00","BZN|EE","Without Sequence","166.29","",""
"09/06/2022 21:00:00 - 09/06/2022 22:00:00","BZN|EE","Without Sequence","137.26","",""
"09/06/2022 22:00:00 - 09/06/2022 23:00:00","BZN|EE","Without Sequence","194.97","",""
"09/06/2022 23:00:00 - 10/06/2022 00:00:00","BZN|EE","Without Sequence","149.99","",""
"10/06/2022 00:00:00 - 10/06/2022 01:00:00","BZN|EE","Without Sequence","146.33","",""
"10/06/2022 01:00:00 - 10/06/2022 02:00:00","BZN|EE","Without Sequence","146.31","",""
"10/06/2022 02:00:00 - 10/06/2022 03:00:00","BZN|EE","Without Sequence","120.10","",""
"10/06/2022 03:00:00 - 10/06/2022 04:00:00","BZN|EE","Without Sequence","179.14","",""
"10/06/2022 04:00:00 - 10/06/2022 05:00:00","BZN|EE","Without Sequence","239.42","",""
"10/06/2022 05:00:00 - 10/06/2022 06:00:00","BZN|EE","Without Sequence","299.91","",""
"10/06/2022 06:00:00 - 10/06/2022 07:00:00","BZN|EE","Without Sequence","368.58","",""
"10/06/2022 07:00:00 - 10/06/2022 08:00:00","BZN|EE","Without Sequence","266.06","",""
"10/06/2022 08:00:00 - 10/06/2022 09:00:00","BZN|EE","Without Sequence","249.99","",""
"10/06/2022 09:00:00 - 10/06/2022 10:00:00","BZN|EE","Without Sequence","235.36","",""
"10/06/2022 10:00:00 - 10/06/2022 11:00:00","BZN|EE","Without Sequence","207.86","",""
"10/06/2022 11:00:00 - 10/06/2022 12:00:00","BZN|EE","Without Sequence","196.55","",""
"10/06/2022 12:00:00 - 10/06/2022 13:00:00","BZN|EE","Without Sequence","178.60","",""
"10/06/2022 13:00:00 - 10/06/2022 14:00:00","BZN|EE","Without Sequence","176.43","",""
"10/06/2022 14:00:00 - 10/06/2022 15:00:00","BZN|EE","Without Sequence","179.83","",""
"10/06/2022 15:00:00 - 10/06/2022 16:00:00","BZN|EE","Without Sequence","194.97","",""
"10/06/2022 16:00:00 - 10/06/2022 17:00:00","BZN|EE","Without Sequence","225.08","",""
"10/06/2022 17:00:00 - 10/06/2022 18:00:00","BZN|EE","Without Sequence","245.77","",""
"10/06/2022 18:00:00 - 10/06/2022 19:00:00","BZN|EE","Without Sequence","196.99","",""
"10/06/2022 19:00:00 - 10/06/2022 20:00:00","BZN|EE","Without Sequence","216.90","",""
"10/06/2022 20:00:00 - 10/06/2022 21:00:00","BZN|EE","Without Sequence","197.67","",""
"10/06/2022 21:00:00 - 10/06/2022 22:00:00","BZN|EE","Without Sequence","149.43","",""
"10/06/2022 22:00:00 - 10/06/2022 23:00:00","BZN|EE","Without Sequence","201.70","",""
"10/06/2022 23:00:00 - 11/06/2022 00:00:00","BZN|EE","Without Sequence","184.36","",""
"11/06/2022 00:00:00 - 11/06/2022 01:00:00","BZN|EE","Without Sequence","170.75","",""
"11/06/2022 01:00:00 - 11/06/2022 02:00:00","BZN|EE","Without Sequence","165.51","",""
"11/06/2022 02:00:00 - 11/06/2022 03:00:00","BZN|EE","Without Sequence","155.89","",""
"11/06/2022 03:00:00 - 11/06/2022 04:00:00","BZN|EE","Without Sequence","151.79","",""
"11/06/2022 04:00:00 - 11/06/2022 05:00:00","BZN|EE","Without Sequence","157.97","",""
"11/06/2022 05:00:00 - 11/06/2022 06:00:00","BZN|EE","Without Sequence","147.07","",""
"11/06/2022 06:00:00 - 11/06/2022 07:00:00","BZN|EE","Without Sequence","147.02","",""
"11/06/2022 07:00:00 - 11/06/2022 08:00:00","BZN|EE","Without Sequence","29.58","",""
"11/06/2022 08:00:00 - 11/06/2022 09:00:00","BZN|EE","Without Sequence","21.54","",""
"11/06/2022 09:00:00 - 11/06/2022 10:00:00","BZN|EE","Without Sequence","13.51","",""
"11/06/2022 10:00:00 - 11/06/2022 11:00:00","BZN|EE","Without Sequence","11.06","",""
"11/06/2022 11:00:00 - 11/06/2022 12:00:00","BZN|EE","Without Sequence","9.77","",""
"11/06/2022 12:00:00 - 11/06/2022 13:00:00","BZN|EE","Without Sequence","4.23","",""
"11/06/2022 13:00:00 - 11/06/2022 14:00:00","BZN|EE","Without Sequence","87.83","",""
"11/06/2022 14:00:00 - 11/06/2022 15:00:00","BZN|EE","Without Sequence","98.50","",""
"11/06/2022 15:00:00 - 11/06/2022 16:00:00","BZN|EE","Without Sequence","147.07","",""
"11/06/2022 16:00:00 - 11/06/2022 17:00:00","BZN|EE","Without Sequence","176.19","",""
"11/06/2022 17:00:00 - 11/06/2022 18:00:00","BZN|EE","Without Sequence","196.39","",""
"11/06/2022 18:00:00 - 11/06/2022 19:00:00","BZN|EE","Without Sequence","217.19","",""
"11/06/2022 19:00:00 - 11/06/2022 20:00:00","BZN|EE","Without Sequence","211.06","",""
"11/06/2022 20:00:00 - 11/06/2022 21:00:00","BZN|EE","Without Sequence","207.92","",""
"11/06/2022 21:00:00 - 11/06/2022 22:00:00","BZN|EE","Without Sequence","199.00","",""
"11/06/2022 22:00:00 - 11/06/2022 23:00:00","BZN|EE","Without Sequence","195.00","",""
"11/06/2022 23:00:00 - 12/06/2022 00:00:00","BZN|EE","Without Sequence","159.25","",""
"12/06/2022 00:00:00 - 12/06/2022 01:00:00","BZN|EE","Without Sequence","147.43","",""
"12/06/2022 01:00:00 - 12/06/2022 02:00:00","BZN|EE","Without Sequence","132.00","",""
"12/06/2022 02:00:00 - 12/06/2022 03:00:00","BZN|EE","Without Sequence","120.09","",""
"12/06/2022 03:00:00 - 12/06/2022 04:00:00","BZN|EE","Without Sequence","103.54","",""
"12/06/2022 04:00:00 - 12/06/2022 05:00:00","BZN|EE","Without Sequence","97.81","",""
"12/06/2022 05:00:00 - 12/06/2022 06:00:00","BZN|EE","Without Sequence","106.35","",""
"12/06/2022 06:00:00 - 12/06/2022 07:00:00","BZN|EE","Without Sequence","87.34","",""
"12/06/2022 07:00:00 - 12/06/2022 08:00:00","BZN|EE","Without Sequence","80.83","",""
"12/06/2022 08:00:00 - 12/06/2022 09:00:00","BZN|EE","Without Sequence","74.37","",""
"12/06/2022 09:00:00 - 12/06/2022 10:00:00","BZN|EE","Without Sequence","41.60","",""
"12/06/2022 10:00:00 - 12/06/2022 11:00:00","BZN|EE","Without Sequence","19.71","",""
"12/06/2022 11:00:00 - 12/06/2022 12:00:00","BZN|EE","Without Sequence","32.51","",""
"12/06/2022 12:00:00 - 12/06/2022 13:00:00","BZN|EE","Without Sequence","27.08","",""
"12/06/2022 13:00:00 - 12/06/2022 14:00:00","BZN|EE","Without Sequence","26.95","",""
"12/06/2022 14:00:00 - 12/06/2022 15:00:00","BZN|EE","Without Sequence","82.13","",""
"12/06/2022 15:00:00 - 12/06/2022 16:00:00","BZN|EE","Without Sequence","83.19","",""
"12/06/2022 16:00:00 - 12/06/2022 17:00:00","BZN|EE","Without Sequence","159.98","",""
"12/06/2022 17:00:00 - 12/06/2022 18:00:00","BZN|EE","Without Sequence","185.31","",""
"12/06/2022 18:00:00 - 12/06/2022 19:00:00","BZN|EE","Without Sequence","205.98","",""
"12/06/2022 19:00:00 - 12/06/2022 20:00:00","BZN|EE","Without Sequence","210.98","",""
"12/06/2022 20:00:00 - 12/06/2022 21:00:00","BZN|EE","Without Sequence","210.00","",""
"12/06/2022 21:00:00 - 12/06/2022 22:00:00","BZN|EE","Without Sequence","182.23","",""
"12/06/2022 22:00:00 - 12/06/2022 23:00:00","BZN|EE","Without Sequence","169.04","",""
"12/06/2022 23:00:00 - 13/06/2022 00:00:00","BZN|EE","Without Sequence","158.24","",""
"13/06/2022 00:00:00 - 13/06/2022 01:00:00","BZN|EE","Without Sequence","148.18","",""
"13/06/2022 01:00:00 - 13/06/2022 02:00:00","BZN|EE","Without Sequence","146.33","",""
"13/06/2022 02:00:00 - 13/06/2022 03:00:00","BZN|EE","Without Sequence","146.92","",""
"13/06/2022 03:00:00 - 13/06/2022 04:00:00","BZN|EE","Without Sequence","149.97","",""
"13/06/2022 04:00:00 - 13/06/2022 05:00:00","BZN|EE","Without Sequence","200.03","",""
"13/06/2022 05:00:00 - 13/06/2022 06:00:00","BZN|EE","Without Sequence","190.00","",""
"13/06/2022 06:00:00 - 13/06/2022 07:00:00","BZN|EE","Without Sequence","212.12","",""
"13/06/2022 07:00:00 - 13/06/2022 08:00:00","BZN|EE","Without Sequence","179.22","",""
"13/06/2022 08:00:00 - 13/06/2022 09:00:00","BZN|EE","Without Sequence","165.70","",""
"13/06/2022 09:00:00 - 13/06/2022 10:00:00","BZN|EE","Without Sequence","149.99","",""
"13/06/2022 10:00:00 - 13/06/2022 11:00:00","BZN|EE","Without Sequence","175.05","",""
"13/06/2022 11:00:00 - 13/06/2022 12:00:00","BZN|EE","Without Sequence","175.06","",""
"13/06/2022 12:00:00 - 13/06/2022 13:00:00","BZN|EE","Without Sequence","175.10","",""
"13/06/2022 13:00:00 - 13/06/2022 14:00:00","BZN|EE","Without Sequence","156.30","",""
"13/06/2022 14:00:00 - 13/06/2022 15:00:00","BZN|EE","Without Sequence","154.12","",""
"13/06/2022 15:00:00 - 13/06/2022 16:00:00","BZN|EE","Without Sequence","154.30","",""
"13/06/2022 16:00:00 - 13/06/2022 17:00:00","BZN|EE","Without Sequence","175.17","",""
"13/06/2022 17:00:00 - 13/06/2022 18:00:00","BZN|EE","Without Sequence","215.07","",""
"13/06/2022 18:00:00 - 13/06/2022 19:00:00","BZN|EE","Without Sequence","200.71","",""
"13/06/2022 19:00:00 - 13/06/2022 20:00:00","BZN|EE","Without Sequence","218.06","",""
"13/06/2022 20:00:00 - 13/06/2022 21:00:00","BZN|EE","Without Sequence","216.62","",""
"13/06/2022 21:00:00 - 13/06/2022 22:00:00","BZN|EE","Without Sequence","148.19","",""
"13/06/2022 22:00:00 - 13/06/2022 23:00:00","BZN|EE","Without Sequence","162.54","",""
"13/06/2022 23:00:00 - 14/06/2022 00:00:00","BZN|EE","Without Sequence","155.83","",""
"14/06/2022 00:00:00 - 14/06/2022 01:00:00","BZN|EE","Without Sequence","141.38","",""
"14/06/2022 01:00:00 - 14/06/2022 02:00:00","BZN|EE","Without Sequence","145.89","",""
"14/06/2022 02:00:00 - 14/06/2022 03:00:00","BZN|EE","Without Sequence","148.58","",""
"14/06/2022 03:00:00 - 14/06/2022 04:00:00","BZN|EE","Without Sequence","155.37","",""
"14/06/2022 04:00:00 - 14/06/2022 05:00:00","BZN|EE","Without Sequence","215.22","",""
"14/06/2022 05:00:00 - 14/06/2022 06:00:00","BZN|EE","Without Sequence","227.88","",""
"14/06/2022 06:00:00 - 14/06/2022 07:00:00","BZN|EE","Without Sequence","221.28","",""
"14/06/2022 07:00:00 - 14/06/2022 08:00:00","BZN|EE","Without Sequence","249.99","",""
"14/06/2022 08:00:00 - 14/06/2022 09:00:00","BZN|EE","Without Sequence","235.45","",""
"14/06/2022 09:00:00 - 14/06/2022 10:00:00","BZN|EE","Without Sequence","184.24","",""
"14/06/2022 10:00:00 - 14/06/2022 11:00:00","BZN|EE","Without Sequence","206.36","",""
"14/06/2022 11:00:00 - 14/06/2022 12:00:00","BZN|EE","Without Sequence","256.44","",""
"14/06/2022 12:00:00 - 14/06/2022 13:00:00","BZN|EE","Without Sequence","151.74","",""
"14/06/2022 13:00:00 - 14/06/2022 14:00:00","BZN|EE","Without Sequence","163.95","",""
"14/06/2022 14:00:00 - 14/06/2022 15:00:00","BZN|EE","Without Sequence","248.05","",""
"14/06/2022 15:00:00 - 14/06/2022 16:00:00","BZN|EE","Without Sequence","197.87","",""
"14/06/2022 16:00:00 - 14/06/2022 17:00:00","BZN|EE","Without Sequence","225.43","",""
"14/06/2022 17:00:00 - 14/06/2022 18:00:00","BZN|EE","Without Sequence","229.34","",""
"14/06/2022 18:00:00 - 14/06/2022 19:00:00","BZN|EE","Without Sequence","225.02","",""
"14/06/2022 19:00:00 - 14/06/2022 20:00:00","BZN|EE","Without Sequence","229.97","",""
"14/06/2022 20:00:00 - 14/06/2022 21:00:00","BZN|EE","Without Sequence","229.27","",""
"14/06/2022 21:00:00 - 14/06/2022 22:00:00","BZN|EE","Without Sequence","146.35","",""
"14/06/2022 22:00:00 - 14/06/2022 23:00:00","BZN|EE","Without Sequence","142.32","",""
"14/06/2022 23:00:00 - 15/06/2022 00:00:00","BZN|EE","Without Sequence","142.31","",""
"15/06/2022 00:00:00 - 15/06/2022 01:00:00","BZN|EE","Without Sequence","110.77","",""
"15/06/2022 01:00:00 - 15/06/2022 02:00:00","BZN|EE","Without Sequence","110.75","",""
"15/06/2022 02:00:00 - 15/06/2022 03:00:00","BZN|EE","Without Sequence","110.77","",""
"15/06/2022 03:00:00 - 15/06/2022 04:00:00","BZN|EE","Without Sequence","142.38","",""
"15/06/2022 04:00:00 - 15/06/2022 05:00:00","BZN|EE","Without Sequence","219.61","",""
"15/06/2022 05:00:00 - 15/06/2022 06:00:00","BZN|EE","Without Sequence","246.95","",""
"15/06/2022 06:00:00 - 15/06/2022 07:00:00","BZN|EE","Without Sequence","252.78","",""
"15/06/2022 07:00:00 - 15/06/2022 08:00:00","BZN|EE","Without Sequence","213.58","",""
"15/06/2022 08:00:00 - 15/06/2022 09:00:00","BZN|EE","Without Sequence","195.78","",""
"15/06/2022 09:00:00 - 15/06/2022 10:00:00","BZN|EE","Without Sequence","175.37","",""
"15/06/2022 10:00:00 - 15/06/2022 11:00:00","BZN|EE","Without Sequence","170.76","",""
"15/06/2022 11:00:00 - 15/06/2022 12:00:00","BZN|EE","Without Sequence","172.20","",""
"15/06/2022 12:00:00 - 15/06/2022 13:00:00","BZN|EE","Without Sequence","168.61","",""
"15/06/2022 13:00:00 - 15/06/2022 14:00:00","BZN|EE","Without Sequence","170.24","",""
"15/06/2022 14:00:00 - 15/06/2022 15:00:00","BZN|EE","Without Sequence","183.06","",""
"15/06/2022 15:00:00 - 15/06/2022 16:00:00","BZN|EE","Without Sequence","218.19","",""
"15/06/2022 16:00:00 - 15/06/2022 17:00:00","BZN|EE","Without Sequence","250.00","",""
"15/06/2022 17:00:00 - 15/06/2022 18:00:00","BZN|EE","Without Sequence","305.77","",""
"15/06/2022 18:00:00 - 15/06/2022 19:00:00","BZN|EE","Without Sequence","142.39","",""
"15/06/2022 19:00:00 - 15/06/2022 20:00:00","BZN|EE","Without Sequence","263.97","",""
"15/06/2022 20:00:00 - 15/06/2022 21:00:00","BZN|EE","Without Sequence","247.77","",""
"15/06/2022 21:00:00 - 15/06/2022 22:00:00","BZN|EE","Without Sequence","142.37","",""
"15/06/2022 22:00:00 - 15/06/2022 23:00:00","BZN|EE","Without Sequence","112.92","",""
"15/06/2022 23:00:00 - 16/06/2022 00:00:00","BZN|EE","Without Sequence","112.92","",""
"16/06/2022 00:00:00 - 16/06/2022 01:00:00","BZN|EE","Without Sequence","50.12","",""
"16/06/2022 01:00:00 - 16/06/2022 02:00:00","BZN|EE","Without Sequence","7.76","",""
"16/06/2022 02:00:00 - 16/06/2022 03:00:00","BZN|EE","Without Sequence","112.91","",""
"16/06/2022 03:00:00 - 16/06/2022 04:00:00","BZN|EE","Without Sequence","145.36","",""
"16/06/2022 04:00:00 - 16/06/2022 05:00:00","BZN|EE","Without Sequence","219.95","",""
"16/06/2022 05:00:00 - 16/06/2022 06:00:00","BZN|EE","Without Sequence","254.96","",""
"16/06/2022 06:00:00 - 16/06/2022 07:00:00","BZN|EE","Without Sequence","245.00","",""
"16/06/2022 07:00:00 - 16/06/2022 08:00:00","BZN|EE","Without Sequence","216.49","",""
"16/06/2022 08:00:00 - 16/06/2022 09:00:00","BZN|EE","Without Sequence","181.27","",""
"16/06/2022 09:00:00 - 16/06/2022 10:00:00","BZN|EE","Without Sequence","163.48","",""
"16/06/2022 10:00:00 - 16/06/2022 11:00:00","BZN|EE","Without Sequence","152.96","",""
"16/06/2022 11:00:00 - 16/06/2022 12:00:00","BZN|EE","Without Sequence","116.89","",""
"16/06/2022 12:00:00 - 16/06/2022 13:00:00","BZN|EE","Without Sequence","100.00","",""
"16/06/2022 13:00:00 - 16/06/2022 14:00:00","BZN|EE","Without Sequence","98.56","",""
"16/06/2022 14:00:00 - 16/06/2022 15:00:00","BZN|EE","Without Sequence","116.63","",""
"16/06/2022 15:00:00 - 16/06/2022 16:00:00","BZN|EE","Without Sequence","165.21","",""
"16/06/2022 16:00:00 - 16/06/2022 17:00:00","BZN|EE","Without Sequence","217.36","",""
"16/06/2022 17:00:00 - 16/06/2022 18:00:00","BZN|EE","Without Sequence","252.35","",""
"16/06/2022 18:00:00 - 16/06/2022 19:00:00","BZN|EE","Without Sequence","258.82","",""
"16/06/2022 19:00:00 - 16/06/2022 20:00:00","BZN|EE","Without Sequence","263.98","",""
"16/06/2022 20:00:00 - 16/06/2022 21:00:00","BZN|EE","Without Sequence","255.95","",""
"16/06/2022 21:00:00 - 16/06/2022 22:00:00","BZN|EE","Without Sequence","208.92","",""
"16/06/2022 22:00:00 - 16/06/2022 23:00:00","BZN|EE","Without Sequence","289.10","",""
"16/06/2022 23:00:00 - 17/06/2022 00:00:00","BZN|EE","Without Sequence","149.14","",""
"17/06/2022 00:00:00 - 17/06/2022 01:00:00","BZN|EE","Without Sequence","114.00","",""
"17/06/2022 01:00:00 - 17/06/2022 02:00:00","BZN|EE","Without Sequence","113.94","",""
"17/06/2022 02:00:00 - 17/06/2022 03:00:00","BZN|EE","Without Sequence","113.97","",""
"17/06/2022 03:00:00 - 17/06/2022 04:00:00","BZN|EE","Without Sequence","239.91","",""
"17/06/2022 04:00:00 - 17/06/2022 05:00:00","BZN|EE","Without Sequence","292.34","",""
"17/06/2022 05:00:00 - 17/06/2022 06:00:00","BZN|EE","Without Sequence","323.31","",""
"17/06/2022 06:00:00 - 17/06/2022 07:00:00","BZN|EE","Without Sequence","325.70","",""
"17/06/2022 07:00:00 - 17/06/2022 08:00:00","BZN|EE","Without Sequence","299.07","",""
"17/06/2022 08:00:00 - 17/06/2022 09:00:00","BZN|EE","Without Sequence","244.42","",""
"17/06/2022 09:00:00 - 17/06/2022 10:00:00","BZN|EE","Without Sequence","194.90","",""
"17/06/2022 10:00:00 - 17/06/2022 11:00:00","BZN|EE","Without Sequence","186.55","",""
"17/06/2022 11:00:00 - 17/06/2022 12:00:00","BZN|EE","Without Sequence","178.30","",""
"17/06/2022 12:00:00 - 17/06/2022 13:00:00","BZN|EE","Without Sequence","174.12","",""
"17/06/2022 13:00:00 - 17/06/2022 14:00:00","BZN|EE","Without Sequence","176.14","",""
"17/06/2022 14:00:00 - 17/06/2022 15:00:00","BZN|EE","Without Sequence","199.81","",""
"17/06/2022 15:00:00 - 17/06/2022 16:00:00","BZN|EE","Without Sequence","240.63","",""
"17/06/2022 16:00:00 - 17/06/2022 17:00:00","BZN|EE","Without Sequence","303.25","",""
"17/06/2022 17:00:00 - 17/06/2022 18:00:00","BZN|EE","Without Sequence","320.56","",""
"17/06/2022 18:00:00 - 17/06/2022 19:00:00","BZN|EE","Without Sequence","355.01","",""
"17/06/2022 19:00:00 - 17/06/2022 20:00:00","BZN|EE","Without Sequence","191.96","",""
"17/06/2022 20:00:00 - 17/06/2022 21:00:00","BZN|EE","Without Sequence","208.99","",""
"17/06/2022 21:00:00 - 17/06/2022 22:00:00","BZN|EE","Without Sequence","223.67","",""
"17/06/2022 22:00:00 - 17/06/2022 23:00:00","BZN|EE","Without Sequence","250.19","",""
"17/06/2022 23:00:00 - 18/06/2022 00:00:00","BZN|EE","Without Sequence","191.71","",""
"18/06/2022 00:00:00 - 18/06/2022 01:00:00","BZN|EE","Without Sequence","120.09","",""
"18/06/2022 01:00:00 - 18/06/2022 02:00:00","BZN|EE","Without Sequence","120.05","",""
"18/06/2022 02:00:00 - 18/06/2022 03:00:00","BZN|EE","Without Sequence","109.50","",""
"18/06/2022 03:00:00 - 18/06/2022 04:00:00","BZN|EE","Without Sequence","124.41","",""
"18/06/2022 04:00:00 - 18/06/2022 05:00:00","BZN|EE","Without Sequence","185.04","",""
"18/06/2022 05:00:00 - 18/06/2022 06:00:00","BZN|EE","Without Sequence","173.35","",""
"18/06/2022 06:00:00 - 18/06/2022 07:00:00","BZN|EE","Without Sequence","171.84","",""
"18/06/2022 07:00:00 - 18/06/2022 08:00:00","BZN|EE","Without Sequence","170.52","",""
"18/06/2022 08:00:00 - 18/06/2022 09:00:00","BZN|EE","Without Sequence","137.11","",""
"18/06/2022 09:00:00 - 18/06/2022 10:00:00","BZN|EE","Without Sequence","120.41","",""
"18/06/2022 10:00:00 - 18/06/2022 11:00:00","BZN|EE","Without Sequence","98.85","",""
"18/06/2022 11:00:00 - 18/06/2022 12:00:00","BZN|EE","Without Sequence","87.34","",""
"18/06/2022 12:00:00 - 18/06/2022 13:00:00","BZN|EE","Without Sequence","88.58","",""
"18/06/2022 13:00:00 - 18/06/2022 14:00:00","BZN|EE","Without Sequence","119.49","",""
"18/06/2022 14:00:00 - 18/06/2022 15:00:00","BZN|EE","Without Sequence","147.02","",""
"18/06/2022 15:00:00 - 18/06/2022 16:00:00","BZN|EE","Without Sequence","176.17","",""
"18/06/2022 16:00:00 - 18/06/2022 17:00:00","BZN|EE","Without Sequence","250.95","",""
"18/06/2022 17:00:00 - 18/06/2022 18:00:00","BZN|EE","Without Sequence","196.07","",""
"18/06/2022 18:00:00 - 18/06/2022 19:00:00","BZN|EE","Without Sequence","255.07","",""
"18/06/2022 19:00:00 - 18/06/2022 20:00:00","BZN|EE","Without Sequence","134.00","",""
"18/06/2022 20:00:00 - 18/06/2022 21:00:00","BZN|EE","Without Sequence","285.08","",""
"18/06/2022 21:00:00 - 18/06/2022 22:00:00","BZN|EE","Without Sequence","109.45","",""
"18/06/2022 22:00:00 - 18/06/2022 23:00:00","BZN|EE","Without Sequence","108.88","",""
"18/06/2022 23:00:00 - 19/06/2022 00:00:00","BZN|EE","Without Sequence","135.06","",""
"19/06/2022 00:00:00 - 19/06/2022 01:00:00","BZN|EE","Without Sequence","135.04","",""
"19/06/2022 01:00:00 - 19/06/2022 02:00:00","BZN|EE","Without Sequence","135.01","",""
"19/06/2022 02:00:00 - 19/06/2022 03:00:00","BZN|EE","Without Sequence","120.60","",""
"19/06/2022 03:00:00 - 19/06/2022 04:00:00","BZN|EE","Without Sequence","109.55","",""
"19/06/2022 04:00:00 - 19/06/2022 05:00:00","BZN|EE","Without Sequence","108.82","",""
"19/06/2022 05:00:00 - 19/06/2022 06:00:00","BZN|EE","Without Sequence","95.90","",""
"19/06/2022 06:00:00 - 19/06/2022 07:00:00","BZN|EE","Without Sequence","88.38","",""
"19/06/2022 07:00:00 - 19/06/2022 08:00:00","BZN|EE","Without Sequence","94.19","",""
"19/06/2022 08:00:00 - 19/06/2022 09:00:00","BZN|EE","Without Sequence","6.00","",""
"19/06/2022 09:00:00 - 19/06/2022 10:00:00","BZN|EE","Without Sequence","92.71","",""
"19/06/2022 10:00:00 - 19/06/2022 11:00:00","BZN|EE","Without Sequence","77.21","",""
"19/06/2022 11:00:00 - 19/06/2022 12:00:00","BZN|EE","Without Sequence","70.98","",""
"19/06/2022 12:00:00 - 19/06/2022 13:00:00","BZN|EE","Without Sequence","108.80","",""
"19/06/2022 13:00:00 - 19/06/2022 14:00:00","BZN|EE","Without Sequence","76.55","",""
"19/06/2022 14:00:00 - 19/06/2022 15:00:00","BZN|EE","Without Sequence","90.78","",""
"19/06/2022 15:00:00 - 19/06/2022 16:00:00","BZN|EE","Without Sequence","108.85","",""
"19/06/2022 16:00:00 - 19/06/2022 17:00:00","BZN|EE","Without Sequence","90.17","",""
"19/06/2022 17:00:00 - 19/06/2022 18:00:00","BZN|EE","Without Sequence","194.68","",""
"19/06/2022 18:00:00 - 19/06/2022 19:00:00","BZN|EE","Without Sequence","154.50","",""
"19/06/2022 19:00:00 - 19/06/2022 20:00:00","BZN|EE","Without Sequence","108.84","",""
"19/06/2022 20:00:00 - 19/06/2022 21:00:00","BZN|EE","Without Sequence","151.85","",""
"19/06/2022 21:00:00 - 19/06/2022 22:00:00","BZN|EE","Without Sequence","195.06","",""
"19/06/2022 22:00:00 - 19/06/2022 23:00:00","BZN|EE","Without Sequence","240.22","",""
"19/06/2022 23:00:00 - 20/06/2022 00:00:00","BZN|EE","Without Sequence","220.39","",""
"20/06/2022 00:00:00 - 20/06/2022 01:00:00","BZN|EE","Without Sequence","133.76","",""
"20/06/2022 01:00:00 - 20/06/2022 02:00:00","BZN|EE","Without Sequence","108.82","",""
"20/06/2022 02:00:00 - 20/06/2022 03:00:00","BZN|EE","Without Sequence","108.85","",""
"20/06/2022 03:00:00 - 20/06/2022 04:00:00","BZN|EE","Without Sequence","160.45","",""
"20/06/2022 04:00:00 - 20/06/2022 05:00:00","BZN|EE","Without Sequence","301.67","",""
"20/06/2022 05:00:00 - 20/06/2022 06:00:00","BZN|EE","Without Sequence","368.90","",""
"20/06/2022 06:00:00 - 20/06/2022 07:00:00","BZN|EE","Without Sequence","500.00","",""
"20/06/2022 07:00:00 - 20/06/2022 08:00:00","BZN|EE","Without Sequence","348.28","",""
"20/06/2022 08:00:00 - 20/06/2022 09:00:00","BZN|EE","Without Sequence","309.82","",""
"20/06/2022 09:00:00 - 20/06/2022 10:00:00","BZN|EE","Without Sequence","305.97","",""
"20/06/2022 10:00:00 - 20/06/2022 11:00:00","BZN|EE","Without Sequence","263.54","",""
"20/06/2022 11:00:00 - 20/06/2022 12:00:00","BZN|EE","Without Sequence","223.16","",""
"20/06/2022 12:00:00 - 20/06/2022 13:00:00","BZN|EE","Without Sequence","209.16","",""
"20/06/2022 13:00:00 - 20/06/2022 14:00:00","BZN|EE","Without Sequence","259.03","",""
"20/06/2022 14:00:00 - 20/06/2022 15:00:00","BZN|EE","Without Sequence","195.03","",""
"20/06/2022 15:00:00 - 20/06/2022 16:00:00","BZN|EE","Without Sequence","225.86","",""
"20/06/2022 16:00:00 - 20/06/2022 17:00:00","BZN|EE","Without Sequence","255.73","",""
"20/06/2022 17:00:00 - 20/06/2022 18:00:00","BZN|EE","Without Sequence","291.19","",""
"20/06/2022 18:00:00 - 20/06/2022 19:00:00","BZN|EE","Without Sequence","316.32","",""
"20/06/2022 19:00:00 - 20/06/2022 20:00:00","BZN|EE","Without Sequence","315.99","",""
"20/06/2022 20:00:00 - 20/06/2022 21:00:00","BZN|EE","Without Sequence","285.85","",""
"20/06/2022 21:00:00 - 20/06/2022 22:00:00","BZN|EE","Without Sequence","155.76","",""
"20/06/2022 22:00:00 - 20/06/2022 23:00:00","BZN|EE","Without Sequence","245.54","",""
"20/06/2022 23:00:00 - 21/06/2022 00:00:00","BZN|EE","Without Sequence","204.78","",""
"21/06/2022 00:00:00 - 21/06/2022 01:00:00","BZN|EE","Without Sequence","196.98","",""
"21/06/2022 01:00:00 - 21/06/2022 02:00:00","BZN|EE","Without Sequence","161.91","",""
"21/06/2022 02:00:00 - 21/06/2022 03:00:00","BZN|EE","Without Sequence","150.08","",""
"21/06/2022 03:00:00 - 21/06/2022 04:00:00","BZN|EE","Without Sequence","177.18","",""
"21/06/2022 04:00:00 - 21/06/2022 05:00:00","BZN|EE","Without Sequence","262.58","",""
"21/06/2022 05:00:00 - 21/06/2022 06:00:00","BZN|EE","Without Sequence","338.90","",""
"21/06/2022 06:00:00 - 21/06/2022 07:00:00","BZN|EE","Without Sequence","328.60","",""
"21/06/2022 07:00:00 - 21/06/2022 08:00:00","BZN|EE","Without Sequence","262.86","",""
"21/06/2022 08:00:00 - 21/06/2022 09:00:00","BZN|EE","Without Sequence","195.45","",""
"21/06/2022 09:00:00 - 21/06/2022 10:00:00","BZN|EE","Without Sequence","219.80","",""
"21/06/2022 10:00:00 - 21/06/2022 11:00:00","BZN|EE","Without Sequence","214.58","",""
"21/06/2022 11:00:00 - 21/06/2022 12:00:00","BZN|EE","Without Sequence","207.50","",""
"21/06/2022 12:00:00 - 21/06/2022 13:00:00","BZN|EE","Without Sequence","176.79","",""
"21/06/2022 13:00:00 - 21/06/2022 14:00:00","BZN|EE","Without Sequence","201.14","",""
"21/06/2022 14:00:00 - 21/06/2022 15:00:00","BZN|EE","Without Sequence","234.17","",""
"21/06/2022 15:00:00 - 21/06/2022 16:00:00","BZN|EE","Without Sequence","179.06","",""
"21/06/2022 16:00:00 - 21/06/2022 17:00:00","BZN|EE","Without Sequence","229.97","",""
"21/06/2022 17:00:00 - 21/06/2022 18:00:00","BZN|EE","Without Sequence","240.71","",""
"21/06/2022 18:00:00 - 21/06/2022 19:00:00","BZN|EE","Without Sequence","168.60","",""
"21/06/2022 19:00:00 - 21/06/2022 20:00:00","BZN|EE","Without Sequence","153.69","",""
"21/06/2022 20:00:00 - 21/06/2022 21:00:00","BZN|EE","Without Sequence","261.36","",""
"21/06/2022 21:00:00 - 21/06/2022 22:00:00","BZN|EE","Without Sequence","325.78","",""
"21/06/2022 22:00:00 - 21/06/2022 23:00:00","BZN|EE","Without Sequence","111.17","",""
"21/06/2022 23:00:00 - 22/06/2022 00:00:00","BZN|EE","Without Sequence","111.13","",""
"22/06/2022 00:00:00 - 22/06/2022 01:00:00","BZN|EE","Without Sequence","111.12","",""
"22/06/2022 01:00:00 - 22/06/2022 02:00:00","BZN|EE","Without Sequence","10.00","",""
"22/06/2022 02:00:00 - 22/06/2022 03:00:00","BZN|EE","Without Sequence","111.13","",""
"22/06/2022 03:00:00 - 22/06/2022 04:00:00","BZN|EE","Without Sequence","111.14","",""
"22/06/2022 04:00:00 - 22/06/2022 05:00:00","BZN|EE","Without Sequence","158.90","",""
"22/06/2022 05:00:00 - 22/06/2022 06:00:00","BZN|EE","Without Sequence","225.55","",""
"22/06/2022 06:00:00 - 22/06/2022 07:00:00","BZN|EE","Without Sequence","374.45","",""
"22/06/2022 07:00:00 - 22/06/2022 08:00:00","BZN|EE","Without Sequence","328.85","",""
"22/06/2022 08:00:00 - 22/06/2022 09:00:00","BZN|EE","Without Sequence","294.25","",""
"22/06/2022 09:00:00 - 22/06/2022 10:00:00","BZN|EE","Without Sequence","285.43","",""
"22/06/2022 10:00:00 - 22/06/2022 11:00:00","BZN|EE","Without Sequence","262.45","",""
"22/06/2022 11:00:00 - 22/06/2022 12:00:00","BZN|EE","Without Sequence","243.71","",""
"22/06/2022 12:00:00 - 22/06/2022 13:00:00","BZN|EE","Without Sequence","238.60","",""
"22/06/2022 13:00:00 - 22/06/2022 14:00:00","BZN|EE","Without Sequence","199.04","",""
"22/06/2022 14:00:00 - 22/06/2022 15:00:00","BZN|EE","Without Sequence","172.07","",""
"22/06/2022 15:00:00 - 22/06/2022 16:00:00","BZN|EE","Without Sequence","169.45","",""
"22/06/2022 16:00:00 - 22/06/2022 17:00:00","BZN|EE","Without Sequence","187.78","",""
"22/06/2022 17:00:00 - 22/06/2022 18:00:00","BZN|EE","Without Sequence","168.97","",""
"22/06/2022 18:00:00 - 22/06/2022 19:00:00","BZN|EE","Without Sequence","160.96","",""
"22/06/2022 19:00:00 - 22/06/2022 20:00:00","BZN|EE","Without Sequence","165.39","",""
"22/06/2022 20:00:00 - 22/06/2022 21:00:00","BZN|EE","Without Sequence","365.56","",""
"22/06/2022 21:00:00 - 22/06/2022 22:00:00","BZN|EE","Without Sequence","155.39","",""
"22/06/2022 22:00:00 - 22/06/2022 23:00:00","BZN|EE","Without Sequence","288.36","",""
"22/06/2022 23:00:00 - 23/06/2022 00:00:00","BZN|EE","Without Sequence","253.44","",""
"23/06/2022 00:00:00 - 23/06/2022 01:00:00","BZN|EE","Without Sequence","109.47","",""
"23/06/2022 01:00:00 - 23/06/2022 02:00:00","BZN|EE","Without Sequence","109.45","",""
"23/06/2022 02:00:00 - 23/06/2022 03:00:00","BZN|EE","Without Sequence","109.44","",""
"23/06/2022 03:00:00 - 23/06/2022 04:00:00","BZN|EE","Without Sequence","109.45","",""
"23/06/2022 04:00:00 - 23/06/2022 05:00:00","BZN|EE","Without Sequence","40.36","",""
"23/06/2022 05:00:00 - 23/06/2022 06:00:00","BZN|EE","Without Sequence","133.27","",""
"23/06/2022 06:00:00 - 23/06/2022 07:00:00","BZN|EE","Without Sequence","149.99","",""
"23/06/2022 07:00:00 - 23/06/2022 08:00:00","BZN|EE","Without Sequence","131.11","",""
"23/06/2022 08:00:00 - 23/06/2022 09:00:00","BZN|EE","Without Sequence","104.00","",""
"23/06/2022 09:00:00 - 23/06/2022 10:00:00","BZN|EE","Without Sequence","89.54","",""
"23/06/2022 10:00:00 - 23/06/2022 11:00:00","BZN|EE","Without Sequence","87.05","",""
"23/06/2022 11:00:00 - 23/06/2022 12:00:00","BZN|EE","Without Sequence","72.05","",""
"23/06/2022 12:00:00 - 23/06/2022 13:00:00","BZN|EE","Without Sequence","28.67","",""
"23/06/2022 13:00:00 - 23/06/2022 14:00:00","BZN|EE","Without Sequence","28.98","",""
"23/06/2022 14:00:00 - 23/06/2022 15:00:00","BZN|EE","Without Sequence","47.22","",""
"23/06/2022 15:00:00 - 23/06/2022 16:00:00","BZN|EE","Without Sequence","90.07","",""
"23/06/2022 16:00:00 - 23/06/2022 17:00:00","BZN|EE","Without Sequence","116.43","",""
"23/06/2022 17:00:00 - 23/06/2022 18:00:00","BZN|EE","Without Sequence","310.00","",""
"23/06/2022 18:00:00 - 23/06/2022 19:00:00","BZN|EE","Without Sequence","278.32","",""
"23/06/2022 19:00:00 - 23/06/2022 20:00:00","BZN|EE","Without Sequence","364.05","",""
"23/06/2022 20:00:00 - 23/06/2022 21:00:00","BZN|EE","Without Sequence","292.31","",""
"23/06/2022 21:00:00 - 23/06/2022 22:00:00","BZN|EE","Without Sequence","210.39","",""
"23/06/2022 22:00:00 - 23/06/2022 23:00:00","BZN|EE","Without Sequence","212.04","",""
"23/06/2022 23:00:00 - 24/06/2022 00:00:00","BZN|EE","Without Sequence","200.07","",""
"24/06/2022 00:00:00 - 24/06/2022 01:00:00","BZN|EE","Without Sequence","188.41","",""
"24/06/2022 01:00:00 - 24/06/2022 02:00:00","BZN|EE","Without Sequence","182.17","",""
"24/06/2022 02:00:00 - 24/06/2022 03:00:00","BZN|EE","Without Sequence","107.79","",""
"24/06/2022 03:00:00 - 24/06/2022 04:00:00","BZN|EE","Without Sequence","28.99","",""
"24/06/2022 04:00:00 - 24/06/2022 05:00:00","BZN|EE","Without Sequence","49.61","",""
"24/06/2022 05:00:00 - 24/06/2022 06:00:00","BZN|EE","Without Sequence","86.79","",""
"24/06/2022 06:00:00 - 24/06/2022 07:00:00","BZN|EE","Without Sequence","80.88","",""
"24/06/2022 07:00:00 - 24/06/2022 08:00:00","BZN|EE","Without Sequence","86.58","",""
"24/06/2022 08:00:00 - 24/06/2022 09:00:00","BZN|EE","Without Sequence","81.70","",""
"24/06/2022 09:00:00 - 24/06/2022 10:00:00","BZN|EE","Without Sequence","77.21","",""
"24/06/2022 10:00:00 - 24/06/2022 11:00:00","BZN|EE","Without Sequence","80.56","",""
"24/06/2022 11:00:00 - 24/06/2022 12:00:00","BZN|EE","Without Sequence","65.38","",""
"24/06/2022 12:00:00 - 24/06/2022 13:00:00","BZN|EE","Without Sequence","67.17","",""
"24/06/2022 13:00:00 - 24/06/2022 14:00:00","BZN|EE","Without Sequence","73.30","",""
"24/06/2022 14:00:00 - 24/06/2022 15:00:00","BZN|EE","Without Sequence","70.54","",""
"24/06/2022 15:00:00 - 24/06/2022 16:00:00","BZN|EE","Without Sequence","110.59","",""
"24/06/2022 16:00:00 - 24/06/2022 17:00:00","BZN|EE","Without Sequence","121.76","",""
"24/06/2022 17:00:00 - 24/06/2022 18:00:00","BZN|EE","Without Sequence","115.31","",""
"24/06/2022 18:00:00 - 24/06/2022 19:00:00","BZN|EE","Without Sequence","104.54","",""
"24/06/2022 19:00:00 - 24/06/2022 20:00:00","BZN|EE","Without Sequence","138.42","",""
"24/06/2022 20:00:00 - 24/06/2022 21:00:00","BZN|EE","Without Sequence","300.08","",""
"24/06/2022 21:00:00 - 24/06/2022 22:00:00","BZN|EE","Without Sequence","125.07","",""
"24/06/2022 22:00:00 - 24/06/2022 23:00:00","BZN|EE","Without Sequence","180.02","",""
"24/06/2022 23:00:00 - 25/06/2022 00:00:00","BZN|EE","Without Sequence","160.09","",""
"25/06/2022 00:00:00 - 25/06/2022 01:00:00","BZN|EE","Without Sequence","145.13","",""
"25/06/2022 01:00:00 - 25/06/2022 02:00:00","BZN|EE","Without Sequence","109.40","",""
"25/06/2022 02:00:00 - 25/06/2022 03:00:00","BZN|EE","Without Sequence","109.30","",""
"25/06/2022 03:00:00 - 25/06/2022 04:00:00","BZN|EE","Without Sequence","25.98","",""
"25/06/2022 04:00:00 - 25/06/2022 05:00:00","BZN|EE","Without Sequence","28.87","",""
"25/06/2022 05:00:00 - 25/06/2022 06:00:00","BZN|EE","Without Sequence","46.25","",""
"25/06/2022 06:00:00 - 25/06/2022 07:00:00","BZN|EE","Without Sequence","53.52","",""
"25/06/2022 07:00:00 - 25/06/2022 08:00:00","BZN|EE","Without Sequence","74.08","",""
"25/06/2022 08:00:00 - 25/06/2022 09:00:00","BZN|EE","Without Sequence","64.39","",""
"25/06/2022 09:00:00 - 25/06/2022 10:00:00","BZN|EE","Without Sequence","75.53","",""
"25/06/2022 10:00:00 - 25/06/2022 11:00:00","BZN|EE","Without Sequence","72.23","",""
"25/06/2022 11:00:00 - 25/06/2022 12:00:00","BZN|EE","Without Sequence","31.33","",""
"25/06/2022 12:00:00 - 25/06/2022 13:00:00","BZN|EE","Without Sequence","90.52","",""
"25/06/2022 13:00:00 - 25/06/2022 14:00:00","BZN|EE","Without Sequence","105.61","",""
"25/06/2022 14:00:00 - 25/06/2022 15:00:00","BZN|EE","Without Sequence","104.50","",""
"25/06/2022 15:00:00 - 25/06/2022 16:00:00","BZN|EE","Without Sequence","114.11","",""
"25/06/2022 16:00:00 - 25/06/2022 17:00:00","BZN|EE","Without Sequence","150.00","",""
"25/06/2022 17:00:00 - 25/06/2022 18:00:00","BZN|EE","Without Sequence","154.32","",""
"25/06/2022 18:00:00 - 25/06/2022 19:00:00","BZN|EE","Without Sequence","149.11","",""
"25/06/2022 19:00:00 - 25/06/2022 20:00:00","BZN|EE","Without Sequence","322.68","",""
"25/06/2022 20:00:00 - 25/06/2022 21:00:00","BZN|EE","Without Sequence","310.03","",""
"25/06/2022 21:00:00 - 25/06/2022 22:00:00","BZN|EE","Without Sequence","145.18","",""
"25/06/2022 22:00:00 - 25/06/2022 23:00:00","BZN|EE","Without Sequence","190.68","",""
"25/06/2022 23:00:00 - 26/06/2022 00:00:00","BZN|EE","Without Sequence","255.06","",""
"26/06/2022 00:00:00 - 26/06/2022 01:00:00","BZN|EE","Without Sequence","201.28","",""
"26/06/2022 01:00:00 - 26/06/2022 02:00:00","BZN|EE","Without Sequence","101.05","",""
"26/06/2022 02:00:00 - 26/06/2022 03:00:00","BZN|EE","Without Sequence","109.82","",""
"26/06/2022 03:00:00 - 26/06/2022 04:00:00","BZN|EE","Without Sequence","27.76","",""
"26/06/2022 04:00:00 - 26/06/2022 05:00:00","BZN|EE","Without Sequence","29.47","",""
"26/06/2022 05:00:00 - 26/06/2022 06:00:00","BZN|EE","Without Sequence","45.46","",""
"26/06/2022 06:00:00 - 26/06/2022 07:00:00","BZN|EE","Without Sequence","65.51","",""
"26/06/2022 07:00:00 - 26/06/2022 08:00:00","BZN|EE","Without Sequence","83.62","",""
"26/06/2022 08:00:00 - 26/06/2022 09:00:00","BZN|EE","Without Sequence","97.62","",""
"26/06/2022 09:00:00 - 26/06/2022 10:00:00","BZN|EE","Without Sequence","91.68","",""
"26/06/2022 10:00:00 - 26/06/2022 11:00:00","BZN|EE","Without Sequence","88.40","",""
"26/06/2022 11:00:00 - 26/06/2022 12:00:00","BZN|EE","Without Sequence","100.04","",""
"26/06/2022 12:00:00 - 26/06/2022 13:00:00","BZN|EE","Without Sequence","109.85","",""
"26/06/2022 13:00:00 - 26/06/2022 14:00:00","BZN|EE","Without Sequence","117.11","",""
"26/06/2022 14:00:00 - 26/06/2022 15:00:00","BZN|EE","Without Sequence","148.86","",""
"26/06/2022 15:00:00 - 26/06/2022 16:00:00","BZN|EE","Without Sequence","160.03","",""
"26/06/2022 16:00:00 - 26/06/2022 17:00:00","BZN|EE","Without Sequence","153.64","",""
"26/06/2022 17:00:00 - 26/06/2022 18:00:00","BZN|EE","Without Sequence","157.93","",""
"26/06/2022 18:00:00 - 26/06/2022 19:00:00","BZN|EE","Without Sequence","151.62","",""
"26/06/2022 19:00:00 - 26/06/2022 20:00:00","BZN|EE","Without Sequence","150.37","",""
"26/06/2022 20:00:00 - 26/06/2022 21:00:00","BZN|EE","Without Sequence","149.29","",""
"26/06/2022 21:00:00 - 26/06/2022 22:00:00","BZN|EE","Without Sequence","111.13","",""
"26/06/2022 22:00:00 - 26/06/2022 23:00:00","BZN|EE","Without Sequence","288.52","",""
"26/06/2022 23:00:00 - 27/06/2022 00:00:00","BZN|EE","Without Sequence","224.90","",""
"27/06/2022 00:00:00 - 27/06/2022 01:00:00","BZN|EE","Without Sequence","108.12","",""
"27/06/2022 01:00:00 - 27/06/2022 02:00:00","BZN|EE","Without Sequence","50.82","",""
"27/06/2022 02:00:00 - 27/06/2022 03:00:00","BZN|EE","Without Sequence","49.53","",""
"27/06/2022 03:00:00 - 27/06/2022 04:00:00","BZN|EE","Without Sequence","110.06","",""
"27/06/2022 04:00:00 - 27/06/2022 05:00:00","BZN|EE","Without Sequence","221.44","",""
"27/06/2022 05:00:00 - 27/06/2022 06:00:00","BZN|EE","Without Sequence","357.94","",""
"27/06/2022 06:00:00 - 27/06/2022 07:00:00","BZN|EE","Without Sequence","371.07","",""
"27/06/2022 07:00:00 - 27/06/2022 08:00:00","BZN|EE","Without Sequence","348.38","",""
"27/06/2022 08:00:00 - 27/06/2022 09:00:00","BZN|EE","Without Sequence","332.54","",""
"27/06/2022 09:00:00 - 27/06/2022 10:00:00","BZN|EE","Without Sequence","293.50","",""
"27/06/2022 10:00:00 - 27/06/2022 11:00:00","BZN|EE","Without Sequence","268.00","",""
"27/06/2022 11:00:00 - 27/06/2022 12:00:00","BZN|EE","Without Sequence","250.91","",""
"27/06/2022 12:00:00 - 27/06/2022 13:00:00","BZN|EE","Without Sequence","235.29","",""
"27/06/2022 13:00:00 - 27/06/2022 14:00:00","BZN|EE","Without Sequence","241.35","",""
"27/06/2022 14:00:00 - 27/06/2022 15:00:00","BZN|EE","Without Sequence","235.55","",""
"27/06/2022 15:00:00 - 27/06/2022 16:00:00","BZN|EE","Without Sequence","234.03","",""
"27/06/2022 16:00:00 - 27/06/2022 17:00:00","BZN|EE","Without Sequence","240.49","",""
"27/06/2022 17:00:00 - 27/06/2022 18:00:00","BZN|EE","Without Sequence","210.00","",""
"27/06/2022 18:00:00 - 27/06/2022 19:00:00","BZN|EE","Without Sequence","185.33","",""
"27/06/2022 19:00:00 - 27/06/2022 20:00:00","BZN|EE","Without Sequence","167.01","",""
"27/06/2022 20:00:00 - 27/06/2022 21:00:00","BZN|EE","Without Sequence","136.22","",""
"27/06/2022 21:00:00 - 27/06/2022 22:00:00","BZN|EE","Without Sequence","40.45","",""
"27/06/2022 22:00:00 - 27/06/2022 23:00:00","BZN|EE","Without Sequence","27.98","",""
"27/06/2022 23:00:00 - 28/06/2022 00:00:00","BZN|EE","Without Sequence","25.86","",""
"28/06/2022 00:00:00 - 28/06/2022 01:00:00","BZN|EE","Without Sequence","21.54","",""
"28/06/2022 01:00:00 - 28/06/2022 02:00:00","BZN|EE","Without Sequence","16.20","",""
"28/06/2022 02:00:00 - 28/06/2022 03:00:00","BZN|EE","Without Sequence","21.49","",""
"28/06/2022 03:00:00 - 28/06/2022 04:00:00","BZN|EE","Without Sequence","101.64","",""
"28/06/2022 04:00:00 - 28/06/2022 05:00:00","BZN|EE","Without Sequence","148.15","",""
"28/06/2022 05:00:00 - 28/06/2022 06:00:00","BZN|EE","Without Sequence","199.99","",""
"28/06/2022 06:00:00 - 28/06/2022 07:00:00","BZN|EE","Without Sequence","241.18","",""
"28/06/2022 07:00:00 - 28/06/2022 08:00:00","BZN|EE","Without Sequence","229.95","",""
"28/06/2022 08:00:00 - 28/06/2022 09:00:00","BZN|EE","Without Sequence","234.29","",""
"28/06/2022 09:00:00 - 28/06/2022 10:00:00","BZN|EE","Without Sequence","232.51","",""
"28/06/2022 10:00:00 - 28/06/2022 11:00:00","BZN|EE","Without Sequence","229.99","",""
"28/06/2022 11:00:00 - 28/06/2022 12:00:00","BZN|EE","Without Sequence","208.11","",""
"28/06/2022 12:00:00 - 28/06/2022 13:00:00","BZN|EE","Without Sequence","200.00","",""
"28/06/2022 13:00:00 - 28/06/2022 14:00:00","BZN|EE","Without Sequence","214.87","",""
"28/06/2022 14:00:00 - 28/06/2022 15:00:00","BZN|EE","Without Sequence","205.05","",""
"28/06/2022 15:00:00 - 28/06/2022 16:00:00","BZN|EE","Without Sequence","212.90","",""
"28/06/2022 16:00:00 - 28/06/2022 17:00:00","BZN|EE","Without Sequence","225.76","",""
"28/06/2022 17:00:00 - 28/06/2022 18:00:00","BZN|EE","Without Sequence","220.32","",""
"28/06/2022 18:00:00 - 28/06/2022 19:00:00","BZN|EE","Without Sequence","176.95","",""
"28/06/2022 19:00:00 - 28/06/2022 20:00:00","BZN|EE","Without Sequence","152.15","",""
"28/06/2022 20:00:00 - 28/06/2022 21:00:00","BZN|EE","Without Sequence","148.23","",""
"28/06/2022 21:00:00 - 28/06/2022 22:00:00","BZN|EE","Without Sequence","28.63","",""
"28/06/2022 22:00:00 - 28/06/2022 23:00:00","BZN|EE","Without Sequence","27.38","",""
"28/06/2022 23:00:00 - 29/06/2022 00:00:00","BZN|EE","Without Sequence","27.79","",""
"29/06/2022 00:00:00 - 29/06/2022 01:00:00","BZN|EE","Without Sequence","27.88","",""
"29/06/2022 01:00:00 - 29/06/2022 02:00:00","BZN|EE","Without Sequence","28.04","",""
"29/06/2022 02:00:00 - 29/06/2022 03:00:00","BZN|EE","Without Sequence","28.98","",""
"29/06/2022 03:00:00 - 29/06/2022 04:00:00","BZN|EE","Without Sequence","136.00","",""
"29/06/2022 04:00:00 - 29/06/2022 05:00:00","BZN|EE","Without Sequence","174.01","",""
"29/06/2022 05:00:00 - 29/06/2022 06:00:00","BZN|EE","Without Sequence","350.85","",""
"29/06/2022 06:00:00 - 29/06/2022 07:00:00","BZN|EE","Without Sequence","386.95","",""
"29/06/2022 07:00:00 - 29/06/2022 08:00:00","BZN|EE","Without Sequence","365.41","",""
"29/06/2022 08:00:00 - 29/06/2022 09:00:00","BZN|EE","Without Sequence","329.64","",""
"29/06/2022 09:00:00 - 29/06/2022 10:00:00","BZN|EE","Without Sequence","320.93","",""
"29/06/2022 10:00:00 - 29/06/2022 11:00:00","BZN|EE","Without Sequence","303.91","",""
"29/06/2022 11:00:00 - 29/06/2022 12:00:00","BZN|EE","Without Sequence","291.40","",""
"29/06/2022 12:00:00 - 29/06/2022 13:00:00","BZN|EE","Without Sequence","294.55","",""
"29/06/2022 13:00:00 - 29/06/2022 14:00:00","BZN|EE","Without Sequence","300.85","",""
"29/06/2022 14:00:00 - 29/06/2022 15:00:00","BZN|EE","Without Sequence","308.91","",""
"29/06/2022 15:00:00 - 29/06/2022 16:00:00","BZN|EE","Without Sequence","341.07","",""
"29/06/2022 16:00:00 - 29/06/2022 17:00:00","BZN|EE","Without Sequence","368.86","",""
"29/06/2022 17:00:00 - 29/06/2022 18:00:00","BZN|EE","Without Sequence","390.90","",""
"29/06/2022 18:00:00 - 29/06/2022 19:00:00","BZN|EE","Without Sequence","390.00","",""
"29/06/2022 19:00:00 - 29/06/2022 20:00:00","BZN|EE","Without Sequence","341.44","",""
"29/06/2022 20:00:00 - 29/06/2022 21:00:00","BZN|EE","Without Sequence","194.46","",""
"29/06/2022 21:00:00 - 29/06/2022 22:00:00","BZN|EE","Without Sequence","148.01","",""
"29/06/2022 22:00:00 - 29/06/2022 23:00:00","BZN|EE","Without Sequence","151.38","",""
"29/06/2022 23:00:00 - 30/06/2022 00:00:00","BZN|EE","Without Sequence","78.96","",""
"30/06/2022 00:00:00 - 30/06/2022 01:00:00","BZN|EE","Without Sequence","37.41","",""
"30/06/2022 01:00:00 - 30/06/2022 02:00:00","BZN|EE","Without Sequence","33.38","",""
"30/06/2022 02:00:00 - 30/06/2022 03:00:00","BZN|EE","Without Sequence","36.55","",""
"30/06/2022 03:00:00 - 30/06/2022 04:00:00","BZN|EE","Without Sequence","150.95","",""
"30/06/2022 04:00:00 - 30/06/2022 05:00:00","BZN|EE","Without Sequence","250.00","",""
"30/06/2022 05:00:00 - 30/06/2022 06:00:00","BZN|EE","Without Sequence","369.89","",""
"30/06/2022 06:00:00 - 30/06/2022 07:00:00","BZN|EE","Without Sequence","379.63","",""
"30/06/2022 07:00:00 - 30/06/2022 08:00:00","BZN|EE","Without Sequence","341.75","",""
"30/06/2022 08:00:00 - 30/06/2022 09:00:00","BZN|EE","Without Sequence","299.02","",""
"30/06/2022 09:00:00 - 30/06/2022 10:00:00","BZN|EE","Without Sequence","274.02","",""
"30/06/2022 10:00:00 - 30/06/2022 11:00:00","BZN|EE","Without Sequence","276.32","",""
"30/06/2022 11:00:00 - 30/06/2022 12:00:00","BZN|EE","Without Sequence","268.97","",""
"30/06/2022 12:00:00 - 30/06/2022 13:00:00","BZN|EE","Without Sequence","278.07","",""
"30/06/2022 13:00:00 - 30/06/2022 14:00:00","BZN|EE","Without Sequence","285.79","",""
"30/06/2022 14:00:00 - 30/06/2022 15:00:00","BZN|EE","Without Sequence","324.09","",""
"30/06/2022 15:00:00 - 30/06/2022 16:00:00","BZN|EE","Without Sequence","372.44","",""
"30/06/2022 16:00:00 - 30/06/2022 17:00:00","BZN|EE","Without Sequence","409.41","",""
"30/06/2022 17:00:00 - 30/06/2022 18:00:00","BZN|EE","Without Sequence","479.00","",""
"30/06/2022 18:00:00 - 30/06/2022 19:00:00","BZN|EE","Without Sequence","450.00","",""
"30/06/2022 19:00:00 - 30/06/2022 20:00:00","BZN|EE","Without Sequence","394.21","",""
"30/06/2022 20:00:00 - 30/06/2022 21:00:00","BZN|EE","Without Sequence","235.72","",""
"30/06/2022 21:00:00 - 30/06/2022 22:00:00","BZN|EE","Without Sequence","158.45","",""
"30/06/2022 22:00:00 - 30/06/2022 23:00:00","BZN|EE","Without Sequence","134.60","",""
"30/06/2022 23:00:00 - 01/07/2022 00:00:00","BZN|EE","Without Sequence","48.67","",""
"01/07/2022 00:00:00 - 01/07/2022 01:00:00","BZN|EE","Without Sequence","28.02","",""
"01/07/2022 01:00:00 - 01/07/2022 02:00:00","BZN|EE","Without Sequence","27.24","",""
"01/07/2022 02:00:00 - 01/07/2022 03:00:00","BZN|EE","Without Sequence","27.76","",""
"01/07/2022 03:00:00 - 01/07/2022 04:00:00","BZN|EE","Without Sequence","160.01","",""
"01/07/2022 04:00:00 - 01/07/2022 05:00:00","BZN|EE","Without Sequence","179.95","",""
"01/07/2022 05:00:00 - 01/07/2022 06:00:00","BZN|EE","Without Sequence","274.96","",""
"01/07/2022 06:00:00 - 01/07/2022 07:00:00","BZN|EE","Without Sequence","385.19","",""
"01/07/2022 07:00:00 - 01/07/2022 08:00:00","BZN|EE","Without Sequence","378.00","",""
"01/07/2022 08:00:00 - 01/07/2022 09:00:00","BZN|EE","Without Sequence","337.80","",""
"01/07/2022 09:00:00 - 01/07/2022 10:00:00","BZN|EE","Without Sequence","339.00","",""
"01/07/2022 10:00:00 - 01/07/2022 11:00:00","BZN|EE","Without Sequence","302.35","",""
"01/07/2022 11:00:00 - 01/07/2022 12:00:00","BZN|EE","Without Sequence","270.90","",""
"01/07/2022 12:00:00 - 01/07/2022 13:00:00","BZN|EE","Without Sequence","262.10","",""
"01/07/2022 13:00:00 - 01/07/2022 14:00:00","BZN|EE","Without Sequence","238.72","",""
"01/07/2022 14:00:00 - 01/07/2022 15:00:00","BZN|EE","Without Sequence","220.69","",""
"01/07/2022 15:00:00 - 01/07/2022 16:00:00","BZN|EE","Without Sequence","242.50","",""
"01/07/2022 16:00:00 - 01/07/2022 17:00:00","BZN|EE","Without Sequence","230.66","",""
"01/07/2022 17:00:00 - 01/07/2022 18:00:00","BZN|EE","Without Sequence","200.00","",""
"01/07/2022 18:00:00 - 01/07/2022 19:00:00","BZN|EE","Without Sequence","178.39","",""
"01/07/2022 19:00:00 - 01/07/2022 20:00:00","BZN|EE","Without Sequence","170.04","",""
"01/07/2022 20:00:00 - 01/07/2022 21:00:00","BZN|EE","Without Sequence","158.79","",""
"01/07/2022 21:00:00 - 01/07/2022 22:00:00","BZN|EE","Without Sequence","57.76","",""
"01/07/2022 22:00:00 - 01/07/2022 23:00:00","BZN|EE","Without Sequence","285.72","",""
"01/07/2022 23:00:00 - 02/07/2022 00:00:00","BZN|EE","Without Sequence","255.00","",""
"02/07/2022 00:00:00 - 02/07/2022 01:00:00","BZN|EE","Without Sequence","237.20","",""
"02/07/2022 01:00:00 - 02/07/2022 02:00:00","BZN|EE","Without Sequence","116.55","",""
"02/07/2022 02:00:00 - 02/07/2022 03:00:00","BZN|EE","Without Sequence","3.28","",""
"02/07/2022 03:00:00 - 02/07/2022 04:00:00","BZN|EE","Without Sequence","133.29","",""
"02/07/2022 04:00:00 - 02/07/2022 05:00:00","BZN|EE","Without Sequence","3.85","",""
"02/07/2022 05:00:00 - 02/07/2022 06:00:00","BZN|EE","Without Sequence","15.37","",""
"02/07/2022 06:00:00 - 02/07/2022 07:00:00","BZN|EE","Without Sequence","100.87","",""
"02/07/2022 07:00:00 - 02/07/2022 08:00:00","BZN|EE","Without Sequence","120.77","",""
"02/07/2022 08:00:00 - 02/07/2022 09:00:00","BZN|EE","Without Sequence","124.50","",""
"02/07/2022 09:00:00 - 02/07/2022 10:00:00","BZN|EE","Without Sequence","100.89","",""
"02/07/2022 10:00:00 - 02/07/2022 11:00:00","BZN|EE","Without Sequence","65.35","",""
"02/07/2022 11:00:00 - 02/07/2022 12:00:00","BZN|EE","Without Sequence","100.81","",""
"02/07/2022 12:00:00 - 02/07/2022 13:00:00","BZN|EE","Without Sequence","62.77","",""
"02/07/2022 13:00:00 - 02/07/2022 14:00:00","BZN|EE","Without Sequence","99.26","",""
"02/07/2022 14:00:00 - 02/07/2022 15:00:00","BZN|EE","Without Sequence","103.12","",""
"02/07/2022 15:00:00 - 02/07/2022 16:00:00","BZN|EE","Without Sequence","52.04","",""
"02/07/2022 16:00:00 - 02/07/2022 17:00:00","BZN|EE","Without Sequence","107.37","",""
"02/07/2022 17:00:00 - 02/07/2022 18:00:00","BZN|EE","Without Sequence","106.39","",""
"02/07/2022 18:00:00 - 02/07/2022 19:00:00","BZN|EE","Without Sequence","39.98","",""
"02/07/2022 19:00:00 - 02/07/2022 20:00:00","BZN|EE","Without Sequence","79.12","",""
"02/07/2022 20:00:00 - 02/07/2022 21:00:00","BZN|EE","Without Sequence","8.46","",""
"02/07/2022 21:00:00 - 02/07/2022 22:00:00","BZN|EE","Without Sequence","2.59","",""
"02/07/2022 22:00:00 - 02/07/2022 23:00:00","BZN|EE","Without Sequence","270.08","",""
"02/07/2022 23:00:00 - 03/07/2022 00:00:00","BZN|EE","Without Sequence","241.64","",""
"03/07/2022 00:00:00 - 03/07/2022 01:00:00","BZN|EE","Without Sequence","101.49","",""
"03/07/2022 01:00:00 - 03/07/2022 02:00:00","BZN|EE","Without Sequence","101.46","",""
"03/07/2022 02:00:00 - 03/07/2022 03:00:00","BZN|EE","Without Sequence","101.46","",""
"03/07/2022 03:00:00 - 03/07/2022 04:00:00","BZN|EE","Without Sequence","101.49","",""
"03/07/2022 04:00:00 - 03/07/2022 05:00:00","BZN|EE","Without Sequence","1.41","",""
"03/07/2022 05:00:00 - 03/07/2022 06:00:00","BZN|EE","Without Sequence","4.98","",""
"03/07/2022 06:00:00 - 03/07/2022 07:00:00","BZN|EE","Without Sequence","40.11","",""
"03/07/2022 07:00:00 - 03/07/2022 08:00:00","BZN|EE","Without Sequence","44.75","",""
"03/07/2022 08:00:00 - 03/07/2022 09:00:00","BZN|EE","Without Sequence","43.40","",""
"03/07/2022 09:00:00 - 03/07/2022 10:00:00","BZN|EE","Without Sequence","46.49","",""
"03/07/2022 10:00:00 - 03/07/2022 11:00:00","BZN|EE","Without Sequence","20.44","",""
"03/07/2022 11:00:00 - 03/07/2022 12:00:00","BZN|EE","Without Sequence","5.20","",""
"03/07/2022 12:00:00 - 03/07/2022 13:00:00","BZN|EE","Without Sequence","42.30","",""
"03/07/2022 13:00:00 - 03/07/2022 14:00:00","BZN|EE","Without Sequence","79.95","",""
"03/07/2022 14:00:00 - 03/07/2022 15:00:00","BZN|EE","Without Sequence","107.54","",""
"03/07/2022 15:00:00 - 03/07/2022 16:00:00","BZN|EE","Without Sequence","127.49","",""
"03/07/2022 16:00:00 - 03/07/2022 17:00:00","BZN|EE","Without Sequence","143.50","",""
"03/07/2022 17:00:00 - 03/07/2022 18:00:00","BZN|EE","Without Sequence","145.74","",""
"03/07/2022 18:00:00 - 03/07/2022 19:00:00","BZN|EE","Without Sequence","111.00","",""
"03/07/2022 19:00:00 - 03/07/2022 20:00:00","BZN|EE","Without Sequence","137.08","",""
"03/07/2022 20:00:00 - 03/07/2022 21:00:00","BZN|EE","Without Sequence","102.64","",""
"03/07/2022 21:00:00 - 03/07/2022 22:00:00","BZN|EE","Without Sequence","49.92","",""
"03/07/2022 22:00:00 - 03/07/2022 23:00:00","BZN|EE","Without Sequence","245.74","",""
"03/07/2022 23:00:00 - 04/07/2022 00:00:00","BZN|EE","Without Sequence","101.45","",""
"04/07/2022 00:00:00 - 04/07/2022 01:00:00","BZN|EE","Without Sequence","80.01","",""
"04/07/2022 01:00:00 - 04/07/2022 02:00:00","BZN|EE","Without Sequence","4.86","",""
"04/07/2022 02:00:00 - 04/07/2022 03:00:00","BZN|EE","Without Sequence","36.44","",""
"04/07/2022 03:00:00 - 04/07/2022 04:00:00","BZN|EE","Without Sequence","173.34","",""
"04/07/2022 04:00:00 - 04/07/2022 05:00:00","BZN|EE","Without Sequence","208.81","",""
"04/07/2022 05:00:00 - 04/07/2022 06:00:00","BZN|EE","Without Sequence","290.94","",""
"04/07/2022 06:00:00 - 04/07/2022 07:00:00","BZN|EE","Without Sequence","385.17","",""
"04/07/2022 07:00:00 - 04/07/2022 08:00:00","BZN|EE","Without Sequence","366.00","",""
"04/07/2022 08:00:00 - 04/07/2022 09:00:00","BZN|EE","Without Sequence","331.62","",""
"04/07/2022 09:00:00 - 04/07/2022 10:00:00","BZN|EE","Without Sequence","452.19","",""
"04/07/2022 10:00:00 - 04/07/2022 11:00:00","BZN|EE","Without Sequence","484.08","",""
"04/07/2022 11:00:00 - 04/07/2022 12:00:00","BZN|EE","Without Sequence","311.35","",""
"04/07/2022 12:00:00 - 04/07/2022 13:00:00","BZN|EE","Without Sequence","282.47","",""
"04/07/2022 13:00:00 - 04/07/2022 14:00:00","BZN|EE","Without Sequence","244.27","",""
"04/07/2022 14:00:00 - 04/07/2022 15:00:00","BZN|EE","Without Sequence","229.99","",""
"04/07/2022 15:00:00 - 04/07/2022 16:00:00","BZN|EE","Without Sequence","220.59","",""
"04/07/2022 16:00:00 - 04/07/2022 17:00:00","BZN|EE","Without Sequence","235.14","",""
"04/07/2022 17:00:00 - 04/07/2022 18:00:00","BZN|EE","Without Sequence","223.31","",""
"04/07/2022 18:00:00 - 04/07/2022 19:00:00","BZN|EE","Without Sequence","172.98","",""
"04/07/2022 19:00:00 - 04/07/2022 20:00:00","BZN|EE","Without Sequence","211.31","",""
"04/07/2022 20:00:00 - 04/07/2022 21:00:00","BZN|EE","Without Sequence","199.77","",""
"04/07/2022 21:00:00 - 04/07/2022 22:00:00","BZN|EE","Without Sequence","135.74","",""
"04/07/2022 22:00:00 - 04/07/2022 23:00:00","BZN|EE","Without Sequence","149.99","",""
"04/07/2022 23:00:00 - 05/07/2022 00:00:00","BZN|EE","Without Sequence","210.83","",""
"05/07/2022 00:00:00 - 05/07/2022 01:00:00","BZN|EE","Without Sequence","78.33","",""
"05/07/2022 01:00:00 - 05/07/2022 02:00:00","BZN|EE","Without Sequence","51.90","",""
"05/07/2022 02:00:00 - 05/07/2022 03:00:00","BZN|EE","Without Sequence","99.76","",""
"05/07/2022 03:00:00 - 05/07/2022 04:00:00","BZN|EE","Without Sequence","169.19","",""
"05/07/2022 04:00:00 - 05/07/2022 05:00:00","BZN|EE","Without Sequence","173.68","",""
"05/07/2022 05:00:00 - 05/07/2022 06:00:00","BZN|EE","Without Sequence","171.70","",""
"05/07/2022 06:00:00 - 05/07/2022 07:00:00","BZN|EE","Without Sequence","179.16","",""
"05/07/2022 07:00:00 - 05/07/2022 08:00:00","BZN|EE","Without Sequence","161.54","",""
"05/07/2022 08:00:00 - 05/07/2022 09:00:00","BZN|EE","Without Sequence","164.01","",""
"05/07/2022 09:00:00 - 05/07/2022 10:00:00","BZN|EE","Without Sequence","163.46","",""
"05/07/2022 10:00:00 - 05/07/2022 11:00:00","BZN|EE","Without Sequence","150.00","",""
"05/07/2022 11:00:00 - 05/07/2022 12:00:00","BZN|EE","Without Sequence","130.05","",""
"05/07/2022 12:00:00 - 05/07/2022 13:00:00","BZN|EE","Without Sequence","92.01","",""
"05/07/2022 13:00:00 - 05/07/2022 14:00:00","BZN|EE","Without Sequence","99.81","",""
"05/07/2022 14:00:00 - 05/07/2022 15:00:00","BZN|EE","Without Sequence","101.63","",""
"05/07/2022 15:00:00 - 05/07/2022 16:00:00","BZN|EE","Without Sequence","88.09","",""
"05/07/2022 16:00:00 - 05/07/2022 17:00:00","BZN|EE","Without Sequence","292.70","",""
"05/07/2022 17:00:00 - 05/07/2022 18:00:00","BZN|EE","Without Sequence","377.70","",""
"05/07/2022 18:00:00 - 05/07/2022 19:00:00","BZN|EE","Without Sequence","404.33","",""
"05/07/2022 19:00:00 - 05/07/2022 20:00:00","BZN|EE","Without Sequence","366.97","",""
"05/07/2022 20:00:00 - 05/07/2022 21:00:00","BZN|EE","Without Sequence","391.08","",""
"05/07/2022 21:00:00 - 05/07/2022 22:00:00","BZN|EE","Without Sequence","344.70","",""
"05/07/2022 22:00:00 - 05/07/2022 23:00:00","BZN|EE","Without Sequence","351.39","",""
"05/07/2022 23:00:00 - 06/07/2022 00:00:00","BZN|EE","Without Sequence","306.09","",""
"06/07/2022 00:00:00 - 06/07/2022 01:00:00","BZN|EE","Without Sequence","284.06","",""
"06/07/2022 01:00:00 - 06/07/2022 02:00:00","BZN|EE","Without Sequence","279.90","",""
"06/07/2022 02:00:00 - 06/07/2022 03:00:00","BZN|EE","Without Sequence","299.53","",""
"06/07/2022 03:00:00 - 06/07/2022 04:00:00","BZN|EE","Without Sequence","322.79","",""
"06/07/2022 04:00:00 - 06/07/2022 05:00:00","BZN|EE","Without Sequence","362.08","",""
"06/07/2022 05:00:00 - 06/07/2022 06:00:00","BZN|EE","Without Sequence","413.89","",""
"06/07/2022 06:00:00 - 06/07/2022 07:00:00","BZN|EE","Without Sequence","380.48","",""
"06/07/2022 07:00:00 - 06/07/2022 08:00:00","BZN|EE","Without Sequence","283.15","",""
"06/07/2022 08:00:00 - 06/07/2022 09:00:00","BZN|EE","Without Sequence","172.98","",""
"06/07/2022 09:00:00 - 06/07/2022 10:00:00","BZN|EE","Without Sequence","225.05","",""
"06/07/2022 10:00:00 - 06/07/2022 11:00:00","BZN|EE","Without Sequence","225.06","",""
"06/07/2022 11:00:00 - 06/07/2022 12:00:00","BZN|EE","Without Sequence","225.03","",""
"06/07/2022 12:00:00 - 06/07/2022 13:00:00","BZN|EE","Without Sequence","300.07","",""
"06/07/2022 13:00:00 - 06/07/2022 14:00:00","BZN|EE","Without Sequence","225.08","",""
"06/07/2022 14:00:00 - 06/07/2022 15:00:00","BZN|EE","Without Sequence","225.07","",""
"06/07/2022 15:00:00 - 06/07/2022 16:00:00","BZN|EE","Without Sequence","199.99","",""
"06/07/2022 16:00:00 - 06/07/2022 17:00:00","BZN|EE","Without Sequence","233.33","",""
"06/07/2022 17:00:00 - 06/07/2022 18:00:00","BZN|EE","Without Sequence","316.99","",""
"06/07/2022 18:00:00 - 06/07/2022 19:00:00","BZN|EE","Without Sequence","343.29","",""
"06/07/2022 19:00:00 - 06/07/2022 20:00:00","BZN|EE","Without Sequence","323.71","",""
"06/07/2022 20:00:00 - 06/07/2022 21:00:00","BZN|EE","Without Sequence","353.39","",""
"06/07/2022 21:00:00 - 06/07/2022 22:00:00","BZN|EE","Without Sequence","271.06","",""
"06/07/2022 22:00:00 - 06/07/2022 23:00:00","BZN|EE","Without Sequence","198.44","",""
"06/07/2022 23:00:00 - 07/07/2022 00:00:00","BZN|EE","Without Sequence","167.54","",""
"07/07/2022 00:00:00 - 07/07/2022 01:00:00","BZN|EE","Without Sequence","160.01","",""
"07/07/2022 01:00:00 - 07/07/2022 02:00:00","BZN|EE","Without Sequence","164.41","",""
"07/07/2022 02:00:00 - 07/07/2022 03:00:00","BZN|EE","Without Sequence","160.05","",""
"07/07/2022 03:00:00 - 07/07/2022 04:00:00","BZN|EE","Without Sequence","190.06","",""
"07/07/2022 04:00:00 - 07/07/2022 05:00:00","BZN|EE","Without Sequence","209.74","",""
"07/07/2022 05:00:00 - 07/07/2022 06:00:00","BZN|EE","Without Sequence","231.70","",""
"07/07/2022 06:00:00 - 07/07/2022 07:00:00","BZN|EE","Without Sequence","300.06","",""
"07/07/2022 07:00:00 - 07/07/2022 08:00:00","BZN|EE","Without Sequence","295.20","",""
"07/07/2022 08:00:00 - 07/07/2022 09:00:00","BZN|EE","Without Sequence","249.99","",""
"07/07/2022 09:00:00 - 07/07/2022 10:00:00","BZN|EE","Without Sequence","220.00","",""
"07/07/2022 10:00:00 - 07/07/2022 11:00:00","BZN|EE","Without Sequence","201.99","",""
"07/07/2022 11:00:00 - 07/07/2022 12:00:00","BZN|EE","Without Sequence","190.48","",""
"07/07/2022 12:00:00 - 07/07/2022 13:00:00","BZN|EE","Without Sequence","197.26","",""
"07/07/2022 13:00:00 - 07/07/2022 14:00:00","BZN|EE","Without Sequence","218.07","",""
"07/07/2022 14:00:00 - 07/07/2022 15:00:00","BZN|EE","Without Sequence","236.60","",""
"07/07/2022 15:00:00 - 07/07/2022 16:00:00","BZN|EE","Without Sequence","262.28","",""
"07/07/2022 16:00:00 - 07/07/2022 17:00:00","BZN|EE","Without Sequence","262.54","",""
"07/07/2022 17:00:00 - 07/07/2022 18:00:00","BZN|EE","Without Sequence","192.50","",""
"07/07/2022 18:00:00 - 07/07/2022 19:00:00","BZN|EE","Without Sequence","166.61","",""
"07/07/2022 19:00:00 - 07/07/2022 20:00:00","BZN|EE","Without Sequence","165.57","",""
"07/07/2022 20:00:00 - 07/07/2022 21:00:00","BZN|EE","Without Sequence","161.04","",""
"07/07/2022 21:00:00 - 07/07/2022 22:00:00","BZN|EE","Without Sequence","140.01","",""
"07/07/2022 22:00:00 - 07/07/2022 23:00:00","BZN|EE","Without Sequence","220.68","",""
"07/07/2022 23:00:00 - 08/07/2022 00:00:00","BZN|EE","Without Sequence","183.55","",""
"08/07/2022 00:00:00 - 08/07/2022 01:00:00","BZN|EE","Without Sequence","182.64","",""
"08/07/2022 01:00:00 - 08/07/2022 02:00:00","BZN|EE","Without Sequence","134.72","",""
"08/07/2022 02:00:00 - 08/07/2022 03:00:00","BZN|EE","Without Sequence","134.75","",""
"08/07/2022 03:00:00 - 08/07/2022 04:00:00","BZN|EE","Without Sequence","149.99","",""
"08/07/2022 04:00:00 - 08/07/2022 05:00:00","BZN|EE","Without Sequence","180.03","",""
"08/07/2022 05:00:00 - 08/07/2022 06:00:00","BZN|EE","Without Sequence","166.97","",""
"08/07/2022 06:00:00 - 08/07/2022 07:00:00","BZN|EE","Without Sequence","169.76","",""
"08/07/2022 07:00:00 - 08/07/2022 08:00:00","BZN|EE","Without Sequence","169.80","",""
"08/07/2022 08:00:00 - 08/07/2022 09:00:00","BZN|EE","Without Sequence","170.07","",""
"08/07/2022 09:00:00 - 08/07/2022 10:00:00","BZN|EE","Without Sequence","169.59","",""
"08/07/2022 10:00:00 - 08/07/2022 11:00:00","BZN|EE","Without Sequence","169.20","",""
"08/07/2022 11:00:00 - 08/07/2022 12:00:00","BZN|EE","Without Sequence","163.58","",""
"08/07/2022 12:00:00 - 08/07/2022 13:00:00","BZN|EE","Without Sequence","158.15","",""
"08/07/2022 13:00:00 - 08/07/2022 14:00:00","BZN|EE","Without Sequence","151.22","",""
"08/07/2022 14:00:00 - 08/07/2022 15:00:00","BZN|EE","Without Sequence","166.11","",""
"08/07/2022 15:00:00 - 08/07/2022 16:00:00","BZN|EE","Without Sequence","168.89","",""
"08/07/2022 16:00:00 - 08/07/2022 17:00:00","BZN|EE","Without Sequence","200.00","",""
"08/07/2022 17:00:00 - 08/07/2022 18:00:00","BZN|EE","Without Sequence","223.08","",""
"08/07/2022 18:00:00 - 08/07/2022 19:00:00","BZN|EE","Without Sequence","189.24","",""
"08/07/2022 19:00:00 - 08/07/2022 20:00:00","BZN|EE","Without Sequence","197.27","",""
"08/07/2022 20:00:00 - 08/07/2022 21:00:00","BZN|EE","Without Sequence","187.91","",""
"08/07/2022 21:00:00 - 08/07/2022 22:00:00","BZN|EE","Without Sequence","144.28","",""
"08/07/2022 22:00:00 - 08/07/2022 23:00:00","BZN|EE","Without Sequence","133.14","",""
"08/07/2022 23:00:00 - 09/07/2022 00:00:00","BZN|EE","Without Sequence","119.24","",""
"09/07/2022 00:00:00 - 09/07/2022 01:00:00","BZN|EE","Without Sequence","113.58","",""
"09/07/2022 01:00:00 - 09/07/2022 02:00:00","BZN|EE","Without Sequence","109.09","",""
"09/07/2022 02:00:00 - 09/07/2022 03:00:00","BZN|EE","Without Sequence","128.02","",""
"09/07/2022 03:00:00 - 09/07/2022 04:00:00","BZN|EE","Without Sequence","140.90","",""
"09/07/2022 04:00:00 - 09/07/2022 05:00:00","BZN|EE","Without Sequence","174.46","",""
"09/07/2022 05:00:00 - 09/07/2022 06:00:00","BZN|EE","Without Sequence","194.45","",""
"09/07/2022 06:00:00 - 09/07/2022 07:00:00","BZN|EE","Without Sequence","189.69","",""
"09/07/2022 07:00:00 - 09/07/2022 08:00:00","BZN|EE","Without Sequence","148.50","",""
"09/07/2022 08:00:00 - 09/07/2022 09:00:00","BZN|EE","Without Sequence","149.99","",""
"09/07/2022 09:00:00 - 09/07/2022 10:00:00","BZN|EE","Without Sequence","144.75","",""
"09/07/2022 10:00:00 - 09/07/2022 11:00:00","BZN|EE","Without Sequence","145.31","",""
"09/07/2022 11:00:00 - 09/07/2022 12:00:00","BZN|EE","Without Sequence","146.58","",""
"09/07/2022 12:00:00 - 09/07/2022 13:00:00","BZN|EE","Without Sequence","150.00","",""
"09/07/2022 13:00:00 - 09/07/2022 14:00:00","BZN|EE","Without Sequence","181.51","",""
"09/07/2022 14:00:00 - 09/07/2022 15:00:00","BZN|EE","Without Sequence","182.06","",""
"09/07/2022 15:00:00 - 09/07/2022 16:00:00","BZN|EE","Without Sequence","163.32","",""
"09/07/2022 16:00:00 - 09/07/2022 17:00:00","BZN|EE","Without Sequence","160.78","",""
"09/07/2022 17:00:00 - 09/07/2022 18:00:00","BZN|EE","Without Sequence","168.15","",""
"09/07/2022 18:00:00 - 09/07/2022 19:00:00","BZN|EE","Without Sequence","156.23","",""
"09/07/2022 19:00:00 - 09/07/2022 20:00:00","BZN|EE","Without Sequence","178.38","",""
"09/07/2022 20:00:00 - 09/07/2022 21:00:00","BZN|EE","Without Sequence","174.57","",""
"09/07/2022 21:00:00 - 09/07/2022 22:00:00","BZN|EE","Without Sequence","127.49","",""
"09/07/2022 22:00:00 - 09/07/2022 23:00:00","BZN|EE","Without Sequence","84.73","",""
"09/07/2022 23:00:00 - 10/07/2022 00:00:00","BZN|EE","Without Sequence","70.64","",""
"10/07/2022 00:00:00 - 10/07/2022 01:00:00","BZN|EE","Without Sequence","94.43","",""
"10/07/2022 01:00:00 - 10/07/2022 02:00:00","BZN|EE","Without Sequence","3.49","",""
"10/07/2022 02:00:00 - 10/07/2022 03:00:00","BZN|EE","Without Sequence","39.14","",""
"10/07/2022 03:00:00 - 10/07/2022 04:00:00","BZN|EE","Without Sequence","36.46","",""
"10/07/2022 04:00:00 - 10/07/2022 05:00:00","BZN|EE","Without Sequence","40.93","",""
"10/07/2022 05:00:00 - 10/07/2022 06:00:00","BZN|EE","Without Sequence","93.86","",""
"10/07/2022 06:00:00 - 10/07/2022 07:00:00","BZN|EE","Without Sequence","133.25","",""
"10/07/2022 07:00:00 - 10/07/2022 08:00:00","BZN|EE","Without Sequence","133.04","",""
"10/07/2022 08:00:00 - 10/07/2022 09:00:00","BZN|EE","Without Sequence","141.42","",""
"10/07/2022 09:00:00 - 10/07/2022 10:00:00","BZN|EE","Without Sequence","145.52","",""
"10/07/2022 10:00:00 - 10/07/2022 11:00:00","BZN|EE","Without Sequence","145.55","",""
"10/07/2022 11:00:00 - 10/07/2022 12:00:00","BZN|EE","Without Sequence","139.48","",""
"10/07/2022 12:00:00 - 10/07/2022 13:00:00","BZN|EE","Without Sequence","153.15","",""
"10/07/2022 13:00:00 - 10/07/2022 14:00:00","BZN|EE","Without Sequence","178.81","",""
"10/07/2022 14:00:00 - 10/07/2022 15:00:00","BZN|EE","Without Sequence","259.97","",""
"10/07/2022 15:00:00 - 10/07/2022 16:00:00","BZN|EE","Without Sequence","291.41","",""
"10/07/2022 16:00:00 - 10/07/2022 17:00:00","BZN|EE","Without Sequence","234.29","",""
"10/07/2022 17:00:00 - 10/07/2022 18:00:00","BZN|EE","Without Sequence","291.49","",""
"10/07/2022 18:00:00 - 10/07/2022 19:00:00","BZN|EE","Without Sequence","321.12","",""
"10/07/2022 19:00:00 - 10/07/2022 20:00:00","BZN|EE","Without Sequence","342.39","",""
"10/07/2022 20:00:00 - 10/07/2022 21:00:00","BZN|EE","Without Sequence","296.48","",""
"10/07/2022 21:00:00 - 10/07/2022 22:00:00","BZN|EE","Without Sequence","288.69","",""
"10/07/2022 22:00:00 - 10/07/2022 23:00:00","BZN|EE","Without Sequence","307.96","",""
"10/07/2022 23:00:00 - 11/07/2022 00:00:00","BZN|EE","Without Sequence","278.09","",""
"11/07/2022 00:00:00 - 11/07/2022 01:00:00","BZN|EE","Without Sequence","246.12","",""
"11/07/2022 01:00:00 - 11/07/2022 02:00:00","BZN|EE","Without Sequence","234.08","",""
"11/07/2022 02:00:00 - 11/07/2022 03:00:00","BZN|EE","Without Sequence","253.31","",""
"11/07/2022 03:00:00 - 11/07/2022 04:00:00","BZN|EE","Without Sequence","298.00","",""
"11/07/2022 04:00:00 - 11/07/2022 05:00:00","BZN|EE","Without Sequence","395.95","",""
"11/07/2022 05:00:00 - 11/07/2022 06:00:00","BZN|EE","Without Sequence","447.88","",""
"11/07/2022 06:00:00 - 11/07/2022 07:00:00","BZN|EE","Without Sequence","550.00","",""
"11/07/2022 07:00:00 - 11/07/2022 08:00:00","BZN|EE","Without Sequence","493.17","",""
"11/07/2022 08:00:00 - 11/07/2022 09:00:00","BZN|EE","Without Sequence","549.90","",""
"11/07/2022 09:00:00 - 11/07/2022 10:00:00","BZN|EE","Without Sequence","427.18","",""
"11/07/2022 10:00:00 - 11/07/2022 11:00:00","BZN|EE","Without Sequence","382.06","",""
"11/07/2022 11:00:00 - 11/07/2022 12:00:00","BZN|EE","Without Sequence","494.45","",""
"11/07/2022 12:00:00 - 11/07/2022 13:00:00","BZN|EE","Without Sequence","497.98","",""
"11/07/2022 13:00:00 - 11/07/2022 14:00:00","BZN|EE","Without Sequence","549.91","",""
"11/07/2022 14:00:00 - 11/07/2022 15:00:00","BZN|EE","Without Sequence","549.99","",""
"11/07/2022 15:00:00 - 11/07/2022 16:00:00","BZN|EE","Without Sequence","378.79","",""
"11/07/2022 16:00:00 - 11/07/2022 17:00:00","BZN|EE","Without Sequence","401.64","",""
"11/07/2022 17:00:00 - 11/07/2022 18:00:00","BZN|EE","Without Sequence","458.03","",""
"11/07/2022 18:00:00 - 11/07/2022 19:00:00","BZN|EE","Without Sequence","469.90","",""
"11/07/2022 19:00:00 - 11/07/2022 20:00:00","BZN|EE","Without Sequence","452.12","",""
"11/07/2022 20:00:00 - 11/07/2022 21:00:00","BZN|EE","Without Sequence","450.05","",""
"11/07/2022 21:00:00 - 11/07/2022 22:00:00","BZN|EE","Without Sequence","409.09","",""
"11/07/2022 22:00:00 - 11/07/2022 23:00:00","BZN|EE","Without Sequence","180.02","",""
"11/07/2022 23:00:00 - 12/07/2022 00:00:00","BZN|EE","Without Sequence","180.04","",""
"12/07/2022 00:00:00 - 12/07/2022 01:00:00","BZN|EE","Without Sequence","160.07","",""
"12/07/2022 01:00:00 - 12/07/2022 02:00:00","BZN|EE","Without Sequence","153.14","",""
"12/07/2022 02:00:00 - 12/07/2022 03:00:00","BZN|EE","Without Sequence","156.43","",""
"12/07/2022 03:00:00 - 12/07/2022 04:00:00","BZN|EE","Without Sequence","292.87","",""
"12/07/2022 04:00:00 - 12/07/2022 05:00:00","BZN|EE","Without Sequence","419.64","",""
"12/07/2022 05:00:00 - 12/07/2022 06:00:00","BZN|EE","Without Sequence","453.66","",""
"12/07/2022 06:00:00 - 12/07/2022 07:00:00","BZN|EE","Without Sequence","448.90","",""
"12/07/2022 07:00:00 - 12/07/2022 08:00:00","BZN|EE","Without Sequence","388.36","",""
"12/07/2022 08:00:00 - 12/07/2022 09:00:00","BZN|EE","Without Sequence","445.52","",""
"12/07/2022 09:00:00 - 12/07/2022 10:00:00","BZN|EE","Without Sequence","445.56","",""
"12/07/2022 10:00:00 - 12/07/2022 11:00:00","BZN|EE","Without Sequence","388.79","",""
"12/07/2022 11:00:00 - 12/07/2022 12:00:00","BZN|EE","Without Sequence","363.72","",""
"12/07/2022 12:00:00 - 12/07/2022 13:00:00","BZN|EE","Without Sequence","329.96","",""
"12/07/2022 13:00:00 - 12/07/2022 14:00:00","BZN|EE","Without Sequence","310.15","",""
"12/07/2022 14:00:00 - 12/07/2022 15:00:00","BZN|EE","Without Sequence","316.59","",""
"12/07/2022 15:00:00 - 12/07/2022 16:00:00","BZN|EE","Without Sequence","379.82","",""
"12/07/2022 16:00:00 - 12/07/2022 17:00:00","BZN|EE","Without Sequence","422.80","",""
"12/07/2022 17:00:00 - 12/07/2022 18:00:00","BZN|EE","Without Sequence","479.82","",""
"12/07/2022 18:00:00 - 12/07/2022 19:00:00","BZN|EE","Without Sequence","442.76","",""
"12/07/2022 19:00:00 - 12/07/2022 20:00:00","BZN|EE","Without Sequence","412.85","",""
"12/07/2022 20:00:00 - 12/07/2022 21:00:00","BZN|EE","Without Sequence","464.22","",""
"12/07/2022 21:00:00 - 12/07/2022 22:00:00","BZN|EE","Without Sequence","260.76","",""
"12/07/2022 22:00:00 - 12/07/2022 23:00:00","BZN|EE","Without Sequence","228.23","",""
"12/07/2022 23:00:00 - 13/07/2022 00:00:00","BZN|EE","Without Sequence","212.30","",""
"13/07/2022 00:00:00 - 13/07/2022 01:00:00","BZN|EE","Without Sequence","205.96","",""
"13/07/2022 01:00:00 - 13/07/2022 02:00:00","BZN|EE","Without Sequence","210.63","",""
"13/07/2022 02:00:00 - 13/07/2022 03:00:00","BZN|EE","Without Sequence","255.33","",""
"13/07/2022 03:00:00 - 13/07/2022 04:00:00","BZN|EE","Without Sequence","332.22","",""
"13/07/2022 04:00:00 - 13/07/2022 05:00:00","BZN|EE","Without Sequence","411.97","",""
"13/07/2022 05:00:00 - 13/07/2022 06:00:00","BZN|EE","Without Sequence","456.16","",""
"13/07/2022 06:00:00 - 13/07/2022 07:00:00","BZN|EE","Without Sequence","438.55","",""
"13/07/2022 07:00:00 - 13/07/2022 08:00:00","BZN|EE","Without Sequence","399.16","",""
"13/07/2022 08:00:00 - 13/07/2022 09:00:00","BZN|EE","Without Sequence","419.15","",""
"13/07/2022 09:00:00 - 13/07/2022 10:00:00","BZN|EE","Without Sequence","484.66","",""
"13/07/2022 10:00:00 - 13/07/2022 11:00:00","BZN|EE","Without Sequence","549.90","",""
"13/07/2022 11:00:00 - 13/07/2022 12:00:00","BZN|EE","Without Sequence","409.63","",""
"13/07/2022 12:00:00 - 13/07/2022 13:00:00","BZN|EE","Without Sequence","425.89","",""
"13/07/2022 13:00:00 - 13/07/2022 14:00:00","BZN|EE","Without Sequence","449.99","",""
"13/07/2022 14:00:00 - 13/07/2022 15:00:00","BZN|EE","Without Sequence","378.73","",""
"13/07/2022 15:00:00 - 13/07/2022 16:00:00","BZN|EE","Without Sequence","374.04","",""
"13/07/2022 16:00:00 - 13/07/2022 17:00:00","BZN|EE","Without Sequence","374.03","",""
"13/07/2022 17:00:00 - 13/07/2022 18:00:00","BZN|EE","Without Sequence","416.61","",""
"13/07/2022 18:00:00 - 13/07/2022 19:00:00","BZN|EE","Without Sequence","440.80","",""
"13/07/2022 19:00:00 - 13/07/2022 20:00:00","BZN|EE","Without Sequence","439.83","",""
"13/07/2022 20:00:00 - 13/07/2022 21:00:00","BZN|EE","Without Sequence","380.23","",""
"13/07/2022 21:00:00 - 13/07/2022 22:00:00","BZN|EE","Without Sequence","226.77","",""
"13/07/2022 22:00:00 - 13/07/2022 23:00:00","BZN|EE","Without Sequence","262.54","",""
"13/07/2022 23:00:00 - 14/07/2022 00:00:00","BZN|EE","Without Sequence","199.99","",""
"14/07/2022 00:00:00 - 14/07/2022 01:00:00","BZN|EE","Without Sequence","163.32","",""
"14/07/2022 01:00:00 - 14/07/2022 02:00:00","BZN|EE","Without Sequence","150.00","",""
"14/07/2022 02:00:00 - 14/07/2022 03:00:00","BZN|EE","Without Sequence","191.14","",""
"14/07/2022 03:00:00 - 14/07/2022 04:00:00","BZN|EE","Without Sequence","330.14","",""
"14/07/2022 04:00:00 - 14/07/2022 05:00:00","BZN|EE","Without Sequence","396.61","",""
"14/07/2022 05:00:00 - 14/07/2022 06:00:00","BZN|EE","Without Sequence","433.31","",""
"14/07/2022 06:00:00 - 14/07/2022 07:00:00","BZN|EE","Without Sequence","434.07","",""
"14/07/2022 07:00:00 - 14/07/2022 08:00:00","BZN|EE","Without Sequence","419.96","",""
"14/07/2022 08:00:00 - 14/07/2022 09:00:00","BZN|EE","Without Sequence","379.90","",""
"14/07/2022 09:00:00 - 14/07/2022 10:00:00","BZN|EE","Without Sequence","363.19","",""
"14/07/2022 10:00:00 - 14/07/2022 11:00:00","BZN|EE","Without Sequence","343.52","",""
"14/07/2022 11:00:00 - 14/07/2022 12:00:00","BZN|EE","Without Sequence","334.33","",""
"14/07/2022 12:00:00 - 14/07/2022 13:00:00","BZN|EE","Without Sequence","343.58","",""
"14/07/2022 13:00:00 - 14/07/2022 14:00:00","BZN|EE","Without Sequence","330.01","",""
"14/07/2022 14:00:00 - 14/07/2022 15:00:00","BZN|EE","Without Sequence","326.32","",""
"14/07/2022 15:00:00 - 14/07/2022 16:00:00","BZN|EE","Without Sequence","331.18","",""
"14/07/2022 16:00:00 - 14/07/2022 17:00:00","BZN|EE","Without Sequence","343.53","",""
"14/07/2022 17:00:00 - 14/07/2022 18:00:00","BZN|EE","Without Sequence","416.84","",""
"14/07/2022 18:00:00 - 14/07/2022 19:00:00","BZN|EE","Without Sequence","398.42","",""
"14/07/2022 19:00:00 - 14/07/2022 20:00:00","BZN|EE","Without Sequence","398.90","",""
"14/07/2022 20:00:00 - 14/07/2022 21:00:00","BZN|EE","Without Sequence","336.12","",""
"14/07/2022 21:00:00 - 14/07/2022 22:00:00","BZN|EE","Without Sequence","234.87","",""
"14/07/2022 22:00:00 - 14/07/2022 23:00:00","BZN|EE","Without Sequence","160.08","",""
"14/07/2022 23:00:00 - 15/07/2022 00:00:00","BZN|EE","Without Sequence","149.98","",""
"15/07/2022 00:00:00 - 15/07/2022 01:00:00","BZN|EE","Without Sequence","132.80","",""
"15/07/2022 01:00:00 - 15/07/2022 02:00:00","BZN|EE","Without Sequence","149.98","",""
"15/07/2022 02:00:00 - 15/07/2022 03:00:00","BZN|EE","Without Sequence","176.69","",""
"15/07/2022 03:00:00 - 15/07/2022 04:00:00","BZN|EE","Without Sequence","288.46","",""
"15/07/2022 04:00:00 - 15/07/2022 05:00:00","BZN|EE","Without Sequence","404.90","",""
"15/07/2022 05:00:00 - 15/07/2022 06:00:00","BZN|EE","Without Sequence","317.51","",""
"15/07/2022 06:00:00 - 15/07/2022 07:00:00","BZN|EE","Without Sequence","374.71","",""
"15/07/2022 07:00:00 - 15/07/2022 08:00:00","BZN|EE","Without Sequence","298.86","",""
"15/07/2022 08:00:00 - 15/07/2022 09:00:00","BZN|EE","Without Sequence","262.45","",""
"15/07/2022 09:00:00 - 15/07/2022 10:00:00","BZN|EE","Without Sequence","250.05","",""
"15/07/2022 10:00:00 - 15/07/2022 11:00:00","BZN|EE","Without Sequence","301.61","",""
"15/07/2022 11:00:00 - 15/07/2022 12:00:00","BZN|EE","Without Sequence","235.02","",""
"15/07/2022 12:00:00 - 15/07/2022 13:00:00","BZN|EE","Without Sequence","298.22","",""
"15/07/2022 13:00:00 - 15/07/2022 14:00:00","BZN|EE","Without Sequence","308.62","",""
"15/07/2022 14:00:00 - 15/07/2022 15:00:00","BZN|EE","Without Sequence","249.20","",""
"15/07/2022 15:00:00 - 15/07/2022 16:00:00","BZN|EE","Without Sequence","315.47","",""
"15/07/2022 16:00:00 - 15/07/2022 17:00:00","BZN|EE","Without Sequence","374.58","",""
"15/07/2022 17:00:00 - 15/07/2022 18:00:00","BZN|EE","Without Sequence","378.47","",""
"15/07/2022 18:00:00 - 15/07/2022 19:00:00","BZN|EE","Without Sequence","387.44","",""
"15/07/2022 19:00:00 - 15/07/2022 20:00:00","BZN|EE","Without Sequence","388.23","",""
"15/07/2022 20:00:00 - 15/07/2022 21:00:00","BZN|EE","Without Sequence","320.78","",""
"15/07/2022 21:00:00 - 15/07/2022 22:00:00","BZN|EE","Without Sequence","299.98","",""
"15/07/2022 22:00:00 - 15/07/2022 23:00:00","BZN|EE","Without Sequence","240.02","",""
"15/07/2022 23:00:00 - 16/07/2022 00:00:00","BZN|EE","Without Sequence","215.06","",""
"16/07/2022 00:00:00 - 16/07/2022 01:00:00","BZN|EE","Without Sequence","187.77","",""
"16/07/2022 01:00:00 - 16/07/2022 02:00:00","BZN|EE","Without Sequence","181.62","",""
"16/07/2022 02:00:00 - 16/07/2022 03:00:00","BZN|EE","Without Sequence","165.03","",""
"16/07/2022 03:00:00 - 16/07/2022 04:00:00","BZN|EE","Without Sequence","157.95","",""
"16/07/2022 04:00:00 - 16/07/2022 05:00:00","BZN|EE","Without Sequence","144.32","",""
"16/07/2022 05:00:00 - 16/07/2022 06:00:00","BZN|EE","Without Sequence","209.05","",""
"16/07/2022 06:00:00 - 16/07/2022 07:00:00","BZN|EE","Without Sequence","202.48","",""
"16/07/2022 07:00:00 - 16/07/2022 08:00:00","BZN|EE","Without Sequence","229.99","",""
"16/07/2022 08:00:00 - 16/07/2022 09:00:00","BZN|EE","Without Sequence","274.74","",""
"16/07/2022 09:00:00 - 16/07/2022 10:00:00","BZN|EE","Without Sequence","252.90","",""
"16/07/2022 10:00:00 - 16/07/2022 11:00:00","BZN|EE","Without Sequence","248.88","",""
"16/07/2022 11:00:00 - 16/07/2022 12:00:00","BZN|EE","Without Sequence","200.09","",""
"16/07/2022 12:00:00 - 16/07/2022 13:00:00","BZN|EE","Without Sequence","230.06","",""
"16/07/2022 13:00:00 - 16/07/2022 14:00:00","BZN|EE","Without Sequence","200.00","",""
"16/07/2022 14:00:00 - 16/07/2022 15:00:00","BZN|EE","Without Sequence","192.00","",""
"16/07/2022 15:00:00 - 16/07/2022 16:00:00","BZN|EE","Without Sequence","190.79","",""
"16/07/2022 16:00:00 - 16/07/2022 17:00:00","BZN|EE","Without Sequence","183.03","",""
"16/07/2022 17:00:00 - 16/07/2022 18:00:00","BZN|EE","Without Sequence","199.99","",""
"16/07/2022 18:00:00 - 16/07/2022 19:00:00","BZN|EE","Without Sequence","242.27","",""
"16/07/2022 19:00:00 - 16/07/2022 20:00:00","BZN|EE","Without Sequence","293.38","",""
"16/07/2022 20:00:00 - 16/07/2022 21:00:00","BZN|EE","Without Sequence","244.08","",""
"16/07/2022 21:00:00 - 16/07/2022 22:00:00","BZN|EE","Without Sequence","201.91","",""
"16/07/2022 22:00:00 - 16/07/2022 23:00:00","BZN|EE","Without Sequence","160.84","",""
"16/07/2022 23:00:00 - 17/07/2022 00:00:00","BZN|EE","Without Sequence","129.23","",""
"17/07/2022 00:00:00 - 17/07/2022 01:00:00","BZN|EE","Without Sequence","114.09","",""
"17/07/2022 01:00:00 - 17/07/2022 02:00:00","BZN|EE","Without Sequence","118.13","",""
"17/07/2022 02:00:00 - 17/07/2022 03:00:00","BZN|EE","Without Sequence","111.85","",""
"17/07/2022 03:00:00 - 17/07/2022 04:00:00","BZN|EE","Without Sequence","112.49","",""
"17/07/2022 04:00:00 - 17/07/2022 05:00:00","BZN|EE","Without Sequence","147.25","",""
"17/07/2022 05:00:00 - 17/07/2022 06:00:00","BZN|EE","Without Sequence","160.87","",""
"17/07/2022 06:00:00 - 17/07/2022 07:00:00","BZN|EE","Without Sequence","165.17","",""
"17/07/2022 07:00:00 - 17/07/2022 08:00:00","BZN|EE","Without Sequence","148.04","",""
"17/07/2022 08:00:00 - 17/07/2022 09:00:00","BZN|EE","Without Sequence","144.37","",""
"17/07/2022 09:00:00 - 17/07/2022 10:00:00","BZN|EE","Without Sequence","96.05","",""
"17/07/2022 10:00:00 - 17/07/2022 11:00:00","BZN|EE","Without Sequence","129.31","",""
"17/07/2022 11:00:00 - 17/07/2022 12:00:00","BZN|EE","Without Sequence","116.78","",""
"17/07/2022 12:00:00 - 17/07/2022 13:00:00","BZN|EE","Without Sequence","117.65","",""
"17/07/2022 13:00:00 - 17/07/2022 14:00:00","BZN|EE","Without Sequence","121.02","",""
"17/07/2022 14:00:00 - 17/07/2022 15:00:00","BZN|EE","Without Sequence","123.13","",""
"17/07/2022 15:00:00 - 17/07/2022 16:00:00","BZN|EE","Without Sequence","157.20","",""
"17/07/2022 16:00:00 - 17/07/2022 17:00:00","BZN|EE","Without Sequence","173.84","",""
"17/07/2022 17:00:00 - 17/07/2022 18:00:00","BZN|EE","Without Sequence","175.16","",""
"17/07/2022 18:00:00 - 17/07/2022 19:00:00","BZN|EE","Without Sequence","169.66","",""
"17/07/2022 19:00:00 - 17/07/2022 20:00:00","BZN|EE","Without Sequence","178.21","",""
"17/07/2022 20:00:00 - 17/07/2022 21:00:00","BZN|EE","Without Sequence","174.86","",""
"17/07/2022 21:00:00 - 17/07/2022 22:00:00","BZN|EE","Without Sequence","160.83","",""
"17/07/2022 22:00:00 - 17/07/2022 23:00:00","BZN|EE","Without Sequence","141.42","",""
"17/07/2022 23:00:00 - 18/07/2022 00:00:00","BZN|EE","Without Sequence","123.11","",""
"18/07/2022 00:00:00 - 18/07/2022 01:00:00","BZN|EE","Without Sequence","98.77","",""
"18/07/2022 01:00:00 - 18/07/2022 02:00:00","BZN|EE","Without Sequence","94.58","",""
"18/07/2022 02:00:00 - 18/07/2022 03:00:00","BZN|EE","Without Sequence","100.41","",""
"18/07/2022 03:00:00 - 18/07/2022 04:00:00","BZN|EE","Without Sequence","211.82","",""
"18/07/2022 04:00:00 - 18/07/2022 05:00:00","BZN|EE","Without Sequence","269.17","",""
"18/07/2022 05:00:00 - 18/07/2022 06:00:00","BZN|EE","Without Sequence","319.41","",""
"18/07/2022 06:00:00 - 18/07/2022 07:00:00","BZN|EE","Without Sequence","328.93","",""
"18/07/2022 07:00:00 - 18/07/2022 08:00:00","BZN|EE","Without Sequence","321.98","",""
"18/07/2022 08:00:00 - 18/07/2022 09:00:00","BZN|EE","Without Sequence","281.42","",""
"18/07/2022 09:00:00 - 18/07/2022 10:00:00","BZN|EE","Without Sequence","258.71","",""
"18/07/2022 10:00:00 - 18/07/2022 11:00:00","BZN|EE","Without Sequence","284.92","",""
"18/07/2022 11:00:00 - 18/07/2022 12:00:00","BZN|EE","Without Sequence","300.04","",""
"18/07/2022 12:00:00 - 18/07/2022 13:00:00","BZN|EE","Without Sequence","281.91","",""
"18/07/2022 13:00:00 - 18/07/2022 14:00:00","BZN|EE","Without Sequence","272.93","",""
"18/07/2022 14:00:00 - 18/07/2022 15:00:00","BZN|EE","Without Sequence","267.98","",""
"18/07/2022 15:00:00 - 18/07/2022 16:00:00","BZN|EE","Without Sequence","269.86","",""
"18/07/2022 16:00:00 - 18/07/2022 17:00:00","BZN|EE","Without Sequence","322.88","",""
"18/07/2022 17:00:00 - 18/07/2022 18:00:00","BZN|EE","Without Sequence","349.99","",""
"18/07/2022 18:00:00 - 18/07/2022 19:00:00","BZN|EE","Without Sequence","329.97","",""
"18/07/2022 19:00:00 - 18/07/2022 20:00:00","BZN|EE","Without Sequence","269.84","",""
"18/07/2022 20:00:00 - 18/07/2022 21:00:00","BZN|EE","Without Sequence","213.98","",""
"18/07/2022 21:00:00 - 18/07/2022 22:00:00","BZN|EE","Without Sequence","159.89","",""
"18/07/2022 22:00:00 - 18/07/2022 23:00:00","BZN|EE","Without Sequence","159.80","",""
"18/07/2022 23:00:00 - 19/07/2022 00:00:00","BZN|EE","Without Sequence","148.66","",""
"19/07/2022 00:00:00 - 19/07/2022 01:00:00","BZN|EE","Without Sequence","122.13","",""
"19/07/2022 01:00:00 - 19/07/2022 02:00:00","BZN|EE","Without Sequence","120.43","",""
"19/07/2022 02:00:00 - 19/07/2022 03:00:00","BZN|EE","Without Sequence","126.22","",""
"19/07/2022 03:00:00 - 19/07/2022 04:00:00","BZN|EE","Without Sequence","230.47","",""
"19/07/2022 04:00:00 - 19/07/2022 05:00:00","BZN|EE","Without Sequence","275.10","",""
"19/07/2022 05:00:00 - 19/07/2022 06:00:00","BZN|EE","Without Sequence","404.63","",""
"19/07/2022 06:00:00 - 19/07/2022 07:00:00","BZN|EE","Without Sequence","390.05","",""
"19/07/2022 07:00:00 - 19/07/2022 08:00:00","BZN|EE","Without Sequence","275.02","",""
"19/07/2022 08:00:00 - 19/07/2022 09:00:00","BZN|EE","Without Sequence","275.02","",""
"19/07/2022 09:00:00 - 19/07/2022 10:00:00","BZN|EE","Without Sequence","203.25","",""
"19/07/2022 10:00:00 - 19/07/2022 11:00:00","BZN|EE","Without Sequence","200.00","",""
"19/07/2022 11:00:00 - 19/07/2022 12:00:00","BZN|EE","Without Sequence","187.65","",""
"19/07/2022 12:00:00 - 19/07/2022 13:00:00","BZN|EE","Without Sequence","182.85","",""
"19/07/2022 13:00:00 - 19/07/2022 14:00:00","BZN|EE","Without Sequence","160.84","",""
"19/07/2022 14:00:00 - 19/07/2022 15:00:00","BZN|EE","Without Sequence","165.79","",""
"19/07/2022 15:00:00 - 19/07/2022 16:00:00","BZN|EE","Without Sequence","200.03","",""
"19/07/2022 16:00:00 - 19/07/2022 17:00:00","BZN|EE","Without Sequence","226.85","",""
"19/07/2022 17:00:00 - 19/07/2022 18:00:00","BZN|EE","Without Sequence","222.84","",""
"19/07/2022 18:00:00 - 19/07/2022 19:00:00","BZN|EE","Without Sequence","179.28","",""
"19/07/2022 19:00:00 - 19/07/2022 20:00:00","BZN|EE","Without Sequence","160.86","",""
"19/07/2022 20:00:00 - 19/07/2022 21:00:00","BZN|EE","Without Sequence","157.83","",""
"19/07/2022 21:00:00 - 19/07/2022 22:00:00","BZN|EE","Without Sequence","74.54","",""
"19/07/2022 22:00:00 - 19/07/2022 23:00:00","BZN|EE","Without Sequence","122.43","",""
"19/07/2022 23:00:00 - 20/07/2022 00:00:00","BZN|EE","Without Sequence","122.46","",""
"20/07/2022 00:00:00 - 20/07/2022 01:00:00","BZN|EE","Without Sequence","20.86","",""
"20/07/2022 01:00:00 - 20/07/2022 02:00:00","BZN|EE","Without Sequence","18.92","",""
"20/07/2022 02:00:00 - 20/07/2022 03:00:00","BZN|EE","Without Sequence","18.58","",""
"20/07/2022 03:00:00 - 20/07/2022 04:00:00","BZN|EE","Without Sequence","155.15","",""
"20/07/2022 04:00:00 - 20/07/2022 05:00:00","BZN|EE","Without Sequence","155.12","",""
"20/07/2022 05:00:00 - 20/07/2022 06:00:00","BZN|EE","Without Sequence","180.74","",""
"20/07/2022 06:00:00 - 20/07/2022 07:00:00","BZN|EE","Without Sequence","189.05","",""
"20/07/2022 07:00:00 - 20/07/2022 08:00:00","BZN|EE","Without Sequence","199.99","",""
"20/07/2022 08:00:00 - 20/07/2022 09:00:00","BZN|EE","Without Sequence","185.16","",""
"20/07/2022 09:00:00 - 20/07/2022 10:00:00","BZN|EE","Without Sequence","181.56","",""
"20/07/2022 10:00:00 - 20/07/2022 11:00:00","BZN|EE","Without Sequence","192.80","",""
"20/07/2022 11:00:00 - 20/07/2022 12:00:00","BZN|EE","Without Sequence","178.02","",""
"20/07/2022 12:00:00 - 20/07/2022 13:00:00","BZN|EE","Without Sequence","162.80","",""
"20/07/2022 13:00:00 - 20/07/2022 14:00:00","BZN|EE","Without Sequence","166.91","",""
"20/07/2022 14:00:00 - 20/07/2022 15:00:00","BZN|EE","Without Sequence","199.99","",""
"20/07/2022 15:00:00 - 20/07/2022 16:00:00","BZN|EE","Without Sequence","260.03","",""
"20/07/2022 16:00:00 - 20/07/2022 17:00:00","BZN|EE","Without Sequence","328.69","",""
"20/07/2022 17:00:00 - 20/07/2022 18:00:00","BZN|EE","Without Sequence","327.08","",""
"20/07/2022 18:00:00 - 20/07/2022 19:00:00","BZN|EE","Without Sequence","260.09","",""
"20/07/2022 19:00:00 - 20/07/2022 20:00:00","BZN|EE","Without Sequence","258.00","",""
"20/07/2022 20:00:00 - 20/07/2022 21:00:00","BZN|EE","Without Sequence","231.89","",""
"20/07/2022 21:00:00 - 20/07/2022 22:00:00","BZN|EE","Without Sequence","160.71","",""
"20/07/2022 22:00:00 - 20/07/2022 23:00:00","BZN|EE","Without Sequence","201.05","",""
"20/07/2022 23:00:00 - 21/07/2022 00:00:00","BZN|EE","Without Sequence","166.12","",""
"21/07/2022 00:00:00 - 21/07/2022 01:00:00","BZN|EE","Without Sequence","152.09","",""
"21/07/2022 01:00:00 - 21/07/2022 02:00:00","BZN|EE","Without Sequence","152.06","",""
"21/07/2022 02:00:00 - 21/07/2022 03:00:00","BZN|EE","Without Sequence","152.07","",""
"21/07/2022 03:00:00 - 21/07/2022 04:00:00","BZN|EE","Without Sequence","169.75","",""
"21/07/2022 04:00:00 - 21/07/2022 05:00:00","BZN|EE","Without Sequence","175.94","",""
"21/07/2022 05:00:00 - 21/07/2022 06:00:00","BZN|EE","Without Sequence","200.03","",""
"21/07/2022 06:00:00 - 21/07/2022 07:00:00","BZN|EE","Without Sequence","287.29","",""
"21/07/2022 07:00:00 - 21/07/2022 08:00:00","BZN|EE","Without Sequence","264.90","",""
"21/07/2022 08:00:00 - 21/07/2022 09:00:00","BZN|EE","Without Sequence","286.74","",""
"21/07/2022 09:00:00 - 21/07/2022 10:00:00","BZN|EE","Without Sequence","300.00","",""
"21/07/2022 10:00:00 - 21/07/2022 11:00:00","BZN|EE","Without Sequence","299.86","",""
"21/07/2022 11:00:00 - 21/07/2022 12:00:00","BZN|EE","Without Sequence","280.61","",""
"21/07/2022 12:00:00 - 21/07/2022 13:00:00","BZN|EE","Without Sequence","215.04","",""
"21/07/2022 13:00:00 - 21/07/2022 14:00:00","BZN|EE","Without Sequence","201.04","",""
"21/07/2022 14:00:00 - 21/07/2022 15:00:00","BZN|EE","Without Sequence","245.99","",""
"21/07/2022 15:00:00 - 21/07/2022 16:00:00","BZN|EE","Without Sequence","254.91","",""
"21/07/2022 16:00:00 - 21/07/2022 17:00:00","BZN|EE","Without Sequence","424.42","",""
"21/07/2022 17:00:00 - 21/07/2022 18:00:00","BZN|EE","Without Sequence","516.94","",""
"21/07/2022 18:00:00 - 21/07/2022 19:00:00","BZN|EE","Without Sequence","514.90","",""
"21/07/2022 19:00:00 - 21/07/2022 20:00:00","BZN|EE","Without Sequence","376.91","",""
"21/07/2022 20:00:00 - 21/07/2022 21:00:00","BZN|EE","Without Sequence","178.59","",""
"21/07/2022 21:00:00 - 21/07/2022 22:00:00","BZN|EE","Without Sequence","152.10","",""
"21/07/2022 22:00:00 - 21/07/2022 23:00:00","BZN|EE","Without Sequence","365.97","",""
"21/07/2022 23:00:00 - 22/07/2022 00:00:00","BZN|EE","Without Sequence","206.98","",""
"22/07/2022 00:00:00 - 22/07/2022 01:00:00","BZN|EE","Without Sequence","147.38","",""
"22/07/2022 01:00:00 - 22/07/2022 02:00:00","BZN|EE","Without Sequence","147.35","",""
"22/07/2022 02:00:00 - 22/07/2022 03:00:00","BZN|EE","Without Sequence","170.83","",""
"22/07/2022 03:00:00 - 22/07/2022 04:00:00","BZN|EE","Without Sequence","266.50","",""
"22/07/2022 04:00:00 - 22/07/2022 05:00:00","BZN|EE","Without Sequence","350.40","",""
"22/07/2022 05:00:00 - 22/07/2022 06:00:00","BZN|EE","Without Sequence","225.32","",""
"22/07/2022 06:00:00 - 22/07/2022 07:00:00","BZN|EE","Without Sequence","234.93","",""
"22/07/2022 07:00:00 - 22/07/2022 08:00:00","BZN|EE","Without Sequence","230.04","",""
"22/07/2022 08:00:00 - 22/07/2022 09:00:00","BZN|EE","Without Sequence","233.13","",""
"22/07/2022 09:00:00 - 22/07/2022 10:00:00","BZN|EE","Without Sequence","237.01","",""
"22/07/2022 10:00:00 - 22/07/2022 11:00:00","BZN|EE","Without Sequence","236.67","",""
"22/07/2022 11:00:00 - 22/07/2022 12:00:00","BZN|EE","Without Sequence","203.33","",""
"22/07/2022 12:00:00 - 22/07/2022 13:00:00","BZN|EE","Without Sequence","200.08","",""
"22/07/2022 13:00:00 - 22/07/2022 14:00:00","BZN|EE","Without Sequence","193.47","",""
"22/07/2022 14:00:00 - 22/07/2022 15:00:00","BZN|EE","Without Sequence","199.13","",""
"22/07/2022 15:00:00 - 22/07/2022 16:00:00","BZN|EE","Without Sequence","209.57","",""
"22/07/2022 16:00:00 - 22/07/2022 17:00:00","BZN|EE","Without Sequence","298.80","",""
"22/07/2022 17:00:00 - 22/07/2022 18:00:00","BZN|EE","Without Sequence","299.93","",""
"22/07/2022 18:00:00 - 22/07/2022 19:00:00","BZN|EE","Without Sequence","205.78","",""
"22/07/2022 19:00:00 - 22/07/2022 20:00:00","BZN|EE","Without Sequence","470.00","",""
"22/07/2022 20:00:00 - 22/07/2022 21:00:00","BZN|EE","Without Sequence","503.84","",""
"22/07/2022 21:00:00 - 22/07/2022 22:00:00","BZN|EE","Without Sequence","398.91","",""
"22/07/2022 22:00:00 - 22/07/2022 23:00:00","BZN|EE","Without Sequence","299.80","",""
"22/07/2022 23:00:00 - 23/07/2022 00:00:00","BZN|EE","Without Sequence","147.94","",""
"23/07/2022 00:00:00 - 23/07/2022 01:00:00","BZN|EE","Without Sequence","147.92","",""
"23/07/2022 01:00:00 - 23/07/2022 02:00:00","BZN|EE","Without Sequence","115.36","",""
"23/07/2022 02:00:00 - 23/07/2022 03:00:00","BZN|EE","Without Sequence","115.31","",""
"23/07/2022 03:00:00 - 23/07/2022 04:00:00","BZN|EE","Without Sequence","75.94","",""
"23/07/2022 04:00:00 - 23/07/2022 05:00:00","BZN|EE","Without Sequence","120.57","",""
"23/07/2022 05:00:00 - 23/07/2022 06:00:00","BZN|EE","Without Sequence","164.58","",""
"23/07/2022 06:00:00 - 23/07/2022 07:00:00","BZN|EE","Without Sequence","147.95","",""
"23/07/2022 07:00:00 - 23/07/2022 08:00:00","BZN|EE","Without Sequence","155.52","",""
"23/07/2022 08:00:00 - 23/07/2022 09:00:00","BZN|EE","Without Sequence","168.34","",""
"23/07/2022 09:00:00 - 23/07/2022 10:00:00","BZN|EE","Without Sequence","168.48","",""
"23/07/2022 10:00:00 - 23/07/2022 11:00:00","BZN|EE","Without Sequence","168.64","",""
"23/07/2022 11:00:00 - 23/07/2022 12:00:00","BZN|EE","Without Sequence","161.61","",""
"23/07/2022 12:00:00 - 23/07/2022 13:00:00","BZN|EE","Without Sequence","151.44","",""
"23/07/2022 13:00:00 - 23/07/2022 14:00:00","BZN|EE","Without Sequence","150.07","",""
"23/07/2022 14:00:00 - 23/07/2022 15:00:00","BZN|EE","Without Sequence","161.04","",""
"23/07/2022 15:00:00 - 23/07/2022 16:00:00","BZN|EE","Without Sequence","164.50","",""
"23/07/2022 16:00:00 - 23/07/2022 17:00:00","BZN|EE","Without Sequence","168.35","",""
"23/07/2022 17:00:00 - 23/07/2022 18:00:00","BZN|EE","Without Sequence","369.18","",""
"23/07/2022 18:00:00 - 23/07/2022 19:00:00","BZN|EE","Without Sequence","408.00","",""
"23/07/2022 19:00:00 - 23/07/2022 20:00:00","BZN|EE","Without Sequence","405.93","",""
"23/07/2022 20:00:00 - 23/07/2022 21:00:00","BZN|EE","Without Sequence","398.08","",""
"23/07/2022 21:00:00 - 23/07/2022 22:00:00","BZN|EE","Without Sequence","369.12","",""
"23/07/2022 22:00:00 - 23/07/2022 23:00:00","BZN|EE","Without Sequence","181.64","",""
"23/07/2022 23:00:00 - 24/07/2022 00:00:00","BZN|EE","Without Sequence","145.70","",""
"24/07/2022 00:00:00 - 24/07/2022 01:00:00","BZN|EE","Without Sequence","145.68","",""
"24/07/2022 01:00:00 - 24/07/2022 02:00:00","BZN|EE","Without Sequence","145.66","",""
"24/07/2022 02:00:00 - 24/07/2022 03:00:00","BZN|EE","Without Sequence","145.65","",""
"24/07/2022 03:00:00 - 24/07/2022 04:00:00","BZN|EE","Without Sequence","145.66","",""
"24/07/2022 04:00:00 - 24/07/2022 05:00:00","BZN|EE","Without Sequence","113.54","",""
"24/07/2022 05:00:00 - 24/07/2022 06:00:00","BZN|EE","Without Sequence","163.48","",""
"24/07/2022 06:00:00 - 24/07/2022 07:00:00","BZN|EE","Without Sequence","180.69","",""
"24/07/2022 07:00:00 - 24/07/2022 08:00:00","BZN|EE","Without Sequence","162.50","",""
"24/07/2022 08:00:00 - 24/07/2022 09:00:00","BZN|EE","Without Sequence","173.99","",""
"24/07/2022 09:00:00 - 24/07/2022 10:00:00","BZN|EE","Without Sequence","195.65","",""
"24/07/2022 10:00:00 - 24/07/2022 11:00:00","BZN|EE","Without Sequence","174.52","",""
"24/07/2022 11:00:00 - 24/07/2022 12:00:00","BZN|EE","Without Sequence","159.99","",""
"24/07/2022 12:00:00 - 24/07/2022 13:00:00","BZN|EE","Without Sequence","155.40","",""
"24/07/2022 13:00:00 - 24/07/2022 14:00:00","BZN|EE","Without Sequence","168.06","",""
"24/07/2022 14:00:00 - 24/07/2022 15:00:00","BZN|EE","Without Sequence","191.55","",""
"24/07/2022 15:00:00 - 24/07/2022 16:00:00","BZN|EE","Without Sequence","299.69","",""
"24/07/2022 16:00:00 - 24/07/2022 17:00:00","BZN|EE","Without Sequence","358.56","",""
"24/07/2022 17:00:00 - 24/07/2022 18:00:00","BZN|EE","Without Sequence","375.99","",""
"24/07/2022 18:00:00 - 24/07/2022 19:00:00","BZN|EE","Without Sequence","401.52","",""
"24/07/2022 19:00:00 - 24/07/2022 20:00:00","BZN|EE","Without Sequence","434.82","",""
"24/07/2022 20:00:00 - 24/07/2022 21:00:00","BZN|EE","Without Sequence","404.03","",""
"24/07/2022 21:00:00 - 24/07/2022 22:00:00","BZN|EE","Without Sequence","211.43","",""
"24/07/2022 22:00:00 - 24/07/2022 23:00:00","BZN|EE","Without Sequence","223.99","",""
"24/07/2022 23:00:00 - 25/07/2022 00:00:00","BZN|EE","Without Sequence","185.81","",""
"25/07/2022 00:00:00 - 25/07/2022 01:00:00","BZN|EE","Without Sequence","159.25","",""
"25/07/2022 01:00:00 - 25/07/2022 02:00:00","BZN|EE","Without Sequence","102.75","",""
"25/07/2022 02:00:00 - 25/07/2022 03:00:00","BZN|EE","Without Sequence","82.61","",""
"25/07/2022 03:00:00 - 25/07/2022 04:00:00","BZN|EE","Without Sequence","189.11","",""
"25/07/2022 04:00:00 - 25/07/2022 05:00:00","BZN|EE","Without Sequence","233.20","",""
"25/07/2022 05:00:00 - 25/07/2022 06:00:00","BZN|EE","Without Sequence","212.50","",""
"25/07/2022 06:00:00 - 25/07/2022 07:00:00","BZN|EE","Without Sequence","220.10","",""
"25/07/2022 07:00:00 - 25/07/2022 08:00:00","BZN|EE","Without Sequence","212.01","",""
"25/07/2022 08:00:00 - 25/07/2022 09:00:00","BZN|EE","Without Sequence","199.82","",""
"25/07/2022 09:00:00 - 25/07/2022 10:00:00","BZN|EE","Without Sequence","172.01","",""
"25/07/2022 10:00:00 - 25/07/2022 11:00:00","BZN|EE","Without Sequence","179.72","",""
"25/07/2022 11:00:00 - 25/07/2022 12:00:00","BZN|EE","Without Sequence","189.12","",""
"25/07/2022 12:00:00 - 25/07/2022 13:00:00","BZN|EE","Without Sequence","174.21","",""
"25/07/2022 13:00:00 - 25/07/2022 14:00:00","BZN|EE","Without Sequence","104.19","",""
"25/07/2022 14:00:00 - 25/07/2022 15:00:00","BZN|EE","Without Sequence","145.64","",""
"25/07/2022 15:00:00 - 25/07/2022 16:00:00","BZN|EE","Without Sequence","133.64","",""
"25/07/2022 16:00:00 - 25/07/2022 17:00:00","BZN|EE","Without Sequence","198.31","",""
"25/07/2022 17:00:00 - 25/07/2022 18:00:00","BZN|EE","Without Sequence","198.84","",""
"25/07/2022 18:00:00 - 25/07/2022 19:00:00","BZN|EE","Without Sequence","180.05","",""
"25/07/2022 19:00:00 - 25/07/2022 20:00:00","BZN|EE","Without Sequence","244.15","",""
"25/07/2022 20:00:00 - 25/07/2022 21:00:00","BZN|EE","Without Sequence","210.89","",""
"25/07/2022 21:00:00 - 25/07/2022 22:00:00","BZN|EE","Without Sequence","143.70","",""
"25/07/2022 22:00:00 - 25/07/2022 23:00:00","BZN|EE","Without Sequence","261.71","",""
"25/07/2022 23:00:00 - 26/07/2022 00:00:00","BZN|EE","Without Sequence","275.08","",""
"26/07/2022 00:00:00 - 26/07/2022 01:00:00","BZN|EE","Without Sequence","216.47","",""
"26/07/2022 01:00:00 - 26/07/2022 02:00:00","BZN|EE","Without Sequence","272.51","",""
"26/07/2022 02:00:00 - 26/07/2022 03:00:00","BZN|EE","Without Sequence","275.08","",""
"26/07/2022 03:00:00 - 26/07/2022 04:00:00","BZN|EE","Without Sequence","275.09","",""
"26/07/2022 04:00:00 - 26/07/2022 05:00:00","BZN|EE","Without Sequence","409.66","",""
"26/07/2022 05:00:00 - 26/07/2022 06:00:00","BZN|EE","Without Sequence","460.84","",""
"26/07/2022 06:00:00 - 26/07/2022 07:00:00","BZN|EE","Without Sequence","145.93","",""
"26/07/2022 07:00:00 - 26/07/2022 08:00:00","BZN|EE","Without Sequence","11.90","",""
"26/07/2022 08:00:00 - 26/07/2022 09:00:00","BZN|EE","Without Sequence","11.36","",""
"26/07/2022 09:00:00 - 26/07/2022 10:00:00","BZN|EE","Without Sequence","9.33","",""
"26/07/2022 10:00:00 - 26/07/2022 11:00:00","BZN|EE","Without Sequence","9.67","",""
"26/07/2022 11:00:00 - 26/07/2022 12:00:00","BZN|EE","Without Sequence","7.92","",""
"26/07/2022 12:00:00 - 26/07/2022 13:00:00","BZN|EE","Without Sequence","7.24","",""
"26/07/2022 13:00:00 - 26/07/2022 14:00:00","BZN|EE","Without Sequence","7.00","",""
"26/07/2022 14:00:00 - 26/07/2022 15:00:00","BZN|EE","Without Sequence","7.14","",""
"26/07/2022 15:00:00 - 26/07/2022 16:00:00","BZN|EE","Without Sequence","7.28","",""
"26/07/2022 16:00:00 - 26/07/2022 17:00:00","BZN|EE","Without Sequence","360.07","",""
"26/07/2022 17:00:00 - 26/07/2022 18:00:00","BZN|EE","Without Sequence","415.98","",""
"26/07/2022 18:00:00 - 26/07/2022 19:00:00","BZN|EE","Without Sequence","495.07","",""
"26/07/2022 19:00:00 - 26/07/2022 20:00:00","BZN|EE","Without Sequence","455.24","",""
"26/07/2022 20:00:00 - 26/07/2022 21:00:00","BZN|EE","Without Sequence","380.03","",""
"26/07/2022 21:00:00 - 26/07/2022 22:00:00","BZN|EE","Without Sequence","395.81","",""
"26/07/2022 22:00:00 - 26/07/2022 23:00:00","BZN|EE","Without Sequence","200.62","",""
"26/07/2022 23:00:00 - 27/07/2022 00:00:00","BZN|EE","Without Sequence","146.46","",""
"27/07/2022 00:00:00 - 27/07/2022 01:00:00","BZN|EE","Without Sequence","146.42","",""
"27/07/2022 01:00:00 - 27/07/2022 02:00:00","BZN|EE","Without Sequence","4.03","",""
"27/07/2022 02:00:00 - 27/07/2022 03:00:00","BZN|EE","Without Sequence","4.01","",""
"27/07/2022 03:00:00 - 27/07/2022 04:00:00","BZN|EE","Without Sequence","146.42","",""
"27/07/2022 04:00:00 - 27/07/2022 05:00:00","BZN|EE","Without Sequence","146.48","",""
"27/07/2022 05:00:00 - 27/07/2022 06:00:00","BZN|EE","Without Sequence","146.50","",""
"27/07/2022 06:00:00 - 27/07/2022 07:00:00","BZN|EE","Without Sequence","146.42","",""
"27/07/2022 07:00:00 - 27/07/2022 08:00:00","BZN|EE","Without Sequence","5.51","",""
"27/07/2022 08:00:00 - 27/07/2022 09:00:00","BZN|EE","Without Sequence","79.44","",""
"27/07/2022 09:00:00 - 27/07/2022 10:00:00","BZN|EE","Without Sequence","107.47","",""
"27/07/2022 10:00:00 - 27/07/2022 11:00:00","BZN|EE","Without Sequence","108.99","",""
"27/07/2022 11:00:00 - 27/07/2022 12:00:00","BZN|EE","Without Sequence","113.79","",""
"27/07/2022 12:00:00 - 27/07/2022 13:00:00","BZN|EE","Without Sequence","114.02","",""
"27/07/2022 13:00:00 - 27/07/2022 14:00:00","BZN|EE","Without Sequence","162.08","",""
"27/07/2022 14:00:00 - 27/07/2022 15:00:00","BZN|EE","Without Sequence","174.60","",""
"27/07/2022 15:00:00 - 27/07/2022 16:00:00","BZN|EE","Without Sequence","190.23","",""
"27/07/2022 16:00:00 - 27/07/2022 17:00:00","BZN|EE","Without Sequence","191.06","",""
"27/07/2022 17:00:00 - 27/07/2022 18:00:00","BZN|EE","Without Sequence","300.06","",""
"27/07/2022 18:00:00 - 27/07/2022 19:00:00","BZN|EE","Without Sequence","300.00","",""
"27/07/2022 19:00:00 - 27/07/2022 20:00:00","BZN|EE","Without Sequence","467.81","",""
"27/07/2022 20:00:00 - 27/07/2022 21:00:00","BZN|EE","Without Sequence","159.83","",""
"27/07/2022 21:00:00 - 27/07/2022 22:00:00","BZN|EE","Without Sequence","146.43","",""
"27/07/2022 22:00:00 - 27/07/2022 23:00:00","BZN|EE","Without Sequence","437.79","",""
"27/07/2022 23:00:00 - 28/07/2022 00:00:00","BZN|EE","Without Sequence","400.91","",""
"28/07/2022 00:00:00 - 28/07/2022 01:00:00","BZN|EE","Without Sequence","399.97","",""
"28/07/2022 01:00:00 - 28/07/2022 02:00:00","BZN|EE","Without Sequence","147.70","",""
"28/07/2022 02:00:00 - 28/07/2022 03:00:00","BZN|EE","Without Sequence","380.08","",""
"28/07/2022 03:00:00 - 28/07/2022 04:00:00","BZN|EE","Without Sequence","400.04","",""
"28/07/2022 04:00:00 - 28/07/2022 05:00:00","BZN|EE","Without Sequence","494.19","",""
"28/07/2022 05:00:00 - 28/07/2022 06:00:00","BZN|EE","Without Sequence","564.70","",""
"28/07/2022 06:00:00 - 28/07/2022 07:00:00","BZN|EE","Without Sequence","544.05","",""
"28/07/2022 07:00:00 - 28/07/2022 08:00:00","BZN|EE","Without Sequence","505.29","",""
"28/07/2022 08:00:00 - 28/07/2022 09:00:00","BZN|EE","Without Sequence","476.56","",""
"28/07/2022 09:00:00 - 28/07/2022 10:00:00","BZN|EE","Without Sequence","300.10","",""
"28/07/2022 10:00:00 - 28/07/2022 11:00:00","BZN|EE","Without Sequence","239.72","",""
"28/07/2022 11:00:00 - 28/07/2022 12:00:00","BZN|EE","Without Sequence","197.19","",""
"28/07/2022 12:00:00 - 28/07/2022 13:00:00","BZN|EE","Without Sequence","204.25","",""
"28/07/2022 13:00:00 - 28/07/2022 14:00:00","BZN|EE","Without Sequence","200.09","",""
"28/07/2022 14:00:00 - 28/07/2022 15:00:00","BZN|EE","Without Sequence","205.73","",""
"28/07/2022 15:00:00 - 28/07/2022 16:00:00","BZN|EE","Without Sequence","214.49","",""
"28/07/2022 16:00:00 - 28/07/2022 17:00:00","BZN|EE","Without Sequence","514.16","",""
"28/07/2022 17:00:00 - 28/07/2022 18:00:00","BZN|EE","Without Sequence","606.59","",""
"28/07/2022 18:00:00 - 28/07/2022 19:00:00","BZN|EE","Without Sequence","598.62","",""
"28/07/2022 19:00:00 - 28/07/2022 20:00:00","BZN|EE","Without Sequence","566.56","",""
"28/07/2022 20:00:00 - 28/07/2022 21:00:00","BZN|EE","Without Sequence","300.00","",""
"28/07/2022 21:00:00 - 28/07/2022 22:00:00","BZN|EE","Without Sequence","179.56","",""
"28/07/2022 22:00:00 - 28/07/2022 23:00:00","BZN|EE","Without Sequence","147.24","",""
"28/07/2022 23:00:00 - 29/07/2022 00:00:00","BZN|EE","Without Sequence","147.26","",""
"29/07/2022 00:00:00 - 29/07/2022 01:00:00","BZN|EE","Without Sequence","147.25","",""
"29/07/2022 01:00:00 - 29/07/2022 02:00:00","BZN|EE","Without Sequence","147.22","",""
"29/07/2022 02:00:00 - 29/07/2022 03:00:00","BZN|EE","Without Sequence","147.23","",""
"29/07/2022 03:00:00 - 29/07/2022 04:00:00","BZN|EE","Without Sequence","147.24","",""
"29/07/2022 04:00:00 - 29/07/2022 05:00:00","BZN|EE","Without Sequence","200.00","",""
"29/07/2022 05:00:00 - 29/07/2022 06:00:00","BZN|EE","Without Sequence","213.24","",""
"29/07/2022 06:00:00 - 29/07/2022 07:00:00","BZN|EE","Without Sequence","217.15","",""
"29/07/2022 07:00:00 - 29/07/2022 08:00:00","BZN|EE","Without Sequence","216.11","",""
"29/07/2022 08:00:00 - 29/07/2022 09:00:00","BZN|EE","Without Sequence","214.88","",""
"29/07/2022 09:00:00 - 29/07/2022 10:00:00","BZN|EE","Without Sequence","214.07","",""
"29/07/2022 10:00:00 - 29/07/2022 11:00:00","BZN|EE","Without Sequence","214.31","",""
"29/07/2022 11:00:00 - 29/07/2022 12:00:00","BZN|EE","Without Sequence","212.35","",""
"29/07/2022 12:00:00 - 29/07/2022 13:00:00","BZN|EE","Without Sequence","213.26","",""
"29/07/2022 13:00:00 - 29/07/2022 14:00:00","BZN|EE","Without Sequence","212.70","",""
"29/07/2022 14:00:00 - 29/07/2022 15:00:00","BZN|EE","Without Sequence","212.99","",""
"29/07/2022 15:00:00 - 29/07/2022 16:00:00","BZN|EE","Without Sequence","216.05","",""
"29/07/2022 16:00:00 - 29/07/2022 17:00:00","BZN|EE","Without Sequence","355.34","",""
"29/07/2022 17:00:00 - 29/07/2022 18:00:00","BZN|EE","Without Sequence","438.34","",""
"29/07/2022 18:00:00 - 29/07/2022 19:00:00","BZN|EE","Without Sequence","404.71","",""
"29/07/2022 19:00:00 - 29/07/2022 20:00:00","BZN|EE","Without Sequence","323.33","",""
"29/07/2022 20:00:00 - 29/07/2022 21:00:00","BZN|EE","Without Sequence","207.51","",""
"29/07/2022 21:00:00 - 29/07/2022 22:00:00","BZN|EE","Without Sequence","147.28","",""
"29/07/2022 22:00:00 - 29/07/2022 23:00:00","BZN|EE","Without Sequence","425.00","",""
"29/07/2022 23:00:00 - 30/07/2022 00:00:00","BZN|EE","Without Sequence","404.30","",""
"30/07/2022 00:00:00 - 30/07/2022 01:00:00","BZN|EE","Without Sequence","405.00","",""
"30/07/2022 01:00:00 - 30/07/2022 02:00:00","BZN|EE","Without Sequence","395.85","",""
"30/07/2022 02:00:00 - 30/07/2022 03:00:00","BZN|EE","Without Sequence","377.06","",""
"30/07/2022 03:00:00 - 30/07/2022 04:00:00","BZN|EE","Without Sequence","383.98","",""
"30/07/2022 04:00:00 - 30/07/2022 05:00:00","BZN|EE","Without Sequence","406.78","",""
"30/07/2022 05:00:00 - 30/07/2022 06:00:00","BZN|EE","Without Sequence","423.02","",""
"30/07/2022 06:00:00 - 30/07/2022 07:00:00","BZN|EE","Without Sequence","148.35","",""
"30/07/2022 07:00:00 - 30/07/2022 08:00:00","BZN|EE","Without Sequence","148.33","",""
"30/07/2022 08:00:00 - 30/07/2022 09:00:00","BZN|EE","Without Sequence","148.30","",""
"30/07/2022 09:00:00 - 30/07/2022 10:00:00","BZN|EE","Without Sequence","148.36","",""
"30/07/2022 10:00:00 - 30/07/2022 11:00:00","BZN|EE","Without Sequence","129.95","",""
"30/07/2022 11:00:00 - 30/07/2022 12:00:00","BZN|EE","Without Sequence","112.11","",""
"30/07/2022 12:00:00 - 30/07/2022 13:00:00","BZN|EE","Without Sequence","145.73","",""
"30/07/2022 13:00:00 - 30/07/2022 14:00:00","BZN|EE","Without Sequence","199.10","",""
"30/07/2022 14:00:00 - 30/07/2022 15:00:00","BZN|EE","Without Sequence","204.29","",""
"30/07/2022 15:00:00 - 30/07/2022 16:00:00","BZN|EE","Without Sequence","334.25","",""
"30/07/2022 16:00:00 - 30/07/2022 17:00:00","BZN|EE","Without Sequence","386.30","",""
"30/07/2022 17:00:00 - 30/07/2022 18:00:00","BZN|EE","Without Sequence","432.39","",""
"30/07/2022 18:00:00 - 30/07/2022 19:00:00","BZN|EE","Without Sequence","455.39","",""
"30/07/2022 19:00:00 - 30/07/2022 20:00:00","BZN|EE","Without Sequence","466.69","",""
"30/07/2022 20:00:00 - 30/07/2022 21:00:00","BZN|EE","Without Sequence","466.82","",""
"30/07/2022 21:00:00 - 30/07/2022 22:00:00","BZN|EE","Without Sequence","442.24","",""
"30/07/2022 22:00:00 - 30/07/2022 23:00:00","BZN|EE","Without Sequence","382.79","",""
"30/07/2022 23:00:00 - 31/07/2022 00:00:00","BZN|EE","Without Sequence","339.88","",""
"31/07/2022 00:00:00 - 31/07/2022 01:00:00","BZN|EE","Without Sequence","300.10","",""
"31/07/2022 01:00:00 - 31/07/2022 02:00:00","BZN|EE","Without Sequence","293.05","",""
"31/07/2022 02:00:00 - 31/07/2022 03:00:00","BZN|EE","Without Sequence","271.30","",""
"31/07/2022 03:00:00 - 31/07/2022 04:00:00","BZN|EE","Without Sequence","127.55","",""
"31/07/2022 04:00:00 - 31/07/2022 05:00:00","BZN|EE","Without Sequence","261.03","",""
"31/07/2022 05:00:00 - 31/07/2022 06:00:00","BZN|EE","Without Sequence","264.80","",""
"31/07/2022 06:00:00 - 31/07/2022 07:00:00","BZN|EE","Without Sequence","300.01","",""
"31/07/2022 07:00:00 - 31/07/2022 08:00:00","BZN|EE","Without Sequence","200.00","",""
"31/07/2022 08:00:00 - 31/07/2022 09:00:00","BZN|EE","Without Sequence","216.43","",""
"31/07/2022 09:00:00 - 31/07/2022 10:00:00","BZN|EE","Without Sequence","201.04","",""
"31/07/2022 10:00:00 - 31/07/2022 11:00:00","BZN|EE","Without Sequence","199.99","",""
"31/07/2022 11:00:00 - 31/07/2022 12:00:00","BZN|EE","Without Sequence","200.00","",""
"31/07/2022 12:00:00 - 31/07/2022 13:00:00","BZN|EE","Without Sequence","200.00","",""
"31/07/2022 13:00:00 - 31/07/2022 14:00:00","BZN|EE","Without Sequence","200.00","",""
"31/07/2022 14:00:00 - 31/07/2022 15:00:00","BZN|EE","Without Sequence","252.07","",""
"31/07/2022 15:00:00 - 31/07/2022 16:00:00","BZN|EE","Without Sequence","316.01","",""
"31/07/2022 16:00:00 - 31/07/2022 17:00:00","BZN|EE","Without Sequence","394.79","",""
"31/07/2022 17:00:00 - 31/07/2022 18:00:00","BZN|EE","Without Sequence","449.55","",""
"31/07/2022 18:00:00 - 31/07/2022 19:00:00","BZN|EE","Without Sequence","452.95","",""
"31/07/2022 19:00:00 - 31/07/2022 20:00:00","BZN|EE","Without Sequence","464.60","",""
"31/07/2022 20:00:00 - 31/07/2022 21:00:00","BZN|EE","Without Sequence","466.36","",""
"31/07/2022 21:00:00 - 31/07/2022 22:00:00","BZN|EE","Without Sequence","426.89","",""
"31/07/2022 22:00:00 - 31/07/2022 23:00:00","BZN|EE","Without Sequence","385.06","",""
"31/07/2022 23:00:00 - 01/08/2022 00:00:00","BZN|EE","Without Sequence","154.99","",""
"01/08/2022 00:00:00 - 01/08/2022 01:00:00","BZN|EE","Without Sequence","149.17","",""
"01/08/2022 01:00:00 - 01/08/2022 02:00:00","BZN|EE","Without Sequence","149.13","",""
"01/08/2022 02:00:00 - 01/08/2022 03:00:00","BZN|EE","Without Sequence","149.19","",""
"01/08/2022 03:00:00 - 01/08/2022 04:00:00","BZN|EE","Without Sequence","380.00","",""
"01/08/2022 04:00:00 - 01/08/2022 05:00:00","BZN|EE","Without Sequence","429.66","",""
"01/08/2022 05:00:00 - 01/08/2022 06:00:00","BZN|EE","Without Sequence","467.91","",""
"01/08/2022 06:00:00 - 01/08/2022 07:00:00","BZN|EE","Without Sequence","474.90","",""
"01/08/2022 07:00:00 - 01/08/2022 08:00:00","BZN|EE","Without Sequence","459.70","",""
"01/08/2022 08:00:00 - 01/08/2022 09:00:00","BZN|EE","Without Sequence","448.40","",""
"01/08/2022 09:00:00 - 01/08/2022 10:00:00","BZN|EE","Without Sequence","429.49","",""
"01/08/2022 10:00:00 - 01/08/2022 11:00:00","BZN|EE","Without Sequence","399.01","",""
"01/08/2022 11:00:00 - 01/08/2022 12:00:00","BZN|EE","Without Sequence","390.75","",""
"01/08/2022 12:00:00 - 01/08/2022 13:00:00","BZN|EE","Without Sequence","381.29","",""
"01/08/2022 13:00:00 - 01/08/2022 14:00:00","BZN|EE","Without Sequence","398.46","",""
"01/08/2022 14:00:00 - 01/08/2022 15:00:00","BZN|EE","Without Sequence","402.07","",""
"01/08/2022 15:00:00 - 01/08/2022 16:00:00","BZN|EE","Without Sequence","427.25","",""
"01/08/2022 16:00:00 - 01/08/2022 17:00:00","BZN|EE","Without Sequence","433.22","",""
"01/08/2022 17:00:00 - 01/08/2022 18:00:00","BZN|EE","Without Sequence","514.37","",""
"01/08/2022 18:00:00 - 01/08/2022 19:00:00","BZN|EE","Without Sequence","533.58","",""
"01/08/2022 19:00:00 - 01/08/2022 20:00:00","BZN|EE","Without Sequence","526.88","",""
"01/08/2022 20:00:00 - 01/08/2022 21:00:00","BZN|EE","Without Sequence","502.70","",""
"01/08/2022 21:00:00 - 01/08/2022 22:00:00","BZN|EE","Without Sequence","471.48","",""
"01/08/2022 22:00:00 - 01/08/2022 23:00:00","BZN|EE","Without Sequence","440.98","",""
"01/08/2022 23:00:00 - 02/08/2022 00:00:00","BZN|EE","Without Sequence","390.10","",""
"02/08/2022 00:00:00 - 02/08/2022 01:00:00","BZN|EE","Without Sequence","382.10","",""
"02/08/2022 01:00:00 - 02/08/2022 02:00:00","BZN|EE","Without Sequence","227.55","",""
"02/08/2022 02:00:00 - 02/08/2022 03:00:00","BZN|EE","Without Sequence","205.28","",""
"02/08/2022 03:00:00 - 02/08/2022 04:00:00","BZN|EE","Without Sequence","393.03","",""
"02/08/2022 04:00:00 - 02/08/2022 05:00:00","BZN|EE","Without Sequence","457.04","",""
"02/08/2022 05:00:00 - 02/08/2022 06:00:00","BZN|EE","Without Sequence","479.90","",""
"02/08/2022 06:00:00 - 02/08/2022 07:00:00","BZN|EE","Without Sequence","478.90","",""
"02/08/2022 07:00:00 - 02/08/2022 08:00:00","BZN|EE","Without Sequence","418.47","",""
"02/08/2022 08:00:00 - 02/08/2022 09:00:00","BZN|EE","Without Sequence","380.78","",""
"02/08/2022 09:00:00 - 02/08/2022 10:00:00","BZN|EE","Without Sequence","373.51","",""
"02/08/2022 10:00:00 - 02/08/2022 11:00:00","BZN|EE","Without Sequence","333.18","",""
"02/08/2022 11:00:00 - 02/08/2022 12:00:00","BZN|EE","Without Sequence","264.69","",""
"02/08/2022 12:00:00 - 02/08/2022 13:00:00","BZN|EE","Without Sequence","336.60","",""
"02/08/2022 13:00:00 - 02/08/2022 14:00:00","BZN|EE","Without Sequence","248.77","",""
"02/08/2022 14:00:00 - 02/08/2022 15:00:00","BZN|EE","Without Sequence","387.10","",""
"02/08/2022 15:00:00 - 02/08/2022 16:00:00","BZN|EE","Without Sequence","340.74","",""
"02/08/2022 16:00:00 - 02/08/2022 17:00:00","BZN|EE","Without Sequence","445.97","",""
"02/08/2022 17:00:00 - 02/08/2022 18:00:00","BZN|EE","Without Sequence","511.75","",""
"02/08/2022 18:00:00 - 02/08/2022 19:00:00","BZN|EE","Without Sequence","521.84","",""
"02/08/2022 19:00:00 - 02/08/2022 20:00:00","BZN|EE","Without Sequence","521.10","",""
"02/08/2022 20:00:00 - 02/08/2022 21:00:00","BZN|EE","Without Sequence","489.70","",""
"02/08/2022 21:00:00 - 02/08/2022 22:00:00","BZN|EE","Without Sequence","150.39","",""
"02/08/2022 22:00:00 - 02/08/2022 23:00:00","BZN|EE","Without Sequence","382.25","",""
"02/08/2022 23:00:00 - 03/08/2022 00:00:00","BZN|EE","Without Sequence","369.62","",""
"03/08/2022 00:00:00 - 03/08/2022 01:00:00","BZN|EE","Without Sequence","342.09","",""
"03/08/2022 01:00:00 - 03/08/2022 02:00:00","BZN|EE","Without Sequence","326.30","",""
"03/08/2022 02:00:00 - 03/08/2022 03:00:00","BZN|EE","Without Sequence","329.96","",""
"03/08/2022 03:00:00 - 03/08/2022 04:00:00","BZN|EE","Without Sequence","369.25","",""
"03/08/2022 04:00:00 - 03/08/2022 05:00:00","BZN|EE","Without Sequence","441.82","",""
"03/08/2022 05:00:00 - 03/08/2022 06:00:00","BZN|EE","Without Sequence","455.34","",""
"03/08/2022 06:00:00 - 03/08/2022 07:00:00","BZN|EE","Without Sequence","450.58","",""
"03/08/2022 07:00:00 - 03/08/2022 08:00:00","BZN|EE","Without Sequence","342.81","",""
"03/08/2022 08:00:00 - 03/08/2022 09:00:00","BZN|EE","Without Sequence","151.72","",""
"03/08/2022 09:00:00 - 03/08/2022 10:00:00","BZN|EE","Without Sequence","118.06","",""
"03/08/2022 10:00:00 - 03/08/2022 11:00:00","BZN|EE","Without Sequence","279.80","",""
"03/08/2022 11:00:00 - 03/08/2022 12:00:00","BZN|EE","Without Sequence","456.51","",""
"03/08/2022 12:00:00 - 03/08/2022 13:00:00","BZN|EE","Without Sequence","552.06","",""
"03/08/2022 13:00:00 - 03/08/2022 14:00:00","BZN|EE","Without Sequence","519.35","",""
"03/08/2022 14:00:00 - 03/08/2022 15:00:00","BZN|EE","Without Sequence","374.10","",""
"03/08/2022 15:00:00 - 03/08/2022 16:00:00","BZN|EE","Without Sequence","446.14","",""
"03/08/2022 16:00:00 - 03/08/2022 17:00:00","BZN|EE","Without Sequence","506.04","",""
"03/08/2022 17:00:00 - 03/08/2022 18:00:00","BZN|EE","Without Sequence","541.54","",""
"03/08/2022 18:00:00 - 03/08/2022 19:00:00","BZN|EE","Without Sequence","547.47","",""
"03/08/2022 19:00:00 - 03/08/2022 20:00:00","BZN|EE","Without Sequence","500.08","",""
"03/08/2022 20:00:00 - 03/08/2022 21:00:00","BZN|EE","Without Sequence","151.78","",""
"03/08/2022 21:00:00 - 03/08/2022 22:00:00","BZN|EE","Without Sequence","151.73","",""
"03/08/2022 22:00:00 - 03/08/2022 23:00:00","BZN|EE","Without Sequence","450.30","",""
"03/08/2022 23:00:00 - 04/08/2022 00:00:00","BZN|EE","Without Sequence","291.24","",""
"04/08/2022 00:00:00 - 04/08/2022 01:00:00","BZN|EE","Without Sequence","155.98","",""
"04/08/2022 01:00:00 - 04/08/2022 02:00:00","BZN|EE","Without Sequence","155.97","",""
"04/08/2022 02:00:00 - 04/08/2022 03:00:00","BZN|EE","Without Sequence","155.96","",""
"04/08/2022 03:00:00 - 04/08/2022 04:00:00","BZN|EE","Without Sequence","375.07","",""
"04/08/2022 04:00:00 - 04/08/2022 05:00:00","BZN|EE","Without Sequence","447.98","",""
"04/08/2022 05:00:00 - 04/08/2022 06:00:00","BZN|EE","Without Sequence","16.08","",""
"04/08/2022 06:00:00 - 04/08/2022 07:00:00","BZN|EE","Without Sequence","16.05","",""
"04/08/2022 07:00:00 - 04/08/2022 08:00:00","BZN|EE","Without Sequence","16.07","",""
"04/08/2022 08:00:00 - 04/08/2022 09:00:00","BZN|EE","Without Sequence","11.96","",""
"04/08/2022 09:00:00 - 04/08/2022 10:00:00","BZN|EE","Without Sequence","9.13","",""
"04/08/2022 10:00:00 - 04/08/2022 11:00:00","BZN|EE","Without Sequence","8.46","",""
"04/08/2022 11:00:00 - 04/08/2022 12:00:00","BZN|EE","Without Sequence","8.18","",""
"04/08/2022 12:00:00 - 04/08/2022 13:00:00","BZN|EE","Without Sequence","7.29","",""
"04/08/2022 13:00:00 - 04/08/2022 14:00:00","BZN|EE","Without Sequence","7.59","",""
"04/08/2022 14:00:00 - 04/08/2022 15:00:00","BZN|EE","Without Sequence","155.98","",""
"04/08/2022 15:00:00 - 04/08/2022 16:00:00","BZN|EE","Without Sequence","362.09","",""
"04/08/2022 16:00:00 - 04/08/2022 17:00:00","BZN|EE","Without Sequence","495.62","",""
"04/08/2022 17:00:00 - 04/08/2022 18:00:00","BZN|EE","Without Sequence","514.54","",""
"04/08/2022 18:00:00 - 04/08/2022 19:00:00","BZN|EE","Without Sequence","504.46","",""
"04/08/2022 19:00:00 - 04/08/2022 20:00:00","BZN|EE","Without Sequence","495.58","",""
"04/08/2022 20:00:00 - 04/08/2022 21:00:00","BZN|EE","Without Sequence","189.56","",""
"04/08/2022 21:00:00 - 04/08/2022 22:00:00","BZN|EE","Without Sequence","155.95","",""
"04/08/2022 22:00:00 - 04/08/2022 23:00:00","BZN|EE","Without Sequence","348.80","",""
"04/08/2022 23:00:00 - 05/08/2022 00:00:00","BZN|EE","Without Sequence","358.18","",""
"05/08/2022 00:00:00 - 05/08/2022 01:00:00","BZN|EE","Without Sequence","189.96","",""
"05/08/2022 01:00:00 - 05/08/2022 02:00:00","BZN|EE","Without Sequence","156.48","",""
"05/08/2022 02:00:00 - 05/08/2022 03:00:00","BZN|EE","Without Sequence","156.45","",""
"05/08/2022 03:00:00 - 05/08/2022 04:00:00","BZN|EE","Without Sequence","390.05","",""
"05/08/2022 04:00:00 - 05/08/2022 05:00:00","BZN|EE","Without Sequence","449.91","",""
"05/08/2022 05:00:00 - 05/08/2022 06:00:00","BZN|EE","Without Sequence","468.00","",""
"05/08/2022 06:00:00 - 05/08/2022 07:00:00","BZN|EE","Without Sequence","121.93","",""
"05/08/2022 07:00:00 - 05/08/2022 08:00:00","BZN|EE","Without Sequence","35.09","",""
"05/08/2022 08:00:00 - 05/08/2022 09:00:00","BZN|EE","Without Sequence","50.03","",""
"05/08/2022 09:00:00 - 05/08/2022 10:00:00","BZN|EE","Without Sequence","35.07","",""
"05/08/2022 10:00:00 - 05/08/2022 11:00:00","BZN|EE","Without Sequence","24.47","",""
"05/08/2022 11:00:00 - 05/08/2022 12:00:00","BZN|EE","Without Sequence","25.44","",""
"05/08/2022 12:00:00 - 05/08/2022 13:00:00","BZN|EE","Without Sequence","39.39","",""
"05/08/2022 13:00:00 - 05/08/2022 14:00:00","BZN|EE","Without Sequence","48.29","",""
"05/08/2022 14:00:00 - 05/08/2022 15:00:00","BZN|EE","Without Sequence","73.19","",""
"05/08/2022 15:00:00 - 05/08/2022 16:00:00","BZN|EE","Without Sequence","121.91","",""
"05/08/2022 16:00:00 - 05/08/2022 17:00:00","BZN|EE","Without Sequence","156.45","",""
"05/08/2022 17:00:00 - 05/08/2022 18:00:00","BZN|EE","Without Sequence","156.50","",""
"05/08/2022 18:00:00 - 05/08/2022 19:00:00","BZN|EE","Without Sequence","160.04","",""
"05/08/2022 19:00:00 - 05/08/2022 20:00:00","BZN|EE","Without Sequence","156.43","",""
"05/08/2022 20:00:00 - 05/08/2022 21:00:00","BZN|EE","Without Sequence","429.91","",""
"05/08/2022 21:00:00 - 05/08/2022 22:00:00","BZN|EE","Without Sequence","386.55","",""
"05/08/2022 22:00:00 - 05/08/2022 23:00:00","BZN|EE","Without Sequence","361.76","",""
"05/08/2022 23:00:00 - 06/08/2022 00:00:00","BZN|EE","Without Sequence","315.05","",""
"06/08/2022 00:00:00 - 06/08/2022 01:00:00","BZN|EE","Without Sequence","308.59","",""
"06/08/2022 01:00:00 - 06/08/2022 02:00:00","BZN|EE","Without Sequence","276.45","",""
"06/08/2022 02:00:00 - 06/08/2022 03:00:00","BZN|EE","Without Sequence","267.76","",""
"06/08/2022 03:00:00 - 06/08/2022 04:00:00","BZN|EE","Without Sequence","254.08","",""
"06/08/2022 04:00:00 - 06/08/2022 05:00:00","BZN|EE","Without Sequence","3.05","",""
"06/08/2022 05:00:00 - 06/08/2022 06:00:00","BZN|EE","Without Sequence","123.06","",""
"06/08/2022 06:00:00 - 06/08/2022 07:00:00","BZN|EE","Without Sequence","123.00","",""
"06/08/2022 07:00:00 - 06/08/2022 08:00:00","BZN|EE","Without Sequence","4.26","",""
"06/08/2022 08:00:00 - 06/08/2022 09:00:00","BZN|EE","Without Sequence","402.27","",""
"06/08/2022 09:00:00 - 06/08/2022 10:00:00","BZN|EE","Without Sequence","347.03","",""
"06/08/2022 10:00:00 - 06/08/2022 11:00:00","BZN|EE","Without Sequence","157.86","",""
"06/08/2022 11:00:00 - 06/08/2022 12:00:00","BZN|EE","Without Sequence","98.74","",""
"06/08/2022 12:00:00 - 06/08/2022 13:00:00","BZN|EE","Without Sequence","157.81","",""
"06/08/2022 13:00:00 - 06/08/2022 14:00:00","BZN|EE","Without Sequence","119.40","",""
"06/08/2022 14:00:00 - 06/08/2022 15:00:00","BZN|EE","Without Sequence","123.00","",""
"06/08/2022 15:00:00 - 06/08/2022 16:00:00","BZN|EE","Without Sequence","292.79","",""
"06/08/2022 16:00:00 - 06/08/2022 17:00:00","BZN|EE","Without Sequence","223.44","",""
"06/08/2022 17:00:00 - 06/08/2022 18:00:00","BZN|EE","Without Sequence","302.61","",""
"06/08/2022 18:00:00 - 06/08/2022 19:00:00","BZN|EE","Without Sequence","355.98","",""
"06/08/2022 19:00:00 - 06/08/2022 20:00:00","BZN|EE","Without Sequence","334.48","",""
"06/08/2022 20:00:00 - 06/08/2022 21:00:00","BZN|EE","Without Sequence","157.86","",""
"06/08/2022 21:00:00 - 06/08/2022 22:00:00","BZN|EE","Without Sequence","123.08","",""
"06/08/2022 22:00:00 - 06/08/2022 23:00:00","BZN|EE","Without Sequence","265.99","",""
"06/08/2022 23:00:00 - 07/08/2022 00:00:00","BZN|EE","Without Sequence","190.82","",""
"07/08/2022 00:00:00 - 07/08/2022 01:00:00","BZN|EE","Without Sequence","190.81","",""
"07/08/2022 01:00:00 - 07/08/2022 02:00:00","BZN|EE","Without Sequence","157.25","",""
"07/08/2022 02:00:00 - 07/08/2022 03:00:00","BZN|EE","Without Sequence","157.23","",""
"07/08/2022 03:00:00 - 07/08/2022 04:00:00","BZN|EE","Without Sequence","190.81","",""
"07/08/2022 04:00:00 - 07/08/2022 05:00:00","BZN|EE","Without Sequence","163.45","",""
"07/08/2022 05:00:00 - 07/08/2022 06:00:00","BZN|EE","Without Sequence","206.29","",""
"07/08/2022 06:00:00 - 07/08/2022 07:00:00","BZN|EE","Without Sequence","162.27","",""
"07/08/2022 07:00:00 - 07/08/2022 08:00:00","BZN|EE","Without Sequence","142.70","",""
"07/08/2022 08:00:00 - 07/08/2022 09:00:00","BZN|EE","Without Sequence","15.91","",""
"07/08/2022 09:00:00 - 07/08/2022 10:00:00","BZN|EE","Without Sequence","18.74","",""
"07/08/2022 10:00:00 - 07/08/2022 11:00:00","BZN|EE","Without Sequence","15.77","",""
"07/08/2022 11:00:00 - 07/08/2022 12:00:00","BZN|EE","Without Sequence","15.78","",""
"07/08/2022 12:00:00 - 07/08/2022 13:00:00","BZN|EE","Without Sequence","79.80","",""
"07/08/2022 13:00:00 - 07/08/2022 14:00:00","BZN|EE","Without Sequence","87.11","",""
"07/08/2022 14:00:00 - 07/08/2022 15:00:00","BZN|EE","Without Sequence","103.50","",""
"07/08/2022 15:00:00 - 07/08/2022 16:00:00","BZN|EE","Without Sequence","199.42","",""
"07/08/2022 16:00:00 - 07/08/2022 17:00:00","BZN|EE","Without Sequence","301.67","",""
"07/08/2022 17:00:00 - 07/08/2022 18:00:00","BZN|EE","Without Sequence","393.30","",""
"07/08/2022 18:00:00 - 07/08/2022 19:00:00","BZN|EE","Without Sequence","421.99","",""
"07/08/2022 19:00:00 - 07/08/2022 20:00:00","BZN|EE","Without Sequence","419.92","",""
"07/08/2022 20:00:00 - 07/08/2022 21:00:00","BZN|EE","Without Sequence","401.86","",""
"07/08/2022 21:00:00 - 07/08/2022 22:00:00","BZN|EE","Without Sequence","359.42","",""
"07/08/2022 22:00:00 - 07/08/2022 23:00:00","BZN|EE","Without Sequence","190.87","",""
"07/08/2022 23:00:00 - 08/08/2022 00:00:00","BZN|EE","Without Sequence","190.82","",""
"08/08/2022 00:00:00 - 08/08/2022 01:00:00","BZN|EE","Without Sequence","190.80","",""
"08/08/2022 01:00:00 - 08/08/2022 02:00:00","BZN|EE","Without Sequence","157.26","",""
"08/08/2022 02:00:00 - 08/08/2022 03:00:00","BZN|EE","Without Sequence","190.81","",""
"08/08/2022 03:00:00 - 08/08/2022 04:00:00","BZN|EE","Without Sequence","310.38","",""
"08/08/2022 04:00:00 - 08/08/2022 05:00:00","BZN|EE","Without Sequence","462.89","",""
"08/08/2022 05:00:00 - 08/08/2022 06:00:00","BZN|EE","Without Sequence","798.32","",""
"08/08/2022 06:00:00 - 08/08/2022 07:00:00","BZN|EE","Without Sequence","861.14","",""
"08/08/2022 07:00:00 - 08/08/2022 08:00:00","BZN|EE","Without Sequence","574.09","",""
"08/08/2022 08:00:00 - 08/08/2022 09:00:00","BZN|EE","Without Sequence","443.96","",""
"08/08/2022 09:00:00 - 08/08/2022 10:00:00","BZN|EE","Without Sequence","750.03","",""
"08/08/2022 10:00:00 - 08/08/2022 11:00:00","BZN|EE","Without Sequence","792.19","",""
"08/08/2022 11:00:00 - 08/08/2022 12:00:00","BZN|EE","Without Sequence","797.98","",""
"08/08/2022 12:00:00 - 08/08/2022 13:00:00","BZN|EE","Without Sequence","447.93","",""
"08/08/2022 13:00:00 - 08/08/2022 14:00:00","BZN|EE","Without Sequence","478.96","",""
"08/08/2022 14:00:00 - 08/08/2022 15:00:00","BZN|EE","Without Sequence","466.93","",""
"08/08/2022 15:00:00 - 08/08/2022 16:00:00","BZN|EE","Without Sequence","479.64","",""
"08/08/2022 16:00:00 - 08/08/2022 17:00:00","BZN|EE","Without Sequence","861.11","",""
"08/08/2022 17:00:00 - 08/08/2022 18:00:00","BZN|EE","Without Sequence","797.99","",""
"08/08/2022 18:00:00 - 08/08/2022 19:00:00","BZN|EE","Without Sequence","495.22","",""
"08/08/2022 19:00:00 - 08/08/2022 20:00:00","BZN|EE","Without Sequence","455.00","",""
"08/08/2022 20:00:00 - 08/08/2022 21:00:00","BZN|EE","Without Sequence","429.15","",""
"08/08/2022 21:00:00 - 08/08/2022 22:00:00","BZN|EE","Without Sequence","391.20","",""
"08/08/2022 22:00:00 - 08/08/2022 23:00:00","BZN|EE","Without Sequence","330.76","",""
"08/08/2022 23:00:00 - 09/08/2022 00:00:00","BZN|EE","Without Sequence","260.62","",""
"09/08/2022 00:00:00 - 09/08/2022 01:00:00","BZN|EE","Without Sequence","259.53","",""
"09/08/2022 01:00:00 - 09/08/2022 02:00:00","BZN|EE","Without Sequence","249.94","",""
"09/08/2022 02:00:00 - 09/08/2022 03:00:00","BZN|EE","Without Sequence","249.95","",""
"09/08/2022 03:00:00 - 09/08/2022 04:00:00","BZN|EE","Without Sequence","320.01","",""
"09/08/2022 04:00:00 - 09/08/2022 05:00:00","BZN|EE","Without Sequence","382.92","",""
"09/08/2022 05:00:00 - 09/08/2022 06:00:00","BZN|EE","Without Sequence","414.98","",""
"09/08/2022 06:00:00 - 09/08/2022 07:00:00","BZN|EE","Without Sequence","426.22","",""
"09/08/2022 07:00:00 - 09/08/2022 08:00:00","BZN|EE","Without Sequence","383.99","",""
"09/08/2022 08:00:00 - 09/08/2022 09:00:00","BZN|EE","Without Sequence","329.93","",""
"09/08/2022 09:00:00 - 09/08/2022 10:00:00","BZN|EE","Without Sequence","327.52","",""
"09/08/2022 10:00:00 - 09/08/2022 11:00:00","BZN|EE","Without Sequence","317.76","",""
"09/08/2022 11:00:00 - 09/08/2022 12:00:00","BZN|EE","Without Sequence","300.00","",""
"09/08/2022 12:00:00 - 09/08/2022 13:00:00","BZN|EE","Without Sequence","325.30","",""
"09/08/2022 13:00:00 - 09/08/2022 14:00:00","BZN|EE","Without Sequence","294.46","",""
"09/08/2022 14:00:00 - 09/08/2022 15:00:00","BZN|EE","Without Sequence","272.94","",""
"09/08/2022 15:00:00 - 09/08/2022 16:00:00","BZN|EE","Without Sequence","348.20","",""
"09/08/2022 16:00:00 - 09/08/2022 17:00:00","BZN|EE","Without Sequence","425.05","",""
"09/08/2022 17:00:00 - 09/08/2022 18:00:00","BZN|EE","Without Sequence","469.80","",""
"09/08/2022 18:00:00 - 09/08/2022 19:00:00","BZN|EE","Without Sequence","469.72","",""
"09/08/2022 19:00:00 - 09/08/2022 20:00:00","BZN|EE","Without Sequence","428.67","",""
"09/08/2022 20:00:00 - 09/08/2022 21:00:00","BZN|EE","Without Sequence","200.06","",""
"09/08/2022 21:00:00 - 09/08/2022 22:00:00","BZN|EE","Without Sequence","157.26","",""
"09/08/2022 22:00:00 - 09/08/2022 23:00:00","BZN|EE","Without Sequence","260.52","",""
"09/08/2022 23:00:00 - 10/08/2022 00:00:00","BZN|EE","Without Sequence","190.48","",""
"10/08/2022 00:00:00 - 10/08/2022 01:00:00","BZN|EE","Without Sequence","190.47","",""
"10/08/2022 01:00:00 - 10/08/2022 02:00:00","BZN|EE","Without Sequence","190.46","",""
"10/08/2022 02:00:00 - 10/08/2022 03:00:00","BZN|EE","Without Sequence","190.46","",""
"10/08/2022 03:00:00 - 10/08/2022 04:00:00","BZN|EE","Without Sequence","297.65","",""
"10/08/2022 04:00:00 - 10/08/2022 05:00:00","BZN|EE","Without Sequence","343.95","",""
"10/08/2022 05:00:00 - 10/08/2022 06:00:00","BZN|EE","Without Sequence","396.30","",""
"10/08/2022 06:00:00 - 10/08/2022 07:00:00","BZN|EE","Without Sequence","395.51","",""
"10/08/2022 07:00:00 - 10/08/2022 08:00:00","BZN|EE","Without Sequence","270.41","",""
"10/08/2022 08:00:00 - 10/08/2022 09:00:00","BZN|EE","Without Sequence","286.01","",""
"10/08/2022 09:00:00 - 10/08/2022 10:00:00","BZN|EE","Without Sequence","284.90","",""
"10/08/2022 10:00:00 - 10/08/2022 11:00:00","BZN|EE","Without Sequence","274.23","",""
"10/08/2022 11:00:00 - 10/08/2022 12:00:00","BZN|EE","Without Sequence","246.93","",""
"10/08/2022 12:00:00 - 10/08/2022 13:00:00","BZN|EE","Without Sequence","314.45","",""
"10/08/2022 13:00:00 - 10/08/2022 14:00:00","BZN|EE","Without Sequence","297.84","",""
"10/08/2022 14:00:00 - 10/08/2022 15:00:00","BZN|EE","Without Sequence","303.10","",""
"10/08/2022 15:00:00 - 10/08/2022 16:00:00","BZN|EE","Without Sequence","353.00","",""
"10/08/2022 16:00:00 - 10/08/2022 17:00:00","BZN|EE","Without Sequence","409.93","",""
"10/08/2022 17:00:00 - 10/08/2022 18:00:00","BZN|EE","Without Sequence","449.00","",""
"10/08/2022 18:00:00 - 10/08/2022 19:00:00","BZN|EE","Without Sequence","454.73","",""
"10/08/2022 19:00:00 - 10/08/2022 20:00:00","BZN|EE","Without Sequence","420.00","",""
"10/08/2022 20:00:00 - 10/08/2022 21:00:00","BZN|EE","Without Sequence","406.84","",""
"10/08/2022 21:00:00 - 10/08/2022 22:00:00","BZN|EE","Without Sequence","156.84","",""
"10/08/2022 22:00:00 - 10/08/2022 23:00:00","BZN|EE","Without Sequence","158.74","",""
"10/08/2022 23:00:00 - 11/08/2022 00:00:00","BZN|EE","Without Sequence","158.71","",""
"11/08/2022 00:00:00 - 11/08/2022 01:00:00","BZN|EE","Without Sequence","123.89","",""
"11/08/2022 01:00:00 - 11/08/2022 02:00:00","BZN|EE","Without Sequence","123.84","",""
"11/08/2022 02:00:00 - 11/08/2022 03:00:00","BZN|EE","Without Sequence","123.80","",""
"11/08/2022 03:00:00 - 11/08/2022 04:00:00","BZN|EE","Without Sequence","158.74","",""
"11/08/2022 04:00:00 - 11/08/2022 05:00:00","BZN|EE","Without Sequence","338.87","",""
"11/08/2022 05:00:00 - 11/08/2022 06:00:00","BZN|EE","Without Sequence","158.80","",""
"11/08/2022 06:00:00 - 11/08/2022 07:00:00","BZN|EE","Without Sequence","199.80","",""
"11/08/2022 07:00:00 - 11/08/2022 08:00:00","BZN|EE","Without Sequence","199.94","",""
"11/08/2022 08:00:00 - 11/08/2022 09:00:00","BZN|EE","Without Sequence","199.80","",""
"11/08/2022 09:00:00 - 11/08/2022 10:00:00","BZN|EE","Without Sequence","194.69","",""
"11/08/2022 10:00:00 - 11/08/2022 11:00:00","BZN|EE","Without Sequence","193.85","",""
"11/08/2022 11:00:00 - 11/08/2022 12:00:00","BZN|EE","Without Sequence","179.90","",""
"11/08/2022 12:00:00 - 11/08/2022 13:00:00","BZN|EE","Without Sequence","152.61","",""
"11/08/2022 13:00:00 - 11/08/2022 14:00:00","BZN|EE","Without Sequence","111.04","",""
"11/08/2022 14:00:00 - 11/08/2022 15:00:00","BZN|EE","Without Sequence","100.00","",""
"11/08/2022 15:00:00 - 11/08/2022 16:00:00","BZN|EE","Without Sequence","179.94","",""
"11/08/2022 16:00:00 - 11/08/2022 17:00:00","BZN|EE","Without Sequence","450.00","",""
"11/08/2022 17:00:00 - 11/08/2022 18:00:00","BZN|EE","Without Sequence","539.90","",""
"11/08/2022 18:00:00 - 11/08/2022 19:00:00","BZN|EE","Without Sequence","534.75","",""
"11/08/2022 19:00:00 - 11/08/2022 20:00:00","BZN|EE","Without Sequence","446.00","",""
"11/08/2022 20:00:00 - 11/08/2022 21:00:00","BZN|EE","Without Sequence","158.78","",""
"11/08/2022 21:00:00 - 11/08/2022 22:00:00","BZN|EE","Without Sequence","158.76","",""
"11/08/2022 22:00:00 - 11/08/2022 23:00:00","BZN|EE","Without Sequence","176.18","",""
"11/08/2022 23:00:00 - 12/08/2022 00:00:00","BZN|EE","Without Sequence","159.95","",""
"12/08/2022 00:00:00 - 12/08/2022 01:00:00","BZN|EE","Without Sequence","159.94","",""
"12/08/2022 01:00:00 - 12/08/2022 02:00:00","BZN|EE","Without Sequence","159.92","",""
"12/08/2022 02:00:00 - 12/08/2022 03:00:00","BZN|EE","Without Sequence","159.93","",""
"12/08/2022 03:00:00 - 12/08/2022 04:00:00","BZN|EE","Without Sequence","408.19","",""
"12/08/2022 04:00:00 - 12/08/2022 05:00:00","BZN|EE","Without Sequence","470.70","",""
"12/08/2022 05:00:00 - 12/08/2022 06:00:00","BZN|EE","Without Sequence","513.31","",""
"12/08/2022 06:00:00 - 12/08/2022 07:00:00","BZN|EE","Without Sequence","345.24","",""
"12/08/2022 07:00:00 - 12/08/2022 08:00:00","BZN|EE","Without Sequence","354.16","",""
"12/08/2022 08:00:00 - 12/08/2022 09:00:00","BZN|EE","Without Sequence","351.16","",""
"12/08/2022 09:00:00 - 12/08/2022 10:00:00","BZN|EE","Without Sequence","405.60","",""
"12/08/2022 10:00:00 - 12/08/2022 11:00:00","BZN|EE","Without Sequence","376.39","",""
"12/08/2022 11:00:00 - 12/08/2022 12:00:00","BZN|EE","Without Sequence","328.45","",""
"12/08/2022 12:00:00 - 12/08/2022 13:00:00","BZN|EE","Without Sequence","322.95","",""
"12/08/2022 13:00:00 - 12/08/2022 14:00:00","BZN|EE","Without Sequence","311.35","",""
"12/08/2022 14:00:00 - 12/08/2022 15:00:00","BZN|EE","Without Sequence","309.86","",""
"12/08/2022 15:00:00 - 12/08/2022 16:00:00","BZN|EE","Without Sequence","376.15","",""
"12/08/2022 16:00:00 - 12/08/2022 17:00:00","BZN|EE","Without Sequence","489.99","",""
"12/08/2022 17:00:00 - 12/08/2022 18:00:00","BZN|EE","Without Sequence","560.00","",""
"12/08/2022 18:00:00 - 12/08/2022 19:00:00","BZN|EE","Without Sequence","565.40","",""
"12/08/2022 19:00:00 - 12/08/2022 20:00:00","BZN|EE","Without Sequence","507.78","",""
"12/08/2022 20:00:00 - 12/08/2022 21:00:00","BZN|EE","Without Sequence","469.47","",""
"12/08/2022 21:00:00 - 12/08/2022 22:00:00","BZN|EE","Without Sequence","424.02","",""
"12/08/2022 22:00:00 - 12/08/2022 23:00:00","BZN|EE","Without Sequence","427.23","",""
"12/08/2022 23:00:00 - 13/08/2022 00:00:00","BZN|EE","Without Sequence","400.71","",""
"13/08/2022 00:00:00 - 13/08/2022 01:00:00","BZN|EE","Without Sequence","387.87","",""
"13/08/2022 01:00:00 - 13/08/2022 02:00:00","BZN|EE","Without Sequence","374.09","",""
"13/08/2022 02:00:00 - 13/08/2022 03:00:00","BZN|EE","Without Sequence","375.79","",""
"13/08/2022 03:00:00 - 13/08/2022 04:00:00","BZN|EE","Without Sequence","382.76","",""
"13/08/2022 04:00:00 - 13/08/2022 05:00:00","BZN|EE","Without Sequence","379.90","",""
"13/08/2022 05:00:00 - 13/08/2022 06:00:00","BZN|EE","Without Sequence","388.74","",""
"13/08/2022 06:00:00 - 13/08/2022 07:00:00","BZN|EE","Without Sequence","325.31","",""
"13/08/2022 07:00:00 - 13/08/2022 08:00:00","BZN|EE","Without Sequence","374.50","",""
"13/08/2022 08:00:00 - 13/08/2022 09:00:00","BZN|EE","Without Sequence","328.40","",""
"13/08/2022 09:00:00 - 13/08/2022 10:00:00","BZN|EE","Without Sequence","310.31","",""
"13/08/2022 10:00:00 - 13/08/2022 11:00:00","BZN|EE","Without Sequence","307.30","",""
"13/08/2022 11:00:00 - 13/08/2022 12:00:00","BZN|EE","Without Sequence","288.34","",""
"13/08/2022 12:00:00 - 13/08/2022 13:00:00","BZN|EE","Without Sequence","301.95","",""
"13/08/2022 13:00:00 - 13/08/2022 14:00:00","BZN|EE","Without Sequence","281.59","",""
"13/08/2022 14:00:00 - 13/08/2022 15:00:00","BZN|EE","Without Sequence","319.13","",""
"13/08/2022 15:00:00 - 13/08/2022 16:00:00","BZN|EE","Without Sequence","398.83","",""
"13/08/2022 16:00:00 - 13/08/2022 17:00:00","BZN|EE","Without Sequence","466.20","",""
"13/08/2022 17:00:00 - 13/08/2022 18:00:00","BZN|EE","Without Sequence","503.26","",""
"13/08/2022 18:00:00 - 13/08/2022 19:00:00","BZN|EE","Without Sequence","504.70","",""
"13/08/2022 19:00:00 - 13/08/2022 20:00:00","BZN|EE","Without Sequence","479.94","",""
"13/08/2022 20:00:00 - 13/08/2022 21:00:00","BZN|EE","Without Sequence","461.91","",""
"13/08/2022 21:00:00 - 13/08/2022 22:00:00","BZN|EE","Without Sequence","425.89","",""
"13/08/2022 22:00:00 - 13/08/2022 23:00:00","BZN|EE","Without Sequence","416.30","",""
"13/08/2022 23:00:00 - 14/08/2022 00:00:00","BZN|EE","Without Sequence","397.20","",""
"14/08/2022 00:00:00 - 14/08/2022 01:00:00","BZN|EE","Without Sequence","377.90","",""
"14/08/2022 01:00:00 - 14/08/2022 02:00:00","BZN|EE","Without Sequence","354.00","",""
"14/08/2022 02:00:00 - 14/08/2022 03:00:00","BZN|EE","Without Sequence","350.06","",""
"14/08/2022 03:00:00 - 14/08/2022 04:00:00","BZN|EE","Without Sequence","351.01","",""
"14/08/2022 04:00:00 - 14/08/2022 05:00:00","BZN|EE","Without Sequence","352.77","",""
"14/08/2022 05:00:00 - 14/08/2022 06:00:00","BZN|EE","Without Sequence","249.88","",""
"14/08/2022 06:00:00 - 14/08/2022 07:00:00","BZN|EE","Without Sequence","308.97","",""
"14/08/2022 07:00:00 - 14/08/2022 08:00:00","BZN|EE","Without Sequence","328.81","",""
"14/08/2022 08:00:00 - 14/08/2022 09:00:00","BZN|EE","Without Sequence","309.00","",""
"14/08/2022 09:00:00 - 14/08/2022 10:00:00","BZN|EE","Without Sequence","308.61","",""
"14/08/2022 10:00:00 - 14/08/2022 11:00:00","BZN|EE","Without Sequence","310.69","",""
"14/08/2022 11:00:00 - 14/08/2022 12:00:00","BZN|EE","Without Sequence","311.13","",""
"14/08/2022 12:00:00 - 14/08/2022 13:00:00","BZN|EE","Without Sequence","305.56","",""
"14/08/2022 13:00:00 - 14/08/2022 14:00:00","BZN|EE","Without Sequence","329.99","",""
"14/08/2022 14:00:00 - 14/08/2022 15:00:00","BZN|EE","Without Sequence","329.96","",""
"14/08/2022 15:00:00 - 14/08/2022 16:00:00","BZN|EE","Without Sequence","449.96","",""
"14/08/2022 16:00:00 - 14/08/2022 17:00:00","BZN|EE","Without Sequence","459.69","",""
"14/08/2022 17:00:00 - 14/08/2022 18:00:00","BZN|EE","Without Sequence","459.37","",""
"14/08/2022 18:00:00 - 14/08/2022 19:00:00","BZN|EE","Without Sequence","459.96","",""
"14/08/2022 19:00:00 - 14/08/2022 20:00:00","BZN|EE","Without Sequence","462.60","",""
"14/08/2022 20:00:00 - 14/08/2022 21:00:00","BZN|EE","Without Sequence","455.42","",""
"14/08/2022 21:00:00 - 14/08/2022 22:00:00","BZN|EE","Without Sequence","398.79","",""
"14/08/2022 22:00:00 - 14/08/2022 23:00:00","BZN|EE","Without Sequence","375.03","",""
"14/08/2022 23:00:00 - 15/08/2022 00:00:00","BZN|EE","Without Sequence","361.09","",""
"15/08/2022 00:00:00 - 15/08/2022 01:00:00","BZN|EE","Without Sequence","360.64","",""
"15/08/2022 01:00:00 - 15/08/2022 02:00:00","BZN|EE","Without Sequence","350.00","",""
"15/08/2022 02:00:00 - 15/08/2022 03:00:00","BZN|EE","Without Sequence","352.99","",""
"15/08/2022 03:00:00 - 15/08/2022 04:00:00","BZN|EE","Without Sequence","343.14","",""
"15/08/2022 04:00:00 - 15/08/2022 05:00:00","BZN|EE","Without Sequence","338.69","",""
"15/08/2022 05:00:00 - 15/08/2022 06:00:00","BZN|EE","Without Sequence","428.71","",""
"15/08/2022 06:00:00 - 15/08/2022 07:00:00","BZN|EE","Without Sequence","466.99","",""
"15/08/2022 07:00:00 - 15/08/2022 08:00:00","BZN|EE","Without Sequence","520.02","",""
"15/08/2022 08:00:00 - 15/08/2022 09:00:00","BZN|EE","Without Sequence","520.05","",""
"15/08/2022 09:00:00 - 15/08/2022 10:00:00","BZN|EE","Without Sequence","520.08","",""
"15/08/2022 10:00:00 - 15/08/2022 11:00:00","BZN|EE","Without Sequence","520.01","",""
"15/08/2022 11:00:00 - 15/08/2022 12:00:00","BZN|EE","Without Sequence","458.70","",""
"15/08/2022 12:00:00 - 15/08/2022 13:00:00","BZN|EE","Without Sequence","520.01","",""
"15/08/2022 13:00:00 - 15/08/2022 14:00:00","BZN|EE","Without Sequence","520.01","",""
"15/08/2022 14:00:00 - 15/08/2022 15:00:00","BZN|EE","Without Sequence","520.01","",""
"15/08/2022 15:00:00 - 15/08/2022 16:00:00","BZN|EE","Without Sequence","520.04","",""
"15/08/2022 16:00:00 - 15/08/2022 17:00:00","BZN|EE","Without Sequence","520.03","",""
"15/08/2022 17:00:00 - 15/08/2022 18:00:00","BZN|EE","Without Sequence","520.01","",""
"15/08/2022 18:00:00 - 15/08/2022 19:00:00","BZN|EE","Without Sequence","555.72","",""
"15/08/2022 19:00:00 - 15/08/2022 20:00:00","BZN|EE","Without Sequence","523.81","",""
"15/08/2022 20:00:00 - 15/08/2022 21:00:00","BZN|EE","Without Sequence","507.00","",""
"15/08/2022 21:00:00 - 15/08/2022 22:00:00","BZN|EE","Without Sequence","475.42","",""
"15/08/2022 22:00:00 - 15/08/2022 23:00:00","BZN|EE","Without Sequence","198.05","",""
"15/08/2022 23:00:00 - 16/08/2022 00:00:00","BZN|EE","Without Sequence","207.11","",""
"16/08/2022 00:00:00 - 16/08/2022 01:00:00","BZN|EE","Without Sequence","198.24","",""
"16/08/2022 01:00:00 - 16/08/2022 02:00:00","BZN|EE","Without Sequence","176.62","",""
"16/08/2022 02:00:00 - 16/08/2022 03:00:00","BZN|EE","Without Sequence","201.25","",""
"16/08/2022 03:00:00 - 16/08/2022 04:00:00","BZN|EE","Without Sequence","341.05","",""
"16/08/2022 04:00:00 - 16/08/2022 05:00:00","BZN|EE","Without Sequence","367.21","",""
"16/08/2022 05:00:00 - 16/08/2022 06:00:00","BZN|EE","Without Sequence","703.37","",""
"16/08/2022 06:00:00 - 16/08/2022 07:00:00","BZN|EE","Without Sequence","549.97","",""
"16/08/2022 07:00:00 - 16/08/2022 08:00:00","BZN|EE","Without Sequence","598.98","",""
"16/08/2022 08:00:00 - 16/08/2022 09:00:00","BZN|EE","Without Sequence","599.99","",""
"16/08/2022 09:00:00 - 16/08/2022 10:00:00","BZN|EE","Without Sequence","598.93","",""
"16/08/2022 10:00:00 - 16/08/2022 11:00:00","BZN|EE","Without Sequence","619.74","",""
"16/08/2022 11:00:00 - 16/08/2022 12:00:00","BZN|EE","Without Sequence","549.94","",""
"16/08/2022 12:00:00 - 16/08/2022 13:00:00","BZN|EE","Without Sequence","507.51","",""
"16/08/2022 13:00:00 - 16/08/2022 14:00:00","BZN|EE","Without Sequence","398.77","",""
"16/08/2022 14:00:00 - 16/08/2022 15:00:00","BZN|EE","Without Sequence","416.40","",""
"16/08/2022 15:00:00 - 16/08/2022 16:00:00","BZN|EE","Without Sequence","708.09","",""
"16/08/2022 16:00:00 - 16/08/2022 17:00:00","BZN|EE","Without Sequence","750.03","",""
"16/08/2022 17:00:00 - 16/08/2022 18:00:00","BZN|EE","Without Sequence","645.71","",""
"16/08/2022 18:00:00 - 16/08/2022 19:00:00","BZN|EE","Without Sequence","614.96","",""
"16/08/2022 19:00:00 - 16/08/2022 20:00:00","BZN|EE","Without Sequence","567.33","",""
"16/08/2022 20:00:00 - 16/08/2022 21:00:00","BZN|EE","Without Sequence","476.32","",""
"16/08/2022 21:00:00 - 16/08/2022 22:00:00","BZN|EE","Without Sequence","500.96","",""
"16/08/2022 22:00:00 - 16/08/2022 23:00:00","BZN|EE","Without Sequence","523.94","",""
"16/08/2022 23:00:00 - 17/08/2022 00:00:00","BZN|EE","Without Sequence","483.88","",""
"17/08/2022 00:00:00 - 17/08/2022 01:00:00","BZN|EE","Without Sequence","472.13","",""
"17/08/2022 01:00:00 - 17/08/2022 02:00:00","BZN|EE","Without Sequence","460.47","",""
"17/08/2022 02:00:00 - 17/08/2022 03:00:00","BZN|EE","Without Sequence","466.52","",""
"17/08/2022 03:00:00 - 17/08/2022 04:00:00","BZN|EE","Without Sequence","492.14","",""
"17/08/2022 04:00:00 - 17/08/2022 05:00:00","BZN|EE","Without Sequence","549.70","",""
"17/08/2022 05:00:00 - 17/08/2022 06:00:00","BZN|EE","Without Sequence","748.86","",""
"17/08/2022 06:00:00 - 17/08/2022 07:00:00","BZN|EE","Without Sequence","750.05","",""
"17/08/2022 07:00:00 - 17/08/2022 08:00:00","BZN|EE","Without Sequence","324.98","",""
"17/08/2022 08:00:00 - 17/08/2022 09:00:00","BZN|EE","Without Sequence","351.35","",""
"17/08/2022 09:00:00 - 17/08/2022 10:00:00","BZN|EE","Without Sequence","359.98","",""
"17/08/2022 10:00:00 - 17/08/2022 11:00:00","BZN|EE","Without Sequence","324.98","",""
"17/08/2022 11:00:00 - 17/08/2022 12:00:00","BZN|EE","Without Sequence","314.96","",""
"17/08/2022 12:00:00 - 17/08/2022 13:00:00","BZN|EE","Without Sequence","305.72","",""
"17/08/2022 13:00:00 - 17/08/2022 14:00:00","BZN|EE","Without Sequence","750.00","",""
"17/08/2022 14:00:00 - 17/08/2022 15:00:00","BZN|EE","Without Sequence","750.08","",""
"17/08/2022 15:00:00 - 17/08/2022 16:00:00","BZN|EE","Without Sequence","4000.00","",""
"17/08/2022 16:00:00 - 17/08/2022 17:00:00","BZN|EE","Without Sequence","750.08","",""
"17/08/2022 17:00:00 - 17/08/2022 18:00:00","BZN|EE","Without Sequence","750.05","",""
"17/08/2022 18:00:00 - 17/08/2022 19:00:00","BZN|EE","Without Sequence","748.88","",""
"17/08/2022 19:00:00 - 17/08/2022 20:00:00","BZN|EE","Without Sequence","629.09","",""
"17/08/2022 20:00:00 - 17/08/2022 21:00:00","BZN|EE","Without Sequence","552.03","",""
"17/08/2022 21:00:00 - 17/08/2022 22:00:00","BZN|EE","Without Sequence","509.26","",""
"17/08/2022 22:00:00 - 17/08/2022 23:00:00","BZN|EE","Without Sequence","511.34","",""
"17/08/2022 23:00:00 - 18/08/2022 00:00:00","BZN|EE","Without Sequence","479.90","",""
"18/08/2022 00:00:00 - 18/08/2022 01:00:00","BZN|EE","Without Sequence","424.30","",""
"18/08/2022 01:00:00 - 18/08/2022 02:00:00","BZN|EE","Without Sequence","324.01","",""
"18/08/2022 02:00:00 - 18/08/2022 03:00:00","BZN|EE","Without Sequence","452.24","",""
"18/08/2022 03:00:00 - 18/08/2022 04:00:00","BZN|EE","Without Sequence","502.79","",""
"18/08/2022 04:00:00 - 18/08/2022 05:00:00","BZN|EE","Without Sequence","549.92","",""
"18/08/2022 05:00:00 - 18/08/2022 06:00:00","BZN|EE","Without Sequence","599.99","",""
"18/08/2022 06:00:00 - 18/08/2022 07:00:00","BZN|EE","Without Sequence","630.19","",""
"18/08/2022 07:00:00 - 18/08/2022 08:00:00","BZN|EE","Without Sequence","630.14","",""
"18/08/2022 08:00:00 - 18/08/2022 09:00:00","BZN|EE","Without Sequence","630.12","",""
"18/08/2022 09:00:00 - 18/08/2022 10:00:00","BZN|EE","Without Sequence","593.15","",""
"18/08/2022 10:00:00 - 18/08/2022 11:00:00","BZN|EE","Without Sequence","630.15","",""
"18/08/2022 11:00:00 - 18/08/2022 12:00:00","BZN|EE","Without Sequence","667.04","",""
"18/08/2022 12:00:00 - 18/08/2022 13:00:00","BZN|EE","Without Sequence","630.12","",""
"18/08/2022 13:00:00 - 18/08/2022 14:00:00","BZN|EE","Without Sequence","599.99","",""
"18/08/2022 14:00:00 - 18/08/2022 15:00:00","BZN|EE","Without Sequence","589.81","",""
"18/08/2022 15:00:00 - 18/08/2022 16:00:00","BZN|EE","Without Sequence","616.96","",""
"18/08/2022 16:00:00 - 18/08/2022 17:00:00","BZN|EE","Without Sequence","650.01","",""
"18/08/2022 17:00:00 - 18/08/2022 18:00:00","BZN|EE","Without Sequence","658.25","",""
"18/08/2022 18:00:00 - 18/08/2022 19:00:00","BZN|EE","Without Sequence","570.93","",""
"18/08/2022 19:00:00 - 18/08/2022 20:00:00","BZN|EE","Without Sequence","600.06","",""
"18/08/2022 20:00:00 - 18/08/2022 21:00:00","BZN|EE","Without Sequence","562.93","",""
"18/08/2022 21:00:00 - 18/08/2022 22:00:00","BZN|EE","Without Sequence","220.01","",""
"18/08/2022 22:00:00 - 18/08/2022 23:00:00","BZN|EE","Without Sequence","510.09","",""
"18/08/2022 23:00:00 - 19/08/2022 00:00:00","BZN|EE","Without Sequence","467.63","",""
"19/08/2022 00:00:00 - 19/08/2022 01:00:00","BZN|EE","Without Sequence","450.10","",""
"19/08/2022 01:00:00 - 19/08/2022 02:00:00","BZN|EE","Without Sequence","438.68","",""
"19/08/2022 02:00:00 - 19/08/2022 03:00:00","BZN|EE","Without Sequence","439.39","",""
"19/08/2022 03:00:00 - 19/08/2022 04:00:00","BZN|EE","Without Sequence","502.44","",""
"19/08/2022 04:00:00 - 19/08/2022 05:00:00","BZN|EE","Without Sequence","501.54","",""
"19/08/2022 05:00:00 - 19/08/2022 06:00:00","BZN|EE","Without Sequence","571.83","",""
"19/08/2022 06:00:00 - 19/08/2022 07:00:00","BZN|EE","Without Sequence","589.31","",""
"19/08/2022 07:00:00 - 19/08/2022 08:00:00","BZN|EE","Without Sequence","576.32","",""
"19/08/2022 08:00:00 - 19/08/2022 09:00:00","BZN|EE","Without Sequence","568.44","",""
"19/08/2022 09:00:00 - 19/08/2022 10:00:00","BZN|EE","Without Sequence","550.86","",""
"19/08/2022 10:00:00 - 19/08/2022 11:00:00","BZN|EE","Without Sequence","540.12","",""
"19/08/2022 11:00:00 - 19/08/2022 12:00:00","BZN|EE","Without Sequence","493.32","",""
"19/08/2022 12:00:00 - 19/08/2022 13:00:00","BZN|EE","Without Sequence","471.59","",""
"19/08/2022 13:00:00 - 19/08/2022 14:00:00","BZN|EE","Without Sequence","471.11","",""
"19/08/2022 14:00:00 - 19/08/2022 15:00:00","BZN|EE","Without Sequence","490.86","",""
"19/08/2022 15:00:00 - 19/08/2022 16:00:00","BZN|EE","Without Sequence","517.42","",""
"19/08/2022 16:00:00 - 19/08/2022 17:00:00","BZN|EE","Without Sequence","535.28","",""
"19/08/2022 17:00:00 - 19/08/2022 18:00:00","BZN|EE","Without Sequence","457.83","",""
"19/08/2022 18:00:00 - 19/08/2022 19:00:00","BZN|EE","Without Sequence","402.78","",""
"19/08/2022 19:00:00 - 19/08/2022 20:00:00","BZN|EE","Without Sequence","550.00","",""
"19/08/2022 20:00:00 - 19/08/2022 21:00:00","BZN|EE","Without Sequence","500.01","",""
"19/08/2022 21:00:00 - 19/08/2022 22:00:00","BZN|EE","Without Sequence","154.73","",""
"19/08/2022 22:00:00 - 19/08/2022 23:00:00","BZN|EE","Without Sequence","60.10","",""
"19/08/2022 23:00:00 - 20/08/2022 00:00:00","BZN|EE","Without Sequence","500.05","",""
"20/08/2022 00:00:00 - 20/08/2022 01:00:00","BZN|EE","Without Sequence","189.22","",""
"20/08/2022 01:00:00 - 20/08/2022 02:00:00","BZN|EE","Without Sequence","177.08","",""
"20/08/2022 02:00:00 - 20/08/2022 03:00:00","BZN|EE","Without Sequence","177.07","",""
"20/08/2022 03:00:00 - 20/08/2022 04:00:00","BZN|EE","Without Sequence","177.06","",""
"20/08/2022 04:00:00 - 20/08/2022 05:00:00","BZN|EE","Without Sequence","177.03","",""
"20/08/2022 05:00:00 - 20/08/2022 06:00:00","BZN|EE","Without Sequence","33.65","",""
"20/08/2022 06:00:00 - 20/08/2022 07:00:00","BZN|EE","Without Sequence","69.91","",""
"20/08/2022 07:00:00 - 20/08/2022 08:00:00","BZN|EE","Without Sequence","175.09","",""
"20/08/2022 08:00:00 - 20/08/2022 09:00:00","BZN|EE","Without Sequence","177.01","",""
"20/08/2022 09:00:00 - 20/08/2022 10:00:00","BZN|EE","Without Sequence","80.06","",""
"20/08/2022 10:00:00 - 20/08/2022 11:00:00","BZN|EE","Without Sequence","27.90","",""
"20/08/2022 11:00:00 - 20/08/2022 12:00:00","BZN|EE","Without Sequence","16.68","",""
"20/08/2022 12:00:00 - 20/08/2022 13:00:00","BZN|EE","Without Sequence","15.88","",""
"20/08/2022 13:00:00 - 20/08/2022 14:00:00","BZN|EE","Without Sequence","21.07","",""
"20/08/2022 14:00:00 - 20/08/2022 15:00:00","BZN|EE","Without Sequence","27.28","",""
"20/08/2022 15:00:00 - 20/08/2022 16:00:00","BZN|EE","Without Sequence","53.94","",""
"20/08/2022 16:00:00 - 20/08/2022 17:00:00","BZN|EE","Without Sequence","78.22","",""
"20/08/2022 17:00:00 - 20/08/2022 18:00:00","BZN|EE","Without Sequence","79.09","",""
"20/08/2022 18:00:00 - 20/08/2022 19:00:00","BZN|EE","Without Sequence","62.25","",""
"20/08/2022 19:00:00 - 20/08/2022 20:00:00","BZN|EE","Without Sequence","535.33","",""
"20/08/2022 20:00:00 - 20/08/2022 21:00:00","BZN|EE","Without Sequence","417.51","",""
"20/08/2022 21:00:00 - 20/08/2022 22:00:00","BZN|EE","Without Sequence","177.09","",""
"20/08/2022 22:00:00 - 20/08/2022 23:00:00","BZN|EE","Without Sequence","178.65","",""
"20/08/2022 23:00:00 - 21/08/2022 00:00:00","BZN|EE","Without Sequence","80.10","",""
"21/08/2022 00:00:00 - 21/08/2022 01:00:00","BZN|EE","Without Sequence","0.44","",""
"21/08/2022 01:00:00 - 21/08/2022 02:00:00","BZN|EE","Without Sequence","0.46","",""
"21/08/2022 02:00:00 - 21/08/2022 03:00:00","BZN|EE","Without Sequence","0.49","",""
"21/08/2022 03:00:00 - 21/08/2022 04:00:00","BZN|EE","Without Sequence","0.64","",""
"21/08/2022 04:00:00 - 21/08/2022 05:00:00","BZN|EE","Without Sequence","6.21","",""
"21/08/2022 05:00:00 - 21/08/2022 06:00:00","BZN|EE","Without Sequence","34.24","",""
"21/08/2022 06:00:00 - 21/08/2022 07:00:00","BZN|EE","Without Sequence","74.36","",""
"21/08/2022 07:00:00 - 21/08/2022 08:00:00","BZN|EE","Without Sequence","74.91","",""
"21/08/2022 08:00:00 - 21/08/2022 09:00:00","BZN|EE","Without Sequence","61.18","",""
"21/08/2022 09:00:00 - 21/08/2022 10:00:00","BZN|EE","Without Sequence","71.32","",""
"21/08/2022 10:00:00 - 21/08/2022 11:00:00","BZN|EE","Without Sequence","48.82","",""
"21/08/2022 11:00:00 - 21/08/2022 12:00:00","BZN|EE","Without Sequence","30.75","",""
"21/08/2022 12:00:00 - 21/08/2022 13:00:00","BZN|EE","Without Sequence","28.75","",""
"21/08/2022 13:00:00 - 21/08/2022 14:00:00","BZN|EE","Without Sequence","29.93","",""
"21/08/2022 14:00:00 - 21/08/2022 15:00:00","BZN|EE","Without Sequence","32.19","",""
"21/08/2022 15:00:00 - 21/08/2022 16:00:00","BZN|EE","Without Sequence","24.99","",""
"21/08/2022 16:00:00 - 21/08/2022 17:00:00","BZN|EE","Without Sequence","530.00","",""
"21/08/2022 17:00:00 - 21/08/2022 18:00:00","BZN|EE","Without Sequence","592.00","",""
"21/08/2022 18:00:00 - 21/08/2022 19:00:00","BZN|EE","Without Sequence","624.72","",""
"21/08/2022 19:00:00 - 21/08/2022 20:00:00","BZN|EE","Without Sequence","609.04","",""
"21/08/2022 20:00:00 - 21/08/2022 21:00:00","BZN|EE","Without Sequence","178.64","",""
"21/08/2022 21:00:00 - 21/08/2022 22:00:00","BZN|EE","Without Sequence","139.95","",""
"21/08/2022 22:00:00 - 21/08/2022 23:00:00","BZN|EE","Without Sequence","4.55","",""
"21/08/2022 23:00:00 - 22/08/2022 00:00:00","BZN|EE","Without Sequence","3.04","",""
"22/08/2022 00:00:00 - 22/08/2022 01:00:00","BZN|EE","Without Sequence","2.38","",""
"22/08/2022 01:00:00 - 22/08/2022 02:00:00","BZN|EE","Without Sequence","2.38","",""
"22/08/2022 02:00:00 - 22/08/2022 03:00:00","BZN|EE","Without Sequence","3.12","",""
"22/08/2022 03:00:00 - 22/08/2022 04:00:00","BZN|EE","Without Sequence","150.01","",""
"22/08/2022 04:00:00 - 22/08/2022 05:00:00","BZN|EE","Without Sequence","342.93","",""
"22/08/2022 05:00:00 - 22/08/2022 06:00:00","BZN|EE","Without Sequence","429.43","",""
"22/08/2022 06:00:00 - 22/08/2022 07:00:00","BZN|EE","Without Sequence","540.82","",""
"22/08/2022 07:00:00 - 22/08/2022 08:00:00","BZN|EE","Without Sequence","557.49","",""
"22/08/2022 08:00:00 - 22/08/2022 09:00:00","BZN|EE","Without Sequence","569.46","",""
"22/08/2022 09:00:00 - 22/08/2022 10:00:00","BZN|EE","Without Sequence","553.88","",""
"22/08/2022 10:00:00 - 22/08/2022 11:00:00","BZN|EE","Without Sequence","484.37","",""
"22/08/2022 11:00:00 - 22/08/2022 12:00:00","BZN|EE","Without Sequence","439.94","",""
"22/08/2022 12:00:00 - 22/08/2022 13:00:00","BZN|EE","Without Sequence","439.99","",""
"22/08/2022 13:00:00 - 22/08/2022 14:00:00","BZN|EE","Without Sequence","530.21","",""
"22/08/2022 14:00:00 - 22/08/2022 15:00:00","BZN|EE","Without Sequence","557.52","",""
"22/08/2022 15:00:00 - 22/08/2022 16:00:00","BZN|EE","Without Sequence","565.96","",""
"22/08/2022 16:00:00 - 22/08/2022 17:00:00","BZN|EE","Without Sequence","624.64","",""
"22/08/2022 17:00:00 - 22/08/2022 18:00:00","BZN|EE","Without Sequence","565.92","",""
"22/08/2022 18:00:00 - 22/08/2022 19:00:00","BZN|EE","Without Sequence","557.70","",""
"22/08/2022 19:00:00 - 22/08/2022 20:00:00","BZN|EE","Without Sequence","439.93","",""
"22/08/2022 20:00:00 - 22/08/2022 21:00:00","BZN|EE","Without Sequence","399.41","",""
"22/08/2022 21:00:00 - 22/08/2022 22:00:00","BZN|EE","Without Sequence","279.95","",""
"22/08/2022 22:00:00 - 22/08/2022 23:00:00","BZN|EE","Without Sequence","210.22","",""
"22/08/2022 23:00:00 - 23/08/2022 00:00:00","BZN|EE","Without Sequence","170.00","",""
"23/08/2022 00:00:00 - 23/08/2022 01:00:00","BZN|EE","Without Sequence","156.05","",""
"23/08/2022 01:00:00 - 23/08/2022 02:00:00","BZN|EE","Without Sequence","169.96","",""
"23/08/2022 02:00:00 - 23/08/2022 03:00:00","BZN|EE","Without Sequence","230.00","",""
"23/08/2022 03:00:00 - 23/08/2022 04:00:00","BZN|EE","Without Sequence","352.95","",""
"23/08/2022 04:00:00 - 23/08/2022 05:00:00","BZN|EE","Without Sequence","627.95","",""
"23/08/2022 05:00:00 - 23/08/2022 06:00:00","BZN|EE","Without Sequence","652.17","",""
"23/08/2022 06:00:00 - 23/08/2022 07:00:00","BZN|EE","Without Sequence","680.00","",""
"23/08/2022 07:00:00 - 23/08/2022 08:00:00","BZN|EE","Without Sequence","640.10","",""
"23/08/2022 08:00:00 - 23/08/2022 09:00:00","BZN|EE","Without Sequence","614.01","",""
"23/08/2022 09:00:00 - 23/08/2022 10:00:00","BZN|EE","Without Sequence","551.40","",""
"23/08/2022 10:00:00 - 23/08/2022 11:00:00","BZN|EE","Without Sequence","548.88","",""
"23/08/2022 11:00:00 - 23/08/2022 12:00:00","BZN|EE","Without Sequence","518.46","",""
"23/08/2022 12:00:00 - 23/08/2022 13:00:00","BZN|EE","Without Sequence","549.81","",""
"23/08/2022 13:00:00 - 23/08/2022 14:00:00","BZN|EE","Without Sequence","570.06","",""
"23/08/2022 14:00:00 - 23/08/2022 15:00:00","BZN|EE","Without Sequence","599.96","",""
"23/08/2022 15:00:00 - 23/08/2022 16:00:00","BZN|EE","Without Sequence","632.60","",""
"23/08/2022 16:00:00 - 23/08/2022 17:00:00","BZN|EE","Without Sequence","696.52","",""
"23/08/2022 17:00:00 - 23/08/2022 18:00:00","BZN|EE","Without Sequence","749.44","",""
"23/08/2022 18:00:00 - 23/08/2022 19:00:00","BZN|EE","Without Sequence","625.06","",""
"23/08/2022 19:00:00 - 23/08/2022 20:00:00","BZN|EE","Without Sequence","584.92","",""
"23/08/2022 20:00:00 - 23/08/2022 21:00:00","BZN|EE","Without Sequence","444.99","",""
"23/08/2022 21:00:00 - 23/08/2022 22:00:00","BZN|EE","Without Sequence","304.04","",""
"23/08/2022 22:00:00 - 23/08/2022 23:00:00","BZN|EE","Without Sequence","260.30","",""
"23/08/2022 23:00:00 - 24/08/2022 00:00:00","BZN|EE","Without Sequence","215.52","",""
"24/08/2022 00:00:00 - 24/08/2022 01:00:00","BZN|EE","Without Sequence","199.99","",""
"24/08/2022 01:00:00 - 24/08/2022 02:00:00","BZN|EE","Without Sequence","182.97","",""
"24/08/2022 02:00:00 - 24/08/2022 03:00:00","BZN|EE","Without Sequence","160.67","",""
"24/08/2022 03:00:00 - 24/08/2022 04:00:00","BZN|EE","Without Sequence","254.11","",""
"24/08/2022 04:00:00 - 24/08/2022 05:00:00","BZN|EE","Without Sequence","355.52","",""
"24/08/2022 05:00:00 - 24/08/2022 06:00:00","BZN|EE","Without Sequence","471.28","",""
"24/08/2022 06:00:00 - 24/08/2022 07:00:00","BZN|EE","Without Sequence","512.07","",""
"24/08/2022 07:00:00 - 24/08/2022 08:00:00","BZN|EE","Without Sequence","562.27","",""
"24/08/2022 08:00:00 - 24/08/2022 09:00:00","BZN|EE","Without Sequence","573.94","",""
"24/08/2022 09:00:00 - 24/08/2022 10:00:00","BZN|EE","Without Sequence","563.05","",""
"24/08/2022 10:00:00 - 24/08/2022 11:00:00","BZN|EE","Without Sequence","503.74","",""
"24/08/2022 11:00:00 - 24/08/2022 12:00:00","BZN|EE","Without Sequence","480.07","",""
"24/08/2022 12:00:00 - 24/08/2022 13:00:00","BZN|EE","Without Sequence","521.76","",""
"24/08/2022 13:00:00 - 24/08/2022 14:00:00","BZN|EE","Without Sequence","518.08","",""
"24/08/2022 14:00:00 - 24/08/2022 15:00:00","BZN|EE","Without Sequence","499.93","",""
"24/08/2022 15:00:00 - 24/08/2022 16:00:00","BZN|EE","Without Sequence","513.05","",""
"24/08/2022 16:00:00 - 24/08/2022 17:00:00","BZN|EE","Without Sequence","534.94","",""
"24/08/2022 17:00:00 - 24/08/2022 18:00:00","BZN|EE","Without Sequence","499.90","",""
"24/08/2022 18:00:00 - 24/08/2022 19:00:00","BZN|EE","Without Sequence","431.49","",""
"24/08/2022 19:00:00 - 24/08/2022 20:00:00","BZN|EE","Without Sequence","552.03","",""
"24/08/2022 20:00:00 - 24/08/2022 21:00:00","BZN|EE","Without Sequence","431.08","",""
"24/08/2022 21:00:00 - 24/08/2022 22:00:00","BZN|EE","Without Sequence","255.33","",""
"24/08/2022 22:00:00 - 24/08/2022 23:00:00","BZN|EE","Without Sequence","194.92","",""
"24/08/2022 23:00:00 - 25/08/2022 00:00:00","BZN|EE","Without Sequence","188.53","",""
"25/08/2022 00:00:00 - 25/08/2022 01:00:00","BZN|EE","Without Sequence","199.47","",""
"25/08/2022 01:00:00 - 25/08/2022 02:00:00","BZN|EE","Without Sequence","211.92","",""
"25/08/2022 02:00:00 - 25/08/2022 03:00:00","BZN|EE","Without Sequence","263.75","",""
"25/08/2022 03:00:00 - 25/08/2022 04:00:00","BZN|EE","Without Sequence","285.95","",""
"25/08/2022 04:00:00 - 25/08/2022 05:00:00","BZN|EE","Without Sequence","489.99","",""
"25/08/2022 05:00:00 - 25/08/2022 06:00:00","BZN|EE","Without Sequence","662.03","",""
"25/08/2022 06:00:00 - 25/08/2022 07:00:00","BZN|EE","Without Sequence","690.48","",""
"25/08/2022 07:00:00 - 25/08/2022 08:00:00","BZN|EE","Without Sequence","640.23","",""
"25/08/2022 08:00:00 - 25/08/2022 09:00:00","BZN|EE","Without Sequence","600.01","",""
"25/08/2022 09:00:00 - 25/08/2022 10:00:00","BZN|EE","Without Sequence","584.48","",""
"25/08/2022 10:00:00 - 25/08/2022 11:00:00","BZN|EE","Without Sequence","576.85","",""
"25/08/2022 11:00:00 - 25/08/2022 12:00:00","BZN|EE","Without Sequence","567.47","",""
"25/08/2022 12:00:00 - 25/08/2022 13:00:00","BZN|EE","Without Sequence","502.59","",""
"25/08/2022 13:00:00 - 25/08/2022 14:00:00","BZN|EE","Without Sequence","524.96","",""
"25/08/2022 14:00:00 - 25/08/2022 15:00:00","BZN|EE","Without Sequence","550.80","",""
"25/08/2022 15:00:00 - 25/08/2022 16:00:00","BZN|EE","Without Sequence","686.80","",""
"25/08/2022 16:00:00 - 25/08/2022 17:00:00","BZN|EE","Without Sequence","714.23","",""
"25/08/2022 17:00:00 - 25/08/2022 18:00:00","BZN|EE","Without Sequence","748.39","",""
"25/08/2022 18:00:00 - 25/08/2022 19:00:00","BZN|EE","Without Sequence","741.76","",""
"25/08/2022 19:00:00 - 25/08/2022 20:00:00","BZN|EE","Without Sequence","640.00","",""
"25/08/2022 20:00:00 - 25/08/2022 21:00:00","BZN|EE","Without Sequence","470.03","",""
"25/08/2022 21:00:00 - 25/08/2022 22:00:00","BZN|EE","Without Sequence","299.16","",""
"25/08/2022 22:00:00 - 25/08/2022 23:00:00","BZN|EE","Without Sequence","206.93","",""
"25/08/2022 23:00:00 - 26/08/2022 00:00:00","BZN|EE","Without Sequence","194.65","",""
"26/08/2022 00:00:00 - 26/08/2022 01:00:00","BZN|EE","Without Sequence","149.99","",""
"26/08/2022 01:00:00 - 26/08/2022 02:00:00","BZN|EE","Without Sequence","145.71","",""
"26/08/2022 02:00:00 - 26/08/2022 03:00:00","BZN|EE","Without Sequence","142.06","",""
"26/08/2022 03:00:00 - 26/08/2022 04:00:00","BZN|EE","Without Sequence","199.10","",""
"26/08/2022 04:00:00 - 26/08/2022 05:00:00","BZN|EE","Without Sequence","340.99","",""
"26/08/2022 05:00:00 - 26/08/2022 06:00:00","BZN|EE","Without Sequence","499.94","",""
"26/08/2022 06:00:00 - 26/08/2022 07:00:00","BZN|EE","Without Sequence","619.96","",""
"26/08/2022 07:00:00 - 26/08/2022 08:00:00","BZN|EE","Without Sequence","762.86","",""
"26/08/2022 08:00:00 - 26/08/2022 09:00:00","BZN|EE","Without Sequence","753.73","",""
"26/08/2022 09:00:00 - 26/08/2022 10:00:00","BZN|EE","Without Sequence","750.03","",""
"26/08/2022 10:00:00 - 26/08/2022 11:00:00","BZN|EE","Without Sequence","685.47","",""
"26/08/2022 11:00:00 - 26/08/2022 12:00:00","BZN|EE","Without Sequence","660.64","",""
"26/08/2022 12:00:00 - 26/08/2022 13:00:00","BZN|EE","Without Sequence","678.26","",""
"26/08/2022 13:00:00 - 26/08/2022 14:00:00","BZN|EE","Without Sequence","649.94","",""
"26/08/2022 14:00:00 - 26/08/2022 15:00:00","BZN|EE","Without Sequence","611.42","",""
"26/08/2022 15:00:00 - 26/08/2022 16:00:00","BZN|EE","Without Sequence","748.85","",""
"26/08/2022 16:00:00 - 26/08/2022 17:00:00","BZN|EE","Without Sequence","770.00","",""
"26/08/2022 17:00:00 - 26/08/2022 18:00:00","BZN|EE","Without Sequence","552.68","",""
"26/08/2022 18:00:00 - 26/08/2022 19:00:00","BZN|EE","Without Sequence","476.46","",""
"26/08/2022 19:00:00 - 26/08/2022 20:00:00","BZN|EE","Without Sequence","301.07","",""
"26/08/2022 20:00:00 - 26/08/2022 21:00:00","BZN|EE","Without Sequence","200.01","",""
"26/08/2022 21:00:00 - 26/08/2022 22:00:00","BZN|EE","Without Sequence","135.84","",""
"26/08/2022 22:00:00 - 26/08/2022 23:00:00","BZN|EE","Without Sequence","144.98","",""
"26/08/2022 23:00:00 - 27/08/2022 00:00:00","BZN|EE","Without Sequence","110.36","",""
"27/08/2022 00:00:00 - 27/08/2022 01:00:00","BZN|EE","Without Sequence","138.92","",""
"27/08/2022 01:00:00 - 27/08/2022 02:00:00","BZN|EE","Without Sequence","140.08","",""
"27/08/2022 02:00:00 - 27/08/2022 03:00:00","BZN|EE","Without Sequence","121.62","",""
"27/08/2022 03:00:00 - 27/08/2022 04:00:00","BZN|EE","Without Sequence","143.62","",""
"27/08/2022 04:00:00 - 27/08/2022 05:00:00","BZN|EE","Without Sequence","153.30","",""
"27/08/2022 05:00:00 - 27/08/2022 06:00:00","BZN|EE","Without Sequence","144.92","",""
"27/08/2022 06:00:00 - 27/08/2022 07:00:00","BZN|EE","Without Sequence","199.48","",""
"27/08/2022 07:00:00 - 27/08/2022 08:00:00","BZN|EE","Without Sequence","218.11","",""
"27/08/2022 08:00:00 - 27/08/2022 09:00:00","BZN|EE","Without Sequence","349.99","",""
"27/08/2022 09:00:00 - 27/08/2022 10:00:00","BZN|EE","Without Sequence","297.58","",""
"27/08/2022 10:00:00 - 27/08/2022 11:00:00","BZN|EE","Without Sequence","260.09","",""
"27/08/2022 11:00:00 - 27/08/2022 12:00:00","BZN|EE","Without Sequence","218.80","",""
"27/08/2022 12:00:00 - 27/08/2022 13:00:00","BZN|EE","Without Sequence","190.00","",""
"27/08/2022 13:00:00 - 27/08/2022 14:00:00","BZN|EE","Without Sequence","178.20","",""
"27/08/2022 14:00:00 - 27/08/2022 15:00:00","BZN|EE","Without Sequence","247.51","",""
"27/08/2022 15:00:00 - 27/08/2022 16:00:00","BZN|EE","Without Sequence","294.17","",""
"27/08/2022 16:00:00 - 27/08/2022 17:00:00","BZN|EE","Without Sequence","379.96","",""
"27/08/2022 17:00:00 - 27/08/2022 18:00:00","BZN|EE","Without Sequence","389.98","",""
"27/08/2022 18:00:00 - 27/08/2022 19:00:00","BZN|EE","Without Sequence","379.99","",""
"27/08/2022 19:00:00 - 27/08/2022 20:00:00","BZN|EE","Without Sequence","484.94","",""
"27/08/2022 20:00:00 - 27/08/2022 21:00:00","BZN|EE","Without Sequence","261.41","",""
"27/08/2022 21:00:00 - 27/08/2022 22:00:00","BZN|EE","Without Sequence","234.18","",""
"27/08/2022 22:00:00 - 27/08/2022 23:00:00","BZN|EE","Without Sequence","221.81","",""
"27/08/2022 23:00:00 - 28/08/2022 00:00:00","BZN|EE","Without Sequence","190.43","",""
"28/08/2022 00:00:00 - 28/08/2022 01:00:00","BZN|EE","Without Sequence","183.02","",""
"28/08/2022 01:00:00 - 28/08/2022 02:00:00","BZN|EE","Without Sequence","164.42","",""
"28/08/2022 02:00:00 - 28/08/2022 03:00:00","BZN|EE","Without Sequence","134.35","",""
"28/08/2022 03:00:00 - 28/08/2022 04:00:00","BZN|EE","Without Sequence","119.81","",""
"28/08/2022 04:00:00 - 28/08/2022 05:00:00","BZN|EE","Without Sequence","82.02","",""
"28/08/2022 05:00:00 - 28/08/2022 06:00:00","BZN|EE","Without Sequence","151.88","",""
"28/08/2022 06:00:00 - 28/08/2022 07:00:00","BZN|EE","Without Sequence","204.05","",""
"28/08/2022 07:00:00 - 28/08/2022 08:00:00","BZN|EE","Without Sequence","230.01","",""
"28/08/2022 08:00:00 - 28/08/2022 09:00:00","BZN|EE","Without Sequence","233.10","",""
"28/08/2022 09:00:00 - 28/08/2022 10:00:00","BZN|EE","Without Sequence","250.72","",""
"28/08/2022 10:00:00 - 28/08/2022 11:00:00","BZN|EE","Without Sequence","231.87","",""
"28/08/2022 11:00:00 - 28/08/2022 12:00:00","BZN|EE","Without Sequence","226.81","",""
"28/08/2022 12:00:00 - 28/08/2022 13:00:00","BZN|EE","Without Sequence","219.82","",""
"28/08/2022 13:00:00 - 28/08/2022 14:00:00","BZN|EE","Without Sequence","214.33","",""
"28/08/2022 14:00:00 - 28/08/2022 15:00:00","BZN|EE","Without Sequence","210.00","",""
"28/08/2022 15:00:00 - 28/08/2022 16:00:00","BZN|EE","Without Sequence","239.95","",""
"28/08/2022 16:00:00 - 28/08/2022 17:00:00","BZN|EE","Without Sequence","265.10","",""
"28/08/2022 17:00:00 - 28/08/2022 18:00:00","BZN|EE","Without Sequence","228.44","",""
"28/08/2022 18:00:00 - 28/08/2022 19:00:00","BZN|EE","Without Sequence","240.00","",""
"28/08/2022 19:00:00 - 28/08/2022 20:00:00","BZN|EE","Without Sequence","238.56","",""
"28/08/2022 20:00:00 - 28/08/2022 21:00:00","BZN|EE","Without Sequence","191.13","",""
"28/08/2022 21:00:00 - 28/08/2022 22:00:00","BZN|EE","Without Sequence","135.25","",""
"28/08/2022 22:00:00 - 28/08/2022 23:00:00","BZN|EE","Without Sequence","8.28","",""
"28/08/2022 23:00:00 - 29/08/2022 00:00:00","BZN|EE","Without Sequence","7.68","",""
"29/08/2022 00:00:00 - 29/08/2022 01:00:00","BZN|EE","Without Sequence","6.95","",""
"29/08/2022 01:00:00 - 29/08/2022 02:00:00","BZN|EE","Without Sequence","6.96","",""
"29/08/2022 02:00:00 - 29/08/2022 03:00:00","BZN|EE","Without Sequence","9.99","",""
"29/08/2022 03:00:00 - 29/08/2022 04:00:00","BZN|EE","Without Sequence","87.73","",""
"29/08/2022 04:00:00 - 29/08/2022 05:00:00","BZN|EE","Without Sequence","207.00","",""
"29/08/2022 05:00:00 - 29/08/2022 06:00:00","BZN|EE","Without Sequence","391.13","",""
"29/08/2022 06:00:00 - 29/08/2022 07:00:00","BZN|EE","Without Sequence","559.98","",""
"29/08/2022 07:00:00 - 29/08/2022 08:00:00","BZN|EE","Without Sequence","529.99","",""
"29/08/2022 08:00:00 - 29/08/2022 09:00:00","BZN|EE","Without Sequence","529.97","",""
"29/08/2022 09:00:00 - 29/08/2022 10:00:00","BZN|EE","Without Sequence","560.48","",""
"29/08/2022 10:00:00 - 29/08/2022 11:00:00","BZN|EE","Without Sequence","499.07","",""
"29/08/2022 11:00:00 - 29/08/2022 12:00:00","BZN|EE","Without Sequence","466.74","",""
"29/08/2022 12:00:00 - 29/08/2022 13:00:00","BZN|EE","Without Sequence","481.71","",""
"29/08/2022 13:00:00 - 29/08/2022 14:00:00","BZN|EE","Without Sequence","449.95","",""
"29/08/2022 14:00:00 - 29/08/2022 15:00:00","BZN|EE","Without Sequence","401.09","",""
"29/08/2022 15:00:00 - 29/08/2022 16:00:00","BZN|EE","Without Sequence","449.96","",""
"29/08/2022 16:00:00 - 29/08/2022 17:00:00","BZN|EE","Without Sequence","483.32","",""
"29/08/2022 17:00:00 - 29/08/2022 18:00:00","BZN|EE","Without Sequence","441.20","",""
"29/08/2022 18:00:00 - 29/08/2022 19:00:00","BZN|EE","Without Sequence","340.75","",""
"29/08/2022 19:00:00 - 29/08/2022 20:00:00","BZN|EE","Without Sequence","299.99","",""
"29/08/2022 20:00:00 - 29/08/2022 21:00:00","BZN|EE","Without Sequence","144.99","",""
"29/08/2022 21:00:00 - 29/08/2022 22:00:00","BZN|EE","Without Sequence","18.69","",""
"29/08/2022 22:00:00 - 29/08/2022 23:00:00","BZN|EE","Without Sequence","21.02","",""
"29/08/2022 23:00:00 - 30/08/2022 00:00:00","BZN|EE","Without Sequence","19.65","",""
"30/08/2022 00:00:00 - 30/08/2022 01:00:00","BZN|EE","Without Sequence","20.07","",""
"30/08/2022 01:00:00 - 30/08/2022 02:00:00","BZN|EE","Without Sequence","20.41","",""
"30/08/2022 02:00:00 - 30/08/2022 03:00:00","BZN|EE","Without Sequence","36.08","",""
"30/08/2022 03:00:00 - 30/08/2022 04:00:00","BZN|EE","Without Sequence","139.93","",""
"30/08/2022 04:00:00 - 30/08/2022 05:00:00","BZN|EE","Without Sequence","305.37","",""
"30/08/2022 05:00:00 - 30/08/2022 06:00:00","BZN|EE","Without Sequence","759.38","",""
"30/08/2022 06:00:00 - 30/08/2022 07:00:00","BZN|EE","Without Sequence","772.31","",""
"30/08/2022 07:00:00 - 30/08/2022 08:00:00","BZN|EE","Without Sequence","753.08","",""
"30/08/2022 08:00:00 - 30/08/2022 09:00:00","BZN|EE","Without Sequence","715.28","",""
"30/08/2022 09:00:00 - 30/08/2022 10:00:00","BZN|EE","Without Sequence","580.26","",""
"30/08/2022 10:00:00 - 30/08/2022 11:00:00","BZN|EE","Without Sequence","569.34","",""
"30/08/2022 11:00:00 - 30/08/2022 12:00:00","BZN|EE","Without Sequence","571.95","",""
"30/08/2022 12:00:00 - 30/08/2022 13:00:00","BZN|EE","Without Sequence","553.98","",""
"30/08/2022 13:00:00 - 30/08/2022 14:00:00","BZN|EE","Without Sequence","581.30","",""
"30/08/2022 14:00:00 - 30/08/2022 15:00:00","BZN|EE","Without Sequence","573.89","",""
"30/08/2022 15:00:00 - 30/08/2022 16:00:00","BZN|EE","Without Sequence","694.95","",""
"30/08/2022 16:00:00 - 30/08/2022 17:00:00","BZN|EE","Without Sequence","774.66","",""
"30/08/2022 17:00:00 - 30/08/2022 18:00:00","BZN|EE","Without Sequence","799.97","",""
"30/08/2022 18:00:00 - 30/08/2022 19:00:00","BZN|EE","Without Sequence","739.50","",""
"30/08/2022 19:00:00 - 30/08/2022 20:00:00","BZN|EE","Without Sequence","567.53","",""
"30/08/2022 20:00:00 - 30/08/2022 21:00:00","BZN|EE","Without Sequence","340.76","",""
"30/08/2022 21:00:00 - 30/08/2022 22:00:00","BZN|EE","Without Sequence","197.51","",""
"30/08/2022 22:00:00 - 30/08/2022 23:00:00","BZN|EE","Without Sequence","23.46","",""
"30/08/2022 23:00:00 - 31/08/2022 00:00:00","BZN|EE","Without Sequence","24.49","",""
"31/08/2022 00:00:00 - 31/08/2022 01:00:00","BZN|EE","Without Sequence","23.45","",""
"31/08/2022 01:00:00 - 31/08/2022 02:00:00","BZN|EE","Without Sequence","22.85","",""
"31/08/2022 02:00:00 - 31/08/2022 03:00:00","BZN|EE","Without Sequence","23.20","",""
"31/08/2022 03:00:00 - 31/08/2022 04:00:00","BZN|EE","Without Sequence","134.79","",""
"31/08/2022 04:00:00 - 31/08/2022 05:00:00","BZN|EE","Without Sequence","277.25","",""
"31/08/2022 05:00:00 - 31/08/2022 06:00:00","BZN|EE","Without Sequence","620.00","",""
"31/08/2022 06:00:00 - 31/08/2022 07:00:00","BZN|EE","Without Sequence","703.74","",""
"31/08/2022 07:00:00 - 31/08/2022 08:00:00","BZN|EE","Without Sequence","643.86","",""
"31/08/2022 08:00:00 - 31/08/2022 09:00:00","BZN|EE","Without Sequence","633.31","",""
"31/08/2022 09:00:00 - 31/08/2022 10:00:00","BZN|EE","Without Sequence","644.83","",""
"31/08/2022 10:00:00 - 31/08/2022 11:00:00","BZN|EE","Without Sequence","552.93","",""
"31/08/2022 11:00:00 - 31/08/2022 12:00:00","BZN|EE","Without Sequence","529.08","",""
"31/08/2022 12:00:00 - 31/08/2022 13:00:00","BZN|EE","Without Sequence","496.98","",""
"31/08/2022 13:00:00 - 31/08/2022 14:00:00","BZN|EE","Without Sequence","423.20","",""
"31/08/2022 14:00:00 - 31/08/2022 15:00:00","BZN|EE","Without Sequence","431.96","",""
"31/08/2022 15:00:00 - 31/08/2022 16:00:00","BZN|EE","Without Sequence","341.59","",""
"31/08/2022 16:00:00 - 31/08/2022 17:00:00","BZN|EE","Without Sequence","342.72","",""
"31/08/2022 17:00:00 - 31/08/2022 18:00:00","BZN|EE","Without Sequence","334.32","",""
"31/08/2022 18:00:00 - 31/08/2022 19:00:00","BZN|EE","Without Sequence","272.33","",""
"31/08/2022 19:00:00 - 31/08/2022 20:00:00","BZN|EE","Without Sequence","284.85","",""
"31/08/2022 20:00:00 - 31/08/2022 21:00:00","BZN|EE","Without Sequence","195.01","",""
"31/08/2022 21:00:00 - 31/08/2022 22:00:00","BZN|EE","Without Sequence","24.94","",""
"31/08/2022 22:00:00 - 31/08/2022 23:00:00","BZN|EE","Without Sequence","25.04","",""
"31/08/2022 23:00:00 - 01/09/2022 00:00:00","BZN|EE","Without Sequence","26.79","",""
"01/09/2022 00:00:00 - 01/09/2022 01:00:00","BZN|EE","Without Sequence","27.06","",""
"01/09/2022 01:00:00 - 01/09/2022 02:00:00","BZN|EE","Without Sequence","28.00","",""
"01/09/2022 02:00:00 - 01/09/2022 03:00:00","BZN|EE","Without Sequence","29.05","",""
"01/09/2022 03:00:00 - 01/09/2022 04:00:00","BZN|EE","Without Sequence","91.47","",""
"01/09/2022 04:00:00 - 01/09/2022 05:00:00","BZN|EE","Without Sequence","249.99","",""
"01/09/2022 05:00:00 - 01/09/2022 06:00:00","BZN|EE","Without Sequence","495.83","",""
"01/09/2022 06:00:00 - 01/09/2022 07:00:00","BZN|EE","Without Sequence","524.72","",""
"01/09/2022 07:00:00 - 01/09/2022 08:00:00","BZN|EE","Without Sequence","599.85","",""
"01/09/2022 08:00:00 - 01/09/2022 09:00:00","BZN|EE","Without Sequence","567.93","",""
"01/09/2022 09:00:00 - 01/09/2022 10:00:00","BZN|EE","Without Sequence","522.02","",""
"01/09/2022 10:00:00 - 01/09/2022 11:00:00","BZN|EE","Without Sequence","495.26","",""
"01/09/2022 11:00:00 - 01/09/2022 12:00:00","BZN|EE","Without Sequence","448.04","",""
"01/09/2022 12:00:00 - 01/09/2022 13:00:00","BZN|EE","Without Sequence","367.88","",""
"01/09/2022 13:00:00 - 01/09/2022 14:00:00","BZN|EE","Without Sequence","368.60","",""
"01/09/2022 14:00:00 - 01/09/2022 15:00:00","BZN|EE","Without Sequence","496.15","",""
"01/09/2022 15:00:00 - 01/09/2022 16:00:00","BZN|EE","Without Sequence","495.53","",""
"01/09/2022 16:00:00 - 01/09/2022 17:00:00","BZN|EE","Without Sequence","626.59","",""
"01/09/2022 17:00:00 - 01/09/2022 18:00:00","BZN|EE","Without Sequence","594.11","",""
"01/09/2022 18:00:00 - 01/09/2022 19:00:00","BZN|EE","Without Sequence","329.96","",""
"01/09/2022 19:00:00 - 01/09/2022 20:00:00","BZN|EE","Without Sequence","318.51","",""
"01/09/2022 20:00:00 - 01/09/2022 21:00:00","BZN|EE","Without Sequence","249.99","",""
"01/09/2022 21:00:00 - 01/09/2022 22:00:00","BZN|EE","Without Sequence","134.63","",""
"01/09/2022 22:00:00 - 01/09/2022 23:00:00","BZN|EE","Without Sequence","127.56","",""
"01/09/2022 23:00:00 - 02/09/2022 00:00:00","BZN|EE","Without Sequence","40.03","",""
"02/09/2022 00:00:00 - 02/09/2022 01:00:00","BZN|EE","Without Sequence","43.83","",""
"02/09/2022 01:00:00 - 02/09/2022 02:00:00","BZN|EE","Without Sequence","45.35","",""
"02/09/2022 02:00:00 - 02/09/2022 03:00:00","BZN|EE","Without Sequence","200.00","",""
"02/09/2022 03:00:00 - 02/09/2022 04:00:00","BZN|EE","Without Sequence","157.97","",""
"02/09/2022 04:00:00 - 02/09/2022 05:00:00","BZN|EE","Without Sequence","320.88","",""
"02/09/2022 05:00:00 - 02/09/2022 06:00:00","BZN|EE","Without Sequence","565.09","",""
"02/09/2022 06:00:00 - 02/09/2022 07:00:00","BZN|EE","Without Sequence","581.97","",""
"02/09/2022 07:00:00 - 02/09/2022 08:00:00","BZN|EE","Without Sequence","529.89","",""
"02/09/2022 08:00:00 - 02/09/2022 09:00:00","BZN|EE","Without Sequence","497.53","",""
"02/09/2022 09:00:00 - 02/09/2022 10:00:00","BZN|EE","Without Sequence","414.16","",""
"02/09/2022 10:00:00 - 02/09/2022 11:00:00","BZN|EE","Without Sequence","282.98","",""
"02/09/2022 11:00:00 - 02/09/2022 12:00:00","BZN|EE","Without Sequence","262.17","",""
"02/09/2022 12:00:00 - 02/09/2022 13:00:00","BZN|EE","Without Sequence","263.97","",""
"02/09/2022 13:00:00 - 02/09/2022 14:00:00","BZN|EE","Without Sequence","309.98","",""
"02/09/2022 14:00:00 - 02/09/2022 15:00:00","BZN|EE","Without Sequence","367.53","",""
"02/09/2022 15:00:00 - 02/09/2022 16:00:00","BZN|EE","Without Sequence","329.97","",""
"02/09/2022 16:00:00 - 02/09/2022 17:00:00","BZN|EE","Without Sequence","521.62","",""
"02/09/2022 17:00:00 - 02/09/2022 18:00:00","BZN|EE","Without Sequence","563.91","",""
"02/09/2022 18:00:00 - 02/09/2022 19:00:00","BZN|EE","Without Sequence","431.18","",""
"02/09/2022 19:00:00 - 02/09/2022 20:00:00","BZN|EE","Without Sequence","290.29","",""
"02/09/2022 20:00:00 - 02/09/2022 21:00:00","BZN|EE","Without Sequence","243.00","",""
"02/09/2022 21:00:00 - 02/09/2022 22:00:00","BZN|EE","Without Sequence","70.28","",""
"02/09/2022 22:00:00 - 02/09/2022 23:00:00","BZN|EE","Without Sequence","90.87","",""
"02/09/2022 23:00:00 - 03/09/2022 00:00:00","BZN|EE","Without Sequence","90.83","",""
"03/09/2022 00:00:00 - 03/09/2022 01:00:00","BZN|EE","Without Sequence","90.81","",""
"03/09/2022 01:00:00 - 03/09/2022 02:00:00","BZN|EE","Without Sequence","49.93","",""
"03/09/2022 02:00:00 - 03/09/2022 03:00:00","BZN|EE","Without Sequence","48.97","",""
"03/09/2022 03:00:00 - 03/09/2022 04:00:00","BZN|EE","Without Sequence","44.77","",""
"03/09/2022 04:00:00 - 03/09/2022 05:00:00","BZN|EE","Without Sequence","42.77","",""
"03/09/2022 05:00:00 - 03/09/2022 06:00:00","BZN|EE","Without Sequence","59.97","",""
"03/09/2022 06:00:00 - 03/09/2022 07:00:00","BZN|EE","Without Sequence","122.60","",""
"03/09/2022 07:00:00 - 03/09/2022 08:00:00","BZN|EE","Without Sequence","165.55","",""
"03/09/2022 08:00:00 - 03/09/2022 09:00:00","BZN|EE","Without Sequence","201.77","",""
"03/09/2022 09:00:00 - 03/09/2022 10:00:00","BZN|EE","Without Sequence","128.28","",""
"03/09/2022 10:00:00 - 03/09/2022 11:00:00","BZN|EE","Without Sequence","75.27","",""
"03/09/2022 11:00:00 - 03/09/2022 12:00:00","BZN|EE","Without Sequence","51.01","",""
"03/09/2022 12:00:00 - 03/09/2022 13:00:00","BZN|EE","Without Sequence","77.55","",""
"03/09/2022 13:00:00 - 03/09/2022 14:00:00","BZN|EE","Without Sequence","161.95","",""
"03/09/2022 14:00:00 - 03/09/2022 15:00:00","BZN|EE","Without Sequence","240.01","",""
"03/09/2022 15:00:00 - 03/09/2022 16:00:00","BZN|EE","Without Sequence","275.44","",""
"03/09/2022 16:00:00 - 03/09/2022 17:00:00","BZN|EE","Without Sequence","280.01","",""
"03/09/2022 17:00:00 - 03/09/2022 18:00:00","BZN|EE","Without Sequence","530.00","",""
"03/09/2022 18:00:00 - 03/09/2022 19:00:00","BZN|EE","Without Sequence","508.82","",""
"03/09/2022 19:00:00 - 03/09/2022 20:00:00","BZN|EE","Without Sequence","260.01","",""
"03/09/2022 20:00:00 - 03/09/2022 21:00:00","BZN|EE","Without Sequence","182.92","",""
"03/09/2022 21:00:00 - 03/09/2022 22:00:00","BZN|EE","Without Sequence","61.04","",""
"03/09/2022 22:00:00 - 03/09/2022 23:00:00","BZN|EE","Without Sequence","208.01","",""
"03/09/2022 23:00:00 - 04/09/2022 00:00:00","BZN|EE","Without Sequence","115.27","",""
"04/09/2022 00:00:00 - 04/09/2022 01:00:00","BZN|EE","Without Sequence","90.07","",""
"04/09/2022 01:00:00 - 04/09/2022 02:00:00","BZN|EE","Without Sequence","90.05","",""
"04/09/2022 02:00:00 - 04/09/2022 03:00:00","BZN|EE","Without Sequence","90.07","",""
"04/09/2022 03:00:00 - 04/09/2022 04:00:00","BZN|EE","Without Sequence","167.64","",""
"04/09/2022 04:00:00 - 04/09/2022 05:00:00","BZN|EE","Without Sequence","211.07","",""
"04/09/2022 05:00:00 - 04/09/2022 06:00:00","BZN|EE","Without Sequence","222.35","",""
"04/09/2022 06:00:00 - 04/09/2022 07:00:00","BZN|EE","Without Sequence","115.30","",""
"04/09/2022 07:00:00 - 04/09/2022 08:00:00","BZN|EE","Without Sequence","179.31","",""
"04/09/2022 08:00:00 - 04/09/2022 09:00:00","BZN|EE","Without Sequence","114.84","",""
"04/09/2022 09:00:00 - 04/09/2022 10:00:00","BZN|EE","Without Sequence","92.41","",""
"04/09/2022 10:00:00 - 04/09/2022 11:00:00","BZN|EE","Without Sequence","99.95","",""
"04/09/2022 11:00:00 - 04/09/2022 12:00:00","BZN|EE","Without Sequence","100.01","",""
"04/09/2022 12:00:00 - 04/09/2022 13:00:00","BZN|EE","Without Sequence","101.97","",""
"04/09/2022 13:00:00 - 04/09/2022 14:00:00","BZN|EE","Without Sequence","94.77","",""
"04/09/2022 14:00:00 - 04/09/2022 15:00:00","BZN|EE","Without Sequence","204.12","",""
"04/09/2022 15:00:00 - 04/09/2022 16:00:00","BZN|EE","Without Sequence","375.00","",""
"04/09/2022 16:00:00 - 04/09/2022 17:00:00","BZN|EE","Without Sequence","444.54","",""
"04/09/2022 17:00:00 - 04/09/2022 18:00:00","BZN|EE","Without Sequence","509.93","",""
"04/09/2022 18:00:00 - 04/09/2022 19:00:00","BZN|EE","Without Sequence","509.93","",""
"04/09/2022 19:00:00 - 04/09/2022 20:00:00","BZN|EE","Without Sequence","445.00","",""
"04/09/2022 20:00:00 - 04/09/2022 21:00:00","BZN|EE","Without Sequence","379.99","",""
"04/09/2022 21:00:00 - 04/09/2022 22:00:00","BZN|EE","Without Sequence","240.71","",""
"04/09/2022 22:00:00 - 04/09/2022 23:00:00","BZN|EE","Without Sequence","182.91","",""
"04/09/2022 23:00:00 - 05/09/2022 00:00:00","BZN|EE","Without Sequence","182.99","",""
"05/09/2022 00:00:00 - 05/09/2022 01:00:00","BZN|EE","Without Sequence","191.53","",""
"05/09/2022 01:00:00 - 05/09/2022 02:00:00","BZN|EE","Without Sequence","210.00","",""
"05/09/2022 02:00:00 - 05/09/2022 03:00:00","BZN|EE","Without Sequence","233.58","",""
"05/09/2022 03:00:00 - 05/09/2022 04:00:00","BZN|EE","Without Sequence","358.70","",""
"05/09/2022 04:00:00 - 05/09/2022 05:00:00","BZN|EE","Without Sequence","459.90","",""
"05/09/2022 05:00:00 - 05/09/2022 06:00:00","BZN|EE","Without Sequence","506.50","",""
"05/09/2022 06:00:00 - 05/09/2022 07:00:00","BZN|EE","Without Sequence","519.93","",""
"05/09/2022 07:00:00 - 05/09/2022 08:00:00","BZN|EE","Without Sequence","478.92","",""
"05/09/2022 08:00:00 - 05/09/2022 09:00:00","BZN|EE","Without Sequence","431.66","",""
"05/09/2022 09:00:00 - 05/09/2022 10:00:00","BZN|EE","Without Sequence","387.98","",""
"05/09/2022 10:00:00 - 05/09/2022 11:00:00","BZN|EE","Without Sequence","379.64","",""
"05/09/2022 11:00:00 - 05/09/2022 12:00:00","BZN|EE","Without Sequence","343.62","",""
"05/09/2022 12:00:00 - 05/09/2022 13:00:00","BZN|EE","Without Sequence","293.05","",""
"05/09/2022 13:00:00 - 05/09/2022 14:00:00","BZN|EE","Without Sequence","379.62","",""
"05/09/2022 14:00:00 - 05/09/2022 15:00:00","BZN|EE","Without Sequence","391.80","",""
"05/09/2022 15:00:00 - 05/09/2022 16:00:00","BZN|EE","Without Sequence","487.05","",""
"05/09/2022 16:00:00 - 05/09/2022 17:00:00","BZN|EE","Without Sequence","549.90","",""
"05/09/2022 17:00:00 - 05/09/2022 18:00:00","BZN|EE","Without Sequence","549.90","",""
"05/09/2022 18:00:00 - 05/09/2022 19:00:00","BZN|EE","Without Sequence","442.79","",""
"05/09/2022 19:00:00 - 05/09/2022 20:00:00","BZN|EE","Without Sequence","410.06","",""
"05/09/2022 20:00:00 - 05/09/2022 21:00:00","BZN|EE","Without Sequence","268.44","",""
"05/09/2022 21:00:00 - 05/09/2022 22:00:00","BZN|EE","Without Sequence","147.97","",""
"05/09/2022 22:00:00 - 05/09/2022 23:00:00","BZN|EE","Without Sequence","55.74","",""
"05/09/2022 23:00:00 - 06/09/2022 00:00:00","BZN|EE","Without Sequence","59.49","",""
"06/09/2022 00:00:00 - 06/09/2022 01:00:00","BZN|EE","Without Sequence","59.67","",""
"06/09/2022 01:00:00 - 06/09/2022 02:00:00","BZN|EE","Without Sequence","58.57","",""
"06/09/2022 02:00:00 - 06/09/2022 03:00:00","BZN|EE","Without Sequence","74.69","",""
"06/09/2022 03:00:00 - 06/09/2022 04:00:00","BZN|EE","Without Sequence","169.91","",""
"06/09/2022 04:00:00 - 06/09/2022 05:00:00","BZN|EE","Without Sequence","397.20","",""
"06/09/2022 05:00:00 - 06/09/2022 06:00:00","BZN|EE","Without Sequence","525.05","",""
"06/09/2022 06:00:00 - 06/09/2022 07:00:00","BZN|EE","Without Sequence","548.26","",""
"06/09/2022 07:00:00 - 06/09/2022 08:00:00","BZN|EE","Without Sequence","466.98","",""
"06/09/2022 08:00:00 - 06/09/2022 09:00:00","BZN|EE","Without Sequence","395.75","",""
"06/09/2022 09:00:00 - 06/09/2022 10:00:00","BZN|EE","Without Sequence","304.49","",""
"06/09/2022 10:00:00 - 06/09/2022 11:00:00","BZN|EE","Without Sequence","255.17","",""
"06/09/2022 11:00:00 - 06/09/2022 12:00:00","BZN|EE","Without Sequence","267.10","",""
"06/09/2022 12:00:00 - 06/09/2022 13:00:00","BZN|EE","Without Sequence","274.92","",""
"06/09/2022 13:00:00 - 06/09/2022 14:00:00","BZN|EE","Without Sequence","286.04","",""
"06/09/2022 14:00:00 - 06/09/2022 15:00:00","BZN|EE","Without Sequence","290.97","",""
"06/09/2022 15:00:00 - 06/09/2022 16:00:00","BZN|EE","Without Sequence","287.14","",""
"06/09/2022 16:00:00 - 06/09/2022 17:00:00","BZN|EE","Without Sequence","276.46","",""
"06/09/2022 17:00:00 - 06/09/2022 18:00:00","BZN|EE","Without Sequence","278.76","",""
"06/09/2022 18:00:00 - 06/09/2022 19:00:00","BZN|EE","Without Sequence","278.26","",""
"06/09/2022 19:00:00 - 06/09/2022 20:00:00","BZN|EE","Without Sequence","296.18","",""
"06/09/2022 20:00:00 - 06/09/2022 21:00:00","BZN|EE","Without Sequence","240.00","",""
"06/09/2022 21:00:00 - 06/09/2022 22:00:00","BZN|EE","Without Sequence","139.78","",""
"06/09/2022 22:00:00 - 06/09/2022 23:00:00","BZN|EE","Without Sequence","199.92","",""
"06/09/2022 23:00:00 - 07/09/2022 00:00:00","BZN|EE","Without Sequence","262.33","",""
"07/09/2022 00:00:00 - 07/09/2022 01:00:00","BZN|EE","Without Sequence","219.05","",""
"07/09/2022 01:00:00 - 07/09/2022 02:00:00","BZN|EE","Without Sequence","219.03","",""
"07/09/2022 02:00:00 - 07/09/2022 03:00:00","BZN|EE","Without Sequence","250.01","",""
"07/09/2022 03:00:00 - 07/09/2022 04:00:00","BZN|EE","Without Sequence","290.00","",""
"07/09/2022 04:00:00 - 07/09/2022 05:00:00","BZN|EE","Without Sequence","472.08","",""
"07/09/2022 05:00:00 - 07/09/2022 06:00:00","BZN|EE","Without Sequence","519.90","",""
"07/09/2022 06:00:00 - 07/09/2022 07:00:00","BZN|EE","Without Sequence","524.77","",""
"07/09/2022 07:00:00 - 07/09/2022 08:00:00","BZN|EE","Without Sequence","501.18","",""
"07/09/2022 08:00:00 - 07/09/2022 09:00:00","BZN|EE","Without Sequence","469.94","",""
"07/09/2022 09:00:00 - 07/09/2022 10:00:00","BZN|EE","Without Sequence","450.38","",""
"07/09/2022 10:00:00 - 07/09/2022 11:00:00","BZN|EE","Without Sequence","392.98","",""
"07/09/2022 11:00:00 - 07/09/2022 12:00:00","BZN|EE","Without Sequence","390.39","",""
"07/09/2022 12:00:00 - 07/09/2022 13:00:00","BZN|EE","Without Sequence","396.65","",""
"07/09/2022 13:00:00 - 07/09/2022 14:00:00","BZN|EE","Without Sequence","399.97","",""
"07/09/2022 14:00:00 - 07/09/2022 15:00:00","BZN|EE","Without Sequence","434.64","",""
"07/09/2022 15:00:00 - 07/09/2022 16:00:00","BZN|EE","Without Sequence","508.47","",""
"07/09/2022 16:00:00 - 07/09/2022 17:00:00","BZN|EE","Without Sequence","528.37","",""
"07/09/2022 17:00:00 - 07/09/2022 18:00:00","BZN|EE","Without Sequence","550.01","",""
"07/09/2022 18:00:00 - 07/09/2022 19:00:00","BZN|EE","Without Sequence","501.80","",""
"07/09/2022 19:00:00 - 07/09/2022 20:00:00","BZN|EE","Without Sequence","335.57","",""
"07/09/2022 20:00:00 - 07/09/2022 21:00:00","BZN|EE","Without Sequence","250.00","",""
"07/09/2022 21:00:00 - 07/09/2022 22:00:00","BZN|EE","Without Sequence","178.40","",""
"07/09/2022 22:00:00 - 07/09/2022 23:00:00","BZN|EE","Without Sequence","92.85","",""
"07/09/2022 23:00:00 - 08/09/2022 00:00:00","BZN|EE","Without Sequence","126.03","",""
"08/09/2022 00:00:00 - 08/09/2022 01:00:00","BZN|EE","Without Sequence","120.06","",""
"08/09/2022 01:00:00 - 08/09/2022 02:00:00","BZN|EE","Without Sequence","123.21","",""
"08/09/2022 02:00:00 - 08/09/2022 03:00:00","BZN|EE","Without Sequence","190.56","",""
"08/09/2022 03:00:00 - 08/09/2022 04:00:00","BZN|EE","Without Sequence","280.22","",""
"08/09/2022 04:00:00 - 08/09/2022 05:00:00","BZN|EE","Without Sequence","332.10","",""
"08/09/2022 05:00:00 - 08/09/2022 06:00:00","BZN|EE","Without Sequence","489.25","",""
"08/09/2022 06:00:00 - 08/09/2022 07:00:00","BZN|EE","Without Sequence","507.81","",""
"08/09/2022 07:00:00 - 08/09/2022 08:00:00","BZN|EE","Without Sequence","476.45","",""
"08/09/2022 08:00:00 - 08/09/2022 09:00:00","BZN|EE","Without Sequence","420.89","",""
"08/09/2022 09:00:00 - 08/09/2022 10:00:00","BZN|EE","Without Sequence","300.08","",""
"08/09/2022 10:00:00 - 08/09/2022 11:00:00","BZN|EE","Without Sequence","287.30","",""
"08/09/2022 11:00:00 - 08/09/2022 12:00:00","BZN|EE","Without Sequence","266.94","",""
"08/09/2022 12:00:00 - 08/09/2022 13:00:00","BZN|EE","Without Sequence","219.04","",""
"08/09/2022 13:00:00 - 08/09/2022 14:00:00","BZN|EE","Without Sequence","248.34","",""
"08/09/2022 14:00:00 - 08/09/2022 15:00:00","BZN|EE","Without Sequence","289.33","",""
"08/09/2022 15:00:00 - 08/09/2022 16:00:00","BZN|EE","Without Sequence","439.34","",""
"08/09/2022 16:00:00 - 08/09/2022 17:00:00","BZN|EE","Without Sequence","470.30","",""
"08/09/2022 17:00:00 - 08/09/2022 18:00:00","BZN|EE","Without Sequence","479.97","",""
"08/09/2022 18:00:00 - 08/09/2022 19:00:00","BZN|EE","Without Sequence","460.96","",""
"08/09/2022 19:00:00 - 08/09/2022 20:00:00","BZN|EE","Without Sequence","334.93","",""
"08/09/2022 20:00:00 - 08/09/2022 21:00:00","BZN|EE","Without Sequence","163.91","",""
"08/09/2022 21:00:00 - 08/09/2022 22:00:00","BZN|EE","Without Sequence","85.81","",""
"08/09/2022 22:00:00 - 08/09/2022 23:00:00","BZN|EE","Without Sequence","201.01","",""
"08/09/2022 23:00:00 - 09/09/2022 00:00:00","BZN|EE","Without Sequence","119.91","",""
"09/09/2022 00:00:00 - 09/09/2022 01:00:00","BZN|EE","Without Sequence","102.59","",""
"09/09/2022 01:00:00 - 09/09/2022 02:00:00","BZN|EE","Without Sequence","101.51","",""
"09/09/2022 02:00:00 - 09/09/2022 03:00:00","BZN|EE","Without Sequence","120.00","",""
"09/09/2022 03:00:00 - 09/09/2022 04:00:00","BZN|EE","Without Sequence","275.88","",""
"09/09/2022 04:00:00 - 09/09/2022 05:00:00","BZN|EE","Without Sequence","303.89","",""
"09/09/2022 05:00:00 - 09/09/2022 06:00:00","BZN|EE","Without Sequence","379.41","",""
"09/09/2022 06:00:00 - 09/09/2022 07:00:00","BZN|EE","Without Sequence","392.10","",""
"09/09/2022 07:00:00 - 09/09/2022 08:00:00","BZN|EE","Without Sequence","366.97","",""
"09/09/2022 08:00:00 - 09/09/2022 09:00:00","BZN|EE","Without Sequence","344.60","",""
"09/09/2022 09:00:00 - 09/09/2022 10:00:00","BZN|EE","Without Sequence","321.95","",""
"09/09/2022 10:00:00 - 09/09/2022 11:00:00","BZN|EE","Without Sequence","296.52","",""
"09/09/2022 11:00:00 - 09/09/2022 12:00:00","BZN|EE","Without Sequence","279.06","",""
"09/09/2022 12:00:00 - 09/09/2022 13:00:00","BZN|EE","Without Sequence","250.27","",""
"09/09/2022 13:00:00 - 09/09/2022 14:00:00","BZN|EE","Without Sequence","258.29","",""
"09/09/2022 14:00:00 - 09/09/2022 15:00:00","BZN|EE","Without Sequence","262.78","",""
"09/09/2022 15:00:00 - 09/09/2022 16:00:00","BZN|EE","Without Sequence","315.46","",""
"09/09/2022 16:00:00 - 09/09/2022 17:00:00","BZN|EE","Without Sequence","419.93","",""
"09/09/2022 17:00:00 - 09/09/2022 18:00:00","BZN|EE","Without Sequence","449.94","",""
"09/09/2022 18:00:00 - 09/09/2022 19:00:00","BZN|EE","Without Sequence","388.94","",""
"09/09/2022 19:00:00 - 09/09/2022 20:00:00","BZN|EE","Without Sequence","300.01","",""
"09/09/2022 20:00:00 - 09/09/2022 21:00:00","BZN|EE","Without Sequence","161.26","",""
"09/09/2022 21:00:00 - 09/09/2022 22:00:00","BZN|EE","Without Sequence","82.09","",""
"09/09/2022 22:00:00 - 09/09/2022 23:00:00","BZN|EE","Without Sequence","91.06","",""
"09/09/2022 23:00:00 - 10/09/2022 00:00:00","BZN|EE","Without Sequence","90.28","",""
"10/09/2022 00:00:00 - 10/09/2022 01:00:00","BZN|EE","Without Sequence","91.18","",""
"10/09/2022 01:00:00 - 10/09/2022 02:00:00","BZN|EE","Without Sequence","93.24","",""
"10/09/2022 02:00:00 - 10/09/2022 03:00:00","BZN|EE","Without Sequence","95.06","",""
"10/09/2022 03:00:00 - 10/09/2022 04:00:00","BZN|EE","Without Sequence","98.75","",""
"10/09/2022 04:00:00 - 10/09/2022 05:00:00","BZN|EE","Without Sequence","85.32","",""
"10/09/2022 05:00:00 - 10/09/2022 06:00:00","BZN|EE","Without Sequence","100.84","",""
"10/09/2022 06:00:00 - 10/09/2022 07:00:00","BZN|EE","Without Sequence","190.84","",""
"10/09/2022 07:00:00 - 10/09/2022 08:00:00","BZN|EE","Without Sequence","240.00","",""
"10/09/2022 08:00:00 - 10/09/2022 09:00:00","BZN|EE","Without Sequence","259.55","",""
"10/09/2022 09:00:00 - 10/09/2022 10:00:00","BZN|EE","Without Sequence","271.68","",""
"10/09/2022 10:00:00 - 10/09/2022 11:00:00","BZN|EE","Without Sequence","279.92","",""
"10/09/2022 11:00:00 - 10/09/2022 12:00:00","BZN|EE","Without Sequence","279.97","",""
"10/09/2022 12:00:00 - 10/09/2022 13:00:00","BZN|EE","Without Sequence","279.97","",""
"10/09/2022 13:00:00 - 10/09/2022 14:00:00","BZN|EE","Without Sequence","299.44","",""
"10/09/2022 14:00:00 - 10/09/2022 15:00:00","BZN|EE","Without Sequence","290.01","",""
"10/09/2022 15:00:00 - 10/09/2022 16:00:00","BZN|EE","Without Sequence","336.80","",""
"10/09/2022 16:00:00 - 10/09/2022 17:00:00","BZN|EE","Without Sequence","346.88","",""
"10/09/2022 17:00:00 - 10/09/2022 18:00:00","BZN|EE","Without Sequence","349.94","",""
"10/09/2022 18:00:00 - 10/09/2022 19:00:00","BZN|EE","Without Sequence","359.14","",""
"10/09/2022 19:00:00 - 10/09/2022 20:00:00","BZN|EE","Without Sequence","332.77","",""
"10/09/2022 20:00:00 - 10/09/2022 21:00:00","BZN|EE","Without Sequence","284.81","",""
"10/09/2022 21:00:00 - 10/09/2022 22:00:00","BZN|EE","Without Sequence","205.00","",""
"10/09/2022 22:00:00 - 10/09/2022 23:00:00","BZN|EE","Without Sequence","260.00","",""
"10/09/2022 23:00:00 - 11/09/2022 00:00:00","BZN|EE","Without Sequence","260.52","",""
"11/09/2022 00:00:00 - 11/09/2022 01:00:00","BZN|EE","Without Sequence","250.94","",""
"11/09/2022 01:00:00 - 11/09/2022 02:00:00","BZN|EE","Without Sequence","245.14","",""
"11/09/2022 02:00:00 - 11/09/2022 03:00:00","BZN|EE","Without Sequence","237.15","",""
"11/09/2022 03:00:00 - 11/09/2022 04:00:00","BZN|EE","Without Sequence","237.64","",""
"11/09/2022 04:00:00 - 11/09/2022 05:00:00","BZN|EE","Without Sequence","250.60","",""
"11/09/2022 05:00:00 - 11/09/2022 06:00:00","BZN|EE","Without Sequence","270.32","",""
"11/09/2022 06:00:00 - 11/09/2022 07:00:00","BZN|EE","Without Sequence","290.45","",""
"11/09/2022 07:00:00 - 11/09/2022 08:00:00","BZN|EE","Without Sequence","267.96","",""
"11/09/2022 08:00:00 - 11/09/2022 09:00:00","BZN|EE","Without Sequence","270.92","",""
"11/09/2022 09:00:00 - 11/09/2022 10:00:00","BZN|EE","Without Sequence","271.43","",""
"11/09/2022 10:00:00 - 11/09/2022 11:00:00","BZN|EE","Without Sequence","266.40","",""
"11/09/2022 11:00:00 - 11/09/2022 12:00:00","BZN|EE","Without Sequence","260.78","",""
"11/09/2022 12:00:00 - 11/09/2022 13:00:00","BZN|EE","Without Sequence","251.80","",""
"11/09/2022 13:00:00 - 11/09/2022 14:00:00","BZN|EE","Without Sequence","289.87","",""
"11/09/2022 14:00:00 - 11/09/2022 15:00:00","BZN|EE","Without Sequence","275.74","",""
"11/09/2022 15:00:00 - 11/09/2022 16:00:00","BZN|EE","Without Sequence","308.03","",""
"11/09/2022 16:00:00 - 11/09/2022 17:00:00","BZN|EE","Without Sequence","346.62","",""
"11/09/2022 17:00:00 - 11/09/2022 18:00:00","BZN|EE","Without Sequence","399.92","",""
"11/09/2022 18:00:00 - 11/09/2022 19:00:00","BZN|EE","Without Sequence","369.82","",""
"11/09/2022 19:00:00 - 11/09/2022 20:00:00","BZN|EE","Without Sequence","339.40","",""
"11/09/2022 20:00:00 - 11/09/2022 21:00:00","BZN|EE","Without Sequence","289.95","",""
"11/09/2022 21:00:00 - 11/09/2022 22:00:00","BZN|EE","Without Sequence","257.91","",""
"11/09/2022 22:00:00 - 11/09/2022 23:00:00","BZN|EE","Without Sequence","238.77","",""
"11/09/2022 23:00:00 - 12/09/2022 00:00:00","BZN|EE","Without Sequence","201.57","",""
"12/09/2022 00:00:00 - 12/09/2022 01:00:00","BZN|EE","Without Sequence","200.00","",""
"12/09/2022 01:00:00 - 12/09/2022 02:00:00","BZN|EE","Without Sequence","204.97","",""
"12/09/2022 02:00:00 - 12/09/2022 03:00:00","BZN|EE","Without Sequence","227.06","",""
"12/09/2022 03:00:00 - 12/09/2022 04:00:00","BZN|EE","Without Sequence","250.42","",""
"12/09/2022 04:00:00 - 12/09/2022 05:00:00","BZN|EE","Without Sequence","275.24","",""
"12/09/2022 05:00:00 - 12/09/2022 06:00:00","BZN|EE","Without Sequence","246.05","",""
"12/09/2022 06:00:00 - 12/09/2022 07:00:00","BZN|EE","Without Sequence","281.40","",""
"12/09/2022 07:00:00 - 12/09/2022 08:00:00","BZN|EE","Without Sequence","458.97","",""
"12/09/2022 08:00:00 - 12/09/2022 09:00:00","BZN|EE","Without Sequence","405.02","",""
"12/09/2022 09:00:00 - 12/09/2022 10:00:00","BZN|EE","Without Sequence","359.35","",""
"12/09/2022 10:00:00 - 12/09/2022 11:00:00","BZN|EE","Without Sequence","351.33","",""
"12/09/2022 11:00:00 - 12/09/2022 12:00:00","BZN|EE","Without Sequence","283.41","",""
"12/09/2022 12:00:00 - 12/09/2022 13:00:00","BZN|EE","Without Sequence","273.08","",""
"12/09/2022 13:00:00 - 12/09/2022 14:00:00","BZN|EE","Without Sequence","267.43","",""
"12/09/2022 14:00:00 - 12/09/2022 15:00:00","BZN|EE","Without Sequence","277.17","",""
"12/09/2022 15:00:00 - 12/09/2022 16:00:00","BZN|EE","Without Sequence","270.02","",""
"12/09/2022 16:00:00 - 12/09/2022 17:00:00","BZN|EE","Without Sequence","250.07","",""
"12/09/2022 17:00:00 - 12/09/2022 18:00:00","BZN|EE","Without Sequence","250.00","",""
"12/09/2022 18:00:00 - 12/09/2022 19:00:00","BZN|EE","Without Sequence","250.80","",""
"12/09/2022 19:00:00 - 12/09/2022 20:00:00","BZN|EE","Without Sequence","219.44","",""
"12/09/2022 20:00:00 - 12/09/2022 21:00:00","BZN|EE","Without Sequence","88.37","",""
"12/09/2022 21:00:00 - 12/09/2022 22:00:00","BZN|EE","Without Sequence","69.99","",""
"12/09/2022 22:00:00 - 12/09/2022 23:00:00","BZN|EE","Without Sequence","48.74","",""
"12/09/2022 23:00:00 - 13/09/2022 00:00:00","BZN|EE","Without Sequence","36.73","",""
"13/09/2022 00:00:00 - 13/09/2022 01:00:00","BZN|EE","Without Sequence","29.94","",""
"13/09/2022 01:00:00 - 13/09/2022 02:00:00","BZN|EE","Without Sequence","27.99","",""
"13/09/2022 02:00:00 - 13/09/2022 03:00:00","BZN|EE","Without Sequence","28.56","",""
"13/09/2022 03:00:00 - 13/09/2022 04:00:00","BZN|EE","Without Sequence","44.95","",""
"13/09/2022 04:00:00 - 13/09/2022 05:00:00","BZN|EE","Without Sequence","65.70","",""
"13/09/2022 05:00:00 - 13/09/2022 06:00:00","BZN|EE","Without Sequence","88.78","",""
"13/09/2022 06:00:00 - 13/09/2022 07:00:00","BZN|EE","Without Sequence","102.27","",""
"13/09/2022 07:00:00 - 13/09/2022 08:00:00","BZN|EE","Without Sequence","140.37","",""
"13/09/2022 08:00:00 - 13/09/2022 09:00:00","BZN|EE","Without Sequence","174.64","",""
"13/09/2022 09:00:00 - 13/09/2022 10:00:00","BZN|EE","Without Sequence","130.33","",""
"13/09/2022 10:00:00 - 13/09/2022 11:00:00","BZN|EE","Without Sequence","90.64","",""
"13/09/2022 11:00:00 - 13/09/2022 12:00:00","BZN|EE","Without Sequence","86.99","",""
"13/09/2022 12:00:00 - 13/09/2022 13:00:00","BZN|EE","Without Sequence","79.67","",""
"13/09/2022 13:00:00 - 13/09/2022 14:00:00","BZN|EE","Without Sequence","79.69","",""
"13/09/2022 14:00:00 - 13/09/2022 15:00:00","BZN|EE","Without Sequence","71.54","",""
"13/09/2022 15:00:00 - 13/09/2022 16:00:00","BZN|EE","Without Sequence","69.06","",""
"13/09/2022 16:00:00 - 13/09/2022 17:00:00","BZN|EE","Without Sequence","69.46","",""
"13/09/2022 17:00:00 - 13/09/2022 18:00:00","BZN|EE","Without Sequence","119.91","",""
"13/09/2022 18:00:00 - 13/09/2022 19:00:00","BZN|EE","Without Sequence","67.45","",""
"13/09/2022 19:00:00 - 13/09/2022 20:00:00","BZN|EE","Without Sequence","64.83","",""
"13/09/2022 20:00:00 - 13/09/2022 21:00:00","BZN|EE","Without Sequence","48.23","",""
"13/09/2022 21:00:00 - 13/09/2022 22:00:00","BZN|EE","Without Sequence","28.75","",""
"13/09/2022 22:00:00 - 13/09/2022 23:00:00","BZN|EE","Without Sequence","33.28","",""
"13/09/2022 23:00:00 - 14/09/2022 00:00:00","BZN|EE","Without Sequence","30.00","",""
"14/09/2022 00:00:00 - 14/09/2022 01:00:00","BZN|EE","Without Sequence","29.15","",""
"14/09/2022 01:00:00 - 14/09/2022 02:00:00","BZN|EE","Without Sequence","28.49","",""
"14/09/2022 02:00:00 - 14/09/2022 03:00:00","BZN|EE","Without Sequence","34.66","",""
"14/09/2022 03:00:00 - 14/09/2022 04:00:00","BZN|EE","Without Sequence","50.01","",""
"14/09/2022 04:00:00 - 14/09/2022 05:00:00","BZN|EE","Without Sequence","71.52","",""
"14/09/2022 05:00:00 - 14/09/2022 06:00:00","BZN|EE","Without Sequence","183.07","",""
"14/09/2022 06:00:00 - 14/09/2022 07:00:00","BZN|EE","Without Sequence","184.54","",""
"14/09/2022 07:00:00 - 14/09/2022 08:00:00","BZN|EE","Without Sequence","188.05","",""
"14/09/2022 08:00:00 - 14/09/2022 09:00:00","BZN|EE","Without Sequence","154.09","",""
"14/09/2022 09:00:00 - 14/09/2022 10:00:00","BZN|EE","Without Sequence","119.92","",""
"14/09/2022 10:00:00 - 14/09/2022 11:00:00","BZN|EE","Without Sequence","92.31","",""
"14/09/2022 11:00:00 - 14/09/2022 12:00:00","BZN|EE","Without Sequence","90.03","",""
"14/09/2022 12:00:00 - 14/09/2022 13:00:00","BZN|EE","Without Sequence","90.09","",""
"14/09/2022 13:00:00 - 14/09/2022 14:00:00","BZN|EE","Without Sequence","87.44","",""
"14/09/2022 14:00:00 - 14/09/2022 15:00:00","BZN|EE","Without Sequence","189.26","",""
"14/09/2022 15:00:00 - 14/09/2022 16:00:00","BZN|EE","Without Sequence","84.23","",""
"14/09/2022 16:00:00 - 14/09/2022 17:00:00","BZN|EE","Without Sequence","113.17","",""
"14/09/2022 17:00:00 - 14/09/2022 18:00:00","BZN|EE","Without Sequence","189.06","",""
"14/09/2022 18:00:00 - 14/09/2022 19:00:00","BZN|EE","Without Sequence","76.28","",""
"14/09/2022 19:00:00 - 14/09/2022 20:00:00","BZN|EE","Without Sequence","65.06","",""
"14/09/2022 20:00:00 - 14/09/2022 21:00:00","BZN|EE","Without Sequence","53.07","",""
"14/09/2022 21:00:00 - 14/09/2022 22:00:00","BZN|EE","Without Sequence","34.16","",""
"14/09/2022 22:00:00 - 14/09/2022 23:00:00","BZN|EE","Without Sequence","15.03","",""
"14/09/2022 23:00:00 - 15/09/2022 00:00:00","BZN|EE","Without Sequence","14.69","",""
"15/09/2022 00:00:00 - 15/09/2022 01:00:00","BZN|EE","Without Sequence","14.44","",""
"15/09/2022 01:00:00 - 15/09/2022 02:00:00","BZN|EE","Without Sequence","14.51","",""
"15/09/2022 02:00:00 - 15/09/2022 03:00:00","BZN|EE","Without Sequence","15.02","",""
"15/09/2022 03:00:00 - 15/09/2022 04:00:00","BZN|EE","Without Sequence","27.33","",""
"15/09/2022 04:00:00 - 15/09/2022 05:00:00","BZN|EE","Without Sequence","189.59","",""
"15/09/2022 05:00:00 - 15/09/2022 06:00:00","BZN|EE","Without Sequence","479.55","",""
"15/09/2022 06:00:00 - 15/09/2022 07:00:00","BZN|EE","Without Sequence","500.10","",""
"15/09/2022 07:00:00 - 15/09/2022 08:00:00","BZN|EE","Without Sequence","177.98","",""
"15/09/2022 08:00:00 - 15/09/2022 09:00:00","BZN|EE","Without Sequence","199.76","",""
"15/09/2022 09:00:00 - 15/09/2022 10:00:00","BZN|EE","Without Sequence","203.04","",""
"15/09/2022 10:00:00 - 15/09/2022 11:00:00","BZN|EE","Without Sequence","193.65","",""
"15/09/2022 11:00:00 - 15/09/2022 12:00:00","BZN|EE","Without Sequence","178.09","",""
"15/09/2022 12:00:00 - 15/09/2022 13:00:00","BZN|EE","Without Sequence","169.61","",""
"15/09/2022 13:00:00 - 15/09/2022 14:00:00","BZN|EE","Without Sequence","151.12","",""
"15/09/2022 14:00:00 - 15/09/2022 15:00:00","BZN|EE","Without Sequence","86.76","",""
"15/09/2022 15:00:00 - 15/09/2022 16:00:00","BZN|EE","Without Sequence","175.80","",""
"15/09/2022 16:00:00 - 15/09/2022 17:00:00","BZN|EE","Without Sequence","194.42","",""
"15/09/2022 17:00:00 - 15/09/2022 18:00:00","BZN|EE","Without Sequence","199.90","",""
"15/09/2022 18:00:00 - 15/09/2022 19:00:00","BZN|EE","Without Sequence","196.72","",""
"15/09/2022 19:00:00 - 15/09/2022 20:00:00","BZN|EE","Without Sequence","138.38","",""
"15/09/2022 20:00:00 - 15/09/2022 21:00:00","BZN|EE","Without Sequence","55.59","",""
"15/09/2022 21:00:00 - 15/09/2022 22:00:00","BZN|EE","Without Sequence","35.45","",""
"15/09/2022 22:00:00 - 15/09/2022 23:00:00","BZN|EE","Without Sequence","33.99","",""
"15/09/2022 23:00:00 - 16/09/2022 00:00:00","BZN|EE","Without Sequence","31.18","",""
"16/09/2022 00:00:00 - 16/09/2022 01:00:00","BZN|EE","Without Sequence","29.21","",""
"16/09/2022 01:00:00 - 16/09/2022 02:00:00","BZN|EE","Without Sequence","29.15","",""
"16/09/2022 02:00:00 - 16/09/2022 03:00:00","BZN|EE","Without Sequence","33.53","",""
"16/09/2022 03:00:00 - 16/09/2022 04:00:00","BZN|EE","Without Sequence","38.86","",""
"16/09/2022 04:00:00 - 16/09/2022 05:00:00","BZN|EE","Without Sequence","86.46","",""
"16/09/2022 05:00:00 - 16/09/2022 06:00:00","BZN|EE","Without Sequence","188.73","",""
"16/09/2022 06:00:00 - 16/09/2022 07:00:00","BZN|EE","Without Sequence","245.88","",""
"16/09/2022 07:00:00 - 16/09/2022 08:00:00","BZN|EE","Without Sequence","262.61","",""
"16/09/2022 08:00:00 - 16/09/2022 09:00:00","BZN|EE","Without Sequence","185.75","",""
"16/09/2022 09:00:00 - 16/09/2022 10:00:00","BZN|EE","Without Sequence","111.86","",""
"16/09/2022 10:00:00 - 16/09/2022 11:00:00","BZN|EE","Without Sequence","80.95","",""
"16/09/2022 11:00:00 - 16/09/2022 12:00:00","BZN|EE","Without Sequence","106.58","",""
"16/09/2022 12:00:00 - 16/09/2022 13:00:00","BZN|EE","Without Sequence","38.19","",""
"16/09/2022 13:00:00 - 16/09/2022 14:00:00","BZN|EE","Without Sequence","43.97","",""
"16/09/2022 14:00:00 - 16/09/2022 15:00:00","BZN|EE","Without Sequence","180.00","",""
"16/09/2022 15:00:00 - 16/09/2022 16:00:00","BZN|EE","Without Sequence","174.04","",""
"16/09/2022 16:00:00 - 16/09/2022 17:00:00","BZN|EE","Without Sequence","208.64","",""
"16/09/2022 17:00:00 - 16/09/2022 18:00:00","BZN|EE","Without Sequence","301.99","",""
"16/09/2022 18:00:00 - 16/09/2022 19:00:00","BZN|EE","Without Sequence","159.98","",""
"16/09/2022 19:00:00 - 16/09/2022 20:00:00","BZN|EE","Without Sequence","475.01","",""
"16/09/2022 20:00:00 - 16/09/2022 21:00:00","BZN|EE","Without Sequence","88.02","",""
"16/09/2022 21:00:00 - 16/09/2022 22:00:00","BZN|EE","Without Sequence","106.60","",""
"16/09/2022 22:00:00 - 16/09/2022 23:00:00","BZN|EE","Without Sequence","128.10","",""
"16/09/2022 23:00:00 - 17/09/2022 00:00:00","BZN|EE","Without Sequence","111.97","",""
"17/09/2022 00:00:00 - 17/09/2022 01:00:00","BZN|EE","Without Sequence","111.94","",""
"17/09/2022 01:00:00 - 17/09/2022 02:00:00","BZN|EE","Without Sequence","108.11","",""
"17/09/2022 02:00:00 - 17/09/2022 03:00:00","BZN|EE","Without Sequence","111.99","",""
"17/09/2022 03:00:00 - 17/09/2022 04:00:00","BZN|EE","Without Sequence","166.61","",""
"17/09/2022 04:00:00 - 17/09/2022 05:00:00","BZN|EE","Without Sequence","120.83","",""
"17/09/2022 05:00:00 - 17/09/2022 06:00:00","BZN|EE","Without Sequence","111.97","",""
"17/09/2022 06:00:00 - 17/09/2022 07:00:00","BZN|EE","Without Sequence","111.98","",""
"17/09/2022 07:00:00 - 17/09/2022 08:00:00","BZN|EE","Without Sequence","131.18","",""
"17/09/2022 08:00:00 - 17/09/2022 09:00:00","BZN|EE","Without Sequence","177.32","",""
"17/09/2022 09:00:00 - 17/09/2022 10:00:00","BZN|EE","Without Sequence","179.25","",""
"17/09/2022 10:00:00 - 17/09/2022 11:00:00","BZN|EE","Without Sequence","189.71","",""
"17/09/2022 11:00:00 - 17/09/2022 12:00:00","BZN|EE","Without Sequence","137.89","",""
"17/09/2022 12:00:00 - 17/09/2022 13:00:00","BZN|EE","Without Sequence","180.96","",""
"17/09/2022 13:00:00 - 17/09/2022 14:00:00","BZN|EE","Without Sequence","177.27","",""
"17/09/2022 14:00:00 - 17/09/2022 15:00:00","BZN|EE","Without Sequence","182.45","",""
"17/09/2022 15:00:00 - 17/09/2022 16:00:00","BZN|EE","Without Sequence","191.54","",""
"17/09/2022 16:00:00 - 17/09/2022 17:00:00","BZN|EE","Without Sequence","189.77","",""
"17/09/2022 17:00:00 - 17/09/2022 18:00:00","BZN|EE","Without Sequence","489.65","",""
"17/09/2022 18:00:00 - 17/09/2022 19:00:00","BZN|EE","Without Sequence","230.95","",""
"17/09/2022 19:00:00 - 17/09/2022 20:00:00","BZN|EE","Without Sequence","146.71","",""
"17/09/2022 20:00:00 - 17/09/2022 21:00:00","BZN|EE","Without Sequence","153.04","",""
"17/09/2022 21:00:00 - 17/09/2022 22:00:00","BZN|EE","Without Sequence","103.99","",""
"17/09/2022 22:00:00 - 17/09/2022 23:00:00","BZN|EE","Without Sequence","99.22","",""
"17/09/2022 23:00:00 - 18/09/2022 00:00:00","BZN|EE","Without Sequence","58.13","",""
"18/09/2022 00:00:00 - 18/09/2022 01:00:00","BZN|EE","Without Sequence","46.24","",""
"18/09/2022 01:00:00 - 18/09/2022 02:00:00","BZN|EE","Without Sequence","105.23","",""
"18/09/2022 02:00:00 - 18/09/2022 03:00:00","BZN|EE","Without Sequence","34.02","",""
"18/09/2022 03:00:00 - 18/09/2022 04:00:00","BZN|EE","Without Sequence","50.63","",""
"18/09/2022 04:00:00 - 18/09/2022 05:00:00","BZN|EE","Without Sequence","64.66","",""
"18/09/2022 05:00:00 - 18/09/2022 06:00:00","BZN|EE","Without Sequence","57.41","",""
"18/09/2022 06:00:00 - 18/09/2022 07:00:00","BZN|EE","Without Sequence","104.35","",""
"18/09/2022 07:00:00 - 18/09/2022 08:00:00","BZN|EE","Without Sequence","113.20","",""
"18/09/2022 08:00:00 - 18/09/2022 09:00:00","BZN|EE","Without Sequence","98.02","",""
"18/09/2022 09:00:00 - 18/09/2022 10:00:00","BZN|EE","Without Sequence","105.25","",""
"18/09/2022 10:00:00 - 18/09/2022 11:00:00","BZN|EE","Without Sequence","105.25","",""
"18/09/2022 11:00:00 - 18/09/2022 12:00:00","BZN|EE","Without Sequence","91.34","",""
"18/09/2022 12:00:00 - 18/09/2022 13:00:00","BZN|EE","Without Sequence","105.24","",""
"18/09/2022 13:00:00 - 18/09/2022 14:00:00","BZN|EE","Without Sequence","105.30","",""
"18/09/2022 14:00:00 - 18/09/2022 15:00:00","BZN|EE","Without Sequence","105.30","",""
"18/09/2022 15:00:00 - 18/09/2022 16:00:00","BZN|EE","Without Sequence","137.10","",""
"18/09/2022 16:00:00 - 18/09/2022 17:00:00","BZN|EE","Without Sequence","216.03","",""
"18/09/2022 17:00:00 - 18/09/2022 18:00:00","BZN|EE","Without Sequence","276.14","",""
"18/09/2022 18:00:00 - 18/09/2022 19:00:00","BZN|EE","Without Sequence","210.07","",""
"18/09/2022 19:00:00 - 18/09/2022 20:00:00","BZN|EE","Without Sequence","182.75","",""
"18/09/2022 20:00:00 - 18/09/2022 21:00:00","BZN|EE","Without Sequence","150.00","",""
"18/09/2022 21:00:00 - 18/09/2022 22:00:00","BZN|EE","Without Sequence","106.70","",""
"18/09/2022 22:00:00 - 18/09/2022 23:00:00","BZN|EE","Without Sequence","102.17","",""
"18/09/2022 23:00:00 - 19/09/2022 00:00:00","BZN|EE","Without Sequence","88.40","",""
"19/09/2022 00:00:00 - 19/09/2022 01:00:00","BZN|EE","Without Sequence","94.98","",""
"19/09/2022 01:00:00 - 19/09/2022 02:00:00","BZN|EE","Without Sequence","90.08","",""
"19/09/2022 02:00:00 - 19/09/2022 03:00:00","BZN|EE","Without Sequence","108.03","",""
"19/09/2022 03:00:00 - 19/09/2022 04:00:00","BZN|EE","Without Sequence","137.18","",""
"19/09/2022 04:00:00 - 19/09/2022 05:00:00","BZN|EE","Without Sequence","400.08","",""
"19/09/2022 05:00:00 - 19/09/2022 06:00:00","BZN|EE","Without Sequence","424.08","",""
"19/09/2022 06:00:00 - 19/09/2022 07:00:00","BZN|EE","Without Sequence","415.38","",""
"19/09/2022 07:00:00 - 19/09/2022 08:00:00","BZN|EE","Without Sequence","355.01","",""
"19/09/2022 08:00:00 - 19/09/2022 09:00:00","BZN|EE","Without Sequence","232.35","",""
"19/09/2022 09:00:00 - 19/09/2022 10:00:00","BZN|EE","Without Sequence","225.15","",""
"19/09/2022 10:00:00 - 19/09/2022 11:00:00","BZN|EE","Without Sequence","186.20","",""
"19/09/2022 11:00:00 - 19/09/2022 12:00:00","BZN|EE","Without Sequence","149.67","",""
"19/09/2022 12:00:00 - 19/09/2022 13:00:00","BZN|EE","Without Sequence","136.69","",""
"19/09/2022 13:00:00 - 19/09/2022 14:00:00","BZN|EE","Without Sequence","119.97","",""
"19/09/2022 14:00:00 - 19/09/2022 15:00:00","BZN|EE","Without Sequence","111.96","",""
"19/09/2022 15:00:00 - 19/09/2022 16:00:00","BZN|EE","Without Sequence","137.14","",""
"19/09/2022 16:00:00 - 19/09/2022 17:00:00","BZN|EE","Without Sequence","105.27","",""
"19/09/2022 17:00:00 - 19/09/2022 18:00:00","BZN|EE","Without Sequence","137.16","",""
"19/09/2022 18:00:00 - 19/09/2022 19:00:00","BZN|EE","Without Sequence","137.11","",""
"19/09/2022 19:00:00 - 19/09/2022 20:00:00","BZN|EE","Without Sequence","137.14","",""
"19/09/2022 20:00:00 - 19/09/2022 21:00:00","BZN|EE","Without Sequence","111.99","",""
"19/09/2022 21:00:00 - 19/09/2022 22:00:00","BZN|EE","Without Sequence","105.28","",""
"19/09/2022 22:00:00 - 19/09/2022 23:00:00","BZN|EE","Without Sequence","103.37","",""
"19/09/2022 23:00:00 - 20/09/2022 00:00:00","BZN|EE","Without Sequence","103.36","",""
"20/09/2022 00:00:00 - 20/09/2022 01:00:00","BZN|EE","Without Sequence","103.34","",""
"20/09/2022 01:00:00 - 20/09/2022 02:00:00","BZN|EE","Without Sequence","103.31","",""
"20/09/2022 02:00:00 - 20/09/2022 03:00:00","BZN|EE","Without Sequence","103.36","",""
"20/09/2022 03:00:00 - 20/09/2022 04:00:00","BZN|EE","Without Sequence","278.30","",""
"20/09/2022 04:00:00 - 20/09/2022 05:00:00","BZN|EE","Without Sequence","375.00","",""
"20/09/2022 05:00:00 - 20/09/2022 06:00:00","BZN|EE","Without Sequence","433.00","",""
"20/09/2022 06:00:00 - 20/09/2022 07:00:00","BZN|EE","Without Sequence","103.37","",""
"20/09/2022 07:00:00 - 20/09/2022 08:00:00","BZN|EE","Without Sequence","103.31","",""
"20/09/2022 08:00:00 - 20/09/2022 09:00:00","BZN|EE","Without Sequence","92.89","",""
"20/09/2022 09:00:00 - 20/09/2022 10:00:00","BZN|EE","Without Sequence","103.39","",""
"20/09/2022 10:00:00 - 20/09/2022 11:00:00","BZN|EE","Without Sequence","103.35","",""
"20/09/2022 11:00:00 - 20/09/2022 12:00:00","BZN|EE","Without Sequence","109.52","",""
"20/09/2022 12:00:00 - 20/09/2022 13:00:00","BZN|EE","Without Sequence","114.59","",""
"20/09/2022 13:00:00 - 20/09/2022 14:00:00","BZN|EE","Without Sequence","154.15","",""
"20/09/2022 14:00:00 - 20/09/2022 15:00:00","BZN|EE","Without Sequence","180.48","",""
"20/09/2022 15:00:00 - 20/09/2022 16:00:00","BZN|EE","Without Sequence","196.08","",""
"20/09/2022 16:00:00 - 20/09/2022 17:00:00","BZN|EE","Without Sequence","206.71","",""
"20/09/2022 17:00:00 - 20/09/2022 18:00:00","BZN|EE","Without Sequence","217.75","",""
"20/09/2022 18:00:00 - 20/09/2022 19:00:00","BZN|EE","Without Sequence","204.23","",""
"20/09/2022 19:00:00 - 20/09/2022 20:00:00","BZN|EE","Without Sequence","206.40","",""
"20/09/2022 20:00:00 - 20/09/2022 21:00:00","BZN|EE","Without Sequence","199.99","",""
"20/09/2022 21:00:00 - 20/09/2022 22:00:00","BZN|EE","Without Sequence","155.65","",""
"20/09/2022 22:00:00 - 20/09/2022 23:00:00","BZN|EE","Without Sequence","285.06","",""
"20/09/2022 23:00:00 - 21/09/2022 00:00:00","BZN|EE","Without Sequence","299.58","",""
"21/09/2022 00:00:00 - 21/09/2022 01:00:00","BZN|EE","Without Sequence","299.54","",""
"21/09/2022 01:00:00 - 21/09/2022 02:00:00","BZN|EE","Without Sequence","299.58","",""
"21/09/2022 02:00:00 - 21/09/2022 03:00:00","BZN|EE","Without Sequence","297.28","",""
"21/09/2022 03:00:00 - 21/09/2022 04:00:00","BZN|EE","Without Sequence","341.21","",""
"21/09/2022 04:00:00 - 21/09/2022 05:00:00","BZN|EE","Without Sequence","416.76","",""
"21/09/2022 05:00:00 - 21/09/2022 06:00:00","BZN|EE","Without Sequence","526.49","",""
"21/09/2022 06:00:00 - 21/09/2022 07:00:00","BZN|EE","Without Sequence","527.66","",""
"21/09/2022 07:00:00 - 21/09/2022 08:00:00","BZN|EE","Without Sequence","427.10","",""
"21/09/2022 08:00:00 - 21/09/2022 09:00:00","BZN|EE","Without Sequence","360.12","",""
"21/09/2022 09:00:00 - 21/09/2022 10:00:00","BZN|EE","Without Sequence","321.62","",""
"21/09/2022 10:00:00 - 21/09/2022 11:00:00","BZN|EE","Without Sequence","298.37","",""
"21/09/2022 11:00:00 - 21/09/2022 12:00:00","BZN|EE","Without Sequence","302.26","",""
"21/09/2022 12:00:00 - 21/09/2022 13:00:00","BZN|EE","Without Sequence","311.38","",""
"21/09/2022 13:00:00 - 21/09/2022 14:00:00","BZN|EE","Without Sequence","329.90","",""
"21/09/2022 14:00:00 - 21/09/2022 15:00:00","BZN|EE","Without Sequence","303.95","",""
"21/09/2022 15:00:00 - 21/09/2022 16:00:00","BZN|EE","Without Sequence","297.30","",""
"21/09/2022 16:00:00 - 21/09/2022 17:00:00","BZN|EE","Without Sequence","455.43","",""
"21/09/2022 17:00:00 - 21/09/2022 18:00:00","BZN|EE","Without Sequence","408.51","",""
"21/09/2022 18:00:00 - 21/09/2022 19:00:00","BZN|EE","Without Sequence","270.03","",""
"21/09/2022 19:00:00 - 21/09/2022 20:00:00","BZN|EE","Without Sequence","402.94","",""
"21/09/2022 20:00:00 - 21/09/2022 21:00:00","BZN|EE","Without Sequence","300.00","",""
"21/09/2022 21:00:00 - 21/09/2022 22:00:00","BZN|EE","Without Sequence","210.81","",""
"21/09/2022 22:00:00 - 21/09/2022 23:00:00","BZN|EE","Without Sequence","148.80","",""
"21/09/2022 23:00:00 - 22/09/2022 00:00:00","BZN|EE","Without Sequence","71.37","",""
"22/09/2022 00:00:00 - 22/09/2022 01:00:00","BZN|EE","Without Sequence","68.03","",""
"22/09/2022 01:00:00 - 22/09/2022 02:00:00","BZN|EE","Without Sequence","66.02","",""
"22/09/2022 02:00:00 - 22/09/2022 03:00:00","BZN|EE","Without Sequence","132.57","",""
"22/09/2022 03:00:00 - 22/09/2022 04:00:00","BZN|EE","Without Sequence","229.93","",""
"22/09/2022 04:00:00 - 22/09/2022 05:00:00","BZN|EE","Without Sequence","368.67","",""
"22/09/2022 05:00:00 - 22/09/2022 06:00:00","BZN|EE","Without Sequence","469.64","",""
"22/09/2022 06:00:00 - 22/09/2022 07:00:00","BZN|EE","Without Sequence","475.06","",""
"22/09/2022 07:00:00 - 22/09/2022 08:00:00","BZN|EE","Without Sequence","387.88","",""
"22/09/2022 08:00:00 - 22/09/2022 09:00:00","BZN|EE","Without Sequence","333.90","",""
"22/09/2022 09:00:00 - 22/09/2022 10:00:00","BZN|EE","Without Sequence","301.00","",""
"22/09/2022 10:00:00 - 22/09/2022 11:00:00","BZN|EE","Without Sequence","294.36","",""
"22/09/2022 11:00:00 - 22/09/2022 12:00:00","BZN|EE","Without Sequence","275.84","",""
"22/09/2022 12:00:00 - 22/09/2022 13:00:00","BZN|EE","Without Sequence","288.07","",""
"22/09/2022 13:00:00 - 22/09/2022 14:00:00","BZN|EE","Without Sequence","310.94","",""
"22/09/2022 14:00:00 - 22/09/2022 15:00:00","BZN|EE","Without Sequence","367.87","",""
"22/09/2022 15:00:00 - 22/09/2022 16:00:00","BZN|EE","Without Sequence","408.87","",""
"22/09/2022 16:00:00 - 22/09/2022 17:00:00","BZN|EE","Without Sequence","409.02","",""
"22/09/2022 17:00:00 - 22/09/2022 18:00:00","BZN|EE","Without Sequence","330.00","",""
"22/09/2022 18:00:00 - 22/09/2022 19:00:00","BZN|EE","Without Sequence","221.05","",""
"22/09/2022 19:00:00 - 22/09/2022 20:00:00","BZN|EE","Without Sequence","200.98","",""
"22/09/2022 20:00:00 - 22/09/2022 21:00:00","BZN|EE","Without Sequence","135.90","",""
"22/09/2022 21:00:00 - 22/09/2022 22:00:00","BZN|EE","Without Sequence","48.71","",""
"22/09/2022 22:00:00 - 22/09/2022 23:00:00","BZN|EE","Without Sequence","50.06","",""
"22/09/2022 23:00:00 - 23/09/2022 00:00:00","BZN|EE","Without Sequence","46.90","",""
"23/09/2022 00:00:00 - 23/09/2022 01:00:00","BZN|EE","Without Sequence","47.15","",""
"23/09/2022 01:00:00 - 23/09/2022 02:00:00","BZN|EE","Without Sequence","49.70","",""
"23/09/2022 02:00:00 - 23/09/2022 03:00:00","BZN|EE","Without Sequence","51.79","",""
"23/09/2022 03:00:00 - 23/09/2022 04:00:00","BZN|EE","Without Sequence","324.57","",""
"23/09/2022 04:00:00 - 23/09/2022 05:00:00","BZN|EE","Without Sequence","250.00","",""
"23/09/2022 05:00:00 - 23/09/2022 06:00:00","BZN|EE","Without Sequence","246.59","",""
"23/09/2022 06:00:00 - 23/09/2022 07:00:00","BZN|EE","Without Sequence","280.71","",""
"23/09/2022 07:00:00 - 23/09/2022 08:00:00","BZN|EE","Without Sequence","361.97","",""
"23/09/2022 08:00:00 - 23/09/2022 09:00:00","BZN|EE","Without Sequence","350.92","",""
"23/09/2022 09:00:00 - 23/09/2022 10:00:00","BZN|EE","Without Sequence","338.56","",""
"23/09/2022 10:00:00 - 23/09/2022 11:00:00","BZN|EE","Without Sequence","318.16","",""
"23/09/2022 11:00:00 - 23/09/2022 12:00:00","BZN|EE","Without Sequence","295.30","",""
"23/09/2022 12:00:00 - 23/09/2022 13:00:00","BZN|EE","Without Sequence","317.12","",""
"23/09/2022 13:00:00 - 23/09/2022 14:00:00","BZN|EE","Without Sequence","314.97","",""
"23/09/2022 14:00:00 - 23/09/2022 15:00:00","BZN|EE","Without Sequence","283.67","",""
"23/09/2022 15:00:00 - 23/09/2022 16:00:00","BZN|EE","Without Sequence","271.59","",""
"23/09/2022 16:00:00 - 23/09/2022 17:00:00","BZN|EE","Without Sequence","241.56","",""
"23/09/2022 17:00:00 - 23/09/2022 18:00:00","BZN|EE","Without Sequence","220.42","",""
"23/09/2022 18:00:00 - 23/09/2022 19:00:00","BZN|EE","Without Sequence","185.43","",""
"23/09/2022 19:00:00 - 23/09/2022 20:00:00","BZN|EE","Without Sequence","160.20","",""
"23/09/2022 20:00:00 - 23/09/2022 21:00:00","BZN|EE","Without Sequence","70.51","",""
"23/09/2022 21:00:00 - 23/09/2022 22:00:00","BZN|EE","Without Sequence","253.07","",""
"23/09/2022 22:00:00 - 23/09/2022 23:00:00","BZN|EE","Without Sequence","189.07","",""
"23/09/2022 23:00:00 - 24/09/2022 00:00:00","BZN|EE","Without Sequence","105.43","",""
"24/09/2022 00:00:00 - 24/09/2022 01:00:00","BZN|EE","Without Sequence","60.06","",""
"24/09/2022 01:00:00 - 24/09/2022 02:00:00","BZN|EE","Without Sequence","60.66","",""
"24/09/2022 02:00:00 - 24/09/2022 03:00:00","BZN|EE","Without Sequence","64.07","",""
"24/09/2022 03:00:00 - 24/09/2022 04:00:00","BZN|EE","Without Sequence","322.28","",""
"24/09/2022 04:00:00 - 24/09/2022 05:00:00","BZN|EE","Without Sequence","67.13","",""
"24/09/2022 05:00:00 - 24/09/2022 06:00:00","BZN|EE","Without Sequence","70.11","",""
"24/09/2022 06:00:00 - 24/09/2022 07:00:00","BZN|EE","Without Sequence","175.53","",""
"24/09/2022 07:00:00 - 24/09/2022 08:00:00","BZN|EE","Without Sequence","238.99","",""
"24/09/2022 08:00:00 - 24/09/2022 09:00:00","BZN|EE","Without Sequence","254.95","",""
"24/09/2022 09:00:00 - 24/09/2022 10:00:00","BZN|EE","Without Sequence","235.05","",""
"24/09/2022 10:00:00 - 24/09/2022 11:00:00","BZN|EE","Without Sequence","235.86","",""
"24/09/2022 11:00:00 - 24/09/2022 12:00:00","BZN|EE","Without Sequence","243.84","",""
"24/09/2022 12:00:00 - 24/09/2022 13:00:00","BZN|EE","Without Sequence","248.95","",""
"24/09/2022 13:00:00 - 24/09/2022 14:00:00","BZN|EE","Without Sequence","251.29","",""
"24/09/2022 14:00:00 - 24/09/2022 15:00:00","BZN|EE","Without Sequence","309.17","",""
"24/09/2022 15:00:00 - 24/09/2022 16:00:00","BZN|EE","Without Sequence","359.64","",""
"24/09/2022 16:00:00 - 24/09/2022 17:00:00","BZN|EE","Without Sequence","379.18","",""
"24/09/2022 17:00:00 - 24/09/2022 18:00:00","BZN|EE","Without Sequence","392.70","",""
"24/09/2022 18:00:00 - 24/09/2022 19:00:00","BZN|EE","Without Sequence","275.06","",""
"24/09/2022 19:00:00 - 24/09/2022 20:00:00","BZN|EE","Without Sequence","251.85","",""
"24/09/2022 20:00:00 - 24/09/2022 21:00:00","BZN|EE","Without Sequence","199.30","",""
"24/09/2022 21:00:00 - 24/09/2022 22:00:00","BZN|EE","Without Sequence","129.88","",""
"24/09/2022 22:00:00 - 24/09/2022 23:00:00","BZN|EE","Without Sequence","89.00","",""
"24/09/2022 23:00:00 - 25/09/2022 00:00:00","BZN|EE","Without Sequence","80.55","",""
"25/09/2022 00:00:00 - 25/09/2022 01:00:00","BZN|EE","Without Sequence","78.71","",""
"25/09/2022 01:00:00 - 25/09/2022 02:00:00","BZN|EE","Without Sequence","77.54","",""
"25/09/2022 02:00:00 - 25/09/2022 03:00:00","BZN|EE","Without Sequence","80.94","",""
"25/09/2022 03:00:00 - 25/09/2022 04:00:00","BZN|EE","Without Sequence","116.97","",""
"25/09/2022 04:00:00 - 25/09/2022 05:00:00","BZN|EE","Without Sequence","122.17","",""
"25/09/2022 05:00:00 - 25/09/2022 06:00:00","BZN|EE","Without Sequence","136.52","",""
"25/09/2022 06:00:00 - 25/09/2022 07:00:00","BZN|EE","Without Sequence","195.21","",""
"25/09/2022 07:00:00 - 25/09/2022 08:00:00","BZN|EE","Without Sequence","214.32","",""
"25/09/2022 08:00:00 - 25/09/2022 09:00:00","BZN|EE","Without Sequence","243.27","",""
"25/09/2022 09:00:00 - 25/09/2022 10:00:00","BZN|EE","Without Sequence","253.61","",""
"25/09/2022 10:00:00 - 25/09/2022 11:00:00","BZN|EE","Without Sequence","215.54","",""
"25/09/2022 11:00:00 - 25/09/2022 12:00:00","BZN|EE","Without Sequence","227.80","",""
"25/09/2022 12:00:00 - 25/09/2022 13:00:00","BZN|EE","Without Sequence","206.27","",""
"25/09/2022 13:00:00 - 25/09/2022 14:00:00","BZN|EE","Without Sequence","213.34","",""
"25/09/2022 14:00:00 - 25/09/2022 15:00:00","BZN|EE","Without Sequence","229.38","",""
"25/09/2022 15:00:00 - 25/09/2022 16:00:00","BZN|EE","Without Sequence","320.25","",""
"25/09/2022 16:00:00 - 25/09/2022 17:00:00","BZN|EE","Without Sequence","351.14","",""
"25/09/2022 17:00:00 - 25/09/2022 18:00:00","BZN|EE","Without Sequence","357.58","",""
"25/09/2022 18:00:00 - 25/09/2022 19:00:00","BZN|EE","Without Sequence","320.85","",""
"25/09/2022 19:00:00 - 25/09/2022 20:00:00","BZN|EE","Without Sequence","213.62","",""
"25/09/2022 20:00:00 - 25/09/2022 21:00:00","BZN|EE","Without Sequence","122.15","",""
"25/09/2022 21:00:00 - 25/09/2022 22:00:00","BZN|EE","Without Sequence","42.91","",""
"25/09/2022 22:00:00 - 25/09/2022 23:00:00","BZN|EE","Without Sequence","125.02","",""
"25/09/2022 23:00:00 - 26/09/2022 00:00:00","BZN|EE","Without Sequence","60.59","",""
"26/09/2022 00:00:00 - 26/09/2022 01:00:00","BZN|EE","Without Sequence","53.37","",""
"26/09/2022 01:00:00 - 26/09/2022 02:00:00","BZN|EE","Without Sequence","56.08","",""
"26/09/2022 02:00:00 - 26/09/2022 03:00:00","BZN|EE","Without Sequence","79.07","",""
"26/09/2022 03:00:00 - 26/09/2022 04:00:00","BZN|EE","Without Sequence","119.98","",""
"26/09/2022 04:00:00 - 26/09/2022 05:00:00","BZN|EE","Without Sequence","282.54","",""
"26/09/2022 05:00:00 - 26/09/2022 06:00:00","BZN|EE","Without Sequence","325.88","",""
"26/09/2022 06:00:00 - 26/09/2022 07:00:00","BZN|EE","Without Sequence","329.99","",""
"26/09/2022 07:00:00 - 26/09/2022 08:00:00","BZN|EE","Without Sequence","295.49","",""
"26/09/2022 08:00:00 - 26/09/2022 09:00:00","BZN|EE","Without Sequence","284.65","",""
"26/09/2022 09:00:00 - 26/09/2022 10:00:00","BZN|EE","Without Sequence","272.90","",""
"26/09/2022 10:00:00 - 26/09/2022 11:00:00","BZN|EE","Without Sequence","275.75","",""
"26/09/2022 11:00:00 - 26/09/2022 12:00:00","BZN|EE","Without Sequence","283.92","",""
"26/09/2022 12:00:00 - 26/09/2022 13:00:00","BZN|EE","Without Sequence","283.97","",""
"26/09/2022 13:00:00 - 26/09/2022 14:00:00","BZN|EE","Without Sequence","244.54","",""
"26/09/2022 14:00:00 - 26/09/2022 15:00:00","BZN|EE","Without Sequence","199.37","",""
"26/09/2022 15:00:00 - 26/09/2022 16:00:00","BZN|EE","Without Sequence","180.01","",""
"26/09/2022 16:00:00 - 26/09/2022 17:00:00","BZN|EE","Without Sequence","187.85","",""
"26/09/2022 17:00:00 - 26/09/2022 18:00:00","BZN|EE","Without Sequence","188.18","",""
"26/09/2022 18:00:00 - 26/09/2022 19:00:00","BZN|EE","Without Sequence","163.21","",""
"26/09/2022 19:00:00 - 26/09/2022 20:00:00","BZN|EE","Without Sequence","103.81","",""
"26/09/2022 20:00:00 - 26/09/2022 21:00:00","BZN|EE","Without Sequence","110.02","",""
"26/09/2022 21:00:00 - 26/09/2022 22:00:00","BZN|EE","Without Sequence","18.77","",""
"26/09/2022 22:00:00 - 26/09/2022 23:00:00","BZN|EE","Without Sequence","45.03","",""
"26/09/2022 23:00:00 - 27/09/2022 00:00:00","BZN|EE","Without Sequence","13.00","",""
"27/09/2022 00:00:00 - 27/09/2022 01:00:00","BZN|EE","Without Sequence","12.66","",""
"27/09/2022 01:00:00 - 27/09/2022 02:00:00","BZN|EE","Without Sequence","12.97","",""
"27/09/2022 02:00:00 - 27/09/2022 03:00:00","BZN|EE","Without Sequence","14.32","",""
"27/09/2022 03:00:00 - 27/09/2022 04:00:00","BZN|EE","Without Sequence","182.61","",""
"27/09/2022 04:00:00 - 27/09/2022 05:00:00","BZN|EE","Without Sequence","170.55","",""
"27/09/2022 05:00:00 - 27/09/2022 06:00:00","BZN|EE","Without Sequence","89.92","",""
"27/09/2022 06:00:00 - 27/09/2022 07:00:00","BZN|EE","Without Sequence","132.50","",""
"27/09/2022 07:00:00 - 27/09/2022 08:00:00","BZN|EE","Without Sequence","162.78","",""
"27/09/2022 08:00:00 - 27/09/2022 09:00:00","BZN|EE","Without Sequence","187.77","",""
"27/09/2022 09:00:00 - 27/09/2022 10:00:00","BZN|EE","Without Sequence","201.01","",""
"27/09/2022 10:00:00 - 27/09/2022 11:00:00","BZN|EE","Without Sequence","210.01","",""
"27/09/2022 11:00:00 - 27/09/2022 12:00:00","BZN|EE","Without Sequence","200.01","",""
"27/09/2022 12:00:00 - 27/09/2022 13:00:00","BZN|EE","Without Sequence","214.86","",""
"27/09/2022 13:00:00 - 27/09/2022 14:00:00","BZN|EE","Without Sequence","200.01","",""
"27/09/2022 14:00:00 - 27/09/2022 15:00:00","BZN|EE","Without Sequence","214.82","",""
"27/09/2022 15:00:00 - 27/09/2022 16:00:00","BZN|EE","Without Sequence","203.91","",""
"27/09/2022 16:00:00 - 27/09/2022 17:00:00","BZN|EE","Without Sequence","214.83","",""
"27/09/2022 17:00:00 - 27/09/2022 18:00:00","BZN|EE","Without Sequence","199.49","",""
"27/09/2022 18:00:00 - 27/09/2022 19:00:00","BZN|EE","Without Sequence","177.12","",""
"27/09/2022 19:00:00 - 27/09/2022 20:00:00","BZN|EE","Without Sequence","148.35","",""
"27/09/2022 20:00:00 - 27/09/2022 21:00:00","BZN|EE","Without Sequence","119.98","",""
"27/09/2022 21:00:00 - 27/09/2022 22:00:00","BZN|EE","Without Sequence","86.26","",""
"27/09/2022 22:00:00 - 27/09/2022 23:00:00","BZN|EE","Without Sequence","97.15","",""
"27/09/2022 23:00:00 - 28/09/2022 00:00:00","BZN|EE","Without Sequence","85.48","",""
"28/09/2022 00:00:00 - 28/09/2022 01:00:00","BZN|EE","Without Sequence","78.04","",""
"28/09/2022 01:00:00 - 28/09/2022 02:00:00","BZN|EE","Without Sequence","80.45","",""
"28/09/2022 02:00:00 - 28/09/2022 03:00:00","BZN|EE","Without Sequence","120.75","",""
"28/09/2022 03:00:00 - 28/09/2022 04:00:00","BZN|EE","Without Sequence","233.08","",""
"28/09/2022 04:00:00 - 28/09/2022 05:00:00","BZN|EE","Without Sequence","322.70","",""
"28/09/2022 05:00:00 - 28/09/2022 06:00:00","BZN|EE","Without Sequence","313.36","",""
"28/09/2022 06:00:00 - 28/09/2022 07:00:00","BZN|EE","Without Sequence","350.00","",""
"28/09/2022 07:00:00 - 28/09/2022 08:00:00","BZN|EE","Without Sequence","373.91","",""
"28/09/2022 08:00:00 - 28/09/2022 09:00:00","BZN|EE","Without Sequence","358.62","",""
"28/09/2022 09:00:00 - 28/09/2022 10:00:00","BZN|EE","Without Sequence","381.49","",""
"28/09/2022 10:00:00 - 28/09/2022 11:00:00","BZN|EE","Without Sequence","361.88","",""
"28/09/2022 11:00:00 - 28/09/2022 12:00:00","BZN|EE","Without Sequence","349.04","",""
"28/09/2022 12:00:00 - 28/09/2022 13:00:00","BZN|EE","Without Sequence","321.72","",""
"28/09/2022 13:00:00 - 28/09/2022 14:00:00","BZN|EE","Without Sequence","356.92","",""
"28/09/2022 14:00:00 - 28/09/2022 15:00:00","BZN|EE","Without Sequence","346.17","",""
"28/09/2022 15:00:00 - 28/09/2022 16:00:00","BZN|EE","Without Sequence","303.19","",""
"28/09/2022 16:00:00 - 28/09/2022 17:00:00","BZN|EE","Without Sequence","369.00","",""
"28/09/2022 17:00:00 - 28/09/2022 18:00:00","BZN|EE","Without Sequence","250.57","",""
"28/09/2022 18:00:00 - 28/09/2022 19:00:00","BZN|EE","Without Sequence","189.66","",""
"28/09/2022 19:00:00 - 28/09/2022 20:00:00","BZN|EE","Without Sequence","167.26","",""
"28/09/2022 20:00:00 - 28/09/2022 21:00:00","BZN|EE","Without Sequence","119.93","",""
"28/09/2022 21:00:00 - 28/09/2022 22:00:00","BZN|EE","Without Sequence","60.17","",""
"28/09/2022 22:00:00 - 28/09/2022 23:00:00","BZN|EE","Without Sequence","50.66","",""
"28/09/2022 23:00:00 - 29/09/2022 00:00:00","BZN|EE","Without Sequence","51.80","",""
"29/09/2022 00:00:00 - 29/09/2022 01:00:00","BZN|EE","Without Sequence","52.94","",""
"29/09/2022 01:00:00 - 29/09/2022 02:00:00","BZN|EE","Without Sequence","50.47","",""
"29/09/2022 02:00:00 - 29/09/2022 03:00:00","BZN|EE","Without Sequence","56.49","",""
"29/09/2022 03:00:00 - 29/09/2022 04:00:00","BZN|EE","Without Sequence","176.72","",""
"29/09/2022 04:00:00 - 29/09/2022 05:00:00","BZN|EE","Without Sequence","238.99","",""
"29/09/2022 05:00:00 - 29/09/2022 06:00:00","BZN|EE","Without Sequence","323.68","",""
"29/09/2022 06:00:00 - 29/09/2022 07:00:00","BZN|EE","Without Sequence","329.90","",""
"29/09/2022 07:00:00 - 29/09/2022 08:00:00","BZN|EE","Without Sequence","294.79","",""
"29/09/2022 08:00:00 - 29/09/2022 09:00:00","BZN|EE","Without Sequence","320.58","",""
"29/09/2022 09:00:00 - 29/09/2022 10:00:00","BZN|EE","Without Sequence","312.12","",""
"29/09/2022 10:00:00 - 29/09/2022 11:00:00","BZN|EE","Without Sequence","290.93","",""
"29/09/2022 11:00:00 - 29/09/2022 12:00:00","BZN|EE","Without Sequence","269.66","",""
"29/09/2022 12:00:00 - 29/09/2022 13:00:00","BZN|EE","Without Sequence","186.28","",""
"29/09/2022 13:00:00 - 29/09/2022 14:00:00","BZN|EE","Without Sequence","209.96","",""
"29/09/2022 14:00:00 - 29/09/2022 15:00:00","BZN|EE","Without Sequence","242.84","",""
"29/09/2022 15:00:00 - 29/09/2022 16:00:00","BZN|EE","Without Sequence","312.51","",""
"29/09/2022 16:00:00 - 29/09/2022 17:00:00","BZN|EE","Without Sequence","365.55","",""
"29/09/2022 17:00:00 - 29/09/2022 18:00:00","BZN|EE","Without Sequence","359.94","",""
"29/09/2022 18:00:00 - 29/09/2022 19:00:00","BZN|EE","Without Sequence","294.35","",""
"29/09/2022 19:00:00 - 29/09/2022 20:00:00","BZN|EE","Without Sequence","245.97","",""
"29/09/2022 20:00:00 - 29/09/2022 21:00:00","BZN|EE","Without Sequence","197.91","",""
"29/09/2022 21:00:00 - 29/09/2022 22:00:00","BZN|EE","Without Sequence","163.58","",""
"29/09/2022 22:00:00 - 29/09/2022 23:00:00","BZN|EE","Without Sequence","152.25","",""
"29/09/2022 23:00:00 - 30/09/2022 00:00:00","BZN|EE","Without Sequence","151.72","",""
"30/09/2022 00:00:00 - 30/09/2022 01:00:00","BZN|EE","Without Sequence","158.04","",""
"30/09/2022 01:00:00 - 30/09/2022 02:00:00","BZN|EE","Without Sequence","172.81","",""
"30/09/2022 02:00:00 - 30/09/2022 03:00:00","BZN|EE","Without Sequence","213.21","",""
"30/09/2022 03:00:00 - 30/09/2022 04:00:00","BZN|EE","Without Sequence","329.43","",""
"30/09/2022 04:00:00 - 30/09/2022 05:00:00","BZN|EE","Without Sequence","434.05","",""
"30/09/2022 05:00:00 - 30/09/2022 06:00:00","BZN|EE","Without Sequence","524.00","",""
"30/09/2022 06:00:00 - 30/09/2022 07:00:00","BZN|EE","Without Sequence","542.30","",""
"30/09/2022 07:00:00 - 30/09/2022 08:00:00","BZN|EE","Without Sequence","444.43","",""
"30/09/2022 08:00:00 - 30/09/2022 09:00:00","BZN|EE","Without Sequence","409.27","",""
"30/09/2022 09:00:00 - 30/09/2022 10:00:00","BZN|EE","Without Sequence","342.52","",""
"30/09/2022 10:00:00 - 30/09/2022 11:00:00","BZN|EE","Without Sequence","326.13","",""
"30/09/2022 11:00:00 - 30/09/2022 12:00:00","BZN|EE","Without Sequence","356.61","",""
"30/09/2022 12:00:00 - 30/09/2022 13:00:00","BZN|EE","Without Sequence","420.00","",""
"30/09/2022 13:00:00 - 30/09/2022 14:00:00","BZN|EE","Without Sequence","483.60","",""
"30/09/2022 14:00:00 - 30/09/2022 15:00:00","BZN|EE","Without Sequence","455.90","",""
"30/09/2022 15:00:00 - 30/09/2022 16:00:00","BZN|EE","Without Sequence","455.90","",""
"30/09/2022 16:00:00 - 30/09/2022 17:00:00","BZN|EE","Without Sequence","524.23","",""
"30/09/2022 17:00:00 - 30/09/2022 18:00:00","BZN|EE","Without Sequence","592.95","",""
"30/09/2022 18:00:00 - 30/09/2022 19:00:00","BZN|EE","Without Sequence","500.07","",""
"30/09/2022 19:00:00 - 30/09/2022 20:00:00","BZN|EE","Without Sequence","432.29","",""
"30/09/2022 20:00:00 - 30/09/2022 21:00:00","BZN|EE","Without Sequence","356.47","",""
"30/09/2022 21:00:00 - 30/09/2022 22:00:00","BZN|EE","Without Sequence","256.49","",""
"30/09/2022 22:00:00 - 30/09/2022 23:00:00","BZN|EE","Without Sequence","214.27","",""
"30/09/2022 23:00:00 - 01/10/2022 00:00:00","BZN|EE","Without Sequence","188.00","",""
"01/10/2022 00:00:00 - 01/10/2022 01:00:00","BZN|EE","Without Sequence","189.60","",""
"01/10/2022 01:00:00 - 01/10/2022 02:00:00","BZN|EE","Without Sequence","174.47","",""
"01/10/2022 02:00:00 - 01/10/2022 03:00:00","BZN|EE","Without Sequence","198.63","",""
"01/10/2022 03:00:00 - 01/10/2022 04:00:00","BZN|EE","Without Sequence","231.91","",""
"01/10/2022 04:00:00 - 01/10/2022 05:00:00","BZN|EE","Without Sequence","374.11","",""
"01/10/2022 05:00:00 - 01/10/2022 06:00:00","BZN|EE","Without Sequence","317.02","",""
"01/10/2022 06:00:00 - 01/10/2022 07:00:00","BZN|EE","Without Sequence","337.55","",""
"01/10/2022 07:00:00 - 01/10/2022 08:00:00","BZN|EE","Without Sequence","346.81","",""
"01/10/2022 08:00:00 - 01/10/2022 09:00:00","BZN|EE","Without Sequence","326.73","",""
"01/10/2022 09:00:00 - 01/10/2022 10:00:00","BZN|EE","Without Sequence","317.12","",""
"01/10/2022 10:00:00 - 01/10/2022 11:00:00","BZN|EE","Without Sequence","283.26","",""
"01/10/2022 11:00:00 - 01/10/2022 12:00:00","BZN|EE","Without Sequence","218.80","",""
"01/10/2022 12:00:00 - 01/10/2022 13:00:00","BZN|EE","Without Sequence","204.05","",""
"01/10/2022 13:00:00 - 01/10/2022 14:00:00","BZN|EE","Without Sequence","262.92","",""
"01/10/2022 14:00:00 - 01/10/2022 15:00:00","BZN|EE","Without Sequence","317.14","",""
"01/10/2022 15:00:00 - 01/10/2022 16:00:00","BZN|EE","Without Sequence","312.54","",""
"01/10/2022 16:00:00 - 01/10/2022 17:00:00","BZN|EE","Without Sequence","312.44","",""
"01/10/2022 17:00:00 - 01/10/2022 18:00:00","BZN|EE","Without Sequence","283.42","",""
"01/10/2022 18:00:00 - 01/10/2022 19:00:00","BZN|EE","Without Sequence","198.65","",""
"01/10/2022 19:00:00 - 01/10/2022 20:00:00","BZN|EE","Without Sequence","205.77","",""
"01/10/2022 20:00:00 - 01/10/2022 21:00:00","BZN|EE","Without Sequence","177.04","",""
"01/10/2022 21:00:00 - 01/10/2022 22:00:00","BZN|EE","Without Sequence","97.13","",""
"01/10/2022 22:00:00 - 01/10/2022 23:00:00","BZN|EE","Without Sequence","71.94","",""
"01/10/2022 23:00:00 - 02/10/2022 00:00:00","BZN|EE","Without Sequence","152.23","",""
"02/10/2022 00:00:00 - 02/10/2022 01:00:00","BZN|EE","Without Sequence","155.01","",""
"02/10/2022 01:00:00 - 02/10/2022 02:00:00","BZN|EE","Without Sequence","177.17","",""
"02/10/2022 02:00:00 - 02/10/2022 03:00:00","BZN|EE","Without Sequence","122.96","",""
"02/10/2022 03:00:00 - 02/10/2022 04:00:00","BZN|EE","Without Sequence","120.01","",""
"02/10/2022 04:00:00 - 02/10/2022 05:00:00","BZN|EE","Without Sequence","103.08","",""
"02/10/2022 05:00:00 - 02/10/2022 06:00:00","BZN|EE","Without Sequence","167.56","",""
"02/10/2022 06:00:00 - 02/10/2022 07:00:00","BZN|EE","Without Sequence","255.61","",""
"02/10/2022 07:00:00 - 02/10/2022 08:00:00","BZN|EE","Without Sequence","311.34","",""
"02/10/2022 08:00:00 - 02/10/2022 09:00:00","BZN|EE","Without Sequence","320.41","",""
"02/10/2022 09:00:00 - 02/10/2022 10:00:00","BZN|EE","Without Sequence","305.18","",""
"02/10/2022 10:00:00 - 02/10/2022 11:00:00","BZN|EE","Without Sequence","301.52","",""
"02/10/2022 11:00:00 - 02/10/2022 12:00:00","BZN|EE","Without Sequence","302.87","",""
"02/10/2022 12:00:00 - 02/10/2022 13:00:00","BZN|EE","Without Sequence","329.93","",""
"02/10/2022 13:00:00 - 02/10/2022 14:00:00","BZN|EE","Without Sequence","334.05","",""
"02/10/2022 14:00:00 - 02/10/2022 15:00:00","BZN|EE","Without Sequence","348.51","",""
"02/10/2022 15:00:00 - 02/10/2022 16:00:00","BZN|EE","Without Sequence","445.06","",""
"02/10/2022 16:00:00 - 02/10/2022 17:00:00","BZN|EE","Without Sequence","500.00","",""
"02/10/2022 17:00:00 - 02/10/2022 18:00:00","BZN|EE","Without Sequence","530.67","",""
"02/10/2022 18:00:00 - 02/10/2022 19:00:00","BZN|EE","Without Sequence","336.28","",""
"02/10/2022 19:00:00 - 02/10/2022 20:00:00","BZN|EE","Without Sequence","244.02","",""
"02/10/2022 20:00:00 - 02/10/2022 21:00:00","BZN|EE","Without Sequence","181.41","",""
"02/10/2022 21:00:00 - 02/10/2022 22:00:00","BZN|EE","Without Sequence","161.67","",""
"02/10/2022 22:00:00 - 02/10/2022 23:00:00","BZN|EE","Without Sequence","90.47","",""
"02/10/2022 23:00:00 - 03/10/2022 00:00:00","BZN|EE","Without Sequence","99.76","",""
"03/10/2022 00:00:00 - 03/10/2022 01:00:00","BZN|EE","Without Sequence","94.38","",""
"03/10/2022 01:00:00 - 03/10/2022 02:00:00","BZN|EE","Without Sequence","91.30","",""
"03/10/2022 02:00:00 - 03/10/2022 03:00:00","BZN|EE","Without Sequence","101.63","",""
"03/10/2022 03:00:00 - 03/10/2022 04:00:00","BZN|EE","Without Sequence","256.49","",""
"03/10/2022 04:00:00 - 03/10/2022 05:00:00","BZN|EE","Without Sequence","357.80","",""
"03/10/2022 05:00:00 - 03/10/2022 06:00:00","BZN|EE","Without Sequence","475.01","",""
"03/10/2022 06:00:00 - 03/10/2022 07:00:00","BZN|EE","Without Sequence","449.90","",""
"03/10/2022 07:00:00 - 03/10/2022 08:00:00","BZN|EE","Without Sequence","340.06","",""
"03/10/2022 08:00:00 - 03/10/2022 09:00:00","BZN|EE","Without Sequence","281.50","",""
"03/10/2022 09:00:00 - 03/10/2022 10:00:00","BZN|EE","Without Sequence","328.64","",""
"03/10/2022 10:00:00 - 03/10/2022 11:00:00","BZN|EE","Without Sequence","357.85","",""
"03/10/2022 11:00:00 - 03/10/2022 12:00:00","BZN|EE","Without Sequence","293.93","",""
"03/10/2022 12:00:00 - 03/10/2022 13:00:00","BZN|EE","Without Sequence","262.09","",""
"03/10/2022 13:00:00 - 03/10/2022 14:00:00","BZN|EE","Without Sequence","259.16","",""
"03/10/2022 14:00:00 - 03/10/2022 15:00:00","BZN|EE","Without Sequence","228.03","",""
"03/10/2022 15:00:00 - 03/10/2022 16:00:00","BZN|EE","Without Sequence","322.68","",""
"03/10/2022 16:00:00 - 03/10/2022 17:00:00","BZN|EE","Without Sequence","384.40","",""
"03/10/2022 17:00:00 - 03/10/2022 18:00:00","BZN|EE","Without Sequence","376.60","",""
"03/10/2022 18:00:00 - 03/10/2022 19:00:00","BZN|EE","Without Sequence","342.91","",""
"03/10/2022 19:00:00 - 03/10/2022 20:00:00","BZN|EE","Without Sequence","321.30","",""
"03/10/2022 20:00:00 - 03/10/2022 21:00:00","BZN|EE","Without Sequence","214.73","",""
"03/10/2022 21:00:00 - 03/10/2022 22:00:00","BZN|EE","Without Sequence","150.07","",""
"03/10/2022 22:00:00 - 03/10/2022 23:00:00","BZN|EE","Without Sequence","130.88","",""
"03/10/2022 23:00:00 - 04/10/2022 00:00:00","BZN|EE","Without Sequence","98.21","",""
"04/10/2022 00:00:00 - 04/10/2022 01:00:00","BZN|EE","Without Sequence","79.95","",""
"04/10/2022 01:00:00 - 04/10/2022 02:00:00","BZN|EE","Without Sequence","79.94","",""
"04/10/2022 02:00:00 - 04/10/2022 03:00:00","BZN|EE","Without Sequence","135.44","",""
"04/10/2022 03:00:00 - 04/10/2022 04:00:00","BZN|EE","Without Sequence","196.92","",""
"04/10/2022 04:00:00 - 04/10/2022 05:00:00","BZN|EE","Without Sequence","238.15","",""
"04/10/2022 05:00:00 - 04/10/2022 06:00:00","BZN|EE","Without Sequence","282.52","",""
"04/10/2022 06:00:00 - 04/10/2022 07:00:00","BZN|EE","Without Sequence","343.20","",""
"04/10/2022 07:00:00 - 04/10/2022 08:00:00","BZN|EE","Without Sequence","309.48","",""
"04/10/2022 08:00:00 - 04/10/2022 09:00:00","BZN|EE","Without Sequence","265.00","",""
"04/10/2022 09:00:00 - 04/10/2022 10:00:00","BZN|EE","Without Sequence","243.53","",""
"04/10/2022 10:00:00 - 04/10/2022 11:00:00","BZN|EE","Without Sequence","228.92","",""
"04/10/2022 11:00:00 - 04/10/2022 12:00:00","BZN|EE","Without Sequence","210.07","",""
"04/10/2022 12:00:00 - 04/10/2022 13:00:00","BZN|EE","Without Sequence","210.76","",""
"04/10/2022 13:00:00 - 04/10/2022 14:00:00","BZN|EE","Without Sequence","242.19","",""
"04/10/2022 14:00:00 - 04/10/2022 15:00:00","BZN|EE","Without Sequence","248.82","",""
"04/10/2022 15:00:00 - 04/10/2022 16:00:00","BZN|EE","Without Sequence","310.63","",""
"04/10/2022 16:00:00 - 04/10/2022 17:00:00","BZN|EE","Without Sequence","419.65","",""
"04/10/2022 17:00:00 - 04/10/2022 18:00:00","BZN|EE","Without Sequence","501.28","",""
"04/10/2022 18:00:00 - 04/10/2022 19:00:00","BZN|EE","Without Sequence","254.63","",""
"04/10/2022 19:00:00 - 04/10/2022 20:00:00","BZN|EE","Without Sequence","279.26","",""
"04/10/2022 20:00:00 - 04/10/2022 21:00:00","BZN|EE","Without Sequence","254.83","",""
"04/10/2022 21:00:00 - 04/10/2022 22:00:00","BZN|EE","Without Sequence","130.81","",""
"04/10/2022 22:00:00 - 04/10/2022 23:00:00","BZN|EE","Without Sequence","39.93","",""
"04/10/2022 23:00:00 - 05/10/2022 00:00:00","BZN|EE","Without Sequence","90.59","",""
"05/10/2022 00:00:00 - 05/10/2022 01:00:00","BZN|EE","Without Sequence","91.64","",""
"05/10/2022 01:00:00 - 05/10/2022 02:00:00","BZN|EE","Without Sequence","50.01","",""
"05/10/2022 02:00:00 - 05/10/2022 03:00:00","BZN|EE","Without Sequence","18.84","",""
"05/10/2022 03:00:00 - 05/10/2022 04:00:00","BZN|EE","Without Sequence","367.74","",""
"05/10/2022 04:00:00 - 05/10/2022 05:00:00","BZN|EE","Without Sequence","380.23","",""
"05/10/2022 05:00:00 - 05/10/2022 06:00:00","BZN|EE","Without Sequence","439.96","",""
"05/10/2022 06:00:00 - 05/10/2022 07:00:00","BZN|EE","Without Sequence","488.81","",""
"05/10/2022 07:00:00 - 05/10/2022 08:00:00","BZN|EE","Without Sequence","380.53","",""
"05/10/2022 08:00:00 - 05/10/2022 09:00:00","BZN|EE","Without Sequence","380.56","",""
"05/10/2022 09:00:00 - 05/10/2022 10:00:00","BZN|EE","Without Sequence","292.64","",""
"05/10/2022 10:00:00 - 05/10/2022 11:00:00","BZN|EE","Without Sequence","116.33","",""
"05/10/2022 11:00:00 - 05/10/2022 12:00:00","BZN|EE","Without Sequence","126.03","",""
"05/10/2022 12:00:00 - 05/10/2022 13:00:00","BZN|EE","Without Sequence","380.54","",""
"05/10/2022 13:00:00 - 05/10/2022 14:00:00","BZN|EE","Without Sequence","476.17","",""
"05/10/2022 14:00:00 - 05/10/2022 15:00:00","BZN|EE","Without Sequence","380.53","",""
"05/10/2022 15:00:00 - 05/10/2022 16:00:00","BZN|EE","Without Sequence","250.07","",""
"05/10/2022 16:00:00 - 05/10/2022 17:00:00","BZN|EE","Without Sequence","398.96","",""
"05/10/2022 17:00:00 - 05/10/2022 18:00:00","BZN|EE","Without Sequence","473.92","",""
"05/10/2022 18:00:00 - 05/10/2022 19:00:00","BZN|EE","Without Sequence","45.05","",""
"05/10/2022 19:00:00 - 05/10/2022 20:00:00","BZN|EE","Without Sequence","156.15","",""
"05/10/2022 20:00:00 - 05/10/2022 21:00:00","BZN|EE","Without Sequence","151.94","",""
"05/10/2022 21:00:00 - 05/10/2022 22:00:00","BZN|EE","Without Sequence","50.01","",""
"05/10/2022 22:00:00 - 05/10/2022 23:00:00","BZN|EE","Without Sequence","50.01","",""
"05/10/2022 23:00:00 - 06/10/2022 00:00:00","BZN|EE","Without Sequence","50.00","",""
"06/10/2022 00:00:00 - 06/10/2022 01:00:00","BZN|EE","Without Sequence","0.10","",""
"06/10/2022 01:00:00 - 06/10/2022 02:00:00","BZN|EE","Without Sequence","0.09","",""
"06/10/2022 02:00:00 - 06/10/2022 03:00:00","BZN|EE","Without Sequence","0.08","",""
"06/10/2022 03:00:00 - 06/10/2022 04:00:00","BZN|EE","Without Sequence","341.30","",""
"06/10/2022 04:00:00 - 06/10/2022 05:00:00","BZN|EE","Without Sequence","107.40","",""
"06/10/2022 05:00:00 - 06/10/2022 06:00:00","BZN|EE","Without Sequence","239.87","",""
"06/10/2022 06:00:00 - 06/10/2022 07:00:00","BZN|EE","Without Sequence","468.81","",""
"06/10/2022 07:00:00 - 06/10/2022 08:00:00","BZN|EE","Without Sequence","202.50","",""
"06/10/2022 08:00:00 - 06/10/2022 09:00:00","BZN|EE","Without Sequence","188.23","",""
"06/10/2022 09:00:00 - 06/10/2022 10:00:00","BZN|EE","Without Sequence","80.46","",""
"06/10/2022 10:00:00 - 06/10/2022 11:00:00","BZN|EE","Without Sequence","73.05","",""
"06/10/2022 11:00:00 - 06/10/2022 12:00:00","BZN|EE","Without Sequence","127.93","",""
"06/10/2022 12:00:00 - 06/10/2022 13:00:00","BZN|EE","Without Sequence","126.79","",""
"06/10/2022 13:00:00 - 06/10/2022 14:00:00","BZN|EE","Without Sequence","166.67","",""
"06/10/2022 14:00:00 - 06/10/2022 15:00:00","BZN|EE","Without Sequence","306.76","",""
"06/10/2022 15:00:00 - 06/10/2022 16:00:00","BZN|EE","Without Sequence","159.80","",""
"06/10/2022 16:00:00 - 06/10/2022 17:00:00","BZN|EE","Without Sequence","342.05","",""
"06/10/2022 17:00:00 - 06/10/2022 18:00:00","BZN|EE","Without Sequence","107.47","",""
"06/10/2022 18:00:00 - 06/10/2022 19:00:00","BZN|EE","Without Sequence","3.30","",""
"06/10/2022 19:00:00 - 06/10/2022 20:00:00","BZN|EE","Without Sequence","107.45","",""
"06/10/2022 20:00:00 - 06/10/2022 21:00:00","BZN|EE","Without Sequence","0.10","",""
"06/10/2022 21:00:00 - 06/10/2022 22:00:00","BZN|EE","Without Sequence","0.09","",""
"06/10/2022 22:00:00 - 06/10/2022 23:00:00","BZN|EE","Without Sequence","50.00","",""
"06/10/2022 23:00:00 - 07/10/2022 00:00:00","BZN|EE","Without Sequence","0.10","",""
"07/10/2022 00:00:00 - 07/10/2022 01:00:00","BZN|EE","Without Sequence","0.09","",""
"07/10/2022 01:00:00 - 07/10/2022 02:00:00","BZN|EE","Without Sequence","30.54","",""
"07/10/2022 02:00:00 - 07/10/2022 03:00:00","BZN|EE","Without Sequence","95.93","",""
"07/10/2022 03:00:00 - 07/10/2022 04:00:00","BZN|EE","Without Sequence","100.01","",""
"07/10/2022 04:00:00 - 07/10/2022 05:00:00","BZN|EE","Without Sequence","200.03","",""
"07/10/2022 05:00:00 - 07/10/2022 06:00:00","BZN|EE","Without Sequence","309.49","",""
"07/10/2022 06:00:00 - 07/10/2022 07:00:00","BZN|EE","Without Sequence","249.59","",""
"07/10/2022 07:00:00 - 07/10/2022 08:00:00","BZN|EE","Without Sequence","202.79","",""
"07/10/2022 08:00:00 - 07/10/2022 09:00:00","BZN|EE","Without Sequence","181.42","",""
"07/10/2022 09:00:00 - 07/10/2022 10:00:00","BZN|EE","Without Sequence","129.45","",""
"07/10/2022 10:00:00 - 07/10/2022 11:00:00","BZN|EE","Without Sequence","109.03","",""
"07/10/2022 11:00:00 - 07/10/2022 12:00:00","BZN|EE","Without Sequence","85.61","",""
"07/10/2022 12:00:00 - 07/10/2022 13:00:00","BZN|EE","Without Sequence","83.89","",""
"07/10/2022 13:00:00 - 07/10/2022 14:00:00","BZN|EE","Without Sequence","185.79","",""
"07/10/2022 14:00:00 - 07/10/2022 15:00:00","BZN|EE","Without Sequence","164.15","",""
"07/10/2022 15:00:00 - 07/10/2022 16:00:00","BZN|EE","Without Sequence","228.18","",""
"07/10/2022 16:00:00 - 07/10/2022 17:00:00","BZN|EE","Without Sequence","279.93","",""
"07/10/2022 17:00:00 - 07/10/2022 18:00:00","BZN|EE","Without Sequence","316.18","",""
"07/10/2022 18:00:00 - 07/10/2022 19:00:00","BZN|EE","Without Sequence","250.02","",""
"07/10/2022 19:00:00 - 07/10/2022 20:00:00","BZN|EE","Without Sequence","264.21","",""
"07/10/2022 20:00:00 - 07/10/2022 21:00:00","BZN|EE","Without Sequence","95.93","",""
"07/10/2022 21:00:00 - 07/10/2022 22:00:00","BZN|EE","Without Sequence","43.52","",""
"07/10/2022 22:00:00 - 07/10/2022 23:00:00","BZN|EE","Without Sequence","0.08","",""
"07/10/2022 23:00:00 - 08/10/2022 00:00:00","BZN|EE","Without Sequence","63.22","",""
"08/10/2022 00:00:00 - 08/10/2022 01:00:00","BZN|EE","Without Sequence","40.42","",""
"08/10/2022 01:00:00 - 08/10/2022 02:00:00","BZN|EE","Without Sequence","59.00","",""
"08/10/2022 02:00:00 - 08/10/2022 03:00:00","BZN|EE","Without Sequence","97.36","",""
"08/10/2022 03:00:00 - 08/10/2022 04:00:00","BZN|EE","Without Sequence","97.35","",""
"08/10/2022 04:00:00 - 08/10/2022 05:00:00","BZN|EE","Without Sequence","105.45","",""
"08/10/2022 05:00:00 - 08/10/2022 06:00:00","BZN|EE","Without Sequence","134.50","",""
"08/10/2022 06:00:00 - 08/10/2022 07:00:00","BZN|EE","Without Sequence","166.59","",""
"08/10/2022 07:00:00 - 08/10/2022 08:00:00","BZN|EE","Without Sequence","186.86","",""
"08/10/2022 08:00:00 - 08/10/2022 09:00:00","BZN|EE","Without Sequence","105.50","",""
"08/10/2022 09:00:00 - 08/10/2022 10:00:00","BZN|EE","Without Sequence","105.46","",""
"08/10/2022 10:00:00 - 08/10/2022 11:00:00","BZN|EE","Without Sequence","105.47","",""
"08/10/2022 11:00:00 - 08/10/2022 12:00:00","BZN|EE","Without Sequence","109.90","",""
"08/10/2022 12:00:00 - 08/10/2022 13:00:00","BZN|EE","Without Sequence","116.60","",""
"08/10/2022 13:00:00 - 08/10/2022 14:00:00","BZN|EE","Without Sequence","139.51","",""
"08/10/2022 14:00:00 - 08/10/2022 15:00:00","BZN|EE","Without Sequence","132.51","",""
"08/10/2022 15:00:00 - 08/10/2022 16:00:00","BZN|EE","Without Sequence","218.64","",""
"08/10/2022 16:00:00 - 08/10/2022 17:00:00","BZN|EE","Without Sequence","225.10","",""
"08/10/2022 17:00:00 - 08/10/2022 18:00:00","BZN|EE","Without Sequence","256.56","",""
"08/10/2022 18:00:00 - 08/10/2022 19:00:00","BZN|EE","Without Sequence","225.04","",""
"08/10/2022 19:00:00 - 08/10/2022 20:00:00","BZN|EE","Without Sequence","123.68","",""
"08/10/2022 20:00:00 - 08/10/2022 21:00:00","BZN|EE","Without Sequence","105.49","",""
"08/10/2022 21:00:00 - 08/10/2022 22:00:00","BZN|EE","Without Sequence","142.86","",""
"08/10/2022 22:00:00 - 08/10/2022 23:00:00","BZN|EE","Without Sequence","184.91","",""
"08/10/2022 23:00:00 - 09/10/2022 00:00:00","BZN|EE","Without Sequence","106.38","",""
"09/10/2022 00:00:00 - 09/10/2022 01:00:00","BZN|EE","Without Sequence","106.35","",""
"09/10/2022 01:00:00 - 09/10/2022 02:00:00","BZN|EE","Without Sequence","106.37","",""
"09/10/2022 02:00:00 - 09/10/2022 03:00:00","BZN|EE","Without Sequence","141.95","",""
"09/10/2022 03:00:00 - 09/10/2022 04:00:00","BZN|EE","Without Sequence","147.12","",""
"09/10/2022 04:00:00 - 09/10/2022 05:00:00","BZN|EE","Without Sequence","153.00","",""
"09/10/2022 05:00:00 - 09/10/2022 06:00:00","BZN|EE","Without Sequence","195.68","",""
"09/10/2022 06:00:00 - 09/10/2022 07:00:00","BZN|EE","Without Sequence","196.70","",""
"09/10/2022 07:00:00 - 09/10/2022 08:00:00","BZN|EE","Without Sequence","150.85","",""
"09/10/2022 08:00:00 - 09/10/2022 09:00:00","BZN|EE","Without Sequence","116.00","",""
"09/10/2022 09:00:00 - 09/10/2022 10:00:00","BZN|EE","Without Sequence","93.36","",""
"09/10/2022 10:00:00 - 09/10/2022 11:00:00","BZN|EE","Without Sequence","106.31","",""
"09/10/2022 11:00:00 - 09/10/2022 12:00:00","BZN|EE","Without Sequence","80.06","",""
"09/10/2022 12:00:00 - 09/10/2022 13:00:00","BZN|EE","Without Sequence","77.24","",""
"09/10/2022 13:00:00 - 09/10/2022 14:00:00","BZN|EE","Without Sequence","89.41","",""
"09/10/2022 14:00:00 - 09/10/2022 15:00:00","BZN|EE","Without Sequence","140.04","",""
"09/10/2022 15:00:00 - 09/10/2022 16:00:00","BZN|EE","Without Sequence","182.01","",""
"09/10/2022 16:00:00 - 09/10/2022 17:00:00","BZN|EE","Without Sequence","195.25","",""
"09/10/2022 17:00:00 - 09/10/2022 18:00:00","BZN|EE","Without Sequence","268.38","",""
"09/10/2022 18:00:00 - 09/10/2022 19:00:00","BZN|EE","Without Sequence","206.36","",""
"09/10/2022 19:00:00 - 09/10/2022 20:00:00","BZN|EE","Without Sequence","123.60","",""
"09/10/2022 20:00:00 - 09/10/2022 21:00:00","BZN|EE","Without Sequence","97.59","",""
"09/10/2022 21:00:00 - 09/10/2022 22:00:00","BZN|EE","Without Sequence","72.47","",""
"09/10/2022 22:00:00 - 09/10/2022 23:00:00","BZN|EE","Without Sequence","81.30","",""
"09/10/2022 23:00:00 - 10/10/2022 00:00:00","BZN|EE","Without Sequence","78.61","",""
"10/10/2022 00:00:00 - 10/10/2022 01:00:00","BZN|EE","Without Sequence","84.34","",""
"10/10/2022 01:00:00 - 10/10/2022 02:00:00","BZN|EE","Without Sequence","78.96","",""
"10/10/2022 02:00:00 - 10/10/2022 03:00:00","BZN|EE","Without Sequence","80.13","",""
"10/10/2022 03:00:00 - 10/10/2022 04:00:00","BZN|EE","Without Sequence","141.40","",""
"10/10/2022 04:00:00 - 10/10/2022 05:00:00","BZN|EE","Without Sequence","372.19","",""
"10/10/2022 05:00:00 - 10/10/2022 06:00:00","BZN|EE","Without Sequence","227.26","",""
"10/10/2022 06:00:00 - 10/10/2022 07:00:00","BZN|EE","Without Sequence","275.86","",""
"10/10/2022 07:00:00 - 10/10/2022 08:00:00","BZN|EE","Without Sequence","182.10","",""
"10/10/2022 08:00:00 - 10/10/2022 09:00:00","BZN|EE","Without Sequence","106.39","",""
"10/10/2022 09:00:00 - 10/10/2022 10:00:00","BZN|EE","Without Sequence","106.33","",""
"10/10/2022 10:00:00 - 10/10/2022 11:00:00","BZN|EE","Without Sequence","144.39","",""
"10/10/2022 11:00:00 - 10/10/2022 12:00:00","BZN|EE","Without Sequence","167.83","",""
"10/10/2022 12:00:00 - 10/10/2022 13:00:00","BZN|EE","Without Sequence","190.25","",""
"10/10/2022 13:00:00 - 10/10/2022 14:00:00","BZN|EE","Without Sequence","201.43","",""
"10/10/2022 14:00:00 - 10/10/2022 15:00:00","BZN|EE","Without Sequence","251.34","",""
"10/10/2022 15:00:00 - 10/10/2022 16:00:00","BZN|EE","Without Sequence","252.77","",""
"10/10/2022 16:00:00 - 10/10/2022 17:00:00","BZN|EE","Without Sequence","265.32","",""
"10/10/2022 17:00:00 - 10/10/2022 18:00:00","BZN|EE","Without Sequence","330.09","",""
"10/10/2022 18:00:00 - 10/10/2022 19:00:00","BZN|EE","Without Sequence","220.08","",""
"10/10/2022 19:00:00 - 10/10/2022 20:00:00","BZN|EE","Without Sequence","184.92","",""
"10/10/2022 20:00:00 - 10/10/2022 21:00:00","BZN|EE","Without Sequence","95.07","",""
"10/10/2022 21:00:00 - 10/10/2022 22:00:00","BZN|EE","Without Sequence","96.32","",""
"10/10/2022 22:00:00 - 10/10/2022 23:00:00","BZN|EE","Without Sequence","95.23","",""
"10/10/2022 23:00:00 - 11/10/2022 00:00:00","BZN|EE","Without Sequence","76.00","",""
"11/10/2022 00:00:00 - 11/10/2022 01:00:00","BZN|EE","Without Sequence","80.38","",""
"11/10/2022 01:00:00 - 11/10/2022 02:00:00","BZN|EE","Without Sequence","95.20","",""
"11/10/2022 02:00:00 - 11/10/2022 03:00:00","BZN|EE","Without Sequence","95.26","",""
"11/10/2022 03:00:00 - 11/10/2022 04:00:00","BZN|EE","Without Sequence","223.93","",""
"11/10/2022 04:00:00 - 11/10/2022 05:00:00","BZN|EE","Without Sequence","310.01","",""
"11/10/2022 05:00:00 - 11/10/2022 06:00:00","BZN|EE","Without Sequence","310.01","",""
"11/10/2022 06:00:00 - 11/10/2022 07:00:00","BZN|EE","Without Sequence","95.25","",""
"11/10/2022 07:00:00 - 11/10/2022 08:00:00","BZN|EE","Without Sequence","288.23","",""
"11/10/2022 08:00:00 - 11/10/2022 09:00:00","BZN|EE","Without Sequence","244.29","",""
"11/10/2022 09:00:00 - 11/10/2022 10:00:00","BZN|EE","Without Sequence","230.40","",""
"11/10/2022 10:00:00 - 11/10/2022 11:00:00","BZN|EE","Without Sequence","200.34","",""
"11/10/2022 11:00:00 - 11/10/2022 12:00:00","BZN|EE","Without Sequence","125.50","",""
"11/10/2022 12:00:00 - 11/10/2022 13:00:00","BZN|EE","Without Sequence","95.29","",""
"11/10/2022 13:00:00 - 11/10/2022 14:00:00","BZN|EE","Without Sequence","229.06","",""
"11/10/2022 14:00:00 - 11/10/2022 15:00:00","BZN|EE","Without Sequence","250.02","",""
"11/10/2022 15:00:00 - 11/10/2022 16:00:00","BZN|EE","Without Sequence","280.02","",""
"11/10/2022 16:00:00 - 11/10/2022 17:00:00","BZN|EE","Without Sequence","340.06","",""
"11/10/2022 17:00:00 - 11/10/2022 18:00:00","BZN|EE","Without Sequence","310.08","",""
"11/10/2022 18:00:00 - 11/10/2022 19:00:00","BZN|EE","Without Sequence","310.02","",""
"11/10/2022 19:00:00 - 11/10/2022 20:00:00","BZN|EE","Without Sequence","200.50","",""
"11/10/2022 20:00:00 - 11/10/2022 21:00:00","BZN|EE","Without Sequence","250.01","",""
"11/10/2022 21:00:00 - 11/10/2022 22:00:00","BZN|EE","Without Sequence","196.73","",""
"11/10/2022 22:00:00 - 11/10/2022 23:00:00","BZN|EE","Without Sequence","124.58","",""
"11/10/2022 23:00:00 - 12/10/2022 00:00:00","BZN|EE","Without Sequence","124.53","",""
"12/10/2022 00:00:00 - 12/10/2022 01:00:00","BZN|EE","Without Sequence","124.51","",""
"12/10/2022 01:00:00 - 12/10/2022 02:00:00","BZN|EE","Without Sequence","124.50","",""
"12/10/2022 02:00:00 - 12/10/2022 03:00:00","BZN|EE","Without Sequence","104.07","",""
"12/10/2022 03:00:00 - 12/10/2022 04:00:00","BZN|EE","Without Sequence","134.06","",""
"12/10/2022 04:00:00 - 12/10/2022 05:00:00","BZN|EE","Without Sequence","307.23","",""
"12/10/2022 05:00:00 - 12/10/2022 06:00:00","BZN|EE","Without Sequence","134.06","",""
"12/10/2022 06:00:00 - 12/10/2022 07:00:00","BZN|EE","Without Sequence","104.07","",""
"12/10/2022 07:00:00 - 12/10/2022 08:00:00","BZN|EE","Without Sequence","209.75","",""
"12/10/2022 08:00:00 - 12/10/2022 09:00:00","BZN|EE","Without Sequence","269.93","",""
"12/10/2022 09:00:00 - 12/10/2022 10:00:00","BZN|EE","Without Sequence","202.16","",""
"12/10/2022 10:00:00 - 12/10/2022 11:00:00","BZN|EE","Without Sequence","192.79","",""
"12/10/2022 11:00:00 - 12/10/2022 12:00:00","BZN|EE","Without Sequence","197.02","",""
"12/10/2022 12:00:00 - 12/10/2022 13:00:00","BZN|EE","Without Sequence","190.02","",""
"12/10/2022 13:00:00 - 12/10/2022 14:00:00","BZN|EE","Without Sequence","187.09","",""
"12/10/2022 14:00:00 - 12/10/2022 15:00:00","BZN|EE","Without Sequence","185.36","",""
"12/10/2022 15:00:00 - 12/10/2022 16:00:00","BZN|EE","Without Sequence","295.09","",""
"12/10/2022 16:00:00 - 12/10/2022 17:00:00","BZN|EE","Without Sequence","378.40","",""
"12/10/2022 17:00:00 - 12/10/2022 18:00:00","BZN|EE","Without Sequence","448.35","",""
"12/10/2022 18:00:00 - 12/10/2022 19:00:00","BZN|EE","Without Sequence","183.86","",""
"12/10/2022 19:00:00 - 12/10/2022 20:00:00","BZN|EE","Without Sequence","176.68","",""
"12/10/2022 20:00:00 - 12/10/2022 21:00:00","BZN|EE","Without Sequence","124.55","",""
"12/10/2022 21:00:00 - 12/10/2022 22:00:00","BZN|EE","Without Sequence","94.18","",""
"12/10/2022 22:00:00 - 12/10/2022 23:00:00","BZN|EE","Without Sequence","135.30","",""
"12/10/2022 23:00:00 - 13/10/2022 00:00:00","BZN|EE","Without Sequence","135.24","",""
"13/10/2022 00:00:00 - 13/10/2022 01:00:00","BZN|EE","Without Sequence","135.24","",""
"13/10/2022 01:00:00 - 13/10/2022 02:00:00","BZN|EE","Without Sequence","135.25","",""
"13/10/2022 02:00:00 - 13/10/2022 03:00:00","BZN|EE","Without Sequence","161.69","",""
"13/10/2022 03:00:00 - 13/10/2022 04:00:00","BZN|EE","Without Sequence","218.46","",""
"13/10/2022 04:00:00 - 13/10/2022 05:00:00","BZN|EE","Without Sequence","262.70","",""
"13/10/2022 05:00:00 - 13/10/2022 06:00:00","BZN|EE","Without Sequence","292.49","",""
"13/10/2022 06:00:00 - 13/10/2022 07:00:00","BZN|EE","Without Sequence","331.56","",""
"13/10/2022 07:00:00 - 13/10/2022 08:00:00","BZN|EE","Without Sequence","301.56","",""
"13/10/2022 08:00:00 - 13/10/2022 09:00:00","BZN|EE","Without Sequence","268.05","",""
"13/10/2022 09:00:00 - 13/10/2022 10:00:00","BZN|EE","Without Sequence","155.05","",""
"13/10/2022 10:00:00 - 13/10/2022 11:00:00","BZN|EE","Without Sequence","135.90","",""
"13/10/2022 11:00:00 - 13/10/2022 12:00:00","BZN|EE","Without Sequence","135.28","",""
"13/10/2022 12:00:00 - 13/10/2022 13:00:00","BZN|EE","Without Sequence","255.00","",""
"13/10/2022 13:00:00 - 13/10/2022 14:00:00","BZN|EE","Without Sequence","263.58","",""
"13/10/2022 14:00:00 - 13/10/2022 15:00:00","BZN|EE","Without Sequence","245.66","",""
"13/10/2022 15:00:00 - 13/10/2022 16:00:00","BZN|EE","Without Sequence","308.05","",""
"13/10/2022 16:00:00 - 13/10/2022 17:00:00","BZN|EE","Without Sequence","317.37","",""
"13/10/2022 17:00:00 - 13/10/2022 18:00:00","BZN|EE","Without Sequence","342.69","",""
"13/10/2022 18:00:00 - 13/10/2022 19:00:00","BZN|EE","Without Sequence","228.65","",""
"13/10/2022 19:00:00 - 13/10/2022 20:00:00","BZN|EE","Without Sequence","135.23","",""
"13/10/2022 20:00:00 - 13/10/2022 21:00:00","BZN|EE","Without Sequence","100.09","",""
"13/10/2022 21:00:00 - 13/10/2022 22:00:00","BZN|EE","Without Sequence","94.76","",""
"13/10/2022 22:00:00 - 13/10/2022 23:00:00","BZN|EE","Without Sequence","32.32","",""
"13/10/2022 23:00:00 - 14/10/2022 00:00:00","BZN|EE","Without Sequence","34.28","",""
"14/10/2022 00:00:00 - 14/10/2022 01:00:00","BZN|EE","Without Sequence","36.36","",""
"14/10/2022 01:00:00 - 14/10/2022 02:00:00","BZN|EE","Without Sequence","46.24","",""
"14/10/2022 02:00:00 - 14/10/2022 03:00:00","BZN|EE","Without Sequence","105.30","",""
"14/10/2022 03:00:00 - 14/10/2022 04:00:00","BZN|EE","Without Sequence","229.49","",""
"14/10/2022 04:00:00 - 14/10/2022 05:00:00","BZN|EE","Without Sequence","284.17","",""
"14/10/2022 05:00:00 - 14/10/2022 06:00:00","BZN|EE","Without Sequence","321.86","",""
"14/10/2022 06:00:00 - 14/10/2022 07:00:00","BZN|EE","Without Sequence","222.91","",""
"14/10/2022 07:00:00 - 14/10/2022 08:00:00","BZN|EE","Without Sequence","327.39","",""
"14/10/2022 08:00:00 - 14/10/2022 09:00:00","BZN|EE","Without Sequence","297.26","",""
"14/10/2022 09:00:00 - 14/10/2022 10:00:00","BZN|EE","Without Sequence","259.82","",""
"14/10/2022 10:00:00 - 14/10/2022 11:00:00","BZN|EE","Without Sequence","262.01","",""
"14/10/2022 11:00:00 - 14/10/2022 12:00:00","BZN|EE","Without Sequence","238.37","",""
"14/10/2022 12:00:00 - 14/10/2022 13:00:00","BZN|EE","Without Sequence","221.42","",""
"14/10/2022 13:00:00 - 14/10/2022 14:00:00","BZN|EE","Without Sequence","242.69","",""
"14/10/2022 14:00:00 - 14/10/2022 15:00:00","BZN|EE","Without Sequence","258.60","",""
"14/10/2022 15:00:00 - 14/10/2022 16:00:00","BZN|EE","Without Sequence","275.00","",""
"14/10/2022 16:00:00 - 14/10/2022 17:00:00","BZN|EE","Without Sequence","290.00","",""
"14/10/2022 17:00:00 - 14/10/2022 18:00:00","BZN|EE","Without Sequence","304.81","",""
"14/10/2022 18:00:00 - 14/10/2022 19:00:00","BZN|EE","Without Sequence","223.89","",""
"14/10/2022 19:00:00 - 14/10/2022 20:00:00","BZN|EE","Without Sequence","217.94","",""
"14/10/2022 20:00:00 - 14/10/2022 21:00:00","BZN|EE","Without Sequence","179.99","",""
"14/10/2022 21:00:00 - 14/10/2022 22:00:00","BZN|EE","Without Sequence","116.43","",""
"14/10/2022 22:00:00 - 14/10/2022 23:00:00","BZN|EE","Without Sequence","191.76","",""
"14/10/2022 23:00:00 - 15/10/2022 00:00:00","BZN|EE","Without Sequence","134.29","",""
"15/10/2022 00:00:00 - 15/10/2022 01:00:00","BZN|EE","Without Sequence","134.20","",""
"15/10/2022 01:00:00 - 15/10/2022 02:00:00","BZN|EE","Without Sequence","134.20","",""
"15/10/2022 02:00:00 - 15/10/2022 03:00:00","BZN|EE","Without Sequence","134.29","",""
"15/10/2022 03:00:00 - 15/10/2022 04:00:00","BZN|EE","Without Sequence","133.36","",""
"15/10/2022 04:00:00 - 15/10/2022 05:00:00","BZN|EE","Without Sequence","147.49","",""
"15/10/2022 05:00:00 - 15/10/2022 06:00:00","BZN|EE","Without Sequence","165.57","",""
"15/10/2022 06:00:00 - 15/10/2022 07:00:00","BZN|EE","Without Sequence","189.31","",""
"15/10/2022 07:00:00 - 15/10/2022 08:00:00","BZN|EE","Without Sequence","199.33","",""
"15/10/2022 08:00:00 - 15/10/2022 09:00:00","BZN|EE","Without Sequence","185.09","",""
"15/10/2022 09:00:00 - 15/10/2022 10:00:00","BZN|EE","Without Sequence","160.00","",""
"15/10/2022 10:00:00 - 15/10/2022 11:00:00","BZN|EE","Without Sequence","144.91","",""
"15/10/2022 11:00:00 - 15/10/2022 12:00:00","BZN|EE","Without Sequence","136.57","",""
"15/10/2022 12:00:00 - 15/10/2022 13:00:00","BZN|EE","Without Sequence","137.08","",""
"15/10/2022 13:00:00 - 15/10/2022 14:00:00","BZN|EE","Without Sequence","148.96","",""
"15/10/2022 14:00:00 - 15/10/2022 15:00:00","BZN|EE","Without Sequence","155.29","",""
"15/10/2022 15:00:00 - 15/10/2022 16:00:00","BZN|EE","Without Sequence","161.03","",""
"15/10/2022 16:00:00 - 15/10/2022 17:00:00","BZN|EE","Without Sequence","180.74","",""
"15/10/2022 17:00:00 - 15/10/2022 18:00:00","BZN|EE","Without Sequence","186.33","",""
"15/10/2022 18:00:00 - 15/10/2022 19:00:00","BZN|EE","Without Sequence","161.76","",""
"15/10/2022 19:00:00 - 15/10/2022 20:00:00","BZN|EE","Without Sequence","142.95","",""
"15/10/2022 20:00:00 - 15/10/2022 21:00:00","BZN|EE","Without Sequence","100.80","",""
"15/10/2022 21:00:00 - 15/10/2022 22:00:00","BZN|EE","Without Sequence","50.09","",""
"15/10/2022 22:00:00 - 15/10/2022 23:00:00","BZN|EE","Without Sequence","85.09","",""
"15/10/2022 23:00:00 - 16/10/2022 00:00:00","BZN|EE","Without Sequence","73.92","",""
"16/10/2022 00:00:00 - 16/10/2022 01:00:00","BZN|EE","Without Sequence","61.10","",""
"16/10/2022 01:00:00 - 16/10/2022 02:00:00","BZN|EE","Without Sequence","81.47","",""
"16/10/2022 02:00:00 - 16/10/2022 03:00:00","BZN|EE","Without Sequence","68.93","",""
"16/10/2022 03:00:00 - 16/10/2022 04:00:00","BZN|EE","Without Sequence","89.21","",""
"16/10/2022 04:00:00 - 16/10/2022 05:00:00","BZN|EE","Without Sequence","64.06","",""
"16/10/2022 05:00:00 - 16/10/2022 06:00:00","BZN|EE","Without Sequence","98.37","",""
"16/10/2022 06:00:00 - 16/10/2022 07:00:00","BZN|EE","Without Sequence","105.33","",""
"16/10/2022 07:00:00 - 16/10/2022 08:00:00","BZN|EE","Without Sequence","101.66","",""
"16/10/2022 08:00:00 - 16/10/2022 09:00:00","BZN|EE","Without Sequence","91.00","",""
"16/10/2022 09:00:00 - 16/10/2022 10:00:00","BZN|EE","Without Sequence","88.78","",""
"16/10/2022 10:00:00 - 16/10/2022 11:00:00","BZN|EE","Without Sequence","90.23","",""
"16/10/2022 11:00:00 - 16/10/2022 12:00:00","BZN|EE","Without Sequence","75.24","",""
"16/10/2022 12:00:00 - 16/10/2022 13:00:00","BZN|EE","Without Sequence","80.02","",""
"16/10/2022 13:00:00 - 16/10/2022 14:00:00","BZN|EE","Without Sequence","84.21","",""
"16/10/2022 14:00:00 - 16/10/2022 15:00:00","BZN|EE","Without Sequence","136.06","",""
"16/10/2022 15:00:00 - 16/10/2022 16:00:00","BZN|EE","Without Sequence","169.37","",""
"16/10/2022 16:00:00 - 16/10/2022 17:00:00","BZN|EE","Without Sequence","233.39","",""
"16/10/2022 17:00:00 - 16/10/2022 18:00:00","BZN|EE","Without Sequence","254.99","",""
"16/10/2022 18:00:00 - 16/10/2022 19:00:00","BZN|EE","Without Sequence","191.66","",""
"16/10/2022 19:00:00 - 16/10/2022 20:00:00","BZN|EE","Without Sequence","98.32","",""
"16/10/2022 20:00:00 - 16/10/2022 21:00:00","BZN|EE","Without Sequence","17.69","",""
"16/10/2022 21:00:00 - 16/10/2022 22:00:00","BZN|EE","Without Sequence","16.77","",""
"16/10/2022 22:00:00 - 16/10/2022 23:00:00","BZN|EE","Without Sequence","20.21","",""
"16/10/2022 23:00:00 - 17/10/2022 00:00:00","BZN|EE","Without Sequence","39.99","",""
"17/10/2022 00:00:00 - 17/10/2022 01:00:00","BZN|EE","Without Sequence","39.99","",""
"17/10/2022 01:00:00 - 17/10/2022 02:00:00","BZN|EE","Without Sequence","61.77","",""
"17/10/2022 02:00:00 - 17/10/2022 03:00:00","BZN|EE","Without Sequence","94.66","",""
"17/10/2022 03:00:00 - 17/10/2022 04:00:00","BZN|EE","Without Sequence","130.07","",""
"17/10/2022 04:00:00 - 17/10/2022 05:00:00","BZN|EE","Without Sequence","138.26","",""
"17/10/2022 05:00:00 - 17/10/2022 06:00:00","BZN|EE","Without Sequence","125.60","",""
"17/10/2022 06:00:00 - 17/10/2022 07:00:00","BZN|EE","Without Sequence","169.24","",""
"17/10/2022 07:00:00 - 17/10/2022 08:00:00","BZN|EE","Without Sequence","156.26","",""
"17/10/2022 08:00:00 - 17/10/2022 09:00:00","BZN|EE","Without Sequence","125.24","",""
"17/10/2022 09:00:00 - 17/10/2022 10:00:00","BZN|EE","Without Sequence","128.92","",""
"17/10/2022 10:00:00 - 17/10/2022 11:00:00","BZN|EE","Without Sequence","117.49","",""
"17/10/2022 11:00:00 - 17/10/2022 12:00:00","BZN|EE","Without Sequence","115.03","",""
"17/10/2022 12:00:00 - 17/10/2022 13:00:00","BZN|EE","Without Sequence","125.94","",""
"17/10/2022 13:00:00 - 17/10/2022 14:00:00","BZN|EE","Without Sequence","136.03","",""
"17/10/2022 14:00:00 - 17/10/2022 15:00:00","BZN|EE","Without Sequence","200.00","",""
"17/10/2022 15:00:00 - 17/10/2022 16:00:00","BZN|EE","Without Sequence","261.09","",""
"17/10/2022 16:00:00 - 17/10/2022 17:00:00","BZN|EE","Without Sequence","300.00","",""
"17/10/2022 17:00:00 - 17/10/2022 18:00:00","BZN|EE","Without Sequence","284.34","",""
"17/10/2022 18:00:00 - 17/10/2022 19:00:00","BZN|EE","Without Sequence","298.33","",""
"17/10/2022 19:00:00 - 17/10/2022 20:00:00","BZN|EE","Without Sequence","245.17","",""
"17/10/2022 20:00:00 - 17/10/2022 21:00:00","BZN|EE","Without Sequence","125.99","",""
"17/10/2022 21:00:00 - 17/10/2022 22:00:00","BZN|EE","Without Sequence","98.36","",""
"17/10/2022 22:00:00 - 17/10/2022 23:00:00","BZN|EE","Without Sequence","97.81","",""
"17/10/2022 23:00:00 - 18/10/2022 00:00:00","BZN|EE","Without Sequence","97.81","",""
"18/10/2022 00:00:00 - 18/10/2022 01:00:00","BZN|EE","Without Sequence","97.82","",""
"18/10/2022 01:00:00 - 18/10/2022 02:00:00","BZN|EE","Without Sequence","97.88","",""
"18/10/2022 02:00:00 - 18/10/2022 03:00:00","BZN|EE","Without Sequence","125.13","",""
"18/10/2022 03:00:00 - 18/10/2022 04:00:00","BZN|EE","Without Sequence","161.79","",""
"18/10/2022 04:00:00 - 18/10/2022 05:00:00","BZN|EE","Without Sequence","220.09","",""
"18/10/2022 05:00:00 - 18/10/2022 06:00:00","BZN|EE","Without Sequence","269.15","",""
"18/10/2022 06:00:00 - 18/10/2022 07:00:00","BZN|EE","Without Sequence","283.30","",""
"18/10/2022 07:00:00 - 18/10/2022 08:00:00","BZN|EE","Without Sequence","245.08","",""
"18/10/2022 08:00:00 - 18/10/2022 09:00:00","BZN|EE","Without Sequence","202.38","",""
"18/10/2022 09:00:00 - 18/10/2022 10:00:00","BZN|EE","Without Sequence","180.36","",""
"18/10/2022 10:00:00 - 18/10/2022 11:00:00","BZN|EE","Without Sequence","167.92","",""
"18/10/2022 11:00:00 - 18/10/2022 12:00:00","BZN|EE","Without Sequence","154.05","",""
"18/10/2022 12:00:00 - 18/10/2022 13:00:00","BZN|EE","Without Sequence","152.55","",""
"18/10/2022 13:00:00 - 18/10/2022 14:00:00","BZN|EE","Without Sequence","200.13","",""
"18/10/2022 14:00:00 - 18/10/2022 15:00:00","BZN|EE","Without Sequence","213.27","",""
"18/10/2022 15:00:00 - 18/10/2022 16:00:00","BZN|EE","Without Sequence","227.64","",""
"18/10/2022 16:00:00 - 18/10/2022 17:00:00","BZN|EE","Without Sequence","305.33","",""
"18/10/2022 17:00:00 - 18/10/2022 18:00:00","BZN|EE","Without Sequence","281.23","",""
"18/10/2022 18:00:00 - 18/10/2022 19:00:00","BZN|EE","Without Sequence","235.52","",""
"18/10/2022 19:00:00 - 18/10/2022 20:00:00","BZN|EE","Without Sequence","176.44","",""
"18/10/2022 20:00:00 - 18/10/2022 21:00:00","BZN|EE","Without Sequence","134.73","",""
"18/10/2022 21:00:00 - 18/10/2022 22:00:00","BZN|EE","Without Sequence","97.81","",""
"18/10/2022 22:00:00 - 18/10/2022 23:00:00","BZN|EE","Without Sequence","94.34","",""
"18/10/2022 23:00:00 - 19/10/2022 00:00:00","BZN|EE","Without Sequence","94.31","",""
"19/10/2022 00:00:00 - 19/10/2022 01:00:00","BZN|EE","Without Sequence","15.76","",""
"19/10/2022 01:00:00 - 19/10/2022 02:00:00","BZN|EE","Without Sequence","16.04","",""
"19/10/2022 02:00:00 - 19/10/2022 03:00:00","BZN|EE","Without Sequence","94.32","",""
"19/10/2022 03:00:00 - 19/10/2022 04:00:00","BZN|EE","Without Sequence","125.37","",""
"19/10/2022 04:00:00 - 19/10/2022 05:00:00","BZN|EE","Without Sequence","156.86","",""
"19/10/2022 05:00:00 - 19/10/2022 06:00:00","BZN|EE","Without Sequence","240.21","",""
"19/10/2022 06:00:00 - 19/10/2022 07:00:00","BZN|EE","Without Sequence","249.04","",""
"19/10/2022 07:00:00 - 19/10/2022 08:00:00","BZN|EE","Without Sequence","195.05","",""
"19/10/2022 08:00:00 - 19/10/2022 09:00:00","BZN|EE","Without Sequence","183.16","",""
"19/10/2022 09:00:00 - 19/10/2022 10:00:00","BZN|EE","Without Sequence","174.24","",""
"19/10/2022 10:00:00 - 19/10/2022 11:00:00","BZN|EE","Without Sequence","158.66","",""
"19/10/2022 11:00:00 - 19/10/2022 12:00:00","BZN|EE","Without Sequence","148.56","",""
"19/10/2022 12:00:00 - 19/10/2022 13:00:00","BZN|EE","Without Sequence","143.43","",""
"19/10/2022 13:00:00 - 19/10/2022 14:00:00","BZN|EE","Without Sequence","147.63","",""
"19/10/2022 14:00:00 - 19/10/2022 15:00:00","BZN|EE","Without Sequence","169.48","",""
"19/10/2022 15:00:00 - 19/10/2022 16:00:00","BZN|EE","Without Sequence","194.58","",""
"19/10/2022 16:00:00 - 19/10/2022 17:00:00","BZN|EE","Without Sequence","243.06","",""
"19/10/2022 17:00:00 - 19/10/2022 18:00:00","BZN|EE","Without Sequence","240.02","",""
"19/10/2022 18:00:00 - 19/10/2022 19:00:00","BZN|EE","Without Sequence","240.07","",""
"19/10/2022 19:00:00 - 19/10/2022 20:00:00","BZN|EE","Without Sequence","165.43","",""
"19/10/2022 20:00:00 - 19/10/2022 21:00:00","BZN|EE","Without Sequence","125.34","",""
"19/10/2022 21:00:00 - 19/10/2022 22:00:00","BZN|EE","Without Sequence","94.35","",""
"19/10/2022 22:00:00 - 19/10/2022 23:00:00","BZN|EE","Without Sequence","94.91","",""
"19/10/2022 23:00:00 - 20/10/2022 00:00:00","BZN|EE","Without Sequence","94.90","",""
"20/10/2022 00:00:00 - 20/10/2022 01:00:00","BZN|EE","Without Sequence","24.76","",""
"20/10/2022 01:00:00 - 20/10/2022 02:00:00","BZN|EE","Without Sequence","26.27","",""
"20/10/2022 02:00:00 - 20/10/2022 03:00:00","BZN|EE","Without Sequence","94.92","",""
"20/10/2022 03:00:00 - 20/10/2022 04:00:00","BZN|EE","Without Sequence","149.90","",""
"20/10/2022 04:00:00 - 20/10/2022 05:00:00","BZN|EE","Without Sequence","239.26","",""
"20/10/2022 05:00:00 - 20/10/2022 06:00:00","BZN|EE","Without Sequence","291.33","",""
"20/10/2022 06:00:00 - 20/10/2022 07:00:00","BZN|EE","Without Sequence","312.85","",""
"20/10/2022 07:00:00 - 20/10/2022 08:00:00","BZN|EE","Without Sequence","329.96","",""
"20/10/2022 08:00:00 - 20/10/2022 09:00:00","BZN|EE","Without Sequence","280.07","",""
"20/10/2022 09:00:00 - 20/10/2022 10:00:00","BZN|EE","Without Sequence","247.46","",""
"20/10/2022 10:00:00 - 20/10/2022 11:00:00","BZN|EE","Without Sequence","249.27","",""
"20/10/2022 11:00:00 - 20/10/2022 12:00:00","BZN|EE","Without Sequence","231.49","",""
"20/10/2022 12:00:00 - 20/10/2022 13:00:00","BZN|EE","Without Sequence","221.03","",""
"20/10/2022 13:00:00 - 20/10/2022 14:00:00","BZN|EE","Without Sequence","214.80","",""
"20/10/2022 14:00:00 - 20/10/2022 15:00:00","BZN|EE","Without Sequence","231.79","",""
"20/10/2022 15:00:00 - 20/10/2022 16:00:00","BZN|EE","Without Sequence","338.64","",""
"20/10/2022 16:00:00 - 20/10/2022 17:00:00","BZN|EE","Without Sequence","299.99","",""
"20/10/2022 17:00:00 - 20/10/2022 18:00:00","BZN|EE","Without Sequence","247.14","",""
"20/10/2022 18:00:00 - 20/10/2022 19:00:00","BZN|EE","Without Sequence","178.70","",""
"20/10/2022 19:00:00 - 20/10/2022 20:00:00","BZN|EE","Without Sequence","195.02","",""
"20/10/2022 20:00:00 - 20/10/2022 21:00:00","BZN|EE","Without Sequence","199.40","",""
"20/10/2022 21:00:00 - 20/10/2022 22:00:00","BZN|EE","Without Sequence","167.99","",""
"20/10/2022 22:00:00 - 20/10/2022 23:00:00","BZN|EE","Without Sequence","163.97","",""
"20/10/2022 23:00:00 - 21/10/2022 00:00:00","BZN|EE","Without Sequence","145.88","",""
"21/10/2022 00:00:00 - 21/10/2022 01:00:00","BZN|EE","Without Sequence","133.42","",""
"21/10/2022 01:00:00 - 21/10/2022 02:00:00","BZN|EE","Without Sequence","129.99","",""
"21/10/2022 02:00:00 - 21/10/2022 03:00:00","BZN|EE","Without Sequence","134.72","",""
"21/10/2022 03:00:00 - 21/10/2022 04:00:00","BZN|EE","Without Sequence","191.69","",""
"21/10/2022 04:00:00 - 21/10/2022 05:00:00","BZN|EE","Without Sequence","269.80","",""
"21/10/2022 05:00:00 - 21/10/2022 06:00:00","BZN|EE","Without Sequence","332.02","",""
"21/10/2022 06:00:00 - 21/10/2022 07:00:00","BZN|EE","Without Sequence","331.02","",""
"21/10/2022 07:00:00 - 21/10/2022 08:00:00","BZN|EE","Without Sequence","272.98","",""
"21/10/2022 08:00:00 - 21/10/2022 09:00:00","BZN|EE","Without Sequence","332.06","",""
"21/10/2022 09:00:00 - 21/10/2022 10:00:00","BZN|EE","Without Sequence","336.53","",""
"21/10/2022 10:00:00 - 21/10/2022 11:00:00","BZN|EE","Without Sequence","336.50","",""
"21/10/2022 11:00:00 - 21/10/2022 12:00:00","BZN|EE","Without Sequence","332.04","",""
"21/10/2022 12:00:00 - 21/10/2022 13:00:00","BZN|EE","Without Sequence","336.52","",""
"21/10/2022 13:00:00 - 21/10/2022 14:00:00","BZN|EE","Without Sequence","332.04","",""
"21/10/2022 14:00:00 - 21/10/2022 15:00:00","BZN|EE","Without Sequence","329.95","",""
"21/10/2022 15:00:00 - 21/10/2022 16:00:00","BZN|EE","Without Sequence","269.75","",""
"21/10/2022 16:00:00 - 21/10/2022 17:00:00","BZN|EE","Without Sequence","290.21","",""
"21/10/2022 17:00:00 - 21/10/2022 18:00:00","BZN|EE","Without Sequence","275.85","",""
"21/10/2022 18:00:00 - 21/10/2022 19:00:00","BZN|EE","Without Sequence","236.47","",""
"21/10/2022 19:00:00 - 21/10/2022 20:00:00","BZN|EE","Without Sequence","208.01","",""
"21/10/2022 20:00:00 - 21/10/2022 21:00:00","BZN|EE","Without Sequence","177.45","",""
"21/10/2022 21:00:00 - 21/10/2022 22:00:00","BZN|EE","Without Sequence","129.99","",""
"21/10/2022 22:00:00 - 21/10/2022 23:00:00","BZN|EE","Without Sequence","152.47","",""
"21/10/2022 23:00:00 - 22/10/2022 00:00:00","BZN|EE","Without Sequence","134.27","",""
"22/10/2022 00:00:00 - 22/10/2022 01:00:00","BZN|EE","Without Sequence","128.84","",""
"22/10/2022 01:00:00 - 22/10/2022 02:00:00","BZN|EE","Without Sequence","132.25","",""
"22/10/2022 02:00:00 - 22/10/2022 03:00:00","BZN|EE","Without Sequence","132.29","",""
"22/10/2022 03:00:00 - 22/10/2022 04:00:00","BZN|EE","Without Sequence","134.49","",""
"22/10/2022 04:00:00 - 22/10/2022 05:00:00","BZN|EE","Without Sequence","134.11","",""
"22/10/2022 05:00:00 - 22/10/2022 06:00:00","BZN|EE","Without Sequence","155.60","",""
"22/10/2022 06:00:00 - 22/10/2022 07:00:00","BZN|EE","Without Sequence","176.26","",""
"22/10/2022 07:00:00 - 22/10/2022 08:00:00","BZN|EE","Without Sequence","142.11","",""
"22/10/2022 08:00:00 - 22/10/2022 09:00:00","BZN|EE","Without Sequence","140.01","",""
"22/10/2022 09:00:00 - 22/10/2022 10:00:00","BZN|EE","Without Sequence","127.69","",""
"22/10/2022 10:00:00 - 22/10/2022 11:00:00","BZN|EE","Without Sequence","99.98","",""
"22/10/2022 11:00:00 - 22/10/2022 12:00:00","BZN|EE","Without Sequence","99.92","",""
"22/10/2022 12:00:00 - 22/10/2022 13:00:00","BZN|EE","Without Sequence","135.50","",""
"22/10/2022 13:00:00 - 22/10/2022 14:00:00","BZN|EE","Without Sequence","156.82","",""
"22/10/2022 14:00:00 - 22/10/2022 15:00:00","BZN|EE","Without Sequence","166.92","",""
"22/10/2022 15:00:00 - 22/10/2022 16:00:00","BZN|EE","Without Sequence","188.25","",""
"22/10/2022 16:00:00 - 22/10/2022 17:00:00","BZN|EE","Without Sequence","188.32","",""
"22/10/2022 17:00:00 - 22/10/2022 18:00:00","BZN|EE","Without Sequence","187.48","",""
"22/10/2022 18:00:00 - 22/10/2022 19:00:00","BZN|EE","Without Sequence","177.84","",""
"22/10/2022 19:00:00 - 22/10/2022 20:00:00","BZN|EE","Without Sequence","143.00","",""
"22/10/2022 20:00:00 - 22/10/2022 21:00:00","BZN|EE","Without Sequence","135.56","",""
"22/10/2022 21:00:00 - 22/10/2022 22:00:00","BZN|EE","Without Sequence","132.42","",""
"22/10/2022 22:00:00 - 22/10/2022 23:00:00","BZN|EE","Without Sequence","110.66","",""
"22/10/2022 23:00:00 - 23/10/2022 00:00:00","BZN|EE","Without Sequence","99.15","",""
"23/10/2022 00:00:00 - 23/10/2022 01:00:00","BZN|EE","Without Sequence","93.54","",""
"23/10/2022 01:00:00 - 23/10/2022 02:00:00","BZN|EE","Without Sequence","90.00","",""
"23/10/2022 02:00:00 - 23/10/2022 03:00:00","BZN|EE","Without Sequence","91.87","",""
"23/10/2022 03:00:00 - 23/10/2022 04:00:00","BZN|EE","Without Sequence","88.62","",""
"23/10/2022 04:00:00 - 23/10/2022 05:00:00","BZN|EE","Without Sequence","103.61","",""
"23/10/2022 05:00:00 - 23/10/2022 06:00:00","BZN|EE","Without Sequence","109.71","",""
"23/10/2022 06:00:00 - 23/10/2022 07:00:00","BZN|EE","Without Sequence","121.55","",""
"23/10/2022 07:00:00 - 23/10/2022 08:00:00","BZN|EE","Without Sequence","114.88","",""
"23/10/2022 08:00:00 - 23/10/2022 09:00:00","BZN|EE","Without Sequence","96.00","",""
"23/10/2022 09:00:00 - 23/10/2022 10:00:00","BZN|EE","Without Sequence","133.01","",""
"23/10/2022 10:00:00 - 23/10/2022 11:00:00","BZN|EE","Without Sequence","94.87","",""
"23/10/2022 11:00:00 - 23/10/2022 12:00:00","BZN|EE","Without Sequence","94.81","",""
"23/10/2022 12:00:00 - 23/10/2022 13:00:00","BZN|EE","Without Sequence","94.81","",""
"23/10/2022 13:00:00 - 23/10/2022 14:00:00","BZN|EE","Without Sequence","106.88","",""
"23/10/2022 14:00:00 - 23/10/2022 15:00:00","BZN|EE","Without Sequence","131.42","",""
"23/10/2022 15:00:00 - 23/10/2022 16:00:00","BZN|EE","Without Sequence","150.79","",""
"23/10/2022 16:00:00 - 23/10/2022 17:00:00","BZN|EE","Without Sequence","165.15","",""
"23/10/2022 17:00:00 - 23/10/2022 18:00:00","BZN|EE","Without Sequence","167.72","",""
"23/10/2022 18:00:00 - 23/10/2022 19:00:00","BZN|EE","Without Sequence","152.68","",""
"23/10/2022 19:00:00 - 23/10/2022 20:00:00","BZN|EE","Without Sequence","141.13","",""
"23/10/2022 20:00:00 - 23/10/2022 21:00:00","BZN|EE","Without Sequence","123.60","",""
"23/10/2022 21:00:00 - 23/10/2022 22:00:00","BZN|EE","Without Sequence","109.36","",""
"23/10/2022 22:00:00 - 23/10/2022 23:00:00","BZN|EE","Without Sequence","54.45","",""
"23/10/2022 23:00:00 - 24/10/2022 00:00:00","BZN|EE","Without Sequence","64.59","",""
"24/10/2022 00:00:00 - 24/10/2022 01:00:00","BZN|EE","Without Sequence","44.37","",""
"24/10/2022 01:00:00 - 24/10/2022 02:00:00","BZN|EE","Without Sequence","42.09","",""
"24/10/2022 02:00:00 - 24/10/2022 03:00:00","BZN|EE","Without Sequence","88.51","",""
"24/10/2022 03:00:00 - 24/10/2022 04:00:00","BZN|EE","Without Sequence","175.43","",""
"24/10/2022 04:00:00 - 24/10/2022 05:00:00","BZN|EE","Without Sequence","293.23","",""
"24/10/2022 05:00:00 - 24/10/2022 06:00:00","BZN|EE","Without Sequence","299.02","",""
"24/10/2022 06:00:00 - 24/10/2022 07:00:00","BZN|EE","Without Sequence","300.05","",""
"24/10/2022 07:00:00 - 24/10/2022 08:00:00","BZN|EE","Without Sequence","279.25","",""
"24/10/2022 08:00:00 - 24/10/2022 09:00:00","BZN|EE","Without Sequence","246.10","",""
"24/10/2022 09:00:00 - 24/10/2022 10:00:00","BZN|EE","Without Sequence","245.06","",""
"24/10/2022 10:00:00 - 24/10/2022 11:00:00","BZN|EE","Without Sequence","272.71","",""
"24/10/2022 11:00:00 - 24/10/2022 12:00:00","BZN|EE","Without Sequence","240.37","",""
"24/10/2022 12:00:00 - 24/10/2022 13:00:00","BZN|EE","Without Sequence","213.36","",""
"24/10/2022 13:00:00 - 24/10/2022 14:00:00","BZN|EE","Without Sequence","245.04","",""
"24/10/2022 14:00:00 - 24/10/2022 15:00:00","BZN|EE","Without Sequence","225.04","",""
"24/10/2022 15:00:00 - 24/10/2022 16:00:00","BZN|EE","Without Sequence","300.00","",""
"24/10/2022 16:00:00 - 24/10/2022 17:00:00","BZN|EE","Without Sequence","327.08","",""
"24/10/2022 17:00:00 - 24/10/2022 18:00:00","BZN|EE","Without Sequence","299.04","",""
"24/10/2022 18:00:00 - 24/10/2022 19:00:00","BZN|EE","Without Sequence","219.07","",""
"24/10/2022 19:00:00 - 24/10/2022 20:00:00","BZN|EE","Without Sequence","192.97","",""
"24/10/2022 20:00:00 - 24/10/2022 21:00:00","BZN|EE","Without Sequence","144.06","",""
"24/10/2022 21:00:00 - 24/10/2022 22:00:00","BZN|EE","Without Sequence","104.98","",""
"24/10/2022 22:00:00 - 24/10/2022 23:00:00","BZN|EE","Without Sequence","168.85","",""
"24/10/2022 23:00:00 - 25/10/2022 00:00:00","BZN|EE","Without Sequence","109.53","",""
"25/10/2022 00:00:00 - 25/10/2022 01:00:00","BZN|EE","Without Sequence","97.22","",""
"25/10/2022 01:00:00 - 25/10/2022 02:00:00","BZN|EE","Without Sequence","94.00","",""
"25/10/2022 02:00:00 - 25/10/2022 03:00:00","BZN|EE","Without Sequence","130.00","",""
"25/10/2022 03:00:00 - 25/10/2022 04:00:00","BZN|EE","Without Sequence","135.07","",""
"25/10/2022 04:00:00 - 25/10/2022 05:00:00","BZN|EE","Without Sequence","181.08","",""
"25/10/2022 05:00:00 - 25/10/2022 06:00:00","BZN|EE","Without Sequence","180.53","",""
"25/10/2022 06:00:00 - 25/10/2022 07:00:00","BZN|EE","Without Sequence","225.10","",""
"25/10/2022 07:00:00 - 25/10/2022 08:00:00","BZN|EE","Without Sequence","203.34","",""
"25/10/2022 08:00:00 - 25/10/2022 09:00:00","BZN|EE","Without Sequence","199.92","",""
"25/10/2022 09:00:00 - 25/10/2022 10:00:00","BZN|EE","Without Sequence","190.17","",""
"25/10/2022 10:00:00 - 25/10/2022 11:00:00","BZN|EE","Without Sequence","193.57","",""
"25/10/2022 11:00:00 - 25/10/2022 12:00:00","BZN|EE","Without Sequence","178.70","",""
"25/10/2022 12:00:00 - 25/10/2022 13:00:00","BZN|EE","Without Sequence","150.77","",""
"25/10/2022 13:00:00 - 25/10/2022 14:00:00","BZN|EE","Without Sequence","147.76","",""
"25/10/2022 14:00:00 - 25/10/2022 15:00:00","BZN|EE","Without Sequence","135.67","",""
"25/10/2022 15:00:00 - 25/10/2022 16:00:00","BZN|EE","Without Sequence","212.92","",""
"25/10/2022 16:00:00 - 25/10/2022 17:00:00","BZN|EE","Without Sequence","225.02","",""
"25/10/2022 17:00:00 - 25/10/2022 18:00:00","BZN|EE","Without Sequence","141.12","",""
"25/10/2022 18:00:00 - 25/10/2022 19:00:00","BZN|EE","Without Sequence","91.06","",""
"25/10/2022 19:00:00 - 25/10/2022 20:00:00","BZN|EE","Without Sequence","125.96","",""
"25/10/2022 20:00:00 - 25/10/2022 21:00:00","BZN|EE","Without Sequence","91.04","",""
"25/10/2022 21:00:00 - 25/10/2022 22:00:00","BZN|EE","Without Sequence","55.84","",""
"25/10/2022 22:00:00 - 25/10/2022 23:00:00","BZN|EE","Without Sequence","98.24","",""
"25/10/2022 23:00:00 - 26/10/2022 00:00:00","BZN|EE","Without Sequence","91.66","",""
"26/10/2022 00:00:00 - 26/10/2022 01:00:00","BZN|EE","Without Sequence","88.50","",""
"26/10/2022 01:00:00 - 26/10/2022 02:00:00","BZN|EE","Without Sequence","90.28","",""
"26/10/2022 02:00:00 - 26/10/2022 03:00:00","BZN|EE","Without Sequence","97.86","",""
"26/10/2022 03:00:00 - 26/10/2022 04:00:00","BZN|EE","Without Sequence","129.52","",""
"26/10/2022 04:00:00 - 26/10/2022 05:00:00","BZN|EE","Without Sequence","180.48","",""
"26/10/2022 05:00:00 - 26/10/2022 06:00:00","BZN|EE","Without Sequence","178.93","",""
"26/10/2022 06:00:00 - 26/10/2022 07:00:00","BZN|EE","Without Sequence","179.83","",""
"26/10/2022 07:00:00 - 26/10/2022 08:00:00","BZN|EE","Without Sequence","179.04","",""
"26/10/2022 08:00:00 - 26/10/2022 09:00:00","BZN|EE","Without Sequence","179.99","",""
"26/10/2022 09:00:00 - 26/10/2022 10:00:00","BZN|EE","Without Sequence","180.00","",""
"26/10/2022 10:00:00 - 26/10/2022 11:00:00","BZN|EE","Without Sequence","174.51","",""
"26/10/2022 11:00:00 - 26/10/2022 12:00:00","BZN|EE","Without Sequence","164.00","",""
"26/10/2022 12:00:00 - 26/10/2022 13:00:00","BZN|EE","Without Sequence","177.95","",""
"26/10/2022 13:00:00 - 26/10/2022 14:00:00","BZN|EE","Without Sequence","179.29","",""
"26/10/2022 14:00:00 - 26/10/2022 15:00:00","BZN|EE","Without Sequence","178.48","",""
"26/10/2022 15:00:00 - 26/10/2022 16:00:00","BZN|EE","Without Sequence","177.61","",""
"26/10/2022 16:00:00 - 26/10/2022 17:00:00","BZN|EE","Without Sequence","182.07","",""
"26/10/2022 17:00:00 - 26/10/2022 18:00:00","BZN|EE","Without Sequence","180.59","",""
"26/10/2022 18:00:00 - 26/10/2022 19:00:00","BZN|EE","Without Sequence","169.10","",""
"26/10/2022 19:00:00 - 26/10/2022 20:00:00","BZN|EE","Without Sequence","161.94","",""
"26/10/2022 20:00:00 - 26/10/2022 21:00:00","BZN|EE","Without Sequence","146.49","",""
"26/10/2022 21:00:00 - 26/10/2022 22:00:00","BZN|EE","Without Sequence","129.99","",""
"26/10/2022 22:00:00 - 26/10/2022 23:00:00","BZN|EE","Without Sequence","130.01","",""
"26/10/2022 23:00:00 - 27/10/2022 00:00:00","BZN|EE","Without Sequence","113.94","",""
"27/10/2022 00:00:00 - 27/10/2022 01:00:00","BZN|EE","Without Sequence","105.19","",""
"27/10/2022 01:00:00 - 27/10/2022 02:00:00","BZN|EE","Without Sequence","111.80","",""
"27/10/2022 02:00:00 - 27/10/2022 03:00:00","BZN|EE","Without Sequence","123.07","",""
"27/10/2022 03:00:00 - 27/10/2022 04:00:00","BZN|EE","Without Sequence","180.00","",""
"27/10/2022 04:00:00 - 27/10/2022 05:00:00","BZN|EE","Without Sequence","198.75","",""
"27/10/2022 05:00:00 - 27/10/2022 06:00:00","BZN|EE","Without Sequence","202.88","",""
"27/10/2022 06:00:00 - 27/10/2022 07:00:00","BZN|EE","Without Sequence","214.62","",""
"27/10/2022 07:00:00 - 27/10/2022 08:00:00","BZN|EE","Without Sequence","195.08","",""
"27/10/2022 08:00:00 - 27/10/2022 09:00:00","BZN|EE","Without Sequence","215.02","",""
"27/10/2022 09:00:00 - 27/10/2022 10:00:00","BZN|EE","Without Sequence","188.03","",""
"27/10/2022 10:00:00 - 27/10/2022 11:00:00","BZN|EE","Without Sequence","207.74","",""
"27/10/2022 11:00:00 - 27/10/2022 12:00:00","BZN|EE","Without Sequence","198.24","",""
"27/10/2022 12:00:00 - 27/10/2022 13:00:00","BZN|EE","Without Sequence","182.17","",""
"27/10/2022 13:00:00 - 27/10/2022 14:00:00","BZN|EE","Without Sequence","168.46","",""
"27/10/2022 14:00:00 - 27/10/2022 15:00:00","BZN|EE","Without Sequence","167.69","",""
"27/10/2022 15:00:00 - 27/10/2022 16:00:00","BZN|EE","Without Sequence","172.44","",""
"27/10/2022 16:00:00 - 27/10/2022 17:00:00","BZN|EE","Without Sequence","174.31","",""
"27/10/2022 17:00:00 - 27/10/2022 18:00:00","BZN|EE","Without Sequence","173.06","",""
"27/10/2022 18:00:00 - 27/10/2022 19:00:00","BZN|EE","Without Sequence","169.79","",""
"27/10/2022 19:00:00 - 27/10/2022 20:00:00","BZN|EE","Without Sequence","144.50","",""
"27/10/2022 20:00:00 - 27/10/2022 21:00:00","BZN|EE","Without Sequence","139.40","",""
"27/10/2022 21:00:00 - 27/10/2022 22:00:00","BZN|EE","Without Sequence","119.97","",""
"27/10/2022 22:00:00 - 27/10/2022 23:00:00","BZN|EE","Without Sequence","88.69","",""
"27/10/2022 23:00:00 - 28/10/2022 00:00:00","BZN|EE","Without Sequence","99.36","",""
"28/10/2022 00:00:00 - 28/10/2022 01:00:00","BZN|EE","Without Sequence","90.15","",""
"28/10/2022 01:00:00 - 28/10/2022 02:00:00","BZN|EE","Without Sequence","88.04","",""
"28/10/2022 02:00:00 - 28/10/2022 03:00:00","BZN|EE","Without Sequence","101.73","",""
"28/10/2022 03:00:00 - 28/10/2022 04:00:00","BZN|EE","Without Sequence","135.83","",""
"28/10/2022 04:00:00 - 28/10/2022 05:00:00","BZN|EE","Without Sequence","152.46","",""
"28/10/2022 05:00:00 - 28/10/2022 06:00:00","BZN|EE","Without Sequence","147.23","",""
"28/10/2022 06:00:00 - 28/10/2022 07:00:00","BZN|EE","Without Sequence","152.46","",""
"28/10/2022 07:00:00 - 28/10/2022 08:00:00","BZN|EE","Without Sequence","155.46","",""
"28/10/2022 08:00:00 - 28/10/2022 09:00:00","BZN|EE","Without Sequence","158.99","",""
"28/10/2022 09:00:00 - 28/10/2022 10:00:00","BZN|EE","Without Sequence","159.00","",""
"28/10/2022 10:00:00 - 28/10/2022 11:00:00","BZN|EE","Without Sequence","147.21","",""
"28/10/2022 11:00:00 - 28/10/2022 12:00:00","BZN|EE","Without Sequence","132.45","",""
"28/10/2022 12:00:00 - 28/10/2022 13:00:00","BZN|EE","Without Sequence","143.28","",""
"28/10/2022 13:00:00 - 28/10/2022 14:00:00","BZN|EE","Without Sequence","151.38","",""
"28/10/2022 14:00:00 - 28/10/2022 15:00:00","BZN|EE","Without Sequence","155.85","",""
"28/10/2022 15:00:00 - 28/10/2022 16:00:00","BZN|EE","Without Sequence","155.89","",""
"28/10/2022 16:00:00 - 28/10/2022 17:00:00","BZN|EE","Without Sequence","155.78","",""
"28/10/2022 17:00:00 - 28/10/2022 18:00:00","BZN|EE","Without Sequence","146.79","",""
"28/10/2022 18:00:00 - 28/10/2022 19:00:00","BZN|EE","Without Sequence","135.84","",""
"28/10/2022 19:00:00 - 28/10/2022 20:00:00","BZN|EE","Without Sequence","111.81","",""
"28/10/2022 20:00:00 - 28/10/2022 21:00:00","BZN|EE","Without Sequence","52.20","",""
"28/10/2022 21:00:00 - 28/10/2022 22:00:00","BZN|EE","Without Sequence","50.03","",""
"28/10/2022 22:00:00 - 28/10/2022 23:00:00","BZN|EE","Without Sequence","91.12","",""
"28/10/2022 23:00:00 - 29/10/2022 00:00:00","BZN|EE","Without Sequence","92.77","",""
"29/10/2022 00:00:00 - 29/10/2022 01:00:00","BZN|EE","Without Sequence","90.41","",""
"29/10/2022 01:00:00 - 29/10/2022 02:00:00","BZN|EE","Without Sequence","16.47","",""
"29/10/2022 02:00:00 - 29/10/2022 03:00:00","BZN|EE","Without Sequence","87.00","",""
"29/10/2022 03:00:00 - 29/10/2022 04:00:00","BZN|EE","Without Sequence","87.24","",""
"29/10/2022 04:00:00 - 29/10/2022 05:00:00","BZN|EE","Without Sequence","89.97","",""
"29/10/2022 05:00:00 - 29/10/2022 06:00:00","BZN|EE","Without Sequence","96.02","",""
"29/10/2022 06:00:00 - 29/10/2022 07:00:00","BZN|EE","Without Sequence","115.04","",""
"29/10/2022 07:00:00 - 29/10/2022 08:00:00","BZN|EE","Without Sequence","109.00","",""
"29/10/2022 08:00:00 - 29/10/2022 09:00:00","BZN|EE","Without Sequence","95.48","",""
"29/10/2022 09:00:00 - 29/10/2022 10:00:00","BZN|EE","Without Sequence","12.23","",""
"29/10/2022 10:00:00 - 29/10/2022 11:00:00","BZN|EE","Without Sequence","8.20","",""
"29/10/2022 11:00:00 - 29/10/2022 12:00:00","BZN|EE","Without Sequence","4.92","",""
"29/10/2022 12:00:00 - 29/10/2022 13:00:00","BZN|EE","Without Sequence","4.31","",""
"29/10/2022 13:00:00 - 29/10/2022 14:00:00","BZN|EE","Without Sequence","4.91","",""
"29/10/2022 14:00:00 - 29/10/2022 15:00:00","BZN|EE","Without Sequence","11.61","",""
"29/10/2022 15:00:00 - 29/10/2022 16:00:00","BZN|EE","Without Sequence","107.68","",""
"29/10/2022 16:00:00 - 29/10/2022 17:00:00","BZN|EE","Without Sequence","137.53","",""
"29/10/2022 17:00:00 - 29/10/2022 18:00:00","BZN|EE","Without Sequence","140.38","",""
"29/10/2022 18:00:00 - 29/10/2022 19:00:00","BZN|EE","Without Sequence","107.64","",""
"29/10/2022 19:00:00 - 29/10/2022 20:00:00","BZN|EE","Without Sequence","16.43","",""
"29/10/2022 20:00:00 - 29/10/2022 21:00:00","BZN|EE","Without Sequence","104.05","",""
"29/10/2022 21:00:00 - 29/10/2022 22:00:00","BZN|EE","Without Sequence","15.56","",""
"29/10/2022 22:00:00 - 29/10/2022 23:00:00","BZN|EE","Without Sequence","11.84","",""
"29/10/2022 23:00:00 - 30/10/2022 00:00:00","BZN|EE","Without Sequence","12.32","",""
"30/10/2022 00:00:00 - 30/10/2022 01:00:00","BZN|EE","Without Sequence","15.47","",""
"30/10/2022 01:00:00 - 30/10/2022 02:00:00","BZN|EE","Without Sequence","91.64","",""
"30/10/2022 02:00:00 - 30/10/2022 03:00:00","BZN|EE","Without Sequence","16.44","",""
"30/10/2022 03:00:00 - 30/10/2022 04:00:00","BZN|EE","Without Sequence","98.26","",""
"30/10/2022 04:00:00 - 30/10/2022 05:00:00","BZN|EE","Without Sequence","98.98","",""
"30/10/2022 05:00:00 - 30/10/2022 06:00:00","BZN|EE","Without Sequence","100.55","",""
"30/10/2022 06:00:00 - 30/10/2022 07:00:00","BZN|EE","Without Sequence","108.67","",""
"30/10/2022 07:00:00 - 30/10/2022 08:00:00","BZN|EE","Without Sequence","110.82","",""
"30/10/2022 08:00:00 - 30/10/2022 09:00:00","BZN|EE","Without Sequence","103.00","",""
"30/10/2022 09:00:00 - 30/10/2022 10:00:00","BZN|EE","Without Sequence","97.81","",""
"30/10/2022 10:00:00 - 30/10/2022 11:00:00","BZN|EE","Without Sequence","100.03","",""
"30/10/2022 11:00:00 - 30/10/2022 12:00:00","BZN|EE","Without Sequence","100.00","",""
"30/10/2022 12:00:00 - 30/10/2022 13:00:00","BZN|EE","Without Sequence","100.00","",""
"30/10/2022 13:00:00 - 30/10/2022 14:00:00","BZN|EE","Without Sequence","109.43","",""
"30/10/2022 14:00:00 - 30/10/2022 15:00:00","BZN|EE","Without Sequence","124.61","",""
"30/10/2022 15:00:00 - 30/10/2022 16:00:00","BZN|EE","Without Sequence","141.91","",""
"30/10/2022 16:00:00 - 30/10/2022 17:00:00","BZN|EE","Without Sequence","152.26","",""
"30/10/2022 17:00:00 - 30/10/2022 18:00:00","BZN|EE","Without Sequence","164.93","",""
"30/10/2022 18:00:00 - 30/10/2022 19:00:00","BZN|EE","Without Sequence","159.72","",""
"30/10/2022 19:00:00 - 30/10/2022 20:00:00","BZN|EE","Without Sequence","147.52","",""
"30/10/2022 20:00:00 - 30/10/2022 21:00:00","BZN|EE","Without Sequence","142.25","",""
"30/10/2022 21:00:00 - 30/10/2022 22:00:00","BZN|EE","Without Sequence","127.00","",""
"30/10/2022 22:00:00 - 30/10/2022 23:00:00","BZN|EE","Without Sequence","109.26","",""
"30/10/2022 23:00:00 - 31/10/2022 00:00:00","BZN|EE","Without Sequence","129.70","",""
"31/10/2022 00:00:00 - 31/10/2022 01:00:00","BZN|EE","Without Sequence","119.09","",""
"31/10/2022 01:00:00 - 31/10/2022 02:00:00","BZN|EE","Without Sequence","116.32","",""
"31/10/2022 02:00:00 - 31/10/2022 03:00:00","BZN|EE","Without Sequence","114.60","",""
"31/10/2022 03:00:00 - 31/10/2022 04:00:00","BZN|EE","Without Sequence","119.98","",""
"31/10/2022 04:00:00 - 31/10/2022 05:00:00","BZN|EE","Without Sequence","153.17","",""
"31/10/2022 05:00:00 - 31/10/2022 06:00:00","BZN|EE","Without Sequence","148.17","",""
"31/10/2022 06:00:00 - 31/10/2022 07:00:00","BZN|EE","Without Sequence","165.02","",""
"31/10/2022 07:00:00 - 31/10/2022 08:00:00","BZN|EE","Without Sequence","168.00","",""
"31/10/2022 08:00:00 - 31/10/2022 09:00:00","BZN|EE","Without Sequence","153.30","",""
"31/10/2022 09:00:00 - 31/10/2022 10:00:00","BZN|EE","Without Sequence","143.35","",""
"31/10/2022 10:00:00 - 31/10/2022 11:00:00","BZN|EE","Without Sequence","141.95","",""
"31/10/2022 11:00:00 - 31/10/2022 12:00:00","BZN|EE","Without Sequence","141.96","",""
"31/10/2022 12:00:00 - 31/10/2022 13:00:00","BZN|EE","Without Sequence","145.96","",""
"31/10/2022 13:00:00 - 31/10/2022 14:00:00","BZN|EE","Without Sequence","155.00","",""
"31/10/2022 14:00:00 - 31/10/2022 15:00:00","BZN|EE","Without Sequence","169.15","",""
"31/10/2022 15:00:00 - 31/10/2022 16:00:00","BZN|EE","Without Sequence","167.02","",""
"31/10/2022 16:00:00 - 31/10/2022 17:00:00","BZN|EE","Without Sequence","192.72","",""
"31/10/2022 17:00:00 - 31/10/2022 18:00:00","BZN|EE","Without Sequence","179.62","",""
"31/10/2022 18:00:00 - 31/10/2022 19:00:00","BZN|EE","Without Sequence","167.58","",""
"31/10/2022 19:00:00 - 31/10/2022 20:00:00","BZN|EE","Without Sequence","147.01","",""
"31/10/2022 20:00:00 - 31/10/2022 21:00:00","BZN|EE","Without Sequence","136.78","",""
"31/10/2022 21:00:00 - 31/10/2022 22:00:00","BZN|EE","Without Sequence","134.39","",""
"31/10/2022 22:00:00 - 31/10/2022 23:00:00","BZN|EE","Without Sequence","114.74","",""
"31/10/2022 23:00:00 - 01/11/2022 00:00:00","BZN|EE","Without Sequence","123.20","",""
"01/11/2022 00:00:00 - 01/11/2022 01:00:00","BZN|EE","Without Sequence","107.15","",""
"01/11/2022 01:00:00 - 01/11/2022 02:00:00","BZN|EE","Without Sequence","105.30","",""
"01/11/2022 02:00:00 - 01/11/2022 03:00:00","BZN|EE","Without Sequence","102.61","",""
"01/11/2022 03:00:00 - 01/11/2022 04:00:00","BZN|EE","Without Sequence","106.42","",""
"01/11/2022 04:00:00 - 01/11/2022 05:00:00","BZN|EE","Without Sequence","119.96","",""
"01/11/2022 05:00:00 - 01/11/2022 06:00:00","BZN|EE","Without Sequence","311.09","",""
"01/11/2022 06:00:00 - 01/11/2022 07:00:00","BZN|EE","Without Sequence","311.09","",""
"01/11/2022 07:00:00 - 01/11/2022 08:00:00","BZN|EE","Without Sequence","313.03","",""
"01/11/2022 08:00:00 - 01/11/2022 09:00:00","BZN|EE","Without Sequence","314.18","",""
"01/11/2022 09:00:00 - 01/11/2022 10:00:00","BZN|EE","Without Sequence","344.86","",""
"01/11/2022 10:00:00 - 01/11/2022 11:00:00","BZN|EE","Without Sequence","345.56","",""
"01/11/2022 11:00:00 - 01/11/2022 12:00:00","BZN|EE","Without Sequence","311.05","",""
"01/11/2022 12:00:00 - 01/11/2022 13:00:00","BZN|EE","Without Sequence","303.89","",""
"01/11/2022 13:00:00 - 01/11/2022 14:00:00","BZN|EE","Without Sequence","269.09","",""
"01/11/2022 14:00:00 - 01/11/2022 15:00:00","BZN|EE","Without Sequence","329.99","",""
"01/11/2022 15:00:00 - 01/11/2022 16:00:00","BZN|EE","Without Sequence","345.53","",""
"01/11/2022 16:00:00 - 01/11/2022 17:00:00","BZN|EE","Without Sequence","300.04","",""
"01/11/2022 17:00:00 - 01/11/2022 18:00:00","BZN|EE","Without Sequence","306.08","",""
"01/11/2022 18:00:00 - 01/11/2022 19:00:00","BZN|EE","Without Sequence","335.45","",""
"01/11/2022 19:00:00 - 01/11/2022 20:00:00","BZN|EE","Without Sequence","219.02","",""
"01/11/2022 20:00:00 - 01/11/2022 21:00:00","BZN|EE","Without Sequence","185.53","",""
"01/11/2022 21:00:00 - 01/11/2022 22:00:00","BZN|EE","Without Sequence","141.23","",""
"01/11/2022 22:00:00 - 01/11/2022 23:00:00","BZN|EE","Without Sequence","98.97","",""
"01/11/2022 23:00:00 - 02/11/2022 00:00:00","BZN|EE","Without Sequence","106.38","",""
"02/11/2022 00:00:00 - 02/11/2022 01:00:00","BZN|EE","Without Sequence","100.95","",""
"02/11/2022 01:00:00 - 02/11/2022 02:00:00","BZN|EE","Without Sequence","100.90","",""
"02/11/2022 02:00:00 - 02/11/2022 03:00:00","BZN|EE","Without Sequence","100.98","",""
"02/11/2022 03:00:00 - 02/11/2022 04:00:00","BZN|EE","Without Sequence","107.22","",""
"02/11/2022 04:00:00 - 02/11/2022 05:00:00","BZN|EE","Without Sequence","190.25","",""
"02/11/2022 05:00:00 - 02/11/2022 06:00:00","BZN|EE","Without Sequence","172.49","",""
"02/11/2022 06:00:00 - 02/11/2022 07:00:00","BZN|EE","Without Sequence","287.74","",""
"02/11/2022 07:00:00 - 02/11/2022 08:00:00","BZN|EE","Without Sequence","164.10","",""
"02/11/2022 08:00:00 - 02/11/2022 09:00:00","BZN|EE","Without Sequence","230.00","",""
"02/11/2022 09:00:00 - 02/11/2022 10:00:00","BZN|EE","Without Sequence","170.33","",""
"02/11/2022 10:00:00 - 02/11/2022 11:00:00","BZN|EE","Without Sequence","179.98","",""
"02/11/2022 11:00:00 - 02/11/2022 12:00:00","BZN|EE","Without Sequence","149.92","",""
"02/11/2022 12:00:00 - 02/11/2022 13:00:00","BZN|EE","Without Sequence","191.82","",""
"02/11/2022 13:00:00 - 02/11/2022 14:00:00","BZN|EE","Without Sequence","189.72","",""
"02/11/2022 14:00:00 - 02/11/2022 15:00:00","BZN|EE","Without Sequence","268.68","",""
"02/11/2022 15:00:00 - 02/11/2022 16:00:00","BZN|EE","Without Sequence","344.91","",""
"02/11/2022 16:00:00 - 02/11/2022 17:00:00","BZN|EE","Without Sequence","159.65","",""
"02/11/2022 17:00:00 - 02/11/2022 18:00:00","BZN|EE","Without Sequence","157.63","",""
"02/11/2022 18:00:00 - 02/11/2022 19:00:00","BZN|EE","Without Sequence","146.60","",""
"02/11/2022 19:00:00 - 02/11/2022 20:00:00","BZN|EE","Without Sequence","140.34","",""
"02/11/2022 20:00:00 - 02/11/2022 21:00:00","BZN|EE","Without Sequence","120.00","",""
"02/11/2022 21:00:00 - 02/11/2022 22:00:00","BZN|EE","Without Sequence","107.61","",""
"02/11/2022 22:00:00 - 02/11/2022 23:00:00","BZN|EE","Without Sequence","95.65","",""
"02/11/2022 23:00:00 - 03/11/2022 00:00:00","BZN|EE","Without Sequence","94.68","",""
"03/11/2022 00:00:00 - 03/11/2022 01:00:00","BZN|EE","Without Sequence","94.70","",""
"03/11/2022 01:00:00 - 03/11/2022 02:00:00","BZN|EE","Without Sequence","87.02","",""
"03/11/2022 02:00:00 - 03/11/2022 03:00:00","BZN|EE","Without Sequence","98.89","",""
"03/11/2022 03:00:00 - 03/11/2022 04:00:00","BZN|EE","Without Sequence","147.12","",""
"03/11/2022 04:00:00 - 03/11/2022 05:00:00","BZN|EE","Without Sequence","191.32","",""
"03/11/2022 05:00:00 - 03/11/2022 06:00:00","BZN|EE","Without Sequence","263.04","",""
"03/11/2022 06:00:00 - 03/11/2022 07:00:00","BZN|EE","Without Sequence","249.46","",""
"03/11/2022 07:00:00 - 03/11/2022 08:00:00","BZN|EE","Without Sequence","310.27","",""
"03/11/2022 08:00:00 - 03/11/2022 09:00:00","BZN|EE","Without Sequence","228.29","",""
"03/11/2022 09:00:00 - 03/11/2022 10:00:00","BZN|EE","Without Sequence","153.69","",""
"03/11/2022 10:00:00 - 03/11/2022 11:00:00","BZN|EE","Without Sequence","147.11","",""
"03/11/2022 11:00:00 - 03/11/2022 12:00:00","BZN|EE","Without Sequence","147.16","",""
"03/11/2022 12:00:00 - 03/11/2022 13:00:00","BZN|EE","Without Sequence","157.94","",""
"03/11/2022 13:00:00 - 03/11/2022 14:00:00","BZN|EE","Without Sequence","207.06","",""
"03/11/2022 14:00:00 - 03/11/2022 15:00:00","BZN|EE","Without Sequence","200.23","",""
"03/11/2022 15:00:00 - 03/11/2022 16:00:00","BZN|EE","Without Sequence","244.63","",""
"03/11/2022 16:00:00 - 03/11/2022 17:00:00","BZN|EE","Without Sequence","266.30","",""
"03/11/2022 17:00:00 - 03/11/2022 18:00:00","BZN|EE","Without Sequence","150.11","",""
"03/11/2022 18:00:00 - 03/11/2022 19:00:00","BZN|EE","Without Sequence","197.42","",""
"03/11/2022 19:00:00 - 03/11/2022 20:00:00","BZN|EE","Without Sequence","165.10","",""
"03/11/2022 20:00:00 - 03/11/2022 21:00:00","BZN|EE","Without Sequence","107.39","",""
"03/11/2022 21:00:00 - 03/11/2022 22:00:00","BZN|EE","Without Sequence","122.49","",""
"03/11/2022 22:00:00 - 03/11/2022 23:00:00","BZN|EE","Without Sequence","112.36","",""
"03/11/2022 23:00:00 - 04/11/2022 00:00:00","BZN|EE","Without Sequence","96.55","",""
"04/11/2022 00:00:00 - 04/11/2022 01:00:00","BZN|EE","Without Sequence","96.49","",""
"04/11/2022 01:00:00 - 04/11/2022 02:00:00","BZN|EE","Without Sequence","90.98","",""
"04/11/2022 02:00:00 - 04/11/2022 03:00:00","BZN|EE","Without Sequence","96.25","",""
"04/11/2022 03:00:00 - 04/11/2022 04:00:00","BZN|EE","Without Sequence","96.86","",""
"04/11/2022 04:00:00 - 04/11/2022 05:00:00","BZN|EE","Without Sequence","128.60","",""
"04/11/2022 05:00:00 - 04/11/2022 06:00:00","BZN|EE","Without Sequence","174.79","",""
"04/11/2022 06:00:00 - 04/11/2022 07:00:00","BZN|EE","Without Sequence","206.05","",""
"04/11/2022 07:00:00 - 04/11/2022 08:00:00","BZN|EE","Without Sequence","215.15","",""
"04/11/2022 08:00:00 - 04/11/2022 09:00:00","BZN|EE","Without Sequence","209.90","",""
"04/11/2022 09:00:00 - 04/11/2022 10:00:00","BZN|EE","Without Sequence","204.96","",""
"04/11/2022 10:00:00 - 04/11/2022 11:00:00","BZN|EE","Without Sequence","198.90","",""
"04/11/2022 11:00:00 - 04/11/2022 12:00:00","BZN|EE","Without Sequence","200.78","",""
"04/11/2022 12:00:00 - 04/11/2022 13:00:00","BZN|EE","Without Sequence","189.01","",""
"04/11/2022 13:00:00 - 04/11/2022 14:00:00","BZN|EE","Without Sequence","205.02","",""
"04/11/2022 14:00:00 - 04/11/2022 15:00:00","BZN|EE","Without Sequence","185.08","",""
"04/11/2022 15:00:00 - 04/11/2022 16:00:00","BZN|EE","Without Sequence","185.06","",""
"04/11/2022 16:00:00 - 04/11/2022 17:00:00","BZN|EE","Without Sequence","170.10","",""
"04/11/2022 17:00:00 - 04/11/2022 18:00:00","BZN|EE","Without Sequence","240.55","",""
"04/11/2022 18:00:00 - 04/11/2022 19:00:00","BZN|EE","Without Sequence","212.51","",""
"04/11/2022 19:00:00 - 04/11/2022 20:00:00","BZN|EE","Without Sequence","195.58","",""
"04/11/2022 20:00:00 - 04/11/2022 21:00:00","BZN|EE","Without Sequence","182.51","",""
"04/11/2022 21:00:00 - 04/11/2022 22:00:00","BZN|EE","Without Sequence","146.56","",""
"04/11/2022 22:00:00 - 04/11/2022 23:00:00","BZN|EE","Without Sequence","97.20","",""
"04/11/2022 23:00:00 - 05/11/2022 00:00:00","BZN|EE","Without Sequence","23.52","",""
"05/11/2022 00:00:00 - 05/11/2022 01:00:00","BZN|EE","Without Sequence","97.05","",""
"05/11/2022 01:00:00 - 05/11/2022 02:00:00","BZN|EE","Without Sequence","97.00","",""
"05/11/2022 02:00:00 - 05/11/2022 03:00:00","BZN|EE","Without Sequence","70.72","",""
"05/11/2022 03:00:00 - 05/11/2022 04:00:00","BZN|EE","Without Sequence","75.72","",""
"05/11/2022 04:00:00 - 05/11/2022 05:00:00","BZN|EE","Without Sequence","61.32","",""
"05/11/2022 05:00:00 - 05/11/2022 06:00:00","BZN|EE","Without Sequence","137.47","",""
"05/11/2022 06:00:00 - 05/11/2022 07:00:00","BZN|EE","Without Sequence","142.20","",""
"05/11/2022 07:00:00 - 05/11/2022 08:00:00","BZN|EE","Without Sequence","142.82","",""
"05/11/2022 08:00:00 - 05/11/2022 09:00:00","BZN|EE","Without Sequence","144.35","",""
"05/11/2022 09:00:00 - 05/11/2022 10:00:00","BZN|EE","Without Sequence","137.12","",""
"05/11/2022 10:00:00 - 05/11/2022 11:00:00","BZN|EE","Without Sequence","128.40","",""
"05/11/2022 11:00:00 - 05/11/2022 12:00:00","BZN|EE","Without Sequence","125.56","",""
"05/11/2022 12:00:00 - 05/11/2022 13:00:00","BZN|EE","Without Sequence","117.30","",""
"05/11/2022 13:00:00 - 05/11/2022 14:00:00","BZN|EE","Without Sequence","132.80","",""
"05/11/2022 14:00:00 - 05/11/2022 15:00:00","BZN|EE","Without Sequence","138.03","",""
"05/11/2022 15:00:00 - 05/11/2022 16:00:00","BZN|EE","Without Sequence","155.89","",""
"05/11/2022 16:00:00 - 05/11/2022 17:00:00","BZN|EE","Without Sequence","175.32","",""
"05/11/2022 17:00:00 - 05/11/2022 18:00:00","BZN|EE","Without Sequence","170.00","",""
"05/11/2022 18:00:00 - 05/11/2022 19:00:00","BZN|EE","Without Sequence","163.29","",""
"05/11/2022 19:00:00 - 05/11/2022 20:00:00","BZN|EE","Without Sequence","149.48","",""
"05/11/2022 20:00:00 - 05/11/2022 21:00:00","BZN|EE","Without Sequence","126.40","",""
"05/11/2022 21:00:00 - 05/11/2022 22:00:00","BZN|EE","Without Sequence","106.85","",""
"05/11/2022 22:00:00 - 05/11/2022 23:00:00","BZN|EE","Without Sequence","85.31","",""
"05/11/2022 23:00:00 - 06/11/2022 00:00:00","BZN|EE","Without Sequence","97.68","",""
"06/11/2022 00:00:00 - 06/11/2022 01:00:00","BZN|EE","Without Sequence","34.75","",""
"06/11/2022 01:00:00 - 06/11/2022 02:00:00","BZN|EE","Without Sequence","47.50","",""
"06/11/2022 02:00:00 - 06/11/2022 03:00:00","BZN|EE","Without Sequence","32.70","",""
"06/11/2022 03:00:00 - 06/11/2022 04:00:00","BZN|EE","Without Sequence","66.73","",""
"06/11/2022 04:00:00 - 06/11/2022 05:00:00","BZN|EE","Without Sequence","36.65","",""
"06/11/2022 05:00:00 - 06/11/2022 06:00:00","BZN|EE","Without Sequence","61.93","",""
"06/11/2022 06:00:00 - 06/11/2022 07:00:00","BZN|EE","Without Sequence","139.71","",""
"06/11/2022 07:00:00 - 06/11/2022 08:00:00","BZN|EE","Without Sequence","106.79","",""
"06/11/2022 08:00:00 - 06/11/2022 09:00:00","BZN|EE","Without Sequence","106.78","",""
"06/11/2022 09:00:00 - 06/11/2022 10:00:00","BZN|EE","Without Sequence","97.62","",""
"06/11/2022 10:00:00 - 06/11/2022 11:00:00","BZN|EE","Without Sequence","106.73","",""
"06/11/2022 11:00:00 - 06/11/2022 12:00:00","BZN|EE","Without Sequence","97.63","",""
"06/11/2022 12:00:00 - 06/11/2022 13:00:00","BZN|EE","Without Sequence","158.84","",""
"06/11/2022 13:00:00 - 06/11/2022 14:00:00","BZN|EE","Without Sequence","145.22","",""
"06/11/2022 14:00:00 - 06/11/2022 15:00:00","BZN|EE","Without Sequence","178.86","",""
"06/11/2022 15:00:00 - 06/11/2022 16:00:00","BZN|EE","Without Sequence","291.55","",""
"06/11/2022 16:00:00 - 06/11/2022 17:00:00","BZN|EE","Without Sequence","134.23","",""
"06/11/2022 17:00:00 - 06/11/2022 18:00:00","BZN|EE","Without Sequence","200.67","",""
"06/11/2022 18:00:00 - 06/11/2022 19:00:00","BZN|EE","Without Sequence","232.15","",""
"06/11/2022 19:00:00 - 06/11/2022 20:00:00","BZN|EE","Without Sequence","97.66","",""
"06/11/2022 20:00:00 - 06/11/2022 21:00:00","BZN|EE","Without Sequence","90.71","",""
"06/11/2022 21:00:00 - 06/11/2022 22:00:00","BZN|EE","Without Sequence","66.29","",""
"06/11/2022 22:00:00 - 06/11/2022 23:00:00","BZN|EE","Without Sequence","19.85","",""
"06/11/2022 23:00:00 - 07/11/2022 00:00:00","BZN|EE","Without Sequence","15.28","",""
"07/11/2022 00:00:00 - 07/11/2022 01:00:00","BZN|EE","Without Sequence","12.78","",""
"07/11/2022 01:00:00 - 07/11/2022 02:00:00","BZN|EE","Without Sequence","9.17","",""
"07/11/2022 02:00:00 - 07/11/2022 03:00:00","BZN|EE","Without Sequence","10.83","",""
"07/11/2022 03:00:00 - 07/11/2022 04:00:00","BZN|EE","Without Sequence","12.84","",""
"07/11/2022 04:00:00 - 07/11/2022 05:00:00","BZN|EE","Without Sequence","119.95","",""
"07/11/2022 05:00:00 - 07/11/2022 06:00:00","BZN|EE","Without Sequence","187.25","",""
"07/11/2022 06:00:00 - 07/11/2022 07:00:00","BZN|EE","Without Sequence","213.09","",""
"07/11/2022 07:00:00 - 07/11/2022 08:00:00","BZN|EE","Without Sequence","200.07","",""
"07/11/2022 08:00:00 - 07/11/2022 09:00:00","BZN|EE","Without Sequence","200.05","",""
"07/11/2022 09:00:00 - 07/11/2022 10:00:00","BZN|EE","Without Sequence","212.08","",""
"07/11/2022 10:00:00 - 07/11/2022 11:00:00","BZN|EE","Without Sequence","208.14","",""
"07/11/2022 11:00:00 - 07/11/2022 12:00:00","BZN|EE","Without Sequence","211.02","",""
"07/11/2022 12:00:00 - 07/11/2022 13:00:00","BZN|EE","Without Sequence","210.09","",""
"07/11/2022 13:00:00 - 07/11/2022 14:00:00","BZN|EE","Without Sequence","211.05","",""
"07/11/2022 14:00:00 - 07/11/2022 15:00:00","BZN|EE","Without Sequence","220.63","",""
"07/11/2022 15:00:00 - 07/11/2022 16:00:00","BZN|EE","Without Sequence","211.09","",""
"07/11/2022 16:00:00 - 07/11/2022 17:00:00","BZN|EE","Without Sequence","211.01","",""
"07/11/2022 17:00:00 - 07/11/2022 18:00:00","BZN|EE","Without Sequence","219.94","",""
"07/11/2022 18:00:00 - 07/11/2022 19:00:00","BZN|EE","Without Sequence","200.03","",""
"07/11/2022 19:00:00 - 07/11/2022 20:00:00","BZN|EE","Without Sequence","146.71","",""
"07/11/2022 20:00:00 - 07/11/2022 21:00:00","BZN|EE","Without Sequence","150.01","",""
"07/11/2022 21:00:00 - 07/11/2022 22:00:00","BZN|EE","Without Sequence","129.92","",""
"07/11/2022 22:00:00 - 07/11/2022 23:00:00","BZN|EE","Without Sequence","98.07","",""
"07/11/2022 23:00:00 - 08/11/2022 00:00:00","BZN|EE","Without Sequence","100.00","",""
"08/11/2022 00:00:00 - 08/11/2022 01:00:00","BZN|EE","Without Sequence","95.48","",""
"08/11/2022 01:00:00 - 08/11/2022 02:00:00","BZN|EE","Without Sequence","85.67","",""
"08/11/2022 02:00:00 - 08/11/2022 03:00:00","BZN|EE","Without Sequence","86.46","",""
"08/11/2022 03:00:00 - 08/11/2022 04:00:00","BZN|EE","Without Sequence","91.34","",""
"08/11/2022 04:00:00 - 08/11/2022 05:00:00","BZN|EE","Without Sequence","134.84","",""
"08/11/2022 05:00:00 - 08/11/2022 06:00:00","BZN|EE","Without Sequence","179.13","",""
"08/11/2022 06:00:00 - 08/11/2022 07:00:00","BZN|EE","Without Sequence","195.21","",""
"08/11/2022 07:00:00 - 08/11/2022 08:00:00","BZN|EE","Without Sequence","144.09","",""
"08/11/2022 08:00:00 - 08/11/2022 09:00:00","BZN|EE","Without Sequence","145.61","",""
"08/11/2022 09:00:00 - 08/11/2022 10:00:00","BZN|EE","Without Sequence","170.51","",""
"08/11/2022 10:00:00 - 08/11/2022 11:00:00","BZN|EE","Without Sequence","152.99","",""
"08/11/2022 11:00:00 - 08/11/2022 12:00:00","BZN|EE","Without Sequence","159.93","",""
"08/11/2022 12:00:00 - 08/11/2022 13:00:00","BZN|EE","Without Sequence","167.38","",""
"08/11/2022 13:00:00 - 08/11/2022 14:00:00","BZN|EE","Without Sequence","227.23","",""
"08/11/2022 14:00:00 - 08/11/2022 15:00:00","BZN|EE","Without Sequence","209.01","",""
"08/11/2022 15:00:00 - 08/11/2022 16:00:00","BZN|EE","Without Sequence","227.28","",""
"08/11/2022 16:00:00 - 08/11/2022 17:00:00","BZN|EE","Without Sequence","244.45","",""
"08/11/2022 17:00:00 - 08/11/2022 18:00:00","BZN|EE","Without Sequence","227.27","",""
"08/11/2022 18:00:00 - 08/11/2022 19:00:00","BZN|EE","Without Sequence","216.48","",""
"08/11/2022 19:00:00 - 08/11/2022 20:00:00","BZN|EE","Without Sequence","210.18","",""
"08/11/2022 20:00:00 - 08/11/2022 21:00:00","BZN|EE","Without Sequence","191.37","",""
"08/11/2022 21:00:00 - 08/11/2022 22:00:00","BZN|EE","Without Sequence","148.06","",""
"08/11/2022 22:00:00 - 08/11/2022 23:00:00","BZN|EE","Without Sequence","106.72","",""
"08/11/2022 23:00:00 - 09/11/2022 00:00:00","BZN|EE","Without Sequence","133.25","",""
"09/11/2022 00:00:00 - 09/11/2022 01:00:00","BZN|EE","Without Sequence","133.23","",""
"09/11/2022 01:00:00 - 09/11/2022 02:00:00","BZN|EE","Without Sequence","133.21","",""
"09/11/2022 02:00:00 - 09/11/2022 03:00:00","BZN|EE","Without Sequence","133.29","",""
"09/11/2022 03:00:00 - 09/11/2022 04:00:00","BZN|EE","Without Sequence","133.27","",""
"09/11/2022 04:00:00 - 09/11/2022 05:00:00","BZN|EE","Without Sequence","144.23","",""
"09/11/2022 05:00:00 - 09/11/2022 06:00:00","BZN|EE","Without Sequence","184.02","",""
"09/11/2022 06:00:00 - 09/11/2022 07:00:00","BZN|EE","Without Sequence","167.10","",""
"09/11/2022 07:00:00 - 09/11/2022 08:00:00","BZN|EE","Without Sequence","165.41","",""
"09/11/2022 08:00:00 - 09/11/2022 09:00:00","BZN|EE","Without Sequence","188.41","",""
"09/11/2022 09:00:00 - 09/11/2022 10:00:00","BZN|EE","Without Sequence","188.53","",""
"09/11/2022 10:00:00 - 09/11/2022 11:00:00","BZN|EE","Without Sequence","199.95","",""
"09/11/2022 11:00:00 - 09/11/2022 12:00:00","BZN|EE","Without Sequence","199.99","",""
"09/11/2022 12:00:00 - 09/11/2022 13:00:00","BZN|EE","Without Sequence","199.97","",""
"09/11/2022 13:00:00 - 09/11/2022 14:00:00","BZN|EE","Without Sequence","258.38","",""
"09/11/2022 14:00:00 - 09/11/2022 15:00:00","BZN|EE","Without Sequence","249.41","",""
"09/11/2022 15:00:00 - 09/11/2022 16:00:00","BZN|EE","Without Sequence","269.74","",""
"09/11/2022 16:00:00 - 09/11/2022 17:00:00","BZN|EE","Without Sequence","249.45","",""
"09/11/2022 17:00:00 - 09/11/2022 18:00:00","BZN|EE","Without Sequence","199.92","",""
"09/11/2022 18:00:00 - 09/11/2022 19:00:00","BZN|EE","Without Sequence","161.27","",""
"09/11/2022 19:00:00 - 09/11/2022 20:00:00","BZN|EE","Without Sequence","174.37","",""
"09/11/2022 20:00:00 - 09/11/2022 21:00:00","BZN|EE","Without Sequence","165.76","",""
"09/11/2022 21:00:00 - 09/11/2022 22:00:00","BZN|EE","Without Sequence","138.82","",""
"09/11/2022 22:00:00 - 09/11/2022 23:00:00","BZN|EE","Without Sequence","100.48","",""
"09/11/2022 23:00:00 - 10/11/2022 00:00:00","BZN|EE","Without Sequence","27.59","",""
"10/11/2022 00:00:00 - 10/11/2022 01:00:00","BZN|EE","Without Sequence","26.00","",""
"10/11/2022 01:00:00 - 10/11/2022 02:00:00","BZN|EE","Without Sequence","38.37","",""
"10/11/2022 02:00:00 - 10/11/2022 03:00:00","BZN|EE","Without Sequence","64.40","",""
"10/11/2022 03:00:00 - 10/11/2022 04:00:00","BZN|EE","Without Sequence","103.95","",""
"10/11/2022 04:00:00 - 10/11/2022 05:00:00","BZN|EE","Without Sequence","133.35","",""
"10/11/2022 05:00:00 - 10/11/2022 06:00:00","BZN|EE","Without Sequence","153.92","",""
"10/11/2022 06:00:00 - 10/11/2022 07:00:00","BZN|EE","Without Sequence","172.89","",""
"10/11/2022 07:00:00 - 10/11/2022 08:00:00","BZN|EE","Without Sequence","143.79","",""
"10/11/2022 08:00:00 - 10/11/2022 09:00:00","BZN|EE","Without Sequence","275.64","",""
"10/11/2022 09:00:00 - 10/11/2022 10:00:00","BZN|EE","Without Sequence","147.10","",""
"10/11/2022 10:00:00 - 10/11/2022 11:00:00","BZN|EE","Without Sequence","163.70","",""
"10/11/2022 11:00:00 - 10/11/2022 12:00:00","BZN|EE","Without Sequence","278.80","",""
"10/11/2022 12:00:00 - 10/11/2022 13:00:00","BZN|EE","Without Sequence","256.36","",""
"10/11/2022 13:00:00 - 10/11/2022 14:00:00","BZN|EE","Without Sequence","285.14","",""
"10/11/2022 14:00:00 - 10/11/2022 15:00:00","BZN|EE","Without Sequence","423.01","",""
"10/11/2022 15:00:00 - 10/11/2022 16:00:00","BZN|EE","Without Sequence","256.39","",""
"10/11/2022 16:00:00 - 10/11/2022 17:00:00","BZN|EE","Without Sequence","256.40","",""
"10/11/2022 17:00:00 - 10/11/2022 18:00:00","BZN|EE","Without Sequence","221.00","",""
"10/11/2022 18:00:00 - 10/11/2022 19:00:00","BZN|EE","Without Sequence","196.31","",""
"10/11/2022 19:00:00 - 10/11/2022 20:00:00","BZN|EE","Without Sequence","181.09","",""
"10/11/2022 20:00:00 - 10/11/2022 21:00:00","BZN|EE","Without Sequence","184.90","",""
"10/11/2022 21:00:00 - 10/11/2022 22:00:00","BZN|EE","Without Sequence","143.74","",""
"10/11/2022 22:00:00 - 10/11/2022 23:00:00","BZN|EE","Without Sequence","107.12","",""
"10/11/2022 23:00:00 - 11/11/2022 00:00:00","BZN|EE","Without Sequence","101.52","",""
"11/11/2022 00:00:00 - 11/11/2022 01:00:00","BZN|EE","Without Sequence","0.29","",""
"11/11/2022 01:00:00 - 11/11/2022 02:00:00","BZN|EE","Without Sequence","0.09","",""
"11/11/2022 02:00:00 - 11/11/2022 03:00:00","BZN|EE","Without Sequence","0.09","",""
"11/11/2022 03:00:00 - 11/11/2022 04:00:00","BZN|EE","Without Sequence","0.09","",""
"11/11/2022 04:00:00 - 11/11/2022 05:00:00","BZN|EE","Without Sequence","96.70","",""
"11/11/2022 05:00:00 - 11/11/2022 06:00:00","BZN|EE","Without Sequence","97.75","",""
"11/11/2022 06:00:00 - 11/11/2022 07:00:00","BZN|EE","Without Sequence","129.96","",""
"11/11/2022 07:00:00 - 11/11/2022 08:00:00","BZN|EE","Without Sequence","140.09","",""
"11/11/2022 08:00:00 - 11/11/2022 09:00:00","BZN|EE","Without Sequence","140.07","",""
"11/11/2022 09:00:00 - 11/11/2022 10:00:00","BZN|EE","Without Sequence","140.03","",""
"11/11/2022 10:00:00 - 11/11/2022 11:00:00","BZN|EE","Without Sequence","115.75","",""
"11/11/2022 11:00:00 - 11/11/2022 12:00:00","BZN|EE","Without Sequence","128.31","",""
"11/11/2022 12:00:00 - 11/11/2022 13:00:00","BZN|EE","Without Sequence","112.09","",""
"11/11/2022 13:00:00 - 11/11/2022 14:00:00","BZN|EE","Without Sequence","134.04","",""
"11/11/2022 14:00:00 - 11/11/2022 15:00:00","BZN|EE","Without Sequence","140.07","",""
"11/11/2022 15:00:00 - 11/11/2022 16:00:00","BZN|EE","Without Sequence","203.69","",""
"11/11/2022 16:00:00 - 11/11/2022 17:00:00","BZN|EE","Without Sequence","140.08","",""
"11/11/2022 17:00:00 - 11/11/2022 18:00:00","BZN|EE","Without Sequence","140.02","",""
"11/11/2022 18:00:00 - 11/11/2022 19:00:00","BZN|EE","Without Sequence","129.96","",""
"11/11/2022 19:00:00 - 11/11/2022 20:00:00","BZN|EE","Without Sequence","128.37","",""
"11/11/2022 20:00:00 - 11/11/2022 21:00:00","BZN|EE","Without Sequence","128.32","",""
"11/11/2022 21:00:00 - 11/11/2022 22:00:00","BZN|EE","Without Sequence","101.57","",""
"11/11/2022 22:00:00 - 11/11/2022 23:00:00","BZN|EE","Without Sequence","0.09","",""
"11/11/2022 23:00:00 - 12/11/2022 00:00:00","BZN|EE","Without Sequence","102.34","",""
"12/11/2022 00:00:00 - 12/11/2022 01:00:00","BZN|EE","Without Sequence","102.32","",""
"12/11/2022 01:00:00 - 12/11/2022 02:00:00","BZN|EE","Without Sequence","10.24","",""
"12/11/2022 02:00:00 - 12/11/2022 03:00:00","BZN|EE","Without Sequence","9.88","",""
"12/11/2022 03:00:00 - 12/11/2022 04:00:00","BZN|EE","Without Sequence","102.31","",""
"12/11/2022 04:00:00 - 12/11/2022 05:00:00","BZN|EE","Without Sequence","102.37","",""
"12/11/2022 05:00:00 - 12/11/2022 06:00:00","BZN|EE","Without Sequence","131.31","",""
"12/11/2022 06:00:00 - 12/11/2022 07:00:00","BZN|EE","Without Sequence","131.31","",""
"12/11/2022 07:00:00 - 12/11/2022 08:00:00","BZN|EE","Without Sequence","131.33","",""
"12/11/2022 08:00:00 - 12/11/2022 09:00:00","BZN|EE","Without Sequence","131.32","",""
"12/11/2022 09:00:00 - 12/11/2022 10:00:00","BZN|EE","Without Sequence","102.39","",""
"12/11/2022 10:00:00 - 12/11/2022 11:00:00","BZN|EE","Without Sequence","102.34","",""
"12/11/2022 11:00:00 - 12/11/2022 12:00:00","BZN|EE","Without Sequence","102.40","",""
"12/11/2022 12:00:00 - 12/11/2022 13:00:00","BZN|EE","Without Sequence","131.34","",""
"12/11/2022 13:00:00 - 12/11/2022 14:00:00","BZN|EE","Without Sequence","154.59","",""
"12/11/2022 14:00:00 - 12/11/2022 15:00:00","BZN|EE","Without Sequence","207.39","",""
"12/11/2022 15:00:00 - 12/11/2022 16:00:00","BZN|EE","Without Sequence","243.03","",""
"12/11/2022 16:00:00 - 12/11/2022 17:00:00","BZN|EE","Without Sequence","240.39","",""
"12/11/2022 17:00:00 - 12/11/2022 18:00:00","BZN|EE","Without Sequence","238.00","",""
"12/11/2022 18:00:00 - 12/11/2022 19:00:00","BZN|EE","Without Sequence","131.39","",""
"12/11/2022 19:00:00 - 12/11/2022 20:00:00","BZN|EE","Without Sequence","131.35","",""
"12/11/2022 20:00:00 - 12/11/2022 21:00:00","BZN|EE","Without Sequence","129.69","",""
"12/11/2022 21:00:00 - 12/11/2022 22:00:00","BZN|EE","Without Sequence","129.64","",""
"12/11/2022 22:00:00 - 12/11/2022 23:00:00","BZN|EE","Without Sequence","102.36","",""
"12/11/2022 23:00:00 - 13/11/2022 00:00:00","BZN|EE","Without Sequence","10.37","",""
"13/11/2022 00:00:00 - 13/11/2022 01:00:00","BZN|EE","Without Sequence","11.67","",""
"13/11/2022 01:00:00 - 13/11/2022 02:00:00","BZN|EE","Without Sequence","100.21","",""
"13/11/2022 02:00:00 - 13/11/2022 03:00:00","BZN|EE","Without Sequence","65.11","",""
"13/11/2022 03:00:00 - 13/11/2022 04:00:00","BZN|EE","Without Sequence","100.26","",""
"13/11/2022 04:00:00 - 13/11/2022 05:00:00","BZN|EE","Without Sequence","134.24","",""
"13/11/2022 05:00:00 - 13/11/2022 06:00:00","BZN|EE","Without Sequence","135.29","",""
"13/11/2022 06:00:00 - 13/11/2022 07:00:00","BZN|EE","Without Sequence","150.75","",""
"13/11/2022 07:00:00 - 13/11/2022 08:00:00","BZN|EE","Without Sequence","155.96","",""
"13/11/2022 08:00:00 - 13/11/2022 09:00:00","BZN|EE","Without Sequence","162.22","",""
"13/11/2022 09:00:00 - 13/11/2022 10:00:00","BZN|EE","Without Sequence","134.29","",""
"13/11/2022 10:00:00 - 13/11/2022 11:00:00","BZN|EE","Without Sequence","141.45","",""
"13/11/2022 11:00:00 - 13/11/2022 12:00:00","BZN|EE","Without Sequence","154.54","",""
"13/11/2022 12:00:00 - 13/11/2022 13:00:00","BZN|EE","Without Sequence","160.84","",""
"13/11/2022 13:00:00 - 13/11/2022 14:00:00","BZN|EE","Without Sequence","162.33","",""
"13/11/2022 14:00:00 - 13/11/2022 15:00:00","BZN|EE","Without Sequence","187.71","",""
"13/11/2022 15:00:00 - 13/11/2022 16:00:00","BZN|EE","Without Sequence","236.22","",""
"13/11/2022 16:00:00 - 13/11/2022 17:00:00","BZN|EE","Without Sequence","206.94","",""
"13/11/2022 17:00:00 - 13/11/2022 18:00:00","BZN|EE","Without Sequence","207.88","",""
"13/11/2022 18:00:00 - 13/11/2022 19:00:00","BZN|EE","Without Sequence","190.86","",""
"13/11/2022 19:00:00 - 13/11/2022 20:00:00","BZN|EE","Without Sequence","172.48","",""
"13/11/2022 20:00:00 - 13/11/2022 21:00:00","BZN|EE","Without Sequence","158.59","",""
"13/11/2022 21:00:00 - 13/11/2022 22:00:00","BZN|EE","Without Sequence","138.00","",""
"13/11/2022 22:00:00 - 13/11/2022 23:00:00","BZN|EE","Without Sequence","119.92","",""
"13/11/2022 23:00:00 - 14/11/2022 00:00:00","BZN|EE","Without Sequence","143.43","",""
"14/11/2022 00:00:00 - 14/11/2022 01:00:00","BZN|EE","Without Sequence","135.95","",""
"14/11/2022 01:00:00 - 14/11/2022 02:00:00","BZN|EE","Without Sequence","124.30","",""
"14/11/2022 02:00:00 - 14/11/2022 03:00:00","BZN|EE","Without Sequence","127.28","",""
"14/11/2022 03:00:00 - 14/11/2022 04:00:00","BZN|EE","Without Sequence","133.95","",""
"14/11/2022 04:00:00 - 14/11/2022 05:00:00","BZN|EE","Without Sequence","212.30","",""
"14/11/2022 05:00:00 - 14/11/2022 06:00:00","BZN|EE","Without Sequence","200.98","",""
"14/11/2022 06:00:00 - 14/11/2022 07:00:00","BZN|EE","Without Sequence","218.35","",""
"14/11/2022 07:00:00 - 14/11/2022 08:00:00","BZN|EE","Without Sequence","207.98","",""
"14/11/2022 08:00:00 - 14/11/2022 09:00:00","BZN|EE","Without Sequence","207.32","",""
"14/11/2022 09:00:00 - 14/11/2022 10:00:00","BZN|EE","Without Sequence","176.13","",""
"14/11/2022 10:00:00 - 14/11/2022 11:00:00","BZN|EE","Without Sequence","172.92","",""
"14/11/2022 11:00:00 - 14/11/2022 12:00:00","BZN|EE","Without Sequence","219.97","",""
"14/11/2022 12:00:00 - 14/11/2022 13:00:00","BZN|EE","Without Sequence","180.10","",""
"14/11/2022 13:00:00 - 14/11/2022 14:00:00","BZN|EE","Without Sequence","207.32","",""
"14/11/2022 14:00:00 - 14/11/2022 15:00:00","BZN|EE","Without Sequence","221.68","",""
"14/11/2022 15:00:00 - 14/11/2022 16:00:00","BZN|EE","Without Sequence","212.44","",""
"14/11/2022 16:00:00 - 14/11/2022 17:00:00","BZN|EE","Without Sequence","254.18","",""
"14/11/2022 17:00:00 - 14/11/2022 18:00:00","BZN|EE","Without Sequence","217.88","",""
"14/11/2022 18:00:00 - 14/11/2022 19:00:00","BZN|EE","Without Sequence","187.44","",""
"14/11/2022 19:00:00 - 14/11/2022 20:00:00","BZN|EE","Without Sequence","181.04","",""
"14/11/2022 20:00:00 - 14/11/2022 21:00:00","BZN|EE","Without Sequence","220.97","",""
"14/11/2022 21:00:00 - 14/11/2022 22:00:00","BZN|EE","Without Sequence","142.10","",""
"14/11/2022 22:00:00 - 14/11/2022 23:00:00","BZN|EE","Without Sequence","108.82","",""
"14/11/2022 23:00:00 - 15/11/2022 00:00:00","BZN|EE","Without Sequence","169.39","",""
"15/11/2022 00:00:00 - 15/11/2022 01:00:00","BZN|EE","Without Sequence","142.34","",""
"15/11/2022 01:00:00 - 15/11/2022 02:00:00","BZN|EE","Without Sequence","138.64","",""
"15/11/2022 02:00:00 - 15/11/2022 03:00:00","BZN|EE","Without Sequence","142.32","",""
"15/11/2022 03:00:00 - 15/11/2022 04:00:00","BZN|EE","Without Sequence","165.40","",""
"15/11/2022 04:00:00 - 15/11/2022 05:00:00","BZN|EE","Without Sequence","223.95","",""
"15/11/2022 05:00:00 - 15/11/2022 06:00:00","BZN|EE","Without Sequence","202.74","",""
"15/11/2022 06:00:00 - 15/11/2022 07:00:00","BZN|EE","Without Sequence","204.51","",""
"15/11/2022 07:00:00 - 15/11/2022 08:00:00","BZN|EE","Without Sequence","257.47","",""
"15/11/2022 08:00:00 - 15/11/2022 09:00:00","BZN|EE","Without Sequence","228.58","",""
"15/11/2022 09:00:00 - 15/11/2022 10:00:00","BZN|EE","Without Sequence","203.97","",""
"15/11/2022 10:00:00 - 15/11/2022 11:00:00","BZN|EE","Without Sequence","178.89","",""
"15/11/2022 11:00:00 - 15/11/2022 12:00:00","BZN|EE","Without Sequence","197.16","",""
"15/11/2022 12:00:00 - 15/11/2022 13:00:00","BZN|EE","Without Sequence","201.24","",""
"15/11/2022 13:00:00 - 15/11/2022 14:00:00","BZN|EE","Without Sequence","236.21","",""
"15/11/2022 14:00:00 - 15/11/2022 15:00:00","BZN|EE","Without Sequence","208.54","",""
"15/11/2022 15:00:00 - 15/11/2022 16:00:00","BZN|EE","Without Sequence","220.88","",""
"15/11/2022 16:00:00 - 15/11/2022 17:00:00","BZN|EE","Without Sequence","236.22","",""
"15/11/2022 17:00:00 - 15/11/2022 18:00:00","BZN|EE","Without Sequence","209.36","",""
"15/11/2022 18:00:00 - 15/11/2022 19:00:00","BZN|EE","Without Sequence","211.36","",""
"15/11/2022 19:00:00 - 15/11/2022 20:00:00","BZN|EE","Without Sequence","185.37","",""
"15/11/2022 20:00:00 - 15/11/2022 21:00:00","BZN|EE","Without Sequence","185.79","",""
"15/11/2022 21:00:00 - 15/11/2022 22:00:00","BZN|EE","Without Sequence","159.99","",""
"15/11/2022 22:00:00 - 15/11/2022 23:00:00","BZN|EE","Without Sequence","143.82","",""
"15/11/2022 23:00:00 - 16/11/2022 00:00:00","BZN|EE","Without Sequence","176.43","",""
"16/11/2022 00:00:00 - 16/11/2022 01:00:00","BZN|EE","Without Sequence","173.35","",""
"16/11/2022 01:00:00 - 16/11/2022 02:00:00","BZN|EE","Without Sequence","153.08","",""
"16/11/2022 02:00:00 - 16/11/2022 03:00:00","BZN|EE","Without Sequence","150.44","",""
"16/11/2022 03:00:00 - 16/11/2022 04:00:00","BZN|EE","Without Sequence","165.69","",""
"16/11/2022 04:00:00 - 16/11/2022 05:00:00","BZN|EE","Without Sequence","220.57","",""
"16/11/2022 05:00:00 - 16/11/2022 06:00:00","BZN|EE","Without Sequence","261.93","",""
"16/11/2022 06:00:00 - 16/11/2022 07:00:00","BZN|EE","Without Sequence","287.87","",""
"16/11/2022 07:00:00 - 16/11/2022 08:00:00","BZN|EE","Without Sequence","284.83","",""
"16/11/2022 08:00:00 - 16/11/2022 09:00:00","BZN|EE","Without Sequence","299.80","",""
"16/11/2022 09:00:00 - 16/11/2022 10:00:00","BZN|EE","Without Sequence","407.29","",""
"16/11/2022 10:00:00 - 16/11/2022 11:00:00","BZN|EE","Without Sequence","391.45","",""
"16/11/2022 11:00:00 - 16/11/2022 12:00:00","BZN|EE","Without Sequence","359.04","",""
"16/11/2022 12:00:00 - 16/11/2022 13:00:00","BZN|EE","Without Sequence","397.40","",""
"16/11/2022 13:00:00 - 16/11/2022 14:00:00","BZN|EE","Without Sequence","549.91","",""
"16/11/2022 14:00:00 - 16/11/2022 15:00:00","BZN|EE","Without Sequence","341.90","",""
"16/11/2022 15:00:00 - 16/11/2022 16:00:00","BZN|EE","Without Sequence","341.81","",""
"16/11/2022 16:00:00 - 16/11/2022 17:00:00","BZN|EE","Without Sequence","341.00","",""
"16/11/2022 17:00:00 - 16/11/2022 18:00:00","BZN|EE","Without Sequence","324.03","",""
"16/11/2022 18:00:00 - 16/11/2022 19:00:00","BZN|EE","Without Sequence","433.95","",""
"16/11/2022 19:00:00 - 16/11/2022 20:00:00","BZN|EE","Without Sequence","341.83","",""
"16/11/2022 20:00:00 - 16/11/2022 21:00:00","BZN|EE","Without Sequence","334.64","",""
"16/11/2022 21:00:00 - 16/11/2022 22:00:00","BZN|EE","Without Sequence","300.00","",""
"16/11/2022 22:00:00 - 16/11/2022 23:00:00","BZN|EE","Without Sequence","160.01","",""
"16/11/2022 23:00:00 - 17/11/2022 00:00:00","BZN|EE","Without Sequence","210.27","",""
"17/11/2022 00:00:00 - 17/11/2022 01:00:00","BZN|EE","Without Sequence","179.30","",""
"17/11/2022 01:00:00 - 17/11/2022 02:00:00","BZN|EE","Without Sequence","160.01","",""
"17/11/2022 02:00:00 - 17/11/2022 03:00:00","BZN|EE","Without Sequence","160.03","",""
"17/11/2022 03:00:00 - 17/11/2022 04:00:00","BZN|EE","Without Sequence","196.25","",""
"17/11/2022 04:00:00 - 17/11/2022 05:00:00","BZN|EE","Without Sequence","264.03","",""
"17/11/2022 05:00:00 - 17/11/2022 06:00:00","BZN|EE","Without Sequence","318.31","",""
"17/11/2022 06:00:00 - 17/11/2022 07:00:00","BZN|EE","Without Sequence","359.55","",""
"17/11/2022 07:00:00 - 17/11/2022 08:00:00","BZN|EE","Without Sequence","425.86","",""
"17/11/2022 08:00:00 - 17/11/2022 09:00:00","BZN|EE","Without Sequence","357.87","",""
"17/11/2022 09:00:00 - 17/11/2022 10:00:00","BZN|EE","Without Sequence","318.36","",""
"17/11/2022 10:00:00 - 17/11/2022 11:00:00","BZN|EE","Without Sequence","318.37","",""
"17/11/2022 11:00:00 - 17/11/2022 12:00:00","BZN|EE","Without Sequence","318.37","",""
"17/11/2022 12:00:00 - 17/11/2022 13:00:00","BZN|EE","Without Sequence","318.38","",""
"17/11/2022 13:00:00 - 17/11/2022 14:00:00","BZN|EE","Without Sequence","327.64","",""
"17/11/2022 14:00:00 - 17/11/2022 15:00:00","BZN|EE","Without Sequence","363.72","",""
"17/11/2022 15:00:00 - 17/11/2022 16:00:00","BZN|EE","Without Sequence","341.69","",""
"17/11/2022 16:00:00 - 17/11/2022 17:00:00","BZN|EE","Without Sequence","314.00","",""
"17/11/2022 17:00:00 - 17/11/2022 18:00:00","BZN|EE","Without Sequence","312.57","",""
"17/11/2022 18:00:00 - 17/11/2022 19:00:00","BZN|EE","Without Sequence","292.28","",""
"17/11/2022 19:00:00 - 17/11/2022 20:00:00","BZN|EE","Without Sequence","266.35","",""
"17/11/2022 20:00:00 - 17/11/2022 21:00:00","BZN|EE","Without Sequence","245.11","",""
"17/11/2022 21:00:00 - 17/11/2022 22:00:00","BZN|EE","Without Sequence","249.95","",""
"17/11/2022 22:00:00 - 17/11/2022 23:00:00","BZN|EE","Without Sequence","165.09","",""
"17/11/2022 23:00:00 - 18/11/2022 00:00:00","BZN|EE","Without Sequence","228.02","",""
"18/11/2022 00:00:00 - 18/11/2022 01:00:00","BZN|EE","Without Sequence","180.00","",""
"18/11/2022 01:00:00 - 18/11/2022 02:00:00","BZN|EE","Without Sequence","169.47","",""
"18/11/2022 02:00:00 - 18/11/2022 03:00:00","BZN|EE","Without Sequence","169.41","",""
"18/11/2022 03:00:00 - 18/11/2022 04:00:00","BZN|EE","Without Sequence","199.06","",""
"18/11/2022 04:00:00 - 18/11/2022 05:00:00","BZN|EE","Without Sequence","277.25","",""
"18/11/2022 05:00:00 - 18/11/2022 06:00:00","BZN|EE","Without Sequence","384.21","",""
"18/11/2022 06:00:00 - 18/11/2022 07:00:00","BZN|EE","Without Sequence","339.62","",""
"18/11/2022 07:00:00 - 18/11/2022 08:00:00","BZN|EE","Without Sequence","281.17","",""
"18/11/2022 08:00:00 - 18/11/2022 09:00:00","BZN|EE","Without Sequence","281.17","",""
"18/11/2022 09:00:00 - 18/11/2022 10:00:00","BZN|EE","Without Sequence","337.95","",""
"18/11/2022 10:00:00 - 18/11/2022 11:00:00","BZN|EE","Without Sequence","300.00","",""
"18/11/2022 11:00:00 - 18/11/2022 12:00:00","BZN|EE","Without Sequence","281.10","",""
"18/11/2022 12:00:00 - 18/11/2022 13:00:00","BZN|EE","Without Sequence","281.12","",""
"18/11/2022 13:00:00 - 18/11/2022 14:00:00","BZN|EE","Without Sequence","281.18","",""
"18/11/2022 14:00:00 - 18/11/2022 15:00:00","BZN|EE","Without Sequence","352.09","",""
"18/11/2022 15:00:00 - 18/11/2022 16:00:00","BZN|EE","Without Sequence","376.68","",""
"18/11/2022 16:00:00 - 18/11/2022 17:00:00","BZN|EE","Without Sequence","281.19","",""
"18/11/2022 17:00:00 - 18/11/2022 18:00:00","BZN|EE","Without Sequence","300.06","",""
"18/11/2022 18:00:00 - 18/11/2022 19:00:00","BZN|EE","Without Sequence","351.80","",""
"18/11/2022 19:00:00 - 18/11/2022 20:00:00","BZN|EE","Without Sequence","281.17","",""
"18/11/2022 20:00:00 - 18/11/2022 21:00:00","BZN|EE","Without Sequence","281.10","",""
"18/11/2022 21:00:00 - 18/11/2022 22:00:00","BZN|EE","Without Sequence","207.49","",""
"18/11/2022 22:00:00 - 18/11/2022 23:00:00","BZN|EE","Without Sequence","168.84","",""
"18/11/2022 23:00:00 - 19/11/2022 00:00:00","BZN|EE","Without Sequence","189.83","",""
"19/11/2022 00:00:00 - 19/11/2022 01:00:00","BZN|EE","Without Sequence","175.28","",""
"19/11/2022 01:00:00 - 19/11/2022 02:00:00","BZN|EE","Without Sequence","176.98","",""
"19/11/2022 02:00:00 - 19/11/2022 03:00:00","BZN|EE","Without Sequence","176.25","",""
"19/11/2022 03:00:00 - 19/11/2022 04:00:00","BZN|EE","Without Sequence","148.76","",""
"19/11/2022 04:00:00 - 19/11/2022 05:00:00","BZN|EE","Without Sequence","179.29","",""
"19/11/2022 05:00:00 - 19/11/2022 06:00:00","BZN|EE","Without Sequence","195.50","",""
"19/11/2022 06:00:00 - 19/11/2022 07:00:00","BZN|EE","Without Sequence","193.21","",""
"19/11/2022 07:00:00 - 19/11/2022 08:00:00","BZN|EE","Without Sequence","205.70","",""
"19/11/2022 08:00:00 - 19/11/2022 09:00:00","BZN|EE","Without Sequence","215.07","",""
"19/11/2022 09:00:00 - 19/11/2022 10:00:00","BZN|EE","Without Sequence","208.01","",""
"19/11/2022 10:00:00 - 19/11/2022 11:00:00","BZN|EE","Without Sequence","212.73","",""
"19/11/2022 11:00:00 - 19/11/2022 12:00:00","BZN|EE","Without Sequence","214.39","",""
"19/11/2022 12:00:00 - 19/11/2022 13:00:00","BZN|EE","Without Sequence","209.02","",""
"19/11/2022 13:00:00 - 19/11/2022 14:00:00","BZN|EE","Without Sequence","213.34","",""
"19/11/2022 14:00:00 - 19/11/2022 15:00:00","BZN|EE","Without Sequence","260.01","",""
"19/11/2022 15:00:00 - 19/11/2022 16:00:00","BZN|EE","Without Sequence","282.02","",""
"19/11/2022 16:00:00 - 19/11/2022 17:00:00","BZN|EE","Without Sequence","349.99","",""
"19/11/2022 17:00:00 - 19/11/2022 18:00:00","BZN|EE","Without Sequence","287.29","",""
"19/11/2022 18:00:00 - 19/11/2022 19:00:00","BZN|EE","Without Sequence","260.70","",""
"19/11/2022 19:00:00 - 19/11/2022 20:00:00","BZN|EE","Without Sequence","240.00","",""
"19/11/2022 20:00:00 - 19/11/2022 21:00:00","BZN|EE","Without Sequence","232.59","",""
"19/11/2022 21:00:00 - 19/11/2022 22:00:00","BZN|EE","Without Sequence","220.00","",""
"19/11/2022 22:00:00 - 19/11/2022 23:00:00","BZN|EE","Without Sequence","204.25","",""
"19/11/2022 23:00:00 - 20/11/2022 00:00:00","BZN|EE","Without Sequence","200.74","",""
"20/11/2022 00:00:00 - 20/11/2022 01:00:00","BZN|EE","Without Sequence","179.51","",""
"20/11/2022 01:00:00 - 20/11/2022 02:00:00","BZN|EE","Without Sequence","182.92","",""
"20/11/2022 02:00:00 - 20/11/2022 03:00:00","BZN|EE","Without Sequence","183.06","",""
"20/11/2022 03:00:00 - 20/11/2022 04:00:00","BZN|EE","Without Sequence","184.97","",""
"20/11/2022 04:00:00 - 20/11/2022 05:00:00","BZN|EE","Without Sequence","198.35","",""
"20/11/2022 05:00:00 - 20/11/2022 06:00:00","BZN|EE","Without Sequence","180.08","",""
"20/11/2022 06:00:00 - 20/11/2022 07:00:00","BZN|EE","Without Sequence","194.19","",""
"20/11/2022 07:00:00 - 20/11/2022 08:00:00","BZN|EE","Without Sequence","200.03","",""
"20/11/2022 08:00:00 - 20/11/2022 09:00:00","BZN|EE","Without Sequence","215.03","",""
"20/11/2022 09:00:00 - 20/11/2022 10:00:00","BZN|EE","Without Sequence","225.02","",""
"20/11/2022 10:00:00 - 20/11/2022 11:00:00","BZN|EE","Without Sequence","230.01","",""
"20/11/2022 11:00:00 - 20/11/2022 12:00:00","BZN|EE","Without Sequence","226.51","",""
"20/11/2022 12:00:00 - 20/11/2022 13:00:00","BZN|EE","Without Sequence","204.81","",""
"20/11/2022 13:00:00 - 20/11/2022 14:00:00","BZN|EE","Without Sequence","225.09","",""
"20/11/2022 14:00:00 - 20/11/2022 15:00:00","BZN|EE","Without Sequence","250.60","",""
"20/11/2022 15:00:00 - 20/11/2022 16:00:00","BZN|EE","Without Sequence","299.99","",""
"20/11/2022 16:00:00 - 20/11/2022 17:00:00","BZN|EE","Without Sequence","267.37","",""
"20/11/2022 17:00:00 - 20/11/2022 18:00:00","BZN|EE","Without Sequence","273.00","",""
"20/11/2022 18:00:00 - 20/11/2022 19:00:00","BZN|EE","Without Sequence","266.44","",""
"20/11/2022 19:00:00 - 20/11/2022 20:00:00","BZN|EE","Without Sequence","244.90","",""
"20/11/2022 20:00:00 - 20/11/2022 21:00:00","BZN|EE","Without Sequence","215.10","",""
"20/11/2022 21:00:00 - 20/11/2022 22:00:00","BZN|EE","Without Sequence","212.03","",""
"20/11/2022 22:00:00 - 20/11/2022 23:00:00","BZN|EE","Without Sequence","162.06","",""
"20/11/2022 23:00:00 - 21/11/2022 00:00:00","BZN|EE","Without Sequence","137.15","",""
"21/11/2022 00:00:00 - 21/11/2022 01:00:00","BZN|EE","Without Sequence","159.63","",""
"21/11/2022 01:00:00 - 21/11/2022 02:00:00","BZN|EE","Without Sequence","151.41","",""
"21/11/2022 02:00:00 - 21/11/2022 03:00:00","BZN|EE","Without Sequence","164.13","",""
"21/11/2022 03:00:00 - 21/11/2022 04:00:00","BZN|EE","Without Sequence","180.00","",""
"21/11/2022 04:00:00 - 21/11/2022 05:00:00","BZN|EE","Without Sequence","278.06","",""
"21/11/2022 05:00:00 - 21/11/2022 06:00:00","BZN|EE","Without Sequence","329.95","",""
"21/11/2022 06:00:00 - 21/11/2022 07:00:00","BZN|EE","Without Sequence","316.94","",""
"21/11/2022 07:00:00 - 21/11/2022 08:00:00","BZN|EE","Without Sequence","324.05","",""
"21/11/2022 08:00:00 - 21/11/2022 09:00:00","BZN|EE","Without Sequence","308.69","",""
"21/11/2022 09:00:00 - 21/11/2022 10:00:00","BZN|EE","Without Sequence","296.18","",""
"21/11/2022 10:00:00 - 21/11/2022 11:00:00","BZN|EE","Without Sequence","309.53","",""
"21/11/2022 11:00:00 - 21/11/2022 12:00:00","BZN|EE","Without Sequence","302.28","",""
"21/11/2022 12:00:00 - 21/11/2022 13:00:00","BZN|EE","Without Sequence","303.58","",""
"21/11/2022 13:00:00 - 21/11/2022 14:00:00","BZN|EE","Without Sequence","332.02","",""
"21/11/2022 14:00:00 - 21/11/2022 15:00:00","BZN|EE","Without Sequence","333.69","",""
"21/11/2022 15:00:00 - 21/11/2022 16:00:00","BZN|EE","Without Sequence","334.68","",""
"21/11/2022 16:00:00 - 21/11/2022 17:00:00","BZN|EE","Without Sequence","335.39","",""
"21/11/2022 17:00:00 - 21/11/2022 18:00:00","BZN|EE","Without Sequence","315.41","",""
"21/11/2022 18:00:00 - 21/11/2022 19:00:00","BZN|EE","Without Sequence","291.43","",""
"21/11/2022 19:00:00 - 21/11/2022 20:00:00","BZN|EE","Without Sequence","252.17","",""
"21/11/2022 20:00:00 - 21/11/2022 21:00:00","BZN|EE","Without Sequence","220.00","",""
"21/11/2022 21:00:00 - 21/11/2022 22:00:00","BZN|EE","Without Sequence","199.93","",""
"21/11/2022 22:00:00 - 21/11/2022 23:00:00","BZN|EE","Without Sequence","164.34","",""
"21/11/2022 23:00:00 - 22/11/2022 00:00:00","BZN|EE","Without Sequence","202.61","",""
"22/11/2022 00:00:00 - 22/11/2022 01:00:00","BZN|EE","Without Sequence","186.34","",""
"22/11/2022 01:00:00 - 22/11/2022 02:00:00","BZN|EE","Without Sequence","183.83","",""
"22/11/2022 02:00:00 - 22/11/2022 03:00:00","BZN|EE","Without Sequence","200.63","",""
"22/11/2022 03:00:00 - 22/11/2022 04:00:00","BZN|EE","Without Sequence","220.01","",""
"22/11/2022 04:00:00 - 22/11/2022 05:00:00","BZN|EE","Without Sequence","290.97","",""
"22/11/2022 05:00:00 - 22/11/2022 06:00:00","BZN|EE","Without Sequence","344.14","",""
"22/11/2022 06:00:00 - 22/11/2022 07:00:00","BZN|EE","Without Sequence","300.09","",""
"22/11/2022 07:00:00 - 22/11/2022 08:00:00","BZN|EE","Without Sequence","300.04","",""
"22/11/2022 08:00:00 - 22/11/2022 09:00:00","BZN|EE","Without Sequence","300.02","",""
"22/11/2022 09:00:00 - 22/11/2022 10:00:00","BZN|EE","Without Sequence","344.11","",""
"22/11/2022 10:00:00 - 22/11/2022 11:00:00","BZN|EE","Without Sequence","300.06","",""
"22/11/2022 11:00:00 - 22/11/2022 12:00:00","BZN|EE","Without Sequence","299.99","",""
"22/11/2022 12:00:00 - 22/11/2022 13:00:00","BZN|EE","Without Sequence","329.92","",""
"22/11/2022 13:00:00 - 22/11/2022 14:00:00","BZN|EE","Without Sequence","344.11","",""
"22/11/2022 14:00:00 - 22/11/2022 15:00:00","BZN|EE","Without Sequence","300.05","",""
"22/11/2022 15:00:00 - 22/11/2022 16:00:00","BZN|EE","Without Sequence","315.03","",""
"22/11/2022 16:00:00 - 22/11/2022 17:00:00","BZN|EE","Without Sequence","300.02","",""
"22/11/2022 17:00:00 - 22/11/2022 18:00:00","BZN|EE","Without Sequence","294.90","",""
"22/11/2022 18:00:00 - 22/11/2022 19:00:00","BZN|EE","Without Sequence","287.41","",""
"22/11/2022 19:00:00 - 22/11/2022 20:00:00","BZN|EE","Without Sequence","250.53","",""
"22/11/2022 20:00:00 - 22/11/2022 21:00:00","BZN|EE","Without Sequence","234.99","",""
"22/11/2022 21:00:00 - 22/11/2022 22:00:00","BZN|EE","Without Sequence","193.22","",""
"22/11/2022 22:00:00 - 22/11/2022 23:00:00","BZN|EE","Without Sequence","160.05","",""
"22/11/2022 23:00:00 - 23/11/2022 00:00:00","BZN|EE","Without Sequence","179.93","",""
"23/11/2022 00:00:00 - 23/11/2022 01:00:00","BZN|EE","Without Sequence","159.97","",""
"23/11/2022 01:00:00 - 23/11/2022 02:00:00","BZN|EE","Without Sequence","139.57","",""
"23/11/2022 02:00:00 - 23/11/2022 03:00:00","BZN|EE","Without Sequence","154.83","",""
"23/11/2022 03:00:00 - 23/11/2022 04:00:00","BZN|EE","Without Sequence","180.00","",""
"23/11/2022 04:00:00 - 23/11/2022 05:00:00","BZN|EE","Without Sequence","239.76","",""
"23/11/2022 05:00:00 - 23/11/2022 06:00:00","BZN|EE","Without Sequence","292.88","",""
"23/11/2022 06:00:00 - 23/11/2022 07:00:00","BZN|EE","Without Sequence","277.38","",""
"23/11/2022 07:00:00 - 23/11/2022 08:00:00","BZN|EE","Without Sequence","280.00","",""
"23/11/2022 08:00:00 - 23/11/2022 09:00:00","BZN|EE","Without Sequence","280.01","",""
"23/11/2022 09:00:00 - 23/11/2022 10:00:00","BZN|EE","Without Sequence","282.12","",""
"23/11/2022 10:00:00 - 23/11/2022 11:00:00","BZN|EE","Without Sequence","277.56","",""
"23/11/2022 11:00:00 - 23/11/2022 12:00:00","BZN|EE","Without Sequence","280.48","",""
"23/11/2022 12:00:00 - 23/11/2022 13:00:00","BZN|EE","Without Sequence","265.42","",""
"23/11/2022 13:00:00 - 23/11/2022 14:00:00","BZN|EE","Without Sequence","266.17","",""
"23/11/2022 14:00:00 - 23/11/2022 15:00:00","BZN|EE","Without Sequence","278.37","",""
"23/11/2022 15:00:00 - 23/11/2022 16:00:00","BZN|EE","Without Sequence","299.56","",""
"23/11/2022 16:00:00 - 23/11/2022 17:00:00","BZN|EE","Without Sequence","290.17","",""
"23/11/2022 17:00:00 - 23/11/2022 18:00:00","BZN|EE","Without Sequence","299.99","",""
"23/11/2022 18:00:00 - 23/11/2022 19:00:00","BZN|EE","Without Sequence","281.71","",""
"23/11/2022 19:00:00 - 23/11/2022 20:00:00","BZN|EE","Without Sequence","260.00","",""
"23/11/2022 20:00:00 - 23/11/2022 21:00:00","BZN|EE","Without Sequence","293.27","",""
"23/11/2022 21:00:00 - 23/11/2022 22:00:00","BZN|EE","Without Sequence","220.00","",""
"23/11/2022 22:00:00 - 23/11/2022 23:00:00","BZN|EE","Without Sequence","154.74","",""
"23/11/2022 23:00:00 - 24/11/2022 00:00:00","BZN|EE","Without Sequence","189.16","",""
"24/11/2022 00:00:00 - 24/11/2022 01:00:00","BZN|EE","Without Sequence","179.96","",""
"24/11/2022 01:00:00 - 24/11/2022 02:00:00","BZN|EE","Without Sequence","176.62","",""
"24/11/2022 02:00:00 - 24/11/2022 03:00:00","BZN|EE","Without Sequence","179.99","",""
"24/11/2022 03:00:00 - 24/11/2022 04:00:00","BZN|EE","Without Sequence","221.14","",""
"24/11/2022 04:00:00 - 24/11/2022 05:00:00","BZN|EE","Without Sequence","247.39","",""
"24/11/2022 05:00:00 - 24/11/2022 06:00:00","BZN|EE","Without Sequence","391.85","",""
"24/11/2022 06:00:00 - 24/11/2022 07:00:00","BZN|EE","Without Sequence","329.99","",""
"24/11/2022 07:00:00 - 24/11/2022 08:00:00","BZN|EE","Without Sequence","317.77","",""
"24/11/2022 08:00:00 - 24/11/2022 09:00:00","BZN|EE","Without Sequence","294.94","",""
"24/11/2022 09:00:00 - 24/11/2022 10:00:00","BZN|EE","Without Sequence","300.00","",""
"24/11/2022 10:00:00 - 24/11/2022 11:00:00","BZN|EE","Without Sequence","289.90","",""
"24/11/2022 11:00:00 - 24/11/2022 12:00:00","BZN|EE","Without Sequence","279.43","",""
"24/11/2022 12:00:00 - 24/11/2022 13:00:00","BZN|EE","Without Sequence","279.96","",""
"24/11/2022 13:00:00 - 24/11/2022 14:00:00","BZN|EE","Without Sequence","349.91","",""
"24/11/2022 14:00:00 - 24/11/2022 15:00:00","BZN|EE","Without Sequence","318.11","",""
"24/11/2022 15:00:00 - 24/11/2022 16:00:00","BZN|EE","Without Sequence","323.17","",""
"24/11/2022 16:00:00 - 24/11/2022 17:00:00","BZN|EE","Without Sequence","329.48","",""
"24/11/2022 17:00:00 - 24/11/2022 18:00:00","BZN|EE","Without Sequence","309.63","",""
"24/11/2022 18:00:00 - 24/11/2022 19:00:00","BZN|EE","Without Sequence","287.97","",""
"24/11/2022 19:00:00 - 24/11/2022 20:00:00","BZN|EE","Without Sequence","261.56","",""
"24/11/2022 20:00:00 - 24/11/2022 21:00:00","BZN|EE","Without Sequence","253.37","",""
"24/11/2022 21:00:00 - 24/11/2022 22:00:00","BZN|EE","Without Sequence","217.10","",""
"24/11/2022 22:00:00 - 24/11/2022 23:00:00","BZN|EE","Without Sequence","188.52","",""
"24/11/2022 23:00:00 - 25/11/2022 00:00:00","BZN|EE","Without Sequence","235.98","",""
"25/11/2022 00:00:00 - 25/11/2022 01:00:00","BZN|EE","Without Sequence","199.99","",""
"25/11/2022 01:00:00 - 25/11/2022 02:00:00","BZN|EE","Without Sequence","179.99","",""
"25/11/2022 02:00:00 - 25/11/2022 03:00:00","BZN|EE","Without Sequence","199.94","",""
"25/11/2022 03:00:00 - 25/11/2022 04:00:00","BZN|EE","Without Sequence","254.00","",""
"25/11/2022 04:00:00 - 25/11/2022 05:00:00","BZN|EE","Without Sequence","301.04","",""
"25/11/2022 05:00:00 - 25/11/2022 06:00:00","BZN|EE","Without Sequence","350.98","",""
"25/11/2022 06:00:00 - 25/11/2022 07:00:00","BZN|EE","Without Sequence","303.16","",""
"25/11/2022 07:00:00 - 25/11/2022 08:00:00","BZN|EE","Without Sequence","324.53","",""
"25/11/2022 08:00:00 - 25/11/2022 09:00:00","BZN|EE","Without Sequence","318.53","",""
"25/11/2022 09:00:00 - 25/11/2022 10:00:00","BZN|EE","Without Sequence","329.93","",""
"25/11/2022 10:00:00 - 25/11/2022 11:00:00","BZN|EE","Without Sequence","306.68","",""
"25/11/2022 11:00:00 - 25/11/2022 12:00:00","BZN|EE","Without Sequence","284.84","",""
"25/11/2022 12:00:00 - 25/11/2022 13:00:00","BZN|EE","Without Sequence","285.91","",""
"25/11/2022 13:00:00 - 25/11/2022 14:00:00","BZN|EE","Without Sequence","290.99","",""
"25/11/2022 14:00:00 - 25/11/2022 15:00:00","BZN|EE","Without Sequence","318.36","",""
"25/11/2022 15:00:00 - 25/11/2022 16:00:00","BZN|EE","Without Sequence","327.36","",""
"25/11/2022 16:00:00 - 25/11/2022 17:00:00","BZN|EE","Without Sequence","349.90","",""
"25/11/2022 17:00:00 - 25/11/2022 18:00:00","BZN|EE","Without Sequence","337.95","",""
"25/11/2022 18:00:00 - 25/11/2022 19:00:00","BZN|EE","Without Sequence","318.03","",""
"25/11/2022 19:00:00 - 25/11/2022 20:00:00","BZN|EE","Without Sequence","274.15","",""
"25/11/2022 20:00:00 - 25/11/2022 21:00:00","BZN|EE","Without Sequence","275.55","",""
"25/11/2022 21:00:00 - 25/11/2022 22:00:00","BZN|EE","Without Sequence","269.92","",""
"25/11/2022 22:00:00 - 25/11/2022 23:00:00","BZN|EE","Without Sequence","226.03","",""
"25/11/2022 23:00:00 - 26/11/2022 00:00:00","BZN|EE","Without Sequence","212.77","",""
"26/11/2022 00:00:00 - 26/11/2022 01:00:00","BZN|EE","Without Sequence","210.70","",""
"26/11/2022 01:00:00 - 26/11/2022 02:00:00","BZN|EE","Without Sequence","199.73","",""
"26/11/2022 02:00:00 - 26/11/2022 03:00:00","BZN|EE","Without Sequence","200.00","",""
"26/11/2022 03:00:00 - 26/11/2022 04:00:00","BZN|EE","Without Sequence","197.99","",""
"26/11/2022 04:00:00 - 26/11/2022 05:00:00","BZN|EE","Without Sequence","211.94","",""
"26/11/2022 05:00:00 - 26/11/2022 06:00:00","BZN|EE","Without Sequence","214.94","",""
"26/11/2022 06:00:00 - 26/11/2022 07:00:00","BZN|EE","Without Sequence","235.97","",""
"26/11/2022 07:00:00 - 26/11/2022 08:00:00","BZN|EE","Without Sequence","306.01","",""
"26/11/2022 08:00:00 - 26/11/2022 09:00:00","BZN|EE","Without Sequence","299.99","",""
"26/11/2022 09:00:00 - 26/11/2022 10:00:00","BZN|EE","Without Sequence","290.01","",""
"26/11/2022 10:00:00 - 26/11/2022 11:00:00","BZN|EE","Without Sequence","299.99","",""
"26/11/2022 11:00:00 - 26/11/2022 12:00:00","BZN|EE","Without Sequence","280.01","",""
"26/11/2022 12:00:00 - 26/11/2022 13:00:00","BZN|EE","Without Sequence","270.01","",""
"26/11/2022 13:00:00 - 26/11/2022 14:00:00","BZN|EE","Without Sequence","299.99","",""
"26/11/2022 14:00:00 - 26/11/2022 15:00:00","BZN|EE","Without Sequence","308.09","",""
"26/11/2022 15:00:00 - 26/11/2022 16:00:00","BZN|EE","Without Sequence","322.63","",""
"26/11/2022 16:00:00 - 26/11/2022 17:00:00","BZN|EE","Without Sequence","329.92","",""
"26/11/2022 17:00:00 - 26/11/2022 18:00:00","BZN|EE","Without Sequence","306.10","",""
"26/11/2022 18:00:00 - 26/11/2022 19:00:00","BZN|EE","Without Sequence","284.22","",""
"26/11/2022 19:00:00 - 26/11/2022 20:00:00","BZN|EE","Without Sequence","279.68","",""
"26/11/2022 20:00:00 - 26/11/2022 21:00:00","BZN|EE","Without Sequence","300.00","",""
"26/11/2022 21:00:00 - 26/11/2022 22:00:00","BZN|EE","Without Sequence","246.73","",""
"26/11/2022 22:00:00 - 26/11/2022 23:00:00","BZN|EE","Without Sequence","173.69","",""
"26/11/2022 23:00:00 - 27/11/2022 00:00:00","BZN|EE","Without Sequence","184.28","",""
"27/11/2022 00:00:00 - 27/11/2022 01:00:00","BZN|EE","Without Sequence","149.09","",""
"27/11/2022 01:00:00 - 27/11/2022 02:00:00","BZN|EE","Without Sequence","143.13","",""
"27/11/2022 02:00:00 - 27/11/2022 03:00:00","BZN|EE","Without Sequence","143.10","",""
"27/11/2022 03:00:00 - 27/11/2022 04:00:00","BZN|EE","Without Sequence","149.03","",""
"27/11/2022 04:00:00 - 27/11/2022 05:00:00","BZN|EE","Without Sequence","179.90","",""
"27/11/2022 05:00:00 - 27/11/2022 06:00:00","BZN|EE","Without Sequence","179.90","",""
"27/11/2022 06:00:00 - 27/11/2022 07:00:00","BZN|EE","Without Sequence","178.25","",""
"27/11/2022 07:00:00 - 27/11/2022 08:00:00","BZN|EE","Without Sequence","224.81","",""
"27/11/2022 08:00:00 - 27/11/2022 09:00:00","BZN|EE","Without Sequence","255.53","",""
"27/11/2022 09:00:00 - 27/11/2022 10:00:00","BZN|EE","Without Sequence","263.49","",""
"27/11/2022 10:00:00 - 27/11/2022 11:00:00","BZN|EE","Without Sequence","252.70","",""
"27/11/2022 11:00:00 - 27/11/2022 12:00:00","BZN|EE","Without Sequence","254.99","",""
"27/11/2022 12:00:00 - 27/11/2022 13:00:00","BZN|EE","Without Sequence","250.00","",""
"27/11/2022 13:00:00 - 27/11/2022 14:00:00","BZN|EE","Without Sequence","279.08","",""
"27/11/2022 14:00:00 - 27/11/2022 15:00:00","BZN|EE","Without Sequence","322.07","",""
"27/11/2022 15:00:00 - 27/11/2022 16:00:00","BZN|EE","Without Sequence","295.10","",""
"27/11/2022 16:00:00 - 27/11/2022 17:00:00","BZN|EE","Without Sequence","319.82","",""
"27/11/2022 17:00:00 - 27/11/2022 18:00:00","BZN|EE","Without Sequence","300.00","",""
"27/11/2022 18:00:00 - 27/11/2022 19:00:00","BZN|EE","Without Sequence","270.84","",""
"27/11/2022 19:00:00 - 27/11/2022 20:00:00","BZN|EE","Without Sequence","277.55","",""
"27/11/2022 20:00:00 - 27/11/2022 21:00:00","BZN|EE","Without Sequence","259.61","",""
"27/11/2022 21:00:00 - 27/11/2022 22:00:00","BZN|EE","Without Sequence","199.96","",""
"27/11/2022 22:00:00 - 27/11/2022 23:00:00","BZN|EE","Without Sequence","156.28","",""
"27/11/2022 23:00:00 - 28/11/2022 00:00:00","BZN|EE","Without Sequence","126.12","",""
"28/11/2022 00:00:00 - 28/11/2022 01:00:00","BZN|EE","Without Sequence","130.12","",""
"28/11/2022 01:00:00 - 28/11/2022 02:00:00","BZN|EE","Without Sequence","124.19","",""
"28/11/2022 02:00:00 - 28/11/2022 03:00:00","BZN|EE","Without Sequence","118.37","",""
"28/11/2022 03:00:00 - 28/11/2022 04:00:00","BZN|EE","Without Sequence","143.18","",""
"28/11/2022 04:00:00 - 28/11/2022 05:00:00","BZN|EE","Without Sequence","250.46","",""
"28/11/2022 05:00:00 - 28/11/2022 06:00:00","BZN|EE","Without Sequence","330.07","",""
"28/11/2022 06:00:00 - 28/11/2022 07:00:00","BZN|EE","Without Sequence","323.92","",""
"28/11/2022 07:00:00 - 28/11/2022 08:00:00","BZN|EE","Without Sequence","330.03","",""
"28/11/2022 08:00:00 - 28/11/2022 09:00:00","BZN|EE","Without Sequence","316.10","",""
"28/11/2022 09:00:00 - 28/11/2022 10:00:00","BZN|EE","Without Sequence","320.01","",""
"28/11/2022 10:00:00 - 28/11/2022 11:00:00","BZN|EE","Without Sequence","326.38","",""
"28/11/2022 11:00:00 - 28/11/2022 12:00:00","BZN|EE","Without Sequence","300.10","",""
"28/11/2022 12:00:00 - 28/11/2022 13:00:00","BZN|EE","Without Sequence","330.01","",""
"28/11/2022 13:00:00 - 28/11/2022 14:00:00","BZN|EE","Without Sequence","330.04","",""
"28/11/2022 14:00:00 - 28/11/2022 15:00:00","BZN|EE","Without Sequence","373.37","",""
"28/11/2022 15:00:00 - 28/11/2022 16:00:00","BZN|EE","Without Sequence","329.99","",""
"28/11/2022 16:00:00 - 28/11/2022 17:00:00","BZN|EE","Without Sequence","329.96","",""
"28/11/2022 17:00:00 - 28/11/2022 18:00:00","BZN|EE","Without Sequence","314.42","",""
"28/11/2022 18:00:00 - 28/11/2022 19:00:00","BZN|EE","Without Sequence","300.07","",""
"28/11/2022 19:00:00 - 28/11/2022 20:00:00","BZN|EE","Without Sequence","260.00","",""
"28/11/2022 20:00:00 - 28/11/2022 21:00:00","BZN|EE","Without Sequence","312.00","",""
"28/11/2022 21:00:00 - 28/11/2022 22:00:00","BZN|EE","Without Sequence","279.07","",""
"28/11/2022 22:00:00 - 28/11/2022 23:00:00","BZN|EE","Without Sequence","247.90","",""
"28/11/2022 23:00:00 - 29/11/2022 00:00:00","BZN|EE","Without Sequence","417.90","",""
"29/11/2022 00:00:00 - 29/11/2022 01:00:00","BZN|EE","Without Sequence","266.35","",""
"29/11/2022 01:00:00 - 29/11/2022 02:00:00","BZN|EE","Without Sequence","233.20","",""
"29/11/2022 02:00:00 - 29/11/2022 03:00:00","BZN|EE","Without Sequence","249.92","",""
"29/11/2022 03:00:00 - 29/11/2022 04:00:00","BZN|EE","Without Sequence","241.26","",""
"29/11/2022 04:00:00 - 29/11/2022 05:00:00","BZN|EE","Without Sequence","280.37","",""
"29/11/2022 05:00:00 - 29/11/2022 06:00:00","BZN|EE","Without Sequence","348.19","",""
"29/11/2022 06:00:00 - 29/11/2022 07:00:00","BZN|EE","Without Sequence","396.22","",""
"29/11/2022 07:00:00 - 29/11/2022 08:00:00","BZN|EE","Without Sequence","443.55","",""
"29/11/2022 08:00:00 - 29/11/2022 09:00:00","BZN|EE","Without Sequence","445.32","",""
"29/11/2022 09:00:00 - 29/11/2022 10:00:00","BZN|EE","Without Sequence","445.91","",""
"29/11/2022 10:00:00 - 29/11/2022 11:00:00","BZN|EE","Without Sequence","435.60","",""
"29/11/2022 11:00:00 - 29/11/2022 12:00:00","BZN|EE","Without Sequence","418.05","",""
"29/11/2022 12:00:00 - 29/11/2022 13:00:00","BZN|EE","Without Sequence","424.26","",""
"29/11/2022 13:00:00 - 29/11/2022 14:00:00","BZN|EE","Without Sequence","446.38","",""
"29/11/2022 14:00:00 - 29/11/2022 15:00:00","BZN|EE","Without Sequence","450.70","",""
"29/11/2022 15:00:00 - 29/11/2022 16:00:00","BZN|EE","Without Sequence","460.04","",""
"29/11/2022 16:00:00 - 29/11/2022 17:00:00","BZN|EE","Without Sequence","501.10","",""
"29/11/2022 17:00:00 - 29/11/2022 18:00:00","BZN|EE","Without Sequence","486.86","",""
"29/11/2022 18:00:00 - 29/11/2022 19:00:00","BZN|EE","Without Sequence","452.69","",""
"29/11/2022 19:00:00 - 29/11/2022 20:00:00","BZN|EE","Without Sequence","390.40","",""
"29/11/2022 20:00:00 - 29/11/2022 21:00:00","BZN|EE","Without Sequence","334.90","",""
"29/11/2022 21:00:00 - 29/11/2022 22:00:00","BZN|EE","Without Sequence","297.66","",""
"29/11/2022 22:00:00 - 29/11/2022 23:00:00","BZN|EE","Without Sequence","273.53","",""
"29/11/2022 23:00:00 - 30/11/2022 00:00:00","BZN|EE","Without Sequence","347.02","",""
"30/11/2022 00:00:00 - 30/11/2022 01:00:00","BZN|EE","Without Sequence","279.45","",""
"30/11/2022 01:00:00 - 30/11/2022 02:00:00","BZN|EE","Without Sequence","265.79","",""
"30/11/2022 02:00:00 - 30/11/2022 03:00:00","BZN|EE","Without Sequence","262.37","",""
"30/11/2022 03:00:00 - 30/11/2022 04:00:00","BZN|EE","Without Sequence","267.63","",""
"30/11/2022 04:00:00 - 30/11/2022 05:00:00","BZN|EE","Without Sequence","290.00","",""
"30/11/2022 05:00:00 - 30/11/2022 06:00:00","BZN|EE","Without Sequence","354.15","",""
"30/11/2022 06:00:00 - 30/11/2022 07:00:00","BZN|EE","Without Sequence","434.43","",""
"30/11/2022 07:00:00 - 30/11/2022 08:00:00","BZN|EE","Without Sequence","478.10","",""
"30/11/2022 08:00:00 - 30/11/2022 09:00:00","BZN|EE","Without Sequence","478.60","",""
"30/11/2022 09:00:00 - 30/11/2022 10:00:00","BZN|EE","Without Sequence","474.71","",""
"30/11/2022 10:00:00 - 30/11/2022 11:00:00","BZN|EE","Without Sequence","482.55","",""
"30/11/2022 11:00:00 - 30/11/2022 12:00:00","BZN|EE","Without Sequence","449.99","",""
"30/11/2022 12:00:00 - 30/11/2022 13:00:00","BZN|EE","Without Sequence","450.47","",""
"30/11/2022 13:00:00 - 30/11/2022 14:00:00","BZN|EE","Without Sequence","464.24","",""
"30/11/2022 14:00:00 - 30/11/2022 15:00:00","BZN|EE","Without Sequence","458.76","",""
"30/11/2022 15:00:00 - 30/11/2022 16:00:00","BZN|EE","Without Sequence","478.40","",""
"30/11/2022 16:00:00 - 30/11/2022 17:00:00","BZN|EE","Without Sequence","503.55","",""
"30/11/2022 17:00:00 - 30/11/2022 18:00:00","BZN|EE","Without Sequence","495.20","",""
"30/11/2022 18:00:00 - 30/11/2022 19:00:00","BZN|EE","Without Sequence","465.14","",""
"30/11/2022 19:00:00 - 30/11/2022 20:00:00","BZN|EE","Without Sequence","413.90","",""
"30/11/2022 20:00:00 - 30/11/2022 21:00:00","BZN|EE","Without Sequence","344.20","",""
"30/11/2022 21:00:00 - 30/11/2022 22:00:00","BZN|EE","Without Sequence","309.25","",""
"30/11/2022 22:00:00 - 30/11/2022 23:00:00","BZN|EE","Without Sequence","265.57","",""
"30/11/2022 23:00:00 - 01/12/2022 00:00:00","BZN|EE","Without Sequence","295.18","",""
"01/12/2022 00:00:00 - 01/12/2022 01:00:00","BZN|EE","Without Sequence","295.39","",""
"01/12/2022 01:00:00 - 01/12/2022 02:00:00","BZN|EE","Without Sequence","291.62","",""
"01/12/2022 02:00:00 - 01/12/2022 03:00:00","BZN|EE","Without Sequence","281.56","",""
"01/12/2022 03:00:00 - 01/12/2022 04:00:00","BZN|EE","Without Sequence","277.18","",""
"01/12/2022 04:00:00 - 01/12/2022 05:00:00","BZN|EE","Without Sequence","283.49","",""
"01/12/2022 05:00:00 - 01/12/2022 06:00:00","BZN|EE","Without Sequence","356.16","",""
"01/12/2022 06:00:00 - 01/12/2022 07:00:00","BZN|EE","Without Sequence","452.77","",""
"01/12/2022 07:00:00 - 01/12/2022 08:00:00","BZN|EE","Without Sequence","463.35","",""
"01/12/2022 08:00:00 - 01/12/2022 09:00:00","BZN|EE","Without Sequence","460.14","",""
"01/12/2022 09:00:00 - 01/12/2022 10:00:00","BZN|EE","Without Sequence","453.07","",""
"01/12/2022 10:00:00 - 01/12/2022 11:00:00","BZN|EE","Without Sequence","446.85","",""
"01/12/2022 11:00:00 - 01/12/2022 12:00:00","BZN|EE","Without Sequence","437.88","",""
"01/12/2022 12:00:00 - 01/12/2022 13:00:00","BZN|EE","Without Sequence","447.70","",""
"01/12/2022 13:00:00 - 01/12/2022 14:00:00","BZN|EE","Without Sequence","465.15","",""
"01/12/2022 14:00:00 - 01/12/2022 15:00:00","BZN|EE","Without Sequence","463.10","",""
"01/12/2022 15:00:00 - 01/12/2022 16:00:00","BZN|EE","Without Sequence","458.04","",""
"01/12/2022 16:00:00 - 01/12/2022 17:00:00","BZN|EE","Without Sequence","484.07","",""
"01/12/2022 17:00:00 - 01/12/2022 18:00:00","BZN|EE","Without Sequence","469.79","",""
"01/12/2022 18:00:00 - 01/12/2022 19:00:00","BZN|EE","Without Sequence","457.89","",""
"01/12/2022 19:00:00 - 01/12/2022 20:00:00","BZN|EE","Without Sequence","430.80","",""
"01/12/2022 20:00:00 - 01/12/2022 21:00:00","BZN|EE","Without Sequence","379.49","",""
"01/12/2022 21:00:00 - 01/12/2022 22:00:00","BZN|EE","Without Sequence","332.46","",""
"01/12/2022 22:00:00 - 01/12/2022 23:00:00","BZN|EE","Without Sequence","297.24","",""
"01/12/2022 23:00:00 - 02/12/2022 00:00:00","BZN|EE","Without Sequence","307.46","",""
"02/12/2022 00:00:00 - 02/12/2022 01:00:00","BZN|EE","Without Sequence","295.39","",""
"02/12/2022 01:00:00 - 02/12/2022 02:00:00","BZN|EE","Without Sequence","303.04","",""
"02/12/2022 02:00:00 - 02/12/2022 03:00:00","BZN|EE","Without Sequence","302.43","",""
"02/12/2022 03:00:00 - 02/12/2022 04:00:00","BZN|EE","Without Sequence","300.72","",""
"02/12/2022 04:00:00 - 02/12/2022 05:00:00","BZN|EE","Without Sequence","318.73","",""
"02/12/2022 05:00:00 - 02/12/2022 06:00:00","BZN|EE","Without Sequence","378.47","",""
"02/12/2022 06:00:00 - 02/12/2022 07:00:00","BZN|EE","Without Sequence","421.26","",""
"02/12/2022 07:00:00 - 02/12/2022 08:00:00","BZN|EE","Without Sequence","443.48","",""
"02/12/2022 08:00:00 - 02/12/2022 09:00:00","BZN|EE","Without Sequence","436.19","",""
"02/12/2022 09:00:00 - 02/12/2022 10:00:00","BZN|EE","Without Sequence","428.44","",""
"02/12/2022 10:00:00 - 02/12/2022 11:00:00","BZN|EE","Without Sequence","419.25","",""
"02/12/2022 11:00:00 - 02/12/2022 12:00:00","BZN|EE","Without Sequence","412.78","",""
"02/12/2022 12:00:00 - 02/12/2022 13:00:00","BZN|EE","Without Sequence","441.54","",""
"02/12/2022 13:00:00 - 02/12/2022 14:00:00","BZN|EE","Without Sequence","360.65","",""
"02/12/2022 14:00:00 - 02/12/2022 15:00:00","BZN|EE","Without Sequence","393.00","",""
"02/12/2022 15:00:00 - 02/12/2022 16:00:00","BZN|EE","Without Sequence","365.95","",""
"02/12/2022 16:00:00 - 02/12/2022 17:00:00","BZN|EE","Without Sequence","452.36","",""
"02/12/2022 17:00:00 - 02/12/2022 18:00:00","BZN|EE","Without Sequence","415.83","",""
"02/12/2022 18:00:00 - 02/12/2022 19:00:00","BZN|EE","Without Sequence","439.99","",""
"02/12/2022 19:00:00 - 02/12/2022 20:00:00","BZN|EE","Without Sequence","252.46","",""
"02/12/2022 20:00:00 - 02/12/2022 21:00:00","BZN|EE","Without Sequence","353.17","",""
"02/12/2022 21:00:00 - 02/12/2022 22:00:00","BZN|EE","Without Sequence","362.44","",""
"02/12/2022 22:00:00 - 02/12/2022 23:00:00","BZN|EE","Without Sequence","258.78","",""
"02/12/2022 23:00:00 - 03/12/2022 00:00:00","BZN|EE","Without Sequence","311.31","",""
"03/12/2022 00:00:00 - 03/12/2022 01:00:00","BZN|EE","Without Sequence","258.91","",""
"03/12/2022 01:00:00 - 03/12/2022 02:00:00","BZN|EE","Without Sequence","226.05","",""
"03/12/2022 02:00:00 - 03/12/2022 03:00:00","BZN|EE","Without Sequence","220.79","",""
"03/12/2022 03:00:00 - 03/12/2022 04:00:00","BZN|EE","Without Sequence","230.18","",""
"03/12/2022 04:00:00 - 03/12/2022 05:00:00","BZN|EE","Without Sequence","289.34","",""
"03/12/2022 05:00:00 - 03/12/2022 06:00:00","BZN|EE","Without Sequence","273.93","",""
"03/12/2022 06:00:00 - 03/12/2022 07:00:00","BZN|EE","Without Sequence","371.76","",""
"03/12/2022 07:00:00 - 03/12/2022 08:00:00","BZN|EE","Without Sequence","427.82","",""
"03/12/2022 08:00:00 - 03/12/2022 09:00:00","BZN|EE","Without Sequence","452.34","",""
"03/12/2022 09:00:00 - 03/12/2022 10:00:00","BZN|EE","Without Sequence","359.66","",""
"03/12/2022 10:00:00 - 03/12/2022 11:00:00","BZN|EE","Without Sequence","349.92","",""
"03/12/2022 11:00:00 - 03/12/2022 12:00:00","BZN|EE","Without Sequence","344.52","",""
"03/12/2022 12:00:00 - 03/12/2022 13:00:00","BZN|EE","Without Sequence","336.48","",""
"03/12/2022 13:00:00 - 03/12/2022 14:00:00","BZN|EE","Without Sequence","389.04","",""
"03/12/2022 14:00:00 - 03/12/2022 15:00:00","BZN|EE","Without Sequence","399.17","",""
"03/12/2022 15:00:00 - 03/12/2022 16:00:00","BZN|EE","Without Sequence","450.00","",""
"03/12/2022 16:00:00 - 03/12/2022 17:00:00","BZN|EE","Without Sequence","399.14","",""
"03/12/2022 17:00:00 - 03/12/2022 18:00:00","BZN|EE","Without Sequence","408.65","",""
"03/12/2022 18:00:00 - 03/12/2022 19:00:00","BZN|EE","Without Sequence","360.32","",""
"03/12/2022 19:00:00 - 03/12/2022 20:00:00","BZN|EE","Without Sequence","296.03","",""
"03/12/2022 20:00:00 - 03/12/2022 21:00:00","BZN|EE","Without Sequence","383.73","",""
"03/12/2022 21:00:00 - 03/12/2022 22:00:00","BZN|EE","Without Sequence","290.01","",""
"03/12/2022 22:00:00 - 03/12/2022 23:00:00","BZN|EE","Without Sequence","241.27","",""
"03/12/2022 23:00:00 - 04/12/2022 00:00:00","BZN|EE","Without Sequence","249.91","",""
"04/12/2022 00:00:00 - 04/12/2022 01:00:00","BZN|EE","Without Sequence","255.73","",""
"04/12/2022 01:00:00 - 04/12/2022 02:00:00","BZN|EE","Without Sequence","249.40","",""
"04/12/2022 02:00:00 - 04/12/2022 03:00:00","BZN|EE","Without Sequence","235.16","",""
"04/12/2022 03:00:00 - 04/12/2022 04:00:00","BZN|EE","Without Sequence","299.71","",""
"04/12/2022 04:00:00 - 04/12/2022 05:00:00","BZN|EE","Without Sequence","300.00","",""
"04/12/2022 05:00:00 - 04/12/2022 06:00:00","BZN|EE","Without Sequence","268.40","",""
"04/12/2022 06:00:00 - 04/12/2022 07:00:00","BZN|EE","Without Sequence","244.98","",""
"04/12/2022 07:00:00 - 04/12/2022 08:00:00","BZN|EE","Without Sequence","300.00","",""
"04/12/2022 08:00:00 - 04/12/2022 09:00:00","BZN|EE","Without Sequence","350.01","",""
"04/12/2022 09:00:00 - 04/12/2022 10:00:00","BZN|EE","Without Sequence","310.01","",""
"04/12/2022 10:00:00 - 04/12/2022 11:00:00","BZN|EE","Without Sequence","320.01","",""
"04/12/2022 11:00:00 - 04/12/2022 12:00:00","BZN|EE","Without Sequence","305.19","",""
"04/12/2022 12:00:00 - 04/12/2022 13:00:00","BZN|EE","Without Sequence","329.93","",""
"04/12/2022 13:00:00 - 04/12/2022 14:00:00","BZN|EE","Without Sequence","330.00","",""
"04/12/2022 14:00:00 - 04/12/2022 15:00:00","BZN|EE","Without Sequence","344.41","",""
"04/12/2022 15:00:00 - 04/12/2022 16:00:00","BZN|EE","Without Sequence","361.42","",""
"04/12/2022 16:00:00 - 04/12/2022 17:00:00","BZN|EE","Without Sequence","360.00","",""
"04/12/2022 17:00:00 - 04/12/2022 18:00:00","BZN|EE","Without Sequence","360.01","",""
"04/12/2022 18:00:00 - 04/12/2022 19:00:00","BZN|EE","Without Sequence","340.00","",""
"04/12/2022 19:00:00 - 04/12/2022 20:00:00","BZN|EE","Without Sequence","310.49","",""
"04/12/2022 20:00:00 - 04/12/2022 21:00:00","BZN|EE","Without Sequence","360.01","",""
"04/12/2022 21:00:00 - 04/12/2022 22:00:00","BZN|EE","Without Sequence","300.00","",""
"04/12/2022 22:00:00 - 04/12/2022 23:00:00","BZN|EE","Without Sequence","240.15","",""
"04/12/2022 23:00:00 - 05/12/2022 00:00:00","BZN|EE","Without Sequence","205.16","",""
"05/12/2022 00:00:00 - 05/12/2022 01:00:00","BZN|EE","Without Sequence","191.19","",""
"05/12/2022 01:00:00 - 05/12/2022 02:00:00","BZN|EE","Without Sequence","179.99","",""
"05/12/2022 02:00:00 - 05/12/2022 03:00:00","BZN|EE","Without Sequence","177.32","",""
"05/12/2022 03:00:00 - 05/12/2022 04:00:00","BZN|EE","Without Sequence","163.66","",""
"05/12/2022 04:00:00 - 05/12/2022 05:00:00","BZN|EE","Without Sequence","247.21","",""
"05/12/2022 05:00:00 - 05/12/2022 06:00:00","BZN|EE","Without Sequence","303.26","",""
"05/12/2022 06:00:00 - 05/12/2022 07:00:00","BZN|EE","Without Sequence","371.45","",""
"05/12/2022 07:00:00 - 05/12/2022 08:00:00","BZN|EE","Without Sequence","420.52","",""
"05/12/2022 08:00:00 - 05/12/2022 09:00:00","BZN|EE","Without Sequence","405.46","",""
"05/12/2022 09:00:00 - 05/12/2022 10:00:00","BZN|EE","Without Sequence","401.32","",""
"05/12/2022 10:00:00 - 05/12/2022 11:00:00","BZN|EE","Without Sequence","423.21","",""
"05/12/2022 11:00:00 - 05/12/2022 12:00:00","BZN|EE","Without Sequence","404.91","",""
"05/12/2022 12:00:00 - 05/12/2022 13:00:00","BZN|EE","Without Sequence","392.96","",""
"05/12/2022 13:00:00 - 05/12/2022 14:00:00","BZN|EE","Without Sequence","413.46","",""
"05/12/2022 14:00:00 - 05/12/2022 15:00:00","BZN|EE","Without Sequence","410.09","",""
"05/12/2022 15:00:00 - 05/12/2022 16:00:00","BZN|EE","Without Sequence","420.40","",""
"05/12/2022 16:00:00 - 05/12/2022 17:00:00","BZN|EE","Without Sequence","444.98","",""
"05/12/2022 17:00:00 - 05/12/2022 18:00:00","BZN|EE","Without Sequence","422.76","",""
"05/12/2022 18:00:00 - 05/12/2022 19:00:00","BZN|EE","Without Sequence","417.65","",""
"05/12/2022 19:00:00 - 05/12/2022 20:00:00","BZN|EE","Without Sequence","382.89","",""
"05/12/2022 20:00:00 - 05/12/2022 21:00:00","BZN|EE","Without Sequence","333.11","",""
"05/12/2022 21:00:00 - 05/12/2022 22:00:00","BZN|EE","Without Sequence","296.95","",""
"05/12/2022 22:00:00 - 05/12/2022 23:00:00","BZN|EE","Without Sequence","285.60","",""
"05/12/2022 23:00:00 - 06/12/2022 00:00:00","BZN|EE","Without Sequence","300.09","",""
"06/12/2022 00:00:00 - 06/12/2022 01:00:00","BZN|EE","Without Sequence","273.62","",""
"06/12/2022 01:00:00 - 06/12/2022 02:00:00","BZN|EE","Without Sequence","270.23","",""
"06/12/2022 02:00:00 - 06/12/2022 03:00:00","BZN|EE","Without Sequence","274.23","",""
"06/12/2022 03:00:00 - 06/12/2022 04:00:00","BZN|EE","Without Sequence","287.38","",""
"06/12/2022 04:00:00 - 06/12/2022 05:00:00","BZN|EE","Without Sequence","309.23","",""
"06/12/2022 05:00:00 - 06/12/2022 06:00:00","BZN|EE","Without Sequence","371.40","",""
"06/12/2022 06:00:00 - 06/12/2022 07:00:00","BZN|EE","Without Sequence","451.84","",""
"06/12/2022 07:00:00 - 06/12/2022 08:00:00","BZN|EE","Without Sequence","444.75","",""
"06/12/2022 08:00:00 - 06/12/2022 09:00:00","BZN|EE","Without Sequence","448.91","",""
"06/12/2022 09:00:00 - 06/12/2022 10:00:00","BZN|EE","Without Sequence","453.20","",""
"06/12/2022 10:00:00 - 06/12/2022 11:00:00","BZN|EE","Without Sequence","450.55","",""
"06/12/2022 11:00:00 - 06/12/2022 12:00:00","BZN|EE","Without Sequence","453.97","",""
"06/12/2022 12:00:00 - 06/12/2022 13:00:00","BZN|EE","Without Sequence","446.10","",""
"06/12/2022 13:00:00 - 06/12/2022 14:00:00","BZN|EE","Without Sequence","458.65","",""
"06/12/2022 14:00:00 - 06/12/2022 15:00:00","BZN|EE","Without Sequence","453.84","",""
"06/12/2022 15:00:00 - 06/12/2022 16:00:00","BZN|EE","Without Sequence","461.53","",""
"06/12/2022 16:00:00 - 06/12/2022 17:00:00","BZN|EE","Without Sequence","479.40","",""
"06/12/2022 17:00:00 - 06/12/2022 18:00:00","BZN|EE","Without Sequence","453.93","",""
"06/12/2022 18:00:00 - 06/12/2022 19:00:00","BZN|EE","Without Sequence","418.26","",""
"06/12/2022 19:00:00 - 06/12/2022 20:00:00","BZN|EE","Without Sequence","368.95","",""
"06/12/2022 20:00:00 - 06/12/2022 21:00:00","BZN|EE","Without Sequence","320.77","",""
"06/12/2022 21:00:00 - 06/12/2022 22:00:00","BZN|EE","Without Sequence","307.31","",""
"06/12/2022 22:00:00 - 06/12/2022 23:00:00","BZN|EE","Without Sequence","267.39","",""
"06/12/2022 23:00:00 - 07/12/2022 00:00:00","BZN|EE","Without Sequence","264.59","",""
"07/12/2022 00:00:00 - 07/12/2022 01:00:00","BZN|EE","Without Sequence","235.72","",""
"07/12/2022 01:00:00 - 07/12/2022 02:00:00","BZN|EE","Without Sequence","203.91","",""
"07/12/2022 02:00:00 - 07/12/2022 03:00:00","BZN|EE","Without Sequence","227.59","",""
"07/12/2022 03:00:00 - 07/12/2022 04:00:00","BZN|EE","Without Sequence","230.18","",""
"07/12/2022 04:00:00 - 07/12/2022 05:00:00","BZN|EE","Without Sequence","260.00","",""
"07/12/2022 05:00:00 - 07/12/2022 06:00:00","BZN|EE","Without Sequence","289.29","",""
"07/12/2022 06:00:00 - 07/12/2022 07:00:00","BZN|EE","Without Sequence","379.91","",""
"07/12/2022 07:00:00 - 07/12/2022 08:00:00","BZN|EE","Without Sequence","405.13","",""
"07/12/2022 08:00:00 - 07/12/2022 09:00:00","BZN|EE","Without Sequence","394.29","",""
"07/12/2022 09:00:00 - 07/12/2022 10:00:00","BZN|EE","Without Sequence","378.48","",""
"07/12/2022 10:00:00 - 07/12/2022 11:00:00","BZN|EE","Without Sequence","355.56","",""
"07/12/2022 11:00:00 - 07/12/2022 12:00:00","BZN|EE","Without Sequence","379.98","",""
"07/12/2022 12:00:00 - 07/12/2022 13:00:00","BZN|EE","Without Sequence","343.81","",""
"07/12/2022 13:00:00 - 07/12/2022 14:00:00","BZN|EE","Without Sequence","412.88","",""
"07/12/2022 14:00:00 - 07/12/2022 15:00:00","BZN|EE","Without Sequence","436.74","",""
"07/12/2022 15:00:00 - 07/12/2022 16:00:00","BZN|EE","Without Sequence","454.07","",""
"07/12/2022 16:00:00 - 07/12/2022 17:00:00","BZN|EE","Without Sequence","419.26","",""
"07/12/2022 17:00:00 - 07/12/2022 18:00:00","BZN|EE","Without Sequence","400.00","",""
"07/12/2022 18:00:00 - 07/12/2022 19:00:00","BZN|EE","Without Sequence","388.38","",""
"07/12/2022 19:00:00 - 07/12/2022 20:00:00","BZN|EE","Without Sequence","408.82","",""
"07/12/2022 20:00:00 - 07/12/2022 21:00:00","BZN|EE","Without Sequence","327.15","",""
"07/12/2022 21:00:00 - 07/12/2022 22:00:00","BZN|EE","Without Sequence","293.51","",""
"07/12/2022 22:00:00 - 07/12/2022 23:00:00","BZN|EE","Without Sequence","272.42","",""
"07/12/2022 23:00:00 - 08/12/2022 00:00:00","BZN|EE","Without Sequence","295.72","",""
"08/12/2022 00:00:00 - 08/12/2022 01:00:00","BZN|EE","Without Sequence","280.78","",""
"08/12/2022 01:00:00 - 08/12/2022 02:00:00","BZN|EE","Without Sequence","269.67","",""
"08/12/2022 02:00:00 - 08/12/2022 03:00:00","BZN|EE","Without Sequence","269.91","",""
"08/12/2022 03:00:00 - 08/12/2022 04:00:00","BZN|EE","Without Sequence","275.49","",""
"08/12/2022 04:00:00 - 08/12/2022 05:00:00","BZN|EE","Without Sequence","299.97","",""
"08/12/2022 05:00:00 - 08/12/2022 06:00:00","BZN|EE","Without Sequence","328.43","",""
"08/12/2022 06:00:00 - 08/12/2022 07:00:00","BZN|EE","Without Sequence","406.39","",""
"08/12/2022 07:00:00 - 08/12/2022 08:00:00","BZN|EE","Without Sequence","447.82","",""
"08/12/2022 08:00:00 - 08/12/2022 09:00:00","BZN|EE","Without Sequence","454.09","",""
"08/12/2022 09:00:00 - 08/12/2022 10:00:00","BZN|EE","Without Sequence","447.85","",""
"08/12/2022 10:00:00 - 08/12/2022 11:00:00","BZN|EE","Without Sequence","448.58","",""
"08/12/2022 11:00:00 - 08/12/2022 12:00:00","BZN|EE","Without Sequence","449.29","",""
"08/12/2022 12:00:00 - 08/12/2022 13:00:00","BZN|EE","Without Sequence","448.26","",""
"08/12/2022 13:00:00 - 08/12/2022 14:00:00","BZN|EE","Without Sequence","454.05","",""
"08/12/2022 14:00:00 - 08/12/2022 15:00:00","BZN|EE","Without Sequence","456.99","",""
"08/12/2022 15:00:00 - 08/12/2022 16:00:00","BZN|EE","Without Sequence","462.92","",""
"08/12/2022 16:00:00 - 08/12/2022 17:00:00","BZN|EE","Without Sequence","498.21","",""
"08/12/2022 17:00:00 - 08/12/2022 18:00:00","BZN|EE","Without Sequence","459.27","",""
"08/12/2022 18:00:00 - 08/12/2022 19:00:00","BZN|EE","Without Sequence","454.02","",""
"08/12/2022 19:00:00 - 08/12/2022 20:00:00","BZN|EE","Without Sequence","433.91","",""
"08/12/2022 20:00:00 - 08/12/2022 21:00:00","BZN|EE","Without Sequence","352.92","",""
"08/12/2022 21:00:00 - 08/12/2022 22:00:00","BZN|EE","Without Sequence","320.43","",""
"08/12/2022 22:00:00 - 08/12/2022 23:00:00","BZN|EE","Without Sequence","286.26","",""
"08/12/2022 23:00:00 - 09/12/2022 00:00:00","BZN|EE","Without Sequence","334.11","",""
"09/12/2022 00:00:00 - 09/12/2022 01:00:00","BZN|EE","Without Sequence","304.86","",""
"09/12/2022 01:00:00 - 09/12/2022 02:00:00","BZN|EE","Without Sequence","293.01","",""
"09/12/2022 02:00:00 - 09/12/2022 03:00:00","BZN|EE","Without Sequence","289.23","",""
"09/12/2022 03:00:00 - 09/12/2022 04:00:00","BZN|EE","Without Sequence","294.61","",""
"09/12/2022 04:00:00 - 09/12/2022 05:00:00","BZN|EE","Without Sequence","310.59","",""
"09/12/2022 05:00:00 - 09/12/2022 06:00:00","BZN|EE","Without Sequence","360.57","",""
"09/12/2022 06:00:00 - 09/12/2022 07:00:00","BZN|EE","Without Sequence","455.66","",""
"09/12/2022 07:00:00 - 09/12/2022 08:00:00","BZN|EE","Without Sequence","474.29","",""
"09/12/2022 08:00:00 - 09/12/2022 09:00:00","BZN|EE","Without Sequence","474.70","",""
"09/12/2022 09:00:00 - 09/12/2022 10:00:00","BZN|EE","Without Sequence","471.33","",""
"09/12/2022 10:00:00 - 09/12/2022 11:00:00","BZN|EE","Without Sequence","484.16","",""
"09/12/2022 11:00:00 - 09/12/2022 12:00:00","BZN|EE","Without Sequence","481.10","",""
"09/12/2022 12:00:00 - 09/12/2022 13:00:00","BZN|EE","Without Sequence","470.00","",""
"09/12/2022 13:00:00 - 09/12/2022 14:00:00","BZN|EE","Without Sequence","476.44","",""
"09/12/2022 14:00:00 - 09/12/2022 15:00:00","BZN|EE","Without Sequence","473.91","",""
"09/12/2022 15:00:00 - 09/12/2022 16:00:00","BZN|EE","Without Sequence","463.48","",""
"09/12/2022 16:00:00 - 09/12/2022 17:00:00","BZN|EE","Without Sequence","507.91","",""
"09/12/2022 17:00:00 - 09/12/2022 18:00:00","BZN|EE","Without Sequence","473.44","",""
"09/12/2022 18:00:00 - 09/12/2022 19:00:00","BZN|EE","Without Sequence","451.51","",""
"09/12/2022 19:00:00 - 09/12/2022 20:00:00","BZN|EE","Without Sequence","440.00","",""
"09/12/2022 20:00:00 - 09/12/2022 21:00:00","BZN|EE","Without Sequence","376.00","",""
"09/12/2022 21:00:00 - 09/12/2022 22:00:00","BZN|EE","Without Sequence","329.92","",""
"09/12/2022 22:00:00 - 09/12/2022 23:00:00","BZN|EE","Without Sequence","308.63","",""
"09/12/2022 23:00:00 - 10/12/2022 00:00:00","BZN|EE","Without Sequence","302.79","",""
"10/12/2022 00:00:00 - 10/12/2022 01:00:00","BZN|EE","Without Sequence","296.51","",""
"10/12/2022 01:00:00 - 10/12/2022 02:00:00","BZN|EE","Without Sequence","282.36","",""
"10/12/2022 02:00:00 - 10/12/2022 03:00:00","BZN|EE","Without Sequence","278.83","",""
"10/12/2022 03:00:00 - 10/12/2022 04:00:00","BZN|EE","Without Sequence","276.73","",""
"10/12/2022 04:00:00 - 10/12/2022 05:00:00","BZN|EE","Without Sequence","280.26","",""
"10/12/2022 05:00:00 - 10/12/2022 06:00:00","BZN|EE","Without Sequence","288.89","",""
"10/12/2022 06:00:00 - 10/12/2022 07:00:00","BZN|EE","Without Sequence","306.05","",""
"10/12/2022 07:00:00 - 10/12/2022 08:00:00","BZN|EE","Without Sequence","344.10","",""
"10/12/2022 08:00:00 - 10/12/2022 09:00:00","BZN|EE","Without Sequence","396.61","",""
"10/12/2022 09:00:00 - 10/12/2022 10:00:00","BZN|EE","Without Sequence","419.33","",""
"10/12/2022 10:00:00 - 10/12/2022 11:00:00","BZN|EE","Without Sequence","412.38","",""
"10/12/2022 11:00:00 - 10/12/2022 12:00:00","BZN|EE","Without Sequence","398.10","",""
"10/12/2022 12:00:00 - 10/12/2022 13:00:00","BZN|EE","Without Sequence","375.90","",""
"10/12/2022 13:00:00 - 10/12/2022 14:00:00","BZN|EE","Without Sequence","377.07","",""
"10/12/2022 14:00:00 - 10/12/2022 15:00:00","BZN|EE","Without Sequence","393.50","",""
"10/12/2022 15:00:00 - 10/12/2022 16:00:00","BZN|EE","Without Sequence","420.59","",""
"10/12/2022 16:00:00 - 10/12/2022 17:00:00","BZN|EE","Without Sequence","449.92","",""
"10/12/2022 17:00:00 - 10/12/2022 18:00:00","BZN|EE","Without Sequence","442.70","",""
"10/12/2022 18:00:00 - 10/12/2022 19:00:00","BZN|EE","Without Sequence","420.72","",""
"10/12/2022 19:00:00 - 10/12/2022 20:00:00","BZN|EE","Without Sequence","361.15","",""
"10/12/2022 20:00:00 - 10/12/2022 21:00:00","BZN|EE","Without Sequence","323.88","",""
"10/12/2022 21:00:00 - 10/12/2022 22:00:00","BZN|EE","Without Sequence","307.65","",""
"10/12/2022 22:00:00 - 10/12/2022 23:00:00","BZN|EE","Without Sequence","285.28","",""
"10/12/2022 23:00:00 - 11/12/2022 00:00:00","BZN|EE","Without Sequence","300.56","",""
"11/12/2022 00:00:00 - 11/12/2022 01:00:00","BZN|EE","Without Sequence","287.98","",""
"11/12/2022 01:00:00 - 11/12/2022 02:00:00","BZN|EE","Without Sequence","288.08","",""
"11/12/2022 02:00:00 - 11/12/2022 03:00:00","BZN|EE","Without Sequence","272.52","",""
"11/12/2022 03:00:00 - 11/12/2022 04:00:00","BZN|EE","Without Sequence","268.42","",""
"11/12/2022 04:00:00 - 11/12/2022 05:00:00","BZN|EE","Without Sequence","269.24","",""
"11/12/2022 05:00:00 - 11/12/2022 06:00:00","BZN|EE","Without Sequence","280.98","",""
"11/12/2022 06:00:00 - 11/12/2022 07:00:00","BZN|EE","Without Sequence","279.73","",""
"11/12/2022 07:00:00 - 11/12/2022 08:00:00","BZN|EE","Without Sequence","293.09","",""
"11/12/2022 08:00:00 - 11/12/2022 09:00:00","BZN|EE","Without Sequence","320.09","",""
"11/12/2022 09:00:00 - 11/12/2022 10:00:00","BZN|EE","Without Sequence","326.55","",""
"11/12/2022 10:00:00 - 11/12/2022 11:00:00","BZN|EE","Without Sequence","355.88","",""
"11/12/2022 11:00:00 - 11/12/2022 12:00:00","BZN|EE","Without Sequence","347.71","",""
"11/12/2022 12:00:00 - 11/12/2022 13:00:00","BZN|EE","Without Sequence","324.74","",""
"11/12/2022 13:00:00 - 11/12/2022 14:00:00","BZN|EE","Without Sequence","328.31","",""
"11/12/2022 14:00:00 - 11/12/2022 15:00:00","BZN|EE","Without Sequence","336.51","",""
"11/12/2022 15:00:00 - 11/12/2022 16:00:00","BZN|EE","Without Sequence","361.60","",""
"11/12/2022 16:00:00 - 11/12/2022 17:00:00","BZN|EE","Without Sequence","413.94","",""
"11/12/2022 17:00:00 - 11/12/2022 18:00:00","BZN|EE","Without Sequence","430.05","",""
"11/12/2022 18:00:00 - 11/12/2022 19:00:00","BZN|EE","Without Sequence","412.74","",""
"11/12/2022 19:00:00 - 11/12/2022 20:00:00","BZN|EE","Without Sequence","383.98","",""
"11/12/2022 20:00:00 - 11/12/2022 21:00:00","BZN|EE","Without Sequence","335.35","",""
"11/12/2022 21:00:00 - 11/12/2022 22:00:00","BZN|EE","Without Sequence","323.85","",""
"11/12/2022 22:00:00 - 11/12/2022 23:00:00","BZN|EE","Without Sequence","306.25","",""
"11/12/2022 23:00:00 - 12/12/2022 00:00:00","BZN|EE","Without Sequence","280.18","",""
"12/12/2022 00:00:00 - 12/12/2022 01:00:00","BZN|EE","Without Sequence","242.41","",""
"12/12/2022 01:00:00 - 12/12/2022 02:00:00","BZN|EE","Without Sequence","240.00","",""
"12/12/2022 02:00:00 - 12/12/2022 03:00:00","BZN|EE","Without Sequence","240.00","",""
"12/12/2022 03:00:00 - 12/12/2022 04:00:00","BZN|EE","Without Sequence","240.00","",""
"12/12/2022 04:00:00 - 12/12/2022 05:00:00","BZN|EE","Without Sequence","276.90","",""
"12/12/2022 05:00:00 - 12/12/2022 06:00:00","BZN|EE","Without Sequence","382.82","",""
"12/12/2022 06:00:00 - 12/12/2022 07:00:00","BZN|EE","Without Sequence","505.00","",""
"12/12/2022 07:00:00 - 12/12/2022 08:00:00","BZN|EE","Without Sequence","532.13","",""
"12/12/2022 08:00:00 - 12/12/2022 09:00:00","BZN|EE","Without Sequence","501.65","",""
"12/12/2022 09:00:00 - 12/12/2022 10:00:00","BZN|EE","Without Sequence","505.47","",""
"12/12/2022 10:00:00 - 12/12/2022 11:00:00","BZN|EE","Without Sequence","497.35","",""
"12/12/2022 11:00:00 - 12/12/2022 12:00:00","BZN|EE","Without Sequence","489.95","",""
"12/12/2022 12:00:00 - 12/12/2022 13:00:00","BZN|EE","Without Sequence","482.80","",""
"12/12/2022 13:00:00 - 12/12/2022 14:00:00","BZN|EE","Without Sequence","506.04","",""
"12/12/2022 14:00:00 - 12/12/2022 15:00:00","BZN|EE","Without Sequence","530.26","",""
"12/12/2022 15:00:00 - 12/12/2022 16:00:00","BZN|EE","Without Sequence","450.00","",""
"12/12/2022 16:00:00 - 12/12/2022 17:00:00","BZN|EE","Without Sequence","531.15","",""
"12/12/2022 17:00:00 - 12/12/2022 18:00:00","BZN|EE","Without Sequence","530.23","",""
"12/12/2022 18:00:00 - 12/12/2022 19:00:00","BZN|EE","Without Sequence","495.84","",""
"12/12/2022 19:00:00 - 12/12/2022 20:00:00","BZN|EE","Without Sequence","320.01","",""
"12/12/2022 20:00:00 - 12/12/2022 21:00:00","BZN|EE","Without Sequence","325.00","",""
"12/12/2022 21:00:00 - 12/12/2022 22:00:00","BZN|EE","Without Sequence","252.63","",""
"12/12/2022 22:00:00 - 12/12/2022 23:00:00","BZN|EE","Without Sequence","199.99","",""
"12/12/2022 23:00:00 - 13/12/2022 00:00:00","BZN|EE","Without Sequence","275.01","",""
"13/12/2022 00:00:00 - 13/12/2022 01:00:00","BZN|EE","Without Sequence","260.53","",""
"13/12/2022 01:00:00 - 13/12/2022 02:00:00","BZN|EE","Without Sequence","244.59","",""
"13/12/2022 02:00:00 - 13/12/2022 03:00:00","BZN|EE","Without Sequence","243.09","",""
"13/12/2022 03:00:00 - 13/12/2022 04:00:00","BZN|EE","Without Sequence","272.15","",""
"13/12/2022 04:00:00 - 13/12/2022 05:00:00","BZN|EE","Without Sequence","308.49","",""
"13/12/2022 05:00:00 - 13/12/2022 06:00:00","BZN|EE","Without Sequence","368.90","",""
"13/12/2022 06:00:00 - 13/12/2022 07:00:00","BZN|EE","Without Sequence","499.70","",""
"13/12/2022 07:00:00 - 13/12/2022 08:00:00","BZN|EE","Without Sequence","571.76","",""
"13/12/2022 08:00:00 - 13/12/2022 09:00:00","BZN|EE","Without Sequence","553.29","",""
"13/12/2022 09:00:00 - 13/12/2022 10:00:00","BZN|EE","Without Sequence","518.08","",""
"13/12/2022 10:00:00 - 13/12/2022 11:00:00","BZN|EE","Without Sequence","505.16","",""
"13/12/2022 11:00:00 - 13/12/2022 12:00:00","BZN|EE","Without Sequence","482.78","",""
"13/12/2022 12:00:00 - 13/12/2022 13:00:00","BZN|EE","Without Sequence","506.03","",""
"13/12/2022 13:00:00 - 13/12/2022 14:00:00","BZN|EE","Without Sequence","552.71","",""
"13/12/2022 14:00:00 - 13/12/2022 15:00:00","BZN|EE","Without Sequence","570.25","",""
"13/12/2022 15:00:00 - 13/12/2022 16:00:00","BZN|EE","Without Sequence","590.00","",""
"13/12/2022 16:00:00 - 13/12/2022 17:00:00","BZN|EE","Without Sequence","665.01","",""
"13/12/2022 17:00:00 - 13/12/2022 18:00:00","BZN|EE","Without Sequence","595.94","",""
"13/12/2022 18:00:00 - 13/12/2022 19:00:00","BZN|EE","Without Sequence","522.58","",""
"13/12/2022 19:00:00 - 13/12/2022 20:00:00","BZN|EE","Without Sequence","452.47","",""
"13/12/2022 20:00:00 - 13/12/2022 21:00:00","BZN|EE","Without Sequence","353.79","",""
"13/12/2022 21:00:00 - 13/12/2022 22:00:00","BZN|EE","Without Sequence","321.03","",""
"13/12/2022 22:00:00 - 13/12/2022 23:00:00","BZN|EE","Without Sequence","283.08","",""
"13/12/2022 23:00:00 - 14/12/2022 00:00:00","BZN|EE","Without Sequence","271.89","",""
"14/12/2022 00:00:00 - 14/12/2022 01:00:00","BZN|EE","Without Sequence","270.47","",""
"14/12/2022 01:00:00 - 14/12/2022 02:00:00","BZN|EE","Without Sequence","268.69","",""
"14/12/2022 02:00:00 - 14/12/2022 03:00:00","BZN|EE","Without Sequence","278.00","",""
"14/12/2022 03:00:00 - 14/12/2022 04:00:00","BZN|EE","Without Sequence","299.99","",""
"14/12/2022 04:00:00 - 14/12/2022 05:00:00","BZN|EE","Without Sequence","311.21","",""
"14/12/2022 05:00:00 - 14/12/2022 06:00:00","BZN|EE","Without Sequence","368.82","",""
"14/12/2022 06:00:00 - 14/12/2022 07:00:00","BZN|EE","Without Sequence","494.97","",""
"14/12/2022 07:00:00 - 14/12/2022 08:00:00","BZN|EE","Without Sequence","539.99","",""
"14/12/2022 08:00:00 - 14/12/2022 09:00:00","BZN|EE","Without Sequence","569.72","",""
"14/12/2022 09:00:00 - 14/12/2022 10:00:00","BZN|EE","Without Sequence","565.18","",""
"14/12/2022 10:00:00 - 14/12/2022 11:00:00","BZN|EE","Without Sequence","568.01","",""
"14/12/2022 11:00:00 - 14/12/2022 12:00:00","BZN|EE","Without Sequence","526.10","",""
"14/12/2022 12:00:00 - 14/12/2022 13:00:00","BZN|EE","Without Sequence","515.73","",""
"14/12/2022 13:00:00 - 14/12/2022 14:00:00","BZN|EE","Without Sequence","514.95","",""
"14/12/2022 14:00:00 - 14/12/2022 15:00:00","BZN|EE","Without Sequence","528.53","",""
"14/12/2022 15:00:00 - 14/12/2022 16:00:00","BZN|EE","Without Sequence","545.00","",""
"14/12/2022 16:00:00 - 14/12/2022 17:00:00","BZN|EE","Without Sequence","590.00","",""
"14/12/2022 17:00:00 - 14/12/2022 18:00:00","BZN|EE","Without Sequence","557.00","",""
"14/12/2022 18:00:00 - 14/12/2022 19:00:00","BZN|EE","Without Sequence","520.57","",""
"14/12/2022 19:00:00 - 14/12/2022 20:00:00","BZN|EE","Without Sequence","487.90","",""
"14/12/2022 20:00:00 - 14/12/2022 21:00:00","BZN|EE","Without Sequence","396.67","",""
"14/12/2022 21:00:00 - 14/12/2022 22:00:00","BZN|EE","Without Sequence","351.72","",""
"14/12/2022 22:00:00 - 14/12/2022 23:00:00","BZN|EE","Without Sequence","328.94","",""
"14/12/2022 23:00:00 - 15/12/2022 00:00:00","BZN|EE","Without Sequence","300.00","",""
"15/12/2022 00:00:00 - 15/12/2022 01:00:00","BZN|EE","Without Sequence","290.74","",""
"15/12/2022 01:00:00 - 15/12/2022 02:00:00","BZN|EE","Without Sequence","279.46","",""
"15/12/2022 02:00:00 - 15/12/2022 03:00:00","BZN|EE","Without Sequence","270.19","",""
"15/12/2022 03:00:00 - 15/12/2022 04:00:00","BZN|EE","Without Sequence","274.14","",""
"15/12/2022 04:00:00 - 15/12/2022 05:00:00","BZN|EE","Without Sequence","289.87","",""
"15/12/2022 05:00:00 - 15/12/2022 06:00:00","BZN|EE","Without Sequence","338.54","",""
"15/12/2022 06:00:00 - 15/12/2022 07:00:00","BZN|EE","Without Sequence","439.05","",""
"15/12/2022 07:00:00 - 15/12/2022 08:00:00","BZN|EE","Without Sequence","490.03","",""
"15/12/2022 08:00:00 - 15/12/2022 09:00:00","BZN|EE","Without Sequence","489.66","",""
"15/12/2022 09:00:00 - 15/12/2022 10:00:00","BZN|EE","Without Sequence","474.55","",""
"15/12/2022 10:00:00 - 15/12/2022 11:00:00","BZN|EE","Without Sequence","452.75","",""
"15/12/2022 11:00:00 - 15/12/2022 12:00:00","BZN|EE","Without Sequence","410.19","",""
"15/12/2022 12:00:00 - 15/12/2022 13:00:00","BZN|EE","Without Sequence","396.53","",""
"15/12/2022 13:00:00 - 15/12/2022 14:00:00","BZN|EE","Without Sequence","455.05","",""
"15/12/2022 14:00:00 - 15/12/2022 15:00:00","BZN|EE","Without Sequence","469.93","",""
"15/12/2022 15:00:00 - 15/12/2022 16:00:00","BZN|EE","Without Sequence","485.03","",""
"15/12/2022 16:00:00 - 15/12/2022 17:00:00","BZN|EE","Without Sequence","500.00","",""
"15/12/2022 17:00:00 - 15/12/2022 18:00:00","BZN|EE","Without Sequence","499.91","",""
"15/12/2022 18:00:00 - 15/12/2022 19:00:00","BZN|EE","Without Sequence","485.53","",""
"15/12/2022 19:00:00 - 15/12/2022 20:00:00","BZN|EE","Without Sequence","439.90","",""
"15/12/2022 20:00:00 - 15/12/2022 21:00:00","BZN|EE","Without Sequence","367.72","",""
"15/12/2022 21:00:00 - 15/12/2022 22:00:00","BZN|EE","Without Sequence","336.95","",""
"15/12/2022 22:00:00 - 15/12/2022 23:00:00","BZN|EE","Without Sequence","305.39","",""
"15/12/2022 23:00:00 - 16/12/2022 00:00:00","BZN|EE","Without Sequence","296.30","",""
"16/12/2022 00:00:00 - 16/12/2022 01:00:00","BZN|EE","Without Sequence","288.12","",""
"16/12/2022 01:00:00 - 16/12/2022 02:00:00","BZN|EE","Without Sequence","280.19","",""
"16/12/2022 02:00:00 - 16/12/2022 03:00:00","BZN|EE","Without Sequence","270.33","",""
"16/12/2022 03:00:00 - 16/12/2022 04:00:00","BZN|EE","Without Sequence","282.55","",""
"16/12/2022 04:00:00 - 16/12/2022 05:00:00","BZN|EE","Without Sequence","296.35","",""
"16/12/2022 05:00:00 - 16/12/2022 06:00:00","BZN|EE","Without Sequence","347.59","",""
"16/12/2022 06:00:00 - 16/12/2022 07:00:00","BZN|EE","Without Sequence","470.22","",""
"16/12/2022 07:00:00 - 16/12/2022 08:00:00","BZN|EE","Without Sequence","543.49","",""
"16/12/2022 08:00:00 - 16/12/2022 09:00:00","BZN|EE","Without Sequence","565.01","",""
"16/12/2022 09:00:00 - 16/12/2022 10:00:00","BZN|EE","Without Sequence","546.80","",""
"16/12/2022 10:00:00 - 16/12/2022 11:00:00","BZN|EE","Without Sequence","547.42","",""
"16/12/2022 11:00:00 - 16/12/2022 12:00:00","BZN|EE","Without Sequence","498.13","",""
"16/12/2022 12:00:00 - 16/12/2022 13:00:00","BZN|EE","Without Sequence","474.33","",""
"16/12/2022 13:00:00 - 16/12/2022 14:00:00","BZN|EE","Without Sequence","467.71","",""
"16/12/2022 14:00:00 - 16/12/2022 15:00:00","BZN|EE","Without Sequence","465.14","",""
"16/12/2022 15:00:00 - 16/12/2022 16:00:00","BZN|EE","Without Sequence","478.55","",""
"16/12/2022 16:00:00 - 16/12/2022 17:00:00","BZN|EE","Without Sequence","505.00","",""
"16/12/2022 17:00:00 - 16/12/2022 18:00:00","BZN|EE","Without Sequence","490.98","",""
"16/12/2022 18:00:00 - 16/12/2022 19:00:00","BZN|EE","Without Sequence","467.96","",""
"16/12/2022 19:00:00 - 16/12/2022 20:00:00","BZN|EE","Without Sequence","400.97","",""
"16/12/2022 20:00:00 - 16/12/2022 21:00:00","BZN|EE","Without Sequence","334.67","",""
"16/12/2022 21:00:00 - 16/12/2022 22:00:00","BZN|EE","Without Sequence","307.54","",""
"16/12/2022 22:00:00 - 16/12/2022 23:00:00","BZN|EE","Without Sequence","159.50","",""
"16/12/2022 23:00:00 - 17/12/2022 00:00:00","BZN|EE","Without Sequence","375.43","",""
"17/12/2022 00:00:00 - 17/12/2022 01:00:00","BZN|EE","Without Sequence","269.40","",""
"17/12/2022 01:00:00 - 17/12/2022 02:00:00","BZN|EE","Without Sequence","243.04","",""
"17/12/2022 02:00:00 - 17/12/2022 03:00:00","BZN|EE","Without Sequence","232.88","",""
"17/12/2022 03:00:00 - 17/12/2022 04:00:00","BZN|EE","Without Sequence","228.63","",""
"17/12/2022 04:00:00 - 17/12/2022 05:00:00","BZN|EE","Without Sequence","228.58","",""
"17/12/2022 05:00:00 - 17/12/2022 06:00:00","BZN|EE","Without Sequence","231.81","",""
"17/12/2022 06:00:00 - 17/12/2022 07:00:00","BZN|EE","Without Sequence","241.48","",""
"17/12/2022 07:00:00 - 17/12/2022 08:00:00","BZN|EE","Without Sequence","291.05","",""
"17/12/2022 08:00:00 - 17/12/2022 09:00:00","BZN|EE","Without Sequence","299.81","",""
"17/12/2022 09:00:00 - 17/12/2022 10:00:00","BZN|EE","Without Sequence","302.13","",""
"17/12/2022 10:00:00 - 17/12/2022 11:00:00","BZN|EE","Without Sequence","282.58","",""
"17/12/2022 11:00:00 - 17/12/2022 12:00:00","BZN|EE","Without Sequence","270.07","",""
"17/12/2022 12:00:00 - 17/12/2022 13:00:00","BZN|EE","Without Sequence","255.28","",""
"17/12/2022 13:00:00 - 17/12/2022 14:00:00","BZN|EE","Without Sequence","267.15","",""
"17/12/2022 14:00:00 - 17/12/2022 15:00:00","BZN|EE","Without Sequence","283.50","",""
"17/12/2022 15:00:00 - 17/12/2022 16:00:00","BZN|EE","Without Sequence","305.13","",""
"17/12/2022 16:00:00 - 17/12/2022 17:00:00","BZN|EE","Without Sequence","335.42","",""
"17/12/2022 17:00:00 - 17/12/2022 18:00:00","BZN|EE","Without Sequence","326.46","",""
"17/12/2022 18:00:00 - 17/12/2022 19:00:00","BZN|EE","Without Sequence","297.23","",""
"17/12/2022 19:00:00 - 17/12/2022 20:00:00","BZN|EE","Without Sequence","266.14","",""
"17/12/2022 20:00:00 - 17/12/2022 21:00:00","BZN|EE","Without Sequence","248.39","",""
"17/12/2022 21:00:00 - 17/12/2022 22:00:00","BZN|EE","Without Sequence","197.72","",""
"17/12/2022 22:00:00 - 17/12/2022 23:00:00","BZN|EE","Without Sequence","184.06","",""
"17/12/2022 23:00:00 - 18/12/2022 00:00:00","BZN|EE","Without Sequence","169.77","",""
"18/12/2022 00:00:00 - 18/12/2022 01:00:00","BZN|EE","Without Sequence","160.58","",""
"18/12/2022 01:00:00 - 18/12/2022 02:00:00","BZN|EE","Without Sequence","155.90","",""
"18/12/2022 02:00:00 - 18/12/2022 03:00:00","BZN|EE","Without Sequence","132.90","",""
"18/12/2022 03:00:00 - 18/12/2022 04:00:00","BZN|EE","Without Sequence","149.67","",""
"18/12/2022 04:00:00 - 18/12/2022 05:00:00","BZN|EE","Without Sequence","155.35","",""
"18/12/2022 05:00:00 - 18/12/2022 06:00:00","BZN|EE","Without Sequence","164.74","",""
"18/12/2022 06:00:00 - 18/12/2022 07:00:00","BZN|EE","Without Sequence","171.53","",""
"18/12/2022 07:00:00 - 18/12/2022 08:00:00","BZN|EE","Without Sequence","204.69","",""
"18/12/2022 08:00:00 - 18/12/2022 09:00:00","BZN|EE","Without Sequence","192.18","",""
"18/12/2022 09:00:00 - 18/12/2022 10:00:00","BZN|EE","Without Sequence","218.27","",""
"18/12/2022 10:00:00 - 18/12/2022 11:00:00","BZN|EE","Without Sequence","195.28","",""
"18/12/2022 11:00:00 - 18/12/2022 12:00:00","BZN|EE","Without Sequence","193.50","",""
"18/12/2022 12:00:00 - 18/12/2022 13:00:00","BZN|EE","Without Sequence","219.04","",""
"18/12/2022 13:00:00 - 18/12/2022 14:00:00","BZN|EE","Without Sequence","229.50","",""
"18/12/2022 14:00:00 - 18/12/2022 15:00:00","BZN|EE","Without Sequence","239.86","",""
"18/12/2022 15:00:00 - 18/12/2022 16:00:00","BZN|EE","Without Sequence","233.57","",""
"18/12/2022 16:00:00 - 18/12/2022 17:00:00","BZN|EE","Without Sequence","232.67","",""
"18/12/2022 17:00:00 - 18/12/2022 18:00:00","BZN|EE","Without Sequence","223.76","",""
"18/12/2022 18:00:00 - 18/12/2022 19:00:00","BZN|EE","Without Sequence","208.74","",""
"18/12/2022 19:00:00 - 18/12/2022 20:00:00","BZN|EE","Without Sequence","155.90","",""
"18/12/2022 20:00:00 - 18/12/2022 21:00:00","BZN|EE","Without Sequence","163.08","",""
"18/12/2022 21:00:00 - 18/12/2022 22:00:00","BZN|EE","Without Sequence","130.76","",""
"18/12/2022 22:00:00 - 18/12/2022 23:00:00","BZN|EE","Without Sequence","103.22","",""
"18/12/2022 23:00:00 - 19/12/2022 00:00:00","BZN|EE","Without Sequence","101.19","",""
"19/12/2022 00:00:00 - 19/12/2022 01:00:00","BZN|EE","Without Sequence","93.52","",""
"19/12/2022 01:00:00 - 19/12/2022 02:00:00","BZN|EE","Without Sequence","80.33","",""
"19/12/2022 02:00:00 - 19/12/2022 03:00:00","BZN|EE","Without Sequence","70.65","",""
"19/12/2022 03:00:00 - 19/12/2022 04:00:00","BZN|EE","Without Sequence","83.89","",""
"19/12/2022 04:00:00 - 19/12/2022 05:00:00","BZN|EE","Without Sequence","142.80","",""
"19/12/2022 05:00:00 - 19/12/2022 06:00:00","BZN|EE","Without Sequence","197.29","",""
"19/12/2022 06:00:00 - 19/12/2022 07:00:00","BZN|EE","Without Sequence","240.03","",""
"19/12/2022 07:00:00 - 19/12/2022 08:00:00","BZN|EE","Without Sequence","249.57","",""
"19/12/2022 08:00:00 - 19/12/2022 09:00:00","BZN|EE","Without Sequence","248.85","",""
"19/12/2022 09:00:00 - 19/12/2022 10:00:00","BZN|EE","Without Sequence","248.85","",""
"19/12/2022 10:00:00 - 19/12/2022 11:00:00","BZN|EE","Without Sequence","247.05","",""
"19/12/2022 11:00:00 - 19/12/2022 12:00:00","BZN|EE","Without Sequence","248.70","",""
"19/12/2022 12:00:00 - 19/12/2022 13:00:00","BZN|EE","Without Sequence","245.80","",""
"19/12/2022 13:00:00 - 19/12/2022 14:00:00","BZN|EE","Without Sequence","249.43","",""
"19/12/2022 14:00:00 - 19/12/2022 15:00:00","BZN|EE","Without Sequence","248.81","",""
"19/12/2022 15:00:00 - 19/12/2022 16:00:00","BZN|EE","Without Sequence","249.02","",""
"19/12/2022 16:00:00 - 19/12/2022 17:00:00","BZN|EE","Without Sequence","248.85","",""
"19/12/2022 17:00:00 - 19/12/2022 18:00:00","BZN|EE","Without Sequence","248.85","",""
"19/12/2022 18:00:00 - 19/12/2022 19:00:00","BZN|EE","Without Sequence","235.89","",""
"19/12/2022 19:00:00 - 19/12/2022 20:00:00","BZN|EE","Without Sequence","239.99","",""
"19/12/2022 20:00:00 - 19/12/2022 21:00:00","BZN|EE","Without Sequence","248.28","",""
"19/12/2022 21:00:00 - 19/12/2022 22:00:00","BZN|EE","Without Sequence","171.15","",""
"19/12/2022 22:00:00 - 19/12/2022 23:00:00","BZN|EE","Without Sequence","120.06","",""
"19/12/2022 23:00:00 - 20/12/2022 00:00:00","BZN|EE","Without Sequence","158.60","",""
"20/12/2022 00:00:00 - 20/12/2022 01:00:00","BZN|EE","Without Sequence","143.47","",""
"20/12/2022 01:00:00 - 20/12/2022 02:00:00","BZN|EE","Without Sequence","139.23","",""
"20/12/2022 02:00:00 - 20/12/2022 03:00:00","BZN|EE","Without Sequence","121.09","",""
"20/12/2022 03:00:00 - 20/12/2022 04:00:00","BZN|EE","Without Sequence","121.09","",""
"20/12/2022 04:00:00 - 20/12/2022 05:00:00","BZN|EE","Without Sequence","128.50","",""
"20/12/2022 05:00:00 - 20/12/2022 06:00:00","BZN|EE","Without Sequence","227.55","",""
"20/12/2022 06:00:00 - 20/12/2022 07:00:00","BZN|EE","Without Sequence","226.34","",""
"20/12/2022 07:00:00 - 20/12/2022 08:00:00","BZN|EE","Without Sequence","223.40","",""
"20/12/2022 08:00:00 - 20/12/2022 09:00:00","BZN|EE","Without Sequence","235.00","",""
"20/12/2022 09:00:00 - 20/12/2022 10:00:00","BZN|EE","Without Sequence","220.37","",""
"20/12/2022 10:00:00 - 20/12/2022 11:00:00","BZN|EE","Without Sequence","227.34","",""
"20/12/2022 11:00:00 - 20/12/2022 12:00:00","BZN|EE","Without Sequence","231.43","",""
"20/12/2022 12:00:00 - 20/12/2022 13:00:00","BZN|EE","Without Sequence","216.22","",""
"20/12/2022 13:00:00 - 20/12/2022 14:00:00","BZN|EE","Without Sequence","228.18","",""
"20/12/2022 14:00:00 - 20/12/2022 15:00:00","BZN|EE","Without Sequence","225.01","",""
"20/12/2022 15:00:00 - 20/12/2022 16:00:00","BZN|EE","Without Sequence","227.65","",""
"20/12/2022 16:00:00 - 20/12/2022 17:00:00","BZN|EE","Without Sequence","228.99","",""
"20/12/2022 17:00:00 - 20/12/2022 18:00:00","BZN|EE","Without Sequence","234.43","",""
"20/12/2022 18:00:00 - 20/12/2022 19:00:00","BZN|EE","Without Sequence","230.00","",""
"20/12/2022 19:00:00 - 20/12/2022 20:00:00","BZN|EE","Without Sequence","228.24","",""
"20/12/2022 20:00:00 - 20/12/2022 21:00:00","BZN|EE","Without Sequence","223.98","",""
"20/12/2022 21:00:00 - 20/12/2022 22:00:00","BZN|EE","Without Sequence","204.68","",""
"20/12/2022 22:00:00 - 20/12/2022 23:00:00","BZN|EE","Without Sequence","170.37","",""
"20/12/2022 23:00:00 - 21/12/2022 00:00:00","BZN|EE","Without Sequence","177.74","",""
"21/12/2022 00:00:00 - 21/12/2022 01:00:00","BZN|EE","Without Sequence","174.76","",""
"21/12/2022 01:00:00 - 21/12/2022 02:00:00","BZN|EE","Without Sequence","174.64","",""
"21/12/2022 02:00:00 - 21/12/2022 03:00:00","BZN|EE","Without Sequence","167.93","",""
"21/12/2022 03:00:00 - 21/12/2022 04:00:00","BZN|EE","Without Sequence","168.96","",""
"21/12/2022 04:00:00 - 21/12/2022 05:00:00","BZN|EE","Without Sequence","180.00","",""
"21/12/2022 05:00:00 - 21/12/2022 06:00:00","BZN|EE","Without Sequence","273.63","",""
"21/12/2022 06:00:00 - 21/12/2022 07:00:00","BZN|EE","Without Sequence","304.19","",""
"21/12/2022 07:00:00 - 21/12/2022 08:00:00","BZN|EE","Without Sequence","299.27","",""
"21/12/2022 08:00:00 - 21/12/2022 09:00:00","BZN|EE","Without Sequence","299.99","",""
"21/12/2022 09:00:00 - 21/12/2022 10:00:00","BZN|EE","Without Sequence","300.00","",""
"21/12/2022 10:00:00 - 21/12/2022 11:00:00","BZN|EE","Without Sequence","300.00","",""
"21/12/2022 11:00:00 - 21/12/2022 12:00:00","BZN|EE","Without Sequence","300.09","",""
"21/12/2022 12:00:00 - 21/12/2022 13:00:00","BZN|EE","Without Sequence","299.99","",""
"21/12/2022 13:00:00 - 21/12/2022 14:00:00","BZN|EE","Without Sequence","299.99","",""
"21/12/2022 14:00:00 - 21/12/2022 15:00:00","BZN|EE","Without Sequence","301.70","",""
"21/12/2022 15:00:00 - 21/12/2022 16:00:00","BZN|EE","Without Sequence","300.00","",""
"21/12/2022 16:00:00 - 21/12/2022 17:00:00","BZN|EE","Without Sequence","288.22","",""
"21/12/2022 17:00:00 - 21/12/2022 18:00:00","BZN|EE","Without Sequence","243.52","",""
"21/12/2022 18:00:00 - 21/12/2022 19:00:00","BZN|EE","Without Sequence","232.48","",""
"21/12/2022 19:00:00 - 21/12/2022 20:00:00","BZN|EE","Without Sequence","211.19","",""
"21/12/2022 20:00:00 - 21/12/2022 21:00:00","BZN|EE","Without Sequence","188.79","",""
"21/12/2022 21:00:00 - 21/12/2022 22:00:00","BZN|EE","Without Sequence","171.00","",""
"21/12/2022 22:00:00 - 21/12/2022 23:00:00","BZN|EE","Without Sequence","140.09","",""
"21/12/2022 23:00:00 - 22/12/2022 00:00:00","BZN|EE","Without Sequence","159.13","",""
"22/12/2022 00:00:00 - 22/12/2022 01:00:00","BZN|EE","Without Sequence","146.65","",""
"22/12/2022 01:00:00 - 22/12/2022 02:00:00","BZN|EE","Without Sequence","140.70","",""
"22/12/2022 02:00:00 - 22/12/2022 03:00:00","BZN|EE","Without Sequence","136.18","",""
"22/12/2022 03:00:00 - 22/12/2022 04:00:00","BZN|EE","Without Sequence","133.24","",""
"22/12/2022 04:00:00 - 22/12/2022 05:00:00","BZN|EE","Without Sequence","181.33","",""
"22/12/2022 05:00:00 - 22/12/2022 06:00:00","BZN|EE","Without Sequence","239.99","",""
"22/12/2022 06:00:00 - 22/12/2022 07:00:00","BZN|EE","Without Sequence","230.85","",""
"22/12/2022 07:00:00 - 22/12/2022 08:00:00","BZN|EE","Without Sequence","232.00","",""
"22/12/2022 08:00:00 - 22/12/2022 09:00:00","BZN|EE","Without Sequence","221.69","",""
"22/12/2022 09:00:00 - 22/12/2022 10:00:00","BZN|EE","Without Sequence","224.93","",""
"22/12/2022 10:00:00 - 22/12/2022 11:00:00","BZN|EE","Without Sequence","229.50","",""
"22/12/2022 11:00:00 - 22/12/2022 12:00:00","BZN|EE","Without Sequence","226.06","",""
"22/12/2022 12:00:00 - 22/12/2022 13:00:00","BZN|EE","Without Sequence","223.54","",""
"22/12/2022 13:00:00 - 22/12/2022 14:00:00","BZN|EE","Without Sequence","224.13","",""
"22/12/2022 14:00:00 - 22/12/2022 15:00:00","BZN|EE","Without Sequence","220.07","",""
"22/12/2022 15:00:00 - 22/12/2022 16:00:00","BZN|EE","Without Sequence","226.21","",""
"22/12/2022 16:00:00 - 22/12/2022 17:00:00","BZN|EE","Without Sequence","215.08","",""
"22/12/2022 17:00:00 - 22/12/2022 18:00:00","BZN|EE","Without Sequence","229.77","",""
"22/12/2022 18:00:00 - 22/12/2022 19:00:00","BZN|EE","Without Sequence","222.01","",""
"22/12/2022 19:00:00 - 22/12/2022 20:00:00","BZN|EE","Without Sequence","202.41","",""
"22/12/2022 20:00:00 - 22/12/2022 21:00:00","BZN|EE","Without Sequence","184.42","",""
"22/12/2022 21:00:00 - 22/12/2022 22:00:00","BZN|EE","Without Sequence","171.91","",""
"22/12/2022 22:00:00 - 22/12/2022 23:00:00","BZN|EE","Without Sequence","130.01","",""
"22/12/2022 23:00:00 - 23/12/2022 00:00:00","BZN|EE","Without Sequence","149.80","",""
"23/12/2022 00:00:00 - 23/12/2022 01:00:00","BZN|EE","Without Sequence","148.72","",""
"23/12/2022 01:00:00 - 23/12/2022 02:00:00","BZN|EE","Without Sequence","146.39","",""
"23/12/2022 02:00:00 - 23/12/2022 03:00:00","BZN|EE","Without Sequence","137.87","",""
"23/12/2022 03:00:00 - 23/12/2022 04:00:00","BZN|EE","Without Sequence","141.00","",""
"23/12/2022 04:00:00 - 23/12/2022 05:00:00","BZN|EE","Without Sequence","169.57","",""
"23/12/2022 05:00:00 - 23/12/2022 06:00:00","BZN|EE","Without Sequence","215.85","",""
"23/12/2022 06:00:00 - 23/12/2022 07:00:00","BZN|EE","Without Sequence","263.34","",""
"23/12/2022 07:00:00 - 23/12/2022 08:00:00","BZN|EE","Without Sequence","240.00","",""
"23/12/2022 08:00:00 - 23/12/2022 09:00:00","BZN|EE","Without Sequence","239.99","",""
"23/12/2022 09:00:00 - 23/12/2022 10:00:00","BZN|EE","Without Sequence","225.09","",""
"23/12/2022 10:00:00 - 23/12/2022 11:00:00","BZN|EE","Without Sequence","239.99","",""
"23/12/2022 11:00:00 - 23/12/2022 12:00:00","BZN|EE","Without Sequence","222.83","",""
"23/12/2022 12:00:00 - 23/12/2022 13:00:00","BZN|EE","Without Sequence","226.00","",""
"23/12/2022 13:00:00 - 23/12/2022 14:00:00","BZN|EE","Without Sequence","223.90","",""
"23/12/2022 14:00:00 - 23/12/2022 15:00:00","BZN|EE","Without Sequence","217.61","",""
"23/12/2022 15:00:00 - 23/12/2022 16:00:00","BZN|EE","Without Sequence","222.06","",""
"23/12/2022 16:00:00 - 23/12/2022 17:00:00","BZN|EE","Without Sequence","214.02","",""
"23/12/2022 17:00:00 - 23/12/2022 18:00:00","BZN|EE","Without Sequence","209.93","",""
"23/12/2022 18:00:00 - 23/12/2022 19:00:00","BZN|EE","Without Sequence","198.44","",""
"23/12/2022 19:00:00 - 23/12/2022 20:00:00","BZN|EE","Without Sequence","181.34","",""
"23/12/2022 20:00:00 - 23/12/2022 21:00:00","BZN|EE","Without Sequence","155.74","",""
"23/12/2022 21:00:00 - 23/12/2022 22:00:00","BZN|EE","Without Sequence","148.74","",""
"23/12/2022 22:00:00 - 23/12/2022 23:00:00","BZN|EE","Without Sequence","119.90","",""
"23/12/2022 23:00:00 - 24/12/2022 00:00:00","BZN|EE","Without Sequence","81.20","",""
"24/12/2022 00:00:00 - 24/12/2022 01:00:00","BZN|EE","Without Sequence","50.40","",""
"24/12/2022 01:00:00 - 24/12/2022 02:00:00","BZN|EE","Without Sequence","50.00","",""
"24/12/2022 02:00:00 - 24/12/2022 03:00:00","BZN|EE","Without Sequence","33.32","",""
"24/12/2022 03:00:00 - 24/12/2022 04:00:00","BZN|EE","Without Sequence","50.06","",""
"24/12/2022 04:00:00 - 24/12/2022 05:00:00","BZN|EE","Without Sequence","48.48","",""
"24/12/2022 05:00:00 - 24/12/2022 06:00:00","BZN|EE","Without Sequence","57.53","",""
"24/12/2022 06:00:00 - 24/12/2022 07:00:00","BZN|EE","Without Sequence","98.20","",""
"24/12/2022 07:00:00 - 24/12/2022 08:00:00","BZN|EE","Without Sequence","122.20","",""
"24/12/2022 08:00:00 - 24/12/2022 09:00:00","BZN|EE","Without Sequence","145.87","",""
"24/12/2022 09:00:00 - 24/12/2022 10:00:00","BZN|EE","Without Sequence","153.00","",""
"24/12/2022 10:00:00 - 24/12/2022 11:00:00","BZN|EE","Without Sequence","155.62","",""
"24/12/2022 11:00:00 - 24/12/2022 12:00:00","BZN|EE","Without Sequence","150.99","",""
"24/12/2022 12:00:00 - 24/12/2022 13:00:00","BZN|EE","Without Sequence","148.27","",""
"24/12/2022 13:00:00 - 24/12/2022 14:00:00","BZN|EE","Without Sequence","151.10","",""
"24/12/2022 14:00:00 - 24/12/2022 15:00:00","BZN|EE","Without Sequence","160.33","",""
"24/12/2022 15:00:00 - 24/12/2022 16:00:00","BZN|EE","Without Sequence","163.05","",""
"24/12/2022 16:00:00 - 24/12/2022 17:00:00","BZN|EE","Without Sequence","166.40","",""
"24/12/2022 17:00:00 - 24/12/2022 18:00:00","BZN|EE","Without Sequence","149.45","",""
"24/12/2022 18:00:00 - 24/12/2022 19:00:00","BZN|EE","Without Sequence","138.55","",""
"24/12/2022 19:00:00 - 24/12/2022 20:00:00","BZN|EE","Without Sequence","129.67","",""
"24/12/2022 20:00:00 - 24/12/2022 21:00:00","BZN|EE","Without Sequence","120.00","",""
"24/12/2022 21:00:00 - 24/12/2022 22:00:00","BZN|EE","Without Sequence","116.70","",""
"24/12/2022 22:00:00 - 24/12/2022 23:00:00","BZN|EE","Without Sequence","110.78","",""
"24/12/2022 23:00:00 - 25/12/2022 00:00:00","BZN|EE","Without Sequence","120.28","",""
"25/12/2022 00:00:00 - 25/12/2022 01:00:00","BZN|EE","Without Sequence","112.11","",""
"25/12/2022 01:00:00 - 25/12/2022 02:00:00","BZN|EE","Without Sequence","106.65","",""
"25/12/2022 02:00:00 - 25/12/2022 03:00:00","BZN|EE","Without Sequence","90.84","",""
"25/12/2022 03:00:00 - 25/12/2022 04:00:00","BZN|EE","Without Sequence","85.70","",""
"25/12/2022 04:00:00 - 25/12/2022 05:00:00","BZN|EE","Without Sequence","85.65","",""
"25/12/2022 05:00:00 - 25/12/2022 06:00:00","BZN|EE","Without Sequence","85.64","",""
"25/12/2022 06:00:00 - 25/12/2022 07:00:00","BZN|EE","Without Sequence","92.70","",""
"25/12/2022 07:00:00 - 25/12/2022 08:00:00","BZN|EE","Without Sequence","110.10","",""
"25/12/2022 08:00:00 - 25/12/2022 09:00:00","BZN|EE","Without Sequence","113.28","",""
"25/12/2022 09:00:00 - 25/12/2022 10:00:00","BZN|EE","Without Sequence","120.16","",""
"25/12/2022 10:00:00 - 25/12/2022 11:00:00","BZN|EE","Without Sequence","121.38","",""
"25/12/2022 11:00:00 - 25/12/2022 12:00:00","BZN|EE","Without Sequence","101.24","",""
"25/12/2022 12:00:00 - 25/12/2022 13:00:00","BZN|EE","Without Sequence","95.60","",""
"25/12/2022 13:00:00 - 25/12/2022 14:00:00","BZN|EE","Without Sequence","92.94","",""
"25/12/2022 14:00:00 - 25/12/2022 15:00:00","BZN|EE","Without Sequence","110.08","",""
"25/12/2022 15:00:00 - 25/12/2022 16:00:00","BZN|EE","Without Sequence","113.09","",""
"25/12/2022 16:00:00 - 25/12/2022 17:00:00","BZN|EE","Without Sequence","131.10","",""
"25/12/2022 17:00:00 - 25/12/2022 18:00:00","BZN|EE","Without Sequence","121.62","",""
"25/12/2022 18:00:00 - 25/12/2022 19:00:00","BZN|EE","Without Sequence","109.42","",""
"25/12/2022 19:00:00 - 25/12/2022 20:00:00","BZN|EE","Without Sequence","118.69","",""
"25/12/2022 20:00:00 - 25/12/2022 21:00:00","BZN|EE","Without Sequence","106.92","",""
"25/12/2022 21:00:00 - 25/12/2022 22:00:00","BZN|EE","Without Sequence","102.36","",""
"25/12/2022 22:00:00 - 25/12/2022 23:00:00","BZN|EE","Without Sequence","32.11","",""
"25/12/2022 23:00:00 - 26/12/2022 00:00:00","BZN|EE","Without Sequence","28.48","",""
"26/12/2022 00:00:00 - 26/12/2022 01:00:00","BZN|EE","Without Sequence","29.59","",""
"26/12/2022 01:00:00 - 26/12/2022 02:00:00","BZN|EE","Without Sequence","26.37","",""
"26/12/2022 02:00:00 - 26/12/2022 03:00:00","BZN|EE","Without Sequence","21.30","",""
"26/12/2022 03:00:00 - 26/12/2022 04:00:00","BZN|EE","Without Sequence","17.90","",""
"26/12/2022 04:00:00 - 26/12/2022 05:00:00","BZN|EE","Without Sequence","16.33","",""
"26/12/2022 05:00:00 - 26/12/2022 06:00:00","BZN|EE","Without Sequence","18.11","",""
"26/12/2022 06:00:00 - 26/12/2022 07:00:00","BZN|EE","Without Sequence","23.29","",""
"26/12/2022 07:00:00 - 26/12/2022 08:00:00","BZN|EE","Without Sequence","38.68","",""
"26/12/2022 08:00:00 - 26/12/2022 09:00:00","BZN|EE","Without Sequence","53.57","",""
"26/12/2022 09:00:00 - 26/12/2022 10:00:00","BZN|EE","Without Sequence","59.30","",""
"26/12/2022 10:00:00 - 26/12/2022 11:00:00","BZN|EE","Without Sequence","59.00","",""
"26/12/2022 11:00:00 - 26/12/2022 12:00:00","BZN|EE","Without Sequence","54.90","",""
"26/12/2022 12:00:00 - 26/12/2022 13:00:00","BZN|EE","Without Sequence","29.99","",""
"26/12/2022 13:00:00 - 26/12/2022 14:00:00","BZN|EE","Without Sequence","32.64","",""
"26/12/2022 14:00:00 - 26/12/2022 15:00:00","BZN|EE","Without Sequence","33.99","",""
"26/12/2022 15:00:00 - 26/12/2022 16:00:00","BZN|EE","Without Sequence","98.38","",""
"26/12/2022 16:00:00 - 26/12/2022 17:00:00","BZN|EE","Without Sequence","66.95","",""
"26/12/2022 17:00:00 - 26/12/2022 18:00:00","BZN|EE","Without Sequence","72.90","",""
"26/12/2022 18:00:00 - 26/12/2022 19:00:00","BZN|EE","Without Sequence","56.07","",""
"26/12/2022 19:00:00 - 26/12/2022 20:00:00","BZN|EE","Without Sequence","65.94","",""
"26/12/2022 20:00:00 - 26/12/2022 21:00:00","BZN|EE","Without Sequence","44.04","",""
"26/12/2022 21:00:00 - 26/12/2022 22:00:00","BZN|EE","Without Sequence","29.68","",""
"26/12/2022 22:00:00 - 26/12/2022 23:00:00","BZN|EE","Without Sequence","19.48","",""
"26/12/2022 23:00:00 - 27/12/2022 00:00:00","BZN|EE","Without Sequence","19.94","",""
"27/12/2022 00:00:00 - 27/12/2022 01:00:00","BZN|EE","Without Sequence","9.98","",""
"27/12/2022 01:00:00 - 27/12/2022 02:00:00","BZN|EE","Without Sequence","5.69","",""
"27/12/2022 02:00:00 - 27/12/2022 03:00:00","BZN|EE","Without Sequence","5.00","",""
"27/12/2022 03:00:00 - 27/12/2022 04:00:00","BZN|EE","Without Sequence","11.46","",""
"27/12/2022 04:00:00 - 27/12/2022 05:00:00","BZN|EE","Without Sequence","19.59","",""
"27/12/2022 05:00:00 - 27/12/2022 06:00:00","BZN|EE","Without Sequence","30.42","",""
"27/12/2022 06:00:00 - 27/12/2022 07:00:00","BZN|EE","Without Sequence","84.12","",""
"27/12/2022 07:00:00 - 27/12/2022 08:00:00","BZN|EE","Without Sequence","130.06","",""
"27/12/2022 08:00:00 - 27/12/2022 09:00:00","BZN|EE","Without Sequence","130.09","",""
"27/12/2022 09:00:00 - 27/12/2022 10:00:00","BZN|EE","Without Sequence","130.09","",""
"27/12/2022 10:00:00 - 27/12/2022 11:00:00","BZN|EE","Without Sequence","130.08","",""
"27/12/2022 11:00:00 - 27/12/2022 12:00:00","BZN|EE","Without Sequence","160.01","",""
"27/12/2022 12:00:00 - 27/12/2022 13:00:00","BZN|EE","Without Sequence","132.41","",""
"27/12/2022 13:00:00 - 27/12/2022 14:00:00","BZN|EE","Without Sequence","139.08","",""
"27/12/2022 14:00:00 - 27/12/2022 15:00:00","BZN|EE","Without Sequence","148.85","",""
"27/12/2022 15:00:00 - 27/12/2022 16:00:00","BZN|EE","Without Sequence","147.81","",""
"27/12/2022 16:00:00 - 27/12/2022 17:00:00","BZN|EE","Without Sequence","158.69","",""
"27/12/2022 17:00:00 - 27/12/2022 18:00:00","BZN|EE","Without Sequence","164.69","",""
"27/12/2022 18:00:00 - 27/12/2022 19:00:00","BZN|EE","Without Sequence","156.71","",""
"27/12/2022 19:00:00 - 27/12/2022 20:00:00","BZN|EE","Without Sequence","147.56","",""
"27/12/2022 20:00:00 - 27/12/2022 21:00:00","BZN|EE","Without Sequence","128.80","",""
"27/12/2022 21:00:00 - 27/12/2022 22:00:00","BZN|EE","Without Sequence","108.06","",""
"27/12/2022 22:00:00 - 27/12/2022 23:00:00","BZN|EE","Without Sequence","84.87","",""
"27/12/2022 23:00:00 - 28/12/2022 00:00:00","BZN|EE","Without Sequence","50.01","",""
"28/12/2022 00:00:00 - 28/12/2022 01:00:00","BZN|EE","Without Sequence","46.37","",""
"28/12/2022 01:00:00 - 28/12/2022 02:00:00","BZN|EE","Without Sequence","40.33","",""
"28/12/2022 02:00:00 - 28/12/2022 03:00:00","BZN|EE","Without Sequence","64.88","",""
"28/12/2022 03:00:00 - 28/12/2022 04:00:00","BZN|EE","Without Sequence","102.59","",""
"28/12/2022 04:00:00 - 28/12/2022 05:00:00","BZN|EE","Without Sequence","105.94","",""
"28/12/2022 05:00:00 - 28/12/2022 06:00:00","BZN|EE","Without Sequence","130.08","",""
"28/12/2022 06:00:00 - 28/12/2022 07:00:00","BZN|EE","Without Sequence","139.95","",""
"28/12/2022 07:00:00 - 28/12/2022 08:00:00","BZN|EE","Without Sequence","170.00","",""
"28/12/2022 08:00:00 - 28/12/2022 09:00:00","BZN|EE","Without Sequence","144.25","",""
"28/12/2022 09:00:00 - 28/12/2022 10:00:00","BZN|EE","Without Sequence","130.07","",""
"28/12/2022 10:00:00 - 28/12/2022 11:00:00","BZN|EE","Without Sequence","133.90","",""
"28/12/2022 11:00:00 - 28/12/2022 12:00:00","BZN|EE","Without Sequence","201.70","",""
"28/12/2022 12:00:00 - 28/12/2022 13:00:00","BZN|EE","Without Sequence","170.01","",""
"28/12/2022 13:00:00 - 28/12/2022 14:00:00","BZN|EE","Without Sequence","170.04","",""
"28/12/2022 14:00:00 - 28/12/2022 15:00:00","BZN|EE","Without Sequence","150.01","",""
"28/12/2022 15:00:00 - 28/12/2022 16:00:00","BZN|EE","Without Sequence","231.99","",""
"28/12/2022 16:00:00 - 28/12/2022 17:00:00","BZN|EE","Without Sequence","142.36","",""
"28/12/2022 17:00:00 - 28/12/2022 18:00:00","BZN|EE","Without Sequence","150.00","",""
"28/12/2022 18:00:00 - 28/12/2022 19:00:00","BZN|EE","Without Sequence","132.47","",""
"28/12/2022 19:00:00 - 28/12/2022 20:00:00","BZN|EE","Without Sequence","133.89","",""
"28/12/2022 20:00:00 - 28/12/2022 21:00:00","BZN|EE","Without Sequence","133.89","",""
"28/12/2022 21:00:00 - 28/12/2022 22:00:00","BZN|EE","Without Sequence","136.46","",""
"28/12/2022 22:00:00 - 28/12/2022 23:00:00","BZN|EE","Without Sequence","200.34","",""
"28/12/2022 23:00:00 - 29/12/2022 00:00:00","BZN|EE","Without Sequence","111.81","",""
"29/12/2022 00:00:00 - 29/12/2022 01:00:00","BZN|EE","Without Sequence","92.14","",""
"29/12/2022 01:00:00 - 29/12/2022 02:00:00","BZN|EE","Without Sequence","34.99","",""
"29/12/2022 02:00:00 - 29/12/2022 03:00:00","BZN|EE","Without Sequence","19.37","",""
"29/12/2022 03:00:00 - 29/12/2022 04:00:00","BZN|EE","Without Sequence","19.48","",""
"29/12/2022 04:00:00 - 29/12/2022 05:00:00","BZN|EE","Without Sequence","70.00","",""
"29/12/2022 05:00:00 - 29/12/2022 06:00:00","BZN|EE","Without Sequence","97.31","",""
"29/12/2022 06:00:00 - 29/12/2022 07:00:00","BZN|EE","Without Sequence","110.01","",""
"29/12/2022 07:00:00 - 29/12/2022 08:00:00","BZN|EE","Without Sequence","102.18","",""
"29/12/2022 08:00:00 - 29/12/2022 09:00:00","BZN|EE","Without Sequence","110.03","",""
"29/12/2022 09:00:00 - 29/12/2022 10:00:00","BZN|EE","Without Sequence","110.04","",""
"29/12/2022 10:00:00 - 29/12/2022 11:00:00","BZN|EE","Without Sequence","129.82","",""
"29/12/2022 11:00:00 - 29/12/2022 12:00:00","BZN|EE","Without Sequence","129.90","",""
"29/12/2022 12:00:00 - 29/12/2022 13:00:00","BZN|EE","Without Sequence","142.64","",""
"29/12/2022 13:00:00 - 29/12/2022 14:00:00","BZN|EE","Without Sequence","115.42","",""
"29/12/2022 14:00:00 - 29/12/2022 15:00:00","BZN|EE","Without Sequence","101.53","",""
"29/12/2022 15:00:00 - 29/12/2022 16:00:00","BZN|EE","Without Sequence","103.64","",""
"29/12/2022 16:00:00 - 29/12/2022 17:00:00","BZN|EE","Without Sequence","105.38","",""
"29/12/2022 17:00:00 - 29/12/2022 18:00:00","BZN|EE","Without Sequence","103.48","",""
"29/12/2022 18:00:00 - 29/12/2022 19:00:00","BZN|EE","Without Sequence","102.76","",""
"29/12/2022 19:00:00 - 29/12/2022 20:00:00","BZN|EE","Without Sequence","105.20","",""
"29/12/2022 20:00:00 - 29/12/2022 21:00:00","BZN|EE","Without Sequence","99.90","",""
"29/12/2022 21:00:00 - 29/12/2022 22:00:00","BZN|EE","Without Sequence","30.02","",""
"29/12/2022 22:00:00 - 29/12/2022 23:00:00","BZN|EE","Without Sequence","22.62","",""
"29/12/2022 23:00:00 - 30/12/2022 00:00:00","BZN|EE","Without Sequence","10.26","",""
"30/12/2022 00:00:00 - 30/12/2022 01:00:00","BZN|EE","Without Sequence","5.09","",""
"30/12/2022 01:00:00 - 30/12/2022 02:00:00","BZN|EE","Without Sequence","3.09","",""
"30/12/2022 02:00:00 - 30/12/2022 03:00:00","BZN|EE","Without Sequence","0.65","",""
"30/12/2022 03:00:00 - 30/12/2022 04:00:00","BZN|EE","Without Sequence","0.57","",""
"30/12/2022 04:00:00 - 30/12/2022 05:00:00","BZN|EE","Without Sequence","4.88","",""
"30/12/2022 05:00:00 - 30/12/2022 06:00:00","BZN|EE","Without Sequence","11.54","",""
"30/12/2022 06:00:00 - 30/12/2022 07:00:00","BZN|EE","Without Sequence","25.80","",""
"30/12/2022 07:00:00 - 30/12/2022 08:00:00","BZN|EE","Without Sequence","95.08","",""
"30/12/2022 08:00:00 - 30/12/2022 09:00:00","BZN|EE","Without Sequence","79.27","",""
"30/12/2022 09:00:00 - 30/12/2022 10:00:00","BZN|EE","Without Sequence","95.01","",""
"30/12/2022 10:00:00 - 30/12/2022 11:00:00","BZN|EE","Without Sequence","95.01","",""
"30/12/2022 11:00:00 - 30/12/2022 12:00:00","BZN|EE","Without Sequence","99.88","",""
"30/12/2022 12:00:00 - 30/12/2022 13:00:00","BZN|EE","Without Sequence","99.80","",""
"30/12/2022 13:00:00 - 30/12/2022 14:00:00","BZN|EE","Without Sequence","99.91","",""
"30/12/2022 14:00:00 - 30/12/2022 15:00:00","BZN|EE","Without Sequence","109.92","",""
"30/12/2022 15:00:00 - 30/12/2022 16:00:00","BZN|EE","Without Sequence","95.05","",""
"30/12/2022 16:00:00 - 30/12/2022 17:00:00","BZN|EE","Without Sequence","95.08","",""
"30/12/2022 17:00:00 - 30/12/2022 18:00:00","BZN|EE","Without Sequence","95.06","",""
"30/12/2022 18:00:00 - 30/12/2022 19:00:00","BZN|EE","Without Sequence","102.18","",""
"30/12/2022 19:00:00 - 30/12/2022 20:00:00","BZN|EE","Without Sequence","95.09","",""
"30/12/2022 20:00:00 - 30/12/2022 21:00:00","BZN|EE","Without Sequence","45.02","",""
"30/12/2022 21:00:00 - 30/12/2022 22:00:00","BZN|EE","Without Sequence","10.06","",""
"30/12/2022 22:00:00 - 30/12/2022 23:00:00","BZN|EE","Without Sequence","4.01","",""
"30/12/2022 23:00:00 - 31/12/2022 00:00:00","BZN|EE","Without Sequence","2.00","",""
"31/12/2022 00:00:00 - 31/12/2022 01:00:00","BZN|EE","Without Sequence","0.05","",""
"31/12/2022 01:00:00 - 31/12/2022 02:00:00","BZN|EE","Without Sequence","0.09","",""
"31/12/2022 02:00:00 - 31/12/2022 03:00:00","BZN|EE","Without Sequence","-0.04","",""
"31/12/2022 03:00:00 - 31/12/2022 04:00:00","BZN|EE","Without Sequence","-0.01","",""
"31/12/2022 04:00:00 - 31/12/2022 05:00:00","BZN|EE","Without Sequence","0.05","",""
"31/12/2022 05:00:00 - 31/12/2022 06:00:00","BZN|EE","Without Sequence","0.12","",""
"31/12/2022 06:00:00 - 31/12/2022 07:00:00","BZN|EE","Without Sequence","0.00","",""
"31/12/2022 07:00:00 - 31/12/2022 08:00:00","BZN|EE","Without Sequence","4.06","",""
"31/12/2022 08:00:00 - 31/12/2022 09:00:00","BZN|EE","Without Sequence","4.08","",""
"31/12/2022 09:00:00 - 31/12/2022 10:00:00","BZN|EE","Without Sequence","3.29","",""
"31/12/2022 10:00:00 - 31/12/2022 11:00:00","BZN|EE","Without Sequence","4.06","",""
"31/12/2022 11:00:00 - 31/12/2022 12:00:00","BZN|EE","Without Sequence","10.07","",""
"31/12/2022 12:00:00 - 31/12/2022 13:00:00","BZN|EE","Without Sequence","10.59","",""
"31/12/2022 13:00:00 - 31/12/2022 14:00:00","BZN|EE","Without Sequence","15.78","",""
"31/12/2022 14:00:00 - 31/12/2022 15:00:00","BZN|EE","Without Sequence","59.29","",""
"31/12/2022 15:00:00 - 31/12/2022 16:00:00","BZN|EE","Without Sequence","53.58","",""
"31/12/2022 16:00:00 - 31/12/2022 17:00:00","BZN|EE","Without Sequence","25.58","",""
"31/12/2022 17:00:00 - 31/12/2022 18:00:00","BZN|EE","Without Sequence","26.17","",""
"31/12/2022 18:00:00 - 31/12/2022 19:00:00","BZN|EE","Without Sequence","15.08","",""
"31/12/2022 19:00:00 - 31/12/2022 20:00:00","BZN|EE","Without Sequence","11.57","",""
"31/12/2022 20:00:00 - 31/12/2022 21:00:00","BZN|EE","Without Sequence","14.89","",""
"31/12/2022 21:00:00 - 31/12/2022 22:00:00","BZN|EE","Without Sequence","9.94","",""
"31/12/2022 22:00:00 - 31/12/2022 23:00:00","BZN|EE","Without Sequence","4.84","",""
"31/12/2022 23:00:00 - 01/01/2023 00:00:00","BZN|EE","Without Sequence","2.01","",""
